"OptionSetName","Equilibrium Number","Information Set Number","Player Index","Player","Decision Index","Decision Code","Decision","Information Set Labels","Information Set Contents","Equilibrium Reach Probability","Off Path","Conditional Information-Set Utility","Best Action Utility","Action","Action Label","Equilibrium Action Probability","Conditional Action Utility","Utility Loss from Best Action","Is Best Action"
"Specification-CenterWeightedContinuousMeritsModerateRiskAversion__Cost-0.5__Fee-British","1","0","0","P","2","9","P Files","P Liability Signal: 1","1","0.056279999999999997","false","1000.0412622571406","1000.0412622571406","1","Yes","1","1000.0412622571406","0","true"
"Specification-CenterWeightedContinuousMeritsModerateRiskAversion__Cost-0.5__Fee-British","1","0","0","P","2","9","P Files","P Liability Signal: 1","1","0.056279999999999997","false","1000.0412622571406","1000.0412622571406","2","No","0","999.99999896320003","0.041263293940573931","false"
"Specification-CenterWeightedContinuousMeritsModerateRiskAversion__Cost-0.5__Fee-British","1","2","0","P","5","20","P Abandons","P Liability Signal: 1;P Files: 1;D Answers: 1","1,1,1","0.056279999999999997","false","1000.0412622571406","1000.0412622571406","1","Yes","0","1000.0040243621604","0.037237894980194142","false"
"Specification-CenterWeightedContinuousMeritsModerateRiskAversion__Cost-0.5__Fee-British","1","2","0","P","5","20","P Abandons","P Liability Signal: 1;P Files: 1;D Answers: 1","1,1,1","0.056279999999999997","false","1000.0412622571406","1000.0412622571406","2","No","1","1000.0412622571406","0","true"
"Specification-CenterWeightedContinuousMeritsModerateRiskAversion__Cost-0.5__Fee-British","1","4","0","P","7","14","P Offer","P Liability Signal: 1;P Files: 1;D Answers: 1;P Abandons: 1","1,1,1,1","0","true","","","1","0.05","0.10000000000000001","","",""
"Specification-CenterWeightedContinuousMeritsModerateRiskAversion__Cost-0.5__Fee-British","1","4","0","P","7","14","P Offer","P Liability Signal: 1;P Files: 1;D Answers: 1;P Abandons: 1","1,1,1,1","0","true","","","2","0.15","0.10000000000000001","","",""
"Specification-CenterWeightedContinuousMeritsModerateRiskAversion__Cost-0.5__Fee-British","1","4","0","P","7","14","P Offer","P Liability Signal: 1;P Files: 1;D Answers: 1;P Abandons: 1","1,1,1,1","0","true","","","3","0.25","0.10000000000000001","","",""
"Specification-CenterWeightedContinuousMeritsModerateRiskAversion__Cost-0.5__Fee-British","1","4","0","P","7","14","P Offer","P Liability Signal: 1;P Files: 1;D Answers: 1;P Abandons: 1","1,1,1,1","0","true","","","4","0.35","0.10000000000000001","","",""
"Specification-CenterWeightedContinuousMeritsModerateRiskAversion__Cost-0.5__Fee-British","1","4","0","P","7","14","P Offer","P Liability Signal: 1;P Files: 1;D Answers: 1;P Abandons: 1","1,1,1,1","0","true","","","5","0.45","0.10000000000000001","","",""
"Specification-CenterWeightedContinuousMeritsModerateRiskAversion__Cost-0.5__Fee-British","1","4","0","P","7","14","P Offer","P Liability Signal: 1;P Files: 1;D Answers: 1;P Abandons: 1","1,1,1,1","0","true","","","6","0.55","0.10000000000000001","","",""
"Specification-CenterWeightedContinuousMeritsModerateRiskAversion__Cost-0.5__Fee-British","1","4","0","P","7","14","P Offer","P Liability Signal: 1;P Files: 1;D Answers: 1;P Abandons: 1","1,1,1,1","0","true","","","7","0.65","0.10000000000000001","","",""
"Specification-CenterWeightedContinuousMeritsModerateRiskAversion__Cost-0.5__Fee-British","1","4","0","P","7","14","P Offer","P Liability Signal: 1;P Files: 1;D Answers: 1;P Abandons: 1","1,1,1,1","0","true","","","8","0.75","0.10000000000000001","","",""
"Specification-CenterWeightedContinuousMeritsModerateRiskAversion__Cost-0.5__Fee-British","1","4","0","P","7","14","P Offer","P Liability Signal: 1;P Files: 1;D Answers: 1;P Abandons: 1","1,1,1,1","0","true","","","9","0.85","0.10000000000000001","","",""
"Specification-CenterWeightedContinuousMeritsModerateRiskAversion__Cost-0.5__Fee-British","1","4","0","P","7","14","P Offer","P Liability Signal: 1;P Files: 1;D Answers: 1;P Abandons: 1","1,1,1,1","0","true","","","10","0.95","0.10000000000000001","","",""
"Specification-CenterWeightedContinuousMeritsModerateRiskAversion__Cost-0.5__Fee-British","1","7","0","P","7","14","P Offer","P Liability Signal: 1;P Files: 1;D Answers: 1;P Abandons: 2","1,1,1,2","0.056279999999999997","false","1000.0412622571406","1000.0412622571406","1","0.05","0","1000.0259778820547","0.015284375085911961","false"
"Specification-CenterWeightedContinuousMeritsModerateRiskAversion__Cost-0.5__Fee-British","1","7","0","P","7","14","P Offer","P Liability Signal: 1;P Files: 1;D Answers: 1;P Abandons: 2","1,1,1,2","0.056279999999999997","false","1000.0412622571406","1000.0412622571406","2","0.15","1","1000.0412622571406","0","true"
"Specification-CenterWeightedContinuousMeritsModerateRiskAversion__Cost-0.5__Fee-British","1","7","0","P","7","14","P Offer","P Liability Signal: 1;P Files: 1;D Answers: 1;P Abandons: 2","1,1,1,2","0.056279999999999997","false","1000.0412622571406","1000.0412622571406","3","0.25","0","999.92630654489028","0.11495571225032108","false"
"Specification-CenterWeightedContinuousMeritsModerateRiskAversion__Cost-0.5__Fee-British","1","7","0","P","7","14","P Offer","P Liability Signal: 1;P Files: 1;D Answers: 1;P Abandons: 2","1,1,1,2","0.056279999999999997","false","1000.0412622571406","1000.0412622571406","4","0.35","0","999.92760365949653","0.1136585976440756","false"
"Specification-CenterWeightedContinuousMeritsModerateRiskAversion__Cost-0.5__Fee-British","1","7","0","P","7","14","P Offer","P Liability Signal: 1;P Files: 1;D Answers: 1;P Abandons: 2","1,1,1,2","0.056279999999999997","false","1000.0412622571406","1000.0412622571406","5","0.45","0","999.92877767836012","0.11248457878048157","false"
"Specification-CenterWeightedContinuousMeritsModerateRiskAversion__Cost-0.5__Fee-British","1","7","0","P","7","14","P Offer","P Liability Signal: 1;P Files: 1;D Answers: 1;P Abandons: 2","1,1,1,2","0.056279999999999997","false","1000.0412622571406","1000.0412622571406","6","0.55","0","999.9298399891934","0.111422267947205","false"
"Specification-CenterWeightedContinuousMeritsModerateRiskAversion__Cost-0.5__Fee-British","1","7","0","P","7","14","P Offer","P Liability Signal: 1;P Files: 1;D Answers: 1;P Abandons: 2","1,1,1,2","0.056279999999999997","false","1000.0412622571406","1000.0412622571406","7","0.65","0","999.93080089516411","0.11046136197649048","false"
"Specification-CenterWeightedContinuousMeritsModerateRiskAversion__Cost-0.5__Fee-British","1","7","0","P","7","14","P Offer","P Liability Signal: 1;P Files: 1;D Answers: 1;P Abandons: 2","1,1,1,2","0.056279999999999997","false","1000.0412622571406","1000.0412622571406","8","0.75","0","999.93167069944013","0.10959155770046891","false"
"Specification-CenterWeightedContinuousMeritsModerateRiskAversion__Cost-0.5__Fee-British","1","7","0","P","7","14","P Offer","P Liability Signal: 1;P Files: 1;D Answers: 1;P Abandons: 2","1,1,1,2","0.056279999999999997","false","1000.0412622571406","1000.0412622571406","9","0.85","0","999.93245753610142","0.10880472103917782","false"
"Specification-CenterWeightedContinuousMeritsModerateRiskAversion__Cost-0.5__Fee-British","1","7","0","P","7","14","P Offer","P Liability Signal: 1;P Files: 1;D Answers: 1;P Abandons: 2","1,1,1,2","0.056279999999999997","false","1000.0412622571406","1000.0412622571406","10","0.95","0","999.89091029710892","0.15035196003168494","false"
"Specification-CenterWeightedContinuousMeritsModerateRiskAversion__Cost-0.5__Fee-British","1","44","0","P","2","9","P Files","P Liability Signal: 2","2","0.082029999999999978","false","1000.0457656856075","1000.0457656856075","1","Yes","1","1000.0457656856075","0","true"
"Specification-CenterWeightedContinuousMeritsModerateRiskAversion__Cost-0.5__Fee-British","1","44","0","P","2","9","P Files","P Liability Signal: 2","2","0.082029999999999978","false","1000.0457656856075","1000.0457656856075","2","No","0","999.99999896320037","0.045766722407165616","false"
"Specification-CenterWeightedContinuousMeritsModerateRiskAversion__Cost-0.5__Fee-British","1","45","0","P","5","20","P Abandons","P Liability Signal: 2;P Files: 1;D Answers: 1","2,1,1","0.082029999999999978","false","1000.0457656856075","1000.0457656856075","1","Yes","0","1000.0112989516549","0.034466733952626782","false"
"Specification-CenterWeightedContinuousMeritsModerateRiskAversion__Cost-0.5__Fee-British","1","45","0","P","5","20","P Abandons","P Liability Signal: 2;P Files: 1;D Answers: 1","2,1,1","0.082029999999999978","false","1000.0457656856075","1000.0457656856075","2","No","1","1000.0457656856075","0","true"
"Specification-CenterWeightedContinuousMeritsModerateRiskAversion__Cost-0.5__Fee-British","1","46","0","P","7","14","P Offer","P Liability Signal: 2;P Files: 1;D Answers: 1;P Abandons: 1","2,1,1,1","0","true","","","1","0.05","0.10000000000000001","","",""
"Specification-CenterWeightedContinuousMeritsModerateRiskAversion__Cost-0.5__Fee-British","1","46","0","P","7","14","P Offer","P Liability Signal: 2;P Files: 1;D Answers: 1;P Abandons: 1","2,1,1,1","0","true","","","2","0.15","0.10000000000000001","","",""
"Specification-CenterWeightedContinuousMeritsModerateRiskAversion__Cost-0.5__Fee-British","1","46","0","P","7","14","P Offer","P Liability Signal: 2;P Files: 1;D Answers: 1;P Abandons: 1","2,1,1,1","0","true","","","3","0.25","0.10000000000000001","","",""
"Specification-CenterWeightedContinuousMeritsModerateRiskAversion__Cost-0.5__Fee-British","1","46","0","P","7","14","P Offer","P Liability Signal: 2;P Files: 1;D Answers: 1;P Abandons: 1","2,1,1,1","0","true","","","4","0.35","0.10000000000000001","","",""
"Specification-CenterWeightedContinuousMeritsModerateRiskAversion__Cost-0.5__Fee-British","1","46","0","P","7","14","P Offer","P Liability Signal: 2;P Files: 1;D Answers: 1;P Abandons: 1","2,1,1,1","0","true","","","5","0.45","0.10000000000000001","","",""
"Specification-CenterWeightedContinuousMeritsModerateRiskAversion__Cost-0.5__Fee-British","1","46","0","P","7","14","P Offer","P Liability Signal: 2;P Files: 1;D Answers: 1;P Abandons: 1","2,1,1,1","0","true","","","6","0.55","0.10000000000000001","","",""
"Specification-CenterWeightedContinuousMeritsModerateRiskAversion__Cost-0.5__Fee-British","1","46","0","P","7","14","P Offer","P Liability Signal: 2;P Files: 1;D Answers: 1;P Abandons: 1","2,1,1,1","0","true","","","7","0.65","0.10000000000000001","","",""
"Specification-CenterWeightedContinuousMeritsModerateRiskAversion__Cost-0.5__Fee-British","1","46","0","P","7","14","P Offer","P Liability Signal: 2;P Files: 1;D Answers: 1;P Abandons: 1","2,1,1,1","0","true","","","8","0.75","0.10000000000000001","","",""
"Specification-CenterWeightedContinuousMeritsModerateRiskAversion__Cost-0.5__Fee-British","1","46","0","P","7","14","P Offer","P Liability Signal: 2;P Files: 1;D Answers: 1;P Abandons: 1","2,1,1,1","0","true","","","9","0.85","0.10000000000000001","","",""
"Specification-CenterWeightedContinuousMeritsModerateRiskAversion__Cost-0.5__Fee-British","1","46","0","P","7","14","P Offer","P Liability Signal: 2;P Files: 1;D Answers: 1;P Abandons: 1","2,1,1,1","0","true","","","10","0.95","0.10000000000000001","","",""
"Specification-CenterWeightedContinuousMeritsModerateRiskAversion__Cost-0.5__Fee-British","1","47","0","P","7","14","P Offer","P Liability Signal: 2;P Files: 1;D Answers: 1;P Abandons: 2","2,1,1,2","0.082029999999999978","false","1000.0457656856075","1000.0457656856075","1","0.05","0","1000.030955061091","0.014810624516485404","false"
"Specification-CenterWeightedContinuousMeritsModerateRiskAversion__Cost-0.5__Fee-British","1","47","0","P","7","14","P Offer","P Liability Signal: 2;P Files: 1;D Answers: 1;P Abandons: 2","2,1,1,2","0.082029999999999978","false","1000.0457656856075","1000.0457656856075","2","0.15","1","1000.0457656856075","0","true"
"Specification-CenterWeightedContinuousMeritsModerateRiskAversion__Cost-0.5__Fee-British","1","47","0","P","7","14","P Offer","P Liability Signal: 2;P Files: 1;D Answers: 1;P Abandons: 2","2,1,1,2","0.082029999999999978","false","1000.0457656856075","1000.0457656856075","3","0.25","0","999.94717692413519","0.098588761472342412","false"
"Specification-CenterWeightedContinuousMeritsModerateRiskAversion__Cost-0.5__Fee-British","1","47","0","P","7","14","P Offer","P Liability Signal: 2;P Files: 1;D Answers: 1;P Abandons: 2","2,1,1,2","0.082029999999999978","false","1000.0457656856075","1000.0457656856075","4","0.35","0","999.94885649279558","0.096909192811949652","false"
"Specification-CenterWeightedContinuousMeritsModerateRiskAversion__Cost-0.5__Fee-British","1","47","0","P","7","14","P Offer","P Liability Signal: 2;P Files: 1;D Answers: 1;P Abandons: 2","2,1,1,2","0.082029999999999978","false","1000.0457656856075","1000.0457656856075","5","0.45","0","999.95037667095175","0.095389014655779647","false"
"Specification-CenterWeightedContinuousMeritsModerateRiskAversion__Cost-0.5__Fee-British","1","47","0","P","7","14","P Offer","P Liability Signal: 2;P Files: 1;D Answers: 1;P Abandons: 2","2,1,1,2","0.082029999999999978","false","1000.0457656856075","1000.0457656856075","6","0.55","0","999.95175220398107","0.094013481626461726","false"
"Specification-CenterWeightedContinuousMeritsModerateRiskAversion__Cost-0.5__Fee-British","1","47","0","P","7","14","P Offer","P Liability Signal: 2;P Files: 1;D Answers: 1;P Abandons: 2","2,1,1,2","0.082029999999999978","false","1000.0457656856075","1000.0457656856075","7","0.65","0","999.95299643293822","0.092769252669313573","false"
"Specification-CenterWeightedContinuousMeritsModerateRiskAversion__Cost-0.5__Fee-British","1","47","0","P","7","14","P Offer","P Liability Signal: 2;P Files: 1;D Answers: 1;P Abandons: 2","2,1,1,2","0.082029999999999978","false","1000.0457656856075","1000.0457656856075","8","0.75","0","999.95412269887947","0.09164298672806126","false"
"Specification-CenterWeightedContinuousMeritsModerateRiskAversion__Cost-0.5__Fee-British","1","47","0","P","7","14","P Offer","P Liability Signal: 2;P Files: 1;D Answers: 1;P Abandons: 2","2,1,1,2","0.082029999999999978","false","1000.0457656856075","1000.0457656856075","9","0.85","0","999.95514153421652","0.090624151391011765","false"
"Specification-CenterWeightedContinuousMeritsModerateRiskAversion__Cost-0.5__Fee-British","1","47","0","P","7","14","P Offer","P Liability Signal: 2;P Files: 1;D Answers: 1;P Abandons: 2","2,1,1,2","0.082029999999999978","false","1000.0457656856075","1000.0457656856075","10","0.95","0","999.90662471027645","0.13914097533108816","false"
"Specification-CenterWeightedContinuousMeritsModerateRiskAversion__Cost-0.5__Fee-British","1","48","0","P","2","9","P Files","P Liability Signal: 3","3","0.10578","false","1000.0516816631055","1000.0516816631055","1","Yes","1","1000.0516816631055","0","true"
"Specification-CenterWeightedContinuousMeritsModerateRiskAversion__Cost-0.5__Fee-British","1","48","0","P","2","9","P Files","P Liability Signal: 3","3","0.10578","false","1000.0516816631055","1000.0516816631055","2","No","0","999.99999896320003","0.051682699905427398","false"
"Specification-CenterWeightedContinuousMeritsModerateRiskAversion__Cost-0.5__Fee-British","1","49","0","P","5","20","P Abandons","P Liability Signal: 3;P Files: 1;D Answers: 1","3,1,1","0.10578","false","1000.0516816631055","1000.0516816631055","1","Yes","0","1000.0208552947992","0.030826368306293261","false"
"Specification-CenterWeightedContinuousMeritsModerateRiskAversion__Cost-0.5__Fee-British","1","49","0","P","5","20","P Abandons","P Liability Signal: 3;P Files: 1;D Answers: 1","3,1,1","0.10578","false","1000.0516816631055","1000.0516816631055","2","No","1","1000.0516816631055","0","true"
"Specification-CenterWeightedContinuousMeritsModerateRiskAversion__Cost-0.5__Fee-British","1","50","0","P","7","14","P Offer","P Liability Signal: 3;P Files: 1;D Answers: 1;P Abandons: 1","3,1,1,1","0","true","","","1","0.05","0.10000000000000001","","",""
"Specification-CenterWeightedContinuousMeritsModerateRiskAversion__Cost-0.5__Fee-British","1","50","0","P","7","14","P Offer","P Liability Signal: 3;P Files: 1;D Answers: 1;P Abandons: 1","3,1,1,1","0","true","","","2","0.15","0.10000000000000001","","",""
"Specification-CenterWeightedContinuousMeritsModerateRiskAversion__Cost-0.5__Fee-British","1","50","0","P","7","14","P Offer","P Liability Signal: 3;P Files: 1;D Answers: 1;P Abandons: 1","3,1,1,1","0","true","","","3","0.25","0.10000000000000001","","",""
"Specification-CenterWeightedContinuousMeritsModerateRiskAversion__Cost-0.5__Fee-British","1","50","0","P","7","14","P Offer","P Liability Signal: 3;P Files: 1;D Answers: 1;P Abandons: 1","3,1,1,1","0","true","","","4","0.35","0.10000000000000001","","",""
"Specification-CenterWeightedContinuousMeritsModerateRiskAversion__Cost-0.5__Fee-British","1","50","0","P","7","14","P Offer","P Liability Signal: 3;P Files: 1;D Answers: 1;P Abandons: 1","3,1,1,1","0","true","","","5","0.45","0.10000000000000001","","",""
"Specification-CenterWeightedContinuousMeritsModerateRiskAversion__Cost-0.5__Fee-British","1","50","0","P","7","14","P Offer","P Liability Signal: 3;P Files: 1;D Answers: 1;P Abandons: 1","3,1,1,1","0","true","","","6","0.55","0.10000000000000001","","",""
"Specification-CenterWeightedContinuousMeritsModerateRiskAversion__Cost-0.5__Fee-British","1","50","0","P","7","14","P Offer","P Liability Signal: 3;P Files: 1;D Answers: 1;P Abandons: 1","3,1,1,1","0","true","","","7","0.65","0.10000000000000001","","",""
"Specification-CenterWeightedContinuousMeritsModerateRiskAversion__Cost-0.5__Fee-British","1","50","0","P","7","14","P Offer","P Liability Signal: 3;P Files: 1;D Answers: 1;P Abandons: 1","3,1,1,1","0","true","","","8","0.75","0.10000000000000001","","",""
"Specification-CenterWeightedContinuousMeritsModerateRiskAversion__Cost-0.5__Fee-British","1","50","0","P","7","14","P Offer","P Liability Signal: 3;P Files: 1;D Answers: 1;P Abandons: 1","3,1,1,1","0","true","","","9","0.85","0.10000000000000001","","",""
"Specification-CenterWeightedContinuousMeritsModerateRiskAversion__Cost-0.5__Fee-British","1","50","0","P","7","14","P Offer","P Liability Signal: 3;P Files: 1;D Answers: 1;P Abandons: 1","3,1,1,1","0","true","","","10","0.95","0.10000000000000001","","",""
"Specification-CenterWeightedContinuousMeritsModerateRiskAversion__Cost-0.5__Fee-British","1","51","0","P","7","14","P Offer","P Liability Signal: 3;P Files: 1;D Answers: 1;P Abandons: 2","3,1,1,2","0.10578","false","1000.0516816631055","1000.0516816631055","1","0.05","0","1000.037493386147","0.014188276958407187","false"
"Specification-CenterWeightedContinuousMeritsModerateRiskAversion__Cost-0.5__Fee-British","1","51","0","P","7","14","P Offer","P Liability Signal: 3;P Files: 1;D Answers: 1;P Abandons: 2","3,1,1,2","0.10578","false","1000.0516816631055","1000.0516816631055","2","0.15","1","1000.0516816631055","0","true"
"Specification-CenterWeightedContinuousMeritsModerateRiskAversion__Cost-0.5__Fee-British","1","51","0","P","7","14","P Offer","P Liability Signal: 3;P Files: 1;D Answers: 1;P Abandons: 2","3,1,1,2","0.10578","false","1000.0516816631055","1000.0516816631055","3","0.25","0","999.97286194339074","0.078819719714715575","false"
"Specification-CenterWeightedContinuousMeritsModerateRiskAversion__Cost-0.5__Fee-British","1","51","0","P","7","14","P Offer","P Liability Signal: 3;P Files: 1;D Answers: 1;P Abandons: 2","3,1,1,2","0.10578","false","1000.0516816631055","1000.0516816631055","4","0.35","0","999.97504392695487","0.076637736150587443","false"
"Specification-CenterWeightedContinuousMeritsModerateRiskAversion__Cost-0.5__Fee-British","1","51","0","P","7","14","P Offer","P Liability Signal: 3;P Files: 1;D Answers: 1;P Abandons: 2","3,1,1,2","0.10578","false","1000.0516816631055","1000.0516816631055","5","0.45","0","999.9770188410082","0.074662822097252501","false"
"Specification-CenterWeightedContinuousMeritsModerateRiskAversion__Cost-0.5__Fee-British","1","51","0","P","7","14","P Offer","P Liability Signal: 3;P Files: 1;D Answers: 1;P Abandons: 2","3,1,1,2","0.10578","false","1000.0516816631055","1000.0516816631055","6","0.55","0","999.97880584176153","0.072875821343927782","false"
"Specification-CenterWeightedContinuousMeritsModerateRiskAversion__Cost-0.5__Fee-British","1","51","0","P","7","14","P Offer","P Liability Signal: 3;P Files: 1;D Answers: 1;P Abandons: 2","3,1,1,2","0.10578","false","1000.0516816631055","1000.0516816631055","7","0.65","0","999.98042226102382","0.071259402081636836","false"
"Specification-CenterWeightedContinuousMeritsModerateRiskAversion__Cost-0.5__Fee-British","1","51","0","P","7","14","P Offer","P Liability Signal: 3;P Files: 1;D Answers: 1;P Abandons: 2","3,1,1,2","0.10578","false","1000.0516816631055","1000.0516816631055","8","0.75","0","999.98188543060428","0.069796232501175837","false"
"Specification-CenterWeightedContinuousMeritsModerateRiskAversion__Cost-0.5__Fee-British","1","51","0","P","7","14","P Offer","P Liability Signal: 3;P Files: 1;D Answers: 1;P Abandons: 2","3,1,1,2","0.10578","false","1000.0516816631055","1000.0516816631055","9","0.85","0","999.98320903351032","0.068472629595135004","false"
"Specification-CenterWeightedContinuousMeritsModerateRiskAversion__Cost-0.5__Fee-British","1","51","0","P","7","14","P Offer","P Liability Signal: 3;P Files: 1;D Answers: 1;P Abandons: 2","3,1,1,2","0.10578","false","1000.0516816631055","1000.0516816631055","10","0.95","0","999.92802320922954","0.12365845387591889","false"
"Specification-CenterWeightedContinuousMeritsModerateRiskAversion__Cost-0.5__Fee-British","1","52","0","P","2","9","P Files","P Liability Signal: 4","4","0.12336999999999998","false","1000.0589553491432","1000.0589553491432","1","Yes","1","1000.0589553491432","0","true"
"Specification-CenterWeightedContinuousMeritsModerateRiskAversion__Cost-0.5__Fee-British","1","52","0","P","2","9","P Files","P Liability Signal: 4","4","0.12336999999999998","false","1000.0589553491432","1000.0589553491432","2","No","0","999.99999896320026","0.058956385942906309","false"
"Specification-CenterWeightedContinuousMeritsModerateRiskAversion__Cost-0.5__Fee-British","1","53","0","P","5","20","P Abandons","P Liability Signal: 4;P Files: 1;D Answers: 1","4,1,1","0.12336999999999998","false","1000.0589553491432","1000.0589553491432","1","Yes","0","1000.0326048052943","0.026350543848820962","false"
"Specification-CenterWeightedContinuousMeritsModerateRiskAversion__Cost-0.5__Fee-British","1","53","0","P","5","20","P Abandons","P Liability Signal: 4;P Files: 1;D Answers: 1","4,1,1","0.12336999999999998","false","1000.0589553491432","1000.0589553491432","2","No","1","1000.0589553491432","0","true"
"Specification-CenterWeightedContinuousMeritsModerateRiskAversion__Cost-0.5__Fee-British","1","54","0","P","7","14","P Offer","P Liability Signal: 4;P Files: 1;D Answers: 1;P Abandons: 1","4,1,1,1","0","true","","","1","0.05","0.10000000000000001","","",""
"Specification-CenterWeightedContinuousMeritsModerateRiskAversion__Cost-0.5__Fee-British","1","54","0","P","7","14","P Offer","P Liability Signal: 4;P Files: 1;D Answers: 1;P Abandons: 1","4,1,1,1","0","true","","","2","0.15","0.10000000000000001","","",""
"Specification-CenterWeightedContinuousMeritsModerateRiskAversion__Cost-0.5__Fee-British","1","54","0","P","7","14","P Offer","P Liability Signal: 4;P Files: 1;D Answers: 1;P Abandons: 1","4,1,1,1","0","true","","","3","0.25","0.10000000000000001","","",""
"Specification-CenterWeightedContinuousMeritsModerateRiskAversion__Cost-0.5__Fee-British","1","54","0","P","7","14","P Offer","P Liability Signal: 4;P Files: 1;D Answers: 1;P Abandons: 1","4,1,1,1","0","true","","","4","0.35","0.10000000000000001","","",""
"Specification-CenterWeightedContinuousMeritsModerateRiskAversion__Cost-0.5__Fee-British","1","54","0","P","7","14","P Offer","P Liability Signal: 4;P Files: 1;D Answers: 1;P Abandons: 1","4,1,1,1","0","true","","","5","0.45","0.10000000000000001","","",""
"Specification-CenterWeightedContinuousMeritsModerateRiskAversion__Cost-0.5__Fee-British","1","54","0","P","7","14","P Offer","P Liability Signal: 4;P Files: 1;D Answers: 1;P Abandons: 1","4,1,1,1","0","true","","","6","0.55","0.10000000000000001","","",""
"Specification-CenterWeightedContinuousMeritsModerateRiskAversion__Cost-0.5__Fee-British","1","54","0","P","7","14","P Offer","P Liability Signal: 4;P Files: 1;D Answers: 1;P Abandons: 1","4,1,1,1","0","true","","","7","0.65","0.10000000000000001","","",""
"Specification-CenterWeightedContinuousMeritsModerateRiskAversion__Cost-0.5__Fee-British","1","54","0","P","7","14","P Offer","P Liability Signal: 4;P Files: 1;D Answers: 1;P Abandons: 1","4,1,1,1","0","true","","","8","0.75","0.10000000000000001","","",""
"Specification-CenterWeightedContinuousMeritsModerateRiskAversion__Cost-0.5__Fee-British","1","54","0","P","7","14","P Offer","P Liability Signal: 4;P Files: 1;D Answers: 1;P Abandons: 1","4,1,1,1","0","true","","","9","0.85","0.10000000000000001","","",""
"Specification-CenterWeightedContinuousMeritsModerateRiskAversion__Cost-0.5__Fee-British","1","54","0","P","7","14","P Offer","P Liability Signal: 4;P Files: 1;D Answers: 1;P Abandons: 1","4,1,1,1","0","true","","","10","0.95","0.10000000000000001","","",""
"Specification-CenterWeightedContinuousMeritsModerateRiskAversion__Cost-0.5__Fee-British","1","55","0","P","7","14","P Offer","P Liability Signal: 4;P Files: 1;D Answers: 1;P Abandons: 2","4,1,1,2","0.12336999999999998","false","1000.0589553491432","1000.0589553491432","1","0.05","0","1000.0455322476352","0.013423101508010404","false"
"Specification-CenterWeightedContinuousMeritsModerateRiskAversion__Cost-0.5__Fee-British","1","55","0","P","7","14","P Offer","P Liability Signal: 4;P Files: 1;D Answers: 1;P Abandons: 2","4,1,1,2","0.12336999999999998","false","1000.0589553491432","1000.0589553491432","2","0.15","1","1000.0589553491432","0","true"
"Specification-CenterWeightedContinuousMeritsModerateRiskAversion__Cost-0.5__Fee-British","1","55","0","P","7","14","P Offer","P Liability Signal: 4;P Files: 1;D Answers: 1;P Abandons: 2","4,1,1,2","0.12336999999999998","false","1000.0589553491432","1000.0589553491432","3","0.25","0","1000.001960142958","0.056995206185206371","false"
"Specification-CenterWeightedContinuousMeritsModerateRiskAversion__Cost-0.5__Fee-British","1","55","0","P","7","14","P Offer","P Liability Signal: 4;P Files: 1;D Answers: 1;P Abandons: 2","4,1,1,2","0.12336999999999998","false","1000.0589553491432","1000.0589553491432","4","0.35","0","1000.0047598449413","0.054195504201857148","false"
"Specification-CenterWeightedContinuousMeritsModerateRiskAversion__Cost-0.5__Fee-British","1","55","0","P","7","14","P Offer","P Liability Signal: 4;P Files: 1;D Answers: 1;P Abandons: 2","4,1,1,2","0.12336999999999998","false","1000.0589553491432","1000.0589553491432","5","0.45","0","1000.0072938561427","0.051661493000437986","false"
"Specification-CenterWeightedContinuousMeritsModerateRiskAversion__Cost-0.5__Fee-British","1","55","0","P","7","14","P Offer","P Liability Signal: 4;P Files: 1;D Answers: 1;P Abandons: 2","4,1,1,2","0.12336999999999998","false","1000.0589553491432","1000.0589553491432","6","0.55","0","1000.0095867558859","0.049368593257213433","false"
"Specification-CenterWeightedContinuousMeritsModerateRiskAversion__Cost-0.5__Fee-British","1","55","0","P","7","14","P Offer","P Liability Signal: 4;P Files: 1;D Answers: 1;P Abandons: 2","4,1,1,2","0.12336999999999998","false","1000.0589553491432","1000.0589553491432","7","0.65","0","1000.0116607826059","0.047294566537289029","false"
"Specification-CenterWeightedContinuousMeritsModerateRiskAversion__Cost-0.5__Fee-British","1","55","0","P","7","14","P Offer","P Liability Signal: 4;P Files: 1;D Answers: 1;P Abandons: 2","4,1,1,2","0.12336999999999998","false","1000.0589553491432","1000.0589553491432","8","0.75","0","1000.0135381747388","0.045417174404406069","false"
"Specification-CenterWeightedContinuousMeritsModerateRiskAversion__Cost-0.5__Fee-British","1","55","0","P","7","14","P Offer","P Liability Signal: 4;P Files: 1;D Answers: 1;P Abandons: 2","4,1,1,2","0.12336999999999998","false","1000.0589553491432","1000.0589553491432","9","0.85","0","1000.0152364889434","0.043718860199760456","false"
"Specification-CenterWeightedContinuousMeritsModerateRiskAversion__Cost-0.5__Fee-British","1","55","0","P","7","14","P Offer","P Liability Signal: 4;P Files: 1;D Answers: 1;P Abandons: 2","4,1,1,2","0.12336999999999998","false","1000.0589553491432","1000.0589553491432","10","0.95","0","999.95529741437633","0.10365793476682938","false"
"Specification-CenterWeightedContinuousMeritsModerateRiskAversion__Cost-0.5__Fee-British","1","56","0","P","2","9","P Files","P Liability Signal: 5","5","0.13255","false","1000.0671551851636","1000.0671551851636","1","Yes","1","1000.0671551851636","0","true"
"Specification-CenterWeightedContinuousMeritsModerateRiskAversion__Cost-0.5__Fee-British","1","56","0","P","2","9","P Files","P Liability Signal: 5","5","0.13255","false","1000.0671551851636","1000.0671551851636","2","No","0","999.99999896319991","0.067156221963728058","false"
"Specification-CenterWeightedContinuousMeritsModerateRiskAversion__Cost-0.5__Fee-British","1","57","0","P","5","20","P Abandons","P Liability Signal: 5;P Files: 1;D Answers: 1","5,1,1","0.13255","false","1000.0671551851636","1000.0671551851636","1","Yes","0","1000.0458503672943","0.02130481786934979","false"
"Specification-CenterWeightedContinuousMeritsModerateRiskAversion__Cost-0.5__Fee-British","1","57","0","P","5","20","P Abandons","P Liability Signal: 5;P Files: 1;D Answers: 1","5,1,1","0.13255","false","1000.0671551851636","1000.0671551851636","2","No","1","1000.0671551851636","0","true"
"Specification-CenterWeightedContinuousMeritsModerateRiskAversion__Cost-0.5__Fee-British","1","58","0","P","7","14","P Offer","P Liability Signal: 5;P Files: 1;D Answers: 1;P Abandons: 1","5,1,1,1","0","true","","","1","0.05","0.10000000000000001","","",""
"Specification-CenterWeightedContinuousMeritsModerateRiskAversion__Cost-0.5__Fee-British","1","58","0","P","7","14","P Offer","P Liability Signal: 5;P Files: 1;D Answers: 1;P Abandons: 1","5,1,1,1","0","true","","","2","0.15","0.10000000000000001","","",""
"Specification-CenterWeightedContinuousMeritsModerateRiskAversion__Cost-0.5__Fee-British","1","58","0","P","7","14","P Offer","P Liability Signal: 5;P Files: 1;D Answers: 1;P Abandons: 1","5,1,1,1","0","true","","","3","0.25","0.10000000000000001","","",""
"Specification-CenterWeightedContinuousMeritsModerateRiskAversion__Cost-0.5__Fee-British","1","58","0","P","7","14","P Offer","P Liability Signal: 5;P Files: 1;D Answers: 1;P Abandons: 1","5,1,1,1","0","true","","","4","0.35","0.10000000000000001","","",""
"Specification-CenterWeightedContinuousMeritsModerateRiskAversion__Cost-0.5__Fee-British","1","58","0","P","7","14","P Offer","P Liability Signal: 5;P Files: 1;D Answers: 1;P Abandons: 1","5,1,1,1","0","true","","","5","0.45","0.10000000000000001","","",""
"Specification-CenterWeightedContinuousMeritsModerateRiskAversion__Cost-0.5__Fee-British","1","58","0","P","7","14","P Offer","P Liability Signal: 5;P Files: 1;D Answers: 1;P Abandons: 1","5,1,1,1","0","true","","","6","0.55","0.10000000000000001","","",""
"Specification-CenterWeightedContinuousMeritsModerateRiskAversion__Cost-0.5__Fee-British","1","58","0","P","7","14","P Offer","P Liability Signal: 5;P Files: 1;D Answers: 1;P Abandons: 1","5,1,1,1","0","true","","","7","0.65","0.10000000000000001","","",""
"Specification-CenterWeightedContinuousMeritsModerateRiskAversion__Cost-0.5__Fee-British","1","58","0","P","7","14","P Offer","P Liability Signal: 5;P Files: 1;D Answers: 1;P Abandons: 1","5,1,1,1","0","true","","","8","0.75","0.10000000000000001","","",""
"Specification-CenterWeightedContinuousMeritsModerateRiskAversion__Cost-0.5__Fee-British","1","58","0","P","7","14","P Offer","P Liability Signal: 5;P Files: 1;D Answers: 1;P Abandons: 1","5,1,1,1","0","true","","","9","0.85","0.10000000000000001","","",""
"Specification-CenterWeightedContinuousMeritsModerateRiskAversion__Cost-0.5__Fee-British","1","58","0","P","7","14","P Offer","P Liability Signal: 5;P Files: 1;D Answers: 1;P Abandons: 1","5,1,1,1","0","true","","","10","0.95","0.10000000000000001","","",""
"Specification-CenterWeightedContinuousMeritsModerateRiskAversion__Cost-0.5__Fee-British","1","59","0","P","7","14","P Offer","P Liability Signal: 5;P Files: 1;D Answers: 1;P Abandons: 2","5,1,1,2","0.13255","false","1000.0671551851636","1000.0671551851636","1","0.05","0","1000.0545946880056","0.012560497158006001","false"
"Specification-CenterWeightedContinuousMeritsModerateRiskAversion__Cost-0.5__Fee-British","1","59","0","P","7","14","P Offer","P Liability Signal: 5;P Files: 1;D Answers: 1;P Abandons: 2","5,1,1,2","0.13255","false","1000.0671551851636","1000.0671551851636","2","0.15","1","1000.0671551851636","0","true"
"Specification-CenterWeightedContinuousMeritsModerateRiskAversion__Cost-0.5__Fee-British","1","59","0","P","7","14","P Offer","P Liability Signal: 5;P Files: 1;D Answers: 1;P Abandons: 2","5,1,1,2","0.13255","false","1000.0671551851636","1000.0671551851636","3","0.25","0","1000.0316228190957","0.035532366067968724","false"
"Specification-CenterWeightedContinuousMeritsModerateRiskAversion__Cost-0.5__Fee-British","1","59","0","P","7","14","P Offer","P Liability Signal: 5;P Files: 1;D Answers: 1;P Abandons: 2","5,1,1,2","0.13255","false","1000.0671551851636","1000.0671551851636","4","0.35","0","1000.0351188928664","0.032036292297220825","false"
"Specification-CenterWeightedContinuousMeritsModerateRiskAversion__Cost-0.5__Fee-British","1","59","0","P","7","14","P Offer","P Liability Signal: 5;P Files: 1;D Answers: 1;P Abandons: 2","5,1,1,2","0.13255","false","1000.0671551851636","1000.0671551851636","5","0.45","0","1000.0382831904055","0.028871994758105757","false"
"Specification-CenterWeightedContinuousMeritsModerateRiskAversion__Cost-0.5__Fee-British","1","59","0","P","7","14","P Offer","P Liability Signal: 5;P Files: 1;D Answers: 1;P Abandons: 2","5,1,1,2","0.13255","false","1000.0671551851636","1000.0671551851636","6","0.55","0","1000.0411464046681","0.02600878049554467","false"
"Specification-CenterWeightedContinuousMeritsModerateRiskAversion__Cost-0.5__Fee-British","1","59","0","P","7","14","P Offer","P Liability Signal: 5;P Files: 1;D Answers: 1;P Abandons: 2","5,1,1,2","0.13255","false","1000.0671551851636","1000.0671551851636","7","0.65","0","1000.0437363054718","0.02341887969180334","false"
"Specification-CenterWeightedContinuousMeritsModerateRiskAversion__Cost-0.5__Fee-British","1","59","0","P","7","14","P Offer","P Liability Signal: 5;P Files: 1;D Answers: 1;P Abandons: 2","5,1,1,2","0.13255","false","1000.0671551851636","1000.0671551851636","8","0.75","0","1000.0460806626321","0.021074522531534967","false"
"Specification-CenterWeightedContinuousMeritsModerateRiskAversion__Cost-0.5__Fee-British","1","59","0","P","7","14","P Offer","P Liability Signal: 5;P Files: 1;D Answers: 1;P Abandons: 2","5,1,1,2","0.13255","false","1000.0671551851636","1000.0671551851636","9","0.85","0","1000.0482013996896","0.018953785474081997","false"
"Specification-CenterWeightedContinuousMeritsModerateRiskAversion__Cost-0.5__Fee-British","1","59","0","P","7","14","P Offer","P Liability Signal: 5;P Files: 1;D Answers: 1;P Abandons: 2","5,1,1,2","0.13255","false","1000.0671551851636","1000.0671551851636","10","0.95","0","999.98716147034781","0.079993714815827843","false"
"Specification-CenterWeightedContinuousMeritsModerateRiskAversion__Cost-0.5__Fee-British","1","60","0","P","2","9","P Files","P Liability Signal: 6","6","0.13255","false","1000.0783355574922","1000.0783355574922","1","Yes","1","1000.0783355574922","0","true"
"Specification-CenterWeightedContinuousMeritsModerateRiskAversion__Cost-0.5__Fee-British","1","60","0","P","2","9","P Files","P Liability Signal: 6","6","0.13255","false","1000.0783355574922","1000.0783355574922","2","No","0","999.99999896320014","0.078336594292068185","false"
"Specification-CenterWeightedContinuousMeritsModerateRiskAversion__Cost-0.5__Fee-British","1","61","0","P","5","20","P Abandons","P Liability Signal: 6;P Files: 1;D Answers: 1","6,1,1","0.13255","false","1000.0783355574922","1000.078335557492","1","Yes","0.037748985690357485","1000.078335557492","0","true"
"Specification-CenterWeightedContinuousMeritsModerateRiskAversion__Cost-0.5__Fee-British","1","61","0","P","5","20","P Abandons","P Liability Signal: 6;P Files: 1;D Answers: 1","6,1,1","0.13255","false","1000.0783355574922","1000.078335557492","2","No","0.96225101430964255","1000.078335557492","0","true"
"Specification-CenterWeightedContinuousMeritsModerateRiskAversion__Cost-0.5__Fee-British","1","62","0","P","7","14","P Offer","P Liability Signal: 6;P Files: 1;D Answers: 1;P Abandons: 1","6,1,1,1","0.0050036280532568846","false","1000.0783355574922","1000.0783355574922","1","0.05","0","1000.0638289733329","0.014506584159335034","false"
"Specification-CenterWeightedContinuousMeritsModerateRiskAversion__Cost-0.5__Fee-British","1","62","0","P","7","14","P Offer","P Liability Signal: 6;P Files: 1;D Answers: 1;P Abandons: 1","6,1,1,1","0.0050036280532568846","false","1000.0783355574922","1000.0783355574922","2","0.15","0","1000.0755105091548","0.0028250483373994939","false"
"Specification-CenterWeightedContinuousMeritsModerateRiskAversion__Cost-0.5__Fee-British","1","62","0","P","7","14","P Offer","P Liability Signal: 6;P Files: 1;D Answers: 1;P Abandons: 1","6,1,1,1","0.0050036280532568846","false","1000.0783355574922","1000.0783355574922","3","0.25","0","1000.0583921242376","0.019943433254638876","false"
"Specification-CenterWeightedContinuousMeritsModerateRiskAversion__Cost-0.5__Fee-British","1","62","0","P","7","14","P Offer","P Liability Signal: 6;P Files: 1;D Answers: 1;P Abandons: 1","6,1,1,1","0.0050036280532568846","false","1000.0783355574922","1000.0783355574922","4","0.35","0","1000.0625977746251","0.015737782867063288","false"
"Specification-CenterWeightedContinuousMeritsModerateRiskAversion__Cost-0.5__Fee-British","1","62","0","P","7","14","P Offer","P Liability Signal: 6;P Files: 1;D Answers: 1;P Abandons: 1","6,1,1,1","0.0050036280532568846","false","1000.0783355574922","1000.0783355574922","5","0.45","0","1000.0664043101974","0.011931247294796776","false"
"Specification-CenterWeightedContinuousMeritsModerateRiskAversion__Cost-0.5__Fee-British","1","62","0","P","7","14","P Offer","P Liability Signal: 6;P Files: 1;D Answers: 1;P Abandons: 1","6,1,1,1","0.0050036280532568846","false","1000.0783355574922","1000.0783355574922","6","0.55","0","1000.0698486534706","0.0084869040216517533","false"
"Specification-CenterWeightedContinuousMeritsModerateRiskAversion__Cost-0.5__Fee-British","1","62","0","P","7","14","P Offer","P Liability Signal: 6;P Files: 1;D Answers: 1;P Abandons: 1","6,1,1,1","0.0050036280532568846","false","1000.0783355574922","1000.0783355574922","7","0.65","0","1000.07296421053","0.0053713469621925469","false"
"Specification-CenterWeightedContinuousMeritsModerateRiskAversion__Cost-0.5__Fee-British","1","62","0","P","7","14","P Offer","P Liability Signal: 6;P Files: 1;D Answers: 1;P Abandons: 1","6,1,1,1","0.0050036280532568846","false","1000.0783355574922","1000.0783355574922","8","0.75","0","1000.0757843874617","0.0025511700305287377","false"
"Specification-CenterWeightedContinuousMeritsModerateRiskAversion__Cost-0.5__Fee-British","1","62","0","P","7","14","P Offer","P Liability Signal: 6;P Files: 1;D Answers: 1;P Abandons: 1","6,1,1,1","0.0050036280532568846","false","1000.0783355574922","1000.0783355574922","9","0.85","1","1000.0783355574922","0","true"
"Specification-CenterWeightedContinuousMeritsModerateRiskAversion__Cost-0.5__Fee-British","1","62","0","P","7","14","P Offer","P Liability Signal: 6;P Files: 1;D Answers: 1;P Abandons: 1","6,1,1,1","0.0050036280532568846","false","1000.0783355574922","1000.0783355574922","10","0.95","0","999.96980445920019","0.10853109829201912","false"
"Specification-CenterWeightedContinuousMeritsModerateRiskAversion__Cost-0.5__Fee-British","1","63","0","P","7","14","P Offer","P Liability Signal: 6;P Files: 1;D Answers: 1;P Abandons: 2","6,1,1,2","0.12754637194674312","false","1000.078335557492","1000.078335557492","1","0.05","0","1000.0638289733328","0.014506584159221347","false"
"Specification-CenterWeightedContinuousMeritsModerateRiskAversion__Cost-0.5__Fee-British","1","63","0","P","7","14","P Offer","P Liability Signal: 6;P Files: 1;D Answers: 1;P Abandons: 2","6,1,1,2","0.12754637194674312","false","1000.078335557492","1000.078335557492","2","0.15","0","1000.0755105091548","0.0028250483371721202","false"
"Specification-CenterWeightedContinuousMeritsModerateRiskAversion__Cost-0.5__Fee-British","1","63","0","P","7","14","P Offer","P Liability Signal: 6;P Files: 1;D Answers: 1;P Abandons: 2","6,1,1,2","0.12754637194674312","false","1000.078335557492","1000.078335557492","3","0.25","0","1000.0583921242376","0.019943433254411502","false"
"Specification-CenterWeightedContinuousMeritsModerateRiskAversion__Cost-0.5__Fee-British","1","63","0","P","7","14","P Offer","P Liability Signal: 6;P Files: 1;D Answers: 1;P Abandons: 2","6,1,1,2","0.12754637194674312","false","1000.078335557492","1000.078335557492","4","0.35","0","1000.0625977746251","0.015737782866835914","false"
"Specification-CenterWeightedContinuousMeritsModerateRiskAversion__Cost-0.5__Fee-British","1","63","0","P","7","14","P Offer","P Liability Signal: 6;P Files: 1;D Answers: 1;P Abandons: 2","6,1,1,2","0.12754637194674312","false","1000.078335557492","1000.078335557492","5","0.45","0","1000.0664043101973","0.011931247294683089","false"
"Specification-CenterWeightedContinuousMeritsModerateRiskAversion__Cost-0.5__Fee-British","1","63","0","P","7","14","P Offer","P Liability Signal: 6;P Files: 1;D Answers: 1;P Abandons: 2","6,1,1,2","0.12754637194674312","false","1000.078335557492","1000.078335557492","6","0.55","0","1000.0698486534702","0.0084869040217654401","false"
"Specification-CenterWeightedContinuousMeritsModerateRiskAversion__Cost-0.5__Fee-British","1","63","0","P","7","14","P Offer","P Liability Signal: 6;P Files: 1;D Answers: 1;P Abandons: 2","6,1,1,2","0.12754637194674312","false","1000.078335557492","1000.078335557492","7","0.65","0","1000.0729642105299","0.0053713469620788601","false"
"Specification-CenterWeightedContinuousMeritsModerateRiskAversion__Cost-0.5__Fee-British","1","63","0","P","7","14","P Offer","P Liability Signal: 6;P Files: 1;D Answers: 1;P Abandons: 2","6,1,1,2","0.12754637194674312","false","1000.078335557492","1000.078335557492","8","0.75","0","1000.0757843874618","0.0025511700301876772","false"
"Specification-CenterWeightedContinuousMeritsModerateRiskAversion__Cost-0.5__Fee-British","1","63","0","P","7","14","P Offer","P Liability Signal: 6;P Files: 1;D Answers: 1;P Abandons: 2","6,1,1,2","0.12754637194674312","false","1000.078335557492","1000.078335557492","9","0.85","1","1000.078335557492","0","true"
"Specification-CenterWeightedContinuousMeritsModerateRiskAversion__Cost-0.5__Fee-British","1","63","0","P","7","14","P Offer","P Liability Signal: 6;P Files: 1;D Answers: 1;P Abandons: 2","6,1,1,2","0.12754637194674312","false","1000.078335557492","1000.078335557492","10","0.95","0","1000.0207788346586","0.057556722833396634","false"
"Specification-CenterWeightedContinuousMeritsModerateRiskAversion__Cost-0.5__Fee-British","1","64","0","P","2","9","P Files","P Liability Signal: 7","7","0.12336999999999999","false","1000.1026773440254","1000.1026773440254","1","Yes","1","1000.1026773440254","0","true"
"Specification-CenterWeightedContinuousMeritsModerateRiskAversion__Cost-0.5__Fee-British","1","64","0","P","2","9","P Files","P Liability Signal: 7","7","0.12336999999999999","false","1000.1026773440254","1000.1026773440254","2","No","0","999.99999896320014","0.10267838082529579","false"
"Specification-CenterWeightedContinuousMeritsModerateRiskAversion__Cost-0.5__Fee-British","1","65","0","P","5","20","P Abandons","P Liability Signal: 7;P Files: 1;D Answers: 1","7,1,1","0.12336999999999999","false","1000.1026773440254","1000.1026773440254","1","Yes","0","1000.0717192671708","0.030958076854631145","false"
"Specification-CenterWeightedContinuousMeritsModerateRiskAversion__Cost-0.5__Fee-British","1","65","0","P","5","20","P Abandons","P Liability Signal: 7;P Files: 1;D Answers: 1","7,1,1","0.12336999999999999","false","1000.1026773440254","1000.1026773440254","2","No","1","1000.1026773440254","0","true"
"Specification-CenterWeightedContinuousMeritsModerateRiskAversion__Cost-0.5__Fee-British","1","66","0","P","7","14","P Offer","P Liability Signal: 7;P Files: 1;D Answers: 1;P Abandons: 1","7,1,1,1","0","true","","","1","0.05","0.10000000000000001","","",""
"Specification-CenterWeightedContinuousMeritsModerateRiskAversion__Cost-0.5__Fee-British","1","66","0","P","7","14","P Offer","P Liability Signal: 7;P Files: 1;D Answers: 1;P Abandons: 1","7,1,1,1","0","true","","","2","0.15","0.10000000000000001","","",""
"Specification-CenterWeightedContinuousMeritsModerateRiskAversion__Cost-0.5__Fee-British","1","66","0","P","7","14","P Offer","P Liability Signal: 7;P Files: 1;D Answers: 1;P Abandons: 1","7,1,1,1","0","true","","","3","0.25","0.10000000000000001","","",""
"Specification-CenterWeightedContinuousMeritsModerateRiskAversion__Cost-0.5__Fee-British","1","66","0","P","7","14","P Offer","P Liability Signal: 7;P Files: 1;D Answers: 1;P Abandons: 1","7,1,1,1","0","true","","","4","0.35","0.10000000000000001","","",""
"Specification-CenterWeightedContinuousMeritsModerateRiskAversion__Cost-0.5__Fee-British","1","66","0","P","7","14","P Offer","P Liability Signal: 7;P Files: 1;D Answers: 1;P Abandons: 1","7,1,1,1","0","true","","","5","0.45","0.10000000000000001","","",""
"Specification-CenterWeightedContinuousMeritsModerateRiskAversion__Cost-0.5__Fee-British","1","66","0","P","7","14","P Offer","P Liability Signal: 7;P Files: 1;D Answers: 1;P Abandons: 1","7,1,1,1","0","true","","","6","0.55","0.10000000000000001","","",""
"Specification-CenterWeightedContinuousMeritsModerateRiskAversion__Cost-0.5__Fee-British","1","66","0","P","7","14","P Offer","P Liability Signal: 7;P Files: 1;D Answers: 1;P Abandons: 1","7,1,1,1","0","true","","","7","0.65","0.10000000000000001","","",""
"Specification-CenterWeightedContinuousMeritsModerateRiskAversion__Cost-0.5__Fee-British","1","66","0","P","7","14","P Offer","P Liability Signal: 7;P Files: 1;D Answers: 1;P Abandons: 1","7,1,1,1","0","true","","","8","0.75","0.10000000000000001","","",""
"Specification-CenterWeightedContinuousMeritsModerateRiskAversion__Cost-0.5__Fee-British","1","66","0","P","7","14","P Offer","P Liability Signal: 7;P Files: 1;D Answers: 1;P Abandons: 1","7,1,1,1","0","true","","","9","0.85","0.10000000000000001","","",""
"Specification-CenterWeightedContinuousMeritsModerateRiskAversion__Cost-0.5__Fee-British","1","66","0","P","7","14","P Offer","P Liability Signal: 7;P Files: 1;D Answers: 1;P Abandons: 1","7,1,1,1","0","true","","","10","0.95","0.10000000000000001","","",""
"Specification-CenterWeightedContinuousMeritsModerateRiskAversion__Cost-0.5__Fee-British","1","67","0","P","7","14","P Offer","P Liability Signal: 7;P Files: 1;D Answers: 1;P Abandons: 2","7,1,1,2","0.12336999999999999","false","1000.1026773440254","1000.1026773440254","1","0.05","0","1000.0722938511357","0.030383492889768604","false"
"Specification-CenterWeightedContinuousMeritsModerateRiskAversion__Cost-0.5__Fee-British","1","67","0","P","7","14","P Offer","P Liability Signal: 7;P Files: 1;D Answers: 1;P Abandons: 2","7,1,1,2","0.12336999999999999","false","1000.1026773440254","1000.1026773440254","2","0.15","0","1000.0831696613344","0.019507682691028094","false"
"Specification-CenterWeightedContinuousMeritsModerateRiskAversion__Cost-0.5__Fee-British","1","67","0","P","7","14","P Offer","P Liability Signal: 7;P Files: 1;D Answers: 1;P Abandons: 2","7,1,1,2","0.12336999999999999","false","1000.1026773440254","1000.1026773440254","3","0.25","0","1000.0796494201379","0.023027923887525503","false"
"Specification-CenterWeightedContinuousMeritsModerateRiskAversion__Cost-0.5__Fee-British","1","67","0","P","7","14","P Offer","P Liability Signal: 7;P Files: 1;D Answers: 1;P Abandons: 2","7,1,1,2","0.12336999999999999","false","1000.1026773440254","1000.1026773440254","4","0.35","0","1000.0845055246905","0.018171819334952488","false"
"Specification-CenterWeightedContinuousMeritsModerateRiskAversion__Cost-0.5__Fee-British","1","67","0","P","7","14","P Offer","P Liability Signal: 7;P Files: 1;D Answers: 1;P Abandons: 2","7,1,1,2","0.12336999999999999","false","1000.1026773440254","1000.1026773440254","5","0.45","0","1000.088900786545","0.013776557480468909","false"
"Specification-CenterWeightedContinuousMeritsModerateRiskAversion__Cost-0.5__Fee-British","1","67","0","P","7","14","P Offer","P Liability Signal: 7;P Files: 1;D Answers: 1;P Abandons: 2","7,1,1,2","0.12336999999999999","false","1000.1026773440254","1000.1026773440254","6","0.55","0","1000.0928778387266","0.0097995052988153475","false"
"Specification-CenterWeightedContinuousMeritsModerateRiskAversion__Cost-0.5__Fee-British","1","67","0","P","7","14","P Offer","P Liability Signal: 7;P Files: 1;D Answers: 1;P Abandons: 2","7,1,1,2","0.12336999999999999","false","1000.1026773440254","1000.1026773440254","7","0.65","0","1000.096475253972","0.0062020900534207613","false"
"Specification-CenterWeightedContinuousMeritsModerateRiskAversion__Cost-0.5__Fee-British","1","67","0","P","7","14","P Offer","P Liability Signal: 7;P Files: 1;D Answers: 1;P Abandons: 2","7,1,1,2","0.12336999999999999","false","1000.1026773440254","1000.1026773440254","8","0.75","0","1000.0997316050178","0.0029457390076004231","false"
"Specification-CenterWeightedContinuousMeritsModerateRiskAversion__Cost-0.5__Fee-British","1","67","0","P","7","14","P Offer","P Liability Signal: 7;P Files: 1;D Answers: 1;P Abandons: 2","7,1,1,2","0.12336999999999999","false","1000.1026773440254","1000.1026773440254","9","0.85","1","1000.1026773440254","0","true"
"Specification-CenterWeightedContinuousMeritsModerateRiskAversion__Cost-0.5__Fee-British","1","67","0","P","7","14","P Offer","P Liability Signal: 7;P Files: 1;D Answers: 1;P Abandons: 2","7,1,1,2","0.12336999999999999","false","1000.1026773440254","1000.1026773440254","10","0.95","0","1000.0526381376644","0.050039206361020661","false"
"Specification-CenterWeightedContinuousMeritsModerateRiskAversion__Cost-0.5__Fee-British","1","68","0","P","2","9","P Files","P Liability Signal: 8","8","0.10578","false","1000.120168616963","1000.120168616963","1","Yes","1","1000.120168616963","0","true"
"Specification-CenterWeightedContinuousMeritsModerateRiskAversion__Cost-0.5__Fee-British","1","68","0","P","2","9","P Files","P Liability Signal: 8","8","0.10578","false","1000.120168616963","1000.120168616963","2","No","0","999.99999896320003","0.12016965376301414","false"
"Specification-CenterWeightedContinuousMeritsModerateRiskAversion__Cost-0.5__Fee-British","1","69","0","P","5","20","P Abandons","P Liability Signal: 8;P Files: 1;D Answers: 1","8,1,1","0.10578","false","1000.120168616963","1000.120168616963","1","Yes","0","1000.0819862554115","0.038182361551548638","false"
"Specification-CenterWeightedContinuousMeritsModerateRiskAversion__Cost-0.5__Fee-British","1","69","0","P","5","20","P Abandons","P Liability Signal: 8;P Files: 1;D Answers: 1","8,1,1","0.10578","false","1000.120168616963","1000.120168616963","2","No","1","1000.120168616963","0","true"
"Specification-CenterWeightedContinuousMeritsModerateRiskAversion__Cost-0.5__Fee-British","1","70","0","P","7","14","P Offer","P Liability Signal: 8;P Files: 1;D Answers: 1;P Abandons: 1","8,1,1,1","0","true","","","1","0.05","0.10000000000000001","","",""
"Specification-CenterWeightedContinuousMeritsModerateRiskAversion__Cost-0.5__Fee-British","1","70","0","P","7","14","P Offer","P Liability Signal: 8;P Files: 1;D Answers: 1;P Abandons: 1","8,1,1,1","0","true","","","2","0.15","0.10000000000000001","","",""
"Specification-CenterWeightedContinuousMeritsModerateRiskAversion__Cost-0.5__Fee-British","1","70","0","P","7","14","P Offer","P Liability Signal: 8;P Files: 1;D Answers: 1;P Abandons: 1","8,1,1,1","0","true","","","3","0.25","0.10000000000000001","","",""
"Specification-CenterWeightedContinuousMeritsModerateRiskAversion__Cost-0.5__Fee-British","1","70","0","P","7","14","P Offer","P Liability Signal: 8;P Files: 1;D Answers: 1;P Abandons: 1","8,1,1,1","0","true","","","4","0.35","0.10000000000000001","","",""
"Specification-CenterWeightedContinuousMeritsModerateRiskAversion__Cost-0.5__Fee-British","1","70","0","P","7","14","P Offer","P Liability Signal: 8;P Files: 1;D Answers: 1;P Abandons: 1","8,1,1,1","0","true","","","5","0.45","0.10000000000000001","","",""
"Specification-CenterWeightedContinuousMeritsModerateRiskAversion__Cost-0.5__Fee-British","1","70","0","P","7","14","P Offer","P Liability Signal: 8;P Files: 1;D Answers: 1;P Abandons: 1","8,1,1,1","0","true","","","6","0.55","0.10000000000000001","","",""
"Specification-CenterWeightedContinuousMeritsModerateRiskAversion__Cost-0.5__Fee-British","1","70","0","P","7","14","P Offer","P Liability Signal: 8;P Files: 1;D Answers: 1;P Abandons: 1","8,1,1,1","0","true","","","7","0.65","0.10000000000000001","","",""
"Specification-CenterWeightedContinuousMeritsModerateRiskAversion__Cost-0.5__Fee-British","1","70","0","P","7","14","P Offer","P Liability Signal: 8;P Files: 1;D Answers: 1;P Abandons: 1","8,1,1,1","0","true","","","8","0.75","0.10000000000000001","","",""
"Specification-CenterWeightedContinuousMeritsModerateRiskAversion__Cost-0.5__Fee-British","1","70","0","P","7","14","P Offer","P Liability Signal: 8;P Files: 1;D Answers: 1;P Abandons: 1","8,1,1,1","0","true","","","9","0.85","0.10000000000000001","","",""
"Specification-CenterWeightedContinuousMeritsModerateRiskAversion__Cost-0.5__Fee-British","1","70","0","P","7","14","P Offer","P Liability Signal: 8;P Files: 1;D Answers: 1;P Abandons: 1","8,1,1,1","0","true","","","10","0.95","0.10000000000000001","","",""
"Specification-CenterWeightedContinuousMeritsModerateRiskAversion__Cost-0.5__Fee-British","1","71","0","P","7","14","P Offer","P Liability Signal: 8;P Files: 1;D Answers: 1;P Abandons: 2","8,1,1,2","0.10578","false","1000.120168616963","1000.120168616963","1","0.05","0","1000.0793183902771","0.040850226685961388","false"
"Specification-CenterWeightedContinuousMeritsModerateRiskAversion__Cost-0.5__Fee-British","1","71","0","P","7","14","P Offer","P Liability Signal: 8;P Files: 1;D Answers: 1;P Abandons: 2","8,1,1,2","0.10578","false","1000.120168616963","1000.120168616963","2","0.15","0","1000.0895255728462","0.030643044116800411","false"
"Specification-CenterWeightedContinuousMeritsModerateRiskAversion__Cost-0.5__Fee-British","1","71","0","P","7","14","P Offer","P Liability Signal: 8;P Files: 1;D Answers: 1;P Abandons: 2","8,1,1,2","0.10578","false","1000.120168616963","1000.120168616963","3","0.25","0","1000.0945810429911","0.025587573971961319","false"
"Specification-CenterWeightedContinuousMeritsModerateRiskAversion__Cost-0.5__Fee-British","1","71","0","P","7","14","P Offer","P Liability Signal: 8;P Files: 1;D Answers: 1;P Abandons: 2","8,1,1,2","0.10578","false","1000.120168616963","1000.120168616963","4","0.35","0","1000.0999769238817","0.02019169308130131","false"
"Specification-CenterWeightedContinuousMeritsModerateRiskAversion__Cost-0.5__Fee-British","1","71","0","P","7","14","P Offer","P Liability Signal: 8;P Files: 1;D Answers: 1;P Abandons: 2","8,1,1,2","0.10578","false","1000.120168616963","1000.120168616963","5","0.45","0","1000.1048607374802","0.015307879482861608","false"
"Specification-CenterWeightedContinuousMeritsModerateRiskAversion__Cost-0.5__Fee-British","1","71","0","P","7","14","P Offer","P Liability Signal: 8;P Files: 1;D Answers: 1;P Abandons: 2","8,1,1,2","0.10578","false","1000.120168616963","1000.120168616963","6","0.55","0","1000.1092798556509","0.010888761312116912","false"
"Specification-CenterWeightedContinuousMeritsModerateRiskAversion__Cost-0.5__Fee-British","1","71","0","P","7","14","P Offer","P Liability Signal: 8;P Files: 1;D Answers: 1;P Abandons: 2","8,1,1,2","0.10578","false","1000.120168616963","1000.120168616963","7","0.65","0","1000.1132771386517","0.0068914783113314115","false"
"Specification-CenterWeightedContinuousMeritsModerateRiskAversion__Cost-0.5__Fee-British","1","71","0","P","7","14","P Offer","P Liability Signal: 8;P Files: 1;D Answers: 1;P Abandons: 2","8,1,1,2","0.10578","false","1000.120168616963","1000.120168616963","8","0.75","0","1000.1168954467407","0.0032731702223145476","false"
"Specification-CenterWeightedContinuousMeritsModerateRiskAversion__Cost-0.5__Fee-British","1","71","0","P","7","14","P Offer","P Liability Signal: 8;P Files: 1;D Answers: 1;P Abandons: 2","8,1,1,2","0.10578","false","1000.120168616963","1000.120168616963","9","0.85","1","1000.120168616963","0","true"
"Specification-CenterWeightedContinuousMeritsModerateRiskAversion__Cost-0.5__Fee-British","1","71","0","P","7","14","P Offer","P Liability Signal: 8;P Files: 1;D Answers: 1;P Abandons: 2","8,1,1,2","0.10578","false","1000.120168616963","1000.120168616963","10","0.95","0","1000.079912739875","0.040255877088043235","false"
"Specification-CenterWeightedContinuousMeritsModerateRiskAversion__Cost-0.5__Fee-British","1","72","0","P","2","9","P Files","P Liability Signal: 9","9","0.08203000000000002","false","1000.1315252673808","1000.1315252673808","1","Yes","1","1000.1315252673808","0","true"
"Specification-CenterWeightedContinuousMeritsModerateRiskAversion__Cost-0.5__Fee-British","1","72","0","P","2","9","P Files","P Liability Signal: 9","9","0.08203000000000002","false","1000.1315252673808","1000.1315252673808","2","No","0","999.99999896319991","0.13152630418085209","false"
"Specification-CenterWeightedContinuousMeritsModerateRiskAversion__Cost-0.5__Fee-British","1","73","0","P","5","20","P Abandons","P Liability Signal: 9;P Files: 1;D Answers: 1","9,1,1","0.08203000000000002","false","1000.1315252673808","1000.1315252673808","1","Yes","0","1000.0898117705989","0.041713496781881076","false"
"Specification-CenterWeightedContinuousMeritsModerateRiskAversion__Cost-0.5__Fee-British","1","73","0","P","5","20","P Abandons","P Liability Signal: 9;P Files: 1;D Answers: 1","9,1,1","0.08203000000000002","false","1000.1315252673808","1000.1315252673808","2","No","1","1000.1315252673808","0","true"
"Specification-CenterWeightedContinuousMeritsModerateRiskAversion__Cost-0.5__Fee-British","1","74","0","P","7","14","P Offer","P Liability Signal: 9;P Files: 1;D Answers: 1;P Abandons: 1","9,1,1,1","0","true","","","1","0.05","0.10000000000000001","","",""
"Specification-CenterWeightedContinuousMeritsModerateRiskAversion__Cost-0.5__Fee-British","1","74","0","P","7","14","P Offer","P Liability Signal: 9;P Files: 1;D Answers: 1;P Abandons: 1","9,1,1,1","0","true","","","2","0.15","0.10000000000000001","","",""
"Specification-CenterWeightedContinuousMeritsModerateRiskAversion__Cost-0.5__Fee-British","1","74","0","P","7","14","P Offer","P Liability Signal: 9;P Files: 1;D Answers: 1;P Abandons: 1","9,1,1,1","0","true","","","3","0.25","0.10000000000000001","","",""
"Specification-CenterWeightedContinuousMeritsModerateRiskAversion__Cost-0.5__Fee-British","1","74","0","P","7","14","P Offer","P Liability Signal: 9;P Files: 1;D Answers: 1;P Abandons: 1","9,1,1,1","0","true","","","4","0.35","0.10000000000000001","","",""
"Specification-CenterWeightedContinuousMeritsModerateRiskAversion__Cost-0.5__Fee-British","1","74","0","P","7","14","P Offer","P Liability Signal: 9;P Files: 1;D Answers: 1;P Abandons: 1","9,1,1,1","0","true","","","5","0.45","0.10000000000000001","","",""
"Specification-CenterWeightedContinuousMeritsModerateRiskAversion__Cost-0.5__Fee-British","1","74","0","P","7","14","P Offer","P Liability Signal: 9;P Files: 1;D Answers: 1;P Abandons: 1","9,1,1,1","0","true","","","6","0.55","0.10000000000000001","","",""
"Specification-CenterWeightedContinuousMeritsModerateRiskAversion__Cost-0.5__Fee-British","1","74","0","P","7","14","P Offer","P Liability Signal: 9;P Files: 1;D Answers: 1;P Abandons: 1","9,1,1,1","0","true","","","7","0.65","0.10000000000000001","","",""
"Specification-CenterWeightedContinuousMeritsModerateRiskAversion__Cost-0.5__Fee-British","1","74","0","P","7","14","P Offer","P Liability Signal: 9;P Files: 1;D Answers: 1;P Abandons: 1","9,1,1,1","0","true","","","8","0.75","0.10000000000000001","","",""
"Specification-CenterWeightedContinuousMeritsModerateRiskAversion__Cost-0.5__Fee-British","1","74","0","P","7","14","P Offer","P Liability Signal: 9;P Files: 1;D Answers: 1;P Abandons: 1","9,1,1,1","0","true","","","9","0.85","0.10000000000000001","","",""
"Specification-CenterWeightedContinuousMeritsModerateRiskAversion__Cost-0.5__Fee-British","1","74","0","P","7","14","P Offer","P Liability Signal: 9;P Files: 1;D Answers: 1;P Abandons: 1","9,1,1,1","0","true","","","10","0.95","0.10000000000000001","","",""
"Specification-CenterWeightedContinuousMeritsModerateRiskAversion__Cost-0.5__Fee-British","1","75","0","P","7","14","P Offer","P Liability Signal: 9;P Files: 1;D Answers: 1;P Abandons: 2","9,1,1,2","0.08203000000000002","false","1000.1315252673808","1000.1315252673808","1","0.05","0","1000.084672505471","0.04685276190980403","false"
"Specification-CenterWeightedContinuousMeritsModerateRiskAversion__Cost-0.5__Fee-British","1","75","0","P","7","14","P Offer","P Liability Signal: 9;P Files: 1;D Answers: 1;P Abandons: 2","9,1,1,2","0.08203000000000002","false","1000.1315252673808","1000.1315252673808","2","0.15","0","1000.0943700589703","0.037155208410467822","false"
"Specification-CenterWeightedContinuousMeritsModerateRiskAversion__Cost-0.5__Fee-British","1","75","0","P","7","14","P Offer","P Liability Signal: 9;P Files: 1;D Answers: 1;P Abandons: 2","9,1,1,2","0.08203000000000002","false","1000.1315252673808","1000.1315252673808","3","0.25","0","1000.1039867239383","0.02753854344246065","false"
"Specification-CenterWeightedContinuousMeritsModerateRiskAversion__Cost-0.5__Fee-British","1","75","0","P","7","14","P Offer","P Liability Signal: 9;P Files: 1;D Answers: 1;P Abandons: 2","9,1,1,2","0.08203000000000002","false","1000.1315252673808","1000.1315252673808","4","0.35","0","1000.1097940232346","0.021731244146167228","false"
"Specification-CenterWeightedContinuousMeritsModerateRiskAversion__Cost-0.5__Fee-British","1","75","0","P","7","14","P Offer","P Liability Signal: 9;P Files: 1;D Answers: 1;P Abandons: 2","9,1,1,2","0.08203000000000002","false","1000.1315252673808","1000.1315252673808","5","0.45","0","1000.1150502117694","0.016475055611408607","false"
"Specification-CenterWeightedContinuousMeritsModerateRiskAversion__Cost-0.5__Fee-British","1","75","0","P","7","14","P Offer","P Liability Signal: 9;P Files: 1;D Answers: 1;P Abandons: 2","9,1,1,2","0.08203000000000002","false","1000.1315252673808","1000.1315252673808","6","0.55","0","1000.1198062733584","0.01171899402231702","false"
"Specification-CenterWeightedContinuousMeritsModerateRiskAversion__Cost-0.5__Fee-British","1","75","0","P","7","14","P Offer","P Liability Signal: 9;P Files: 1;D Answers: 1;P Abandons: 2","9,1,1,2","0.08203000000000002","false","1000.1315252673808","1000.1315252673808","7","0.65","0","1000.1241083362148","0.0074169311659488812","false"
"Specification-CenterWeightedContinuousMeritsModerateRiskAversion__Cost-0.5__Fee-British","1","75","0","P","7","14","P Offer","P Liability Signal: 9;P Files: 1;D Answers: 1;P Abandons: 2","9,1,1,2","0.08203000000000002","false","1000.1315252673808","1000.1315252673808","8","0.75","0","1000.128002528552","0.0035227388287921713","false"
"Specification-CenterWeightedContinuousMeritsModerateRiskAversion__Cost-0.5__Fee-British","1","75","0","P","7","14","P Offer","P Liability Signal: 9;P Files: 1;D Answers: 1;P Abandons: 2","9,1,1,2","0.08203000000000002","false","1000.1315252673808","1000.1315252673808","9","0.85","1","1000.1315252673808","0","true"
"Specification-CenterWeightedContinuousMeritsModerateRiskAversion__Cost-0.5__Fee-British","1","75","0","P","7","14","P Offer","P Liability Signal: 9;P Files: 1;D Answers: 1;P Abandons: 2","9,1,1,2","0.08203000000000002","false","1000.1315252673808","1000.1315252673808","10","0.95","0","1000.1013094848778","0.030215782502978072","false"
"Specification-CenterWeightedContinuousMeritsModerateRiskAversion__Cost-0.5__Fee-British","1","76","0","P","2","9","P Files","P Liability Signal: 10","10","0.056260000000000004","false","1000.1383469653006","1000.1383469653006","1","Yes","1","1000.1383469653006","0","true"
"Specification-CenterWeightedContinuousMeritsModerateRiskAversion__Cost-0.5__Fee-British","1","76","0","P","2","9","P Files","P Liability Signal: 10","10","0.056260000000000004","false","1000.1383469653006","1000.1383469653006","2","No","0","999.99999896320003","0.13834800210054254","false"
"Specification-CenterWeightedContinuousMeritsModerateRiskAversion__Cost-0.5__Fee-British","1","77","0","P","5","20","P Abandons","P Liability Signal: 10;P Files: 1;D Answers: 1","10,1,1","0.056260000000000004","false","1000.1383469653006","1000.1383469653006","1","Yes","0","1000.0954149200693","0.042932045231282245","false"
"Specification-CenterWeightedContinuousMeritsModerateRiskAversion__Cost-0.5__Fee-British","1","77","0","P","5","20","P Abandons","P Liability Signal: 10;P Files: 1;D Answers: 1","10,1,1","0.056260000000000004","false","1000.1383469653006","1000.1383469653006","2","No","1","1000.1383469653006","0","true"
"Specification-CenterWeightedContinuousMeritsModerateRiskAversion__Cost-0.5__Fee-British","1","78","0","P","7","14","P Offer","P Liability Signal: 10;P Files: 1;D Answers: 1;P Abandons: 1","10,1,1,1","0","true","","","1","0.05","0.10000000000000001","","",""
"Specification-CenterWeightedContinuousMeritsModerateRiskAversion__Cost-0.5__Fee-British","1","78","0","P","7","14","P Offer","P Liability Signal: 10;P Files: 1;D Answers: 1;P Abandons: 1","10,1,1,1","0","true","","","2","0.15","0.10000000000000001","","",""
"Specification-CenterWeightedContinuousMeritsModerateRiskAversion__Cost-0.5__Fee-British","1","78","0","P","7","14","P Offer","P Liability Signal: 10;P Files: 1;D Answers: 1;P Abandons: 1","10,1,1,1","0","true","","","3","0.25","0.10000000000000001","","",""
"Specification-CenterWeightedContinuousMeritsModerateRiskAversion__Cost-0.5__Fee-British","1","78","0","P","7","14","P Offer","P Liability Signal: 10;P Files: 1;D Answers: 1;P Abandons: 1","10,1,1,1","0","true","","","4","0.35","0.10000000000000001","","",""
"Specification-CenterWeightedContinuousMeritsModerateRiskAversion__Cost-0.5__Fee-British","1","78","0","P","7","14","P Offer","P Liability Signal: 10;P Files: 1;D Answers: 1;P Abandons: 1","10,1,1,1","0","true","","","5","0.45","0.10000000000000001","","",""
"Specification-CenterWeightedContinuousMeritsModerateRiskAversion__Cost-0.5__Fee-British","1","78","0","P","7","14","P Offer","P Liability Signal: 10;P Files: 1;D Answers: 1;P Abandons: 1","10,1,1,1","0","true","","","6","0.55","0.10000000000000001","","",""
"Specification-CenterWeightedContinuousMeritsModerateRiskAversion__Cost-0.5__Fee-British","1","78","0","P","7","14","P Offer","P Liability Signal: 10;P Files: 1;D Answers: 1;P Abandons: 1","10,1,1,1","0","true","","","7","0.65","0.10000000000000001","","",""
"Specification-CenterWeightedContinuousMeritsModerateRiskAversion__Cost-0.5__Fee-British","1","78","0","P","7","14","P Offer","P Liability Signal: 10;P Files: 1;D Answers: 1;P Abandons: 1","10,1,1,1","0","true","","","8","0.75","0.10000000000000001","","",""
"Specification-CenterWeightedContinuousMeritsModerateRiskAversion__Cost-0.5__Fee-British","1","78","0","P","7","14","P Offer","P Liability Signal: 10;P Files: 1;D Answers: 1;P Abandons: 1","10,1,1,1","0","true","","","9","0.85","0.10000000000000001","","",""
"Specification-CenterWeightedContinuousMeritsModerateRiskAversion__Cost-0.5__Fee-British","1","78","0","P","7","14","P Offer","P Liability Signal: 10;P Files: 1;D Answers: 1;P Abandons: 1","10,1,1,1","0","true","","","10","0.95","0.10000000000000001","","",""
"Specification-CenterWeightedContinuousMeritsModerateRiskAversion__Cost-0.5__Fee-British","1","79","0","P","7","14","P Offer","P Liability Signal: 10;P Files: 1;D Answers: 1;P Abandons: 2","10,1,1,2","0.056260000000000004","false","1000.1383469653006","1000.1383469653006","1","0.05","0","1000.0885061070928","0.049840858207744532","false"
"Specification-CenterWeightedContinuousMeritsModerateRiskAversion__Cost-0.5__Fee-British","1","79","0","P","7","14","P Offer","P Liability Signal: 10;P Files: 1;D Answers: 1;P Abandons: 2","10,1,1,2","0.056260000000000004","false","1000.1383469653006","1000.1383469653006","2","0.15","0","1000.0978387609289","0.040508204371690226","false"
"Specification-CenterWeightedContinuousMeritsModerateRiskAversion__Cost-0.5__Fee-British","1","79","0","P","7","14","P Offer","P Liability Signal: 10;P Files: 1;D Answers: 1;P Abandons: 2","10,1,1,2","0.056260000000000004","false","1000.1383469653006","1000.1383469653006","3","0.25","0","1000.1094115076239","0.028935457676652732","false"
"Specification-CenterWeightedContinuousMeritsModerateRiskAversion__Cost-0.5__Fee-British","1","79","0","P","7","14","P Offer","P Liability Signal: 10;P Files: 1;D Answers: 1;P Abandons: 2","10,1,1,2","0.056260000000000004","false","1000.1383469653006","1000.1383469653006","4","0.35","0","1000.1155133867359","0.022833578564700474","false"
"Specification-CenterWeightedContinuousMeritsModerateRiskAversion__Cost-0.5__Fee-British","1","79","0","P","7","14","P Offer","P Liability Signal: 10;P Files: 1;D Answers: 1;P Abandons: 2","10,1,1,2","0.056260000000000004","false","1000.1383469653006","1000.1383469653006","5","0.45","0","1000.1210361995604","0.017310765740148781","false"
"Specification-CenterWeightedContinuousMeritsModerateRiskAversion__Cost-0.5__Fee-British","1","79","0","P","7","14","P Offer","P Liability Signal: 10;P Files: 1;D Answers: 1;P Abandons: 2","10,1,1,2","0.056260000000000004","false","1000.1383469653006","1000.1383469653006","6","0.55","0","1000.1260335161069","0.012313449193698034","false"
"Specification-CenterWeightedContinuousMeritsModerateRiskAversion__Cost-0.5__Fee-British","1","79","0","P","7","14","P Offer","P Liability Signal: 10;P Files: 1;D Answers: 1;P Abandons: 2","10,1,1,2","0.056260000000000004","false","1000.1383469653006","1000.1383469653006","7","0.65","0","1000.130553804479","0.007793160821620404","false"
"Specification-CenterWeightedContinuousMeritsModerateRiskAversion__Cost-0.5__Fee-British","1","79","0","P","7","14","P Offer","P Liability Signal: 10;P Files: 1;D Answers: 1;P Abandons: 2","10,1,1,2","0.056260000000000004","false","1000.1383469653006","1000.1383469653006","8","0.75","0","1000.1346455327795","0.0037014325210975585","false"
"Specification-CenterWeightedContinuousMeritsModerateRiskAversion__Cost-0.5__Fee-British","1","79","0","P","7","14","P Offer","P Liability Signal: 10;P Files: 1;D Answers: 1;P Abandons: 2","10,1,1,2","0.056260000000000004","false","1000.1383469653006","1000.1383469653006","9","0.85","1","1000.1383469653006","0","true"
"Specification-CenterWeightedContinuousMeritsModerateRiskAversion__Cost-0.5__Fee-British","1","79","0","P","7","14","P Offer","P Liability Signal: 10;P Files: 1;D Answers: 1;P Abandons: 2","10,1,1,2","0.056260000000000004","false","1000.1383469653006","1000.1383469653006","10","0.95","0","1000.1170273442082","0.021319621092402485","false"
"Specification-CenterWeightedContinuousMeritsModerateRiskAversion__Cost-0.5__Fee-British","1","1","1","D","3","10","D Answers","D Liability Signal: 1;P Files: 1","1,1","0.056278039099999996","false","999.81872680003039","999.81872680003039","1","Yes","1","999.81872680003039","0","true"
"Specification-CenterWeightedContinuousMeritsModerateRiskAversion__Cost-0.5__Fee-British","1","1","1","D","3","10","D Answers","D Liability Signal: 1;P Files: 1","1,1","0.056278039099999996","false","999.81872680003039","999.81872680003039","2","No","0","998.80796501949999","1.0107617805304017","false"
"Specification-CenterWeightedContinuousMeritsModerateRiskAversion__Cost-0.5__Fee-British","1","3","1","D","6","21","D Defaults","D Liability Signal: 1;P Files: 1;D Answers: 1","1,1,1","0.056278039099999996","false","999.81872680003039","999.81872680003039","1","Yes","0","999.48602914317121","0.33269765685918173","false"
"Specification-CenterWeightedContinuousMeritsModerateRiskAversion__Cost-0.5__Fee-British","1","3","1","D","6","21","D Defaults","D Liability Signal: 1;P Files: 1;D Answers: 1","1,1,1","0.056278039099999996","false","999.81872680003039","999.81872680003039","2","No","1","999.81872680003039","0","true"
"Specification-CenterWeightedContinuousMeritsModerateRiskAversion__Cost-0.5__Fee-British","1","5","1","D","8","15","D Offer","D Liability Signal: 1;P Files: 1;D Answers: 1;D Defaults: 1","1,1,1,1","0","true","","","1","0.05","0.10000000000000001","","",""
"Specification-CenterWeightedContinuousMeritsModerateRiskAversion__Cost-0.5__Fee-British","1","5","1","D","8","15","D Offer","D Liability Signal: 1;P Files: 1;D Answers: 1;D Defaults: 1","1,1,1,1","0","true","","","2","0.15","0.10000000000000001","","",""
"Specification-CenterWeightedContinuousMeritsModerateRiskAversion__Cost-0.5__Fee-British","1","5","1","D","8","15","D Offer","D Liability Signal: 1;P Files: 1;D Answers: 1;D Defaults: 1","1,1,1,1","0","true","","","3","0.25","0.10000000000000001","","",""
"Specification-CenterWeightedContinuousMeritsModerateRiskAversion__Cost-0.5__Fee-British","1","5","1","D","8","15","D Offer","D Liability Signal: 1;P Files: 1;D Answers: 1;D Defaults: 1","1,1,1,1","0","true","","","4","0.35","0.10000000000000001","","",""
"Specification-CenterWeightedContinuousMeritsModerateRiskAversion__Cost-0.5__Fee-British","1","5","1","D","8","15","D Offer","D Liability Signal: 1;P Files: 1;D Answers: 1;D Defaults: 1","1,1,1,1","0","true","","","5","0.45","0.10000000000000001","","",""
"Specification-CenterWeightedContinuousMeritsModerateRiskAversion__Cost-0.5__Fee-British","1","5","1","D","8","15","D Offer","D Liability Signal: 1;P Files: 1;D Answers: 1;D Defaults: 1","1,1,1,1","0","true","","","6","0.55","0.10000000000000001","","",""
"Specification-CenterWeightedContinuousMeritsModerateRiskAversion__Cost-0.5__Fee-British","1","5","1","D","8","15","D Offer","D Liability Signal: 1;P Files: 1;D Answers: 1;D Defaults: 1","1,1,1,1","0","true","","","7","0.65","0.10000000000000001","","",""
"Specification-CenterWeightedContinuousMeritsModerateRiskAversion__Cost-0.5__Fee-British","1","5","1","D","8","15","D Offer","D Liability Signal: 1;P Files: 1;D Answers: 1;D Defaults: 1","1,1,1,1","0","true","","","8","0.75","0.10000000000000001","","",""
"Specification-CenterWeightedContinuousMeritsModerateRiskAversion__Cost-0.5__Fee-British","1","5","1","D","8","15","D Offer","D Liability Signal: 1;P Files: 1;D Answers: 1;D Defaults: 1","1,1,1,1","0","true","","","9","0.85","0.10000000000000001","","",""
"Specification-CenterWeightedContinuousMeritsModerateRiskAversion__Cost-0.5__Fee-British","1","5","1","D","8","15","D Offer","D Liability Signal: 1;P Files: 1;D Answers: 1;D Defaults: 1","1,1,1,1","0","true","","","10","0.95","0.10000000000000001","","",""
"Specification-CenterWeightedContinuousMeritsModerateRiskAversion__Cost-0.5__Fee-British","1","6","1","D","8","15","D Offer","D Liability Signal: 1;P Files: 1;D Answers: 1;D Defaults: 2","1,1,1,2","0.056278039099999996","false","999.81872680003039","999.81872680003039","1","0.05","0","999.67409775342048","0.14462904660990716","false"
"Specification-CenterWeightedContinuousMeritsModerateRiskAversion__Cost-0.5__Fee-British","1","6","1","D","8","15","D Offer","D Liability Signal: 1;P Files: 1;D Answers: 1;D Defaults: 2","1,1,1,2","0.056278039099999996","false","999.81872680003039","999.81872680003039","2","0.15","1","999.81872680003039","0","true"
"Specification-CenterWeightedContinuousMeritsModerateRiskAversion__Cost-0.5__Fee-British","1","6","1","D","8","15","D Offer","D Liability Signal: 1;P Files: 1;D Answers: 1;D Defaults: 2","1,1,1,2","0.056278039099999996","false","999.81872680003039","999.81872680003039","3","0.25","0","999.7922980643325","0.02642873569789117","false"
"Specification-CenterWeightedContinuousMeritsModerateRiskAversion__Cost-0.5__Fee-British","1","6","1","D","8","15","D Offer","D Liability Signal: 1;P Files: 1;D Answers: 1;D Defaults: 2","1,1,1,2","0.056278039099999996","false","999.81872680003039","999.81872680003039","4","0.35","0","999.76307860199802","0.05564819803237242","false"
"Specification-CenterWeightedContinuousMeritsModerateRiskAversion__Cost-0.5__Fee-British","1","6","1","D","8","15","D Offer","D Liability Signal: 1;P Files: 1;D Answers: 1;D Defaults: 2","1,1,1,2","0.056278039099999996","false","999.81872680003039","999.81872680003039","5","0.45","0","999.73077270689328","0.087954093137113887","false"
"Specification-CenterWeightedContinuousMeritsModerateRiskAversion__Cost-0.5__Fee-British","1","6","1","D","8","15","D Offer","D Liability Signal: 1;P Files: 1;D Answers: 1;D Defaults: 2","1,1,1,2","0.056278039099999996","false","999.81872680003039","999.81872680003039","6","0.55","0","999.69508467288438","0.12364212714601308","false"
"Specification-CenterWeightedContinuousMeritsModerateRiskAversion__Cost-0.5__Fee-British","1","6","1","D","8","15","D Offer","D Liability Signal: 1;P Files: 1;D Answers: 1;D Defaults: 2","1,1,1,2","0.056278039099999996","false","999.81872680003039","999.81872680003039","7","0.65","0","999.65564486730432","0.16308193272607241","false"
"Specification-CenterWeightedContinuousMeritsModerateRiskAversion__Cost-0.5__Fee-British","1","6","1","D","8","15","D Offer","D Liability Signal: 1;P Files: 1;D Answers: 1;D Defaults: 2","1,1,1,2","0.056278039099999996","false","999.81872680003039","999.81872680003039","8","0.75","0","999.61204669421966","0.20668010581073304","false"
"Specification-CenterWeightedContinuousMeritsModerateRiskAversion__Cost-0.5__Fee-British","1","6","1","D","8","15","D Offer","D Liability Signal: 1;P Files: 1;D Answers: 1;D Defaults: 2","1,1,1,2","0.056278039099999996","false","999.81872680003039","999.81872680003039","9","0.85","0","999.51325527540621","0.30547152462418126","false"
"Specification-CenterWeightedContinuousMeritsModerateRiskAversion__Cost-0.5__Fee-British","1","6","1","D","8","15","D Offer","D Liability Signal: 1;P Files: 1;D Answers: 1;D Defaults: 2","1,1,1,2","0.056278039099999996","false","999.81872680003039","999.81872680003039","10","0.95","0","999.44244200743663","0.37628479259376491","false"
"Specification-CenterWeightedContinuousMeritsModerateRiskAversion__Cost-0.5__Fee-British","1","8","1","D","3","10","D Answers","D Liability Signal: 2;P Files: 1","2,1","0.082031674400000004","false","999.76121345074796","999.76121345074796","1","Yes","1","999.76121345074796","0","true"
"Specification-CenterWeightedContinuousMeritsModerateRiskAversion__Cost-0.5__Fee-British","1","8","1","D","3","10","D Answers","D Liability Signal: 2;P Files: 1","2,1","0.082031674400000004","false","999.76121345074796","999.76121345074796","2","No","0","998.80796501949976","0.95324843124819836","false"
"Specification-CenterWeightedContinuousMeritsModerateRiskAversion__Cost-0.5__Fee-British","1","9","1","D","6","21","D Defaults","D Liability Signal: 2;P Files: 1;D Answers: 1","2,1,1","0.08203167439999999","false","999.76121345074841","999.76121345074841","1","Yes","0","999.43823004141223","0.32298340933618874","false"
"Specification-CenterWeightedContinuousMeritsModerateRiskAversion__Cost-0.5__Fee-British","1","9","1","D","6","21","D Defaults","D Liability Signal: 2;P Files: 1;D Answers: 1","2,1,1","0.08203167439999999","false","999.76121345074841","999.76121345074841","2","No","1","999.76121345074841","0","true"
"Specification-CenterWeightedContinuousMeritsModerateRiskAversion__Cost-0.5__Fee-British","1","10","1","D","8","15","D Offer","D Liability Signal: 2;P Files: 1;D Answers: 1;D Defaults: 1","2,1,1,1","0","true","","","1","0.05","0.10000000000000001","","",""
"Specification-CenterWeightedContinuousMeritsModerateRiskAversion__Cost-0.5__Fee-British","1","10","1","D","8","15","D Offer","D Liability Signal: 2;P Files: 1;D Answers: 1;D Defaults: 1","2,1,1,1","0","true","","","2","0.15","0.10000000000000001","","",""
"Specification-CenterWeightedContinuousMeritsModerateRiskAversion__Cost-0.5__Fee-British","1","10","1","D","8","15","D Offer","D Liability Signal: 2;P Files: 1;D Answers: 1;D Defaults: 1","2,1,1,1","0","true","","","3","0.25","0.10000000000000001","","",""
"Specification-CenterWeightedContinuousMeritsModerateRiskAversion__Cost-0.5__Fee-British","1","10","1","D","8","15","D Offer","D Liability Signal: 2;P Files: 1;D Answers: 1;D Defaults: 1","2,1,1,1","0","true","","","4","0.35","0.10000000000000001","","",""
"Specification-CenterWeightedContinuousMeritsModerateRiskAversion__Cost-0.5__Fee-British","1","10","1","D","8","15","D Offer","D Liability Signal: 2;P Files: 1;D Answers: 1;D Defaults: 1","2,1,1,1","0","true","","","5","0.45","0.10000000000000001","","",""
"Specification-CenterWeightedContinuousMeritsModerateRiskAversion__Cost-0.5__Fee-British","1","10","1","D","8","15","D Offer","D Liability Signal: 2;P Files: 1;D Answers: 1;D Defaults: 1","2,1,1,1","0","true","","","6","0.55","0.10000000000000001","","",""
"Specification-CenterWeightedContinuousMeritsModerateRiskAversion__Cost-0.5__Fee-British","1","10","1","D","8","15","D Offer","D Liability Signal: 2;P Files: 1;D Answers: 1;D Defaults: 1","2,1,1,1","0","true","","","7","0.65","0.10000000000000001","","",""
"Specification-CenterWeightedContinuousMeritsModerateRiskAversion__Cost-0.5__Fee-British","1","10","1","D","8","15","D Offer","D Liability Signal: 2;P Files: 1;D Answers: 1;D Defaults: 1","2,1,1,1","0","true","","","8","0.75","0.10000000000000001","","",""
"Specification-CenterWeightedContinuousMeritsModerateRiskAversion__Cost-0.5__Fee-British","1","10","1","D","8","15","D Offer","D Liability Signal: 2;P Files: 1;D Answers: 1;D Defaults: 1","2,1,1,1","0","true","","","9","0.85","0.10000000000000001","","",""
"Specification-CenterWeightedContinuousMeritsModerateRiskAversion__Cost-0.5__Fee-British","1","10","1","D","8","15","D Offer","D Liability Signal: 2;P Files: 1;D Answers: 1;D Defaults: 1","2,1,1,1","0","true","","","10","0.95","0.10000000000000001","","",""
"Specification-CenterWeightedContinuousMeritsModerateRiskAversion__Cost-0.5__Fee-British","1","11","1","D","8","15","D Offer","D Liability Signal: 2;P Files: 1;D Answers: 1;D Defaults: 2","2,1,1,2","0.08203167439999999","false","999.76121345074841","999.76121345074841","1","0.05","0","999.55878152523098","0.2024319255174305","false"
"Specification-CenterWeightedContinuousMeritsModerateRiskAversion__Cost-0.5__Fee-British","1","11","1","D","8","15","D Offer","D Liability Signal: 2;P Files: 1;D Answers: 1;D Defaults: 2","2,1,1,2","0.08203167439999999","false","999.76121345074841","999.76121345074841","2","0.15","1","999.76121345074841","0","true"
"Specification-CenterWeightedContinuousMeritsModerateRiskAversion__Cost-0.5__Fee-British","1","11","1","D","8","15","D Offer","D Liability Signal: 2;P Files: 1;D Answers: 1;D Defaults: 2","2,1,1,2","0.08203167439999999","false","999.76121345074841","999.76121345074841","3","0.25","0","999.73632015425744","0.024893296490972716","false"
"Specification-CenterWeightedContinuousMeritsModerateRiskAversion__Cost-0.5__Fee-British","1","11","1","D","8","15","D Offer","D Liability Signal: 2;P Files: 1;D Answers: 1;D Defaults: 2","2,1,1,2","0.08203167439999999","false","999.76121345074841","999.76121345074841","4","0.35","0","999.70879826492001","0.052415185828408539","false"
"Specification-CenterWeightedContinuousMeritsModerateRiskAversion__Cost-0.5__Fee-British","1","11","1","D","8","15","D Offer","D Liability Signal: 2;P Files: 1;D Answers: 1;D Defaults: 2","2,1,1,2","0.08203167439999999","false","999.76121345074841","999.76121345074841","5","0.45","0","999.67836925634219","0.082844194406220595","false"
"Specification-CenterWeightedContinuousMeritsModerateRiskAversion__Cost-0.5__Fee-British","1","11","1","D","8","15","D Offer","D Liability Signal: 2;P Files: 1;D Answers: 1;D Defaults: 2","2,1,1,2","0.08203167439999999","false","999.76121345074841","999.76121345074841","6","0.55","0","999.64475460212952","0.11645884861889044","false"
"Specification-CenterWeightedContinuousMeritsModerateRiskAversion__Cost-0.5__Fee-British","1","11","1","D","8","15","D Offer","D Liability Signal: 2;P Files: 1;D Answers: 1;D Defaults: 2","2,1,1,2","0.08203167439999999","false","999.76121345074841","999.76121345074841","7","0.65","0","999.60760614428887","0.15360730645954845","false"
"Specification-CenterWeightedContinuousMeritsModerateRiskAversion__Cost-0.5__Fee-British","1","11","1","D","8","15","D Offer","D Liability Signal: 2;P Files: 1;D Answers: 1;D Defaults: 2","2,1,1,2","0.08203167439999999","false","999.76121345074841","999.76121345074841","8","0.75","0","999.56654090902873","0.19467254171968307","false"
"Specification-CenterWeightedContinuousMeritsModerateRiskAversion__Cost-0.5__Fee-British","1","11","1","D","8","15","D Offer","D Liability Signal: 2;P Files: 1;D Answers: 1;D Defaults: 2","2,1,1,2","0.08203167439999999","false","999.76121345074841","999.76121345074841","9","0.85","0","999.48343661651597","0.27777683423244071","false"
"Specification-CenterWeightedContinuousMeritsModerateRiskAversion__Cost-0.5__Fee-British","1","11","1","D","8","15","D Offer","D Liability Signal: 2;P Files: 1;D Answers: 1;D Defaults: 2","2,1,1,2","0.08203167439999999","false","999.76121345074841","999.76121345074841","10","0.95","0","999.40948697237604","0.35172647837237037","false"
"Specification-CenterWeightedContinuousMeritsModerateRiskAversion__Cost-0.5__Fee-British","1","12","1","D","3","10","D Answers","D Liability Signal: 3;P Files: 1","3,1","0.10577839609999999","false","999.66709055697481","999.66709055697481","1","Yes","1","999.66709055697481","0","true"
"Specification-CenterWeightedContinuousMeritsModerateRiskAversion__Cost-0.5__Fee-British","1","12","1","D","3","10","D Answers","D Liability Signal: 3;P Files: 1","3,1","0.10577839609999999","false","999.66709055697481","999.66709055697481","2","No","0","998.8079650195001","0.85912553747471065","false"
"Specification-CenterWeightedContinuousMeritsModerateRiskAversion__Cost-0.5__Fee-British","1","13","1","D","6","21","D Defaults","D Liability Signal: 3;P Files: 1;D Answers: 1","3,1,1","0.10577839610000001","false","999.66709055697459","999.66709055697459","1","Yes","0","999.37304867056071","0.29404188641387918","false"
"Specification-CenterWeightedContinuousMeritsModerateRiskAversion__Cost-0.5__Fee-British","1","13","1","D","6","21","D Defaults","D Liability Signal: 3;P Files: 1;D Answers: 1","3,1,1","0.10577839610000001","false","999.66709055697459","999.66709055697459","2","No","1","999.66709055697459","0","true"
"Specification-CenterWeightedContinuousMeritsModerateRiskAversion__Cost-0.5__Fee-British","1","14","1","D","8","15","D Offer","D Liability Signal: 3;P Files: 1;D Answers: 1;D Defaults: 1","3,1,1,1","0","true","","","1","0.05","0.10000000000000001","","",""
"Specification-CenterWeightedContinuousMeritsModerateRiskAversion__Cost-0.5__Fee-British","1","14","1","D","8","15","D Offer","D Liability Signal: 3;P Files: 1;D Answers: 1;D Defaults: 1","3,1,1,1","0","true","","","2","0.15","0.10000000000000001","","",""
"Specification-CenterWeightedContinuousMeritsModerateRiskAversion__Cost-0.5__Fee-British","1","14","1","D","8","15","D Offer","D Liability Signal: 3;P Files: 1;D Answers: 1;D Defaults: 1","3,1,1,1","0","true","","","3","0.25","0.10000000000000001","","",""
"Specification-CenterWeightedContinuousMeritsModerateRiskAversion__Cost-0.5__Fee-British","1","14","1","D","8","15","D Offer","D Liability Signal: 3;P Files: 1;D Answers: 1;D Defaults: 1","3,1,1,1","0","true","","","4","0.35","0.10000000000000001","","",""
"Specification-CenterWeightedContinuousMeritsModerateRiskAversion__Cost-0.5__Fee-British","1","14","1","D","8","15","D Offer","D Liability Signal: 3;P Files: 1;D Answers: 1;D Defaults: 1","3,1,1,1","0","true","","","5","0.45","0.10000000000000001","","",""
"Specification-CenterWeightedContinuousMeritsModerateRiskAversion__Cost-0.5__Fee-British","1","14","1","D","8","15","D Offer","D Liability Signal: 3;P Files: 1;D Answers: 1;D Defaults: 1","3,1,1,1","0","true","","","6","0.55","0.10000000000000001","","",""
"Specification-CenterWeightedContinuousMeritsModerateRiskAversion__Cost-0.5__Fee-British","1","14","1","D","8","15","D Offer","D Liability Signal: 3;P Files: 1;D Answers: 1;D Defaults: 1","3,1,1,1","0","true","","","7","0.65","0.10000000000000001","","",""
"Specification-CenterWeightedContinuousMeritsModerateRiskAversion__Cost-0.5__Fee-British","1","14","1","D","8","15","D Offer","D Liability Signal: 3;P Files: 1;D Answers: 1;D Defaults: 1","3,1,1,1","0","true","","","8","0.75","0.10000000000000001","","",""
"Specification-CenterWeightedContinuousMeritsModerateRiskAversion__Cost-0.5__Fee-British","1","14","1","D","8","15","D Offer","D Liability Signal: 3;P Files: 1;D Answers: 1;D Defaults: 1","3,1,1,1","0","true","","","9","0.85","0.10000000000000001","","",""
"Specification-CenterWeightedContinuousMeritsModerateRiskAversion__Cost-0.5__Fee-British","1","14","1","D","8","15","D Offer","D Liability Signal: 3;P Files: 1;D Answers: 1;D Defaults: 1","3,1,1,1","0","true","","","10","0.95","0.10000000000000001","","",""
"Specification-CenterWeightedContinuousMeritsModerateRiskAversion__Cost-0.5__Fee-British","1","15","1","D","8","15","D Offer","D Liability Signal: 3;P Files: 1;D Answers: 1;D Defaults: 2","3,1,1,2","0.10577839610000001","false","999.66709055697459","999.66709055697459","1","0.05","0","999.40180343669533","0.26528712027925394","false"
"Specification-CenterWeightedContinuousMeritsModerateRiskAversion__Cost-0.5__Fee-British","1","15","1","D","8","15","D Offer","D Liability Signal: 3;P Files: 1;D Answers: 1;D Defaults: 2","3,1,1,2","0.10577839610000001","false","999.66709055697459","999.66709055697459","2","0.15","1","999.66709055697459","0","true"
"Specification-CenterWeightedContinuousMeritsModerateRiskAversion__Cost-0.5__Fee-British","1","15","1","D","8","15","D Offer","D Liability Signal: 3;P Files: 1;D Answers: 1;D Defaults: 2","3,1,1,2","0.10577839610000001","false","999.66709055697459","999.66709055697459","3","0.25","0","999.64428847523322","0.02280208174136078","false"
"Specification-CenterWeightedContinuousMeritsModerateRiskAversion__Cost-0.5__Fee-British","1","15","1","D","8","15","D Offer","D Liability Signal: 3;P Files: 1;D Answers: 1;D Defaults: 2","3,1,1,2","0.10577839610000001","false","999.66709055697459","999.66709055697459","4","0.35","0","999.61907862122371","0.048011935750878365","false"
"Specification-CenterWeightedContinuousMeritsModerateRiskAversion__Cost-0.5__Fee-British","1","15","1","D","8","15","D Offer","D Liability Signal: 3;P Files: 1;D Answers: 1;D Defaults: 2","3,1,1,2","0.10577839610000001","false","999.66709055697459","999.66709055697459","5","0.45","0","999.59120586675931","0.075884690215275441","false"
"Specification-CenterWeightedContinuousMeritsModerateRiskAversion__Cost-0.5__Fee-British","1","15","1","D","8","15","D Offer","D Liability Signal: 3;P Files: 1;D Answers: 1;D Defaults: 2","3,1,1,2","0.10577839610000001","false","999.66709055697459","999.66709055697459","6","0.55","0","999.5604150836524","0.10667547332218419","false"
"Specification-CenterWeightedContinuousMeritsModerateRiskAversion__Cost-0.5__Fee-British","1","15","1","D","8","15","D Offer","D Liability Signal: 3;P Files: 1;D Answers: 1;D Defaults: 2","3,1,1,2","0.10577839610000001","false","999.66709055697459","999.66709055697459","7","0.65","0","999.52638736166875","0.1407031953058322","false"
"Specification-CenterWeightedContinuousMeritsModerateRiskAversion__Cost-0.5__Fee-British","1","15","1","D","8","15","D Offer","D Liability Signal: 3;P Files: 1;D Answers: 1;D Defaults: 2","3,1,1,2","0.10577839610000001","false","999.66709055697459","999.66709055697459","8","0.75","0","999.48877189955101","0.17831865742357422","false"
"Specification-CenterWeightedContinuousMeritsModerateRiskAversion__Cost-0.5__Fee-British","1","15","1","D","8","15","D Offer","D Liability Signal: 3;P Files: 1;D Answers: 1;D Defaults: 2","3,1,1,2","0.10577839610000001","false","999.66709055697459","999.66709055697459","9","0.85","0","999.44282464112587","0.22426591584871858","false"
"Specification-CenterWeightedContinuousMeritsModerateRiskAversion__Cost-0.5__Fee-British","1","15","1","D","8","15","D Offer","D Liability Signal: 3;P Files: 1;D Answers: 1;D Defaults: 2","3,1,1,2","0.10577839610000001","false","999.66709055697459","999.66709055697459","10","0.95","0","999.36460336182301","0.30248719515157063","false"
"Specification-CenterWeightedContinuousMeritsModerateRiskAversion__Cost-0.5__Fee-British","1","16","1","D","3","10","D Answers","D Liability Signal: 4;P Files: 1","4,1","0.12337126320000001","false","999.52480376165465","999.52480376165465","1","Yes","1","999.52480376165465","0","true"
"Specification-CenterWeightedContinuousMeritsModerateRiskAversion__Cost-0.5__Fee-British","1","16","1","D","3","10","D Answers","D Liability Signal: 4;P Files: 1","4,1","0.12337126320000001","false","999.52480376165465","999.52480376165465","2","No","0","998.80796501949976","0.71683874215489141","false"
"Specification-CenterWeightedContinuousMeritsModerateRiskAversion__Cost-0.5__Fee-British","1","17","1","D","6","21","D Defaults","D Liability Signal: 4;P Files: 1;D Answers: 1","4,1,1","0.1233712632","false","999.52480376165477","999.52480376165477","1","Yes","0","999.28983846731762","0.23496529433714386","false"
"Specification-CenterWeightedContinuousMeritsModerateRiskAversion__Cost-0.5__Fee-British","1","17","1","D","6","21","D Defaults","D Liability Signal: 4;P Files: 1;D Answers: 1","4,1,1","0.1233712632","false","999.52480376165477","999.52480376165477","2","No","1","999.52480376165477","0","true"
"Specification-CenterWeightedContinuousMeritsModerateRiskAversion__Cost-0.5__Fee-British","1","18","1","D","8","15","D Offer","D Liability Signal: 4;P Files: 1;D Answers: 1;D Defaults: 1","4,1,1,1","0","true","","","1","0.05","0.10000000000000001","","",""
"Specification-CenterWeightedContinuousMeritsModerateRiskAversion__Cost-0.5__Fee-British","1","18","1","D","8","15","D Offer","D Liability Signal: 4;P Files: 1;D Answers: 1;D Defaults: 1","4,1,1,1","0","true","","","2","0.15","0.10000000000000001","","",""
"Specification-CenterWeightedContinuousMeritsModerateRiskAversion__Cost-0.5__Fee-British","1","18","1","D","8","15","D Offer","D Liability Signal: 4;P Files: 1;D Answers: 1;D Defaults: 1","4,1,1,1","0","true","","","3","0.25","0.10000000000000001","","",""
"Specification-CenterWeightedContinuousMeritsModerateRiskAversion__Cost-0.5__Fee-British","1","18","1","D","8","15","D Offer","D Liability Signal: 4;P Files: 1;D Answers: 1;D Defaults: 1","4,1,1,1","0","true","","","4","0.35","0.10000000000000001","","",""
"Specification-CenterWeightedContinuousMeritsModerateRiskAversion__Cost-0.5__Fee-British","1","18","1","D","8","15","D Offer","D Liability Signal: 4;P Files: 1;D Answers: 1;D Defaults: 1","4,1,1,1","0","true","","","5","0.45","0.10000000000000001","","",""
"Specification-CenterWeightedContinuousMeritsModerateRiskAversion__Cost-0.5__Fee-British","1","18","1","D","8","15","D Offer","D Liability Signal: 4;P Files: 1;D Answers: 1;D Defaults: 1","4,1,1,1","0","true","","","6","0.55","0.10000000000000001","","",""
"Specification-CenterWeightedContinuousMeritsModerateRiskAversion__Cost-0.5__Fee-British","1","18","1","D","8","15","D Offer","D Liability Signal: 4;P Files: 1;D Answers: 1;D Defaults: 1","4,1,1,1","0","true","","","7","0.65","0.10000000000000001","","",""
"Specification-CenterWeightedContinuousMeritsModerateRiskAversion__Cost-0.5__Fee-British","1","18","1","D","8","15","D Offer","D Liability Signal: 4;P Files: 1;D Answers: 1;D Defaults: 1","4,1,1,1","0","true","","","8","0.75","0.10000000000000001","","",""
"Specification-CenterWeightedContinuousMeritsModerateRiskAversion__Cost-0.5__Fee-British","1","18","1","D","8","15","D Offer","D Liability Signal: 4;P Files: 1;D Answers: 1;D Defaults: 1","4,1,1,1","0","true","","","9","0.85","0.10000000000000001","","",""
"Specification-CenterWeightedContinuousMeritsModerateRiskAversion__Cost-0.5__Fee-British","1","18","1","D","8","15","D Offer","D Liability Signal: 4;P Files: 1;D Answers: 1;D Defaults: 1","4,1,1,1","0","true","","","10","0.95","0.10000000000000001","","",""
"Specification-CenterWeightedContinuousMeritsModerateRiskAversion__Cost-0.5__Fee-British","1","19","1","D","8","15","D Offer","D Liability Signal: 4;P Files: 1;D Answers: 1;D Defaults: 2","4,1,1,2","0.1233712632","false","999.52480376165477","999.52480376165477","1","0.05","0","999.20169222293055","0.32311153872421983","false"
"Specification-CenterWeightedContinuousMeritsModerateRiskAversion__Cost-0.5__Fee-British","1","19","1","D","8","15","D Offer","D Liability Signal: 4;P Files: 1;D Answers: 1;D Defaults: 2","4,1,1,2","0.1233712632","false","999.52480376165477","999.52480376165477","2","0.15","1","999.52480376165477","0","true"
"Specification-CenterWeightedContinuousMeritsModerateRiskAversion__Cost-0.5__Fee-British","1","19","1","D","8","15","D Offer","D Liability Signal: 4;P Files: 1;D Answers: 1;D Defaults: 2","4,1,1,2","0.1233712632","false","999.52480376165477","999.52480376165477","3","0.25","0","999.50466758743028","0.020136174224489878","false"
"Specification-CenterWeightedContinuousMeritsModerateRiskAversion__Cost-0.5__Fee-British","1","19","1","D","8","15","D Offer","D Liability Signal: 4;P Files: 1;D Answers: 1;D Defaults: 2","4,1,1,2","0.1233712632","false","999.52480376165477","999.52480376165477","4","0.35","0","999.48240514585757","0.042398615797196726","false"
"Specification-CenterWeightedContinuousMeritsModerateRiskAversion__Cost-0.5__Fee-British","1","19","1","D","8","15","D Offer","D Liability Signal: 4;P Files: 1;D Answers: 1;D Defaults: 2","4,1,1,2","0.1233712632","false","999.52480376165477","999.52480376165477","5","0.45","0","999.45779113708511","0.067012624569656509","false"
"Specification-CenterWeightedContinuousMeritsModerateRiskAversion__Cost-0.5__Fee-British","1","19","1","D","8","15","D Offer","D Liability Signal: 4;P Files: 1;D Answers: 1;D Defaults: 2","4,1,1,2","0.1233712632","false","999.52480376165477","999.52480376165477","6","0.55","0","999.4306002612617","0.094203500393064132","false"
"Specification-CenterWeightedContinuousMeritsModerateRiskAversion__Cost-0.5__Fee-British","1","19","1","D","8","15","D Offer","D Liability Signal: 4;P Files: 1;D Answers: 1;D Defaults: 2","4,1,1,2","0.1233712632","false","999.52480376165477","999.52480376165477","7","0.65","0","999.40055089357281","0.12425286808195324","false"
"Specification-CenterWeightedContinuousMeritsModerateRiskAversion__Cost-0.5__Fee-British","1","19","1","D","8","15","D Offer","D Liability Signal: 4;P Files: 1;D Answers: 1;D Defaults: 2","4,1,1,2","0.1233712632","false","999.52480376165477","999.52480376165477","8","0.75","0","999.36733324672275","0.15747051493201525","false"
"Specification-CenterWeightedContinuousMeritsModerateRiskAversion__Cost-0.5__Fee-British","1","19","1","D","8","15","D Offer","D Liability Signal: 4;P Files: 1;D Answers: 1;D Defaults: 2","4,1,1,2","0.1233712632","false","999.52480376165477","999.52480376165477","9","0.85","0","999.39105197143647","0.13375179021829808","false"
"Specification-CenterWeightedContinuousMeritsModerateRiskAversion__Cost-0.5__Fee-British","1","19","1","D","8","15","D Offer","D Liability Signal: 4;P Files: 1;D Answers: 1;D Defaults: 2","4,1,1,2","0.1233712632","false","999.52480376165477","999.52480376165477","10","0.95","0","999.30738515656935","0.21741860508541322","false"
"Specification-CenterWeightedContinuousMeritsModerateRiskAversion__Cost-0.5__Fee-British","1","20","1","D","3","10","D Answers","D Liability Signal: 5;P Files: 1","5,1","0.1325454187","false","999.33057431097609","999.33057431097609","1","Yes","1","999.33057431097609","0","true"
"Specification-CenterWeightedContinuousMeritsModerateRiskAversion__Cost-0.5__Fee-British","1","20","1","D","3","10","D Answers","D Liability Signal: 5;P Files: 1","5,1","0.1325454187","false","999.33057431097609","999.33057431097609","2","No","0","998.80796501949999","0.52260929147610113","false"
"Specification-CenterWeightedContinuousMeritsModerateRiskAversion__Cost-0.5__Fee-British","1","21","1","D","6","21","D Defaults","D Liability Signal: 5;P Files: 1;D Answers: 1","5,1,1","0.1325454187","false","999.33057431097609","999.33057431097609","1","Yes","0","999.19248580147644","0.1380885094996529","false"
"Specification-CenterWeightedContinuousMeritsModerateRiskAversion__Cost-0.5__Fee-British","1","21","1","D","6","21","D Defaults","D Liability Signal: 5;P Files: 1;D Answers: 1","5,1,1","0.1325454187","false","999.33057431097609","999.33057431097609","2","No","1","999.33057431097609","0","true"
"Specification-CenterWeightedContinuousMeritsModerateRiskAversion__Cost-0.5__Fee-British","1","22","1","D","8","15","D Offer","D Liability Signal: 5;P Files: 1;D Answers: 1;D Defaults: 1","5,1,1,1","0","true","","","1","0.05","0.10000000000000001","","",""
"Specification-CenterWeightedContinuousMeritsModerateRiskAversion__Cost-0.5__Fee-British","1","22","1","D","8","15","D Offer","D Liability Signal: 5;P Files: 1;D Answers: 1;D Defaults: 1","5,1,1,1","0","true","","","2","0.15","0.10000000000000001","","",""
"Specification-CenterWeightedContinuousMeritsModerateRiskAversion__Cost-0.5__Fee-British","1","22","1","D","8","15","D Offer","D Liability Signal: 5;P Files: 1;D Answers: 1;D Defaults: 1","5,1,1,1","0","true","","","3","0.25","0.10000000000000001","","",""
"Specification-CenterWeightedContinuousMeritsModerateRiskAversion__Cost-0.5__Fee-British","1","22","1","D","8","15","D Offer","D Liability Signal: 5;P Files: 1;D Answers: 1;D Defaults: 1","5,1,1,1","0","true","","","4","0.35","0.10000000000000001","","",""
"Specification-CenterWeightedContinuousMeritsModerateRiskAversion__Cost-0.5__Fee-British","1","22","1","D","8","15","D Offer","D Liability Signal: 5;P Files: 1;D Answers: 1;D Defaults: 1","5,1,1,1","0","true","","","5","0.45","0.10000000000000001","","",""
"Specification-CenterWeightedContinuousMeritsModerateRiskAversion__Cost-0.5__Fee-British","1","22","1","D","8","15","D Offer","D Liability Signal: 5;P Files: 1;D Answers: 1;D Defaults: 1","5,1,1,1","0","true","","","6","0.55","0.10000000000000001","","",""
"Specification-CenterWeightedContinuousMeritsModerateRiskAversion__Cost-0.5__Fee-British","1","22","1","D","8","15","D Offer","D Liability Signal: 5;P Files: 1;D Answers: 1;D Defaults: 1","5,1,1,1","0","true","","","7","0.65","0.10000000000000001","","",""
"Specification-CenterWeightedContinuousMeritsModerateRiskAversion__Cost-0.5__Fee-British","1","22","1","D","8","15","D Offer","D Liability Signal: 5;P Files: 1;D Answers: 1;D Defaults: 1","5,1,1,1","0","true","","","8","0.75","0.10000000000000001","","",""
"Specification-CenterWeightedContinuousMeritsModerateRiskAversion__Cost-0.5__Fee-British","1","22","1","D","8","15","D Offer","D Liability Signal: 5;P Files: 1;D Answers: 1;D Defaults: 1","5,1,1,1","0","true","","","9","0.85","0.10000000000000001","","",""
"Specification-CenterWeightedContinuousMeritsModerateRiskAversion__Cost-0.5__Fee-British","1","22","1","D","8","15","D Offer","D Liability Signal: 5;P Files: 1;D Answers: 1;D Defaults: 1","5,1,1,1","0","true","","","10","0.95","0.10000000000000001","","",""
"Specification-CenterWeightedContinuousMeritsModerateRiskAversion__Cost-0.5__Fee-British","1","23","1","D","8","15","D Offer","D Liability Signal: 5;P Files: 1;D Answers: 1;D Defaults: 2","5,1,1,2","0.1325454187","false","999.33057431097609","999.33057431097632","1","0.05","0","998.96780384318868","0.36277046778764088","false"
"Specification-CenterWeightedContinuousMeritsModerateRiskAversion__Cost-0.5__Fee-British","1","23","1","D","8","15","D Offer","D Liability Signal: 5;P Files: 1;D Answers: 1;D Defaults: 2","5,1,1,2","0.1325454187","false","999.33057431097609","999.33057431097632","2","0.15","0.59926978500499961","999.33057431097632","0","true"
"Specification-CenterWeightedContinuousMeritsModerateRiskAversion__Cost-0.5__Fee-British","1","23","1","D","8","15","D Offer","D Liability Signal: 5;P Files: 1;D Answers: 1;D Defaults: 2","5,1,1,2","0.1325454187","false","999.33057431097609","999.33057431097632","3","0.25","0","999.31355228656491","0.017022024411403436","false"
"Specification-CenterWeightedContinuousMeritsModerateRiskAversion__Cost-0.5__Fee-British","1","23","1","D","8","15","D Offer","D Liability Signal: 5;P Files: 1;D Answers: 1;D Defaults: 2","5,1,1,2","0.1325454187","false","999.33057431097609","999.33057431097632","4","0.35","0","999.2947328316036","0.035841479372720642","false"
"Specification-CenterWeightedContinuousMeritsModerateRiskAversion__Cost-0.5__Fee-British","1","23","1","D","8","15","D Offer","D Liability Signal: 5;P Files: 1;D Answers: 1;D Defaults: 2","5,1,1,2","0.1325454187","false","999.33057431097609","999.33057431097632","5","0.45","0","999.27392548987552","0.056648821100793612","false"
"Specification-CenterWeightedContinuousMeritsModerateRiskAversion__Cost-0.5__Fee-British","1","23","1","D","8","15","D Offer","D Liability Signal: 5;P Files: 1;D Answers: 1;D Defaults: 2","5,1,1,2","0.1325454187","false","999.33057431097609","999.33057431097632","6","0.55","0","999.25093980516306","0.079634505813260148","false"
"Specification-CenterWeightedContinuousMeritsModerateRiskAversion__Cost-0.5__Fee-British","1","23","1","D","8","15","D Offer","D Liability Signal: 5;P Files: 1;D Answers: 1;D Defaults: 2","5,1,1,2","0.1325454187","false","999.33057431097609","999.33057431097632","7","0.65","0","999.22553770719514","0.10503660378117274","false"
"Specification-CenterWeightedContinuousMeritsModerateRiskAversion__Cost-0.5__Fee-British","1","23","1","D","8","15","D Offer","D Liability Signal: 5;P Files: 1;D Answers: 1;D Defaults: 2","5,1,1,2","0.1325454187","false","999.33057431097609","999.33057431097632","8","0.75","0","999.19745731867306","0.13311699230325758","false"
"Specification-CenterWeightedContinuousMeritsModerateRiskAversion__Cost-0.5__Fee-British","1","23","1","D","8","15","D Offer","D Liability Signal: 5;P Files: 1;D Answers: 1;D Defaults: 2","5,1,1,2","0.1325454187","false","999.33057431097609","999.33057431097632","9","0.85","0.40073021499500039","999.33057431097632","0","true"
"Specification-CenterWeightedContinuousMeritsModerateRiskAversion__Cost-0.5__Fee-British","1","23","1","D","8","15","D Offer","D Liability Signal: 5;P Files: 1;D Answers: 1;D Defaults: 2","5,1,1,2","0.1325454187","false","999.33057431097609","999.33057431097632","10","0.95","0","999.24054635512732","0.090027955848995589","false"
"Specification-CenterWeightedContinuousMeritsModerateRiskAversion__Cost-0.5__Fee-British","1","24","1","D","3","10","D Answers","D Liability Signal: 6;P Files: 1","6,1","0.13254448790000001","false","999.26677819810823","999.26677819810823","1","Yes","1","999.26677819810823","0","true"
"Specification-CenterWeightedContinuousMeritsModerateRiskAversion__Cost-0.5__Fee-British","1","24","1","D","3","10","D Answers","D Liability Signal: 6;P Files: 1","6,1","0.13254448790000001","false","999.26677819810823","999.26677819810823","2","No","0","998.80796501949976","0.45881317860846593","false"
"Specification-CenterWeightedContinuousMeritsModerateRiskAversion__Cost-0.5__Fee-British","1","25","1","D","6","21","D Defaults","D Liability Signal: 6;P Files: 1;D Answers: 1","6,1,1","0.13254448789999998","false","999.26677819810845","999.26677819810845","1","Yes","0","999.08961501415251","0.17716318395594044","false"
"Specification-CenterWeightedContinuousMeritsModerateRiskAversion__Cost-0.5__Fee-British","1","25","1","D","6","21","D Defaults","D Liability Signal: 6;P Files: 1;D Answers: 1","6,1,1","0.13254448789999998","false","999.26677819810845","999.26677819810845","2","No","1","999.26677819810845","0","true"
"Specification-CenterWeightedContinuousMeritsModerateRiskAversion__Cost-0.5__Fee-British","1","26","1","D","8","15","D Offer","D Liability Signal: 6;P Files: 1;D Answers: 1;D Defaults: 1","6,1,1,1","0","true","","","1","0.05","0.10000000000000001","","",""
"Specification-CenterWeightedContinuousMeritsModerateRiskAversion__Cost-0.5__Fee-British","1","26","1","D","8","15","D Offer","D Liability Signal: 6;P Files: 1;D Answers: 1;D Defaults: 1","6,1,1,1","0","true","","","2","0.15","0.10000000000000001","","",""
"Specification-CenterWeightedContinuousMeritsModerateRiskAversion__Cost-0.5__Fee-British","1","26","1","D","8","15","D Offer","D Liability Signal: 6;P Files: 1;D Answers: 1;D Defaults: 1","6,1,1,1","0","true","","","3","0.25","0.10000000000000001","","",""
"Specification-CenterWeightedContinuousMeritsModerateRiskAversion__Cost-0.5__Fee-British","1","26","1","D","8","15","D Offer","D Liability Signal: 6;P Files: 1;D Answers: 1;D Defaults: 1","6,1,1,1","0","true","","","4","0.35","0.10000000000000001","","",""
"Specification-CenterWeightedContinuousMeritsModerateRiskAversion__Cost-0.5__Fee-British","1","26","1","D","8","15","D Offer","D Liability Signal: 6;P Files: 1;D Answers: 1;D Defaults: 1","6,1,1,1","0","true","","","5","0.45","0.10000000000000001","","",""
"Specification-CenterWeightedContinuousMeritsModerateRiskAversion__Cost-0.5__Fee-British","1","26","1","D","8","15","D Offer","D Liability Signal: 6;P Files: 1;D Answers: 1;D Defaults: 1","6,1,1,1","0","true","","","6","0.55","0.10000000000000001","","",""
"Specification-CenterWeightedContinuousMeritsModerateRiskAversion__Cost-0.5__Fee-British","1","26","1","D","8","15","D Offer","D Liability Signal: 6;P Files: 1;D Answers: 1;D Defaults: 1","6,1,1,1","0","true","","","7","0.65","0.10000000000000001","","",""
"Specification-CenterWeightedContinuousMeritsModerateRiskAversion__Cost-0.5__Fee-British","1","26","1","D","8","15","D Offer","D Liability Signal: 6;P Files: 1;D Answers: 1;D Defaults: 1","6,1,1,1","0","true","","","8","0.75","0.10000000000000001","","",""
"Specification-CenterWeightedContinuousMeritsModerateRiskAversion__Cost-0.5__Fee-British","1","26","1","D","8","15","D Offer","D Liability Signal: 6;P Files: 1;D Answers: 1;D Defaults: 1","6,1,1,1","0","true","","","9","0.85","0.10000000000000001","","",""
"Specification-CenterWeightedContinuousMeritsModerateRiskAversion__Cost-0.5__Fee-British","1","26","1","D","8","15","D Offer","D Liability Signal: 6;P Files: 1;D Answers: 1;D Defaults: 1","6,1,1,1","0","true","","","10","0.95","0.10000000000000001","","",""
"Specification-CenterWeightedContinuousMeritsModerateRiskAversion__Cost-0.5__Fee-British","1","27","1","D","8","15","D Offer","D Liability Signal: 6;P Files: 1;D Answers: 1;D Defaults: 2","6,1,1,2","0.13254448789999998","false","999.26677819810845","999.26677819810845","1","0.05","0","998.72081334621453","0.54596485189392752","false"
"Specification-CenterWeightedContinuousMeritsModerateRiskAversion__Cost-0.5__Fee-British","1","27","1","D","8","15","D Offer","D Liability Signal: 6;P Files: 1;D Answers: 1;D Defaults: 2","6,1,1,2","0.13254448789999998","false","999.26677819810845","999.26677819810845","2","0.15","0","999.094918594305","0.17185960380345477","false"
"Specification-CenterWeightedContinuousMeritsModerateRiskAversion__Cost-0.5__Fee-British","1","27","1","D","8","15","D Offer","D Liability Signal: 6;P Files: 1;D Answers: 1;D Defaults: 2","6,1,1,2","0.13254448789999998","false","999.26677819810845","999.26677819810845","3","0.25","0","999.08118159533012","0.18559660277833245","false"
"Specification-CenterWeightedContinuousMeritsModerateRiskAversion__Cost-0.5__Fee-British","1","27","1","D","8","15","D Offer","D Liability Signal: 6;P Files: 1;D Answers: 1;D Defaults: 2","6,1,1,2","0.13254448789999998","false","999.26677819810845","999.26677819810845","4","0.35","0","999.06599404611393","0.20078415199452593","false"
"Specification-CenterWeightedContinuousMeritsModerateRiskAversion__Cost-0.5__Fee-British","1","27","1","D","8","15","D Offer","D Liability Signal: 6;P Files: 1;D Answers: 1;D Defaults: 2","6,1,1,2","0.13254448789999998","false","999.26677819810845","999.26677819810845","5","0.45","0","999.04920224596844","0.21757595214000958","false"
"Specification-CenterWeightedContinuousMeritsModerateRiskAversion__Cost-0.5__Fee-British","1","27","1","D","8","15","D Offer","D Liability Signal: 6;P Files: 1;D Answers: 1;D Defaults: 2","6,1,1,2","0.13254448789999998","false","999.26677819810845","999.26677819810845","6","0.55","0","999.03065249420592","0.2361257039025304","false"
"Specification-CenterWeightedContinuousMeritsModerateRiskAversion__Cost-0.5__Fee-British","1","27","1","D","8","15","D Offer","D Liability Signal: 6;P Files: 1;D Answers: 1;D Defaults: 2","6,1,1,2","0.13254448789999998","false","999.26677819810845","999.26677819810845","7","0.65","0","999.01015266496654","0.25662553314191427","false"
"Specification-CenterWeightedContinuousMeritsModerateRiskAversion__Cost-0.5__Fee-British","1","27","1","D","8","15","D Offer","D Liability Signal: 6;P Files: 1;D Answers: 1;D Defaults: 2","6,1,1,2","0.13254448789999998","false","999.26677819810845","999.26677819810845","8","0.75","0","998.98749141980454","0.2792867783039128","false"
"Specification-CenterWeightedContinuousMeritsModerateRiskAversion__Cost-0.5__Fee-British","1","27","1","D","8","15","D Offer","D Liability Signal: 6;P Files: 1;D Answers: 1;D Defaults: 2","6,1,1,2","0.13254448789999998","false","999.26677819810845","999.26677819810845","9","0.85","1","999.26677819810845","0","true"
"Specification-CenterWeightedContinuousMeritsModerateRiskAversion__Cost-0.5__Fee-British","1","27","1","D","8","15","D Offer","D Liability Signal: 6;P Files: 1;D Answers: 1;D Defaults: 2","6,1,1,2","0.13254448789999998","false","999.26677819810845","999.26677819810845","10","0.95","0","999.17004006093055","0.096738137177908357","false"
"Specification-CenterWeightedContinuousMeritsModerateRiskAversion__Cost-0.5__Fee-British","1","28","1","D","3","10","D Answers","D Liability Signal: 7;P Files: 1","7,1","0.12336867579999999","false","999.20630013694449","999.20630013694449","1","Yes","1","999.20630013694449","0","true"
"Specification-CenterWeightedContinuousMeritsModerateRiskAversion__Cost-0.5__Fee-British","1","28","1","D","3","10","D Answers","D Liability Signal: 7;P Files: 1","7,1","0.12336867579999999","false","999.20630013694449","999.20630013694449","2","No","0","998.8079650195001","0.39833511744438965","false"
"Specification-CenterWeightedContinuousMeritsModerateRiskAversion__Cost-0.5__Fee-British","1","29","1","D","6","21","D Defaults","D Liability Signal: 7;P Files: 1;D Answers: 1","7,1,1","0.12336867579999999","false","999.20630013694449","999.20630013694449","1","Yes","0","998.99191357639063","0.21438656055386218","false"
"Specification-CenterWeightedContinuousMeritsModerateRiskAversion__Cost-0.5__Fee-British","1","29","1","D","6","21","D Defaults","D Liability Signal: 7;P Files: 1;D Answers: 1","7,1,1","0.12336867579999999","false","999.20630013694449","999.20630013694449","2","No","1","999.20630013694449","0","true"
"Specification-CenterWeightedContinuousMeritsModerateRiskAversion__Cost-0.5__Fee-British","1","30","1","D","8","15","D Offer","D Liability Signal: 7;P Files: 1;D Answers: 1;D Defaults: 1","7,1,1,1","0","true","","","1","0.05","0.10000000000000001","","",""
"Specification-CenterWeightedContinuousMeritsModerateRiskAversion__Cost-0.5__Fee-British","1","30","1","D","8","15","D Offer","D Liability Signal: 7;P Files: 1;D Answers: 1;D Defaults: 1","7,1,1,1","0","true","","","2","0.15","0.10000000000000001","","",""
"Specification-CenterWeightedContinuousMeritsModerateRiskAversion__Cost-0.5__Fee-British","1","30","1","D","8","15","D Offer","D Liability Signal: 7;P Files: 1;D Answers: 1;D Defaults: 1","7,1,1,1","0","true","","","3","0.25","0.10000000000000001","","",""
"Specification-CenterWeightedContinuousMeritsModerateRiskAversion__Cost-0.5__Fee-British","1","30","1","D","8","15","D Offer","D Liability Signal: 7;P Files: 1;D Answers: 1;D Defaults: 1","7,1,1,1","0","true","","","4","0.35","0.10000000000000001","","",""
"Specification-CenterWeightedContinuousMeritsModerateRiskAversion__Cost-0.5__Fee-British","1","30","1","D","8","15","D Offer","D Liability Signal: 7;P Files: 1;D Answers: 1;D Defaults: 1","7,1,1,1","0","true","","","5","0.45","0.10000000000000001","","",""
"Specification-CenterWeightedContinuousMeritsModerateRiskAversion__Cost-0.5__Fee-British","1","30","1","D","8","15","D Offer","D Liability Signal: 7;P Files: 1;D Answers: 1;D Defaults: 1","7,1,1,1","0","true","","","6","0.55","0.10000000000000001","","",""
"Specification-CenterWeightedContinuousMeritsModerateRiskAversion__Cost-0.5__Fee-British","1","30","1","D","8","15","D Offer","D Liability Signal: 7;P Files: 1;D Answers: 1;D Defaults: 1","7,1,1,1","0","true","","","7","0.65","0.10000000000000001","","",""
"Specification-CenterWeightedContinuousMeritsModerateRiskAversion__Cost-0.5__Fee-British","1","30","1","D","8","15","D Offer","D Liability Signal: 7;P Files: 1;D Answers: 1;D Defaults: 1","7,1,1,1","0","true","","","8","0.75","0.10000000000000001","","",""
"Specification-CenterWeightedContinuousMeritsModerateRiskAversion__Cost-0.5__Fee-British","1","30","1","D","8","15","D Offer","D Liability Signal: 7;P Files: 1;D Answers: 1;D Defaults: 1","7,1,1,1","0","true","","","9","0.85","0.10000000000000001","","",""
"Specification-CenterWeightedContinuousMeritsModerateRiskAversion__Cost-0.5__Fee-British","1","30","1","D","8","15","D Offer","D Liability Signal: 7;P Files: 1;D Answers: 1;D Defaults: 1","7,1,1,1","0","true","","","10","0.95","0.10000000000000001","","",""
"Specification-CenterWeightedContinuousMeritsModerateRiskAversion__Cost-0.5__Fee-British","1","31","1","D","8","15","D Offer","D Liability Signal: 7;P Files: 1;D Answers: 1;D Defaults: 2","7,1,1,2","0.12336867579999999","false","999.20630013694449","999.20630013694449","1","0.05","0","998.48633079068316","0.7199693462613368","false"
"Specification-CenterWeightedContinuousMeritsModerateRiskAversion__Cost-0.5__Fee-British","1","31","1","D","8","15","D Offer","D Liability Signal: 7;P Files: 1;D Answers: 1;D Defaults: 2","7,1,1,2","0.12336867579999999","false","999.20630013694449","999.20630013694449","2","0.15","0","998.842249492571","0.3640506443734921","false"
"Specification-CenterWeightedContinuousMeritsModerateRiskAversion__Cost-0.5__Fee-British","1","31","1","D","8","15","D Offer","D Liability Signal: 7;P Files: 1;D Answers: 1;D Defaults: 2","7,1,1,2","0.12336867579999999","false","999.20630013694449","999.20630013694449","3","0.25","0","998.83162666404246","0.37467347290203179","false"
"Specification-CenterWeightedContinuousMeritsModerateRiskAversion__Cost-0.5__Fee-British","1","31","1","D","8","15","D Offer","D Liability Signal: 7;P Files: 1;D Answers: 1;D Defaults: 2","7,1,1,2","0.12336867579999999","false","999.20630013694449","999.20630013694449","4","0.35","0","998.8198821242496","0.38641801269488951","false"
"Specification-CenterWeightedContinuousMeritsModerateRiskAversion__Cost-0.5__Fee-British","1","31","1","D","8","15","D Offer","D Liability Signal: 7;P Files: 1;D Answers: 1;D Defaults: 2","7,1,1,2","0.12336867579999999","false","999.20630013694449","999.20630013694449","5","0.45","0","998.80689701637016","0.39940312057433403","false"
"Specification-CenterWeightedContinuousMeritsModerateRiskAversion__Cost-0.5__Fee-British","1","31","1","D","8","15","D Offer","D Liability Signal: 7;P Files: 1;D Answers: 1;D Defaults: 2","7,1,1,2","0.12336867579999999","false","999.20630013694449","999.20630013694449","6","0.55","0","998.79255248358095","0.41374765336354358","false"
"Specification-CenterWeightedContinuousMeritsModerateRiskAversion__Cost-0.5__Fee-British","1","31","1","D","8","15","D Offer","D Liability Signal: 7;P Files: 1;D Answers: 1;D Defaults: 2","7,1,1,2","0.12336867579999999","false","999.20630013694449","999.20630013694449","7","0.65","0","998.77669995485383","0.42960018209066675","false"
"Specification-CenterWeightedContinuousMeritsModerateRiskAversion__Cost-0.5__Fee-British","1","31","1","D","8","15","D Offer","D Liability Signal: 7;P Files: 1;D Answers: 1;D Defaults: 2","7,1,1,2","0.12336867579999999","false","999.20630013694449","999.20630013694449","8","0.75","0","998.7591760020573","0.44712413488718994","false"
"Specification-CenterWeightedContinuousMeritsModerateRiskAversion__Cost-0.5__Fee-British","1","31","1","D","8","15","D Offer","D Liability Signal: 7;P Files: 1;D Answers: 1;D Defaults: 2","7,1,1,2","0.12336867579999999","false","999.20630013694449","999.20630013694449","9","0.85","1","999.20630013694449","0","true"
"Specification-CenterWeightedContinuousMeritsModerateRiskAversion__Cost-0.5__Fee-British","1","31","1","D","8","15","D Offer","D Liability Signal: 7;P Files: 1;D Answers: 1;D Defaults: 2","7,1,1,2","0.12336867579999999","false","999.20630013694449","999.20630013694449","10","0.95","0","999.10320081663804","0.10309932030645541","false"
"Specification-CenterWeightedContinuousMeritsModerateRiskAversion__Cost-0.5__Fee-British","1","32","1","D","3","10","D Answers","D Liability Signal: 8;P Files: 1","8,1","0.10577474150000001","false","999.15452673513403","999.15452673513403","1","Yes","1","999.15452673513403","0","true"
"Specification-CenterWeightedContinuousMeritsModerateRiskAversion__Cost-0.5__Fee-British","1","32","1","D","3","10","D Answers","D Liability Signal: 8;P Files: 1","8,1","0.10577474150000001","false","999.15452673513403","999.15452673513403","2","No","0","998.80796501949987","0.34656171563415228","false"
"Specification-CenterWeightedContinuousMeritsModerateRiskAversion__Cost-0.5__Fee-British","1","33","1","D","6","21","D Defaults","D Liability Signal: 8;P Files: 1;D Answers: 1","8,1,1","0.10577474150000001","false","999.15452673513403","999.15452673513403","1","Yes","0","998.90810962507112","0.24641711006290734","false"
"Specification-CenterWeightedContinuousMeritsModerateRiskAversion__Cost-0.5__Fee-British","1","33","1","D","6","21","D Defaults","D Liability Signal: 8;P Files: 1;D Answers: 1","8,1,1","0.10577474150000001","false","999.15452673513403","999.15452673513403","2","No","1","999.15452673513403","0","true"
"Specification-CenterWeightedContinuousMeritsModerateRiskAversion__Cost-0.5__Fee-British","1","34","1","D","8","15","D Offer","D Liability Signal: 8;P Files: 1;D Answers: 1;D Defaults: 1","8,1,1,1","0","true","","","1","0.05","0.10000000000000001","","",""
"Specification-CenterWeightedContinuousMeritsModerateRiskAversion__Cost-0.5__Fee-British","1","34","1","D","8","15","D Offer","D Liability Signal: 8;P Files: 1;D Answers: 1;D Defaults: 1","8,1,1,1","0","true","","","2","0.15","0.10000000000000001","","",""
"Specification-CenterWeightedContinuousMeritsModerateRiskAversion__Cost-0.5__Fee-British","1","34","1","D","8","15","D Offer","D Liability Signal: 8;P Files: 1;D Answers: 1;D Defaults: 1","8,1,1,1","0","true","","","3","0.25","0.10000000000000001","","",""
"Specification-CenterWeightedContinuousMeritsModerateRiskAversion__Cost-0.5__Fee-British","1","34","1","D","8","15","D Offer","D Liability Signal: 8;P Files: 1;D Answers: 1;D Defaults: 1","8,1,1,1","0","true","","","4","0.35","0.10000000000000001","","",""
"Specification-CenterWeightedContinuousMeritsModerateRiskAversion__Cost-0.5__Fee-British","1","34","1","D","8","15","D Offer","D Liability Signal: 8;P Files: 1;D Answers: 1;D Defaults: 1","8,1,1,1","0","true","","","5","0.45","0.10000000000000001","","",""
"Specification-CenterWeightedContinuousMeritsModerateRiskAversion__Cost-0.5__Fee-British","1","34","1","D","8","15","D Offer","D Liability Signal: 8;P Files: 1;D Answers: 1;D Defaults: 1","8,1,1,1","0","true","","","6","0.55","0.10000000000000001","","",""
"Specification-CenterWeightedContinuousMeritsModerateRiskAversion__Cost-0.5__Fee-British","1","34","1","D","8","15","D Offer","D Liability Signal: 8;P Files: 1;D Answers: 1;D Defaults: 1","8,1,1,1","0","true","","","7","0.65","0.10000000000000001","","",""
"Specification-CenterWeightedContinuousMeritsModerateRiskAversion__Cost-0.5__Fee-British","1","34","1","D","8","15","D Offer","D Liability Signal: 8;P Files: 1;D Answers: 1;D Defaults: 1","8,1,1,1","0","true","","","8","0.75","0.10000000000000001","","",""
"Specification-CenterWeightedContinuousMeritsModerateRiskAversion__Cost-0.5__Fee-British","1","34","1","D","8","15","D Offer","D Liability Signal: 8;P Files: 1;D Answers: 1;D Defaults: 1","8,1,1,1","0","true","","","9","0.85","0.10000000000000001","","",""
"Specification-CenterWeightedContinuousMeritsModerateRiskAversion__Cost-0.5__Fee-British","1","34","1","D","8","15","D Offer","D Liability Signal: 8;P Files: 1;D Answers: 1;D Defaults: 1","8,1,1,1","0","true","","","10","0.95","0.10000000000000001","","",""
"Specification-CenterWeightedContinuousMeritsModerateRiskAversion__Cost-0.5__Fee-British","1","35","1","D","8","15","D Offer","D Liability Signal: 8;P Files: 1;D Answers: 1;D Defaults: 2","8,1,1,2","0.10577474150000001","false","999.15452673513403","999.15452673513403","1","0.05","0","998.28517930791043","0.8693474272236017","false"
"Specification-CenterWeightedContinuousMeritsModerateRiskAversion__Cost-0.5__Fee-British","1","35","1","D","8","15","D Offer","D Liability Signal: 8;P Files: 1;D Answers: 1;D Defaults: 2","8,1,1,2","0.10577474150000001","false","999.15452673513403","999.15452673513403","2","0.15","0","998.60163990237345","0.55288683276057782","false"
"Specification-CenterWeightedContinuousMeritsModerateRiskAversion__Cost-0.5__Fee-British","1","35","1","D","8","15","D Offer","D Liability Signal: 8;P Files: 1;D Answers: 1;D Defaults: 2","8,1,1,2","0.10577474150000001","false","999.15452673513403","999.15452673513403","3","0.25","0","998.59368301906079","0.56084371607323646","false"
"Specification-CenterWeightedContinuousMeritsModerateRiskAversion__Cost-0.5__Fee-British","1","35","1","D","8","15","D Offer","D Liability Signal: 8;P Files: 1;D Answers: 1;D Defaults: 2","8,1,1,2","0.10577474150000001","false","999.15452673513403","999.15452673513403","4","0.35","0","998.58488593338438","0.56964080174964238","false"
"Specification-CenterWeightedContinuousMeritsModerateRiskAversion__Cost-0.5__Fee-British","1","35","1","D","8","15","D Offer","D Liability Signal: 8;P Files: 1;D Answers: 1;D Defaults: 2","8,1,1,2","0.10577474150000001","false","999.15452673513403","999.15452673513403","5","0.45","0","998.57515961727904","0.57936711785498574","false"
"Specification-CenterWeightedContinuousMeritsModerateRiskAversion__Cost-0.5__Fee-British","1","35","1","D","8","15","D Offer","D Liability Signal: 8;P Files: 1;D Answers: 1;D Defaults: 2","8,1,1,2","0.10577474150000001","false","999.15452673513403","999.15452673513403","6","0.55","0","998.56441504267991","0.59011169245411565","false"
"Specification-CenterWeightedContinuousMeritsModerateRiskAversion__Cost-0.5__Fee-British","1","35","1","D","8","15","D Offer","D Liability Signal: 8;P Files: 1;D Answers: 1;D Defaults: 2","8,1,1,2","0.10577474150000001","false","999.15452673513403","999.15452673513403","7","0.65","0","998.55254092450559","0.60198581062843459","false"
"Specification-CenterWeightedContinuousMeritsModerateRiskAversion__Cost-0.5__Fee-British","1","35","1","D","8","15","D Offer","D Liability Signal: 8;P Files: 1;D Answers: 1;D Defaults: 2","8,1,1,2","0.10577474150000001","false","999.15452673513403","999.15452673513403","8","0.75","0","998.53941484916675","0.61511188596728061","false"
"Specification-CenterWeightedContinuousMeritsModerateRiskAversion__Cost-0.5__Fee-British","1","35","1","D","8","15","D Offer","D Liability Signal: 8;P Files: 1;D Answers: 1;D Defaults: 2","8,1,1,2","0.10577474150000001","false","999.15452673513403","999.15452673513403","9","0.85","1","999.15452673513403","0","true"
"Specification-CenterWeightedContinuousMeritsModerateRiskAversion__Cost-0.5__Fee-British","1","35","1","D","8","15","D Offer","D Liability Signal: 8;P Files: 1;D Answers: 1;D Defaults: 2","8,1,1,2","0.10577474150000001","false","999.15452673513403","999.15452673513403","10","0.95","0","999.04598180225742","0.10854493287661171","false"
"Specification-CenterWeightedContinuousMeritsModerateRiskAversion__Cost-0.5__Fee-British","1","36","1","D","3","10","D Answers","D Liability Signal: 9;P Files: 1","9,1","0.082027791799999999","false","999.11391383509908","999.11391383509908","1","Yes","1","999.11391383509908","0","true"
"Specification-CenterWeightedContinuousMeritsModerateRiskAversion__Cost-0.5__Fee-British","1","36","1","D","3","10","D Answers","D Liability Signal: 9;P Files: 1","9,1","0.082027791799999999","false","999.11391383509908","999.11391383509908","2","No","0","998.80796501949999","0.30594881559909481","false"
"Specification-CenterWeightedContinuousMeritsModerateRiskAversion__Cost-0.5__Fee-British","1","37","1","D","6","21","D Defaults","D Liability Signal: 9;P Files: 1;D Answers: 1","9,1,1","0.082027791799999999","false","999.11391383509908","999.11391383509908","1","Yes","0","998.84223593935417","0.27167789574491508","false"
"Specification-CenterWeightedContinuousMeritsModerateRiskAversion__Cost-0.5__Fee-British","1","37","1","D","6","21","D Defaults","D Liability Signal: 9;P Files: 1;D Answers: 1","9,1,1","0.082027791799999999","false","999.11391383509908","999.11391383509908","2","No","1","999.11391383509908","0","true"
"Specification-CenterWeightedContinuousMeritsModerateRiskAversion__Cost-0.5__Fee-British","1","38","1","D","8","15","D Offer","D Liability Signal: 9;P Files: 1;D Answers: 1;D Defaults: 1","9,1,1,1","0","true","","","1","0.05","0.10000000000000001","","",""
"Specification-CenterWeightedContinuousMeritsModerateRiskAversion__Cost-0.5__Fee-British","1","38","1","D","8","15","D Offer","D Liability Signal: 9;P Files: 1;D Answers: 1;D Defaults: 1","9,1,1,1","0","true","","","2","0.15","0.10000000000000001","","",""
"Specification-CenterWeightedContinuousMeritsModerateRiskAversion__Cost-0.5__Fee-British","1","38","1","D","8","15","D Offer","D Liability Signal: 9;P Files: 1;D Answers: 1;D Defaults: 1","9,1,1,1","0","true","","","3","0.25","0.10000000000000001","","",""
"Specification-CenterWeightedContinuousMeritsModerateRiskAversion__Cost-0.5__Fee-British","1","38","1","D","8","15","D Offer","D Liability Signal: 9;P Files: 1;D Answers: 1;D Defaults: 1","9,1,1,1","0","true","","","4","0.35","0.10000000000000001","","",""
"Specification-CenterWeightedContinuousMeritsModerateRiskAversion__Cost-0.5__Fee-British","1","38","1","D","8","15","D Offer","D Liability Signal: 9;P Files: 1;D Answers: 1;D Defaults: 1","9,1,1,1","0","true","","","5","0.45","0.10000000000000001","","",""
"Specification-CenterWeightedContinuousMeritsModerateRiskAversion__Cost-0.5__Fee-British","1","38","1","D","8","15","D Offer","D Liability Signal: 9;P Files: 1;D Answers: 1;D Defaults: 1","9,1,1,1","0","true","","","6","0.55","0.10000000000000001","","",""
"Specification-CenterWeightedContinuousMeritsModerateRiskAversion__Cost-0.5__Fee-British","1","38","1","D","8","15","D Offer","D Liability Signal: 9;P Files: 1;D Answers: 1;D Defaults: 1","9,1,1,1","0","true","","","7","0.65","0.10000000000000001","","",""
"Specification-CenterWeightedContinuousMeritsModerateRiskAversion__Cost-0.5__Fee-British","1","38","1","D","8","15","D Offer","D Liability Signal: 9;P Files: 1;D Answers: 1;D Defaults: 1","9,1,1,1","0","true","","","8","0.75","0.10000000000000001","","",""
"Specification-CenterWeightedContinuousMeritsModerateRiskAversion__Cost-0.5__Fee-British","1","38","1","D","8","15","D Offer","D Liability Signal: 9;P Files: 1;D Answers: 1;D Defaults: 1","9,1,1,1","0","true","","","9","0.85","0.10000000000000001","","",""
"Specification-CenterWeightedContinuousMeritsModerateRiskAversion__Cost-0.5__Fee-British","1","38","1","D","8","15","D Offer","D Liability Signal: 9;P Files: 1;D Answers: 1;D Defaults: 1","9,1,1,1","0","true","","","10","0.95","0.10000000000000001","","",""
"Specification-CenterWeightedContinuousMeritsModerateRiskAversion__Cost-0.5__Fee-British","1","39","1","D","8","15","D Offer","D Liability Signal: 9;P Files: 1;D Answers: 1;D Defaults: 2","9,1,1,2","0.082027791799999999","false","999.11391383509908","999.11391383509908","1","0.05","0","998.12696230614256","0.98695152895652427","false"
"Specification-CenterWeightedContinuousMeritsModerateRiskAversion__Cost-0.5__Fee-British","1","39","1","D","8","15","D Offer","D Liability Signal: 9;P Files: 1;D Answers: 1;D Defaults: 2","9,1,1,2","0.082027791799999999","false","999.11391383509908","999.11391383509908","2","0.15","0","998.39499407853657","0.71891975656251361","false"
"Specification-CenterWeightedContinuousMeritsModerateRiskAversion__Cost-0.5__Fee-British","1","39","1","D","8","15","D Offer","D Liability Signal: 9;P Files: 1;D Answers: 1;D Defaults: 2","9,1,1,2","0.082027791799999999","false","999.11391383509908","999.11391383509908","3","0.25","0","998.38912845758568","0.724785377513399","false"
"Specification-CenterWeightedContinuousMeritsModerateRiskAversion__Cost-0.5__Fee-British","1","39","1","D","8","15","D Offer","D Liability Signal: 9;P Files: 1;D Answers: 1;D Defaults: 2","9,1,1,2","0.082027791799999999","false","999.11391383509908","999.11391383509908","4","0.35","0","998.38264345987693","0.73127037522215232","false"
"Specification-CenterWeightedContinuousMeritsModerateRiskAversion__Cost-0.5__Fee-British","1","39","1","D","8","15","D Offer","D Liability Signal: 9;P Files: 1;D Answers: 1;D Defaults: 2","9,1,1,2","0.082027791799999999","false","999.11391383509908","999.11391383509908","5","0.45","0","998.37547345608527","0.73844037901380943","false"
"Specification-CenterWeightedContinuousMeritsModerateRiskAversion__Cost-0.5__Fee-British","1","39","1","D","8","15","D Offer","D Liability Signal: 9;P Files: 1;D Answers: 1;D Defaults: 2","9,1,1,2","0.082027791799999999","false","999.11391383509908","999.11391383509908","6","0.55","0","998.36755281688522","0.74636101821386092","false"
"Specification-CenterWeightedContinuousMeritsModerateRiskAversion__Cost-0.5__Fee-British","1","39","1","D","8","15","D Offer","D Liability Signal: 9;P Files: 1;D Answers: 1;D Defaults: 2","9,1,1,2","0.082027791799999999","false","999.11391383509908","999.11391383509908","7","0.65","0","998.35879950562014","0.75511432947894264","false"
"Specification-CenterWeightedContinuousMeritsModerateRiskAversion__Cost-0.5__Fee-British","1","39","1","D","8","15","D Offer","D Liability Signal: 9;P Files: 1;D Answers: 1;D Defaults: 2","9,1,1,2","0.082027791799999999","false","999.11391383509908","999.11391383509908","8","0.75","0","998.34912328196765","0.76479055313143363","false"
"Specification-CenterWeightedContinuousMeritsModerateRiskAversion__Cost-0.5__Fee-British","1","39","1","D","8","15","D Offer","D Liability Signal: 9;P Files: 1;D Answers: 1;D Defaults: 2","9,1,1,2","0.082027791799999999","false","999.11391383509908","999.11391383509908","9","0.85","1","999.11391383509908","0","true"
"Specification-CenterWeightedContinuousMeritsModerateRiskAversion__Cost-0.5__Fee-British","1","39","1","D","8","15","D Offer","D Liability Signal: 9;P Files: 1;D Answers: 1;D Defaults: 2","9,1,1,2","0.082027791799999999","false","999.11391383509908","999.11391383509908","10","0.95","0","999.00109716980342","0.11281666529566792","false"
"Specification-CenterWeightedContinuousMeritsModerateRiskAversion__Cost-0.5__Fee-British","1","40","1","D","3","10","D Answers","D Liability Signal: 10;P Files: 1","10,1","0.056279511500000004","false","999.08411247415165","999.08411247415165","1","Yes","1","999.08411247415165","0","true"
"Specification-CenterWeightedContinuousMeritsModerateRiskAversion__Cost-0.5__Fee-British","1","40","1","D","3","10","D Answers","D Liability Signal: 10;P Files: 1","10,1","0.056279511500000004","false","999.08411247415165","999.08411247415165","2","No","0","998.80796501949999","0.27614745465166379","false"
"Specification-CenterWeightedContinuousMeritsModerateRiskAversion__Cost-0.5__Fee-British","1","41","1","D","6","21","D Defaults","D Liability Signal: 10;P Files: 1;D Answers: 1","10,1,1","0.056279511500000004","false","999.08411247415165","999.08411247415165","1","Yes","0","998.79379653467015","0.29031593948150203","false"
"Specification-CenterWeightedContinuousMeritsModerateRiskAversion__Cost-0.5__Fee-British","1","41","1","D","6","21","D Defaults","D Liability Signal: 10;P Files: 1;D Answers: 1","10,1,1","0.056279511500000004","false","999.08411247415165","999.08411247415165","2","No","1","999.08411247415165","0","true"
"Specification-CenterWeightedContinuousMeritsModerateRiskAversion__Cost-0.5__Fee-British","1","42","1","D","8","15","D Offer","D Liability Signal: 10;P Files: 1;D Answers: 1;D Defaults: 1","10,1,1,1","0","true","","","1","0.05","0.10000000000000001","","",""
"Specification-CenterWeightedContinuousMeritsModerateRiskAversion__Cost-0.5__Fee-British","1","42","1","D","8","15","D Offer","D Liability Signal: 10;P Files: 1;D Answers: 1;D Defaults: 1","10,1,1,1","0","true","","","2","0.15","0.10000000000000001","","",""
"Specification-CenterWeightedContinuousMeritsModerateRiskAversion__Cost-0.5__Fee-British","1","42","1","D","8","15","D Offer","D Liability Signal: 10;P Files: 1;D Answers: 1;D Defaults: 1","10,1,1,1","0","true","","","3","0.25","0.10000000000000001","","",""
"Specification-CenterWeightedContinuousMeritsModerateRiskAversion__Cost-0.5__Fee-British","1","42","1","D","8","15","D Offer","D Liability Signal: 10;P Files: 1;D Answers: 1;D Defaults: 1","10,1,1,1","0","true","","","4","0.35","0.10000000000000001","","",""
"Specification-CenterWeightedContinuousMeritsModerateRiskAversion__Cost-0.5__Fee-British","1","42","1","D","8","15","D Offer","D Liability Signal: 10;P Files: 1;D Answers: 1;D Defaults: 1","10,1,1,1","0","true","","","5","0.45","0.10000000000000001","","",""
"Specification-CenterWeightedContinuousMeritsModerateRiskAversion__Cost-0.5__Fee-British","1","42","1","D","8","15","D Offer","D Liability Signal: 10;P Files: 1;D Answers: 1;D Defaults: 1","10,1,1,1","0","true","","","6","0.55","0.10000000000000001","","",""
"Specification-CenterWeightedContinuousMeritsModerateRiskAversion__Cost-0.5__Fee-British","1","42","1","D","8","15","D Offer","D Liability Signal: 10;P Files: 1;D Answers: 1;D Defaults: 1","10,1,1,1","0","true","","","7","0.65","0.10000000000000001","","",""
"Specification-CenterWeightedContinuousMeritsModerateRiskAversion__Cost-0.5__Fee-British","1","42","1","D","8","15","D Offer","D Liability Signal: 10;P Files: 1;D Answers: 1;D Defaults: 1","10,1,1,1","0","true","","","8","0.75","0.10000000000000001","","",""
"Specification-CenterWeightedContinuousMeritsModerateRiskAversion__Cost-0.5__Fee-British","1","42","1","D","8","15","D Offer","D Liability Signal: 10;P Files: 1;D Answers: 1;D Defaults: 1","10,1,1,1","0","true","","","9","0.85","0.10000000000000001","","",""
"Specification-CenterWeightedContinuousMeritsModerateRiskAversion__Cost-0.5__Fee-British","1","42","1","D","8","15","D Offer","D Liability Signal: 10;P Files: 1;D Answers: 1;D Defaults: 1","10,1,1,1","0","true","","","10","0.95","0.10000000000000001","","",""
"Specification-CenterWeightedContinuousMeritsModerateRiskAversion__Cost-0.5__Fee-British","1","43","1","D","8","15","D Offer","D Liability Signal: 10;P Files: 1;D Answers: 1;D Defaults: 2","10,1,1,2","0.056279511500000004","false","999.08411247415165","999.08411247415165","1","0.05","0","998.01041534058368","1.0736971335679755","false"
"Specification-CenterWeightedContinuousMeritsModerateRiskAversion__Cost-0.5__Fee-British","1","43","1","D","8","15","D Offer","D Liability Signal: 10;P Files: 1;D Answers: 1;D Defaults: 2","10,1,1,2","0.056279511500000004","false","999.08411247415165","999.08411247415165","2","0.15","0","998.23131573945295","0.85279673469869977","false"
"Specification-CenterWeightedContinuousMeritsModerateRiskAversion__Cost-0.5__Fee-British","1","43","1","D","8","15","D Offer","D Liability Signal: 10;P Files: 1;D Answers: 1;D Defaults: 2","10,1,1,2","0.056279511500000004","false","999.08411247415165","999.08411247415165","3","0.25","0","998.22698466699364","0.85712780715800818","false"
"Specification-CenterWeightedContinuousMeritsModerateRiskAversion__Cost-0.5__Fee-British","1","43","1","D","8","15","D Offer","D Liability Signal: 10;P Files: 1;D Answers: 1;D Defaults: 2","10,1,1,2","0.056279511500000004","false","999.08411247415165","999.08411247415165","4","0.35","0","998.22219625751211","0.86191621663954265","false"
"Specification-CenterWeightedContinuousMeritsModerateRiskAversion__Cost-0.5__Fee-British","1","43","1","D","8","15","D Offer","D Liability Signal: 10;P Files: 1;D Answers: 1;D Defaults: 2","10,1,1,2","0.056279511500000004","false","999.08411247415165","999.08411247415165","5","0.45","0","998.21690205145671","0.86721042269493864","false"
"Specification-CenterWeightedContinuousMeritsModerateRiskAversion__Cost-0.5__Fee-British","1","43","1","D","8","15","D Offer","D Liability Signal: 10;P Files: 1;D Answers: 1;D Defaults: 2","10,1,1,2","0.056279511500000004","false","999.08411247415165","999.08411247415165","6","0.55","0","998.21105358927537","0.87305888487628636","false"
"Specification-CenterWeightedContinuousMeritsModerateRiskAversion__Cost-0.5__Fee-British","1","43","1","D","8","15","D Offer","D Liability Signal: 10;P Files: 1;D Answers: 1;D Defaults: 2","10,1,1,2","0.056279511500000004","false","999.08411247415165","999.08411247415165","7","0.65","0","998.20459029652841","0.87952217762324381","false"
"Specification-CenterWeightedContinuousMeritsModerateRiskAversion__Cost-0.5__Fee-British","1","43","1","D","8","15","D Offer","D Liability Signal: 10;P Files: 1;D Answers: 1;D Defaults: 2","10,1,1,2","0.056279511500000004","false","999.08411247415165","999.08411247415165","8","0.75","0","998.19744554133104","0.88666693282061715","false"
"Specification-CenterWeightedContinuousMeritsModerateRiskAversion__Cost-0.5__Fee-British","1","43","1","D","8","15","D Offer","D Liability Signal: 10;P Files: 1;D Answers: 1;D Defaults: 2","10,1,1,2","0.056279511500000004","false","999.08411247415165","999.08411247415165","9","0.85","1","999.08411247415165","0","true"
"Specification-CenterWeightedContinuousMeritsModerateRiskAversion__Cost-0.5__Fee-British","1","43","1","D","8","15","D Offer","D Liability Signal: 10;P Files: 1;D Answers: 1;D Defaults: 2","10,1,1,2","0.056279511500000004","false","999.08411247415165","999.08411247415165","10","0.95","0","998.9681612521124","0.11595122203925712","false"
