"OptionSetName","Equilibrium Number","Information Set Number","Player Index","Player","Decision Index","Decision Code","Decision","Information Set Labels","Information Set Contents","Equilibrium Reach Probability","Off Path","Conditional Information-Set Utility","Best Action Utility","Action","Action Label","Equilibrium Action Probability","Conditional Action Utility","Utility Loss from Best Action","Is Best Action"
"Specification-CenterWeightedContinuousMeritsModerateRiskAversion__Cost-1__Fee-British","1","0","0","P","2","9","P Files","P Liability Signal: 1","1","0.056279999999999997","false","999.99999803579999","999.99999803579999","1","Yes","0","999.88092994180045","0.11906809399954454","false"
"Specification-CenterWeightedContinuousMeritsModerateRiskAversion__Cost-1__Fee-British","1","0","0","P","2","9","P Files","P Liability Signal: 1","1","0.056279999999999997","false","999.99999803579999","999.99999803579999","2","No","1","999.99999803579999","0","true"
"Specification-CenterWeightedContinuousMeritsModerateRiskAversion__Cost-1__Fee-British","1","2","0","P","5","20","P Abandons","P Liability Signal: 1;P Files: 1;D Answers: 1","1,1,1","0","true","","","1","Yes","0.5","","",""
"Specification-CenterWeightedContinuousMeritsModerateRiskAversion__Cost-1__Fee-British","1","2","0","P","5","20","P Abandons","P Liability Signal: 1;P Files: 1;D Answers: 1","1,1,1","0","true","","","2","No","0.5","","",""
"Specification-CenterWeightedContinuousMeritsModerateRiskAversion__Cost-1__Fee-British","1","4","0","P","7","14","P Offer","P Liability Signal: 1;P Files: 1;D Answers: 1;P Abandons: 1","1,1,1,1","0","true","","","1","0.05","0.10000000000000001","","",""
"Specification-CenterWeightedContinuousMeritsModerateRiskAversion__Cost-1__Fee-British","1","4","0","P","7","14","P Offer","P Liability Signal: 1;P Files: 1;D Answers: 1;P Abandons: 1","1,1,1,1","0","true","","","2","0.15","0.10000000000000001","","",""
"Specification-CenterWeightedContinuousMeritsModerateRiskAversion__Cost-1__Fee-British","1","4","0","P","7","14","P Offer","P Liability Signal: 1;P Files: 1;D Answers: 1;P Abandons: 1","1,1,1,1","0","true","","","3","0.25","0.10000000000000001","","",""
"Specification-CenterWeightedContinuousMeritsModerateRiskAversion__Cost-1__Fee-British","1","4","0","P","7","14","P Offer","P Liability Signal: 1;P Files: 1;D Answers: 1;P Abandons: 1","1,1,1,1","0","true","","","4","0.35","0.10000000000000001","","",""
"Specification-CenterWeightedContinuousMeritsModerateRiskAversion__Cost-1__Fee-British","1","4","0","P","7","14","P Offer","P Liability Signal: 1;P Files: 1;D Answers: 1;P Abandons: 1","1,1,1,1","0","true","","","5","0.45","0.10000000000000001","","",""
"Specification-CenterWeightedContinuousMeritsModerateRiskAversion__Cost-1__Fee-British","1","4","0","P","7","14","P Offer","P Liability Signal: 1;P Files: 1;D Answers: 1;P Abandons: 1","1,1,1,1","0","true","","","6","0.55","0.10000000000000001","","",""
"Specification-CenterWeightedContinuousMeritsModerateRiskAversion__Cost-1__Fee-British","1","4","0","P","7","14","P Offer","P Liability Signal: 1;P Files: 1;D Answers: 1;P Abandons: 1","1,1,1,1","0","true","","","7","0.65","0.10000000000000001","","",""
"Specification-CenterWeightedContinuousMeritsModerateRiskAversion__Cost-1__Fee-British","1","4","0","P","7","14","P Offer","P Liability Signal: 1;P Files: 1;D Answers: 1;P Abandons: 1","1,1,1,1","0","true","","","8","0.75","0.10000000000000001","","",""
"Specification-CenterWeightedContinuousMeritsModerateRiskAversion__Cost-1__Fee-British","1","4","0","P","7","14","P Offer","P Liability Signal: 1;P Files: 1;D Answers: 1;P Abandons: 1","1,1,1,1","0","true","","","9","0.85","0.10000000000000001","","",""
"Specification-CenterWeightedContinuousMeritsModerateRiskAversion__Cost-1__Fee-British","1","4","0","P","7","14","P Offer","P Liability Signal: 1;P Files: 1;D Answers: 1;P Abandons: 1","1,1,1,1","0","true","","","10","0.95","0.10000000000000001","","",""
"Specification-CenterWeightedContinuousMeritsModerateRiskAversion__Cost-1__Fee-British","1","7","0","P","7","14","P Offer","P Liability Signal: 1;P Files: 1;D Answers: 1;P Abandons: 2","1,1,1,2","0","true","","","1","0.05","0.10000000000000001","","",""
"Specification-CenterWeightedContinuousMeritsModerateRiskAversion__Cost-1__Fee-British","1","7","0","P","7","14","P Offer","P Liability Signal: 1;P Files: 1;D Answers: 1;P Abandons: 2","1,1,1,2","0","true","","","2","0.15","0.10000000000000001","","",""
"Specification-CenterWeightedContinuousMeritsModerateRiskAversion__Cost-1__Fee-British","1","7","0","P","7","14","P Offer","P Liability Signal: 1;P Files: 1;D Answers: 1;P Abandons: 2","1,1,1,2","0","true","","","3","0.25","0.10000000000000001","","",""
"Specification-CenterWeightedContinuousMeritsModerateRiskAversion__Cost-1__Fee-British","1","7","0","P","7","14","P Offer","P Liability Signal: 1;P Files: 1;D Answers: 1;P Abandons: 2","1,1,1,2","0","true","","","4","0.35","0.10000000000000001","","",""
"Specification-CenterWeightedContinuousMeritsModerateRiskAversion__Cost-1__Fee-British","1","7","0","P","7","14","P Offer","P Liability Signal: 1;P Files: 1;D Answers: 1;P Abandons: 2","1,1,1,2","0","true","","","5","0.45","0.10000000000000001","","",""
"Specification-CenterWeightedContinuousMeritsModerateRiskAversion__Cost-1__Fee-British","1","7","0","P","7","14","P Offer","P Liability Signal: 1;P Files: 1;D Answers: 1;P Abandons: 2","1,1,1,2","0","true","","","6","0.55","0.10000000000000001","","",""
"Specification-CenterWeightedContinuousMeritsModerateRiskAversion__Cost-1__Fee-British","1","7","0","P","7","14","P Offer","P Liability Signal: 1;P Files: 1;D Answers: 1;P Abandons: 2","1,1,1,2","0","true","","","7","0.65","0.10000000000000001","","",""
"Specification-CenterWeightedContinuousMeritsModerateRiskAversion__Cost-1__Fee-British","1","7","0","P","7","14","P Offer","P Liability Signal: 1;P Files: 1;D Answers: 1;P Abandons: 2","1,1,1,2","0","true","","","8","0.75","0.10000000000000001","","",""
"Specification-CenterWeightedContinuousMeritsModerateRiskAversion__Cost-1__Fee-British","1","7","0","P","7","14","P Offer","P Liability Signal: 1;P Files: 1;D Answers: 1;P Abandons: 2","1,1,1,2","0","true","","","9","0.85","0.10000000000000001","","",""
"Specification-CenterWeightedContinuousMeritsModerateRiskAversion__Cost-1__Fee-British","1","7","0","P","7","14","P Offer","P Liability Signal: 1;P Files: 1;D Answers: 1;P Abandons: 2","1,1,1,2","0","true","","","10","0.95","0.10000000000000001","","",""
"Specification-CenterWeightedContinuousMeritsModerateRiskAversion__Cost-1__Fee-British","1","44","0","P","2","9","P Files","P Liability Signal: 2","2","0.082029999999999978","false","999.99999803580033","999.99999803580033","1","Yes","0","999.90568032453621","0.094317711264125137","false"
"Specification-CenterWeightedContinuousMeritsModerateRiskAversion__Cost-1__Fee-British","1","44","0","P","2","9","P Files","P Liability Signal: 2","2","0.082029999999999978","false","999.99999803580033","999.99999803580033","2","No","1","999.99999803580033","0","true"
"Specification-CenterWeightedContinuousMeritsModerateRiskAversion__Cost-1__Fee-British","1","45","0","P","5","20","P Abandons","P Liability Signal: 2;P Files: 1;D Answers: 1","2,1,1","0","true","","","1","Yes","0.5","","",""
"Specification-CenterWeightedContinuousMeritsModerateRiskAversion__Cost-1__Fee-British","1","45","0","P","5","20","P Abandons","P Liability Signal: 2;P Files: 1;D Answers: 1","2,1,1","0","true","","","2","No","0.5","","",""
"Specification-CenterWeightedContinuousMeritsModerateRiskAversion__Cost-1__Fee-British","1","46","0","P","7","14","P Offer","P Liability Signal: 2;P Files: 1;D Answers: 1;P Abandons: 1","2,1,1,1","0","true","","","1","0.05","0.10000000000000001","","",""
"Specification-CenterWeightedContinuousMeritsModerateRiskAversion__Cost-1__Fee-British","1","46","0","P","7","14","P Offer","P Liability Signal: 2;P Files: 1;D Answers: 1;P Abandons: 1","2,1,1,1","0","true","","","2","0.15","0.10000000000000001","","",""
"Specification-CenterWeightedContinuousMeritsModerateRiskAversion__Cost-1__Fee-British","1","46","0","P","7","14","P Offer","P Liability Signal: 2;P Files: 1;D Answers: 1;P Abandons: 1","2,1,1,1","0","true","","","3","0.25","0.10000000000000001","","",""
"Specification-CenterWeightedContinuousMeritsModerateRiskAversion__Cost-1__Fee-British","1","46","0","P","7","14","P Offer","P Liability Signal: 2;P Files: 1;D Answers: 1;P Abandons: 1","2,1,1,1","0","true","","","4","0.35","0.10000000000000001","","",""
"Specification-CenterWeightedContinuousMeritsModerateRiskAversion__Cost-1__Fee-British","1","46","0","P","7","14","P Offer","P Liability Signal: 2;P Files: 1;D Answers: 1;P Abandons: 1","2,1,1,1","0","true","","","5","0.45","0.10000000000000001","","",""
"Specification-CenterWeightedContinuousMeritsModerateRiskAversion__Cost-1__Fee-British","1","46","0","P","7","14","P Offer","P Liability Signal: 2;P Files: 1;D Answers: 1;P Abandons: 1","2,1,1,1","0","true","","","6","0.55","0.10000000000000001","","",""
"Specification-CenterWeightedContinuousMeritsModerateRiskAversion__Cost-1__Fee-British","1","46","0","P","7","14","P Offer","P Liability Signal: 2;P Files: 1;D Answers: 1;P Abandons: 1","2,1,1,1","0","true","","","7","0.65","0.10000000000000001","","",""
"Specification-CenterWeightedContinuousMeritsModerateRiskAversion__Cost-1__Fee-British","1","46","0","P","7","14","P Offer","P Liability Signal: 2;P Files: 1;D Answers: 1;P Abandons: 1","2,1,1,1","0","true","","","8","0.75","0.10000000000000001","","",""
"Specification-CenterWeightedContinuousMeritsModerateRiskAversion__Cost-1__Fee-British","1","46","0","P","7","14","P Offer","P Liability Signal: 2;P Files: 1;D Answers: 1;P Abandons: 1","2,1,1,1","0","true","","","9","0.85","0.10000000000000001","","",""
"Specification-CenterWeightedContinuousMeritsModerateRiskAversion__Cost-1__Fee-British","1","46","0","P","7","14","P Offer","P Liability Signal: 2;P Files: 1;D Answers: 1;P Abandons: 1","2,1,1,1","0","true","","","10","0.95","0.10000000000000001","","",""
"Specification-CenterWeightedContinuousMeritsModerateRiskAversion__Cost-1__Fee-British","1","47","0","P","7","14","P Offer","P Liability Signal: 2;P Files: 1;D Answers: 1;P Abandons: 2","2,1,1,2","0","true","","","1","0.05","0.10000000000000001","","",""
"Specification-CenterWeightedContinuousMeritsModerateRiskAversion__Cost-1__Fee-British","1","47","0","P","7","14","P Offer","P Liability Signal: 2;P Files: 1;D Answers: 1;P Abandons: 2","2,1,1,2","0","true","","","2","0.15","0.10000000000000001","","",""
"Specification-CenterWeightedContinuousMeritsModerateRiskAversion__Cost-1__Fee-British","1","47","0","P","7","14","P Offer","P Liability Signal: 2;P Files: 1;D Answers: 1;P Abandons: 2","2,1,1,2","0","true","","","3","0.25","0.10000000000000001","","",""
"Specification-CenterWeightedContinuousMeritsModerateRiskAversion__Cost-1__Fee-British","1","47","0","P","7","14","P Offer","P Liability Signal: 2;P Files: 1;D Answers: 1;P Abandons: 2","2,1,1,2","0","true","","","4","0.35","0.10000000000000001","","",""
"Specification-CenterWeightedContinuousMeritsModerateRiskAversion__Cost-1__Fee-British","1","47","0","P","7","14","P Offer","P Liability Signal: 2;P Files: 1;D Answers: 1;P Abandons: 2","2,1,1,2","0","true","","","5","0.45","0.10000000000000001","","",""
"Specification-CenterWeightedContinuousMeritsModerateRiskAversion__Cost-1__Fee-British","1","47","0","P","7","14","P Offer","P Liability Signal: 2;P Files: 1;D Answers: 1;P Abandons: 2","2,1,1,2","0","true","","","6","0.55","0.10000000000000001","","",""
"Specification-CenterWeightedContinuousMeritsModerateRiskAversion__Cost-1__Fee-British","1","47","0","P","7","14","P Offer","P Liability Signal: 2;P Files: 1;D Answers: 1;P Abandons: 2","2,1,1,2","0","true","","","7","0.65","0.10000000000000001","","",""
"Specification-CenterWeightedContinuousMeritsModerateRiskAversion__Cost-1__Fee-British","1","47","0","P","7","14","P Offer","P Liability Signal: 2;P Files: 1;D Answers: 1;P Abandons: 2","2,1,1,2","0","true","","","8","0.75","0.10000000000000001","","",""
"Specification-CenterWeightedContinuousMeritsModerateRiskAversion__Cost-1__Fee-British","1","47","0","P","7","14","P Offer","P Liability Signal: 2;P Files: 1;D Answers: 1;P Abandons: 2","2,1,1,2","0","true","","","9","0.85","0.10000000000000001","","",""
"Specification-CenterWeightedContinuousMeritsModerateRiskAversion__Cost-1__Fee-British","1","47","0","P","7","14","P Offer","P Liability Signal: 2;P Files: 1;D Answers: 1;P Abandons: 2","2,1,1,2","0","true","","","10","0.95","0.10000000000000001","","",""
"Specification-CenterWeightedContinuousMeritsModerateRiskAversion__Cost-1__Fee-British","1","48","0","P","2","9","P Files","P Liability Signal: 3","3","0.10578","false","1000.0064126113966","1000.0064126113966","1","Yes","1","1000.0064126113966","0","true"
"Specification-CenterWeightedContinuousMeritsModerateRiskAversion__Cost-1__Fee-British","1","48","0","P","2","9","P Files","P Liability Signal: 3","3","0.10578","false","1000.0064126113966","1000.0064126113966","2","No","0","999.99999803579976","0.0064145755968638696","false"
"Specification-CenterWeightedContinuousMeritsModerateRiskAversion__Cost-1__Fee-British","1","49","0","P","5","20","P Abandons","P Liability Signal: 3;P Files: 1;D Answers: 1","3,1,1","0.098481783499361888","false","999.9955872143538","999.9955872143538","1","Yes","1","999.9955872143538","0","true"
"Specification-CenterWeightedContinuousMeritsModerateRiskAversion__Cost-1__Fee-British","1","49","0","P","5","20","P Abandons","P Liability Signal: 3;P Files: 1;D Answers: 1","3,1,1","0.098481783499361888","false","999.9955872143538","999.9955872143538","2","No","0","999.85475245030034","0.14083476405346573","false"
"Specification-CenterWeightedContinuousMeritsModerateRiskAversion__Cost-1__Fee-British","1","50","0","P","7","14","P Offer","P Liability Signal: 3;P Files: 1;D Answers: 1;P Abandons: 1","3,1,1,1","0.098481783499361888","false","999.9955872143538","999.9955872143538","1","0.05","0","999.99558721435369","1.1368683772161603E-13","true"
"Specification-CenterWeightedContinuousMeritsModerateRiskAversion__Cost-1__Fee-British","1","50","0","P","7","14","P Offer","P Liability Signal: 3;P Files: 1;D Answers: 1;P Abandons: 1","3,1,1,1","0.098481783499361888","false","999.9955872143538","999.9955872143538","2","0.15","0","999.99299848390069","0.0025887304531124755","false"
"Specification-CenterWeightedContinuousMeritsModerateRiskAversion__Cost-1__Fee-British","1","50","0","P","7","14","P Offer","P Liability Signal: 3;P Files: 1;D Answers: 1;P Abandons: 1","3,1,1,1","0.098481783499361888","false","999.9955872143538","999.9955872143538","3","0.25","0","999.98722185016061","0.008365364193196001","false"
"Specification-CenterWeightedContinuousMeritsModerateRiskAversion__Cost-1__Fee-British","1","50","0","P","7","14","P Offer","P Liability Signal: 3;P Files: 1;D Answers: 1;P Abandons: 1","3,1,1,1","0.098481783499361888","false","999.9955872143538","999.9955872143538","4","0.35","0","999.98886214850597","0.0067250658478315017","false"
"Specification-CenterWeightedContinuousMeritsModerateRiskAversion__Cost-1__Fee-British","1","50","0","P","7","14","P Offer","P Liability Signal: 3;P Files: 1;D Answers: 1;P Abandons: 1","3,1,1,1","0.098481783499361888","false","999.9955872143538","999.9955872143538","5","0.45","0","999.99239217141803","0.0031950429357721077","false"
"Specification-CenterWeightedContinuousMeritsModerateRiskAversion__Cost-1__Fee-British","1","50","0","P","7","14","P Offer","P Liability Signal: 3;P Files: 1;D Answers: 1;P Abandons: 1","3,1,1,1","0.098481783499361888","false","999.9955872143538","999.9955872143538","6","0.55","1","999.9955872143538","0","true"
"Specification-CenterWeightedContinuousMeritsModerateRiskAversion__Cost-1__Fee-British","1","50","0","P","7","14","P Offer","P Liability Signal: 3;P Files: 1;D Answers: 1;P Abandons: 1","3,1,1,1","0.098481783499361888","false","999.9955872143538","999.9955872143538","7","0.65","0","999.97416612637107","0.021421087982730569","false"
"Specification-CenterWeightedContinuousMeritsModerateRiskAversion__Cost-1__Fee-British","1","50","0","P","7","14","P Offer","P Liability Signal: 3;P Files: 1;D Answers: 1;P Abandons: 1","3,1,1,1","0.098481783499361888","false","999.9955872143538","999.9955872143538","8","0.75","0","999.97416612637107","0.021421087982730569","false"
"Specification-CenterWeightedContinuousMeritsModerateRiskAversion__Cost-1__Fee-British","1","50","0","P","7","14","P Offer","P Liability Signal: 3;P Files: 1;D Answers: 1;P Abandons: 1","3,1,1,1","0.098481783499361888","false","999.9955872143538","999.9955872143538","9","0.85","0","999.97416612637107","0.021421087982730569","false"
"Specification-CenterWeightedContinuousMeritsModerateRiskAversion__Cost-1__Fee-British","1","50","0","P","7","14","P Offer","P Liability Signal: 3;P Files: 1;D Answers: 1;P Abandons: 1","3,1,1,1","0.098481783499361888","false","999.9955872143538","999.9955872143538","10","0.95","0","999.97416612637107","0.021421087982730569","false"
"Specification-CenterWeightedContinuousMeritsModerateRiskAversion__Cost-1__Fee-British","1","51","0","P","7","14","P Offer","P Liability Signal: 3;P Files: 1;D Answers: 1;P Abandons: 2","3,1,1,2","0","true","","","1","0.05","0.10000000000000001","","",""
"Specification-CenterWeightedContinuousMeritsModerateRiskAversion__Cost-1__Fee-British","1","51","0","P","7","14","P Offer","P Liability Signal: 3;P Files: 1;D Answers: 1;P Abandons: 2","3,1,1,2","0","true","","","2","0.15","0.10000000000000001","","",""
"Specification-CenterWeightedContinuousMeritsModerateRiskAversion__Cost-1__Fee-British","1","51","0","P","7","14","P Offer","P Liability Signal: 3;P Files: 1;D Answers: 1;P Abandons: 2","3,1,1,2","0","true","","","3","0.25","0.10000000000000001","","",""
"Specification-CenterWeightedContinuousMeritsModerateRiskAversion__Cost-1__Fee-British","1","51","0","P","7","14","P Offer","P Liability Signal: 3;P Files: 1;D Answers: 1;P Abandons: 2","3,1,1,2","0","true","","","4","0.35","0.10000000000000001","","",""
"Specification-CenterWeightedContinuousMeritsModerateRiskAversion__Cost-1__Fee-British","1","51","0","P","7","14","P Offer","P Liability Signal: 3;P Files: 1;D Answers: 1;P Abandons: 2","3,1,1,2","0","true","","","5","0.45","0.10000000000000001","","",""
"Specification-CenterWeightedContinuousMeritsModerateRiskAversion__Cost-1__Fee-British","1","51","0","P","7","14","P Offer","P Liability Signal: 3;P Files: 1;D Answers: 1;P Abandons: 2","3,1,1,2","0","true","","","6","0.55","0.10000000000000001","","",""
"Specification-CenterWeightedContinuousMeritsModerateRiskAversion__Cost-1__Fee-British","1","51","0","P","7","14","P Offer","P Liability Signal: 3;P Files: 1;D Answers: 1;P Abandons: 2","3,1,1,2","0","true","","","7","0.65","0.10000000000000001","","",""
"Specification-CenterWeightedContinuousMeritsModerateRiskAversion__Cost-1__Fee-British","1","51","0","P","7","14","P Offer","P Liability Signal: 3;P Files: 1;D Answers: 1;P Abandons: 2","3,1,1,2","0","true","","","8","0.75","0.10000000000000001","","",""
"Specification-CenterWeightedContinuousMeritsModerateRiskAversion__Cost-1__Fee-British","1","51","0","P","7","14","P Offer","P Liability Signal: 3;P Files: 1;D Answers: 1;P Abandons: 2","3,1,1,2","0","true","","","9","0.85","0.10000000000000001","","",""
"Specification-CenterWeightedContinuousMeritsModerateRiskAversion__Cost-1__Fee-British","1","51","0","P","7","14","P Offer","P Liability Signal: 3;P Files: 1;D Answers: 1;P Abandons: 2","3,1,1,2","0","true","","","10","0.95","0.10000000000000001","","",""
"Specification-CenterWeightedContinuousMeritsModerateRiskAversion__Cost-1__Fee-British","1","52","0","P","2","9","P Files","P Liability Signal: 4","4","0.12336999999999998","false","1000.024383910115","1000.024383910115","1","Yes","1","1000.024383910115","0","true"
"Specification-CenterWeightedContinuousMeritsModerateRiskAversion__Cost-1__Fee-British","1","52","0","P","2","9","P Files","P Liability Signal: 4","4","0.12336999999999998","false","1000.024383910115","1000.024383910115","2","No","0","999.9999980358001","0.024385874314930334","false"
"Specification-CenterWeightedContinuousMeritsModerateRiskAversion__Cost-1__Fee-British","1","53","0","P","5","20","P Abandons","P Liability Signal: 4;P Files: 1;D Answers: 1","4,1,1","0.10984536796325402","false","1000.008610939807","1000.008610939807","1","Yes","1","1000.008610939807","0","true"
"Specification-CenterWeightedContinuousMeritsModerateRiskAversion__Cost-1__Fee-British","1","53","0","P","5","20","P Abandons","P Liability Signal: 4;P Files: 1;D Answers: 1","4,1,1","0.10984536796325402","false","1000.008610939807","1000.008610939807","2","No","0","999.90064190171472","0.10796903809227842","false"
"Specification-CenterWeightedContinuousMeritsModerateRiskAversion__Cost-1__Fee-British","1","54","0","P","7","14","P Offer","P Liability Signal: 4;P Files: 1;D Answers: 1;P Abandons: 1","4,1,1,1","0.10984536796325402","false","1000.008610939807","1000.008610939807","1","0.05","0","1000.002501959583","0.0061089802239848723","false"
"Specification-CenterWeightedContinuousMeritsModerateRiskAversion__Cost-1__Fee-British","1","54","0","P","7","14","P Offer","P Liability Signal: 4;P Files: 1;D Answers: 1;P Abandons: 1","4,1,1,1","0.10984536796325402","false","1000.008610939807","1000.008610939807","2","0.15","0","1000.0027269685322","0.0058839712747840167","false"
"Specification-CenterWeightedContinuousMeritsModerateRiskAversion__Cost-1__Fee-British","1","54","0","P","7","14","P Offer","P Liability Signal: 4;P Files: 1;D Answers: 1;P Abandons: 1","4,1,1,1","0.10984536796325402","false","1000.008610939807","1000.008610939807","3","0.25","0","999.9979537968245","0.010657142982495316","false"
"Specification-CenterWeightedContinuousMeritsModerateRiskAversion__Cost-1__Fee-British","1","54","0","P","7","14","P Offer","P Liability Signal: 4;P Files: 1;D Answers: 1;P Abandons: 1","4,1,1,1","0.10984536796325402","false","1000.008610939807","1000.008610939807","4","0.35","0","1000.0004468044856","0.0081641353214081391","false"
"Specification-CenterWeightedContinuousMeritsModerateRiskAversion__Cost-1__Fee-British","1","54","0","P","7","14","P Offer","P Liability Signal: 4;P Files: 1;D Answers: 1;P Abandons: 1","4,1,1,1","0.10984536796325402","false","1000.008610939807","1000.008610939807","5","0.45","0","1000.0047322026356","0.0038787371713624452","false"
"Specification-CenterWeightedContinuousMeritsModerateRiskAversion__Cost-1__Fee-British","1","54","0","P","7","14","P Offer","P Liability Signal: 4;P Files: 1;D Answers: 1;P Abandons: 1","4,1,1,1","0.10984536796325402","false","1000.008610939807","1000.008610939807","6","0.55","1","1000.008610939807","0","true"
"Specification-CenterWeightedContinuousMeritsModerateRiskAversion__Cost-1__Fee-British","1","54","0","P","7","14","P Offer","P Liability Signal: 4;P Files: 1;D Answers: 1;P Abandons: 1","4,1,1,1","0.10984536796325402","false","1000.008610939807","1000.008610939807","7","0.65","0","999.98260604037773","0.026004899429267425","false"
"Specification-CenterWeightedContinuousMeritsModerateRiskAversion__Cost-1__Fee-British","1","54","0","P","7","14","P Offer","P Liability Signal: 4;P Files: 1;D Answers: 1;P Abandons: 1","4,1,1,1","0.10984536796325402","false","1000.008610939807","1000.008610939807","8","0.75","0","999.98260604037773","0.026004899429267425","false"
"Specification-CenterWeightedContinuousMeritsModerateRiskAversion__Cost-1__Fee-British","1","54","0","P","7","14","P Offer","P Liability Signal: 4;P Files: 1;D Answers: 1;P Abandons: 1","4,1,1,1","0.10984536796325402","false","1000.008610939807","1000.008610939807","9","0.85","0","999.98260604037773","0.026004899429267425","false"
"Specification-CenterWeightedContinuousMeritsModerateRiskAversion__Cost-1__Fee-British","1","54","0","P","7","14","P Offer","P Liability Signal: 4;P Files: 1;D Answers: 1;P Abandons: 1","4,1,1,1","0.10984536796325402","false","1000.008610939807","1000.008610939807","10","0.95","0","999.98260604037773","0.026004899429267425","false"
"Specification-CenterWeightedContinuousMeritsModerateRiskAversion__Cost-1__Fee-British","1","55","0","P","7","14","P Offer","P Liability Signal: 4;P Files: 1;D Answers: 1;P Abandons: 2","4,1,1,2","0","true","","","1","0.05","0.10000000000000001","","",""
"Specification-CenterWeightedContinuousMeritsModerateRiskAversion__Cost-1__Fee-British","1","55","0","P","7","14","P Offer","P Liability Signal: 4;P Files: 1;D Answers: 1;P Abandons: 2","4,1,1,2","0","true","","","2","0.15","0.10000000000000001","","",""
"Specification-CenterWeightedContinuousMeritsModerateRiskAversion__Cost-1__Fee-British","1","55","0","P","7","14","P Offer","P Liability Signal: 4;P Files: 1;D Answers: 1;P Abandons: 2","4,1,1,2","0","true","","","3","0.25","0.10000000000000001","","",""
"Specification-CenterWeightedContinuousMeritsModerateRiskAversion__Cost-1__Fee-British","1","55","0","P","7","14","P Offer","P Liability Signal: 4;P Files: 1;D Answers: 1;P Abandons: 2","4,1,1,2","0","true","","","4","0.35","0.10000000000000001","","",""
"Specification-CenterWeightedContinuousMeritsModerateRiskAversion__Cost-1__Fee-British","1","55","0","P","7","14","P Offer","P Liability Signal: 4;P Files: 1;D Answers: 1;P Abandons: 2","4,1,1,2","0","true","","","5","0.45","0.10000000000000001","","",""
"Specification-CenterWeightedContinuousMeritsModerateRiskAversion__Cost-1__Fee-British","1","55","0","P","7","14","P Offer","P Liability Signal: 4;P Files: 1;D Answers: 1;P Abandons: 2","4,1,1,2","0","true","","","6","0.55","0.10000000000000001","","",""
"Specification-CenterWeightedContinuousMeritsModerateRiskAversion__Cost-1__Fee-British","1","55","0","P","7","14","P Offer","P Liability Signal: 4;P Files: 1;D Answers: 1;P Abandons: 2","4,1,1,2","0","true","","","7","0.65","0.10000000000000001","","",""
"Specification-CenterWeightedContinuousMeritsModerateRiskAversion__Cost-1__Fee-British","1","55","0","P","7","14","P Offer","P Liability Signal: 4;P Files: 1;D Answers: 1;P Abandons: 2","4,1,1,2","0","true","","","8","0.75","0.10000000000000001","","",""
"Specification-CenterWeightedContinuousMeritsModerateRiskAversion__Cost-1__Fee-British","1","55","0","P","7","14","P Offer","P Liability Signal: 4;P Files: 1;D Answers: 1;P Abandons: 2","4,1,1,2","0","true","","","9","0.85","0.10000000000000001","","",""
"Specification-CenterWeightedContinuousMeritsModerateRiskAversion__Cost-1__Fee-British","1","55","0","P","7","14","P Offer","P Liability Signal: 4;P Files: 1;D Answers: 1;P Abandons: 2","4,1,1,2","0","true","","","10","0.95","0.10000000000000001","","",""
"Specification-CenterWeightedContinuousMeritsModerateRiskAversion__Cost-1__Fee-British","1","56","0","P","2","9","P Files","P Liability Signal: 5","5","0.13255","false","1000.0443074098553","1000.0443074098553","1","Yes","1","1000.0443074098553","0","true"
"Specification-CenterWeightedContinuousMeritsModerateRiskAversion__Cost-1__Fee-British","1","56","0","P","2","9","P Files","P Liability Signal: 5","5","0.13255","false","1000.0443074098553","1000.0443074098553","2","No","0","999.99999803579988","0.044309374055387707","false"
"Specification-CenterWeightedContinuousMeritsModerateRiskAversion__Cost-1__Fee-British","1","57","0","P","5","20","P Abandons","P Liability Signal: 5;P Files: 1;D Answers: 1","5,1,1","0.11046239347822209","false","1000.0226756634447","1000.0226756634447","1","Yes","1","1000.0226756634447","0","true"
"Specification-CenterWeightedContinuousMeritsModerateRiskAversion__Cost-1__Fee-British","1","57","0","P","5","20","P Abandons","P Liability Signal: 5;P Files: 1;D Answers: 1","5,1,1","0.11046239347822209","false","1000.0226756634447","1000.0226756634447","2","No","0","999.94703366424221","0.07564199920250303","false"
"Specification-CenterWeightedContinuousMeritsModerateRiskAversion__Cost-1__Fee-British","1","58","0","P","7","14","P Offer","P Liability Signal: 5;P Files: 1;D Answers: 1;P Abandons: 1","5,1,1,1","0.11046239347822209","false","1000.0226756634447","1000.0226756634447","1","0.05","0","1000.0098271471471","0.01284851629759487","false"
"Specification-CenterWeightedContinuousMeritsModerateRiskAversion__Cost-1__Fee-British","1","58","0","P","7","14","P Offer","P Liability Signal: 5;P Files: 1;D Answers: 1;P Abandons: 1","5,1,1,1","0.11046239347822209","false","1000.0226756634447","1000.0226756634447","2","0.15","0","1000.012835210075","0.0098404533697475927","false"
"Specification-CenterWeightedContinuousMeritsModerateRiskAversion__Cost-1__Fee-British","1","58","0","P","7","14","P Offer","P Liability Signal: 5;P Files: 1;D Answers: 1;P Abandons: 1","5,1,1,1","0.11046239347822209","false","1000.0226756634447","1000.0226756634447","3","0.25","0","1000.0094707435786","0.013204919866097953","false"
"Specification-CenterWeightedContinuousMeritsModerateRiskAversion__Cost-1__Fee-British","1","58","0","P","7","14","P Offer","P Liability Signal: 5;P Files: 1;D Answers: 1;P Abandons: 1","5,1,1,1","0.11046239347822209","false","1000.0226756634447","1000.0226756634447","4","0.35","0","1000.0129574325213","0.0097182309234540298","false"
"Specification-CenterWeightedContinuousMeritsModerateRiskAversion__Cost-1__Fee-British","1","58","0","P","7","14","P Offer","P Liability Signal: 5;P Files: 1;D Answers: 1;P Abandons: 1","5,1,1,1","0.11046239347822209","false","1000.0226756634447","1000.0226756634447","5","0.45","0","1000.0180585837372","0.0046170797074864822","false"
"Specification-CenterWeightedContinuousMeritsModerateRiskAversion__Cost-1__Fee-British","1","58","0","P","7","14","P Offer","P Liability Signal: 5;P Files: 1;D Answers: 1;P Abandons: 1","5,1,1,1","0.11046239347822209","false","1000.0226756634447","1000.0226756634447","6","0.55","1","1000.0226756634447","0","true"
"Specification-CenterWeightedContinuousMeritsModerateRiskAversion__Cost-1__Fee-British","1","58","0","P","7","14","P Offer","P Liability Signal: 5;P Files: 1;D Answers: 1;P Abandons: 1","5,1,1,1","0.11046239347822209","false","1000.0226756634447","1000.0226756634447","7","0.65","0","999.99172056436373","0.030955099080983928","false"
"Specification-CenterWeightedContinuousMeritsModerateRiskAversion__Cost-1__Fee-British","1","58","0","P","7","14","P Offer","P Liability Signal: 5;P Files: 1;D Answers: 1;P Abandons: 1","5,1,1,1","0.11046239347822209","false","1000.0226756634447","1000.0226756634447","8","0.75","0","999.99172056436373","0.030955099080983928","false"
"Specification-CenterWeightedContinuousMeritsModerateRiskAversion__Cost-1__Fee-British","1","58","0","P","7","14","P Offer","P Liability Signal: 5;P Files: 1;D Answers: 1;P Abandons: 1","5,1,1,1","0.11046239347822209","false","1000.0226756634447","1000.0226756634447","9","0.85","0","999.99172056436373","0.030955099080983928","false"
"Specification-CenterWeightedContinuousMeritsModerateRiskAversion__Cost-1__Fee-British","1","58","0","P","7","14","P Offer","P Liability Signal: 5;P Files: 1;D Answers: 1;P Abandons: 1","5,1,1,1","0.11046239347822209","false","1000.0226756634447","1000.0226756634447","10","0.95","0","999.99172056436373","0.030955099080983928","false"
"Specification-CenterWeightedContinuousMeritsModerateRiskAversion__Cost-1__Fee-British","1","59","0","P","7","14","P Offer","P Liability Signal: 5;P Files: 1;D Answers: 1;P Abandons: 2","5,1,1,2","0","true","","","1","0.05","0.10000000000000001","","",""
"Specification-CenterWeightedContinuousMeritsModerateRiskAversion__Cost-1__Fee-British","1","59","0","P","7","14","P Offer","P Liability Signal: 5;P Files: 1;D Answers: 1;P Abandons: 2","5,1,1,2","0","true","","","2","0.15","0.10000000000000001","","",""
"Specification-CenterWeightedContinuousMeritsModerateRiskAversion__Cost-1__Fee-British","1","59","0","P","7","14","P Offer","P Liability Signal: 5;P Files: 1;D Answers: 1;P Abandons: 2","5,1,1,2","0","true","","","3","0.25","0.10000000000000001","","",""
"Specification-CenterWeightedContinuousMeritsModerateRiskAversion__Cost-1__Fee-British","1","59","0","P","7","14","P Offer","P Liability Signal: 5;P Files: 1;D Answers: 1;P Abandons: 2","5,1,1,2","0","true","","","4","0.35","0.10000000000000001","","",""
"Specification-CenterWeightedContinuousMeritsModerateRiskAversion__Cost-1__Fee-British","1","59","0","P","7","14","P Offer","P Liability Signal: 5;P Files: 1;D Answers: 1;P Abandons: 2","5,1,1,2","0","true","","","5","0.45","0.10000000000000001","","",""
"Specification-CenterWeightedContinuousMeritsModerateRiskAversion__Cost-1__Fee-British","1","59","0","P","7","14","P Offer","P Liability Signal: 5;P Files: 1;D Answers: 1;P Abandons: 2","5,1,1,2","0","true","","","6","0.55","0.10000000000000001","","",""
"Specification-CenterWeightedContinuousMeritsModerateRiskAversion__Cost-1__Fee-British","1","59","0","P","7","14","P Offer","P Liability Signal: 5;P Files: 1;D Answers: 1;P Abandons: 2","5,1,1,2","0","true","","","7","0.65","0.10000000000000001","","",""
"Specification-CenterWeightedContinuousMeritsModerateRiskAversion__Cost-1__Fee-British","1","59","0","P","7","14","P Offer","P Liability Signal: 5;P Files: 1;D Answers: 1;P Abandons: 2","5,1,1,2","0","true","","","8","0.75","0.10000000000000001","","",""
"Specification-CenterWeightedContinuousMeritsModerateRiskAversion__Cost-1__Fee-British","1","59","0","P","7","14","P Offer","P Liability Signal: 5;P Files: 1;D Answers: 1;P Abandons: 2","5,1,1,2","0","true","","","9","0.85","0.10000000000000001","","",""
"Specification-CenterWeightedContinuousMeritsModerateRiskAversion__Cost-1__Fee-British","1","59","0","P","7","14","P Offer","P Liability Signal: 5;P Files: 1;D Answers: 1;P Abandons: 2","5,1,1,2","0","true","","","10","0.95","0.10000000000000001","","",""
"Specification-CenterWeightedContinuousMeritsModerateRiskAversion__Cost-1__Fee-British","1","60","0","P","2","9","P Files","P Liability Signal: 6","6","0.13255","false","1000.064394278975","1000.064394278975","1","Yes","1","1000.064394278975","0","true"
"Specification-CenterWeightedContinuousMeritsModerateRiskAversion__Cost-1__Fee-British","1","60","0","P","2","9","P Files","P Liability Signal: 6","6","0.13255","false","1000.064394278975","1000.064394278975","2","No","0","999.99999803579988","0.064396243175110612","false"
"Specification-CenterWeightedContinuousMeritsModerateRiskAversion__Cost-1__Fee-British","1","61","0","P","5","20","P Abandons","P Liability Signal: 6;P Files: 1;D Answers: 1","6,1,1","0.10089019297249524","false","1000.0367494361469","1000.0367494361469","1","Yes","1","1000.0367494361469","0","true"
"Specification-CenterWeightedContinuousMeritsModerateRiskAversion__Cost-1__Fee-British","1","61","0","P","5","20","P Abandons","P Liability Signal: 6;P Files: 1;D Answers: 1","6,1,1","0.10089019297249524","false","1000.0367494361469","1000.0367494361469","2","No","0","999.98979027206644","0.046959164080476512","false"
"Specification-CenterWeightedContinuousMeritsModerateRiskAversion__Cost-1__Fee-British","1","62","0","P","7","14","P Offer","P Liability Signal: 6;P Files: 1;D Answers: 1;P Abandons: 1","6,1,1,1","0.10089019297249524","false","1000.0367494361469","1000.0367494361469","1","0.05","0","1000.0170163978454","0.019733038301524175","false"
"Specification-CenterWeightedContinuousMeritsModerateRiskAversion__Cost-1__Fee-British","1","62","0","P","7","14","P Offer","P Liability Signal: 6;P Files: 1;D Answers: 1;P Abandons: 1","6,1,1,1","0.10089019297249524","false","1000.0367494361469","1000.0367494361469","2","0.15","0","1000.0225566072725","0.014192828874456609","false"
"Specification-CenterWeightedContinuousMeritsModerateRiskAversion__Cost-1__Fee-British","1","62","0","P","7","14","P Offer","P Liability Signal: 6;P Files: 1;D Answers: 1;P Abandons: 1","6,1,1,1","0.10089019297249524","false","1000.0367494361469","1000.0367494361469","3","0.25","0","1000.0209231099739","0.015826326173055349","false"
"Specification-CenterWeightedContinuousMeritsModerateRiskAversion__Cost-1__Fee-British","1","62","0","P","7","14","P Offer","P Liability Signal: 6;P Files: 1;D Answers: 1;P Abandons: 1","6,1,1,1","0.10089019297249524","false","1000.0367494361469","1000.0367494361469","4","0.35","0","1000.0254761097366","0.011273326410332629","false"
"Specification-CenterWeightedContinuousMeritsModerateRiskAversion__Cost-1__Fee-British","1","62","0","P","7","14","P Offer","P Liability Signal: 6;P Files: 1;D Answers: 1;P Abandons: 1","6,1,1,1","0.10089019297249524","false","1000.0367494361469","1000.0367494361469","5","0.45","0","1000.0313935388633","0.0053558972836071916","false"
"Specification-CenterWeightedContinuousMeritsModerateRiskAversion__Cost-1__Fee-British","1","62","0","P","7","14","P Offer","P Liability Signal: 6;P Files: 1;D Answers: 1;P Abandons: 1","6,1,1,1","0.10089019297249524","false","1000.0367494361469","1000.0367494361469","6","0.55","1","1000.0367494361469","0","true"
"Specification-CenterWeightedContinuousMeritsModerateRiskAversion__Cost-1__Fee-British","1","62","0","P","7","14","P Offer","P Liability Signal: 6;P Files: 1;D Answers: 1;P Abandons: 1","6,1,1,1","0.10089019297249524","false","1000.0367494361469","1000.0367494361469","7","0.65","0","1000.0008409525186","0.035908483628304566","false"
"Specification-CenterWeightedContinuousMeritsModerateRiskAversion__Cost-1__Fee-British","1","62","0","P","7","14","P Offer","P Liability Signal: 6;P Files: 1;D Answers: 1;P Abandons: 1","6,1,1,1","0.10089019297249524","false","1000.0367494361469","1000.0367494361469","8","0.75","0","1000.0008409525186","0.035908483628304566","false"
"Specification-CenterWeightedContinuousMeritsModerateRiskAversion__Cost-1__Fee-British","1","62","0","P","7","14","P Offer","P Liability Signal: 6;P Files: 1;D Answers: 1;P Abandons: 1","6,1,1,1","0.10089019297249524","false","1000.0367494361469","1000.0367494361469","9","0.85","0","1000.0008409525186","0.035908483628304566","false"
"Specification-CenterWeightedContinuousMeritsModerateRiskAversion__Cost-1__Fee-British","1","62","0","P","7","14","P Offer","P Liability Signal: 6;P Files: 1;D Answers: 1;P Abandons: 1","6,1,1,1","0.10089019297249524","false","1000.0367494361469","1000.0367494361469","10","0.95","0","1000.0008409525186","0.035908483628304566","false"
"Specification-CenterWeightedContinuousMeritsModerateRiskAversion__Cost-1__Fee-British","1","63","0","P","7","14","P Offer","P Liability Signal: 6;P Files: 1;D Answers: 1;P Abandons: 2","6,1,1,2","0","true","","","1","0.05","0.10000000000000001","","",""
"Specification-CenterWeightedContinuousMeritsModerateRiskAversion__Cost-1__Fee-British","1","63","0","P","7","14","P Offer","P Liability Signal: 6;P Files: 1;D Answers: 1;P Abandons: 2","6,1,1,2","0","true","","","2","0.15","0.10000000000000001","","",""
"Specification-CenterWeightedContinuousMeritsModerateRiskAversion__Cost-1__Fee-British","1","63","0","P","7","14","P Offer","P Liability Signal: 6;P Files: 1;D Answers: 1;P Abandons: 2","6,1,1,2","0","true","","","3","0.25","0.10000000000000001","","",""
"Specification-CenterWeightedContinuousMeritsModerateRiskAversion__Cost-1__Fee-British","1","63","0","P","7","14","P Offer","P Liability Signal: 6;P Files: 1;D Answers: 1;P Abandons: 2","6,1,1,2","0","true","","","4","0.35","0.10000000000000001","","",""
"Specification-CenterWeightedContinuousMeritsModerateRiskAversion__Cost-1__Fee-British","1","63","0","P","7","14","P Offer","P Liability Signal: 6;P Files: 1;D Answers: 1;P Abandons: 2","6,1,1,2","0","true","","","5","0.45","0.10000000000000001","","",""
"Specification-CenterWeightedContinuousMeritsModerateRiskAversion__Cost-1__Fee-British","1","63","0","P","7","14","P Offer","P Liability Signal: 6;P Files: 1;D Answers: 1;P Abandons: 2","6,1,1,2","0","true","","","6","0.55","0.10000000000000001","","",""
"Specification-CenterWeightedContinuousMeritsModerateRiskAversion__Cost-1__Fee-British","1","63","0","P","7","14","P Offer","P Liability Signal: 6;P Files: 1;D Answers: 1;P Abandons: 2","6,1,1,2","0","true","","","7","0.65","0.10000000000000001","","",""
"Specification-CenterWeightedContinuousMeritsModerateRiskAversion__Cost-1__Fee-British","1","63","0","P","7","14","P Offer","P Liability Signal: 6;P Files: 1;D Answers: 1;P Abandons: 2","6,1,1,2","0","true","","","8","0.75","0.10000000000000001","","",""
"Specification-CenterWeightedContinuousMeritsModerateRiskAversion__Cost-1__Fee-British","1","63","0","P","7","14","P Offer","P Liability Signal: 6;P Files: 1;D Answers: 1;P Abandons: 2","6,1,1,2","0","true","","","9","0.85","0.10000000000000001","","",""
"Specification-CenterWeightedContinuousMeritsModerateRiskAversion__Cost-1__Fee-British","1","63","0","P","7","14","P Offer","P Liability Signal: 6;P Files: 1;D Answers: 1;P Abandons: 2","6,1,1,2","0","true","","","10","0.95","0.10000000000000001","","",""
"Specification-CenterWeightedContinuousMeritsModerateRiskAversion__Cost-1__Fee-British","1","64","0","P","2","9","P Files","P Liability Signal: 7","7","0.12336999999999999","false","1000.0827573325704","1000.0827573325704","1","Yes","1","1000.0827573325704","0","true"
"Specification-CenterWeightedContinuousMeritsModerateRiskAversion__Cost-1__Fee-British","1","64","0","P","2","9","P Files","P Liability Signal: 7","7","0.12336999999999999","false","1000.0827573325704","1000.0827573325704","2","No","0","999.99999803579999","0.082759296770404944","false"
"Specification-CenterWeightedContinuousMeritsModerateRiskAversion__Cost-1__Fee-British","1","65","0","P","5","20","P Abandons","P Liability Signal: 7;P Files: 1;D Answers: 1","7,1,1","0.083797615905185335","false","1000.0498269458324","1000.0498269458324","1","Yes","0.28231189578095678","1000.0498269458324","0","true"
"Specification-CenterWeightedContinuousMeritsModerateRiskAversion__Cost-1__Fee-British","1","65","0","P","5","20","P Abandons","P Liability Signal: 7;P Files: 1;D Answers: 1","7,1,1","0.083797615905185335","false","1000.0498269458324","1000.0498269458324","2","No","0.71768810421904328","1000.0498269458323","1.1368683772161603E-13","true"
"Specification-CenterWeightedContinuousMeritsModerateRiskAversion__Cost-1__Fee-British","1","66","0","P","7","14","P Offer","P Liability Signal: 7;P Files: 1;D Answers: 1;P Abandons: 1","7,1,1,1","0.023657063808117329","false","1000.0498269458325","1000.0498269458325","1","0.05","0","1000.0235697680841","0.02625717774833447","false"
"Specification-CenterWeightedContinuousMeritsModerateRiskAversion__Cost-1__Fee-British","1","66","0","P","7","14","P Offer","P Liability Signal: 7;P Files: 1;D Answers: 1;P Abandons: 1","7,1,1,1","0.023657063808117329","false","1000.0498269458325","1000.0498269458325","2","0.15","0","1000.0312347686087","0.018592177223808903","false"
"Specification-CenterWeightedContinuousMeritsModerateRiskAversion__Cost-1__Fee-British","1","66","0","P","7","14","P Offer","P Liability Signal: 7;P Files: 1;D Answers: 1;P Abandons: 1","7,1,1,1","0.023657063808117329","false","1000.0498269458325","1000.0498269458325","3","0.25","0","1000.0314997941886","0.018327151643916295","false"
"Specification-CenterWeightedContinuousMeritsModerateRiskAversion__Cost-1__Fee-British","1","66","0","P","7","14","P Offer","P Liability Signal: 7;P Files: 1;D Answers: 1;P Abandons: 1","7,1,1,1","0.023657063808117329","false","1000.0498269458325","1000.0498269458325","4","0.35","0","1000.0371086070061","0.012718338826402942","false"
"Specification-CenterWeightedContinuousMeritsModerateRiskAversion__Cost-1__Fee-British","1","66","0","P","7","14","P Offer","P Liability Signal: 7;P Files: 1;D Answers: 1;P Abandons: 1","7,1,1,1","0.023657063808117329","false","1000.0498269458325","1000.0498269458325","5","0.45","0","1000.0437845308527","0.006042414979788191","false"
"Specification-CenterWeightedContinuousMeritsModerateRiskAversion__Cost-1__Fee-British","1","66","0","P","7","14","P Offer","P Liability Signal: 7;P Files: 1;D Answers: 1;P Abandons: 1","7,1,1,1","0.023657063808117329","false","1000.0498269458325","1000.0498269458325","6","0.55","1","1000.0498269458325","0","true"
"Specification-CenterWeightedContinuousMeritsModerateRiskAversion__Cost-1__Fee-British","1","66","0","P","7","14","P Offer","P Liability Signal: 7;P Files: 1;D Answers: 1;P Abandons: 1","7,1,1,1","0.023657063808117329","false","1000.0498269458325","1000.0498269458325","7","0.65","0","1000.0093157209375","0.040511224894999032","false"
"Specification-CenterWeightedContinuousMeritsModerateRiskAversion__Cost-1__Fee-British","1","66","0","P","7","14","P Offer","P Liability Signal: 7;P Files: 1;D Answers: 1;P Abandons: 1","7,1,1,1","0.023657063808117329","false","1000.0498269458325","1000.0498269458325","8","0.75","0","1000.0093157209375","0.040511224894999032","false"
"Specification-CenterWeightedContinuousMeritsModerateRiskAversion__Cost-1__Fee-British","1","66","0","P","7","14","P Offer","P Liability Signal: 7;P Files: 1;D Answers: 1;P Abandons: 1","7,1,1,1","0.023657063808117329","false","1000.0498269458325","1000.0498269458325","9","0.85","0","1000.0093157209375","0.040511224894999032","false"
"Specification-CenterWeightedContinuousMeritsModerateRiskAversion__Cost-1__Fee-British","1","66","0","P","7","14","P Offer","P Liability Signal: 7;P Files: 1;D Answers: 1;P Abandons: 1","7,1,1,1","0.023657063808117329","false","1000.0498269458325","1000.0498269458325","10","0.95","0","1000.0093157209375","0.040511224894999032","false"
"Specification-CenterWeightedContinuousMeritsModerateRiskAversion__Cost-1__Fee-British","1","67","0","P","7","14","P Offer","P Liability Signal: 7;P Files: 1;D Answers: 1;P Abandons: 2","7,1,1,2","0.060140552097068013","false","1000.0498269458321","1000.0498269458321","1","0.05","0","1000.0235697680839","0.026257177748220784","false"
"Specification-CenterWeightedContinuousMeritsModerateRiskAversion__Cost-1__Fee-British","1","67","0","P","7","14","P Offer","P Liability Signal: 7;P Files: 1;D Answers: 1;P Abandons: 2","7,1,1,2","0.060140552097068013","false","1000.0498269458321","1000.0498269458321","2","0.15","0","1000.0072429722815","0.042583973550677001","false"
"Specification-CenterWeightedContinuousMeritsModerateRiskAversion__Cost-1__Fee-British","1","67","0","P","7","14","P Offer","P Liability Signal: 7;P Files: 1;D Answers: 1;P Abandons: 2","7,1,1,2","0.060140552097068013","false","1000.0498269458321","1000.0498269458321","3","0.25","0","999.99867736775002","0.051149578082117841","false"
"Specification-CenterWeightedContinuousMeritsModerateRiskAversion__Cost-1__Fee-British","1","67","0","P","7","14","P Offer","P Liability Signal: 7;P Files: 1;D Answers: 1;P Abandons: 2","7,1,1,2","0.060140552097068013","false","1000.0498269458321","1000.0498269458321","4","0.35","0","1000.0030287937634","0.046798152068731724","false"
"Specification-CenterWeightedContinuousMeritsModerateRiskAversion__Cost-1__Fee-British","1","67","0","P","7","14","P Offer","P Liability Signal: 7;P Files: 1;D Answers: 1;P Abandons: 2","7,1,1,2","0.060140552097068013","false","1000.0498269458321","1000.0498269458321","5","0.45","0","1000.0097047176099","0.04012222822223066","false"
"Specification-CenterWeightedContinuousMeritsModerateRiskAversion__Cost-1__Fee-British","1","67","0","P","7","14","P Offer","P Liability Signal: 7;P Files: 1;D Answers: 1;P Abandons: 2","7,1,1,2","0.060140552097068013","false","1000.0498269458321","1000.0498269458321","6","0.55","0","1000.0157471325897","0.034079813242442469","false"
"Specification-CenterWeightedContinuousMeritsModerateRiskAversion__Cost-1__Fee-British","1","67","0","P","7","14","P Offer","P Liability Signal: 7;P Files: 1;D Answers: 1;P Abandons: 2","7,1,1,2","0.060140552097068013","false","1000.0498269458321","1000.0498269458321","7","0.65","0.2938981286672277","1000.0498269458321","0","true"
"Specification-CenterWeightedContinuousMeritsModerateRiskAversion__Cost-1__Fee-British","1","67","0","P","7","14","P Offer","P Liability Signal: 7;P Files: 1;D Answers: 1;P Abandons: 2","7,1,1,2","0.060140552097068013","false","1000.0498269458321","1000.0498269458321","8","0.75","0.45476698733929122","1000.0498269458321","0","true"
"Specification-CenterWeightedContinuousMeritsModerateRiskAversion__Cost-1__Fee-British","1","67","0","P","7","14","P Offer","P Liability Signal: 7;P Files: 1;D Answers: 1;P Abandons: 2","7,1,1,2","0.060140552097068013","false","1000.0498269458321","1000.0498269458321","9","0.85","0.25133488399348108","1000.0498269458321","0","true"
"Specification-CenterWeightedContinuousMeritsModerateRiskAversion__Cost-1__Fee-British","1","67","0","P","7","14","P Offer","P Liability Signal: 7;P Files: 1;D Answers: 1;P Abandons: 2","7,1,1,2","0.060140552097068013","false","1000.0498269458321","1000.0498269458321","10","0.95","0","1000.0498269458321","0","true"
"Specification-CenterWeightedContinuousMeritsModerateRiskAversion__Cost-1__Fee-British","1","68","0","P","2","9","P Files","P Liability Signal: 8","8","0.10578","false","1000.1114732285729","1000.1114732285729","1","Yes","1","1000.1114732285729","0","true"
"Specification-CenterWeightedContinuousMeritsModerateRiskAversion__Cost-1__Fee-British","1","68","0","P","2","9","P Files","P Liability Signal: 8","8","0.10578","false","1000.1114732285729","1000.1114732285729","2","No","0","999.99999803579999","0.1114751927729003","false"
"Specification-CenterWeightedContinuousMeritsModerateRiskAversion__Cost-1__Fee-British","1","69","0","P","5","20","P Abandons","P Liability Signal: 8;P Files: 1;D Answers: 1","8,1,1","0.063021802549514047","false","1000.083644713035","1000.083644713035","1","Yes","0","1000.0338001753461","0.049844537688954915","false"
"Specification-CenterWeightedContinuousMeritsModerateRiskAversion__Cost-1__Fee-British","1","69","0","P","5","20","P Abandons","P Liability Signal: 8;P Files: 1;D Answers: 1","8,1,1","0.063021802549514047","false","1000.083644713035","1000.083644713035","2","No","1","1000.083644713035","0","true"
"Specification-CenterWeightedContinuousMeritsModerateRiskAversion__Cost-1__Fee-British","1","70","0","P","7","14","P Offer","P Liability Signal: 8;P Files: 1;D Answers: 1;P Abandons: 1","8,1,1,1","0","true","","","1","0.05","0.10000000000000001","","",""
"Specification-CenterWeightedContinuousMeritsModerateRiskAversion__Cost-1__Fee-British","1","70","0","P","7","14","P Offer","P Liability Signal: 8;P Files: 1;D Answers: 1;P Abandons: 1","8,1,1,1","0","true","","","2","0.15","0.10000000000000001","","",""
"Specification-CenterWeightedContinuousMeritsModerateRiskAversion__Cost-1__Fee-British","1","70","0","P","7","14","P Offer","P Liability Signal: 8;P Files: 1;D Answers: 1;P Abandons: 1","8,1,1,1","0","true","","","3","0.25","0.10000000000000001","","",""
"Specification-CenterWeightedContinuousMeritsModerateRiskAversion__Cost-1__Fee-British","1","70","0","P","7","14","P Offer","P Liability Signal: 8;P Files: 1;D Answers: 1;P Abandons: 1","8,1,1,1","0","true","","","4","0.35","0.10000000000000001","","",""
"Specification-CenterWeightedContinuousMeritsModerateRiskAversion__Cost-1__Fee-British","1","70","0","P","7","14","P Offer","P Liability Signal: 8;P Files: 1;D Answers: 1;P Abandons: 1","8,1,1,1","0","true","","","5","0.45","0.10000000000000001","","",""
"Specification-CenterWeightedContinuousMeritsModerateRiskAversion__Cost-1__Fee-British","1","70","0","P","7","14","P Offer","P Liability Signal: 8;P Files: 1;D Answers: 1;P Abandons: 1","8,1,1,1","0","true","","","6","0.55","0.10000000000000001","","",""
"Specification-CenterWeightedContinuousMeritsModerateRiskAversion__Cost-1__Fee-British","1","70","0","P","7","14","P Offer","P Liability Signal: 8;P Files: 1;D Answers: 1;P Abandons: 1","8,1,1,1","0","true","","","7","0.65","0.10000000000000001","","",""
"Specification-CenterWeightedContinuousMeritsModerateRiskAversion__Cost-1__Fee-British","1","70","0","P","7","14","P Offer","P Liability Signal: 8;P Files: 1;D Answers: 1;P Abandons: 1","8,1,1,1","0","true","","","8","0.75","0.10000000000000001","","",""
"Specification-CenterWeightedContinuousMeritsModerateRiskAversion__Cost-1__Fee-British","1","70","0","P","7","14","P Offer","P Liability Signal: 8;P Files: 1;D Answers: 1;P Abandons: 1","8,1,1,1","0","true","","","9","0.85","0.10000000000000001","","",""
"Specification-CenterWeightedContinuousMeritsModerateRiskAversion__Cost-1__Fee-British","1","70","0","P","7","14","P Offer","P Liability Signal: 8;P Files: 1;D Answers: 1;P Abandons: 1","8,1,1,1","0","true","","","10","0.95","0.10000000000000001","","",""
"Specification-CenterWeightedContinuousMeritsModerateRiskAversion__Cost-1__Fee-British","1","71","0","P","7","14","P Offer","P Liability Signal: 8;P Files: 1;D Answers: 1;P Abandons: 2","8,1,1,2","0.063021802549514047","false","1000.083644713035","1000.083644713035","1","0.05","0","1000.029162565339","0.054482147696035099","false"
"Specification-CenterWeightedContinuousMeritsModerateRiskAversion__Cost-1__Fee-British","1","71","0","P","7","14","P Offer","P Liability Signal: 8;P Files: 1;D Answers: 1;P Abandons: 2","8,1,1,2","0.063021802549514047","false","1000.083644713035","1000.083644713035","2","0.15","0","1000.0267763631267","0.056868349908313576","false"
"Specification-CenterWeightedContinuousMeritsModerateRiskAversion__Cost-1__Fee-British","1","71","0","P","7","14","P Offer","P Liability Signal: 8;P Files: 1;D Answers: 1;P Abandons: 2","8,1,1,2","0.063021802549514047","false","1000.083644713035","1000.083644713035","3","0.25","0","1000.0260533285368","0.057591384498209663","false"
"Specification-CenterWeightedContinuousMeritsModerateRiskAversion__Cost-1__Fee-British","1","71","0","P","7","14","P Offer","P Liability Signal: 8;P Files: 1;D Answers: 1;P Abandons: 2","8,1,1,2","0.063021802549514047","false","1000.083644713035","1000.083644713035","4","0.35","0","1000.0322238926478","0.051420820387193089","false"
"Specification-CenterWeightedContinuousMeritsModerateRiskAversion__Cost-1__Fee-British","1","71","0","P","7","14","P Offer","P Liability Signal: 8;P Files: 1;D Answers: 1;P Abandons: 2","8,1,1,2","0.063021802549514047","false","1000.083644713035","1000.083644713035","5","0.45","0","1000.0395592566707","0.044085456364314268","false"
"Specification-CenterWeightedContinuousMeritsModerateRiskAversion__Cost-1__Fee-British","1","71","0","P","7","14","P Offer","P Liability Signal: 8;P Files: 1;D Answers: 1;P Abandons: 2","8,1,1,2","0.063021802549514047","false","1000.083644713035","1000.083644713035","6","0.55","0","1000.0461985345406","0.037446178494406013","false"
"Specification-CenterWeightedContinuousMeritsModerateRiskAversion__Cost-1__Fee-British","1","71","0","P","7","14","P Offer","P Liability Signal: 8;P Files: 1;D Answers: 1;P Abandons: 2","8,1,1,2","0.063021802549514047","false","1000.083644713035","1000.083644713035","7","0.65","0","1000.083644713035","0","true"
"Specification-CenterWeightedContinuousMeritsModerateRiskAversion__Cost-1__Fee-British","1","71","0","P","7","14","P Offer","P Liability Signal: 8;P Files: 1;D Answers: 1;P Abandons: 2","8,1,1,2","0.063021802549514047","false","1000.083644713035","1000.083644713035","8","0.75","0","1000.083644713035","0","true"
"Specification-CenterWeightedContinuousMeritsModerateRiskAversion__Cost-1__Fee-British","1","71","0","P","7","14","P Offer","P Liability Signal: 8;P Files: 1;D Answers: 1;P Abandons: 2","8,1,1,2","0.063021802549514047","false","1000.083644713035","1000.083644713035","9","0.85","0.44745330957807861","1000.083644713035","0","true"
"Specification-CenterWeightedContinuousMeritsModerateRiskAversion__Cost-1__Fee-British","1","71","0","P","7","14","P Offer","P Liability Signal: 8;P Files: 1;D Answers: 1;P Abandons: 2","8,1,1,2","0.063021802549514047","false","1000.083644713035","1000.083644713035","10","0.95","0.55254669042192139","1000.083644713035","0","true"
"Specification-CenterWeightedContinuousMeritsModerateRiskAversion__Cost-1__Fee-British","1","72","0","P","2","9","P Files","P Liability Signal: 9","9","0.08203000000000002","false","1000.1294591614139","1000.1294591614139","1","Yes","1","1000.1294591614139","0","true"
"Specification-CenterWeightedContinuousMeritsModerateRiskAversion__Cost-1__Fee-British","1","72","0","P","2","9","P Files","P Liability Signal: 9","9","0.08203000000000002","false","1000.1294591614139","1000.1294591614139","2","No","0","999.99999803579999","0.1294611256139433","false"
"Specification-CenterWeightedContinuousMeritsModerateRiskAversion__Cost-1__Fee-British","1","73","0","P","5","20","P Abandons","P Liability Signal: 9;P Files: 1;D Answers: 1","9,1,1","0.042531049330511404","false","1000.108070223885","1000.108070223885","1","Yes","0","1000.0406295195542","0.067440704330806511","false"
"Specification-CenterWeightedContinuousMeritsModerateRiskAversion__Cost-1__Fee-British","1","73","0","P","5","20","P Abandons","P Liability Signal: 9;P Files: 1;D Answers: 1","9,1,1","0.042531049330511404","false","1000.108070223885","1000.108070223885","2","No","1","1000.108070223885","0","true"
"Specification-CenterWeightedContinuousMeritsModerateRiskAversion__Cost-1__Fee-British","1","74","0","P","7","14","P Offer","P Liability Signal: 9;P Files: 1;D Answers: 1;P Abandons: 1","9,1,1,1","0","true","","","1","0.05","0.10000000000000001","","",""
"Specification-CenterWeightedContinuousMeritsModerateRiskAversion__Cost-1__Fee-British","1","74","0","P","7","14","P Offer","P Liability Signal: 9;P Files: 1;D Answers: 1;P Abandons: 1","9,1,1,1","0","true","","","2","0.15","0.10000000000000001","","",""
"Specification-CenterWeightedContinuousMeritsModerateRiskAversion__Cost-1__Fee-British","1","74","0","P","7","14","P Offer","P Liability Signal: 9;P Files: 1;D Answers: 1;P Abandons: 1","9,1,1,1","0","true","","","3","0.25","0.10000000000000001","","",""
"Specification-CenterWeightedContinuousMeritsModerateRiskAversion__Cost-1__Fee-British","1","74","0","P","7","14","P Offer","P Liability Signal: 9;P Files: 1;D Answers: 1;P Abandons: 1","9,1,1,1","0","true","","","4","0.35","0.10000000000000001","","",""
"Specification-CenterWeightedContinuousMeritsModerateRiskAversion__Cost-1__Fee-British","1","74","0","P","7","14","P Offer","P Liability Signal: 9;P Files: 1;D Answers: 1;P Abandons: 1","9,1,1,1","0","true","","","5","0.45","0.10000000000000001","","",""
"Specification-CenterWeightedContinuousMeritsModerateRiskAversion__Cost-1__Fee-British","1","74","0","P","7","14","P Offer","P Liability Signal: 9;P Files: 1;D Answers: 1;P Abandons: 1","9,1,1,1","0","true","","","6","0.55","0.10000000000000001","","",""
"Specification-CenterWeightedContinuousMeritsModerateRiskAversion__Cost-1__Fee-British","1","74","0","P","7","14","P Offer","P Liability Signal: 9;P Files: 1;D Answers: 1;P Abandons: 1","9,1,1,1","0","true","","","7","0.65","0.10000000000000001","","",""
"Specification-CenterWeightedContinuousMeritsModerateRiskAversion__Cost-1__Fee-British","1","74","0","P","7","14","P Offer","P Liability Signal: 9;P Files: 1;D Answers: 1;P Abandons: 1","9,1,1,1","0","true","","","8","0.75","0.10000000000000001","","",""
"Specification-CenterWeightedContinuousMeritsModerateRiskAversion__Cost-1__Fee-British","1","74","0","P","7","14","P Offer","P Liability Signal: 9;P Files: 1;D Answers: 1;P Abandons: 1","9,1,1,1","0","true","","","9","0.85","0.10000000000000001","","",""
"Specification-CenterWeightedContinuousMeritsModerateRiskAversion__Cost-1__Fee-British","1","74","0","P","7","14","P Offer","P Liability Signal: 9;P Files: 1;D Answers: 1;P Abandons: 1","9,1,1,1","0","true","","","10","0.95","0.10000000000000001","","",""
"Specification-CenterWeightedContinuousMeritsModerateRiskAversion__Cost-1__Fee-British","1","75","0","P","7","14","P Offer","P Liability Signal: 9;P Files: 1;D Answers: 1;P Abandons: 2","9,1,1,2","0.042531049330511404","false","1000.108070223885","1000.108070223885","1","0.05","0","1000.0336684844217","0.074401739463269223","false"
"Specification-CenterWeightedContinuousMeritsModerateRiskAversion__Cost-1__Fee-British","1","75","0","P","7","14","P Offer","P Liability Signal: 9;P Files: 1;D Answers: 1;P Abandons: 2","9,1,1,2","0.042531049330511404","false","1000.108070223885","1000.108070223885","2","0.15","0","1000.039953342509","0.068116881375999583","false"
"Specification-CenterWeightedContinuousMeritsModerateRiskAversion__Cost-1__Fee-British","1","75","0","P","7","14","P Offer","P Liability Signal: 9;P Files: 1;D Answers: 1;P Abandons: 2","9,1,1,2","0.042531049330511404","false","1000.108070223885","1000.108070223885","3","0.25","0","1000.0452420369224","0.062828186962519794","false"
"Specification-CenterWeightedContinuousMeritsModerateRiskAversion__Cost-1__Fee-British","1","75","0","P","7","14","P Offer","P Liability Signal: 9;P Files: 1;D Answers: 1;P Abandons: 2","9,1,1,2","0.042531049330511404","false","1000.108070223885","1000.108070223885","4","0.35","0","1000.0528593566619","0.05521086722308155","false"
"Specification-CenterWeightedContinuousMeritsModerateRiskAversion__Cost-1__Fee-British","1","75","0","P","7","14","P Offer","P Liability Signal: 9;P Files: 1;D Answers: 1;P Abandons: 2","9,1,1,2","0.042531049330511404","false","1000.108070223885","1000.108070223885","5","0.45","0","1000.0607353844275","0.047334839457448652","false"
"Specification-CenterWeightedContinuousMeritsModerateRiskAversion__Cost-1__Fee-British","1","75","0","P","7","14","P Offer","P Liability Signal: 9;P Files: 1;D Answers: 1;P Abandons: 2","9,1,1,2","0.042531049330511404","false","1000.108070223885","1000.108070223885","6","0.55","0","1000.0678640199912","0.040206203893717429","false"
"Specification-CenterWeightedContinuousMeritsModerateRiskAversion__Cost-1__Fee-British","1","75","0","P","7","14","P Offer","P Liability Signal: 9;P Files: 1;D Answers: 1;P Abandons: 2","9,1,1,2","0.042531049330511404","false","1000.108070223885","1000.108070223885","7","0.65","0","1000.108070223885","0","true"
"Specification-CenterWeightedContinuousMeritsModerateRiskAversion__Cost-1__Fee-British","1","75","0","P","7","14","P Offer","P Liability Signal: 9;P Files: 1;D Answers: 1;P Abandons: 2","9,1,1,2","0.042531049330511404","false","1000.108070223885","1000.108070223885","8","0.75","0","1000.108070223885","0","true"
"Specification-CenterWeightedContinuousMeritsModerateRiskAversion__Cost-1__Fee-British","1","75","0","P","7","14","P Offer","P Liability Signal: 9;P Files: 1;D Answers: 1;P Abandons: 2","9,1,1,2","0.042531049330511404","false","1000.108070223885","1000.108070223885","9","0.85","0","1000.108070223885","0","true"
"Specification-CenterWeightedContinuousMeritsModerateRiskAversion__Cost-1__Fee-British","1","75","0","P","7","14","P Offer","P Liability Signal: 9;P Files: 1;D Answers: 1;P Abandons: 2","9,1,1,2","0.042531049330511404","false","1000.108070223885","1000.108070223885","10","0.95","1","1000.108070223885","0","true"
"Specification-CenterWeightedContinuousMeritsModerateRiskAversion__Cost-1__Fee-British","1","76","0","P","2","9","P Files","P Liability Signal: 10","10","0.056260000000000004","false","1000.1398963483323","1000.1398963483323","1","Yes","1","1000.1398963483323","0","true"
"Specification-CenterWeightedContinuousMeritsModerateRiskAversion__Cost-1__Fee-British","1","76","0","P","2","9","P Files","P Liability Signal: 10","10","0.056260000000000004","false","1000.1398963483323","1000.1398963483323","2","No","0","999.99999803579988","0.13989831253240936","false"
"Specification-CenterWeightedContinuousMeritsModerateRiskAversion__Cost-1__Fee-British","1","77","0","P","5","20","P Abandons","P Liability Signal: 10;P Files: 1;D Answers: 1","10,1,1","0.025432753849503408","false","1000.1246314815313","1000.1246314815313","1","Yes","0","1000.0459480885646","0.078683392966695465","false"
"Specification-CenterWeightedContinuousMeritsModerateRiskAversion__Cost-1__Fee-British","1","77","0","P","5","20","P Abandons","P Liability Signal: 10;P Files: 1;D Answers: 1","10,1,1","0.025432753849503408","false","1000.1246314815313","1000.1246314815313","2","No","1","1000.1246314815313","0","true"
"Specification-CenterWeightedContinuousMeritsModerateRiskAversion__Cost-1__Fee-British","1","78","0","P","7","14","P Offer","P Liability Signal: 10;P Files: 1;D Answers: 1;P Abandons: 1","10,1,1,1","0","true","","","1","0.05","0.10000000000000001","","",""
"Specification-CenterWeightedContinuousMeritsModerateRiskAversion__Cost-1__Fee-British","1","78","0","P","7","14","P Offer","P Liability Signal: 10;P Files: 1;D Answers: 1;P Abandons: 1","10,1,1,1","0","true","","","2","0.15","0.10000000000000001","","",""
"Specification-CenterWeightedContinuousMeritsModerateRiskAversion__Cost-1__Fee-British","1","78","0","P","7","14","P Offer","P Liability Signal: 10;P Files: 1;D Answers: 1;P Abandons: 1","10,1,1,1","0","true","","","3","0.25","0.10000000000000001","","",""
"Specification-CenterWeightedContinuousMeritsModerateRiskAversion__Cost-1__Fee-British","1","78","0","P","7","14","P Offer","P Liability Signal: 10;P Files: 1;D Answers: 1;P Abandons: 1","10,1,1,1","0","true","","","4","0.35","0.10000000000000001","","",""
"Specification-CenterWeightedContinuousMeritsModerateRiskAversion__Cost-1__Fee-British","1","78","0","P","7","14","P Offer","P Liability Signal: 10;P Files: 1;D Answers: 1;P Abandons: 1","10,1,1,1","0","true","","","5","0.45","0.10000000000000001","","",""
"Specification-CenterWeightedContinuousMeritsModerateRiskAversion__Cost-1__Fee-British","1","78","0","P","7","14","P Offer","P Liability Signal: 10;P Files: 1;D Answers: 1;P Abandons: 1","10,1,1,1","0","true","","","6","0.55","0.10000000000000001","","",""
"Specification-CenterWeightedContinuousMeritsModerateRiskAversion__Cost-1__Fee-British","1","78","0","P","7","14","P Offer","P Liability Signal: 10;P Files: 1;D Answers: 1;P Abandons: 1","10,1,1,1","0","true","","","7","0.65","0.10000000000000001","","",""
"Specification-CenterWeightedContinuousMeritsModerateRiskAversion__Cost-1__Fee-British","1","78","0","P","7","14","P Offer","P Liability Signal: 10;P Files: 1;D Answers: 1;P Abandons: 1","10,1,1,1","0","true","","","8","0.75","0.10000000000000001","","",""
"Specification-CenterWeightedContinuousMeritsModerateRiskAversion__Cost-1__Fee-British","1","78","0","P","7","14","P Offer","P Liability Signal: 10;P Files: 1;D Answers: 1;P Abandons: 1","10,1,1,1","0","true","","","9","0.85","0.10000000000000001","","",""
"Specification-CenterWeightedContinuousMeritsModerateRiskAversion__Cost-1__Fee-British","1","78","0","P","7","14","P Offer","P Liability Signal: 10;P Files: 1;D Answers: 1;P Abandons: 1","10,1,1,1","0","true","","","10","0.95","0.10000000000000001","","",""
"Specification-CenterWeightedContinuousMeritsModerateRiskAversion__Cost-1__Fee-British","1","79","0","P","7","14","P Offer","P Liability Signal: 10;P Files: 1;D Answers: 1;P Abandons: 2","10,1,1,2","0.025432753849503408","false","1000.1246314815313","1000.1246314815313","1","0.05","0","1000.0371377323897","0.087493749141572152","false"
"Specification-CenterWeightedContinuousMeritsModerateRiskAversion__Cost-1__Fee-British","1","79","0","P","7","14","P Offer","P Liability Signal: 10;P Files: 1;D Answers: 1;P Abandons: 2","10,1,1,2","0.025432753849503408","false","1000.1246314815313","1000.1246314815313","2","0.15","0","1000.0483135529438","0.076317928587513961","false"
"Specification-CenterWeightedContinuousMeritsModerateRiskAversion__Cost-1__Fee-British","1","79","0","P","7","14","P Offer","P Liability Signal: 10;P Files: 1;D Answers: 1;P Abandons: 2","10,1,1,2","0.025432753849503408","false","1000.1246314815313","1000.1246314815313","3","0.25","0","1000.0577720790602","0.066859402471095564","false"
"Specification-CenterWeightedContinuousMeritsModerateRiskAversion__Cost-1__Fee-British","1","79","0","P","7","14","P Offer","P Liability Signal: 10;P Files: 1;D Answers: 1;P Abandons: 2","10,1,1,2","0.025432753849503408","false","1000.1246314815313","1000.1246314815313","4","0.35","0","1000.0664556720462","0.058175809485078389","false"
"Specification-CenterWeightedContinuousMeritsModerateRiskAversion__Cost-1__Fee-British","1","79","0","P","7","14","P Offer","P Liability Signal: 10;P Files: 1;D Answers: 1;P Abandons: 2","10,1,1,2","0.025432753849503408","false","1000.1246314815313","1000.1246314815313","5","0.45","0","1000.0747546594348","0.049876822096507567","false"
"Specification-CenterWeightedContinuousMeritsModerateRiskAversion__Cost-1__Fee-British","1","79","0","P","7","14","P Offer","P Liability Signal: 10;P Files: 1;D Answers: 1;P Abandons: 2","10,1,1,2","0.025432753849503408","false","1000.1246314815313","1000.1246314815313","6","0.55","0","1000.0822661180533","0.042365363477983919","false"
"Specification-CenterWeightedContinuousMeritsModerateRiskAversion__Cost-1__Fee-British","1","79","0","P","7","14","P Offer","P Liability Signal: 10;P Files: 1;D Answers: 1;P Abandons: 2","10,1,1,2","0.025432753849503408","false","1000.1246314815313","1000.1246314815313","7","0.65","0","1000.1246314815313","0","true"
"Specification-CenterWeightedContinuousMeritsModerateRiskAversion__Cost-1__Fee-British","1","79","0","P","7","14","P Offer","P Liability Signal: 10;P Files: 1;D Answers: 1;P Abandons: 2","10,1,1,2","0.025432753849503408","false","1000.1246314815313","1000.1246314815313","8","0.75","0","1000.1246314815313","0","true"
"Specification-CenterWeightedContinuousMeritsModerateRiskAversion__Cost-1__Fee-British","1","79","0","P","7","14","P Offer","P Liability Signal: 10;P Files: 1;D Answers: 1;P Abandons: 2","10,1,1,2","0.025432753849503408","false","1000.1246314815313","1000.1246314815313","9","0.85","0","1000.1246314815313","0","true"
"Specification-CenterWeightedContinuousMeritsModerateRiskAversion__Cost-1__Fee-British","1","79","0","P","7","14","P Offer","P Liability Signal: 10;P Files: 1;D Answers: 1;P Abandons: 2","10,1,1,2","0.025432753849503408","false","1000.1246314815313","1000.1246314815313","10","0.95","1","1000.1246314815313","0","true"
"Specification-CenterWeightedContinuousMeritsModerateRiskAversion__Cost-1__Fee-British","1","1","1","D","3","10","D Answers","D Liability Signal: 1;P Files: 1","1,1","0.035469006300000001","false","999.80824627931759","999.80824627931759","1","Yes","1","999.80824627931759","0","true"
"Specification-CenterWeightedContinuousMeritsModerateRiskAversion__Cost-1__Fee-British","1","1","1","D","3","10","D Answers","D Liability Signal: 1;P Files: 1","1,1","0.035469006300000001","false","999.80824627931759","999.80824627931759","2","No","0","998.80796538159996","1.0002808977176301","false"
"Specification-CenterWeightedContinuousMeritsModerateRiskAversion__Cost-1__Fee-British","1","3","1","D","6","21","D Defaults","D Liability Signal: 1;P Files: 1;D Answers: 1","1,1,1","0.035469006300000001","false","999.80824627931759","999.80824627931759","1","Yes","0","999.12497616622284","0.68327011309474983","false"
"Specification-CenterWeightedContinuousMeritsModerateRiskAversion__Cost-1__Fee-British","1","3","1","D","6","21","D Defaults","D Liability Signal: 1;P Files: 1;D Answers: 1","1,1,1","0.035469006300000001","false","999.80824627931759","999.80824627931759","2","No","1","999.80824627931759","0","true"
"Specification-CenterWeightedContinuousMeritsModerateRiskAversion__Cost-1__Fee-British","1","5","1","D","8","15","D Offer","D Liability Signal: 1;P Files: 1;D Answers: 1;D Defaults: 1","1,1,1,1","0","true","","","1","0.05","0.10000000000000001","","",""
"Specification-CenterWeightedContinuousMeritsModerateRiskAversion__Cost-1__Fee-British","1","5","1","D","8","15","D Offer","D Liability Signal: 1;P Files: 1;D Answers: 1;D Defaults: 1","1,1,1,1","0","true","","","2","0.15","0.10000000000000001","","",""
"Specification-CenterWeightedContinuousMeritsModerateRiskAversion__Cost-1__Fee-British","1","5","1","D","8","15","D Offer","D Liability Signal: 1;P Files: 1;D Answers: 1;D Defaults: 1","1,1,1,1","0","true","","","3","0.25","0.10000000000000001","","",""
"Specification-CenterWeightedContinuousMeritsModerateRiskAversion__Cost-1__Fee-British","1","5","1","D","8","15","D Offer","D Liability Signal: 1;P Files: 1;D Answers: 1;D Defaults: 1","1,1,1,1","0","true","","","4","0.35","0.10000000000000001","","",""
"Specification-CenterWeightedContinuousMeritsModerateRiskAversion__Cost-1__Fee-British","1","5","1","D","8","15","D Offer","D Liability Signal: 1;P Files: 1;D Answers: 1;D Defaults: 1","1,1,1,1","0","true","","","5","0.45","0.10000000000000001","","",""
"Specification-CenterWeightedContinuousMeritsModerateRiskAversion__Cost-1__Fee-British","1","5","1","D","8","15","D Offer","D Liability Signal: 1;P Files: 1;D Answers: 1;D Defaults: 1","1,1,1,1","0","true","","","6","0.55","0.10000000000000001","","",""
"Specification-CenterWeightedContinuousMeritsModerateRiskAversion__Cost-1__Fee-British","1","5","1","D","8","15","D Offer","D Liability Signal: 1;P Files: 1;D Answers: 1;D Defaults: 1","1,1,1,1","0","true","","","7","0.65","0.10000000000000001","","",""
"Specification-CenterWeightedContinuousMeritsModerateRiskAversion__Cost-1__Fee-British","1","5","1","D","8","15","D Offer","D Liability Signal: 1;P Files: 1;D Answers: 1;D Defaults: 1","1,1,1,1","0","true","","","8","0.75","0.10000000000000001","","",""
"Specification-CenterWeightedContinuousMeritsModerateRiskAversion__Cost-1__Fee-British","1","5","1","D","8","15","D Offer","D Liability Signal: 1;P Files: 1;D Answers: 1;D Defaults: 1","1,1,1,1","0","true","","","9","0.85","0.10000000000000001","","",""
"Specification-CenterWeightedContinuousMeritsModerateRiskAversion__Cost-1__Fee-British","1","5","1","D","8","15","D Offer","D Liability Signal: 1;P Files: 1;D Answers: 1;D Defaults: 1","1,1,1,1","0","true","","","10","0.95","0.10000000000000001","","",""
"Specification-CenterWeightedContinuousMeritsModerateRiskAversion__Cost-1__Fee-British","1","6","1","D","8","15","D Offer","D Liability Signal: 1;P Files: 1;D Answers: 1;D Defaults: 2","1,1,1,2","0.035469006300000001","false","999.80824627931781","999.80824627931781","1","0.05","1","999.80824627931781","0","true"
"Specification-CenterWeightedContinuousMeritsModerateRiskAversion__Cost-1__Fee-British","1","6","1","D","8","15","D Offer","D Liability Signal: 1;P Files: 1;D Answers: 1;D Defaults: 2","1,1,1,2","0.035469006300000001","false","999.80824627931781","999.80824627931781","2","0.15","0","999.80824627931781","0","true"
"Specification-CenterWeightedContinuousMeritsModerateRiskAversion__Cost-1__Fee-British","1","6","1","D","8","15","D Offer","D Liability Signal: 1;P Files: 1;D Answers: 1;D Defaults: 2","1,1,1,2","0.035469006300000001","false","999.80824627931781","999.80824627931781","3","0.25","0","999.80824627931781","0","true"
"Specification-CenterWeightedContinuousMeritsModerateRiskAversion__Cost-1__Fee-British","1","6","1","D","8","15","D Offer","D Liability Signal: 1;P Files: 1;D Answers: 1;D Defaults: 2","1,1,1,2","0.035469006300000001","false","999.80824627931781","999.80824627931781","4","0.35","0","999.80824627931781","0","true"
"Specification-CenterWeightedContinuousMeritsModerateRiskAversion__Cost-1__Fee-British","1","6","1","D","8","15","D Offer","D Liability Signal: 1;P Files: 1;D Answers: 1;D Defaults: 2","1,1,1,2","0.035469006300000001","false","999.80824627931781","999.80824627931781","5","0.45","0","999.80824627931781","0","true"
"Specification-CenterWeightedContinuousMeritsModerateRiskAversion__Cost-1__Fee-British","1","6","1","D","8","15","D Offer","D Liability Signal: 1;P Files: 1;D Answers: 1;D Defaults: 2","1,1,1,2","0.035469006300000001","false","999.80824627931781","999.80824627931781","6","0.55","0","999.34837804506492","0.45986823425289458","false"
"Specification-CenterWeightedContinuousMeritsModerateRiskAversion__Cost-1__Fee-British","1","6","1","D","8","15","D Offer","D Liability Signal: 1;P Files: 1;D Answers: 1;D Defaults: 2","1,1,1,2","0.035469006300000001","false","999.80824627931781","999.80824627931781","7","0.65","0","999.28293131116243","0.52531496815538503","false"
"Specification-CenterWeightedContinuousMeritsModerateRiskAversion__Cost-1__Fee-British","1","6","1","D","8","15","D Offer","D Liability Signal: 1;P Files: 1;D Answers: 1;D Defaults: 2","1,1,1,2","0.035469006300000001","false","999.80824627931781","999.80824627931781","8","0.75","0","999.2082609397213","0.59998533959651468","false"
"Specification-CenterWeightedContinuousMeritsModerateRiskAversion__Cost-1__Fee-British","1","6","1","D","8","15","D Offer","D Liability Signal: 1;P Files: 1;D Answers: 1;D Defaults: 2","1,1,1,2","0.035469006300000001","false","999.80824627931781","999.80824627931781","9","0.85","0","999.12156952186547","0.68667675745234646","false"
"Specification-CenterWeightedContinuousMeritsModerateRiskAversion__Cost-1__Fee-British","1","6","1","D","8","15","D Offer","D Liability Signal: 1;P Files: 1;D Answers: 1;D Defaults: 2","1,1,1,2","0.035469006300000001","false","999.80824627931781","999.80824627931781","10","0.95","0","999.02422037013332","0.78402590918449278","false"
"Specification-CenterWeightedContinuousMeritsModerateRiskAversion__Cost-1__Fee-British","1","8","1","D","3","10","D Answers","D Liability Signal: 2;P Files: 1","2,1","0.056258991799999998","false","999.71983266455391","999.71983266455391","1","Yes","1","999.71983266455391","0","true"
"Specification-CenterWeightedContinuousMeritsModerateRiskAversion__Cost-1__Fee-British","1","8","1","D","3","10","D Answers","D Liability Signal: 2;P Files: 1","2,1","0.056258991799999998","false","999.71983266455391","999.71983266455391","2","No","0","998.80796538160007","0.91186728295383546","false"
"Specification-CenterWeightedContinuousMeritsModerateRiskAversion__Cost-1__Fee-British","1","9","1","D","6","21","D Defaults","D Liability Signal: 2;P Files: 1;D Answers: 1","2,1,1","0.056258991800000005","false","999.71983266455391","999.71983266455391","1","Yes","0","999.09872851395119","0.62110415060271862","false"
"Specification-CenterWeightedContinuousMeritsModerateRiskAversion__Cost-1__Fee-British","1","9","1","D","6","21","D Defaults","D Liability Signal: 2;P Files: 1;D Answers: 1","2,1,1","0.056258991800000005","false","999.71983266455391","999.71983266455391","2","No","1","999.71983266455391","0","true"
"Specification-CenterWeightedContinuousMeritsModerateRiskAversion__Cost-1__Fee-British","1","10","1","D","8","15","D Offer","D Liability Signal: 2;P Files: 1;D Answers: 1;D Defaults: 1","2,1,1,1","0","true","","","1","0.05","0.10000000000000001","","",""
"Specification-CenterWeightedContinuousMeritsModerateRiskAversion__Cost-1__Fee-British","1","10","1","D","8","15","D Offer","D Liability Signal: 2;P Files: 1;D Answers: 1;D Defaults: 1","2,1,1,1","0","true","","","2","0.15","0.10000000000000001","","",""
"Specification-CenterWeightedContinuousMeritsModerateRiskAversion__Cost-1__Fee-British","1","10","1","D","8","15","D Offer","D Liability Signal: 2;P Files: 1;D Answers: 1;D Defaults: 1","2,1,1,1","0","true","","","3","0.25","0.10000000000000001","","",""
"Specification-CenterWeightedContinuousMeritsModerateRiskAversion__Cost-1__Fee-British","1","10","1","D","8","15","D Offer","D Liability Signal: 2;P Files: 1;D Answers: 1;D Defaults: 1","2,1,1,1","0","true","","","4","0.35","0.10000000000000001","","",""
"Specification-CenterWeightedContinuousMeritsModerateRiskAversion__Cost-1__Fee-British","1","10","1","D","8","15","D Offer","D Liability Signal: 2;P Files: 1;D Answers: 1;D Defaults: 1","2,1,1,1","0","true","","","5","0.45","0.10000000000000001","","",""
"Specification-CenterWeightedContinuousMeritsModerateRiskAversion__Cost-1__Fee-British","1","10","1","D","8","15","D Offer","D Liability Signal: 2;P Files: 1;D Answers: 1;D Defaults: 1","2,1,1,1","0","true","","","6","0.55","0.10000000000000001","","",""
"Specification-CenterWeightedContinuousMeritsModerateRiskAversion__Cost-1__Fee-British","1","10","1","D","8","15","D Offer","D Liability Signal: 2;P Files: 1;D Answers: 1;D Defaults: 1","2,1,1,1","0","true","","","7","0.65","0.10000000000000001","","",""
"Specification-CenterWeightedContinuousMeritsModerateRiskAversion__Cost-1__Fee-British","1","10","1","D","8","15","D Offer","D Liability Signal: 2;P Files: 1;D Answers: 1;D Defaults: 1","2,1,1,1","0","true","","","8","0.75","0.10000000000000001","","",""
"Specification-CenterWeightedContinuousMeritsModerateRiskAversion__Cost-1__Fee-British","1","10","1","D","8","15","D Offer","D Liability Signal: 2;P Files: 1;D Answers: 1;D Defaults: 1","2,1,1,1","0","true","","","9","0.85","0.10000000000000001","","",""
"Specification-CenterWeightedContinuousMeritsModerateRiskAversion__Cost-1__Fee-British","1","10","1","D","8","15","D Offer","D Liability Signal: 2;P Files: 1;D Answers: 1;D Defaults: 1","2,1,1,1","0","true","","","10","0.95","0.10000000000000001","","",""
"Specification-CenterWeightedContinuousMeritsModerateRiskAversion__Cost-1__Fee-British","1","11","1","D","8","15","D Offer","D Liability Signal: 2;P Files: 1;D Answers: 1;D Defaults: 2","2,1,1,2","0.056258991800000005","false","999.71983266455379","999.71983266455379","1","0.05","1","999.71983266455379","0","true"
"Specification-CenterWeightedContinuousMeritsModerateRiskAversion__Cost-1__Fee-British","1","11","1","D","8","15","D Offer","D Liability Signal: 2;P Files: 1;D Answers: 1;D Defaults: 2","2,1,1,2","0.056258991800000005","false","999.71983266455379","999.71983266455379","2","0.15","0","999.71983266455379","0","true"
"Specification-CenterWeightedContinuousMeritsModerateRiskAversion__Cost-1__Fee-British","1","11","1","D","8","15","D Offer","D Liability Signal: 2;P Files: 1;D Answers: 1;D Defaults: 2","2,1,1,2","0.056258991800000005","false","999.71983266455379","999.71983266455379","3","0.25","0","999.71983266455379","0","true"
"Specification-CenterWeightedContinuousMeritsModerateRiskAversion__Cost-1__Fee-British","1","11","1","D","8","15","D Offer","D Liability Signal: 2;P Files: 1;D Answers: 1;D Defaults: 2","2,1,1,2","0.056258991800000005","false","999.71983266455379","999.71983266455379","4","0.35","0","999.71983266455379","0","true"
"Specification-CenterWeightedContinuousMeritsModerateRiskAversion__Cost-1__Fee-British","1","11","1","D","8","15","D Offer","D Liability Signal: 2;P Files: 1;D Answers: 1;D Defaults: 2","2,1,1,2","0.056258991800000005","false","999.71983266455379","999.71983266455379","5","0.45","0","999.71983266455379","0","true"
"Specification-CenterWeightedContinuousMeritsModerateRiskAversion__Cost-1__Fee-British","1","11","1","D","8","15","D Offer","D Liability Signal: 2;P Files: 1;D Answers: 1;D Defaults: 2","2,1,1,2","0.056258991800000005","false","999.71983266455379","999.71983266455379","6","0.55","0","999.27704397498962","0.44278868956416773","false"
"Specification-CenterWeightedContinuousMeritsModerateRiskAversion__Cost-1__Fee-British","1","11","1","D","8","15","D Offer","D Liability Signal: 2;P Files: 1;D Answers: 1;D Defaults: 2","2,1,1,2","0.056258991800000005","false","999.71983266455379","999.71983266455379","7","0.65","0","999.22089937400813","0.49893329054566493","false"
"Specification-CenterWeightedContinuousMeritsModerateRiskAversion__Cost-1__Fee-British","1","11","1","D","8","15","D Offer","D Liability Signal: 2;P Files: 1;D Answers: 1;D Defaults: 2","2,1,1,2","0.056258991800000005","false","999.71983266455379","999.71983266455379","8","0.75","0","999.15798813809533","0.56184452645845795","false"
"Specification-CenterWeightedContinuousMeritsModerateRiskAversion__Cost-1__Fee-British","1","11","1","D","8","15","D Offer","D Liability Signal: 2;P Files: 1;D Answers: 1;D Defaults: 2","2,1,1,2","0.056258991800000005","false","999.71983266455379","999.71983266455379","9","0.85","0","999.08548142656082","0.63435123799297344","false"
"Specification-CenterWeightedContinuousMeritsModerateRiskAversion__Cost-1__Fee-British","1","11","1","D","8","15","D Offer","D Liability Signal: 2;P Files: 1;D Answers: 1;D Defaults: 2","2,1,1,2","0.056258991800000005","false","999.71983266455379","999.71983266455379","10","0.95","0","999.00994672382228","0.70988594073151035","false"
"Specification-CenterWeightedContinuousMeritsModerateRiskAversion__Cost-1__Fee-British","1","12","1","D","3","10","D Answers","D Liability Signal: 3;P Files: 1","3,1","0.079005951300000002","false","999.57916674912929","999.57916674912929","1","Yes","1","999.57916674912929","0","true"
"Specification-CenterWeightedContinuousMeritsModerateRiskAversion__Cost-1__Fee-British","1","12","1","D","3","10","D Answers","D Liability Signal: 3;P Files: 1","3,1","0.079005951300000002","false","999.57916674912929","999.57916674912929","2","No","0","998.80796538159984","0.7712013675294429","false"
"Specification-CenterWeightedContinuousMeritsModerateRiskAversion__Cost-1__Fee-British","1","13","1","D","6","21","D Defaults","D Liability Signal: 3;P Files: 1;D Answers: 1","3,1,1","0.079005951300000002","false","999.57916674912929","999.57916674912929","1","Yes","0","999.06214196712676","0.51702478200252244","false"
"Specification-CenterWeightedContinuousMeritsModerateRiskAversion__Cost-1__Fee-British","1","13","1","D","6","21","D Defaults","D Liability Signal: 3;P Files: 1;D Answers: 1","3,1,1","0.079005951300000002","false","999.57916674912929","999.57916674912929","2","No","1","999.57916674912929","0","true"
"Specification-CenterWeightedContinuousMeritsModerateRiskAversion__Cost-1__Fee-British","1","14","1","D","8","15","D Offer","D Liability Signal: 3;P Files: 1;D Answers: 1;D Defaults: 1","3,1,1,1","0","true","","","1","0.05","0.10000000000000001","","",""
"Specification-CenterWeightedContinuousMeritsModerateRiskAversion__Cost-1__Fee-British","1","14","1","D","8","15","D Offer","D Liability Signal: 3;P Files: 1;D Answers: 1;D Defaults: 1","3,1,1,1","0","true","","","2","0.15","0.10000000000000001","","",""
"Specification-CenterWeightedContinuousMeritsModerateRiskAversion__Cost-1__Fee-British","1","14","1","D","8","15","D Offer","D Liability Signal: 3;P Files: 1;D Answers: 1;D Defaults: 1","3,1,1,1","0","true","","","3","0.25","0.10000000000000001","","",""
"Specification-CenterWeightedContinuousMeritsModerateRiskAversion__Cost-1__Fee-British","1","14","1","D","8","15","D Offer","D Liability Signal: 3;P Files: 1;D Answers: 1;D Defaults: 1","3,1,1,1","0","true","","","4","0.35","0.10000000000000001","","",""
"Specification-CenterWeightedContinuousMeritsModerateRiskAversion__Cost-1__Fee-British","1","14","1","D","8","15","D Offer","D Liability Signal: 3;P Files: 1;D Answers: 1;D Defaults: 1","3,1,1,1","0","true","","","5","0.45","0.10000000000000001","","",""
"Specification-CenterWeightedContinuousMeritsModerateRiskAversion__Cost-1__Fee-British","1","14","1","D","8","15","D Offer","D Liability Signal: 3;P Files: 1;D Answers: 1;D Defaults: 1","3,1,1,1","0","true","","","6","0.55","0.10000000000000001","","",""
"Specification-CenterWeightedContinuousMeritsModerateRiskAversion__Cost-1__Fee-British","1","14","1","D","8","15","D Offer","D Liability Signal: 3;P Files: 1;D Answers: 1;D Defaults: 1","3,1,1,1","0","true","","","7","0.65","0.10000000000000001","","",""
"Specification-CenterWeightedContinuousMeritsModerateRiskAversion__Cost-1__Fee-British","1","14","1","D","8","15","D Offer","D Liability Signal: 3;P Files: 1;D Answers: 1;D Defaults: 1","3,1,1,1","0","true","","","8","0.75","0.10000000000000001","","",""
"Specification-CenterWeightedContinuousMeritsModerateRiskAversion__Cost-1__Fee-British","1","14","1","D","8","15","D Offer","D Liability Signal: 3;P Files: 1;D Answers: 1;D Defaults: 1","3,1,1,1","0","true","","","9","0.85","0.10000000000000001","","",""
"Specification-CenterWeightedContinuousMeritsModerateRiskAversion__Cost-1__Fee-British","1","14","1","D","8","15","D Offer","D Liability Signal: 3;P Files: 1;D Answers: 1;D Defaults: 1","3,1,1,1","0","true","","","10","0.95","0.10000000000000001","","",""
"Specification-CenterWeightedContinuousMeritsModerateRiskAversion__Cost-1__Fee-British","1","15","1","D","8","15","D Offer","D Liability Signal: 3;P Files: 1;D Answers: 1;D Defaults: 2","3,1,1,2","0.079005951300000002","false","999.57916674912929","999.57916674912929","1","0.05","1","999.57916674912929","0","true"
"Specification-CenterWeightedContinuousMeritsModerateRiskAversion__Cost-1__Fee-British","1","15","1","D","8","15","D Offer","D Liability Signal: 3;P Files: 1;D Answers: 1;D Defaults: 2","3,1,1,2","0.079005951300000002","false","999.57916674912929","999.57916674912929","2","0.15","0","999.57916674912929","0","true"
"Specification-CenterWeightedContinuousMeritsModerateRiskAversion__Cost-1__Fee-British","1","15","1","D","8","15","D Offer","D Liability Signal: 3;P Files: 1;D Answers: 1;D Defaults: 2","3,1,1,2","0.079005951300000002","false","999.57916674912929","999.57916674912929","3","0.25","0","999.57916674912929","0","true"
"Specification-CenterWeightedContinuousMeritsModerateRiskAversion__Cost-1__Fee-British","1","15","1","D","8","15","D Offer","D Liability Signal: 3;P Files: 1;D Answers: 1;D Defaults: 2","3,1,1,2","0.079005951300000002","false","999.57916674912929","999.57916674912929","4","0.35","0","999.57916674912929","0","true"
"Specification-CenterWeightedContinuousMeritsModerateRiskAversion__Cost-1__Fee-British","1","15","1","D","8","15","D Offer","D Liability Signal: 3;P Files: 1;D Answers: 1;D Defaults: 2","3,1,1,2","0.079005951300000002","false","999.57916674912929","999.57916674912929","5","0.45","0","999.57916674912929","0","true"
"Specification-CenterWeightedContinuousMeritsModerateRiskAversion__Cost-1__Fee-British","1","15","1","D","8","15","D Offer","D Liability Signal: 3;P Files: 1;D Answers: 1;D Defaults: 2","3,1,1,2","0.079005951300000002","false","999.57916674912929","999.57916674912929","6","0.55","0","999.15993235636381","0.41923439276547469","false"
"Specification-CenterWeightedContinuousMeritsModerateRiskAversion__Cost-1__Fee-British","1","15","1","D","8","15","D Offer","D Liability Signal: 3;P Files: 1;D Answers: 1;D Defaults: 2","3,1,1,2","0.079005951300000002","false","999.57916674912929","999.57916674912929","7","0.65","0","999.11739274090178","0.46177400822750769","false"
"Specification-CenterWeightedContinuousMeritsModerateRiskAversion__Cost-1__Fee-British","1","15","1","D","8","15","D Offer","D Liability Signal: 3;P Files: 1;D Answers: 1;D Defaults: 2","3,1,1,2","0.079005951300000002","false","999.57916674912929","999.57916674912929","8","0.75","0","999.07216341652406","0.50700333260522257","false"
"Specification-CenterWeightedContinuousMeritsModerateRiskAversion__Cost-1__Fee-British","1","15","1","D","8","15","D Offer","D Liability Signal: 3;P Files: 1;D Answers: 1;D Defaults: 2","3,1,1,2","0.079005951300000002","false","999.57916674912929","999.57916674912929","9","0.85","0","999.02304128992239","0.55612545920689627","false"
"Specification-CenterWeightedContinuousMeritsModerateRiskAversion__Cost-1__Fee-British","1","15","1","D","8","15","D Offer","D Liability Signal: 3;P Files: 1;D Answers: 1;D Defaults: 2","3,1,1,2","0.079005951300000002","false","999.57916674912929","999.57916674912929","10","0.95","0","998.98958766799115","0.58957908113814028","false"
"Specification-CenterWeightedContinuousMeritsModerateRiskAversion__Cost-1__Fee-British","1","16","1","D","3","10","D Answers","D Liability Signal: 4;P Files: 1","4,1","0.099787173999999992","false","999.36997710486401","999.36997710486401","1","Yes","1","999.36997710486401","0","true"
"Specification-CenterWeightedContinuousMeritsModerateRiskAversion__Cost-1__Fee-British","1","16","1","D","3","10","D Answers","D Liability Signal: 4;P Files: 1","4,1","0.099787173999999992","false","999.36997710486401","999.36997710486401","2","No","0","998.80796538159973","0.56201172326427695","false"
"Specification-CenterWeightedContinuousMeritsModerateRiskAversion__Cost-1__Fee-British","1","17","1","D","6","21","D Defaults","D Liability Signal: 4;P Files: 1;D Answers: 1","4,1,1","0.099787173999999992","false","999.36997710486401","999.36997710486401","1","Yes","0","999.01367589360848","0.35630121125552705","false"
"Specification-CenterWeightedContinuousMeritsModerateRiskAversion__Cost-1__Fee-British","1","17","1","D","6","21","D Defaults","D Liability Signal: 4;P Files: 1;D Answers: 1","4,1,1","0.099787173999999992","false","999.36997710486401","999.36997710486401","2","No","1","999.36997710486401","0","true"
"Specification-CenterWeightedContinuousMeritsModerateRiskAversion__Cost-1__Fee-British","1","18","1","D","8","15","D Offer","D Liability Signal: 4;P Files: 1;D Answers: 1;D Defaults: 1","4,1,1,1","0","true","","","1","0.05","0.10000000000000001","","",""
"Specification-CenterWeightedContinuousMeritsModerateRiskAversion__Cost-1__Fee-British","1","18","1","D","8","15","D Offer","D Liability Signal: 4;P Files: 1;D Answers: 1;D Defaults: 1","4,1,1,1","0","true","","","2","0.15","0.10000000000000001","","",""
"Specification-CenterWeightedContinuousMeritsModerateRiskAversion__Cost-1__Fee-British","1","18","1","D","8","15","D Offer","D Liability Signal: 4;P Files: 1;D Answers: 1;D Defaults: 1","4,1,1,1","0","true","","","3","0.25","0.10000000000000001","","",""
"Specification-CenterWeightedContinuousMeritsModerateRiskAversion__Cost-1__Fee-British","1","18","1","D","8","15","D Offer","D Liability Signal: 4;P Files: 1;D Answers: 1;D Defaults: 1","4,1,1,1","0","true","","","4","0.35","0.10000000000000001","","",""
"Specification-CenterWeightedContinuousMeritsModerateRiskAversion__Cost-1__Fee-British","1","18","1","D","8","15","D Offer","D Liability Signal: 4;P Files: 1;D Answers: 1;D Defaults: 1","4,1,1,1","0","true","","","5","0.45","0.10000000000000001","","",""
"Specification-CenterWeightedContinuousMeritsModerateRiskAversion__Cost-1__Fee-British","1","18","1","D","8","15","D Offer","D Liability Signal: 4;P Files: 1;D Answers: 1;D Defaults: 1","4,1,1,1","0","true","","","6","0.55","0.10000000000000001","","",""
"Specification-CenterWeightedContinuousMeritsModerateRiskAversion__Cost-1__Fee-British","1","18","1","D","8","15","D Offer","D Liability Signal: 4;P Files: 1;D Answers: 1;D Defaults: 1","4,1,1,1","0","true","","","7","0.65","0.10000000000000001","","",""
"Specification-CenterWeightedContinuousMeritsModerateRiskAversion__Cost-1__Fee-British","1","18","1","D","8","15","D Offer","D Liability Signal: 4;P Files: 1;D Answers: 1;D Defaults: 1","4,1,1,1","0","true","","","8","0.75","0.10000000000000001","","",""
"Specification-CenterWeightedContinuousMeritsModerateRiskAversion__Cost-1__Fee-British","1","18","1","D","8","15","D Offer","D Liability Signal: 4;P Files: 1;D Answers: 1;D Defaults: 1","4,1,1,1","0","true","","","9","0.85","0.10000000000000001","","",""
"Specification-CenterWeightedContinuousMeritsModerateRiskAversion__Cost-1__Fee-British","1","18","1","D","8","15","D Offer","D Liability Signal: 4;P Files: 1;D Answers: 1;D Defaults: 1","4,1,1,1","0","true","","","10","0.95","0.10000000000000001","","",""
"Specification-CenterWeightedContinuousMeritsModerateRiskAversion__Cost-1__Fee-British","1","19","1","D","8","15","D Offer","D Liability Signal: 4;P Files: 1;D Answers: 1;D Defaults: 2","4,1,1,2","0.099787173999999992","false","999.36997710486389","999.36997710486366","1","0.05","0","999.36997710486366","0","true"
"Specification-CenterWeightedContinuousMeritsModerateRiskAversion__Cost-1__Fee-British","1","19","1","D","8","15","D Offer","D Liability Signal: 4;P Files: 1;D Answers: 1;D Defaults: 2","4,1,1,2","0.099787173999999992","false","999.36997710486389","999.36997710486366","2","0.15","0.87535837671467165","999.36997710486366","0","true"
"Specification-CenterWeightedContinuousMeritsModerateRiskAversion__Cost-1__Fee-British","1","19","1","D","8","15","D Offer","D Liability Signal: 4;P Files: 1;D Answers: 1;D Defaults: 2","4,1,1,2","0.099787173999999992","false","999.36997710486389","999.36997710486366","3","0.25","0.12464162328532846","999.36997710486366","0","true"
"Specification-CenterWeightedContinuousMeritsModerateRiskAversion__Cost-1__Fee-British","1","19","1","D","8","15","D Offer","D Liability Signal: 4;P Files: 1;D Answers: 1;D Defaults: 2","4,1,1,2","0.099787173999999992","false","999.36997710486389","999.36997710486366","4","0.35","0","999.36997710486366","0","true"
"Specification-CenterWeightedContinuousMeritsModerateRiskAversion__Cost-1__Fee-British","1","19","1","D","8","15","D Offer","D Liability Signal: 4;P Files: 1;D Answers: 1;D Defaults: 2","4,1,1,2","0.099787173999999992","false","999.36997710486389","999.36997710486366","5","0.45","0","999.36997710486366","0","true"
"Specification-CenterWeightedContinuousMeritsModerateRiskAversion__Cost-1__Fee-British","1","19","1","D","8","15","D Offer","D Liability Signal: 4;P Files: 1;D Answers: 1;D Defaults: 2","4,1,1,2","0.099787173999999992","false","999.36997710486389","999.36997710486366","6","0.55","0","998.98158842318242","0.38838868168124918","false"
"Specification-CenterWeightedContinuousMeritsModerateRiskAversion__Cost-1__Fee-British","1","19","1","D","8","15","D Offer","D Liability Signal: 4;P Files: 1;D Answers: 1;D Defaults: 2","4,1,1,2","0.099787173999999992","false","999.36997710486389","999.36997710486366","7","0.65","0","998.95731798232123","0.41265912254243631","false"
"Specification-CenterWeightedContinuousMeritsModerateRiskAversion__Cost-1__Fee-British","1","19","1","D","8","15","D Offer","D Liability Signal: 4;P Files: 1;D Answers: 1;D Defaults: 2","4,1,1,2","0.099787173999999992","false","999.36997710486389","999.36997710486366","8","0.75","0","998.936314597153","0.43366250771066461","false"
"Specification-CenterWeightedContinuousMeritsModerateRiskAversion__Cost-1__Fee-British","1","19","1","D","8","15","D Offer","D Liability Signal: 4;P Files: 1;D Answers: 1;D Defaults: 2","4,1,1,2","0.099787173999999992","false","999.36997710486389","999.36997710486366","9","0.85","0","998.92219599904251","0.44778110582115005","false"
"Specification-CenterWeightedContinuousMeritsModerateRiskAversion__Cost-1__Fee-British","1","19","1","D","8","15","D Offer","D Liability Signal: 4;P Files: 1;D Answers: 1;D Defaults: 2","4,1,1,2","0.099787173999999992","false","999.36997710486389","999.36997710486366","10","0.95","0","998.96195885477653","0.40801825008713877","false"
"Specification-CenterWeightedContinuousMeritsModerateRiskAversion__Cost-1__Fee-British","1","20","1","D","3","10","D Answers","D Liability Signal: 5;P Files: 1","5,1","0.11473876189999999","false","999.09263968890048","999.09263968890048","1","Yes","1","999.09263968890048","0","true"
"Specification-CenterWeightedContinuousMeritsModerateRiskAversion__Cost-1__Fee-British","1","20","1","D","3","10","D Answers","D Liability Signal: 5;P Files: 1","5,1","0.11473876189999999","false","999.09263968890048","999.09263968890048","2","No","0","998.80796538159996","0.28467430730052001","false"
"Specification-CenterWeightedContinuousMeritsModerateRiskAversion__Cost-1__Fee-British","1","21","1","D","6","21","D Defaults","D Liability Signal: 5;P Files: 1;D Answers: 1","5,1,1","0.11473876189999999","false","999.09263968890059","999.09263968890059","1","Yes","1","999.09263968890059","0","true"
"Specification-CenterWeightedContinuousMeritsModerateRiskAversion__Cost-1__Fee-British","1","21","1","D","6","21","D Defaults","D Liability Signal: 5;P Files: 1;D Answers: 1","5,1,1","0.11473876189999999","false","999.09263968890059","999.09263968890059","2","No","0","998.93218182942371","0.16045785947687818","false"
"Specification-CenterWeightedContinuousMeritsModerateRiskAversion__Cost-1__Fee-British","1","22","1","D","8","15","D Offer","D Liability Signal: 5;P Files: 1;D Answers: 1;D Defaults: 1","5,1,1,1","0.11473876189999999","false","999.09263968890048","999.09263968890048","1","0.05","0","998.88442264275875","0.20821704614172631","false"
"Specification-CenterWeightedContinuousMeritsModerateRiskAversion__Cost-1__Fee-British","1","22","1","D","8","15","D Offer","D Liability Signal: 5;P Files: 1;D Answers: 1;D Defaults: 1","5,1,1,1","0.11473876189999999","false","999.09263968890048","999.09263968890048","2","0.15","0","998.88442264275875","0.20821704614172631","false"
"Specification-CenterWeightedContinuousMeritsModerateRiskAversion__Cost-1__Fee-British","1","22","1","D","8","15","D Offer","D Liability Signal: 5;P Files: 1;D Answers: 1;D Defaults: 1","5,1,1,1","0.11473876189999999","false","999.09263968890048","999.09263968890048","3","0.25","0","998.88442264275875","0.20821704614172631","false"
"Specification-CenterWeightedContinuousMeritsModerateRiskAversion__Cost-1__Fee-British","1","22","1","D","8","15","D Offer","D Liability Signal: 5;P Files: 1;D Answers: 1;D Defaults: 1","5,1,1,1","0.11473876189999999","false","999.09263968890048","999.09263968890048","4","0.35","0","998.88442264275875","0.20821704614172631","false"
"Specification-CenterWeightedContinuousMeritsModerateRiskAversion__Cost-1__Fee-British","1","22","1","D","8","15","D Offer","D Liability Signal: 5;P Files: 1;D Answers: 1;D Defaults: 1","5,1,1,1","0.11473876189999999","false","999.09263968890048","999.09263968890048","5","0.45","0","998.88442264275875","0.20821704614172631","false"
"Specification-CenterWeightedContinuousMeritsModerateRiskAversion__Cost-1__Fee-British","1","22","1","D","8","15","D Offer","D Liability Signal: 5;P Files: 1;D Answers: 1;D Defaults: 1","5,1,1,1","0.11473876189999999","false","999.09263968890048","999.09263968890048","6","0.55","1","999.09263968890048","0","true"
"Specification-CenterWeightedContinuousMeritsModerateRiskAversion__Cost-1__Fee-British","1","22","1","D","8","15","D Offer","D Liability Signal: 5;P Files: 1;D Answers: 1;D Defaults: 1","5,1,1,1","0.11473876189999999","false","999.09263968890048","999.09263968890048","7","0.65","0","999.06530747109866","0.027332217801813385","false"
"Specification-CenterWeightedContinuousMeritsModerateRiskAversion__Cost-1__Fee-British","1","22","1","D","8","15","D Offer","D Liability Signal: 5;P Files: 1;D Answers: 1;D Defaults: 1","5,1,1,1","0.11473876189999999","false","999.09263968890048","999.09263968890048","8","0.75","0","999.03508716290105","0.057552525999426507","false"
"Specification-CenterWeightedContinuousMeritsModerateRiskAversion__Cost-1__Fee-British","1","22","1","D","8","15","D Offer","D Liability Signal: 5;P Files: 1;D Answers: 1;D Defaults: 1","5,1,1,1","0.11473876189999999","false","999.09263968890048","999.09263968890048","9","0.85","0","998.99336534769122","0.09927434120925227","false"
"Specification-CenterWeightedContinuousMeritsModerateRiskAversion__Cost-1__Fee-British","1","22","1","D","8","15","D Offer","D Liability Signal: 5;P Files: 1;D Answers: 1;D Defaults: 1","5,1,1,1","0.11473876189999999","false","999.09263968890048","999.09263968890048","10","0.95","0","998.92681059337895","0.16582909552153069","false"
"Specification-CenterWeightedContinuousMeritsModerateRiskAversion__Cost-1__Fee-British","1","23","1","D","8","15","D Offer","D Liability Signal: 5;P Files: 1;D Answers: 1;D Defaults: 2","5,1,1,2","0","true","","","1","0.05","0.10000000000000001","","",""
"Specification-CenterWeightedContinuousMeritsModerateRiskAversion__Cost-1__Fee-British","1","23","1","D","8","15","D Offer","D Liability Signal: 5;P Files: 1;D Answers: 1;D Defaults: 2","5,1,1,2","0","true","","","2","0.15","0.10000000000000001","","",""
"Specification-CenterWeightedContinuousMeritsModerateRiskAversion__Cost-1__Fee-British","1","23","1","D","8","15","D Offer","D Liability Signal: 5;P Files: 1;D Answers: 1;D Defaults: 2","5,1,1,2","0","true","","","3","0.25","0.10000000000000001","","",""
"Specification-CenterWeightedContinuousMeritsModerateRiskAversion__Cost-1__Fee-British","1","23","1","D","8","15","D Offer","D Liability Signal: 5;P Files: 1;D Answers: 1;D Defaults: 2","5,1,1,2","0","true","","","4","0.35","0.10000000000000001","","",""
"Specification-CenterWeightedContinuousMeritsModerateRiskAversion__Cost-1__Fee-British","1","23","1","D","8","15","D Offer","D Liability Signal: 5;P Files: 1;D Answers: 1;D Defaults: 2","5,1,1,2","0","true","","","5","0.45","0.10000000000000001","","",""
"Specification-CenterWeightedContinuousMeritsModerateRiskAversion__Cost-1__Fee-British","1","23","1","D","8","15","D Offer","D Liability Signal: 5;P Files: 1;D Answers: 1;D Defaults: 2","5,1,1,2","0","true","","","6","0.55","0.10000000000000001","","",""
"Specification-CenterWeightedContinuousMeritsModerateRiskAversion__Cost-1__Fee-British","1","23","1","D","8","15","D Offer","D Liability Signal: 5;P Files: 1;D Answers: 1;D Defaults: 2","5,1,1,2","0","true","","","7","0.65","0.10000000000000001","","",""
"Specification-CenterWeightedContinuousMeritsModerateRiskAversion__Cost-1__Fee-British","1","23","1","D","8","15","D Offer","D Liability Signal: 5;P Files: 1;D Answers: 1;D Defaults: 2","5,1,1,2","0","true","","","8","0.75","0.10000000000000001","","",""
"Specification-CenterWeightedContinuousMeritsModerateRiskAversion__Cost-1__Fee-British","1","23","1","D","8","15","D Offer","D Liability Signal: 5;P Files: 1;D Answers: 1;D Defaults: 2","5,1,1,2","0","true","","","9","0.85","0.10000000000000001","","",""
"Specification-CenterWeightedContinuousMeritsModerateRiskAversion__Cost-1__Fee-British","1","23","1","D","8","15","D Offer","D Liability Signal: 5;P Files: 1;D Answers: 1;D Defaults: 2","5,1,1,2","0","true","","","10","0.95","0.10000000000000001","","",""
"Specification-CenterWeightedContinuousMeritsModerateRiskAversion__Cost-1__Fee-British","1","24","1","D","3","10","D Answers","D Liability Signal: 6;P Files: 1","6,1","0.12091146219999999","false","998.99880692351405","998.99880692351405","1","Yes","1","998.99880692351405","0","true"
"Specification-CenterWeightedContinuousMeritsModerateRiskAversion__Cost-1__Fee-British","1","24","1","D","3","10","D Answers","D Liability Signal: 6;P Files: 1","6,1","0.12091146219999999","false","998.99880692351405","998.99880692351405","2","No","0","998.80796538159996","0.19084154191409652","false"
"Specification-CenterWeightedContinuousMeritsModerateRiskAversion__Cost-1__Fee-British","1","25","1","D","6","21","D Defaults","D Liability Signal: 6;P Files: 1;D Answers: 1","6,1,1","0.12091146219999999","false","998.99880692351394","998.99880692351394","1","Yes","1","998.99880692351394","0","true"
"Specification-CenterWeightedContinuousMeritsModerateRiskAversion__Cost-1__Fee-British","1","25","1","D","6","21","D Defaults","D Liability Signal: 6;P Files: 1;D Answers: 1","6,1,1","0.12091146219999999","false","998.99880692351394","998.99880692351394","2","No","0","998.64398408998227","0.35482283353167077","false"
"Specification-CenterWeightedContinuousMeritsModerateRiskAversion__Cost-1__Fee-British","1","26","1","D","8","15","D Offer","D Liability Signal: 6;P Files: 1;D Answers: 1;D Defaults: 1","6,1,1,1","0.12091146219999999","false","998.99880692351383","998.99880692351383","1","0.05","0","998.81606330610418","0.18274361740964196","false"
"Specification-CenterWeightedContinuousMeritsModerateRiskAversion__Cost-1__Fee-British","1","26","1","D","8","15","D Offer","D Liability Signal: 6;P Files: 1;D Answers: 1;D Defaults: 1","6,1,1,1","0.12091146219999999","false","998.99880692351383","998.99880692351383","2","0.15","0","998.81606330610418","0.18274361740964196","false"
"Specification-CenterWeightedContinuousMeritsModerateRiskAversion__Cost-1__Fee-British","1","26","1","D","8","15","D Offer","D Liability Signal: 6;P Files: 1;D Answers: 1;D Defaults: 1","6,1,1,1","0.12091146219999999","false","998.99880692351383","998.99880692351383","3","0.25","0","998.81606330610418","0.18274361740964196","false"
"Specification-CenterWeightedContinuousMeritsModerateRiskAversion__Cost-1__Fee-British","1","26","1","D","8","15","D Offer","D Liability Signal: 6;P Files: 1;D Answers: 1;D Defaults: 1","6,1,1,1","0.12091146219999999","false","998.99880692351383","998.99880692351383","4","0.35","0","998.81606330610418","0.18274361740964196","false"
"Specification-CenterWeightedContinuousMeritsModerateRiskAversion__Cost-1__Fee-British","1","26","1","D","8","15","D Offer","D Liability Signal: 6;P Files: 1;D Answers: 1;D Defaults: 1","6,1,1,1","0.12091146219999999","false","998.99880692351383","998.99880692351383","5","0.45","0","998.81606330610418","0.18274361740964196","false"
"Specification-CenterWeightedContinuousMeritsModerateRiskAversion__Cost-1__Fee-British","1","26","1","D","8","15","D Offer","D Liability Signal: 6;P Files: 1;D Answers: 1;D Defaults: 1","6,1,1,1","0.12091146219999999","false","998.99880692351383","998.99880692351383","6","0.55","1","998.99880692351383","0","true"
"Specification-CenterWeightedContinuousMeritsModerateRiskAversion__Cost-1__Fee-British","1","26","1","D","8","15","D Offer","D Liability Signal: 6;P Files: 1;D Answers: 1;D Defaults: 1","6,1,1,1","0.12091146219999999","false","998.99880692351383","998.99880692351383","7","0.65","0","998.9817265155973","0.017080407916523654","false"
"Specification-CenterWeightedContinuousMeritsModerateRiskAversion__Cost-1__Fee-British","1","26","1","D","8","15","D Offer","D Liability Signal: 6;P Files: 1;D Answers: 1;D Defaults: 1","6,1,1,1","0.12091146219999999","false","998.99880692351383","998.99880692351383","8","0.75","0","998.96284128662978","0.035965636884043306","false"
"Specification-CenterWeightedContinuousMeritsModerateRiskAversion__Cost-1__Fee-British","1","26","1","D","8","15","D Offer","D Liability Signal: 6;P Files: 1;D Answers: 1;D Defaults: 1","6,1,1,1","0.12091146219999999","false","998.99880692351383","998.99880692351383","9","0.85","0","998.93552908318054","0.063277840333284985","false"
"Specification-CenterWeightedContinuousMeritsModerateRiskAversion__Cost-1__Fee-British","1","26","1","D","8","15","D Offer","D Liability Signal: 6;P Files: 1;D Answers: 1;D Defaults: 1","6,1,1,1","0.12091146219999999","false","998.99880692351383","998.99880692351383","10","0.95","0","998.8854341171126","0.11337280640123026","false"
"Specification-CenterWeightedContinuousMeritsModerateRiskAversion__Cost-1__Fee-British","1","27","1","D","8","15","D Offer","D Liability Signal: 6;P Files: 1;D Answers: 1;D Defaults: 2","6,1,1,2","0","true","","","1","0.05","0.10000000000000001","","",""
"Specification-CenterWeightedContinuousMeritsModerateRiskAversion__Cost-1__Fee-British","1","27","1","D","8","15","D Offer","D Liability Signal: 6;P Files: 1;D Answers: 1;D Defaults: 2","6,1,1,2","0","true","","","2","0.15","0.10000000000000001","","",""
"Specification-CenterWeightedContinuousMeritsModerateRiskAversion__Cost-1__Fee-British","1","27","1","D","8","15","D Offer","D Liability Signal: 6;P Files: 1;D Answers: 1;D Defaults: 2","6,1,1,2","0","true","","","3","0.25","0.10000000000000001","","",""
"Specification-CenterWeightedContinuousMeritsModerateRiskAversion__Cost-1__Fee-British","1","27","1","D","8","15","D Offer","D Liability Signal: 6;P Files: 1;D Answers: 1;D Defaults: 2","6,1,1,2","0","true","","","4","0.35","0.10000000000000001","","",""
"Specification-CenterWeightedContinuousMeritsModerateRiskAversion__Cost-1__Fee-British","1","27","1","D","8","15","D Offer","D Liability Signal: 6;P Files: 1;D Answers: 1;D Defaults: 2","6,1,1,2","0","true","","","5","0.45","0.10000000000000001","","",""
"Specification-CenterWeightedContinuousMeritsModerateRiskAversion__Cost-1__Fee-British","1","27","1","D","8","15","D Offer","D Liability Signal: 6;P Files: 1;D Answers: 1;D Defaults: 2","6,1,1,2","0","true","","","6","0.55","0.10000000000000001","","",""
"Specification-CenterWeightedContinuousMeritsModerateRiskAversion__Cost-1__Fee-British","1","27","1","D","8","15","D Offer","D Liability Signal: 6;P Files: 1;D Answers: 1;D Defaults: 2","6,1,1,2","0","true","","","7","0.65","0.10000000000000001","","",""
"Specification-CenterWeightedContinuousMeritsModerateRiskAversion__Cost-1__Fee-British","1","27","1","D","8","15","D Offer","D Liability Signal: 6;P Files: 1;D Answers: 1;D Defaults: 2","6,1,1,2","0","true","","","8","0.75","0.10000000000000001","","",""
"Specification-CenterWeightedContinuousMeritsModerateRiskAversion__Cost-1__Fee-British","1","27","1","D","8","15","D Offer","D Liability Signal: 6;P Files: 1;D Answers: 1;D Defaults: 2","6,1,1,2","0","true","","","9","0.85","0.10000000000000001","","",""
"Specification-CenterWeightedContinuousMeritsModerateRiskAversion__Cost-1__Fee-British","1","27","1","D","8","15","D Offer","D Liability Signal: 6;P Files: 1;D Answers: 1;D Defaults: 2","6,1,1,2","0","true","","","10","0.95","0.10000000000000001","","",""
"Specification-CenterWeightedContinuousMeritsModerateRiskAversion__Cost-1__Fee-British","1","28","1","D","3","10","D Answers","D Liability Signal: 7;P Files: 1","7,1","0.11674507019999998","false","998.90111597259249","998.90111597259249","1","Yes","1","998.90111597259249","0","true"
"Specification-CenterWeightedContinuousMeritsModerateRiskAversion__Cost-1__Fee-British","1","28","1","D","3","10","D Answers","D Liability Signal: 7;P Files: 1","7,1","0.11674507019999998","false","998.90111597259249","998.90111597259249","2","No","0","998.80796538160018","0.093150590992308935","false"
"Specification-CenterWeightedContinuousMeritsModerateRiskAversion__Cost-1__Fee-British","1","29","1","D","6","21","D Defaults","D Liability Signal: 7;P Files: 1;D Answers: 1","7,1,1","0.1167450702","false","998.90111597259238","998.90111597259238","1","Yes","1","998.90111597259238","0","true"
"Specification-CenterWeightedContinuousMeritsModerateRiskAversion__Cost-1__Fee-British","1","29","1","D","6","21","D Defaults","D Liability Signal: 7;P Files: 1;D Answers: 1","7,1,1","0.1167450702","false","998.90111597259238","998.90111597259238","2","No","0","998.31657971153527","0.5845362610571101","false"
"Specification-CenterWeightedContinuousMeritsModerateRiskAversion__Cost-1__Fee-British","1","30","1","D","8","15","D Offer","D Liability Signal: 7;P Files: 1;D Answers: 1;D Defaults: 1","7,1,1,1","0.11674507019999998","false","998.90111597259249","998.90111597259249","1","0.05","0","998.74489319218276","0.1562227804097347","false"
"Specification-CenterWeightedContinuousMeritsModerateRiskAversion__Cost-1__Fee-British","1","30","1","D","8","15","D Offer","D Liability Signal: 7;P Files: 1;D Answers: 1;D Defaults: 1","7,1,1,1","0.11674507019999998","false","998.90111597259249","998.90111597259249","2","0.15","0","998.74489319218276","0.1562227804097347","false"
"Specification-CenterWeightedContinuousMeritsModerateRiskAversion__Cost-1__Fee-British","1","30","1","D","8","15","D Offer","D Liability Signal: 7;P Files: 1;D Answers: 1;D Defaults: 1","7,1,1,1","0.11674507019999998","false","998.90111597259249","998.90111597259249","3","0.25","0","998.74489319218276","0.1562227804097347","false"
"Specification-CenterWeightedContinuousMeritsModerateRiskAversion__Cost-1__Fee-British","1","30","1","D","8","15","D Offer","D Liability Signal: 7;P Files: 1;D Answers: 1;D Defaults: 1","7,1,1,1","0.11674507019999998","false","998.90111597259249","998.90111597259249","4","0.35","0","998.74489319218276","0.1562227804097347","false"
"Specification-CenterWeightedContinuousMeritsModerateRiskAversion__Cost-1__Fee-British","1","30","1","D","8","15","D Offer","D Liability Signal: 7;P Files: 1;D Answers: 1;D Defaults: 1","7,1,1,1","0.11674507019999998","false","998.90111597259249","998.90111597259249","5","0.45","0","998.74489319218276","0.1562227804097347","false"
"Specification-CenterWeightedContinuousMeritsModerateRiskAversion__Cost-1__Fee-British","1","30","1","D","8","15","D Offer","D Liability Signal: 7;P Files: 1;D Answers: 1;D Defaults: 1","7,1,1,1","0.11674507019999998","false","998.90111597259249","998.90111597259249","6","0.55","1","998.90111597259249","0","true"
"Specification-CenterWeightedContinuousMeritsModerateRiskAversion__Cost-1__Fee-British","1","30","1","D","8","15","D Offer","D Liability Signal: 7;P Files: 1;D Answers: 1;D Defaults: 1","7,1,1,1","0.11674507019999998","false","998.90111597259249","998.90111597259249","7","0.65","0","998.89340367771968","0.0077122948728174379","false"
"Specification-CenterWeightedContinuousMeritsModerateRiskAversion__Cost-1__Fee-British","1","30","1","D","8","15","D Offer","D Liability Signal: 7;P Files: 1;D Answers: 1;D Defaults: 1","7,1,1,1","0.11674507019999998","false","998.90111597259249","998.90111597259249","8","0.75","0","998.884876454292","0.016239518300494638","false"
"Specification-CenterWeightedContinuousMeritsModerateRiskAversion__Cost-1__Fee-British","1","30","1","D","8","15","D Offer","D Liability Signal: 7;P Files: 1;D Answers: 1;D Defaults: 1","7,1,1,1","0.11674507019999998","false","998.90111597259249","998.90111597259249","9","0.85","0","998.87191575712257","0.029200215469927571","false"
"Specification-CenterWeightedContinuousMeritsModerateRiskAversion__Cost-1__Fee-British","1","30","1","D","8","15","D Offer","D Liability Signal: 7;P Files: 1;D Answers: 1;D Defaults: 1","7,1,1,1","0.11674507019999998","false","998.90111597259249","998.90111597259249","10","0.95","0","998.84073927367922","0.060376698913273685","false"
"Specification-CenterWeightedContinuousMeritsModerateRiskAversion__Cost-1__Fee-British","1","31","1","D","8","15","D Offer","D Liability Signal: 7;P Files: 1;D Answers: 1;D Defaults: 2","7,1,1,2","0","true","","","1","0.05","0.10000000000000001","","",""
"Specification-CenterWeightedContinuousMeritsModerateRiskAversion__Cost-1__Fee-British","1","31","1","D","8","15","D Offer","D Liability Signal: 7;P Files: 1;D Answers: 1;D Defaults: 2","7,1,1,2","0","true","","","2","0.15","0.10000000000000001","","",""
"Specification-CenterWeightedContinuousMeritsModerateRiskAversion__Cost-1__Fee-British","1","31","1","D","8","15","D Offer","D Liability Signal: 7;P Files: 1;D Answers: 1;D Defaults: 2","7,1,1,2","0","true","","","3","0.25","0.10000000000000001","","",""
"Specification-CenterWeightedContinuousMeritsModerateRiskAversion__Cost-1__Fee-British","1","31","1","D","8","15","D Offer","D Liability Signal: 7;P Files: 1;D Answers: 1;D Defaults: 2","7,1,1,2","0","true","","","4","0.35","0.10000000000000001","","",""
"Specification-CenterWeightedContinuousMeritsModerateRiskAversion__Cost-1__Fee-British","1","31","1","D","8","15","D Offer","D Liability Signal: 7;P Files: 1;D Answers: 1;D Defaults: 2","7,1,1,2","0","true","","","5","0.45","0.10000000000000001","","",""
"Specification-CenterWeightedContinuousMeritsModerateRiskAversion__Cost-1__Fee-British","1","31","1","D","8","15","D Offer","D Liability Signal: 7;P Files: 1;D Answers: 1;D Defaults: 2","7,1,1,2","0","true","","","6","0.55","0.10000000000000001","","",""
"Specification-CenterWeightedContinuousMeritsModerateRiskAversion__Cost-1__Fee-British","1","31","1","D","8","15","D Offer","D Liability Signal: 7;P Files: 1;D Answers: 1;D Defaults: 2","7,1,1,2","0","true","","","7","0.65","0.10000000000000001","","",""
"Specification-CenterWeightedContinuousMeritsModerateRiskAversion__Cost-1__Fee-British","1","31","1","D","8","15","D Offer","D Liability Signal: 7;P Files: 1;D Answers: 1;D Defaults: 2","7,1,1,2","0","true","","","8","0.75","0.10000000000000001","","",""
"Specification-CenterWeightedContinuousMeritsModerateRiskAversion__Cost-1__Fee-British","1","31","1","D","8","15","D Offer","D Liability Signal: 7;P Files: 1;D Answers: 1;D Defaults: 2","7,1,1,2","0","true","","","9","0.85","0.10000000000000001","","",""
"Specification-CenterWeightedContinuousMeritsModerateRiskAversion__Cost-1__Fee-British","1","31","1","D","8","15","D Offer","D Liability Signal: 7;P Files: 1;D Answers: 1;D Defaults: 2","7,1,1,2","0","true","","","10","0.95","0.10000000000000001","","",""
"Specification-CenterWeightedContinuousMeritsModerateRiskAversion__Cost-1__Fee-British","1","32","1","D","3","10","D Answers","D Liability Signal: 8;P Files: 1","8,1","0.10247102299999999","false","998.80796538160007","998.80796538160007","1","Yes","0.11268104396740015","998.80796538160007","0","true"
"Specification-CenterWeightedContinuousMeritsModerateRiskAversion__Cost-1__Fee-British","1","32","1","D","3","10","D Answers","D Liability Signal: 8;P Files: 1","8,1","0.10247102299999999","false","998.80796538160007","998.80796538160007","2","No","0.88731895603259991","998.80796538160007","0","true"
"Specification-CenterWeightedContinuousMeritsModerateRiskAversion__Cost-1__Fee-British","1","33","1","D","6","21","D Defaults","D Liability Signal: 8;P Files: 1;D Answers: 1","8,1,1","0.011546541848047473","false","998.80796538159996","998.80796538159996","1","Yes","1","998.80796538159996","0","true"
"Specification-CenterWeightedContinuousMeritsModerateRiskAversion__Cost-1__Fee-British","1","33","1","D","6","21","D Defaults","D Liability Signal: 8;P Files: 1;D Answers: 1","8,1,1","0.011546541848047473","false","998.80796538159996","998.80796538159996","2","No","0","997.98135755516114","0.82660782643881703","false"
"Specification-CenterWeightedContinuousMeritsModerateRiskAversion__Cost-1__Fee-British","1","34","1","D","8","15","D Offer","D Liability Signal: 8;P Files: 1;D Answers: 1;D Defaults: 1","8,1,1,1","0.011546541848047473","false","998.80796538159996","998.80796538159996","1","0.05","0","998.67703083532911","0.13093454627085066","false"
"Specification-CenterWeightedContinuousMeritsModerateRiskAversion__Cost-1__Fee-British","1","34","1","D","8","15","D Offer","D Liability Signal: 8;P Files: 1;D Answers: 1;D Defaults: 1","8,1,1,1","0.011546541848047473","false","998.80796538159996","998.80796538159996","2","0.15","0","998.67703083532911","0.13093454627085066","false"
"Specification-CenterWeightedContinuousMeritsModerateRiskAversion__Cost-1__Fee-British","1","34","1","D","8","15","D Offer","D Liability Signal: 8;P Files: 1;D Answers: 1;D Defaults: 1","8,1,1,1","0.011546541848047473","false","998.80796538159996","998.80796538159996","3","0.25","0","998.67703083532911","0.13093454627085066","false"
"Specification-CenterWeightedContinuousMeritsModerateRiskAversion__Cost-1__Fee-British","1","34","1","D","8","15","D Offer","D Liability Signal: 8;P Files: 1;D Answers: 1;D Defaults: 1","8,1,1,1","0.011546541848047473","false","998.80796538159996","998.80796538159996","4","0.35","0","998.67703083532911","0.13093454627085066","false"
"Specification-CenterWeightedContinuousMeritsModerateRiskAversion__Cost-1__Fee-British","1","34","1","D","8","15","D Offer","D Liability Signal: 8;P Files: 1;D Answers: 1;D Defaults: 1","8,1,1,1","0.011546541848047473","false","998.80796538159996","998.80796538159996","5","0.45","0","998.67703083532911","0.13093454627085066","false"
"Specification-CenterWeightedContinuousMeritsModerateRiskAversion__Cost-1__Fee-British","1","34","1","D","8","15","D Offer","D Liability Signal: 8;P Files: 1;D Answers: 1;D Defaults: 1","8,1,1,1","0.011546541848047473","false","998.80796538159996","998.80796538159996","6","0.55","1","998.80796538159996","0","true"
"Specification-CenterWeightedContinuousMeritsModerateRiskAversion__Cost-1__Fee-British","1","34","1","D","8","15","D Offer","D Liability Signal: 8;P Files: 1;D Answers: 1;D Defaults: 1","8,1,1,1","0.011546541848047473","false","998.80796538159996","998.80796538159996","7","0.65","0","998.80796538159996","0","true"
"Specification-CenterWeightedContinuousMeritsModerateRiskAversion__Cost-1__Fee-British","1","34","1","D","8","15","D Offer","D Liability Signal: 8;P Files: 1;D Answers: 1;D Defaults: 1","8,1,1,1","0.011546541848047473","false","998.80796538159996","998.80796538159996","8","0.75","0","998.80796538159996","0","true"
"Specification-CenterWeightedContinuousMeritsModerateRiskAversion__Cost-1__Fee-British","1","34","1","D","8","15","D Offer","D Liability Signal: 8;P Files: 1;D Answers: 1;D Defaults: 1","8,1,1,1","0.011546541848047473","false","998.80796538159996","998.80796538159996","9","0.85","0","998.80796538159996","0","true"
"Specification-CenterWeightedContinuousMeritsModerateRiskAversion__Cost-1__Fee-British","1","34","1","D","8","15","D Offer","D Liability Signal: 8;P Files: 1;D Answers: 1;D Defaults: 1","8,1,1,1","0.011546541848047473","false","998.80796538159996","998.80796538159996","10","0.95","0","998.79657134192621","0.011394039673746192","false"
"Specification-CenterWeightedContinuousMeritsModerateRiskAversion__Cost-1__Fee-British","1","35","1","D","8","15","D Offer","D Liability Signal: 8;P Files: 1;D Answers: 1;D Defaults: 2","8,1,1,2","0","true","","","1","0.05","0.10000000000000001","","",""
"Specification-CenterWeightedContinuousMeritsModerateRiskAversion__Cost-1__Fee-British","1","35","1","D","8","15","D Offer","D Liability Signal: 8;P Files: 1;D Answers: 1;D Defaults: 2","8,1,1,2","0","true","","","2","0.15","0.10000000000000001","","",""
"Specification-CenterWeightedContinuousMeritsModerateRiskAversion__Cost-1__Fee-British","1","35","1","D","8","15","D Offer","D Liability Signal: 8;P Files: 1;D Answers: 1;D Defaults: 2","8,1,1,2","0","true","","","3","0.25","0.10000000000000001","","",""
"Specification-CenterWeightedContinuousMeritsModerateRiskAversion__Cost-1__Fee-British","1","35","1","D","8","15","D Offer","D Liability Signal: 8;P Files: 1;D Answers: 1;D Defaults: 2","8,1,1,2","0","true","","","4","0.35","0.10000000000000001","","",""
"Specification-CenterWeightedContinuousMeritsModerateRiskAversion__Cost-1__Fee-British","1","35","1","D","8","15","D Offer","D Liability Signal: 8;P Files: 1;D Answers: 1;D Defaults: 2","8,1,1,2","0","true","","","5","0.45","0.10000000000000001","","",""
"Specification-CenterWeightedContinuousMeritsModerateRiskAversion__Cost-1__Fee-British","1","35","1","D","8","15","D Offer","D Liability Signal: 8;P Files: 1;D Answers: 1;D Defaults: 2","8,1,1,2","0","true","","","6","0.55","0.10000000000000001","","",""
"Specification-CenterWeightedContinuousMeritsModerateRiskAversion__Cost-1__Fee-British","1","35","1","D","8","15","D Offer","D Liability Signal: 8;P Files: 1;D Answers: 1;D Defaults: 2","8,1,1,2","0","true","","","7","0.65","0.10000000000000001","","",""
"Specification-CenterWeightedContinuousMeritsModerateRiskAversion__Cost-1__Fee-British","1","35","1","D","8","15","D Offer","D Liability Signal: 8;P Files: 1;D Answers: 1;D Defaults: 2","8,1,1,2","0","true","","","8","0.75","0.10000000000000001","","",""
"Specification-CenterWeightedContinuousMeritsModerateRiskAversion__Cost-1__Fee-British","1","35","1","D","8","15","D Offer","D Liability Signal: 8;P Files: 1;D Answers: 1;D Defaults: 2","8,1,1,2","0","true","","","9","0.85","0.10000000000000001","","",""
"Specification-CenterWeightedContinuousMeritsModerateRiskAversion__Cost-1__Fee-British","1","35","1","D","8","15","D Offer","D Liability Signal: 8;P Files: 1;D Answers: 1;D Defaults: 2","8,1,1,2","0","true","","","10","0.95","0.10000000000000001","","",""
"Specification-CenterWeightedContinuousMeritsModerateRiskAversion__Cost-1__Fee-British","1","36","1","D","3","10","D Answers","D Liability Signal: 9;P Files: 1","9,1","0.080580346100000005","false","998.80796538159984","998.80796538159984","1","Yes","0","998.17407539752764","0.63388998407219788","false"
"Specification-CenterWeightedContinuousMeritsModerateRiskAversion__Cost-1__Fee-British","1","36","1","D","3","10","D Answers","D Liability Signal: 9;P Files: 1","9,1","0.080580346100000005","false","998.80796538159984","998.80796538159984","2","No","1","998.80796538159984","0","true"
"Specification-CenterWeightedContinuousMeritsModerateRiskAversion__Cost-1__Fee-British","1","37","1","D","6","21","D Defaults","D Liability Signal: 9;P Files: 1;D Answers: 1","9,1,1","0","true","","","1","Yes","0.5","","",""
"Specification-CenterWeightedContinuousMeritsModerateRiskAversion__Cost-1__Fee-British","1","37","1","D","6","21","D Defaults","D Liability Signal: 9;P Files: 1;D Answers: 1","9,1,1","0","true","","","2","No","0.5","","",""
"Specification-CenterWeightedContinuousMeritsModerateRiskAversion__Cost-1__Fee-British","1","38","1","D","8","15","D Offer","D Liability Signal: 9;P Files: 1;D Answers: 1;D Defaults: 1","9,1,1,1","0","true","","","1","0.05","0.10000000000000001","","",""
"Specification-CenterWeightedContinuousMeritsModerateRiskAversion__Cost-1__Fee-British","1","38","1","D","8","15","D Offer","D Liability Signal: 9;P Files: 1;D Answers: 1;D Defaults: 1","9,1,1,1","0","true","","","2","0.15","0.10000000000000001","","",""
"Specification-CenterWeightedContinuousMeritsModerateRiskAversion__Cost-1__Fee-British","1","38","1","D","8","15","D Offer","D Liability Signal: 9;P Files: 1;D Answers: 1;D Defaults: 1","9,1,1,1","0","true","","","3","0.25","0.10000000000000001","","",""
"Specification-CenterWeightedContinuousMeritsModerateRiskAversion__Cost-1__Fee-British","1","38","1","D","8","15","D Offer","D Liability Signal: 9;P Files: 1;D Answers: 1;D Defaults: 1","9,1,1,1","0","true","","","4","0.35","0.10000000000000001","","",""
"Specification-CenterWeightedContinuousMeritsModerateRiskAversion__Cost-1__Fee-British","1","38","1","D","8","15","D Offer","D Liability Signal: 9;P Files: 1;D Answers: 1;D Defaults: 1","9,1,1,1","0","true","","","5","0.45","0.10000000000000001","","",""
"Specification-CenterWeightedContinuousMeritsModerateRiskAversion__Cost-1__Fee-British","1","38","1","D","8","15","D Offer","D Liability Signal: 9;P Files: 1;D Answers: 1;D Defaults: 1","9,1,1,1","0","true","","","6","0.55","0.10000000000000001","","",""
"Specification-CenterWeightedContinuousMeritsModerateRiskAversion__Cost-1__Fee-British","1","38","1","D","8","15","D Offer","D Liability Signal: 9;P Files: 1;D Answers: 1;D Defaults: 1","9,1,1,1","0","true","","","7","0.65","0.10000000000000001","","",""
"Specification-CenterWeightedContinuousMeritsModerateRiskAversion__Cost-1__Fee-British","1","38","1","D","8","15","D Offer","D Liability Signal: 9;P Files: 1;D Answers: 1;D Defaults: 1","9,1,1,1","0","true","","","8","0.75","0.10000000000000001","","",""
"Specification-CenterWeightedContinuousMeritsModerateRiskAversion__Cost-1__Fee-British","1","38","1","D","8","15","D Offer","D Liability Signal: 9;P Files: 1;D Answers: 1;D Defaults: 1","9,1,1,1","0","true","","","9","0.85","0.10000000000000001","","",""
"Specification-CenterWeightedContinuousMeritsModerateRiskAversion__Cost-1__Fee-British","1","38","1","D","8","15","D Offer","D Liability Signal: 9;P Files: 1;D Answers: 1;D Defaults: 1","9,1,1,1","0","true","","","10","0.95","0.10000000000000001","","",""
"Specification-CenterWeightedContinuousMeritsModerateRiskAversion__Cost-1__Fee-British","1","39","1","D","8","15","D Offer","D Liability Signal: 9;P Files: 1;D Answers: 1;D Defaults: 2","9,1,1,2","0","true","","","1","0.05","0.10000000000000001","","",""
"Specification-CenterWeightedContinuousMeritsModerateRiskAversion__Cost-1__Fee-British","1","39","1","D","8","15","D Offer","D Liability Signal: 9;P Files: 1;D Answers: 1;D Defaults: 2","9,1,1,2","0","true","","","2","0.15","0.10000000000000001","","",""
"Specification-CenterWeightedContinuousMeritsModerateRiskAversion__Cost-1__Fee-British","1","39","1","D","8","15","D Offer","D Liability Signal: 9;P Files: 1;D Answers: 1;D Defaults: 2","9,1,1,2","0","true","","","3","0.25","0.10000000000000001","","",""
"Specification-CenterWeightedContinuousMeritsModerateRiskAversion__Cost-1__Fee-British","1","39","1","D","8","15","D Offer","D Liability Signal: 9;P Files: 1;D Answers: 1;D Defaults: 2","9,1,1,2","0","true","","","4","0.35","0.10000000000000001","","",""
"Specification-CenterWeightedContinuousMeritsModerateRiskAversion__Cost-1__Fee-British","1","39","1","D","8","15","D Offer","D Liability Signal: 9;P Files: 1;D Answers: 1;D Defaults: 2","9,1,1,2","0","true","","","5","0.45","0.10000000000000001","","",""
"Specification-CenterWeightedContinuousMeritsModerateRiskAversion__Cost-1__Fee-British","1","39","1","D","8","15","D Offer","D Liability Signal: 9;P Files: 1;D Answers: 1;D Defaults: 2","9,1,1,2","0","true","","","6","0.55","0.10000000000000001","","",""
"Specification-CenterWeightedContinuousMeritsModerateRiskAversion__Cost-1__Fee-British","1","39","1","D","8","15","D Offer","D Liability Signal: 9;P Files: 1;D Answers: 1;D Defaults: 2","9,1,1,2","0","true","","","7","0.65","0.10000000000000001","","",""
"Specification-CenterWeightedContinuousMeritsModerateRiskAversion__Cost-1__Fee-British","1","39","1","D","8","15","D Offer","D Liability Signal: 9;P Files: 1;D Answers: 1;D Defaults: 2","9,1,1,2","0","true","","","8","0.75","0.10000000000000001","","",""
"Specification-CenterWeightedContinuousMeritsModerateRiskAversion__Cost-1__Fee-British","1","39","1","D","8","15","D Offer","D Liability Signal: 9;P Files: 1;D Answers: 1;D Defaults: 2","9,1,1,2","0","true","","","9","0.85","0.10000000000000001","","",""
"Specification-CenterWeightedContinuousMeritsModerateRiskAversion__Cost-1__Fee-British","1","39","1","D","8","15","D Offer","D Liability Signal: 9;P Files: 1;D Answers: 1;D Defaults: 2","9,1,1,2","0","true","","","10","0.95","0.10000000000000001","","",""
"Specification-CenterWeightedContinuousMeritsModerateRiskAversion__Cost-1__Fee-British","1","40","1","D","3","10","D Answers","D Liability Signal: 10;P Files: 1","10,1","0.055722213199999995","false","998.80796538160007","998.80796538160007","1","Yes","0","998.01390507656561","0.79406030503446345","false"
"Specification-CenterWeightedContinuousMeritsModerateRiskAversion__Cost-1__Fee-British","1","40","1","D","3","10","D Answers","D Liability Signal: 10;P Files: 1","10,1","0.055722213199999995","false","998.80796538160007","998.80796538160007","2","No","1","998.80796538160007","0","true"
"Specification-CenterWeightedContinuousMeritsModerateRiskAversion__Cost-1__Fee-British","1","41","1","D","6","21","D Defaults","D Liability Signal: 10;P Files: 1;D Answers: 1","10,1,1","0","true","","","1","Yes","0.5","","",""
"Specification-CenterWeightedContinuousMeritsModerateRiskAversion__Cost-1__Fee-British","1","41","1","D","6","21","D Defaults","D Liability Signal: 10;P Files: 1;D Answers: 1","10,1,1","0","true","","","2","No","0.5","","",""
"Specification-CenterWeightedContinuousMeritsModerateRiskAversion__Cost-1__Fee-British","1","42","1","D","8","15","D Offer","D Liability Signal: 10;P Files: 1;D Answers: 1;D Defaults: 1","10,1,1,1","0","true","","","1","0.05","0.10000000000000001","","",""
"Specification-CenterWeightedContinuousMeritsModerateRiskAversion__Cost-1__Fee-British","1","42","1","D","8","15","D Offer","D Liability Signal: 10;P Files: 1;D Answers: 1;D Defaults: 1","10,1,1,1","0","true","","","2","0.15","0.10000000000000001","","",""
"Specification-CenterWeightedContinuousMeritsModerateRiskAversion__Cost-1__Fee-British","1","42","1","D","8","15","D Offer","D Liability Signal: 10;P Files: 1;D Answers: 1;D Defaults: 1","10,1,1,1","0","true","","","3","0.25","0.10000000000000001","","",""
"Specification-CenterWeightedContinuousMeritsModerateRiskAversion__Cost-1__Fee-British","1","42","1","D","8","15","D Offer","D Liability Signal: 10;P Files: 1;D Answers: 1;D Defaults: 1","10,1,1,1","0","true","","","4","0.35","0.10000000000000001","","",""
"Specification-CenterWeightedContinuousMeritsModerateRiskAversion__Cost-1__Fee-British","1","42","1","D","8","15","D Offer","D Liability Signal: 10;P Files: 1;D Answers: 1;D Defaults: 1","10,1,1,1","0","true","","","5","0.45","0.10000000000000001","","",""
"Specification-CenterWeightedContinuousMeritsModerateRiskAversion__Cost-1__Fee-British","1","42","1","D","8","15","D Offer","D Liability Signal: 10;P Files: 1;D Answers: 1;D Defaults: 1","10,1,1,1","0","true","","","6","0.55","0.10000000000000001","","",""
"Specification-CenterWeightedContinuousMeritsModerateRiskAversion__Cost-1__Fee-British","1","42","1","D","8","15","D Offer","D Liability Signal: 10;P Files: 1;D Answers: 1;D Defaults: 1","10,1,1,1","0","true","","","7","0.65","0.10000000000000001","","",""
"Specification-CenterWeightedContinuousMeritsModerateRiskAversion__Cost-1__Fee-British","1","42","1","D","8","15","D Offer","D Liability Signal: 10;P Files: 1;D Answers: 1;D Defaults: 1","10,1,1,1","0","true","","","8","0.75","0.10000000000000001","","",""
"Specification-CenterWeightedContinuousMeritsModerateRiskAversion__Cost-1__Fee-British","1","42","1","D","8","15","D Offer","D Liability Signal: 10;P Files: 1;D Answers: 1;D Defaults: 1","10,1,1,1","0","true","","","9","0.85","0.10000000000000001","","",""
"Specification-CenterWeightedContinuousMeritsModerateRiskAversion__Cost-1__Fee-British","1","42","1","D","8","15","D Offer","D Liability Signal: 10;P Files: 1;D Answers: 1;D Defaults: 1","10,1,1,1","0","true","","","10","0.95","0.10000000000000001","","",""
"Specification-CenterWeightedContinuousMeritsModerateRiskAversion__Cost-1__Fee-British","1","43","1","D","8","15","D Offer","D Liability Signal: 10;P Files: 1;D Answers: 1;D Defaults: 2","10,1,1,2","0","true","","","1","0.05","0.10000000000000001","","",""
"Specification-CenterWeightedContinuousMeritsModerateRiskAversion__Cost-1__Fee-British","1","43","1","D","8","15","D Offer","D Liability Signal: 10;P Files: 1;D Answers: 1;D Defaults: 2","10,1,1,2","0","true","","","2","0.15","0.10000000000000001","","",""
"Specification-CenterWeightedContinuousMeritsModerateRiskAversion__Cost-1__Fee-British","1","43","1","D","8","15","D Offer","D Liability Signal: 10;P Files: 1;D Answers: 1;D Defaults: 2","10,1,1,2","0","true","","","3","0.25","0.10000000000000001","","",""
"Specification-CenterWeightedContinuousMeritsModerateRiskAversion__Cost-1__Fee-British","1","43","1","D","8","15","D Offer","D Liability Signal: 10;P Files: 1;D Answers: 1;D Defaults: 2","10,1,1,2","0","true","","","4","0.35","0.10000000000000001","","",""
"Specification-CenterWeightedContinuousMeritsModerateRiskAversion__Cost-1__Fee-British","1","43","1","D","8","15","D Offer","D Liability Signal: 10;P Files: 1;D Answers: 1;D Defaults: 2","10,1,1,2","0","true","","","5","0.45","0.10000000000000001","","",""
"Specification-CenterWeightedContinuousMeritsModerateRiskAversion__Cost-1__Fee-British","1","43","1","D","8","15","D Offer","D Liability Signal: 10;P Files: 1;D Answers: 1;D Defaults: 2","10,1,1,2","0","true","","","6","0.55","0.10000000000000001","","",""
"Specification-CenterWeightedContinuousMeritsModerateRiskAversion__Cost-1__Fee-British","1","43","1","D","8","15","D Offer","D Liability Signal: 10;P Files: 1;D Answers: 1;D Defaults: 2","10,1,1,2","0","true","","","7","0.65","0.10000000000000001","","",""
"Specification-CenterWeightedContinuousMeritsModerateRiskAversion__Cost-1__Fee-British","1","43","1","D","8","15","D Offer","D Liability Signal: 10;P Files: 1;D Answers: 1;D Defaults: 2","10,1,1,2","0","true","","","8","0.75","0.10000000000000001","","",""
"Specification-CenterWeightedContinuousMeritsModerateRiskAversion__Cost-1__Fee-British","1","43","1","D","8","15","D Offer","D Liability Signal: 10;P Files: 1;D Answers: 1;D Defaults: 2","10,1,1,2","0","true","","","9","0.85","0.10000000000000001","","",""
"Specification-CenterWeightedContinuousMeritsModerateRiskAversion__Cost-1__Fee-British","1","43","1","D","8","15","D Offer","D Liability Signal: 10;P Files: 1;D Answers: 1;D Defaults: 2","10,1,1,2","0","true","","","10","0.95","0.10000000000000001","","",""
