"OptionSetName","Equilibrium Number","Information Set Number","Player Index","Player","Decision Index","Decision Code","Decision","Information Set Labels","Information Set Contents","Equilibrium Reach Probability","Off Path","Conditional Information-Set Utility","Best Action Utility","Action","Action Label","Equilibrium Action Probability","Conditional Action Utility","Utility Loss from Best Action","Is Best Action"
"Specification-CenterWeightedContinuousMeritsModerateRiskAversion__Cost-2__Fee-American","1","0","0","P","2","9","P Files","P Liability Signal: 1","1","0.056279999999999997","false","1000.0000026639999","1000.0000026639999","1","Yes","0","999.8605702917223","0.13943237227761074","false"
"Specification-CenterWeightedContinuousMeritsModerateRiskAversion__Cost-2__Fee-American","1","0","0","P","2","9","P Files","P Liability Signal: 1","1","0.056279999999999997","false","1000.0000026639999","1000.0000026639999","2","No","1","1000.0000026639999","0","true"
"Specification-CenterWeightedContinuousMeritsModerateRiskAversion__Cost-2__Fee-American","1","2","0","P","5","20","P Abandons","P Liability Signal: 1;P Files: 1;D Answers: 1","1,1,1","0","true","","","1","Yes","0.5","","",""
"Specification-CenterWeightedContinuousMeritsModerateRiskAversion__Cost-2__Fee-American","1","2","0","P","5","20","P Abandons","P Liability Signal: 1;P Files: 1;D Answers: 1","1,1,1","0","true","","","2","No","0.5","","",""
"Specification-CenterWeightedContinuousMeritsModerateRiskAversion__Cost-2__Fee-American","1","4","0","P","7","14","P Offer","P Liability Signal: 1;P Files: 1;D Answers: 1;P Abandons: 1","1,1,1,1","0","true","","","1","0.05","0.10000000000000001","","",""
"Specification-CenterWeightedContinuousMeritsModerateRiskAversion__Cost-2__Fee-American","1","4","0","P","7","14","P Offer","P Liability Signal: 1;P Files: 1;D Answers: 1;P Abandons: 1","1,1,1,1","0","true","","","2","0.15","0.10000000000000001","","",""
"Specification-CenterWeightedContinuousMeritsModerateRiskAversion__Cost-2__Fee-American","1","4","0","P","7","14","P Offer","P Liability Signal: 1;P Files: 1;D Answers: 1;P Abandons: 1","1,1,1,1","0","true","","","3","0.25","0.10000000000000001","","",""
"Specification-CenterWeightedContinuousMeritsModerateRiskAversion__Cost-2__Fee-American","1","4","0","P","7","14","P Offer","P Liability Signal: 1;P Files: 1;D Answers: 1;P Abandons: 1","1,1,1,1","0","true","","","4","0.35","0.10000000000000001","","",""
"Specification-CenterWeightedContinuousMeritsModerateRiskAversion__Cost-2__Fee-American","1","4","0","P","7","14","P Offer","P Liability Signal: 1;P Files: 1;D Answers: 1;P Abandons: 1","1,1,1,1","0","true","","","5","0.45","0.10000000000000001","","",""
"Specification-CenterWeightedContinuousMeritsModerateRiskAversion__Cost-2__Fee-American","1","4","0","P","7","14","P Offer","P Liability Signal: 1;P Files: 1;D Answers: 1;P Abandons: 1","1,1,1,1","0","true","","","6","0.55","0.10000000000000001","","",""
"Specification-CenterWeightedContinuousMeritsModerateRiskAversion__Cost-2__Fee-American","1","4","0","P","7","14","P Offer","P Liability Signal: 1;P Files: 1;D Answers: 1;P Abandons: 1","1,1,1,1","0","true","","","7","0.65","0.10000000000000001","","",""
"Specification-CenterWeightedContinuousMeritsModerateRiskAversion__Cost-2__Fee-American","1","4","0","P","7","14","P Offer","P Liability Signal: 1;P Files: 1;D Answers: 1;P Abandons: 1","1,1,1,1","0","true","","","8","0.75","0.10000000000000001","","",""
"Specification-CenterWeightedContinuousMeritsModerateRiskAversion__Cost-2__Fee-American","1","4","0","P","7","14","P Offer","P Liability Signal: 1;P Files: 1;D Answers: 1;P Abandons: 1","1,1,1,1","0","true","","","9","0.85","0.10000000000000001","","",""
"Specification-CenterWeightedContinuousMeritsModerateRiskAversion__Cost-2__Fee-American","1","4","0","P","7","14","P Offer","P Liability Signal: 1;P Files: 1;D Answers: 1;P Abandons: 1","1,1,1,1","0","true","","","10","0.95","0.10000000000000001","","",""
"Specification-CenterWeightedContinuousMeritsModerateRiskAversion__Cost-2__Fee-American","1","7","0","P","7","14","P Offer","P Liability Signal: 1;P Files: 1;D Answers: 1;P Abandons: 2","1,1,1,2","0","true","","","1","0.05","0.10000000000000001","","",""
"Specification-CenterWeightedContinuousMeritsModerateRiskAversion__Cost-2__Fee-American","1","7","0","P","7","14","P Offer","P Liability Signal: 1;P Files: 1;D Answers: 1;P Abandons: 2","1,1,1,2","0","true","","","2","0.15","0.10000000000000001","","",""
"Specification-CenterWeightedContinuousMeritsModerateRiskAversion__Cost-2__Fee-American","1","7","0","P","7","14","P Offer","P Liability Signal: 1;P Files: 1;D Answers: 1;P Abandons: 2","1,1,1,2","0","true","","","3","0.25","0.10000000000000001","","",""
"Specification-CenterWeightedContinuousMeritsModerateRiskAversion__Cost-2__Fee-American","1","7","0","P","7","14","P Offer","P Liability Signal: 1;P Files: 1;D Answers: 1;P Abandons: 2","1,1,1,2","0","true","","","4","0.35","0.10000000000000001","","",""
"Specification-CenterWeightedContinuousMeritsModerateRiskAversion__Cost-2__Fee-American","1","7","0","P","7","14","P Offer","P Liability Signal: 1;P Files: 1;D Answers: 1;P Abandons: 2","1,1,1,2","0","true","","","5","0.45","0.10000000000000001","","",""
"Specification-CenterWeightedContinuousMeritsModerateRiskAversion__Cost-2__Fee-American","1","7","0","P","7","14","P Offer","P Liability Signal: 1;P Files: 1;D Answers: 1;P Abandons: 2","1,1,1,2","0","true","","","6","0.55","0.10000000000000001","","",""
"Specification-CenterWeightedContinuousMeritsModerateRiskAversion__Cost-2__Fee-American","1","7","0","P","7","14","P Offer","P Liability Signal: 1;P Files: 1;D Answers: 1;P Abandons: 2","1,1,1,2","0","true","","","7","0.65","0.10000000000000001","","",""
"Specification-CenterWeightedContinuousMeritsModerateRiskAversion__Cost-2__Fee-American","1","7","0","P","7","14","P Offer","P Liability Signal: 1;P Files: 1;D Answers: 1;P Abandons: 2","1,1,1,2","0","true","","","8","0.75","0.10000000000000001","","",""
"Specification-CenterWeightedContinuousMeritsModerateRiskAversion__Cost-2__Fee-American","1","7","0","P","7","14","P Offer","P Liability Signal: 1;P Files: 1;D Answers: 1;P Abandons: 2","1,1,1,2","0","true","","","9","0.85","0.10000000000000001","","",""
"Specification-CenterWeightedContinuousMeritsModerateRiskAversion__Cost-2__Fee-American","1","7","0","P","7","14","P Offer","P Liability Signal: 1;P Files: 1;D Answers: 1;P Abandons: 2","1,1,1,2","0","true","","","10","0.95","0.10000000000000001","","",""
"Specification-CenterWeightedContinuousMeritsModerateRiskAversion__Cost-2__Fee-American","1","44","0","P","2","9","P Files","P Liability Signal: 2","2","0.082029999999999978","false","1000.0000026640004","1000.0000026640004","1","Yes","0","999.89003915680064","0.1099635071997227","false"
"Specification-CenterWeightedContinuousMeritsModerateRiskAversion__Cost-2__Fee-American","1","44","0","P","2","9","P Files","P Liability Signal: 2","2","0.082029999999999978","false","1000.0000026640004","1000.0000026640004","2","No","1","1000.0000026640004","0","true"
"Specification-CenterWeightedContinuousMeritsModerateRiskAversion__Cost-2__Fee-American","1","45","0","P","5","20","P Abandons","P Liability Signal: 2;P Files: 1;D Answers: 1","2,1,1","0","true","","","1","Yes","0.5","","",""
"Specification-CenterWeightedContinuousMeritsModerateRiskAversion__Cost-2__Fee-American","1","45","0","P","5","20","P Abandons","P Liability Signal: 2;P Files: 1;D Answers: 1","2,1,1","0","true","","","2","No","0.5","","",""
"Specification-CenterWeightedContinuousMeritsModerateRiskAversion__Cost-2__Fee-American","1","46","0","P","7","14","P Offer","P Liability Signal: 2;P Files: 1;D Answers: 1;P Abandons: 1","2,1,1,1","0","true","","","1","0.05","0.10000000000000001","","",""
"Specification-CenterWeightedContinuousMeritsModerateRiskAversion__Cost-2__Fee-American","1","46","0","P","7","14","P Offer","P Liability Signal: 2;P Files: 1;D Answers: 1;P Abandons: 1","2,1,1,1","0","true","","","2","0.15","0.10000000000000001","","",""
"Specification-CenterWeightedContinuousMeritsModerateRiskAversion__Cost-2__Fee-American","1","46","0","P","7","14","P Offer","P Liability Signal: 2;P Files: 1;D Answers: 1;P Abandons: 1","2,1,1,1","0","true","","","3","0.25","0.10000000000000001","","",""
"Specification-CenterWeightedContinuousMeritsModerateRiskAversion__Cost-2__Fee-American","1","46","0","P","7","14","P Offer","P Liability Signal: 2;P Files: 1;D Answers: 1;P Abandons: 1","2,1,1,1","0","true","","","4","0.35","0.10000000000000001","","",""
"Specification-CenterWeightedContinuousMeritsModerateRiskAversion__Cost-2__Fee-American","1","46","0","P","7","14","P Offer","P Liability Signal: 2;P Files: 1;D Answers: 1;P Abandons: 1","2,1,1,1","0","true","","","5","0.45","0.10000000000000001","","",""
"Specification-CenterWeightedContinuousMeritsModerateRiskAversion__Cost-2__Fee-American","1","46","0","P","7","14","P Offer","P Liability Signal: 2;P Files: 1;D Answers: 1;P Abandons: 1","2,1,1,1","0","true","","","6","0.55","0.10000000000000001","","",""
"Specification-CenterWeightedContinuousMeritsModerateRiskAversion__Cost-2__Fee-American","1","46","0","P","7","14","P Offer","P Liability Signal: 2;P Files: 1;D Answers: 1;P Abandons: 1","2,1,1,1","0","true","","","7","0.65","0.10000000000000001","","",""
"Specification-CenterWeightedContinuousMeritsModerateRiskAversion__Cost-2__Fee-American","1","46","0","P","7","14","P Offer","P Liability Signal: 2;P Files: 1;D Answers: 1;P Abandons: 1","2,1,1,1","0","true","","","8","0.75","0.10000000000000001","","",""
"Specification-CenterWeightedContinuousMeritsModerateRiskAversion__Cost-2__Fee-American","1","46","0","P","7","14","P Offer","P Liability Signal: 2;P Files: 1;D Answers: 1;P Abandons: 1","2,1,1,1","0","true","","","9","0.85","0.10000000000000001","","",""
"Specification-CenterWeightedContinuousMeritsModerateRiskAversion__Cost-2__Fee-American","1","46","0","P","7","14","P Offer","P Liability Signal: 2;P Files: 1;D Answers: 1;P Abandons: 1","2,1,1,1","0","true","","","10","0.95","0.10000000000000001","","",""
"Specification-CenterWeightedContinuousMeritsModerateRiskAversion__Cost-2__Fee-American","1","47","0","P","7","14","P Offer","P Liability Signal: 2;P Files: 1;D Answers: 1;P Abandons: 2","2,1,1,2","0","true","","","1","0.05","0.10000000000000001","","",""
"Specification-CenterWeightedContinuousMeritsModerateRiskAversion__Cost-2__Fee-American","1","47","0","P","7","14","P Offer","P Liability Signal: 2;P Files: 1;D Answers: 1;P Abandons: 2","2,1,1,2","0","true","","","2","0.15","0.10000000000000001","","",""
"Specification-CenterWeightedContinuousMeritsModerateRiskAversion__Cost-2__Fee-American","1","47","0","P","7","14","P Offer","P Liability Signal: 2;P Files: 1;D Answers: 1;P Abandons: 2","2,1,1,2","0","true","","","3","0.25","0.10000000000000001","","",""
"Specification-CenterWeightedContinuousMeritsModerateRiskAversion__Cost-2__Fee-American","1","47","0","P","7","14","P Offer","P Liability Signal: 2;P Files: 1;D Answers: 1;P Abandons: 2","2,1,1,2","0","true","","","4","0.35","0.10000000000000001","","",""
"Specification-CenterWeightedContinuousMeritsModerateRiskAversion__Cost-2__Fee-American","1","47","0","P","7","14","P Offer","P Liability Signal: 2;P Files: 1;D Answers: 1;P Abandons: 2","2,1,1,2","0","true","","","5","0.45","0.10000000000000001","","",""
"Specification-CenterWeightedContinuousMeritsModerateRiskAversion__Cost-2__Fee-American","1","47","0","P","7","14","P Offer","P Liability Signal: 2;P Files: 1;D Answers: 1;P Abandons: 2","2,1,1,2","0","true","","","6","0.55","0.10000000000000001","","",""
"Specification-CenterWeightedContinuousMeritsModerateRiskAversion__Cost-2__Fee-American","1","47","0","P","7","14","P Offer","P Liability Signal: 2;P Files: 1;D Answers: 1;P Abandons: 2","2,1,1,2","0","true","","","7","0.65","0.10000000000000001","","",""
"Specification-CenterWeightedContinuousMeritsModerateRiskAversion__Cost-2__Fee-American","1","47","0","P","7","14","P Offer","P Liability Signal: 2;P Files: 1;D Answers: 1;P Abandons: 2","2,1,1,2","0","true","","","8","0.75","0.10000000000000001","","",""
"Specification-CenterWeightedContinuousMeritsModerateRiskAversion__Cost-2__Fee-American","1","47","0","P","7","14","P Offer","P Liability Signal: 2;P Files: 1;D Answers: 1;P Abandons: 2","2,1,1,2","0","true","","","9","0.85","0.10000000000000001","","",""
"Specification-CenterWeightedContinuousMeritsModerateRiskAversion__Cost-2__Fee-American","1","47","0","P","7","14","P Offer","P Liability Signal: 2;P Files: 1;D Answers: 1;P Abandons: 2","2,1,1,2","0","true","","","10","0.95","0.10000000000000001","","",""
"Specification-CenterWeightedContinuousMeritsModerateRiskAversion__Cost-2__Fee-American","1","48","0","P","2","9","P Files","P Liability Signal: 3","3","0.10578","false","1000.000002664","1000.000002664","1","Yes","0","999.92578836152575","0.074214302474274518","false"
"Specification-CenterWeightedContinuousMeritsModerateRiskAversion__Cost-2__Fee-American","1","48","0","P","2","9","P Files","P Liability Signal: 3","3","0.10578","false","1000.000002664","1000.000002664","2","No","1","1000.000002664","0","true"
"Specification-CenterWeightedContinuousMeritsModerateRiskAversion__Cost-2__Fee-American","1","49","0","P","5","20","P Abandons","P Liability Signal: 3;P Files: 1;D Answers: 1","3,1,1","0","true","","","1","Yes","0.5","","",""
"Specification-CenterWeightedContinuousMeritsModerateRiskAversion__Cost-2__Fee-American","1","49","0","P","5","20","P Abandons","P Liability Signal: 3;P Files: 1;D Answers: 1","3,1,1","0","true","","","2","No","0.5","","",""
"Specification-CenterWeightedContinuousMeritsModerateRiskAversion__Cost-2__Fee-American","1","50","0","P","7","14","P Offer","P Liability Signal: 3;P Files: 1;D Answers: 1;P Abandons: 1","3,1,1,1","0","true","","","1","0.05","0.10000000000000001","","",""
"Specification-CenterWeightedContinuousMeritsModerateRiskAversion__Cost-2__Fee-American","1","50","0","P","7","14","P Offer","P Liability Signal: 3;P Files: 1;D Answers: 1;P Abandons: 1","3,1,1,1","0","true","","","2","0.15","0.10000000000000001","","",""
"Specification-CenterWeightedContinuousMeritsModerateRiskAversion__Cost-2__Fee-American","1","50","0","P","7","14","P Offer","P Liability Signal: 3;P Files: 1;D Answers: 1;P Abandons: 1","3,1,1,1","0","true","","","3","0.25","0.10000000000000001","","",""
"Specification-CenterWeightedContinuousMeritsModerateRiskAversion__Cost-2__Fee-American","1","50","0","P","7","14","P Offer","P Liability Signal: 3;P Files: 1;D Answers: 1;P Abandons: 1","3,1,1,1","0","true","","","4","0.35","0.10000000000000001","","",""
"Specification-CenterWeightedContinuousMeritsModerateRiskAversion__Cost-2__Fee-American","1","50","0","P","7","14","P Offer","P Liability Signal: 3;P Files: 1;D Answers: 1;P Abandons: 1","3,1,1,1","0","true","","","5","0.45","0.10000000000000001","","",""
"Specification-CenterWeightedContinuousMeritsModerateRiskAversion__Cost-2__Fee-American","1","50","0","P","7","14","P Offer","P Liability Signal: 3;P Files: 1;D Answers: 1;P Abandons: 1","3,1,1,1","0","true","","","6","0.55","0.10000000000000001","","",""
"Specification-CenterWeightedContinuousMeritsModerateRiskAversion__Cost-2__Fee-American","1","50","0","P","7","14","P Offer","P Liability Signal: 3;P Files: 1;D Answers: 1;P Abandons: 1","3,1,1,1","0","true","","","7","0.65","0.10000000000000001","","",""
"Specification-CenterWeightedContinuousMeritsModerateRiskAversion__Cost-2__Fee-American","1","50","0","P","7","14","P Offer","P Liability Signal: 3;P Files: 1;D Answers: 1;P Abandons: 1","3,1,1,1","0","true","","","8","0.75","0.10000000000000001","","",""
"Specification-CenterWeightedContinuousMeritsModerateRiskAversion__Cost-2__Fee-American","1","50","0","P","7","14","P Offer","P Liability Signal: 3;P Files: 1;D Answers: 1;P Abandons: 1","3,1,1,1","0","true","","","9","0.85","0.10000000000000001","","",""
"Specification-CenterWeightedContinuousMeritsModerateRiskAversion__Cost-2__Fee-American","1","50","0","P","7","14","P Offer","P Liability Signal: 3;P Files: 1;D Answers: 1;P Abandons: 1","3,1,1,1","0","true","","","10","0.95","0.10000000000000001","","",""
"Specification-CenterWeightedContinuousMeritsModerateRiskAversion__Cost-2__Fee-American","1","51","0","P","7","14","P Offer","P Liability Signal: 3;P Files: 1;D Answers: 1;P Abandons: 2","3,1,1,2","0","true","","","1","0.05","0.10000000000000001","","",""
"Specification-CenterWeightedContinuousMeritsModerateRiskAversion__Cost-2__Fee-American","1","51","0","P","7","14","P Offer","P Liability Signal: 3;P Files: 1;D Answers: 1;P Abandons: 2","3,1,1,2","0","true","","","2","0.15","0.10000000000000001","","",""
"Specification-CenterWeightedContinuousMeritsModerateRiskAversion__Cost-2__Fee-American","1","51","0","P","7","14","P Offer","P Liability Signal: 3;P Files: 1;D Answers: 1;P Abandons: 2","3,1,1,2","0","true","","","3","0.25","0.10000000000000001","","",""
"Specification-CenterWeightedContinuousMeritsModerateRiskAversion__Cost-2__Fee-American","1","51","0","P","7","14","P Offer","P Liability Signal: 3;P Files: 1;D Answers: 1;P Abandons: 2","3,1,1,2","0","true","","","4","0.35","0.10000000000000001","","",""
"Specification-CenterWeightedContinuousMeritsModerateRiskAversion__Cost-2__Fee-American","1","51","0","P","7","14","P Offer","P Liability Signal: 3;P Files: 1;D Answers: 1;P Abandons: 2","3,1,1,2","0","true","","","5","0.45","0.10000000000000001","","",""
"Specification-CenterWeightedContinuousMeritsModerateRiskAversion__Cost-2__Fee-American","1","51","0","P","7","14","P Offer","P Liability Signal: 3;P Files: 1;D Answers: 1;P Abandons: 2","3,1,1,2","0","true","","","6","0.55","0.10000000000000001","","",""
"Specification-CenterWeightedContinuousMeritsModerateRiskAversion__Cost-2__Fee-American","1","51","0","P","7","14","P Offer","P Liability Signal: 3;P Files: 1;D Answers: 1;P Abandons: 2","3,1,1,2","0","true","","","7","0.65","0.10000000000000001","","",""
"Specification-CenterWeightedContinuousMeritsModerateRiskAversion__Cost-2__Fee-American","1","51","0","P","7","14","P Offer","P Liability Signal: 3;P Files: 1;D Answers: 1;P Abandons: 2","3,1,1,2","0","true","","","8","0.75","0.10000000000000001","","",""
"Specification-CenterWeightedContinuousMeritsModerateRiskAversion__Cost-2__Fee-American","1","51","0","P","7","14","P Offer","P Liability Signal: 3;P Files: 1;D Answers: 1;P Abandons: 2","3,1,1,2","0","true","","","9","0.85","0.10000000000000001","","",""
"Specification-CenterWeightedContinuousMeritsModerateRiskAversion__Cost-2__Fee-American","1","51","0","P","7","14","P Offer","P Liability Signal: 3;P Files: 1;D Answers: 1;P Abandons: 2","3,1,1,2","0","true","","","10","0.95","0.10000000000000001","","",""
"Specification-CenterWeightedContinuousMeritsModerateRiskAversion__Cost-2__Fee-American","1","52","0","P","2","9","P Files","P Liability Signal: 4","4","0.12336999999999998","false","1000.000002664","1000.000002664","1","Yes","0","999.96597502284624","0.034027641153784316","false"
"Specification-CenterWeightedContinuousMeritsModerateRiskAversion__Cost-2__Fee-American","1","52","0","P","2","9","P Files","P Liability Signal: 4","4","0.12336999999999998","false","1000.000002664","1000.000002664","2","No","1","1000.000002664","0","true"
"Specification-CenterWeightedContinuousMeritsModerateRiskAversion__Cost-2__Fee-American","1","53","0","P","5","20","P Abandons","P Liability Signal: 4;P Files: 1;D Answers: 1","4,1,1","0","true","","","1","Yes","0.5","","",""
"Specification-CenterWeightedContinuousMeritsModerateRiskAversion__Cost-2__Fee-American","1","53","0","P","5","20","P Abandons","P Liability Signal: 4;P Files: 1;D Answers: 1","4,1,1","0","true","","","2","No","0.5","","",""
"Specification-CenterWeightedContinuousMeritsModerateRiskAversion__Cost-2__Fee-American","1","54","0","P","7","14","P Offer","P Liability Signal: 4;P Files: 1;D Answers: 1;P Abandons: 1","4,1,1,1","0","true","","","1","0.05","0.10000000000000001","","",""
"Specification-CenterWeightedContinuousMeritsModerateRiskAversion__Cost-2__Fee-American","1","54","0","P","7","14","P Offer","P Liability Signal: 4;P Files: 1;D Answers: 1;P Abandons: 1","4,1,1,1","0","true","","","2","0.15","0.10000000000000001","","",""
"Specification-CenterWeightedContinuousMeritsModerateRiskAversion__Cost-2__Fee-American","1","54","0","P","7","14","P Offer","P Liability Signal: 4;P Files: 1;D Answers: 1;P Abandons: 1","4,1,1,1","0","true","","","3","0.25","0.10000000000000001","","",""
"Specification-CenterWeightedContinuousMeritsModerateRiskAversion__Cost-2__Fee-American","1","54","0","P","7","14","P Offer","P Liability Signal: 4;P Files: 1;D Answers: 1;P Abandons: 1","4,1,1,1","0","true","","","4","0.35","0.10000000000000001","","",""
"Specification-CenterWeightedContinuousMeritsModerateRiskAversion__Cost-2__Fee-American","1","54","0","P","7","14","P Offer","P Liability Signal: 4;P Files: 1;D Answers: 1;P Abandons: 1","4,1,1,1","0","true","","","5","0.45","0.10000000000000001","","",""
"Specification-CenterWeightedContinuousMeritsModerateRiskAversion__Cost-2__Fee-American","1","54","0","P","7","14","P Offer","P Liability Signal: 4;P Files: 1;D Answers: 1;P Abandons: 1","4,1,1,1","0","true","","","6","0.55","0.10000000000000001","","",""
"Specification-CenterWeightedContinuousMeritsModerateRiskAversion__Cost-2__Fee-American","1","54","0","P","7","14","P Offer","P Liability Signal: 4;P Files: 1;D Answers: 1;P Abandons: 1","4,1,1,1","0","true","","","7","0.65","0.10000000000000001","","",""
"Specification-CenterWeightedContinuousMeritsModerateRiskAversion__Cost-2__Fee-American","1","54","0","P","7","14","P Offer","P Liability Signal: 4;P Files: 1;D Answers: 1;P Abandons: 1","4,1,1,1","0","true","","","8","0.75","0.10000000000000001","","",""
"Specification-CenterWeightedContinuousMeritsModerateRiskAversion__Cost-2__Fee-American","1","54","0","P","7","14","P Offer","P Liability Signal: 4;P Files: 1;D Answers: 1;P Abandons: 1","4,1,1,1","0","true","","","9","0.85","0.10000000000000001","","",""
"Specification-CenterWeightedContinuousMeritsModerateRiskAversion__Cost-2__Fee-American","1","54","0","P","7","14","P Offer","P Liability Signal: 4;P Files: 1;D Answers: 1;P Abandons: 1","4,1,1,1","0","true","","","10","0.95","0.10000000000000001","","",""
"Specification-CenterWeightedContinuousMeritsModerateRiskAversion__Cost-2__Fee-American","1","55","0","P","7","14","P Offer","P Liability Signal: 4;P Files: 1;D Answers: 1;P Abandons: 2","4,1,1,2","0","true","","","1","0.05","0.10000000000000001","","",""
"Specification-CenterWeightedContinuousMeritsModerateRiskAversion__Cost-2__Fee-American","1","55","0","P","7","14","P Offer","P Liability Signal: 4;P Files: 1;D Answers: 1;P Abandons: 2","4,1,1,2","0","true","","","2","0.15","0.10000000000000001","","",""
"Specification-CenterWeightedContinuousMeritsModerateRiskAversion__Cost-2__Fee-American","1","55","0","P","7","14","P Offer","P Liability Signal: 4;P Files: 1;D Answers: 1;P Abandons: 2","4,1,1,2","0","true","","","3","0.25","0.10000000000000001","","",""
"Specification-CenterWeightedContinuousMeritsModerateRiskAversion__Cost-2__Fee-American","1","55","0","P","7","14","P Offer","P Liability Signal: 4;P Files: 1;D Answers: 1;P Abandons: 2","4,1,1,2","0","true","","","4","0.35","0.10000000000000001","","",""
"Specification-CenterWeightedContinuousMeritsModerateRiskAversion__Cost-2__Fee-American","1","55","0","P","7","14","P Offer","P Liability Signal: 4;P Files: 1;D Answers: 1;P Abandons: 2","4,1,1,2","0","true","","","5","0.45","0.10000000000000001","","",""
"Specification-CenterWeightedContinuousMeritsModerateRiskAversion__Cost-2__Fee-American","1","55","0","P","7","14","P Offer","P Liability Signal: 4;P Files: 1;D Answers: 1;P Abandons: 2","4,1,1,2","0","true","","","6","0.55","0.10000000000000001","","",""
"Specification-CenterWeightedContinuousMeritsModerateRiskAversion__Cost-2__Fee-American","1","55","0","P","7","14","P Offer","P Liability Signal: 4;P Files: 1;D Answers: 1;P Abandons: 2","4,1,1,2","0","true","","","7","0.65","0.10000000000000001","","",""
"Specification-CenterWeightedContinuousMeritsModerateRiskAversion__Cost-2__Fee-American","1","55","0","P","7","14","P Offer","P Liability Signal: 4;P Files: 1;D Answers: 1;P Abandons: 2","4,1,1,2","0","true","","","8","0.75","0.10000000000000001","","",""
"Specification-CenterWeightedContinuousMeritsModerateRiskAversion__Cost-2__Fee-American","1","55","0","P","7","14","P Offer","P Liability Signal: 4;P Files: 1;D Answers: 1;P Abandons: 2","4,1,1,2","0","true","","","9","0.85","0.10000000000000001","","",""
"Specification-CenterWeightedContinuousMeritsModerateRiskAversion__Cost-2__Fee-American","1","55","0","P","7","14","P Offer","P Liability Signal: 4;P Files: 1;D Answers: 1;P Abandons: 2","4,1,1,2","0","true","","","10","0.95","0.10000000000000001","","",""
"Specification-CenterWeightedContinuousMeritsModerateRiskAversion__Cost-2__Fee-American","1","56","0","P","2","9","P Files","P Liability Signal: 5","5","0.13255","false","1000.0241377893907","1000.0241377893907","1","Yes","1","1000.0241377893907","0","true"
"Specification-CenterWeightedContinuousMeritsModerateRiskAversion__Cost-2__Fee-American","1","56","0","P","2","9","P Files","P Liability Signal: 5","5","0.13255","false","1000.0241377893907","1000.0241377893907","2","No","0","1000.000002664","0.024135125390671419","false"
"Specification-CenterWeightedContinuousMeritsModerateRiskAversion__Cost-2__Fee-American","1","57","0","P","5","20","P Abandons","P Liability Signal: 5;P Files: 1;D Answers: 1","5,1,1","0.058994684211409666","false","999.87896864179993","999.87896864179993","1","Yes","0","999.87484265459761","0.0041259872023147182","false"
"Specification-CenterWeightedContinuousMeritsModerateRiskAversion__Cost-2__Fee-American","1","57","0","P","5","20","P Abandons","P Liability Signal: 5;P Files: 1;D Answers: 1","5,1,1","0.058994684211409666","false","999.87896864179993","999.87896864179993","2","No","1","999.87896864179993","0","true"
"Specification-CenterWeightedContinuousMeritsModerateRiskAversion__Cost-2__Fee-American","1","58","0","P","7","14","P Offer","P Liability Signal: 5;P Files: 1;D Answers: 1;P Abandons: 1","5,1,1,1","0","true","","","1","0.05","0.10000000000000001","","",""
"Specification-CenterWeightedContinuousMeritsModerateRiskAversion__Cost-2__Fee-American","1","58","0","P","7","14","P Offer","P Liability Signal: 5;P Files: 1;D Answers: 1;P Abandons: 1","5,1,1,1","0","true","","","2","0.15","0.10000000000000001","","",""
"Specification-CenterWeightedContinuousMeritsModerateRiskAversion__Cost-2__Fee-American","1","58","0","P","7","14","P Offer","P Liability Signal: 5;P Files: 1;D Answers: 1;P Abandons: 1","5,1,1,1","0","true","","","3","0.25","0.10000000000000001","","",""
"Specification-CenterWeightedContinuousMeritsModerateRiskAversion__Cost-2__Fee-American","1","58","0","P","7","14","P Offer","P Liability Signal: 5;P Files: 1;D Answers: 1;P Abandons: 1","5,1,1,1","0","true","","","4","0.35","0.10000000000000001","","",""
"Specification-CenterWeightedContinuousMeritsModerateRiskAversion__Cost-2__Fee-American","1","58","0","P","7","14","P Offer","P Liability Signal: 5;P Files: 1;D Answers: 1;P Abandons: 1","5,1,1,1","0","true","","","5","0.45","0.10000000000000001","","",""
"Specification-CenterWeightedContinuousMeritsModerateRiskAversion__Cost-2__Fee-American","1","58","0","P","7","14","P Offer","P Liability Signal: 5;P Files: 1;D Answers: 1;P Abandons: 1","5,1,1,1","0","true","","","6","0.55","0.10000000000000001","","",""
"Specification-CenterWeightedContinuousMeritsModerateRiskAversion__Cost-2__Fee-American","1","58","0","P","7","14","P Offer","P Liability Signal: 5;P Files: 1;D Answers: 1;P Abandons: 1","5,1,1,1","0","true","","","7","0.65","0.10000000000000001","","",""
"Specification-CenterWeightedContinuousMeritsModerateRiskAversion__Cost-2__Fee-American","1","58","0","P","7","14","P Offer","P Liability Signal: 5;P Files: 1;D Answers: 1;P Abandons: 1","5,1,1,1","0","true","","","8","0.75","0.10000000000000001","","",""
"Specification-CenterWeightedContinuousMeritsModerateRiskAversion__Cost-2__Fee-American","1","58","0","P","7","14","P Offer","P Liability Signal: 5;P Files: 1;D Answers: 1;P Abandons: 1","5,1,1,1","0","true","","","9","0.85","0.10000000000000001","","",""
"Specification-CenterWeightedContinuousMeritsModerateRiskAversion__Cost-2__Fee-American","1","58","0","P","7","14","P Offer","P Liability Signal: 5;P Files: 1;D Answers: 1;P Abandons: 1","5,1,1,1","0","true","","","10","0.95","0.10000000000000001","","",""
"Specification-CenterWeightedContinuousMeritsModerateRiskAversion__Cost-2__Fee-American","1","59","0","P","7","14","P Offer","P Liability Signal: 5;P Files: 1;D Answers: 1;P Abandons: 2","5,1,1,2","0.058994684211409666","false","999.87896864180004","999.87896864180004","1","0.05","1","999.87896864180004","0","true"
"Specification-CenterWeightedContinuousMeritsModerateRiskAversion__Cost-2__Fee-American","1","59","0","P","7","14","P Offer","P Liability Signal: 5;P Files: 1;D Answers: 1;P Abandons: 2","5,1,1,2","0.058994684211409666","false","999.87896864180004","999.87896864180004","2","0.15","0","999.79796316598151","0.081005475818528794","false"
"Specification-CenterWeightedContinuousMeritsModerateRiskAversion__Cost-2__Fee-American","1","59","0","P","7","14","P Offer","P Liability Signal: 5;P Files: 1;D Answers: 1;P Abandons: 2","5,1,1,2","0.058994684211409666","false","999.87896864180004","999.87896864180004","3","0.25","0","999.79796316598151","0.081005475818528794","false"
"Specification-CenterWeightedContinuousMeritsModerateRiskAversion__Cost-2__Fee-American","1","59","0","P","7","14","P Offer","P Liability Signal: 5;P Files: 1;D Answers: 1;P Abandons: 2","5,1,1,2","0.058994684211409666","false","999.87896864180004","999.87896864180004","4","0.35","0","999.79796316598151","0.081005475818528794","false"
"Specification-CenterWeightedContinuousMeritsModerateRiskAversion__Cost-2__Fee-American","1","59","0","P","7","14","P Offer","P Liability Signal: 5;P Files: 1;D Answers: 1;P Abandons: 2","5,1,1,2","0.058994684211409666","false","999.87896864180004","999.87896864180004","5","0.45","0","999.79796316598151","0.081005475818528794","false"
"Specification-CenterWeightedContinuousMeritsModerateRiskAversion__Cost-2__Fee-American","1","59","0","P","7","14","P Offer","P Liability Signal: 5;P Files: 1;D Answers: 1;P Abandons: 2","5,1,1,2","0.058994684211409666","false","999.87896864180004","999.87896864180004","6","0.55","0","999.79796316598151","0.081005475818528794","false"
"Specification-CenterWeightedContinuousMeritsModerateRiskAversion__Cost-2__Fee-American","1","59","0","P","7","14","P Offer","P Liability Signal: 5;P Files: 1;D Answers: 1;P Abandons: 2","5,1,1,2","0.058994684211409666","false","999.87896864180004","999.87896864180004","7","0.65","0","999.79796316598151","0.081005475818528794","false"
"Specification-CenterWeightedContinuousMeritsModerateRiskAversion__Cost-2__Fee-American","1","59","0","P","7","14","P Offer","P Liability Signal: 5;P Files: 1;D Answers: 1;P Abandons: 2","5,1,1,2","0.058994684211409666","false","999.87896864180004","999.87896864180004","8","0.75","0","999.79796316598151","0.081005475818528794","false"
"Specification-CenterWeightedContinuousMeritsModerateRiskAversion__Cost-2__Fee-American","1","59","0","P","7","14","P Offer","P Liability Signal: 5;P Files: 1;D Answers: 1;P Abandons: 2","5,1,1,2","0.058994684211409666","false","999.87896864180004","999.87896864180004","9","0.85","0","999.79796316598151","0.081005475818528794","false"
"Specification-CenterWeightedContinuousMeritsModerateRiskAversion__Cost-2__Fee-American","1","59","0","P","7","14","P Offer","P Liability Signal: 5;P Files: 1;D Answers: 1;P Abandons: 2","5,1,1,2","0.058994684211409666","false","999.87896864180004","999.87896864180004","10","0.95","0","999.79796316598151","0.081005475818528794","false"
"Specification-CenterWeightedContinuousMeritsModerateRiskAversion__Cost-2__Fee-American","1","60","0","P","2","9","P Files","P Liability Signal: 6","6","0.13255","false","1000.0505134566239","1000.0505134566239","1","Yes","1","1000.0505134566239","0","true"
"Specification-CenterWeightedContinuousMeritsModerateRiskAversion__Cost-2__Fee-American","1","60","0","P","2","9","P Files","P Liability Signal: 6","6","0.13255","false","1000.0505134566239","1000.0505134566239","2","No","0","1000.000002664","0.050510792623867928","false"
"Specification-CenterWeightedContinuousMeritsModerateRiskAversion__Cost-2__Fee-American","1","61","0","P","5","20","P Abandons","P Liability Signal: 6;P Files: 1;D Answers: 1","6,1,1","0.045630477252308788","false","999.87896864180027","999.87896864180004","1","Yes","0.15589410521114569","999.87896864180004","0","true"
"Specification-CenterWeightedContinuousMeritsModerateRiskAversion__Cost-2__Fee-American","1","61","0","P","5","20","P Abandons","P Liability Signal: 6;P Files: 1;D Answers: 1","6,1,1","0.045630477252308788","false","999.87896864180027","999.87896864180004","2","No","0.84410589478885434","999.87896864180004","0","true"
"Specification-CenterWeightedContinuousMeritsModerateRiskAversion__Cost-2__Fee-American","1","62","0","P","7","14","P Offer","P Liability Signal: 6;P Files: 1;D Answers: 1;P Abandons: 1","6,1,1,1","0.0071135224216062175","false","999.87896864179993","999.87896864179993","1","0.05","0","999.87896864179993","0","true"
"Specification-CenterWeightedContinuousMeritsModerateRiskAversion__Cost-2__Fee-American","1","62","0","P","7","14","P Offer","P Liability Signal: 6;P Files: 1;D Answers: 1;P Abandons: 1","6,1,1,1","0.0071135224216062175","false","999.87896864179993","999.87896864179993","2","0.15","0","999.87896864179993","0","true"
"Specification-CenterWeightedContinuousMeritsModerateRiskAversion__Cost-2__Fee-American","1","62","0","P","7","14","P Offer","P Liability Signal: 6;P Files: 1;D Answers: 1;P Abandons: 1","6,1,1,1","0.0071135224216062175","false","999.87896864179993","999.87896864179993","3","0.25","0","999.87896864179993","0","true"
"Specification-CenterWeightedContinuousMeritsModerateRiskAversion__Cost-2__Fee-American","1","62","0","P","7","14","P Offer","P Liability Signal: 6;P Files: 1;D Answers: 1;P Abandons: 1","6,1,1,1","0.0071135224216062175","false","999.87896864179993","999.87896864179993","4","0.35","0","999.87896864179993","0","true"
"Specification-CenterWeightedContinuousMeritsModerateRiskAversion__Cost-2__Fee-American","1","62","0","P","7","14","P Offer","P Liability Signal: 6;P Files: 1;D Answers: 1;P Abandons: 1","6,1,1,1","0.0071135224216062175","false","999.87896864179993","999.87896864179993","5","0.45","0","999.87896864179993","0","true"
"Specification-CenterWeightedContinuousMeritsModerateRiskAversion__Cost-2__Fee-American","1","62","0","P","7","14","P Offer","P Liability Signal: 6;P Files: 1;D Answers: 1;P Abandons: 1","6,1,1,1","0.0071135224216062175","false","999.87896864179993","999.87896864179993","6","0.55","0","999.87896864179993","0","true"
"Specification-CenterWeightedContinuousMeritsModerateRiskAversion__Cost-2__Fee-American","1","62","0","P","7","14","P Offer","P Liability Signal: 6;P Files: 1;D Answers: 1;P Abandons: 1","6,1,1,1","0.0071135224216062175","false","999.87896864179993","999.87896864179993","7","0.65","0","999.87896864179993","0","true"
"Specification-CenterWeightedContinuousMeritsModerateRiskAversion__Cost-2__Fee-American","1","62","0","P","7","14","P Offer","P Liability Signal: 6;P Files: 1;D Answers: 1;P Abandons: 1","6,1,1,1","0.0071135224216062175","false","999.87896864179993","999.87896864179993","8","0.75","0","999.87896864179993","0","true"
"Specification-CenterWeightedContinuousMeritsModerateRiskAversion__Cost-2__Fee-American","1","62","0","P","7","14","P Offer","P Liability Signal: 6;P Files: 1;D Answers: 1;P Abandons: 1","6,1,1,1","0.0071135224216062175","false","999.87896864179993","999.87896864179993","9","0.85","1","999.87896864179993","0","true"
"Specification-CenterWeightedContinuousMeritsModerateRiskAversion__Cost-2__Fee-American","1","62","0","P","7","14","P Offer","P Liability Signal: 6;P Files: 1;D Answers: 1;P Abandons: 1","6,1,1,1","0.0071135224216062175","false","999.87896864179993","999.87896864179993","10","0.95","0","999.87896864179993","0","true"
"Specification-CenterWeightedContinuousMeritsModerateRiskAversion__Cost-2__Fee-American","1","63","0","P","7","14","P Offer","P Liability Signal: 6;P Files: 1;D Answers: 1;P Abandons: 2","6,1,1,2","0.038516954830702582","false","999.87896864180004","999.87896864180004","1","0.05","1","999.87896864180004","0","true"
"Specification-CenterWeightedContinuousMeritsModerateRiskAversion__Cost-2__Fee-American","1","63","0","P","7","14","P Offer","P Liability Signal: 6;P Files: 1;D Answers: 1;P Abandons: 2","6,1,1,2","0.038516954830702582","false","999.87896864180004","999.87896864180004","2","0.15","0","999.84027827402031","0.038690367779736334","false"
"Specification-CenterWeightedContinuousMeritsModerateRiskAversion__Cost-2__Fee-American","1","63","0","P","7","14","P Offer","P Liability Signal: 6;P Files: 1;D Answers: 1;P Abandons: 2","6,1,1,2","0.038516954830702582","false","999.87896864180004","999.87896864180004","3","0.25","0","999.84027827402031","0.038690367779736334","false"
"Specification-CenterWeightedContinuousMeritsModerateRiskAversion__Cost-2__Fee-American","1","63","0","P","7","14","P Offer","P Liability Signal: 6;P Files: 1;D Answers: 1;P Abandons: 2","6,1,1,2","0.038516954830702582","false","999.87896864180004","999.87896864180004","4","0.35","0","999.84027827402031","0.038690367779736334","false"
"Specification-CenterWeightedContinuousMeritsModerateRiskAversion__Cost-2__Fee-American","1","63","0","P","7","14","P Offer","P Liability Signal: 6;P Files: 1;D Answers: 1;P Abandons: 2","6,1,1,2","0.038516954830702582","false","999.87896864180004","999.87896864180004","5","0.45","0","999.84027827402031","0.038690367779736334","false"
"Specification-CenterWeightedContinuousMeritsModerateRiskAversion__Cost-2__Fee-American","1","63","0","P","7","14","P Offer","P Liability Signal: 6;P Files: 1;D Answers: 1;P Abandons: 2","6,1,1,2","0.038516954830702582","false","999.87896864180004","999.87896864180004","6","0.55","0","999.84027827402031","0.038690367779736334","false"
"Specification-CenterWeightedContinuousMeritsModerateRiskAversion__Cost-2__Fee-American","1","63","0","P","7","14","P Offer","P Liability Signal: 6;P Files: 1;D Answers: 1;P Abandons: 2","6,1,1,2","0.038516954830702582","false","999.87896864180004","999.87896864180004","7","0.65","0","999.84027827402031","0.038690367779736334","false"
"Specification-CenterWeightedContinuousMeritsModerateRiskAversion__Cost-2__Fee-American","1","63","0","P","7","14","P Offer","P Liability Signal: 6;P Files: 1;D Answers: 1;P Abandons: 2","6,1,1,2","0.038516954830702582","false","999.87896864180004","999.87896864180004","8","0.75","0","999.84027827402031","0.038690367779736334","false"
"Specification-CenterWeightedContinuousMeritsModerateRiskAversion__Cost-2__Fee-American","1","63","0","P","7","14","P Offer","P Liability Signal: 6;P Files: 1;D Answers: 1;P Abandons: 2","6,1,1,2","0.038516954830702582","false","999.87896864180004","999.87896864180004","9","0.85","0","999.84027827402031","0.038690367779736334","false"
"Specification-CenterWeightedContinuousMeritsModerateRiskAversion__Cost-2__Fee-American","1","63","0","P","7","14","P Offer","P Liability Signal: 6;P Files: 1;D Answers: 1;P Abandons: 2","6,1,1,2","0.038516954830702582","false","999.87896864180004","999.87896864180004","10","0.95","0","999.84027827402031","0.038690367779736334","false"
"Specification-CenterWeightedContinuousMeritsModerateRiskAversion__Cost-2__Fee-American","1","64","0","P","2","9","P Files","P Liability Signal: 7","7","0.12336999999999999","false","1000.0753205534829","1000.0753205534829","1","Yes","1","1000.0753205534829","0","true"
"Specification-CenterWeightedContinuousMeritsModerateRiskAversion__Cost-2__Fee-American","1","64","0","P","2","9","P Files","P Liability Signal: 7","7","0.12336999999999999","false","1000.0753205534829","1000.0753205534829","2","No","0","1000.0000026639998","0.075317889483130784","false"
"Specification-CenterWeightedContinuousMeritsModerateRiskAversion__Cost-2__Fee-American","1","65","0","P","5","20","P Abandons","P Liability Signal: 7;P Files: 1;D Answers: 1","7,1,1","0.031366060878248309","false","999.88392877724402","999.88392877724402","1","Yes","0.43829106474934948","999.88392877724402","0","true"
"Specification-CenterWeightedContinuousMeritsModerateRiskAversion__Cost-2__Fee-American","1","65","0","P","5","20","P Abandons","P Liability Signal: 7;P Files: 1;D Answers: 1","7,1,1","0.031366060878248309","false","999.88392877724402","999.88392877724402","2","No","0.56170893525065058","999.8839287772438","2.2737367544323206E-13","true"
"Specification-CenterWeightedContinuousMeritsModerateRiskAversion__Cost-2__Fee-American","1","66","0","P","7","14","P Offer","P Liability Signal: 7;P Files: 1;D Answers: 1;P Abandons: 1","7,1,1,1","0.013747464219320368","false","999.88392877724402","999.88392877724368","1","0.05","0","999.87896864180016","0.0049601354435253597","false"
"Specification-CenterWeightedContinuousMeritsModerateRiskAversion__Cost-2__Fee-American","1","66","0","P","7","14","P Offer","P Liability Signal: 7;P Files: 1;D Answers: 1;P Abandons: 1","7,1,1,1","0.013747464219320368","false","999.88392877724402","999.88392877724368","2","0.15","0","999.88392877724368","0","true"
"Specification-CenterWeightedContinuousMeritsModerateRiskAversion__Cost-2__Fee-American","1","66","0","P","7","14","P Offer","P Liability Signal: 7;P Files: 1;D Answers: 1;P Abandons: 1","7,1,1,1","0.013747464219320368","false","999.88392877724402","999.88392877724368","3","0.25","0","999.88392877724368","0","true"
"Specification-CenterWeightedContinuousMeritsModerateRiskAversion__Cost-2__Fee-American","1","66","0","P","7","14","P Offer","P Liability Signal: 7;P Files: 1;D Answers: 1;P Abandons: 1","7,1,1,1","0.013747464219320368","false","999.88392877724402","999.88392877724368","4","0.35","0","999.88392877724368","0","true"
"Specification-CenterWeightedContinuousMeritsModerateRiskAversion__Cost-2__Fee-American","1","66","0","P","7","14","P Offer","P Liability Signal: 7;P Files: 1;D Answers: 1;P Abandons: 1","7,1,1,1","0.013747464219320368","false","999.88392877724402","999.88392877724368","5","0.45","0","999.88392877724368","0","true"
"Specification-CenterWeightedContinuousMeritsModerateRiskAversion__Cost-2__Fee-American","1","66","0","P","7","14","P Offer","P Liability Signal: 7;P Files: 1;D Answers: 1;P Abandons: 1","7,1,1,1","0.013747464219320368","false","999.88392877724402","999.88392877724368","6","0.55","0","999.88392877724368","0","true"
"Specification-CenterWeightedContinuousMeritsModerateRiskAversion__Cost-2__Fee-American","1","66","0","P","7","14","P Offer","P Liability Signal: 7;P Files: 1;D Answers: 1;P Abandons: 1","7,1,1,1","0.013747464219320368","false","999.88392877724402","999.88392877724368","7","0.65","0","999.88392877724368","0","true"
"Specification-CenterWeightedContinuousMeritsModerateRiskAversion__Cost-2__Fee-American","1","66","0","P","7","14","P Offer","P Liability Signal: 7;P Files: 1;D Answers: 1;P Abandons: 1","7,1,1,1","0.013747464219320368","false","999.88392877724402","999.88392877724368","8","0.75","0.30850864348706863","999.88392877724368","0","true"
"Specification-CenterWeightedContinuousMeritsModerateRiskAversion__Cost-2__Fee-American","1","66","0","P","7","14","P Offer","P Liability Signal: 7;P Files: 1;D Answers: 1;P Abandons: 1","7,1,1,1","0.013747464219320368","false","999.88392877724402","999.88392877724368","9","0.85","0.69149135651293148","999.88392877724368","0","true"
"Specification-CenterWeightedContinuousMeritsModerateRiskAversion__Cost-2__Fee-American","1","66","0","P","7","14","P Offer","P Liability Signal: 7;P Files: 1;D Answers: 1;P Abandons: 1","7,1,1,1","0.013747464219320368","false","999.88392877724402","999.88392877724368","10","0.95","0","999.88392877724368","0","true"
"Specification-CenterWeightedContinuousMeritsModerateRiskAversion__Cost-2__Fee-American","1","67","0","P","7","14","P Offer","P Liability Signal: 7;P Files: 1;D Answers: 1;P Abandons: 2","7,1,1,2","0.017618596658927944","false","999.8839287772438","999.8839287772438","1","0.05","0","999.87896864180004","0.0049601354437527334","false"
"Specification-CenterWeightedContinuousMeritsModerateRiskAversion__Cost-2__Fee-American","1","67","0","P","7","14","P Offer","P Liability Signal: 7;P Files: 1;D Answers: 1;P Abandons: 2","7,1,1,2","0.017618596658927944","false","999.8839287772438","999.8839287772438","2","0.15","0","999.8839287772438","0","true"
"Specification-CenterWeightedContinuousMeritsModerateRiskAversion__Cost-2__Fee-American","1","67","0","P","7","14","P Offer","P Liability Signal: 7;P Files: 1;D Answers: 1;P Abandons: 2","7,1,1,2","0.017618596658927944","false","999.8839287772438","999.8839287772438","3","0.25","0","999.8839287772438","0","true"
"Specification-CenterWeightedContinuousMeritsModerateRiskAversion__Cost-2__Fee-American","1","67","0","P","7","14","P Offer","P Liability Signal: 7;P Files: 1;D Answers: 1;P Abandons: 2","7,1,1,2","0.017618596658927944","false","999.8839287772438","999.8839287772438","4","0.35","0","999.8839287772438","0","true"
"Specification-CenterWeightedContinuousMeritsModerateRiskAversion__Cost-2__Fee-American","1","67","0","P","7","14","P Offer","P Liability Signal: 7;P Files: 1;D Answers: 1;P Abandons: 2","7,1,1,2","0.017618596658927944","false","999.8839287772438","999.8839287772438","5","0.45","0","999.8839287772438","0","true"
"Specification-CenterWeightedContinuousMeritsModerateRiskAversion__Cost-2__Fee-American","1","67","0","P","7","14","P Offer","P Liability Signal: 7;P Files: 1;D Answers: 1;P Abandons: 2","7,1,1,2","0.017618596658927944","false","999.8839287772438","999.8839287772438","6","0.55","0","999.8839287772438","0","true"
"Specification-CenterWeightedContinuousMeritsModerateRiskAversion__Cost-2__Fee-American","1","67","0","P","7","14","P Offer","P Liability Signal: 7;P Files: 1;D Answers: 1;P Abandons: 2","7,1,1,2","0.017618596658927944","false","999.8839287772438","999.8839287772438","7","0.65","0","999.8839287772438","0","true"
"Specification-CenterWeightedContinuousMeritsModerateRiskAversion__Cost-2__Fee-American","1","67","0","P","7","14","P Offer","P Liability Signal: 7;P Files: 1;D Answers: 1;P Abandons: 2","7,1,1,2","0.017618596658927944","false","999.8839287772438","999.8839287772438","8","0.75","0","999.8839287772438","0","true"
"Specification-CenterWeightedContinuousMeritsModerateRiskAversion__Cost-2__Fee-American","1","67","0","P","7","14","P Offer","P Liability Signal: 7;P Files: 1;D Answers: 1;P Abandons: 2","7,1,1,2","0.017618596658927944","false","999.8839287772438","999.8839287772438","9","0.85","1","999.8839287772438","0","true"
"Specification-CenterWeightedContinuousMeritsModerateRiskAversion__Cost-2__Fee-American","1","67","0","P","7","14","P Offer","P Liability Signal: 7;P Files: 1;D Answers: 1;P Abandons: 2","7,1,1,2","0.017618596658927944","false","999.8839287772438","999.8839287772438","10","0.95","0","999.8839287772438","0","true"
"Specification-CenterWeightedContinuousMeritsModerateRiskAversion__Cost-2__Fee-American","1","68","0","P","2","9","P Files","P Liability Signal: 8","8","0.10578","false","1000.1017278759255","1000.1017278759255","1","Yes","1","1000.1017278759255","0","true"
"Specification-CenterWeightedContinuousMeritsModerateRiskAversion__Cost-2__Fee-American","1","68","0","P","2","9","P Files","P Liability Signal: 8","8","0.10578","false","1000.1017278759255","1000.1017278759255","2","No","0","1000.000002664","0.10172521192544082","false"
"Specification-CenterWeightedContinuousMeritsModerateRiskAversion__Cost-2__Fee-American","1","69","0","P","5","20","P Abandons","P Liability Signal: 8;P Files: 1;D Answers: 1","8,1,1","0.019197932891126705","false","999.92655113099329","999.92655113099329","1","Yes","0","999.88811145634543","0.038439674647861466","false"
"Specification-CenterWeightedContinuousMeritsModerateRiskAversion__Cost-2__Fee-American","1","69","0","P","5","20","P Abandons","P Liability Signal: 8;P Files: 1;D Answers: 1","8,1,1","0.019197932891126705","false","999.92655113099329","999.92655113099329","2","No","1","999.92655113099329","0","true"
"Specification-CenterWeightedContinuousMeritsModerateRiskAversion__Cost-2__Fee-American","1","70","0","P","7","14","P Offer","P Liability Signal: 8;P Files: 1;D Answers: 1;P Abandons: 1","8,1,1,1","0","true","","","1","0.05","0.10000000000000001","","",""
"Specification-CenterWeightedContinuousMeritsModerateRiskAversion__Cost-2__Fee-American","1","70","0","P","7","14","P Offer","P Liability Signal: 8;P Files: 1;D Answers: 1;P Abandons: 1","8,1,1,1","0","true","","","2","0.15","0.10000000000000001","","",""
"Specification-CenterWeightedContinuousMeritsModerateRiskAversion__Cost-2__Fee-American","1","70","0","P","7","14","P Offer","P Liability Signal: 8;P Files: 1;D Answers: 1;P Abandons: 1","8,1,1,1","0","true","","","3","0.25","0.10000000000000001","","",""
"Specification-CenterWeightedContinuousMeritsModerateRiskAversion__Cost-2__Fee-American","1","70","0","P","7","14","P Offer","P Liability Signal: 8;P Files: 1;D Answers: 1;P Abandons: 1","8,1,1,1","0","true","","","4","0.35","0.10000000000000001","","",""
"Specification-CenterWeightedContinuousMeritsModerateRiskAversion__Cost-2__Fee-American","1","70","0","P","7","14","P Offer","P Liability Signal: 8;P Files: 1;D Answers: 1;P Abandons: 1","8,1,1,1","0","true","","","5","0.45","0.10000000000000001","","",""
"Specification-CenterWeightedContinuousMeritsModerateRiskAversion__Cost-2__Fee-American","1","70","0","P","7","14","P Offer","P Liability Signal: 8;P Files: 1;D Answers: 1;P Abandons: 1","8,1,1,1","0","true","","","6","0.55","0.10000000000000001","","",""
"Specification-CenterWeightedContinuousMeritsModerateRiskAversion__Cost-2__Fee-American","1","70","0","P","7","14","P Offer","P Liability Signal: 8;P Files: 1;D Answers: 1;P Abandons: 1","8,1,1,1","0","true","","","7","0.65","0.10000000000000001","","",""
"Specification-CenterWeightedContinuousMeritsModerateRiskAversion__Cost-2__Fee-American","1","70","0","P","7","14","P Offer","P Liability Signal: 8;P Files: 1;D Answers: 1;P Abandons: 1","8,1,1,1","0","true","","","8","0.75","0.10000000000000001","","",""
"Specification-CenterWeightedContinuousMeritsModerateRiskAversion__Cost-2__Fee-American","1","70","0","P","7","14","P Offer","P Liability Signal: 8;P Files: 1;D Answers: 1;P Abandons: 1","8,1,1,1","0","true","","","9","0.85","0.10000000000000001","","",""
"Specification-CenterWeightedContinuousMeritsModerateRiskAversion__Cost-2__Fee-American","1","70","0","P","7","14","P Offer","P Liability Signal: 8;P Files: 1;D Answers: 1;P Abandons: 1","8,1,1,1","0","true","","","10","0.95","0.10000000000000001","","",""
"Specification-CenterWeightedContinuousMeritsModerateRiskAversion__Cost-2__Fee-American","1","71","0","P","7","14","P Offer","P Liability Signal: 8;P Files: 1;D Answers: 1;P Abandons: 2","8,1,1,2","0.019197932891126705","false","999.92655113099329","999.92655113099329","1","0.05","0","999.87896864180004","0.047582489193246147","false"
"Specification-CenterWeightedContinuousMeritsModerateRiskAversion__Cost-2__Fee-American","1","71","0","P","7","14","P Offer","P Liability Signal: 8;P Files: 1;D Answers: 1;P Abandons: 2","8,1,1,2","0.019197932891126705","false","999.92655113099329","999.92655113099329","2","0.15","0","999.92655113099329","0","true"
"Specification-CenterWeightedContinuousMeritsModerateRiskAversion__Cost-2__Fee-American","1","71","0","P","7","14","P Offer","P Liability Signal: 8;P Files: 1;D Answers: 1;P Abandons: 2","8,1,1,2","0.019197932891126705","false","999.92655113099329","999.92655113099329","3","0.25","0","999.92655113099329","0","true"
"Specification-CenterWeightedContinuousMeritsModerateRiskAversion__Cost-2__Fee-American","1","71","0","P","7","14","P Offer","P Liability Signal: 8;P Files: 1;D Answers: 1;P Abandons: 2","8,1,1,2","0.019197932891126705","false","999.92655113099329","999.92655113099329","4","0.35","0","999.92655113099329","0","true"
"Specification-CenterWeightedContinuousMeritsModerateRiskAversion__Cost-2__Fee-American","1","71","0","P","7","14","P Offer","P Liability Signal: 8;P Files: 1;D Answers: 1;P Abandons: 2","8,1,1,2","0.019197932891126705","false","999.92655113099329","999.92655113099329","5","0.45","0","999.92655113099329","0","true"
"Specification-CenterWeightedContinuousMeritsModerateRiskAversion__Cost-2__Fee-American","1","71","0","P","7","14","P Offer","P Liability Signal: 8;P Files: 1;D Answers: 1;P Abandons: 2","8,1,1,2","0.019197932891126705","false","999.92655113099329","999.92655113099329","6","0.55","0","999.92655113099329","0","true"
"Specification-CenterWeightedContinuousMeritsModerateRiskAversion__Cost-2__Fee-American","1","71","0","P","7","14","P Offer","P Liability Signal: 8;P Files: 1;D Answers: 1;P Abandons: 2","8,1,1,2","0.019197932891126705","false","999.92655113099329","999.92655113099329","7","0.65","0","999.92655113099329","0","true"
"Specification-CenterWeightedContinuousMeritsModerateRiskAversion__Cost-2__Fee-American","1","71","0","P","7","14","P Offer","P Liability Signal: 8;P Files: 1;D Answers: 1;P Abandons: 2","8,1,1,2","0.019197932891126705","false","999.92655113099329","999.92655113099329","8","0.75","0","999.92655113099329","0","true"
"Specification-CenterWeightedContinuousMeritsModerateRiskAversion__Cost-2__Fee-American","1","71","0","P","7","14","P Offer","P Liability Signal: 8;P Files: 1;D Answers: 1;P Abandons: 2","8,1,1,2","0.019197932891126705","false","999.92655113099329","999.92655113099329","9","0.85","1","999.92655113099329","0","true"
"Specification-CenterWeightedContinuousMeritsModerateRiskAversion__Cost-2__Fee-American","1","71","0","P","7","14","P Offer","P Liability Signal: 8;P Files: 1;D Answers: 1;P Abandons: 2","8,1,1,2","0.019197932891126705","false","999.92655113099329","999.92655113099329","10","0.95","0","999.92655113099329","0","true"
"Specification-CenterWeightedContinuousMeritsModerateRiskAversion__Cost-2__Fee-American","1","72","0","P","2","9","P Files","P Liability Signal: 9","9","0.08203000000000002","false","1000.1183231697159","1000.1183231697159","1","Yes","1","1000.1183231697159","0","true"
"Specification-CenterWeightedContinuousMeritsModerateRiskAversion__Cost-2__Fee-American","1","72","0","P","2","9","P Files","P Liability Signal: 9","9","0.08203000000000002","false","1000.1183231697159","1000.1183231697159","2","No","0","1000.0000026639999","0.11832050571604213","false"
"Specification-CenterWeightedContinuousMeritsModerateRiskAversion__Cost-2__Fee-American","1","73","0","P","5","20","P Abandons","P Liability Signal: 9;P Files: 1;D Answers: 1","9,1,1","0.010454100206084369","false","999.96600619707067","999.96600619707067","1","Yes","0","999.8928638065936","0.073142390477073604","false"
"Specification-CenterWeightedContinuousMeritsModerateRiskAversion__Cost-2__Fee-American","1","73","0","P","5","20","P Abandons","P Liability Signal: 9;P Files: 1;D Answers: 1","9,1,1","0.010454100206084369","false","999.96600619707067","999.96600619707067","2","No","1","999.96600619707067","0","true"
"Specification-CenterWeightedContinuousMeritsModerateRiskAversion__Cost-2__Fee-American","1","74","0","P","7","14","P Offer","P Liability Signal: 9;P Files: 1;D Answers: 1;P Abandons: 1","9,1,1,1","0","true","","","1","0.05","0.10000000000000001","","",""
"Specification-CenterWeightedContinuousMeritsModerateRiskAversion__Cost-2__Fee-American","1","74","0","P","7","14","P Offer","P Liability Signal: 9;P Files: 1;D Answers: 1;P Abandons: 1","9,1,1,1","0","true","","","2","0.15","0.10000000000000001","","",""
"Specification-CenterWeightedContinuousMeritsModerateRiskAversion__Cost-2__Fee-American","1","74","0","P","7","14","P Offer","P Liability Signal: 9;P Files: 1;D Answers: 1;P Abandons: 1","9,1,1,1","0","true","","","3","0.25","0.10000000000000001","","",""
"Specification-CenterWeightedContinuousMeritsModerateRiskAversion__Cost-2__Fee-American","1","74","0","P","7","14","P Offer","P Liability Signal: 9;P Files: 1;D Answers: 1;P Abandons: 1","9,1,1,1","0","true","","","4","0.35","0.10000000000000001","","",""
"Specification-CenterWeightedContinuousMeritsModerateRiskAversion__Cost-2__Fee-American","1","74","0","P","7","14","P Offer","P Liability Signal: 9;P Files: 1;D Answers: 1;P Abandons: 1","9,1,1,1","0","true","","","5","0.45","0.10000000000000001","","",""
"Specification-CenterWeightedContinuousMeritsModerateRiskAversion__Cost-2__Fee-American","1","74","0","P","7","14","P Offer","P Liability Signal: 9;P Files: 1;D Answers: 1;P Abandons: 1","9,1,1,1","0","true","","","6","0.55","0.10000000000000001","","",""
"Specification-CenterWeightedContinuousMeritsModerateRiskAversion__Cost-2__Fee-American","1","74","0","P","7","14","P Offer","P Liability Signal: 9;P Files: 1;D Answers: 1;P Abandons: 1","9,1,1,1","0","true","","","7","0.65","0.10000000000000001","","",""
"Specification-CenterWeightedContinuousMeritsModerateRiskAversion__Cost-2__Fee-American","1","74","0","P","7","14","P Offer","P Liability Signal: 9;P Files: 1;D Answers: 1;P Abandons: 1","9,1,1,1","0","true","","","8","0.75","0.10000000000000001","","",""
"Specification-CenterWeightedContinuousMeritsModerateRiskAversion__Cost-2__Fee-American","1","74","0","P","7","14","P Offer","P Liability Signal: 9;P Files: 1;D Answers: 1;P Abandons: 1","9,1,1,1","0","true","","","9","0.85","0.10000000000000001","","",""
"Specification-CenterWeightedContinuousMeritsModerateRiskAversion__Cost-2__Fee-American","1","74","0","P","7","14","P Offer","P Liability Signal: 9;P Files: 1;D Answers: 1;P Abandons: 1","9,1,1,1","0","true","","","10","0.95","0.10000000000000001","","",""
"Specification-CenterWeightedContinuousMeritsModerateRiskAversion__Cost-2__Fee-American","1","75","0","P","7","14","P Offer","P Liability Signal: 9;P Files: 1;D Answers: 1;P Abandons: 2","9,1,1,2","0.010454100206084369","false","999.96600619707067","999.96600619707067","1","0.05","0","999.87896864180027","0.087037555270399025","false"
"Specification-CenterWeightedContinuousMeritsModerateRiskAversion__Cost-2__Fee-American","1","75","0","P","7","14","P Offer","P Liability Signal: 9;P Files: 1;D Answers: 1;P Abandons: 2","9,1,1,2","0.010454100206084369","false","999.96600619707067","999.96600619707067","2","0.15","0","999.96600619707067","0","true"
"Specification-CenterWeightedContinuousMeritsModerateRiskAversion__Cost-2__Fee-American","1","75","0","P","7","14","P Offer","P Liability Signal: 9;P Files: 1;D Answers: 1;P Abandons: 2","9,1,1,2","0.010454100206084369","false","999.96600619707067","999.96600619707067","3","0.25","0","999.96600619707067","0","true"
"Specification-CenterWeightedContinuousMeritsModerateRiskAversion__Cost-2__Fee-American","1","75","0","P","7","14","P Offer","P Liability Signal: 9;P Files: 1;D Answers: 1;P Abandons: 2","9,1,1,2","0.010454100206084369","false","999.96600619707067","999.96600619707067","4","0.35","0","999.96600619707067","0","true"
"Specification-CenterWeightedContinuousMeritsModerateRiskAversion__Cost-2__Fee-American","1","75","0","P","7","14","P Offer","P Liability Signal: 9;P Files: 1;D Answers: 1;P Abandons: 2","9,1,1,2","0.010454100206084369","false","999.96600619707067","999.96600619707067","5","0.45","0","999.96600619707067","0","true"
"Specification-CenterWeightedContinuousMeritsModerateRiskAversion__Cost-2__Fee-American","1","75","0","P","7","14","P Offer","P Liability Signal: 9;P Files: 1;D Answers: 1;P Abandons: 2","9,1,1,2","0.010454100206084369","false","999.96600619707067","999.96600619707067","6","0.55","0","999.96600619707067","0","true"
"Specification-CenterWeightedContinuousMeritsModerateRiskAversion__Cost-2__Fee-American","1","75","0","P","7","14","P Offer","P Liability Signal: 9;P Files: 1;D Answers: 1;P Abandons: 2","9,1,1,2","0.010454100206084369","false","999.96600619707067","999.96600619707067","7","0.65","0","999.96600619707067","0","true"
"Specification-CenterWeightedContinuousMeritsModerateRiskAversion__Cost-2__Fee-American","1","75","0","P","7","14","P Offer","P Liability Signal: 9;P Files: 1;D Answers: 1;P Abandons: 2","9,1,1,2","0.010454100206084369","false","999.96600619707067","999.96600619707067","8","0.75","0","999.96600619707067","0","true"
"Specification-CenterWeightedContinuousMeritsModerateRiskAversion__Cost-2__Fee-American","1","75","0","P","7","14","P Offer","P Liability Signal: 9;P Files: 1;D Answers: 1;P Abandons: 2","9,1,1,2","0.010454100206084369","false","999.96600619707067","999.96600619707067","9","0.85","1","999.96600619707067","0","true"
"Specification-CenterWeightedContinuousMeritsModerateRiskAversion__Cost-2__Fee-American","1","75","0","P","7","14","P Offer","P Liability Signal: 9;P Files: 1;D Answers: 1;P Abandons: 2","9,1,1,2","0.010454100206084369","false","999.96600619707067","999.96600619707067","10","0.95","0","999.96600619707067","0","true"
"Specification-CenterWeightedContinuousMeritsModerateRiskAversion__Cost-2__Fee-American","1","76","0","P","2","9","P Files","P Liability Signal: 10","10","0.056260000000000004","false","1000.1280309481946","1000.1280309481946","1","Yes","1","1000.1280309481946","0","true"
"Specification-CenterWeightedContinuousMeritsModerateRiskAversion__Cost-2__Fee-American","1","76","0","P","2","9","P Files","P Liability Signal: 10","10","0.056260000000000004","false","1000.1280309481946","1000.1280309481946","2","No","0","1000.0000026639999","0.12802828419467005","false"
"Specification-CenterWeightedContinuousMeritsModerateRiskAversion__Cost-2__Fee-American","1","77","0","P","5","20","P Abandons","P Liability Signal: 10;P Files: 1;D Answers: 1","10,1,1","0.00504554161289438","false","1000.0007540776093","1000.0007540776093","1","Yes","0","999.89756167956511","0.10319239804414337","false"
"Specification-CenterWeightedContinuousMeritsModerateRiskAversion__Cost-2__Fee-American","1","77","0","P","5","20","P Abandons","P Liability Signal: 10;P Files: 1;D Answers: 1","10,1,1","0.00504554161289438","false","1000.0007540776093","1000.0007540776093","2","No","1","1000.0007540776093","0","true"
"Specification-CenterWeightedContinuousMeritsModerateRiskAversion__Cost-2__Fee-American","1","78","0","P","7","14","P Offer","P Liability Signal: 10;P Files: 1;D Answers: 1;P Abandons: 1","10,1,1,1","0","true","","","1","0.05","0.10000000000000001","","",""
"Specification-CenterWeightedContinuousMeritsModerateRiskAversion__Cost-2__Fee-American","1","78","0","P","7","14","P Offer","P Liability Signal: 10;P Files: 1;D Answers: 1;P Abandons: 1","10,1,1,1","0","true","","","2","0.15","0.10000000000000001","","",""
"Specification-CenterWeightedContinuousMeritsModerateRiskAversion__Cost-2__Fee-American","1","78","0","P","7","14","P Offer","P Liability Signal: 10;P Files: 1;D Answers: 1;P Abandons: 1","10,1,1,1","0","true","","","3","0.25","0.10000000000000001","","",""
"Specification-CenterWeightedContinuousMeritsModerateRiskAversion__Cost-2__Fee-American","1","78","0","P","7","14","P Offer","P Liability Signal: 10;P Files: 1;D Answers: 1;P Abandons: 1","10,1,1,1","0","true","","","4","0.35","0.10000000000000001","","",""
"Specification-CenterWeightedContinuousMeritsModerateRiskAversion__Cost-2__Fee-American","1","78","0","P","7","14","P Offer","P Liability Signal: 10;P Files: 1;D Answers: 1;P Abandons: 1","10,1,1,1","0","true","","","5","0.45","0.10000000000000001","","",""
"Specification-CenterWeightedContinuousMeritsModerateRiskAversion__Cost-2__Fee-American","1","78","0","P","7","14","P Offer","P Liability Signal: 10;P Files: 1;D Answers: 1;P Abandons: 1","10,1,1,1","0","true","","","6","0.55","0.10000000000000001","","",""
"Specification-CenterWeightedContinuousMeritsModerateRiskAversion__Cost-2__Fee-American","1","78","0","P","7","14","P Offer","P Liability Signal: 10;P Files: 1;D Answers: 1;P Abandons: 1","10,1,1,1","0","true","","","7","0.65","0.10000000000000001","","",""
"Specification-CenterWeightedContinuousMeritsModerateRiskAversion__Cost-2__Fee-American","1","78","0","P","7","14","P Offer","P Liability Signal: 10;P Files: 1;D Answers: 1;P Abandons: 1","10,1,1,1","0","true","","","8","0.75","0.10000000000000001","","",""
"Specification-CenterWeightedContinuousMeritsModerateRiskAversion__Cost-2__Fee-American","1","78","0","P","7","14","P Offer","P Liability Signal: 10;P Files: 1;D Answers: 1;P Abandons: 1","10,1,1,1","0","true","","","9","0.85","0.10000000000000001","","",""
"Specification-CenterWeightedContinuousMeritsModerateRiskAversion__Cost-2__Fee-American","1","78","0","P","7","14","P Offer","P Liability Signal: 10;P Files: 1;D Answers: 1;P Abandons: 1","10,1,1,1","0","true","","","10","0.95","0.10000000000000001","","",""
"Specification-CenterWeightedContinuousMeritsModerateRiskAversion__Cost-2__Fee-American","1","79","0","P","7","14","P Offer","P Liability Signal: 10;P Files: 1;D Answers: 1;P Abandons: 2","10,1,1,2","0.00504554161289438","false","1000.0007540776094","1000.0007540776094","1","0.05","0","999.87896864180004","0.1217854358093291","false"
"Specification-CenterWeightedContinuousMeritsModerateRiskAversion__Cost-2__Fee-American","1","79","0","P","7","14","P Offer","P Liability Signal: 10;P Files: 1;D Answers: 1;P Abandons: 2","10,1,1,2","0.00504554161289438","false","1000.0007540776094","1000.0007540776094","2","0.15","0","1000.0007540776094","0","true"
"Specification-CenterWeightedContinuousMeritsModerateRiskAversion__Cost-2__Fee-American","1","79","0","P","7","14","P Offer","P Liability Signal: 10;P Files: 1;D Answers: 1;P Abandons: 2","10,1,1,2","0.00504554161289438","false","1000.0007540776094","1000.0007540776094","3","0.25","0","1000.0007540776094","0","true"
"Specification-CenterWeightedContinuousMeritsModerateRiskAversion__Cost-2__Fee-American","1","79","0","P","7","14","P Offer","P Liability Signal: 10;P Files: 1;D Answers: 1;P Abandons: 2","10,1,1,2","0.00504554161289438","false","1000.0007540776094","1000.0007540776094","4","0.35","0","1000.0007540776094","0","true"
"Specification-CenterWeightedContinuousMeritsModerateRiskAversion__Cost-2__Fee-American","1","79","0","P","7","14","P Offer","P Liability Signal: 10;P Files: 1;D Answers: 1;P Abandons: 2","10,1,1,2","0.00504554161289438","false","1000.0007540776094","1000.0007540776094","5","0.45","0","1000.0007540776094","0","true"
"Specification-CenterWeightedContinuousMeritsModerateRiskAversion__Cost-2__Fee-American","1","79","0","P","7","14","P Offer","P Liability Signal: 10;P Files: 1;D Answers: 1;P Abandons: 2","10,1,1,2","0.00504554161289438","false","1000.0007540776094","1000.0007540776094","6","0.55","0","1000.0007540776094","0","true"
"Specification-CenterWeightedContinuousMeritsModerateRiskAversion__Cost-2__Fee-American","1","79","0","P","7","14","P Offer","P Liability Signal: 10;P Files: 1;D Answers: 1;P Abandons: 2","10,1,1,2","0.00504554161289438","false","1000.0007540776094","1000.0007540776094","7","0.65","0","1000.0007540776094","0","true"
"Specification-CenterWeightedContinuousMeritsModerateRiskAversion__Cost-2__Fee-American","1","79","0","P","7","14","P Offer","P Liability Signal: 10;P Files: 1;D Answers: 1;P Abandons: 2","10,1,1,2","0.00504554161289438","false","1000.0007540776094","1000.0007540776094","8","0.75","0","1000.0007540776094","0","true"
"Specification-CenterWeightedContinuousMeritsModerateRiskAversion__Cost-2__Fee-American","1","79","0","P","7","14","P Offer","P Liability Signal: 10;P Files: 1;D Answers: 1;P Abandons: 2","10,1,1,2","0.00504554161289438","false","1000.0007540776094","1000.0007540776094","9","0.85","1","1000.0007540776094","0","true"
"Specification-CenterWeightedContinuousMeritsModerateRiskAversion__Cost-2__Fee-American","1","79","0","P","7","14","P Offer","P Liability Signal: 10;P Files: 1;D Answers: 1;P Abandons: 2","10,1,1,2","0.00504554161289438","false","1000.0007540776094","1000.0007540776094","10","0.95","0","1000.0007540776094","0","true"
"Specification-CenterWeightedContinuousMeritsModerateRiskAversion__Cost-2__Fee-American","1","1","1","D","3","10","D Answers","D Liability Signal: 1;P Files: 1","1,1","0.0146875444","false","999.50701866424004","999.50701866424004","1","Yes","1","999.50701866424004","0","true"
"Specification-CenterWeightedContinuousMeritsModerateRiskAversion__Cost-2__Fee-American","1","1","1","D","3","10","D Answers","D Liability Signal: 1;P Files: 1","1,1","0.0146875444","false","999.50701866424004","999.50701866424004","2","No","0","998.80797296840012","0.69904569583991361","false"
"Specification-CenterWeightedContinuousMeritsModerateRiskAversion__Cost-2__Fee-American","1","3","1","D","6","21","D Defaults","D Liability Signal: 1;P Files: 1;D Answers: 1","1,1,1","0.014687544400000002","false","999.50701866423992","999.50701866423992","1","Yes","0","999.1303776256367","0.37664103860322484","false"
"Specification-CenterWeightedContinuousMeritsModerateRiskAversion__Cost-2__Fee-American","1","3","1","D","6","21","D Defaults","D Liability Signal: 1;P Files: 1;D Answers: 1","1,1,1","0.014687544400000002","false","999.50701866423992","999.50701866423992","2","No","1","999.50701866423992","0","true"
"Specification-CenterWeightedContinuousMeritsModerateRiskAversion__Cost-2__Fee-American","1","5","1","D","8","15","D Offer","D Liability Signal: 1;P Files: 1;D Answers: 1;D Defaults: 1","1,1,1,1","0","true","","","1","0.05","0.10000000000000001","","",""
"Specification-CenterWeightedContinuousMeritsModerateRiskAversion__Cost-2__Fee-American","1","5","1","D","8","15","D Offer","D Liability Signal: 1;P Files: 1;D Answers: 1;D Defaults: 1","1,1,1,1","0","true","","","2","0.15","0.10000000000000001","","",""
"Specification-CenterWeightedContinuousMeritsModerateRiskAversion__Cost-2__Fee-American","1","5","1","D","8","15","D Offer","D Liability Signal: 1;P Files: 1;D Answers: 1;D Defaults: 1","1,1,1,1","0","true","","","3","0.25","0.10000000000000001","","",""
"Specification-CenterWeightedContinuousMeritsModerateRiskAversion__Cost-2__Fee-American","1","5","1","D","8","15","D Offer","D Liability Signal: 1;P Files: 1;D Answers: 1;D Defaults: 1","1,1,1,1","0","true","","","4","0.35","0.10000000000000001","","",""
"Specification-CenterWeightedContinuousMeritsModerateRiskAversion__Cost-2__Fee-American","1","5","1","D","8","15","D Offer","D Liability Signal: 1;P Files: 1;D Answers: 1;D Defaults: 1","1,1,1,1","0","true","","","5","0.45","0.10000000000000001","","",""
"Specification-CenterWeightedContinuousMeritsModerateRiskAversion__Cost-2__Fee-American","1","5","1","D","8","15","D Offer","D Liability Signal: 1;P Files: 1;D Answers: 1;D Defaults: 1","1,1,1,1","0","true","","","6","0.55","0.10000000000000001","","",""
"Specification-CenterWeightedContinuousMeritsModerateRiskAversion__Cost-2__Fee-American","1","5","1","D","8","15","D Offer","D Liability Signal: 1;P Files: 1;D Answers: 1;D Defaults: 1","1,1,1,1","0","true","","","7","0.65","0.10000000000000001","","",""
"Specification-CenterWeightedContinuousMeritsModerateRiskAversion__Cost-2__Fee-American","1","5","1","D","8","15","D Offer","D Liability Signal: 1;P Files: 1;D Answers: 1;D Defaults: 1","1,1,1,1","0","true","","","8","0.75","0.10000000000000001","","",""
"Specification-CenterWeightedContinuousMeritsModerateRiskAversion__Cost-2__Fee-American","1","5","1","D","8","15","D Offer","D Liability Signal: 1;P Files: 1;D Answers: 1;D Defaults: 1","1,1,1,1","0","true","","","9","0.85","0.10000000000000001","","",""
"Specification-CenterWeightedContinuousMeritsModerateRiskAversion__Cost-2__Fee-American","1","5","1","D","8","15","D Offer","D Liability Signal: 1;P Files: 1;D Answers: 1;D Defaults: 1","1,1,1,1","0","true","","","10","0.95","0.10000000000000001","","",""
"Specification-CenterWeightedContinuousMeritsModerateRiskAversion__Cost-2__Fee-American","1","6","1","D","8","15","D Offer","D Liability Signal: 1;P Files: 1;D Answers: 1;D Defaults: 2","1,1,1,2","0.014687544400000002","false","999.50701866423992","999.50701866423992","1","0.05","1","999.50701866423992","0","true"
"Specification-CenterWeightedContinuousMeritsModerateRiskAversion__Cost-2__Fee-American","1","6","1","D","8","15","D Offer","D Liability Signal: 1;P Files: 1;D Answers: 1;D Defaults: 2","1,1,1,2","0.014687544400000002","false","999.50701866423992","999.50701866423992","2","0.15","0","999.47938089232866","0.027637771911258824","false"
"Specification-CenterWeightedContinuousMeritsModerateRiskAversion__Cost-2__Fee-American","1","6","1","D","8","15","D Offer","D Liability Signal: 1;P Files: 1;D Answers: 1;D Defaults: 2","1,1,1,2","0.014687544400000002","false","999.50701866423992","999.50701866423992","3","0.25","0","999.44888206742439","0.058136596815529629","false"
"Specification-CenterWeightedContinuousMeritsModerateRiskAversion__Cost-2__Fee-American","1","6","1","D","8","15","D Offer","D Liability Signal: 1;P Files: 1;D Answers: 1;D Defaults: 2","1,1,1,2","0.014687544400000002","false","999.50701866423992","999.50701866423992","4","0.35","0","999.41515025263834","0.091868411601581101","false"
"Specification-CenterWeightedContinuousMeritsModerateRiskAversion__Cost-2__Fee-American","1","6","1","D","8","15","D Offer","D Liability Signal: 1;P Files: 1;D Answers: 1;D Defaults: 2","1,1,1,2","0.014687544400000002","false","999.50701866423992","999.50701866423992","5","0.45","0","999.37787073214065","0.12914793209927211","false"
"Specification-CenterWeightedContinuousMeritsModerateRiskAversion__Cost-2__Fee-American","1","6","1","D","8","15","D Offer","D Liability Signal: 1;P Files: 1;D Answers: 1;D Defaults: 2","1,1,1,2","0.014687544400000002","false","999.50701866423992","999.50701866423992","6","0.55","0","999.33667156904323","0.17034709519668922","false"
"Specification-CenterWeightedContinuousMeritsModerateRiskAversion__Cost-2__Fee-American","1","6","1","D","8","15","D Offer","D Liability Signal: 1;P Files: 1;D Answers: 1;D Defaults: 2","1,1,1,2","0.014687544400000002","false","999.50701866423992","999.50701866423992","7","0.65","0","999.29112360539636","0.21589505884355731","false"
"Specification-CenterWeightedContinuousMeritsModerateRiskAversion__Cost-2__Fee-American","1","6","1","D","8","15","D Offer","D Liability Signal: 1;P Files: 1;D Answers: 1;D Defaults: 2","1,1,1,2","0.014687544400000002","false","999.50701866423992","999.50701866423992","8","0.75","0","999.21681471129023","0.29020395294969603","false"
"Specification-CenterWeightedContinuousMeritsModerateRiskAversion__Cost-2__Fee-American","1","6","1","D","8","15","D Offer","D Liability Signal: 1;P Files: 1;D Answers: 1;D Defaults: 2","1,1,1,2","0.014687544400000002","false","999.50701866423992","999.50701866423992","9","0.85","0","999.04545593811224","0.46156272612768134","false"
"Specification-CenterWeightedContinuousMeritsModerateRiskAversion__Cost-2__Fee-American","1","6","1","D","8","15","D Offer","D Liability Signal: 1;P Files: 1;D Answers: 1;D Defaults: 2","1,1,1,2","0.014687544400000002","false","999.50701866423992","999.50701866423992","10","0.95","0","998.92541932824258","0.58159933599733904","false"
"Specification-CenterWeightedContinuousMeritsModerateRiskAversion__Cost-2__Fee-American","1","8","1","D","3","10","D Answers","D Liability Signal: 2;P Files: 1","2,1","0.026685184300000005","false","999.3709719222494","999.3709719222494","1","Yes","1","999.3709719222494","0","true"
"Specification-CenterWeightedContinuousMeritsModerateRiskAversion__Cost-2__Fee-American","1","8","1","D","3","10","D Answers","D Liability Signal: 2;P Files: 1","2,1","0.026685184300000005","false","999.3709719222494","999.3709719222494","2","No","0","998.80797296839978","0.56299895384961474","false"
"Specification-CenterWeightedContinuousMeritsModerateRiskAversion__Cost-2__Fee-American","1","9","1","D","6","21","D Defaults","D Liability Signal: 2;P Files: 1;D Answers: 1","2,1,1","0.026685184300000005","false","999.37097192224928","999.37097192224928","1","Yes","0","999.04995883424624","0.32101308800304196","false"
"Specification-CenterWeightedContinuousMeritsModerateRiskAversion__Cost-2__Fee-American","1","9","1","D","6","21","D Defaults","D Liability Signal: 2;P Files: 1;D Answers: 1","2,1,1","0.026685184300000005","false","999.37097192224928","999.37097192224928","2","No","1","999.37097192224928","0","true"
"Specification-CenterWeightedContinuousMeritsModerateRiskAversion__Cost-2__Fee-American","1","10","1","D","8","15","D Offer","D Liability Signal: 2;P Files: 1;D Answers: 1;D Defaults: 1","2,1,1,1","0","true","","","1","0.05","0.10000000000000001","","",""
"Specification-CenterWeightedContinuousMeritsModerateRiskAversion__Cost-2__Fee-American","1","10","1","D","8","15","D Offer","D Liability Signal: 2;P Files: 1;D Answers: 1;D Defaults: 1","2,1,1,1","0","true","","","2","0.15","0.10000000000000001","","",""
"Specification-CenterWeightedContinuousMeritsModerateRiskAversion__Cost-2__Fee-American","1","10","1","D","8","15","D Offer","D Liability Signal: 2;P Files: 1;D Answers: 1;D Defaults: 1","2,1,1,1","0","true","","","3","0.25","0.10000000000000001","","",""
"Specification-CenterWeightedContinuousMeritsModerateRiskAversion__Cost-2__Fee-American","1","10","1","D","8","15","D Offer","D Liability Signal: 2;P Files: 1;D Answers: 1;D Defaults: 1","2,1,1,1","0","true","","","4","0.35","0.10000000000000001","","",""
"Specification-CenterWeightedContinuousMeritsModerateRiskAversion__Cost-2__Fee-American","1","10","1","D","8","15","D Offer","D Liability Signal: 2;P Files: 1;D Answers: 1;D Defaults: 1","2,1,1,1","0","true","","","5","0.45","0.10000000000000001","","",""
"Specification-CenterWeightedContinuousMeritsModerateRiskAversion__Cost-2__Fee-American","1","10","1","D","8","15","D Offer","D Liability Signal: 2;P Files: 1;D Answers: 1;D Defaults: 1","2,1,1,1","0","true","","","6","0.55","0.10000000000000001","","",""
"Specification-CenterWeightedContinuousMeritsModerateRiskAversion__Cost-2__Fee-American","1","10","1","D","8","15","D Offer","D Liability Signal: 2;P Files: 1;D Answers: 1;D Defaults: 1","2,1,1,1","0","true","","","7","0.65","0.10000000000000001","","",""
"Specification-CenterWeightedContinuousMeritsModerateRiskAversion__Cost-2__Fee-American","1","10","1","D","8","15","D Offer","D Liability Signal: 2;P Files: 1;D Answers: 1;D Defaults: 1","2,1,1,1","0","true","","","8","0.75","0.10000000000000001","","",""
"Specification-CenterWeightedContinuousMeritsModerateRiskAversion__Cost-2__Fee-American","1","10","1","D","8","15","D Offer","D Liability Signal: 2;P Files: 1;D Answers: 1;D Defaults: 1","2,1,1,1","0","true","","","9","0.85","0.10000000000000001","","",""
"Specification-CenterWeightedContinuousMeritsModerateRiskAversion__Cost-2__Fee-American","1","10","1","D","8","15","D Offer","D Liability Signal: 2;P Files: 1;D Answers: 1;D Defaults: 1","2,1,1,1","0","true","","","10","0.95","0.10000000000000001","","",""
"Specification-CenterWeightedContinuousMeritsModerateRiskAversion__Cost-2__Fee-American","1","11","1","D","8","15","D Offer","D Liability Signal: 2;P Files: 1;D Answers: 1;D Defaults: 2","2,1,1,2","0.026685184300000005","false","999.37097192224928","999.37097192224928","1","0.05","1","999.37097192224928","0","true"
"Specification-CenterWeightedContinuousMeritsModerateRiskAversion__Cost-2__Fee-American","1","11","1","D","8","15","D Offer","D Liability Signal: 2;P Files: 1;D Answers: 1;D Defaults: 2","2,1,1,2","0.026685184300000005","false","999.37097192224928","999.37097192224928","2","0.15","0","999.34524320118726","0.025728721062023396","false"
"Specification-CenterWeightedContinuousMeritsModerateRiskAversion__Cost-2__Fee-American","1","11","1","D","8","15","D Offer","D Liability Signal: 2;P Files: 1;D Answers: 1;D Defaults: 2","2,1,1,2","0.026685184300000005","false","999.37097192224928","999.37097192224928","3","0.25","0","999.31685105144379","0.054120870805490995","false"
"Specification-CenterWeightedContinuousMeritsModerateRiskAversion__Cost-2__Fee-American","1","11","1","D","8","15","D Offer","D Liability Signal: 2;P Files: 1;D Answers: 1;D Defaults: 2","2,1,1,2","0.026685184300000005","false","999.37097192224928","999.37097192224928","4","0.35","0","999.28544922729043","0.085522694958854117","false"
"Specification-CenterWeightedContinuousMeritsModerateRiskAversion__Cost-2__Fee-American","1","11","1","D","8","15","D Offer","D Liability Signal: 2;P Files: 1;D Answers: 1;D Defaults: 2","2,1,1,2","0.026685184300000005","false","999.37097192224928","999.37097192224928","5","0.45","0","999.25074475157237","0.12022717067691246","false"
"Specification-CenterWeightedContinuousMeritsModerateRiskAversion__Cost-2__Fee-American","1","11","1","D","8","15","D Offer","D Liability Signal: 2;P Files: 1;D Answers: 1;D Defaults: 2","2,1,1,2","0.026685184300000005","false","999.37097192224928","999.37097192224928","6","0.55","0","999.2123913785606","0.15858054368868579","false"
"Specification-CenterWeightedContinuousMeritsModerateRiskAversion__Cost-2__Fee-American","1","11","1","D","8","15","D Offer","D Liability Signal: 2;P Files: 1;D Answers: 1;D Defaults: 2","2,1,1,2","0.026685184300000005","false","999.37097192224928","999.37097192224928","7","0.65","0","999.16998959395312","0.20098232829616336","false"
"Specification-CenterWeightedContinuousMeritsModerateRiskAversion__Cost-2__Fee-American","1","11","1","D","8","15","D Offer","D Liability Signal: 2;P Files: 1;D Answers: 1;D Defaults: 2","2,1,1,2","0.026685184300000005","false","999.37097192224928","999.37097192224928","8","0.75","0","999.09661360674454","0.27435831550474177","false"
"Specification-CenterWeightedContinuousMeritsModerateRiskAversion__Cost-2__Fee-American","1","11","1","D","8","15","D Offer","D Liability Signal: 2;P Files: 1;D Answers: 1;D Defaults: 2","2,1,1,2","0.026685184300000005","false","999.37097192224928","999.37097192224928","9","0.85","0","998.99636516355258","0.37460675869670013","false"
"Specification-CenterWeightedContinuousMeritsModerateRiskAversion__Cost-2__Fee-American","1","11","1","D","8","15","D Offer","D Liability Signal: 2;P Files: 1;D Answers: 1;D Defaults: 2","2,1,1,2","0.026685184300000005","false","999.37097192224928","999.37097192224928","10","0.95","0","998.87116710406485","0.49980481818442968","false"
"Specification-CenterWeightedContinuousMeritsModerateRiskAversion__Cost-2__Fee-American","1","12","1","D","3","10","D Answers","D Liability Signal: 3;P Files: 1","3,1","0.042970079500000001","false","999.18616299281621","999.18616299281621","1","Yes","1","999.18616299281621","0","true"
"Specification-CenterWeightedContinuousMeritsModerateRiskAversion__Cost-2__Fee-American","1","12","1","D","3","10","D Answers","D Liability Signal: 3;P Files: 1","3,1","0.042970079500000001","false","999.18616299281621","999.18616299281621","2","No","0","998.80797296839989","0.37819002441631255","false"
"Specification-CenterWeightedContinuousMeritsModerateRiskAversion__Cost-2__Fee-American","1","13","1","D","6","21","D Defaults","D Liability Signal: 3;P Files: 1;D Answers: 1","3,1,1","0.042970079500000001","false","999.18616299281621","999.18616299281621","1","Yes","0","998.95485449413354","0.23130849868266523","false"
"Specification-CenterWeightedContinuousMeritsModerateRiskAversion__Cost-2__Fee-American","1","13","1","D","6","21","D Defaults","D Liability Signal: 3;P Files: 1;D Answers: 1","3,1,1","0.042970079500000001","false","999.18616299281621","999.18616299281621","2","No","1","999.18616299281621","0","true"
"Specification-CenterWeightedContinuousMeritsModerateRiskAversion__Cost-2__Fee-American","1","14","1","D","8","15","D Offer","D Liability Signal: 3;P Files: 1;D Answers: 1;D Defaults: 1","3,1,1,1","0","true","","","1","0.05","0.10000000000000001","","",""
"Specification-CenterWeightedContinuousMeritsModerateRiskAversion__Cost-2__Fee-American","1","14","1","D","8","15","D Offer","D Liability Signal: 3;P Files: 1;D Answers: 1;D Defaults: 1","3,1,1,1","0","true","","","2","0.15","0.10000000000000001","","",""
"Specification-CenterWeightedContinuousMeritsModerateRiskAversion__Cost-2__Fee-American","1","14","1","D","8","15","D Offer","D Liability Signal: 3;P Files: 1;D Answers: 1;D Defaults: 1","3,1,1,1","0","true","","","3","0.25","0.10000000000000001","","",""
"Specification-CenterWeightedContinuousMeritsModerateRiskAversion__Cost-2__Fee-American","1","14","1","D","8","15","D Offer","D Liability Signal: 3;P Files: 1;D Answers: 1;D Defaults: 1","3,1,1,1","0","true","","","4","0.35","0.10000000000000001","","",""
"Specification-CenterWeightedContinuousMeritsModerateRiskAversion__Cost-2__Fee-American","1","14","1","D","8","15","D Offer","D Liability Signal: 3;P Files: 1;D Answers: 1;D Defaults: 1","3,1,1,1","0","true","","","5","0.45","0.10000000000000001","","",""
"Specification-CenterWeightedContinuousMeritsModerateRiskAversion__Cost-2__Fee-American","1","14","1","D","8","15","D Offer","D Liability Signal: 3;P Files: 1;D Answers: 1;D Defaults: 1","3,1,1,1","0","true","","","6","0.55","0.10000000000000001","","",""
"Specification-CenterWeightedContinuousMeritsModerateRiskAversion__Cost-2__Fee-American","1","14","1","D","8","15","D Offer","D Liability Signal: 3;P Files: 1;D Answers: 1;D Defaults: 1","3,1,1,1","0","true","","","7","0.65","0.10000000000000001","","",""
"Specification-CenterWeightedContinuousMeritsModerateRiskAversion__Cost-2__Fee-American","1","14","1","D","8","15","D Offer","D Liability Signal: 3;P Files: 1;D Answers: 1;D Defaults: 1","3,1,1,1","0","true","","","8","0.75","0.10000000000000001","","",""
"Specification-CenterWeightedContinuousMeritsModerateRiskAversion__Cost-2__Fee-American","1","14","1","D","8","15","D Offer","D Liability Signal: 3;P Files: 1;D Answers: 1;D Defaults: 1","3,1,1,1","0","true","","","9","0.85","0.10000000000000001","","",""
"Specification-CenterWeightedContinuousMeritsModerateRiskAversion__Cost-2__Fee-American","1","14","1","D","8","15","D Offer","D Liability Signal: 3;P Files: 1;D Answers: 1;D Defaults: 1","3,1,1,1","0","true","","","10","0.95","0.10000000000000001","","",""
"Specification-CenterWeightedContinuousMeritsModerateRiskAversion__Cost-2__Fee-American","1","15","1","D","8","15","D Offer","D Liability Signal: 3;P Files: 1;D Answers: 1;D Defaults: 2","3,1,1,2","0.042970079500000001","false","999.18616299281621","999.18616299281621","1","0.05","1","999.18616299281621","0","true"
"Specification-CenterWeightedContinuousMeritsModerateRiskAversion__Cost-2__Fee-American","1","15","1","D","8","15","D Offer","D Liability Signal: 3;P Files: 1;D Answers: 1;D Defaults: 2","3,1,1,2","0.042970079500000001","false","999.18616299281621","999.18616299281621","2","0.15","0","999.16264879929861","0.023514193517598869","false"
"Specification-CenterWeightedContinuousMeritsModerateRiskAversion__Cost-2__Fee-American","1","15","1","D","8","15","D Offer","D Liability Signal: 3;P Files: 1;D Answers: 1;D Defaults: 2","3,1,1,2","0.042970079500000001","false","999.18616299281621","999.18616299281621","3","0.25","0","999.1367004242577","0.049462568558510611","false"
"Specification-CenterWeightedContinuousMeritsModerateRiskAversion__Cost-2__Fee-American","1","15","1","D","8","15","D Offer","D Liability Signal: 3;P Files: 1;D Answers: 1;D Defaults: 2","3,1,1,2","0.042970079500000001","false","999.18616299281621","999.18616299281621","4","0.35","0","999.10800142409505","0.078161568721156982","false"
"Specification-CenterWeightedContinuousMeritsModerateRiskAversion__Cost-2__Fee-American","1","15","1","D","8","15","D Offer","D Liability Signal: 3;P Files: 1;D Answers: 1;D Defaults: 2","3,1,1,2","0.042970079500000001","false","999.18616299281621","999.18616299281621","5","0.45","0","999.07628403884291","0.10987895397329339","false"
"Specification-CenterWeightedContinuousMeritsModerateRiskAversion__Cost-2__Fee-American","1","15","1","D","8","15","D Offer","D Liability Signal: 3;P Files: 1;D Answers: 1;D Defaults: 2","3,1,1,2","0.042970079500000001","false","999.18616299281621","999.18616299281621","6","0.55","0","999.04123182490389","0.14493116791231841","false"
"Specification-CenterWeightedContinuousMeritsModerateRiskAversion__Cost-2__Fee-American","1","15","1","D","8","15","D Offer","D Liability Signal: 3;P Files: 1;D Answers: 1;D Defaults: 2","3,1,1,2","0.042970079500000001","false","999.18616299281621","999.18616299281621","7","0.65","0","999.00247965504877","0.18368333776743384","false"
"Specification-CenterWeightedContinuousMeritsModerateRiskAversion__Cost-2__Fee-American","1","15","1","D","8","15","D Offer","D Liability Signal: 3;P Files: 1;D Answers: 1;D Defaults: 2","3,1,1,2","0.042970079500000001","false","999.18616299281621","999.18616299281621","8","0.75","0","998.93069514391618","0.25546784890002527","false"
"Specification-CenterWeightedContinuousMeritsModerateRiskAversion__Cost-2__Fee-American","1","15","1","D","8","15","D Offer","D Liability Signal: 3;P Files: 1;D Answers: 1;D Defaults: 2","3,1,1,2","0.042970079500000001","false","999.18616299281621","999.18616299281621","9","0.85","0","998.93934293266545","0.24682006015075331","false"
"Specification-CenterWeightedContinuousMeritsModerateRiskAversion__Cost-2__Fee-American","1","15","1","D","8","15","D Offer","D Liability Signal: 3;P Files: 1;D Answers: 1;D Defaults: 2","3,1,1,2","0.042970079500000001","false","999.18616299281621","999.18616299281621","10","0.95","0","998.80814950005242","0.3780134927637846","false"
"Specification-CenterWeightedContinuousMeritsModerateRiskAversion__Cost-2__Fee-American","1","16","1","D","3","10","D Answers","D Liability Signal: 4;P Files: 1","4,1","0.061829725299999999","false","998.94840560849991","998.94840560849991","1","Yes","1","998.94840560849991","0","true"
"Specification-CenterWeightedContinuousMeritsModerateRiskAversion__Cost-2__Fee-American","1","16","1","D","3","10","D Answers","D Liability Signal: 4;P Files: 1","4,1","0.061829725299999999","false","998.94840560849991","998.94840560849991","2","No","0","998.80797296840012","0.14043264009978884","false"
"Specification-CenterWeightedContinuousMeritsModerateRiskAversion__Cost-2__Fee-American","1","17","1","D","6","21","D Defaults","D Liability Signal: 4;P Files: 1;D Answers: 1","4,1,1","0.061829725299999999","false","998.9484056084998","998.9484056084998","1","Yes","0.24921232912294353","998.9484056084998","0","true"
"Specification-CenterWeightedContinuousMeritsModerateRiskAversion__Cost-2__Fee-American","1","17","1","D","6","21","D Defaults","D Liability Signal: 4;P Files: 1;D Answers: 1","4,1,1","0.061829725299999999","false","998.9484056084998","998.9484056084998","2","No","0.75078767087705656","998.94840560849968","1.1368683772161603E-13","true"
"Specification-CenterWeightedContinuousMeritsModerateRiskAversion__Cost-2__Fee-American","1","18","1","D","8","15","D Offer","D Liability Signal: 4;P Files: 1;D Answers: 1;D Defaults: 1","4,1,1,1","0.01540872985104479","false","998.94840560849946","998.94840560849946","1","0.05","1","998.94840560849946","0","true"
"Specification-CenterWeightedContinuousMeritsModerateRiskAversion__Cost-2__Fee-American","1","18","1","D","8","15","D Offer","D Liability Signal: 4;P Files: 1;D Answers: 1;D Defaults: 1","4,1,1,1","0.01540872985104479","false","998.94840560849946","998.94840560849946","2","0.15","0","998.92735680093324","0.021048807566216965","false"
"Specification-CenterWeightedContinuousMeritsModerateRiskAversion__Cost-2__Fee-American","1","18","1","D","8","15","D Offer","D Liability Signal: 4;P Files: 1;D Answers: 1;D Defaults: 1","4,1,1,1","0.01540872985104479","false","998.94840560849946","998.94840560849946","3","0.25","0","998.9041290277803","0.0442765807191563","false"
"Specification-CenterWeightedContinuousMeritsModerateRiskAversion__Cost-2__Fee-American","1","18","1","D","8","15","D Offer","D Liability Signal: 4;P Files: 1;D Answers: 1;D Defaults: 1","4,1,1,1","0.01540872985104479","false","998.94840560849946","998.94840560849946","4","0.35","0","998.87843902351449","0.069966584984967994","false"
"Specification-CenterWeightedContinuousMeritsModerateRiskAversion__Cost-2__Fee-American","1","18","1","D","8","15","D Offer","D Liability Signal: 4;P Files: 1;D Answers: 1;D Defaults: 1","4,1,1,1","0.01540872985104479","false","998.94840560849946","998.94840560849946","5","0.45","0","998.8500471019214","0.098358506578051674","false"
"Specification-CenterWeightedContinuousMeritsModerateRiskAversion__Cost-2__Fee-American","1","18","1","D","8","15","D Offer","D Liability Signal: 4;P Files: 1;D Answers: 1;D Defaults: 1","4,1,1,1","0.01540872985104479","false","998.94840560849946","998.94840560849946","6","0.55","0","998.81866999747467","0.1297356110247847","false"
"Specification-CenterWeightedContinuousMeritsModerateRiskAversion__Cost-2__Fee-American","1","18","1","D","8","15","D Offer","D Liability Signal: 4;P Files: 1;D Answers: 1;D Defaults: 1","4,1,1,1","0.01540872985104479","false","998.94840560849946","998.94840560849946","7","0.65","0","998.78398086533628","0.16442474316318112","false"
"Specification-CenterWeightedContinuousMeritsModerateRiskAversion__Cost-2__Fee-American","1","18","1","D","8","15","D Offer","D Liability Signal: 4;P Files: 1;D Answers: 1;D Defaults: 1","4,1,1,1","0.01540872985104479","false","998.94840560849946","998.94840560849946","8","0.75","0","998.74309273187566","0.20531287662379327","false"
"Specification-CenterWeightedContinuousMeritsModerateRiskAversion__Cost-2__Fee-American","1","18","1","D","8","15","D Offer","D Liability Signal: 4;P Files: 1;D Answers: 1;D Defaults: 1","4,1,1,1","0.01540872985104479","false","998.94840560849946","998.94840560849946","9","0.85","0","998.87576441388069","0.072641194618768168","false"
"Specification-CenterWeightedContinuousMeritsModerateRiskAversion__Cost-2__Fee-American","1","18","1","D","8","15","D Offer","D Liability Signal: 4;P Files: 1;D Answers: 1;D Defaults: 1","4,1,1,1","0.01540872985104479","false","998.94840560849946","998.94840560849946","10","0.95","0","998.73788627003421","0.21051933846524662","false"
"Specification-CenterWeightedContinuousMeritsModerateRiskAversion__Cost-2__Fee-American","1","19","1","D","8","15","D Offer","D Liability Signal: 4;P Files: 1;D Answers: 1;D Defaults: 2","4,1,1,2","0.046420995448955227","false","998.94840560849934","998.94840560849934","1","0.05","1","998.94840560849934","0","true"
"Specification-CenterWeightedContinuousMeritsModerateRiskAversion__Cost-2__Fee-American","1","19","1","D","8","15","D Offer","D Liability Signal: 4;P Files: 1;D Answers: 1;D Defaults: 2","4,1,1,2","0.046420995448955227","false","998.94840560849934","998.94840560849934","2","0.15","0","998.92735680093301","0.021048807566330652","false"
"Specification-CenterWeightedContinuousMeritsModerateRiskAversion__Cost-2__Fee-American","1","19","1","D","8","15","D Offer","D Liability Signal: 4;P Files: 1;D Answers: 1;D Defaults: 2","4,1,1,2","0.046420995448955227","false","998.94840560849934","998.94840560849934","3","0.25","0","998.90412902778019","0.0442765807191563","false"
"Specification-CenterWeightedContinuousMeritsModerateRiskAversion__Cost-2__Fee-American","1","19","1","D","8","15","D Offer","D Liability Signal: 4;P Files: 1;D Answers: 1;D Defaults: 2","4,1,1,2","0.046420995448955227","false","998.94840560849934","998.94840560849934","4","0.35","0","998.87843902351449","0.069966584984854308","false"
"Specification-CenterWeightedContinuousMeritsModerateRiskAversion__Cost-2__Fee-American","1","19","1","D","8","15","D Offer","D Liability Signal: 4;P Files: 1;D Answers: 1;D Defaults: 2","4,1,1,2","0.046420995448955227","false","998.94840560849934","998.94840560849934","5","0.45","0","998.85004710192129","0.098358506578051674","false"
"Specification-CenterWeightedContinuousMeritsModerateRiskAversion__Cost-2__Fee-American","1","19","1","D","8","15","D Offer","D Liability Signal: 4;P Files: 1;D Answers: 1;D Defaults: 2","4,1,1,2","0.046420995448955227","false","998.94840560849934","998.94840560849934","6","0.55","0","998.81866999747456","0.1297356110247847","false"
"Specification-CenterWeightedContinuousMeritsModerateRiskAversion__Cost-2__Fee-American","1","19","1","D","8","15","D Offer","D Liability Signal: 4;P Files: 1;D Answers: 1;D Defaults: 2","4,1,1,2","0.046420995448955227","false","998.94840560849934","998.94840560849934","7","0.65","0","998.78398086533616","0.16442474316318112","false"
"Specification-CenterWeightedContinuousMeritsModerateRiskAversion__Cost-2__Fee-American","1","19","1","D","8","15","D Offer","D Liability Signal: 4;P Files: 1;D Answers: 1;D Defaults: 2","4,1,1,2","0.046420995448955227","false","998.94840560849934","998.94840560849934","8","0.75","0","998.71461572695262","0.23378988154672697","false"
"Specification-CenterWeightedContinuousMeritsModerateRiskAversion__Cost-2__Fee-American","1","19","1","D","8","15","D Offer","D Liability Signal: 4;P Files: 1;D Answers: 1;D Defaults: 2","4,1,1,2","0.046420995448955227","false","998.94840560849934","998.94840560849934","9","0.85","0","998.87576441388057","0.072641194618768168","false"
"Specification-CenterWeightedContinuousMeritsModerateRiskAversion__Cost-2__Fee-American","1","19","1","D","8","15","D Offer","D Liability Signal: 4;P Files: 1;D Answers: 1;D Defaults: 2","4,1,1,2","0.046420995448955227","false","998.94840560849934","998.94840560849934","10","0.95","0","998.73788627003398","0.21051933846536031","false"
"Specification-CenterWeightedContinuousMeritsModerateRiskAversion__Cost-2__Fee-American","1","20","1","D","3","10","D Answers","D Liability Signal: 5;P Files: 1","5,1","0.079907409499999998","false","998.80797296839989","998.80797296840001","1","Yes","0.30680838867730054","998.80797296840001","0","true"
"Specification-CenterWeightedContinuousMeritsModerateRiskAversion__Cost-2__Fee-American","1","20","1","D","3","10","D Answers","D Liability Signal: 5;P Files: 1","5,1","0.079907409499999998","false","998.80797296839989","998.80797296840001","2","No","0.69319161132269946","998.80797296840001","0","true"
"Specification-CenterWeightedContinuousMeritsModerateRiskAversion__Cost-2__Fee-American","1","21","1","D","6","21","D Defaults","D Liability Signal: 5;P Files: 1;D Answers: 1","5,1,1","0.024516263552072218","false","998.80797296839989","998.80797296839989","1","Yes","1","998.80797296839989","0","true"
"Specification-CenterWeightedContinuousMeritsModerateRiskAversion__Cost-2__Fee-American","1","21","1","D","6","21","D Defaults","D Liability Signal: 5;P Files: 1;D Answers: 1","5,1,1","0.024516263552072218","false","998.80797296839989","998.80797296839989","2","No","0","998.60851957966474","0.19945338873515084","false"
"Specification-CenterWeightedContinuousMeritsModerateRiskAversion__Cost-2__Fee-American","1","22","1","D","8","15","D Offer","D Liability Signal: 5;P Files: 1;D Answers: 1;D Defaults: 1","5,1,1,1","0.024516263552072218","false","998.80797296839989","998.80797296839989","1","0.05","1","998.80797296839989","0","true"
"Specification-CenterWeightedContinuousMeritsModerateRiskAversion__Cost-2__Fee-American","1","22","1","D","8","15","D Offer","D Liability Signal: 5;P Files: 1;D Answers: 1;D Defaults: 1","5,1,1,1","0.024516263552072218","false","998.80797296839989","998.80797296839989","2","0.15","0","998.78954847749355","0.018424490906340907","false"
"Specification-CenterWeightedContinuousMeritsModerateRiskAversion__Cost-2__Fee-American","1","22","1","D","8","15","D Offer","D Liability Signal: 5;P Files: 1;D Answers: 1;D Defaults: 1","5,1,1,1","0.024516263552072218","false","998.80797296839989","998.80797296839989","3","0.25","0","998.76921668939201","0.038756279007884586","false"
"Specification-CenterWeightedContinuousMeritsModerateRiskAversion__Cost-2__Fee-American","1","22","1","D","8","15","D Offer","D Liability Signal: 5;P Files: 1;D Answers: 1;D Defaults: 1","5,1,1,1","0.024516263552072218","false","998.80797296839989","998.80797296839989","4","0.35","0","998.7467296554596","0.061243312940291617","false"
"Specification-CenterWeightedContinuousMeritsModerateRiskAversion__Cost-2__Fee-American","1","22","1","D","8","15","D Offer","D Liability Signal: 5;P Files: 1;D Answers: 1;D Defaults: 1","5,1,1,1","0.024516263552072218","false","998.80797296839989","998.80797296839989","5","0.45","0","998.72187757300537","0.086095395394522711","false"
"Specification-CenterWeightedContinuousMeritsModerateRiskAversion__Cost-2__Fee-American","1","22","1","D","8","15","D Offer","D Liability Signal: 5;P Files: 1;D Answers: 1;D Defaults: 1","5,1,1,1","0.024516263552072218","false","998.80797296839989","998.80797296839989","6","0.55","0","998.69441249339343","0.11356047500646582","false"
"Specification-CenterWeightedContinuousMeritsModerateRiskAversion__Cost-2__Fee-American","1","22","1","D","8","15","D Offer","D Liability Signal: 5;P Files: 1;D Answers: 1;D Defaults: 1","5,1,1,1","0.024516263552072218","false","998.80797296839989","998.80797296839989","7","0.65","0","998.66404832204478","0.14392464635511715","false"
"Specification-CenterWeightedContinuousMeritsModerateRiskAversion__Cost-2__Fee-American","1","22","1","D","8","15","D Offer","D Liability Signal: 5;P Files: 1;D Answers: 1;D Defaults: 1","5,1,1,1","0.024516263552072218","false","998.80797296839989","998.80797296839989","8","0.75","0","998.62782013529761","0.18015283310228369","false"
"Specification-CenterWeightedContinuousMeritsModerateRiskAversion__Cost-2__Fee-American","1","22","1","D","8","15","D Offer","D Liability Signal: 5;P Files: 1;D Answers: 1;D Defaults: 1","5,1,1,1","0.024516263552072218","false","998.80797296839989","998.80797296839989","9","0.85","0","998.80797296839989","0","true"
"Specification-CenterWeightedContinuousMeritsModerateRiskAversion__Cost-2__Fee-American","1","22","1","D","8","15","D Offer","D Liability Signal: 5;P Files: 1;D Answers: 1;D Defaults: 1","5,1,1,1","0.024516263552072218","false","998.80797296839989","998.80797296839989","10","0.95","0","998.66296715762292","0.14500581077697916","false"
"Specification-CenterWeightedContinuousMeritsModerateRiskAversion__Cost-2__Fee-American","1","23","1","D","8","15","D Offer","D Liability Signal: 5;P Files: 1;D Answers: 1;D Defaults: 2","5,1,1,2","0","true","","","1","0.05","0.10000000000000001","","",""
"Specification-CenterWeightedContinuousMeritsModerateRiskAversion__Cost-2__Fee-American","1","23","1","D","8","15","D Offer","D Liability Signal: 5;P Files: 1;D Answers: 1;D Defaults: 2","5,1,1,2","0","true","","","2","0.15","0.10000000000000001","","",""
"Specification-CenterWeightedContinuousMeritsModerateRiskAversion__Cost-2__Fee-American","1","23","1","D","8","15","D Offer","D Liability Signal: 5;P Files: 1;D Answers: 1;D Defaults: 2","5,1,1,2","0","true","","","3","0.25","0.10000000000000001","","",""
"Specification-CenterWeightedContinuousMeritsModerateRiskAversion__Cost-2__Fee-American","1","23","1","D","8","15","D Offer","D Liability Signal: 5;P Files: 1;D Answers: 1;D Defaults: 2","5,1,1,2","0","true","","","4","0.35","0.10000000000000001","","",""
"Specification-CenterWeightedContinuousMeritsModerateRiskAversion__Cost-2__Fee-American","1","23","1","D","8","15","D Offer","D Liability Signal: 5;P Files: 1;D Answers: 1;D Defaults: 2","5,1,1,2","0","true","","","5","0.45","0.10000000000000001","","",""
"Specification-CenterWeightedContinuousMeritsModerateRiskAversion__Cost-2__Fee-American","1","23","1","D","8","15","D Offer","D Liability Signal: 5;P Files: 1;D Answers: 1;D Defaults: 2","5,1,1,2","0","true","","","6","0.55","0.10000000000000001","","",""
"Specification-CenterWeightedContinuousMeritsModerateRiskAversion__Cost-2__Fee-American","1","23","1","D","8","15","D Offer","D Liability Signal: 5;P Files: 1;D Answers: 1;D Defaults: 2","5,1,1,2","0","true","","","7","0.65","0.10000000000000001","","",""
"Specification-CenterWeightedContinuousMeritsModerateRiskAversion__Cost-2__Fee-American","1","23","1","D","8","15","D Offer","D Liability Signal: 5;P Files: 1;D Answers: 1;D Defaults: 2","5,1,1,2","0","true","","","8","0.75","0.10000000000000001","","",""
"Specification-CenterWeightedContinuousMeritsModerateRiskAversion__Cost-2__Fee-American","1","23","1","D","8","15","D Offer","D Liability Signal: 5;P Files: 1;D Answers: 1;D Defaults: 2","5,1,1,2","0","true","","","9","0.85","0.10000000000000001","","",""
"Specification-CenterWeightedContinuousMeritsModerateRiskAversion__Cost-2__Fee-American","1","23","1","D","8","15","D Offer","D Liability Signal: 5;P Files: 1;D Answers: 1;D Defaults: 2","5,1,1,2","0","true","","","10","0.95","0.10000000000000001","","",""
"Specification-CenterWeightedContinuousMeritsModerateRiskAversion__Cost-2__Fee-American","1","24","1","D","3","10","D Answers","D Liability Signal: 6;P Files: 1","6,1","0.092916224499999991","false","998.80797296840001","998.80797296840001","1","Yes","0","998.47554500497881","0.33242796342119618","false"
"Specification-CenterWeightedContinuousMeritsModerateRiskAversion__Cost-2__Fee-American","1","24","1","D","3","10","D Answers","D Liability Signal: 6;P Files: 1","6,1","0.092916224499999991","false","998.80797296840001","998.80797296840001","2","No","1","998.80797296840001","0","true"
"Specification-CenterWeightedContinuousMeritsModerateRiskAversion__Cost-2__Fee-American","1","25","1","D","6","21","D Defaults","D Liability Signal: 6;P Files: 1;D Answers: 1","6,1,1","0","true","","","1","Yes","0.5","","",""
"Specification-CenterWeightedContinuousMeritsModerateRiskAversion__Cost-2__Fee-American","1","25","1","D","6","21","D Defaults","D Liability Signal: 6;P Files: 1;D Answers: 1","6,1,1","0","true","","","2","No","0.5","","",""
"Specification-CenterWeightedContinuousMeritsModerateRiskAversion__Cost-2__Fee-American","1","26","1","D","8","15","D Offer","D Liability Signal: 6;P Files: 1;D Answers: 1;D Defaults: 1","6,1,1,1","0","true","","","1","0.05","0.10000000000000001","","",""
"Specification-CenterWeightedContinuousMeritsModerateRiskAversion__Cost-2__Fee-American","1","26","1","D","8","15","D Offer","D Liability Signal: 6;P Files: 1;D Answers: 1;D Defaults: 1","6,1,1,1","0","true","","","2","0.15","0.10000000000000001","","",""
"Specification-CenterWeightedContinuousMeritsModerateRiskAversion__Cost-2__Fee-American","1","26","1","D","8","15","D Offer","D Liability Signal: 6;P Files: 1;D Answers: 1;D Defaults: 1","6,1,1,1","0","true","","","3","0.25","0.10000000000000001","","",""
"Specification-CenterWeightedContinuousMeritsModerateRiskAversion__Cost-2__Fee-American","1","26","1","D","8","15","D Offer","D Liability Signal: 6;P Files: 1;D Answers: 1;D Defaults: 1","6,1,1,1","0","true","","","4","0.35","0.10000000000000001","","",""
"Specification-CenterWeightedContinuousMeritsModerateRiskAversion__Cost-2__Fee-American","1","26","1","D","8","15","D Offer","D Liability Signal: 6;P Files: 1;D Answers: 1;D Defaults: 1","6,1,1,1","0","true","","","5","0.45","0.10000000000000001","","",""
"Specification-CenterWeightedContinuousMeritsModerateRiskAversion__Cost-2__Fee-American","1","26","1","D","8","15","D Offer","D Liability Signal: 6;P Files: 1;D Answers: 1;D Defaults: 1","6,1,1,1","0","true","","","6","0.55","0.10000000000000001","","",""
"Specification-CenterWeightedContinuousMeritsModerateRiskAversion__Cost-2__Fee-American","1","26","1","D","8","15","D Offer","D Liability Signal: 6;P Files: 1;D Answers: 1;D Defaults: 1","6,1,1,1","0","true","","","7","0.65","0.10000000000000001","","",""
"Specification-CenterWeightedContinuousMeritsModerateRiskAversion__Cost-2__Fee-American","1","26","1","D","8","15","D Offer","D Liability Signal: 6;P Files: 1;D Answers: 1;D Defaults: 1","6,1,1,1","0","true","","","8","0.75","0.10000000000000001","","",""
"Specification-CenterWeightedContinuousMeritsModerateRiskAversion__Cost-2__Fee-American","1","26","1","D","8","15","D Offer","D Liability Signal: 6;P Files: 1;D Answers: 1;D Defaults: 1","6,1,1,1","0","true","","","9","0.85","0.10000000000000001","","",""
"Specification-CenterWeightedContinuousMeritsModerateRiskAversion__Cost-2__Fee-American","1","26","1","D","8","15","D Offer","D Liability Signal: 6;P Files: 1;D Answers: 1;D Defaults: 1","6,1,1,1","0","true","","","10","0.95","0.10000000000000001","","",""
"Specification-CenterWeightedContinuousMeritsModerateRiskAversion__Cost-2__Fee-American","1","27","1","D","8","15","D Offer","D Liability Signal: 6;P Files: 1;D Answers: 1;D Defaults: 2","6,1,1,2","0","true","","","1","0.05","0.10000000000000001","","",""
"Specification-CenterWeightedContinuousMeritsModerateRiskAversion__Cost-2__Fee-American","1","27","1","D","8","15","D Offer","D Liability Signal: 6;P Files: 1;D Answers: 1;D Defaults: 2","6,1,1,2","0","true","","","2","0.15","0.10000000000000001","","",""
"Specification-CenterWeightedContinuousMeritsModerateRiskAversion__Cost-2__Fee-American","1","27","1","D","8","15","D Offer","D Liability Signal: 6;P Files: 1;D Answers: 1;D Defaults: 2","6,1,1,2","0","true","","","3","0.25","0.10000000000000001","","",""
"Specification-CenterWeightedContinuousMeritsModerateRiskAversion__Cost-2__Fee-American","1","27","1","D","8","15","D Offer","D Liability Signal: 6;P Files: 1;D Answers: 1;D Defaults: 2","6,1,1,2","0","true","","","4","0.35","0.10000000000000001","","",""
"Specification-CenterWeightedContinuousMeritsModerateRiskAversion__Cost-2__Fee-American","1","27","1","D","8","15","D Offer","D Liability Signal: 6;P Files: 1;D Answers: 1;D Defaults: 2","6,1,1,2","0","true","","","5","0.45","0.10000000000000001","","",""
"Specification-CenterWeightedContinuousMeritsModerateRiskAversion__Cost-2__Fee-American","1","27","1","D","8","15","D Offer","D Liability Signal: 6;P Files: 1;D Answers: 1;D Defaults: 2","6,1,1,2","0","true","","","6","0.55","0.10000000000000001","","",""
"Specification-CenterWeightedContinuousMeritsModerateRiskAversion__Cost-2__Fee-American","1","27","1","D","8","15","D Offer","D Liability Signal: 6;P Files: 1;D Answers: 1;D Defaults: 2","6,1,1,2","0","true","","","7","0.65","0.10000000000000001","","",""
"Specification-CenterWeightedContinuousMeritsModerateRiskAversion__Cost-2__Fee-American","1","27","1","D","8","15","D Offer","D Liability Signal: 6;P Files: 1;D Answers: 1;D Defaults: 2","6,1,1,2","0","true","","","8","0.75","0.10000000000000001","","",""
"Specification-CenterWeightedContinuousMeritsModerateRiskAversion__Cost-2__Fee-American","1","27","1","D","8","15","D Offer","D Liability Signal: 6;P Files: 1;D Answers: 1;D Defaults: 2","6,1,1,2","0","true","","","9","0.85","0.10000000000000001","","",""
"Specification-CenterWeightedContinuousMeritsModerateRiskAversion__Cost-2__Fee-American","1","27","1","D","8","15","D Offer","D Liability Signal: 6;P Files: 1;D Answers: 1;D Defaults: 2","6,1,1,2","0","true","","","10","0.95","0.10000000000000001","","",""
"Specification-CenterWeightedContinuousMeritsModerateRiskAversion__Cost-2__Fee-American","1","28","1","D","3","10","D Answers","D Liability Signal: 7;P Files: 1","7,1","0.096976736499999994","false","998.80797296840012","998.80797296840012","1","Yes","0","998.27739915817199","0.53057381022813388","false"
"Specification-CenterWeightedContinuousMeritsModerateRiskAversion__Cost-2__Fee-American","1","28","1","D","3","10","D Answers","D Liability Signal: 7;P Files: 1","7,1","0.096976736499999994","false","998.80797296840012","998.80797296840012","2","No","1","998.80797296840012","0","true"
"Specification-CenterWeightedContinuousMeritsModerateRiskAversion__Cost-2__Fee-American","1","29","1","D","6","21","D Defaults","D Liability Signal: 7;P Files: 1;D Answers: 1","7,1,1","0","true","","","1","Yes","0.5","","",""
"Specification-CenterWeightedContinuousMeritsModerateRiskAversion__Cost-2__Fee-American","1","29","1","D","6","21","D Defaults","D Liability Signal: 7;P Files: 1;D Answers: 1","7,1,1","0","true","","","2","No","0.5","","",""
"Specification-CenterWeightedContinuousMeritsModerateRiskAversion__Cost-2__Fee-American","1","30","1","D","8","15","D Offer","D Liability Signal: 7;P Files: 1;D Answers: 1;D Defaults: 1","7,1,1,1","0","true","","","1","0.05","0.10000000000000001","","",""
"Specification-CenterWeightedContinuousMeritsModerateRiskAversion__Cost-2__Fee-American","1","30","1","D","8","15","D Offer","D Liability Signal: 7;P Files: 1;D Answers: 1;D Defaults: 1","7,1,1,1","0","true","","","2","0.15","0.10000000000000001","","",""
"Specification-CenterWeightedContinuousMeritsModerateRiskAversion__Cost-2__Fee-American","1","30","1","D","8","15","D Offer","D Liability Signal: 7;P Files: 1;D Answers: 1;D Defaults: 1","7,1,1,1","0","true","","","3","0.25","0.10000000000000001","","",""
"Specification-CenterWeightedContinuousMeritsModerateRiskAversion__Cost-2__Fee-American","1","30","1","D","8","15","D Offer","D Liability Signal: 7;P Files: 1;D Answers: 1;D Defaults: 1","7,1,1,1","0","true","","","4","0.35","0.10000000000000001","","",""
"Specification-CenterWeightedContinuousMeritsModerateRiskAversion__Cost-2__Fee-American","1","30","1","D","8","15","D Offer","D Liability Signal: 7;P Files: 1;D Answers: 1;D Defaults: 1","7,1,1,1","0","true","","","5","0.45","0.10000000000000001","","",""
"Specification-CenterWeightedContinuousMeritsModerateRiskAversion__Cost-2__Fee-American","1","30","1","D","8","15","D Offer","D Liability Signal: 7;P Files: 1;D Answers: 1;D Defaults: 1","7,1,1,1","0","true","","","6","0.55","0.10000000000000001","","",""
"Specification-CenterWeightedContinuousMeritsModerateRiskAversion__Cost-2__Fee-American","1","30","1","D","8","15","D Offer","D Liability Signal: 7;P Files: 1;D Answers: 1;D Defaults: 1","7,1,1,1","0","true","","","7","0.65","0.10000000000000001","","",""
"Specification-CenterWeightedContinuousMeritsModerateRiskAversion__Cost-2__Fee-American","1","30","1","D","8","15","D Offer","D Liability Signal: 7;P Files: 1;D Answers: 1;D Defaults: 1","7,1,1,1","0","true","","","8","0.75","0.10000000000000001","","",""
"Specification-CenterWeightedContinuousMeritsModerateRiskAversion__Cost-2__Fee-American","1","30","1","D","8","15","D Offer","D Liability Signal: 7;P Files: 1;D Answers: 1;D Defaults: 1","7,1,1,1","0","true","","","9","0.85","0.10000000000000001","","",""
"Specification-CenterWeightedContinuousMeritsModerateRiskAversion__Cost-2__Fee-American","1","30","1","D","8","15","D Offer","D Liability Signal: 7;P Files: 1;D Answers: 1;D Defaults: 1","7,1,1,1","0","true","","","10","0.95","0.10000000000000001","","",""
"Specification-CenterWeightedContinuousMeritsModerateRiskAversion__Cost-2__Fee-American","1","31","1","D","8","15","D Offer","D Liability Signal: 7;P Files: 1;D Answers: 1;D Defaults: 2","7,1,1,2","0","true","","","1","0.05","0.10000000000000001","","",""
"Specification-CenterWeightedContinuousMeritsModerateRiskAversion__Cost-2__Fee-American","1","31","1","D","8","15","D Offer","D Liability Signal: 7;P Files: 1;D Answers: 1;D Defaults: 2","7,1,1,2","0","true","","","2","0.15","0.10000000000000001","","",""
"Specification-CenterWeightedContinuousMeritsModerateRiskAversion__Cost-2__Fee-American","1","31","1","D","8","15","D Offer","D Liability Signal: 7;P Files: 1;D Answers: 1;D Defaults: 2","7,1,1,2","0","true","","","3","0.25","0.10000000000000001","","",""
"Specification-CenterWeightedContinuousMeritsModerateRiskAversion__Cost-2__Fee-American","1","31","1","D","8","15","D Offer","D Liability Signal: 7;P Files: 1;D Answers: 1;D Defaults: 2","7,1,1,2","0","true","","","4","0.35","0.10000000000000001","","",""
"Specification-CenterWeightedContinuousMeritsModerateRiskAversion__Cost-2__Fee-American","1","31","1","D","8","15","D Offer","D Liability Signal: 7;P Files: 1;D Answers: 1;D Defaults: 2","7,1,1,2","0","true","","","5","0.45","0.10000000000000001","","",""
"Specification-CenterWeightedContinuousMeritsModerateRiskAversion__Cost-2__Fee-American","1","31","1","D","8","15","D Offer","D Liability Signal: 7;P Files: 1;D Answers: 1;D Defaults: 2","7,1,1,2","0","true","","","6","0.55","0.10000000000000001","","",""
"Specification-CenterWeightedContinuousMeritsModerateRiskAversion__Cost-2__Fee-American","1","31","1","D","8","15","D Offer","D Liability Signal: 7;P Files: 1;D Answers: 1;D Defaults: 2","7,1,1,2","0","true","","","7","0.65","0.10000000000000001","","",""
"Specification-CenterWeightedContinuousMeritsModerateRiskAversion__Cost-2__Fee-American","1","31","1","D","8","15","D Offer","D Liability Signal: 7;P Files: 1;D Answers: 1;D Defaults: 2","7,1,1,2","0","true","","","8","0.75","0.10000000000000001","","",""
"Specification-CenterWeightedContinuousMeritsModerateRiskAversion__Cost-2__Fee-American","1","31","1","D","8","15","D Offer","D Liability Signal: 7;P Files: 1;D Answers: 1;D Defaults: 2","7,1,1,2","0","true","","","9","0.85","0.10000000000000001","","",""
"Specification-CenterWeightedContinuousMeritsModerateRiskAversion__Cost-2__Fee-American","1","31","1","D","8","15","D Offer","D Liability Signal: 7;P Files: 1;D Answers: 1;D Defaults: 2","7,1,1,2","0","true","","","10","0.95","0.10000000000000001","","",""
"Specification-CenterWeightedContinuousMeritsModerateRiskAversion__Cost-2__Fee-American","1","32","1","D","3","10","D Answers","D Liability Signal: 8;P Files: 1","8,1","0.090191781400000004","false","998.80797296839989","998.80797296839989","1","Yes","0","998.08813417184751","0.7198387965523807","false"
"Specification-CenterWeightedContinuousMeritsModerateRiskAversion__Cost-2__Fee-American","1","32","1","D","3","10","D Answers","D Liability Signal: 8;P Files: 1","8,1","0.090191781400000004","false","998.80797296839989","998.80797296839989","2","No","1","998.80797296839989","0","true"
"Specification-CenterWeightedContinuousMeritsModerateRiskAversion__Cost-2__Fee-American","1","33","1","D","6","21","D Defaults","D Liability Signal: 8;P Files: 1;D Answers: 1","8,1,1","0","true","","","1","Yes","0.5","","",""
"Specification-CenterWeightedContinuousMeritsModerateRiskAversion__Cost-2__Fee-American","1","33","1","D","6","21","D Defaults","D Liability Signal: 8;P Files: 1;D Answers: 1","8,1,1","0","true","","","2","No","0.5","","",""
"Specification-CenterWeightedContinuousMeritsModerateRiskAversion__Cost-2__Fee-American","1","34","1","D","8","15","D Offer","D Liability Signal: 8;P Files: 1;D Answers: 1;D Defaults: 1","8,1,1,1","0","true","","","1","0.05","0.10000000000000001","","",""
"Specification-CenterWeightedContinuousMeritsModerateRiskAversion__Cost-2__Fee-American","1","34","1","D","8","15","D Offer","D Liability Signal: 8;P Files: 1;D Answers: 1;D Defaults: 1","8,1,1,1","0","true","","","2","0.15","0.10000000000000001","","",""
"Specification-CenterWeightedContinuousMeritsModerateRiskAversion__Cost-2__Fee-American","1","34","1","D","8","15","D Offer","D Liability Signal: 8;P Files: 1;D Answers: 1;D Defaults: 1","8,1,1,1","0","true","","","3","0.25","0.10000000000000001","","",""
"Specification-CenterWeightedContinuousMeritsModerateRiskAversion__Cost-2__Fee-American","1","34","1","D","8","15","D Offer","D Liability Signal: 8;P Files: 1;D Answers: 1;D Defaults: 1","8,1,1,1","0","true","","","4","0.35","0.10000000000000001","","",""
"Specification-CenterWeightedContinuousMeritsModerateRiskAversion__Cost-2__Fee-American","1","34","1","D","8","15","D Offer","D Liability Signal: 8;P Files: 1;D Answers: 1;D Defaults: 1","8,1,1,1","0","true","","","5","0.45","0.10000000000000001","","",""
"Specification-CenterWeightedContinuousMeritsModerateRiskAversion__Cost-2__Fee-American","1","34","1","D","8","15","D Offer","D Liability Signal: 8;P Files: 1;D Answers: 1;D Defaults: 1","8,1,1,1","0","true","","","6","0.55","0.10000000000000001","","",""
"Specification-CenterWeightedContinuousMeritsModerateRiskAversion__Cost-2__Fee-American","1","34","1","D","8","15","D Offer","D Liability Signal: 8;P Files: 1;D Answers: 1;D Defaults: 1","8,1,1,1","0","true","","","7","0.65","0.10000000000000001","","",""
"Specification-CenterWeightedContinuousMeritsModerateRiskAversion__Cost-2__Fee-American","1","34","1","D","8","15","D Offer","D Liability Signal: 8;P Files: 1;D Answers: 1;D Defaults: 1","8,1,1,1","0","true","","","8","0.75","0.10000000000000001","","",""
"Specification-CenterWeightedContinuousMeritsModerateRiskAversion__Cost-2__Fee-American","1","34","1","D","8","15","D Offer","D Liability Signal: 8;P Files: 1;D Answers: 1;D Defaults: 1","8,1,1,1","0","true","","","9","0.85","0.10000000000000001","","",""
"Specification-CenterWeightedContinuousMeritsModerateRiskAversion__Cost-2__Fee-American","1","34","1","D","8","15","D Offer","D Liability Signal: 8;P Files: 1;D Answers: 1;D Defaults: 1","8,1,1,1","0","true","","","10","0.95","0.10000000000000001","","",""
"Specification-CenterWeightedContinuousMeritsModerateRiskAversion__Cost-2__Fee-American","1","35","1","D","8","15","D Offer","D Liability Signal: 8;P Files: 1;D Answers: 1;D Defaults: 2","8,1,1,2","0","true","","","1","0.05","0.10000000000000001","","",""
"Specification-CenterWeightedContinuousMeritsModerateRiskAversion__Cost-2__Fee-American","1","35","1","D","8","15","D Offer","D Liability Signal: 8;P Files: 1;D Answers: 1;D Defaults: 2","8,1,1,2","0","true","","","2","0.15","0.10000000000000001","","",""
"Specification-CenterWeightedContinuousMeritsModerateRiskAversion__Cost-2__Fee-American","1","35","1","D","8","15","D Offer","D Liability Signal: 8;P Files: 1;D Answers: 1;D Defaults: 2","8,1,1,2","0","true","","","3","0.25","0.10000000000000001","","",""
"Specification-CenterWeightedContinuousMeritsModerateRiskAversion__Cost-2__Fee-American","1","35","1","D","8","15","D Offer","D Liability Signal: 8;P Files: 1;D Answers: 1;D Defaults: 2","8,1,1,2","0","true","","","4","0.35","0.10000000000000001","","",""
"Specification-CenterWeightedContinuousMeritsModerateRiskAversion__Cost-2__Fee-American","1","35","1","D","8","15","D Offer","D Liability Signal: 8;P Files: 1;D Answers: 1;D Defaults: 2","8,1,1,2","0","true","","","5","0.45","0.10000000000000001","","",""
"Specification-CenterWeightedContinuousMeritsModerateRiskAversion__Cost-2__Fee-American","1","35","1","D","8","15","D Offer","D Liability Signal: 8;P Files: 1;D Answers: 1;D Defaults: 2","8,1,1,2","0","true","","","6","0.55","0.10000000000000001","","",""
"Specification-CenterWeightedContinuousMeritsModerateRiskAversion__Cost-2__Fee-American","1","35","1","D","8","15","D Offer","D Liability Signal: 8;P Files: 1;D Answers: 1;D Defaults: 2","8,1,1,2","0","true","","","7","0.65","0.10000000000000001","","",""
"Specification-CenterWeightedContinuousMeritsModerateRiskAversion__Cost-2__Fee-American","1","35","1","D","8","15","D Offer","D Liability Signal: 8;P Files: 1;D Answers: 1;D Defaults: 2","8,1,1,2","0","true","","","8","0.75","0.10000000000000001","","",""
"Specification-CenterWeightedContinuousMeritsModerateRiskAversion__Cost-2__Fee-American","1","35","1","D","8","15","D Offer","D Liability Signal: 8;P Files: 1;D Answers: 1;D Defaults: 2","8,1,1,2","0","true","","","9","0.85","0.10000000000000001","","",""
"Specification-CenterWeightedContinuousMeritsModerateRiskAversion__Cost-2__Fee-American","1","35","1","D","8","15","D Offer","D Liability Signal: 8;P Files: 1;D Answers: 1;D Defaults: 2","8,1,1,2","0","true","","","10","0.95","0.10000000000000001","","",""
"Specification-CenterWeightedContinuousMeritsModerateRiskAversion__Cost-2__Fee-American","1","36","1","D","3","10","D Answers","D Liability Signal: 9;P Files: 1","9,1","0.073871625800000007","false","998.80797296839978","998.80797296839978","1","Yes","0","997.91909051982145","0.88888244857832888","false"
"Specification-CenterWeightedContinuousMeritsModerateRiskAversion__Cost-2__Fee-American","1","36","1","D","3","10","D Answers","D Liability Signal: 9;P Files: 1","9,1","0.073871625800000007","false","998.80797296839978","998.80797296839978","2","No","1","998.80797296839978","0","true"
"Specification-CenterWeightedContinuousMeritsModerateRiskAversion__Cost-2__Fee-American","1","37","1","D","6","21","D Defaults","D Liability Signal: 9;P Files: 1;D Answers: 1","9,1,1","0","true","","","1","Yes","0.5","","",""
"Specification-CenterWeightedContinuousMeritsModerateRiskAversion__Cost-2__Fee-American","1","37","1","D","6","21","D Defaults","D Liability Signal: 9;P Files: 1;D Answers: 1","9,1,1","0","true","","","2","No","0.5","","",""
"Specification-CenterWeightedContinuousMeritsModerateRiskAversion__Cost-2__Fee-American","1","38","1","D","8","15","D Offer","D Liability Signal: 9;P Files: 1;D Answers: 1;D Defaults: 1","9,1,1,1","0","true","","","1","0.05","0.10000000000000001","","",""
"Specification-CenterWeightedContinuousMeritsModerateRiskAversion__Cost-2__Fee-American","1","38","1","D","8","15","D Offer","D Liability Signal: 9;P Files: 1;D Answers: 1;D Defaults: 1","9,1,1,1","0","true","","","2","0.15","0.10000000000000001","","",""
"Specification-CenterWeightedContinuousMeritsModerateRiskAversion__Cost-2__Fee-American","1","38","1","D","8","15","D Offer","D Liability Signal: 9;P Files: 1;D Answers: 1;D Defaults: 1","9,1,1,1","0","true","","","3","0.25","0.10000000000000001","","",""
"Specification-CenterWeightedContinuousMeritsModerateRiskAversion__Cost-2__Fee-American","1","38","1","D","8","15","D Offer","D Liability Signal: 9;P Files: 1;D Answers: 1;D Defaults: 1","9,1,1,1","0","true","","","4","0.35","0.10000000000000001","","",""
"Specification-CenterWeightedContinuousMeritsModerateRiskAversion__Cost-2__Fee-American","1","38","1","D","8","15","D Offer","D Liability Signal: 9;P Files: 1;D Answers: 1;D Defaults: 1","9,1,1,1","0","true","","","5","0.45","0.10000000000000001","","",""
"Specification-CenterWeightedContinuousMeritsModerateRiskAversion__Cost-2__Fee-American","1","38","1","D","8","15","D Offer","D Liability Signal: 9;P Files: 1;D Answers: 1;D Defaults: 1","9,1,1,1","0","true","","","6","0.55","0.10000000000000001","","",""
"Specification-CenterWeightedContinuousMeritsModerateRiskAversion__Cost-2__Fee-American","1","38","1","D","8","15","D Offer","D Liability Signal: 9;P Files: 1;D Answers: 1;D Defaults: 1","9,1,1,1","0","true","","","7","0.65","0.10000000000000001","","",""
"Specification-CenterWeightedContinuousMeritsModerateRiskAversion__Cost-2__Fee-American","1","38","1","D","8","15","D Offer","D Liability Signal: 9;P Files: 1;D Answers: 1;D Defaults: 1","9,1,1,1","0","true","","","8","0.75","0.10000000000000001","","",""
"Specification-CenterWeightedContinuousMeritsModerateRiskAversion__Cost-2__Fee-American","1","38","1","D","8","15","D Offer","D Liability Signal: 9;P Files: 1;D Answers: 1;D Defaults: 1","9,1,1,1","0","true","","","9","0.85","0.10000000000000001","","",""
"Specification-CenterWeightedContinuousMeritsModerateRiskAversion__Cost-2__Fee-American","1","38","1","D","8","15","D Offer","D Liability Signal: 9;P Files: 1;D Answers: 1;D Defaults: 1","9,1,1,1","0","true","","","10","0.95","0.10000000000000001","","",""
"Specification-CenterWeightedContinuousMeritsModerateRiskAversion__Cost-2__Fee-American","1","39","1","D","8","15","D Offer","D Liability Signal: 9;P Files: 1;D Answers: 1;D Defaults: 2","9,1,1,2","0","true","","","1","0.05","0.10000000000000001","","",""
"Specification-CenterWeightedContinuousMeritsModerateRiskAversion__Cost-2__Fee-American","1","39","1","D","8","15","D Offer","D Liability Signal: 9;P Files: 1;D Answers: 1;D Defaults: 2","9,1,1,2","0","true","","","2","0.15","0.10000000000000001","","",""
"Specification-CenterWeightedContinuousMeritsModerateRiskAversion__Cost-2__Fee-American","1","39","1","D","8","15","D Offer","D Liability Signal: 9;P Files: 1;D Answers: 1;D Defaults: 2","9,1,1,2","0","true","","","3","0.25","0.10000000000000001","","",""
"Specification-CenterWeightedContinuousMeritsModerateRiskAversion__Cost-2__Fee-American","1","39","1","D","8","15","D Offer","D Liability Signal: 9;P Files: 1;D Answers: 1;D Defaults: 2","9,1,1,2","0","true","","","4","0.35","0.10000000000000001","","",""
"Specification-CenterWeightedContinuousMeritsModerateRiskAversion__Cost-2__Fee-American","1","39","1","D","8","15","D Offer","D Liability Signal: 9;P Files: 1;D Answers: 1;D Defaults: 2","9,1,1,2","0","true","","","5","0.45","0.10000000000000001","","",""
"Specification-CenterWeightedContinuousMeritsModerateRiskAversion__Cost-2__Fee-American","1","39","1","D","8","15","D Offer","D Liability Signal: 9;P Files: 1;D Answers: 1;D Defaults: 2","9,1,1,2","0","true","","","6","0.55","0.10000000000000001","","",""
"Specification-CenterWeightedContinuousMeritsModerateRiskAversion__Cost-2__Fee-American","1","39","1","D","8","15","D Offer","D Liability Signal: 9;P Files: 1;D Answers: 1;D Defaults: 2","9,1,1,2","0","true","","","7","0.65","0.10000000000000001","","",""
"Specification-CenterWeightedContinuousMeritsModerateRiskAversion__Cost-2__Fee-American","1","39","1","D","8","15","D Offer","D Liability Signal: 9;P Files: 1;D Answers: 1;D Defaults: 2","9,1,1,2","0","true","","","8","0.75","0.10000000000000001","","",""
"Specification-CenterWeightedContinuousMeritsModerateRiskAversion__Cost-2__Fee-American","1","39","1","D","8","15","D Offer","D Liability Signal: 9;P Files: 1;D Answers: 1;D Defaults: 2","9,1,1,2","0","true","","","9","0.85","0.10000000000000001","","",""
"Specification-CenterWeightedContinuousMeritsModerateRiskAversion__Cost-2__Fee-American","1","39","1","D","8","15","D Offer","D Liability Signal: 9;P Files: 1;D Answers: 1;D Defaults: 2","9,1,1,2","0","true","","","10","0.95","0.10000000000000001","","",""
"Specification-CenterWeightedContinuousMeritsModerateRiskAversion__Cost-2__Fee-American","1","40","1","D","3","10","D Answers","D Liability Signal: 10;P Files: 1","10,1","0.052503688800000003","false","998.80797296839989","998.80797296839989","1","Yes","0","997.77667438007018","1.0312985883297188","false"
"Specification-CenterWeightedContinuousMeritsModerateRiskAversion__Cost-2__Fee-American","1","40","1","D","3","10","D Answers","D Liability Signal: 10;P Files: 1","10,1","0.052503688800000003","false","998.80797296839989","998.80797296839989","2","No","1","998.80797296839989","0","true"
"Specification-CenterWeightedContinuousMeritsModerateRiskAversion__Cost-2__Fee-American","1","41","1","D","6","21","D Defaults","D Liability Signal: 10;P Files: 1;D Answers: 1","10,1,1","0","true","","","1","Yes","0.5","","",""
"Specification-CenterWeightedContinuousMeritsModerateRiskAversion__Cost-2__Fee-American","1","41","1","D","6","21","D Defaults","D Liability Signal: 10;P Files: 1;D Answers: 1","10,1,1","0","true","","","2","No","0.5","","",""
"Specification-CenterWeightedContinuousMeritsModerateRiskAversion__Cost-2__Fee-American","1","42","1","D","8","15","D Offer","D Liability Signal: 10;P Files: 1;D Answers: 1;D Defaults: 1","10,1,1,1","0","true","","","1","0.05","0.10000000000000001","","",""
"Specification-CenterWeightedContinuousMeritsModerateRiskAversion__Cost-2__Fee-American","1","42","1","D","8","15","D Offer","D Liability Signal: 10;P Files: 1;D Answers: 1;D Defaults: 1","10,1,1,1","0","true","","","2","0.15","0.10000000000000001","","",""
"Specification-CenterWeightedContinuousMeritsModerateRiskAversion__Cost-2__Fee-American","1","42","1","D","8","15","D Offer","D Liability Signal: 10;P Files: 1;D Answers: 1;D Defaults: 1","10,1,1,1","0","true","","","3","0.25","0.10000000000000001","","",""
"Specification-CenterWeightedContinuousMeritsModerateRiskAversion__Cost-2__Fee-American","1","42","1","D","8","15","D Offer","D Liability Signal: 10;P Files: 1;D Answers: 1;D Defaults: 1","10,1,1,1","0","true","","","4","0.35","0.10000000000000001","","",""
"Specification-CenterWeightedContinuousMeritsModerateRiskAversion__Cost-2__Fee-American","1","42","1","D","8","15","D Offer","D Liability Signal: 10;P Files: 1;D Answers: 1;D Defaults: 1","10,1,1,1","0","true","","","5","0.45","0.10000000000000001","","",""
"Specification-CenterWeightedContinuousMeritsModerateRiskAversion__Cost-2__Fee-American","1","42","1","D","8","15","D Offer","D Liability Signal: 10;P Files: 1;D Answers: 1;D Defaults: 1","10,1,1,1","0","true","","","6","0.55","0.10000000000000001","","",""
"Specification-CenterWeightedContinuousMeritsModerateRiskAversion__Cost-2__Fee-American","1","42","1","D","8","15","D Offer","D Liability Signal: 10;P Files: 1;D Answers: 1;D Defaults: 1","10,1,1,1","0","true","","","7","0.65","0.10000000000000001","","",""
"Specification-CenterWeightedContinuousMeritsModerateRiskAversion__Cost-2__Fee-American","1","42","1","D","8","15","D Offer","D Liability Signal: 10;P Files: 1;D Answers: 1;D Defaults: 1","10,1,1,1","0","true","","","8","0.75","0.10000000000000001","","",""
"Specification-CenterWeightedContinuousMeritsModerateRiskAversion__Cost-2__Fee-American","1","42","1","D","8","15","D Offer","D Liability Signal: 10;P Files: 1;D Answers: 1;D Defaults: 1","10,1,1,1","0","true","","","9","0.85","0.10000000000000001","","",""
"Specification-CenterWeightedContinuousMeritsModerateRiskAversion__Cost-2__Fee-American","1","42","1","D","8","15","D Offer","D Liability Signal: 10;P Files: 1;D Answers: 1;D Defaults: 1","10,1,1,1","0","true","","","10","0.95","0.10000000000000001","","",""
"Specification-CenterWeightedContinuousMeritsModerateRiskAversion__Cost-2__Fee-American","1","43","1","D","8","15","D Offer","D Liability Signal: 10;P Files: 1;D Answers: 1;D Defaults: 2","10,1,1,2","0","true","","","1","0.05","0.10000000000000001","","",""
"Specification-CenterWeightedContinuousMeritsModerateRiskAversion__Cost-2__Fee-American","1","43","1","D","8","15","D Offer","D Liability Signal: 10;P Files: 1;D Answers: 1;D Defaults: 2","10,1,1,2","0","true","","","2","0.15","0.10000000000000001","","",""
"Specification-CenterWeightedContinuousMeritsModerateRiskAversion__Cost-2__Fee-American","1","43","1","D","8","15","D Offer","D Liability Signal: 10;P Files: 1;D Answers: 1;D Defaults: 2","10,1,1,2","0","true","","","3","0.25","0.10000000000000001","","",""
"Specification-CenterWeightedContinuousMeritsModerateRiskAversion__Cost-2__Fee-American","1","43","1","D","8","15","D Offer","D Liability Signal: 10;P Files: 1;D Answers: 1;D Defaults: 2","10,1,1,2","0","true","","","4","0.35","0.10000000000000001","","",""
"Specification-CenterWeightedContinuousMeritsModerateRiskAversion__Cost-2__Fee-American","1","43","1","D","8","15","D Offer","D Liability Signal: 10;P Files: 1;D Answers: 1;D Defaults: 2","10,1,1,2","0","true","","","5","0.45","0.10000000000000001","","",""
"Specification-CenterWeightedContinuousMeritsModerateRiskAversion__Cost-2__Fee-American","1","43","1","D","8","15","D Offer","D Liability Signal: 10;P Files: 1;D Answers: 1;D Defaults: 2","10,1,1,2","0","true","","","6","0.55","0.10000000000000001","","",""
"Specification-CenterWeightedContinuousMeritsModerateRiskAversion__Cost-2__Fee-American","1","43","1","D","8","15","D Offer","D Liability Signal: 10;P Files: 1;D Answers: 1;D Defaults: 2","10,1,1,2","0","true","","","7","0.65","0.10000000000000001","","",""
"Specification-CenterWeightedContinuousMeritsModerateRiskAversion__Cost-2__Fee-American","1","43","1","D","8","15","D Offer","D Liability Signal: 10;P Files: 1;D Answers: 1;D Defaults: 2","10,1,1,2","0","true","","","8","0.75","0.10000000000000001","","",""
"Specification-CenterWeightedContinuousMeritsModerateRiskAversion__Cost-2__Fee-American","1","43","1","D","8","15","D Offer","D Liability Signal: 10;P Files: 1;D Answers: 1;D Defaults: 2","10,1,1,2","0","true","","","9","0.85","0.10000000000000001","","",""
"Specification-CenterWeightedContinuousMeritsModerateRiskAversion__Cost-2__Fee-American","1","43","1","D","8","15","D Offer","D Liability Signal: 10;P Files: 1;D Answers: 1;D Defaults: 2","10,1,1,2","0","true","","","10","0.95","0.10000000000000001","","",""
