"OptionSetName","Equilibrium Number","Information Set Number","Player Index","Player","Decision Index","Decision Code","Decision","Information Set Labels","Information Set Contents","Equilibrium Reach Probability","Off Path","Conditional Information-Set Utility","Best Action Utility","Action","Action Label","Equilibrium Action Probability","Conditional Action Utility","Utility Loss from Best Action","Is Best Action"
"Specification-Baseline__Cost-2__Fee-British__ExitFees-AllUnilateralExits","1","0","0","P","2","9","P Files","P Liability Signal: 1","1","0.080450000000000008","false","9.999992839299999","9.999992839299999","1","Yes","0","9.376755190512915","0.6232376487870841","false"
"Specification-Baseline__Cost-2__Fee-British__ExitFees-AllUnilateralExits","1","0","0","P","2","9","P Files","P Liability Signal: 1","1","0.080450000000000008","false","9.999992839299999","9.999992839299999","2","No","1","9.999992839299999","0","true"
"Specification-Baseline__Cost-2__Fee-British__ExitFees-AllUnilateralExits","1","2","0","P","5","20","P Abandons","P Liability Signal: 1;P Files: 1;D Answers: 1","1,1,1","0","true","","","1","Yes","0.5","","",""
"Specification-Baseline__Cost-2__Fee-British__ExitFees-AllUnilateralExits","1","2","0","P","5","20","P Abandons","P Liability Signal: 1;P Files: 1;D Answers: 1","1,1,1","0","true","","","2","No","0.5","","",""
"Specification-Baseline__Cost-2__Fee-British__ExitFees-AllUnilateralExits","1","4","0","P","7","14","P Offer","P Liability Signal: 1;P Files: 1;D Answers: 1;P Abandons: 1","1,1,1,1","0","true","","","1","0.05","0.099999999999999964","","",""
"Specification-Baseline__Cost-2__Fee-British__ExitFees-AllUnilateralExits","1","4","0","P","7","14","P Offer","P Liability Signal: 1;P Files: 1;D Answers: 1;P Abandons: 1","1,1,1,1","0","true","","","2","0.15","0.099999999999999964","","",""
"Specification-Baseline__Cost-2__Fee-British__ExitFees-AllUnilateralExits","1","4","0","P","7","14","P Offer","P Liability Signal: 1;P Files: 1;D Answers: 1;P Abandons: 1","1,1,1,1","0","true","","","3","0.25","0.099999999999999964","","",""
"Specification-Baseline__Cost-2__Fee-British__ExitFees-AllUnilateralExits","1","4","0","P","7","14","P Offer","P Liability Signal: 1;P Files: 1;D Answers: 1;P Abandons: 1","1,1,1,1","0","true","","","4","0.35","0.099999999999999964","","",""
"Specification-Baseline__Cost-2__Fee-British__ExitFees-AllUnilateralExits","1","4","0","P","7","14","P Offer","P Liability Signal: 1;P Files: 1;D Answers: 1;P Abandons: 1","1,1,1,1","0","true","","","5","0.45","0.099999999999999964","","",""
"Specification-Baseline__Cost-2__Fee-British__ExitFees-AllUnilateralExits","1","4","0","P","7","14","P Offer","P Liability Signal: 1;P Files: 1;D Answers: 1;P Abandons: 1","1,1,1,1","0","true","","","6","0.55","0.099999999999999964","","",""
"Specification-Baseline__Cost-2__Fee-British__ExitFees-AllUnilateralExits","1","4","0","P","7","14","P Offer","P Liability Signal: 1;P Files: 1;D Answers: 1;P Abandons: 1","1,1,1,1","0","true","","","7","0.65","0.099999999999999964","","",""
"Specification-Baseline__Cost-2__Fee-British__ExitFees-AllUnilateralExits","1","4","0","P","7","14","P Offer","P Liability Signal: 1;P Files: 1;D Answers: 1;P Abandons: 1","1,1,1,1","0","true","","","8","0.75","0.099999999999999964","","",""
"Specification-Baseline__Cost-2__Fee-British__ExitFees-AllUnilateralExits","1","4","0","P","7","14","P Offer","P Liability Signal: 1;P Files: 1;D Answers: 1;P Abandons: 1","1,1,1,1","0","true","","","9","0.85","0.099999999999999964","","",""
"Specification-Baseline__Cost-2__Fee-British__ExitFees-AllUnilateralExits","1","4","0","P","7","14","P Offer","P Liability Signal: 1;P Files: 1;D Answers: 1;P Abandons: 1","1,1,1,1","0","true","","","10","0.95","0.099999999999999964","","",""
"Specification-Baseline__Cost-2__Fee-British__ExitFees-AllUnilateralExits","1","7","0","P","7","14","P Offer","P Liability Signal: 1;P Files: 1;D Answers: 1;P Abandons: 2","1,1,1,2","0","true","","","1","0.05","0.099999999999999964","","",""
"Specification-Baseline__Cost-2__Fee-British__ExitFees-AllUnilateralExits","1","7","0","P","7","14","P Offer","P Liability Signal: 1;P Files: 1;D Answers: 1;P Abandons: 2","1,1,1,2","0","true","","","2","0.15","0.099999999999999964","","",""
"Specification-Baseline__Cost-2__Fee-British__ExitFees-AllUnilateralExits","1","7","0","P","7","14","P Offer","P Liability Signal: 1;P Files: 1;D Answers: 1;P Abandons: 2","1,1,1,2","0","true","","","3","0.25","0.099999999999999964","","",""
"Specification-Baseline__Cost-2__Fee-British__ExitFees-AllUnilateralExits","1","7","0","P","7","14","P Offer","P Liability Signal: 1;P Files: 1;D Answers: 1;P Abandons: 2","1,1,1,2","0","true","","","4","0.35","0.099999999999999964","","",""
"Specification-Baseline__Cost-2__Fee-British__ExitFees-AllUnilateralExits","1","7","0","P","7","14","P Offer","P Liability Signal: 1;P Files: 1;D Answers: 1;P Abandons: 2","1,1,1,2","0","true","","","5","0.45","0.099999999999999964","","",""
"Specification-Baseline__Cost-2__Fee-British__ExitFees-AllUnilateralExits","1","7","0","P","7","14","P Offer","P Liability Signal: 1;P Files: 1;D Answers: 1;P Abandons: 2","1,1,1,2","0","true","","","6","0.55","0.099999999999999964","","",""
"Specification-Baseline__Cost-2__Fee-British__ExitFees-AllUnilateralExits","1","7","0","P","7","14","P Offer","P Liability Signal: 1;P Files: 1;D Answers: 1;P Abandons: 2","1,1,1,2","0","true","","","7","0.65","0.099999999999999964","","",""
"Specification-Baseline__Cost-2__Fee-British__ExitFees-AllUnilateralExits","1","7","0","P","7","14","P Offer","P Liability Signal: 1;P Files: 1;D Answers: 1;P Abandons: 2","1,1,1,2","0","true","","","8","0.75","0.099999999999999964","","",""
"Specification-Baseline__Cost-2__Fee-British__ExitFees-AllUnilateralExits","1","7","0","P","7","14","P Offer","P Liability Signal: 1;P Files: 1;D Answers: 1;P Abandons: 2","1,1,1,2","0","true","","","9","0.85","0.099999999999999964","","",""
"Specification-Baseline__Cost-2__Fee-British__ExitFees-AllUnilateralExits","1","7","0","P","7","14","P Offer","P Liability Signal: 1;P Files: 1;D Answers: 1;P Abandons: 2","1,1,1,2","0","true","","","10","0.95","0.099999999999999964","","",""
"Specification-Baseline__Cost-2__Fee-British__ExitFees-AllUnilateralExits","1","44","0","P","2","9","P Files","P Liability Signal: 2","2","0.097680000000000017","false","9.9999928392999973","9.9999928392999973","1","Yes","0","9.4559825836154943","0.54401025568450301","false"
"Specification-Baseline__Cost-2__Fee-British__ExitFees-AllUnilateralExits","1","44","0","P","2","9","P Files","P Liability Signal: 2","2","0.097680000000000017","false","9.9999928392999973","9.9999928392999973","2","No","1","9.9999928392999973","0","true"
"Specification-Baseline__Cost-2__Fee-British__ExitFees-AllUnilateralExits","1","45","0","P","5","20","P Abandons","P Liability Signal: 2;P Files: 1;D Answers: 1","2,1,1","0","true","","","1","Yes","0.5","","",""
"Specification-Baseline__Cost-2__Fee-British__ExitFees-AllUnilateralExits","1","45","0","P","5","20","P Abandons","P Liability Signal: 2;P Files: 1;D Answers: 1","2,1,1","0","true","","","2","No","0.5","","",""
"Specification-Baseline__Cost-2__Fee-British__ExitFees-AllUnilateralExits","1","46","0","P","7","14","P Offer","P Liability Signal: 2;P Files: 1;D Answers: 1;P Abandons: 1","2,1,1,1","0","true","","","1","0.05","0.099999999999999964","","",""
"Specification-Baseline__Cost-2__Fee-British__ExitFees-AllUnilateralExits","1","46","0","P","7","14","P Offer","P Liability Signal: 2;P Files: 1;D Answers: 1;P Abandons: 1","2,1,1,1","0","true","","","2","0.15","0.099999999999999964","","",""
"Specification-Baseline__Cost-2__Fee-British__ExitFees-AllUnilateralExits","1","46","0","P","7","14","P Offer","P Liability Signal: 2;P Files: 1;D Answers: 1;P Abandons: 1","2,1,1,1","0","true","","","3","0.25","0.099999999999999964","","",""
"Specification-Baseline__Cost-2__Fee-British__ExitFees-AllUnilateralExits","1","46","0","P","7","14","P Offer","P Liability Signal: 2;P Files: 1;D Answers: 1;P Abandons: 1","2,1,1,1","0","true","","","4","0.35","0.099999999999999964","","",""
"Specification-Baseline__Cost-2__Fee-British__ExitFees-AllUnilateralExits","1","46","0","P","7","14","P Offer","P Liability Signal: 2;P Files: 1;D Answers: 1;P Abandons: 1","2,1,1,1","0","true","","","5","0.45","0.099999999999999964","","",""
"Specification-Baseline__Cost-2__Fee-British__ExitFees-AllUnilateralExits","1","46","0","P","7","14","P Offer","P Liability Signal: 2;P Files: 1;D Answers: 1;P Abandons: 1","2,1,1,1","0","true","","","6","0.55","0.099999999999999964","","",""
"Specification-Baseline__Cost-2__Fee-British__ExitFees-AllUnilateralExits","1","46","0","P","7","14","P Offer","P Liability Signal: 2;P Files: 1;D Answers: 1;P Abandons: 1","2,1,1,1","0","true","","","7","0.65","0.099999999999999964","","",""
"Specification-Baseline__Cost-2__Fee-British__ExitFees-AllUnilateralExits","1","46","0","P","7","14","P Offer","P Liability Signal: 2;P Files: 1;D Answers: 1;P Abandons: 1","2,1,1,1","0","true","","","8","0.75","0.099999999999999964","","",""
"Specification-Baseline__Cost-2__Fee-British__ExitFees-AllUnilateralExits","1","46","0","P","7","14","P Offer","P Liability Signal: 2;P Files: 1;D Answers: 1;P Abandons: 1","2,1,1,1","0","true","","","9","0.85","0.099999999999999964","","",""
"Specification-Baseline__Cost-2__Fee-British__ExitFees-AllUnilateralExits","1","46","0","P","7","14","P Offer","P Liability Signal: 2;P Files: 1;D Answers: 1;P Abandons: 1","2,1,1,1","0","true","","","10","0.95","0.099999999999999964","","",""
"Specification-Baseline__Cost-2__Fee-British__ExitFees-AllUnilateralExits","1","47","0","P","7","14","P Offer","P Liability Signal: 2;P Files: 1;D Answers: 1;P Abandons: 2","2,1,1,2","0","true","","","1","0.05","0.099999999999999964","","",""
"Specification-Baseline__Cost-2__Fee-British__ExitFees-AllUnilateralExits","1","47","0","P","7","14","P Offer","P Liability Signal: 2;P Files: 1;D Answers: 1;P Abandons: 2","2,1,1,2","0","true","","","2","0.15","0.099999999999999964","","",""
"Specification-Baseline__Cost-2__Fee-British__ExitFees-AllUnilateralExits","1","47","0","P","7","14","P Offer","P Liability Signal: 2;P Files: 1;D Answers: 1;P Abandons: 2","2,1,1,2","0","true","","","3","0.25","0.099999999999999964","","",""
"Specification-Baseline__Cost-2__Fee-British__ExitFees-AllUnilateralExits","1","47","0","P","7","14","P Offer","P Liability Signal: 2;P Files: 1;D Answers: 1;P Abandons: 2","2,1,1,2","0","true","","","4","0.35","0.099999999999999964","","",""
"Specification-Baseline__Cost-2__Fee-British__ExitFees-AllUnilateralExits","1","47","0","P","7","14","P Offer","P Liability Signal: 2;P Files: 1;D Answers: 1;P Abandons: 2","2,1,1,2","0","true","","","5","0.45","0.099999999999999964","","",""
"Specification-Baseline__Cost-2__Fee-British__ExitFees-AllUnilateralExits","1","47","0","P","7","14","P Offer","P Liability Signal: 2;P Files: 1;D Answers: 1;P Abandons: 2","2,1,1,2","0","true","","","6","0.55","0.099999999999999964","","",""
"Specification-Baseline__Cost-2__Fee-British__ExitFees-AllUnilateralExits","1","47","0","P","7","14","P Offer","P Liability Signal: 2;P Files: 1;D Answers: 1;P Abandons: 2","2,1,1,2","0","true","","","7","0.65","0.099999999999999964","","",""
"Specification-Baseline__Cost-2__Fee-British__ExitFees-AllUnilateralExits","1","47","0","P","7","14","P Offer","P Liability Signal: 2;P Files: 1;D Answers: 1;P Abandons: 2","2,1,1,2","0","true","","","8","0.75","0.099999999999999964","","",""
"Specification-Baseline__Cost-2__Fee-British__ExitFees-AllUnilateralExits","1","47","0","P","7","14","P Offer","P Liability Signal: 2;P Files: 1;D Answers: 1;P Abandons: 2","2,1,1,2","0","true","","","9","0.85","0.099999999999999964","","",""
"Specification-Baseline__Cost-2__Fee-British__ExitFees-AllUnilateralExits","1","47","0","P","7","14","P Offer","P Liability Signal: 2;P Files: 1;D Answers: 1;P Abandons: 2","2,1,1,2","0","true","","","10","0.95","0.099999999999999964","","",""
"Specification-Baseline__Cost-2__Fee-British__ExitFees-AllUnilateralExits","1","48","0","P","2","9","P Files","P Liability Signal: 3","3","0.10618","false","9.9999928393000008","9.9999928393000008","1","Yes","0","9.5728617038599069","0.42713113544009396","false"
"Specification-Baseline__Cost-2__Fee-British__ExitFees-AllUnilateralExits","1","48","0","P","2","9","P Files","P Liability Signal: 3","3","0.10618","false","9.9999928393000008","9.9999928393000008","2","No","1","9.9999928393000008","0","true"
"Specification-Baseline__Cost-2__Fee-British__ExitFees-AllUnilateralExits","1","49","0","P","5","20","P Abandons","P Liability Signal: 3;P Files: 1;D Answers: 1","3,1,1","0","true","","","1","Yes","0.5","","",""
"Specification-Baseline__Cost-2__Fee-British__ExitFees-AllUnilateralExits","1","49","0","P","5","20","P Abandons","P Liability Signal: 3;P Files: 1;D Answers: 1","3,1,1","0","true","","","2","No","0.5","","",""
"Specification-Baseline__Cost-2__Fee-British__ExitFees-AllUnilateralExits","1","50","0","P","7","14","P Offer","P Liability Signal: 3;P Files: 1;D Answers: 1;P Abandons: 1","3,1,1,1","0","true","","","1","0.05","0.099999999999999964","","",""
"Specification-Baseline__Cost-2__Fee-British__ExitFees-AllUnilateralExits","1","50","0","P","7","14","P Offer","P Liability Signal: 3;P Files: 1;D Answers: 1;P Abandons: 1","3,1,1,1","0","true","","","2","0.15","0.099999999999999964","","",""
"Specification-Baseline__Cost-2__Fee-British__ExitFees-AllUnilateralExits","1","50","0","P","7","14","P Offer","P Liability Signal: 3;P Files: 1;D Answers: 1;P Abandons: 1","3,1,1,1","0","true","","","3","0.25","0.099999999999999964","","",""
"Specification-Baseline__Cost-2__Fee-British__ExitFees-AllUnilateralExits","1","50","0","P","7","14","P Offer","P Liability Signal: 3;P Files: 1;D Answers: 1;P Abandons: 1","3,1,1,1","0","true","","","4","0.35","0.099999999999999964","","",""
"Specification-Baseline__Cost-2__Fee-British__ExitFees-AllUnilateralExits","1","50","0","P","7","14","P Offer","P Liability Signal: 3;P Files: 1;D Answers: 1;P Abandons: 1","3,1,1,1","0","true","","","5","0.45","0.099999999999999964","","",""
"Specification-Baseline__Cost-2__Fee-British__ExitFees-AllUnilateralExits","1","50","0","P","7","14","P Offer","P Liability Signal: 3;P Files: 1;D Answers: 1;P Abandons: 1","3,1,1,1","0","true","","","6","0.55","0.099999999999999964","","",""
"Specification-Baseline__Cost-2__Fee-British__ExitFees-AllUnilateralExits","1","50","0","P","7","14","P Offer","P Liability Signal: 3;P Files: 1;D Answers: 1;P Abandons: 1","3,1,1,1","0","true","","","7","0.65","0.099999999999999964","","",""
"Specification-Baseline__Cost-2__Fee-British__ExitFees-AllUnilateralExits","1","50","0","P","7","14","P Offer","P Liability Signal: 3;P Files: 1;D Answers: 1;P Abandons: 1","3,1,1,1","0","true","","","8","0.75","0.099999999999999964","","",""
"Specification-Baseline__Cost-2__Fee-British__ExitFees-AllUnilateralExits","1","50","0","P","7","14","P Offer","P Liability Signal: 3;P Files: 1;D Answers: 1;P Abandons: 1","3,1,1,1","0","true","","","9","0.85","0.099999999999999964","","",""
"Specification-Baseline__Cost-2__Fee-British__ExitFees-AllUnilateralExits","1","50","0","P","7","14","P Offer","P Liability Signal: 3;P Files: 1;D Answers: 1;P Abandons: 1","3,1,1,1","0","true","","","10","0.95","0.099999999999999964","","",""
"Specification-Baseline__Cost-2__Fee-British__ExitFees-AllUnilateralExits","1","51","0","P","7","14","P Offer","P Liability Signal: 3;P Files: 1;D Answers: 1;P Abandons: 2","3,1,1,2","0","true","","","1","0.05","0.099999999999999964","","",""
"Specification-Baseline__Cost-2__Fee-British__ExitFees-AllUnilateralExits","1","51","0","P","7","14","P Offer","P Liability Signal: 3;P Files: 1;D Answers: 1;P Abandons: 2","3,1,1,2","0","true","","","2","0.15","0.099999999999999964","","",""
"Specification-Baseline__Cost-2__Fee-British__ExitFees-AllUnilateralExits","1","51","0","P","7","14","P Offer","P Liability Signal: 3;P Files: 1;D Answers: 1;P Abandons: 2","3,1,1,2","0","true","","","3","0.25","0.099999999999999964","","",""
"Specification-Baseline__Cost-2__Fee-British__ExitFees-AllUnilateralExits","1","51","0","P","7","14","P Offer","P Liability Signal: 3;P Files: 1;D Answers: 1;P Abandons: 2","3,1,1,2","0","true","","","4","0.35","0.099999999999999964","","",""
"Specification-Baseline__Cost-2__Fee-British__ExitFees-AllUnilateralExits","1","51","0","P","7","14","P Offer","P Liability Signal: 3;P Files: 1;D Answers: 1;P Abandons: 2","3,1,1,2","0","true","","","5","0.45","0.099999999999999964","","",""
"Specification-Baseline__Cost-2__Fee-British__ExitFees-AllUnilateralExits","1","51","0","P","7","14","P Offer","P Liability Signal: 3;P Files: 1;D Answers: 1;P Abandons: 2","3,1,1,2","0","true","","","6","0.55","0.099999999999999964","","",""
"Specification-Baseline__Cost-2__Fee-British__ExitFees-AllUnilateralExits","1","51","0","P","7","14","P Offer","P Liability Signal: 3;P Files: 1;D Answers: 1;P Abandons: 2","3,1,1,2","0","true","","","7","0.65","0.099999999999999964","","",""
"Specification-Baseline__Cost-2__Fee-British__ExitFees-AllUnilateralExits","1","51","0","P","7","14","P Offer","P Liability Signal: 3;P Files: 1;D Answers: 1;P Abandons: 2","3,1,1,2","0","true","","","8","0.75","0.099999999999999964","","",""
"Specification-Baseline__Cost-2__Fee-British__ExitFees-AllUnilateralExits","1","51","0","P","7","14","P Offer","P Liability Signal: 3;P Files: 1;D Answers: 1;P Abandons: 2","3,1,1,2","0","true","","","9","0.85","0.099999999999999964","","",""
"Specification-Baseline__Cost-2__Fee-British__ExitFees-AllUnilateralExits","1","51","0","P","7","14","P Offer","P Liability Signal: 3;P Files: 1;D Answers: 1;P Abandons: 2","3,1,1,2","0","true","","","10","0.95","0.099999999999999964","","",""
"Specification-Baseline__Cost-2__Fee-British__ExitFees-AllUnilateralExits","1","52","0","P","2","9","P Files","P Liability Signal: 4","4","0.1081","false","9.9999928393000026","9.9999928393000026","1","Yes","0","9.7293686915034847","0.27062414779651789","false"
"Specification-Baseline__Cost-2__Fee-British__ExitFees-AllUnilateralExits","1","52","0","P","2","9","P Files","P Liability Signal: 4","4","0.1081","false","9.9999928393000026","9.9999928393000026","2","No","1","9.9999928393000026","0","true"
"Specification-Baseline__Cost-2__Fee-British__ExitFees-AllUnilateralExits","1","53","0","P","5","20","P Abandons","P Liability Signal: 4;P Files: 1;D Answers: 1","4,1,1","0","true","","","1","Yes","0.5","","",""
"Specification-Baseline__Cost-2__Fee-British__ExitFees-AllUnilateralExits","1","53","0","P","5","20","P Abandons","P Liability Signal: 4;P Files: 1;D Answers: 1","4,1,1","0","true","","","2","No","0.5","","",""
"Specification-Baseline__Cost-2__Fee-British__ExitFees-AllUnilateralExits","1","54","0","P","7","14","P Offer","P Liability Signal: 4;P Files: 1;D Answers: 1;P Abandons: 1","4,1,1,1","0","true","","","1","0.05","0.099999999999999964","","",""
"Specification-Baseline__Cost-2__Fee-British__ExitFees-AllUnilateralExits","1","54","0","P","7","14","P Offer","P Liability Signal: 4;P Files: 1;D Answers: 1;P Abandons: 1","4,1,1,1","0","true","","","2","0.15","0.099999999999999964","","",""
"Specification-Baseline__Cost-2__Fee-British__ExitFees-AllUnilateralExits","1","54","0","P","7","14","P Offer","P Liability Signal: 4;P Files: 1;D Answers: 1;P Abandons: 1","4,1,1,1","0","true","","","3","0.25","0.099999999999999964","","",""
"Specification-Baseline__Cost-2__Fee-British__ExitFees-AllUnilateralExits","1","54","0","P","7","14","P Offer","P Liability Signal: 4;P Files: 1;D Answers: 1;P Abandons: 1","4,1,1,1","0","true","","","4","0.35","0.099999999999999964","","",""
"Specification-Baseline__Cost-2__Fee-British__ExitFees-AllUnilateralExits","1","54","0","P","7","14","P Offer","P Liability Signal: 4;P Files: 1;D Answers: 1;P Abandons: 1","4,1,1,1","0","true","","","5","0.45","0.099999999999999964","","",""
"Specification-Baseline__Cost-2__Fee-British__ExitFees-AllUnilateralExits","1","54","0","P","7","14","P Offer","P Liability Signal: 4;P Files: 1;D Answers: 1;P Abandons: 1","4,1,1,1","0","true","","","6","0.55","0.099999999999999964","","",""
"Specification-Baseline__Cost-2__Fee-British__ExitFees-AllUnilateralExits","1","54","0","P","7","14","P Offer","P Liability Signal: 4;P Files: 1;D Answers: 1;P Abandons: 1","4,1,1,1","0","true","","","7","0.65","0.099999999999999964","","",""
"Specification-Baseline__Cost-2__Fee-British__ExitFees-AllUnilateralExits","1","54","0","P","7","14","P Offer","P Liability Signal: 4;P Files: 1;D Answers: 1;P Abandons: 1","4,1,1,1","0","true","","","8","0.75","0.099999999999999964","","",""
"Specification-Baseline__Cost-2__Fee-British__ExitFees-AllUnilateralExits","1","54","0","P","7","14","P Offer","P Liability Signal: 4;P Files: 1;D Answers: 1;P Abandons: 1","4,1,1,1","0","true","","","9","0.85","0.099999999999999964","","",""
"Specification-Baseline__Cost-2__Fee-British__ExitFees-AllUnilateralExits","1","54","0","P","7","14","P Offer","P Liability Signal: 4;P Files: 1;D Answers: 1;P Abandons: 1","4,1,1,1","0","true","","","10","0.95","0.099999999999999964","","",""
"Specification-Baseline__Cost-2__Fee-British__ExitFees-AllUnilateralExits","1","55","0","P","7","14","P Offer","P Liability Signal: 4;P Files: 1;D Answers: 1;P Abandons: 2","4,1,1,2","0","true","","","1","0.05","0.099999999999999964","","",""
"Specification-Baseline__Cost-2__Fee-British__ExitFees-AllUnilateralExits","1","55","0","P","7","14","P Offer","P Liability Signal: 4;P Files: 1;D Answers: 1;P Abandons: 2","4,1,1,2","0","true","","","2","0.15","0.099999999999999964","","",""
"Specification-Baseline__Cost-2__Fee-British__ExitFees-AllUnilateralExits","1","55","0","P","7","14","P Offer","P Liability Signal: 4;P Files: 1;D Answers: 1;P Abandons: 2","4,1,1,2","0","true","","","3","0.25","0.099999999999999964","","",""
"Specification-Baseline__Cost-2__Fee-British__ExitFees-AllUnilateralExits","1","55","0","P","7","14","P Offer","P Liability Signal: 4;P Files: 1;D Answers: 1;P Abandons: 2","4,1,1,2","0","true","","","4","0.35","0.099999999999999964","","",""
"Specification-Baseline__Cost-2__Fee-British__ExitFees-AllUnilateralExits","1","55","0","P","7","14","P Offer","P Liability Signal: 4;P Files: 1;D Answers: 1;P Abandons: 2","4,1,1,2","0","true","","","5","0.45","0.099999999999999964","","",""
"Specification-Baseline__Cost-2__Fee-British__ExitFees-AllUnilateralExits","1","55","0","P","7","14","P Offer","P Liability Signal: 4;P Files: 1;D Answers: 1;P Abandons: 2","4,1,1,2","0","true","","","6","0.55","0.099999999999999964","","",""
"Specification-Baseline__Cost-2__Fee-British__ExitFees-AllUnilateralExits","1","55","0","P","7","14","P Offer","P Liability Signal: 4;P Files: 1;D Answers: 1;P Abandons: 2","4,1,1,2","0","true","","","7","0.65","0.099999999999999964","","",""
"Specification-Baseline__Cost-2__Fee-British__ExitFees-AllUnilateralExits","1","55","0","P","7","14","P Offer","P Liability Signal: 4;P Files: 1;D Answers: 1;P Abandons: 2","4,1,1,2","0","true","","","8","0.75","0.099999999999999964","","",""
"Specification-Baseline__Cost-2__Fee-British__ExitFees-AllUnilateralExits","1","55","0","P","7","14","P Offer","P Liability Signal: 4;P Files: 1;D Answers: 1;P Abandons: 2","4,1,1,2","0","true","","","9","0.85","0.099999999999999964","","",""
"Specification-Baseline__Cost-2__Fee-British__ExitFees-AllUnilateralExits","1","55","0","P","7","14","P Offer","P Liability Signal: 4;P Files: 1;D Answers: 1;P Abandons: 2","4,1,1,2","0","true","","","10","0.95","0.099999999999999964","","",""
"Specification-Baseline__Cost-2__Fee-British__ExitFees-AllUnilateralExits","1","56","0","P","2","9","P Files","P Liability Signal: 5","5","0.1076","false","9.9999928392999973","9.999992839299999","1","Yes","0.26809717328561111","9.999992839299999","0","true"
"Specification-Baseline__Cost-2__Fee-British__ExitFees-AllUnilateralExits","1","56","0","P","2","9","P Files","P Liability Signal: 5","5","0.1076","false","9.9999928392999973","9.999992839299999","2","No","0.73190282671438889","9.999992839299999","0","true"
"Specification-Baseline__Cost-2__Fee-British__ExitFees-AllUnilateralExits","1","57","0","P","5","20","P Abandons","P Liability Signal: 5;P Files: 1;D Answers: 1","5,1,1","0.028847255845531754","false","9.9999928393000008","9.9999928393000008","1","Yes","1","9.9999928393000008","0","true"
"Specification-Baseline__Cost-2__Fee-British__ExitFees-AllUnilateralExits","1","57","0","P","5","20","P Abandons","P Liability Signal: 5;P Files: 1;D Answers: 1","5,1,1","0.028847255845531754","false","9.9999928393000008","9.9999928393000008","2","No","0","9.9100515007732941","0.089941338526706716","false"
"Specification-Baseline__Cost-2__Fee-British__ExitFees-AllUnilateralExits","1","58","0","P","7","14","P Offer","P Liability Signal: 5;P Files: 1;D Answers: 1;P Abandons: 1","5,1,1,1","0.028847255845531754","false","9.9999928393000008","9.9999928393000008","1","0.05","0","9.9659969562619182","0.033995883038082653","false"
"Specification-Baseline__Cost-2__Fee-British__ExitFees-AllUnilateralExits","1","58","0","P","7","14","P Offer","P Liability Signal: 5;P Files: 1;D Answers: 1;P Abandons: 1","5,1,1,1","0.028847255845531754","false","9.9999928393000008","9.9999928393000008","2","0.15","0","9.8079971102266068","0.19199572907339402","false"
"Specification-Baseline__Cost-2__Fee-British__ExitFees-AllUnilateralExits","1","58","0","P","7","14","P Offer","P Liability Signal: 5;P Files: 1;D Answers: 1;P Abandons: 1","5,1,1,1","0.028847255845531754","false","9.9999928393000008","9.9999928393000008","3","0.25","0","9.8320016172064317","0.16799122209356909","false"
"Specification-Baseline__Cost-2__Fee-British__ExitFees-AllUnilateralExits","1","58","0","P","7","14","P Offer","P Liability Signal: 5;P Files: 1;D Answers: 1;P Abandons: 1","5,1,1,1","0.028847255845531754","false","9.9999928393000008","9.9999928393000008","4","0.35","0","9.8559960424949544","0.1439967968050464","false"
"Specification-Baseline__Cost-2__Fee-British__ExitFees-AllUnilateralExits","1","58","0","P","7","14","P Offer","P Liability Signal: 5;P Files: 1;D Answers: 1;P Abandons: 1","5,1,1,1","0.028847255845531754","false","9.9999928393000008","9.9999928393000008","5","0.45","0","9.8800005494747776","0.11999228982522325","false"
"Specification-Baseline__Cost-2__Fee-British__ExitFees-AllUnilateralExits","1","58","0","P","7","14","P Offer","P Liability Signal: 5;P Files: 1;D Answers: 1;P Abandons: 1","5,1,1,1","0.028847255845531754","false","9.9999928393000008","9.9999928393000008","6","0.55","0","9.9039949747633038","0.095997864536697008","false"
"Specification-Baseline__Cost-2__Fee-British__ExitFees-AllUnilateralExits","1","58","0","P","7","14","P Offer","P Liability Signal: 5;P Files: 1;D Answers: 1;P Abandons: 1","5,1,1,1","0.028847255845531754","false","9.9999928393000008","9.9999928393000008","7","0.65","0","9.927999481743127","0.07199335755687386","false"
"Specification-Baseline__Cost-2__Fee-British__ExitFees-AllUnilateralExits","1","58","0","P","7","14","P Offer","P Liability Signal: 5;P Files: 1;D Answers: 1;P Abandons: 1","5,1,1,1","0.028847255845531754","false","9.9999928393000008","9.9999928393000008","8","0.75","0","9.9519939070316532","0.047998932268347616","false"
"Specification-Baseline__Cost-2__Fee-British__ExitFees-AllUnilateralExits","1","58","0","P","7","14","P Offer","P Liability Signal: 5;P Files: 1;D Answers: 1;P Abandons: 1","5,1,1,1","0.028847255845531754","false","9.9999928393000008","9.9999928393000008","9","0.85","0","9.9759984140114728","0.023994425288528021","false"
"Specification-Baseline__Cost-2__Fee-British__ExitFees-AllUnilateralExits","1","58","0","P","7","14","P Offer","P Liability Signal: 5;P Files: 1;D Answers: 1;P Abandons: 1","5,1,1,1","0.028847255845531754","false","9.9999928393000008","9.9999928393000008","10","0.95","1","9.9999928393000008","0","true"
"Specification-Baseline__Cost-2__Fee-British__ExitFees-AllUnilateralExits","1","59","0","P","7","14","P Offer","P Liability Signal: 5;P Files: 1;D Answers: 1;P Abandons: 2","5,1,1,2","0","true","","","1","0.05","0.099999999999999964","","",""
"Specification-Baseline__Cost-2__Fee-British__ExitFees-AllUnilateralExits","1","59","0","P","7","14","P Offer","P Liability Signal: 5;P Files: 1;D Answers: 1;P Abandons: 2","5,1,1,2","0","true","","","2","0.15","0.099999999999999964","","",""
"Specification-Baseline__Cost-2__Fee-British__ExitFees-AllUnilateralExits","1","59","0","P","7","14","P Offer","P Liability Signal: 5;P Files: 1;D Answers: 1;P Abandons: 2","5,1,1,2","0","true","","","3","0.25","0.099999999999999964","","",""
"Specification-Baseline__Cost-2__Fee-British__ExitFees-AllUnilateralExits","1","59","0","P","7","14","P Offer","P Liability Signal: 5;P Files: 1;D Answers: 1;P Abandons: 2","5,1,1,2","0","true","","","4","0.35","0.099999999999999964","","",""
"Specification-Baseline__Cost-2__Fee-British__ExitFees-AllUnilateralExits","1","59","0","P","7","14","P Offer","P Liability Signal: 5;P Files: 1;D Answers: 1;P Abandons: 2","5,1,1,2","0","true","","","5","0.45","0.099999999999999964","","",""
"Specification-Baseline__Cost-2__Fee-British__ExitFees-AllUnilateralExits","1","59","0","P","7","14","P Offer","P Liability Signal: 5;P Files: 1;D Answers: 1;P Abandons: 2","5,1,1,2","0","true","","","6","0.55","0.099999999999999964","","",""
"Specification-Baseline__Cost-2__Fee-British__ExitFees-AllUnilateralExits","1","59","0","P","7","14","P Offer","P Liability Signal: 5;P Files: 1;D Answers: 1;P Abandons: 2","5,1,1,2","0","true","","","7","0.65","0.099999999999999964","","",""
"Specification-Baseline__Cost-2__Fee-British__ExitFees-AllUnilateralExits","1","59","0","P","7","14","P Offer","P Liability Signal: 5;P Files: 1;D Answers: 1;P Abandons: 2","5,1,1,2","0","true","","","8","0.75","0.099999999999999964","","",""
"Specification-Baseline__Cost-2__Fee-British__ExitFees-AllUnilateralExits","1","59","0","P","7","14","P Offer","P Liability Signal: 5;P Files: 1;D Answers: 1;P Abandons: 2","5,1,1,2","0","true","","","9","0.85","0.099999999999999964","","",""
"Specification-Baseline__Cost-2__Fee-British__ExitFees-AllUnilateralExits","1","59","0","P","7","14","P Offer","P Liability Signal: 5;P Files: 1;D Answers: 1;P Abandons: 2","5,1,1,2","0","true","","","10","0.95","0.099999999999999964","","",""
"Specification-Baseline__Cost-2__Fee-British__ExitFees-AllUnilateralExits","1","60","0","P","2","9","P Files","P Liability Signal: 6","6","0.10759999999999999","false","10.252271464393964","10.252271464393964","1","Yes","1","10.252271464393964","0","true"
"Specification-Baseline__Cost-2__Fee-British__ExitFees-AllUnilateralExits","1","60","0","P","2","9","P Files","P Liability Signal: 6","6","0.10759999999999999","false","10.252271464393964","10.252271464393964","2","No","0","9.9999928393000008","0.25227862509396282","false"
"Specification-Baseline__Cost-2__Fee-British__ExitFees-AllUnilateralExits","1","61","0","P","5","20","P Abandons","P Liability Signal: 6;P Files: 1;D Answers: 1","6,1,1","0.10759999999999999","false","10.252271464393964","10.252271464393964","1","Yes","0","10.048603214439318","0.20366824995464583","false"
"Specification-Baseline__Cost-2__Fee-British__ExitFees-AllUnilateralExits","1","61","0","P","5","20","P Abandons","P Liability Signal: 6;P Files: 1;D Answers: 1","6,1,1","0.10759999999999999","false","10.252271464393964","10.252271464393964","2","No","1","10.252271464393964","0","true"
"Specification-Baseline__Cost-2__Fee-British__ExitFees-AllUnilateralExits","1","62","0","P","7","14","P Offer","P Liability Signal: 6;P Files: 1;D Answers: 1;P Abandons: 1","6,1,1,1","0","true","","","1","0.05","0.099999999999999964","","",""
"Specification-Baseline__Cost-2__Fee-British__ExitFees-AllUnilateralExits","1","62","0","P","7","14","P Offer","P Liability Signal: 6;P Files: 1;D Answers: 1;P Abandons: 1","6,1,1,1","0","true","","","2","0.15","0.099999999999999964","","",""
"Specification-Baseline__Cost-2__Fee-British__ExitFees-AllUnilateralExits","1","62","0","P","7","14","P Offer","P Liability Signal: 6;P Files: 1;D Answers: 1;P Abandons: 1","6,1,1,1","0","true","","","3","0.25","0.099999999999999964","","",""
"Specification-Baseline__Cost-2__Fee-British__ExitFees-AllUnilateralExits","1","62","0","P","7","14","P Offer","P Liability Signal: 6;P Files: 1;D Answers: 1;P Abandons: 1","6,1,1,1","0","true","","","4","0.35","0.099999999999999964","","",""
"Specification-Baseline__Cost-2__Fee-British__ExitFees-AllUnilateralExits","1","62","0","P","7","14","P Offer","P Liability Signal: 6;P Files: 1;D Answers: 1;P Abandons: 1","6,1,1,1","0","true","","","5","0.45","0.099999999999999964","","",""
"Specification-Baseline__Cost-2__Fee-British__ExitFees-AllUnilateralExits","1","62","0","P","7","14","P Offer","P Liability Signal: 6;P Files: 1;D Answers: 1;P Abandons: 1","6,1,1,1","0","true","","","6","0.55","0.099999999999999964","","",""
"Specification-Baseline__Cost-2__Fee-British__ExitFees-AllUnilateralExits","1","62","0","P","7","14","P Offer","P Liability Signal: 6;P Files: 1;D Answers: 1;P Abandons: 1","6,1,1,1","0","true","","","7","0.65","0.099999999999999964","","",""
"Specification-Baseline__Cost-2__Fee-British__ExitFees-AllUnilateralExits","1","62","0","P","7","14","P Offer","P Liability Signal: 6;P Files: 1;D Answers: 1;P Abandons: 1","6,1,1,1","0","true","","","8","0.75","0.099999999999999964","","",""
"Specification-Baseline__Cost-2__Fee-British__ExitFees-AllUnilateralExits","1","62","0","P","7","14","P Offer","P Liability Signal: 6;P Files: 1;D Answers: 1;P Abandons: 1","6,1,1,1","0","true","","","9","0.85","0.099999999999999964","","",""
"Specification-Baseline__Cost-2__Fee-British__ExitFees-AllUnilateralExits","1","62","0","P","7","14","P Offer","P Liability Signal: 6;P Files: 1;D Answers: 1;P Abandons: 1","6,1,1,1","0","true","","","10","0.95","0.099999999999999964","","",""
"Specification-Baseline__Cost-2__Fee-British__ExitFees-AllUnilateralExits","1","63","0","P","7","14","P Offer","P Liability Signal: 6;P Files: 1;D Answers: 1;P Abandons: 2","6,1,1,2","0.10759999999999999","false","10.252271464393964","10.252271464393964","1","0.05","0","10.028906516851837","0.22336494754212666","false"
"Specification-Baseline__Cost-2__Fee-British__ExitFees-AllUnilateralExits","1","63","0","P","7","14","P Offer","P Liability Signal: 6;P Files: 1;D Answers: 1;P Abandons: 2","6,1,1,2","0.10759999999999999","false","10.252271464393964","10.252271464393964","2","0.15","0","10.004354820838014","0.24791664355594989","false"
"Specification-Baseline__Cost-2__Fee-British__ExitFees-AllUnilateralExits","1","63","0","P","7","14","P Offer","P Liability Signal: 6;P Files: 1;D Answers: 1;P Abandons: 2","6,1,1,2","0.10759999999999999","false","10.252271464393964","10.252271464393964","3","0.25","0","10.035350910331118","0.21692055406284538","false"
"Specification-Baseline__Cost-2__Fee-British__ExitFees-AllUnilateralExits","1","63","0","P","7","14","P Offer","P Liability Signal: 6;P Files: 1;D Answers: 1;P Abandons: 2","6,1,1,2","0.10759999999999999","false","10.252271464393964","10.252271464393964","4","0.35","0","10.066333981727","0.18593748266696331","false"
"Specification-Baseline__Cost-2__Fee-British__ExitFees-AllUnilateralExits","1","63","0","P","7","14","P Offer","P Liability Signal: 6;P Files: 1;D Answers: 1;P Abandons: 2","6,1,1,2","0.10759999999999999","false","10.252271464393964","10.252271464393964","5","0.45","0","10.097330071220107","0.15494139317385702","false"
"Specification-Baseline__Cost-2__Fee-British__ExitFees-AllUnilateralExits","1","63","0","P","7","14","P Offer","P Liability Signal: 6;P Files: 1;D Answers: 1;P Abandons: 2","6,1,1,2","0.10759999999999999","false","10.252271464393964","10.252271464393964","6","0.55","0","10.12831314261599","0.12395832177797317","false"
"Specification-Baseline__Cost-2__Fee-British__ExitFees-AllUnilateralExits","1","63","0","P","7","14","P Offer","P Liability Signal: 6;P Files: 1;D Answers: 1;P Abandons: 2","6,1,1,2","0.10759999999999999","false","10.252271464393964","10.252271464393964","7","0.65","0","10.159309232109097","0.092962232284866886","false"
"Specification-Baseline__Cost-2__Fee-British__ExitFees-AllUnilateralExits","1","63","0","P","7","14","P Offer","P Liability Signal: 6;P Files: 1;D Answers: 1;P Abandons: 2","6,1,1,2","0.10759999999999999","false","10.252271464393964","10.252271464393964","8","0.75","0","10.190292303504977","0.061979160888986584","false"
"Specification-Baseline__Cost-2__Fee-British__ExitFees-AllUnilateralExits","1","63","0","P","7","14","P Offer","P Liability Signal: 6;P Files: 1;D Answers: 1;P Abandons: 2","6,1,1,2","0.10759999999999999","false","10.252271464393964","10.252271464393964","9","0.85","0","10.221288392998083","0.030983071395880302","false"
"Specification-Baseline__Cost-2__Fee-British__ExitFees-AllUnilateralExits","1","63","0","P","7","14","P Offer","P Liability Signal: 6;P Files: 1;D Answers: 1;P Abandons: 2","6,1,1,2","0.10759999999999999","false","10.252271464393964","10.252271464393964","10","0.95","1","10.252271464393964","0","true"
"Specification-Baseline__Cost-2__Fee-British__ExitFees-AllUnilateralExits","1","64","0","P","2","9","P Files","P Liability Signal: 7","7","0.10809999999999999","false","10.438863904718067","10.438863904718067","1","Yes","1","10.438863904718067","0","true"
"Specification-Baseline__Cost-2__Fee-British__ExitFees-AllUnilateralExits","1","64","0","P","2","9","P Files","P Liability Signal: 7","7","0.10809999999999999","false","10.438863904718067","10.438863904718067","2","No","0","9.9999928393000026","0.43887106541806453","false"
"Specification-Baseline__Cost-2__Fee-British__ExitFees-AllUnilateralExits","1","65","0","P","5","20","P Abandons","P Liability Signal: 7;P Files: 1;D Answers: 1","7,1,1","0.10809999999999999","false","10.438863904718067","10.438863904718067","1","Yes","0","10.170346798082063","0.26851710663600414","false"
"Specification-Baseline__Cost-2__Fee-British__ExitFees-AllUnilateralExits","1","65","0","P","5","20","P Abandons","P Liability Signal: 7;P Files: 1;D Answers: 1","7,1,1","0.10809999999999999","false","10.438863904718067","10.438863904718067","2","No","1","10.438863904718067","0","true"
"Specification-Baseline__Cost-2__Fee-British__ExitFees-AllUnilateralExits","1","66","0","P","7","14","P Offer","P Liability Signal: 7;P Files: 1;D Answers: 1;P Abandons: 1","7,1,1,1","0","true","","","1","0.05","0.099999999999999964","","",""
"Specification-Baseline__Cost-2__Fee-British__ExitFees-AllUnilateralExits","1","66","0","P","7","14","P Offer","P Liability Signal: 7;P Files: 1;D Answers: 1;P Abandons: 1","7,1,1,1","0","true","","","2","0.15","0.099999999999999964","","",""
"Specification-Baseline__Cost-2__Fee-British__ExitFees-AllUnilateralExits","1","66","0","P","7","14","P Offer","P Liability Signal: 7;P Files: 1;D Answers: 1;P Abandons: 1","7,1,1,1","0","true","","","3","0.25","0.099999999999999964","","",""
"Specification-Baseline__Cost-2__Fee-British__ExitFees-AllUnilateralExits","1","66","0","P","7","14","P Offer","P Liability Signal: 7;P Files: 1;D Answers: 1;P Abandons: 1","7,1,1,1","0","true","","","4","0.35","0.099999999999999964","","",""
"Specification-Baseline__Cost-2__Fee-British__ExitFees-AllUnilateralExits","1","66","0","P","7","14","P Offer","P Liability Signal: 7;P Files: 1;D Answers: 1;P Abandons: 1","7,1,1,1","0","true","","","5","0.45","0.099999999999999964","","",""
"Specification-Baseline__Cost-2__Fee-British__ExitFees-AllUnilateralExits","1","66","0","P","7","14","P Offer","P Liability Signal: 7;P Files: 1;D Answers: 1;P Abandons: 1","7,1,1,1","0","true","","","6","0.55","0.099999999999999964","","",""
"Specification-Baseline__Cost-2__Fee-British__ExitFees-AllUnilateralExits","1","66","0","P","7","14","P Offer","P Liability Signal: 7;P Files: 1;D Answers: 1;P Abandons: 1","7,1,1,1","0","true","","","7","0.65","0.099999999999999964","","",""
"Specification-Baseline__Cost-2__Fee-British__ExitFees-AllUnilateralExits","1","66","0","P","7","14","P Offer","P Liability Signal: 7;P Files: 1;D Answers: 1;P Abandons: 1","7,1,1,1","0","true","","","8","0.75","0.099999999999999964","","",""
"Specification-Baseline__Cost-2__Fee-British__ExitFees-AllUnilateralExits","1","66","0","P","7","14","P Offer","P Liability Signal: 7;P Files: 1;D Answers: 1;P Abandons: 1","7,1,1,1","0","true","","","9","0.85","0.099999999999999964","","",""
"Specification-Baseline__Cost-2__Fee-British__ExitFees-AllUnilateralExits","1","66","0","P","7","14","P Offer","P Liability Signal: 7;P Files: 1;D Answers: 1;P Abandons: 1","7,1,1,1","0","true","","","10","0.95","0.099999999999999964","","",""
"Specification-Baseline__Cost-2__Fee-British__ExitFees-AllUnilateralExits","1","67","0","P","7","14","P Offer","P Liability Signal: 7;P Files: 1;D Answers: 1;P Abandons: 2","7,1,1,2","0.10809999999999999","false","10.438863904718067","10.438863904718067","1","0.05","0","10.084242513541355","0.35462139117671221","false"
"Specification-Baseline__Cost-2__Fee-British__ExitFees-AllUnilateralExits","1","67","0","P","7","14","P Offer","P Liability Signal: 7;P Files: 1;D Answers: 1;P Abandons: 2","7,1,1,2","0.10809999999999999","false","10.438863904718067","10.438863904718067","2","0.15","0","10.141758560594749","0.29710534412331846","false"
"Specification-Baseline__Cost-2__Fee-British__ExitFees-AllUnilateralExits","1","67","0","P","7","14","P Offer","P Liability Signal: 7;P Files: 1;D Answers: 1;P Abandons: 2","7,1,1,2","0.10809999999999999","false","10.438863904718067","10.438863904718067","3","0.25","0","10.178904529107539","0.25995937561052784","false"
"Specification-Baseline__Cost-2__Fee-British__ExitFees-AllUnilateralExits","1","67","0","P","7","14","P Offer","P Liability Signal: 7;P Files: 1;D Answers: 1;P Abandons: 2","7,1,1,2","0.10809999999999999","false","10.438863904718067","10.438863904718067","4","0.35","0","10.216034896625578","0.22282900809248929","false"
"Specification-Baseline__Cost-2__Fee-British__ExitFees-AllUnilateralExits","1","67","0","P","7","14","P Offer","P Liability Signal: 7;P Files: 1;D Answers: 1;P Abandons: 2","7,1,1,2","0.10809999999999999","false","10.438863904718067","10.438863904718067","5","0.45","0","10.253180865138372","0.18568303957969512","false"
"Specification-Baseline__Cost-2__Fee-British__ExitFees-AllUnilateralExits","1","67","0","P","7","14","P Offer","P Liability Signal: 7;P Files: 1;D Answers: 1;P Abandons: 2","7,1,1,2","0.10809999999999999","false","10.438863904718067","10.438863904718067","6","0.55","0","10.290311232656409","0.14855267206165834","false"
"Specification-Baseline__Cost-2__Fee-British__ExitFees-AllUnilateralExits","1","67","0","P","7","14","P Offer","P Liability Signal: 7;P Files: 1;D Answers: 1;P Abandons: 2","7,1,1,2","0.10809999999999999","false","10.438863904718067","10.438863904718067","7","0.65","0","10.327457201169201","0.11140670354886595","false"
"Specification-Baseline__Cost-2__Fee-British__ExitFees-AllUnilateralExits","1","67","0","P","7","14","P Offer","P Liability Signal: 7;P Files: 1;D Answers: 1;P Abandons: 2","7,1,1,2","0.10809999999999999","false","10.438863904718067","10.438863904718067","8","0.75","0","10.364587568687238","0.074276336030829171","false"
"Specification-Baseline__Cost-2__Fee-British__ExitFees-AllUnilateralExits","1","67","0","P","7","14","P Offer","P Liability Signal: 7;P Files: 1;D Answers: 1;P Abandons: 2","7,1,1,2","0.10809999999999999","false","10.438863904718067","10.438863904718067","9","0.85","0","10.40173353720003","0.037130367518036778","false"
"Specification-Baseline__Cost-2__Fee-British__ExitFees-AllUnilateralExits","1","67","0","P","7","14","P Offer","P Liability Signal: 7;P Files: 1;D Answers: 1;P Abandons: 2","7,1,1,2","0.10809999999999999","false","10.438863904718067","10.438863904718067","10","0.95","1","10.438863904718067","0","true"
"Specification-Baseline__Cost-2__Fee-British__ExitFees-AllUnilateralExits","1","68","0","P","2","9","P Files","P Liability Signal: 8","8","0.10618","false","10.551876937302044","10.551876937302044","1","Yes","1","10.551876937302044","0","true"
"Specification-Baseline__Cost-2__Fee-British__ExitFees-AllUnilateralExits","1","68","0","P","2","9","P Files","P Liability Signal: 8","8","0.10618","false","10.551876937302044","10.551876937302044","2","No","0","9.999992839299999","0.55188409800204496","false"
"Specification-Baseline__Cost-2__Fee-British__ExitFees-AllUnilateralExits","1","69","0","P","5","20","P Abandons","P Liability Signal: 8;P Files: 1;D Answers: 1","8,1,1","0.10618","false","10.551876937302044","10.551876937302044","1","Yes","0","10.260992123660321","0.29088481364172303","false"
"Specification-Baseline__Cost-2__Fee-British__ExitFees-AllUnilateralExits","1","69","0","P","5","20","P Abandons","P Liability Signal: 8;P Files: 1;D Answers: 1","8,1,1","0.10618","false","10.551876937302044","10.551876937302044","2","No","1","10.551876937302044","0","true"
"Specification-Baseline__Cost-2__Fee-British__ExitFees-AllUnilateralExits","1","70","0","P","7","14","P Offer","P Liability Signal: 8;P Files: 1;D Answers: 1;P Abandons: 1","8,1,1,1","0","true","","","1","0.05","0.099999999999999964","","",""
"Specification-Baseline__Cost-2__Fee-British__ExitFees-AllUnilateralExits","1","70","0","P","7","14","P Offer","P Liability Signal: 8;P Files: 1;D Answers: 1;P Abandons: 1","8,1,1,1","0","true","","","2","0.15","0.099999999999999964","","",""
"Specification-Baseline__Cost-2__Fee-British__ExitFees-AllUnilateralExits","1","70","0","P","7","14","P Offer","P Liability Signal: 8;P Files: 1;D Answers: 1;P Abandons: 1","8,1,1,1","0","true","","","3","0.25","0.099999999999999964","","",""
"Specification-Baseline__Cost-2__Fee-British__ExitFees-AllUnilateralExits","1","70","0","P","7","14","P Offer","P Liability Signal: 8;P Files: 1;D Answers: 1;P Abandons: 1","8,1,1,1","0","true","","","4","0.35","0.099999999999999964","","",""
"Specification-Baseline__Cost-2__Fee-British__ExitFees-AllUnilateralExits","1","70","0","P","7","14","P Offer","P Liability Signal: 8;P Files: 1;D Answers: 1;P Abandons: 1","8,1,1,1","0","true","","","5","0.45","0.099999999999999964","","",""
"Specification-Baseline__Cost-2__Fee-British__ExitFees-AllUnilateralExits","1","70","0","P","7","14","P Offer","P Liability Signal: 8;P Files: 1;D Answers: 1;P Abandons: 1","8,1,1,1","0","true","","","6","0.55","0.099999999999999964","","",""
"Specification-Baseline__Cost-2__Fee-British__ExitFees-AllUnilateralExits","1","70","0","P","7","14","P Offer","P Liability Signal: 8;P Files: 1;D Answers: 1;P Abandons: 1","8,1,1,1","0","true","","","7","0.65","0.099999999999999964","","",""
"Specification-Baseline__Cost-2__Fee-British__ExitFees-AllUnilateralExits","1","70","0","P","7","14","P Offer","P Liability Signal: 8;P Files: 1;D Answers: 1;P Abandons: 1","8,1,1,1","0","true","","","8","0.75","0.099999999999999964","","",""
"Specification-Baseline__Cost-2__Fee-British__ExitFees-AllUnilateralExits","1","70","0","P","7","14","P Offer","P Liability Signal: 8;P Files: 1;D Answers: 1;P Abandons: 1","8,1,1,1","0","true","","","9","0.85","0.099999999999999964","","",""
"Specification-Baseline__Cost-2__Fee-British__ExitFees-AllUnilateralExits","1","70","0","P","7","14","P Offer","P Liability Signal: 8;P Files: 1;D Answers: 1;P Abandons: 1","8,1,1,1","0","true","","","10","0.95","0.099999999999999964","","",""
"Specification-Baseline__Cost-2__Fee-British__ExitFees-AllUnilateralExits","1","71","0","P","7","14","P Offer","P Liability Signal: 8;P Files: 1;D Answers: 1;P Abandons: 2","8,1,1,2","0.10618","false","10.551876937302044","10.551876937302044","1","0.05","0","10.125443448211049","0.42643348909099466","false"
"Specification-Baseline__Cost-2__Fee-British__ExitFees-AllUnilateralExits","1","71","0","P","7","14","P Offer","P Liability Signal: 8;P Files: 1;D Answers: 1;P Abandons: 2","8,1,1,2","0.10618","false","10.551876937302044","10.551876937302044","2","0.15","0","10.218147685418757","0.3337292518832875","false"
"Specification-Baseline__Cost-2__Fee-British__ExitFees-AllUnilateralExits","1","71","0","P","7","14","P Offer","P Liability Signal: 8;P Files: 1;D Answers: 1;P Abandons: 2","8,1,1,2","0.10618","false","10.551876937302044","10.551876937302044","3","0.25","0","10.259872603961819","0.29200433334022513","false"
"Specification-Baseline__Cost-2__Fee-British__ExitFees-AllUnilateralExits","1","71","0","P","7","14","P Offer","P Liability Signal: 8;P Files: 1;D Answers: 1;P Abandons: 2","8,1,1,2","0.10618","false","10.551876937302044","10.551876937302044","4","0.35","0","10.301579998389577","0.25029693891246652","false"
"Specification-Baseline__Cost-2__Fee-British__ExitFees-AllUnilateralExits","1","71","0","P","7","14","P Offer","P Liability Signal: 8;P Files: 1;D Answers: 1;P Abandons: 2","8,1,1,2","0.10618","false","10.551876937302044","10.551876937302044","5","0.45","0","10.343304916932642","0.20857202036940237","false"
"Specification-Baseline__Cost-2__Fee-British__ExitFees-AllUnilateralExits","1","71","0","P","7","14","P Offer","P Liability Signal: 8;P Files: 1;D Answers: 1;P Abandons: 2","8,1,1,2","0.10618","false","10.551876937302044","10.551876937302044","6","0.55","0","10.3850123113604","0.16686462594164375","false"
"Specification-Baseline__Cost-2__Fee-British__ExitFees-AllUnilateralExits","1","71","0","P","7","14","P Offer","P Liability Signal: 8;P Files: 1;D Answers: 1;P Abandons: 2","8,1,1,2","0.10618","false","10.551876937302044","10.551876937302044","7","0.65","0","10.426737229903466","0.12513970739857783","false"
"Specification-Baseline__Cost-2__Fee-British__ExitFees-AllUnilateralExits","1","71","0","P","7","14","P Offer","P Liability Signal: 8;P Files: 1;D Answers: 1;P Abandons: 2","8,1,1,2","0.10618","false","10.551876937302044","10.551876937302044","8","0.75","0","10.468444624331225","0.083432312970819211","false"
"Specification-Baseline__Cost-2__Fee-British__ExitFees-AllUnilateralExits","1","71","0","P","7","14","P Offer","P Liability Signal: 8;P Files: 1;D Answers: 1;P Abandons: 2","8,1,1,2","0.10618","false","10.551876937302044","10.551876937302044","9","0.85","0","10.510169542874285","0.041707394427758615","false"
"Specification-Baseline__Cost-2__Fee-British__ExitFees-AllUnilateralExits","1","71","0","P","7","14","P Offer","P Liability Signal: 8;P Files: 1;D Answers: 1;P Abandons: 2","8,1,1,2","0.10618","false","10.551876937302044","10.551876937302044","10","0.95","1","10.551876937302044","0","true"
"Specification-Baseline__Cost-2__Fee-British__ExitFees-AllUnilateralExits","1","72","0","P","2","9","P Files","P Liability Signal: 9","9","0.097680000000000003","false","10.610050828871241","10.610050828871241","1","Yes","1","10.610050828871241","0","true"
"Specification-Baseline__Cost-2__Fee-British__ExitFees-AllUnilateralExits","1","72","0","P","2","9","P Files","P Liability Signal: 9","9","0.097680000000000003","false","10.610050828871241","10.610050828871241","2","No","0","9.9999928393000008","0.61005798957124036","false"
"Specification-Baseline__Cost-2__Fee-British__ExitFees-AllUnilateralExits","1","73","0","P","5","20","P Abandons","P Liability Signal: 9;P Files: 1;D Answers: 1","9,1,1","0.097680000000000003","false","10.610050828871241","10.610050828871241","1","Yes","0","10.32032862388894","0.28972220498230072","false"
"Specification-Baseline__Cost-2__Fee-British__ExitFees-AllUnilateralExits","1","73","0","P","5","20","P Abandons","P Liability Signal: 9;P Files: 1;D Answers: 1","9,1,1","0.097680000000000003","false","10.610050828871241","10.610050828871241","2","No","1","10.610050828871241","0","true"
"Specification-Baseline__Cost-2__Fee-British__ExitFees-AllUnilateralExits","1","74","0","P","7","14","P Offer","P Liability Signal: 9;P Files: 1;D Answers: 1;P Abandons: 1","9,1,1,1","0","true","","","1","0.05","0.099999999999999964","","",""
"Specification-Baseline__Cost-2__Fee-British__ExitFees-AllUnilateralExits","1","74","0","P","7","14","P Offer","P Liability Signal: 9;P Files: 1;D Answers: 1;P Abandons: 1","9,1,1,1","0","true","","","2","0.15","0.099999999999999964","","",""
"Specification-Baseline__Cost-2__Fee-British__ExitFees-AllUnilateralExits","1","74","0","P","7","14","P Offer","P Liability Signal: 9;P Files: 1;D Answers: 1;P Abandons: 1","9,1,1,1","0","true","","","3","0.25","0.099999999999999964","","",""
"Specification-Baseline__Cost-2__Fee-British__ExitFees-AllUnilateralExits","1","74","0","P","7","14","P Offer","P Liability Signal: 9;P Files: 1;D Answers: 1;P Abandons: 1","9,1,1,1","0","true","","","4","0.35","0.099999999999999964","","",""
"Specification-Baseline__Cost-2__Fee-British__ExitFees-AllUnilateralExits","1","74","0","P","7","14","P Offer","P Liability Signal: 9;P Files: 1;D Answers: 1;P Abandons: 1","9,1,1,1","0","true","","","5","0.45","0.099999999999999964","","",""
"Specification-Baseline__Cost-2__Fee-British__ExitFees-AllUnilateralExits","1","74","0","P","7","14","P Offer","P Liability Signal: 9;P Files: 1;D Answers: 1;P Abandons: 1","9,1,1,1","0","true","","","6","0.55","0.099999999999999964","","",""
"Specification-Baseline__Cost-2__Fee-British__ExitFees-AllUnilateralExits","1","74","0","P","7","14","P Offer","P Liability Signal: 9;P Files: 1;D Answers: 1;P Abandons: 1","9,1,1,1","0","true","","","7","0.65","0.099999999999999964","","",""
"Specification-Baseline__Cost-2__Fee-British__ExitFees-AllUnilateralExits","1","74","0","P","7","14","P Offer","P Liability Signal: 9;P Files: 1;D Answers: 1;P Abandons: 1","9,1,1,1","0","true","","","8","0.75","0.099999999999999964","","",""
"Specification-Baseline__Cost-2__Fee-British__ExitFees-AllUnilateralExits","1","74","0","P","7","14","P Offer","P Liability Signal: 9;P Files: 1;D Answers: 1;P Abandons: 1","9,1,1,1","0","true","","","9","0.85","0.099999999999999964","","",""
"Specification-Baseline__Cost-2__Fee-British__ExitFees-AllUnilateralExits","1","74","0","P","7","14","P Offer","P Liability Signal: 9;P Files: 1;D Answers: 1;P Abandons: 1","9,1,1,1","0","true","","","10","0.95","0.099999999999999964","","",""
"Specification-Baseline__Cost-2__Fee-British__ExitFees-AllUnilateralExits","1","75","0","P","7","14","P Offer","P Liability Signal: 9;P Files: 1;D Answers: 1;P Abandons: 2","9,1,1,2","0.097680000000000003","false","10.610050828871241","10.610050828871241","1","0.05","0","10.15241361191063","0.45763721696061133","false"
"Specification-Baseline__Cost-2__Fee-British__ExitFees-AllUnilateralExits","1","75","0","P","7","14","P Offer","P Liability Signal: 9;P Files: 1;D Answers: 1;P Abandons: 2","9,1,1,2","0.097680000000000003","false","10.610050828871241","10.610050828871241","2","0.15","0","10.252347538643347","0.35770329022789404","false"
"Specification-Baseline__Cost-2__Fee-British__ExitFees-AllUnilateralExits","1","75","0","P","7","14","P Offer","P Liability Signal: 9;P Files: 1;D Answers: 1;P Abandons: 2","9,1,1,2","0.097680000000000003","false","10.610050828871241","10.610050828871241","3","0.25","0","10.297069841417587","0.31298098745365444","false"
"Specification-Baseline__Cost-2__Fee-British__ExitFees-AllUnilateralExits","1","75","0","P","7","14","P Offer","P Liability Signal: 9;P Files: 1;D Answers: 1;P Abandons: 2","9,1,1,2","0.097680000000000003","false","10.610050828871241","10.610050828871241","4","0.35","0","10.341773361200319","0.26827746767092187","false"
"Specification-Baseline__Cost-2__Fee-British__ExitFees-AllUnilateralExits","1","75","0","P","7","14","P Offer","P Liability Signal: 9;P Files: 1;D Answers: 1;P Abandons: 2","9,1,1,2","0.097680000000000003","false","10.610050828871241","10.610050828871241","5","0.45","0","10.386495663974561","0.22355516489668048","false"
"Specification-Baseline__Cost-2__Fee-British__ExitFees-AllUnilateralExits","1","75","0","P","7","14","P Offer","P Liability Signal: 9;P Files: 1;D Answers: 1;P Abandons: 2","9,1,1,2","0.097680000000000003","false","10.610050828871241","10.610050828871241","6","0.55","0","10.431199183757297","0.17885164511394436","false"
"Specification-Baseline__Cost-2__Fee-British__ExitFees-AllUnilateralExits","1","75","0","P","7","14","P Offer","P Liability Signal: 9;P Files: 1;D Answers: 1;P Abandons: 2","9,1,1,2","0.097680000000000003","false","10.610050828871241","10.610050828871241","7","0.65","0","10.475921486531536","0.13412934233970475","false"
"Specification-Baseline__Cost-2__Fee-British__ExitFees-AllUnilateralExits","1","75","0","P","7","14","P Offer","P Liability Signal: 9;P Files: 1;D Answers: 1;P Abandons: 2","9,1,1,2","0.097680000000000003","false","10.610050828871241","10.610050828871241","8","0.75","0","10.520625006314269","0.089425822556972179","false"
"Specification-Baseline__Cost-2__Fee-British__ExitFees-AllUnilateralExits","1","75","0","P","7","14","P Offer","P Liability Signal: 9;P Files: 1;D Answers: 1;P Abandons: 2","9,1,1,2","0.097680000000000003","false","10.610050828871241","10.610050828871241","9","0.85","0","10.565347309088507","0.044703519782734347","false"
"Specification-Baseline__Cost-2__Fee-British__ExitFees-AllUnilateralExits","1","75","0","P","7","14","P Offer","P Liability Signal: 9;P Files: 1;D Answers: 1;P Abandons: 2","9,1,1,2","0.097680000000000003","false","10.610050828871241","10.610050828871241","10","0.95","1","10.610050828871241","0","true"
"Specification-Baseline__Cost-2__Fee-British__ExitFees-AllUnilateralExits","1","76","0","P","2","9","P Files","P Liability Signal: 10","10","0.080430000000000001","false","10.636699260063818","10.636699260063818","1","Yes","1","10.636699260063818","0","true"
"Specification-Baseline__Cost-2__Fee-British__ExitFees-AllUnilateralExits","1","76","0","P","2","9","P Files","P Liability Signal: 10","10","0.080430000000000001","false","10.636699260063818","10.636699260063818","2","No","0","9.9999928393000008","0.63670642076381689","false"
"Specification-Baseline__Cost-2__Fee-British__ExitFees-AllUnilateralExits","1","77","0","P","5","20","P Abandons","P Liability Signal: 10;P Files: 1;D Answers: 1","10,1,1","0.080430000000000001","false","10.636699260063818","10.636699260063818","1","Yes","0","10.356241206937028","0.28045805312678951","false"
"Specification-Baseline__Cost-2__Fee-British__ExitFees-AllUnilateralExits","1","77","0","P","5","20","P Abandons","P Liability Signal: 10;P Files: 1;D Answers: 1","10,1,1","0.080430000000000001","false","10.636699260063818","10.636699260063818","2","No","1","10.636699260063818","0","true"
"Specification-Baseline__Cost-2__Fee-British__ExitFees-AllUnilateralExits","1","78","0","P","7","14","P Offer","P Liability Signal: 10;P Files: 1;D Answers: 1;P Abandons: 1","10,1,1,1","0","true","","","1","0.05","0.099999999999999964","","",""
"Specification-Baseline__Cost-2__Fee-British__ExitFees-AllUnilateralExits","1","78","0","P","7","14","P Offer","P Liability Signal: 10;P Files: 1;D Answers: 1;P Abandons: 1","10,1,1,1","0","true","","","2","0.15","0.099999999999999964","","",""
"Specification-Baseline__Cost-2__Fee-British__ExitFees-AllUnilateralExits","1","78","0","P","7","14","P Offer","P Liability Signal: 10;P Files: 1;D Answers: 1;P Abandons: 1","10,1,1,1","0","true","","","3","0.25","0.099999999999999964","","",""
"Specification-Baseline__Cost-2__Fee-British__ExitFees-AllUnilateralExits","1","78","0","P","7","14","P Offer","P Liability Signal: 10;P Files: 1;D Answers: 1;P Abandons: 1","10,1,1,1","0","true","","","4","0.35","0.099999999999999964","","",""
"Specification-Baseline__Cost-2__Fee-British__ExitFees-AllUnilateralExits","1","78","0","P","7","14","P Offer","P Liability Signal: 10;P Files: 1;D Answers: 1;P Abandons: 1","10,1,1,1","0","true","","","5","0.45","0.099999999999999964","","",""
"Specification-Baseline__Cost-2__Fee-British__ExitFees-AllUnilateralExits","1","78","0","P","7","14","P Offer","P Liability Signal: 10;P Files: 1;D Answers: 1;P Abandons: 1","10,1,1,1","0","true","","","6","0.55","0.099999999999999964","","",""
"Specification-Baseline__Cost-2__Fee-British__ExitFees-AllUnilateralExits","1","78","0","P","7","14","P Offer","P Liability Signal: 10;P Files: 1;D Answers: 1;P Abandons: 1","10,1,1,1","0","true","","","7","0.65","0.099999999999999964","","",""
"Specification-Baseline__Cost-2__Fee-British__ExitFees-AllUnilateralExits","1","78","0","P","7","14","P Offer","P Liability Signal: 10;P Files: 1;D Answers: 1;P Abandons: 1","10,1,1,1","0","true","","","8","0.75","0.099999999999999964","","",""
"Specification-Baseline__Cost-2__Fee-British__ExitFees-AllUnilateralExits","1","78","0","P","7","14","P Offer","P Liability Signal: 10;P Files: 1;D Answers: 1;P Abandons: 1","10,1,1,1","0","true","","","9","0.85","0.099999999999999964","","",""
"Specification-Baseline__Cost-2__Fee-British__ExitFees-AllUnilateralExits","1","78","0","P","7","14","P Offer","P Liability Signal: 10;P Files: 1;D Answers: 1;P Abandons: 1","10,1,1,1","0","true","","","10","0.95","0.099999999999999964","","",""
"Specification-Baseline__Cost-2__Fee-British__ExitFees-AllUnilateralExits","1","79","0","P","7","14","P Offer","P Liability Signal: 10;P Files: 1;D Answers: 1;P Abandons: 2","10,1,1,2","0.080430000000000001","false","10.636699260063818","10.636699260063818","1","0.05","0","10.168736924541978","0.46796233552183963","false"
"Specification-Baseline__Cost-2__Fee-British__ExitFees-AllUnilateralExits","1","79","0","P","7","14","P Offer","P Liability Signal: 10;P Files: 1;D Answers: 1;P Abandons: 2","10,1,1,2","0.080430000000000001","false","10.636699260063818","10.636699260063818","2","0.15","0","10.264486019978225","0.37221324008559264","false"
"Specification-Baseline__Cost-2__Fee-British__ExitFees-AllUnilateralExits","1","79","0","P","7","14","P Offer","P Liability Signal: 10;P Files: 1;D Answers: 1;P Abandons: 2","10,1,1,2","0.080430000000000001","false","10.636699260063818","10.636699260063818","3","0.25","0","10.311022447443243","0.32567681262057491","false"
"Specification-Baseline__Cost-2__Fee-British__ExitFees-AllUnilateralExits","1","79","0","P","7","14","P Offer","P Liability Signal: 10;P Files: 1;D Answers: 1;P Abandons: 2","10,1,1,2","0.080430000000000001","false","10.636699260063818","10.636699260063818","4","0.35","0","10.357539329999621","0.27915993006419626","false"
"Specification-Baseline__Cost-2__Fee-British__ExitFees-AllUnilateralExits","1","79","0","P","7","14","P Offer","P Liability Signal: 10;P Files: 1;D Answers: 1;P Abandons: 2","10,1,1,2","0.080430000000000001","false","10.636699260063818","10.636699260063818","5","0.45","0","10.404075757464641","0.23262350259917675","false"
"Specification-Baseline__Cost-2__Fee-British__ExitFees-AllUnilateralExits","1","79","0","P","7","14","P Offer","P Liability Signal: 10;P Files: 1;D Answers: 1;P Abandons: 2","10,1,1,2","0.080430000000000001","false","10.636699260063818","10.636699260063818","6","0.55","0","10.450592640021021","0.18610662004279632","false"
"Specification-Baseline__Cost-2__Fee-British__ExitFees-AllUnilateralExits","1","79","0","P","7","14","P Offer","P Liability Signal: 10;P Files: 1;D Answers: 1;P Abandons: 2","10,1,1,2","0.080430000000000001","false","10.636699260063818","10.636699260063818","7","0.65","0","10.497129067486041","0.13957019257777681","false"
"Specification-Baseline__Cost-2__Fee-British__ExitFees-AllUnilateralExits","1","79","0","P","7","14","P Offer","P Liability Signal: 10;P Files: 1;D Answers: 1;P Abandons: 2","10,1,1,2","0.080430000000000001","false","10.636699260063818","10.636699260063818","8","0.75","0","10.543645950042421","0.093053310021396385","false"
"Specification-Baseline__Cost-2__Fee-British__ExitFees-AllUnilateralExits","1","79","0","P","7","14","P Offer","P Liability Signal: 10;P Files: 1;D Answers: 1;P Abandons: 2","10,1,1,2","0.080430000000000001","false","10.636699260063818","10.636699260063818","9","0.85","0","10.590182377507439","0.046516882556378647","false"
"Specification-Baseline__Cost-2__Fee-British__ExitFees-AllUnilateralExits","1","79","0","P","7","14","P Offer","P Liability Signal: 10;P Files: 1;D Answers: 1;P Abandons: 2","10,1,1,2","0.080430000000000001","false","10.636699260063818","10.636699260063818","10","0.95","1","10.636699260063818","0","true"
"Specification-Baseline__Cost-2__Fee-British__ExitFees-AllUnilateralExits","1","1","1","D","3","10","D Answers","D Liability Signal: 1;P Files: 1","1,1","0.0089387532049241252","false","9.5971079789918399","9.5971079789918399","1","Yes","1","9.5971079789918399","0","true"
"Specification-Baseline__Cost-2__Fee-British__ExitFees-AllUnilateralExits","1","1","1","D","3","10","D Answers","D Liability Signal: 1;P Files: 1","1,1","0.0089387532049241252","false","9.5971079789918399","9.5971079789918399","2","No","0","8.6999969922000009","0.89711098679183898","false"
"Specification-Baseline__Cost-2__Fee-British__ExitFees-AllUnilateralExits","1","3","1","D","6","21","D Defaults","D Liability Signal: 1;P Files: 1;D Answers: 1","1,1,1","0.0089387532049241252","false","9.5971079789918399","9.5971079789918399","1","Yes","0","8.5919814794974805","1.0051264994943594","false"
"Specification-Baseline__Cost-2__Fee-British__ExitFees-AllUnilateralExits","1","3","1","D","6","21","D Defaults","D Liability Signal: 1;P Files: 1;D Answers: 1","1,1,1","0.0089387532049241252","false","9.5971079789918399","9.5971079789918399","2","No","1","9.5971079789918399","0","true"
"Specification-Baseline__Cost-2__Fee-British__ExitFees-AllUnilateralExits","1","5","1","D","8","15","D Offer","D Liability Signal: 1;P Files: 1;D Answers: 1;D Defaults: 1","1,1,1,1","0","true","","","1","0.05","0.099999999999999964","","",""
"Specification-Baseline__Cost-2__Fee-British__ExitFees-AllUnilateralExits","1","5","1","D","8","15","D Offer","D Liability Signal: 1;P Files: 1;D Answers: 1;D Defaults: 1","1,1,1,1","0","true","","","2","0.15","0.099999999999999964","","",""
"Specification-Baseline__Cost-2__Fee-British__ExitFees-AllUnilateralExits","1","5","1","D","8","15","D Offer","D Liability Signal: 1;P Files: 1;D Answers: 1;D Defaults: 1","1,1,1,1","0","true","","","3","0.25","0.099999999999999964","","",""
"Specification-Baseline__Cost-2__Fee-British__ExitFees-AllUnilateralExits","1","5","1","D","8","15","D Offer","D Liability Signal: 1;P Files: 1;D Answers: 1;D Defaults: 1","1,1,1,1","0","true","","","4","0.35","0.099999999999999964","","",""
"Specification-Baseline__Cost-2__Fee-British__ExitFees-AllUnilateralExits","1","5","1","D","8","15","D Offer","D Liability Signal: 1;P Files: 1;D Answers: 1;D Defaults: 1","1,1,1,1","0","true","","","5","0.45","0.099999999999999964","","",""
"Specification-Baseline__Cost-2__Fee-British__ExitFees-AllUnilateralExits","1","5","1","D","8","15","D Offer","D Liability Signal: 1;P Files: 1;D Answers: 1;D Defaults: 1","1,1,1,1","0","true","","","6","0.55","0.099999999999999964","","",""
"Specification-Baseline__Cost-2__Fee-British__ExitFees-AllUnilateralExits","1","5","1","D","8","15","D Offer","D Liability Signal: 1;P Files: 1;D Answers: 1;D Defaults: 1","1,1,1,1","0","true","","","7","0.65","0.099999999999999964","","",""
"Specification-Baseline__Cost-2__Fee-British__ExitFees-AllUnilateralExits","1","5","1","D","8","15","D Offer","D Liability Signal: 1;P Files: 1;D Answers: 1;D Defaults: 1","1,1,1,1","0","true","","","8","0.75","0.099999999999999964","","",""
"Specification-Baseline__Cost-2__Fee-British__ExitFees-AllUnilateralExits","1","5","1","D","8","15","D Offer","D Liability Signal: 1;P Files: 1;D Answers: 1;D Defaults: 1","1,1,1,1","0","true","","","9","0.85","0.099999999999999964","","",""
"Specification-Baseline__Cost-2__Fee-British__ExitFees-AllUnilateralExits","1","5","1","D","8","15","D Offer","D Liability Signal: 1;P Files: 1;D Answers: 1;D Defaults: 1","1,1,1,1","0","true","","","10","0.95","0.099999999999999964","","",""
"Specification-Baseline__Cost-2__Fee-British__ExitFees-AllUnilateralExits","1","6","1","D","8","15","D Offer","D Liability Signal: 1;P Files: 1;D Answers: 1;D Defaults: 2","1,1,1,2","0.0089387532049241252","false","9.5971079789918399","9.5971079789918399","1","0.05","1","9.5971079789918399","0","true"
"Specification-Baseline__Cost-2__Fee-British__ExitFees-AllUnilateralExits","1","6","1","D","8","15","D Offer","D Liability Signal: 1;P Files: 1;D Answers: 1;D Defaults: 2","1,1,1,2","0.0089387532049241252","false","9.5971079789918399","9.5971079789918399","2","0.15","0","9.5971079789918399","0","true"
"Specification-Baseline__Cost-2__Fee-British__ExitFees-AllUnilateralExits","1","6","1","D","8","15","D Offer","D Liability Signal: 1;P Files: 1;D Answers: 1;D Defaults: 2","1,1,1,2","0.0089387532049241252","false","9.5971079789918399","9.5971079789918399","3","0.25","0","9.5971079789918399","0","true"
"Specification-Baseline__Cost-2__Fee-British__ExitFees-AllUnilateralExits","1","6","1","D","8","15","D Offer","D Liability Signal: 1;P Files: 1;D Answers: 1;D Defaults: 2","1,1,1,2","0.0089387532049241252","false","9.5971079789918399","9.5971079789918399","4","0.35","0","9.5971079789918399","0","true"
"Specification-Baseline__Cost-2__Fee-British__ExitFees-AllUnilateralExits","1","6","1","D","8","15","D Offer","D Liability Signal: 1;P Files: 1;D Answers: 1;D Defaults: 2","1,1,1,2","0.0089387532049241252","false","9.5971079789918399","9.5971079789918399","5","0.45","0","9.5971079789918399","0","true"
"Specification-Baseline__Cost-2__Fee-British__ExitFees-AllUnilateralExits","1","6","1","D","8","15","D Offer","D Liability Signal: 1;P Files: 1;D Answers: 1;D Defaults: 2","1,1,1,2","0.0089387532049241252","false","9.5971079789918399","9.5971079789918399","6","0.55","0","9.5971079789918399","0","true"
"Specification-Baseline__Cost-2__Fee-British__ExitFees-AllUnilateralExits","1","6","1","D","8","15","D Offer","D Liability Signal: 1;P Files: 1;D Answers: 1;D Defaults: 2","1,1,1,2","0.0089387532049241252","false","9.5971079789918399","9.5971079789918399","7","0.65","0","9.5971079789918399","0","true"
"Specification-Baseline__Cost-2__Fee-British__ExitFees-AllUnilateralExits","1","6","1","D","8","15","D Offer","D Liability Signal: 1;P Files: 1;D Answers: 1;D Defaults: 2","1,1,1,2","0.0089387532049241252","false","9.5971079789918399","9.5971079789918399","8","0.75","0","9.5971079789918399","0","true"
"Specification-Baseline__Cost-2__Fee-British__ExitFees-AllUnilateralExits","1","6","1","D","8","15","D Offer","D Liability Signal: 1;P Files: 1;D Answers: 1;D Defaults: 2","1,1,1,2","0.0089387532049241252","false","9.5971079789918399","9.5971079789918399","9","0.85","0","9.5971079789918399","0","true"
"Specification-Baseline__Cost-2__Fee-British__ExitFees-AllUnilateralExits","1","6","1","D","8","15","D Offer","D Liability Signal: 1;P Files: 1;D Answers: 1;D Defaults: 2","1,1,1,2","0.0089387532049241252","false","9.5971079789918399","9.5971079789918399","10","0.95","0","8.7500068019000015","0.84710117709183841","false"
"Specification-Baseline__Cost-2__Fee-British__ExitFees-AllUnilateralExits","1","8","1","D","3","10","D Answers","D Liability Signal: 2;P Files: 1","2,1","0.01539318737561365","false","9.4304265675617902","9.4304265675617902","1","Yes","1","9.4304265675617902","0","true"
"Specification-Baseline__Cost-2__Fee-British__ExitFees-AllUnilateralExits","1","8","1","D","3","10","D Answers","D Liability Signal: 2;P Files: 1","2,1","0.01539318737561365","false","9.4304265675617902","9.4304265675617902","2","No","0","8.6999969921999991","0.73042957536179109","false"
"Specification-Baseline__Cost-2__Fee-British__ExitFees-AllUnilateralExits","1","9","1","D","6","21","D Defaults","D Liability Signal: 2;P Files: 1;D Answers: 1","2,1,1","0.01539318737561365","false","9.4304265675617902","9.4304265675617902","1","Yes","0","8.5655581493538637","0.86486841820792648","false"
"Specification-Baseline__Cost-2__Fee-British__ExitFees-AllUnilateralExits","1","9","1","D","6","21","D Defaults","D Liability Signal: 2;P Files: 1;D Answers: 1","2,1,1","0.01539318737561365","false","9.4304265675617902","9.4304265675617902","2","No","1","9.4304265675617902","0","true"
"Specification-Baseline__Cost-2__Fee-British__ExitFees-AllUnilateralExits","1","10","1","D","8","15","D Offer","D Liability Signal: 2;P Files: 1;D Answers: 1;D Defaults: 1","2,1,1,1","0","true","","","1","0.05","0.099999999999999964","","",""
"Specification-Baseline__Cost-2__Fee-British__ExitFees-AllUnilateralExits","1","10","1","D","8","15","D Offer","D Liability Signal: 2;P Files: 1;D Answers: 1;D Defaults: 1","2,1,1,1","0","true","","","2","0.15","0.099999999999999964","","",""
"Specification-Baseline__Cost-2__Fee-British__ExitFees-AllUnilateralExits","1","10","1","D","8","15","D Offer","D Liability Signal: 2;P Files: 1;D Answers: 1;D Defaults: 1","2,1,1,1","0","true","","","3","0.25","0.099999999999999964","","",""
"Specification-Baseline__Cost-2__Fee-British__ExitFees-AllUnilateralExits","1","10","1","D","8","15","D Offer","D Liability Signal: 2;P Files: 1;D Answers: 1;D Defaults: 1","2,1,1,1","0","true","","","4","0.35","0.099999999999999964","","",""
"Specification-Baseline__Cost-2__Fee-British__ExitFees-AllUnilateralExits","1","10","1","D","8","15","D Offer","D Liability Signal: 2;P Files: 1;D Answers: 1;D Defaults: 1","2,1,1,1","0","true","","","5","0.45","0.099999999999999964","","",""
"Specification-Baseline__Cost-2__Fee-British__ExitFees-AllUnilateralExits","1","10","1","D","8","15","D Offer","D Liability Signal: 2;P Files: 1;D Answers: 1;D Defaults: 1","2,1,1,1","0","true","","","6","0.55","0.099999999999999964","","",""
"Specification-Baseline__Cost-2__Fee-British__ExitFees-AllUnilateralExits","1","10","1","D","8","15","D Offer","D Liability Signal: 2;P Files: 1;D Answers: 1;D Defaults: 1","2,1,1,1","0","true","","","7","0.65","0.099999999999999964","","",""
"Specification-Baseline__Cost-2__Fee-British__ExitFees-AllUnilateralExits","1","10","1","D","8","15","D Offer","D Liability Signal: 2;P Files: 1;D Answers: 1;D Defaults: 1","2,1,1,1","0","true","","","8","0.75","0.099999999999999964","","",""
"Specification-Baseline__Cost-2__Fee-British__ExitFees-AllUnilateralExits","1","10","1","D","8","15","D Offer","D Liability Signal: 2;P Files: 1;D Answers: 1;D Defaults: 1","2,1,1,1","0","true","","","9","0.85","0.099999999999999964","","",""
"Specification-Baseline__Cost-2__Fee-British__ExitFees-AllUnilateralExits","1","10","1","D","8","15","D Offer","D Liability Signal: 2;P Files: 1;D Answers: 1;D Defaults: 1","2,1,1,1","0","true","","","10","0.95","0.099999999999999964","","",""
"Specification-Baseline__Cost-2__Fee-British__ExitFees-AllUnilateralExits","1","11","1","D","8","15","D Offer","D Liability Signal: 2;P Files: 1;D Answers: 1;D Defaults: 2","2,1,1,2","0.01539318737561365","false","9.4304265675617902","9.4304265675617902","1","0.05","1","9.4304265675617902","0","true"
"Specification-Baseline__Cost-2__Fee-British__ExitFees-AllUnilateralExits","1","11","1","D","8","15","D Offer","D Liability Signal: 2;P Files: 1;D Answers: 1;D Defaults: 2","2,1,1,2","0.01539318737561365","false","9.4304265675617902","9.4304265675617902","2","0.15","0","9.4304265675617902","0","true"
"Specification-Baseline__Cost-2__Fee-British__ExitFees-AllUnilateralExits","1","11","1","D","8","15","D Offer","D Liability Signal: 2;P Files: 1;D Answers: 1;D Defaults: 2","2,1,1,2","0.01539318737561365","false","9.4304265675617902","9.4304265675617902","3","0.25","0","9.4304265675617902","0","true"
"Specification-Baseline__Cost-2__Fee-British__ExitFees-AllUnilateralExits","1","11","1","D","8","15","D Offer","D Liability Signal: 2;P Files: 1;D Answers: 1;D Defaults: 2","2,1,1,2","0.01539318737561365","false","9.4304265675617902","9.4304265675617902","4","0.35","0","9.4304265675617902","0","true"
"Specification-Baseline__Cost-2__Fee-British__ExitFees-AllUnilateralExits","1","11","1","D","8","15","D Offer","D Liability Signal: 2;P Files: 1;D Answers: 1;D Defaults: 2","2,1,1,2","0.01539318737561365","false","9.4304265675617902","9.4304265675617902","5","0.45","0","9.4304265675617902","0","true"
"Specification-Baseline__Cost-2__Fee-British__ExitFees-AllUnilateralExits","1","11","1","D","8","15","D Offer","D Liability Signal: 2;P Files: 1;D Answers: 1;D Defaults: 2","2,1,1,2","0.01539318737561365","false","9.4304265675617902","9.4304265675617902","6","0.55","0","9.4304265675617902","0","true"
"Specification-Baseline__Cost-2__Fee-British__ExitFees-AllUnilateralExits","1","11","1","D","8","15","D Offer","D Liability Signal: 2;P Files: 1;D Answers: 1;D Defaults: 2","2,1,1,2","0.01539318737561365","false","9.4304265675617902","9.4304265675617902","7","0.65","0","9.4304265675617902","0","true"
"Specification-Baseline__Cost-2__Fee-British__ExitFees-AllUnilateralExits","1","11","1","D","8","15","D Offer","D Liability Signal: 2;P Files: 1;D Answers: 1;D Defaults: 2","2,1,1,2","0.01539318737561365","false","9.4304265675617902","9.4304265675617902","8","0.75","0","9.4304265675617902","0","true"
"Specification-Baseline__Cost-2__Fee-British__ExitFees-AllUnilateralExits","1","11","1","D","8","15","D Offer","D Liability Signal: 2;P Files: 1;D Answers: 1;D Defaults: 2","2,1,1,2","0.01539318737561365","false","9.4304265675617902","9.4304265675617902","9","0.85","0","9.4304265675617902","0","true"
"Specification-Baseline__Cost-2__Fee-British__ExitFees-AllUnilateralExits","1","11","1","D","8","15","D Offer","D Liability Signal: 2;P Files: 1;D Answers: 1;D Defaults: 2","2,1,1,2","0.01539318737561365","false","9.4304265675617902","9.4304265675617902","10","0.95","0","8.7500068018999997","0.68041976566179052","false"
"Specification-Baseline__Cost-2__Fee-British__ExitFees-AllUnilateralExits","1","12","1","D","3","10","D Answers","D Liability Signal: 3;P Files: 1","3,1","0.024450151978766582","false","9.2249768397659384","9.2249768397659384","1","Yes","1","9.2249768397659384","0","true"
"Specification-Baseline__Cost-2__Fee-British__ExitFees-AllUnilateralExits","1","12","1","D","3","10","D Answers","D Liability Signal: 3;P Files: 1","3,1","0.024450151978766582","false","9.2249768397659384","9.2249768397659384","2","No","0","8.6999969922000009","0.52497984756593752","false"
"Specification-Baseline__Cost-2__Fee-British__ExitFees-AllUnilateralExits","1","13","1","D","6","21","D Defaults","D Liability Signal: 3;P Files: 1;D Answers: 1","3,1,1","0.024450151978766582","false","9.2249768397659384","9.2249768397659384","1","Yes","0","8.5394528743367246","0.68552396542921379","false"
"Specification-Baseline__Cost-2__Fee-British__ExitFees-AllUnilateralExits","1","13","1","D","6","21","D Defaults","D Liability Signal: 3;P Files: 1;D Answers: 1","3,1,1","0.024450151978766582","false","9.2249768397659384","9.2249768397659384","2","No","1","9.2249768397659384","0","true"
"Specification-Baseline__Cost-2__Fee-British__ExitFees-AllUnilateralExits","1","14","1","D","8","15","D Offer","D Liability Signal: 3;P Files: 1;D Answers: 1;D Defaults: 1","3,1,1,1","0","true","","","1","0.05","0.099999999999999964","","",""
"Specification-Baseline__Cost-2__Fee-British__ExitFees-AllUnilateralExits","1","14","1","D","8","15","D Offer","D Liability Signal: 3;P Files: 1;D Answers: 1;D Defaults: 1","3,1,1,1","0","true","","","2","0.15","0.099999999999999964","","",""
"Specification-Baseline__Cost-2__Fee-British__ExitFees-AllUnilateralExits","1","14","1","D","8","15","D Offer","D Liability Signal: 3;P Files: 1;D Answers: 1;D Defaults: 1","3,1,1,1","0","true","","","3","0.25","0.099999999999999964","","",""
"Specification-Baseline__Cost-2__Fee-British__ExitFees-AllUnilateralExits","1","14","1","D","8","15","D Offer","D Liability Signal: 3;P Files: 1;D Answers: 1;D Defaults: 1","3,1,1,1","0","true","","","4","0.35","0.099999999999999964","","",""
"Specification-Baseline__Cost-2__Fee-British__ExitFees-AllUnilateralExits","1","14","1","D","8","15","D Offer","D Liability Signal: 3;P Files: 1;D Answers: 1;D Defaults: 1","3,1,1,1","0","true","","","5","0.45","0.099999999999999964","","",""
"Specification-Baseline__Cost-2__Fee-British__ExitFees-AllUnilateralExits","1","14","1","D","8","15","D Offer","D Liability Signal: 3;P Files: 1;D Answers: 1;D Defaults: 1","3,1,1,1","0","true","","","6","0.55","0.099999999999999964","","",""
"Specification-Baseline__Cost-2__Fee-British__ExitFees-AllUnilateralExits","1","14","1","D","8","15","D Offer","D Liability Signal: 3;P Files: 1;D Answers: 1;D Defaults: 1","3,1,1,1","0","true","","","7","0.65","0.099999999999999964","","",""
"Specification-Baseline__Cost-2__Fee-British__ExitFees-AllUnilateralExits","1","14","1","D","8","15","D Offer","D Liability Signal: 3;P Files: 1;D Answers: 1;D Defaults: 1","3,1,1,1","0","true","","","8","0.75","0.099999999999999964","","",""
"Specification-Baseline__Cost-2__Fee-British__ExitFees-AllUnilateralExits","1","14","1","D","8","15","D Offer","D Liability Signal: 3;P Files: 1;D Answers: 1;D Defaults: 1","3,1,1,1","0","true","","","9","0.85","0.099999999999999964","","",""
"Specification-Baseline__Cost-2__Fee-British__ExitFees-AllUnilateralExits","1","14","1","D","8","15","D Offer","D Liability Signal: 3;P Files: 1;D Answers: 1;D Defaults: 1","3,1,1,1","0","true","","","10","0.95","0.099999999999999964","","",""
"Specification-Baseline__Cost-2__Fee-British__ExitFees-AllUnilateralExits","1","15","1","D","8","15","D Offer","D Liability Signal: 3;P Files: 1;D Answers: 1;D Defaults: 2","3,1,1,2","0.024450151978766582","false","9.2249768397659384","9.2249768397659384","1","0.05","1","9.2249768397659384","0","true"
"Specification-Baseline__Cost-2__Fee-British__ExitFees-AllUnilateralExits","1","15","1","D","8","15","D Offer","D Liability Signal: 3;P Files: 1;D Answers: 1;D Defaults: 2","3,1,1,2","0.024450151978766582","false","9.2249768397659384","9.2249768397659384","2","0.15","0","9.2249768397659384","0","true"
"Specification-Baseline__Cost-2__Fee-British__ExitFees-AllUnilateralExits","1","15","1","D","8","15","D Offer","D Liability Signal: 3;P Files: 1;D Answers: 1;D Defaults: 2","3,1,1,2","0.024450151978766582","false","9.2249768397659384","9.2249768397659384","3","0.25","0","9.2249768397659384","0","true"
"Specification-Baseline__Cost-2__Fee-British__ExitFees-AllUnilateralExits","1","15","1","D","8","15","D Offer","D Liability Signal: 3;P Files: 1;D Answers: 1;D Defaults: 2","3,1,1,2","0.024450151978766582","false","9.2249768397659384","9.2249768397659384","4","0.35","0","9.2249768397659384","0","true"
"Specification-Baseline__Cost-2__Fee-British__ExitFees-AllUnilateralExits","1","15","1","D","8","15","D Offer","D Liability Signal: 3;P Files: 1;D Answers: 1;D Defaults: 2","3,1,1,2","0.024450151978766582","false","9.2249768397659384","9.2249768397659384","5","0.45","0","9.2249768397659384","0","true"
"Specification-Baseline__Cost-2__Fee-British__ExitFees-AllUnilateralExits","1","15","1","D","8","15","D Offer","D Liability Signal: 3;P Files: 1;D Answers: 1;D Defaults: 2","3,1,1,2","0.024450151978766582","false","9.2249768397659384","9.2249768397659384","6","0.55","0","9.2249768397659384","0","true"
"Specification-Baseline__Cost-2__Fee-British__ExitFees-AllUnilateralExits","1","15","1","D","8","15","D Offer","D Liability Signal: 3;P Files: 1;D Answers: 1;D Defaults: 2","3,1,1,2","0.024450151978766582","false","9.2249768397659384","9.2249768397659384","7","0.65","0","9.2249768397659384","0","true"
"Specification-Baseline__Cost-2__Fee-British__ExitFees-AllUnilateralExits","1","15","1","D","8","15","D Offer","D Liability Signal: 3;P Files: 1;D Answers: 1;D Defaults: 2","3,1,1,2","0.024450151978766582","false","9.2249768397659384","9.2249768397659384","8","0.75","0","9.2249768397659384","0","true"
"Specification-Baseline__Cost-2__Fee-British__ExitFees-AllUnilateralExits","1","15","1","D","8","15","D Offer","D Liability Signal: 3;P Files: 1;D Answers: 1;D Defaults: 2","3,1,1,2","0.024450151978766582","false","9.2249768397659384","9.2249768397659384","9","0.85","0","9.2249768397659384","0","true"
"Specification-Baseline__Cost-2__Fee-British__ExitFees-AllUnilateralExits","1","15","1","D","8","15","D Offer","D Liability Signal: 3;P Files: 1;D Answers: 1;D Defaults: 2","3,1,1,2","0.024450151978766582","false","9.2249768397659384","9.2249768397659384","10","0.95","0","8.7500068018999997","0.47497003786593872","false"
"Specification-Baseline__Cost-2__Fee-British__ExitFees-AllUnilateralExits","1","16","1","D","3","10","D Answers","D Liability Signal: 4;P Files: 1","4,1","0.036201941296985098","false","8.992156474836591","8.992156474836591","1","Yes","1","8.992156474836591","0","true"
"Specification-Baseline__Cost-2__Fee-British__ExitFees-AllUnilateralExits","1","16","1","D","3","10","D Answers","D Liability Signal: 4;P Files: 1","4,1","0.036201941296985098","false","8.992156474836591","8.992156474836591","2","No","0","8.6999969921999991","0.29215948263659186","false"
"Specification-Baseline__Cost-2__Fee-British__ExitFees-AllUnilateralExits","1","17","1","D","6","21","D Defaults","D Liability Signal: 4;P Files: 1;D Answers: 1","4,1,1","0.036201941296985098","false","8.992156474836591","8.992156474836591","1","Yes","0","8.515431358532636","0.47672511630395498","false"
"Specification-Baseline__Cost-2__Fee-British__ExitFees-AllUnilateralExits","1","17","1","D","6","21","D Defaults","D Liability Signal: 4;P Files: 1;D Answers: 1","4,1,1","0.036201941296985098","false","8.992156474836591","8.992156474836591","2","No","1","8.992156474836591","0","true"
"Specification-Baseline__Cost-2__Fee-British__ExitFees-AllUnilateralExits","1","18","1","D","8","15","D Offer","D Liability Signal: 4;P Files: 1;D Answers: 1;D Defaults: 1","4,1,1,1","0","true","","","1","0.05","0.099999999999999964","","",""
"Specification-Baseline__Cost-2__Fee-British__ExitFees-AllUnilateralExits","1","18","1","D","8","15","D Offer","D Liability Signal: 4;P Files: 1;D Answers: 1;D Defaults: 1","4,1,1,1","0","true","","","2","0.15","0.099999999999999964","","",""
"Specification-Baseline__Cost-2__Fee-British__ExitFees-AllUnilateralExits","1","18","1","D","8","15","D Offer","D Liability Signal: 4;P Files: 1;D Answers: 1;D Defaults: 1","4,1,1,1","0","true","","","3","0.25","0.099999999999999964","","",""
"Specification-Baseline__Cost-2__Fee-British__ExitFees-AllUnilateralExits","1","18","1","D","8","15","D Offer","D Liability Signal: 4;P Files: 1;D Answers: 1;D Defaults: 1","4,1,1,1","0","true","","","4","0.35","0.099999999999999964","","",""
"Specification-Baseline__Cost-2__Fee-British__ExitFees-AllUnilateralExits","1","18","1","D","8","15","D Offer","D Liability Signal: 4;P Files: 1;D Answers: 1;D Defaults: 1","4,1,1,1","0","true","","","5","0.45","0.099999999999999964","","",""
"Specification-Baseline__Cost-2__Fee-British__ExitFees-AllUnilateralExits","1","18","1","D","8","15","D Offer","D Liability Signal: 4;P Files: 1;D Answers: 1;D Defaults: 1","4,1,1,1","0","true","","","6","0.55","0.099999999999999964","","",""
"Specification-Baseline__Cost-2__Fee-British__ExitFees-AllUnilateralExits","1","18","1","D","8","15","D Offer","D Liability Signal: 4;P Files: 1;D Answers: 1;D Defaults: 1","4,1,1,1","0","true","","","7","0.65","0.099999999999999964","","",""
"Specification-Baseline__Cost-2__Fee-British__ExitFees-AllUnilateralExits","1","18","1","D","8","15","D Offer","D Liability Signal: 4;P Files: 1;D Answers: 1;D Defaults: 1","4,1,1,1","0","true","","","8","0.75","0.099999999999999964","","",""
"Specification-Baseline__Cost-2__Fee-British__ExitFees-AllUnilateralExits","1","18","1","D","8","15","D Offer","D Liability Signal: 4;P Files: 1;D Answers: 1;D Defaults: 1","4,1,1,1","0","true","","","9","0.85","0.099999999999999964","","",""
"Specification-Baseline__Cost-2__Fee-British__ExitFees-AllUnilateralExits","1","18","1","D","8","15","D Offer","D Liability Signal: 4;P Files: 1;D Answers: 1;D Defaults: 1","4,1,1,1","0","true","","","10","0.95","0.099999999999999964","","",""
"Specification-Baseline__Cost-2__Fee-British__ExitFees-AllUnilateralExits","1","19","1","D","8","15","D Offer","D Liability Signal: 4;P Files: 1;D Answers: 1;D Defaults: 2","4,1,1,2","0.036201941296985098","false","8.992156474836591","8.992156474836591","1","0.05","1","8.992156474836591","0","true"
"Specification-Baseline__Cost-2__Fee-British__ExitFees-AllUnilateralExits","1","19","1","D","8","15","D Offer","D Liability Signal: 4;P Files: 1;D Answers: 1;D Defaults: 2","4,1,1,2","0.036201941296985098","false","8.992156474836591","8.992156474836591","2","0.15","0","8.992156474836591","0","true"
"Specification-Baseline__Cost-2__Fee-British__ExitFees-AllUnilateralExits","1","19","1","D","8","15","D Offer","D Liability Signal: 4;P Files: 1;D Answers: 1;D Defaults: 2","4,1,1,2","0.036201941296985098","false","8.992156474836591","8.992156474836591","3","0.25","0","8.992156474836591","0","true"
"Specification-Baseline__Cost-2__Fee-British__ExitFees-AllUnilateralExits","1","19","1","D","8","15","D Offer","D Liability Signal: 4;P Files: 1;D Answers: 1;D Defaults: 2","4,1,1,2","0.036201941296985098","false","8.992156474836591","8.992156474836591","4","0.35","0","8.992156474836591","0","true"
"Specification-Baseline__Cost-2__Fee-British__ExitFees-AllUnilateralExits","1","19","1","D","8","15","D Offer","D Liability Signal: 4;P Files: 1;D Answers: 1;D Defaults: 2","4,1,1,2","0.036201941296985098","false","8.992156474836591","8.992156474836591","5","0.45","0","8.992156474836591","0","true"
"Specification-Baseline__Cost-2__Fee-British__ExitFees-AllUnilateralExits","1","19","1","D","8","15","D Offer","D Liability Signal: 4;P Files: 1;D Answers: 1;D Defaults: 2","4,1,1,2","0.036201941296985098","false","8.992156474836591","8.992156474836591","6","0.55","0","8.992156474836591","0","true"
"Specification-Baseline__Cost-2__Fee-British__ExitFees-AllUnilateralExits","1","19","1","D","8","15","D Offer","D Liability Signal: 4;P Files: 1;D Answers: 1;D Defaults: 2","4,1,1,2","0.036201941296985098","false","8.992156474836591","8.992156474836591","7","0.65","0","8.992156474836591","0","true"
"Specification-Baseline__Cost-2__Fee-British__ExitFees-AllUnilateralExits","1","19","1","D","8","15","D Offer","D Liability Signal: 4;P Files: 1;D Answers: 1;D Defaults: 2","4,1,1,2","0.036201941296985098","false","8.992156474836591","8.992156474836591","8","0.75","0","8.992156474836591","0","true"
"Specification-Baseline__Cost-2__Fee-British__ExitFees-AllUnilateralExits","1","19","1","D","8","15","D Offer","D Liability Signal: 4;P Files: 1;D Answers: 1;D Defaults: 2","4,1,1,2","0.036201941296985098","false","8.992156474836591","8.992156474836591","9","0.85","0","8.992156474836591","0","true"
"Specification-Baseline__Cost-2__Fee-British__ExitFees-AllUnilateralExits","1","19","1","D","8","15","D Offer","D Liability Signal: 4;P Files: 1;D Answers: 1;D Defaults: 2","4,1,1,2","0.036201941296985098","false","8.992156474836591","8.992156474836591","10","0.95","0","8.7500068018999997","0.24214967293659129","false"
"Specification-Baseline__Cost-2__Fee-British__ExitFees-AllUnilateralExits","1","20","1","D","3","10","D Answers","D Liability Signal: 5;P Files: 1","5,1","0.050246061610601037","false","8.7500068018999997","8.7500068018999997","1","Yes","1","8.7500068018999997","0","true"
"Specification-Baseline__Cost-2__Fee-British__ExitFees-AllUnilateralExits","1","20","1","D","3","10","D Answers","D Liability Signal: 5;P Files: 1","5,1","0.050246061610601037","false","8.7500068018999997","8.7500068018999997","2","No","0","8.6999969922000009","0.050009809699998797","false"
"Specification-Baseline__Cost-2__Fee-British__ExitFees-AllUnilateralExits","1","21","1","D","6","21","D Defaults","D Liability Signal: 5;P Files: 1;D Answers: 1","5,1,1","0.050246061610601037","false","8.7500068018999997","8.7500068018999997","1","Yes","0","8.4946206943715641","0.2553861075284356","false"
"Specification-Baseline__Cost-2__Fee-British__ExitFees-AllUnilateralExits","1","21","1","D","6","21","D Defaults","D Liability Signal: 5;P Files: 1;D Answers: 1","5,1,1","0.050246061610601037","false","8.7500068018999997","8.7500068018999997","2","No","1","8.7500068018999997","0","true"
"Specification-Baseline__Cost-2__Fee-British__ExitFees-AllUnilateralExits","1","22","1","D","8","15","D Offer","D Liability Signal: 5;P Files: 1;D Answers: 1;D Defaults: 1","5,1,1,1","0","true","","","1","0.05","0.099999999999999964","","",""
"Specification-Baseline__Cost-2__Fee-British__ExitFees-AllUnilateralExits","1","22","1","D","8","15","D Offer","D Liability Signal: 5;P Files: 1;D Answers: 1;D Defaults: 1","5,1,1,1","0","true","","","2","0.15","0.099999999999999964","","",""
"Specification-Baseline__Cost-2__Fee-British__ExitFees-AllUnilateralExits","1","22","1","D","8","15","D Offer","D Liability Signal: 5;P Files: 1;D Answers: 1;D Defaults: 1","5,1,1,1","0","true","","","3","0.25","0.099999999999999964","","",""
"Specification-Baseline__Cost-2__Fee-British__ExitFees-AllUnilateralExits","1","22","1","D","8","15","D Offer","D Liability Signal: 5;P Files: 1;D Answers: 1;D Defaults: 1","5,1,1,1","0","true","","","4","0.35","0.099999999999999964","","",""
"Specification-Baseline__Cost-2__Fee-British__ExitFees-AllUnilateralExits","1","22","1","D","8","15","D Offer","D Liability Signal: 5;P Files: 1;D Answers: 1;D Defaults: 1","5,1,1,1","0","true","","","5","0.45","0.099999999999999964","","",""
"Specification-Baseline__Cost-2__Fee-British__ExitFees-AllUnilateralExits","1","22","1","D","8","15","D Offer","D Liability Signal: 5;P Files: 1;D Answers: 1;D Defaults: 1","5,1,1,1","0","true","","","6","0.55","0.099999999999999964","","",""
"Specification-Baseline__Cost-2__Fee-British__ExitFees-AllUnilateralExits","1","22","1","D","8","15","D Offer","D Liability Signal: 5;P Files: 1;D Answers: 1;D Defaults: 1","5,1,1,1","0","true","","","7","0.65","0.099999999999999964","","",""
"Specification-Baseline__Cost-2__Fee-British__ExitFees-AllUnilateralExits","1","22","1","D","8","15","D Offer","D Liability Signal: 5;P Files: 1;D Answers: 1;D Defaults: 1","5,1,1,1","0","true","","","8","0.75","0.099999999999999964","","",""
"Specification-Baseline__Cost-2__Fee-British__ExitFees-AllUnilateralExits","1","22","1","D","8","15","D Offer","D Liability Signal: 5;P Files: 1;D Answers: 1;D Defaults: 1","5,1,1,1","0","true","","","9","0.85","0.099999999999999964","","",""
"Specification-Baseline__Cost-2__Fee-British__ExitFees-AllUnilateralExits","1","22","1","D","8","15","D Offer","D Liability Signal: 5;P Files: 1;D Answers: 1;D Defaults: 1","5,1,1,1","0","true","","","10","0.95","0.099999999999999964","","",""
"Specification-Baseline__Cost-2__Fee-British__ExitFees-AllUnilateralExits","1","23","1","D","8","15","D Offer","D Liability Signal: 5;P Files: 1;D Answers: 1;D Defaults: 2","5,1,1,2","0.050246061610601037","false","8.7500068018999997","8.7500068019000015","1","0.05","0.64157271533206817","8.7500068018999997","1.7763568394002505E-15","true"
"Specification-Baseline__Cost-2__Fee-British__ExitFees-AllUnilateralExits","1","23","1","D","8","15","D Offer","D Liability Signal: 5;P Files: 1;D Answers: 1;D Defaults: 2","5,1,1,2","0.050246061610601037","false","8.7500068018999997","8.7500068019000015","2","0.15","0","8.7500068018999997","1.7763568394002505E-15","true"
"Specification-Baseline__Cost-2__Fee-British__ExitFees-AllUnilateralExits","1","23","1","D","8","15","D Offer","D Liability Signal: 5;P Files: 1;D Answers: 1;D Defaults: 2","5,1,1,2","0.050246061610601037","false","8.7500068018999997","8.7500068019000015","3","0.25","0","8.7500068018999997","1.7763568394002505E-15","true"
"Specification-Baseline__Cost-2__Fee-British__ExitFees-AllUnilateralExits","1","23","1","D","8","15","D Offer","D Liability Signal: 5;P Files: 1;D Answers: 1;D Defaults: 2","5,1,1,2","0.050246061610601037","false","8.7500068018999997","8.7500068019000015","4","0.35","0","8.7500068018999997","1.7763568394002505E-15","true"
"Specification-Baseline__Cost-2__Fee-British__ExitFees-AllUnilateralExits","1","23","1","D","8","15","D Offer","D Liability Signal: 5;P Files: 1;D Answers: 1;D Defaults: 2","5,1,1,2","0.050246061610601037","false","8.7500068018999997","8.7500068019000015","5","0.45","0","8.7500068018999997","1.7763568394002505E-15","true"
"Specification-Baseline__Cost-2__Fee-British__ExitFees-AllUnilateralExits","1","23","1","D","8","15","D Offer","D Liability Signal: 5;P Files: 1;D Answers: 1;D Defaults: 2","5,1,1,2","0.050246061610601037","false","8.7500068018999997","8.7500068019000015","6","0.55","0","8.7500068018999997","1.7763568394002505E-15","true"
"Specification-Baseline__Cost-2__Fee-British__ExitFees-AllUnilateralExits","1","23","1","D","8","15","D Offer","D Liability Signal: 5;P Files: 1;D Answers: 1;D Defaults: 2","5,1,1,2","0.050246061610601037","false","8.7500068018999997","8.7500068019000015","7","0.65","0","8.7500068018999997","1.7763568394002505E-15","true"
"Specification-Baseline__Cost-2__Fee-British__ExitFees-AllUnilateralExits","1","23","1","D","8","15","D Offer","D Liability Signal: 5;P Files: 1;D Answers: 1;D Defaults: 2","5,1,1,2","0.050246061610601037","false","8.7500068018999997","8.7500068019000015","8","0.75","0","8.7500068018999997","1.7763568394002505E-15","true"
"Specification-Baseline__Cost-2__Fee-British__ExitFees-AllUnilateralExits","1","23","1","D","8","15","D Offer","D Liability Signal: 5;P Files: 1;D Answers: 1;D Defaults: 2","5,1,1,2","0.050246061610601037","false","8.7500068018999997","8.7500068019000015","9","0.85","0","8.7500068018999997","1.7763568394002505E-15","true"
"Specification-Baseline__Cost-2__Fee-British__ExitFees-AllUnilateralExits","1","23","1","D","8","15","D Offer","D Liability Signal: 5;P Files: 1;D Answers: 1;D Defaults: 2","5,1,1,2","0.050246061610601037","false","8.7500068018999997","8.7500068019000015","10","0.95","0.35842728466793183","8.7500068019000015","0","true"
"Specification-Baseline__Cost-2__Fee-British__ExitFees-AllUnilateralExits","1","24","1","D","3","10","D Answers","D Liability Signal: 6;P Files: 1","6,1","0.065385395116794989","false","8.7500068019000015","8.7500068019000015","1","Yes","1","8.7500068019000015","0","true"
"Specification-Baseline__Cost-2__Fee-British__ExitFees-AllUnilateralExits","1","24","1","D","3","10","D Answers","D Liability Signal: 6;P Files: 1","6,1","0.065385395116794989","false","8.7500068019000015","8.7500068019000015","2","No","0","8.6999969922000009","0.050009809700000574","false"
"Specification-Baseline__Cost-2__Fee-British__ExitFees-AllUnilateralExits","1","25","1","D","6","21","D Defaults","D Liability Signal: 6;P Files: 1;D Answers: 1","6,1,1","0.065385395116794989","false","8.7500068019000015","8.7500068019000015","1","Yes","0","8.4776209465685195","0.27238585533148196","false"
"Specification-Baseline__Cost-2__Fee-British__ExitFees-AllUnilateralExits","1","25","1","D","6","21","D Defaults","D Liability Signal: 6;P Files: 1;D Answers: 1","6,1,1","0.065385395116794989","false","8.7500068019000015","8.7500068019000015","2","No","1","8.7500068019000015","0","true"
"Specification-Baseline__Cost-2__Fee-British__ExitFees-AllUnilateralExits","1","26","1","D","8","15","D Offer","D Liability Signal: 6;P Files: 1;D Answers: 1;D Defaults: 1","6,1,1,1","0","true","","","1","0.05","0.099999999999999964","","",""
"Specification-Baseline__Cost-2__Fee-British__ExitFees-AllUnilateralExits","1","26","1","D","8","15","D Offer","D Liability Signal: 6;P Files: 1;D Answers: 1;D Defaults: 1","6,1,1,1","0","true","","","2","0.15","0.099999999999999964","","",""
"Specification-Baseline__Cost-2__Fee-British__ExitFees-AllUnilateralExits","1","26","1","D","8","15","D Offer","D Liability Signal: 6;P Files: 1;D Answers: 1;D Defaults: 1","6,1,1,1","0","true","","","3","0.25","0.099999999999999964","","",""
"Specification-Baseline__Cost-2__Fee-British__ExitFees-AllUnilateralExits","1","26","1","D","8","15","D Offer","D Liability Signal: 6;P Files: 1;D Answers: 1;D Defaults: 1","6,1,1,1","0","true","","","4","0.35","0.099999999999999964","","",""
"Specification-Baseline__Cost-2__Fee-British__ExitFees-AllUnilateralExits","1","26","1","D","8","15","D Offer","D Liability Signal: 6;P Files: 1;D Answers: 1;D Defaults: 1","6,1,1,1","0","true","","","5","0.45","0.099999999999999964","","",""
"Specification-Baseline__Cost-2__Fee-British__ExitFees-AllUnilateralExits","1","26","1","D","8","15","D Offer","D Liability Signal: 6;P Files: 1;D Answers: 1;D Defaults: 1","6,1,1,1","0","true","","","6","0.55","0.099999999999999964","","",""
"Specification-Baseline__Cost-2__Fee-British__ExitFees-AllUnilateralExits","1","26","1","D","8","15","D Offer","D Liability Signal: 6;P Files: 1;D Answers: 1;D Defaults: 1","6,1,1,1","0","true","","","7","0.65","0.099999999999999964","","",""
"Specification-Baseline__Cost-2__Fee-British__ExitFees-AllUnilateralExits","1","26","1","D","8","15","D Offer","D Liability Signal: 6;P Files: 1;D Answers: 1;D Defaults: 1","6,1,1,1","0","true","","","8","0.75","0.099999999999999964","","",""
"Specification-Baseline__Cost-2__Fee-British__ExitFees-AllUnilateralExits","1","26","1","D","8","15","D Offer","D Liability Signal: 6;P Files: 1;D Answers: 1;D Defaults: 1","6,1,1,1","0","true","","","9","0.85","0.099999999999999964","","",""
"Specification-Baseline__Cost-2__Fee-British__ExitFees-AllUnilateralExits","1","26","1","D","8","15","D Offer","D Liability Signal: 6;P Files: 1;D Answers: 1;D Defaults: 1","6,1,1,1","0","true","","","10","0.95","0.099999999999999964","","",""
"Specification-Baseline__Cost-2__Fee-British__ExitFees-AllUnilateralExits","1","27","1","D","8","15","D Offer","D Liability Signal: 6;P Files: 1;D Answers: 1;D Defaults: 2","6,1,1,2","0.065385395116794989","false","8.7500068019000015","8.7500068019000015","1","0.05","0","8.5202646556303581","0.2297421462696434","false"
"Specification-Baseline__Cost-2__Fee-British__ExitFees-AllUnilateralExits","1","27","1","D","8","15","D Offer","D Liability Signal: 6;P Files: 1;D Answers: 1;D Defaults: 2","6,1,1,2","0.065385395116794989","false","8.7500068019000015","8.7500068019000015","2","0.15","0","8.5202646556303581","0.2297421462696434","false"
"Specification-Baseline__Cost-2__Fee-British__ExitFees-AllUnilateralExits","1","27","1","D","8","15","D Offer","D Liability Signal: 6;P Files: 1;D Answers: 1;D Defaults: 2","6,1,1,2","0.065385395116794989","false","8.7500068019000015","8.7500068019000015","3","0.25","0","8.5202646556303581","0.2297421462696434","false"
"Specification-Baseline__Cost-2__Fee-British__ExitFees-AllUnilateralExits","1","27","1","D","8","15","D Offer","D Liability Signal: 6;P Files: 1;D Answers: 1;D Defaults: 2","6,1,1,2","0.065385395116794989","false","8.7500068019000015","8.7500068019000015","4","0.35","0","8.5202646556303581","0.2297421462696434","false"
"Specification-Baseline__Cost-2__Fee-British__ExitFees-AllUnilateralExits","1","27","1","D","8","15","D Offer","D Liability Signal: 6;P Files: 1;D Answers: 1;D Defaults: 2","6,1,1,2","0.065385395116794989","false","8.7500068019000015","8.7500068019000015","5","0.45","0","8.5202646556303581","0.2297421462696434","false"
"Specification-Baseline__Cost-2__Fee-British__ExitFees-AllUnilateralExits","1","27","1","D","8","15","D Offer","D Liability Signal: 6;P Files: 1;D Answers: 1;D Defaults: 2","6,1,1,2","0.065385395116794989","false","8.7500068019000015","8.7500068019000015","6","0.55","0","8.5202646556303581","0.2297421462696434","false"
"Specification-Baseline__Cost-2__Fee-British__ExitFees-AllUnilateralExits","1","27","1","D","8","15","D Offer","D Liability Signal: 6;P Files: 1;D Answers: 1;D Defaults: 2","6,1,1,2","0.065385395116794989","false","8.7500068019000015","8.7500068019000015","7","0.65","0","8.5202646556303581","0.2297421462696434","false"
"Specification-Baseline__Cost-2__Fee-British__ExitFees-AllUnilateralExits","1","27","1","D","8","15","D Offer","D Liability Signal: 6;P Files: 1;D Answers: 1;D Defaults: 2","6,1,1,2","0.065385395116794989","false","8.7500068019000015","8.7500068019000015","8","0.75","0","8.5202646556303581","0.2297421462696434","false"
"Specification-Baseline__Cost-2__Fee-British__ExitFees-AllUnilateralExits","1","27","1","D","8","15","D Offer","D Liability Signal: 6;P Files: 1;D Answers: 1;D Defaults: 2","6,1,1,2","0.065385395116794989","false","8.7500068019000015","8.7500068019000015","9","0.85","0","8.5202646556303581","0.2297421462696434","false"
"Specification-Baseline__Cost-2__Fee-British__ExitFees-AllUnilateralExits","1","27","1","D","8","15","D Offer","D Liability Signal: 6;P Files: 1;D Answers: 1;D Defaults: 2","6,1,1,2","0.065385395116794989","false","8.7500068019000015","8.7500068019000015","10","0.95","1","8.7500068019000015","0","true"
"Specification-Baseline__Cost-2__Fee-British__ExitFees-AllUnilateralExits","1","28","1","D","3","10","D Answers","D Liability Signal: 7;P Files: 1","7,1","0.07919226148496053","false","8.7500068019000015","8.7500068019000015","1","Yes","1","8.7500068019000015","0","true"
"Specification-Baseline__Cost-2__Fee-British__ExitFees-AllUnilateralExits","1","28","1","D","3","10","D Answers","D Liability Signal: 7;P Files: 1","7,1","0.07919226148496053","false","8.7500068019000015","8.7500068019000015","2","No","0","8.6999969921999991","0.05000980970000235","false"
"Specification-Baseline__Cost-2__Fee-British__ExitFees-AllUnilateralExits","1","29","1","D","6","21","D Defaults","D Liability Signal: 7;P Files: 1;D Answers: 1","7,1,1","0.07919226148496053","false","8.7500068019000015","8.7500068019000015","1","Yes","0","8.4646119685028616","0.28539483339713989","false"
"Specification-Baseline__Cost-2__Fee-British__ExitFees-AllUnilateralExits","1","29","1","D","6","21","D Defaults","D Liability Signal: 7;P Files: 1;D Answers: 1","7,1,1","0.07919226148496053","false","8.7500068019000015","8.7500068019000015","2","No","1","8.7500068019000015","0","true"
"Specification-Baseline__Cost-2__Fee-British__ExitFees-AllUnilateralExits","1","30","1","D","8","15","D Offer","D Liability Signal: 7;P Files: 1;D Answers: 1;D Defaults: 1","7,1,1,1","0","true","","","1","0.05","0.099999999999999964","","",""
"Specification-Baseline__Cost-2__Fee-British__ExitFees-AllUnilateralExits","1","30","1","D","8","15","D Offer","D Liability Signal: 7;P Files: 1;D Answers: 1;D Defaults: 1","7,1,1,1","0","true","","","2","0.15","0.099999999999999964","","",""
"Specification-Baseline__Cost-2__Fee-British__ExitFees-AllUnilateralExits","1","30","1","D","8","15","D Offer","D Liability Signal: 7;P Files: 1;D Answers: 1;D Defaults: 1","7,1,1,1","0","true","","","3","0.25","0.099999999999999964","","",""
"Specification-Baseline__Cost-2__Fee-British__ExitFees-AllUnilateralExits","1","30","1","D","8","15","D Offer","D Liability Signal: 7;P Files: 1;D Answers: 1;D Defaults: 1","7,1,1,1","0","true","","","4","0.35","0.099999999999999964","","",""
"Specification-Baseline__Cost-2__Fee-British__ExitFees-AllUnilateralExits","1","30","1","D","8","15","D Offer","D Liability Signal: 7;P Files: 1;D Answers: 1;D Defaults: 1","7,1,1,1","0","true","","","5","0.45","0.099999999999999964","","",""
"Specification-Baseline__Cost-2__Fee-British__ExitFees-AllUnilateralExits","1","30","1","D","8","15","D Offer","D Liability Signal: 7;P Files: 1;D Answers: 1;D Defaults: 1","7,1,1,1","0","true","","","6","0.55","0.099999999999999964","","",""
"Specification-Baseline__Cost-2__Fee-British__ExitFees-AllUnilateralExits","1","30","1","D","8","15","D Offer","D Liability Signal: 7;P Files: 1;D Answers: 1;D Defaults: 1","7,1,1,1","0","true","","","7","0.65","0.099999999999999964","","",""
"Specification-Baseline__Cost-2__Fee-British__ExitFees-AllUnilateralExits","1","30","1","D","8","15","D Offer","D Liability Signal: 7;P Files: 1;D Answers: 1;D Defaults: 1","7,1,1,1","0","true","","","8","0.75","0.099999999999999964","","",""
"Specification-Baseline__Cost-2__Fee-British__ExitFees-AllUnilateralExits","1","30","1","D","8","15","D Offer","D Liability Signal: 7;P Files: 1;D Answers: 1;D Defaults: 1","7,1,1,1","0","true","","","9","0.85","0.099999999999999964","","",""
"Specification-Baseline__Cost-2__Fee-British__ExitFees-AllUnilateralExits","1","30","1","D","8","15","D Offer","D Liability Signal: 7;P Files: 1;D Answers: 1;D Defaults: 1","7,1,1,1","0","true","","","10","0.95","0.099999999999999964","","",""
"Specification-Baseline__Cost-2__Fee-British__ExitFees-AllUnilateralExits","1","31","1","D","8","15","D Offer","D Liability Signal: 7;P Files: 1;D Answers: 1;D Defaults: 2","7,1,1,2","0.07919226148496053","false","8.7500068019000015","8.7500068019000015","1","0.05","0","8.3231162823300888","0.42689051956991264","false"
"Specification-Baseline__Cost-2__Fee-British__ExitFees-AllUnilateralExits","1","31","1","D","8","15","D Offer","D Liability Signal: 7;P Files: 1;D Answers: 1;D Defaults: 2","7,1,1,2","0.07919226148496053","false","8.7500068019000015","8.7500068019000015","2","0.15","0","8.3231162823300888","0.42689051956991264","false"
"Specification-Baseline__Cost-2__Fee-British__ExitFees-AllUnilateralExits","1","31","1","D","8","15","D Offer","D Liability Signal: 7;P Files: 1;D Answers: 1;D Defaults: 2","7,1,1,2","0.07919226148496053","false","8.7500068019000015","8.7500068019000015","3","0.25","0","8.3231162823300888","0.42689051956991264","false"
"Specification-Baseline__Cost-2__Fee-British__ExitFees-AllUnilateralExits","1","31","1","D","8","15","D Offer","D Liability Signal: 7;P Files: 1;D Answers: 1;D Defaults: 2","7,1,1,2","0.07919226148496053","false","8.7500068019000015","8.7500068019000015","4","0.35","0","8.3231162823300888","0.42689051956991264","false"
"Specification-Baseline__Cost-2__Fee-British__ExitFees-AllUnilateralExits","1","31","1","D","8","15","D Offer","D Liability Signal: 7;P Files: 1;D Answers: 1;D Defaults: 2","7,1,1,2","0.07919226148496053","false","8.7500068019000015","8.7500068019000015","5","0.45","0","8.3231162823300888","0.42689051956991264","false"
"Specification-Baseline__Cost-2__Fee-British__ExitFees-AllUnilateralExits","1","31","1","D","8","15","D Offer","D Liability Signal: 7;P Files: 1;D Answers: 1;D Defaults: 2","7,1,1,2","0.07919226148496053","false","8.7500068019000015","8.7500068019000015","6","0.55","0","8.3231162823300888","0.42689051956991264","false"
"Specification-Baseline__Cost-2__Fee-British__ExitFees-AllUnilateralExits","1","31","1","D","8","15","D Offer","D Liability Signal: 7;P Files: 1;D Answers: 1;D Defaults: 2","7,1,1,2","0.07919226148496053","false","8.7500068019000015","8.7500068019000015","7","0.65","0","8.3231162823300888","0.42689051956991264","false"
"Specification-Baseline__Cost-2__Fee-British__ExitFees-AllUnilateralExits","1","31","1","D","8","15","D Offer","D Liability Signal: 7;P Files: 1;D Answers: 1;D Defaults: 2","7,1,1,2","0.07919226148496053","false","8.7500068019000015","8.7500068019000015","8","0.75","0","8.3231162823300888","0.42689051956991264","false"
"Specification-Baseline__Cost-2__Fee-British__ExitFees-AllUnilateralExits","1","31","1","D","8","15","D Offer","D Liability Signal: 7;P Files: 1;D Answers: 1;D Defaults: 2","7,1,1,2","0.07919226148496053","false","8.7500068019000015","8.7500068019000015","9","0.85","0","8.3231162823300888","0.42689051956991264","false"
"Specification-Baseline__Cost-2__Fee-British__ExitFees-AllUnilateralExits","1","31","1","D","8","15","D Offer","D Liability Signal: 7;P Files: 1;D Answers: 1;D Defaults: 2","7,1,1,2","0.07919226148496053","false","8.7500068019000015","8.7500068019000015","10","0.95","1","8.7500068019000015","0","true"
"Specification-Baseline__Cost-2__Fee-British__ExitFees-AllUnilateralExits","1","32","1","D","3","10","D Answers","D Liability Signal: 8;P Files: 1","8,1","0.087751298149689641","false","8.7500068018999979","8.7500068018999979","1","Yes","1","8.7500068018999979","0","true"
"Specification-Baseline__Cost-2__Fee-British__ExitFees-AllUnilateralExits","1","32","1","D","3","10","D Answers","D Liability Signal: 8;P Files: 1","8,1","0.087751298149689641","false","8.7500068018999979","8.7500068018999979","2","No","0","8.6999969921999973","0.050009809700000574","false"
"Specification-Baseline__Cost-2__Fee-British__ExitFees-AllUnilateralExits","1","33","1","D","6","21","D Defaults","D Liability Signal: 8;P Files: 1;D Answers: 1","8,1,1","0.087751298149689641","false","8.7500068018999979","8.7500068018999979","1","Yes","0","8.4553356330877563","0.29467116881224165","false"
"Specification-Baseline__Cost-2__Fee-British__ExitFees-AllUnilateralExits","1","33","1","D","6","21","D Defaults","D Liability Signal: 8;P Files: 1;D Answers: 1","8,1,1","0.087751298149689641","false","8.7500068018999979","8.7500068018999979","2","No","1","8.7500068018999979","0","true"
"Specification-Baseline__Cost-2__Fee-British__ExitFees-AllUnilateralExits","1","34","1","D","8","15","D Offer","D Liability Signal: 8;P Files: 1;D Answers: 1;D Defaults: 1","8,1,1,1","0","true","","","1","0.05","0.099999999999999964","","",""
"Specification-Baseline__Cost-2__Fee-British__ExitFees-AllUnilateralExits","1","34","1","D","8","15","D Offer","D Liability Signal: 8;P Files: 1;D Answers: 1;D Defaults: 1","8,1,1,1","0","true","","","2","0.15","0.099999999999999964","","",""
"Specification-Baseline__Cost-2__Fee-British__ExitFees-AllUnilateralExits","1","34","1","D","8","15","D Offer","D Liability Signal: 8;P Files: 1;D Answers: 1;D Defaults: 1","8,1,1,1","0","true","","","3","0.25","0.099999999999999964","","",""
"Specification-Baseline__Cost-2__Fee-British__ExitFees-AllUnilateralExits","1","34","1","D","8","15","D Offer","D Liability Signal: 8;P Files: 1;D Answers: 1;D Defaults: 1","8,1,1,1","0","true","","","4","0.35","0.099999999999999964","","",""
"Specification-Baseline__Cost-2__Fee-British__ExitFees-AllUnilateralExits","1","34","1","D","8","15","D Offer","D Liability Signal: 8;P Files: 1;D Answers: 1;D Defaults: 1","8,1,1,1","0","true","","","5","0.45","0.099999999999999964","","",""
"Specification-Baseline__Cost-2__Fee-British__ExitFees-AllUnilateralExits","1","34","1","D","8","15","D Offer","D Liability Signal: 8;P Files: 1;D Answers: 1;D Defaults: 1","8,1,1,1","0","true","","","6","0.55","0.099999999999999964","","",""
"Specification-Baseline__Cost-2__Fee-British__ExitFees-AllUnilateralExits","1","34","1","D","8","15","D Offer","D Liability Signal: 8;P Files: 1;D Answers: 1;D Defaults: 1","8,1,1,1","0","true","","","7","0.65","0.099999999999999964","","",""
"Specification-Baseline__Cost-2__Fee-British__ExitFees-AllUnilateralExits","1","34","1","D","8","15","D Offer","D Liability Signal: 8;P Files: 1;D Answers: 1;D Defaults: 1","8,1,1,1","0","true","","","8","0.75","0.099999999999999964","","",""
"Specification-Baseline__Cost-2__Fee-British__ExitFees-AllUnilateralExits","1","34","1","D","8","15","D Offer","D Liability Signal: 8;P Files: 1;D Answers: 1;D Defaults: 1","8,1,1,1","0","true","","","9","0.85","0.099999999999999964","","",""
"Specification-Baseline__Cost-2__Fee-British__ExitFees-AllUnilateralExits","1","34","1","D","8","15","D Offer","D Liability Signal: 8;P Files: 1;D Answers: 1;D Defaults: 1","8,1,1,1","0","true","","","10","0.95","0.099999999999999964","","",""
"Specification-Baseline__Cost-2__Fee-British__ExitFees-AllUnilateralExits","1","35","1","D","8","15","D Offer","D Liability Signal: 8;P Files: 1;D Answers: 1;D Defaults: 2","8,1,1,2","0.087751298149689641","false","8.7500068018999979","8.7500068018999979","1","0.05","0","8.1702429062536712","0.57976389564632669","false"
"Specification-Baseline__Cost-2__Fee-British__ExitFees-AllUnilateralExits","1","35","1","D","8","15","D Offer","D Liability Signal: 8;P Files: 1;D Answers: 1;D Defaults: 2","8,1,1,2","0.087751298149689641","false","8.7500068018999979","8.7500068018999979","2","0.15","0","8.1702429062536712","0.57976389564632669","false"
"Specification-Baseline__Cost-2__Fee-British__ExitFees-AllUnilateralExits","1","35","1","D","8","15","D Offer","D Liability Signal: 8;P Files: 1;D Answers: 1;D Defaults: 2","8,1,1,2","0.087751298149689641","false","8.7500068018999979","8.7500068018999979","3","0.25","0","8.1702429062536712","0.57976389564632669","false"
"Specification-Baseline__Cost-2__Fee-British__ExitFees-AllUnilateralExits","1","35","1","D","8","15","D Offer","D Liability Signal: 8;P Files: 1;D Answers: 1;D Defaults: 2","8,1,1,2","0.087751298149689641","false","8.7500068018999979","8.7500068018999979","4","0.35","0","8.1702429062536712","0.57976389564632669","false"
"Specification-Baseline__Cost-2__Fee-British__ExitFees-AllUnilateralExits","1","35","1","D","8","15","D Offer","D Liability Signal: 8;P Files: 1;D Answers: 1;D Defaults: 2","8,1,1,2","0.087751298149689641","false","8.7500068018999979","8.7500068018999979","5","0.45","0","8.1702429062536712","0.57976389564632669","false"
"Specification-Baseline__Cost-2__Fee-British__ExitFees-AllUnilateralExits","1","35","1","D","8","15","D Offer","D Liability Signal: 8;P Files: 1;D Answers: 1;D Defaults: 2","8,1,1,2","0.087751298149689641","false","8.7500068018999979","8.7500068018999979","6","0.55","0","8.1702429062536712","0.57976389564632669","false"
"Specification-Baseline__Cost-2__Fee-British__ExitFees-AllUnilateralExits","1","35","1","D","8","15","D Offer","D Liability Signal: 8;P Files: 1;D Answers: 1;D Defaults: 2","8,1,1,2","0.087751298149689641","false","8.7500068018999979","8.7500068018999979","7","0.65","0","8.1702429062536712","0.57976389564632669","false"
"Specification-Baseline__Cost-2__Fee-British__ExitFees-AllUnilateralExits","1","35","1","D","8","15","D Offer","D Liability Signal: 8;P Files: 1;D Answers: 1;D Defaults: 2","8,1,1,2","0.087751298149689641","false","8.7500068018999979","8.7500068018999979","8","0.75","0","8.1702429062536712","0.57976389564632669","false"
"Specification-Baseline__Cost-2__Fee-British__ExitFees-AllUnilateralExits","1","35","1","D","8","15","D Offer","D Liability Signal: 8;P Files: 1;D Answers: 1;D Defaults: 2","8,1,1,2","0.087751298149689641","false","8.7500068018999979","8.7500068018999979","9","0.85","0","8.1702429062536712","0.57976389564632669","false"
"Specification-Baseline__Cost-2__Fee-British__ExitFees-AllUnilateralExits","1","35","1","D","8","15","D Offer","D Liability Signal: 8;P Files: 1;D Answers: 1;D Defaults: 2","8,1,1,2","0.087751298149689641","false","8.7500068018999979","8.7500068018999979","10","0.95","1","8.7500068018999979","0","true"
"Specification-Baseline__Cost-2__Fee-British__ExitFees-AllUnilateralExits","1","36","1","D","3","10","D Answers","D Liability Signal: 9;P Files: 1","9,1","0.086772958449769469","false","8.7500068018999997","8.7500068018999997","1","Yes","1","8.7500068018999997","0","true"
"Specification-Baseline__Cost-2__Fee-British__ExitFees-AllUnilateralExits","1","36","1","D","3","10","D Answers","D Liability Signal: 9;P Files: 1","9,1","0.086772958449769469","false","8.7500068018999997","8.7500068018999997","2","No","0","8.6999969921999973","0.05000980970000235","false"
"Specification-Baseline__Cost-2__Fee-British__ExitFees-AllUnilateralExits","1","37","1","D","6","21","D Defaults","D Liability Signal: 9;P Files: 1;D Answers: 1","9,1,1","0.086772958449769469","false","8.7500068018999997","8.7500068018999997","1","Yes","0","8.4491190013716988","0.30088780052830089","false"
"Specification-Baseline__Cost-2__Fee-British__ExitFees-AllUnilateralExits","1","37","1","D","6","21","D Defaults","D Liability Signal: 9;P Files: 1;D Answers: 1","9,1,1","0.086772958449769469","false","8.7500068018999997","8.7500068018999997","2","No","1","8.7500068018999997","0","true"
"Specification-Baseline__Cost-2__Fee-British__ExitFees-AllUnilateralExits","1","38","1","D","8","15","D Offer","D Liability Signal: 9;P Files: 1;D Answers: 1;D Defaults: 1","9,1,1,1","0","true","","","1","0.05","0.099999999999999964","","",""
"Specification-Baseline__Cost-2__Fee-British__ExitFees-AllUnilateralExits","1","38","1","D","8","15","D Offer","D Liability Signal: 9;P Files: 1;D Answers: 1;D Defaults: 1","9,1,1,1","0","true","","","2","0.15","0.099999999999999964","","",""
"Specification-Baseline__Cost-2__Fee-British__ExitFees-AllUnilateralExits","1","38","1","D","8","15","D Offer","D Liability Signal: 9;P Files: 1;D Answers: 1;D Defaults: 1","9,1,1,1","0","true","","","3","0.25","0.099999999999999964","","",""
"Specification-Baseline__Cost-2__Fee-British__ExitFees-AllUnilateralExits","1","38","1","D","8","15","D Offer","D Liability Signal: 9;P Files: 1;D Answers: 1;D Defaults: 1","9,1,1,1","0","true","","","4","0.35","0.099999999999999964","","",""
"Specification-Baseline__Cost-2__Fee-British__ExitFees-AllUnilateralExits","1","38","1","D","8","15","D Offer","D Liability Signal: 9;P Files: 1;D Answers: 1;D Defaults: 1","9,1,1,1","0","true","","","5","0.45","0.099999999999999964","","",""
"Specification-Baseline__Cost-2__Fee-British__ExitFees-AllUnilateralExits","1","38","1","D","8","15","D Offer","D Liability Signal: 9;P Files: 1;D Answers: 1;D Defaults: 1","9,1,1,1","0","true","","","6","0.55","0.099999999999999964","","",""
"Specification-Baseline__Cost-2__Fee-British__ExitFees-AllUnilateralExits","1","38","1","D","8","15","D Offer","D Liability Signal: 9;P Files: 1;D Answers: 1;D Defaults: 1","9,1,1,1","0","true","","","7","0.65","0.099999999999999964","","",""
"Specification-Baseline__Cost-2__Fee-British__ExitFees-AllUnilateralExits","1","38","1","D","8","15","D Offer","D Liability Signal: 9;P Files: 1;D Answers: 1;D Defaults: 1","9,1,1,1","0","true","","","8","0.75","0.099999999999999964","","",""
"Specification-Baseline__Cost-2__Fee-British__ExitFees-AllUnilateralExits","1","38","1","D","8","15","D Offer","D Liability Signal: 9;P Files: 1;D Answers: 1;D Defaults: 1","9,1,1,1","0","true","","","9","0.85","0.099999999999999964","","",""
"Specification-Baseline__Cost-2__Fee-British__ExitFees-AllUnilateralExits","1","38","1","D","8","15","D Offer","D Liability Signal: 9;P Files: 1;D Answers: 1;D Defaults: 1","9,1,1,1","0","true","","","10","0.95","0.099999999999999964","","",""
"Specification-Baseline__Cost-2__Fee-British__ExitFees-AllUnilateralExits","1","39","1","D","8","15","D Offer","D Liability Signal: 9;P Files: 1;D Answers: 1;D Defaults: 2","9,1,1,2","0.086772958449769469","false","8.7500068018999997","8.7500068018999997","1","0.05","0","8.0616033859773371","0.68840341592266263","false"
"Specification-Baseline__Cost-2__Fee-British__ExitFees-AllUnilateralExits","1","39","1","D","8","15","D Offer","D Liability Signal: 9;P Files: 1;D Answers: 1;D Defaults: 2","9,1,1,2","0.086772958449769469","false","8.7500068018999997","8.7500068018999997","2","0.15","0","8.0616033859773371","0.68840341592266263","false"
"Specification-Baseline__Cost-2__Fee-British__ExitFees-AllUnilateralExits","1","39","1","D","8","15","D Offer","D Liability Signal: 9;P Files: 1;D Answers: 1;D Defaults: 2","9,1,1,2","0.086772958449769469","false","8.7500068018999997","8.7500068018999997","3","0.25","0","8.0616033859773371","0.68840341592266263","false"
"Specification-Baseline__Cost-2__Fee-British__ExitFees-AllUnilateralExits","1","39","1","D","8","15","D Offer","D Liability Signal: 9;P Files: 1;D Answers: 1;D Defaults: 2","9,1,1,2","0.086772958449769469","false","8.7500068018999997","8.7500068018999997","4","0.35","0","8.0616033859773371","0.68840341592266263","false"
"Specification-Baseline__Cost-2__Fee-British__ExitFees-AllUnilateralExits","1","39","1","D","8","15","D Offer","D Liability Signal: 9;P Files: 1;D Answers: 1;D Defaults: 2","9,1,1,2","0.086772958449769469","false","8.7500068018999997","8.7500068018999997","5","0.45","0","8.0616033859773371","0.68840341592266263","false"
"Specification-Baseline__Cost-2__Fee-British__ExitFees-AllUnilateralExits","1","39","1","D","8","15","D Offer","D Liability Signal: 9;P Files: 1;D Answers: 1;D Defaults: 2","9,1,1,2","0.086772958449769469","false","8.7500068018999997","8.7500068018999997","6","0.55","0","8.0616033859773371","0.68840341592266263","false"
"Specification-Baseline__Cost-2__Fee-British__ExitFees-AllUnilateralExits","1","39","1","D","8","15","D Offer","D Liability Signal: 9;P Files: 1;D Answers: 1;D Defaults: 2","9,1,1,2","0.086772958449769469","false","8.7500068018999997","8.7500068018999997","7","0.65","0","8.0616033859773371","0.68840341592266263","false"
"Specification-Baseline__Cost-2__Fee-British__ExitFees-AllUnilateralExits","1","39","1","D","8","15","D Offer","D Liability Signal: 9;P Files: 1;D Answers: 1;D Defaults: 2","9,1,1,2","0.086772958449769469","false","8.7500068018999997","8.7500068018999997","8","0.75","0","8.0616033859773371","0.68840341592266263","false"
"Specification-Baseline__Cost-2__Fee-British__ExitFees-AllUnilateralExits","1","39","1","D","8","15","D Offer","D Liability Signal: 9;P Files: 1;D Answers: 1;D Defaults: 2","9,1,1,2","0.086772958449769469","false","8.7500068018999997","8.7500068018999997","9","0.85","0","8.0616033859773371","0.68840341592266263","false"
"Specification-Baseline__Cost-2__Fee-British__ExitFees-AllUnilateralExits","1","39","1","D","8","15","D Offer","D Liability Signal: 9;P Files: 1;D Answers: 1;D Defaults: 2","9,1,1,2","0.086772958449769469","false","8.7500068018999997","8.7500068018999997","10","0.95","1","8.7500068018999997","0","true"
"Specification-Baseline__Cost-2__Fee-British__ExitFees-AllUnilateralExits","1","40","1","D","3","10","D Answers","D Liability Signal: 10;P Files: 1","10,1","0.074505247177426626","false","8.7500068018999997","8.7500068018999997","1","Yes","1","8.7500068018999997","0","true"
"Specification-Baseline__Cost-2__Fee-British__ExitFees-AllUnilateralExits","1","40","1","D","3","10","D Answers","D Liability Signal: 10;P Files: 1","10,1","0.074505247177426626","false","8.7500068018999997","8.7500068018999997","2","No","0","8.6999969921999973","0.05000980970000235","false"
"Specification-Baseline__Cost-2__Fee-British__ExitFees-AllUnilateralExits","1","41","1","D","6","21","D Defaults","D Liability Signal: 10;P Files: 1;D Answers: 1","10,1,1","0.074505247177426626","false","8.7500068018999997","8.7500068018999997","1","Yes","0","8.4451321681623206","0.30487463373767909","false"
"Specification-Baseline__Cost-2__Fee-British__ExitFees-AllUnilateralExits","1","41","1","D","6","21","D Defaults","D Liability Signal: 10;P Files: 1;D Answers: 1","10,1,1","0.074505247177426626","false","8.7500068018999997","8.7500068018999997","2","No","1","8.7500068018999997","0","true"
"Specification-Baseline__Cost-2__Fee-British__ExitFees-AllUnilateralExits","1","42","1","D","8","15","D Offer","D Liability Signal: 10;P Files: 1;D Answers: 1;D Defaults: 1","10,1,1,1","0","true","","","1","0.05","0.099999999999999964","","",""
"Specification-Baseline__Cost-2__Fee-British__ExitFees-AllUnilateralExits","1","42","1","D","8","15","D Offer","D Liability Signal: 10;P Files: 1;D Answers: 1;D Defaults: 1","10,1,1,1","0","true","","","2","0.15","0.099999999999999964","","",""
"Specification-Baseline__Cost-2__Fee-British__ExitFees-AllUnilateralExits","1","42","1","D","8","15","D Offer","D Liability Signal: 10;P Files: 1;D Answers: 1;D Defaults: 1","10,1,1,1","0","true","","","3","0.25","0.099999999999999964","","",""
"Specification-Baseline__Cost-2__Fee-British__ExitFees-AllUnilateralExits","1","42","1","D","8","15","D Offer","D Liability Signal: 10;P Files: 1;D Answers: 1;D Defaults: 1","10,1,1,1","0","true","","","4","0.35","0.099999999999999964","","",""
"Specification-Baseline__Cost-2__Fee-British__ExitFees-AllUnilateralExits","1","42","1","D","8","15","D Offer","D Liability Signal: 10;P Files: 1;D Answers: 1;D Defaults: 1","10,1,1,1","0","true","","","5","0.45","0.099999999999999964","","",""
"Specification-Baseline__Cost-2__Fee-British__ExitFees-AllUnilateralExits","1","42","1","D","8","15","D Offer","D Liability Signal: 10;P Files: 1;D Answers: 1;D Defaults: 1","10,1,1,1","0","true","","","6","0.55","0.099999999999999964","","",""
"Specification-Baseline__Cost-2__Fee-British__ExitFees-AllUnilateralExits","1","42","1","D","8","15","D Offer","D Liability Signal: 10;P Files: 1;D Answers: 1;D Defaults: 1","10,1,1,1","0","true","","","7","0.65","0.099999999999999964","","",""
"Specification-Baseline__Cost-2__Fee-British__ExitFees-AllUnilateralExits","1","42","1","D","8","15","D Offer","D Liability Signal: 10;P Files: 1;D Answers: 1;D Defaults: 1","10,1,1,1","0","true","","","8","0.75","0.099999999999999964","","",""
"Specification-Baseline__Cost-2__Fee-British__ExitFees-AllUnilateralExits","1","42","1","D","8","15","D Offer","D Liability Signal: 10;P Files: 1;D Answers: 1;D Defaults: 1","10,1,1,1","0","true","","","9","0.85","0.099999999999999964","","",""
"Specification-Baseline__Cost-2__Fee-British__ExitFees-AllUnilateralExits","1","42","1","D","8","15","D Offer","D Liability Signal: 10;P Files: 1;D Answers: 1;D Defaults: 1","10,1,1,1","0","true","","","10","0.95","0.099999999999999964","","",""
"Specification-Baseline__Cost-2__Fee-British__ExitFees-AllUnilateralExits","1","43","1","D","8","15","D Offer","D Liability Signal: 10;P Files: 1;D Answers: 1;D Defaults: 2","10,1,1,2","0.074505247177426626","false","8.7500068018999997","8.7500068018999997","1","0.05","0","7.989001016520219","0.7610057853797807","false"
"Specification-Baseline__Cost-2__Fee-British__ExitFees-AllUnilateralExits","1","43","1","D","8","15","D Offer","D Liability Signal: 10;P Files: 1;D Answers: 1;D Defaults: 2","10,1,1,2","0.074505247177426626","false","8.7500068018999997","8.7500068018999997","2","0.15","0","7.989001016520219","0.7610057853797807","false"
"Specification-Baseline__Cost-2__Fee-British__ExitFees-AllUnilateralExits","1","43","1","D","8","15","D Offer","D Liability Signal: 10;P Files: 1;D Answers: 1;D Defaults: 2","10,1,1,2","0.074505247177426626","false","8.7500068018999997","8.7500068018999997","3","0.25","0","7.989001016520219","0.7610057853797807","false"
"Specification-Baseline__Cost-2__Fee-British__ExitFees-AllUnilateralExits","1","43","1","D","8","15","D Offer","D Liability Signal: 10;P Files: 1;D Answers: 1;D Defaults: 2","10,1,1,2","0.074505247177426626","false","8.7500068018999997","8.7500068018999997","4","0.35","0","7.989001016520219","0.7610057853797807","false"
"Specification-Baseline__Cost-2__Fee-British__ExitFees-AllUnilateralExits","1","43","1","D","8","15","D Offer","D Liability Signal: 10;P Files: 1;D Answers: 1;D Defaults: 2","10,1,1,2","0.074505247177426626","false","8.7500068018999997","8.7500068018999997","5","0.45","0","7.989001016520219","0.7610057853797807","false"
"Specification-Baseline__Cost-2__Fee-British__ExitFees-AllUnilateralExits","1","43","1","D","8","15","D Offer","D Liability Signal: 10;P Files: 1;D Answers: 1;D Defaults: 2","10,1,1,2","0.074505247177426626","false","8.7500068018999997","8.7500068018999997","6","0.55","0","7.989001016520219","0.7610057853797807","false"
"Specification-Baseline__Cost-2__Fee-British__ExitFees-AllUnilateralExits","1","43","1","D","8","15","D Offer","D Liability Signal: 10;P Files: 1;D Answers: 1;D Defaults: 2","10,1,1,2","0.074505247177426626","false","8.7500068018999997","8.7500068018999997","7","0.65","0","7.989001016520219","0.7610057853797807","false"
"Specification-Baseline__Cost-2__Fee-British__ExitFees-AllUnilateralExits","1","43","1","D","8","15","D Offer","D Liability Signal: 10;P Files: 1;D Answers: 1;D Defaults: 2","10,1,1,2","0.074505247177426626","false","8.7500068018999997","8.7500068018999997","8","0.75","0","7.989001016520219","0.7610057853797807","false"
"Specification-Baseline__Cost-2__Fee-British__ExitFees-AllUnilateralExits","1","43","1","D","8","15","D Offer","D Liability Signal: 10;P Files: 1;D Answers: 1;D Defaults: 2","10,1,1,2","0.074505247177426626","false","8.7500068018999997","8.7500068018999997","9","0.85","0","7.989001016520219","0.7610057853797807","false"
"Specification-Baseline__Cost-2__Fee-British__ExitFees-AllUnilateralExits","1","43","1","D","8","15","D Offer","D Liability Signal: 10;P Files: 1;D Answers: 1;D Defaults: 2","10,1,1,2","0.074505247177426626","false","8.7500068018999997","8.7500068018999997","10","0.95","1","8.7500068018999997","0","true"
