"OptionSetName","Equilibrium Number","Information Set Number","Player Index","Player","Decision Index","Decision Code","Decision","Information Set Labels","Information Set Contents","Equilibrium Reach Probability","Off Path","Conditional Information-Set Utility","Best Action Utility","Action","Action Label","Equilibrium Action Probability","Conditional Action Utility","Utility Loss from Best Action","Is Best Action"
"Specification-PolarizedContinuousMeritsModerateRiskAversion__Cost-4__Fee-British","1","0","0","P","2","9","P Files","P Liability Signal: 1","1","0.10928","false","999.99991348530011","999.99991348530011","1","Yes","0","997.65988926431316","2.3400242209869475","false"
"Specification-PolarizedContinuousMeritsModerateRiskAversion__Cost-4__Fee-British","1","0","0","P","2","9","P Files","P Liability Signal: 1","1","0.10928","false","999.99991348530011","999.99991348530011","2","No","1","999.99991348530011","0","true"
"Specification-PolarizedContinuousMeritsModerateRiskAversion__Cost-4__Fee-British","1","2","0","P","5","20","P Abandons","P Liability Signal: 1;P Files: 1;D Answers: 1","1,1,1","0","true","","","1","Yes","0.5","","",""
"Specification-PolarizedContinuousMeritsModerateRiskAversion__Cost-4__Fee-British","1","2","0","P","5","20","P Abandons","P Liability Signal: 1;P Files: 1;D Answers: 1","1,1,1","0","true","","","2","No","0.5","","",""
"Specification-PolarizedContinuousMeritsModerateRiskAversion__Cost-4__Fee-British","1","4","0","P","7","14","P Offer","P Liability Signal: 1;P Files: 1;D Answers: 1;P Abandons: 1","1,1,1,1","0","true","","","1","0.05","0.10000000000000001","","",""
"Specification-PolarizedContinuousMeritsModerateRiskAversion__Cost-4__Fee-British","1","4","0","P","7","14","P Offer","P Liability Signal: 1;P Files: 1;D Answers: 1;P Abandons: 1","1,1,1,1","0","true","","","2","0.15","0.10000000000000001","","",""
"Specification-PolarizedContinuousMeritsModerateRiskAversion__Cost-4__Fee-British","1","4","0","P","7","14","P Offer","P Liability Signal: 1;P Files: 1;D Answers: 1;P Abandons: 1","1,1,1,1","0","true","","","3","0.25","0.10000000000000001","","",""
"Specification-PolarizedContinuousMeritsModerateRiskAversion__Cost-4__Fee-British","1","4","0","P","7","14","P Offer","P Liability Signal: 1;P Files: 1;D Answers: 1;P Abandons: 1","1,1,1,1","0","true","","","4","0.35","0.10000000000000001","","",""
"Specification-PolarizedContinuousMeritsModerateRiskAversion__Cost-4__Fee-British","1","4","0","P","7","14","P Offer","P Liability Signal: 1;P Files: 1;D Answers: 1;P Abandons: 1","1,1,1,1","0","true","","","5","0.45","0.10000000000000001","","",""
"Specification-PolarizedContinuousMeritsModerateRiskAversion__Cost-4__Fee-British","1","4","0","P","7","14","P Offer","P Liability Signal: 1;P Files: 1;D Answers: 1;P Abandons: 1","1,1,1,1","0","true","","","6","0.55","0.10000000000000001","","",""
"Specification-PolarizedContinuousMeritsModerateRiskAversion__Cost-4__Fee-British","1","4","0","P","7","14","P Offer","P Liability Signal: 1;P Files: 1;D Answers: 1;P Abandons: 1","1,1,1,1","0","true","","","7","0.65","0.10000000000000001","","",""
"Specification-PolarizedContinuousMeritsModerateRiskAversion__Cost-4__Fee-British","1","4","0","P","7","14","P Offer","P Liability Signal: 1;P Files: 1;D Answers: 1;P Abandons: 1","1,1,1,1","0","true","","","8","0.75","0.10000000000000001","","",""
"Specification-PolarizedContinuousMeritsModerateRiskAversion__Cost-4__Fee-British","1","4","0","P","7","14","P Offer","P Liability Signal: 1;P Files: 1;D Answers: 1;P Abandons: 1","1,1,1,1","0","true","","","9","0.85","0.10000000000000001","","",""
"Specification-PolarizedContinuousMeritsModerateRiskAversion__Cost-4__Fee-British","1","4","0","P","7","14","P Offer","P Liability Signal: 1;P Files: 1;D Answers: 1;P Abandons: 1","1,1,1,1","0","true","","","10","0.95","0.10000000000000001","","",""
"Specification-PolarizedContinuousMeritsModerateRiskAversion__Cost-4__Fee-British","1","7","0","P","7","14","P Offer","P Liability Signal: 1;P Files: 1;D Answers: 1;P Abandons: 2","1,1,1,2","0","true","","","1","0.05","0.10000000000000001","","",""
"Specification-PolarizedContinuousMeritsModerateRiskAversion__Cost-4__Fee-British","1","7","0","P","7","14","P Offer","P Liability Signal: 1;P Files: 1;D Answers: 1;P Abandons: 2","1,1,1,2","0","true","","","2","0.15","0.10000000000000001","","",""
"Specification-PolarizedContinuousMeritsModerateRiskAversion__Cost-4__Fee-British","1","7","0","P","7","14","P Offer","P Liability Signal: 1;P Files: 1;D Answers: 1;P Abandons: 2","1,1,1,2","0","true","","","3","0.25","0.10000000000000001","","",""
"Specification-PolarizedContinuousMeritsModerateRiskAversion__Cost-4__Fee-British","1","7","0","P","7","14","P Offer","P Liability Signal: 1;P Files: 1;D Answers: 1;P Abandons: 2","1,1,1,2","0","true","","","4","0.35","0.10000000000000001","","",""
"Specification-PolarizedContinuousMeritsModerateRiskAversion__Cost-4__Fee-British","1","7","0","P","7","14","P Offer","P Liability Signal: 1;P Files: 1;D Answers: 1;P Abandons: 2","1,1,1,2","0","true","","","5","0.45","0.10000000000000001","","",""
"Specification-PolarizedContinuousMeritsModerateRiskAversion__Cost-4__Fee-British","1","7","0","P","7","14","P Offer","P Liability Signal: 1;P Files: 1;D Answers: 1;P Abandons: 2","1,1,1,2","0","true","","","6","0.55","0.10000000000000001","","",""
"Specification-PolarizedContinuousMeritsModerateRiskAversion__Cost-4__Fee-British","1","7","0","P","7","14","P Offer","P Liability Signal: 1;P Files: 1;D Answers: 1;P Abandons: 2","1,1,1,2","0","true","","","7","0.65","0.10000000000000001","","",""
"Specification-PolarizedContinuousMeritsModerateRiskAversion__Cost-4__Fee-British","1","7","0","P","7","14","P Offer","P Liability Signal: 1;P Files: 1;D Answers: 1;P Abandons: 2","1,1,1,2","0","true","","","8","0.75","0.10000000000000001","","",""
"Specification-PolarizedContinuousMeritsModerateRiskAversion__Cost-4__Fee-British","1","7","0","P","7","14","P Offer","P Liability Signal: 1;P Files: 1;D Answers: 1;P Abandons: 2","1,1,1,2","0","true","","","9","0.85","0.10000000000000001","","",""
"Specification-PolarizedContinuousMeritsModerateRiskAversion__Cost-4__Fee-British","1","7","0","P","7","14","P Offer","P Liability Signal: 1;P Files: 1;D Answers: 1;P Abandons: 2","1,1,1,2","0","true","","","10","0.95","0.10000000000000001","","",""
"Specification-PolarizedContinuousMeritsModerateRiskAversion__Cost-4__Fee-British","1","44","0","P","2","9","P Files","P Liability Signal: 2","2","0.11336000000000002","false","999.9999134853","999.9999134853","1","Yes","0","997.93656074226885","2.063352743031146","false"
"Specification-PolarizedContinuousMeritsModerateRiskAversion__Cost-4__Fee-British","1","44","0","P","2","9","P Files","P Liability Signal: 2","2","0.11336000000000002","false","999.9999134853","999.9999134853","2","No","1","999.9999134853","0","true"
"Specification-PolarizedContinuousMeritsModerateRiskAversion__Cost-4__Fee-British","1","45","0","P","5","20","P Abandons","P Liability Signal: 2;P Files: 1;D Answers: 1","2,1,1","0","true","","","1","Yes","0.5","","",""
"Specification-PolarizedContinuousMeritsModerateRiskAversion__Cost-4__Fee-British","1","45","0","P","5","20","P Abandons","P Liability Signal: 2;P Files: 1;D Answers: 1","2,1,1","0","true","","","2","No","0.5","","",""
"Specification-PolarizedContinuousMeritsModerateRiskAversion__Cost-4__Fee-British","1","46","0","P","7","14","P Offer","P Liability Signal: 2;P Files: 1;D Answers: 1;P Abandons: 1","2,1,1,1","0","true","","","1","0.05","0.10000000000000001","","",""
"Specification-PolarizedContinuousMeritsModerateRiskAversion__Cost-4__Fee-British","1","46","0","P","7","14","P Offer","P Liability Signal: 2;P Files: 1;D Answers: 1;P Abandons: 1","2,1,1,1","0","true","","","2","0.15","0.10000000000000001","","",""
"Specification-PolarizedContinuousMeritsModerateRiskAversion__Cost-4__Fee-British","1","46","0","P","7","14","P Offer","P Liability Signal: 2;P Files: 1;D Answers: 1;P Abandons: 1","2,1,1,1","0","true","","","3","0.25","0.10000000000000001","","",""
"Specification-PolarizedContinuousMeritsModerateRiskAversion__Cost-4__Fee-British","1","46","0","P","7","14","P Offer","P Liability Signal: 2;P Files: 1;D Answers: 1;P Abandons: 1","2,1,1,1","0","true","","","4","0.35","0.10000000000000001","","",""
"Specification-PolarizedContinuousMeritsModerateRiskAversion__Cost-4__Fee-British","1","46","0","P","7","14","P Offer","P Liability Signal: 2;P Files: 1;D Answers: 1;P Abandons: 1","2,1,1,1","0","true","","","5","0.45","0.10000000000000001","","",""
"Specification-PolarizedContinuousMeritsModerateRiskAversion__Cost-4__Fee-British","1","46","0","P","7","14","P Offer","P Liability Signal: 2;P Files: 1;D Answers: 1;P Abandons: 1","2,1,1,1","0","true","","","6","0.55","0.10000000000000001","","",""
"Specification-PolarizedContinuousMeritsModerateRiskAversion__Cost-4__Fee-British","1","46","0","P","7","14","P Offer","P Liability Signal: 2;P Files: 1;D Answers: 1;P Abandons: 1","2,1,1,1","0","true","","","7","0.65","0.10000000000000001","","",""
"Specification-PolarizedContinuousMeritsModerateRiskAversion__Cost-4__Fee-British","1","46","0","P","7","14","P Offer","P Liability Signal: 2;P Files: 1;D Answers: 1;P Abandons: 1","2,1,1,1","0","true","","","8","0.75","0.10000000000000001","","",""
"Specification-PolarizedContinuousMeritsModerateRiskAversion__Cost-4__Fee-British","1","46","0","P","7","14","P Offer","P Liability Signal: 2;P Files: 1;D Answers: 1;P Abandons: 1","2,1,1,1","0","true","","","9","0.85","0.10000000000000001","","",""
"Specification-PolarizedContinuousMeritsModerateRiskAversion__Cost-4__Fee-British","1","46","0","P","7","14","P Offer","P Liability Signal: 2;P Files: 1;D Answers: 1;P Abandons: 1","2,1,1,1","0","true","","","10","0.95","0.10000000000000001","","",""
"Specification-PolarizedContinuousMeritsModerateRiskAversion__Cost-4__Fee-British","1","47","0","P","7","14","P Offer","P Liability Signal: 2;P Files: 1;D Answers: 1;P Abandons: 2","2,1,1,2","0","true","","","1","0.05","0.10000000000000001","","",""
"Specification-PolarizedContinuousMeritsModerateRiskAversion__Cost-4__Fee-British","1","47","0","P","7","14","P Offer","P Liability Signal: 2;P Files: 1;D Answers: 1;P Abandons: 2","2,1,1,2","0","true","","","2","0.15","0.10000000000000001","","",""
"Specification-PolarizedContinuousMeritsModerateRiskAversion__Cost-4__Fee-British","1","47","0","P","7","14","P Offer","P Liability Signal: 2;P Files: 1;D Answers: 1;P Abandons: 2","2,1,1,2","0","true","","","3","0.25","0.10000000000000001","","",""
"Specification-PolarizedContinuousMeritsModerateRiskAversion__Cost-4__Fee-British","1","47","0","P","7","14","P Offer","P Liability Signal: 2;P Files: 1;D Answers: 1;P Abandons: 2","2,1,1,2","0","true","","","4","0.35","0.10000000000000001","","",""
"Specification-PolarizedContinuousMeritsModerateRiskAversion__Cost-4__Fee-British","1","47","0","P","7","14","P Offer","P Liability Signal: 2;P Files: 1;D Answers: 1;P Abandons: 2","2,1,1,2","0","true","","","5","0.45","0.10000000000000001","","",""
"Specification-PolarizedContinuousMeritsModerateRiskAversion__Cost-4__Fee-British","1","47","0","P","7","14","P Offer","P Liability Signal: 2;P Files: 1;D Answers: 1;P Abandons: 2","2,1,1,2","0","true","","","6","0.55","0.10000000000000001","","",""
"Specification-PolarizedContinuousMeritsModerateRiskAversion__Cost-4__Fee-British","1","47","0","P","7","14","P Offer","P Liability Signal: 2;P Files: 1;D Answers: 1;P Abandons: 2","2,1,1,2","0","true","","","7","0.65","0.10000000000000001","","",""
"Specification-PolarizedContinuousMeritsModerateRiskAversion__Cost-4__Fee-British","1","47","0","P","7","14","P Offer","P Liability Signal: 2;P Files: 1;D Answers: 1;P Abandons: 2","2,1,1,2","0","true","","","8","0.75","0.10000000000000001","","",""
"Specification-PolarizedContinuousMeritsModerateRiskAversion__Cost-4__Fee-British","1","47","0","P","7","14","P Offer","P Liability Signal: 2;P Files: 1;D Answers: 1;P Abandons: 2","2,1,1,2","0","true","","","9","0.85","0.10000000000000001","","",""
"Specification-PolarizedContinuousMeritsModerateRiskAversion__Cost-4__Fee-British","1","47","0","P","7","14","P Offer","P Liability Signal: 2;P Files: 1;D Answers: 1;P Abandons: 2","2,1,1,2","0","true","","","10","0.95","0.10000000000000001","","",""
"Specification-PolarizedContinuousMeritsModerateRiskAversion__Cost-4__Fee-British","1","48","0","P","2","9","P Files","P Liability Signal: 3","3","0.10415000000000002","false","999.9999134853","999.9999134853","1","Yes","0","998.32994488674206","1.6699685985579436","false"
"Specification-PolarizedContinuousMeritsModerateRiskAversion__Cost-4__Fee-British","1","48","0","P","2","9","P Files","P Liability Signal: 3","3","0.10415000000000002","false","999.9999134853","999.9999134853","2","No","1","999.9999134853","0","true"
"Specification-PolarizedContinuousMeritsModerateRiskAversion__Cost-4__Fee-British","1","49","0","P","5","20","P Abandons","P Liability Signal: 3;P Files: 1;D Answers: 1","3,1,1","0","true","","","1","Yes","0.5","","",""
"Specification-PolarizedContinuousMeritsModerateRiskAversion__Cost-4__Fee-British","1","49","0","P","5","20","P Abandons","P Liability Signal: 3;P Files: 1;D Answers: 1","3,1,1","0","true","","","2","No","0.5","","",""
"Specification-PolarizedContinuousMeritsModerateRiskAversion__Cost-4__Fee-British","1","50","0","P","7","14","P Offer","P Liability Signal: 3;P Files: 1;D Answers: 1;P Abandons: 1","3,1,1,1","0","true","","","1","0.05","0.10000000000000001","","",""
"Specification-PolarizedContinuousMeritsModerateRiskAversion__Cost-4__Fee-British","1","50","0","P","7","14","P Offer","P Liability Signal: 3;P Files: 1;D Answers: 1;P Abandons: 1","3,1,1,1","0","true","","","2","0.15","0.10000000000000001","","",""
"Specification-PolarizedContinuousMeritsModerateRiskAversion__Cost-4__Fee-British","1","50","0","P","7","14","P Offer","P Liability Signal: 3;P Files: 1;D Answers: 1;P Abandons: 1","3,1,1,1","0","true","","","3","0.25","0.10000000000000001","","",""
"Specification-PolarizedContinuousMeritsModerateRiskAversion__Cost-4__Fee-British","1","50","0","P","7","14","P Offer","P Liability Signal: 3;P Files: 1;D Answers: 1;P Abandons: 1","3,1,1,1","0","true","","","4","0.35","0.10000000000000001","","",""
"Specification-PolarizedContinuousMeritsModerateRiskAversion__Cost-4__Fee-British","1","50","0","P","7","14","P Offer","P Liability Signal: 3;P Files: 1;D Answers: 1;P Abandons: 1","3,1,1,1","0","true","","","5","0.45","0.10000000000000001","","",""
"Specification-PolarizedContinuousMeritsModerateRiskAversion__Cost-4__Fee-British","1","50","0","P","7","14","P Offer","P Liability Signal: 3;P Files: 1;D Answers: 1;P Abandons: 1","3,1,1,1","0","true","","","6","0.55","0.10000000000000001","","",""
"Specification-PolarizedContinuousMeritsModerateRiskAversion__Cost-4__Fee-British","1","50","0","P","7","14","P Offer","P Liability Signal: 3;P Files: 1;D Answers: 1;P Abandons: 1","3,1,1,1","0","true","","","7","0.65","0.10000000000000001","","",""
"Specification-PolarizedContinuousMeritsModerateRiskAversion__Cost-4__Fee-British","1","50","0","P","7","14","P Offer","P Liability Signal: 3;P Files: 1;D Answers: 1;P Abandons: 1","3,1,1,1","0","true","","","8","0.75","0.10000000000000001","","",""
"Specification-PolarizedContinuousMeritsModerateRiskAversion__Cost-4__Fee-British","1","50","0","P","7","14","P Offer","P Liability Signal: 3;P Files: 1;D Answers: 1;P Abandons: 1","3,1,1,1","0","true","","","9","0.85","0.10000000000000001","","",""
"Specification-PolarizedContinuousMeritsModerateRiskAversion__Cost-4__Fee-British","1","50","0","P","7","14","P Offer","P Liability Signal: 3;P Files: 1;D Answers: 1;P Abandons: 1","3,1,1,1","0","true","","","10","0.95","0.10000000000000001","","",""
"Specification-PolarizedContinuousMeritsModerateRiskAversion__Cost-4__Fee-British","1","51","0","P","7","14","P Offer","P Liability Signal: 3;P Files: 1;D Answers: 1;P Abandons: 2","3,1,1,2","0","true","","","1","0.05","0.10000000000000001","","",""
"Specification-PolarizedContinuousMeritsModerateRiskAversion__Cost-4__Fee-British","1","51","0","P","7","14","P Offer","P Liability Signal: 3;P Files: 1;D Answers: 1;P Abandons: 2","3,1,1,2","0","true","","","2","0.15","0.10000000000000001","","",""
"Specification-PolarizedContinuousMeritsModerateRiskAversion__Cost-4__Fee-British","1","51","0","P","7","14","P Offer","P Liability Signal: 3;P Files: 1;D Answers: 1;P Abandons: 2","3,1,1,2","0","true","","","3","0.25","0.10000000000000001","","",""
"Specification-PolarizedContinuousMeritsModerateRiskAversion__Cost-4__Fee-British","1","51","0","P","7","14","P Offer","P Liability Signal: 3;P Files: 1;D Answers: 1;P Abandons: 2","3,1,1,2","0","true","","","4","0.35","0.10000000000000001","","",""
"Specification-PolarizedContinuousMeritsModerateRiskAversion__Cost-4__Fee-British","1","51","0","P","7","14","P Offer","P Liability Signal: 3;P Files: 1;D Answers: 1;P Abandons: 2","3,1,1,2","0","true","","","5","0.45","0.10000000000000001","","",""
"Specification-PolarizedContinuousMeritsModerateRiskAversion__Cost-4__Fee-British","1","51","0","P","7","14","P Offer","P Liability Signal: 3;P Files: 1;D Answers: 1;P Abandons: 2","3,1,1,2","0","true","","","6","0.55","0.10000000000000001","","",""
"Specification-PolarizedContinuousMeritsModerateRiskAversion__Cost-4__Fee-British","1","51","0","P","7","14","P Offer","P Liability Signal: 3;P Files: 1;D Answers: 1;P Abandons: 2","3,1,1,2","0","true","","","7","0.65","0.10000000000000001","","",""
"Specification-PolarizedContinuousMeritsModerateRiskAversion__Cost-4__Fee-British","1","51","0","P","7","14","P Offer","P Liability Signal: 3;P Files: 1;D Answers: 1;P Abandons: 2","3,1,1,2","0","true","","","8","0.75","0.10000000000000001","","",""
"Specification-PolarizedContinuousMeritsModerateRiskAversion__Cost-4__Fee-British","1","51","0","P","7","14","P Offer","P Liability Signal: 3;P Files: 1;D Answers: 1;P Abandons: 2","3,1,1,2","0","true","","","9","0.85","0.10000000000000001","","",""
"Specification-PolarizedContinuousMeritsModerateRiskAversion__Cost-4__Fee-British","1","51","0","P","7","14","P Offer","P Liability Signal: 3;P Files: 1;D Answers: 1;P Abandons: 2","3,1,1,2","0","true","","","10","0.95","0.10000000000000001","","",""
"Specification-PolarizedContinuousMeritsModerateRiskAversion__Cost-4__Fee-British","1","52","0","P","2","9","P Files","P Liability Signal: 4","4","0.090939999999999993","false","999.99991348529988","999.99991348529988","1","Yes","0","998.83225625878356","1.1676572265163259","false"
"Specification-PolarizedContinuousMeritsModerateRiskAversion__Cost-4__Fee-British","1","52","0","P","2","9","P Files","P Liability Signal: 4","4","0.090939999999999993","false","999.99991348529988","999.99991348529988","2","No","1","999.99991348529988","0","true"
"Specification-PolarizedContinuousMeritsModerateRiskAversion__Cost-4__Fee-British","1","53","0","P","5","20","P Abandons","P Liability Signal: 4;P Files: 1;D Answers: 1","4,1,1","0","true","","","1","Yes","0.5","","",""
"Specification-PolarizedContinuousMeritsModerateRiskAversion__Cost-4__Fee-British","1","53","0","P","5","20","P Abandons","P Liability Signal: 4;P Files: 1;D Answers: 1","4,1,1","0","true","","","2","No","0.5","","",""
"Specification-PolarizedContinuousMeritsModerateRiskAversion__Cost-4__Fee-British","1","54","0","P","7","14","P Offer","P Liability Signal: 4;P Files: 1;D Answers: 1;P Abandons: 1","4,1,1,1","0","true","","","1","0.05","0.10000000000000001","","",""
"Specification-PolarizedContinuousMeritsModerateRiskAversion__Cost-4__Fee-British","1","54","0","P","7","14","P Offer","P Liability Signal: 4;P Files: 1;D Answers: 1;P Abandons: 1","4,1,1,1","0","true","","","2","0.15","0.10000000000000001","","",""
"Specification-PolarizedContinuousMeritsModerateRiskAversion__Cost-4__Fee-British","1","54","0","P","7","14","P Offer","P Liability Signal: 4;P Files: 1;D Answers: 1;P Abandons: 1","4,1,1,1","0","true","","","3","0.25","0.10000000000000001","","",""
"Specification-PolarizedContinuousMeritsModerateRiskAversion__Cost-4__Fee-British","1","54","0","P","7","14","P Offer","P Liability Signal: 4;P Files: 1;D Answers: 1;P Abandons: 1","4,1,1,1","0","true","","","4","0.35","0.10000000000000001","","",""
"Specification-PolarizedContinuousMeritsModerateRiskAversion__Cost-4__Fee-British","1","54","0","P","7","14","P Offer","P Liability Signal: 4;P Files: 1;D Answers: 1;P Abandons: 1","4,1,1,1","0","true","","","5","0.45","0.10000000000000001","","",""
"Specification-PolarizedContinuousMeritsModerateRiskAversion__Cost-4__Fee-British","1","54","0","P","7","14","P Offer","P Liability Signal: 4;P Files: 1;D Answers: 1;P Abandons: 1","4,1,1,1","0","true","","","6","0.55","0.10000000000000001","","",""
"Specification-PolarizedContinuousMeritsModerateRiskAversion__Cost-4__Fee-British","1","54","0","P","7","14","P Offer","P Liability Signal: 4;P Files: 1;D Answers: 1;P Abandons: 1","4,1,1,1","0","true","","","7","0.65","0.10000000000000001","","",""
"Specification-PolarizedContinuousMeritsModerateRiskAversion__Cost-4__Fee-British","1","54","0","P","7","14","P Offer","P Liability Signal: 4;P Files: 1;D Answers: 1;P Abandons: 1","4,1,1,1","0","true","","","8","0.75","0.10000000000000001","","",""
"Specification-PolarizedContinuousMeritsModerateRiskAversion__Cost-4__Fee-British","1","54","0","P","7","14","P Offer","P Liability Signal: 4;P Files: 1;D Answers: 1;P Abandons: 1","4,1,1,1","0","true","","","9","0.85","0.10000000000000001","","",""
"Specification-PolarizedContinuousMeritsModerateRiskAversion__Cost-4__Fee-British","1","54","0","P","7","14","P Offer","P Liability Signal: 4;P Files: 1;D Answers: 1;P Abandons: 1","4,1,1,1","0","true","","","10","0.95","0.10000000000000001","","",""
"Specification-PolarizedContinuousMeritsModerateRiskAversion__Cost-4__Fee-British","1","55","0","P","7","14","P Offer","P Liability Signal: 4;P Files: 1;D Answers: 1;P Abandons: 2","4,1,1,2","0","true","","","1","0.05","0.10000000000000001","","",""
"Specification-PolarizedContinuousMeritsModerateRiskAversion__Cost-4__Fee-British","1","55","0","P","7","14","P Offer","P Liability Signal: 4;P Files: 1;D Answers: 1;P Abandons: 2","4,1,1,2","0","true","","","2","0.15","0.10000000000000001","","",""
"Specification-PolarizedContinuousMeritsModerateRiskAversion__Cost-4__Fee-British","1","55","0","P","7","14","P Offer","P Liability Signal: 4;P Files: 1;D Answers: 1;P Abandons: 2","4,1,1,2","0","true","","","3","0.25","0.10000000000000001","","",""
"Specification-PolarizedContinuousMeritsModerateRiskAversion__Cost-4__Fee-British","1","55","0","P","7","14","P Offer","P Liability Signal: 4;P Files: 1;D Answers: 1;P Abandons: 2","4,1,1,2","0","true","","","4","0.35","0.10000000000000001","","",""
"Specification-PolarizedContinuousMeritsModerateRiskAversion__Cost-4__Fee-British","1","55","0","P","7","14","P Offer","P Liability Signal: 4;P Files: 1;D Answers: 1;P Abandons: 2","4,1,1,2","0","true","","","5","0.45","0.10000000000000001","","",""
"Specification-PolarizedContinuousMeritsModerateRiskAversion__Cost-4__Fee-British","1","55","0","P","7","14","P Offer","P Liability Signal: 4;P Files: 1;D Answers: 1;P Abandons: 2","4,1,1,2","0","true","","","6","0.55","0.10000000000000001","","",""
"Specification-PolarizedContinuousMeritsModerateRiskAversion__Cost-4__Fee-British","1","55","0","P","7","14","P Offer","P Liability Signal: 4;P Files: 1;D Answers: 1;P Abandons: 2","4,1,1,2","0","true","","","7","0.65","0.10000000000000001","","",""
"Specification-PolarizedContinuousMeritsModerateRiskAversion__Cost-4__Fee-British","1","55","0","P","7","14","P Offer","P Liability Signal: 4;P Files: 1;D Answers: 1;P Abandons: 2","4,1,1,2","0","true","","","8","0.75","0.10000000000000001","","",""
"Specification-PolarizedContinuousMeritsModerateRiskAversion__Cost-4__Fee-British","1","55","0","P","7","14","P Offer","P Liability Signal: 4;P Files: 1;D Answers: 1;P Abandons: 2","4,1,1,2","0","true","","","9","0.85","0.10000000000000001","","",""
"Specification-PolarizedContinuousMeritsModerateRiskAversion__Cost-4__Fee-British","1","55","0","P","7","14","P Offer","P Liability Signal: 4;P Files: 1;D Answers: 1;P Abandons: 2","4,1,1,2","0","true","","","10","0.95","0.10000000000000001","","",""
"Specification-PolarizedContinuousMeritsModerateRiskAversion__Cost-4__Fee-British","1","56","0","P","2","9","P Files","P Liability Signal: 5","5","0.082269999999999996","false","999.9999134853","999.9999134853","1","Yes","0","999.35211246484198","0.64780102045801868","false"
"Specification-PolarizedContinuousMeritsModerateRiskAversion__Cost-4__Fee-British","1","56","0","P","2","9","P Files","P Liability Signal: 5","5","0.082269999999999996","false","999.9999134853","999.9999134853","2","No","1","999.9999134853","0","true"
"Specification-PolarizedContinuousMeritsModerateRiskAversion__Cost-4__Fee-British","1","57","0","P","5","20","P Abandons","P Liability Signal: 5;P Files: 1;D Answers: 1","5,1,1","0","true","","","1","Yes","0.5","","",""
"Specification-PolarizedContinuousMeritsModerateRiskAversion__Cost-4__Fee-British","1","57","0","P","5","20","P Abandons","P Liability Signal: 5;P Files: 1;D Answers: 1","5,1,1","0","true","","","2","No","0.5","","",""
"Specification-PolarizedContinuousMeritsModerateRiskAversion__Cost-4__Fee-British","1","58","0","P","7","14","P Offer","P Liability Signal: 5;P Files: 1;D Answers: 1;P Abandons: 1","5,1,1,1","0","true","","","1","0.05","0.10000000000000001","","",""
"Specification-PolarizedContinuousMeritsModerateRiskAversion__Cost-4__Fee-British","1","58","0","P","7","14","P Offer","P Liability Signal: 5;P Files: 1;D Answers: 1;P Abandons: 1","5,1,1,1","0","true","","","2","0.15","0.10000000000000001","","",""
"Specification-PolarizedContinuousMeritsModerateRiskAversion__Cost-4__Fee-British","1","58","0","P","7","14","P Offer","P Liability Signal: 5;P Files: 1;D Answers: 1;P Abandons: 1","5,1,1,1","0","true","","","3","0.25","0.10000000000000001","","",""
"Specification-PolarizedContinuousMeritsModerateRiskAversion__Cost-4__Fee-British","1","58","0","P","7","14","P Offer","P Liability Signal: 5;P Files: 1;D Answers: 1;P Abandons: 1","5,1,1,1","0","true","","","4","0.35","0.10000000000000001","","",""
"Specification-PolarizedContinuousMeritsModerateRiskAversion__Cost-4__Fee-British","1","58","0","P","7","14","P Offer","P Liability Signal: 5;P Files: 1;D Answers: 1;P Abandons: 1","5,1,1,1","0","true","","","5","0.45","0.10000000000000001","","",""
"Specification-PolarizedContinuousMeritsModerateRiskAversion__Cost-4__Fee-British","1","58","0","P","7","14","P Offer","P Liability Signal: 5;P Files: 1;D Answers: 1;P Abandons: 1","5,1,1,1","0","true","","","6","0.55","0.10000000000000001","","",""
"Specification-PolarizedContinuousMeritsModerateRiskAversion__Cost-4__Fee-British","1","58","0","P","7","14","P Offer","P Liability Signal: 5;P Files: 1;D Answers: 1;P Abandons: 1","5,1,1,1","0","true","","","7","0.65","0.10000000000000001","","",""
"Specification-PolarizedContinuousMeritsModerateRiskAversion__Cost-4__Fee-British","1","58","0","P","7","14","P Offer","P Liability Signal: 5;P Files: 1;D Answers: 1;P Abandons: 1","5,1,1,1","0","true","","","8","0.75","0.10000000000000001","","",""
"Specification-PolarizedContinuousMeritsModerateRiskAversion__Cost-4__Fee-British","1","58","0","P","7","14","P Offer","P Liability Signal: 5;P Files: 1;D Answers: 1;P Abandons: 1","5,1,1,1","0","true","","","9","0.85","0.10000000000000001","","",""
"Specification-PolarizedContinuousMeritsModerateRiskAversion__Cost-4__Fee-British","1","58","0","P","7","14","P Offer","P Liability Signal: 5;P Files: 1;D Answers: 1;P Abandons: 1","5,1,1,1","0","true","","","10","0.95","0.10000000000000001","","",""
"Specification-PolarizedContinuousMeritsModerateRiskAversion__Cost-4__Fee-British","1","59","0","P","7","14","P Offer","P Liability Signal: 5;P Files: 1;D Answers: 1;P Abandons: 2","5,1,1,2","0","true","","","1","0.05","0.10000000000000001","","",""
"Specification-PolarizedContinuousMeritsModerateRiskAversion__Cost-4__Fee-British","1","59","0","P","7","14","P Offer","P Liability Signal: 5;P Files: 1;D Answers: 1;P Abandons: 2","5,1,1,2","0","true","","","2","0.15","0.10000000000000001","","",""
"Specification-PolarizedContinuousMeritsModerateRiskAversion__Cost-4__Fee-British","1","59","0","P","7","14","P Offer","P Liability Signal: 5;P Files: 1;D Answers: 1;P Abandons: 2","5,1,1,2","0","true","","","3","0.25","0.10000000000000001","","",""
"Specification-PolarizedContinuousMeritsModerateRiskAversion__Cost-4__Fee-British","1","59","0","P","7","14","P Offer","P Liability Signal: 5;P Files: 1;D Answers: 1;P Abandons: 2","5,1,1,2","0","true","","","4","0.35","0.10000000000000001","","",""
"Specification-PolarizedContinuousMeritsModerateRiskAversion__Cost-4__Fee-British","1","59","0","P","7","14","P Offer","P Liability Signal: 5;P Files: 1;D Answers: 1;P Abandons: 2","5,1,1,2","0","true","","","5","0.45","0.10000000000000001","","",""
"Specification-PolarizedContinuousMeritsModerateRiskAversion__Cost-4__Fee-British","1","59","0","P","7","14","P Offer","P Liability Signal: 5;P Files: 1;D Answers: 1;P Abandons: 2","5,1,1,2","0","true","","","6","0.55","0.10000000000000001","","",""
"Specification-PolarizedContinuousMeritsModerateRiskAversion__Cost-4__Fee-British","1","59","0","P","7","14","P Offer","P Liability Signal: 5;P Files: 1;D Answers: 1;P Abandons: 2","5,1,1,2","0","true","","","7","0.65","0.10000000000000001","","",""
"Specification-PolarizedContinuousMeritsModerateRiskAversion__Cost-4__Fee-British","1","59","0","P","7","14","P Offer","P Liability Signal: 5;P Files: 1;D Answers: 1;P Abandons: 2","5,1,1,2","0","true","","","8","0.75","0.10000000000000001","","",""
"Specification-PolarizedContinuousMeritsModerateRiskAversion__Cost-4__Fee-British","1","59","0","P","7","14","P Offer","P Liability Signal: 5;P Files: 1;D Answers: 1;P Abandons: 2","5,1,1,2","0","true","","","9","0.85","0.10000000000000001","","",""
"Specification-PolarizedContinuousMeritsModerateRiskAversion__Cost-4__Fee-British","1","59","0","P","7","14","P Offer","P Liability Signal: 5;P Files: 1;D Answers: 1;P Abandons: 2","5,1,1,2","0","true","","","10","0.95","0.10000000000000001","","",""
"Specification-PolarizedContinuousMeritsModerateRiskAversion__Cost-4__Fee-British","1","60","0","P","2","9","P Files","P Liability Signal: 6","6","0.08227000000000001","false","1000.0157079668211","1000.0157079668211","1","Yes","1","1000.0157079668211","0","true"
"Specification-PolarizedContinuousMeritsModerateRiskAversion__Cost-4__Fee-British","1","60","0","P","2","9","P Files","P Liability Signal: 6","6","0.08227000000000001","false","1000.0157079668211","1000.0157079668211","2","No","0","999.99991348529988","0.015794481521197667","false"
"Specification-PolarizedContinuousMeritsModerateRiskAversion__Cost-4__Fee-British","1","61","0","P","5","20","P Abandons","P Liability Signal: 6;P Files: 1;D Answers: 1","6,1,1","0.027166889983289609","false","999.83917926949198","999.83917926949198","1","Yes","1","999.83917926949198","0","true"
"Specification-PolarizedContinuousMeritsModerateRiskAversion__Cost-4__Fee-British","1","61","0","P","5","20","P Abandons","P Liability Signal: 6;P Files: 1;D Answers: 1","6,1,1","0.027166889983289609","false","999.83917926949198","999.83917926949198","2","No","0","998.25282917691857","1.5863500925734115","false"
"Specification-PolarizedContinuousMeritsModerateRiskAversion__Cost-4__Fee-British","1","62","0","P","7","14","P Offer","P Liability Signal: 6;P Files: 1;D Answers: 1;P Abandons: 1","6,1,1,1","0.027166889983289609","false","999.83917926949198","999.83917926949198","1","0.05","0","999.76510287965743","0.074076389834544898","false"
"Specification-PolarizedContinuousMeritsModerateRiskAversion__Cost-4__Fee-British","1","62","0","P","7","14","P Offer","P Liability Signal: 6;P Files: 1;D Answers: 1;P Abandons: 1","6,1,1,1","0.027166889983289609","false","999.83917926949198","999.83917926949198","2","0.15","0","999.80534443856993","0.033834830922046422","false"
"Specification-PolarizedContinuousMeritsModerateRiskAversion__Cost-4__Fee-British","1","62","0","P","7","14","P Offer","P Liability Signal: 6;P Files: 1;D Answers: 1;P Abandons: 1","6,1,1,1","0.027166889983289609","false","999.83917926949198","999.83917926949198","3","0.25","0","999.83917926949198","0","true"
"Specification-PolarizedContinuousMeritsModerateRiskAversion__Cost-4__Fee-British","1","62","0","P","7","14","P Offer","P Liability Signal: 6;P Files: 1;D Answers: 1;P Abandons: 1","6,1,1,1","0.027166889983289609","false","999.83917926949198","999.83917926949198","4","0.35","1","999.83917926949198","0","true"
"Specification-PolarizedContinuousMeritsModerateRiskAversion__Cost-4__Fee-British","1","62","0","P","7","14","P Offer","P Liability Signal: 6;P Files: 1;D Answers: 1;P Abandons: 1","6,1,1,1","0.027166889983289609","false","999.83917926949198","999.83917926949198","5","0.45","0","999.8009151372288","0.038264132263179818","false"
"Specification-PolarizedContinuousMeritsModerateRiskAversion__Cost-4__Fee-British","1","62","0","P","7","14","P Offer","P Liability Signal: 6;P Files: 1;D Answers: 1;P Abandons: 1","6,1,1,1","0.027166889983289609","false","999.83917926949198","999.83917926949198","6","0.55","0","999.8009151372288","0.038264132263179818","false"
"Specification-PolarizedContinuousMeritsModerateRiskAversion__Cost-4__Fee-British","1","62","0","P","7","14","P Offer","P Liability Signal: 6;P Files: 1;D Answers: 1;P Abandons: 1","6,1,1,1","0.027166889983289609","false","999.83917926949198","999.83917926949198","7","0.65","0","999.8009151372288","0.038264132263179818","false"
"Specification-PolarizedContinuousMeritsModerateRiskAversion__Cost-4__Fee-British","1","62","0","P","7","14","P Offer","P Liability Signal: 6;P Files: 1;D Answers: 1;P Abandons: 1","6,1,1,1","0.027166889983289609","false","999.83917926949198","999.83917926949198","8","0.75","0","999.8009151372288","0.038264132263179818","false"
"Specification-PolarizedContinuousMeritsModerateRiskAversion__Cost-4__Fee-British","1","62","0","P","7","14","P Offer","P Liability Signal: 6;P Files: 1;D Answers: 1;P Abandons: 1","6,1,1,1","0.027166889983289609","false","999.83917926949198","999.83917926949198","9","0.85","0","999.8009151372288","0.038264132263179818","false"
"Specification-PolarizedContinuousMeritsModerateRiskAversion__Cost-4__Fee-British","1","62","0","P","7","14","P Offer","P Liability Signal: 6;P Files: 1;D Answers: 1;P Abandons: 1","6,1,1,1","0.027166889983289609","false","999.83917926949198","999.83917926949198","10","0.95","0","999.8009151372288","0.038264132263179818","false"
"Specification-PolarizedContinuousMeritsModerateRiskAversion__Cost-4__Fee-British","1","63","0","P","7","14","P Offer","P Liability Signal: 6;P Files: 1;D Answers: 1;P Abandons: 2","6,1,1,2","0","true","","","1","0.05","0.10000000000000001","","",""
"Specification-PolarizedContinuousMeritsModerateRiskAversion__Cost-4__Fee-British","1","63","0","P","7","14","P Offer","P Liability Signal: 6;P Files: 1;D Answers: 1;P Abandons: 2","6,1,1,2","0","true","","","2","0.15","0.10000000000000001","","",""
"Specification-PolarizedContinuousMeritsModerateRiskAversion__Cost-4__Fee-British","1","63","0","P","7","14","P Offer","P Liability Signal: 6;P Files: 1;D Answers: 1;P Abandons: 2","6,1,1,2","0","true","","","3","0.25","0.10000000000000001","","",""
"Specification-PolarizedContinuousMeritsModerateRiskAversion__Cost-4__Fee-British","1","63","0","P","7","14","P Offer","P Liability Signal: 6;P Files: 1;D Answers: 1;P Abandons: 2","6,1,1,2","0","true","","","4","0.35","0.10000000000000001","","",""
"Specification-PolarizedContinuousMeritsModerateRiskAversion__Cost-4__Fee-British","1","63","0","P","7","14","P Offer","P Liability Signal: 6;P Files: 1;D Answers: 1;P Abandons: 2","6,1,1,2","0","true","","","5","0.45","0.10000000000000001","","",""
"Specification-PolarizedContinuousMeritsModerateRiskAversion__Cost-4__Fee-British","1","63","0","P","7","14","P Offer","P Liability Signal: 6;P Files: 1;D Answers: 1;P Abandons: 2","6,1,1,2","0","true","","","6","0.55","0.10000000000000001","","",""
"Specification-PolarizedContinuousMeritsModerateRiskAversion__Cost-4__Fee-British","1","63","0","P","7","14","P Offer","P Liability Signal: 6;P Files: 1;D Answers: 1;P Abandons: 2","6,1,1,2","0","true","","","7","0.65","0.10000000000000001","","",""
"Specification-PolarizedContinuousMeritsModerateRiskAversion__Cost-4__Fee-British","1","63","0","P","7","14","P Offer","P Liability Signal: 6;P Files: 1;D Answers: 1;P Abandons: 2","6,1,1,2","0","true","","","8","0.75","0.10000000000000001","","",""
"Specification-PolarizedContinuousMeritsModerateRiskAversion__Cost-4__Fee-British","1","63","0","P","7","14","P Offer","P Liability Signal: 6;P Files: 1;D Answers: 1;P Abandons: 2","6,1,1,2","0","true","","","9","0.85","0.10000000000000001","","",""
"Specification-PolarizedContinuousMeritsModerateRiskAversion__Cost-4__Fee-British","1","63","0","P","7","14","P Offer","P Liability Signal: 6;P Files: 1;D Answers: 1;P Abandons: 2","6,1,1,2","0","true","","","10","0.95","0.10000000000000001","","",""
"Specification-PolarizedContinuousMeritsModerateRiskAversion__Cost-4__Fee-British","1","64","0","P","2","9","P Files","P Liability Signal: 7","7","0.090939999999999993","false","1000.0555904314613","1000.0555904314613","1","Yes","1","1000.0555904314613","0","true"
"Specification-PolarizedContinuousMeritsModerateRiskAversion__Cost-4__Fee-British","1","64","0","P","2","9","P Files","P Liability Signal: 7","7","0.090939999999999993","false","1000.0555904314613","1000.0555904314613","2","No","0","999.99991348530011","0.055676946161156593","false"
"Specification-PolarizedContinuousMeritsModerateRiskAversion__Cost-4__Fee-British","1","65","0","P","5","20","P Abandons","P Liability Signal: 7;P Files: 1;D Answers: 1","7,1,1","0.017101561157922045","false","999.85201541858157","999.85201541858157","1","Yes","1","999.85201541858157","0","true"
"Specification-PolarizedContinuousMeritsModerateRiskAversion__Cost-4__Fee-British","1","65","0","P","5","20","P Abandons","P Liability Signal: 7;P Files: 1;D Answers: 1","7,1,1","0.017101561157922045","false","999.85201541858157","999.85201541858157","2","No","0","998.90812253441516","0.94389288416641648","false"
"Specification-PolarizedContinuousMeritsModerateRiskAversion__Cost-4__Fee-British","1","66","0","P","7","14","P Offer","P Liability Signal: 7;P Files: 1;D Answers: 1;P Abandons: 1","7,1,1,1","0.017101561157922045","false","999.85201541858157","999.85201541858157","1","0.05","0","999.76708654304616","0.084928875535410953","false"
"Specification-PolarizedContinuousMeritsModerateRiskAversion__Cost-4__Fee-British","1","66","0","P","7","14","P Offer","P Liability Signal: 7;P Files: 1;D Answers: 1;P Abandons: 1","7,1,1,1","0.017101561157922045","false","999.85201541858157","999.85201541858157","2","0.15","0","999.80714773806801","0.044867680513561936","false"
"Specification-PolarizedContinuousMeritsModerateRiskAversion__Cost-4__Fee-British","1","66","0","P","7","14","P Offer","P Liability Signal: 7;P Files: 1;D Answers: 1;P Abandons: 1","7,1,1,1","0.017101561157922045","false","999.85201541858157","999.85201541858157","3","0.25","0","999.84159748343836","0.010417935143209434","false"
"Specification-PolarizedContinuousMeritsModerateRiskAversion__Cost-4__Fee-British","1","66","0","P","7","14","P Offer","P Liability Signal: 7;P Files: 1;D Answers: 1;P Abandons: 1","7,1,1,1","0.017101561157922045","false","999.85201541858157","999.85201541858157","4","0.35","1","999.85201541858157","0","true"
"Specification-PolarizedContinuousMeritsModerateRiskAversion__Cost-4__Fee-British","1","66","0","P","7","14","P Offer","P Liability Signal: 7;P Files: 1;D Answers: 1;P Abandons: 1","7,1,1,1","0.017101561157922045","false","999.85201541858157","999.85201541858157","5","0.45","0","999.8119459207644","0.040069497817171396","false"
"Specification-PolarizedContinuousMeritsModerateRiskAversion__Cost-4__Fee-British","1","66","0","P","7","14","P Offer","P Liability Signal: 7;P Files: 1;D Answers: 1;P Abandons: 1","7,1,1,1","0.017101561157922045","false","999.85201541858157","999.85201541858157","6","0.55","0","999.8119459207644","0.040069497817171396","false"
"Specification-PolarizedContinuousMeritsModerateRiskAversion__Cost-4__Fee-British","1","66","0","P","7","14","P Offer","P Liability Signal: 7;P Files: 1;D Answers: 1;P Abandons: 1","7,1,1,1","0.017101561157922045","false","999.85201541858157","999.85201541858157","7","0.65","0","999.8119459207644","0.040069497817171396","false"
"Specification-PolarizedContinuousMeritsModerateRiskAversion__Cost-4__Fee-British","1","66","0","P","7","14","P Offer","P Liability Signal: 7;P Files: 1;D Answers: 1;P Abandons: 1","7,1,1,1","0.017101561157922045","false","999.85201541858157","999.85201541858157","8","0.75","0","999.8119459207644","0.040069497817171396","false"
"Specification-PolarizedContinuousMeritsModerateRiskAversion__Cost-4__Fee-British","1","66","0","P","7","14","P Offer","P Liability Signal: 7;P Files: 1;D Answers: 1;P Abandons: 1","7,1,1,1","0.017101561157922045","false","999.85201541858157","999.85201541858157","9","0.85","0","999.8119459207644","0.040069497817171396","false"
"Specification-PolarizedContinuousMeritsModerateRiskAversion__Cost-4__Fee-British","1","66","0","P","7","14","P Offer","P Liability Signal: 7;P Files: 1;D Answers: 1;P Abandons: 1","7,1,1,1","0.017101561157922045","false","999.85201541858157","999.85201541858157","10","0.95","0","999.8119459207644","0.040069497817171396","false"
"Specification-PolarizedContinuousMeritsModerateRiskAversion__Cost-4__Fee-British","1","67","0","P","7","14","P Offer","P Liability Signal: 7;P Files: 1;D Answers: 1;P Abandons: 2","7,1,1,2","0","true","","","1","0.05","0.10000000000000001","","",""
"Specification-PolarizedContinuousMeritsModerateRiskAversion__Cost-4__Fee-British","1","67","0","P","7","14","P Offer","P Liability Signal: 7;P Files: 1;D Answers: 1;P Abandons: 2","7,1,1,2","0","true","","","2","0.15","0.10000000000000001","","",""
"Specification-PolarizedContinuousMeritsModerateRiskAversion__Cost-4__Fee-British","1","67","0","P","7","14","P Offer","P Liability Signal: 7;P Files: 1;D Answers: 1;P Abandons: 2","7,1,1,2","0","true","","","3","0.25","0.10000000000000001","","",""
"Specification-PolarizedContinuousMeritsModerateRiskAversion__Cost-4__Fee-British","1","67","0","P","7","14","P Offer","P Liability Signal: 7;P Files: 1;D Answers: 1;P Abandons: 2","7,1,1,2","0","true","","","4","0.35","0.10000000000000001","","",""
"Specification-PolarizedContinuousMeritsModerateRiskAversion__Cost-4__Fee-British","1","67","0","P","7","14","P Offer","P Liability Signal: 7;P Files: 1;D Answers: 1;P Abandons: 2","7,1,1,2","0","true","","","5","0.45","0.10000000000000001","","",""
"Specification-PolarizedContinuousMeritsModerateRiskAversion__Cost-4__Fee-British","1","67","0","P","7","14","P Offer","P Liability Signal: 7;P Files: 1;D Answers: 1;P Abandons: 2","7,1,1,2","0","true","","","6","0.55","0.10000000000000001","","",""
"Specification-PolarizedContinuousMeritsModerateRiskAversion__Cost-4__Fee-British","1","67","0","P","7","14","P Offer","P Liability Signal: 7;P Files: 1;D Answers: 1;P Abandons: 2","7,1,1,2","0","true","","","7","0.65","0.10000000000000001","","",""
"Specification-PolarizedContinuousMeritsModerateRiskAversion__Cost-4__Fee-British","1","67","0","P","7","14","P Offer","P Liability Signal: 7;P Files: 1;D Answers: 1;P Abandons: 2","7,1,1,2","0","true","","","8","0.75","0.10000000000000001","","",""
"Specification-PolarizedContinuousMeritsModerateRiskAversion__Cost-4__Fee-British","1","67","0","P","7","14","P Offer","P Liability Signal: 7;P Files: 1;D Answers: 1;P Abandons: 2","7,1,1,2","0","true","","","9","0.85","0.10000000000000001","","",""
"Specification-PolarizedContinuousMeritsModerateRiskAversion__Cost-4__Fee-British","1","67","0","P","7","14","P Offer","P Liability Signal: 7;P Files: 1;D Answers: 1;P Abandons: 2","7,1,1,2","0","true","","","10","0.95","0.10000000000000001","","",""
"Specification-PolarizedContinuousMeritsModerateRiskAversion__Cost-4__Fee-British","1","68","0","P","2","9","P Files","P Liability Signal: 8","8","0.10414999999999999","false","1000.0784521944726","1000.0784521944726","1","Yes","1","1000.0784521944726","0","true"
"Specification-PolarizedContinuousMeritsModerateRiskAversion__Cost-4__Fee-British","1","68","0","P","2","9","P Files","P Liability Signal: 8","8","0.10414999999999999","false","1000.0784521944726","1000.0784521944726","2","No","0","999.99991348530011","0.078538709172448762","false"
"Specification-PolarizedContinuousMeritsModerateRiskAversion__Cost-4__Fee-British","1","69","0","P","5","20","P Abandons","P Liability Signal: 8;P Files: 1;D Answers: 1","8,1,1","0.010490880931999397","false","999.86161869073067","999.86161869073067","1","Yes","1","999.86161869073067","0","true"
"Specification-PolarizedContinuousMeritsModerateRiskAversion__Cost-4__Fee-British","1","69","0","P","5","20","P Abandons","P Liability Signal: 8;P Files: 1;D Answers: 1","8,1,1","0.010490880931999397","false","999.86161869073067","999.86161869073067","2","No","0","999.371307620165","0.49031107056566725","false"
"Specification-PolarizedContinuousMeritsModerateRiskAversion__Cost-4__Fee-British","1","70","0","P","7","14","P Offer","P Liability Signal: 8;P Files: 1;D Answers: 1;P Abandons: 1","8,1,1,1","0.010490880931999397","false","999.86161869073067","999.86161869073067","1","0.05","0","999.76857060647012","0.093048084260544783","false"
"Specification-PolarizedContinuousMeritsModerateRiskAversion__Cost-4__Fee-British","1","70","0","P","7","14","P Offer","P Liability Signal: 8;P Files: 1;D Answers: 1;P Abandons: 1","8,1,1,1","0.010490880931999397","false","999.86161869073067","999.86161869073067","2","0.15","0","999.80849686355145","0.053121827179211323","false"
"Specification-PolarizedContinuousMeritsModerateRiskAversion__Cost-4__Fee-British","1","70","0","P","7","14","P Offer","P Liability Signal: 8;P Files: 1;D Answers: 1;P Abandons: 1","8,1,1,1","0.010490880931999397","false","999.86161869073067","999.86161869073067","3","0.25","0","999.84340665272089","0.018212038009778553","false"
"Specification-PolarizedContinuousMeritsModerateRiskAversion__Cost-4__Fee-British","1","70","0","P","7","14","P Offer","P Liability Signal: 8;P Files: 1;D Answers: 1;P Abandons: 1","8,1,1,1","0.010490880931999397","false","999.86161869073067","999.86161869073067","4","0.35","1","999.86161869073067","0","true"
"Specification-PolarizedContinuousMeritsModerateRiskAversion__Cost-4__Fee-British","1","70","0","P","7","14","P Offer","P Liability Signal: 8;P Files: 1;D Answers: 1;P Abandons: 1","8,1,1,1","0.010490880931999397","false","999.86161869073067","999.86161869073067","5","0.45","0","999.82019852172516","0.041420169005505159","false"
"Specification-PolarizedContinuousMeritsModerateRiskAversion__Cost-4__Fee-British","1","70","0","P","7","14","P Offer","P Liability Signal: 8;P Files: 1;D Answers: 1;P Abandons: 1","8,1,1,1","0.010490880931999397","false","999.86161869073067","999.86161869073067","6","0.55","0","999.82019852172516","0.041420169005505159","false"
"Specification-PolarizedContinuousMeritsModerateRiskAversion__Cost-4__Fee-British","1","70","0","P","7","14","P Offer","P Liability Signal: 8;P Files: 1;D Answers: 1;P Abandons: 1","8,1,1,1","0.010490880931999397","false","999.86161869073067","999.86161869073067","7","0.65","0","999.82019852172516","0.041420169005505159","false"
"Specification-PolarizedContinuousMeritsModerateRiskAversion__Cost-4__Fee-British","1","70","0","P","7","14","P Offer","P Liability Signal: 8;P Files: 1;D Answers: 1;P Abandons: 1","8,1,1,1","0.010490880931999397","false","999.86161869073067","999.86161869073067","8","0.75","0","999.82019852172516","0.041420169005505159","false"
"Specification-PolarizedContinuousMeritsModerateRiskAversion__Cost-4__Fee-British","1","70","0","P","7","14","P Offer","P Liability Signal: 8;P Files: 1;D Answers: 1;P Abandons: 1","8,1,1,1","0.010490880931999397","false","999.86161869073067","999.86161869073067","9","0.85","0","999.82019852172516","0.041420169005505159","false"
"Specification-PolarizedContinuousMeritsModerateRiskAversion__Cost-4__Fee-British","1","70","0","P","7","14","P Offer","P Liability Signal: 8;P Files: 1;D Answers: 1;P Abandons: 1","8,1,1,1","0.010490880931999397","false","999.86161869073067","999.86161869073067","10","0.95","0","999.82019852172516","0.041420169005505159","false"
"Specification-PolarizedContinuousMeritsModerateRiskAversion__Cost-4__Fee-British","1","71","0","P","7","14","P Offer","P Liability Signal: 8;P Files: 1;D Answers: 1;P Abandons: 2","8,1,1,2","0","true","","","1","0.05","0.10000000000000001","","",""
"Specification-PolarizedContinuousMeritsModerateRiskAversion__Cost-4__Fee-British","1","71","0","P","7","14","P Offer","P Liability Signal: 8;P Files: 1;D Answers: 1;P Abandons: 2","8,1,1,2","0","true","","","2","0.15","0.10000000000000001","","",""
"Specification-PolarizedContinuousMeritsModerateRiskAversion__Cost-4__Fee-British","1","71","0","P","7","14","P Offer","P Liability Signal: 8;P Files: 1;D Answers: 1;P Abandons: 2","8,1,1,2","0","true","","","3","0.25","0.10000000000000001","","",""
"Specification-PolarizedContinuousMeritsModerateRiskAversion__Cost-4__Fee-British","1","71","0","P","7","14","P Offer","P Liability Signal: 8;P Files: 1;D Answers: 1;P Abandons: 2","8,1,1,2","0","true","","","4","0.35","0.10000000000000001","","",""
"Specification-PolarizedContinuousMeritsModerateRiskAversion__Cost-4__Fee-British","1","71","0","P","7","14","P Offer","P Liability Signal: 8;P Files: 1;D Answers: 1;P Abandons: 2","8,1,1,2","0","true","","","5","0.45","0.10000000000000001","","",""
"Specification-PolarizedContinuousMeritsModerateRiskAversion__Cost-4__Fee-British","1","71","0","P","7","14","P Offer","P Liability Signal: 8;P Files: 1;D Answers: 1;P Abandons: 2","8,1,1,2","0","true","","","6","0.55","0.10000000000000001","","",""
"Specification-PolarizedContinuousMeritsModerateRiskAversion__Cost-4__Fee-British","1","71","0","P","7","14","P Offer","P Liability Signal: 8;P Files: 1;D Answers: 1;P Abandons: 2","8,1,1,2","0","true","","","7","0.65","0.10000000000000001","","",""
"Specification-PolarizedContinuousMeritsModerateRiskAversion__Cost-4__Fee-British","1","71","0","P","7","14","P Offer","P Liability Signal: 8;P Files: 1;D Answers: 1;P Abandons: 2","8,1,1,2","0","true","","","8","0.75","0.10000000000000001","","",""
"Specification-PolarizedContinuousMeritsModerateRiskAversion__Cost-4__Fee-British","1","71","0","P","7","14","P Offer","P Liability Signal: 8;P Files: 1;D Answers: 1;P Abandons: 2","8,1,1,2","0","true","","","9","0.85","0.10000000000000001","","",""
"Specification-PolarizedContinuousMeritsModerateRiskAversion__Cost-4__Fee-British","1","71","0","P","7","14","P Offer","P Liability Signal: 8;P Files: 1;D Answers: 1;P Abandons: 2","8,1,1,2","0","true","","","10","0.95","0.10000000000000001","","",""
"Specification-PolarizedContinuousMeritsModerateRiskAversion__Cost-4__Fee-British","1","72","0","P","2","9","P Files","P Liability Signal: 9","9","0.11336","false","1000.0898132192814","1000.0898132192814","1","Yes","1","1000.0898132192814","0","true"
"Specification-PolarizedContinuousMeritsModerateRiskAversion__Cost-4__Fee-British","1","72","0","P","2","9","P Files","P Liability Signal: 9","9","0.11336","false","1000.0898132192814","1000.0898132192814","2","No","0","999.99991348529988","0.089899733981496865","false"
"Specification-PolarizedContinuousMeritsModerateRiskAversion__Cost-4__Fee-British","1","73","0","P","5","20","P Abandons","P Liability Signal: 9;P Files: 1;D Answers: 1","9,1,1","0.0062478465114401745","false","999.86819840881526","999.86819840881526","1","Yes","1","999.86819840881526","0","true"
"Specification-PolarizedContinuousMeritsModerateRiskAversion__Cost-4__Fee-British","1","73","0","P","5","20","P Abandons","P Liability Signal: 9;P Files: 1;D Answers: 1","9,1,1","0.0062478465114401745","false","999.86819840881526","999.86819840881526","2","No","0","999.66171849836053","0.20647991045473191","false"
"Specification-PolarizedContinuousMeritsModerateRiskAversion__Cost-4__Fee-British","1","74","0","P","7","14","P Offer","P Liability Signal: 9;P Files: 1;D Answers: 1;P Abandons: 1","9,1,1,1","0.0062478465114401745","false","999.86819840881526","999.86819840881526","1","0.05","0","999.76958741811507","0.098610990700194634","false"
"Specification-PolarizedContinuousMeritsModerateRiskAversion__Cost-4__Fee-British","1","74","0","P","7","14","P Offer","P Liability Signal: 9;P Files: 1;D Answers: 1;P Abandons: 1","9,1,1,1","0.0062478465114401745","false","999.86819840881526","999.86819840881526","2","0.15","0","999.80942122195802","0.058777186857241759","false"
"Specification-PolarizedContinuousMeritsModerateRiskAversion__Cost-4__Fee-British","1","74","0","P","7","14","P Offer","P Liability Signal: 9;P Files: 1;D Answers: 1;P Abandons: 1","9,1,1,1","0.0062478465114401745","false","999.86819840881526","999.86819840881526","3","0.25","0","999.84464621186896","0.023552196946297954","false"
"Specification-PolarizedContinuousMeritsModerateRiskAversion__Cost-4__Fee-British","1","74","0","P","7","14","P Offer","P Liability Signal: 9;P Files: 1;D Answers: 1;P Abandons: 1","9,1,1,1","0.0062478465114401745","false","999.86819840881526","999.86819840881526","4","0.35","1","999.86819840881526","0","true"
"Specification-PolarizedContinuousMeritsModerateRiskAversion__Cost-4__Fee-British","1","74","0","P","7","14","P Offer","P Liability Signal: 9;P Files: 1;D Answers: 1;P Abandons: 1","9,1,1,1","0.0062478465114401745","false","999.86819840881526","999.86819840881526","5","0.45","0","999.82585282235732","0.042345586457940954","false"
"Specification-PolarizedContinuousMeritsModerateRiskAversion__Cost-4__Fee-British","1","74","0","P","7","14","P Offer","P Liability Signal: 9;P Files: 1;D Answers: 1;P Abandons: 1","9,1,1,1","0.0062478465114401745","false","999.86819840881526","999.86819840881526","6","0.55","0","999.82585282235732","0.042345586457940954","false"
"Specification-PolarizedContinuousMeritsModerateRiskAversion__Cost-4__Fee-British","1","74","0","P","7","14","P Offer","P Liability Signal: 9;P Files: 1;D Answers: 1;P Abandons: 1","9,1,1,1","0.0062478465114401745","false","999.86819840881526","999.86819840881526","7","0.65","0","999.82585282235732","0.042345586457940954","false"
"Specification-PolarizedContinuousMeritsModerateRiskAversion__Cost-4__Fee-British","1","74","0","P","7","14","P Offer","P Liability Signal: 9;P Files: 1;D Answers: 1;P Abandons: 1","9,1,1,1","0.0062478465114401745","false","999.86819840881526","999.86819840881526","8","0.75","0","999.82585282235732","0.042345586457940954","false"
"Specification-PolarizedContinuousMeritsModerateRiskAversion__Cost-4__Fee-British","1","74","0","P","7","14","P Offer","P Liability Signal: 9;P Files: 1;D Answers: 1;P Abandons: 1","9,1,1,1","0.0062478465114401745","false","999.86819840881526","999.86819840881526","9","0.85","0","999.82585282235732","0.042345586457940954","false"
"Specification-PolarizedContinuousMeritsModerateRiskAversion__Cost-4__Fee-British","1","74","0","P","7","14","P Offer","P Liability Signal: 9;P Files: 1;D Answers: 1;P Abandons: 1","9,1,1,1","0.0062478465114401745","false","999.86819840881526","999.86819840881526","10","0.95","0","999.82585282235732","0.042345586457940954","false"
"Specification-PolarizedContinuousMeritsModerateRiskAversion__Cost-4__Fee-British","1","75","0","P","7","14","P Offer","P Liability Signal: 9;P Files: 1;D Answers: 1;P Abandons: 2","9,1,1,2","0","true","","","1","0.05","0.10000000000000001","","",""
"Specification-PolarizedContinuousMeritsModerateRiskAversion__Cost-4__Fee-British","1","75","0","P","7","14","P Offer","P Liability Signal: 9;P Files: 1;D Answers: 1;P Abandons: 2","9,1,1,2","0","true","","","2","0.15","0.10000000000000001","","",""
"Specification-PolarizedContinuousMeritsModerateRiskAversion__Cost-4__Fee-British","1","75","0","P","7","14","P Offer","P Liability Signal: 9;P Files: 1;D Answers: 1;P Abandons: 2","9,1,1,2","0","true","","","3","0.25","0.10000000000000001","","",""
"Specification-PolarizedContinuousMeritsModerateRiskAversion__Cost-4__Fee-British","1","75","0","P","7","14","P Offer","P Liability Signal: 9;P Files: 1;D Answers: 1;P Abandons: 2","9,1,1,2","0","true","","","4","0.35","0.10000000000000001","","",""
"Specification-PolarizedContinuousMeritsModerateRiskAversion__Cost-4__Fee-British","1","75","0","P","7","14","P Offer","P Liability Signal: 9;P Files: 1;D Answers: 1;P Abandons: 2","9,1,1,2","0","true","","","5","0.45","0.10000000000000001","","",""
"Specification-PolarizedContinuousMeritsModerateRiskAversion__Cost-4__Fee-British","1","75","0","P","7","14","P Offer","P Liability Signal: 9;P Files: 1;D Answers: 1;P Abandons: 2","9,1,1,2","0","true","","","6","0.55","0.10000000000000001","","",""
"Specification-PolarizedContinuousMeritsModerateRiskAversion__Cost-4__Fee-British","1","75","0","P","7","14","P Offer","P Liability Signal: 9;P Files: 1;D Answers: 1;P Abandons: 2","9,1,1,2","0","true","","","7","0.65","0.10000000000000001","","",""
"Specification-PolarizedContinuousMeritsModerateRiskAversion__Cost-4__Fee-British","1","75","0","P","7","14","P Offer","P Liability Signal: 9;P Files: 1;D Answers: 1;P Abandons: 2","9,1,1,2","0","true","","","8","0.75","0.10000000000000001","","",""
"Specification-PolarizedContinuousMeritsModerateRiskAversion__Cost-4__Fee-British","1","75","0","P","7","14","P Offer","P Liability Signal: 9;P Files: 1;D Answers: 1;P Abandons: 2","9,1,1,2","0","true","","","9","0.85","0.10000000000000001","","",""
"Specification-PolarizedContinuousMeritsModerateRiskAversion__Cost-4__Fee-British","1","75","0","P","7","14","P Offer","P Liability Signal: 9;P Files: 1;D Answers: 1;P Abandons: 2","9,1,1,2","0","true","","","10","0.95","0.10000000000000001","","",""
"Specification-PolarizedContinuousMeritsModerateRiskAversion__Cost-4__Fee-British","1","76","0","P","2","9","P Files","P Liability Signal: 10","10","0.10928","false","1000.0951929745062","1000.0951929745062","1","Yes","1","1000.0951929745062","0","true"
"Specification-PolarizedContinuousMeritsModerateRiskAversion__Cost-4__Fee-British","1","76","0","P","2","9","P Files","P Liability Signal: 10","10","0.10928","false","1000.0951929745062","1000.0951929745062","2","No","0","999.9999134853","0.095279489206177459","false"
"Specification-PolarizedContinuousMeritsModerateRiskAversion__Cost-4__Fee-British","1","77","0","P","5","20","P Abandons","P Liability Signal: 10;P Files: 1;D Answers: 1","10,1,1","0.0035823557375122433","false","999.87251748542997","999.87251748542997","1","Yes","0.61750715688198199","999.87251748542974","2.2737367544323206E-13","true"
"Specification-PolarizedContinuousMeritsModerateRiskAversion__Cost-4__Fee-British","1","77","0","P","5","20","P Abandons","P Liability Signal: 10;P Files: 1;D Answers: 1","10,1,1","0.0035823557375122433","false","999.87251748542997","999.87251748542997","2","No","0.38249284311801807","999.87251748542997","0","true"
"Specification-PolarizedContinuousMeritsModerateRiskAversion__Cost-4__Fee-British","1","78","0","P","7","14","P Offer","P Liability Signal: 10;P Files: 1;D Answers: 1;P Abandons: 1","10,1,1,1","0.0022121303064110412","false","999.87251748542974","999.87251748542974","1","0.05","0","999.77025487640765","0.10226260902209106","false"
"Specification-PolarizedContinuousMeritsModerateRiskAversion__Cost-4__Fee-British","1","78","0","P","7","14","P Offer","P Liability Signal: 10;P Files: 1;D Answers: 1;P Abandons: 1","10,1,1,1","0.0022121303064110412","false","999.87251748542974","999.87251748542974","2","0.15","0","999.81002799184193","0.062489493587804645","false"
"Specification-PolarizedContinuousMeritsModerateRiskAversion__Cost-4__Fee-British","1","78","0","P","7","14","P Offer","P Liability Signal: 10;P Files: 1;D Answers: 1;P Abandons: 1","10,1,1,1","0.0022121303064110412","false","999.87251748542974","999.87251748542974","3","0.25","0","999.84545988668947","0.027057598740270805","false"
"Specification-PolarizedContinuousMeritsModerateRiskAversion__Cost-4__Fee-British","1","78","0","P","7","14","P Offer","P Liability Signal: 10;P Files: 1;D Answers: 1;P Abandons: 1","10,1,1,1","0.0022121303064110412","false","999.87251748542974","999.87251748542974","4","0.35","1","999.87251748542974","0","true"
"Specification-PolarizedContinuousMeritsModerateRiskAversion__Cost-4__Fee-British","1","78","0","P","7","14","P Offer","P Liability Signal: 10;P Files: 1;D Answers: 1;P Abandons: 1","10,1,1,1","0.0022121303064110412","false","999.87251748542974","999.87251748542974","5","0.45","0","999.82956443390651","0.042953051523227259","false"
"Specification-PolarizedContinuousMeritsModerateRiskAversion__Cost-4__Fee-British","1","78","0","P","7","14","P Offer","P Liability Signal: 10;P Files: 1;D Answers: 1;P Abandons: 1","10,1,1,1","0.0022121303064110412","false","999.87251748542974","999.87251748542974","6","0.55","0","999.82956443390651","0.042953051523227259","false"
"Specification-PolarizedContinuousMeritsModerateRiskAversion__Cost-4__Fee-British","1","78","0","P","7","14","P Offer","P Liability Signal: 10;P Files: 1;D Answers: 1;P Abandons: 1","10,1,1,1","0.0022121303064110412","false","999.87251748542974","999.87251748542974","7","0.65","0","999.82956443390651","0.042953051523227259","false"
"Specification-PolarizedContinuousMeritsModerateRiskAversion__Cost-4__Fee-British","1","78","0","P","7","14","P Offer","P Liability Signal: 10;P Files: 1;D Answers: 1;P Abandons: 1","10,1,1,1","0.0022121303064110412","false","999.87251748542974","999.87251748542974","8","0.75","0","999.82956443390651","0.042953051523227259","false"
"Specification-PolarizedContinuousMeritsModerateRiskAversion__Cost-4__Fee-British","1","78","0","P","7","14","P Offer","P Liability Signal: 10;P Files: 1;D Answers: 1;P Abandons: 1","10,1,1,1","0.0022121303064110412","false","999.87251748542974","999.87251748542974","9","0.85","0","999.82956443390651","0.042953051523227259","false"
"Specification-PolarizedContinuousMeritsModerateRiskAversion__Cost-4__Fee-British","1","78","0","P","7","14","P Offer","P Liability Signal: 10;P Files: 1;D Answers: 1;P Abandons: 1","10,1,1,1","0.0022121303064110412","false","999.87251748542974","999.87251748542974","10","0.95","0","999.82956443390651","0.042953051523227259","false"
"Specification-PolarizedContinuousMeritsModerateRiskAversion__Cost-4__Fee-British","1","79","0","P","7","14","P Offer","P Liability Signal: 10;P Files: 1;D Answers: 1;P Abandons: 2","10,1,1,2","0.0013702254311012026","false","999.87251748542985","999.87251748542985","1","0.05","0","999.77025487640753","0.10226260902231843","false"
"Specification-PolarizedContinuousMeritsModerateRiskAversion__Cost-4__Fee-British","1","79","0","P","7","14","P Offer","P Liability Signal: 10;P Files: 1;D Answers: 1;P Abandons: 2","10,1,1,2","0.0013702254311012026","false","999.87251748542985","999.87251748542985","2","0.15","0","999.81002799184193","0.062489493587918332","false"
"Specification-PolarizedContinuousMeritsModerateRiskAversion__Cost-4__Fee-British","1","79","0","P","7","14","P Offer","P Liability Signal: 10;P Files: 1;D Answers: 1;P Abandons: 2","10,1,1,2","0.0013702254311012026","false","999.87251748542985","999.87251748542985","3","0.25","0","999.82477625050035","0.047741234929503662","false"
"Specification-PolarizedContinuousMeritsModerateRiskAversion__Cost-4__Fee-British","1","79","0","P","7","14","P Offer","P Liability Signal: 10;P Files: 1;D Answers: 1;P Abandons: 2","10,1,1,2","0.0013702254311012026","false","999.87251748542985","999.87251748542985","4","0.35","0","999.65324215740395","0.21927532802590122","false"
"Specification-PolarizedContinuousMeritsModerateRiskAversion__Cost-4__Fee-British","1","79","0","P","7","14","P Offer","P Liability Signal: 10;P Files: 1;D Answers: 1;P Abandons: 2","10,1,1,2","0.0013702254311012026","false","999.87251748542985","999.87251748542985","5","0.45","1","999.87251748542985","0","true"
"Specification-PolarizedContinuousMeritsModerateRiskAversion__Cost-4__Fee-British","1","79","0","P","7","14","P Offer","P Liability Signal: 10;P Files: 1;D Answers: 1;P Abandons: 2","10,1,1,2","0.0013702254311012026","false","999.87251748542985","999.87251748542985","6","0.55","0","999.87251748542985","0","true"
"Specification-PolarizedContinuousMeritsModerateRiskAversion__Cost-4__Fee-British","1","79","0","P","7","14","P Offer","P Liability Signal: 10;P Files: 1;D Answers: 1;P Abandons: 2","10,1,1,2","0.0013702254311012026","false","999.87251748542985","999.87251748542985","7","0.65","0","999.87251748542985","0","true"
"Specification-PolarizedContinuousMeritsModerateRiskAversion__Cost-4__Fee-British","1","79","0","P","7","14","P Offer","P Liability Signal: 10;P Files: 1;D Answers: 1;P Abandons: 2","10,1,1,2","0.0013702254311012026","false","999.87251748542985","999.87251748542985","8","0.75","0","999.87251748542985","0","true"
"Specification-PolarizedContinuousMeritsModerateRiskAversion__Cost-4__Fee-British","1","79","0","P","7","14","P Offer","P Liability Signal: 10;P Files: 1;D Answers: 1;P Abandons: 2","10,1,1,2","0.0013702254311012026","false","999.87251748542985","999.87251748542985","9","0.85","0","999.87251748542985","0","true"
"Specification-PolarizedContinuousMeritsModerateRiskAversion__Cost-4__Fee-British","1","79","0","P","7","14","P Offer","P Liability Signal: 10;P Files: 1;D Answers: 1;P Abandons: 2","10,1,1,2","0.0013702254311012026","false","999.87251748542985","999.87251748542985","10","0.95","0","999.87251748542985","0","true"
"Specification-PolarizedContinuousMeritsModerateRiskAversion__Cost-4__Fee-British","1","1","1","D","3","10","D Answers","D Liability Signal: 1;P Files: 1","1,1","0.0058030385999999993","false","999.16624944547868","999.16624944547868","1","Yes","1","999.16624944547868","0","true"
"Specification-PolarizedContinuousMeritsModerateRiskAversion__Cost-4__Fee-British","1","1","1","D","3","10","D Answers","D Liability Signal: 1;P Files: 1","1,1","0.0058030385999999993","false","999.16624944547868","999.16624944547868","2","No","0","998.80772570540012","0.35852374007856724","false"
"Specification-PolarizedContinuousMeritsModerateRiskAversion__Cost-4__Fee-British","1","3","1","D","6","21","D Defaults","D Liability Signal: 1;P Files: 1;D Answers: 1","1,1,1","0.0058030386000000002","false","999.16624944547834","999.16624944547834","1","Yes","0","998.19958528478094","0.96666416069740535","false"
"Specification-PolarizedContinuousMeritsModerateRiskAversion__Cost-4__Fee-British","1","3","1","D","6","21","D Defaults","D Liability Signal: 1;P Files: 1;D Answers: 1","1,1,1","0.0058030386000000002","false","999.16624944547834","999.16624944547834","2","No","1","999.16624944547834","0","true"
"Specification-PolarizedContinuousMeritsModerateRiskAversion__Cost-4__Fee-British","1","5","1","D","8","15","D Offer","D Liability Signal: 1;P Files: 1;D Answers: 1;D Defaults: 1","1,1,1,1","0","true","","","1","0.05","0.10000000000000001","","",""
"Specification-PolarizedContinuousMeritsModerateRiskAversion__Cost-4__Fee-British","1","5","1","D","8","15","D Offer","D Liability Signal: 1;P Files: 1;D Answers: 1;D Defaults: 1","1,1,1,1","0","true","","","2","0.15","0.10000000000000001","","",""
"Specification-PolarizedContinuousMeritsModerateRiskAversion__Cost-4__Fee-British","1","5","1","D","8","15","D Offer","D Liability Signal: 1;P Files: 1;D Answers: 1;D Defaults: 1","1,1,1,1","0","true","","","3","0.25","0.10000000000000001","","",""
"Specification-PolarizedContinuousMeritsModerateRiskAversion__Cost-4__Fee-British","1","5","1","D","8","15","D Offer","D Liability Signal: 1;P Files: 1;D Answers: 1;D Defaults: 1","1,1,1,1","0","true","","","4","0.35","0.10000000000000001","","",""
"Specification-PolarizedContinuousMeritsModerateRiskAversion__Cost-4__Fee-British","1","5","1","D","8","15","D Offer","D Liability Signal: 1;P Files: 1;D Answers: 1;D Defaults: 1","1,1,1,1","0","true","","","5","0.45","0.10000000000000001","","",""
"Specification-PolarizedContinuousMeritsModerateRiskAversion__Cost-4__Fee-British","1","5","1","D","8","15","D Offer","D Liability Signal: 1;P Files: 1;D Answers: 1;D Defaults: 1","1,1,1,1","0","true","","","6","0.55","0.10000000000000001","","",""
"Specification-PolarizedContinuousMeritsModerateRiskAversion__Cost-4__Fee-British","1","5","1","D","8","15","D Offer","D Liability Signal: 1;P Files: 1;D Answers: 1;D Defaults: 1","1,1,1,1","0","true","","","7","0.65","0.10000000000000001","","",""
"Specification-PolarizedContinuousMeritsModerateRiskAversion__Cost-4__Fee-British","1","5","1","D","8","15","D Offer","D Liability Signal: 1;P Files: 1;D Answers: 1;D Defaults: 1","1,1,1,1","0","true","","","8","0.75","0.10000000000000001","","",""
"Specification-PolarizedContinuousMeritsModerateRiskAversion__Cost-4__Fee-British","1","5","1","D","8","15","D Offer","D Liability Signal: 1;P Files: 1;D Answers: 1;D Defaults: 1","1,1,1,1","0","true","","","9","0.85","0.10000000000000001","","",""
"Specification-PolarizedContinuousMeritsModerateRiskAversion__Cost-4__Fee-British","1","5","1","D","8","15","D Offer","D Liability Signal: 1;P Files: 1;D Answers: 1;D Defaults: 1","1,1,1,1","0","true","","","10","0.95","0.10000000000000001","","",""
"Specification-PolarizedContinuousMeritsModerateRiskAversion__Cost-4__Fee-British","1","6","1","D","8","15","D Offer","D Liability Signal: 1;P Files: 1;D Answers: 1;D Defaults: 2","1,1,1,2","0.0058030386000000002","false","999.16624944547834","999.16624944547823","1","0.05","0","999.16624944547823","0","true"
"Specification-PolarizedContinuousMeritsModerateRiskAversion__Cost-4__Fee-British","1","6","1","D","8","15","D Offer","D Liability Signal: 1;P Files: 1;D Answers: 1;D Defaults: 2","1,1,1,2","0.0058030386000000002","false","999.16624944547834","999.16624944547823","2","0.15","0.094327238615157696","999.16624944547823","0","true"
"Specification-PolarizedContinuousMeritsModerateRiskAversion__Cost-4__Fee-British","1","6","1","D","8","15","D Offer","D Liability Signal: 1;P Files: 1;D Answers: 1;D Defaults: 2","1,1,1,2","0.0058030386000000002","false","999.16624944547834","999.16624944547823","3","0.25","0.90567276138484243","999.16624944547823","0","true"
"Specification-PolarizedContinuousMeritsModerateRiskAversion__Cost-4__Fee-British","1","6","1","D","8","15","D Offer","D Liability Signal: 1;P Files: 1;D Answers: 1;D Defaults: 2","1,1,1,2","0.0058030386000000002","false","999.16624944547834","999.16624944547823","4","0.35","0","998.54065897273313","0.62559047274510249","false"
"Specification-PolarizedContinuousMeritsModerateRiskAversion__Cost-4__Fee-British","1","6","1","D","8","15","D Offer","D Liability Signal: 1;P Files: 1;D Answers: 1;D Defaults: 2","1,1,1,2","0.0058030386000000002","false","999.16624944547834","999.16624944547823","5","0.45","0","998.80702802990277","0.35922141557546183","false"
"Specification-PolarizedContinuousMeritsModerateRiskAversion__Cost-4__Fee-British","1","6","1","D","8","15","D Offer","D Liability Signal: 1;P Files: 1;D Answers: 1;D Defaults: 2","1,1,1,2","0.0058030386000000002","false","999.16624944547834","999.16624944547823","6","0.55","0","998.66238232029752","0.50386712518070453","false"
"Specification-PolarizedContinuousMeritsModerateRiskAversion__Cost-4__Fee-British","1","6","1","D","8","15","D Offer","D Liability Signal: 1;P Files: 1;D Answers: 1;D Defaults: 2","1,1,1,2","0.0058030386000000002","false","999.16624944547834","999.16624944547823","7","0.65","0","998.50149309169228","0.66475635378594689","false"
"Specification-PolarizedContinuousMeritsModerateRiskAversion__Cost-4__Fee-British","1","6","1","D","8","15","D Offer","D Liability Signal: 1;P Files: 1;D Answers: 1;D Defaults: 2","1,1,1,2","0.0058030386000000002","false","999.16624944547834","999.16624944547823","8","0.75","0","998.32435250503625","0.84189694044198404","false"
"Specification-PolarizedContinuousMeritsModerateRiskAversion__Cost-4__Fee-British","1","6","1","D","8","15","D Offer","D Liability Signal: 1;P Files: 1;D Answers: 1;D Defaults: 2","1,1,1,2","0.0058030386000000002","false","999.16624944547834","999.16624944547823","9","0.85","0","998.12932836937921","1.03692107609902","false"
"Specification-PolarizedContinuousMeritsModerateRiskAversion__Cost-4__Fee-British","1","6","1","D","8","15","D Offer","D Liability Signal: 1;P Files: 1;D Answers: 1;D Defaults: 2","1,1,1,2","0.0058030386000000002","false","999.16624944547834","999.16624944547823","10","0.95","0","997.91317198092167","1.2530774645565543","false"
"Specification-PolarizedContinuousMeritsModerateRiskAversion__Cost-4__Fee-British","1","8","1","D","3","10","D Answers","D Liability Signal: 2;P Files: 1","2,1","0.0094679567999999999","false","998.91048459189153","998.91048459189153","1","Yes","1","998.91048459189153","0","true"
"Specification-PolarizedContinuousMeritsModerateRiskAversion__Cost-4__Fee-British","1","8","1","D","3","10","D Answers","D Liability Signal: 2;P Files: 1","2,1","0.0094679567999999999","false","998.91048459189153","998.91048459189153","2","No","0","998.8077257054","0.10275888649152876","false"
"Specification-PolarizedContinuousMeritsModerateRiskAversion__Cost-4__Fee-British","1","9","1","D","6","21","D Defaults","D Liability Signal: 2;P Files: 1;D Answers: 1","2,1,1","0.0094679567999999999","false","998.91048459189153","998.91048459189153","1","Yes","1","998.91048459189153","0","true"
"Specification-PolarizedContinuousMeritsModerateRiskAversion__Cost-4__Fee-British","1","9","1","D","6","21","D Defaults","D Liability Signal: 2;P Files: 1;D Answers: 1","2,1,1","0.0094679567999999999","false","998.91048459189153","998.91048459189153","2","No","0","998.45009560196036","0.46038898993117527","false"
"Specification-PolarizedContinuousMeritsModerateRiskAversion__Cost-4__Fee-British","1","10","1","D","8","15","D Offer","D Liability Signal: 2;P Files: 1;D Answers: 1;D Defaults: 1","2,1,1,1","0.0094679567999999999","false","998.91048459189153","998.91048459189153","1","0.05","0","997.57071792313252","1.3397666687590117","false"
"Specification-PolarizedContinuousMeritsModerateRiskAversion__Cost-4__Fee-British","1","10","1","D","8","15","D Offer","D Liability Signal: 2;P Files: 1;D Answers: 1;D Defaults: 1","2,1,1,1","0.0094679567999999999","false","998.91048459189153","998.91048459189153","2","0.15","0","997.57071792313252","1.3397666687590117","false"
"Specification-PolarizedContinuousMeritsModerateRiskAversion__Cost-4__Fee-British","1","10","1","D","8","15","D Offer","D Liability Signal: 2;P Files: 1;D Answers: 1;D Defaults: 1","2,1,1,1","0.0094679567999999999","false","998.91048459189153","998.91048459189153","3","0.25","0","997.57071792313252","1.3397666687590117","false"
"Specification-PolarizedContinuousMeritsModerateRiskAversion__Cost-4__Fee-British","1","10","1","D","8","15","D Offer","D Liability Signal: 2;P Files: 1;D Answers: 1;D Defaults: 1","2,1,1,1","0.0094679567999999999","false","998.91048459189153","998.91048459189153","4","0.35","1","998.91048459189153","0","true"
"Specification-PolarizedContinuousMeritsModerateRiskAversion__Cost-4__Fee-British","1","10","1","D","8","15","D Offer","D Liability Signal: 2;P Files: 1;D Answers: 1;D Defaults: 1","2,1,1,1","0.0094679567999999999","false","998.91048459189153","998.91048459189153","5","0.45","0","998.80647477274169","0.10400981914983731","false"
"Specification-PolarizedContinuousMeritsModerateRiskAversion__Cost-4__Fee-British","1","10","1","D","8","15","D Offer","D Liability Signal: 2;P Files: 1;D Answers: 1;D Defaults: 1","2,1,1,1","0.0094679567999999999","false","998.91048459189153","998.91048459189153","6","0.55","0","998.6617668994104","0.24871769248113651","false"
"Specification-PolarizedContinuousMeritsModerateRiskAversion__Cost-4__Fee-British","1","10","1","D","8","15","D Offer","D Liability Signal: 2;P Files: 1;D Answers: 1;D Defaults: 1","2,1,1,1","0.0094679567999999999","false","998.91048459189153","998.91048459189153","7","0.65","0","998.50081550707944","0.4096690848120943","false"
"Specification-PolarizedContinuousMeritsModerateRiskAversion__Cost-4__Fee-British","1","10","1","D","8","15","D Offer","D Liability Signal: 2;P Files: 1;D Answers: 1;D Defaults: 1","2,1,1,1","0.0094679567999999999","false","998.91048459189153","998.91048459189153","8","0.75","0","998.32360654032482","0.58687805156671402","false"
"Specification-PolarizedContinuousMeritsModerateRiskAversion__Cost-4__Fee-British","1","10","1","D","8","15","D Offer","D Liability Signal: 2;P Files: 1;D Answers: 1;D Defaults: 1","2,1,1,1","0.0094679567999999999","false","998.91048459189153","998.91048459189153","9","0.85","0","998.12850159182415","0.78198300006738464","false"
"Specification-PolarizedContinuousMeritsModerateRiskAversion__Cost-4__Fee-British","1","10","1","D","8","15","D Offer","D Liability Signal: 2;P Files: 1;D Answers: 1;D Defaults: 1","2,1,1,1","0.0094679567999999999","false","998.91048459189153","998.91048459189153","10","0.95","0","997.91225195777736","0.99823263411417429","false"
"Specification-PolarizedContinuousMeritsModerateRiskAversion__Cost-4__Fee-British","1","11","1","D","8","15","D Offer","D Liability Signal: 2;P Files: 1;D Answers: 1;D Defaults: 2","2,1,1,2","0","true","","","1","0.05","0.10000000000000001","","",""
"Specification-PolarizedContinuousMeritsModerateRiskAversion__Cost-4__Fee-British","1","11","1","D","8","15","D Offer","D Liability Signal: 2;P Files: 1;D Answers: 1;D Defaults: 2","2,1,1,2","0","true","","","2","0.15","0.10000000000000001","","",""
"Specification-PolarizedContinuousMeritsModerateRiskAversion__Cost-4__Fee-British","1","11","1","D","8","15","D Offer","D Liability Signal: 2;P Files: 1;D Answers: 1;D Defaults: 2","2,1,1,2","0","true","","","3","0.25","0.10000000000000001","","",""
"Specification-PolarizedContinuousMeritsModerateRiskAversion__Cost-4__Fee-British","1","11","1","D","8","15","D Offer","D Liability Signal: 2;P Files: 1;D Answers: 1;D Defaults: 2","2,1,1,2","0","true","","","4","0.35","0.10000000000000001","","",""
"Specification-PolarizedContinuousMeritsModerateRiskAversion__Cost-4__Fee-British","1","11","1","D","8","15","D Offer","D Liability Signal: 2;P Files: 1;D Answers: 1;D Defaults: 2","2,1,1,2","0","true","","","5","0.45","0.10000000000000001","","",""
"Specification-PolarizedContinuousMeritsModerateRiskAversion__Cost-4__Fee-British","1","11","1","D","8","15","D Offer","D Liability Signal: 2;P Files: 1;D Answers: 1;D Defaults: 2","2,1,1,2","0","true","","","6","0.55","0.10000000000000001","","",""
"Specification-PolarizedContinuousMeritsModerateRiskAversion__Cost-4__Fee-British","1","11","1","D","8","15","D Offer","D Liability Signal: 2;P Files: 1;D Answers: 1;D Defaults: 2","2,1,1,2","0","true","","","7","0.65","0.10000000000000001","","",""
"Specification-PolarizedContinuousMeritsModerateRiskAversion__Cost-4__Fee-British","1","11","1","D","8","15","D Offer","D Liability Signal: 2;P Files: 1;D Answers: 1;D Defaults: 2","2,1,1,2","0","true","","","8","0.75","0.10000000000000001","","",""
"Specification-PolarizedContinuousMeritsModerateRiskAversion__Cost-4__Fee-British","1","11","1","D","8","15","D Offer","D Liability Signal: 2;P Files: 1;D Answers: 1;D Defaults: 2","2,1,1,2","0","true","","","9","0.85","0.10000000000000001","","",""
"Specification-PolarizedContinuousMeritsModerateRiskAversion__Cost-4__Fee-British","1","11","1","D","8","15","D Offer","D Liability Signal: 2;P Files: 1;D Answers: 1;D Defaults: 2","2,1,1,2","0","true","","","10","0.95","0.10000000000000001","","",""
"Specification-PolarizedContinuousMeritsModerateRiskAversion__Cost-4__Fee-British","1","12","1","D","3","10","D Answers","D Liability Signal: 3;P Files: 1","3,1","0.014810561099999999","false","998.88930188208815","998.88930188208815","1","Yes","1","998.88930188208815","0","true"
"Specification-PolarizedContinuousMeritsModerateRiskAversion__Cost-4__Fee-British","1","12","1","D","3","10","D Answers","D Liability Signal: 3;P Files: 1","3,1","0.014810561099999999","false","998.88930188208815","998.88930188208815","2","No","0","998.80772570540012","0.08157617668803141","false"
"Specification-PolarizedContinuousMeritsModerateRiskAversion__Cost-4__Fee-British","1","13","1","D","6","21","D Defaults","D Liability Signal: 3;P Files: 1;D Answers: 1","3,1,1","0.014810561100000001","false","998.88930188208803","998.88930188208803","1","Yes","1","998.88930188208803","0","true"
"Specification-PolarizedContinuousMeritsModerateRiskAversion__Cost-4__Fee-British","1","13","1","D","6","21","D Defaults","D Liability Signal: 3;P Files: 1;D Answers: 1","3,1,1","0.014810561100000001","false","998.88930188208803","998.88930188208803","2","No","0","998.09575657836422","0.7935453037238176","false"
"Specification-PolarizedContinuousMeritsModerateRiskAversion__Cost-4__Fee-British","1","14","1","D","8","15","D Offer","D Liability Signal: 3;P Files: 1;D Answers: 1;D Defaults: 1","3,1,1,1","0.014810561100000001","false","998.88930188208803","998.88930188208803","1","0.05","0","997.55813229360047","1.3311695884875689","false"
"Specification-PolarizedContinuousMeritsModerateRiskAversion__Cost-4__Fee-British","1","14","1","D","8","15","D Offer","D Liability Signal: 3;P Files: 1;D Answers: 1;D Defaults: 1","3,1,1,1","0.014810561100000001","false","998.88930188208803","998.88930188208803","2","0.15","0","997.55813229360047","1.3311695884875689","false"
"Specification-PolarizedContinuousMeritsModerateRiskAversion__Cost-4__Fee-British","1","14","1","D","8","15","D Offer","D Liability Signal: 3;P Files: 1;D Answers: 1;D Defaults: 1","3,1,1,1","0.014810561100000001","false","998.88930188208803","998.88930188208803","3","0.25","0","997.55813229360047","1.3311695884875689","false"
"Specification-PolarizedContinuousMeritsModerateRiskAversion__Cost-4__Fee-British","1","14","1","D","8","15","D Offer","D Liability Signal: 3;P Files: 1;D Answers: 1;D Defaults: 1","3,1,1,1","0.014810561100000001","false","998.88930188208803","998.88930188208803","4","0.35","1","998.88930188208803","0","true"
"Specification-PolarizedContinuousMeritsModerateRiskAversion__Cost-4__Fee-British","1","14","1","D","8","15","D Offer","D Liability Signal: 3;P Files: 1;D Answers: 1;D Defaults: 1","3,1,1,1","0.014810561100000001","false","998.88930188208803","998.88930188208803","5","0.45","0","998.80555513314528","0.083746748942758131","false"
"Specification-PolarizedContinuousMeritsModerateRiskAversion__Cost-4__Fee-British","1","14","1","D","8","15","D Offer","D Liability Signal: 3;P Files: 1;D Answers: 1;D Defaults: 1","3,1,1,1","0.014810561100000001","false","998.88930188208803","998.88930188208803","6","0.55","0","998.66074392952237","0.2285579525656658","false"
"Specification-PolarizedContinuousMeritsModerateRiskAversion__Cost-4__Fee-British","1","14","1","D","8","15","D Offer","D Liability Signal: 3;P Files: 1;D Answers: 1;D Defaults: 1","3,1,1,1","0.014810561100000001","false","998.88930188208803","998.88930188208803","7","0.65","0","998.49968920689946","0.38961267518857312","false"
"Specification-PolarizedContinuousMeritsModerateRiskAversion__Cost-4__Fee-British","1","14","1","D","8","15","D Offer","D Liability Signal: 3;P Files: 1;D Answers: 1;D Defaults: 1","3,1,1,1","0.014810561100000001","false","998.88930188208803","998.88930188208803","8","0.75","0","998.32236657682404","0.56693530526399627","false"
"Specification-PolarizedContinuousMeritsModerateRiskAversion__Cost-4__Fee-British","1","14","1","D","8","15","D Offer","D Liability Signal: 3;P Files: 1;D Answers: 1;D Defaults: 1","3,1,1,1","0.014810561100000001","false","998.88930188208803","998.88930188208803","9","0.85","0","998.12712729894429","0.76217458314374653","false"
"Specification-PolarizedContinuousMeritsModerateRiskAversion__Cost-4__Fee-British","1","14","1","D","8","15","D Offer","D Liability Signal: 3;P Files: 1;D Answers: 1;D Defaults: 1","3,1,1,1","0.014810561100000001","false","998.88930188208803","998.88930188208803","10","0.95","0","997.9107226694598","0.97857921262823311","false"
"Specification-PolarizedContinuousMeritsModerateRiskAversion__Cost-4__Fee-British","1","15","1","D","8","15","D Offer","D Liability Signal: 3;P Files: 1;D Answers: 1;D Defaults: 2","3,1,1,2","0","true","","","1","0.05","0.10000000000000001","","",""
"Specification-PolarizedContinuousMeritsModerateRiskAversion__Cost-4__Fee-British","1","15","1","D","8","15","D Offer","D Liability Signal: 3;P Files: 1;D Answers: 1;D Defaults: 2","3,1,1,2","0","true","","","2","0.15","0.10000000000000001","","",""
"Specification-PolarizedContinuousMeritsModerateRiskAversion__Cost-4__Fee-British","1","15","1","D","8","15","D Offer","D Liability Signal: 3;P Files: 1;D Answers: 1;D Defaults: 2","3,1,1,2","0","true","","","3","0.25","0.10000000000000001","","",""
"Specification-PolarizedContinuousMeritsModerateRiskAversion__Cost-4__Fee-British","1","15","1","D","8","15","D Offer","D Liability Signal: 3;P Files: 1;D Answers: 1;D Defaults: 2","3,1,1,2","0","true","","","4","0.35","0.10000000000000001","","",""
"Specification-PolarizedContinuousMeritsModerateRiskAversion__Cost-4__Fee-British","1","15","1","D","8","15","D Offer","D Liability Signal: 3;P Files: 1;D Answers: 1;D Defaults: 2","3,1,1,2","0","true","","","5","0.45","0.10000000000000001","","",""
"Specification-PolarizedContinuousMeritsModerateRiskAversion__Cost-4__Fee-British","1","15","1","D","8","15","D Offer","D Liability Signal: 3;P Files: 1;D Answers: 1;D Defaults: 2","3,1,1,2","0","true","","","6","0.55","0.10000000000000001","","",""
"Specification-PolarizedContinuousMeritsModerateRiskAversion__Cost-4__Fee-British","1","15","1","D","8","15","D Offer","D Liability Signal: 3;P Files: 1;D Answers: 1;D Defaults: 2","3,1,1,2","0","true","","","7","0.65","0.10000000000000001","","",""
"Specification-PolarizedContinuousMeritsModerateRiskAversion__Cost-4__Fee-British","1","15","1","D","8","15","D Offer","D Liability Signal: 3;P Files: 1;D Answers: 1;D Defaults: 2","3,1,1,2","0","true","","","8","0.75","0.10000000000000001","","",""
"Specification-PolarizedContinuousMeritsModerateRiskAversion__Cost-4__Fee-British","1","15","1","D","8","15","D Offer","D Liability Signal: 3;P Files: 1;D Answers: 1;D Defaults: 2","3,1,1,2","0","true","","","9","0.85","0.10000000000000001","","",""
"Specification-PolarizedContinuousMeritsModerateRiskAversion__Cost-4__Fee-British","1","15","1","D","8","15","D Offer","D Liability Signal: 3;P Files: 1;D Answers: 1;D Defaults: 2","3,1,1,2","0","true","","","10","0.95","0.10000000000000001","","",""
"Specification-PolarizedContinuousMeritsModerateRiskAversion__Cost-4__Fee-British","1","16","1","D","3","10","D Answers","D Liability Signal: 4;P Files: 1","4,1","0.022510194000000001","false","998.85588579467628","998.85588579467628","1","Yes","1","998.85588579467628","0","true"
"Specification-PolarizedContinuousMeritsModerateRiskAversion__Cost-4__Fee-British","1","16","1","D","3","10","D Answers","D Liability Signal: 4;P Files: 1","4,1","0.022510194000000001","false","998.85588579467628","998.85588579467628","2","No","0","998.8077257054","0.048160089276279905","false"
"Specification-PolarizedContinuousMeritsModerateRiskAversion__Cost-4__Fee-British","1","17","1","D","6","21","D Defaults","D Liability Signal: 4;P Files: 1;D Answers: 1","4,1,1","0.022510194000000001","false","998.85588579467628","998.85588579467628","1","Yes","1","998.85588579467628","0","true"
"Specification-PolarizedContinuousMeritsModerateRiskAversion__Cost-4__Fee-British","1","17","1","D","6","21","D Defaults","D Liability Signal: 4;P Files: 1;D Answers: 1","4,1,1","0.022510194000000001","false","998.85588579467628","998.85588579467628","2","No","0","997.48333762309483","1.3725481715814567","false"
"Specification-PolarizedContinuousMeritsModerateRiskAversion__Cost-4__Fee-British","1","18","1","D","8","15","D Offer","D Liability Signal: 4;P Files: 1;D Answers: 1;D Defaults: 1","4,1,1,1","0.022510194000000001","false","998.85588579467628","998.85588579467628","1","0.05","0","997.53827824751886","1.3176075471574222","false"
"Specification-PolarizedContinuousMeritsModerateRiskAversion__Cost-4__Fee-British","1","18","1","D","8","15","D Offer","D Liability Signal: 4;P Files: 1;D Answers: 1;D Defaults: 1","4,1,1,1","0.022510194000000001","false","998.85588579467628","998.85588579467628","2","0.15","0","997.53827824751886","1.3176075471574222","false"
"Specification-PolarizedContinuousMeritsModerateRiskAversion__Cost-4__Fee-British","1","18","1","D","8","15","D Offer","D Liability Signal: 4;P Files: 1;D Answers: 1;D Defaults: 1","4,1,1,1","0.022510194000000001","false","998.85588579467628","998.85588579467628","3","0.25","0","997.53827824751886","1.3176075471574222","false"
"Specification-PolarizedContinuousMeritsModerateRiskAversion__Cost-4__Fee-British","1","18","1","D","8","15","D Offer","D Liability Signal: 4;P Files: 1;D Answers: 1;D Defaults: 1","4,1,1,1","0.022510194000000001","false","998.85588579467628","998.85588579467628","4","0.35","1","998.85588579467628","0","true"
"Specification-PolarizedContinuousMeritsModerateRiskAversion__Cost-4__Fee-British","1","18","1","D","8","15","D Offer","D Liability Signal: 4;P Files: 1;D Answers: 1;D Defaults: 1","4,1,1,1","0.022510194000000001","false","998.85588579467628","998.85588579467628","5","0.45","0","998.80410438593594","0.05178140874033943","false"
"Specification-PolarizedContinuousMeritsModerateRiskAversion__Cost-4__Fee-British","1","18","1","D","8","15","D Offer","D Liability Signal: 4;P Files: 1;D Answers: 1;D Defaults: 1","4,1,1,1","0.022510194000000001","false","998.85588579467628","998.85588579467628","6","0.55","0","998.65913017700836","0.19675561766791816","false"
"Specification-PolarizedContinuousMeritsModerateRiskAversion__Cost-4__Fee-British","1","18","1","D","8","15","D Offer","D Liability Signal: 4;P Files: 1;D Answers: 1;D Defaults: 1","4,1,1,1","0.022510194000000001","false","998.85588579467628","998.85588579467628","7","0.65","0","998.49791244908101","0.35797334559526917","false"
"Specification-PolarizedContinuousMeritsModerateRiskAversion__Cost-4__Fee-British","1","18","1","D","8","15","D Offer","D Liability Signal: 4;P Files: 1;D Answers: 1;D Defaults: 1","4,1,1,1","0.022510194000000001","false","998.85588579467628","998.85588579467628","8","0.75","0","998.32041051317071","0.535475281505569","false"
"Specification-PolarizedContinuousMeritsModerateRiskAversion__Cost-4__Fee-British","1","18","1","D","8","15","D Offer","D Liability Signal: 4;P Files: 1;D Answers: 1;D Defaults: 1","4,1,1,1","0.022510194000000001","false","998.85588579467628","998.85588579467628","9","0.85","0","998.12495932839511","0.73092646628117564","false"
"Specification-PolarizedContinuousMeritsModerateRiskAversion__Cost-4__Fee-British","1","18","1","D","8","15","D Offer","D Liability Signal: 4;P Files: 1;D Answers: 1;D Defaults: 1","4,1,1,1","0.022510194000000001","false","998.85588579467628","998.85588579467628","10","0.95","0","997.90831019095401","0.9475756037222709","false"
"Specification-PolarizedContinuousMeritsModerateRiskAversion__Cost-4__Fee-British","1","19","1","D","8","15","D Offer","D Liability Signal: 4;P Files: 1;D Answers: 1;D Defaults: 2","4,1,1,2","0","true","","","1","0.05","0.10000000000000001","","",""
"Specification-PolarizedContinuousMeritsModerateRiskAversion__Cost-4__Fee-British","1","19","1","D","8","15","D Offer","D Liability Signal: 4;P Files: 1;D Answers: 1;D Defaults: 2","4,1,1,2","0","true","","","2","0.15","0.10000000000000001","","",""
"Specification-PolarizedContinuousMeritsModerateRiskAversion__Cost-4__Fee-British","1","19","1","D","8","15","D Offer","D Liability Signal: 4;P Files: 1;D Answers: 1;D Defaults: 2","4,1,1,2","0","true","","","3","0.25","0.10000000000000001","","",""
"Specification-PolarizedContinuousMeritsModerateRiskAversion__Cost-4__Fee-British","1","19","1","D","8","15","D Offer","D Liability Signal: 4;P Files: 1;D Answers: 1;D Defaults: 2","4,1,1,2","0","true","","","4","0.35","0.10000000000000001","","",""
"Specification-PolarizedContinuousMeritsModerateRiskAversion__Cost-4__Fee-British","1","19","1","D","8","15","D Offer","D Liability Signal: 4;P Files: 1;D Answers: 1;D Defaults: 2","4,1,1,2","0","true","","","5","0.45","0.10000000000000001","","",""
"Specification-PolarizedContinuousMeritsModerateRiskAversion__Cost-4__Fee-British","1","19","1","D","8","15","D Offer","D Liability Signal: 4;P Files: 1;D Answers: 1;D Defaults: 2","4,1,1,2","0","true","","","6","0.55","0.10000000000000001","","",""
"Specification-PolarizedContinuousMeritsModerateRiskAversion__Cost-4__Fee-British","1","19","1","D","8","15","D Offer","D Liability Signal: 4;P Files: 1;D Answers: 1;D Defaults: 2","4,1,1,2","0","true","","","7","0.65","0.10000000000000001","","",""
"Specification-PolarizedContinuousMeritsModerateRiskAversion__Cost-4__Fee-British","1","19","1","D","8","15","D Offer","D Liability Signal: 4;P Files: 1;D Answers: 1;D Defaults: 2","4,1,1,2","0","true","","","8","0.75","0.10000000000000001","","",""
"Specification-PolarizedContinuousMeritsModerateRiskAversion__Cost-4__Fee-British","1","19","1","D","8","15","D Offer","D Liability Signal: 4;P Files: 1;D Answers: 1;D Defaults: 2","4,1,1,2","0","true","","","9","0.85","0.10000000000000001","","",""
"Specification-PolarizedContinuousMeritsModerateRiskAversion__Cost-4__Fee-British","1","19","1","D","8","15","D Offer","D Liability Signal: 4;P Files: 1;D Answers: 1;D Defaults: 2","4,1,1,2","0","true","","","10","0.95","0.10000000000000001","","",""
"Specification-PolarizedContinuousMeritsModerateRiskAversion__Cost-4__Fee-British","1","20","1","D","3","10","D Answers","D Liability Signal: 5;P Files: 1","5,1","0.033492205899999995","false","998.80772570540023","998.80772570540023","1","Yes","0.35822614544966325","998.80772570540023","0","true"
"Specification-PolarizedContinuousMeritsModerateRiskAversion__Cost-4__Fee-British","1","20","1","D","3","10","D Answers","D Liability Signal: 5;P Files: 1","5,1","0.033492205899999995","false","998.80772570540023","998.80772570540023","2","No","0.64177385455033686","998.8077257054","2.2737367544323206E-13","true"
"Specification-PolarizedContinuousMeritsModerateRiskAversion__Cost-4__Fee-British","1","21","1","D","6","21","D Defaults","D Liability Signal: 5;P Files: 1;D Answers: 1","5,1,1","0.011997783822163471","false","998.8077257054","998.8077257054","1","Yes","1","998.8077257054","0","true"
"Specification-PolarizedContinuousMeritsModerateRiskAversion__Cost-4__Fee-British","1","21","1","D","6","21","D Defaults","D Liability Signal: 5;P Files: 1;D Answers: 1","5,1,1","0.011997783822163471","false","998.8077257054","998.8077257054","2","No","0","996.54634554031611","2.2613801650838923","false"
"Specification-PolarizedContinuousMeritsModerateRiskAversion__Cost-4__Fee-British","1","22","1","D","8","15","D Offer","D Liability Signal: 5;P Files: 1;D Answers: 1;D Defaults: 1","5,1,1,1","0.011997783822163471","false","998.8077257054","998.8077257054","1","0.05","0","997.50966410667058","1.2980615987294186","false"
"Specification-PolarizedContinuousMeritsModerateRiskAversion__Cost-4__Fee-British","1","22","1","D","8","15","D Offer","D Liability Signal: 5;P Files: 1;D Answers: 1;D Defaults: 1","5,1,1,1","0.011997783822163471","false","998.8077257054","998.8077257054","2","0.15","0","997.50966410667058","1.2980615987294186","false"
"Specification-PolarizedContinuousMeritsModerateRiskAversion__Cost-4__Fee-British","1","22","1","D","8","15","D Offer","D Liability Signal: 5;P Files: 1;D Answers: 1;D Defaults: 1","5,1,1,1","0.011997783822163471","false","998.8077257054","998.8077257054","3","0.25","0","997.50966410667058","1.2980615987294186","false"
"Specification-PolarizedContinuousMeritsModerateRiskAversion__Cost-4__Fee-British","1","22","1","D","8","15","D Offer","D Liability Signal: 5;P Files: 1;D Answers: 1;D Defaults: 1","5,1,1,1","0.011997783822163471","false","998.8077257054","998.8077257054","4","0.35","1","998.8077257054","0","true"
"Specification-PolarizedContinuousMeritsModerateRiskAversion__Cost-4__Fee-British","1","22","1","D","8","15","D Offer","D Liability Signal: 5;P Files: 1;D Answers: 1;D Defaults: 1","5,1,1,1","0.011997783822163471","false","998.8077257054","998.8077257054","5","0.45","0","998.80201353327936","0.00571217212063857","false"
"Specification-PolarizedContinuousMeritsModerateRiskAversion__Cost-4__Fee-British","1","22","1","D","8","15","D Offer","D Liability Signal: 5;P Files: 1;D Answers: 1;D Defaults: 1","5,1,1,1","0.011997783822163471","false","998.8077257054","998.8077257054","6","0.55","0","998.65680439708706","0.15092130831294526","false"
"Specification-PolarizedContinuousMeritsModerateRiskAversion__Cost-4__Fee-British","1","22","1","D","8","15","D Offer","D Liability Signal: 5;P Files: 1;D Answers: 1;D Defaults: 1","5,1,1,1","0.011997783822163471","false","998.8077257054","998.8077257054","7","0.65","0","998.49535174189498","0.31237396350502422","false"
"Specification-PolarizedContinuousMeritsModerateRiskAversion__Cost-4__Fee-British","1","22","1","D","8","15","D Offer","D Liability Signal: 5;P Files: 1;D Answers: 1;D Defaults: 1","5,1,1,1","0.011997783822163471","false","998.8077257054","998.8077257054","8","0.75","0","998.31759138599341","0.49013431940659302","false"
"Specification-PolarizedContinuousMeritsModerateRiskAversion__Cost-4__Fee-British","1","22","1","D","8","15","D Offer","D Liability Signal: 5;P Files: 1;D Answers: 1;D Defaults: 1","5,1,1,1","0.011997783822163471","false","998.8077257054","998.8077257054","9","0.85","0","998.12183479577368","0.68589090962632326","false"
"Specification-PolarizedContinuousMeritsModerateRiskAversion__Cost-4__Fee-British","1","22","1","D","8","15","D Offer","D Liability Signal: 5;P Files: 1;D Answers: 1;D Defaults: 1","5,1,1,1","0.011997783822163471","false","998.8077257054","998.8077257054","10","0.95","0","997.90483326743549","0.90289243796451046","false"
"Specification-PolarizedContinuousMeritsModerateRiskAversion__Cost-4__Fee-British","1","23","1","D","8","15","D Offer","D Liability Signal: 5;P Files: 1;D Answers: 1;D Defaults: 2","5,1,1,2","0","true","","","1","0.05","0.10000000000000001","","",""
"Specification-PolarizedContinuousMeritsModerateRiskAversion__Cost-4__Fee-British","1","23","1","D","8","15","D Offer","D Liability Signal: 5;P Files: 1;D Answers: 1;D Defaults: 2","5,1,1,2","0","true","","","2","0.15","0.10000000000000001","","",""
"Specification-PolarizedContinuousMeritsModerateRiskAversion__Cost-4__Fee-British","1","23","1","D","8","15","D Offer","D Liability Signal: 5;P Files: 1;D Answers: 1;D Defaults: 2","5,1,1,2","0","true","","","3","0.25","0.10000000000000001","","",""
"Specification-PolarizedContinuousMeritsModerateRiskAversion__Cost-4__Fee-British","1","23","1","D","8","15","D Offer","D Liability Signal: 5;P Files: 1;D Answers: 1;D Defaults: 2","5,1,1,2","0","true","","","4","0.35","0.10000000000000001","","",""
"Specification-PolarizedContinuousMeritsModerateRiskAversion__Cost-4__Fee-British","1","23","1","D","8","15","D Offer","D Liability Signal: 5;P Files: 1;D Answers: 1;D Defaults: 2","5,1,1,2","0","true","","","5","0.45","0.10000000000000001","","",""
"Specification-PolarizedContinuousMeritsModerateRiskAversion__Cost-4__Fee-British","1","23","1","D","8","15","D Offer","D Liability Signal: 5;P Files: 1;D Answers: 1;D Defaults: 2","5,1,1,2","0","true","","","6","0.55","0.10000000000000001","","",""
"Specification-PolarizedContinuousMeritsModerateRiskAversion__Cost-4__Fee-British","1","23","1","D","8","15","D Offer","D Liability Signal: 5;P Files: 1;D Answers: 1;D Defaults: 2","5,1,1,2","0","true","","","7","0.65","0.10000000000000001","","",""
"Specification-PolarizedContinuousMeritsModerateRiskAversion__Cost-4__Fee-British","1","23","1","D","8","15","D Offer","D Liability Signal: 5;P Files: 1;D Answers: 1;D Defaults: 2","5,1,1,2","0","true","","","8","0.75","0.10000000000000001","","",""
"Specification-PolarizedContinuousMeritsModerateRiskAversion__Cost-4__Fee-British","1","23","1","D","8","15","D Offer","D Liability Signal: 5;P Files: 1;D Answers: 1;D Defaults: 2","5,1,1,2","0","true","","","9","0.85","0.10000000000000001","","",""
"Specification-PolarizedContinuousMeritsModerateRiskAversion__Cost-4__Fee-British","1","23","1","D","8","15","D Offer","D Liability Signal: 5;P Files: 1;D Answers: 1;D Defaults: 2","5,1,1,2","0","true","","","10","0.95","0.10000000000000001","","",""
"Specification-PolarizedContinuousMeritsModerateRiskAversion__Cost-4__Fee-British","1","24","1","D","3","10","D Answers","D Liability Signal: 6;P Files: 1","6,1","0.048773616400000004","false","998.8077257054","998.8077257054","1","Yes","0","996.73690729515795","2.0708184102420546","false"
"Specification-PolarizedContinuousMeritsModerateRiskAversion__Cost-4__Fee-British","1","24","1","D","3","10","D Answers","D Liability Signal: 6;P Files: 1","6,1","0.048773616400000004","false","998.8077257054","998.8077257054","2","No","1","998.8077257054","0","true"
"Specification-PolarizedContinuousMeritsModerateRiskAversion__Cost-4__Fee-British","1","25","1","D","6","21","D Defaults","D Liability Signal: 6;P Files: 1;D Answers: 1","6,1,1","0","true","","","1","Yes","0.5","","",""
"Specification-PolarizedContinuousMeritsModerateRiskAversion__Cost-4__Fee-British","1","25","1","D","6","21","D Defaults","D Liability Signal: 6;P Files: 1;D Answers: 1","6,1,1","0","true","","","2","No","0.5","","",""
"Specification-PolarizedContinuousMeritsModerateRiskAversion__Cost-4__Fee-British","1","26","1","D","8","15","D Offer","D Liability Signal: 6;P Files: 1;D Answers: 1;D Defaults: 1","6,1,1,1","0","true","","","1","0.05","0.10000000000000001","","",""
"Specification-PolarizedContinuousMeritsModerateRiskAversion__Cost-4__Fee-British","1","26","1","D","8","15","D Offer","D Liability Signal: 6;P Files: 1;D Answers: 1;D Defaults: 1","6,1,1,1","0","true","","","2","0.15","0.10000000000000001","","",""
"Specification-PolarizedContinuousMeritsModerateRiskAversion__Cost-4__Fee-British","1","26","1","D","8","15","D Offer","D Liability Signal: 6;P Files: 1;D Answers: 1;D Defaults: 1","6,1,1,1","0","true","","","3","0.25","0.10000000000000001","","",""
"Specification-PolarizedContinuousMeritsModerateRiskAversion__Cost-4__Fee-British","1","26","1","D","8","15","D Offer","D Liability Signal: 6;P Files: 1;D Answers: 1;D Defaults: 1","6,1,1,1","0","true","","","4","0.35","0.10000000000000001","","",""
"Specification-PolarizedContinuousMeritsModerateRiskAversion__Cost-4__Fee-British","1","26","1","D","8","15","D Offer","D Liability Signal: 6;P Files: 1;D Answers: 1;D Defaults: 1","6,1,1,1","0","true","","","5","0.45","0.10000000000000001","","",""
"Specification-PolarizedContinuousMeritsModerateRiskAversion__Cost-4__Fee-British","1","26","1","D","8","15","D Offer","D Liability Signal: 6;P Files: 1;D Answers: 1;D Defaults: 1","6,1,1,1","0","true","","","6","0.55","0.10000000000000001","","",""
"Specification-PolarizedContinuousMeritsModerateRiskAversion__Cost-4__Fee-British","1","26","1","D","8","15","D Offer","D Liability Signal: 6;P Files: 1;D Answers: 1;D Defaults: 1","6,1,1,1","0","true","","","7","0.65","0.10000000000000001","","",""
"Specification-PolarizedContinuousMeritsModerateRiskAversion__Cost-4__Fee-British","1","26","1","D","8","15","D Offer","D Liability Signal: 6;P Files: 1;D Answers: 1;D Defaults: 1","6,1,1,1","0","true","","","8","0.75","0.10000000000000001","","",""
"Specification-PolarizedContinuousMeritsModerateRiskAversion__Cost-4__Fee-British","1","26","1","D","8","15","D Offer","D Liability Signal: 6;P Files: 1;D Answers: 1;D Defaults: 1","6,1,1,1","0","true","","","9","0.85","0.10000000000000001","","",""
"Specification-PolarizedContinuousMeritsModerateRiskAversion__Cost-4__Fee-British","1","26","1","D","8","15","D Offer","D Liability Signal: 6;P Files: 1;D Answers: 1;D Defaults: 1","6,1,1,1","0","true","","","10","0.95","0.10000000000000001","","",""
"Specification-PolarizedContinuousMeritsModerateRiskAversion__Cost-4__Fee-British","1","27","1","D","8","15","D Offer","D Liability Signal: 6;P Files: 1;D Answers: 1;D Defaults: 2","6,1,1,2","0","true","","","1","0.05","0.10000000000000001","","",""
"Specification-PolarizedContinuousMeritsModerateRiskAversion__Cost-4__Fee-British","1","27","1","D","8","15","D Offer","D Liability Signal: 6;P Files: 1;D Answers: 1;D Defaults: 2","6,1,1,2","0","true","","","2","0.15","0.10000000000000001","","",""
"Specification-PolarizedContinuousMeritsModerateRiskAversion__Cost-4__Fee-British","1","27","1","D","8","15","D Offer","D Liability Signal: 6;P Files: 1;D Answers: 1;D Defaults: 2","6,1,1,2","0","true","","","3","0.25","0.10000000000000001","","",""
"Specification-PolarizedContinuousMeritsModerateRiskAversion__Cost-4__Fee-British","1","27","1","D","8","15","D Offer","D Liability Signal: 6;P Files: 1;D Answers: 1;D Defaults: 2","6,1,1,2","0","true","","","4","0.35","0.10000000000000001","","",""
"Specification-PolarizedContinuousMeritsModerateRiskAversion__Cost-4__Fee-British","1","27","1","D","8","15","D Offer","D Liability Signal: 6;P Files: 1;D Answers: 1;D Defaults: 2","6,1,1,2","0","true","","","5","0.45","0.10000000000000001","","",""
"Specification-PolarizedContinuousMeritsModerateRiskAversion__Cost-4__Fee-British","1","27","1","D","8","15","D Offer","D Liability Signal: 6;P Files: 1;D Answers: 1;D Defaults: 2","6,1,1,2","0","true","","","6","0.55","0.10000000000000001","","",""
"Specification-PolarizedContinuousMeritsModerateRiskAversion__Cost-4__Fee-British","1","27","1","D","8","15","D Offer","D Liability Signal: 6;P Files: 1;D Answers: 1;D Defaults: 2","6,1,1,2","0","true","","","7","0.65","0.10000000000000001","","",""
"Specification-PolarizedContinuousMeritsModerateRiskAversion__Cost-4__Fee-British","1","27","1","D","8","15","D Offer","D Liability Signal: 6;P Files: 1;D Answers: 1;D Defaults: 2","6,1,1,2","0","true","","","8","0.75","0.10000000000000001","","",""
"Specification-PolarizedContinuousMeritsModerateRiskAversion__Cost-4__Fee-British","1","27","1","D","8","15","D Offer","D Liability Signal: 6;P Files: 1;D Answers: 1;D Defaults: 2","6,1,1,2","0","true","","","9","0.85","0.10000000000000001","","",""
"Specification-PolarizedContinuousMeritsModerateRiskAversion__Cost-4__Fee-British","1","27","1","D","8","15","D Offer","D Liability Signal: 6;P Files: 1;D Answers: 1;D Defaults: 2","6,1,1,2","0","true","","","10","0.95","0.10000000000000001","","",""
"Specification-PolarizedContinuousMeritsModerateRiskAversion__Cost-4__Fee-British","1","28","1","D","3","10","D Answers","D Liability Signal: 7;P Files: 1","7,1","0.068429965199999998","false","998.8077257054","998.8077257054","1","Yes","0","996.07292480339686","2.7348009020031441","false"
"Specification-PolarizedContinuousMeritsModerateRiskAversion__Cost-4__Fee-British","1","28","1","D","3","10","D Answers","D Liability Signal: 7;P Files: 1","7,1","0.068429965199999998","false","998.8077257054","998.8077257054","2","No","1","998.8077257054","0","true"
"Specification-PolarizedContinuousMeritsModerateRiskAversion__Cost-4__Fee-British","1","29","1","D","6","21","D Defaults","D Liability Signal: 7;P Files: 1;D Answers: 1","7,1,1","0","true","","","1","Yes","0.5","","",""
"Specification-PolarizedContinuousMeritsModerateRiskAversion__Cost-4__Fee-British","1","29","1","D","6","21","D Defaults","D Liability Signal: 7;P Files: 1;D Answers: 1","7,1,1","0","true","","","2","No","0.5","","",""
"Specification-PolarizedContinuousMeritsModerateRiskAversion__Cost-4__Fee-British","1","30","1","D","8","15","D Offer","D Liability Signal: 7;P Files: 1;D Answers: 1;D Defaults: 1","7,1,1,1","0","true","","","1","0.05","0.10000000000000001","","",""
"Specification-PolarizedContinuousMeritsModerateRiskAversion__Cost-4__Fee-British","1","30","1","D","8","15","D Offer","D Liability Signal: 7;P Files: 1;D Answers: 1;D Defaults: 1","7,1,1,1","0","true","","","2","0.15","0.10000000000000001","","",""
"Specification-PolarizedContinuousMeritsModerateRiskAversion__Cost-4__Fee-British","1","30","1","D","8","15","D Offer","D Liability Signal: 7;P Files: 1;D Answers: 1;D Defaults: 1","7,1,1,1","0","true","","","3","0.25","0.10000000000000001","","",""
"Specification-PolarizedContinuousMeritsModerateRiskAversion__Cost-4__Fee-British","1","30","1","D","8","15","D Offer","D Liability Signal: 7;P Files: 1;D Answers: 1;D Defaults: 1","7,1,1,1","0","true","","","4","0.35","0.10000000000000001","","",""
"Specification-PolarizedContinuousMeritsModerateRiskAversion__Cost-4__Fee-British","1","30","1","D","8","15","D Offer","D Liability Signal: 7;P Files: 1;D Answers: 1;D Defaults: 1","7,1,1,1","0","true","","","5","0.45","0.10000000000000001","","",""
"Specification-PolarizedContinuousMeritsModerateRiskAversion__Cost-4__Fee-British","1","30","1","D","8","15","D Offer","D Liability Signal: 7;P Files: 1;D Answers: 1;D Defaults: 1","7,1,1,1","0","true","","","6","0.55","0.10000000000000001","","",""
"Specification-PolarizedContinuousMeritsModerateRiskAversion__Cost-4__Fee-British","1","30","1","D","8","15","D Offer","D Liability Signal: 7;P Files: 1;D Answers: 1;D Defaults: 1","7,1,1,1","0","true","","","7","0.65","0.10000000000000001","","",""
"Specification-PolarizedContinuousMeritsModerateRiskAversion__Cost-4__Fee-British","1","30","1","D","8","15","D Offer","D Liability Signal: 7;P Files: 1;D Answers: 1;D Defaults: 1","7,1,1,1","0","true","","","8","0.75","0.10000000000000001","","",""
"Specification-PolarizedContinuousMeritsModerateRiskAversion__Cost-4__Fee-British","1","30","1","D","8","15","D Offer","D Liability Signal: 7;P Files: 1;D Answers: 1;D Defaults: 1","7,1,1,1","0","true","","","9","0.85","0.10000000000000001","","",""
"Specification-PolarizedContinuousMeritsModerateRiskAversion__Cost-4__Fee-British","1","30","1","D","8","15","D Offer","D Liability Signal: 7;P Files: 1;D Answers: 1;D Defaults: 1","7,1,1,1","0","true","","","10","0.95","0.10000000000000001","","",""
"Specification-PolarizedContinuousMeritsModerateRiskAversion__Cost-4__Fee-British","1","31","1","D","8","15","D Offer","D Liability Signal: 7;P Files: 1;D Answers: 1;D Defaults: 2","7,1,1,2","0","true","","","1","0.05","0.10000000000000001","","",""
"Specification-PolarizedContinuousMeritsModerateRiskAversion__Cost-4__Fee-British","1","31","1","D","8","15","D Offer","D Liability Signal: 7;P Files: 1;D Answers: 1;D Defaults: 2","7,1,1,2","0","true","","","2","0.15","0.10000000000000001","","",""
"Specification-PolarizedContinuousMeritsModerateRiskAversion__Cost-4__Fee-British","1","31","1","D","8","15","D Offer","D Liability Signal: 7;P Files: 1;D Answers: 1;D Defaults: 2","7,1,1,2","0","true","","","3","0.25","0.10000000000000001","","",""
"Specification-PolarizedContinuousMeritsModerateRiskAversion__Cost-4__Fee-British","1","31","1","D","8","15","D Offer","D Liability Signal: 7;P Files: 1;D Answers: 1;D Defaults: 2","7,1,1,2","0","true","","","4","0.35","0.10000000000000001","","",""
"Specification-PolarizedContinuousMeritsModerateRiskAversion__Cost-4__Fee-British","1","31","1","D","8","15","D Offer","D Liability Signal: 7;P Files: 1;D Answers: 1;D Defaults: 2","7,1,1,2","0","true","","","5","0.45","0.10000000000000001","","",""
"Specification-PolarizedContinuousMeritsModerateRiskAversion__Cost-4__Fee-British","1","31","1","D","8","15","D Offer","D Liability Signal: 7;P Files: 1;D Answers: 1;D Defaults: 2","7,1,1,2","0","true","","","6","0.55","0.10000000000000001","","",""
"Specification-PolarizedContinuousMeritsModerateRiskAversion__Cost-4__Fee-British","1","31","1","D","8","15","D Offer","D Liability Signal: 7;P Files: 1;D Answers: 1;D Defaults: 2","7,1,1,2","0","true","","","7","0.65","0.10000000000000001","","",""
"Specification-PolarizedContinuousMeritsModerateRiskAversion__Cost-4__Fee-British","1","31","1","D","8","15","D Offer","D Liability Signal: 7;P Files: 1;D Answers: 1;D Defaults: 2","7,1,1,2","0","true","","","8","0.75","0.10000000000000001","","",""
"Specification-PolarizedContinuousMeritsModerateRiskAversion__Cost-4__Fee-British","1","31","1","D","8","15","D Offer","D Liability Signal: 7;P Files: 1;D Answers: 1;D Defaults: 2","7,1,1,2","0","true","","","9","0.85","0.10000000000000001","","",""
"Specification-PolarizedContinuousMeritsModerateRiskAversion__Cost-4__Fee-British","1","31","1","D","8","15","D Offer","D Liability Signal: 7;P Files: 1;D Answers: 1;D Defaults: 2","7,1,1,2","0","true","","","10","0.95","0.10000000000000001","","",""
"Specification-PolarizedContinuousMeritsModerateRiskAversion__Cost-4__Fee-British","1","32","1","D","3","10","D Answers","D Liability Signal: 8;P Files: 1","8,1","0.089337533600000005","false","998.80772570539978","998.80772570539978","1","Yes","0","995.47626514852971","3.3314605568700699","false"
"Specification-PolarizedContinuousMeritsModerateRiskAversion__Cost-4__Fee-British","1","32","1","D","3","10","D Answers","D Liability Signal: 8;P Files: 1","8,1","0.089337533600000005","false","998.80772570539978","998.80772570539978","2","No","1","998.80772570539978","0","true"
"Specification-PolarizedContinuousMeritsModerateRiskAversion__Cost-4__Fee-British","1","33","1","D","6","21","D Defaults","D Liability Signal: 8;P Files: 1;D Answers: 1","8,1,1","0","true","","","1","Yes","0.5","","",""
"Specification-PolarizedContinuousMeritsModerateRiskAversion__Cost-4__Fee-British","1","33","1","D","6","21","D Defaults","D Liability Signal: 8;P Files: 1;D Answers: 1","8,1,1","0","true","","","2","No","0.5","","",""
"Specification-PolarizedContinuousMeritsModerateRiskAversion__Cost-4__Fee-British","1","34","1","D","8","15","D Offer","D Liability Signal: 8;P Files: 1;D Answers: 1;D Defaults: 1","8,1,1,1","0","true","","","1","0.05","0.10000000000000001","","",""
"Specification-PolarizedContinuousMeritsModerateRiskAversion__Cost-4__Fee-British","1","34","1","D","8","15","D Offer","D Liability Signal: 8;P Files: 1;D Answers: 1;D Defaults: 1","8,1,1,1","0","true","","","2","0.15","0.10000000000000001","","",""
"Specification-PolarizedContinuousMeritsModerateRiskAversion__Cost-4__Fee-British","1","34","1","D","8","15","D Offer","D Liability Signal: 8;P Files: 1;D Answers: 1;D Defaults: 1","8,1,1,1","0","true","","","3","0.25","0.10000000000000001","","",""
"Specification-PolarizedContinuousMeritsModerateRiskAversion__Cost-4__Fee-British","1","34","1","D","8","15","D Offer","D Liability Signal: 8;P Files: 1;D Answers: 1;D Defaults: 1","8,1,1,1","0","true","","","4","0.35","0.10000000000000001","","",""
"Specification-PolarizedContinuousMeritsModerateRiskAversion__Cost-4__Fee-British","1","34","1","D","8","15","D Offer","D Liability Signal: 8;P Files: 1;D Answers: 1;D Defaults: 1","8,1,1,1","0","true","","","5","0.45","0.10000000000000001","","",""
"Specification-PolarizedContinuousMeritsModerateRiskAversion__Cost-4__Fee-British","1","34","1","D","8","15","D Offer","D Liability Signal: 8;P Files: 1;D Answers: 1;D Defaults: 1","8,1,1,1","0","true","","","6","0.55","0.10000000000000001","","",""
"Specification-PolarizedContinuousMeritsModerateRiskAversion__Cost-4__Fee-British","1","34","1","D","8","15","D Offer","D Liability Signal: 8;P Files: 1;D Answers: 1;D Defaults: 1","8,1,1,1","0","true","","","7","0.65","0.10000000000000001","","",""
"Specification-PolarizedContinuousMeritsModerateRiskAversion__Cost-4__Fee-British","1","34","1","D","8","15","D Offer","D Liability Signal: 8;P Files: 1;D Answers: 1;D Defaults: 1","8,1,1,1","0","true","","","8","0.75","0.10000000000000001","","",""
"Specification-PolarizedContinuousMeritsModerateRiskAversion__Cost-4__Fee-British","1","34","1","D","8","15","D Offer","D Liability Signal: 8;P Files: 1;D Answers: 1;D Defaults: 1","8,1,1,1","0","true","","","9","0.85","0.10000000000000001","","",""
"Specification-PolarizedContinuousMeritsModerateRiskAversion__Cost-4__Fee-British","1","34","1","D","8","15","D Offer","D Liability Signal: 8;P Files: 1;D Answers: 1;D Defaults: 1","8,1,1,1","0","true","","","10","0.95","0.10000000000000001","","",""
"Specification-PolarizedContinuousMeritsModerateRiskAversion__Cost-4__Fee-British","1","35","1","D","8","15","D Offer","D Liability Signal: 8;P Files: 1;D Answers: 1;D Defaults: 2","8,1,1,2","0","true","","","1","0.05","0.10000000000000001","","",""
"Specification-PolarizedContinuousMeritsModerateRiskAversion__Cost-4__Fee-British","1","35","1","D","8","15","D Offer","D Liability Signal: 8;P Files: 1;D Answers: 1;D Defaults: 2","8,1,1,2","0","true","","","2","0.15","0.10000000000000001","","",""
"Specification-PolarizedContinuousMeritsModerateRiskAversion__Cost-4__Fee-British","1","35","1","D","8","15","D Offer","D Liability Signal: 8;P Files: 1;D Answers: 1;D Defaults: 2","8,1,1,2","0","true","","","3","0.25","0.10000000000000001","","",""
"Specification-PolarizedContinuousMeritsModerateRiskAversion__Cost-4__Fee-British","1","35","1","D","8","15","D Offer","D Liability Signal: 8;P Files: 1;D Answers: 1;D Defaults: 2","8,1,1,2","0","true","","","4","0.35","0.10000000000000001","","",""
"Specification-PolarizedContinuousMeritsModerateRiskAversion__Cost-4__Fee-British","1","35","1","D","8","15","D Offer","D Liability Signal: 8;P Files: 1;D Answers: 1;D Defaults: 2","8,1,1,2","0","true","","","5","0.45","0.10000000000000001","","",""
"Specification-PolarizedContinuousMeritsModerateRiskAversion__Cost-4__Fee-British","1","35","1","D","8","15","D Offer","D Liability Signal: 8;P Files: 1;D Answers: 1;D Defaults: 2","8,1,1,2","0","true","","","6","0.55","0.10000000000000001","","",""
"Specification-PolarizedContinuousMeritsModerateRiskAversion__Cost-4__Fee-British","1","35","1","D","8","15","D Offer","D Liability Signal: 8;P Files: 1;D Answers: 1;D Defaults: 2","8,1,1,2","0","true","","","7","0.65","0.10000000000000001","","",""
"Specification-PolarizedContinuousMeritsModerateRiskAversion__Cost-4__Fee-British","1","35","1","D","8","15","D Offer","D Liability Signal: 8;P Files: 1;D Answers: 1;D Defaults: 2","8,1,1,2","0","true","","","8","0.75","0.10000000000000001","","",""
"Specification-PolarizedContinuousMeritsModerateRiskAversion__Cost-4__Fee-British","1","35","1","D","8","15","D Offer","D Liability Signal: 8;P Files: 1;D Answers: 1;D Defaults: 2","8,1,1,2","0","true","","","9","0.85","0.10000000000000001","","",""
"Specification-PolarizedContinuousMeritsModerateRiskAversion__Cost-4__Fee-British","1","35","1","D","8","15","D Offer","D Liability Signal: 8;P Files: 1;D Answers: 1;D Defaults: 2","8,1,1,2","0","true","","","10","0.95","0.10000000000000001","","",""
"Specification-PolarizedContinuousMeritsModerateRiskAversion__Cost-4__Fee-British","1","36","1","D","3","10","D Answers","D Liability Signal: 9;P Files: 1","9,1","0.1038951303","false","998.8077257054","998.8077257054","1","Yes","0","995.00679915975434","3.800926545645666","false"
"Specification-PolarizedContinuousMeritsModerateRiskAversion__Cost-4__Fee-British","1","36","1","D","3","10","D Answers","D Liability Signal: 9;P Files: 1","9,1","0.1038951303","false","998.8077257054","998.8077257054","2","No","1","998.8077257054","0","true"
"Specification-PolarizedContinuousMeritsModerateRiskAversion__Cost-4__Fee-British","1","37","1","D","6","21","D Defaults","D Liability Signal: 9;P Files: 1;D Answers: 1","9,1,1","0","true","","","1","Yes","0.5","","",""
"Specification-PolarizedContinuousMeritsModerateRiskAversion__Cost-4__Fee-British","1","37","1","D","6","21","D Defaults","D Liability Signal: 9;P Files: 1;D Answers: 1","9,1,1","0","true","","","2","No","0.5","","",""
"Specification-PolarizedContinuousMeritsModerateRiskAversion__Cost-4__Fee-British","1","38","1","D","8","15","D Offer","D Liability Signal: 9;P Files: 1;D Answers: 1;D Defaults: 1","9,1,1,1","0","true","","","1","0.05","0.10000000000000001","","",""
"Specification-PolarizedContinuousMeritsModerateRiskAversion__Cost-4__Fee-British","1","38","1","D","8","15","D Offer","D Liability Signal: 9;P Files: 1;D Answers: 1;D Defaults: 1","9,1,1,1","0","true","","","2","0.15","0.10000000000000001","","",""
"Specification-PolarizedContinuousMeritsModerateRiskAversion__Cost-4__Fee-British","1","38","1","D","8","15","D Offer","D Liability Signal: 9;P Files: 1;D Answers: 1;D Defaults: 1","9,1,1,1","0","true","","","3","0.25","0.10000000000000001","","",""
"Specification-PolarizedContinuousMeritsModerateRiskAversion__Cost-4__Fee-British","1","38","1","D","8","15","D Offer","D Liability Signal: 9;P Files: 1;D Answers: 1;D Defaults: 1","9,1,1,1","0","true","","","4","0.35","0.10000000000000001","","",""
"Specification-PolarizedContinuousMeritsModerateRiskAversion__Cost-4__Fee-British","1","38","1","D","8","15","D Offer","D Liability Signal: 9;P Files: 1;D Answers: 1;D Defaults: 1","9,1,1,1","0","true","","","5","0.45","0.10000000000000001","","",""
"Specification-PolarizedContinuousMeritsModerateRiskAversion__Cost-4__Fee-British","1","38","1","D","8","15","D Offer","D Liability Signal: 9;P Files: 1;D Answers: 1;D Defaults: 1","9,1,1,1","0","true","","","6","0.55","0.10000000000000001","","",""
"Specification-PolarizedContinuousMeritsModerateRiskAversion__Cost-4__Fee-British","1","38","1","D","8","15","D Offer","D Liability Signal: 9;P Files: 1;D Answers: 1;D Defaults: 1","9,1,1,1","0","true","","","7","0.65","0.10000000000000001","","",""
"Specification-PolarizedContinuousMeritsModerateRiskAversion__Cost-4__Fee-British","1","38","1","D","8","15","D Offer","D Liability Signal: 9;P Files: 1;D Answers: 1;D Defaults: 1","9,1,1,1","0","true","","","8","0.75","0.10000000000000001","","",""
"Specification-PolarizedContinuousMeritsModerateRiskAversion__Cost-4__Fee-British","1","38","1","D","8","15","D Offer","D Liability Signal: 9;P Files: 1;D Answers: 1;D Defaults: 1","9,1,1,1","0","true","","","9","0.85","0.10000000000000001","","",""
"Specification-PolarizedContinuousMeritsModerateRiskAversion__Cost-4__Fee-British","1","38","1","D","8","15","D Offer","D Liability Signal: 9;P Files: 1;D Answers: 1;D Defaults: 1","9,1,1,1","0","true","","","10","0.95","0.10000000000000001","","",""
"Specification-PolarizedContinuousMeritsModerateRiskAversion__Cost-4__Fee-British","1","39","1","D","8","15","D Offer","D Liability Signal: 9;P Files: 1;D Answers: 1;D Defaults: 2","9,1,1,2","0","true","","","1","0.05","0.10000000000000001","","",""
"Specification-PolarizedContinuousMeritsModerateRiskAversion__Cost-4__Fee-British","1","39","1","D","8","15","D Offer","D Liability Signal: 9;P Files: 1;D Answers: 1;D Defaults: 2","9,1,1,2","0","true","","","2","0.15","0.10000000000000001","","",""
"Specification-PolarizedContinuousMeritsModerateRiskAversion__Cost-4__Fee-British","1","39","1","D","8","15","D Offer","D Liability Signal: 9;P Files: 1;D Answers: 1;D Defaults: 2","9,1,1,2","0","true","","","3","0.25","0.10000000000000001","","",""
"Specification-PolarizedContinuousMeritsModerateRiskAversion__Cost-4__Fee-British","1","39","1","D","8","15","D Offer","D Liability Signal: 9;P Files: 1;D Answers: 1;D Defaults: 2","9,1,1,2","0","true","","","4","0.35","0.10000000000000001","","",""
"Specification-PolarizedContinuousMeritsModerateRiskAversion__Cost-4__Fee-British","1","39","1","D","8","15","D Offer","D Liability Signal: 9;P Files: 1;D Answers: 1;D Defaults: 2","9,1,1,2","0","true","","","5","0.45","0.10000000000000001","","",""
"Specification-PolarizedContinuousMeritsModerateRiskAversion__Cost-4__Fee-British","1","39","1","D","8","15","D Offer","D Liability Signal: 9;P Files: 1;D Answers: 1;D Defaults: 2","9,1,1,2","0","true","","","6","0.55","0.10000000000000001","","",""
"Specification-PolarizedContinuousMeritsModerateRiskAversion__Cost-4__Fee-British","1","39","1","D","8","15","D Offer","D Liability Signal: 9;P Files: 1;D Answers: 1;D Defaults: 2","9,1,1,2","0","true","","","7","0.65","0.10000000000000001","","",""
"Specification-PolarizedContinuousMeritsModerateRiskAversion__Cost-4__Fee-British","1","39","1","D","8","15","D Offer","D Liability Signal: 9;P Files: 1;D Answers: 1;D Defaults: 2","9,1,1,2","0","true","","","8","0.75","0.10000000000000001","","",""
"Specification-PolarizedContinuousMeritsModerateRiskAversion__Cost-4__Fee-British","1","39","1","D","8","15","D Offer","D Liability Signal: 9;P Files: 1;D Answers: 1;D Defaults: 2","9,1,1,2","0","true","","","9","0.85","0.10000000000000001","","",""
"Specification-PolarizedContinuousMeritsModerateRiskAversion__Cost-4__Fee-British","1","39","1","D","8","15","D Offer","D Liability Signal: 9;P Files: 1;D Answers: 1;D Defaults: 2","9,1,1,2","0","true","","","10","0.95","0.10000000000000001","","",""
"Specification-PolarizedContinuousMeritsModerateRiskAversion__Cost-4__Fee-British","1","40","1","D","3","10","D Answers","D Liability Signal: 10;P Files: 1","10,1","0.10347979809999999","false","998.8077257054","998.8077257054","1","Yes","0","994.66428863399187","4.1434370714081297","false"
"Specification-PolarizedContinuousMeritsModerateRiskAversion__Cost-4__Fee-British","1","40","1","D","3","10","D Answers","D Liability Signal: 10;P Files: 1","10,1","0.10347979809999999","false","998.8077257054","998.8077257054","2","No","1","998.8077257054","0","true"
"Specification-PolarizedContinuousMeritsModerateRiskAversion__Cost-4__Fee-British","1","41","1","D","6","21","D Defaults","D Liability Signal: 10;P Files: 1;D Answers: 1","10,1,1","0","true","","","1","Yes","0.5","","",""
"Specification-PolarizedContinuousMeritsModerateRiskAversion__Cost-4__Fee-British","1","41","1","D","6","21","D Defaults","D Liability Signal: 10;P Files: 1;D Answers: 1","10,1,1","0","true","","","2","No","0.5","","",""
"Specification-PolarizedContinuousMeritsModerateRiskAversion__Cost-4__Fee-British","1","42","1","D","8","15","D Offer","D Liability Signal: 10;P Files: 1;D Answers: 1;D Defaults: 1","10,1,1,1","0","true","","","1","0.05","0.10000000000000001","","",""
"Specification-PolarizedContinuousMeritsModerateRiskAversion__Cost-4__Fee-British","1","42","1","D","8","15","D Offer","D Liability Signal: 10;P Files: 1;D Answers: 1;D Defaults: 1","10,1,1,1","0","true","","","2","0.15","0.10000000000000001","","",""
"Specification-PolarizedContinuousMeritsModerateRiskAversion__Cost-4__Fee-British","1","42","1","D","8","15","D Offer","D Liability Signal: 10;P Files: 1;D Answers: 1;D Defaults: 1","10,1,1,1","0","true","","","3","0.25","0.10000000000000001","","",""
"Specification-PolarizedContinuousMeritsModerateRiskAversion__Cost-4__Fee-British","1","42","1","D","8","15","D Offer","D Liability Signal: 10;P Files: 1;D Answers: 1;D Defaults: 1","10,1,1,1","0","true","","","4","0.35","0.10000000000000001","","",""
"Specification-PolarizedContinuousMeritsModerateRiskAversion__Cost-4__Fee-British","1","42","1","D","8","15","D Offer","D Liability Signal: 10;P Files: 1;D Answers: 1;D Defaults: 1","10,1,1,1","0","true","","","5","0.45","0.10000000000000001","","",""
"Specification-PolarizedContinuousMeritsModerateRiskAversion__Cost-4__Fee-British","1","42","1","D","8","15","D Offer","D Liability Signal: 10;P Files: 1;D Answers: 1;D Defaults: 1","10,1,1,1","0","true","","","6","0.55","0.10000000000000001","","",""
"Specification-PolarizedContinuousMeritsModerateRiskAversion__Cost-4__Fee-British","1","42","1","D","8","15","D Offer","D Liability Signal: 10;P Files: 1;D Answers: 1;D Defaults: 1","10,1,1,1","0","true","","","7","0.65","0.10000000000000001","","",""
"Specification-PolarizedContinuousMeritsModerateRiskAversion__Cost-4__Fee-British","1","42","1","D","8","15","D Offer","D Liability Signal: 10;P Files: 1;D Answers: 1;D Defaults: 1","10,1,1,1","0","true","","","8","0.75","0.10000000000000001","","",""
"Specification-PolarizedContinuousMeritsModerateRiskAversion__Cost-4__Fee-British","1","42","1","D","8","15","D Offer","D Liability Signal: 10;P Files: 1;D Answers: 1;D Defaults: 1","10,1,1,1","0","true","","","9","0.85","0.10000000000000001","","",""
"Specification-PolarizedContinuousMeritsModerateRiskAversion__Cost-4__Fee-British","1","42","1","D","8","15","D Offer","D Liability Signal: 10;P Files: 1;D Answers: 1;D Defaults: 1","10,1,1,1","0","true","","","10","0.95","0.10000000000000001","","",""
"Specification-PolarizedContinuousMeritsModerateRiskAversion__Cost-4__Fee-British","1","43","1","D","8","15","D Offer","D Liability Signal: 10;P Files: 1;D Answers: 1;D Defaults: 2","10,1,1,2","0","true","","","1","0.05","0.10000000000000001","","",""
"Specification-PolarizedContinuousMeritsModerateRiskAversion__Cost-4__Fee-British","1","43","1","D","8","15","D Offer","D Liability Signal: 10;P Files: 1;D Answers: 1;D Defaults: 2","10,1,1,2","0","true","","","2","0.15","0.10000000000000001","","",""
"Specification-PolarizedContinuousMeritsModerateRiskAversion__Cost-4__Fee-British","1","43","1","D","8","15","D Offer","D Liability Signal: 10;P Files: 1;D Answers: 1;D Defaults: 2","10,1,1,2","0","true","","","3","0.25","0.10000000000000001","","",""
"Specification-PolarizedContinuousMeritsModerateRiskAversion__Cost-4__Fee-British","1","43","1","D","8","15","D Offer","D Liability Signal: 10;P Files: 1;D Answers: 1;D Defaults: 2","10,1,1,2","0","true","","","4","0.35","0.10000000000000001","","",""
"Specification-PolarizedContinuousMeritsModerateRiskAversion__Cost-4__Fee-British","1","43","1","D","8","15","D Offer","D Liability Signal: 10;P Files: 1;D Answers: 1;D Defaults: 2","10,1,1,2","0","true","","","5","0.45","0.10000000000000001","","",""
"Specification-PolarizedContinuousMeritsModerateRiskAversion__Cost-4__Fee-British","1","43","1","D","8","15","D Offer","D Liability Signal: 10;P Files: 1;D Answers: 1;D Defaults: 2","10,1,1,2","0","true","","","6","0.55","0.10000000000000001","","",""
"Specification-PolarizedContinuousMeritsModerateRiskAversion__Cost-4__Fee-British","1","43","1","D","8","15","D Offer","D Liability Signal: 10;P Files: 1;D Answers: 1;D Defaults: 2","10,1,1,2","0","true","","","7","0.65","0.10000000000000001","","",""
"Specification-PolarizedContinuousMeritsModerateRiskAversion__Cost-4__Fee-British","1","43","1","D","8","15","D Offer","D Liability Signal: 10;P Files: 1;D Answers: 1;D Defaults: 2","10,1,1,2","0","true","","","8","0.75","0.10000000000000001","","",""
"Specification-PolarizedContinuousMeritsModerateRiskAversion__Cost-4__Fee-British","1","43","1","D","8","15","D Offer","D Liability Signal: 10;P Files: 1;D Answers: 1;D Defaults: 2","10,1,1,2","0","true","","","9","0.85","0.10000000000000001","","",""
"Specification-PolarizedContinuousMeritsModerateRiskAversion__Cost-4__Fee-British","1","43","1","D","8","15","D Offer","D Liability Signal: 10;P Files: 1;D Answers: 1;D Defaults: 2","10,1,1,2","0","true","","","10","0.95","0.10000000000000001","","",""
