"OptionSetName","Equilibrium Number","Information Set Number","Player Index","Player","Decision Index","Decision Code","Decision","Information Set Labels","Information Set Contents","Equilibrium Reach Probability","Off Path","Conditional Information-Set Utility","Best Action Utility","Action","Action Label","Equilibrium Action Probability","Conditional Action Utility","Utility Loss from Best Action","Is Best Action"
"Specification-HighNoiseModerateRiskAversion__Cost-4__Fee-British","1","0","0","P","2","9","P Files","P Liability Signal: 1","1","0.080790000000000001","false","1000.1027399999999","1000.1027399999999","1","Yes","1","1000.1027399999999","0","true"
"Specification-HighNoiseModerateRiskAversion__Cost-4__Fee-British","1","0","0","P","2","9","P Files","P Liability Signal: 1","1","0.080790000000000001","false","1000.1027399999999","1000.1027399999999","2","No","0","1000.0000106030999","0.10272939690003113","false"
"Specification-HighNoiseModerateRiskAversion__Cost-4__Fee-British","1","2","0","P","5","20","P Abandons","P Liability Signal: 1;P Files: 1;D Answers: 1","1,1,1","0","true","","","1","Yes","1","","",""
"Specification-HighNoiseModerateRiskAversion__Cost-4__Fee-British","1","2","0","P","5","20","P Abandons","P Liability Signal: 1;P Files: 1;D Answers: 1","1,1,1","0","true","","","2","No","0","","",""
"Specification-HighNoiseModerateRiskAversion__Cost-4__Fee-British","1","4","0","P","7","14","P Offer","P Liability Signal: 1;P Files: 1;D Answers: 1;P Abandons: 1","1,1,1,1","0","true","","","1","0.05","0","","",""
"Specification-HighNoiseModerateRiskAversion__Cost-4__Fee-British","1","4","0","P","7","14","P Offer","P Liability Signal: 1;P Files: 1;D Answers: 1;P Abandons: 1","1,1,1,1","0","true","","","2","0.15","0","","",""
"Specification-HighNoiseModerateRiskAversion__Cost-4__Fee-British","1","4","0","P","7","14","P Offer","P Liability Signal: 1;P Files: 1;D Answers: 1;P Abandons: 1","1,1,1,1","0","true","","","3","0.25","0","","",""
"Specification-HighNoiseModerateRiskAversion__Cost-4__Fee-British","1","4","0","P","7","14","P Offer","P Liability Signal: 1;P Files: 1;D Answers: 1;P Abandons: 1","1,1,1,1","0","true","","","4","0.35","1","","",""
"Specification-HighNoiseModerateRiskAversion__Cost-4__Fee-British","1","4","0","P","7","14","P Offer","P Liability Signal: 1;P Files: 1;D Answers: 1;P Abandons: 1","1,1,1,1","0","true","","","5","0.45","0","","",""
"Specification-HighNoiseModerateRiskAversion__Cost-4__Fee-British","1","4","0","P","7","14","P Offer","P Liability Signal: 1;P Files: 1;D Answers: 1;P Abandons: 1","1,1,1,1","0","true","","","6","0.55","0","","",""
"Specification-HighNoiseModerateRiskAversion__Cost-4__Fee-British","1","4","0","P","7","14","P Offer","P Liability Signal: 1;P Files: 1;D Answers: 1;P Abandons: 1","1,1,1,1","0","true","","","7","0.65","0","","",""
"Specification-HighNoiseModerateRiskAversion__Cost-4__Fee-British","1","4","0","P","7","14","P Offer","P Liability Signal: 1;P Files: 1;D Answers: 1;P Abandons: 1","1,1,1,1","0","true","","","8","0.75","0","","",""
"Specification-HighNoiseModerateRiskAversion__Cost-4__Fee-British","1","4","0","P","7","14","P Offer","P Liability Signal: 1;P Files: 1;D Answers: 1;P Abandons: 1","1,1,1,1","0","true","","","9","0.85","0","","",""
"Specification-HighNoiseModerateRiskAversion__Cost-4__Fee-British","1","4","0","P","7","14","P Offer","P Liability Signal: 1;P Files: 1;D Answers: 1;P Abandons: 1","1,1,1,1","0","true","","","10","0.95","0","","",""
"Specification-HighNoiseModerateRiskAversion__Cost-4__Fee-British","1","7","0","P","7","14","P Offer","P Liability Signal: 1;P Files: 1;D Answers: 1;P Abandons: 2","1,1,1,2","0","true","","","1","0.05","0.10000000000000001","","",""
"Specification-HighNoiseModerateRiskAversion__Cost-4__Fee-British","1","7","0","P","7","14","P Offer","P Liability Signal: 1;P Files: 1;D Answers: 1;P Abandons: 2","1,1,1,2","0","true","","","2","0.15","0.10000000000000001","","",""
"Specification-HighNoiseModerateRiskAversion__Cost-4__Fee-British","1","7","0","P","7","14","P Offer","P Liability Signal: 1;P Files: 1;D Answers: 1;P Abandons: 2","1,1,1,2","0","true","","","3","0.25","0.10000000000000001","","",""
"Specification-HighNoiseModerateRiskAversion__Cost-4__Fee-British","1","7","0","P","7","14","P Offer","P Liability Signal: 1;P Files: 1;D Answers: 1;P Abandons: 2","1,1,1,2","0","true","","","4","0.35","0.10000000000000001","","",""
"Specification-HighNoiseModerateRiskAversion__Cost-4__Fee-British","1","7","0","P","7","14","P Offer","P Liability Signal: 1;P Files: 1;D Answers: 1;P Abandons: 2","1,1,1,2","0","true","","","5","0.45","0.10000000000000001","","",""
"Specification-HighNoiseModerateRiskAversion__Cost-4__Fee-British","1","7","0","P","7","14","P Offer","P Liability Signal: 1;P Files: 1;D Answers: 1;P Abandons: 2","1,1,1,2","0","true","","","6","0.55","0.10000000000000001","","",""
"Specification-HighNoiseModerateRiskAversion__Cost-4__Fee-British","1","7","0","P","7","14","P Offer","P Liability Signal: 1;P Files: 1;D Answers: 1;P Abandons: 2","1,1,1,2","0","true","","","7","0.65","0.10000000000000001","","",""
"Specification-HighNoiseModerateRiskAversion__Cost-4__Fee-British","1","7","0","P","7","14","P Offer","P Liability Signal: 1;P Files: 1;D Answers: 1;P Abandons: 2","1,1,1,2","0","true","","","8","0.75","0.10000000000000001","","",""
"Specification-HighNoiseModerateRiskAversion__Cost-4__Fee-British","1","7","0","P","7","14","P Offer","P Liability Signal: 1;P Files: 1;D Answers: 1;P Abandons: 2","1,1,1,2","0","true","","","9","0.85","0.10000000000000001","","",""
"Specification-HighNoiseModerateRiskAversion__Cost-4__Fee-British","1","7","0","P","7","14","P Offer","P Liability Signal: 1;P Files: 1;D Answers: 1;P Abandons: 2","1,1,1,2","0","true","","","10","0.95","0.10000000000000001","","",""
"Specification-HighNoiseModerateRiskAversion__Cost-4__Fee-British","1","44","0","P","2","9","P Files","P Liability Signal: 2","2","0.092890000000000014","false","1000.1027399999998","1000.1027399999998","1","Yes","1","1000.1027399999998","0","true"
"Specification-HighNoiseModerateRiskAversion__Cost-4__Fee-British","1","44","0","P","2","9","P Files","P Liability Signal: 2","2","0.092890000000000014","false","1000.1027399999998","1000.1027399999998","2","No","0","1000.0000106030999","0.10272939689991745","false"
"Specification-HighNoiseModerateRiskAversion__Cost-4__Fee-British","1","45","0","P","5","20","P Abandons","P Liability Signal: 2;P Files: 1;D Answers: 1","2,1,1","0","true","","","1","Yes","1","","",""
"Specification-HighNoiseModerateRiskAversion__Cost-4__Fee-British","1","45","0","P","5","20","P Abandons","P Liability Signal: 2;P Files: 1;D Answers: 1","2,1,1","0","true","","","2","No","0","","",""
"Specification-HighNoiseModerateRiskAversion__Cost-4__Fee-British","1","46","0","P","7","14","P Offer","P Liability Signal: 2;P Files: 1;D Answers: 1;P Abandons: 1","2,1,1,1","0","true","","","1","0.05","0","","",""
"Specification-HighNoiseModerateRiskAversion__Cost-4__Fee-British","1","46","0","P","7","14","P Offer","P Liability Signal: 2;P Files: 1;D Answers: 1;P Abandons: 1","2,1,1,1","0","true","","","2","0.15","0","","",""
"Specification-HighNoiseModerateRiskAversion__Cost-4__Fee-British","1","46","0","P","7","14","P Offer","P Liability Signal: 2;P Files: 1;D Answers: 1;P Abandons: 1","2,1,1,1","0","true","","","3","0.25","0","","",""
"Specification-HighNoiseModerateRiskAversion__Cost-4__Fee-British","1","46","0","P","7","14","P Offer","P Liability Signal: 2;P Files: 1;D Answers: 1;P Abandons: 1","2,1,1,1","0","true","","","4","0.35","1","","",""
"Specification-HighNoiseModerateRiskAversion__Cost-4__Fee-British","1","46","0","P","7","14","P Offer","P Liability Signal: 2;P Files: 1;D Answers: 1;P Abandons: 1","2,1,1,1","0","true","","","5","0.45","0","","",""
"Specification-HighNoiseModerateRiskAversion__Cost-4__Fee-British","1","46","0","P","7","14","P Offer","P Liability Signal: 2;P Files: 1;D Answers: 1;P Abandons: 1","2,1,1,1","0","true","","","6","0.55","0","","",""
"Specification-HighNoiseModerateRiskAversion__Cost-4__Fee-British","1","46","0","P","7","14","P Offer","P Liability Signal: 2;P Files: 1;D Answers: 1;P Abandons: 1","2,1,1,1","0","true","","","7","0.65","0","","",""
"Specification-HighNoiseModerateRiskAversion__Cost-4__Fee-British","1","46","0","P","7","14","P Offer","P Liability Signal: 2;P Files: 1;D Answers: 1;P Abandons: 1","2,1,1,1","0","true","","","8","0.75","0","","",""
"Specification-HighNoiseModerateRiskAversion__Cost-4__Fee-British","1","46","0","P","7","14","P Offer","P Liability Signal: 2;P Files: 1;D Answers: 1;P Abandons: 1","2,1,1,1","0","true","","","9","0.85","0","","",""
"Specification-HighNoiseModerateRiskAversion__Cost-4__Fee-British","1","46","0","P","7","14","P Offer","P Liability Signal: 2;P Files: 1;D Answers: 1;P Abandons: 1","2,1,1,1","0","true","","","10","0.95","0","","",""
"Specification-HighNoiseModerateRiskAversion__Cost-4__Fee-British","1","47","0","P","7","14","P Offer","P Liability Signal: 2;P Files: 1;D Answers: 1;P Abandons: 2","2,1,1,2","0","true","","","1","0.05","0.10000000000000001","","",""
"Specification-HighNoiseModerateRiskAversion__Cost-4__Fee-British","1","47","0","P","7","14","P Offer","P Liability Signal: 2;P Files: 1;D Answers: 1;P Abandons: 2","2,1,1,2","0","true","","","2","0.15","0.10000000000000001","","",""
"Specification-HighNoiseModerateRiskAversion__Cost-4__Fee-British","1","47","0","P","7","14","P Offer","P Liability Signal: 2;P Files: 1;D Answers: 1;P Abandons: 2","2,1,1,2","0","true","","","3","0.25","0.10000000000000001","","",""
"Specification-HighNoiseModerateRiskAversion__Cost-4__Fee-British","1","47","0","P","7","14","P Offer","P Liability Signal: 2;P Files: 1;D Answers: 1;P Abandons: 2","2,1,1,2","0","true","","","4","0.35","0.10000000000000001","","",""
"Specification-HighNoiseModerateRiskAversion__Cost-4__Fee-British","1","47","0","P","7","14","P Offer","P Liability Signal: 2;P Files: 1;D Answers: 1;P Abandons: 2","2,1,1,2","0","true","","","5","0.45","0.10000000000000001","","",""
"Specification-HighNoiseModerateRiskAversion__Cost-4__Fee-British","1","47","0","P","7","14","P Offer","P Liability Signal: 2;P Files: 1;D Answers: 1;P Abandons: 2","2,1,1,2","0","true","","","6","0.55","0.10000000000000001","","",""
"Specification-HighNoiseModerateRiskAversion__Cost-4__Fee-British","1","47","0","P","7","14","P Offer","P Liability Signal: 2;P Files: 1;D Answers: 1;P Abandons: 2","2,1,1,2","0","true","","","7","0.65","0.10000000000000001","","",""
"Specification-HighNoiseModerateRiskAversion__Cost-4__Fee-British","1","47","0","P","7","14","P Offer","P Liability Signal: 2;P Files: 1;D Answers: 1;P Abandons: 2","2,1,1,2","0","true","","","8","0.75","0.10000000000000001","","",""
"Specification-HighNoiseModerateRiskAversion__Cost-4__Fee-British","1","47","0","P","7","14","P Offer","P Liability Signal: 2;P Files: 1;D Answers: 1;P Abandons: 2","2,1,1,2","0","true","","","9","0.85","0.10000000000000001","","",""
"Specification-HighNoiseModerateRiskAversion__Cost-4__Fee-British","1","47","0","P","7","14","P Offer","P Liability Signal: 2;P Files: 1;D Answers: 1;P Abandons: 2","2,1,1,2","0","true","","","10","0.95","0.10000000000000001","","",""
"Specification-HighNoiseModerateRiskAversion__Cost-4__Fee-British","1","48","0","P","2","9","P Files","P Liability Signal: 3","3","0.10285","false","1000.1027399999998","1000.1027399999998","1","Yes","1","1000.1027399999998","0","true"
"Specification-HighNoiseModerateRiskAversion__Cost-4__Fee-British","1","48","0","P","2","9","P Files","P Liability Signal: 3","3","0.10285","false","1000.1027399999998","1000.1027399999998","2","No","0","1000.0000106030999","0.10272939689991745","false"
"Specification-HighNoiseModerateRiskAversion__Cost-4__Fee-British","1","49","0","P","5","20","P Abandons","P Liability Signal: 3;P Files: 1;D Answers: 1","3,1,1","0","true","","","1","Yes","0.94191819994291059","","",""
"Specification-HighNoiseModerateRiskAversion__Cost-4__Fee-British","1","49","0","P","5","20","P Abandons","P Liability Signal: 3;P Files: 1;D Answers: 1","3,1,1","0","true","","","2","No","0.058081800057089482","","",""
"Specification-HighNoiseModerateRiskAversion__Cost-4__Fee-British","1","50","0","P","7","14","P Offer","P Liability Signal: 3;P Files: 1;D Answers: 1;P Abandons: 1","3,1,1,1","0","true","","","1","0.05","0","","",""
"Specification-HighNoiseModerateRiskAversion__Cost-4__Fee-British","1","50","0","P","7","14","P Offer","P Liability Signal: 3;P Files: 1;D Answers: 1;P Abandons: 1","3,1,1,1","0","true","","","2","0.15","0","","",""
"Specification-HighNoiseModerateRiskAversion__Cost-4__Fee-British","1","50","0","P","7","14","P Offer","P Liability Signal: 3;P Files: 1;D Answers: 1;P Abandons: 1","3,1,1,1","0","true","","","3","0.25","0","","",""
"Specification-HighNoiseModerateRiskAversion__Cost-4__Fee-British","1","50","0","P","7","14","P Offer","P Liability Signal: 3;P Files: 1;D Answers: 1;P Abandons: 1","3,1,1,1","0","true","","","4","0.35","1","","",""
"Specification-HighNoiseModerateRiskAversion__Cost-4__Fee-British","1","50","0","P","7","14","P Offer","P Liability Signal: 3;P Files: 1;D Answers: 1;P Abandons: 1","3,1,1,1","0","true","","","5","0.45","0","","",""
"Specification-HighNoiseModerateRiskAversion__Cost-4__Fee-British","1","50","0","P","7","14","P Offer","P Liability Signal: 3;P Files: 1;D Answers: 1;P Abandons: 1","3,1,1,1","0","true","","","6","0.55","0","","",""
"Specification-HighNoiseModerateRiskAversion__Cost-4__Fee-British","1","50","0","P","7","14","P Offer","P Liability Signal: 3;P Files: 1;D Answers: 1;P Abandons: 1","3,1,1,1","0","true","","","7","0.65","0","","",""
"Specification-HighNoiseModerateRiskAversion__Cost-4__Fee-British","1","50","0","P","7","14","P Offer","P Liability Signal: 3;P Files: 1;D Answers: 1;P Abandons: 1","3,1,1,1","0","true","","","8","0.75","0","","",""
"Specification-HighNoiseModerateRiskAversion__Cost-4__Fee-British","1","50","0","P","7","14","P Offer","P Liability Signal: 3;P Files: 1;D Answers: 1;P Abandons: 1","3,1,1,1","0","true","","","9","0.85","0","","",""
"Specification-HighNoiseModerateRiskAversion__Cost-4__Fee-British","1","50","0","P","7","14","P Offer","P Liability Signal: 3;P Files: 1;D Answers: 1;P Abandons: 1","3,1,1,1","0","true","","","10","0.95","0","","",""
"Specification-HighNoiseModerateRiskAversion__Cost-4__Fee-British","1","51","0","P","7","14","P Offer","P Liability Signal: 3;P Files: 1;D Answers: 1;P Abandons: 2","3,1,1,2","0","true","","","1","0.05","0","","",""
"Specification-HighNoiseModerateRiskAversion__Cost-4__Fee-British","1","51","0","P","7","14","P Offer","P Liability Signal: 3;P Files: 1;D Answers: 1;P Abandons: 2","3,1,1,2","0","true","","","2","0.15","0","","",""
"Specification-HighNoiseModerateRiskAversion__Cost-4__Fee-British","1","51","0","P","7","14","P Offer","P Liability Signal: 3;P Files: 1;D Answers: 1;P Abandons: 2","3,1,1,2","0","true","","","3","0.25","0","","",""
"Specification-HighNoiseModerateRiskAversion__Cost-4__Fee-British","1","51","0","P","7","14","P Offer","P Liability Signal: 3;P Files: 1;D Answers: 1;P Abandons: 2","3,1,1,2","0","true","","","4","0.35","0","","",""
"Specification-HighNoiseModerateRiskAversion__Cost-4__Fee-British","1","51","0","P","7","14","P Offer","P Liability Signal: 3;P Files: 1;D Answers: 1;P Abandons: 2","3,1,1,2","0","true","","","5","0.45","1","","",""
"Specification-HighNoiseModerateRiskAversion__Cost-4__Fee-British","1","51","0","P","7","14","P Offer","P Liability Signal: 3;P Files: 1;D Answers: 1;P Abandons: 2","3,1,1,2","0","true","","","6","0.55","0","","",""
"Specification-HighNoiseModerateRiskAversion__Cost-4__Fee-British","1","51","0","P","7","14","P Offer","P Liability Signal: 3;P Files: 1;D Answers: 1;P Abandons: 2","3,1,1,2","0","true","","","7","0.65","0","","",""
"Specification-HighNoiseModerateRiskAversion__Cost-4__Fee-British","1","51","0","P","7","14","P Offer","P Liability Signal: 3;P Files: 1;D Answers: 1;P Abandons: 2","3,1,1,2","0","true","","","8","0.75","0","","",""
"Specification-HighNoiseModerateRiskAversion__Cost-4__Fee-British","1","51","0","P","7","14","P Offer","P Liability Signal: 3;P Files: 1;D Answers: 1;P Abandons: 2","3,1,1,2","0","true","","","9","0.85","0","","",""
"Specification-HighNoiseModerateRiskAversion__Cost-4__Fee-British","1","51","0","P","7","14","P Offer","P Liability Signal: 3;P Files: 1;D Answers: 1;P Abandons: 2","3,1,1,2","0","true","","","10","0.95","0","","",""
"Specification-HighNoiseModerateRiskAversion__Cost-4__Fee-British","1","52","0","P","2","9","P Files","P Liability Signal: 4","4","0.10990999999999999","false","1000.1027399999999","1000.1027399999999","1","Yes","1","1000.1027399999999","0","true"
"Specification-HighNoiseModerateRiskAversion__Cost-4__Fee-British","1","52","0","P","2","9","P Files","P Liability Signal: 4","4","0.10990999999999999","false","1000.1027399999999","1000.1027399999999","2","No","0","1000.0000106030999","0.10272939690003113","false"
"Specification-HighNoiseModerateRiskAversion__Cost-4__Fee-British","1","53","0","P","5","20","P Abandons","P Liability Signal: 4;P Files: 1;D Answers: 1","4,1,1","0","true","","","1","Yes","0.81714782966309252","","",""
"Specification-HighNoiseModerateRiskAversion__Cost-4__Fee-British","1","53","0","P","5","20","P Abandons","P Liability Signal: 4;P Files: 1;D Answers: 1","4,1,1","0","true","","","2","No","0.18285217033690743","","",""
"Specification-HighNoiseModerateRiskAversion__Cost-4__Fee-British","1","54","0","P","7","14","P Offer","P Liability Signal: 4;P Files: 1;D Answers: 1;P Abandons: 1","4,1,1,1","0","true","","","1","0.05","0","","",""
"Specification-HighNoiseModerateRiskAversion__Cost-4__Fee-British","1","54","0","P","7","14","P Offer","P Liability Signal: 4;P Files: 1;D Answers: 1;P Abandons: 1","4,1,1,1","0","true","","","2","0.15","0","","",""
"Specification-HighNoiseModerateRiskAversion__Cost-4__Fee-British","1","54","0","P","7","14","P Offer","P Liability Signal: 4;P Files: 1;D Answers: 1;P Abandons: 1","4,1,1,1","0","true","","","3","0.25","0","","",""
"Specification-HighNoiseModerateRiskAversion__Cost-4__Fee-British","1","54","0","P","7","14","P Offer","P Liability Signal: 4;P Files: 1;D Answers: 1;P Abandons: 1","4,1,1,1","0","true","","","4","0.35","1","","",""
"Specification-HighNoiseModerateRiskAversion__Cost-4__Fee-British","1","54","0","P","7","14","P Offer","P Liability Signal: 4;P Files: 1;D Answers: 1;P Abandons: 1","4,1,1,1","0","true","","","5","0.45","0","","",""
"Specification-HighNoiseModerateRiskAversion__Cost-4__Fee-British","1","54","0","P","7","14","P Offer","P Liability Signal: 4;P Files: 1;D Answers: 1;P Abandons: 1","4,1,1,1","0","true","","","6","0.55","0","","",""
"Specification-HighNoiseModerateRiskAversion__Cost-4__Fee-British","1","54","0","P","7","14","P Offer","P Liability Signal: 4;P Files: 1;D Answers: 1;P Abandons: 1","4,1,1,1","0","true","","","7","0.65","0","","",""
"Specification-HighNoiseModerateRiskAversion__Cost-4__Fee-British","1","54","0","P","7","14","P Offer","P Liability Signal: 4;P Files: 1;D Answers: 1;P Abandons: 1","4,1,1,1","0","true","","","8","0.75","0","","",""
"Specification-HighNoiseModerateRiskAversion__Cost-4__Fee-British","1","54","0","P","7","14","P Offer","P Liability Signal: 4;P Files: 1;D Answers: 1;P Abandons: 1","4,1,1,1","0","true","","","9","0.85","0","","",""
"Specification-HighNoiseModerateRiskAversion__Cost-4__Fee-British","1","54","0","P","7","14","P Offer","P Liability Signal: 4;P Files: 1;D Answers: 1;P Abandons: 1","4,1,1,1","0","true","","","10","0.95","0","","",""
"Specification-HighNoiseModerateRiskAversion__Cost-4__Fee-British","1","55","0","P","7","14","P Offer","P Liability Signal: 4;P Files: 1;D Answers: 1;P Abandons: 2","4,1,1,2","0","true","","","1","0.05","0","","",""
"Specification-HighNoiseModerateRiskAversion__Cost-4__Fee-British","1","55","0","P","7","14","P Offer","P Liability Signal: 4;P Files: 1;D Answers: 1;P Abandons: 2","4,1,1,2","0","true","","","2","0.15","0","","",""
"Specification-HighNoiseModerateRiskAversion__Cost-4__Fee-British","1","55","0","P","7","14","P Offer","P Liability Signal: 4;P Files: 1;D Answers: 1;P Abandons: 2","4,1,1,2","0","true","","","3","0.25","0","","",""
"Specification-HighNoiseModerateRiskAversion__Cost-4__Fee-British","1","55","0","P","7","14","P Offer","P Liability Signal: 4;P Files: 1;D Answers: 1;P Abandons: 2","4,1,1,2","0","true","","","4","0.35","0","","",""
"Specification-HighNoiseModerateRiskAversion__Cost-4__Fee-British","1","55","0","P","7","14","P Offer","P Liability Signal: 4;P Files: 1;D Answers: 1;P Abandons: 2","4,1,1,2","0","true","","","5","0.45","1","","",""
"Specification-HighNoiseModerateRiskAversion__Cost-4__Fee-British","1","55","0","P","7","14","P Offer","P Liability Signal: 4;P Files: 1;D Answers: 1;P Abandons: 2","4,1,1,2","0","true","","","6","0.55","0","","",""
"Specification-HighNoiseModerateRiskAversion__Cost-4__Fee-British","1","55","0","P","7","14","P Offer","P Liability Signal: 4;P Files: 1;D Answers: 1;P Abandons: 2","4,1,1,2","0","true","","","7","0.65","0","","",""
"Specification-HighNoiseModerateRiskAversion__Cost-4__Fee-British","1","55","0","P","7","14","P Offer","P Liability Signal: 4;P Files: 1;D Answers: 1;P Abandons: 2","4,1,1,2","0","true","","","8","0.75","0","","",""
"Specification-HighNoiseModerateRiskAversion__Cost-4__Fee-British","1","55","0","P","7","14","P Offer","P Liability Signal: 4;P Files: 1;D Answers: 1;P Abandons: 2","4,1,1,2","0","true","","","9","0.85","0","","",""
"Specification-HighNoiseModerateRiskAversion__Cost-4__Fee-British","1","55","0","P","7","14","P Offer","P Liability Signal: 4;P Files: 1;D Answers: 1;P Abandons: 2","4,1,1,2","0","true","","","10","0.95","0","","",""
"Specification-HighNoiseModerateRiskAversion__Cost-4__Fee-British","1","56","0","P","2","9","P Files","P Liability Signal: 5","5","0.11357","false","1000.1027399999999","1000.1027399999999","1","Yes","1","1000.1027399999999","0","true"
"Specification-HighNoiseModerateRiskAversion__Cost-4__Fee-British","1","56","0","P","2","9","P Files","P Liability Signal: 5","5","0.11357","false","1000.1027399999999","1000.1027399999999","2","No","0","1000.0000106031001","0.10272939689980376","false"
"Specification-HighNoiseModerateRiskAversion__Cost-4__Fee-British","1","57","0","P","5","20","P Abandons","P Liability Signal: 5;P Files: 1;D Answers: 1","5,1,1","0","true","","","1","Yes","0.98177315510837659","","",""
"Specification-HighNoiseModerateRiskAversion__Cost-4__Fee-British","1","57","0","P","5","20","P Abandons","P Liability Signal: 5;P Files: 1;D Answers: 1","5,1,1","0","true","","","2","No","0.018226844891623403","","",""
"Specification-HighNoiseModerateRiskAversion__Cost-4__Fee-British","1","58","0","P","7","14","P Offer","P Liability Signal: 5;P Files: 1;D Answers: 1;P Abandons: 1","5,1,1,1","0","true","","","1","0.05","0","","",""
"Specification-HighNoiseModerateRiskAversion__Cost-4__Fee-British","1","58","0","P","7","14","P Offer","P Liability Signal: 5;P Files: 1;D Answers: 1;P Abandons: 1","5,1,1,1","0","true","","","2","0.15","0","","",""
"Specification-HighNoiseModerateRiskAversion__Cost-4__Fee-British","1","58","0","P","7","14","P Offer","P Liability Signal: 5;P Files: 1;D Answers: 1;P Abandons: 1","5,1,1,1","0","true","","","3","0.25","0","","",""
"Specification-HighNoiseModerateRiskAversion__Cost-4__Fee-British","1","58","0","P","7","14","P Offer","P Liability Signal: 5;P Files: 1;D Answers: 1;P Abandons: 1","5,1,1,1","0","true","","","4","0.35","1","","",""
"Specification-HighNoiseModerateRiskAversion__Cost-4__Fee-British","1","58","0","P","7","14","P Offer","P Liability Signal: 5;P Files: 1;D Answers: 1;P Abandons: 1","5,1,1,1","0","true","","","5","0.45","0","","",""
"Specification-HighNoiseModerateRiskAversion__Cost-4__Fee-British","1","58","0","P","7","14","P Offer","P Liability Signal: 5;P Files: 1;D Answers: 1;P Abandons: 1","5,1,1,1","0","true","","","6","0.55","0","","",""
"Specification-HighNoiseModerateRiskAversion__Cost-4__Fee-British","1","58","0","P","7","14","P Offer","P Liability Signal: 5;P Files: 1;D Answers: 1;P Abandons: 1","5,1,1,1","0","true","","","7","0.65","0","","",""
"Specification-HighNoiseModerateRiskAversion__Cost-4__Fee-British","1","58","0","P","7","14","P Offer","P Liability Signal: 5;P Files: 1;D Answers: 1;P Abandons: 1","5,1,1,1","0","true","","","8","0.75","0","","",""
"Specification-HighNoiseModerateRiskAversion__Cost-4__Fee-British","1","58","0","P","7","14","P Offer","P Liability Signal: 5;P Files: 1;D Answers: 1;P Abandons: 1","5,1,1,1","0","true","","","9","0.85","0","","",""
"Specification-HighNoiseModerateRiskAversion__Cost-4__Fee-British","1","58","0","P","7","14","P Offer","P Liability Signal: 5;P Files: 1;D Answers: 1;P Abandons: 1","5,1,1,1","0","true","","","10","0.95","0","","",""
"Specification-HighNoiseModerateRiskAversion__Cost-4__Fee-British","1","59","0","P","7","14","P Offer","P Liability Signal: 5;P Files: 1;D Answers: 1;P Abandons: 2","5,1,1,2","0","true","","","1","0.05","0","","",""
"Specification-HighNoiseModerateRiskAversion__Cost-4__Fee-British","1","59","0","P","7","14","P Offer","P Liability Signal: 5;P Files: 1;D Answers: 1;P Abandons: 2","5,1,1,2","0","true","","","2","0.15","0","","",""
"Specification-HighNoiseModerateRiskAversion__Cost-4__Fee-British","1","59","0","P","7","14","P Offer","P Liability Signal: 5;P Files: 1;D Answers: 1;P Abandons: 2","5,1,1,2","0","true","","","3","0.25","0","","",""
"Specification-HighNoiseModerateRiskAversion__Cost-4__Fee-British","1","59","0","P","7","14","P Offer","P Liability Signal: 5;P Files: 1;D Answers: 1;P Abandons: 2","5,1,1,2","0","true","","","4","0.35","0","","",""
"Specification-HighNoiseModerateRiskAversion__Cost-4__Fee-British","1","59","0","P","7","14","P Offer","P Liability Signal: 5;P Files: 1;D Answers: 1;P Abandons: 2","5,1,1,2","0","true","","","5","0.45","1","","",""
"Specification-HighNoiseModerateRiskAversion__Cost-4__Fee-British","1","59","0","P","7","14","P Offer","P Liability Signal: 5;P Files: 1;D Answers: 1;P Abandons: 2","5,1,1,2","0","true","","","6","0.55","0","","",""
"Specification-HighNoiseModerateRiskAversion__Cost-4__Fee-British","1","59","0","P","7","14","P Offer","P Liability Signal: 5;P Files: 1;D Answers: 1;P Abandons: 2","5,1,1,2","0","true","","","7","0.65","0","","",""
"Specification-HighNoiseModerateRiskAversion__Cost-4__Fee-British","1","59","0","P","7","14","P Offer","P Liability Signal: 5;P Files: 1;D Answers: 1;P Abandons: 2","5,1,1,2","0","true","","","8","0.75","0","","",""
"Specification-HighNoiseModerateRiskAversion__Cost-4__Fee-British","1","59","0","P","7","14","P Offer","P Liability Signal: 5;P Files: 1;D Answers: 1;P Abandons: 2","5,1,1,2","0","true","","","9","0.85","0","","",""
"Specification-HighNoiseModerateRiskAversion__Cost-4__Fee-British","1","59","0","P","7","14","P Offer","P Liability Signal: 5;P Files: 1;D Answers: 1;P Abandons: 2","5,1,1,2","0","true","","","10","0.95","0","","",""
"Specification-HighNoiseModerateRiskAversion__Cost-4__Fee-British","1","60","0","P","2","9","P Files","P Liability Signal: 6","6","0.11357","false","1000.10274","1000.10274","1","Yes","1","1000.10274","0","true"
"Specification-HighNoiseModerateRiskAversion__Cost-4__Fee-British","1","60","0","P","2","9","P Files","P Liability Signal: 6","6","0.11357","false","1000.10274","1000.10274","2","No","0","1000.0000106030999","0.10272939690014482","false"
"Specification-HighNoiseModerateRiskAversion__Cost-4__Fee-British","1","61","0","P","5","20","P Abandons","P Liability Signal: 6;P Files: 1;D Answers: 1","6,1,1","0","true","","","1","Yes","1","","",""
"Specification-HighNoiseModerateRiskAversion__Cost-4__Fee-British","1","61","0","P","5","20","P Abandons","P Liability Signal: 6;P Files: 1;D Answers: 1","6,1,1","0","true","","","2","No","0","","",""
"Specification-HighNoiseModerateRiskAversion__Cost-4__Fee-British","1","62","0","P","7","14","P Offer","P Liability Signal: 6;P Files: 1;D Answers: 1;P Abandons: 1","6,1,1,1","0","true","","","1","0.05","0","","",""
"Specification-HighNoiseModerateRiskAversion__Cost-4__Fee-British","1","62","0","P","7","14","P Offer","P Liability Signal: 6;P Files: 1;D Answers: 1;P Abandons: 1","6,1,1,1","0","true","","","2","0.15","0","","",""
"Specification-HighNoiseModerateRiskAversion__Cost-4__Fee-British","1","62","0","P","7","14","P Offer","P Liability Signal: 6;P Files: 1;D Answers: 1;P Abandons: 1","6,1,1,1","0","true","","","3","0.25","0","","",""
"Specification-HighNoiseModerateRiskAversion__Cost-4__Fee-British","1","62","0","P","7","14","P Offer","P Liability Signal: 6;P Files: 1;D Answers: 1;P Abandons: 1","6,1,1,1","0","true","","","4","0.35","1","","",""
"Specification-HighNoiseModerateRiskAversion__Cost-4__Fee-British","1","62","0","P","7","14","P Offer","P Liability Signal: 6;P Files: 1;D Answers: 1;P Abandons: 1","6,1,1,1","0","true","","","5","0.45","0","","",""
"Specification-HighNoiseModerateRiskAversion__Cost-4__Fee-British","1","62","0","P","7","14","P Offer","P Liability Signal: 6;P Files: 1;D Answers: 1;P Abandons: 1","6,1,1,1","0","true","","","6","0.55","0","","",""
"Specification-HighNoiseModerateRiskAversion__Cost-4__Fee-British","1","62","0","P","7","14","P Offer","P Liability Signal: 6;P Files: 1;D Answers: 1;P Abandons: 1","6,1,1,1","0","true","","","7","0.65","0","","",""
"Specification-HighNoiseModerateRiskAversion__Cost-4__Fee-British","1","62","0","P","7","14","P Offer","P Liability Signal: 6;P Files: 1;D Answers: 1;P Abandons: 1","6,1,1,1","0","true","","","8","0.75","0","","",""
"Specification-HighNoiseModerateRiskAversion__Cost-4__Fee-British","1","62","0","P","7","14","P Offer","P Liability Signal: 6;P Files: 1;D Answers: 1;P Abandons: 1","6,1,1,1","0","true","","","9","0.85","0","","",""
"Specification-HighNoiseModerateRiskAversion__Cost-4__Fee-British","1","62","0","P","7","14","P Offer","P Liability Signal: 6;P Files: 1;D Answers: 1;P Abandons: 1","6,1,1,1","0","true","","","10","0.95","0","","",""
"Specification-HighNoiseModerateRiskAversion__Cost-4__Fee-British","1","63","0","P","7","14","P Offer","P Liability Signal: 6;P Files: 1;D Answers: 1;P Abandons: 2","6,1,1,2","0","true","","","1","0.05","0.10000000000000001","","",""
"Specification-HighNoiseModerateRiskAversion__Cost-4__Fee-British","1","63","0","P","7","14","P Offer","P Liability Signal: 6;P Files: 1;D Answers: 1;P Abandons: 2","6,1,1,2","0","true","","","2","0.15","0.10000000000000001","","",""
"Specification-HighNoiseModerateRiskAversion__Cost-4__Fee-British","1","63","0","P","7","14","P Offer","P Liability Signal: 6;P Files: 1;D Answers: 1;P Abandons: 2","6,1,1,2","0","true","","","3","0.25","0.10000000000000001","","",""
"Specification-HighNoiseModerateRiskAversion__Cost-4__Fee-British","1","63","0","P","7","14","P Offer","P Liability Signal: 6;P Files: 1;D Answers: 1;P Abandons: 2","6,1,1,2","0","true","","","4","0.35","0.10000000000000001","","",""
"Specification-HighNoiseModerateRiskAversion__Cost-4__Fee-British","1","63","0","P","7","14","P Offer","P Liability Signal: 6;P Files: 1;D Answers: 1;P Abandons: 2","6,1,1,2","0","true","","","5","0.45","0.10000000000000001","","",""
"Specification-HighNoiseModerateRiskAversion__Cost-4__Fee-British","1","63","0","P","7","14","P Offer","P Liability Signal: 6;P Files: 1;D Answers: 1;P Abandons: 2","6,1,1,2","0","true","","","6","0.55","0.10000000000000001","","",""
"Specification-HighNoiseModerateRiskAversion__Cost-4__Fee-British","1","63","0","P","7","14","P Offer","P Liability Signal: 6;P Files: 1;D Answers: 1;P Abandons: 2","6,1,1,2","0","true","","","7","0.65","0.10000000000000001","","",""
"Specification-HighNoiseModerateRiskAversion__Cost-4__Fee-British","1","63","0","P","7","14","P Offer","P Liability Signal: 6;P Files: 1;D Answers: 1;P Abandons: 2","6,1,1,2","0","true","","","8","0.75","0.10000000000000001","","",""
"Specification-HighNoiseModerateRiskAversion__Cost-4__Fee-British","1","63","0","P","7","14","P Offer","P Liability Signal: 6;P Files: 1;D Answers: 1;P Abandons: 2","6,1,1,2","0","true","","","9","0.85","0.10000000000000001","","",""
"Specification-HighNoiseModerateRiskAversion__Cost-4__Fee-British","1","63","0","P","7","14","P Offer","P Liability Signal: 6;P Files: 1;D Answers: 1;P Abandons: 2","6,1,1,2","0","true","","","10","0.95","0.10000000000000001","","",""
"Specification-HighNoiseModerateRiskAversion__Cost-4__Fee-British","1","64","0","P","2","9","P Files","P Liability Signal: 7","7","0.10990999999999997","false","1000.1027400000002","1000.1027400000002","1","Yes","1","1000.1027400000002","0","true"
"Specification-HighNoiseModerateRiskAversion__Cost-4__Fee-British","1","64","0","P","2","9","P Files","P Liability Signal: 7","7","0.10990999999999997","false","1000.1027400000002","1000.1027400000002","2","No","0","1000.0000106031002","0.10272939689991745","false"
"Specification-HighNoiseModerateRiskAversion__Cost-4__Fee-British","1","65","0","P","5","20","P Abandons","P Liability Signal: 7;P Files: 1;D Answers: 1","7,1,1","0","true","","","1","Yes","1","","",""
"Specification-HighNoiseModerateRiskAversion__Cost-4__Fee-British","1","65","0","P","5","20","P Abandons","P Liability Signal: 7;P Files: 1;D Answers: 1","7,1,1","0","true","","","2","No","0","","",""
"Specification-HighNoiseModerateRiskAversion__Cost-4__Fee-British","1","66","0","P","7","14","P Offer","P Liability Signal: 7;P Files: 1;D Answers: 1;P Abandons: 1","7,1,1,1","0","true","","","1","0.05","0","","",""
"Specification-HighNoiseModerateRiskAversion__Cost-4__Fee-British","1","66","0","P","7","14","P Offer","P Liability Signal: 7;P Files: 1;D Answers: 1;P Abandons: 1","7,1,1,1","0","true","","","2","0.15","0","","",""
"Specification-HighNoiseModerateRiskAversion__Cost-4__Fee-British","1","66","0","P","7","14","P Offer","P Liability Signal: 7;P Files: 1;D Answers: 1;P Abandons: 1","7,1,1,1","0","true","","","3","0.25","0","","",""
"Specification-HighNoiseModerateRiskAversion__Cost-4__Fee-British","1","66","0","P","7","14","P Offer","P Liability Signal: 7;P Files: 1;D Answers: 1;P Abandons: 1","7,1,1,1","0","true","","","4","0.35","1","","",""
"Specification-HighNoiseModerateRiskAversion__Cost-4__Fee-British","1","66","0","P","7","14","P Offer","P Liability Signal: 7;P Files: 1;D Answers: 1;P Abandons: 1","7,1,1,1","0","true","","","5","0.45","0","","",""
"Specification-HighNoiseModerateRiskAversion__Cost-4__Fee-British","1","66","0","P","7","14","P Offer","P Liability Signal: 7;P Files: 1;D Answers: 1;P Abandons: 1","7,1,1,1","0","true","","","6","0.55","0","","",""
"Specification-HighNoiseModerateRiskAversion__Cost-4__Fee-British","1","66","0","P","7","14","P Offer","P Liability Signal: 7;P Files: 1;D Answers: 1;P Abandons: 1","7,1,1,1","0","true","","","7","0.65","0","","",""
"Specification-HighNoiseModerateRiskAversion__Cost-4__Fee-British","1","66","0","P","7","14","P Offer","P Liability Signal: 7;P Files: 1;D Answers: 1;P Abandons: 1","7,1,1,1","0","true","","","8","0.75","0","","",""
"Specification-HighNoiseModerateRiskAversion__Cost-4__Fee-British","1","66","0","P","7","14","P Offer","P Liability Signal: 7;P Files: 1;D Answers: 1;P Abandons: 1","7,1,1,1","0","true","","","9","0.85","0","","",""
"Specification-HighNoiseModerateRiskAversion__Cost-4__Fee-British","1","66","0","P","7","14","P Offer","P Liability Signal: 7;P Files: 1;D Answers: 1;P Abandons: 1","7,1,1,1","0","true","","","10","0.95","0","","",""
"Specification-HighNoiseModerateRiskAversion__Cost-4__Fee-British","1","67","0","P","7","14","P Offer","P Liability Signal: 7;P Files: 1;D Answers: 1;P Abandons: 2","7,1,1,2","0","true","","","1","0.05","0.10000000000000001","","",""
"Specification-HighNoiseModerateRiskAversion__Cost-4__Fee-British","1","67","0","P","7","14","P Offer","P Liability Signal: 7;P Files: 1;D Answers: 1;P Abandons: 2","7,1,1,2","0","true","","","2","0.15","0.10000000000000001","","",""
"Specification-HighNoiseModerateRiskAversion__Cost-4__Fee-British","1","67","0","P","7","14","P Offer","P Liability Signal: 7;P Files: 1;D Answers: 1;P Abandons: 2","7,1,1,2","0","true","","","3","0.25","0.10000000000000001","","",""
"Specification-HighNoiseModerateRiskAversion__Cost-4__Fee-British","1","67","0","P","7","14","P Offer","P Liability Signal: 7;P Files: 1;D Answers: 1;P Abandons: 2","7,1,1,2","0","true","","","4","0.35","0.10000000000000001","","",""
"Specification-HighNoiseModerateRiskAversion__Cost-4__Fee-British","1","67","0","P","7","14","P Offer","P Liability Signal: 7;P Files: 1;D Answers: 1;P Abandons: 2","7,1,1,2","0","true","","","5","0.45","0.10000000000000001","","",""
"Specification-HighNoiseModerateRiskAversion__Cost-4__Fee-British","1","67","0","P","7","14","P Offer","P Liability Signal: 7;P Files: 1;D Answers: 1;P Abandons: 2","7,1,1,2","0","true","","","6","0.55","0.10000000000000001","","",""
"Specification-HighNoiseModerateRiskAversion__Cost-4__Fee-British","1","67","0","P","7","14","P Offer","P Liability Signal: 7;P Files: 1;D Answers: 1;P Abandons: 2","7,1,1,2","0","true","","","7","0.65","0.10000000000000001","","",""
"Specification-HighNoiseModerateRiskAversion__Cost-4__Fee-British","1","67","0","P","7","14","P Offer","P Liability Signal: 7;P Files: 1;D Answers: 1;P Abandons: 2","7,1,1,2","0","true","","","8","0.75","0.10000000000000001","","",""
"Specification-HighNoiseModerateRiskAversion__Cost-4__Fee-British","1","67","0","P","7","14","P Offer","P Liability Signal: 7;P Files: 1;D Answers: 1;P Abandons: 2","7,1,1,2","0","true","","","9","0.85","0.10000000000000001","","",""
"Specification-HighNoiseModerateRiskAversion__Cost-4__Fee-British","1","67","0","P","7","14","P Offer","P Liability Signal: 7;P Files: 1;D Answers: 1;P Abandons: 2","7,1,1,2","0","true","","","10","0.95","0.10000000000000001","","",""
"Specification-HighNoiseModerateRiskAversion__Cost-4__Fee-British","1","68","0","P","2","9","P Files","P Liability Signal: 8","8","0.10285","false","1000.10274","1000.10274","1","Yes","1","1000.10274","0","true"
"Specification-HighNoiseModerateRiskAversion__Cost-4__Fee-British","1","68","0","P","2","9","P Files","P Liability Signal: 8","8","0.10285","false","1000.10274","1000.10274","2","No","0","1000.0000106030999","0.10272939690014482","false"
"Specification-HighNoiseModerateRiskAversion__Cost-4__Fee-British","1","69","0","P","5","20","P Abandons","P Liability Signal: 8;P Files: 1;D Answers: 1","8,1,1","0","true","","","1","Yes","1","","",""
"Specification-HighNoiseModerateRiskAversion__Cost-4__Fee-British","1","69","0","P","5","20","P Abandons","P Liability Signal: 8;P Files: 1;D Answers: 1","8,1,1","0","true","","","2","No","0","","",""
"Specification-HighNoiseModerateRiskAversion__Cost-4__Fee-British","1","70","0","P","7","14","P Offer","P Liability Signal: 8;P Files: 1;D Answers: 1;P Abandons: 1","8,1,1,1","0","true","","","1","0.05","0","","",""
"Specification-HighNoiseModerateRiskAversion__Cost-4__Fee-British","1","70","0","P","7","14","P Offer","P Liability Signal: 8;P Files: 1;D Answers: 1;P Abandons: 1","8,1,1,1","0","true","","","2","0.15","0","","",""
"Specification-HighNoiseModerateRiskAversion__Cost-4__Fee-British","1","70","0","P","7","14","P Offer","P Liability Signal: 8;P Files: 1;D Answers: 1;P Abandons: 1","8,1,1,1","0","true","","","3","0.25","0","","",""
"Specification-HighNoiseModerateRiskAversion__Cost-4__Fee-British","1","70","0","P","7","14","P Offer","P Liability Signal: 8;P Files: 1;D Answers: 1;P Abandons: 1","8,1,1,1","0","true","","","4","0.35","1","","",""
"Specification-HighNoiseModerateRiskAversion__Cost-4__Fee-British","1","70","0","P","7","14","P Offer","P Liability Signal: 8;P Files: 1;D Answers: 1;P Abandons: 1","8,1,1,1","0","true","","","5","0.45","0","","",""
"Specification-HighNoiseModerateRiskAversion__Cost-4__Fee-British","1","70","0","P","7","14","P Offer","P Liability Signal: 8;P Files: 1;D Answers: 1;P Abandons: 1","8,1,1,1","0","true","","","6","0.55","0","","",""
"Specification-HighNoiseModerateRiskAversion__Cost-4__Fee-British","1","70","0","P","7","14","P Offer","P Liability Signal: 8;P Files: 1;D Answers: 1;P Abandons: 1","8,1,1,1","0","true","","","7","0.65","0","","",""
"Specification-HighNoiseModerateRiskAversion__Cost-4__Fee-British","1","70","0","P","7","14","P Offer","P Liability Signal: 8;P Files: 1;D Answers: 1;P Abandons: 1","8,1,1,1","0","true","","","8","0.75","0","","",""
"Specification-HighNoiseModerateRiskAversion__Cost-4__Fee-British","1","70","0","P","7","14","P Offer","P Liability Signal: 8;P Files: 1;D Answers: 1;P Abandons: 1","8,1,1,1","0","true","","","9","0.85","0","","",""
"Specification-HighNoiseModerateRiskAversion__Cost-4__Fee-British","1","70","0","P","7","14","P Offer","P Liability Signal: 8;P Files: 1;D Answers: 1;P Abandons: 1","8,1,1,1","0","true","","","10","0.95","0","","",""
"Specification-HighNoiseModerateRiskAversion__Cost-4__Fee-British","1","71","0","P","7","14","P Offer","P Liability Signal: 8;P Files: 1;D Answers: 1;P Abandons: 2","8,1,1,2","0","true","","","1","0.05","0.10000000000000001","","",""
"Specification-HighNoiseModerateRiskAversion__Cost-4__Fee-British","1","71","0","P","7","14","P Offer","P Liability Signal: 8;P Files: 1;D Answers: 1;P Abandons: 2","8,1,1,2","0","true","","","2","0.15","0.10000000000000001","","",""
"Specification-HighNoiseModerateRiskAversion__Cost-4__Fee-British","1","71","0","P","7","14","P Offer","P Liability Signal: 8;P Files: 1;D Answers: 1;P Abandons: 2","8,1,1,2","0","true","","","3","0.25","0.10000000000000001","","",""
"Specification-HighNoiseModerateRiskAversion__Cost-4__Fee-British","1","71","0","P","7","14","P Offer","P Liability Signal: 8;P Files: 1;D Answers: 1;P Abandons: 2","8,1,1,2","0","true","","","4","0.35","0.10000000000000001","","",""
"Specification-HighNoiseModerateRiskAversion__Cost-4__Fee-British","1","71","0","P","7","14","P Offer","P Liability Signal: 8;P Files: 1;D Answers: 1;P Abandons: 2","8,1,1,2","0","true","","","5","0.45","0.10000000000000001","","",""
"Specification-HighNoiseModerateRiskAversion__Cost-4__Fee-British","1","71","0","P","7","14","P Offer","P Liability Signal: 8;P Files: 1;D Answers: 1;P Abandons: 2","8,1,1,2","0","true","","","6","0.55","0.10000000000000001","","",""
"Specification-HighNoiseModerateRiskAversion__Cost-4__Fee-British","1","71","0","P","7","14","P Offer","P Liability Signal: 8;P Files: 1;D Answers: 1;P Abandons: 2","8,1,1,2","0","true","","","7","0.65","0.10000000000000001","","",""
"Specification-HighNoiseModerateRiskAversion__Cost-4__Fee-British","1","71","0","P","7","14","P Offer","P Liability Signal: 8;P Files: 1;D Answers: 1;P Abandons: 2","8,1,1,2","0","true","","","8","0.75","0.10000000000000001","","",""
"Specification-HighNoiseModerateRiskAversion__Cost-4__Fee-British","1","71","0","P","7","14","P Offer","P Liability Signal: 8;P Files: 1;D Answers: 1;P Abandons: 2","8,1,1,2","0","true","","","9","0.85","0.10000000000000001","","",""
"Specification-HighNoiseModerateRiskAversion__Cost-4__Fee-British","1","71","0","P","7","14","P Offer","P Liability Signal: 8;P Files: 1;D Answers: 1;P Abandons: 2","8,1,1,2","0","true","","","10","0.95","0.10000000000000001","","",""
"Specification-HighNoiseModerateRiskAversion__Cost-4__Fee-British","1","72","0","P","2","9","P Files","P Liability Signal: 9","9","0.09289","false","1000.1027400000002","1000.1027400000002","1","Yes","1","1000.1027400000002","0","true"
"Specification-HighNoiseModerateRiskAversion__Cost-4__Fee-British","1","72","0","P","2","9","P Files","P Liability Signal: 9","9","0.09289","false","1000.1027400000002","1000.1027400000002","2","No","0","1000.0000106031001","0.10272939690003113","false"
"Specification-HighNoiseModerateRiskAversion__Cost-4__Fee-British","1","73","0","P","5","20","P Abandons","P Liability Signal: 9;P Files: 1;D Answers: 1","9,1,1","0","true","","","1","Yes","1","","",""
"Specification-HighNoiseModerateRiskAversion__Cost-4__Fee-British","1","73","0","P","5","20","P Abandons","P Liability Signal: 9;P Files: 1;D Answers: 1","9,1,1","0","true","","","2","No","0","","",""
"Specification-HighNoiseModerateRiskAversion__Cost-4__Fee-British","1","74","0","P","7","14","P Offer","P Liability Signal: 9;P Files: 1;D Answers: 1;P Abandons: 1","9,1,1,1","0","true","","","1","0.05","0","","",""
"Specification-HighNoiseModerateRiskAversion__Cost-4__Fee-British","1","74","0","P","7","14","P Offer","P Liability Signal: 9;P Files: 1;D Answers: 1;P Abandons: 1","9,1,1,1","0","true","","","2","0.15","0","","",""
"Specification-HighNoiseModerateRiskAversion__Cost-4__Fee-British","1","74","0","P","7","14","P Offer","P Liability Signal: 9;P Files: 1;D Answers: 1;P Abandons: 1","9,1,1,1","0","true","","","3","0.25","0","","",""
"Specification-HighNoiseModerateRiskAversion__Cost-4__Fee-British","1","74","0","P","7","14","P Offer","P Liability Signal: 9;P Files: 1;D Answers: 1;P Abandons: 1","9,1,1,1","0","true","","","4","0.35","1","","",""
"Specification-HighNoiseModerateRiskAversion__Cost-4__Fee-British","1","74","0","P","7","14","P Offer","P Liability Signal: 9;P Files: 1;D Answers: 1;P Abandons: 1","9,1,1,1","0","true","","","5","0.45","0","","",""
"Specification-HighNoiseModerateRiskAversion__Cost-4__Fee-British","1","74","0","P","7","14","P Offer","P Liability Signal: 9;P Files: 1;D Answers: 1;P Abandons: 1","9,1,1,1","0","true","","","6","0.55","0","","",""
"Specification-HighNoiseModerateRiskAversion__Cost-4__Fee-British","1","74","0","P","7","14","P Offer","P Liability Signal: 9;P Files: 1;D Answers: 1;P Abandons: 1","9,1,1,1","0","true","","","7","0.65","0","","",""
"Specification-HighNoiseModerateRiskAversion__Cost-4__Fee-British","1","74","0","P","7","14","P Offer","P Liability Signal: 9;P Files: 1;D Answers: 1;P Abandons: 1","9,1,1,1","0","true","","","8","0.75","0","","",""
"Specification-HighNoiseModerateRiskAversion__Cost-4__Fee-British","1","74","0","P","7","14","P Offer","P Liability Signal: 9;P Files: 1;D Answers: 1;P Abandons: 1","9,1,1,1","0","true","","","9","0.85","0","","",""
"Specification-HighNoiseModerateRiskAversion__Cost-4__Fee-British","1","74","0","P","7","14","P Offer","P Liability Signal: 9;P Files: 1;D Answers: 1;P Abandons: 1","9,1,1,1","0","true","","","10","0.95","0","","",""
"Specification-HighNoiseModerateRiskAversion__Cost-4__Fee-British","1","75","0","P","7","14","P Offer","P Liability Signal: 9;P Files: 1;D Answers: 1;P Abandons: 2","9,1,1,2","0","true","","","1","0.05","0.10000000000000001","","",""
"Specification-HighNoiseModerateRiskAversion__Cost-4__Fee-British","1","75","0","P","7","14","P Offer","P Liability Signal: 9;P Files: 1;D Answers: 1;P Abandons: 2","9,1,1,2","0","true","","","2","0.15","0.10000000000000001","","",""
"Specification-HighNoiseModerateRiskAversion__Cost-4__Fee-British","1","75","0","P","7","14","P Offer","P Liability Signal: 9;P Files: 1;D Answers: 1;P Abandons: 2","9,1,1,2","0","true","","","3","0.25","0.10000000000000001","","",""
"Specification-HighNoiseModerateRiskAversion__Cost-4__Fee-British","1","75","0","P","7","14","P Offer","P Liability Signal: 9;P Files: 1;D Answers: 1;P Abandons: 2","9,1,1,2","0","true","","","4","0.35","0.10000000000000001","","",""
"Specification-HighNoiseModerateRiskAversion__Cost-4__Fee-British","1","75","0","P","7","14","P Offer","P Liability Signal: 9;P Files: 1;D Answers: 1;P Abandons: 2","9,1,1,2","0","true","","","5","0.45","0.10000000000000001","","",""
"Specification-HighNoiseModerateRiskAversion__Cost-4__Fee-British","1","75","0","P","7","14","P Offer","P Liability Signal: 9;P Files: 1;D Answers: 1;P Abandons: 2","9,1,1,2","0","true","","","6","0.55","0.10000000000000001","","",""
"Specification-HighNoiseModerateRiskAversion__Cost-4__Fee-British","1","75","0","P","7","14","P Offer","P Liability Signal: 9;P Files: 1;D Answers: 1;P Abandons: 2","9,1,1,2","0","true","","","7","0.65","0.10000000000000001","","",""
"Specification-HighNoiseModerateRiskAversion__Cost-4__Fee-British","1","75","0","P","7","14","P Offer","P Liability Signal: 9;P Files: 1;D Answers: 1;P Abandons: 2","9,1,1,2","0","true","","","8","0.75","0.10000000000000001","","",""
"Specification-HighNoiseModerateRiskAversion__Cost-4__Fee-British","1","75","0","P","7","14","P Offer","P Liability Signal: 9;P Files: 1;D Answers: 1;P Abandons: 2","9,1,1,2","0","true","","","9","0.85","0.10000000000000001","","",""
"Specification-HighNoiseModerateRiskAversion__Cost-4__Fee-British","1","75","0","P","7","14","P Offer","P Liability Signal: 9;P Files: 1;D Answers: 1;P Abandons: 2","9,1,1,2","0","true","","","10","0.95","0.10000000000000001","","",""
"Specification-HighNoiseModerateRiskAversion__Cost-4__Fee-British","1","76","0","P","2","9","P Files","P Liability Signal: 10","10","0.080769999999999995","false","1000.1027399999999","1000.1027399999999","1","Yes","1","1000.1027399999999","0","true"
"Specification-HighNoiseModerateRiskAversion__Cost-4__Fee-British","1","76","0","P","2","9","P Files","P Liability Signal: 10","10","0.080769999999999995","false","1000.1027399999999","1000.1027399999999","2","No","0","1000.0000106031","0.10272939689991745","false"
"Specification-HighNoiseModerateRiskAversion__Cost-4__Fee-British","1","77","0","P","5","20","P Abandons","P Liability Signal: 10;P Files: 1;D Answers: 1","10,1,1","0","true","","","1","Yes","0.86096506794503269","","",""
"Specification-HighNoiseModerateRiskAversion__Cost-4__Fee-British","1","77","0","P","5","20","P Abandons","P Liability Signal: 10;P Files: 1;D Answers: 1","10,1,1","0","true","","","2","No","0.13903493205496736","","",""
"Specification-HighNoiseModerateRiskAversion__Cost-4__Fee-British","1","78","0","P","7","14","P Offer","P Liability Signal: 10;P Files: 1;D Answers: 1;P Abandons: 1","10,1,1,1","0","true","","","1","0.05","0","","",""
"Specification-HighNoiseModerateRiskAversion__Cost-4__Fee-British","1","78","0","P","7","14","P Offer","P Liability Signal: 10;P Files: 1;D Answers: 1;P Abandons: 1","10,1,1,1","0","true","","","2","0.15","0","","",""
"Specification-HighNoiseModerateRiskAversion__Cost-4__Fee-British","1","78","0","P","7","14","P Offer","P Liability Signal: 10;P Files: 1;D Answers: 1;P Abandons: 1","10,1,1,1","0","true","","","3","0.25","0","","",""
"Specification-HighNoiseModerateRiskAversion__Cost-4__Fee-British","1","78","0","P","7","14","P Offer","P Liability Signal: 10;P Files: 1;D Answers: 1;P Abandons: 1","10,1,1,1","0","true","","","4","0.35","1","","",""
"Specification-HighNoiseModerateRiskAversion__Cost-4__Fee-British","1","78","0","P","7","14","P Offer","P Liability Signal: 10;P Files: 1;D Answers: 1;P Abandons: 1","10,1,1,1","0","true","","","5","0.45","0","","",""
"Specification-HighNoiseModerateRiskAversion__Cost-4__Fee-British","1","78","0","P","7","14","P Offer","P Liability Signal: 10;P Files: 1;D Answers: 1;P Abandons: 1","10,1,1,1","0","true","","","6","0.55","0","","",""
"Specification-HighNoiseModerateRiskAversion__Cost-4__Fee-British","1","78","0","P","7","14","P Offer","P Liability Signal: 10;P Files: 1;D Answers: 1;P Abandons: 1","10,1,1,1","0","true","","","7","0.65","0","","",""
"Specification-HighNoiseModerateRiskAversion__Cost-4__Fee-British","1","78","0","P","7","14","P Offer","P Liability Signal: 10;P Files: 1;D Answers: 1;P Abandons: 1","10,1,1,1","0","true","","","8","0.75","0","","",""
"Specification-HighNoiseModerateRiskAversion__Cost-4__Fee-British","1","78","0","P","7","14","P Offer","P Liability Signal: 10;P Files: 1;D Answers: 1;P Abandons: 1","10,1,1,1","0","true","","","9","0.85","0","","",""
"Specification-HighNoiseModerateRiskAversion__Cost-4__Fee-British","1","78","0","P","7","14","P Offer","P Liability Signal: 10;P Files: 1;D Answers: 1;P Abandons: 1","10,1,1,1","0","true","","","10","0.95","0","","",""
"Specification-HighNoiseModerateRiskAversion__Cost-4__Fee-British","1","79","0","P","7","14","P Offer","P Liability Signal: 10;P Files: 1;D Answers: 1;P Abandons: 2","10,1,1,2","0","true","","","1","0.05","0","","",""
"Specification-HighNoiseModerateRiskAversion__Cost-4__Fee-British","1","79","0","P","7","14","P Offer","P Liability Signal: 10;P Files: 1;D Answers: 1;P Abandons: 2","10,1,1,2","0","true","","","2","0.15","0","","",""
"Specification-HighNoiseModerateRiskAversion__Cost-4__Fee-British","1","79","0","P","7","14","P Offer","P Liability Signal: 10;P Files: 1;D Answers: 1;P Abandons: 2","10,1,1,2","0","true","","","3","0.25","0","","",""
"Specification-HighNoiseModerateRiskAversion__Cost-4__Fee-British","1","79","0","P","7","14","P Offer","P Liability Signal: 10;P Files: 1;D Answers: 1;P Abandons: 2","10,1,1,2","0","true","","","4","0.35","0","","",""
"Specification-HighNoiseModerateRiskAversion__Cost-4__Fee-British","1","79","0","P","7","14","P Offer","P Liability Signal: 10;P Files: 1;D Answers: 1;P Abandons: 2","10,1,1,2","0","true","","","5","0.45","1","","",""
"Specification-HighNoiseModerateRiskAversion__Cost-4__Fee-British","1","79","0","P","7","14","P Offer","P Liability Signal: 10;P Files: 1;D Answers: 1;P Abandons: 2","10,1,1,2","0","true","","","6","0.55","0","","",""
"Specification-HighNoiseModerateRiskAversion__Cost-4__Fee-British","1","79","0","P","7","14","P Offer","P Liability Signal: 10;P Files: 1;D Answers: 1;P Abandons: 2","10,1,1,2","0","true","","","7","0.65","0","","",""
"Specification-HighNoiseModerateRiskAversion__Cost-4__Fee-British","1","79","0","P","7","14","P Offer","P Liability Signal: 10;P Files: 1;D Answers: 1;P Abandons: 2","10,1,1,2","0","true","","","8","0.75","0","","",""
"Specification-HighNoiseModerateRiskAversion__Cost-4__Fee-British","1","79","0","P","7","14","P Offer","P Liability Signal: 10;P Files: 1;D Answers: 1;P Abandons: 2","10,1,1,2","0","true","","","9","0.85","0","","",""
"Specification-HighNoiseModerateRiskAversion__Cost-4__Fee-British","1","79","0","P","7","14","P Offer","P Liability Signal: 10;P Files: 1;D Answers: 1;P Abandons: 2","10,1,1,2","0","true","","","10","0.95","0","","",""
"Specification-HighNoiseModerateRiskAversion__Cost-4__Fee-British","1","1","1","D","3","10","D Answers","D Liability Signal: 1;P Files: 1","1,1","0.080788418399999992","false","998.80824226800007","998.80824226800007","1","Yes","0","997.98589941082867","0.82234285717140665","false"
"Specification-HighNoiseModerateRiskAversion__Cost-4__Fee-British","1","1","1","D","3","10","D Answers","D Liability Signal: 1;P Files: 1","1,1","0.080788418399999992","false","998.80824226800007","998.80824226800007","2","No","1","998.80824226800007","0","true"
"Specification-HighNoiseModerateRiskAversion__Cost-4__Fee-British","1","3","1","D","6","21","D Defaults","D Liability Signal: 1;P Files: 1;D Answers: 1","1,1,1","0","true","","","1","Yes","0.5","","",""
"Specification-HighNoiseModerateRiskAversion__Cost-4__Fee-British","1","3","1","D","6","21","D Defaults","D Liability Signal: 1;P Files: 1;D Answers: 1","1,1,1","0","true","","","2","No","0.5","","",""
"Specification-HighNoiseModerateRiskAversion__Cost-4__Fee-British","1","5","1","D","8","15","D Offer","D Liability Signal: 1;P Files: 1;D Answers: 1;D Defaults: 1","1,1,1,1","0","true","","","1","0.05","0.10000000000000001","","",""
"Specification-HighNoiseModerateRiskAversion__Cost-4__Fee-British","1","5","1","D","8","15","D Offer","D Liability Signal: 1;P Files: 1;D Answers: 1;D Defaults: 1","1,1,1,1","0","true","","","2","0.15","0.10000000000000001","","",""
"Specification-HighNoiseModerateRiskAversion__Cost-4__Fee-British","1","5","1","D","8","15","D Offer","D Liability Signal: 1;P Files: 1;D Answers: 1;D Defaults: 1","1,1,1,1","0","true","","","3","0.25","0.10000000000000001","","",""
"Specification-HighNoiseModerateRiskAversion__Cost-4__Fee-British","1","5","1","D","8","15","D Offer","D Liability Signal: 1;P Files: 1;D Answers: 1;D Defaults: 1","1,1,1,1","0","true","","","4","0.35","0.10000000000000001","","",""
"Specification-HighNoiseModerateRiskAversion__Cost-4__Fee-British","1","5","1","D","8","15","D Offer","D Liability Signal: 1;P Files: 1;D Answers: 1;D Defaults: 1","1,1,1,1","0","true","","","5","0.45","0.10000000000000001","","",""
"Specification-HighNoiseModerateRiskAversion__Cost-4__Fee-British","1","5","1","D","8","15","D Offer","D Liability Signal: 1;P Files: 1;D Answers: 1;D Defaults: 1","1,1,1,1","0","true","","","6","0.55","0.10000000000000001","","",""
"Specification-HighNoiseModerateRiskAversion__Cost-4__Fee-British","1","5","1","D","8","15","D Offer","D Liability Signal: 1;P Files: 1;D Answers: 1;D Defaults: 1","1,1,1,1","0","true","","","7","0.65","0.10000000000000001","","",""
"Specification-HighNoiseModerateRiskAversion__Cost-4__Fee-British","1","5","1","D","8","15","D Offer","D Liability Signal: 1;P Files: 1;D Answers: 1;D Defaults: 1","1,1,1,1","0","true","","","8","0.75","0.10000000000000001","","",""
"Specification-HighNoiseModerateRiskAversion__Cost-4__Fee-British","1","5","1","D","8","15","D Offer","D Liability Signal: 1;P Files: 1;D Answers: 1;D Defaults: 1","1,1,1,1","0","true","","","9","0.85","0.10000000000000001","","",""
"Specification-HighNoiseModerateRiskAversion__Cost-4__Fee-British","1","5","1","D","8","15","D Offer","D Liability Signal: 1;P Files: 1;D Answers: 1;D Defaults: 1","1,1,1,1","0","true","","","10","0.95","0.10000000000000001","","",""
"Specification-HighNoiseModerateRiskAversion__Cost-4__Fee-British","1","6","1","D","8","15","D Offer","D Liability Signal: 1;P Files: 1;D Answers: 1;D Defaults: 2","1,1,1,2","0","true","","","1","0.05","0.10000000000000001","","",""
"Specification-HighNoiseModerateRiskAversion__Cost-4__Fee-British","1","6","1","D","8","15","D Offer","D Liability Signal: 1;P Files: 1;D Answers: 1;D Defaults: 2","1,1,1,2","0","true","","","2","0.15","0.10000000000000001","","",""
"Specification-HighNoiseModerateRiskAversion__Cost-4__Fee-British","1","6","1","D","8","15","D Offer","D Liability Signal: 1;P Files: 1;D Answers: 1;D Defaults: 2","1,1,1,2","0","true","","","3","0.25","0.10000000000000001","","",""
"Specification-HighNoiseModerateRiskAversion__Cost-4__Fee-British","1","6","1","D","8","15","D Offer","D Liability Signal: 1;P Files: 1;D Answers: 1;D Defaults: 2","1,1,1,2","0","true","","","4","0.35","0.10000000000000001","","",""
"Specification-HighNoiseModerateRiskAversion__Cost-4__Fee-British","1","6","1","D","8","15","D Offer","D Liability Signal: 1;P Files: 1;D Answers: 1;D Defaults: 2","1,1,1,2","0","true","","","5","0.45","0.10000000000000001","","",""
"Specification-HighNoiseModerateRiskAversion__Cost-4__Fee-British","1","6","1","D","8","15","D Offer","D Liability Signal: 1;P Files: 1;D Answers: 1;D Defaults: 2","1,1,1,2","0","true","","","6","0.55","0.10000000000000001","","",""
"Specification-HighNoiseModerateRiskAversion__Cost-4__Fee-British","1","6","1","D","8","15","D Offer","D Liability Signal: 1;P Files: 1;D Answers: 1;D Defaults: 2","1,1,1,2","0","true","","","7","0.65","0.10000000000000001","","",""
"Specification-HighNoiseModerateRiskAversion__Cost-4__Fee-British","1","6","1","D","8","15","D Offer","D Liability Signal: 1;P Files: 1;D Answers: 1;D Defaults: 2","1,1,1,2","0","true","","","8","0.75","0.10000000000000001","","",""
"Specification-HighNoiseModerateRiskAversion__Cost-4__Fee-British","1","6","1","D","8","15","D Offer","D Liability Signal: 1;P Files: 1;D Answers: 1;D Defaults: 2","1,1,1,2","0","true","","","9","0.85","0.10000000000000001","","",""
"Specification-HighNoiseModerateRiskAversion__Cost-4__Fee-British","1","6","1","D","8","15","D Offer","D Liability Signal: 1;P Files: 1;D Answers: 1;D Defaults: 2","1,1,1,2","0","true","","","10","0.95","0.10000000000000001","","",""
"Specification-HighNoiseModerateRiskAversion__Cost-4__Fee-British","1","8","1","D","3","10","D Answers","D Liability Signal: 2;P Files: 1","2,1","0.092886735100000006","false","998.80824226799996","998.80824226799996","1","Yes","0","997.95513771688479","0.85310455111516603","false"
"Specification-HighNoiseModerateRiskAversion__Cost-4__Fee-British","1","8","1","D","3","10","D Answers","D Liability Signal: 2;P Files: 1","2,1","0.092886735100000006","false","998.80824226799996","998.80824226799996","2","No","1","998.80824226799996","0","true"
"Specification-HighNoiseModerateRiskAversion__Cost-4__Fee-British","1","9","1","D","6","21","D Defaults","D Liability Signal: 2;P Files: 1;D Answers: 1","2,1,1","0","true","","","1","Yes","0.5","","",""
"Specification-HighNoiseModerateRiskAversion__Cost-4__Fee-British","1","9","1","D","6","21","D Defaults","D Liability Signal: 2;P Files: 1;D Answers: 1","2,1,1","0","true","","","2","No","0.5","","",""
"Specification-HighNoiseModerateRiskAversion__Cost-4__Fee-British","1","10","1","D","8","15","D Offer","D Liability Signal: 2;P Files: 1;D Answers: 1;D Defaults: 1","2,1,1,1","0","true","","","1","0.05","0.10000000000000001","","",""
"Specification-HighNoiseModerateRiskAversion__Cost-4__Fee-British","1","10","1","D","8","15","D Offer","D Liability Signal: 2;P Files: 1;D Answers: 1;D Defaults: 1","2,1,1,1","0","true","","","2","0.15","0.10000000000000001","","",""
"Specification-HighNoiseModerateRiskAversion__Cost-4__Fee-British","1","10","1","D","8","15","D Offer","D Liability Signal: 2;P Files: 1;D Answers: 1;D Defaults: 1","2,1,1,1","0","true","","","3","0.25","0.10000000000000001","","",""
"Specification-HighNoiseModerateRiskAversion__Cost-4__Fee-British","1","10","1","D","8","15","D Offer","D Liability Signal: 2;P Files: 1;D Answers: 1;D Defaults: 1","2,1,1,1","0","true","","","4","0.35","0.10000000000000001","","",""
"Specification-HighNoiseModerateRiskAversion__Cost-4__Fee-British","1","10","1","D","8","15","D Offer","D Liability Signal: 2;P Files: 1;D Answers: 1;D Defaults: 1","2,1,1,1","0","true","","","5","0.45","0.10000000000000001","","",""
"Specification-HighNoiseModerateRiskAversion__Cost-4__Fee-British","1","10","1","D","8","15","D Offer","D Liability Signal: 2;P Files: 1;D Answers: 1;D Defaults: 1","2,1,1,1","0","true","","","6","0.55","0.10000000000000001","","",""
"Specification-HighNoiseModerateRiskAversion__Cost-4__Fee-British","1","10","1","D","8","15","D Offer","D Liability Signal: 2;P Files: 1;D Answers: 1;D Defaults: 1","2,1,1,1","0","true","","","7","0.65","0.10000000000000001","","",""
"Specification-HighNoiseModerateRiskAversion__Cost-4__Fee-British","1","10","1","D","8","15","D Offer","D Liability Signal: 2;P Files: 1;D Answers: 1;D Defaults: 1","2,1,1,1","0","true","","","8","0.75","0.10000000000000001","","",""
"Specification-HighNoiseModerateRiskAversion__Cost-4__Fee-British","1","10","1","D","8","15","D Offer","D Liability Signal: 2;P Files: 1;D Answers: 1;D Defaults: 1","2,1,1,1","0","true","","","9","0.85","0.10000000000000001","","",""
"Specification-HighNoiseModerateRiskAversion__Cost-4__Fee-British","1","10","1","D","8","15","D Offer","D Liability Signal: 2;P Files: 1;D Answers: 1;D Defaults: 1","2,1,1,1","0","true","","","10","0.95","0.10000000000000001","","",""
"Specification-HighNoiseModerateRiskAversion__Cost-4__Fee-British","1","11","1","D","8","15","D Offer","D Liability Signal: 2;P Files: 1;D Answers: 1;D Defaults: 2","2,1,1,2","0","true","","","1","0.05","0.10000000000000001","","",""
"Specification-HighNoiseModerateRiskAversion__Cost-4__Fee-British","1","11","1","D","8","15","D Offer","D Liability Signal: 2;P Files: 1;D Answers: 1;D Defaults: 2","2,1,1,2","0","true","","","2","0.15","0.10000000000000001","","",""
"Specification-HighNoiseModerateRiskAversion__Cost-4__Fee-British","1","11","1","D","8","15","D Offer","D Liability Signal: 2;P Files: 1;D Answers: 1;D Defaults: 2","2,1,1,2","0","true","","","3","0.25","0.10000000000000001","","",""
"Specification-HighNoiseModerateRiskAversion__Cost-4__Fee-British","1","11","1","D","8","15","D Offer","D Liability Signal: 2;P Files: 1;D Answers: 1;D Defaults: 2","2,1,1,2","0","true","","","4","0.35","0.10000000000000001","","",""
"Specification-HighNoiseModerateRiskAversion__Cost-4__Fee-British","1","11","1","D","8","15","D Offer","D Liability Signal: 2;P Files: 1;D Answers: 1;D Defaults: 2","2,1,1,2","0","true","","","5","0.45","0.10000000000000001","","",""
"Specification-HighNoiseModerateRiskAversion__Cost-4__Fee-British","1","11","1","D","8","15","D Offer","D Liability Signal: 2;P Files: 1;D Answers: 1;D Defaults: 2","2,1,1,2","0","true","","","6","0.55","0.10000000000000001","","",""
"Specification-HighNoiseModerateRiskAversion__Cost-4__Fee-British","1","11","1","D","8","15","D Offer","D Liability Signal: 2;P Files: 1;D Answers: 1;D Defaults: 2","2,1,1,2","0","true","","","7","0.65","0.10000000000000001","","",""
"Specification-HighNoiseModerateRiskAversion__Cost-4__Fee-British","1","11","1","D","8","15","D Offer","D Liability Signal: 2;P Files: 1;D Answers: 1;D Defaults: 2","2,1,1,2","0","true","","","8","0.75","0.10000000000000001","","",""
"Specification-HighNoiseModerateRiskAversion__Cost-4__Fee-British","1","11","1","D","8","15","D Offer","D Liability Signal: 2;P Files: 1;D Answers: 1;D Defaults: 2","2,1,1,2","0","true","","","9","0.85","0.10000000000000001","","",""
"Specification-HighNoiseModerateRiskAversion__Cost-4__Fee-British","1","11","1","D","8","15","D Offer","D Liability Signal: 2;P Files: 1;D Answers: 1;D Defaults: 2","2,1,1,2","0","true","","","10","0.95","0.10000000000000001","","",""
"Specification-HighNoiseModerateRiskAversion__Cost-4__Fee-British","1","12","1","D","3","10","D Answers","D Liability Signal: 3;P Files: 1","3,1","0.1028463392","false","998.80824226799984","998.80824226799984","1","Yes","0","997.92094668890377","0.88729557909607593","false"
"Specification-HighNoiseModerateRiskAversion__Cost-4__Fee-British","1","12","1","D","3","10","D Answers","D Liability Signal: 3;P Files: 1","3,1","0.1028463392","false","998.80824226799984","998.80824226799984","2","No","1","998.80824226799984","0","true"
"Specification-HighNoiseModerateRiskAversion__Cost-4__Fee-British","1","13","1","D","6","21","D Defaults","D Liability Signal: 3;P Files: 1;D Answers: 1","3,1,1","0","true","","","1","Yes","0.5","","",""
"Specification-HighNoiseModerateRiskAversion__Cost-4__Fee-British","1","13","1","D","6","21","D Defaults","D Liability Signal: 3;P Files: 1;D Answers: 1","3,1,1","0","true","","","2","No","0.5","","",""
"Specification-HighNoiseModerateRiskAversion__Cost-4__Fee-British","1","14","1","D","8","15","D Offer","D Liability Signal: 3;P Files: 1;D Answers: 1;D Defaults: 1","3,1,1,1","0","true","","","1","0.05","0.10000000000000001","","",""
"Specification-HighNoiseModerateRiskAversion__Cost-4__Fee-British","1","14","1","D","8","15","D Offer","D Liability Signal: 3;P Files: 1;D Answers: 1;D Defaults: 1","3,1,1,1","0","true","","","2","0.15","0.10000000000000001","","",""
"Specification-HighNoiseModerateRiskAversion__Cost-4__Fee-British","1","14","1","D","8","15","D Offer","D Liability Signal: 3;P Files: 1;D Answers: 1;D Defaults: 1","3,1,1,1","0","true","","","3","0.25","0.10000000000000001","","",""
"Specification-HighNoiseModerateRiskAversion__Cost-4__Fee-British","1","14","1","D","8","15","D Offer","D Liability Signal: 3;P Files: 1;D Answers: 1;D Defaults: 1","3,1,1,1","0","true","","","4","0.35","0.10000000000000001","","",""
"Specification-HighNoiseModerateRiskAversion__Cost-4__Fee-British","1","14","1","D","8","15","D Offer","D Liability Signal: 3;P Files: 1;D Answers: 1;D Defaults: 1","3,1,1,1","0","true","","","5","0.45","0.10000000000000001","","",""
"Specification-HighNoiseModerateRiskAversion__Cost-4__Fee-British","1","14","1","D","8","15","D Offer","D Liability Signal: 3;P Files: 1;D Answers: 1;D Defaults: 1","3,1,1,1","0","true","","","6","0.55","0.10000000000000001","","",""
"Specification-HighNoiseModerateRiskAversion__Cost-4__Fee-British","1","14","1","D","8","15","D Offer","D Liability Signal: 3;P Files: 1;D Answers: 1;D Defaults: 1","3,1,1,1","0","true","","","7","0.65","0.10000000000000001","","",""
"Specification-HighNoiseModerateRiskAversion__Cost-4__Fee-British","1","14","1","D","8","15","D Offer","D Liability Signal: 3;P Files: 1;D Answers: 1;D Defaults: 1","3,1,1,1","0","true","","","8","0.75","0.10000000000000001","","",""
"Specification-HighNoiseModerateRiskAversion__Cost-4__Fee-British","1","14","1","D","8","15","D Offer","D Liability Signal: 3;P Files: 1;D Answers: 1;D Defaults: 1","3,1,1,1","0","true","","","9","0.85","0.10000000000000001","","",""
"Specification-HighNoiseModerateRiskAversion__Cost-4__Fee-British","1","14","1","D","8","15","D Offer","D Liability Signal: 3;P Files: 1;D Answers: 1;D Defaults: 1","3,1,1,1","0","true","","","10","0.95","0.10000000000000001","","",""
"Specification-HighNoiseModerateRiskAversion__Cost-4__Fee-British","1","15","1","D","8","15","D Offer","D Liability Signal: 3;P Files: 1;D Answers: 1;D Defaults: 2","3,1,1,2","0","true","","","1","0.05","0.10000000000000001","","",""
"Specification-HighNoiseModerateRiskAversion__Cost-4__Fee-British","1","15","1","D","8","15","D Offer","D Liability Signal: 3;P Files: 1;D Answers: 1;D Defaults: 2","3,1,1,2","0","true","","","2","0.15","0.10000000000000001","","",""
"Specification-HighNoiseModerateRiskAversion__Cost-4__Fee-British","1","15","1","D","8","15","D Offer","D Liability Signal: 3;P Files: 1;D Answers: 1;D Defaults: 2","3,1,1,2","0","true","","","3","0.25","0.10000000000000001","","",""
"Specification-HighNoiseModerateRiskAversion__Cost-4__Fee-British","1","15","1","D","8","15","D Offer","D Liability Signal: 3;P Files: 1;D Answers: 1;D Defaults: 2","3,1,1,2","0","true","","","4","0.35","0.10000000000000001","","",""
"Specification-HighNoiseModerateRiskAversion__Cost-4__Fee-British","1","15","1","D","8","15","D Offer","D Liability Signal: 3;P Files: 1;D Answers: 1;D Defaults: 2","3,1,1,2","0","true","","","5","0.45","0.10000000000000001","","",""
"Specification-HighNoiseModerateRiskAversion__Cost-4__Fee-British","1","15","1","D","8","15","D Offer","D Liability Signal: 3;P Files: 1;D Answers: 1;D Defaults: 2","3,1,1,2","0","true","","","6","0.55","0.10000000000000001","","",""
"Specification-HighNoiseModerateRiskAversion__Cost-4__Fee-British","1","15","1","D","8","15","D Offer","D Liability Signal: 3;P Files: 1;D Answers: 1;D Defaults: 2","3,1,1,2","0","true","","","7","0.65","0.10000000000000001","","",""
"Specification-HighNoiseModerateRiskAversion__Cost-4__Fee-British","1","15","1","D","8","15","D Offer","D Liability Signal: 3;P Files: 1;D Answers: 1;D Defaults: 2","3,1,1,2","0","true","","","8","0.75","0.10000000000000001","","",""
"Specification-HighNoiseModerateRiskAversion__Cost-4__Fee-British","1","15","1","D","8","15","D Offer","D Liability Signal: 3;P Files: 1;D Answers: 1;D Defaults: 2","3,1,1,2","0","true","","","9","0.85","0.10000000000000001","","",""
"Specification-HighNoiseModerateRiskAversion__Cost-4__Fee-British","1","15","1","D","8","15","D Offer","D Liability Signal: 3;P Files: 1;D Answers: 1;D Defaults: 2","3,1,1,2","0","true","","","10","0.95","0.10000000000000001","","",""
"Specification-HighNoiseModerateRiskAversion__Cost-4__Fee-British","1","16","1","D","3","10","D Answers","D Liability Signal: 4;P Files: 1","4,1","0.10991182690000001","false","998.80824226799984","998.80824226799984","1","Yes","0","997.88385583322736","0.92438643477248661","false"
"Specification-HighNoiseModerateRiskAversion__Cost-4__Fee-British","1","16","1","D","3","10","D Answers","D Liability Signal: 4;P Files: 1","4,1","0.10991182690000001","false","998.80824226799984","998.80824226799984","2","No","1","998.80824226799984","0","true"
"Specification-HighNoiseModerateRiskAversion__Cost-4__Fee-British","1","17","1","D","6","21","D Defaults","D Liability Signal: 4;P Files: 1;D Answers: 1","4,1,1","0","true","","","1","Yes","0.5","","",""
"Specification-HighNoiseModerateRiskAversion__Cost-4__Fee-British","1","17","1","D","6","21","D Defaults","D Liability Signal: 4;P Files: 1;D Answers: 1","4,1,1","0","true","","","2","No","0.5","","",""
"Specification-HighNoiseModerateRiskAversion__Cost-4__Fee-British","1","18","1","D","8","15","D Offer","D Liability Signal: 4;P Files: 1;D Answers: 1;D Defaults: 1","4,1,1,1","0","true","","","1","0.05","0.10000000000000001","","",""
"Specification-HighNoiseModerateRiskAversion__Cost-4__Fee-British","1","18","1","D","8","15","D Offer","D Liability Signal: 4;P Files: 1;D Answers: 1;D Defaults: 1","4,1,1,1","0","true","","","2","0.15","0.10000000000000001","","",""
"Specification-HighNoiseModerateRiskAversion__Cost-4__Fee-British","1","18","1","D","8","15","D Offer","D Liability Signal: 4;P Files: 1;D Answers: 1;D Defaults: 1","4,1,1,1","0","true","","","3","0.25","0.10000000000000001","","",""
"Specification-HighNoiseModerateRiskAversion__Cost-4__Fee-British","1","18","1","D","8","15","D Offer","D Liability Signal: 4;P Files: 1;D Answers: 1;D Defaults: 1","4,1,1,1","0","true","","","4","0.35","0.10000000000000001","","",""
"Specification-HighNoiseModerateRiskAversion__Cost-4__Fee-British","1","18","1","D","8","15","D Offer","D Liability Signal: 4;P Files: 1;D Answers: 1;D Defaults: 1","4,1,1,1","0","true","","","5","0.45","0.10000000000000001","","",""
"Specification-HighNoiseModerateRiskAversion__Cost-4__Fee-British","1","18","1","D","8","15","D Offer","D Liability Signal: 4;P Files: 1;D Answers: 1;D Defaults: 1","4,1,1,1","0","true","","","6","0.55","0.10000000000000001","","",""
"Specification-HighNoiseModerateRiskAversion__Cost-4__Fee-British","1","18","1","D","8","15","D Offer","D Liability Signal: 4;P Files: 1;D Answers: 1;D Defaults: 1","4,1,1,1","0","true","","","7","0.65","0.10000000000000001","","",""
"Specification-HighNoiseModerateRiskAversion__Cost-4__Fee-British","1","18","1","D","8","15","D Offer","D Liability Signal: 4;P Files: 1;D Answers: 1;D Defaults: 1","4,1,1,1","0","true","","","8","0.75","0.10000000000000001","","",""
"Specification-HighNoiseModerateRiskAversion__Cost-4__Fee-British","1","18","1","D","8","15","D Offer","D Liability Signal: 4;P Files: 1;D Answers: 1;D Defaults: 1","4,1,1,1","0","true","","","9","0.85","0.10000000000000001","","",""
"Specification-HighNoiseModerateRiskAversion__Cost-4__Fee-British","1","18","1","D","8","15","D Offer","D Liability Signal: 4;P Files: 1;D Answers: 1;D Defaults: 1","4,1,1,1","0","true","","","10","0.95","0.10000000000000001","","",""
"Specification-HighNoiseModerateRiskAversion__Cost-4__Fee-British","1","19","1","D","8","15","D Offer","D Liability Signal: 4;P Files: 1;D Answers: 1;D Defaults: 2","4,1,1,2","0","true","","","1","0.05","0.10000000000000001","","",""
"Specification-HighNoiseModerateRiskAversion__Cost-4__Fee-British","1","19","1","D","8","15","D Offer","D Liability Signal: 4;P Files: 1;D Answers: 1;D Defaults: 2","4,1,1,2","0","true","","","2","0.15","0.10000000000000001","","",""
"Specification-HighNoiseModerateRiskAversion__Cost-4__Fee-British","1","19","1","D","8","15","D Offer","D Liability Signal: 4;P Files: 1;D Answers: 1;D Defaults: 2","4,1,1,2","0","true","","","3","0.25","0.10000000000000001","","",""
"Specification-HighNoiseModerateRiskAversion__Cost-4__Fee-British","1","19","1","D","8","15","D Offer","D Liability Signal: 4;P Files: 1;D Answers: 1;D Defaults: 2","4,1,1,2","0","true","","","4","0.35","0.10000000000000001","","",""
"Specification-HighNoiseModerateRiskAversion__Cost-4__Fee-British","1","19","1","D","8","15","D Offer","D Liability Signal: 4;P Files: 1;D Answers: 1;D Defaults: 2","4,1,1,2","0","true","","","5","0.45","0.10000000000000001","","",""
"Specification-HighNoiseModerateRiskAversion__Cost-4__Fee-British","1","19","1","D","8","15","D Offer","D Liability Signal: 4;P Files: 1;D Answers: 1;D Defaults: 2","4,1,1,2","0","true","","","6","0.55","0.10000000000000001","","",""
"Specification-HighNoiseModerateRiskAversion__Cost-4__Fee-British","1","19","1","D","8","15","D Offer","D Liability Signal: 4;P Files: 1;D Answers: 1;D Defaults: 2","4,1,1,2","0","true","","","7","0.65","0.10000000000000001","","",""
"Specification-HighNoiseModerateRiskAversion__Cost-4__Fee-British","1","19","1","D","8","15","D Offer","D Liability Signal: 4;P Files: 1;D Answers: 1;D Defaults: 2","4,1,1,2","0","true","","","8","0.75","0.10000000000000001","","",""
"Specification-HighNoiseModerateRiskAversion__Cost-4__Fee-British","1","19","1","D","8","15","D Offer","D Liability Signal: 4;P Files: 1;D Answers: 1;D Defaults: 2","4,1,1,2","0","true","","","9","0.85","0.10000000000000001","","",""
"Specification-HighNoiseModerateRiskAversion__Cost-4__Fee-British","1","19","1","D","8","15","D Offer","D Liability Signal: 4;P Files: 1;D Answers: 1;D Defaults: 2","4,1,1,2","0","true","","","10","0.95","0.10000000000000001","","",""
"Specification-HighNoiseModerateRiskAversion__Cost-4__Fee-British","1","20","1","D","3","10","D Answers","D Liability Signal: 5;P Files: 1","5,1","0.11357025910000002","false","998.80824226799984","998.80824226799984","1","Yes","0","997.84482171632123","0.96342055167860963","false"
"Specification-HighNoiseModerateRiskAversion__Cost-4__Fee-British","1","20","1","D","3","10","D Answers","D Liability Signal: 5;P Files: 1","5,1","0.11357025910000002","false","998.80824226799984","998.80824226799984","2","No","1","998.80824226799984","0","true"
"Specification-HighNoiseModerateRiskAversion__Cost-4__Fee-British","1","21","1","D","6","21","D Defaults","D Liability Signal: 5;P Files: 1;D Answers: 1","5,1,1","0","true","","","1","Yes","0.5","","",""
"Specification-HighNoiseModerateRiskAversion__Cost-4__Fee-British","1","21","1","D","6","21","D Defaults","D Liability Signal: 5;P Files: 1;D Answers: 1","5,1,1","0","true","","","2","No","0.5","","",""
"Specification-HighNoiseModerateRiskAversion__Cost-4__Fee-British","1","22","1","D","8","15","D Offer","D Liability Signal: 5;P Files: 1;D Answers: 1;D Defaults: 1","5,1,1,1","0","true","","","1","0.05","0.10000000000000001","","",""
"Specification-HighNoiseModerateRiskAversion__Cost-4__Fee-British","1","22","1","D","8","15","D Offer","D Liability Signal: 5;P Files: 1;D Answers: 1;D Defaults: 1","5,1,1,1","0","true","","","2","0.15","0.10000000000000001","","",""
"Specification-HighNoiseModerateRiskAversion__Cost-4__Fee-British","1","22","1","D","8","15","D Offer","D Liability Signal: 5;P Files: 1;D Answers: 1;D Defaults: 1","5,1,1,1","0","true","","","3","0.25","0.10000000000000001","","",""
"Specification-HighNoiseModerateRiskAversion__Cost-4__Fee-British","1","22","1","D","8","15","D Offer","D Liability Signal: 5;P Files: 1;D Answers: 1;D Defaults: 1","5,1,1,1","0","true","","","4","0.35","0.10000000000000001","","",""
"Specification-HighNoiseModerateRiskAversion__Cost-4__Fee-British","1","22","1","D","8","15","D Offer","D Liability Signal: 5;P Files: 1;D Answers: 1;D Defaults: 1","5,1,1,1","0","true","","","5","0.45","0.10000000000000001","","",""
"Specification-HighNoiseModerateRiskAversion__Cost-4__Fee-British","1","22","1","D","8","15","D Offer","D Liability Signal: 5;P Files: 1;D Answers: 1;D Defaults: 1","5,1,1,1","0","true","","","6","0.55","0.10000000000000001","","",""
"Specification-HighNoiseModerateRiskAversion__Cost-4__Fee-British","1","22","1","D","8","15","D Offer","D Liability Signal: 5;P Files: 1;D Answers: 1;D Defaults: 1","5,1,1,1","0","true","","","7","0.65","0.10000000000000001","","",""
"Specification-HighNoiseModerateRiskAversion__Cost-4__Fee-British","1","22","1","D","8","15","D Offer","D Liability Signal: 5;P Files: 1;D Answers: 1;D Defaults: 1","5,1,1,1","0","true","","","8","0.75","0.10000000000000001","","",""
"Specification-HighNoiseModerateRiskAversion__Cost-4__Fee-British","1","22","1","D","8","15","D Offer","D Liability Signal: 5;P Files: 1;D Answers: 1;D Defaults: 1","5,1,1,1","0","true","","","9","0.85","0.10000000000000001","","",""
"Specification-HighNoiseModerateRiskAversion__Cost-4__Fee-British","1","22","1","D","8","15","D Offer","D Liability Signal: 5;P Files: 1;D Answers: 1;D Defaults: 1","5,1,1,1","0","true","","","10","0.95","0.10000000000000001","","",""
"Specification-HighNoiseModerateRiskAversion__Cost-4__Fee-British","1","23","1","D","8","15","D Offer","D Liability Signal: 5;P Files: 1;D Answers: 1;D Defaults: 2","5,1,1,2","0","true","","","1","0.05","0.10000000000000001","","",""
"Specification-HighNoiseModerateRiskAversion__Cost-4__Fee-British","1","23","1","D","8","15","D Offer","D Liability Signal: 5;P Files: 1;D Answers: 1;D Defaults: 2","5,1,1,2","0","true","","","2","0.15","0.10000000000000001","","",""
"Specification-HighNoiseModerateRiskAversion__Cost-4__Fee-British","1","23","1","D","8","15","D Offer","D Liability Signal: 5;P Files: 1;D Answers: 1;D Defaults: 2","5,1,1,2","0","true","","","3","0.25","0.10000000000000001","","",""
"Specification-HighNoiseModerateRiskAversion__Cost-4__Fee-British","1","23","1","D","8","15","D Offer","D Liability Signal: 5;P Files: 1;D Answers: 1;D Defaults: 2","5,1,1,2","0","true","","","4","0.35","0.10000000000000001","","",""
"Specification-HighNoiseModerateRiskAversion__Cost-4__Fee-British","1","23","1","D","8","15","D Offer","D Liability Signal: 5;P Files: 1;D Answers: 1;D Defaults: 2","5,1,1,2","0","true","","","5","0.45","0.10000000000000001","","",""
"Specification-HighNoiseModerateRiskAversion__Cost-4__Fee-British","1","23","1","D","8","15","D Offer","D Liability Signal: 5;P Files: 1;D Answers: 1;D Defaults: 2","5,1,1,2","0","true","","","6","0.55","0.10000000000000001","","",""
"Specification-HighNoiseModerateRiskAversion__Cost-4__Fee-British","1","23","1","D","8","15","D Offer","D Liability Signal: 5;P Files: 1;D Answers: 1;D Defaults: 2","5,1,1,2","0","true","","","7","0.65","0.10000000000000001","","",""
"Specification-HighNoiseModerateRiskAversion__Cost-4__Fee-British","1","23","1","D","8","15","D Offer","D Liability Signal: 5;P Files: 1;D Answers: 1;D Defaults: 2","5,1,1,2","0","true","","","8","0.75","0.10000000000000001","","",""
"Specification-HighNoiseModerateRiskAversion__Cost-4__Fee-British","1","23","1","D","8","15","D Offer","D Liability Signal: 5;P Files: 1;D Answers: 1;D Defaults: 2","5,1,1,2","0","true","","","9","0.85","0.10000000000000001","","",""
"Specification-HighNoiseModerateRiskAversion__Cost-4__Fee-British","1","23","1","D","8","15","D Offer","D Liability Signal: 5;P Files: 1;D Answers: 1;D Defaults: 2","5,1,1,2","0","true","","","10","0.95","0.10000000000000001","","",""
"Specification-HighNoiseModerateRiskAversion__Cost-4__Fee-British","1","24","1","D","3","10","D Answers","D Liability Signal: 6;P Files: 1","6,1","0.11357000769999999","false","998.80824226799996","998.80824226799996","1","Yes","0","997.804957001199","1.0032852668009582","false"
"Specification-HighNoiseModerateRiskAversion__Cost-4__Fee-British","1","24","1","D","3","10","D Answers","D Liability Signal: 6;P Files: 1","6,1","0.11357000769999999","false","998.80824226799996","998.80824226799996","2","No","1","998.80824226799996","0","true"
"Specification-HighNoiseModerateRiskAversion__Cost-4__Fee-British","1","25","1","D","6","21","D Defaults","D Liability Signal: 6;P Files: 1;D Answers: 1","6,1,1","0","true","","","1","Yes","0.5","","",""
"Specification-HighNoiseModerateRiskAversion__Cost-4__Fee-British","1","25","1","D","6","21","D Defaults","D Liability Signal: 6;P Files: 1;D Answers: 1","6,1,1","0","true","","","2","No","0.5","","",""
"Specification-HighNoiseModerateRiskAversion__Cost-4__Fee-British","1","26","1","D","8","15","D Offer","D Liability Signal: 6;P Files: 1;D Answers: 1;D Defaults: 1","6,1,1,1","0","true","","","1","0.05","0.10000000000000001","","",""
"Specification-HighNoiseModerateRiskAversion__Cost-4__Fee-British","1","26","1","D","8","15","D Offer","D Liability Signal: 6;P Files: 1;D Answers: 1;D Defaults: 1","6,1,1,1","0","true","","","2","0.15","0.10000000000000001","","",""
"Specification-HighNoiseModerateRiskAversion__Cost-4__Fee-British","1","26","1","D","8","15","D Offer","D Liability Signal: 6;P Files: 1;D Answers: 1;D Defaults: 1","6,1,1,1","0","true","","","3","0.25","0.10000000000000001","","",""
"Specification-HighNoiseModerateRiskAversion__Cost-4__Fee-British","1","26","1","D","8","15","D Offer","D Liability Signal: 6;P Files: 1;D Answers: 1;D Defaults: 1","6,1,1,1","0","true","","","4","0.35","0.10000000000000001","","",""
"Specification-HighNoiseModerateRiskAversion__Cost-4__Fee-British","1","26","1","D","8","15","D Offer","D Liability Signal: 6;P Files: 1;D Answers: 1;D Defaults: 1","6,1,1,1","0","true","","","5","0.45","0.10000000000000001","","",""
"Specification-HighNoiseModerateRiskAversion__Cost-4__Fee-British","1","26","1","D","8","15","D Offer","D Liability Signal: 6;P Files: 1;D Answers: 1;D Defaults: 1","6,1,1,1","0","true","","","6","0.55","0.10000000000000001","","",""
"Specification-HighNoiseModerateRiskAversion__Cost-4__Fee-British","1","26","1","D","8","15","D Offer","D Liability Signal: 6;P Files: 1;D Answers: 1;D Defaults: 1","6,1,1,1","0","true","","","7","0.65","0.10000000000000001","","",""
"Specification-HighNoiseModerateRiskAversion__Cost-4__Fee-British","1","26","1","D","8","15","D Offer","D Liability Signal: 6;P Files: 1;D Answers: 1;D Defaults: 1","6,1,1,1","0","true","","","8","0.75","0.10000000000000001","","",""
"Specification-HighNoiseModerateRiskAversion__Cost-4__Fee-British","1","26","1","D","8","15","D Offer","D Liability Signal: 6;P Files: 1;D Answers: 1;D Defaults: 1","6,1,1,1","0","true","","","9","0.85","0.10000000000000001","","",""
"Specification-HighNoiseModerateRiskAversion__Cost-4__Fee-British","1","26","1","D","8","15","D Offer","D Liability Signal: 6;P Files: 1;D Answers: 1;D Defaults: 1","6,1,1,1","0","true","","","10","0.95","0.10000000000000001","","",""
"Specification-HighNoiseModerateRiskAversion__Cost-4__Fee-British","1","27","1","D","8","15","D Offer","D Liability Signal: 6;P Files: 1;D Answers: 1;D Defaults: 2","6,1,1,2","0","true","","","1","0.05","0.10000000000000001","","",""
"Specification-HighNoiseModerateRiskAversion__Cost-4__Fee-British","1","27","1","D","8","15","D Offer","D Liability Signal: 6;P Files: 1;D Answers: 1;D Defaults: 2","6,1,1,2","0","true","","","2","0.15","0.10000000000000001","","",""
"Specification-HighNoiseModerateRiskAversion__Cost-4__Fee-British","1","27","1","D","8","15","D Offer","D Liability Signal: 6;P Files: 1;D Answers: 1;D Defaults: 2","6,1,1,2","0","true","","","3","0.25","0.10000000000000001","","",""
"Specification-HighNoiseModerateRiskAversion__Cost-4__Fee-British","1","27","1","D","8","15","D Offer","D Liability Signal: 6;P Files: 1;D Answers: 1;D Defaults: 2","6,1,1,2","0","true","","","4","0.35","0.10000000000000001","","",""
"Specification-HighNoiseModerateRiskAversion__Cost-4__Fee-British","1","27","1","D","8","15","D Offer","D Liability Signal: 6;P Files: 1;D Answers: 1;D Defaults: 2","6,1,1,2","0","true","","","5","0.45","0.10000000000000001","","",""
"Specification-HighNoiseModerateRiskAversion__Cost-4__Fee-British","1","27","1","D","8","15","D Offer","D Liability Signal: 6;P Files: 1;D Answers: 1;D Defaults: 2","6,1,1,2","0","true","","","6","0.55","0.10000000000000001","","",""
"Specification-HighNoiseModerateRiskAversion__Cost-4__Fee-British","1","27","1","D","8","15","D Offer","D Liability Signal: 6;P Files: 1;D Answers: 1;D Defaults: 2","6,1,1,2","0","true","","","7","0.65","0.10000000000000001","","",""
"Specification-HighNoiseModerateRiskAversion__Cost-4__Fee-British","1","27","1","D","8","15","D Offer","D Liability Signal: 6;P Files: 1;D Answers: 1;D Defaults: 2","6,1,1,2","0","true","","","8","0.75","0.10000000000000001","","",""
"Specification-HighNoiseModerateRiskAversion__Cost-4__Fee-British","1","27","1","D","8","15","D Offer","D Liability Signal: 6;P Files: 1;D Answers: 1;D Defaults: 2","6,1,1,2","0","true","","","9","0.85","0.10000000000000001","","",""
"Specification-HighNoiseModerateRiskAversion__Cost-4__Fee-British","1","27","1","D","8","15","D Offer","D Liability Signal: 6;P Files: 1;D Answers: 1;D Defaults: 2","6,1,1,2","0","true","","","10","0.95","0.10000000000000001","","",""
"Specification-HighNoiseModerateRiskAversion__Cost-4__Fee-British","1","28","1","D","3","10","D Answers","D Liability Signal: 7;P Files: 1","7,1","0.10991110489999999","false","998.80824226799996","998.80824226799996","1","Yes","0","997.7655785301987","1.0426637378012629","false"
"Specification-HighNoiseModerateRiskAversion__Cost-4__Fee-British","1","28","1","D","3","10","D Answers","D Liability Signal: 7;P Files: 1","7,1","0.10991110489999999","false","998.80824226799996","998.80824226799996","2","No","1","998.80824226799996","0","true"
"Specification-HighNoiseModerateRiskAversion__Cost-4__Fee-British","1","29","1","D","6","21","D Defaults","D Liability Signal: 7;P Files: 1;D Answers: 1","7,1,1","0","true","","","1","Yes","0.5","","",""
"Specification-HighNoiseModerateRiskAversion__Cost-4__Fee-British","1","29","1","D","6","21","D Defaults","D Liability Signal: 7;P Files: 1;D Answers: 1","7,1,1","0","true","","","2","No","0.5","","",""
"Specification-HighNoiseModerateRiskAversion__Cost-4__Fee-British","1","30","1","D","8","15","D Offer","D Liability Signal: 7;P Files: 1;D Answers: 1;D Defaults: 1","7,1,1,1","0","true","","","1","0.05","0.10000000000000001","","",""
"Specification-HighNoiseModerateRiskAversion__Cost-4__Fee-British","1","30","1","D","8","15","D Offer","D Liability Signal: 7;P Files: 1;D Answers: 1;D Defaults: 1","7,1,1,1","0","true","","","2","0.15","0.10000000000000001","","",""
"Specification-HighNoiseModerateRiskAversion__Cost-4__Fee-British","1","30","1","D","8","15","D Offer","D Liability Signal: 7;P Files: 1;D Answers: 1;D Defaults: 1","7,1,1,1","0","true","","","3","0.25","0.10000000000000001","","",""
"Specification-HighNoiseModerateRiskAversion__Cost-4__Fee-British","1","30","1","D","8","15","D Offer","D Liability Signal: 7;P Files: 1;D Answers: 1;D Defaults: 1","7,1,1,1","0","true","","","4","0.35","0.10000000000000001","","",""
"Specification-HighNoiseModerateRiskAversion__Cost-4__Fee-British","1","30","1","D","8","15","D Offer","D Liability Signal: 7;P Files: 1;D Answers: 1;D Defaults: 1","7,1,1,1","0","true","","","5","0.45","0.10000000000000001","","",""
"Specification-HighNoiseModerateRiskAversion__Cost-4__Fee-British","1","30","1","D","8","15","D Offer","D Liability Signal: 7;P Files: 1;D Answers: 1;D Defaults: 1","7,1,1,1","0","true","","","6","0.55","0.10000000000000001","","",""
"Specification-HighNoiseModerateRiskAversion__Cost-4__Fee-British","1","30","1","D","8","15","D Offer","D Liability Signal: 7;P Files: 1;D Answers: 1;D Defaults: 1","7,1,1,1","0","true","","","7","0.65","0.10000000000000001","","",""
"Specification-HighNoiseModerateRiskAversion__Cost-4__Fee-British","1","30","1","D","8","15","D Offer","D Liability Signal: 7;P Files: 1;D Answers: 1;D Defaults: 1","7,1,1,1","0","true","","","8","0.75","0.10000000000000001","","",""
"Specification-HighNoiseModerateRiskAversion__Cost-4__Fee-British","1","30","1","D","8","15","D Offer","D Liability Signal: 7;P Files: 1;D Answers: 1;D Defaults: 1","7,1,1,1","0","true","","","9","0.85","0.10000000000000001","","",""
"Specification-HighNoiseModerateRiskAversion__Cost-4__Fee-British","1","30","1","D","8","15","D Offer","D Liability Signal: 7;P Files: 1;D Answers: 1;D Defaults: 1","7,1,1,1","0","true","","","10","0.95","0.10000000000000001","","",""
"Specification-HighNoiseModerateRiskAversion__Cost-4__Fee-British","1","31","1","D","8","15","D Offer","D Liability Signal: 7;P Files: 1;D Answers: 1;D Defaults: 2","7,1,1,2","0","true","","","1","0.05","0.10000000000000001","","",""
"Specification-HighNoiseModerateRiskAversion__Cost-4__Fee-British","1","31","1","D","8","15","D Offer","D Liability Signal: 7;P Files: 1;D Answers: 1;D Defaults: 2","7,1,1,2","0","true","","","2","0.15","0.10000000000000001","","",""
"Specification-HighNoiseModerateRiskAversion__Cost-4__Fee-British","1","31","1","D","8","15","D Offer","D Liability Signal: 7;P Files: 1;D Answers: 1;D Defaults: 2","7,1,1,2","0","true","","","3","0.25","0.10000000000000001","","",""
"Specification-HighNoiseModerateRiskAversion__Cost-4__Fee-British","1","31","1","D","8","15","D Offer","D Liability Signal: 7;P Files: 1;D Answers: 1;D Defaults: 2","7,1,1,2","0","true","","","4","0.35","0.10000000000000001","","",""
"Specification-HighNoiseModerateRiskAversion__Cost-4__Fee-British","1","31","1","D","8","15","D Offer","D Liability Signal: 7;P Files: 1;D Answers: 1;D Defaults: 2","7,1,1,2","0","true","","","5","0.45","0.10000000000000001","","",""
"Specification-HighNoiseModerateRiskAversion__Cost-4__Fee-British","1","31","1","D","8","15","D Offer","D Liability Signal: 7;P Files: 1;D Answers: 1;D Defaults: 2","7,1,1,2","0","true","","","6","0.55","0.10000000000000001","","",""
"Specification-HighNoiseModerateRiskAversion__Cost-4__Fee-British","1","31","1","D","8","15","D Offer","D Liability Signal: 7;P Files: 1;D Answers: 1;D Defaults: 2","7,1,1,2","0","true","","","7","0.65","0.10000000000000001","","",""
"Specification-HighNoiseModerateRiskAversion__Cost-4__Fee-British","1","31","1","D","8","15","D Offer","D Liability Signal: 7;P Files: 1;D Answers: 1;D Defaults: 2","7,1,1,2","0","true","","","8","0.75","0.10000000000000001","","",""
"Specification-HighNoiseModerateRiskAversion__Cost-4__Fee-British","1","31","1","D","8","15","D Offer","D Liability Signal: 7;P Files: 1;D Answers: 1;D Defaults: 2","7,1,1,2","0","true","","","9","0.85","0.10000000000000001","","",""
"Specification-HighNoiseModerateRiskAversion__Cost-4__Fee-British","1","31","1","D","8","15","D Offer","D Liability Signal: 7;P Files: 1;D Answers: 1;D Defaults: 2","7,1,1,2","0","true","","","10","0.95","0.10000000000000001","","",""
"Specification-HighNoiseModerateRiskAversion__Cost-4__Fee-British","1","32","1","D","3","10","D Answers","D Liability Signal: 8;P Files: 1","8,1","0.1028452366","false","998.80824226799984","998.80824226799984","1","Yes","0","997.72786721032674","1.080375057673109","false"
"Specification-HighNoiseModerateRiskAversion__Cost-4__Fee-British","1","32","1","D","3","10","D Answers","D Liability Signal: 8;P Files: 1","8,1","0.1028452366","false","998.80824226799984","998.80824226799984","2","No","1","998.80824226799984","0","true"
"Specification-HighNoiseModerateRiskAversion__Cost-4__Fee-British","1","33","1","D","6","21","D Defaults","D Liability Signal: 8;P Files: 1;D Answers: 1","8,1,1","0","true","","","1","Yes","0.5","","",""
"Specification-HighNoiseModerateRiskAversion__Cost-4__Fee-British","1","33","1","D","6","21","D Defaults","D Liability Signal: 8;P Files: 1;D Answers: 1","8,1,1","0","true","","","2","No","0.5","","",""
"Specification-HighNoiseModerateRiskAversion__Cost-4__Fee-British","1","34","1","D","8","15","D Offer","D Liability Signal: 8;P Files: 1;D Answers: 1;D Defaults: 1","8,1,1,1","0","true","","","1","0.05","0.10000000000000001","","",""
"Specification-HighNoiseModerateRiskAversion__Cost-4__Fee-British","1","34","1","D","8","15","D Offer","D Liability Signal: 8;P Files: 1;D Answers: 1;D Defaults: 1","8,1,1,1","0","true","","","2","0.15","0.10000000000000001","","",""
"Specification-HighNoiseModerateRiskAversion__Cost-4__Fee-British","1","34","1","D","8","15","D Offer","D Liability Signal: 8;P Files: 1;D Answers: 1;D Defaults: 1","8,1,1,1","0","true","","","3","0.25","0.10000000000000001","","",""
"Specification-HighNoiseModerateRiskAversion__Cost-4__Fee-British","1","34","1","D","8","15","D Offer","D Liability Signal: 8;P Files: 1;D Answers: 1;D Defaults: 1","8,1,1,1","0","true","","","4","0.35","0.10000000000000001","","",""
"Specification-HighNoiseModerateRiskAversion__Cost-4__Fee-British","1","34","1","D","8","15","D Offer","D Liability Signal: 8;P Files: 1;D Answers: 1;D Defaults: 1","8,1,1,1","0","true","","","5","0.45","0.10000000000000001","","",""
"Specification-HighNoiseModerateRiskAversion__Cost-4__Fee-British","1","34","1","D","8","15","D Offer","D Liability Signal: 8;P Files: 1;D Answers: 1;D Defaults: 1","8,1,1,1","0","true","","","6","0.55","0.10000000000000001","","",""
"Specification-HighNoiseModerateRiskAversion__Cost-4__Fee-British","1","34","1","D","8","15","D Offer","D Liability Signal: 8;P Files: 1;D Answers: 1;D Defaults: 1","8,1,1,1","0","true","","","7","0.65","0.10000000000000001","","",""
"Specification-HighNoiseModerateRiskAversion__Cost-4__Fee-British","1","34","1","D","8","15","D Offer","D Liability Signal: 8;P Files: 1;D Answers: 1;D Defaults: 1","8,1,1,1","0","true","","","8","0.75","0.10000000000000001","","",""
"Specification-HighNoiseModerateRiskAversion__Cost-4__Fee-British","1","34","1","D","8","15","D Offer","D Liability Signal: 8;P Files: 1;D Answers: 1;D Defaults: 1","8,1,1,1","0","true","","","9","0.85","0.10000000000000001","","",""
"Specification-HighNoiseModerateRiskAversion__Cost-4__Fee-British","1","34","1","D","8","15","D Offer","D Liability Signal: 8;P Files: 1;D Answers: 1;D Defaults: 1","8,1,1,1","0","true","","","10","0.95","0.10000000000000001","","",""
"Specification-HighNoiseModerateRiskAversion__Cost-4__Fee-British","1","35","1","D","8","15","D Offer","D Liability Signal: 8;P Files: 1;D Answers: 1;D Defaults: 2","8,1,1,2","0","true","","","1","0.05","0.10000000000000001","","",""
"Specification-HighNoiseModerateRiskAversion__Cost-4__Fee-British","1","35","1","D","8","15","D Offer","D Liability Signal: 8;P Files: 1;D Answers: 1;D Defaults: 2","8,1,1,2","0","true","","","2","0.15","0.10000000000000001","","",""
"Specification-HighNoiseModerateRiskAversion__Cost-4__Fee-British","1","35","1","D","8","15","D Offer","D Liability Signal: 8;P Files: 1;D Answers: 1;D Defaults: 2","8,1,1,2","0","true","","","3","0.25","0.10000000000000001","","",""
"Specification-HighNoiseModerateRiskAversion__Cost-4__Fee-British","1","35","1","D","8","15","D Offer","D Liability Signal: 8;P Files: 1;D Answers: 1;D Defaults: 2","8,1,1,2","0","true","","","4","0.35","0.10000000000000001","","",""
"Specification-HighNoiseModerateRiskAversion__Cost-4__Fee-British","1","35","1","D","8","15","D Offer","D Liability Signal: 8;P Files: 1;D Answers: 1;D Defaults: 2","8,1,1,2","0","true","","","5","0.45","0.10000000000000001","","",""
"Specification-HighNoiseModerateRiskAversion__Cost-4__Fee-British","1","35","1","D","8","15","D Offer","D Liability Signal: 8;P Files: 1;D Answers: 1;D Defaults: 2","8,1,1,2","0","true","","","6","0.55","0.10000000000000001","","",""
"Specification-HighNoiseModerateRiskAversion__Cost-4__Fee-British","1","35","1","D","8","15","D Offer","D Liability Signal: 8;P Files: 1;D Answers: 1;D Defaults: 2","8,1,1,2","0","true","","","7","0.65","0.10000000000000001","","",""
"Specification-HighNoiseModerateRiskAversion__Cost-4__Fee-British","1","35","1","D","8","15","D Offer","D Liability Signal: 8;P Files: 1;D Answers: 1;D Defaults: 2","8,1,1,2","0","true","","","8","0.75","0.10000000000000001","","",""
"Specification-HighNoiseModerateRiskAversion__Cost-4__Fee-British","1","35","1","D","8","15","D Offer","D Liability Signal: 8;P Files: 1;D Answers: 1;D Defaults: 2","8,1,1,2","0","true","","","9","0.85","0.10000000000000001","","",""
"Specification-HighNoiseModerateRiskAversion__Cost-4__Fee-British","1","35","1","D","8","15","D Offer","D Liability Signal: 8;P Files: 1;D Answers: 1;D Defaults: 2","8,1,1,2","0","true","","","10","0.95","0.10000000000000001","","",""
"Specification-HighNoiseModerateRiskAversion__Cost-4__Fee-British","1","36","1","D","3","10","D Answers","D Liability Signal: 9;P Files: 1","9,1","0.092885382299999986","false","998.80824226800007","998.80824226800007","1","Yes","0","997.6928288018928","1.1154134661072703","false"
"Specification-HighNoiseModerateRiskAversion__Cost-4__Fee-British","1","36","1","D","3","10","D Answers","D Liability Signal: 9;P Files: 1","9,1","0.092885382299999986","false","998.80824226800007","998.80824226800007","2","No","1","998.80824226800007","0","true"
"Specification-HighNoiseModerateRiskAversion__Cost-4__Fee-British","1","37","1","D","6","21","D Defaults","D Liability Signal: 9;P Files: 1;D Answers: 1","9,1,1","0","true","","","1","Yes","0.5","","",""
"Specification-HighNoiseModerateRiskAversion__Cost-4__Fee-British","1","37","1","D","6","21","D Defaults","D Liability Signal: 9;P Files: 1;D Answers: 1","9,1,1","0","true","","","2","No","0.5","","",""
"Specification-HighNoiseModerateRiskAversion__Cost-4__Fee-British","1","38","1","D","8","15","D Offer","D Liability Signal: 9;P Files: 1;D Answers: 1;D Defaults: 1","9,1,1,1","0","true","","","1","0.05","0.10000000000000001","","",""
"Specification-HighNoiseModerateRiskAversion__Cost-4__Fee-British","1","38","1","D","8","15","D Offer","D Liability Signal: 9;P Files: 1;D Answers: 1;D Defaults: 1","9,1,1,1","0","true","","","2","0.15","0.10000000000000001","","",""
"Specification-HighNoiseModerateRiskAversion__Cost-4__Fee-British","1","38","1","D","8","15","D Offer","D Liability Signal: 9;P Files: 1;D Answers: 1;D Defaults: 1","9,1,1,1","0","true","","","3","0.25","0.10000000000000001","","",""
"Specification-HighNoiseModerateRiskAversion__Cost-4__Fee-British","1","38","1","D","8","15","D Offer","D Liability Signal: 9;P Files: 1;D Answers: 1;D Defaults: 1","9,1,1,1","0","true","","","4","0.35","0.10000000000000001","","",""
"Specification-HighNoiseModerateRiskAversion__Cost-4__Fee-British","1","38","1","D","8","15","D Offer","D Liability Signal: 9;P Files: 1;D Answers: 1;D Defaults: 1","9,1,1,1","0","true","","","5","0.45","0.10000000000000001","","",""
"Specification-HighNoiseModerateRiskAversion__Cost-4__Fee-British","1","38","1","D","8","15","D Offer","D Liability Signal: 9;P Files: 1;D Answers: 1;D Defaults: 1","9,1,1,1","0","true","","","6","0.55","0.10000000000000001","","",""
"Specification-HighNoiseModerateRiskAversion__Cost-4__Fee-British","1","38","1","D","8","15","D Offer","D Liability Signal: 9;P Files: 1;D Answers: 1;D Defaults: 1","9,1,1,1","0","true","","","7","0.65","0.10000000000000001","","",""
"Specification-HighNoiseModerateRiskAversion__Cost-4__Fee-British","1","38","1","D","8","15","D Offer","D Liability Signal: 9;P Files: 1;D Answers: 1;D Defaults: 1","9,1,1,1","0","true","","","8","0.75","0.10000000000000001","","",""
"Specification-HighNoiseModerateRiskAversion__Cost-4__Fee-British","1","38","1","D","8","15","D Offer","D Liability Signal: 9;P Files: 1;D Answers: 1;D Defaults: 1","9,1,1,1","0","true","","","9","0.85","0.10000000000000001","","",""
"Specification-HighNoiseModerateRiskAversion__Cost-4__Fee-British","1","38","1","D","8","15","D Offer","D Liability Signal: 9;P Files: 1;D Answers: 1;D Defaults: 1","9,1,1,1","0","true","","","10","0.95","0.10000000000000001","","",""
"Specification-HighNoiseModerateRiskAversion__Cost-4__Fee-British","1","39","1","D","8","15","D Offer","D Liability Signal: 9;P Files: 1;D Answers: 1;D Defaults: 2","9,1,1,2","0","true","","","1","0.05","0.10000000000000001","","",""
"Specification-HighNoiseModerateRiskAversion__Cost-4__Fee-British","1","39","1","D","8","15","D Offer","D Liability Signal: 9;P Files: 1;D Answers: 1;D Defaults: 2","9,1,1,2","0","true","","","2","0.15","0.10000000000000001","","",""
"Specification-HighNoiseModerateRiskAversion__Cost-4__Fee-British","1","39","1","D","8","15","D Offer","D Liability Signal: 9;P Files: 1;D Answers: 1;D Defaults: 2","9,1,1,2","0","true","","","3","0.25","0.10000000000000001","","",""
"Specification-HighNoiseModerateRiskAversion__Cost-4__Fee-British","1","39","1","D","8","15","D Offer","D Liability Signal: 9;P Files: 1;D Answers: 1;D Defaults: 2","9,1,1,2","0","true","","","4","0.35","0.10000000000000001","","",""
"Specification-HighNoiseModerateRiskAversion__Cost-4__Fee-British","1","39","1","D","8","15","D Offer","D Liability Signal: 9;P Files: 1;D Answers: 1;D Defaults: 2","9,1,1,2","0","true","","","5","0.45","0.10000000000000001","","",""
"Specification-HighNoiseModerateRiskAversion__Cost-4__Fee-British","1","39","1","D","8","15","D Offer","D Liability Signal: 9;P Files: 1;D Answers: 1;D Defaults: 2","9,1,1,2","0","true","","","6","0.55","0.10000000000000001","","",""
"Specification-HighNoiseModerateRiskAversion__Cost-4__Fee-British","1","39","1","D","8","15","D Offer","D Liability Signal: 9;P Files: 1;D Answers: 1;D Defaults: 2","9,1,1,2","0","true","","","7","0.65","0.10000000000000001","","",""
"Specification-HighNoiseModerateRiskAversion__Cost-4__Fee-British","1","39","1","D","8","15","D Offer","D Liability Signal: 9;P Files: 1;D Answers: 1;D Defaults: 2","9,1,1,2","0","true","","","8","0.75","0.10000000000000001","","",""
"Specification-HighNoiseModerateRiskAversion__Cost-4__Fee-British","1","39","1","D","8","15","D Offer","D Liability Signal: 9;P Files: 1;D Answers: 1;D Defaults: 2","9,1,1,2","0","true","","","9","0.85","0.10000000000000001","","",""
"Specification-HighNoiseModerateRiskAversion__Cost-4__Fee-British","1","39","1","D","8","15","D Offer","D Liability Signal: 9;P Files: 1;D Answers: 1;D Defaults: 2","9,1,1,2","0","true","","","10","0.95","0.10000000000000001","","",""
"Specification-HighNoiseModerateRiskAversion__Cost-4__Fee-British","1","40","1","D","3","10","D Answers","D Liability Signal: 10;P Files: 1","10,1","0.080784689800000004","false","998.80824226799996","998.80824226799996","1","Yes","0","997.66100295725664","1.1472393107433163","false"
"Specification-HighNoiseModerateRiskAversion__Cost-4__Fee-British","1","40","1","D","3","10","D Answers","D Liability Signal: 10;P Files: 1","10,1","0.080784689800000004","false","998.80824226799996","998.80824226799996","2","No","1","998.80824226799996","0","true"
"Specification-HighNoiseModerateRiskAversion__Cost-4__Fee-British","1","41","1","D","6","21","D Defaults","D Liability Signal: 10;P Files: 1;D Answers: 1","10,1,1","0","true","","","1","Yes","0.5","","",""
"Specification-HighNoiseModerateRiskAversion__Cost-4__Fee-British","1","41","1","D","6","21","D Defaults","D Liability Signal: 10;P Files: 1;D Answers: 1","10,1,1","0","true","","","2","No","0.5","","",""
"Specification-HighNoiseModerateRiskAversion__Cost-4__Fee-British","1","42","1","D","8","15","D Offer","D Liability Signal: 10;P Files: 1;D Answers: 1;D Defaults: 1","10,1,1,1","0","true","","","1","0.05","0.10000000000000001","","",""
"Specification-HighNoiseModerateRiskAversion__Cost-4__Fee-British","1","42","1","D","8","15","D Offer","D Liability Signal: 10;P Files: 1;D Answers: 1;D Defaults: 1","10,1,1,1","0","true","","","2","0.15","0.10000000000000001","","",""
"Specification-HighNoiseModerateRiskAversion__Cost-4__Fee-British","1","42","1","D","8","15","D Offer","D Liability Signal: 10;P Files: 1;D Answers: 1;D Defaults: 1","10,1,1,1","0","true","","","3","0.25","0.10000000000000001","","",""
"Specification-HighNoiseModerateRiskAversion__Cost-4__Fee-British","1","42","1","D","8","15","D Offer","D Liability Signal: 10;P Files: 1;D Answers: 1;D Defaults: 1","10,1,1,1","0","true","","","4","0.35","0.10000000000000001","","",""
"Specification-HighNoiseModerateRiskAversion__Cost-4__Fee-British","1","42","1","D","8","15","D Offer","D Liability Signal: 10;P Files: 1;D Answers: 1;D Defaults: 1","10,1,1,1","0","true","","","5","0.45","0.10000000000000001","","",""
"Specification-HighNoiseModerateRiskAversion__Cost-4__Fee-British","1","42","1","D","8","15","D Offer","D Liability Signal: 10;P Files: 1;D Answers: 1;D Defaults: 1","10,1,1,1","0","true","","","6","0.55","0.10000000000000001","","",""
"Specification-HighNoiseModerateRiskAversion__Cost-4__Fee-British","1","42","1","D","8","15","D Offer","D Liability Signal: 10;P Files: 1;D Answers: 1;D Defaults: 1","10,1,1,1","0","true","","","7","0.65","0.10000000000000001","","",""
"Specification-HighNoiseModerateRiskAversion__Cost-4__Fee-British","1","42","1","D","8","15","D Offer","D Liability Signal: 10;P Files: 1;D Answers: 1;D Defaults: 1","10,1,1,1","0","true","","","8","0.75","0.10000000000000001","","",""
"Specification-HighNoiseModerateRiskAversion__Cost-4__Fee-British","1","42","1","D","8","15","D Offer","D Liability Signal: 10;P Files: 1;D Answers: 1;D Defaults: 1","10,1,1,1","0","true","","","9","0.85","0.10000000000000001","","",""
"Specification-HighNoiseModerateRiskAversion__Cost-4__Fee-British","1","42","1","D","8","15","D Offer","D Liability Signal: 10;P Files: 1;D Answers: 1;D Defaults: 1","10,1,1,1","0","true","","","10","0.95","0.10000000000000001","","",""
"Specification-HighNoiseModerateRiskAversion__Cost-4__Fee-British","1","43","1","D","8","15","D Offer","D Liability Signal: 10;P Files: 1;D Answers: 1;D Defaults: 2","10,1,1,2","0","true","","","1","0.05","0.10000000000000001","","",""
"Specification-HighNoiseModerateRiskAversion__Cost-4__Fee-British","1","43","1","D","8","15","D Offer","D Liability Signal: 10;P Files: 1;D Answers: 1;D Defaults: 2","10,1,1,2","0","true","","","2","0.15","0.10000000000000001","","",""
"Specification-HighNoiseModerateRiskAversion__Cost-4__Fee-British","1","43","1","D","8","15","D Offer","D Liability Signal: 10;P Files: 1;D Answers: 1;D Defaults: 2","10,1,1,2","0","true","","","3","0.25","0.10000000000000001","","",""
"Specification-HighNoiseModerateRiskAversion__Cost-4__Fee-British","1","43","1","D","8","15","D Offer","D Liability Signal: 10;P Files: 1;D Answers: 1;D Defaults: 2","10,1,1,2","0","true","","","4","0.35","0.10000000000000001","","",""
"Specification-HighNoiseModerateRiskAversion__Cost-4__Fee-British","1","43","1","D","8","15","D Offer","D Liability Signal: 10;P Files: 1;D Answers: 1;D Defaults: 2","10,1,1,2","0","true","","","5","0.45","0.10000000000000001","","",""
"Specification-HighNoiseModerateRiskAversion__Cost-4__Fee-British","1","43","1","D","8","15","D Offer","D Liability Signal: 10;P Files: 1;D Answers: 1;D Defaults: 2","10,1,1,2","0","true","","","6","0.55","0.10000000000000001","","",""
"Specification-HighNoiseModerateRiskAversion__Cost-4__Fee-British","1","43","1","D","8","15","D Offer","D Liability Signal: 10;P Files: 1;D Answers: 1;D Defaults: 2","10,1,1,2","0","true","","","7","0.65","0.10000000000000001","","",""
"Specification-HighNoiseModerateRiskAversion__Cost-4__Fee-British","1","43","1","D","8","15","D Offer","D Liability Signal: 10;P Files: 1;D Answers: 1;D Defaults: 2","10,1,1,2","0","true","","","8","0.75","0.10000000000000001","","",""
"Specification-HighNoiseModerateRiskAversion__Cost-4__Fee-British","1","43","1","D","8","15","D Offer","D Liability Signal: 10;P Files: 1;D Answers: 1;D Defaults: 2","10,1,1,2","0","true","","","9","0.85","0.10000000000000001","","",""
"Specification-HighNoiseModerateRiskAversion__Cost-4__Fee-British","1","43","1","D","8","15","D Offer","D Liability Signal: 10;P Files: 1;D Answers: 1;D Defaults: 2","10,1,1,2","0","true","","","10","0.95","0.10000000000000001","","",""
