"OptionSetName","Equilibrium Number","Information Set Number","Player Index","Player","Decision Index","Decision Code","Decision","Information Set Labels","Information Set Contents","Equilibrium Reach Probability","Off Path","Conditional Information-Set Utility","Best Action Utility","Action","Action Label","Equilibrium Action Probability","Conditional Action Utility","Utility Loss from Best Action","Is Best Action"
"Specification-PolarizedContinuousMeritsModerateRiskAversion__Cost-4__Fee-American","1","0","0","P","2","9","P Files","P Liability Signal: 1","1","0.10928","false","999.99999640800013","999.99999640800013","1","Yes","0","999.22122363364451","0.77877277435561609","false"
"Specification-PolarizedContinuousMeritsModerateRiskAversion__Cost-4__Fee-American","1","0","0","P","2","9","P Files","P Liability Signal: 1","1","0.10928","false","999.99999640800013","999.99999640800013","2","No","1","999.99999640800013","0","true"
"Specification-PolarizedContinuousMeritsModerateRiskAversion__Cost-4__Fee-American","1","2","0","P","5","20","P Abandons","P Liability Signal: 1;P Files: 1;D Answers: 1","1,1,1","0","true","","","1","Yes","0.5","","",""
"Specification-PolarizedContinuousMeritsModerateRiskAversion__Cost-4__Fee-American","1","2","0","P","5","20","P Abandons","P Liability Signal: 1;P Files: 1;D Answers: 1","1,1,1","0","true","","","2","No","0.5","","",""
"Specification-PolarizedContinuousMeritsModerateRiskAversion__Cost-4__Fee-American","1","4","0","P","7","14","P Offer","P Liability Signal: 1;P Files: 1;D Answers: 1;P Abandons: 1","1,1,1,1","0","true","","","1","0.05","0.10000000000000001","","",""
"Specification-PolarizedContinuousMeritsModerateRiskAversion__Cost-4__Fee-American","1","4","0","P","7","14","P Offer","P Liability Signal: 1;P Files: 1;D Answers: 1;P Abandons: 1","1,1,1,1","0","true","","","2","0.15","0.10000000000000001","","",""
"Specification-PolarizedContinuousMeritsModerateRiskAversion__Cost-4__Fee-American","1","4","0","P","7","14","P Offer","P Liability Signal: 1;P Files: 1;D Answers: 1;P Abandons: 1","1,1,1,1","0","true","","","3","0.25","0.10000000000000001","","",""
"Specification-PolarizedContinuousMeritsModerateRiskAversion__Cost-4__Fee-American","1","4","0","P","7","14","P Offer","P Liability Signal: 1;P Files: 1;D Answers: 1;P Abandons: 1","1,1,1,1","0","true","","","4","0.35","0.10000000000000001","","",""
"Specification-PolarizedContinuousMeritsModerateRiskAversion__Cost-4__Fee-American","1","4","0","P","7","14","P Offer","P Liability Signal: 1;P Files: 1;D Answers: 1;P Abandons: 1","1,1,1,1","0","true","","","5","0.45","0.10000000000000001","","",""
"Specification-PolarizedContinuousMeritsModerateRiskAversion__Cost-4__Fee-American","1","4","0","P","7","14","P Offer","P Liability Signal: 1;P Files: 1;D Answers: 1;P Abandons: 1","1,1,1,1","0","true","","","6","0.55","0.10000000000000001","","",""
"Specification-PolarizedContinuousMeritsModerateRiskAversion__Cost-4__Fee-American","1","4","0","P","7","14","P Offer","P Liability Signal: 1;P Files: 1;D Answers: 1;P Abandons: 1","1,1,1,1","0","true","","","7","0.65","0.10000000000000001","","",""
"Specification-PolarizedContinuousMeritsModerateRiskAversion__Cost-4__Fee-American","1","4","0","P","7","14","P Offer","P Liability Signal: 1;P Files: 1;D Answers: 1;P Abandons: 1","1,1,1,1","0","true","","","8","0.75","0.10000000000000001","","",""
"Specification-PolarizedContinuousMeritsModerateRiskAversion__Cost-4__Fee-American","1","4","0","P","7","14","P Offer","P Liability Signal: 1;P Files: 1;D Answers: 1;P Abandons: 1","1,1,1,1","0","true","","","9","0.85","0.10000000000000001","","",""
"Specification-PolarizedContinuousMeritsModerateRiskAversion__Cost-4__Fee-American","1","4","0","P","7","14","P Offer","P Liability Signal: 1;P Files: 1;D Answers: 1;P Abandons: 1","1,1,1,1","0","true","","","10","0.95","0.10000000000000001","","",""
"Specification-PolarizedContinuousMeritsModerateRiskAversion__Cost-4__Fee-American","1","7","0","P","7","14","P Offer","P Liability Signal: 1;P Files: 1;D Answers: 1;P Abandons: 2","1,1,1,2","0","true","","","1","0.05","0.10000000000000001","","",""
"Specification-PolarizedContinuousMeritsModerateRiskAversion__Cost-4__Fee-American","1","7","0","P","7","14","P Offer","P Liability Signal: 1;P Files: 1;D Answers: 1;P Abandons: 2","1,1,1,2","0","true","","","2","0.15","0.10000000000000001","","",""
"Specification-PolarizedContinuousMeritsModerateRiskAversion__Cost-4__Fee-American","1","7","0","P","7","14","P Offer","P Liability Signal: 1;P Files: 1;D Answers: 1;P Abandons: 2","1,1,1,2","0","true","","","3","0.25","0.10000000000000001","","",""
"Specification-PolarizedContinuousMeritsModerateRiskAversion__Cost-4__Fee-American","1","7","0","P","7","14","P Offer","P Liability Signal: 1;P Files: 1;D Answers: 1;P Abandons: 2","1,1,1,2","0","true","","","4","0.35","0.10000000000000001","","",""
"Specification-PolarizedContinuousMeritsModerateRiskAversion__Cost-4__Fee-American","1","7","0","P","7","14","P Offer","P Liability Signal: 1;P Files: 1;D Answers: 1;P Abandons: 2","1,1,1,2","0","true","","","5","0.45","0.10000000000000001","","",""
"Specification-PolarizedContinuousMeritsModerateRiskAversion__Cost-4__Fee-American","1","7","0","P","7","14","P Offer","P Liability Signal: 1;P Files: 1;D Answers: 1;P Abandons: 2","1,1,1,2","0","true","","","6","0.55","0.10000000000000001","","",""
"Specification-PolarizedContinuousMeritsModerateRiskAversion__Cost-4__Fee-American","1","7","0","P","7","14","P Offer","P Liability Signal: 1;P Files: 1;D Answers: 1;P Abandons: 2","1,1,1,2","0","true","","","7","0.65","0.10000000000000001","","",""
"Specification-PolarizedContinuousMeritsModerateRiskAversion__Cost-4__Fee-American","1","7","0","P","7","14","P Offer","P Liability Signal: 1;P Files: 1;D Answers: 1;P Abandons: 2","1,1,1,2","0","true","","","8","0.75","0.10000000000000001","","",""
"Specification-PolarizedContinuousMeritsModerateRiskAversion__Cost-4__Fee-American","1","7","0","P","7","14","P Offer","P Liability Signal: 1;P Files: 1;D Answers: 1;P Abandons: 2","1,1,1,2","0","true","","","9","0.85","0.10000000000000001","","",""
"Specification-PolarizedContinuousMeritsModerateRiskAversion__Cost-4__Fee-American","1","7","0","P","7","14","P Offer","P Liability Signal: 1;P Files: 1;D Answers: 1;P Abandons: 2","1,1,1,2","0","true","","","10","0.95","0.10000000000000001","","",""
"Specification-PolarizedContinuousMeritsModerateRiskAversion__Cost-4__Fee-American","1","44","0","P","2","9","P Files","P Liability Signal: 2","2","0.11336000000000002","false","999.99999640800002","999.99999640800002","1","Yes","0","999.28897019573913","0.71102621226089013","false"
"Specification-PolarizedContinuousMeritsModerateRiskAversion__Cost-4__Fee-American","1","44","0","P","2","9","P Files","P Liability Signal: 2","2","0.11336000000000002","false","999.99999640800002","999.99999640800002","2","No","1","999.99999640800002","0","true"
"Specification-PolarizedContinuousMeritsModerateRiskAversion__Cost-4__Fee-American","1","45","0","P","5","20","P Abandons","P Liability Signal: 2;P Files: 1;D Answers: 1","2,1,1","0","true","","","1","Yes","0.5","","",""
"Specification-PolarizedContinuousMeritsModerateRiskAversion__Cost-4__Fee-American","1","45","0","P","5","20","P Abandons","P Liability Signal: 2;P Files: 1;D Answers: 1","2,1,1","0","true","","","2","No","0.5","","",""
"Specification-PolarizedContinuousMeritsModerateRiskAversion__Cost-4__Fee-American","1","46","0","P","7","14","P Offer","P Liability Signal: 2;P Files: 1;D Answers: 1;P Abandons: 1","2,1,1,1","0","true","","","1","0.05","0.10000000000000001","","",""
"Specification-PolarizedContinuousMeritsModerateRiskAversion__Cost-4__Fee-American","1","46","0","P","7","14","P Offer","P Liability Signal: 2;P Files: 1;D Answers: 1;P Abandons: 1","2,1,1,1","0","true","","","2","0.15","0.10000000000000001","","",""
"Specification-PolarizedContinuousMeritsModerateRiskAversion__Cost-4__Fee-American","1","46","0","P","7","14","P Offer","P Liability Signal: 2;P Files: 1;D Answers: 1;P Abandons: 1","2,1,1,1","0","true","","","3","0.25","0.10000000000000001","","",""
"Specification-PolarizedContinuousMeritsModerateRiskAversion__Cost-4__Fee-American","1","46","0","P","7","14","P Offer","P Liability Signal: 2;P Files: 1;D Answers: 1;P Abandons: 1","2,1,1,1","0","true","","","4","0.35","0.10000000000000001","","",""
"Specification-PolarizedContinuousMeritsModerateRiskAversion__Cost-4__Fee-American","1","46","0","P","7","14","P Offer","P Liability Signal: 2;P Files: 1;D Answers: 1;P Abandons: 1","2,1,1,1","0","true","","","5","0.45","0.10000000000000001","","",""
"Specification-PolarizedContinuousMeritsModerateRiskAversion__Cost-4__Fee-American","1","46","0","P","7","14","P Offer","P Liability Signal: 2;P Files: 1;D Answers: 1;P Abandons: 1","2,1,1,1","0","true","","","6","0.55","0.10000000000000001","","",""
"Specification-PolarizedContinuousMeritsModerateRiskAversion__Cost-4__Fee-American","1","46","0","P","7","14","P Offer","P Liability Signal: 2;P Files: 1;D Answers: 1;P Abandons: 1","2,1,1,1","0","true","","","7","0.65","0.10000000000000001","","",""
"Specification-PolarizedContinuousMeritsModerateRiskAversion__Cost-4__Fee-American","1","46","0","P","7","14","P Offer","P Liability Signal: 2;P Files: 1;D Answers: 1;P Abandons: 1","2,1,1,1","0","true","","","8","0.75","0.10000000000000001","","",""
"Specification-PolarizedContinuousMeritsModerateRiskAversion__Cost-4__Fee-American","1","46","0","P","7","14","P Offer","P Liability Signal: 2;P Files: 1;D Answers: 1;P Abandons: 1","2,1,1,1","0","true","","","9","0.85","0.10000000000000001","","",""
"Specification-PolarizedContinuousMeritsModerateRiskAversion__Cost-4__Fee-American","1","46","0","P","7","14","P Offer","P Liability Signal: 2;P Files: 1;D Answers: 1;P Abandons: 1","2,1,1,1","0","true","","","10","0.95","0.10000000000000001","","",""
"Specification-PolarizedContinuousMeritsModerateRiskAversion__Cost-4__Fee-American","1","47","0","P","7","14","P Offer","P Liability Signal: 2;P Files: 1;D Answers: 1;P Abandons: 2","2,1,1,2","0","true","","","1","0.05","0.10000000000000001","","",""
"Specification-PolarizedContinuousMeritsModerateRiskAversion__Cost-4__Fee-American","1","47","0","P","7","14","P Offer","P Liability Signal: 2;P Files: 1;D Answers: 1;P Abandons: 2","2,1,1,2","0","true","","","2","0.15","0.10000000000000001","","",""
"Specification-PolarizedContinuousMeritsModerateRiskAversion__Cost-4__Fee-American","1","47","0","P","7","14","P Offer","P Liability Signal: 2;P Files: 1;D Answers: 1;P Abandons: 2","2,1,1,2","0","true","","","3","0.25","0.10000000000000001","","",""
"Specification-PolarizedContinuousMeritsModerateRiskAversion__Cost-4__Fee-American","1","47","0","P","7","14","P Offer","P Liability Signal: 2;P Files: 1;D Answers: 1;P Abandons: 2","2,1,1,2","0","true","","","4","0.35","0.10000000000000001","","",""
"Specification-PolarizedContinuousMeritsModerateRiskAversion__Cost-4__Fee-American","1","47","0","P","7","14","P Offer","P Liability Signal: 2;P Files: 1;D Answers: 1;P Abandons: 2","2,1,1,2","0","true","","","5","0.45","0.10000000000000001","","",""
"Specification-PolarizedContinuousMeritsModerateRiskAversion__Cost-4__Fee-American","1","47","0","P","7","14","P Offer","P Liability Signal: 2;P Files: 1;D Answers: 1;P Abandons: 2","2,1,1,2","0","true","","","6","0.55","0.10000000000000001","","",""
"Specification-PolarizedContinuousMeritsModerateRiskAversion__Cost-4__Fee-American","1","47","0","P","7","14","P Offer","P Liability Signal: 2;P Files: 1;D Answers: 1;P Abandons: 2","2,1,1,2","0","true","","","7","0.65","0.10000000000000001","","",""
"Specification-PolarizedContinuousMeritsModerateRiskAversion__Cost-4__Fee-American","1","47","0","P","7","14","P Offer","P Liability Signal: 2;P Files: 1;D Answers: 1;P Abandons: 2","2,1,1,2","0","true","","","8","0.75","0.10000000000000001","","",""
"Specification-PolarizedContinuousMeritsModerateRiskAversion__Cost-4__Fee-American","1","47","0","P","7","14","P Offer","P Liability Signal: 2;P Files: 1;D Answers: 1;P Abandons: 2","2,1,1,2","0","true","","","9","0.85","0.10000000000000001","","",""
"Specification-PolarizedContinuousMeritsModerateRiskAversion__Cost-4__Fee-American","1","47","0","P","7","14","P Offer","P Liability Signal: 2;P Files: 1;D Answers: 1;P Abandons: 2","2,1,1,2","0","true","","","10","0.95","0.10000000000000001","","",""
"Specification-PolarizedContinuousMeritsModerateRiskAversion__Cost-4__Fee-American","1","48","0","P","2","9","P Files","P Liability Signal: 3","3","0.10415000000000002","false","999.9999964079999","999.9999964079999","1","Yes","0","999.39711754838993","0.60287885960997301","false"
"Specification-PolarizedContinuousMeritsModerateRiskAversion__Cost-4__Fee-American","1","48","0","P","2","9","P Files","P Liability Signal: 3","3","0.10415000000000002","false","999.9999964079999","999.9999964079999","2","No","1","999.9999964079999","0","true"
"Specification-PolarizedContinuousMeritsModerateRiskAversion__Cost-4__Fee-American","1","49","0","P","5","20","P Abandons","P Liability Signal: 3;P Files: 1;D Answers: 1","3,1,1","0","true","","","1","Yes","0.5","","",""
"Specification-PolarizedContinuousMeritsModerateRiskAversion__Cost-4__Fee-American","1","49","0","P","5","20","P Abandons","P Liability Signal: 3;P Files: 1;D Answers: 1","3,1,1","0","true","","","2","No","0.5","","",""
"Specification-PolarizedContinuousMeritsModerateRiskAversion__Cost-4__Fee-American","1","50","0","P","7","14","P Offer","P Liability Signal: 3;P Files: 1;D Answers: 1;P Abandons: 1","3,1,1,1","0","true","","","1","0.05","0.10000000000000001","","",""
"Specification-PolarizedContinuousMeritsModerateRiskAversion__Cost-4__Fee-American","1","50","0","P","7","14","P Offer","P Liability Signal: 3;P Files: 1;D Answers: 1;P Abandons: 1","3,1,1,1","0","true","","","2","0.15","0.10000000000000001","","",""
"Specification-PolarizedContinuousMeritsModerateRiskAversion__Cost-4__Fee-American","1","50","0","P","7","14","P Offer","P Liability Signal: 3;P Files: 1;D Answers: 1;P Abandons: 1","3,1,1,1","0","true","","","3","0.25","0.10000000000000001","","",""
"Specification-PolarizedContinuousMeritsModerateRiskAversion__Cost-4__Fee-American","1","50","0","P","7","14","P Offer","P Liability Signal: 3;P Files: 1;D Answers: 1;P Abandons: 1","3,1,1,1","0","true","","","4","0.35","0.10000000000000001","","",""
"Specification-PolarizedContinuousMeritsModerateRiskAversion__Cost-4__Fee-American","1","50","0","P","7","14","P Offer","P Liability Signal: 3;P Files: 1;D Answers: 1;P Abandons: 1","3,1,1,1","0","true","","","5","0.45","0.10000000000000001","","",""
"Specification-PolarizedContinuousMeritsModerateRiskAversion__Cost-4__Fee-American","1","50","0","P","7","14","P Offer","P Liability Signal: 3;P Files: 1;D Answers: 1;P Abandons: 1","3,1,1,1","0","true","","","6","0.55","0.10000000000000001","","",""
"Specification-PolarizedContinuousMeritsModerateRiskAversion__Cost-4__Fee-American","1","50","0","P","7","14","P Offer","P Liability Signal: 3;P Files: 1;D Answers: 1;P Abandons: 1","3,1,1,1","0","true","","","7","0.65","0.10000000000000001","","",""
"Specification-PolarizedContinuousMeritsModerateRiskAversion__Cost-4__Fee-American","1","50","0","P","7","14","P Offer","P Liability Signal: 3;P Files: 1;D Answers: 1;P Abandons: 1","3,1,1,1","0","true","","","8","0.75","0.10000000000000001","","",""
"Specification-PolarizedContinuousMeritsModerateRiskAversion__Cost-4__Fee-American","1","50","0","P","7","14","P Offer","P Liability Signal: 3;P Files: 1;D Answers: 1;P Abandons: 1","3,1,1,1","0","true","","","9","0.85","0.10000000000000001","","",""
"Specification-PolarizedContinuousMeritsModerateRiskAversion__Cost-4__Fee-American","1","50","0","P","7","14","P Offer","P Liability Signal: 3;P Files: 1;D Answers: 1;P Abandons: 1","3,1,1,1","0","true","","","10","0.95","0.10000000000000001","","",""
"Specification-PolarizedContinuousMeritsModerateRiskAversion__Cost-4__Fee-American","1","51","0","P","7","14","P Offer","P Liability Signal: 3;P Files: 1;D Answers: 1;P Abandons: 2","3,1,1,2","0","true","","","1","0.05","0.10000000000000001","","",""
"Specification-PolarizedContinuousMeritsModerateRiskAversion__Cost-4__Fee-American","1","51","0","P","7","14","P Offer","P Liability Signal: 3;P Files: 1;D Answers: 1;P Abandons: 2","3,1,1,2","0","true","","","2","0.15","0.10000000000000001","","",""
"Specification-PolarizedContinuousMeritsModerateRiskAversion__Cost-4__Fee-American","1","51","0","P","7","14","P Offer","P Liability Signal: 3;P Files: 1;D Answers: 1;P Abandons: 2","3,1,1,2","0","true","","","3","0.25","0.10000000000000001","","",""
"Specification-PolarizedContinuousMeritsModerateRiskAversion__Cost-4__Fee-American","1","51","0","P","7","14","P Offer","P Liability Signal: 3;P Files: 1;D Answers: 1;P Abandons: 2","3,1,1,2","0","true","","","4","0.35","0.10000000000000001","","",""
"Specification-PolarizedContinuousMeritsModerateRiskAversion__Cost-4__Fee-American","1","51","0","P","7","14","P Offer","P Liability Signal: 3;P Files: 1;D Answers: 1;P Abandons: 2","3,1,1,2","0","true","","","5","0.45","0.10000000000000001","","",""
"Specification-PolarizedContinuousMeritsModerateRiskAversion__Cost-4__Fee-American","1","51","0","P","7","14","P Offer","P Liability Signal: 3;P Files: 1;D Answers: 1;P Abandons: 2","3,1,1,2","0","true","","","6","0.55","0.10000000000000001","","",""
"Specification-PolarizedContinuousMeritsModerateRiskAversion__Cost-4__Fee-American","1","51","0","P","7","14","P Offer","P Liability Signal: 3;P Files: 1;D Answers: 1;P Abandons: 2","3,1,1,2","0","true","","","7","0.65","0.10000000000000001","","",""
"Specification-PolarizedContinuousMeritsModerateRiskAversion__Cost-4__Fee-American","1","51","0","P","7","14","P Offer","P Liability Signal: 3;P Files: 1;D Answers: 1;P Abandons: 2","3,1,1,2","0","true","","","8","0.75","0.10000000000000001","","",""
"Specification-PolarizedContinuousMeritsModerateRiskAversion__Cost-4__Fee-American","1","51","0","P","7","14","P Offer","P Liability Signal: 3;P Files: 1;D Answers: 1;P Abandons: 2","3,1,1,2","0","true","","","9","0.85","0.10000000000000001","","",""
"Specification-PolarizedContinuousMeritsModerateRiskAversion__Cost-4__Fee-American","1","51","0","P","7","14","P Offer","P Liability Signal: 3;P Files: 1;D Answers: 1;P Abandons: 2","3,1,1,2","0","true","","","10","0.95","0.10000000000000001","","",""
"Specification-PolarizedContinuousMeritsModerateRiskAversion__Cost-4__Fee-American","1","52","0","P","2","9","P Files","P Liability Signal: 4","4","0.090939999999999993","false","999.99999640799979","999.99999640799979","1","Yes","0","999.55389911144971","0.44609729655007868","false"
"Specification-PolarizedContinuousMeritsModerateRiskAversion__Cost-4__Fee-American","1","52","0","P","2","9","P Files","P Liability Signal: 4","4","0.090939999999999993","false","999.99999640799979","999.99999640799979","2","No","1","999.99999640799979","0","true"
"Specification-PolarizedContinuousMeritsModerateRiskAversion__Cost-4__Fee-American","1","53","0","P","5","20","P Abandons","P Liability Signal: 4;P Files: 1;D Answers: 1","4,1,1","0","true","","","1","Yes","0.5","","",""
"Specification-PolarizedContinuousMeritsModerateRiskAversion__Cost-4__Fee-American","1","53","0","P","5","20","P Abandons","P Liability Signal: 4;P Files: 1;D Answers: 1","4,1,1","0","true","","","2","No","0.5","","",""
"Specification-PolarizedContinuousMeritsModerateRiskAversion__Cost-4__Fee-American","1","54","0","P","7","14","P Offer","P Liability Signal: 4;P Files: 1;D Answers: 1;P Abandons: 1","4,1,1,1","0","true","","","1","0.05","0.10000000000000001","","",""
"Specification-PolarizedContinuousMeritsModerateRiskAversion__Cost-4__Fee-American","1","54","0","P","7","14","P Offer","P Liability Signal: 4;P Files: 1;D Answers: 1;P Abandons: 1","4,1,1,1","0","true","","","2","0.15","0.10000000000000001","","",""
"Specification-PolarizedContinuousMeritsModerateRiskAversion__Cost-4__Fee-American","1","54","0","P","7","14","P Offer","P Liability Signal: 4;P Files: 1;D Answers: 1;P Abandons: 1","4,1,1,1","0","true","","","3","0.25","0.10000000000000001","","",""
"Specification-PolarizedContinuousMeritsModerateRiskAversion__Cost-4__Fee-American","1","54","0","P","7","14","P Offer","P Liability Signal: 4;P Files: 1;D Answers: 1;P Abandons: 1","4,1,1,1","0","true","","","4","0.35","0.10000000000000001","","",""
"Specification-PolarizedContinuousMeritsModerateRiskAversion__Cost-4__Fee-American","1","54","0","P","7","14","P Offer","P Liability Signal: 4;P Files: 1;D Answers: 1;P Abandons: 1","4,1,1,1","0","true","","","5","0.45","0.10000000000000001","","",""
"Specification-PolarizedContinuousMeritsModerateRiskAversion__Cost-4__Fee-American","1","54","0","P","7","14","P Offer","P Liability Signal: 4;P Files: 1;D Answers: 1;P Abandons: 1","4,1,1,1","0","true","","","6","0.55","0.10000000000000001","","",""
"Specification-PolarizedContinuousMeritsModerateRiskAversion__Cost-4__Fee-American","1","54","0","P","7","14","P Offer","P Liability Signal: 4;P Files: 1;D Answers: 1;P Abandons: 1","4,1,1,1","0","true","","","7","0.65","0.10000000000000001","","",""
"Specification-PolarizedContinuousMeritsModerateRiskAversion__Cost-4__Fee-American","1","54","0","P","7","14","P Offer","P Liability Signal: 4;P Files: 1;D Answers: 1;P Abandons: 1","4,1,1,1","0","true","","","8","0.75","0.10000000000000001","","",""
"Specification-PolarizedContinuousMeritsModerateRiskAversion__Cost-4__Fee-American","1","54","0","P","7","14","P Offer","P Liability Signal: 4;P Files: 1;D Answers: 1;P Abandons: 1","4,1,1,1","0","true","","","9","0.85","0.10000000000000001","","",""
"Specification-PolarizedContinuousMeritsModerateRiskAversion__Cost-4__Fee-American","1","54","0","P","7","14","P Offer","P Liability Signal: 4;P Files: 1;D Answers: 1;P Abandons: 1","4,1,1,1","0","true","","","10","0.95","0.10000000000000001","","",""
"Specification-PolarizedContinuousMeritsModerateRiskAversion__Cost-4__Fee-American","1","55","0","P","7","14","P Offer","P Liability Signal: 4;P Files: 1;D Answers: 1;P Abandons: 2","4,1,1,2","0","true","","","1","0.05","0.10000000000000001","","",""
"Specification-PolarizedContinuousMeritsModerateRiskAversion__Cost-4__Fee-American","1","55","0","P","7","14","P Offer","P Liability Signal: 4;P Files: 1;D Answers: 1;P Abandons: 2","4,1,1,2","0","true","","","2","0.15","0.10000000000000001","","",""
"Specification-PolarizedContinuousMeritsModerateRiskAversion__Cost-4__Fee-American","1","55","0","P","7","14","P Offer","P Liability Signal: 4;P Files: 1;D Answers: 1;P Abandons: 2","4,1,1,2","0","true","","","3","0.25","0.10000000000000001","","",""
"Specification-PolarizedContinuousMeritsModerateRiskAversion__Cost-4__Fee-American","1","55","0","P","7","14","P Offer","P Liability Signal: 4;P Files: 1;D Answers: 1;P Abandons: 2","4,1,1,2","0","true","","","4","0.35","0.10000000000000001","","",""
"Specification-PolarizedContinuousMeritsModerateRiskAversion__Cost-4__Fee-American","1","55","0","P","7","14","P Offer","P Liability Signal: 4;P Files: 1;D Answers: 1;P Abandons: 2","4,1,1,2","0","true","","","5","0.45","0.10000000000000001","","",""
"Specification-PolarizedContinuousMeritsModerateRiskAversion__Cost-4__Fee-American","1","55","0","P","7","14","P Offer","P Liability Signal: 4;P Files: 1;D Answers: 1;P Abandons: 2","4,1,1,2","0","true","","","6","0.55","0.10000000000000001","","",""
"Specification-PolarizedContinuousMeritsModerateRiskAversion__Cost-4__Fee-American","1","55","0","P","7","14","P Offer","P Liability Signal: 4;P Files: 1;D Answers: 1;P Abandons: 2","4,1,1,2","0","true","","","7","0.65","0.10000000000000001","","",""
"Specification-PolarizedContinuousMeritsModerateRiskAversion__Cost-4__Fee-American","1","55","0","P","7","14","P Offer","P Liability Signal: 4;P Files: 1;D Answers: 1;P Abandons: 2","4,1,1,2","0","true","","","8","0.75","0.10000000000000001","","",""
"Specification-PolarizedContinuousMeritsModerateRiskAversion__Cost-4__Fee-American","1","55","0","P","7","14","P Offer","P Liability Signal: 4;P Files: 1;D Answers: 1;P Abandons: 2","4,1,1,2","0","true","","","9","0.85","0.10000000000000001","","",""
"Specification-PolarizedContinuousMeritsModerateRiskAversion__Cost-4__Fee-American","1","55","0","P","7","14","P Offer","P Liability Signal: 4;P Files: 1;D Answers: 1;P Abandons: 2","4,1,1,2","0","true","","","10","0.95","0.10000000000000001","","",""
"Specification-PolarizedContinuousMeritsModerateRiskAversion__Cost-4__Fee-American","1","56","0","P","2","9","P Files","P Liability Signal: 5","5","0.082269999999999996","false","999.99999640800002","999.99999640800002","1","Yes","0","999.74054922183802","0.25944718616199225","false"
"Specification-PolarizedContinuousMeritsModerateRiskAversion__Cost-4__Fee-American","1","56","0","P","2","9","P Files","P Liability Signal: 5","5","0.082269999999999996","false","999.99999640800002","999.99999640800002","2","No","1","999.99999640800002","0","true"
"Specification-PolarizedContinuousMeritsModerateRiskAversion__Cost-4__Fee-American","1","57","0","P","5","20","P Abandons","P Liability Signal: 5;P Files: 1;D Answers: 1","5,1,1","0","true","","","1","Yes","0.5","","",""
"Specification-PolarizedContinuousMeritsModerateRiskAversion__Cost-4__Fee-American","1","57","0","P","5","20","P Abandons","P Liability Signal: 5;P Files: 1;D Answers: 1","5,1,1","0","true","","","2","No","0.5","","",""
"Specification-PolarizedContinuousMeritsModerateRiskAversion__Cost-4__Fee-American","1","58","0","P","7","14","P Offer","P Liability Signal: 5;P Files: 1;D Answers: 1;P Abandons: 1","5,1,1,1","0","true","","","1","0.05","0.10000000000000001","","",""
"Specification-PolarizedContinuousMeritsModerateRiskAversion__Cost-4__Fee-American","1","58","0","P","7","14","P Offer","P Liability Signal: 5;P Files: 1;D Answers: 1;P Abandons: 1","5,1,1,1","0","true","","","2","0.15","0.10000000000000001","","",""
"Specification-PolarizedContinuousMeritsModerateRiskAversion__Cost-4__Fee-American","1","58","0","P","7","14","P Offer","P Liability Signal: 5;P Files: 1;D Answers: 1;P Abandons: 1","5,1,1,1","0","true","","","3","0.25","0.10000000000000001","","",""
"Specification-PolarizedContinuousMeritsModerateRiskAversion__Cost-4__Fee-American","1","58","0","P","7","14","P Offer","P Liability Signal: 5;P Files: 1;D Answers: 1;P Abandons: 1","5,1,1,1","0","true","","","4","0.35","0.10000000000000001","","",""
"Specification-PolarizedContinuousMeritsModerateRiskAversion__Cost-4__Fee-American","1","58","0","P","7","14","P Offer","P Liability Signal: 5;P Files: 1;D Answers: 1;P Abandons: 1","5,1,1,1","0","true","","","5","0.45","0.10000000000000001","","",""
"Specification-PolarizedContinuousMeritsModerateRiskAversion__Cost-4__Fee-American","1","58","0","P","7","14","P Offer","P Liability Signal: 5;P Files: 1;D Answers: 1;P Abandons: 1","5,1,1,1","0","true","","","6","0.55","0.10000000000000001","","",""
"Specification-PolarizedContinuousMeritsModerateRiskAversion__Cost-4__Fee-American","1","58","0","P","7","14","P Offer","P Liability Signal: 5;P Files: 1;D Answers: 1;P Abandons: 1","5,1,1,1","0","true","","","7","0.65","0.10000000000000001","","",""
"Specification-PolarizedContinuousMeritsModerateRiskAversion__Cost-4__Fee-American","1","58","0","P","7","14","P Offer","P Liability Signal: 5;P Files: 1;D Answers: 1;P Abandons: 1","5,1,1,1","0","true","","","8","0.75","0.10000000000000001","","",""
"Specification-PolarizedContinuousMeritsModerateRiskAversion__Cost-4__Fee-American","1","58","0","P","7","14","P Offer","P Liability Signal: 5;P Files: 1;D Answers: 1;P Abandons: 1","5,1,1,1","0","true","","","9","0.85","0.10000000000000001","","",""
"Specification-PolarizedContinuousMeritsModerateRiskAversion__Cost-4__Fee-American","1","58","0","P","7","14","P Offer","P Liability Signal: 5;P Files: 1;D Answers: 1;P Abandons: 1","5,1,1,1","0","true","","","10","0.95","0.10000000000000001","","",""
"Specification-PolarizedContinuousMeritsModerateRiskAversion__Cost-4__Fee-American","1","59","0","P","7","14","P Offer","P Liability Signal: 5;P Files: 1;D Answers: 1;P Abandons: 2","5,1,1,2","0","true","","","1","0.05","0.10000000000000001","","",""
"Specification-PolarizedContinuousMeritsModerateRiskAversion__Cost-4__Fee-American","1","59","0","P","7","14","P Offer","P Liability Signal: 5;P Files: 1;D Answers: 1;P Abandons: 2","5,1,1,2","0","true","","","2","0.15","0.10000000000000001","","",""
"Specification-PolarizedContinuousMeritsModerateRiskAversion__Cost-4__Fee-American","1","59","0","P","7","14","P Offer","P Liability Signal: 5;P Files: 1;D Answers: 1;P Abandons: 2","5,1,1,2","0","true","","","3","0.25","0.10000000000000001","","",""
"Specification-PolarizedContinuousMeritsModerateRiskAversion__Cost-4__Fee-American","1","59","0","P","7","14","P Offer","P Liability Signal: 5;P Files: 1;D Answers: 1;P Abandons: 2","5,1,1,2","0","true","","","4","0.35","0.10000000000000001","","",""
"Specification-PolarizedContinuousMeritsModerateRiskAversion__Cost-4__Fee-American","1","59","0","P","7","14","P Offer","P Liability Signal: 5;P Files: 1;D Answers: 1;P Abandons: 2","5,1,1,2","0","true","","","5","0.45","0.10000000000000001","","",""
"Specification-PolarizedContinuousMeritsModerateRiskAversion__Cost-4__Fee-American","1","59","0","P","7","14","P Offer","P Liability Signal: 5;P Files: 1;D Answers: 1;P Abandons: 2","5,1,1,2","0","true","","","6","0.55","0.10000000000000001","","",""
"Specification-PolarizedContinuousMeritsModerateRiskAversion__Cost-4__Fee-American","1","59","0","P","7","14","P Offer","P Liability Signal: 5;P Files: 1;D Answers: 1;P Abandons: 2","5,1,1,2","0","true","","","7","0.65","0.10000000000000001","","",""
"Specification-PolarizedContinuousMeritsModerateRiskAversion__Cost-4__Fee-American","1","59","0","P","7","14","P Offer","P Liability Signal: 5;P Files: 1;D Answers: 1;P Abandons: 2","5,1,1,2","0","true","","","8","0.75","0.10000000000000001","","",""
"Specification-PolarizedContinuousMeritsModerateRiskAversion__Cost-4__Fee-American","1","59","0","P","7","14","P Offer","P Liability Signal: 5;P Files: 1;D Answers: 1;P Abandons: 2","5,1,1,2","0","true","","","9","0.85","0.10000000000000001","","",""
"Specification-PolarizedContinuousMeritsModerateRiskAversion__Cost-4__Fee-American","1","59","0","P","7","14","P Offer","P Liability Signal: 5;P Files: 1;D Answers: 1;P Abandons: 2","5,1,1,2","0","true","","","10","0.95","0.10000000000000001","","",""
"Specification-PolarizedContinuousMeritsModerateRiskAversion__Cost-4__Fee-American","1","60","0","P","2","9","P Files","P Liability Signal: 6","6","0.08227000000000001","false","999.99999640800002","999.99999640800002","1","Yes","0","999.90664473946936","0.093351668530658571","false"
"Specification-PolarizedContinuousMeritsModerateRiskAversion__Cost-4__Fee-American","1","60","0","P","2","9","P Files","P Liability Signal: 6","6","0.08227000000000001","false","999.99999640800002","999.99999640800002","2","No","1","999.99999640800002","0","true"
"Specification-PolarizedContinuousMeritsModerateRiskAversion__Cost-4__Fee-American","1","61","0","P","5","20","P Abandons","P Liability Signal: 6;P Files: 1;D Answers: 1","6,1,1","0","true","","","1","Yes","0.5","","",""
"Specification-PolarizedContinuousMeritsModerateRiskAversion__Cost-4__Fee-American","1","61","0","P","5","20","P Abandons","P Liability Signal: 6;P Files: 1;D Answers: 1","6,1,1","0","true","","","2","No","0.5","","",""
"Specification-PolarizedContinuousMeritsModerateRiskAversion__Cost-4__Fee-American","1","62","0","P","7","14","P Offer","P Liability Signal: 6;P Files: 1;D Answers: 1;P Abandons: 1","6,1,1,1","0","true","","","1","0.05","0.10000000000000001","","",""
"Specification-PolarizedContinuousMeritsModerateRiskAversion__Cost-4__Fee-American","1","62","0","P","7","14","P Offer","P Liability Signal: 6;P Files: 1;D Answers: 1;P Abandons: 1","6,1,1,1","0","true","","","2","0.15","0.10000000000000001","","",""
"Specification-PolarizedContinuousMeritsModerateRiskAversion__Cost-4__Fee-American","1","62","0","P","7","14","P Offer","P Liability Signal: 6;P Files: 1;D Answers: 1;P Abandons: 1","6,1,1,1","0","true","","","3","0.25","0.10000000000000001","","",""
"Specification-PolarizedContinuousMeritsModerateRiskAversion__Cost-4__Fee-American","1","62","0","P","7","14","P Offer","P Liability Signal: 6;P Files: 1;D Answers: 1;P Abandons: 1","6,1,1,1","0","true","","","4","0.35","0.10000000000000001","","",""
"Specification-PolarizedContinuousMeritsModerateRiskAversion__Cost-4__Fee-American","1","62","0","P","7","14","P Offer","P Liability Signal: 6;P Files: 1;D Answers: 1;P Abandons: 1","6,1,1,1","0","true","","","5","0.45","0.10000000000000001","","",""
"Specification-PolarizedContinuousMeritsModerateRiskAversion__Cost-4__Fee-American","1","62","0","P","7","14","P Offer","P Liability Signal: 6;P Files: 1;D Answers: 1;P Abandons: 1","6,1,1,1","0","true","","","6","0.55","0.10000000000000001","","",""
"Specification-PolarizedContinuousMeritsModerateRiskAversion__Cost-4__Fee-American","1","62","0","P","7","14","P Offer","P Liability Signal: 6;P Files: 1;D Answers: 1;P Abandons: 1","6,1,1,1","0","true","","","7","0.65","0.10000000000000001","","",""
"Specification-PolarizedContinuousMeritsModerateRiskAversion__Cost-4__Fee-American","1","62","0","P","7","14","P Offer","P Liability Signal: 6;P Files: 1;D Answers: 1;P Abandons: 1","6,1,1,1","0","true","","","8","0.75","0.10000000000000001","","",""
"Specification-PolarizedContinuousMeritsModerateRiskAversion__Cost-4__Fee-American","1","62","0","P","7","14","P Offer","P Liability Signal: 6;P Files: 1;D Answers: 1;P Abandons: 1","6,1,1,1","0","true","","","9","0.85","0.10000000000000001","","",""
"Specification-PolarizedContinuousMeritsModerateRiskAversion__Cost-4__Fee-American","1","62","0","P","7","14","P Offer","P Liability Signal: 6;P Files: 1;D Answers: 1;P Abandons: 1","6,1,1,1","0","true","","","10","0.95","0.10000000000000001","","",""
"Specification-PolarizedContinuousMeritsModerateRiskAversion__Cost-4__Fee-American","1","63","0","P","7","14","P Offer","P Liability Signal: 6;P Files: 1;D Answers: 1;P Abandons: 2","6,1,1,2","0","true","","","1","0.05","0.10000000000000001","","",""
"Specification-PolarizedContinuousMeritsModerateRiskAversion__Cost-4__Fee-American","1","63","0","P","7","14","P Offer","P Liability Signal: 6;P Files: 1;D Answers: 1;P Abandons: 2","6,1,1,2","0","true","","","2","0.15","0.10000000000000001","","",""
"Specification-PolarizedContinuousMeritsModerateRiskAversion__Cost-4__Fee-American","1","63","0","P","7","14","P Offer","P Liability Signal: 6;P Files: 1;D Answers: 1;P Abandons: 2","6,1,1,2","0","true","","","3","0.25","0.10000000000000001","","",""
"Specification-PolarizedContinuousMeritsModerateRiskAversion__Cost-4__Fee-American","1","63","0","P","7","14","P Offer","P Liability Signal: 6;P Files: 1;D Answers: 1;P Abandons: 2","6,1,1,2","0","true","","","4","0.35","0.10000000000000001","","",""
"Specification-PolarizedContinuousMeritsModerateRiskAversion__Cost-4__Fee-American","1","63","0","P","7","14","P Offer","P Liability Signal: 6;P Files: 1;D Answers: 1;P Abandons: 2","6,1,1,2","0","true","","","5","0.45","0.10000000000000001","","",""
"Specification-PolarizedContinuousMeritsModerateRiskAversion__Cost-4__Fee-American","1","63","0","P","7","14","P Offer","P Liability Signal: 6;P Files: 1;D Answers: 1;P Abandons: 2","6,1,1,2","0","true","","","6","0.55","0.10000000000000001","","",""
"Specification-PolarizedContinuousMeritsModerateRiskAversion__Cost-4__Fee-American","1","63","0","P","7","14","P Offer","P Liability Signal: 6;P Files: 1;D Answers: 1;P Abandons: 2","6,1,1,2","0","true","","","7","0.65","0.10000000000000001","","",""
"Specification-PolarizedContinuousMeritsModerateRiskAversion__Cost-4__Fee-American","1","63","0","P","7","14","P Offer","P Liability Signal: 6;P Files: 1;D Answers: 1;P Abandons: 2","6,1,1,2","0","true","","","8","0.75","0.10000000000000001","","",""
"Specification-PolarizedContinuousMeritsModerateRiskAversion__Cost-4__Fee-American","1","63","0","P","7","14","P Offer","P Liability Signal: 6;P Files: 1;D Answers: 1;P Abandons: 2","6,1,1,2","0","true","","","9","0.85","0.10000000000000001","","",""
"Specification-PolarizedContinuousMeritsModerateRiskAversion__Cost-4__Fee-American","1","63","0","P","7","14","P Offer","P Liability Signal: 6;P Files: 1;D Answers: 1;P Abandons: 2","6,1,1,2","0","true","","","10","0.95","0.10000000000000001","","",""
"Specification-PolarizedContinuousMeritsModerateRiskAversion__Cost-4__Fee-American","1","64","0","P","2","9","P Files","P Liability Signal: 7","7","0.090939999999999993","false","1000.0453317083922","1000.0453317083922","1","Yes","1","1000.0453317083922","0","true"
"Specification-PolarizedContinuousMeritsModerateRiskAversion__Cost-4__Fee-American","1","64","0","P","2","9","P Files","P Liability Signal: 7","7","0.090939999999999993","false","1000.0453317083922","1000.0453317083922","2","No","0","999.99999640800013","0.045335300392025601","false"
"Specification-PolarizedContinuousMeritsModerateRiskAversion__Cost-4__Fee-American","1","65","0","P","5","20","P Abandons","P Liability Signal: 7;P Files: 1;D Answers: 1","7,1,1","0.012228107430600826","false","999.67579657736098","999.67579657736098","1","Yes","0","999.66157460388297","0.01422197347801557","false"
"Specification-PolarizedContinuousMeritsModerateRiskAversion__Cost-4__Fee-American","1","65","0","P","5","20","P Abandons","P Liability Signal: 7;P Files: 1;D Answers: 1","7,1,1","0.012228107430600826","false","999.67579657736098","999.67579657736098","2","No","1","999.67579657736098","0","true"
"Specification-PolarizedContinuousMeritsModerateRiskAversion__Cost-4__Fee-American","1","66","0","P","7","14","P Offer","P Liability Signal: 7;P Files: 1;D Answers: 1;P Abandons: 1","7,1,1,1","0","true","","","1","0.05","0.10000000000000001","","",""
"Specification-PolarizedContinuousMeritsModerateRiskAversion__Cost-4__Fee-American","1","66","0","P","7","14","P Offer","P Liability Signal: 7;P Files: 1;D Answers: 1;P Abandons: 1","7,1,1,1","0","true","","","2","0.15","0.10000000000000001","","",""
"Specification-PolarizedContinuousMeritsModerateRiskAversion__Cost-4__Fee-American","1","66","0","P","7","14","P Offer","P Liability Signal: 7;P Files: 1;D Answers: 1;P Abandons: 1","7,1,1,1","0","true","","","3","0.25","0.10000000000000001","","",""
"Specification-PolarizedContinuousMeritsModerateRiskAversion__Cost-4__Fee-American","1","66","0","P","7","14","P Offer","P Liability Signal: 7;P Files: 1;D Answers: 1;P Abandons: 1","7,1,1,1","0","true","","","4","0.35","0.10000000000000001","","",""
"Specification-PolarizedContinuousMeritsModerateRiskAversion__Cost-4__Fee-American","1","66","0","P","7","14","P Offer","P Liability Signal: 7;P Files: 1;D Answers: 1;P Abandons: 1","7,1,1,1","0","true","","","5","0.45","0.10000000000000001","","",""
"Specification-PolarizedContinuousMeritsModerateRiskAversion__Cost-4__Fee-American","1","66","0","P","7","14","P Offer","P Liability Signal: 7;P Files: 1;D Answers: 1;P Abandons: 1","7,1,1,1","0","true","","","6","0.55","0.10000000000000001","","",""
"Specification-PolarizedContinuousMeritsModerateRiskAversion__Cost-4__Fee-American","1","66","0","P","7","14","P Offer","P Liability Signal: 7;P Files: 1;D Answers: 1;P Abandons: 1","7,1,1,1","0","true","","","7","0.65","0.10000000000000001","","",""
"Specification-PolarizedContinuousMeritsModerateRiskAversion__Cost-4__Fee-American","1","66","0","P","7","14","P Offer","P Liability Signal: 7;P Files: 1;D Answers: 1;P Abandons: 1","7,1,1,1","0","true","","","8","0.75","0.10000000000000001","","",""
"Specification-PolarizedContinuousMeritsModerateRiskAversion__Cost-4__Fee-American","1","66","0","P","7","14","P Offer","P Liability Signal: 7;P Files: 1;D Answers: 1;P Abandons: 1","7,1,1,1","0","true","","","9","0.85","0.10000000000000001","","",""
"Specification-PolarizedContinuousMeritsModerateRiskAversion__Cost-4__Fee-American","1","66","0","P","7","14","P Offer","P Liability Signal: 7;P Files: 1;D Answers: 1;P Abandons: 1","7,1,1,1","0","true","","","10","0.95","0.10000000000000001","","",""
"Specification-PolarizedContinuousMeritsModerateRiskAversion__Cost-4__Fee-American","1","67","0","P","7","14","P Offer","P Liability Signal: 7;P Files: 1;D Answers: 1;P Abandons: 2","7,1,1,2","0.012228107430600826","false","999.67579657736098","999.67579657736098","1","0.05","1","999.67579657736098","0","true"
"Specification-PolarizedContinuousMeritsModerateRiskAversion__Cost-4__Fee-American","1","67","0","P","7","14","P Offer","P Liability Signal: 7;P Files: 1;D Answers: 1;P Abandons: 2","7,1,1,2","0.012228107430600826","false","999.67579657736098","999.67579657736098","2","0.15","0","999.0938352336226","0.58196134373838504","false"
"Specification-PolarizedContinuousMeritsModerateRiskAversion__Cost-4__Fee-American","1","67","0","P","7","14","P Offer","P Liability Signal: 7;P Files: 1;D Answers: 1;P Abandons: 2","7,1,1,2","0.012228107430600826","false","999.67579657736098","999.67579657736098","3","0.25","0","999.10607679551367","0.56971978184731142","false"
"Specification-PolarizedContinuousMeritsModerateRiskAversion__Cost-4__Fee-American","1","67","0","P","7","14","P Offer","P Liability Signal: 7;P Files: 1;D Answers: 1;P Abandons: 2","7,1,1,2","0.012228107430600826","false","999.67579657736098","999.67579657736098","4","0.35","0","999.11714811142372","0.55864846593726725","false"
"Specification-PolarizedContinuousMeritsModerateRiskAversion__Cost-4__Fee-American","1","67","0","P","7","14","P Offer","P Liability Signal: 7;P Files: 1;D Answers: 1;P Abandons: 2","7,1,1,2","0.012228107430600826","false","999.67579657736098","999.67579657736098","5","0.45","0","999.19374005343798","0.48205652392300635","false"
"Specification-PolarizedContinuousMeritsModerateRiskAversion__Cost-4__Fee-American","1","67","0","P","7","14","P Offer","P Liability Signal: 7;P Files: 1;D Answers: 1;P Abandons: 2","7,1,1,2","0.012228107430600826","false","999.67579657736098","999.67579657736098","6","0.55","0","999.19374005343798","0.48205652392300635","false"
"Specification-PolarizedContinuousMeritsModerateRiskAversion__Cost-4__Fee-American","1","67","0","P","7","14","P Offer","P Liability Signal: 7;P Files: 1;D Answers: 1;P Abandons: 2","7,1,1,2","0.012228107430600826","false","999.67579657736098","999.67579657736098","7","0.65","0","999.19374005343798","0.48205652392300635","false"
"Specification-PolarizedContinuousMeritsModerateRiskAversion__Cost-4__Fee-American","1","67","0","P","7","14","P Offer","P Liability Signal: 7;P Files: 1;D Answers: 1;P Abandons: 2","7,1,1,2","0.012228107430600826","false","999.67579657736098","999.67579657736098","8","0.75","0","999.19374005343798","0.48205652392300635","false"
"Specification-PolarizedContinuousMeritsModerateRiskAversion__Cost-4__Fee-American","1","67","0","P","7","14","P Offer","P Liability Signal: 7;P Files: 1;D Answers: 1;P Abandons: 2","7,1,1,2","0.012228107430600826","false","999.67579657736098","999.67579657736098","9","0.85","0","999.19374005343798","0.48205652392300635","false"
"Specification-PolarizedContinuousMeritsModerateRiskAversion__Cost-4__Fee-American","1","67","0","P","7","14","P Offer","P Liability Signal: 7;P Files: 1;D Answers: 1;P Abandons: 2","7,1,1,2","0.012228107430600826","false","999.67579657736098","999.67579657736098","10","0.95","0","999.19374005343798","0.48205652392300635","false"
"Specification-PolarizedContinuousMeritsModerateRiskAversion__Cost-4__Fee-American","1","68","0","P","2","9","P Files","P Liability Signal: 8","8","0.10414999999999999","false","1000.0759564809645","1000.0759564809645","1","Yes","1","1000.0759564809645","0","true"
"Specification-PolarizedContinuousMeritsModerateRiskAversion__Cost-4__Fee-American","1","68","0","P","2","9","P Files","P Liability Signal: 8","8","0.10414999999999999","false","1000.0759564809645","1000.0759564809645","2","No","0","999.99999640800013","0.075960072964335268","false"
"Specification-PolarizedContinuousMeritsModerateRiskAversion__Cost-4__Fee-American","1","69","0","P","5","20","P Abandons","P Liability Signal: 8;P Files: 1;D Answers: 1","8,1,1","0.006838703578483824","false","999.6948405384195","999.6948405384195","1","Yes","1","999.6948405384195","0","true"
"Specification-PolarizedContinuousMeritsModerateRiskAversion__Cost-4__Fee-American","1","69","0","P","5","20","P Abandons","P Liability Signal: 8;P Files: 1;D Answers: 1","8,1,1","0.006838703578483824","false","999.6948405384195","999.6948405384195","2","No","0","999.39736402127619","0.29747651714330914","false"
"Specification-PolarizedContinuousMeritsModerateRiskAversion__Cost-4__Fee-American","1","70","0","P","7","14","P Offer","P Liability Signal: 8;P Files: 1;D Answers: 1;P Abandons: 1","8,1,1,1","0.006838703578483824","false","999.6948405384195","999.6948405384195","1","0.05","0","999.68557000480598","0.0092705336135168181","false"
"Specification-PolarizedContinuousMeritsModerateRiskAversion__Cost-4__Fee-American","1","70","0","P","7","14","P Offer","P Liability Signal: 8;P Files: 1;D Answers: 1;P Abandons: 1","8,1,1,1","0.006838703578483824","false","999.6948405384195","999.6948405384195","2","0.15","0","999.66694527615186","0.02789526226763428","false"
"Specification-PolarizedContinuousMeritsModerateRiskAversion__Cost-4__Fee-American","1","70","0","P","7","14","P Offer","P Liability Signal: 8;P Files: 1;D Answers: 1;P Abandons: 1","8,1,1,1","0.006838703578483824","false","999.6948405384195","999.6948405384195","3","0.25","0","999.6815930421817","0.013247496237795531","false"
"Specification-PolarizedContinuousMeritsModerateRiskAversion__Cost-4__Fee-American","1","70","0","P","7","14","P Offer","P Liability Signal: 8;P Files: 1;D Answers: 1;P Abandons: 1","8,1,1,1","0.006838703578483824","false","999.6948405384195","999.6948405384195","4","0.35","1","999.6948405384195","0","true"
"Specification-PolarizedContinuousMeritsModerateRiskAversion__Cost-4__Fee-American","1","70","0","P","7","14","P Offer","P Liability Signal: 8;P Files: 1;D Answers: 1;P Abandons: 1","8,1,1,1","0.006838703578483824","false","999.6948405384195","999.6948405384195","5","0.45","0","999.67681009817204","0.018030440247457591","false"
"Specification-PolarizedContinuousMeritsModerateRiskAversion__Cost-4__Fee-American","1","70","0","P","7","14","P Offer","P Liability Signal: 8;P Files: 1;D Answers: 1;P Abandons: 1","8,1,1,1","0.006838703578483824","false","999.6948405384195","999.6948405384195","6","0.55","0","999.67681009817204","0.018030440247457591","false"
"Specification-PolarizedContinuousMeritsModerateRiskAversion__Cost-4__Fee-American","1","70","0","P","7","14","P Offer","P Liability Signal: 8;P Files: 1;D Answers: 1;P Abandons: 1","8,1,1,1","0.006838703578483824","false","999.6948405384195","999.6948405384195","7","0.65","0","999.67681009817204","0.018030440247457591","false"
"Specification-PolarizedContinuousMeritsModerateRiskAversion__Cost-4__Fee-American","1","70","0","P","7","14","P Offer","P Liability Signal: 8;P Files: 1;D Answers: 1;P Abandons: 1","8,1,1,1","0.006838703578483824","false","999.6948405384195","999.6948405384195","8","0.75","0","999.67681009817204","0.018030440247457591","false"
"Specification-PolarizedContinuousMeritsModerateRiskAversion__Cost-4__Fee-American","1","70","0","P","7","14","P Offer","P Liability Signal: 8;P Files: 1;D Answers: 1;P Abandons: 1","8,1,1,1","0.006838703578483824","false","999.6948405384195","999.6948405384195","9","0.85","0","999.67681009817204","0.018030440247457591","false"
"Specification-PolarizedContinuousMeritsModerateRiskAversion__Cost-4__Fee-American","1","70","0","P","7","14","P Offer","P Liability Signal: 8;P Files: 1;D Answers: 1;P Abandons: 1","8,1,1,1","0.006838703578483824","false","999.6948405384195","999.6948405384195","10","0.95","0","999.67681009817204","0.018030440247457591","false"
"Specification-PolarizedContinuousMeritsModerateRiskAversion__Cost-4__Fee-American","1","71","0","P","7","14","P Offer","P Liability Signal: 8;P Files: 1;D Answers: 1;P Abandons: 2","8,1,1,2","0","true","","","1","0.05","0.10000000000000001","","",""
"Specification-PolarizedContinuousMeritsModerateRiskAversion__Cost-4__Fee-American","1","71","0","P","7","14","P Offer","P Liability Signal: 8;P Files: 1;D Answers: 1;P Abandons: 2","8,1,1,2","0","true","","","2","0.15","0.10000000000000001","","",""
"Specification-PolarizedContinuousMeritsModerateRiskAversion__Cost-4__Fee-American","1","71","0","P","7","14","P Offer","P Liability Signal: 8;P Files: 1;D Answers: 1;P Abandons: 2","8,1,1,2","0","true","","","3","0.25","0.10000000000000001","","",""
"Specification-PolarizedContinuousMeritsModerateRiskAversion__Cost-4__Fee-American","1","71","0","P","7","14","P Offer","P Liability Signal: 8;P Files: 1;D Answers: 1;P Abandons: 2","8,1,1,2","0","true","","","4","0.35","0.10000000000000001","","",""
"Specification-PolarizedContinuousMeritsModerateRiskAversion__Cost-4__Fee-American","1","71","0","P","7","14","P Offer","P Liability Signal: 8;P Files: 1;D Answers: 1;P Abandons: 2","8,1,1,2","0","true","","","5","0.45","0.10000000000000001","","",""
"Specification-PolarizedContinuousMeritsModerateRiskAversion__Cost-4__Fee-American","1","71","0","P","7","14","P Offer","P Liability Signal: 8;P Files: 1;D Answers: 1;P Abandons: 2","8,1,1,2","0","true","","","6","0.55","0.10000000000000001","","",""
"Specification-PolarizedContinuousMeritsModerateRiskAversion__Cost-4__Fee-American","1","71","0","P","7","14","P Offer","P Liability Signal: 8;P Files: 1;D Answers: 1;P Abandons: 2","8,1,1,2","0","true","","","7","0.65","0.10000000000000001","","",""
"Specification-PolarizedContinuousMeritsModerateRiskAversion__Cost-4__Fee-American","1","71","0","P","7","14","P Offer","P Liability Signal: 8;P Files: 1;D Answers: 1;P Abandons: 2","8,1,1,2","0","true","","","8","0.75","0.10000000000000001","","",""
"Specification-PolarizedContinuousMeritsModerateRiskAversion__Cost-4__Fee-American","1","71","0","P","7","14","P Offer","P Liability Signal: 8;P Files: 1;D Answers: 1;P Abandons: 2","8,1,1,2","0","true","","","9","0.85","0.10000000000000001","","",""
"Specification-PolarizedContinuousMeritsModerateRiskAversion__Cost-4__Fee-American","1","71","0","P","7","14","P Offer","P Liability Signal: 8;P Files: 1;D Answers: 1;P Abandons: 2","8,1,1,2","0","true","","","10","0.95","0.10000000000000001","","",""
"Specification-PolarizedContinuousMeritsModerateRiskAversion__Cost-4__Fee-American","1","72","0","P","2","9","P Files","P Liability Signal: 9","9","0.11336","false","1000.0901944144128","1000.0901944144128","1","Yes","1","1000.0901944144128","0","true"
"Specification-PolarizedContinuousMeritsModerateRiskAversion__Cost-4__Fee-American","1","72","0","P","2","9","P Files","P Liability Signal: 9","9","0.11336","false","1000.0901944144128","1000.0901944144128","2","No","0","999.99999640800002","0.09019800641283382","false"
"Specification-PolarizedContinuousMeritsModerateRiskAversion__Cost-4__Fee-American","1","73","0","P","5","20","P Abandons","P Liability Signal: 9;P Files: 1;D Answers: 1","9,1,1","0.0036745748384378833","false","999.71571084841469","999.71571084841469","1","Yes","1","999.71571084841469","0","true"
"Specification-PolarizedContinuousMeritsModerateRiskAversion__Cost-4__Fee-American","1","73","0","P","5","20","P Abandons","P Liability Signal: 9;P Files: 1;D Answers: 1","9,1,1","0.0036745748384378833","false","999.71571084841469","999.71571084841469","2","No","0","999.5585930720182","0.15711777639648972","false"
"Specification-PolarizedContinuousMeritsModerateRiskAversion__Cost-4__Fee-American","1","74","0","P","7","14","P Offer","P Liability Signal: 9;P Files: 1;D Answers: 1;P Abandons: 1","9,1,1,1","0.0036745748384378833","false","999.71571084841469","999.71571084841469","1","0.05","0","999.69529234262541","0.020418505789280061","false"
"Specification-PolarizedContinuousMeritsModerateRiskAversion__Cost-4__Fee-American","1","74","0","P","7","14","P Offer","P Liability Signal: 9;P Files: 1;D Answers: 1;P Abandons: 1","9,1,1,1","0.0036745748384378833","false","999.71571084841469","999.71571084841469","2","0.15","0","999.68325715564254","0.032453692772151044","false"
"Specification-PolarizedContinuousMeritsModerateRiskAversion__Cost-4__Fee-American","1","74","0","P","7","14","P Offer","P Liability Signal: 9;P Files: 1;D Answers: 1;P Abandons: 1","9,1,1,1","0.0036745748384378833","false","999.71571084841469","999.71571084841469","3","0.25","0","999.70029854761719","0.015412300797493117","false"
"Specification-PolarizedContinuousMeritsModerateRiskAversion__Cost-4__Fee-American","1","74","0","P","7","14","P Offer","P Liability Signal: 9;P Files: 1;D Answers: 1;P Abandons: 1","9,1,1,1","0.0036745748384378833","false","999.71571084841469","999.71571084841469","4","0.35","1","999.71571084841469","0","true"
"Specification-PolarizedContinuousMeritsModerateRiskAversion__Cost-4__Fee-American","1","74","0","P","7","14","P Offer","P Liability Signal: 9;P Files: 1;D Answers: 1;P Abandons: 1","9,1,1,1","0.0036745748384378833","false","999.71571084841469","999.71571084841469","5","0.45","0","999.69473401146217","0.020976836952513622","false"
"Specification-PolarizedContinuousMeritsModerateRiskAversion__Cost-4__Fee-American","1","74","0","P","7","14","P Offer","P Liability Signal: 9;P Files: 1;D Answers: 1;P Abandons: 1","9,1,1,1","0.0036745748384378833","false","999.71571084841469","999.71571084841469","6","0.55","0","999.69473401146217","0.020976836952513622","false"
"Specification-PolarizedContinuousMeritsModerateRiskAversion__Cost-4__Fee-American","1","74","0","P","7","14","P Offer","P Liability Signal: 9;P Files: 1;D Answers: 1;P Abandons: 1","9,1,1,1","0.0036745748384378833","false","999.71571084841469","999.71571084841469","7","0.65","0","999.69473401146217","0.020976836952513622","false"
"Specification-PolarizedContinuousMeritsModerateRiskAversion__Cost-4__Fee-American","1","74","0","P","7","14","P Offer","P Liability Signal: 9;P Files: 1;D Answers: 1;P Abandons: 1","9,1,1,1","0.0036745748384378833","false","999.71571084841469","999.71571084841469","8","0.75","0","999.69473401146217","0.020976836952513622","false"
"Specification-PolarizedContinuousMeritsModerateRiskAversion__Cost-4__Fee-American","1","74","0","P","7","14","P Offer","P Liability Signal: 9;P Files: 1;D Answers: 1;P Abandons: 1","9,1,1,1","0.0036745748384378833","false","999.71571084841469","999.71571084841469","9","0.85","0","999.69473401146217","0.020976836952513622","false"
"Specification-PolarizedContinuousMeritsModerateRiskAversion__Cost-4__Fee-American","1","74","0","P","7","14","P Offer","P Liability Signal: 9;P Files: 1;D Answers: 1;P Abandons: 1","9,1,1,1","0.0036745748384378833","false","999.71571084841469","999.71571084841469","10","0.95","0","999.69473401146217","0.020976836952513622","false"
"Specification-PolarizedContinuousMeritsModerateRiskAversion__Cost-4__Fee-American","1","75","0","P","7","14","P Offer","P Liability Signal: 9;P Files: 1;D Answers: 1;P Abandons: 2","9,1,1,2","0","true","","","1","0.05","0.10000000000000001","","",""
"Specification-PolarizedContinuousMeritsModerateRiskAversion__Cost-4__Fee-American","1","75","0","P","7","14","P Offer","P Liability Signal: 9;P Files: 1;D Answers: 1;P Abandons: 2","9,1,1,2","0","true","","","2","0.15","0.10000000000000001","","",""
"Specification-PolarizedContinuousMeritsModerateRiskAversion__Cost-4__Fee-American","1","75","0","P","7","14","P Offer","P Liability Signal: 9;P Files: 1;D Answers: 1;P Abandons: 2","9,1,1,2","0","true","","","3","0.25","0.10000000000000001","","",""
"Specification-PolarizedContinuousMeritsModerateRiskAversion__Cost-4__Fee-American","1","75","0","P","7","14","P Offer","P Liability Signal: 9;P Files: 1;D Answers: 1;P Abandons: 2","9,1,1,2","0","true","","","4","0.35","0.10000000000000001","","",""
"Specification-PolarizedContinuousMeritsModerateRiskAversion__Cost-4__Fee-American","1","75","0","P","7","14","P Offer","P Liability Signal: 9;P Files: 1;D Answers: 1;P Abandons: 2","9,1,1,2","0","true","","","5","0.45","0.10000000000000001","","",""
"Specification-PolarizedContinuousMeritsModerateRiskAversion__Cost-4__Fee-American","1","75","0","P","7","14","P Offer","P Liability Signal: 9;P Files: 1;D Answers: 1;P Abandons: 2","9,1,1,2","0","true","","","6","0.55","0.10000000000000001","","",""
"Specification-PolarizedContinuousMeritsModerateRiskAversion__Cost-4__Fee-American","1","75","0","P","7","14","P Offer","P Liability Signal: 9;P Files: 1;D Answers: 1;P Abandons: 2","9,1,1,2","0","true","","","7","0.65","0.10000000000000001","","",""
"Specification-PolarizedContinuousMeritsModerateRiskAversion__Cost-4__Fee-American","1","75","0","P","7","14","P Offer","P Liability Signal: 9;P Files: 1;D Answers: 1;P Abandons: 2","9,1,1,2","0","true","","","8","0.75","0.10000000000000001","","",""
"Specification-PolarizedContinuousMeritsModerateRiskAversion__Cost-4__Fee-American","1","75","0","P","7","14","P Offer","P Liability Signal: 9;P Files: 1;D Answers: 1;P Abandons: 2","9,1,1,2","0","true","","","9","0.85","0.10000000000000001","","",""
"Specification-PolarizedContinuousMeritsModerateRiskAversion__Cost-4__Fee-American","1","75","0","P","7","14","P Offer","P Liability Signal: 9;P Files: 1;D Answers: 1;P Abandons: 2","9,1,1,2","0","true","","","10","0.95","0.10000000000000001","","",""
"Specification-PolarizedContinuousMeritsModerateRiskAversion__Cost-4__Fee-American","1","76","0","P","2","9","P Files","P Liability Signal: 10","10","0.10928","false","1000.0963901550132","1000.0963901550132","1","Yes","1","1000.0963901550132","0","true"
"Specification-PolarizedContinuousMeritsModerateRiskAversion__Cost-4__Fee-American","1","76","0","P","2","9","P Files","P Liability Signal: 10","10","0.10928","false","1000.0963901550132","1000.0963901550132","2","No","0","999.99999640800013","0.096393747013053144","false"
"Specification-PolarizedContinuousMeritsModerateRiskAversion__Cost-4__Fee-American","1","77","0","P","5","20","P Abandons","P Liability Signal: 10;P Files: 1;D Answers: 1","10,1,1","0.0018902635303004291","false","999.73564247680599","999.73564247680576","1","Yes","0.22584692095345194","999.73564247680576","0","true"
"Specification-PolarizedContinuousMeritsModerateRiskAversion__Cost-4__Fee-American","1","77","0","P","5","20","P Abandons","P Liability Signal: 10;P Files: 1;D Answers: 1","10,1,1","0.0018902635303004291","false","999.73564247680599","999.73564247680576","2","No","0.77415307904654818","999.73564247680576","0","true"
"Specification-PolarizedContinuousMeritsModerateRiskAversion__Cost-4__Fee-American","1","78","0","P","7","14","P Offer","P Liability Signal: 10;P Files: 1;D Answers: 1;P Abandons: 1","10,1,1,1","0.00042691019810895401","false","999.73564247680588","999.73564247680588","1","0.05","0","999.70457739994117","0.031065076864706498","false"
"Specification-PolarizedContinuousMeritsModerateRiskAversion__Cost-4__Fee-American","1","78","0","P","7","14","P Offer","P Liability Signal: 10;P Files: 1;D Answers: 1;P Abandons: 1","10,1,1,1","0.00042691019810895401","false","999.73564247680588","999.73564247680588","2","0.15","0","999.69883537754913","0.036807099256748188","false"
"Specification-PolarizedContinuousMeritsModerateRiskAversion__Cost-4__Fee-American","1","78","0","P","7","14","P Offer","P Liability Signal: 10;P Files: 1;D Answers: 1;P Abandons: 1","10,1,1,1","0.00042691019810895401","false","999.73564247680588","999.73564247680588","3","0.25","0","999.71816273762136","0.017479739184523169","false"
"Specification-PolarizedContinuousMeritsModerateRiskAversion__Cost-4__Fee-American","1","78","0","P","7","14","P Offer","P Liability Signal: 10;P Files: 1;D Answers: 1;P Abandons: 1","10,1,1,1","0.00042691019810895401","false","999.73564247680588","999.73564247680588","4","0.35","1","999.73564247680588","0","true"
"Specification-PolarizedContinuousMeritsModerateRiskAversion__Cost-4__Fee-American","1","78","0","P","7","14","P Offer","P Liability Signal: 10;P Files: 1;D Answers: 1;P Abandons: 1","10,1,1,1","0.00042691019810895401","false","999.73564247680588","999.73564247680588","5","0.45","0","999.71185176290373","0.023790713902144489","false"
"Specification-PolarizedContinuousMeritsModerateRiskAversion__Cost-4__Fee-American","1","78","0","P","7","14","P Offer","P Liability Signal: 10;P Files: 1;D Answers: 1;P Abandons: 1","10,1,1,1","0.00042691019810895401","false","999.73564247680588","999.73564247680588","6","0.55","0","999.71185176290373","0.023790713902144489","false"
"Specification-PolarizedContinuousMeritsModerateRiskAversion__Cost-4__Fee-American","1","78","0","P","7","14","P Offer","P Liability Signal: 10;P Files: 1;D Answers: 1;P Abandons: 1","10,1,1,1","0.00042691019810895401","false","999.73564247680588","999.73564247680588","7","0.65","0","999.71185176290373","0.023790713902144489","false"
"Specification-PolarizedContinuousMeritsModerateRiskAversion__Cost-4__Fee-American","1","78","0","P","7","14","P Offer","P Liability Signal: 10;P Files: 1;D Answers: 1;P Abandons: 1","10,1,1,1","0.00042691019810895401","false","999.73564247680588","999.73564247680588","8","0.75","0","999.71185176290373","0.023790713902144489","false"
"Specification-PolarizedContinuousMeritsModerateRiskAversion__Cost-4__Fee-American","1","78","0","P","7","14","P Offer","P Liability Signal: 10;P Files: 1;D Answers: 1;P Abandons: 1","10,1,1,1","0.00042691019810895401","false","999.73564247680588","999.73564247680588","9","0.85","0","999.71185176290373","0.023790713902144489","false"
"Specification-PolarizedContinuousMeritsModerateRiskAversion__Cost-4__Fee-American","1","78","0","P","7","14","P Offer","P Liability Signal: 10;P Files: 1;D Answers: 1;P Abandons: 1","10,1,1,1","0.00042691019810895401","false","999.73564247680588","999.73564247680588","10","0.95","0","999.71185176290373","0.023790713902144489","false"
"Specification-PolarizedContinuousMeritsModerateRiskAversion__Cost-4__Fee-American","1","79","0","P","7","14","P Offer","P Liability Signal: 10;P Files: 1;D Answers: 1;P Abandons: 2","10,1,1,2","0.0014633533321914754","false","999.73564247680576","999.73564247680576","1","0.05","0","999.70457739994094","0.031065076864820185","false"
"Specification-PolarizedContinuousMeritsModerateRiskAversion__Cost-4__Fee-American","1","79","0","P","7","14","P Offer","P Liability Signal: 10;P Files: 1;D Answers: 1;P Abandons: 2","10,1,1,2","0.0014633533321914754","false","999.73564247680576","999.73564247680576","2","0.15","0","999.57790962843967","0.15773284836609491","false"
"Specification-PolarizedContinuousMeritsModerateRiskAversion__Cost-4__Fee-American","1","79","0","P","7","14","P Offer","P Liability Signal: 10;P Files: 1;D Answers: 1;P Abandons: 2","10,1,1,2","0.0014633533321914754","false","999.73564247680576","999.73564247680576","3","0.25","0","999.5972369885119","0.13840548829386989","false"
"Specification-PolarizedContinuousMeritsModerateRiskAversion__Cost-4__Fee-American","1","79","0","P","7","14","P Offer","P Liability Signal: 10;P Files: 1;D Answers: 1;P Abandons: 2","10,1,1,2","0.0014633533321914754","false","999.73564247680576","999.73564247680576","4","0.35","0","999.61471672769642","0.12092574910934673","false"
"Specification-PolarizedContinuousMeritsModerateRiskAversion__Cost-4__Fee-American","1","79","0","P","7","14","P Offer","P Liability Signal: 10;P Files: 1;D Answers: 1;P Abandons: 2","10,1,1,2","0.0014633533321914754","false","999.73564247680576","999.73564247680576","5","0.45","0","999.73564247680576","0","true"
"Specification-PolarizedContinuousMeritsModerateRiskAversion__Cost-4__Fee-American","1","79","0","P","7","14","P Offer","P Liability Signal: 10;P Files: 1;D Answers: 1;P Abandons: 2","10,1,1,2","0.0014633533321914754","false","999.73564247680576","999.73564247680576","6","0.55","0","999.73564247680576","0","true"
"Specification-PolarizedContinuousMeritsModerateRiskAversion__Cost-4__Fee-American","1","79","0","P","7","14","P Offer","P Liability Signal: 10;P Files: 1;D Answers: 1;P Abandons: 2","10,1,1,2","0.0014633533321914754","false","999.73564247680576","999.73564247680576","7","0.65","1","999.73564247680576","0","true"
"Specification-PolarizedContinuousMeritsModerateRiskAversion__Cost-4__Fee-American","1","79","0","P","7","14","P Offer","P Liability Signal: 10;P Files: 1;D Answers: 1;P Abandons: 2","10,1,1,2","0.0014633533321914754","false","999.73564247680576","999.73564247680576","8","0.75","0","999.73564247680576","0","true"
"Specification-PolarizedContinuousMeritsModerateRiskAversion__Cost-4__Fee-American","1","79","0","P","7","14","P Offer","P Liability Signal: 10;P Files: 1;D Answers: 1;P Abandons: 2","10,1,1,2","0.0014633533321914754","false","999.73564247680576","999.73564247680576","9","0.85","0","999.73564247680576","0","true"
"Specification-PolarizedContinuousMeritsModerateRiskAversion__Cost-4__Fee-American","1","79","0","P","7","14","P Offer","P Liability Signal: 10;P Files: 1;D Answers: 1;P Abandons: 2","10,1,1,2","0.0014633533321914754","false","999.73564247680576","999.73564247680576","10","0.95","0","999.73564247680576","0","true"
"Specification-PolarizedContinuousMeritsModerateRiskAversion__Cost-4__Fee-American","1","1","1","D","3","10","D Answers","D Liability Signal: 1;P Files: 1","1,1","0.0023427624000000001","false","999.33239515342484","999.33239515342484","1","Yes","1","999.33239515342484","0","true"
"Specification-PolarizedContinuousMeritsModerateRiskAversion__Cost-4__Fee-American","1","1","1","D","3","10","D Answers","D Liability Signal: 1;P Files: 1","1,1","0.0023427624000000001","false","999.33239515342484","999.33239515342484","2","No","0","998.80799893000005","0.52439622342478742","false"
"Specification-PolarizedContinuousMeritsModerateRiskAversion__Cost-4__Fee-American","1","3","1","D","6","21","D Defaults","D Liability Signal: 1;P Files: 1;D Answers: 1","1,1,1","0.0023427624000000001","false","999.33239515342484","999.33239515342484","1","Yes","0","998.70376548750266","0.62862966592217617","false"
"Specification-PolarizedContinuousMeritsModerateRiskAversion__Cost-4__Fee-American","1","3","1","D","6","21","D Defaults","D Liability Signal: 1;P Files: 1;D Answers: 1","1,1,1","0.0023427624000000001","false","999.33239515342484","999.33239515342484","2","No","1","999.33239515342484","0","true"
"Specification-PolarizedContinuousMeritsModerateRiskAversion__Cost-4__Fee-American","1","5","1","D","8","15","D Offer","D Liability Signal: 1;P Files: 1;D Answers: 1;D Defaults: 1","1,1,1,1","0","true","","","1","0.05","0.10000000000000001","","",""
"Specification-PolarizedContinuousMeritsModerateRiskAversion__Cost-4__Fee-American","1","5","1","D","8","15","D Offer","D Liability Signal: 1;P Files: 1;D Answers: 1;D Defaults: 1","1,1,1,1","0","true","","","2","0.15","0.10000000000000001","","",""
"Specification-PolarizedContinuousMeritsModerateRiskAversion__Cost-4__Fee-American","1","5","1","D","8","15","D Offer","D Liability Signal: 1;P Files: 1;D Answers: 1;D Defaults: 1","1,1,1,1","0","true","","","3","0.25","0.10000000000000001","","",""
"Specification-PolarizedContinuousMeritsModerateRiskAversion__Cost-4__Fee-American","1","5","1","D","8","15","D Offer","D Liability Signal: 1;P Files: 1;D Answers: 1;D Defaults: 1","1,1,1,1","0","true","","","4","0.35","0.10000000000000001","","",""
"Specification-PolarizedContinuousMeritsModerateRiskAversion__Cost-4__Fee-American","1","5","1","D","8","15","D Offer","D Liability Signal: 1;P Files: 1;D Answers: 1;D Defaults: 1","1,1,1,1","0","true","","","5","0.45","0.10000000000000001","","",""
"Specification-PolarizedContinuousMeritsModerateRiskAversion__Cost-4__Fee-American","1","5","1","D","8","15","D Offer","D Liability Signal: 1;P Files: 1;D Answers: 1;D Defaults: 1","1,1,1,1","0","true","","","6","0.55","0.10000000000000001","","",""
"Specification-PolarizedContinuousMeritsModerateRiskAversion__Cost-4__Fee-American","1","5","1","D","8","15","D Offer","D Liability Signal: 1;P Files: 1;D Answers: 1;D Defaults: 1","1,1,1,1","0","true","","","7","0.65","0.10000000000000001","","",""
"Specification-PolarizedContinuousMeritsModerateRiskAversion__Cost-4__Fee-American","1","5","1","D","8","15","D Offer","D Liability Signal: 1;P Files: 1;D Answers: 1;D Defaults: 1","1,1,1,1","0","true","","","8","0.75","0.10000000000000001","","",""
"Specification-PolarizedContinuousMeritsModerateRiskAversion__Cost-4__Fee-American","1","5","1","D","8","15","D Offer","D Liability Signal: 1;P Files: 1;D Answers: 1;D Defaults: 1","1,1,1,1","0","true","","","9","0.85","0.10000000000000001","","",""
"Specification-PolarizedContinuousMeritsModerateRiskAversion__Cost-4__Fee-American","1","5","1","D","8","15","D Offer","D Liability Signal: 1;P Files: 1;D Answers: 1;D Defaults: 1","1,1,1,1","0","true","","","10","0.95","0.10000000000000001","","",""
"Specification-PolarizedContinuousMeritsModerateRiskAversion__Cost-4__Fee-American","1","6","1","D","8","15","D Offer","D Liability Signal: 1;P Files: 1;D Answers: 1;D Defaults: 2","1,1,1,2","0.0023427624000000001","false","999.33239515342484","999.33239515342484","1","0.05","1","999.33239515342484","0","true"
"Specification-PolarizedContinuousMeritsModerateRiskAversion__Cost-4__Fee-American","1","6","1","D","8","15","D Offer","D Liability Signal: 1;P Files: 1;D Answers: 1;D Defaults: 2","1,1,1,2","0.0023427624000000001","false","999.33239515342484","999.33239515342484","2","0.15","0","999.28711646286422","0.045278690560621726","false"
"Specification-PolarizedContinuousMeritsModerateRiskAversion__Cost-4__Fee-American","1","6","1","D","8","15","D Offer","D Liability Signal: 1;P Files: 1;D Answers: 1;D Defaults: 2","1,1,1,2","0.0023427624000000001","false","999.33239515342484","999.33239515342484","3","0.25","0","999.23705221964269","0.095342933782148975","false"
"Specification-PolarizedContinuousMeritsModerateRiskAversion__Cost-4__Fee-American","1","6","1","D","8","15","D Offer","D Liability Signal: 1;P Files: 1;D Answers: 1;D Defaults: 2","1,1,1,2","0.0023427624000000001","false","999.33239515342484","999.33239515342484","4","0.35","0","998.96404096091271","0.36835419251212898","false"
"Specification-PolarizedContinuousMeritsModerateRiskAversion__Cost-4__Fee-American","1","6","1","D","8","15","D Offer","D Liability Signal: 1;P Files: 1;D Answers: 1;D Defaults: 2","1,1,1,2","0.0023427624000000001","false","999.33239515342484","999.33239515342484","5","0.45","0","998.85746480770604","0.47493034571880344","false"
"Specification-PolarizedContinuousMeritsModerateRiskAversion__Cost-4__Fee-American","1","6","1","D","8","15","D Offer","D Liability Signal: 1;P Files: 1;D Answers: 1;D Defaults: 2","1,1,1,2","0.0023427624000000001","false","999.33239515342484","999.33239515342484","6","0.55","0","998.73953904839129","0.59285610503354746","false"
"Specification-PolarizedContinuousMeritsModerateRiskAversion__Cost-4__Fee-American","1","6","1","D","8","15","D Offer","D Liability Signal: 1;P Files: 1;D Answers: 1;D Defaults: 2","1,1,1,2","0.0023427624000000001","false","999.33239515342484","999.33239515342484","7","0.65","0","998.76312246520934","0.5692726882155057","false"
"Specification-PolarizedContinuousMeritsModerateRiskAversion__Cost-4__Fee-American","1","6","1","D","8","15","D Offer","D Liability Signal: 1;P Files: 1;D Answers: 1;D Defaults: 2","1,1,1,2","0.0023427624000000001","false","999.33239515342484","999.33239515342484","8","0.75","0","998.61340481159664","0.71899034182820287","false"
"Specification-PolarizedContinuousMeritsModerateRiskAversion__Cost-4__Fee-American","1","6","1","D","8","15","D Offer","D Liability Signal: 1;P Files: 1;D Answers: 1;D Defaults: 2","1,1,1,2","0.0023427624000000001","false","999.33239515342484","999.33239515342484","9","0.85","0","998.44789459664798","0.88450055677685668","false"
"Specification-PolarizedContinuousMeritsModerateRiskAversion__Cost-4__Fee-American","1","6","1","D","8","15","D Offer","D Liability Signal: 1;P Files: 1;D Answers: 1;D Defaults: 2","1,1,1,2","0.0023427624000000001","false","999.33239515342484","999.33239515342484","10","0.95","0","998.26508931308979","1.0673058403350524","false"
"Specification-PolarizedContinuousMeritsModerateRiskAversion__Cost-4__Fee-American","1","8","1","D","3","10","D Answers","D Liability Signal: 2;P Files: 1","2,1","0.0044503095000000001","false","999.18106041062981","999.18106041062981","1","Yes","1","999.18106041062981","0","true"
"Specification-PolarizedContinuousMeritsModerateRiskAversion__Cost-4__Fee-American","1","8","1","D","3","10","D Answers","D Liability Signal: 2;P Files: 1","2,1","0.0044503095000000001","false","999.18106041062981","999.18106041062981","2","No","0","998.80799892999994","0.37306148062987177","false"
"Specification-PolarizedContinuousMeritsModerateRiskAversion__Cost-4__Fee-American","1","9","1","D","6","21","D Defaults","D Liability Signal: 2;P Files: 1;D Answers: 1","2,1,1","0.0044503095000000001","false","999.18106041062958","999.18106041062958","1","Yes","0","998.62674337875615","0.55431703187343828","false"
"Specification-PolarizedContinuousMeritsModerateRiskAversion__Cost-4__Fee-American","1","9","1","D","6","21","D Defaults","D Liability Signal: 2;P Files: 1;D Answers: 1","2,1,1","0.0044503095000000001","false","999.18106041062958","999.18106041062958","2","No","1","999.18106041062958","0","true"
"Specification-PolarizedContinuousMeritsModerateRiskAversion__Cost-4__Fee-American","1","10","1","D","8","15","D Offer","D Liability Signal: 2;P Files: 1;D Answers: 1;D Defaults: 1","2,1,1,1","0","true","","","1","0.05","0.10000000000000001","","",""
"Specification-PolarizedContinuousMeritsModerateRiskAversion__Cost-4__Fee-American","1","10","1","D","8","15","D Offer","D Liability Signal: 2;P Files: 1;D Answers: 1;D Defaults: 1","2,1,1,1","0","true","","","2","0.15","0.10000000000000001","","",""
"Specification-PolarizedContinuousMeritsModerateRiskAversion__Cost-4__Fee-American","1","10","1","D","8","15","D Offer","D Liability Signal: 2;P Files: 1;D Answers: 1;D Defaults: 1","2,1,1,1","0","true","","","3","0.25","0.10000000000000001","","",""
"Specification-PolarizedContinuousMeritsModerateRiskAversion__Cost-4__Fee-American","1","10","1","D","8","15","D Offer","D Liability Signal: 2;P Files: 1;D Answers: 1;D Defaults: 1","2,1,1,1","0","true","","","4","0.35","0.10000000000000001","","",""
"Specification-PolarizedContinuousMeritsModerateRiskAversion__Cost-4__Fee-American","1","10","1","D","8","15","D Offer","D Liability Signal: 2;P Files: 1;D Answers: 1;D Defaults: 1","2,1,1,1","0","true","","","5","0.45","0.10000000000000001","","",""
"Specification-PolarizedContinuousMeritsModerateRiskAversion__Cost-4__Fee-American","1","10","1","D","8","15","D Offer","D Liability Signal: 2;P Files: 1;D Answers: 1;D Defaults: 1","2,1,1,1","0","true","","","6","0.55","0.10000000000000001","","",""
"Specification-PolarizedContinuousMeritsModerateRiskAversion__Cost-4__Fee-American","1","10","1","D","8","15","D Offer","D Liability Signal: 2;P Files: 1;D Answers: 1;D Defaults: 1","2,1,1,1","0","true","","","7","0.65","0.10000000000000001","","",""
"Specification-PolarizedContinuousMeritsModerateRiskAversion__Cost-4__Fee-American","1","10","1","D","8","15","D Offer","D Liability Signal: 2;P Files: 1;D Answers: 1;D Defaults: 1","2,1,1,1","0","true","","","8","0.75","0.10000000000000001","","",""
"Specification-PolarizedContinuousMeritsModerateRiskAversion__Cost-4__Fee-American","1","10","1","D","8","15","D Offer","D Liability Signal: 2;P Files: 1;D Answers: 1;D Defaults: 1","2,1,1,1","0","true","","","9","0.85","0.10000000000000001","","",""
"Specification-PolarizedContinuousMeritsModerateRiskAversion__Cost-4__Fee-American","1","10","1","D","8","15","D Offer","D Liability Signal: 2;P Files: 1;D Answers: 1;D Defaults: 1","2,1,1,1","0","true","","","10","0.95","0.10000000000000001","","",""
"Specification-PolarizedContinuousMeritsModerateRiskAversion__Cost-4__Fee-American","1","11","1","D","8","15","D Offer","D Liability Signal: 2;P Files: 1;D Answers: 1;D Defaults: 2","2,1,1,2","0.0044503095000000001","false","999.18106041062958","999.18106041062958","1","0.05","1","999.18106041062958","0","true"
"Specification-PolarizedContinuousMeritsModerateRiskAversion__Cost-4__Fee-American","1","11","1","D","8","15","D Offer","D Liability Signal: 2;P Files: 1;D Answers: 1;D Defaults: 2","2,1,1,2","0.0044503095000000001","false","999.18106041062958","999.18106041062958","2","0.15","0","999.1402114401734","0.040848970456181632","false"
"Specification-PolarizedContinuousMeritsModerateRiskAversion__Cost-4__Fee-American","1","11","1","D","8","15","D Offer","D Liability Signal: 2;P Files: 1;D Answers: 1;D Defaults: 2","2,1,1,2","0.0044503095000000001","false","999.18106041062958","999.18106041062958","3","0.25","0","999.09504509885642","0.086015311773167014","false"
"Specification-PolarizedContinuousMeritsModerateRiskAversion__Cost-4__Fee-American","1","11","1","D","8","15","D Offer","D Liability Signal: 2;P Files: 1;D Answers: 1;D Defaults: 2","2,1,1,2","0.0044503095000000001","false","999.18106041062958","999.18106041062958","4","0.35","0","998.79700514373633","0.38405526689325598","false"
"Specification-PolarizedContinuousMeritsModerateRiskAversion__Cost-4__Fee-American","1","11","1","D","8","15","D Offer","D Liability Signal: 2;P Files: 1;D Answers: 1;D Defaults: 2","2,1,1,2","0.0044503095000000001","false","999.18106041062958","999.18106041062958","5","0.45","0","998.69004519350904","0.49101521712054819","false"
"Specification-PolarizedContinuousMeritsModerateRiskAversion__Cost-4__Fee-American","1","11","1","D","8","15","D Offer","D Liability Signal: 2;P Files: 1;D Answers: 1;D Defaults: 2","2,1,1,2","0.0044503095000000001","false","999.18106041062958","999.18106041062958","6","0.55","0","998.57170108244134","0.60935932818824767","false"
"Specification-PolarizedContinuousMeritsModerateRiskAversion__Cost-4__Fee-American","1","11","1","D","8","15","D Offer","D Liability Signal: 2;P Files: 1;D Answers: 1;D Defaults: 2","2,1,1,2","0.0044503095000000001","false","999.18106041062958","999.18106041062958","7","0.65","0","998.72855919567132","0.45250121495826079","false"
"Specification-PolarizedContinuousMeritsModerateRiskAversion__Cost-4__Fee-American","1","11","1","D","8","15","D Offer","D Liability Signal: 2;P Files: 1;D Answers: 1;D Defaults: 2","2,1,1,2","0.0044503095000000001","false","999.18106041062958","999.18106041062958","8","0.75","0","998.57520616172974","0.60585424889984552","false"
"Specification-PolarizedContinuousMeritsModerateRiskAversion__Cost-4__Fee-American","1","11","1","D","8","15","D Offer","D Liability Signal: 2;P Files: 1;D Answers: 1;D Defaults: 2","2,1,1,2","0.0044503095000000001","false","999.18106041062958","999.18106041062958","9","0.85","0","998.40568455623804","0.775375854391541","false"
"Specification-PolarizedContinuousMeritsModerateRiskAversion__Cost-4__Fee-American","1","11","1","D","8","15","D Offer","D Liability Signal: 2;P Files: 1;D Answers: 1;D Defaults: 2","2,1,1,2","0.0044503095000000001","false","999.18106041062958","999.18106041062958","10","0.95","0","998.21843402927868","0.96262638135090128","false"
"Specification-PolarizedContinuousMeritsModerateRiskAversion__Cost-4__Fee-American","1","12","1","D","3","10","D Answers","D Liability Signal: 3;P Files: 1","3,1","0.0080800523999999992","false","998.94120536390506","998.94120536390506","1","Yes","1","998.94120536390506","0","true"
"Specification-PolarizedContinuousMeritsModerateRiskAversion__Cost-4__Fee-American","1","12","1","D","3","10","D Answers","D Liability Signal: 3;P Files: 1","3,1","0.0080800523999999992","false","998.94120536390506","998.94120536390506","2","No","0","998.80799893000005","0.13320643390500209","false"
"Specification-PolarizedContinuousMeritsModerateRiskAversion__Cost-4__Fee-American","1","13","1","D","6","21","D Defaults","D Liability Signal: 3;P Files: 1;D Answers: 1","3,1,1","0.0080800524000000009","false","998.94120536390483","998.94120536390483","1","Yes","0","998.53485933165427","0.40634603225055344","false"
"Specification-PolarizedContinuousMeritsModerateRiskAversion__Cost-4__Fee-American","1","13","1","D","6","21","D Defaults","D Liability Signal: 3;P Files: 1;D Answers: 1","3,1,1","0.0080800524000000009","false","998.94120536390483","998.94120536390483","2","No","1","998.94120536390483","0","true"
"Specification-PolarizedContinuousMeritsModerateRiskAversion__Cost-4__Fee-American","1","14","1","D","8","15","D Offer","D Liability Signal: 3;P Files: 1;D Answers: 1;D Defaults: 1","3,1,1,1","0","true","","","1","0.05","0.10000000000000001","","",""
"Specification-PolarizedContinuousMeritsModerateRiskAversion__Cost-4__Fee-American","1","14","1","D","8","15","D Offer","D Liability Signal: 3;P Files: 1;D Answers: 1;D Defaults: 1","3,1,1,1","0","true","","","2","0.15","0.10000000000000001","","",""
"Specification-PolarizedContinuousMeritsModerateRiskAversion__Cost-4__Fee-American","1","14","1","D","8","15","D Offer","D Liability Signal: 3;P Files: 1;D Answers: 1;D Defaults: 1","3,1,1,1","0","true","","","3","0.25","0.10000000000000001","","",""
"Specification-PolarizedContinuousMeritsModerateRiskAversion__Cost-4__Fee-American","1","14","1","D","8","15","D Offer","D Liability Signal: 3;P Files: 1;D Answers: 1;D Defaults: 1","3,1,1,1","0","true","","","4","0.35","0.10000000000000001","","",""
"Specification-PolarizedContinuousMeritsModerateRiskAversion__Cost-4__Fee-American","1","14","1","D","8","15","D Offer","D Liability Signal: 3;P Files: 1;D Answers: 1;D Defaults: 1","3,1,1,1","0","true","","","5","0.45","0.10000000000000001","","",""
"Specification-PolarizedContinuousMeritsModerateRiskAversion__Cost-4__Fee-American","1","14","1","D","8","15","D Offer","D Liability Signal: 3;P Files: 1;D Answers: 1;D Defaults: 1","3,1,1,1","0","true","","","6","0.55","0.10000000000000001","","",""
"Specification-PolarizedContinuousMeritsModerateRiskAversion__Cost-4__Fee-American","1","14","1","D","8","15","D Offer","D Liability Signal: 3;P Files: 1;D Answers: 1;D Defaults: 1","3,1,1,1","0","true","","","7","0.65","0.10000000000000001","","",""
"Specification-PolarizedContinuousMeritsModerateRiskAversion__Cost-4__Fee-American","1","14","1","D","8","15","D Offer","D Liability Signal: 3;P Files: 1;D Answers: 1;D Defaults: 1","3,1,1,1","0","true","","","8","0.75","0.10000000000000001","","",""
"Specification-PolarizedContinuousMeritsModerateRiskAversion__Cost-4__Fee-American","1","14","1","D","8","15","D Offer","D Liability Signal: 3;P Files: 1;D Answers: 1;D Defaults: 1","3,1,1,1","0","true","","","9","0.85","0.10000000000000001","","",""
"Specification-PolarizedContinuousMeritsModerateRiskAversion__Cost-4__Fee-American","1","14","1","D","8","15","D Offer","D Liability Signal: 3;P Files: 1;D Answers: 1;D Defaults: 1","3,1,1,1","0","true","","","10","0.95","0.10000000000000001","","",""
"Specification-PolarizedContinuousMeritsModerateRiskAversion__Cost-4__Fee-American","1","15","1","D","8","15","D Offer","D Liability Signal: 3;P Files: 1;D Answers: 1;D Defaults: 2","3,1,1,2","0.0080800524000000009","false","998.94120536390483","998.94120536390483","1","0.05","1","998.94120536390483","0","true"
"Specification-PolarizedContinuousMeritsModerateRiskAversion__Cost-4__Fee-American","1","15","1","D","8","15","D Offer","D Liability Signal: 3;P Files: 1;D Answers: 1;D Defaults: 2","3,1,1,2","0.0080800524000000009","false","998.94120536390483","998.94120536390483","2","0.15","0","998.90520584663295","0.035999517271875447","false"
"Specification-PolarizedContinuousMeritsModerateRiskAversion__Cost-4__Fee-American","1","15","1","D","8","15","D Offer","D Liability Signal: 3;P Files: 1;D Answers: 1;D Defaults: 2","3,1,1,2","0.0080800524000000009","false","998.94120536390483","998.94120536390483","3","0.25","0","998.86540150233259","0.075803861572239839","false"
"Specification-PolarizedContinuousMeritsModerateRiskAversion__Cost-4__Fee-American","1","15","1","D","8","15","D Offer","D Liability Signal: 3;P Files: 1;D Answers: 1;D Defaults: 2","3,1,1,2","0.0080800524000000009","false","998.94120536390483","998.94120536390483","4","0.35","0","998.54256028450345","0.39864507940137628","false"
"Specification-PolarizedContinuousMeritsModerateRiskAversion__Cost-4__Fee-American","1","15","1","D","8","15","D Offer","D Liability Signal: 3;P Files: 1;D Answers: 1;D Defaults: 2","3,1,1,2","0.0080800524000000009","false","998.94120536390483","998.94120536390483","5","0.45","0","998.43572321837507","0.50548214552975423","false"
"Specification-PolarizedContinuousMeritsModerateRiskAversion__Cost-4__Fee-American","1","15","1","D","8","15","D Offer","D Liability Signal: 3;P Files: 1;D Answers: 1;D Defaults: 2","3,1,1,2","0.0080800524000000009","false","998.94120536390483","998.94120536390483","6","0.55","0","998.31752167585785","0.62368368804698093","false"
"Specification-PolarizedContinuousMeritsModerateRiskAversion__Cost-4__Fee-American","1","15","1","D","8","15","D Offer","D Liability Signal: 3;P Files: 1;D Answers: 1;D Defaults: 2","3,1,1,2","0.0080800524000000009","false","998.94120536390483","998.94120536390483","7","0.65","0","998.68828235569663","0.25292300820819946","false"
"Specification-PolarizedContinuousMeritsModerateRiskAversion__Cost-4__Fee-American","1","15","1","D","8","15","D Offer","D Liability Signal: 3;P Files: 1;D Answers: 1;D Defaults: 2","3,1,1,2","0.0080800524000000009","false","998.94120536390483","998.94120536390483","8","0.75","0","998.53069338922353","0.41051197468129885","false"
"Specification-PolarizedContinuousMeritsModerateRiskAversion__Cost-4__Fee-American","1","15","1","D","8","15","D Offer","D Liability Signal: 3;P Files: 1;D Answers: 1;D Defaults: 2","3,1,1,2","0.0080800524000000009","false","998.94120536390483","998.94120536390483","9","0.85","0","998.35649636398398","0.58470899992084924","false"
"Specification-PolarizedContinuousMeritsModerateRiskAversion__Cost-4__Fee-American","1","15","1","D","8","15","D Offer","D Liability Signal: 3;P Files: 1;D Answers: 1;D Defaults: 2","3,1,1,2","0.0080800524000000009","false","998.94120536390483","998.94120536390483","10","0.95","0","998.16406639579486","0.7771389681099663","false"
"Specification-PolarizedContinuousMeritsModerateRiskAversion__Cost-4__Fee-American","1","16","1","D","3","10","D Answers","D Liability Signal: 4;P Files: 1","4,1","0.014083277900000003","false","998.80799892999971","998.80799893000005","1","Yes","0.69291575065936617","998.80799893000005","0","true"
"Specification-PolarizedContinuousMeritsModerateRiskAversion__Cost-4__Fee-American","1","16","1","D","3","10","D Answers","D Liability Signal: 4;P Files: 1","4,1","0.014083277900000003","false","998.80799892999971","998.80799893000005","2","No","0.30708424934063383","998.80799892999994","1.1368683772161603E-13","true"
"Specification-PolarizedContinuousMeritsModerateRiskAversion__Cost-4__Fee-American","1","17","1","D","6","21","D Defaults","D Liability Signal: 4;P Files: 1;D Answers: 1","4,1,1","0.0097585250778229621","false","998.80799893000005","998.80799893000005","1","Yes","1","998.80799893000005","0","true"
"Specification-PolarizedContinuousMeritsModerateRiskAversion__Cost-4__Fee-American","1","17","1","D","6","21","D Defaults","D Liability Signal: 4;P Files: 1;D Answers: 1","4,1,1","0.0097585250778229621","false","998.80799893000005","998.80799893000005","2","No","0","998.33802106483859","0.46997786516146789","false"
"Specification-PolarizedContinuousMeritsModerateRiskAversion__Cost-4__Fee-American","1","18","1","D","8","15","D Offer","D Liability Signal: 4;P Files: 1;D Answers: 1;D Defaults: 1","4,1,1,1","0.0097585250778229621","false","998.80799893000005","998.80799893000005","1","0.05","0","998.24874406407287","0.55925486592718698","false"
"Specification-PolarizedContinuousMeritsModerateRiskAversion__Cost-4__Fee-American","1","18","1","D","8","15","D Offer","D Liability Signal: 4;P Files: 1;D Answers: 1;D Defaults: 1","4,1,1,1","0.0097585250778229621","false","998.80799893000005","998.80799893000005","2","0.15","0","998.21788134318308","0.59011758681697302","false"
"Specification-PolarizedContinuousMeritsModerateRiskAversion__Cost-4__Fee-American","1","18","1","D","8","15","D Offer","D Liability Signal: 4;P Files: 1;D Answers: 1;D Defaults: 1","4,1,1,1","0.0097585250778229621","false","998.80799893000005","998.80799893000005","3","0.25","0","998.18375670870364","0.62424222129641294","false"
"Specification-PolarizedContinuousMeritsModerateRiskAversion__Cost-4__Fee-American","1","18","1","D","8","15","D Offer","D Liability Signal: 4;P Files: 1;D Answers: 1;D Defaults: 1","4,1,1,1","0.0097585250778229621","false","998.80799893000005","998.80799893000005","4","0.35","1","998.80799893000005","0","true"
"Specification-PolarizedContinuousMeritsModerateRiskAversion__Cost-4__Fee-American","1","18","1","D","8","15","D Offer","D Liability Signal: 4;P Files: 1;D Answers: 1;D Defaults: 1","4,1,1,1","0.0097585250778229621","false","998.80799893000005","998.80799893000005","5","0.45","0","998.70205288597072","0.10594604402933783","false"
"Specification-PolarizedContinuousMeritsModerateRiskAversion__Cost-4__Fee-American","1","18","1","D","8","15","D Offer","D Liability Signal: 4;P Files: 1;D Answers: 1;D Defaults: 1","4,1,1,1","0.0097585250778229621","false","998.80799893000005","998.80799893000005","6","0.55","0","998.58484379762569","0.2231551323743588","false"
"Specification-PolarizedContinuousMeritsModerateRiskAversion__Cost-4__Fee-American","1","18","1","D","8","15","D Offer","D Liability Signal: 4;P Files: 1;D Answers: 1;D Defaults: 1","4,1,1,1","0.0097585250778229621","false","998.80799893000005","998.80799893000005","7","0.65","0","998.64220235854816","0.16579657145189231","false"
"Specification-PolarizedContinuousMeritsModerateRiskAversion__Cost-4__Fee-American","1","18","1","D","8","15","D Offer","D Liability Signal: 4;P Files: 1;D Answers: 1;D Defaults: 1","4,1,1,1","0.0097585250778229621","false","998.80799893000005","998.80799893000005","8","0.75","0","998.479767670417","0.328231259583049","false"
"Specification-PolarizedContinuousMeritsModerateRiskAversion__Cost-4__Fee-American","1","18","1","D","8","15","D Offer","D Liability Signal: 4;P Files: 1;D Answers: 1;D Defaults: 1","4,1,1,1","0.0097585250778229621","false","998.80799893000005","998.80799893000005","9","0.85","0","998.30022037720107","0.50777855279898176","false"
"Specification-PolarizedContinuousMeritsModerateRiskAversion__Cost-4__Fee-American","1","18","1","D","8","15","D Offer","D Liability Signal: 4;P Files: 1;D Answers: 1;D Defaults: 1","4,1,1,1","0.0097585250778229621","false","998.80799893000005","998.80799893000005","10","0.95","0","998.10186554017537","0.70613338982468576","false"
"Specification-PolarizedContinuousMeritsModerateRiskAversion__Cost-4__Fee-American","1","19","1","D","8","15","D Offer","D Liability Signal: 4;P Files: 1;D Answers: 1;D Defaults: 2","4,1,1,2","0","true","","","1","0.05","0.10000000000000001","","",""
"Specification-PolarizedContinuousMeritsModerateRiskAversion__Cost-4__Fee-American","1","19","1","D","8","15","D Offer","D Liability Signal: 4;P Files: 1;D Answers: 1;D Defaults: 2","4,1,1,2","0","true","","","2","0.15","0.10000000000000001","","",""
"Specification-PolarizedContinuousMeritsModerateRiskAversion__Cost-4__Fee-American","1","19","1","D","8","15","D Offer","D Liability Signal: 4;P Files: 1;D Answers: 1;D Defaults: 2","4,1,1,2","0","true","","","3","0.25","0.10000000000000001","","",""
"Specification-PolarizedContinuousMeritsModerateRiskAversion__Cost-4__Fee-American","1","19","1","D","8","15","D Offer","D Liability Signal: 4;P Files: 1;D Answers: 1;D Defaults: 2","4,1,1,2","0","true","","","4","0.35","0.10000000000000001","","",""
"Specification-PolarizedContinuousMeritsModerateRiskAversion__Cost-4__Fee-American","1","19","1","D","8","15","D Offer","D Liability Signal: 4;P Files: 1;D Answers: 1;D Defaults: 2","4,1,1,2","0","true","","","5","0.45","0.10000000000000001","","",""
"Specification-PolarizedContinuousMeritsModerateRiskAversion__Cost-4__Fee-American","1","19","1","D","8","15","D Offer","D Liability Signal: 4;P Files: 1;D Answers: 1;D Defaults: 2","4,1,1,2","0","true","","","6","0.55","0.10000000000000001","","",""
"Specification-PolarizedContinuousMeritsModerateRiskAversion__Cost-4__Fee-American","1","19","1","D","8","15","D Offer","D Liability Signal: 4;P Files: 1;D Answers: 1;D Defaults: 2","4,1,1,2","0","true","","","7","0.65","0.10000000000000001","","",""
"Specification-PolarizedContinuousMeritsModerateRiskAversion__Cost-4__Fee-American","1","19","1","D","8","15","D Offer","D Liability Signal: 4;P Files: 1;D Answers: 1;D Defaults: 2","4,1,1,2","0","true","","","8","0.75","0.10000000000000001","","",""
"Specification-PolarizedContinuousMeritsModerateRiskAversion__Cost-4__Fee-American","1","19","1","D","8","15","D Offer","D Liability Signal: 4;P Files: 1;D Answers: 1;D Defaults: 2","4,1,1,2","0","true","","","9","0.85","0.10000000000000001","","",""
"Specification-PolarizedContinuousMeritsModerateRiskAversion__Cost-4__Fee-American","1","19","1","D","8","15","D Offer","D Liability Signal: 4;P Files: 1;D Answers: 1;D Defaults: 2","4,1,1,2","0","true","","","10","0.95","0.10000000000000001","","",""
"Specification-PolarizedContinuousMeritsModerateRiskAversion__Cost-4__Fee-American","1","20","1","D","3","10","D Answers","D Liability Signal: 5;P Files: 1","5,1","0.023633791800000001","false","998.80799892999994","998.80799892999994","1","Yes","0","998.16720462929186","0.6407943007080803","false"
"Specification-PolarizedContinuousMeritsModerateRiskAversion__Cost-4__Fee-American","1","20","1","D","3","10","D Answers","D Liability Signal: 5;P Files: 1","5,1","0.023633791800000001","false","998.80799892999994","998.80799892999994","2","No","1","998.80799892999994","0","true"
"Specification-PolarizedContinuousMeritsModerateRiskAversion__Cost-4__Fee-American","1","21","1","D","6","21","D Defaults","D Liability Signal: 5;P Files: 1;D Answers: 1","5,1,1","0","true","","","1","Yes","0.5","","",""
"Specification-PolarizedContinuousMeritsModerateRiskAversion__Cost-4__Fee-American","1","21","1","D","6","21","D Defaults","D Liability Signal: 5;P Files: 1;D Answers: 1","5,1,1","0","true","","","2","No","0.5","","",""
"Specification-PolarizedContinuousMeritsModerateRiskAversion__Cost-4__Fee-American","1","22","1","D","8","15","D Offer","D Liability Signal: 5;P Files: 1;D Answers: 1;D Defaults: 1","5,1,1,1","0","true","","","1","0.05","0.10000000000000001","","",""
"Specification-PolarizedContinuousMeritsModerateRiskAversion__Cost-4__Fee-American","1","22","1","D","8","15","D Offer","D Liability Signal: 5;P Files: 1;D Answers: 1;D Defaults: 1","5,1,1,1","0","true","","","2","0.15","0.10000000000000001","","",""
"Specification-PolarizedContinuousMeritsModerateRiskAversion__Cost-4__Fee-American","1","22","1","D","8","15","D Offer","D Liability Signal: 5;P Files: 1;D Answers: 1;D Defaults: 1","5,1,1,1","0","true","","","3","0.25","0.10000000000000001","","",""
"Specification-PolarizedContinuousMeritsModerateRiskAversion__Cost-4__Fee-American","1","22","1","D","8","15","D Offer","D Liability Signal: 5;P Files: 1;D Answers: 1;D Defaults: 1","5,1,1,1","0","true","","","4","0.35","0.10000000000000001","","",""
"Specification-PolarizedContinuousMeritsModerateRiskAversion__Cost-4__Fee-American","1","22","1","D","8","15","D Offer","D Liability Signal: 5;P Files: 1;D Answers: 1;D Defaults: 1","5,1,1,1","0","true","","","5","0.45","0.10000000000000001","","",""
"Specification-PolarizedContinuousMeritsModerateRiskAversion__Cost-4__Fee-American","1","22","1","D","8","15","D Offer","D Liability Signal: 5;P Files: 1;D Answers: 1;D Defaults: 1","5,1,1,1","0","true","","","6","0.55","0.10000000000000001","","",""
"Specification-PolarizedContinuousMeritsModerateRiskAversion__Cost-4__Fee-American","1","22","1","D","8","15","D Offer","D Liability Signal: 5;P Files: 1;D Answers: 1;D Defaults: 1","5,1,1,1","0","true","","","7","0.65","0.10000000000000001","","",""
"Specification-PolarizedContinuousMeritsModerateRiskAversion__Cost-4__Fee-American","1","22","1","D","8","15","D Offer","D Liability Signal: 5;P Files: 1;D Answers: 1;D Defaults: 1","5,1,1,1","0","true","","","8","0.75","0.10000000000000001","","",""
"Specification-PolarizedContinuousMeritsModerateRiskAversion__Cost-4__Fee-American","1","22","1","D","8","15","D Offer","D Liability Signal: 5;P Files: 1;D Answers: 1;D Defaults: 1","5,1,1,1","0","true","","","9","0.85","0.10000000000000001","","",""
"Specification-PolarizedContinuousMeritsModerateRiskAversion__Cost-4__Fee-American","1","22","1","D","8","15","D Offer","D Liability Signal: 5;P Files: 1;D Answers: 1;D Defaults: 1","5,1,1,1","0","true","","","10","0.95","0.10000000000000001","","",""
"Specification-PolarizedContinuousMeritsModerateRiskAversion__Cost-4__Fee-American","1","23","1","D","8","15","D Offer","D Liability Signal: 5;P Files: 1;D Answers: 1;D Defaults: 2","5,1,1,2","0","true","","","1","0.05","0.10000000000000001","","",""
"Specification-PolarizedContinuousMeritsModerateRiskAversion__Cost-4__Fee-American","1","23","1","D","8","15","D Offer","D Liability Signal: 5;P Files: 1;D Answers: 1;D Defaults: 2","5,1,1,2","0","true","","","2","0.15","0.10000000000000001","","",""
"Specification-PolarizedContinuousMeritsModerateRiskAversion__Cost-4__Fee-American","1","23","1","D","8","15","D Offer","D Liability Signal: 5;P Files: 1;D Answers: 1;D Defaults: 2","5,1,1,2","0","true","","","3","0.25","0.10000000000000001","","",""
"Specification-PolarizedContinuousMeritsModerateRiskAversion__Cost-4__Fee-American","1","23","1","D","8","15","D Offer","D Liability Signal: 5;P Files: 1;D Answers: 1;D Defaults: 2","5,1,1,2","0","true","","","4","0.35","0.10000000000000001","","",""
"Specification-PolarizedContinuousMeritsModerateRiskAversion__Cost-4__Fee-American","1","23","1","D","8","15","D Offer","D Liability Signal: 5;P Files: 1;D Answers: 1;D Defaults: 2","5,1,1,2","0","true","","","5","0.45","0.10000000000000001","","",""
"Specification-PolarizedContinuousMeritsModerateRiskAversion__Cost-4__Fee-American","1","23","1","D","8","15","D Offer","D Liability Signal: 5;P Files: 1;D Answers: 1;D Defaults: 2","5,1,1,2","0","true","","","6","0.55","0.10000000000000001","","",""
"Specification-PolarizedContinuousMeritsModerateRiskAversion__Cost-4__Fee-American","1","23","1","D","8","15","D Offer","D Liability Signal: 5;P Files: 1;D Answers: 1;D Defaults: 2","5,1,1,2","0","true","","","7","0.65","0.10000000000000001","","",""
"Specification-PolarizedContinuousMeritsModerateRiskAversion__Cost-4__Fee-American","1","23","1","D","8","15","D Offer","D Liability Signal: 5;P Files: 1;D Answers: 1;D Defaults: 2","5,1,1,2","0","true","","","8","0.75","0.10000000000000001","","",""
"Specification-PolarizedContinuousMeritsModerateRiskAversion__Cost-4__Fee-American","1","23","1","D","8","15","D Offer","D Liability Signal: 5;P Files: 1;D Answers: 1;D Defaults: 2","5,1,1,2","0","true","","","9","0.85","0.10000000000000001","","",""
"Specification-PolarizedContinuousMeritsModerateRiskAversion__Cost-4__Fee-American","1","23","1","D","8","15","D Offer","D Liability Signal: 5;P Files: 1;D Answers: 1;D Defaults: 2","5,1,1,2","0","true","","","10","0.95","0.10000000000000001","","",""
"Specification-PolarizedContinuousMeritsModerateRiskAversion__Cost-4__Fee-American","1","24","1","D","3","10","D Answers","D Liability Signal: 6;P Files: 1","6,1","0.038007764200000002","false","998.80799893000005","998.80799893000005","1","Yes","0","997.92867034398989","0.87932858601016051","false"
"Specification-PolarizedContinuousMeritsModerateRiskAversion__Cost-4__Fee-American","1","24","1","D","3","10","D Answers","D Liability Signal: 6;P Files: 1","6,1","0.038007764200000002","false","998.80799893000005","998.80799893000005","2","No","1","998.80799893000005","0","true"
"Specification-PolarizedContinuousMeritsModerateRiskAversion__Cost-4__Fee-American","1","25","1","D","6","21","D Defaults","D Liability Signal: 6;P Files: 1;D Answers: 1","6,1,1","0","true","","","1","Yes","0.5","","",""
"Specification-PolarizedContinuousMeritsModerateRiskAversion__Cost-4__Fee-American","1","25","1","D","6","21","D Defaults","D Liability Signal: 6;P Files: 1;D Answers: 1","6,1,1","0","true","","","2","No","0.5","","",""
"Specification-PolarizedContinuousMeritsModerateRiskAversion__Cost-4__Fee-American","1","26","1","D","8","15","D Offer","D Liability Signal: 6;P Files: 1;D Answers: 1;D Defaults: 1","6,1,1,1","0","true","","","1","0.05","0.10000000000000001","","",""
"Specification-PolarizedContinuousMeritsModerateRiskAversion__Cost-4__Fee-American","1","26","1","D","8","15","D Offer","D Liability Signal: 6;P Files: 1;D Answers: 1;D Defaults: 1","6,1,1,1","0","true","","","2","0.15","0.10000000000000001","","",""
"Specification-PolarizedContinuousMeritsModerateRiskAversion__Cost-4__Fee-American","1","26","1","D","8","15","D Offer","D Liability Signal: 6;P Files: 1;D Answers: 1;D Defaults: 1","6,1,1,1","0","true","","","3","0.25","0.10000000000000001","","",""
"Specification-PolarizedContinuousMeritsModerateRiskAversion__Cost-4__Fee-American","1","26","1","D","8","15","D Offer","D Liability Signal: 6;P Files: 1;D Answers: 1;D Defaults: 1","6,1,1,1","0","true","","","4","0.35","0.10000000000000001","","",""
"Specification-PolarizedContinuousMeritsModerateRiskAversion__Cost-4__Fee-American","1","26","1","D","8","15","D Offer","D Liability Signal: 6;P Files: 1;D Answers: 1;D Defaults: 1","6,1,1,1","0","true","","","5","0.45","0.10000000000000001","","",""
"Specification-PolarizedContinuousMeritsModerateRiskAversion__Cost-4__Fee-American","1","26","1","D","8","15","D Offer","D Liability Signal: 6;P Files: 1;D Answers: 1;D Defaults: 1","6,1,1,1","0","true","","","6","0.55","0.10000000000000001","","",""
"Specification-PolarizedContinuousMeritsModerateRiskAversion__Cost-4__Fee-American","1","26","1","D","8","15","D Offer","D Liability Signal: 6;P Files: 1;D Answers: 1;D Defaults: 1","6,1,1,1","0","true","","","7","0.65","0.10000000000000001","","",""
"Specification-PolarizedContinuousMeritsModerateRiskAversion__Cost-4__Fee-American","1","26","1","D","8","15","D Offer","D Liability Signal: 6;P Files: 1;D Answers: 1;D Defaults: 1","6,1,1,1","0","true","","","8","0.75","0.10000000000000001","","",""
"Specification-PolarizedContinuousMeritsModerateRiskAversion__Cost-4__Fee-American","1","26","1","D","8","15","D Offer","D Liability Signal: 6;P Files: 1;D Answers: 1;D Defaults: 1","6,1,1,1","0","true","","","9","0.85","0.10000000000000001","","",""
"Specification-PolarizedContinuousMeritsModerateRiskAversion__Cost-4__Fee-American","1","26","1","D","8","15","D Offer","D Liability Signal: 6;P Files: 1;D Answers: 1;D Defaults: 1","6,1,1,1","0","true","","","10","0.95","0.10000000000000001","","",""
"Specification-PolarizedContinuousMeritsModerateRiskAversion__Cost-4__Fee-American","1","27","1","D","8","15","D Offer","D Liability Signal: 6;P Files: 1;D Answers: 1;D Defaults: 2","6,1,1,2","0","true","","","1","0.05","0.10000000000000001","","",""
"Specification-PolarizedContinuousMeritsModerateRiskAversion__Cost-4__Fee-American","1","27","1","D","8","15","D Offer","D Liability Signal: 6;P Files: 1;D Answers: 1;D Defaults: 2","6,1,1,2","0","true","","","2","0.15","0.10000000000000001","","",""
"Specification-PolarizedContinuousMeritsModerateRiskAversion__Cost-4__Fee-American","1","27","1","D","8","15","D Offer","D Liability Signal: 6;P Files: 1;D Answers: 1;D Defaults: 2","6,1,1,2","0","true","","","3","0.25","0.10000000000000001","","",""
"Specification-PolarizedContinuousMeritsModerateRiskAversion__Cost-4__Fee-American","1","27","1","D","8","15","D Offer","D Liability Signal: 6;P Files: 1;D Answers: 1;D Defaults: 2","6,1,1,2","0","true","","","4","0.35","0.10000000000000001","","",""
"Specification-PolarizedContinuousMeritsModerateRiskAversion__Cost-4__Fee-American","1","27","1","D","8","15","D Offer","D Liability Signal: 6;P Files: 1;D Answers: 1;D Defaults: 2","6,1,1,2","0","true","","","5","0.45","0.10000000000000001","","",""
"Specification-PolarizedContinuousMeritsModerateRiskAversion__Cost-4__Fee-American","1","27","1","D","8","15","D Offer","D Liability Signal: 6;P Files: 1;D Answers: 1;D Defaults: 2","6,1,1,2","0","true","","","6","0.55","0.10000000000000001","","",""
"Specification-PolarizedContinuousMeritsModerateRiskAversion__Cost-4__Fee-American","1","27","1","D","8","15","D Offer","D Liability Signal: 6;P Files: 1;D Answers: 1;D Defaults: 2","6,1,1,2","0","true","","","7","0.65","0.10000000000000001","","",""
"Specification-PolarizedContinuousMeritsModerateRiskAversion__Cost-4__Fee-American","1","27","1","D","8","15","D Offer","D Liability Signal: 6;P Files: 1;D Answers: 1;D Defaults: 2","6,1,1,2","0","true","","","8","0.75","0.10000000000000001","","",""
"Specification-PolarizedContinuousMeritsModerateRiskAversion__Cost-4__Fee-American","1","27","1","D","8","15","D Offer","D Liability Signal: 6;P Files: 1;D Answers: 1;D Defaults: 2","6,1,1,2","0","true","","","9","0.85","0.10000000000000001","","",""
"Specification-PolarizedContinuousMeritsModerateRiskAversion__Cost-4__Fee-American","1","27","1","D","8","15","D Offer","D Liability Signal: 6;P Files: 1;D Answers: 1;D Defaults: 2","6,1,1,2","0","true","","","10","0.95","0.10000000000000001","","",""
"Specification-PolarizedContinuousMeritsModerateRiskAversion__Cost-4__Fee-American","1","28","1","D","3","10","D Answers","D Liability Signal: 7;P Files: 1","7,1","0.057446920200000001","false","998.80799892999994","998.80799892999994","1","Yes","0","997.70062980296541","1.1073691270345307","false"
"Specification-PolarizedContinuousMeritsModerateRiskAversion__Cost-4__Fee-American","1","28","1","D","3","10","D Answers","D Liability Signal: 7;P Files: 1","7,1","0.057446920200000001","false","998.80799892999994","998.80799892999994","2","No","1","998.80799892999994","0","true"
"Specification-PolarizedContinuousMeritsModerateRiskAversion__Cost-4__Fee-American","1","29","1","D","6","21","D Defaults","D Liability Signal: 7;P Files: 1;D Answers: 1","7,1,1","0","true","","","1","Yes","0.5","","",""
"Specification-PolarizedContinuousMeritsModerateRiskAversion__Cost-4__Fee-American","1","29","1","D","6","21","D Defaults","D Liability Signal: 7;P Files: 1;D Answers: 1","7,1,1","0","true","","","2","No","0.5","","",""
"Specification-PolarizedContinuousMeritsModerateRiskAversion__Cost-4__Fee-American","1","30","1","D","8","15","D Offer","D Liability Signal: 7;P Files: 1;D Answers: 1;D Defaults: 1","7,1,1,1","0","true","","","1","0.05","0.10000000000000001","","",""
"Specification-PolarizedContinuousMeritsModerateRiskAversion__Cost-4__Fee-American","1","30","1","D","8","15","D Offer","D Liability Signal: 7;P Files: 1;D Answers: 1;D Defaults: 1","7,1,1,1","0","true","","","2","0.15","0.10000000000000001","","",""
"Specification-PolarizedContinuousMeritsModerateRiskAversion__Cost-4__Fee-American","1","30","1","D","8","15","D Offer","D Liability Signal: 7;P Files: 1;D Answers: 1;D Defaults: 1","7,1,1,1","0","true","","","3","0.25","0.10000000000000001","","",""
"Specification-PolarizedContinuousMeritsModerateRiskAversion__Cost-4__Fee-American","1","30","1","D","8","15","D Offer","D Liability Signal: 7;P Files: 1;D Answers: 1;D Defaults: 1","7,1,1,1","0","true","","","4","0.35","0.10000000000000001","","",""
"Specification-PolarizedContinuousMeritsModerateRiskAversion__Cost-4__Fee-American","1","30","1","D","8","15","D Offer","D Liability Signal: 7;P Files: 1;D Answers: 1;D Defaults: 1","7,1,1,1","0","true","","","5","0.45","0.10000000000000001","","",""
"Specification-PolarizedContinuousMeritsModerateRiskAversion__Cost-4__Fee-American","1","30","1","D","8","15","D Offer","D Liability Signal: 7;P Files: 1;D Answers: 1;D Defaults: 1","7,1,1,1","0","true","","","6","0.55","0.10000000000000001","","",""
"Specification-PolarizedContinuousMeritsModerateRiskAversion__Cost-4__Fee-American","1","30","1","D","8","15","D Offer","D Liability Signal: 7;P Files: 1;D Answers: 1;D Defaults: 1","7,1,1,1","0","true","","","7","0.65","0.10000000000000001","","",""
"Specification-PolarizedContinuousMeritsModerateRiskAversion__Cost-4__Fee-American","1","30","1","D","8","15","D Offer","D Liability Signal: 7;P Files: 1;D Answers: 1;D Defaults: 1","7,1,1,1","0","true","","","8","0.75","0.10000000000000001","","",""
"Specification-PolarizedContinuousMeritsModerateRiskAversion__Cost-4__Fee-American","1","30","1","D","8","15","D Offer","D Liability Signal: 7;P Files: 1;D Answers: 1;D Defaults: 1","7,1,1,1","0","true","","","9","0.85","0.10000000000000001","","",""
"Specification-PolarizedContinuousMeritsModerateRiskAversion__Cost-4__Fee-American","1","30","1","D","8","15","D Offer","D Liability Signal: 7;P Files: 1;D Answers: 1;D Defaults: 1","7,1,1,1","0","true","","","10","0.95","0.10000000000000001","","",""
"Specification-PolarizedContinuousMeritsModerateRiskAversion__Cost-4__Fee-American","1","31","1","D","8","15","D Offer","D Liability Signal: 7;P Files: 1;D Answers: 1;D Defaults: 2","7,1,1,2","0","true","","","1","0.05","0.10000000000000001","","",""
"Specification-PolarizedContinuousMeritsModerateRiskAversion__Cost-4__Fee-American","1","31","1","D","8","15","D Offer","D Liability Signal: 7;P Files: 1;D Answers: 1;D Defaults: 2","7,1,1,2","0","true","","","2","0.15","0.10000000000000001","","",""
"Specification-PolarizedContinuousMeritsModerateRiskAversion__Cost-4__Fee-American","1","31","1","D","8","15","D Offer","D Liability Signal: 7;P Files: 1;D Answers: 1;D Defaults: 2","7,1,1,2","0","true","","","3","0.25","0.10000000000000001","","",""
"Specification-PolarizedContinuousMeritsModerateRiskAversion__Cost-4__Fee-American","1","31","1","D","8","15","D Offer","D Liability Signal: 7;P Files: 1;D Answers: 1;D Defaults: 2","7,1,1,2","0","true","","","4","0.35","0.10000000000000001","","",""
"Specification-PolarizedContinuousMeritsModerateRiskAversion__Cost-4__Fee-American","1","31","1","D","8","15","D Offer","D Liability Signal: 7;P Files: 1;D Answers: 1;D Defaults: 2","7,1,1,2","0","true","","","5","0.45","0.10000000000000001","","",""
"Specification-PolarizedContinuousMeritsModerateRiskAversion__Cost-4__Fee-American","1","31","1","D","8","15","D Offer","D Liability Signal: 7;P Files: 1;D Answers: 1;D Defaults: 2","7,1,1,2","0","true","","","6","0.55","0.10000000000000001","","",""
"Specification-PolarizedContinuousMeritsModerateRiskAversion__Cost-4__Fee-American","1","31","1","D","8","15","D Offer","D Liability Signal: 7;P Files: 1;D Answers: 1;D Defaults: 2","7,1,1,2","0","true","","","7","0.65","0.10000000000000001","","",""
"Specification-PolarizedContinuousMeritsModerateRiskAversion__Cost-4__Fee-American","1","31","1","D","8","15","D Offer","D Liability Signal: 7;P Files: 1;D Answers: 1;D Defaults: 2","7,1,1,2","0","true","","","8","0.75","0.10000000000000001","","",""
"Specification-PolarizedContinuousMeritsModerateRiskAversion__Cost-4__Fee-American","1","31","1","D","8","15","D Offer","D Liability Signal: 7;P Files: 1;D Answers: 1;D Defaults: 2","7,1,1,2","0","true","","","9","0.85","0.10000000000000001","","",""
"Specification-PolarizedContinuousMeritsModerateRiskAversion__Cost-4__Fee-American","1","31","1","D","8","15","D Offer","D Liability Signal: 7;P Files: 1;D Answers: 1;D Defaults: 2","7,1,1,2","0","true","","","10","0.95","0.10000000000000001","","",""
"Specification-PolarizedContinuousMeritsModerateRiskAversion__Cost-4__Fee-American","1","32","1","D","3","10","D Answers","D Liability Signal: 8;P Files: 1","8,1","0.078876080399999993","false","998.80799893000005","998.80799893000005","1","Yes","0","997.51058831376952","1.2974106162305361","false"
"Specification-PolarizedContinuousMeritsModerateRiskAversion__Cost-4__Fee-American","1","32","1","D","3","10","D Answers","D Liability Signal: 8;P Files: 1","8,1","0.078876080399999993","false","998.80799893000005","998.80799893000005","2","No","1","998.80799893000005","0","true"
"Specification-PolarizedContinuousMeritsModerateRiskAversion__Cost-4__Fee-American","1","33","1","D","6","21","D Defaults","D Liability Signal: 8;P Files: 1;D Answers: 1","8,1,1","0","true","","","1","Yes","0.5","","",""
"Specification-PolarizedContinuousMeritsModerateRiskAversion__Cost-4__Fee-American","1","33","1","D","6","21","D Defaults","D Liability Signal: 8;P Files: 1;D Answers: 1","8,1,1","0","true","","","2","No","0.5","","",""
"Specification-PolarizedContinuousMeritsModerateRiskAversion__Cost-4__Fee-American","1","34","1","D","8","15","D Offer","D Liability Signal: 8;P Files: 1;D Answers: 1;D Defaults: 1","8,1,1,1","0","true","","","1","0.05","0.10000000000000001","","",""
"Specification-PolarizedContinuousMeritsModerateRiskAversion__Cost-4__Fee-American","1","34","1","D","8","15","D Offer","D Liability Signal: 8;P Files: 1;D Answers: 1;D Defaults: 1","8,1,1,1","0","true","","","2","0.15","0.10000000000000001","","",""
"Specification-PolarizedContinuousMeritsModerateRiskAversion__Cost-4__Fee-American","1","34","1","D","8","15","D Offer","D Liability Signal: 8;P Files: 1;D Answers: 1;D Defaults: 1","8,1,1,1","0","true","","","3","0.25","0.10000000000000001","","",""
"Specification-PolarizedContinuousMeritsModerateRiskAversion__Cost-4__Fee-American","1","34","1","D","8","15","D Offer","D Liability Signal: 8;P Files: 1;D Answers: 1;D Defaults: 1","8,1,1,1","0","true","","","4","0.35","0.10000000000000001","","",""
"Specification-PolarizedContinuousMeritsModerateRiskAversion__Cost-4__Fee-American","1","34","1","D","8","15","D Offer","D Liability Signal: 8;P Files: 1;D Answers: 1;D Defaults: 1","8,1,1,1","0","true","","","5","0.45","0.10000000000000001","","",""
"Specification-PolarizedContinuousMeritsModerateRiskAversion__Cost-4__Fee-American","1","34","1","D","8","15","D Offer","D Liability Signal: 8;P Files: 1;D Answers: 1;D Defaults: 1","8,1,1,1","0","true","","","6","0.55","0.10000000000000001","","",""
"Specification-PolarizedContinuousMeritsModerateRiskAversion__Cost-4__Fee-American","1","34","1","D","8","15","D Offer","D Liability Signal: 8;P Files: 1;D Answers: 1;D Defaults: 1","8,1,1,1","0","true","","","7","0.65","0.10000000000000001","","",""
"Specification-PolarizedContinuousMeritsModerateRiskAversion__Cost-4__Fee-American","1","34","1","D","8","15","D Offer","D Liability Signal: 8;P Files: 1;D Answers: 1;D Defaults: 1","8,1,1,1","0","true","","","8","0.75","0.10000000000000001","","",""
"Specification-PolarizedContinuousMeritsModerateRiskAversion__Cost-4__Fee-American","1","34","1","D","8","15","D Offer","D Liability Signal: 8;P Files: 1;D Answers: 1;D Defaults: 1","8,1,1,1","0","true","","","9","0.85","0.10000000000000001","","",""
"Specification-PolarizedContinuousMeritsModerateRiskAversion__Cost-4__Fee-American","1","34","1","D","8","15","D Offer","D Liability Signal: 8;P Files: 1;D Answers: 1;D Defaults: 1","8,1,1,1","0","true","","","10","0.95","0.10000000000000001","","",""
"Specification-PolarizedContinuousMeritsModerateRiskAversion__Cost-4__Fee-American","1","35","1","D","8","15","D Offer","D Liability Signal: 8;P Files: 1;D Answers: 1;D Defaults: 2","8,1,1,2","0","true","","","1","0.05","0.10000000000000001","","",""
"Specification-PolarizedContinuousMeritsModerateRiskAversion__Cost-4__Fee-American","1","35","1","D","8","15","D Offer","D Liability Signal: 8;P Files: 1;D Answers: 1;D Defaults: 2","8,1,1,2","0","true","","","2","0.15","0.10000000000000001","","",""
"Specification-PolarizedContinuousMeritsModerateRiskAversion__Cost-4__Fee-American","1","35","1","D","8","15","D Offer","D Liability Signal: 8;P Files: 1;D Answers: 1;D Defaults: 2","8,1,1,2","0","true","","","3","0.25","0.10000000000000001","","",""
"Specification-PolarizedContinuousMeritsModerateRiskAversion__Cost-4__Fee-American","1","35","1","D","8","15","D Offer","D Liability Signal: 8;P Files: 1;D Answers: 1;D Defaults: 2","8,1,1,2","0","true","","","4","0.35","0.10000000000000001","","",""
"Specification-PolarizedContinuousMeritsModerateRiskAversion__Cost-4__Fee-American","1","35","1","D","8","15","D Offer","D Liability Signal: 8;P Files: 1;D Answers: 1;D Defaults: 2","8,1,1,2","0","true","","","5","0.45","0.10000000000000001","","",""
"Specification-PolarizedContinuousMeritsModerateRiskAversion__Cost-4__Fee-American","1","35","1","D","8","15","D Offer","D Liability Signal: 8;P Files: 1;D Answers: 1;D Defaults: 2","8,1,1,2","0","true","","","6","0.55","0.10000000000000001","","",""
"Specification-PolarizedContinuousMeritsModerateRiskAversion__Cost-4__Fee-American","1","35","1","D","8","15","D Offer","D Liability Signal: 8;P Files: 1;D Answers: 1;D Defaults: 2","8,1,1,2","0","true","","","7","0.65","0.10000000000000001","","",""
"Specification-PolarizedContinuousMeritsModerateRiskAversion__Cost-4__Fee-American","1","35","1","D","8","15","D Offer","D Liability Signal: 8;P Files: 1;D Answers: 1;D Defaults: 2","8,1,1,2","0","true","","","8","0.75","0.10000000000000001","","",""
"Specification-PolarizedContinuousMeritsModerateRiskAversion__Cost-4__Fee-American","1","35","1","D","8","15","D Offer","D Liability Signal: 8;P Files: 1;D Answers: 1;D Defaults: 2","8,1,1,2","0","true","","","9","0.85","0.10000000000000001","","",""
"Specification-PolarizedContinuousMeritsModerateRiskAversion__Cost-4__Fee-American","1","35","1","D","8","15","D Offer","D Liability Signal: 8;P Files: 1;D Answers: 1;D Defaults: 2","8,1,1,2","0","true","","","10","0.95","0.10000000000000001","","",""
"Specification-PolarizedContinuousMeritsModerateRiskAversion__Cost-4__Fee-American","1","36","1","D","3","10","D Answers","D Liability Signal: 9;P Files: 1","9,1","0.094679244900000001","false","998.80799893000005","998.80799893000005","1","Yes","0","997.36707376943286","1.4409251605671898","false"
"Specification-PolarizedContinuousMeritsModerateRiskAversion__Cost-4__Fee-American","1","36","1","D","3","10","D Answers","D Liability Signal: 9;P Files: 1","9,1","0.094679244900000001","false","998.80799893000005","998.80799893000005","2","No","1","998.80799893000005","0","true"
"Specification-PolarizedContinuousMeritsModerateRiskAversion__Cost-4__Fee-American","1","37","1","D","6","21","D Defaults","D Liability Signal: 9;P Files: 1;D Answers: 1","9,1,1","0","true","","","1","Yes","0.5","","",""
"Specification-PolarizedContinuousMeritsModerateRiskAversion__Cost-4__Fee-American","1","37","1","D","6","21","D Defaults","D Liability Signal: 9;P Files: 1;D Answers: 1","9,1,1","0","true","","","2","No","0.5","","",""
"Specification-PolarizedContinuousMeritsModerateRiskAversion__Cost-4__Fee-American","1","38","1","D","8","15","D Offer","D Liability Signal: 9;P Files: 1;D Answers: 1;D Defaults: 1","9,1,1,1","0","true","","","1","0.05","0.10000000000000001","","",""
"Specification-PolarizedContinuousMeritsModerateRiskAversion__Cost-4__Fee-American","1","38","1","D","8","15","D Offer","D Liability Signal: 9;P Files: 1;D Answers: 1;D Defaults: 1","9,1,1,1","0","true","","","2","0.15","0.10000000000000001","","",""
"Specification-PolarizedContinuousMeritsModerateRiskAversion__Cost-4__Fee-American","1","38","1","D","8","15","D Offer","D Liability Signal: 9;P Files: 1;D Answers: 1;D Defaults: 1","9,1,1,1","0","true","","","3","0.25","0.10000000000000001","","",""
"Specification-PolarizedContinuousMeritsModerateRiskAversion__Cost-4__Fee-American","1","38","1","D","8","15","D Offer","D Liability Signal: 9;P Files: 1;D Answers: 1;D Defaults: 1","9,1,1,1","0","true","","","4","0.35","0.10000000000000001","","",""
"Specification-PolarizedContinuousMeritsModerateRiskAversion__Cost-4__Fee-American","1","38","1","D","8","15","D Offer","D Liability Signal: 9;P Files: 1;D Answers: 1;D Defaults: 1","9,1,1,1","0","true","","","5","0.45","0.10000000000000001","","",""
"Specification-PolarizedContinuousMeritsModerateRiskAversion__Cost-4__Fee-American","1","38","1","D","8","15","D Offer","D Liability Signal: 9;P Files: 1;D Answers: 1;D Defaults: 1","9,1,1,1","0","true","","","6","0.55","0.10000000000000001","","",""
"Specification-PolarizedContinuousMeritsModerateRiskAversion__Cost-4__Fee-American","1","38","1","D","8","15","D Offer","D Liability Signal: 9;P Files: 1;D Answers: 1;D Defaults: 1","9,1,1,1","0","true","","","7","0.65","0.10000000000000001","","",""
"Specification-PolarizedContinuousMeritsModerateRiskAversion__Cost-4__Fee-American","1","38","1","D","8","15","D Offer","D Liability Signal: 9;P Files: 1;D Answers: 1;D Defaults: 1","9,1,1,1","0","true","","","8","0.75","0.10000000000000001","","",""
"Specification-PolarizedContinuousMeritsModerateRiskAversion__Cost-4__Fee-American","1","38","1","D","8","15","D Offer","D Liability Signal: 9;P Files: 1;D Answers: 1;D Defaults: 1","9,1,1,1","0","true","","","9","0.85","0.10000000000000001","","",""
"Specification-PolarizedContinuousMeritsModerateRiskAversion__Cost-4__Fee-American","1","38","1","D","8","15","D Offer","D Liability Signal: 9;P Files: 1;D Answers: 1;D Defaults: 1","9,1,1,1","0","true","","","10","0.95","0.10000000000000001","","",""
"Specification-PolarizedContinuousMeritsModerateRiskAversion__Cost-4__Fee-American","1","39","1","D","8","15","D Offer","D Liability Signal: 9;P Files: 1;D Answers: 1;D Defaults: 2","9,1,1,2","0","true","","","1","0.05","0.10000000000000001","","",""
"Specification-PolarizedContinuousMeritsModerateRiskAversion__Cost-4__Fee-American","1","39","1","D","8","15","D Offer","D Liability Signal: 9;P Files: 1;D Answers: 1;D Defaults: 2","9,1,1,2","0","true","","","2","0.15","0.10000000000000001","","",""
"Specification-PolarizedContinuousMeritsModerateRiskAversion__Cost-4__Fee-American","1","39","1","D","8","15","D Offer","D Liability Signal: 9;P Files: 1;D Answers: 1;D Defaults: 2","9,1,1,2","0","true","","","3","0.25","0.10000000000000001","","",""
"Specification-PolarizedContinuousMeritsModerateRiskAversion__Cost-4__Fee-American","1","39","1","D","8","15","D Offer","D Liability Signal: 9;P Files: 1;D Answers: 1;D Defaults: 2","9,1,1,2","0","true","","","4","0.35","0.10000000000000001","","",""
"Specification-PolarizedContinuousMeritsModerateRiskAversion__Cost-4__Fee-American","1","39","1","D","8","15","D Offer","D Liability Signal: 9;P Files: 1;D Answers: 1;D Defaults: 2","9,1,1,2","0","true","","","5","0.45","0.10000000000000001","","",""
"Specification-PolarizedContinuousMeritsModerateRiskAversion__Cost-4__Fee-American","1","39","1","D","8","15","D Offer","D Liability Signal: 9;P Files: 1;D Answers: 1;D Defaults: 2","9,1,1,2","0","true","","","6","0.55","0.10000000000000001","","",""
"Specification-PolarizedContinuousMeritsModerateRiskAversion__Cost-4__Fee-American","1","39","1","D","8","15","D Offer","D Liability Signal: 9;P Files: 1;D Answers: 1;D Defaults: 2","9,1,1,2","0","true","","","7","0.65","0.10000000000000001","","",""
"Specification-PolarizedContinuousMeritsModerateRiskAversion__Cost-4__Fee-American","1","39","1","D","8","15","D Offer","D Liability Signal: 9;P Files: 1;D Answers: 1;D Defaults: 2","9,1,1,2","0","true","","","8","0.75","0.10000000000000001","","",""
"Specification-PolarizedContinuousMeritsModerateRiskAversion__Cost-4__Fee-American","1","39","1","D","8","15","D Offer","D Liability Signal: 9;P Files: 1;D Answers: 1;D Defaults: 2","9,1,1,2","0","true","","","9","0.85","0.10000000000000001","","",""
"Specification-PolarizedContinuousMeritsModerateRiskAversion__Cost-4__Fee-American","1","39","1","D","8","15","D Offer","D Liability Signal: 9;P Files: 1;D Answers: 1;D Defaults: 2","9,1,1,2","0","true","","","10","0.95","0.10000000000000001","","",""
"Specification-PolarizedContinuousMeritsModerateRiskAversion__Cost-4__Fee-American","1","40","1","D","3","10","D Answers","D Liability Signal: 10;P Files: 1","10,1","0.096129796300000001","false","998.80799893000005","998.80799893000005","1","Yes","0","997.26418033872892","1.5438185912711333","false"
"Specification-PolarizedContinuousMeritsModerateRiskAversion__Cost-4__Fee-American","1","40","1","D","3","10","D Answers","D Liability Signal: 10;P Files: 1","10,1","0.096129796300000001","false","998.80799893000005","998.80799893000005","2","No","1","998.80799893000005","0","true"
"Specification-PolarizedContinuousMeritsModerateRiskAversion__Cost-4__Fee-American","1","41","1","D","6","21","D Defaults","D Liability Signal: 10;P Files: 1;D Answers: 1","10,1,1","0","true","","","1","Yes","0.5","","",""
"Specification-PolarizedContinuousMeritsModerateRiskAversion__Cost-4__Fee-American","1","41","1","D","6","21","D Defaults","D Liability Signal: 10;P Files: 1;D Answers: 1","10,1,1","0","true","","","2","No","0.5","","",""
"Specification-PolarizedContinuousMeritsModerateRiskAversion__Cost-4__Fee-American","1","42","1","D","8","15","D Offer","D Liability Signal: 10;P Files: 1;D Answers: 1;D Defaults: 1","10,1,1,1","0","true","","","1","0.05","0.10000000000000001","","",""
"Specification-PolarizedContinuousMeritsModerateRiskAversion__Cost-4__Fee-American","1","42","1","D","8","15","D Offer","D Liability Signal: 10;P Files: 1;D Answers: 1;D Defaults: 1","10,1,1,1","0","true","","","2","0.15","0.10000000000000001","","",""
"Specification-PolarizedContinuousMeritsModerateRiskAversion__Cost-4__Fee-American","1","42","1","D","8","15","D Offer","D Liability Signal: 10;P Files: 1;D Answers: 1;D Defaults: 1","10,1,1,1","0","true","","","3","0.25","0.10000000000000001","","",""
"Specification-PolarizedContinuousMeritsModerateRiskAversion__Cost-4__Fee-American","1","42","1","D","8","15","D Offer","D Liability Signal: 10;P Files: 1;D Answers: 1;D Defaults: 1","10,1,1,1","0","true","","","4","0.35","0.10000000000000001","","",""
"Specification-PolarizedContinuousMeritsModerateRiskAversion__Cost-4__Fee-American","1","42","1","D","8","15","D Offer","D Liability Signal: 10;P Files: 1;D Answers: 1;D Defaults: 1","10,1,1,1","0","true","","","5","0.45","0.10000000000000001","","",""
"Specification-PolarizedContinuousMeritsModerateRiskAversion__Cost-4__Fee-American","1","42","1","D","8","15","D Offer","D Liability Signal: 10;P Files: 1;D Answers: 1;D Defaults: 1","10,1,1,1","0","true","","","6","0.55","0.10000000000000001","","",""
"Specification-PolarizedContinuousMeritsModerateRiskAversion__Cost-4__Fee-American","1","42","1","D","8","15","D Offer","D Liability Signal: 10;P Files: 1;D Answers: 1;D Defaults: 1","10,1,1,1","0","true","","","7","0.65","0.10000000000000001","","",""
"Specification-PolarizedContinuousMeritsModerateRiskAversion__Cost-4__Fee-American","1","42","1","D","8","15","D Offer","D Liability Signal: 10;P Files: 1;D Answers: 1;D Defaults: 1","10,1,1,1","0","true","","","8","0.75","0.10000000000000001","","",""
"Specification-PolarizedContinuousMeritsModerateRiskAversion__Cost-4__Fee-American","1","42","1","D","8","15","D Offer","D Liability Signal: 10;P Files: 1;D Answers: 1;D Defaults: 1","10,1,1,1","0","true","","","9","0.85","0.10000000000000001","","",""
"Specification-PolarizedContinuousMeritsModerateRiskAversion__Cost-4__Fee-American","1","42","1","D","8","15","D Offer","D Liability Signal: 10;P Files: 1;D Answers: 1;D Defaults: 1","10,1,1,1","0","true","","","10","0.95","0.10000000000000001","","",""
"Specification-PolarizedContinuousMeritsModerateRiskAversion__Cost-4__Fee-American","1","43","1","D","8","15","D Offer","D Liability Signal: 10;P Files: 1;D Answers: 1;D Defaults: 2","10,1,1,2","0","true","","","1","0.05","0.10000000000000001","","",""
"Specification-PolarizedContinuousMeritsModerateRiskAversion__Cost-4__Fee-American","1","43","1","D","8","15","D Offer","D Liability Signal: 10;P Files: 1;D Answers: 1;D Defaults: 2","10,1,1,2","0","true","","","2","0.15","0.10000000000000001","","",""
"Specification-PolarizedContinuousMeritsModerateRiskAversion__Cost-4__Fee-American","1","43","1","D","8","15","D Offer","D Liability Signal: 10;P Files: 1;D Answers: 1;D Defaults: 2","10,1,1,2","0","true","","","3","0.25","0.10000000000000001","","",""
"Specification-PolarizedContinuousMeritsModerateRiskAversion__Cost-4__Fee-American","1","43","1","D","8","15","D Offer","D Liability Signal: 10;P Files: 1;D Answers: 1;D Defaults: 2","10,1,1,2","0","true","","","4","0.35","0.10000000000000001","","",""
"Specification-PolarizedContinuousMeritsModerateRiskAversion__Cost-4__Fee-American","1","43","1","D","8","15","D Offer","D Liability Signal: 10;P Files: 1;D Answers: 1;D Defaults: 2","10,1,1,2","0","true","","","5","0.45","0.10000000000000001","","",""
"Specification-PolarizedContinuousMeritsModerateRiskAversion__Cost-4__Fee-American","1","43","1","D","8","15","D Offer","D Liability Signal: 10;P Files: 1;D Answers: 1;D Defaults: 2","10,1,1,2","0","true","","","6","0.55","0.10000000000000001","","",""
"Specification-PolarizedContinuousMeritsModerateRiskAversion__Cost-4__Fee-American","1","43","1","D","8","15","D Offer","D Liability Signal: 10;P Files: 1;D Answers: 1;D Defaults: 2","10,1,1,2","0","true","","","7","0.65","0.10000000000000001","","",""
"Specification-PolarizedContinuousMeritsModerateRiskAversion__Cost-4__Fee-American","1","43","1","D","8","15","D Offer","D Liability Signal: 10;P Files: 1;D Answers: 1;D Defaults: 2","10,1,1,2","0","true","","","8","0.75","0.10000000000000001","","",""
"Specification-PolarizedContinuousMeritsModerateRiskAversion__Cost-4__Fee-American","1","43","1","D","8","15","D Offer","D Liability Signal: 10;P Files: 1;D Answers: 1;D Defaults: 2","10,1,1,2","0","true","","","9","0.85","0.10000000000000001","","",""
"Specification-PolarizedContinuousMeritsModerateRiskAversion__Cost-4__Fee-American","1","43","1","D","8","15","D Offer","D Liability Signal: 10;P Files: 1;D Answers: 1;D Defaults: 2","10,1,1,2","0","true","","","10","0.95","0.10000000000000001","","",""
