"OptionSetName","Equilibrium Number","Information Set Number","Player Index","Player","Decision Index","Decision Code","Decision","Information Set Labels","Information Set Contents","Equilibrium Reach Probability","Off Path","Conditional Information-Set Utility","Best Action Utility","Action","Action Label","Equilibrium Action Probability","Conditional Action Utility","Utility Loss from Best Action","Is Best Action"
"Specification-CenterWeightedContinuousMerits__Cost-2__Fee-British__ExitFees-AllUnilateralExits","1","0","0","P","2","9","P Files","P Liability Signal: 1","1","0.056279999999999997","false","10.000005220500002","10.000005220500002","1","Yes","0","9.4427263920041611","0.55727882849584098","false"
"Specification-CenterWeightedContinuousMerits__Cost-2__Fee-British__ExitFees-AllUnilateralExits","1","0","0","P","2","9","P Files","P Liability Signal: 1","1","0.056279999999999997","false","10.000005220500002","10.000005220500002","2","No","1","10.000005220500002","0","true"
"Specification-CenterWeightedContinuousMerits__Cost-2__Fee-British__ExitFees-AllUnilateralExits","1","2","0","P","5","20","P Abandons","P Liability Signal: 1;P Files: 1;D Answers: 1","1,1,1","0","true","","","1","Yes","0.5","","",""
"Specification-CenterWeightedContinuousMerits__Cost-2__Fee-British__ExitFees-AllUnilateralExits","1","2","0","P","5","20","P Abandons","P Liability Signal: 1;P Files: 1;D Answers: 1","1,1,1","0","true","","","2","No","0.5","","",""
"Specification-CenterWeightedContinuousMerits__Cost-2__Fee-British__ExitFees-AllUnilateralExits","1","4","0","P","7","14","P Offer","P Liability Signal: 1;P Files: 1;D Answers: 1;P Abandons: 1","1,1,1,1","0","true","","","1","0.05","0.10000000000000001","","",""
"Specification-CenterWeightedContinuousMerits__Cost-2__Fee-British__ExitFees-AllUnilateralExits","1","4","0","P","7","14","P Offer","P Liability Signal: 1;P Files: 1;D Answers: 1;P Abandons: 1","1,1,1,1","0","true","","","2","0.15","0.10000000000000001","","",""
"Specification-CenterWeightedContinuousMerits__Cost-2__Fee-British__ExitFees-AllUnilateralExits","1","4","0","P","7","14","P Offer","P Liability Signal: 1;P Files: 1;D Answers: 1;P Abandons: 1","1,1,1,1","0","true","","","3","0.25","0.10000000000000001","","",""
"Specification-CenterWeightedContinuousMerits__Cost-2__Fee-British__ExitFees-AllUnilateralExits","1","4","0","P","7","14","P Offer","P Liability Signal: 1;P Files: 1;D Answers: 1;P Abandons: 1","1,1,1,1","0","true","","","4","0.35","0.10000000000000001","","",""
"Specification-CenterWeightedContinuousMerits__Cost-2__Fee-British__ExitFees-AllUnilateralExits","1","4","0","P","7","14","P Offer","P Liability Signal: 1;P Files: 1;D Answers: 1;P Abandons: 1","1,1,1,1","0","true","","","5","0.45","0.10000000000000001","","",""
"Specification-CenterWeightedContinuousMerits__Cost-2__Fee-British__ExitFees-AllUnilateralExits","1","4","0","P","7","14","P Offer","P Liability Signal: 1;P Files: 1;D Answers: 1;P Abandons: 1","1,1,1,1","0","true","","","6","0.55","0.10000000000000001","","",""
"Specification-CenterWeightedContinuousMerits__Cost-2__Fee-British__ExitFees-AllUnilateralExits","1","4","0","P","7","14","P Offer","P Liability Signal: 1;P Files: 1;D Answers: 1;P Abandons: 1","1,1,1,1","0","true","","","7","0.65","0.10000000000000001","","",""
"Specification-CenterWeightedContinuousMerits__Cost-2__Fee-British__ExitFees-AllUnilateralExits","1","4","0","P","7","14","P Offer","P Liability Signal: 1;P Files: 1;D Answers: 1;P Abandons: 1","1,1,1,1","0","true","","","8","0.75","0.10000000000000001","","",""
"Specification-CenterWeightedContinuousMerits__Cost-2__Fee-British__ExitFees-AllUnilateralExits","1","4","0","P","7","14","P Offer","P Liability Signal: 1;P Files: 1;D Answers: 1;P Abandons: 1","1,1,1,1","0","true","","","9","0.85","0.10000000000000001","","",""
"Specification-CenterWeightedContinuousMerits__Cost-2__Fee-British__ExitFees-AllUnilateralExits","1","4","0","P","7","14","P Offer","P Liability Signal: 1;P Files: 1;D Answers: 1;P Abandons: 1","1,1,1,1","0","true","","","10","0.95","0.10000000000000001","","",""
"Specification-CenterWeightedContinuousMerits__Cost-2__Fee-British__ExitFees-AllUnilateralExits","1","7","0","P","7","14","P Offer","P Liability Signal: 1;P Files: 1;D Answers: 1;P Abandons: 2","1,1,1,2","0","true","","","1","0.05","0.10000000000000001","","",""
"Specification-CenterWeightedContinuousMerits__Cost-2__Fee-British__ExitFees-AllUnilateralExits","1","7","0","P","7","14","P Offer","P Liability Signal: 1;P Files: 1;D Answers: 1;P Abandons: 2","1,1,1,2","0","true","","","2","0.15","0.10000000000000001","","",""
"Specification-CenterWeightedContinuousMerits__Cost-2__Fee-British__ExitFees-AllUnilateralExits","1","7","0","P","7","14","P Offer","P Liability Signal: 1;P Files: 1;D Answers: 1;P Abandons: 2","1,1,1,2","0","true","","","3","0.25","0.10000000000000001","","",""
"Specification-CenterWeightedContinuousMerits__Cost-2__Fee-British__ExitFees-AllUnilateralExits","1","7","0","P","7","14","P Offer","P Liability Signal: 1;P Files: 1;D Answers: 1;P Abandons: 2","1,1,1,2","0","true","","","4","0.35","0.10000000000000001","","",""
"Specification-CenterWeightedContinuousMerits__Cost-2__Fee-British__ExitFees-AllUnilateralExits","1","7","0","P","7","14","P Offer","P Liability Signal: 1;P Files: 1;D Answers: 1;P Abandons: 2","1,1,1,2","0","true","","","5","0.45","0.10000000000000001","","",""
"Specification-CenterWeightedContinuousMerits__Cost-2__Fee-British__ExitFees-AllUnilateralExits","1","7","0","P","7","14","P Offer","P Liability Signal: 1;P Files: 1;D Answers: 1;P Abandons: 2","1,1,1,2","0","true","","","6","0.55","0.10000000000000001","","",""
"Specification-CenterWeightedContinuousMerits__Cost-2__Fee-British__ExitFees-AllUnilateralExits","1","7","0","P","7","14","P Offer","P Liability Signal: 1;P Files: 1;D Answers: 1;P Abandons: 2","1,1,1,2","0","true","","","7","0.65","0.10000000000000001","","",""
"Specification-CenterWeightedContinuousMerits__Cost-2__Fee-British__ExitFees-AllUnilateralExits","1","7","0","P","7","14","P Offer","P Liability Signal: 1;P Files: 1;D Answers: 1;P Abandons: 2","1,1,1,2","0","true","","","8","0.75","0.10000000000000001","","",""
"Specification-CenterWeightedContinuousMerits__Cost-2__Fee-British__ExitFees-AllUnilateralExits","1","7","0","P","7","14","P Offer","P Liability Signal: 1;P Files: 1;D Answers: 1;P Abandons: 2","1,1,1,2","0","true","","","9","0.85","0.10000000000000001","","",""
"Specification-CenterWeightedContinuousMerits__Cost-2__Fee-British__ExitFees-AllUnilateralExits","1","7","0","P","7","14","P Offer","P Liability Signal: 1;P Files: 1;D Answers: 1;P Abandons: 2","1,1,1,2","0","true","","","10","0.95","0.10000000000000001","","",""
"Specification-CenterWeightedContinuousMerits__Cost-2__Fee-British__ExitFees-AllUnilateralExits","1","44","0","P","2","9","P Files","P Liability Signal: 2","2","0.082029999999999978","false","10.000005220500006","10.000005220500006","1","Yes","0","9.5280023213838785","0.47200289911612714","false"
"Specification-CenterWeightedContinuousMerits__Cost-2__Fee-British__ExitFees-AllUnilateralExits","1","44","0","P","2","9","P Files","P Liability Signal: 2","2","0.082029999999999978","false","10.000005220500006","10.000005220500006","2","No","1","10.000005220500006","0","true"
"Specification-CenterWeightedContinuousMerits__Cost-2__Fee-British__ExitFees-AllUnilateralExits","1","45","0","P","5","20","P Abandons","P Liability Signal: 2;P Files: 1;D Answers: 1","2,1,1","0","true","","","1","Yes","0.5","","",""
"Specification-CenterWeightedContinuousMerits__Cost-2__Fee-British__ExitFees-AllUnilateralExits","1","45","0","P","5","20","P Abandons","P Liability Signal: 2;P Files: 1;D Answers: 1","2,1,1","0","true","","","2","No","0.5","","",""
"Specification-CenterWeightedContinuousMerits__Cost-2__Fee-British__ExitFees-AllUnilateralExits","1","46","0","P","7","14","P Offer","P Liability Signal: 2;P Files: 1;D Answers: 1;P Abandons: 1","2,1,1,1","0","true","","","1","0.05","0.10000000000000001","","",""
"Specification-CenterWeightedContinuousMerits__Cost-2__Fee-British__ExitFees-AllUnilateralExits","1","46","0","P","7","14","P Offer","P Liability Signal: 2;P Files: 1;D Answers: 1;P Abandons: 1","2,1,1,1","0","true","","","2","0.15","0.10000000000000001","","",""
"Specification-CenterWeightedContinuousMerits__Cost-2__Fee-British__ExitFees-AllUnilateralExits","1","46","0","P","7","14","P Offer","P Liability Signal: 2;P Files: 1;D Answers: 1;P Abandons: 1","2,1,1,1","0","true","","","3","0.25","0.10000000000000001","","",""
"Specification-CenterWeightedContinuousMerits__Cost-2__Fee-British__ExitFees-AllUnilateralExits","1","46","0","P","7","14","P Offer","P Liability Signal: 2;P Files: 1;D Answers: 1;P Abandons: 1","2,1,1,1","0","true","","","4","0.35","0.10000000000000001","","",""
"Specification-CenterWeightedContinuousMerits__Cost-2__Fee-British__ExitFees-AllUnilateralExits","1","46","0","P","7","14","P Offer","P Liability Signal: 2;P Files: 1;D Answers: 1;P Abandons: 1","2,1,1,1","0","true","","","5","0.45","0.10000000000000001","","",""
"Specification-CenterWeightedContinuousMerits__Cost-2__Fee-British__ExitFees-AllUnilateralExits","1","46","0","P","7","14","P Offer","P Liability Signal: 2;P Files: 1;D Answers: 1;P Abandons: 1","2,1,1,1","0","true","","","6","0.55","0.10000000000000001","","",""
"Specification-CenterWeightedContinuousMerits__Cost-2__Fee-British__ExitFees-AllUnilateralExits","1","46","0","P","7","14","P Offer","P Liability Signal: 2;P Files: 1;D Answers: 1;P Abandons: 1","2,1,1,1","0","true","","","7","0.65","0.10000000000000001","","",""
"Specification-CenterWeightedContinuousMerits__Cost-2__Fee-British__ExitFees-AllUnilateralExits","1","46","0","P","7","14","P Offer","P Liability Signal: 2;P Files: 1;D Answers: 1;P Abandons: 1","2,1,1,1","0","true","","","8","0.75","0.10000000000000001","","",""
"Specification-CenterWeightedContinuousMerits__Cost-2__Fee-British__ExitFees-AllUnilateralExits","1","46","0","P","7","14","P Offer","P Liability Signal: 2;P Files: 1;D Answers: 1;P Abandons: 1","2,1,1,1","0","true","","","9","0.85","0.10000000000000001","","",""
"Specification-CenterWeightedContinuousMerits__Cost-2__Fee-British__ExitFees-AllUnilateralExits","1","46","0","P","7","14","P Offer","P Liability Signal: 2;P Files: 1;D Answers: 1;P Abandons: 1","2,1,1,1","0","true","","","10","0.95","0.10000000000000001","","",""
"Specification-CenterWeightedContinuousMerits__Cost-2__Fee-British__ExitFees-AllUnilateralExits","1","47","0","P","7","14","P Offer","P Liability Signal: 2;P Files: 1;D Answers: 1;P Abandons: 2","2,1,1,2","0","true","","","1","0.05","0.10000000000000001","","",""
"Specification-CenterWeightedContinuousMerits__Cost-2__Fee-British__ExitFees-AllUnilateralExits","1","47","0","P","7","14","P Offer","P Liability Signal: 2;P Files: 1;D Answers: 1;P Abandons: 2","2,1,1,2","0","true","","","2","0.15","0.10000000000000001","","",""
"Specification-CenterWeightedContinuousMerits__Cost-2__Fee-British__ExitFees-AllUnilateralExits","1","47","0","P","7","14","P Offer","P Liability Signal: 2;P Files: 1;D Answers: 1;P Abandons: 2","2,1,1,2","0","true","","","3","0.25","0.10000000000000001","","",""
"Specification-CenterWeightedContinuousMerits__Cost-2__Fee-British__ExitFees-AllUnilateralExits","1","47","0","P","7","14","P Offer","P Liability Signal: 2;P Files: 1;D Answers: 1;P Abandons: 2","2,1,1,2","0","true","","","4","0.35","0.10000000000000001","","",""
"Specification-CenterWeightedContinuousMerits__Cost-2__Fee-British__ExitFees-AllUnilateralExits","1","47","0","P","7","14","P Offer","P Liability Signal: 2;P Files: 1;D Answers: 1;P Abandons: 2","2,1,1,2","0","true","","","5","0.45","0.10000000000000001","","",""
"Specification-CenterWeightedContinuousMerits__Cost-2__Fee-British__ExitFees-AllUnilateralExits","1","47","0","P","7","14","P Offer","P Liability Signal: 2;P Files: 1;D Answers: 1;P Abandons: 2","2,1,1,2","0","true","","","6","0.55","0.10000000000000001","","",""
"Specification-CenterWeightedContinuousMerits__Cost-2__Fee-British__ExitFees-AllUnilateralExits","1","47","0","P","7","14","P Offer","P Liability Signal: 2;P Files: 1;D Answers: 1;P Abandons: 2","2,1,1,2","0","true","","","7","0.65","0.10000000000000001","","",""
"Specification-CenterWeightedContinuousMerits__Cost-2__Fee-British__ExitFees-AllUnilateralExits","1","47","0","P","7","14","P Offer","P Liability Signal: 2;P Files: 1;D Answers: 1;P Abandons: 2","2,1,1,2","0","true","","","8","0.75","0.10000000000000001","","",""
"Specification-CenterWeightedContinuousMerits__Cost-2__Fee-British__ExitFees-AllUnilateralExits","1","47","0","P","7","14","P Offer","P Liability Signal: 2;P Files: 1;D Answers: 1;P Abandons: 2","2,1,1,2","0","true","","","9","0.85","0.10000000000000001","","",""
"Specification-CenterWeightedContinuousMerits__Cost-2__Fee-British__ExitFees-AllUnilateralExits","1","47","0","P","7","14","P Offer","P Liability Signal: 2;P Files: 1;D Answers: 1;P Abandons: 2","2,1,1,2","0","true","","","10","0.95","0.10000000000000001","","",""
"Specification-CenterWeightedContinuousMerits__Cost-2__Fee-British__ExitFees-AllUnilateralExits","1","48","0","P","2","9","P Files","P Liability Signal: 3","3","0.10578","false","10.000005220500004","10.000005220500004","1","Yes","0","9.6373570594320341","0.36264816106796971","false"
"Specification-CenterWeightedContinuousMerits__Cost-2__Fee-British__ExitFees-AllUnilateralExits","1","48","0","P","2","9","P Files","P Liability Signal: 3","3","0.10578","false","10.000005220500004","10.000005220500004","2","No","1","10.000005220500004","0","true"
"Specification-CenterWeightedContinuousMerits__Cost-2__Fee-British__ExitFees-AllUnilateralExits","1","49","0","P","5","20","P Abandons","P Liability Signal: 3;P Files: 1;D Answers: 1","3,1,1","0","true","","","1","Yes","0.5","","",""
"Specification-CenterWeightedContinuousMerits__Cost-2__Fee-British__ExitFees-AllUnilateralExits","1","49","0","P","5","20","P Abandons","P Liability Signal: 3;P Files: 1;D Answers: 1","3,1,1","0","true","","","2","No","0.5","","",""
"Specification-CenterWeightedContinuousMerits__Cost-2__Fee-British__ExitFees-AllUnilateralExits","1","50","0","P","7","14","P Offer","P Liability Signal: 3;P Files: 1;D Answers: 1;P Abandons: 1","3,1,1,1","0","true","","","1","0.05","0.10000000000000001","","",""
"Specification-CenterWeightedContinuousMerits__Cost-2__Fee-British__ExitFees-AllUnilateralExits","1","50","0","P","7","14","P Offer","P Liability Signal: 3;P Files: 1;D Answers: 1;P Abandons: 1","3,1,1,1","0","true","","","2","0.15","0.10000000000000001","","",""
"Specification-CenterWeightedContinuousMerits__Cost-2__Fee-British__ExitFees-AllUnilateralExits","1","50","0","P","7","14","P Offer","P Liability Signal: 3;P Files: 1;D Answers: 1;P Abandons: 1","3,1,1,1","0","true","","","3","0.25","0.10000000000000001","","",""
"Specification-CenterWeightedContinuousMerits__Cost-2__Fee-British__ExitFees-AllUnilateralExits","1","50","0","P","7","14","P Offer","P Liability Signal: 3;P Files: 1;D Answers: 1;P Abandons: 1","3,1,1,1","0","true","","","4","0.35","0.10000000000000001","","",""
"Specification-CenterWeightedContinuousMerits__Cost-2__Fee-British__ExitFees-AllUnilateralExits","1","50","0","P","7","14","P Offer","P Liability Signal: 3;P Files: 1;D Answers: 1;P Abandons: 1","3,1,1,1","0","true","","","5","0.45","0.10000000000000001","","",""
"Specification-CenterWeightedContinuousMerits__Cost-2__Fee-British__ExitFees-AllUnilateralExits","1","50","0","P","7","14","P Offer","P Liability Signal: 3;P Files: 1;D Answers: 1;P Abandons: 1","3,1,1,1","0","true","","","6","0.55","0.10000000000000001","","",""
"Specification-CenterWeightedContinuousMerits__Cost-2__Fee-British__ExitFees-AllUnilateralExits","1","50","0","P","7","14","P Offer","P Liability Signal: 3;P Files: 1;D Answers: 1;P Abandons: 1","3,1,1,1","0","true","","","7","0.65","0.10000000000000001","","",""
"Specification-CenterWeightedContinuousMerits__Cost-2__Fee-British__ExitFees-AllUnilateralExits","1","50","0","P","7","14","P Offer","P Liability Signal: 3;P Files: 1;D Answers: 1;P Abandons: 1","3,1,1,1","0","true","","","8","0.75","0.10000000000000001","","",""
"Specification-CenterWeightedContinuousMerits__Cost-2__Fee-British__ExitFees-AllUnilateralExits","1","50","0","P","7","14","P Offer","P Liability Signal: 3;P Files: 1;D Answers: 1;P Abandons: 1","3,1,1,1","0","true","","","9","0.85","0.10000000000000001","","",""
"Specification-CenterWeightedContinuousMerits__Cost-2__Fee-British__ExitFees-AllUnilateralExits","1","50","0","P","7","14","P Offer","P Liability Signal: 3;P Files: 1;D Answers: 1;P Abandons: 1","3,1,1,1","0","true","","","10","0.95","0.10000000000000001","","",""
"Specification-CenterWeightedContinuousMerits__Cost-2__Fee-British__ExitFees-AllUnilateralExits","1","51","0","P","7","14","P Offer","P Liability Signal: 3;P Files: 1;D Answers: 1;P Abandons: 2","3,1,1,2","0","true","","","1","0.05","0.10000000000000001","","",""
"Specification-CenterWeightedContinuousMerits__Cost-2__Fee-British__ExitFees-AllUnilateralExits","1","51","0","P","7","14","P Offer","P Liability Signal: 3;P Files: 1;D Answers: 1;P Abandons: 2","3,1,1,2","0","true","","","2","0.15","0.10000000000000001","","",""
"Specification-CenterWeightedContinuousMerits__Cost-2__Fee-British__ExitFees-AllUnilateralExits","1","51","0","P","7","14","P Offer","P Liability Signal: 3;P Files: 1;D Answers: 1;P Abandons: 2","3,1,1,2","0","true","","","3","0.25","0.10000000000000001","","",""
"Specification-CenterWeightedContinuousMerits__Cost-2__Fee-British__ExitFees-AllUnilateralExits","1","51","0","P","7","14","P Offer","P Liability Signal: 3;P Files: 1;D Answers: 1;P Abandons: 2","3,1,1,2","0","true","","","4","0.35","0.10000000000000001","","",""
"Specification-CenterWeightedContinuousMerits__Cost-2__Fee-British__ExitFees-AllUnilateralExits","1","51","0","P","7","14","P Offer","P Liability Signal: 3;P Files: 1;D Answers: 1;P Abandons: 2","3,1,1,2","0","true","","","5","0.45","0.10000000000000001","","",""
"Specification-CenterWeightedContinuousMerits__Cost-2__Fee-British__ExitFees-AllUnilateralExits","1","51","0","P","7","14","P Offer","P Liability Signal: 3;P Files: 1;D Answers: 1;P Abandons: 2","3,1,1,2","0","true","","","6","0.55","0.10000000000000001","","",""
"Specification-CenterWeightedContinuousMerits__Cost-2__Fee-British__ExitFees-AllUnilateralExits","1","51","0","P","7","14","P Offer","P Liability Signal: 3;P Files: 1;D Answers: 1;P Abandons: 2","3,1,1,2","0","true","","","7","0.65","0.10000000000000001","","",""
"Specification-CenterWeightedContinuousMerits__Cost-2__Fee-British__ExitFees-AllUnilateralExits","1","51","0","P","7","14","P Offer","P Liability Signal: 3;P Files: 1;D Answers: 1;P Abandons: 2","3,1,1,2","0","true","","","8","0.75","0.10000000000000001","","",""
"Specification-CenterWeightedContinuousMerits__Cost-2__Fee-British__ExitFees-AllUnilateralExits","1","51","0","P","7","14","P Offer","P Liability Signal: 3;P Files: 1;D Answers: 1;P Abandons: 2","3,1,1,2","0","true","","","9","0.85","0.10000000000000001","","",""
"Specification-CenterWeightedContinuousMerits__Cost-2__Fee-British__ExitFees-AllUnilateralExits","1","51","0","P","7","14","P Offer","P Liability Signal: 3;P Files: 1;D Answers: 1;P Abandons: 2","3,1,1,2","0","true","","","10","0.95","0.10000000000000001","","",""
"Specification-CenterWeightedContinuousMerits__Cost-2__Fee-British__ExitFees-AllUnilateralExits","1","52","0","P","2","9","P Files","P Liability Signal: 4","4","0.12336999999999998","false","10.0000052205","10.0000052205","1","Yes","0","9.7672562929112079","0.2327489275887924","false"
"Specification-CenterWeightedContinuousMerits__Cost-2__Fee-British__ExitFees-AllUnilateralExits","1","52","0","P","2","9","P Files","P Liability Signal: 4","4","0.12336999999999998","false","10.0000052205","10.0000052205","2","No","1","10.0000052205","0","true"
"Specification-CenterWeightedContinuousMerits__Cost-2__Fee-British__ExitFees-AllUnilateralExits","1","53","0","P","5","20","P Abandons","P Liability Signal: 4;P Files: 1;D Answers: 1","4,1,1","0","true","","","1","Yes","0.5","","",""
"Specification-CenterWeightedContinuousMerits__Cost-2__Fee-British__ExitFees-AllUnilateralExits","1","53","0","P","5","20","P Abandons","P Liability Signal: 4;P Files: 1;D Answers: 1","4,1,1","0","true","","","2","No","0.5","","",""
"Specification-CenterWeightedContinuousMerits__Cost-2__Fee-British__ExitFees-AllUnilateralExits","1","54","0","P","7","14","P Offer","P Liability Signal: 4;P Files: 1;D Answers: 1;P Abandons: 1","4,1,1,1","0","true","","","1","0.05","0.10000000000000001","","",""
"Specification-CenterWeightedContinuousMerits__Cost-2__Fee-British__ExitFees-AllUnilateralExits","1","54","0","P","7","14","P Offer","P Liability Signal: 4;P Files: 1;D Answers: 1;P Abandons: 1","4,1,1,1","0","true","","","2","0.15","0.10000000000000001","","",""
"Specification-CenterWeightedContinuousMerits__Cost-2__Fee-British__ExitFees-AllUnilateralExits","1","54","0","P","7","14","P Offer","P Liability Signal: 4;P Files: 1;D Answers: 1;P Abandons: 1","4,1,1,1","0","true","","","3","0.25","0.10000000000000001","","",""
"Specification-CenterWeightedContinuousMerits__Cost-2__Fee-British__ExitFees-AllUnilateralExits","1","54","0","P","7","14","P Offer","P Liability Signal: 4;P Files: 1;D Answers: 1;P Abandons: 1","4,1,1,1","0","true","","","4","0.35","0.10000000000000001","","",""
"Specification-CenterWeightedContinuousMerits__Cost-2__Fee-British__ExitFees-AllUnilateralExits","1","54","0","P","7","14","P Offer","P Liability Signal: 4;P Files: 1;D Answers: 1;P Abandons: 1","4,1,1,1","0","true","","","5","0.45","0.10000000000000001","","",""
"Specification-CenterWeightedContinuousMerits__Cost-2__Fee-British__ExitFees-AllUnilateralExits","1","54","0","P","7","14","P Offer","P Liability Signal: 4;P Files: 1;D Answers: 1;P Abandons: 1","4,1,1,1","0","true","","","6","0.55","0.10000000000000001","","",""
"Specification-CenterWeightedContinuousMerits__Cost-2__Fee-British__ExitFees-AllUnilateralExits","1","54","0","P","7","14","P Offer","P Liability Signal: 4;P Files: 1;D Answers: 1;P Abandons: 1","4,1,1,1","0","true","","","7","0.65","0.10000000000000001","","",""
"Specification-CenterWeightedContinuousMerits__Cost-2__Fee-British__ExitFees-AllUnilateralExits","1","54","0","P","7","14","P Offer","P Liability Signal: 4;P Files: 1;D Answers: 1;P Abandons: 1","4,1,1,1","0","true","","","8","0.75","0.10000000000000001","","",""
"Specification-CenterWeightedContinuousMerits__Cost-2__Fee-British__ExitFees-AllUnilateralExits","1","54","0","P","7","14","P Offer","P Liability Signal: 4;P Files: 1;D Answers: 1;P Abandons: 1","4,1,1,1","0","true","","","9","0.85","0.10000000000000001","","",""
"Specification-CenterWeightedContinuousMerits__Cost-2__Fee-British__ExitFees-AllUnilateralExits","1","54","0","P","7","14","P Offer","P Liability Signal: 4;P Files: 1;D Answers: 1;P Abandons: 1","4,1,1,1","0","true","","","10","0.95","0.10000000000000001","","",""
"Specification-CenterWeightedContinuousMerits__Cost-2__Fee-British__ExitFees-AllUnilateralExits","1","55","0","P","7","14","P Offer","P Liability Signal: 4;P Files: 1;D Answers: 1;P Abandons: 2","4,1,1,2","0","true","","","1","0.05","0.10000000000000001","","",""
"Specification-CenterWeightedContinuousMerits__Cost-2__Fee-British__ExitFees-AllUnilateralExits","1","55","0","P","7","14","P Offer","P Liability Signal: 4;P Files: 1;D Answers: 1;P Abandons: 2","4,1,1,2","0","true","","","2","0.15","0.10000000000000001","","",""
"Specification-CenterWeightedContinuousMerits__Cost-2__Fee-British__ExitFees-AllUnilateralExits","1","55","0","P","7","14","P Offer","P Liability Signal: 4;P Files: 1;D Answers: 1;P Abandons: 2","4,1,1,2","0","true","","","3","0.25","0.10000000000000001","","",""
"Specification-CenterWeightedContinuousMerits__Cost-2__Fee-British__ExitFees-AllUnilateralExits","1","55","0","P","7","14","P Offer","P Liability Signal: 4;P Files: 1;D Answers: 1;P Abandons: 2","4,1,1,2","0","true","","","4","0.35","0.10000000000000001","","",""
"Specification-CenterWeightedContinuousMerits__Cost-2__Fee-British__ExitFees-AllUnilateralExits","1","55","0","P","7","14","P Offer","P Liability Signal: 4;P Files: 1;D Answers: 1;P Abandons: 2","4,1,1,2","0","true","","","5","0.45","0.10000000000000001","","",""
"Specification-CenterWeightedContinuousMerits__Cost-2__Fee-British__ExitFees-AllUnilateralExits","1","55","0","P","7","14","P Offer","P Liability Signal: 4;P Files: 1;D Answers: 1;P Abandons: 2","4,1,1,2","0","true","","","6","0.55","0.10000000000000001","","",""
"Specification-CenterWeightedContinuousMerits__Cost-2__Fee-British__ExitFees-AllUnilateralExits","1","55","0","P","7","14","P Offer","P Liability Signal: 4;P Files: 1;D Answers: 1;P Abandons: 2","4,1,1,2","0","true","","","7","0.65","0.10000000000000001","","",""
"Specification-CenterWeightedContinuousMerits__Cost-2__Fee-British__ExitFees-AllUnilateralExits","1","55","0","P","7","14","P Offer","P Liability Signal: 4;P Files: 1;D Answers: 1;P Abandons: 2","4,1,1,2","0","true","","","8","0.75","0.10000000000000001","","",""
"Specification-CenterWeightedContinuousMerits__Cost-2__Fee-British__ExitFees-AllUnilateralExits","1","55","0","P","7","14","P Offer","P Liability Signal: 4;P Files: 1;D Answers: 1;P Abandons: 2","4,1,1,2","0","true","","","9","0.85","0.10000000000000001","","",""
"Specification-CenterWeightedContinuousMerits__Cost-2__Fee-British__ExitFees-AllUnilateralExits","1","55","0","P","7","14","P Offer","P Liability Signal: 4;P Files: 1;D Answers: 1;P Abandons: 2","4,1,1,2","0","true","","","10","0.95","0.10000000000000001","","",""
"Specification-CenterWeightedContinuousMerits__Cost-2__Fee-British__ExitFees-AllUnilateralExits","1","56","0","P","2","9","P Files","P Liability Signal: 5","5","0.13255","false","10.024931635414825","10.024931635414825","1","Yes","1","10.024931635414825","0","true"
"Specification-CenterWeightedContinuousMerits__Cost-2__Fee-British__ExitFees-AllUnilateralExits","1","56","0","P","2","9","P Files","P Liability Signal: 5","5","0.13255","false","10.024931635414825","10.024931635414825","2","No","0","10.0000052205","0.024926414914824946","false"
"Specification-CenterWeightedContinuousMerits__Cost-2__Fee-British__ExitFees-AllUnilateralExits","1","57","0","P","5","20","P Abandons","P Liability Signal: 5;P Files: 1;D Answers: 1","5,1,1","0.13255","false","10.024931635414825","10.024931635414825","1","Yes","0","9.8771340445289901","0.14779759088583511","false"
"Specification-CenterWeightedContinuousMerits__Cost-2__Fee-British__ExitFees-AllUnilateralExits","1","57","0","P","5","20","P Abandons","P Liability Signal: 5;P Files: 1;D Answers: 1","5,1,1","0.13255","false","10.024931635414825","10.024931635414825","2","No","1","10.024931635414825","0","true"
"Specification-CenterWeightedContinuousMerits__Cost-2__Fee-British__ExitFees-AllUnilateralExits","1","58","0","P","7","14","P Offer","P Liability Signal: 5;P Files: 1;D Answers: 1;P Abandons: 1","5,1,1,1","0","true","","","1","0.05","0.10000000000000001","","",""
"Specification-CenterWeightedContinuousMerits__Cost-2__Fee-British__ExitFees-AllUnilateralExits","1","58","0","P","7","14","P Offer","P Liability Signal: 5;P Files: 1;D Answers: 1;P Abandons: 1","5,1,1,1","0","true","","","2","0.15","0.10000000000000001","","",""
"Specification-CenterWeightedContinuousMerits__Cost-2__Fee-British__ExitFees-AllUnilateralExits","1","58","0","P","7","14","P Offer","P Liability Signal: 5;P Files: 1;D Answers: 1;P Abandons: 1","5,1,1,1","0","true","","","3","0.25","0.10000000000000001","","",""
"Specification-CenterWeightedContinuousMerits__Cost-2__Fee-British__ExitFees-AllUnilateralExits","1","58","0","P","7","14","P Offer","P Liability Signal: 5;P Files: 1;D Answers: 1;P Abandons: 1","5,1,1,1","0","true","","","4","0.35","0.10000000000000001","","",""
"Specification-CenterWeightedContinuousMerits__Cost-2__Fee-British__ExitFees-AllUnilateralExits","1","58","0","P","7","14","P Offer","P Liability Signal: 5;P Files: 1;D Answers: 1;P Abandons: 1","5,1,1,1","0","true","","","5","0.45","0.10000000000000001","","",""
"Specification-CenterWeightedContinuousMerits__Cost-2__Fee-British__ExitFees-AllUnilateralExits","1","58","0","P","7","14","P Offer","P Liability Signal: 5;P Files: 1;D Answers: 1;P Abandons: 1","5,1,1,1","0","true","","","6","0.55","0.10000000000000001","","",""
"Specification-CenterWeightedContinuousMerits__Cost-2__Fee-British__ExitFees-AllUnilateralExits","1","58","0","P","7","14","P Offer","P Liability Signal: 5;P Files: 1;D Answers: 1;P Abandons: 1","5,1,1,1","0","true","","","7","0.65","0.10000000000000001","","",""
"Specification-CenterWeightedContinuousMerits__Cost-2__Fee-British__ExitFees-AllUnilateralExits","1","58","0","P","7","14","P Offer","P Liability Signal: 5;P Files: 1;D Answers: 1;P Abandons: 1","5,1,1,1","0","true","","","8","0.75","0.10000000000000001","","",""
"Specification-CenterWeightedContinuousMerits__Cost-2__Fee-British__ExitFees-AllUnilateralExits","1","58","0","P","7","14","P Offer","P Liability Signal: 5;P Files: 1;D Answers: 1;P Abandons: 1","5,1,1,1","0","true","","","9","0.85","0.10000000000000001","","",""
"Specification-CenterWeightedContinuousMerits__Cost-2__Fee-British__ExitFees-AllUnilateralExits","1","58","0","P","7","14","P Offer","P Liability Signal: 5;P Files: 1;D Answers: 1;P Abandons: 1","5,1,1,1","0","true","","","10","0.95","0.10000000000000001","","",""
"Specification-CenterWeightedContinuousMerits__Cost-2__Fee-British__ExitFees-AllUnilateralExits","1","59","0","P","7","14","P Offer","P Liability Signal: 5;P Files: 1;D Answers: 1;P Abandons: 2","5,1,1,2","0.13255","false","10.024931635414825","10.024931635414825","1","0.05","0","9.9509764741970983","0.073955161217726939","false"
"Specification-CenterWeightedContinuousMerits__Cost-2__Fee-British__ExitFees-AllUnilateralExits","1","59","0","P","7","14","P Offer","P Liability Signal: 5;P Files: 1;D Answers: 1;P Abandons: 2","5,1,1,2","0.13255","false","10.024931635414825","10.024931635414825","2","0.15","0","9.8462871151529239","0.17864452026190136","false"
"Specification-CenterWeightedContinuousMerits__Cost-2__Fee-British__ExitFees-AllUnilateralExits","1","59","0","P","7","14","P Offer","P Liability Signal: 5;P Files: 1;D Answers: 1;P Abandons: 2","5,1,1,2","0.13255","false","10.024931635414825","10.024931635414825","3","0.25","0","9.8686165441748255","0.15631509123999976","false"
"Specification-CenterWeightedContinuousMerits__Cost-2__Fee-British__ExitFees-AllUnilateralExits","1","59","0","P","7","14","P Offer","P Liability Signal: 5;P Files: 1;D Answers: 1;P Abandons: 2","5,1,1,2","0.13255","false","10.024931635414825","10.024931635414825","4","0.35","0","9.8909459731967235","0.13398566221810171","false"
"Specification-CenterWeightedContinuousMerits__Cost-2__Fee-British__ExitFees-AllUnilateralExits","1","59","0","P","7","14","P Offer","P Liability Signal: 5;P Files: 1;D Answers: 1;P Abandons: 2","5,1,1,2","0.13255","false","10.024931635414825","10.024931635414825","5","0.45","0","9.9132754022186251","0.11165623319620011","false"
"Specification-CenterWeightedContinuousMerits__Cost-2__Fee-British__ExitFees-AllUnilateralExits","1","59","0","P","7","14","P Offer","P Liability Signal: 5;P Files: 1;D Answers: 1;P Abandons: 2","5,1,1,2","0.13255","false","10.024931635414825","10.024931635414825","6","0.55","0","9.9356048312405232","0.089326804174302055","false"
"Specification-CenterWeightedContinuousMerits__Cost-2__Fee-British__ExitFees-AllUnilateralExits","1","59","0","P","7","14","P Offer","P Liability Signal: 5;P Files: 1;D Answers: 1;P Abandons: 2","5,1,1,2","0.13255","false","10.024931635414825","10.024931635414825","7","0.65","0","9.957934260262423","0.066997375152402228","false"
"Specification-CenterWeightedContinuousMerits__Cost-2__Fee-British__ExitFees-AllUnilateralExits","1","59","0","P","7","14","P Offer","P Liability Signal: 5;P Files: 1;D Answers: 1;P Abandons: 2","5,1,1,2","0.13255","false","10.024931635414825","10.024931635414825","8","0.75","0","9.9802636892843246","0.044667946130500624","false"
"Specification-CenterWeightedContinuousMerits__Cost-2__Fee-British__ExitFees-AllUnilateralExits","1","59","0","P","7","14","P Offer","P Liability Signal: 5;P Files: 1;D Answers: 1;P Abandons: 2","5,1,1,2","0.13255","false","10.024931635414825","10.024931635414825","9","0.85","0","10.002602206392927","0.022329429021898051","false"
"Specification-CenterWeightedContinuousMerits__Cost-2__Fee-British__ExitFees-AllUnilateralExits","1","59","0","P","7","14","P Offer","P Liability Signal: 5;P Files: 1;D Answers: 1;P Abandons: 2","5,1,1,2","0.13255","false","10.024931635414825","10.024931635414825","10","0.95","1","10.024931635414825","0","true"
"Specification-CenterWeightedContinuousMerits__Cost-2__Fee-British__ExitFees-AllUnilateralExits","1","60","0","P","2","9","P Files","P Liability Signal: 6","6","0.13255","false","10.222547146156069","10.222547146156069","1","Yes","1","10.222547146156069","0","true"
"Specification-CenterWeightedContinuousMerits__Cost-2__Fee-British__ExitFees-AllUnilateralExits","1","60","0","P","2","9","P Files","P Liability Signal: 6","6","0.13255","false","10.222547146156069","10.222547146156069","2","No","0","10.0000052205","0.22254192565606878","false"
"Specification-CenterWeightedContinuousMerits__Cost-2__Fee-British__ExitFees-AllUnilateralExits","1","61","0","P","5","20","P Abandons","P Liability Signal: 6;P Files: 1;D Answers: 1","6,1,1","0.13255","false","10.222547146156069","10.222547146156069","1","Yes","0","9.9828855315624132","0.23966161459365587","false"
"Specification-CenterWeightedContinuousMerits__Cost-2__Fee-British__ExitFees-AllUnilateralExits","1","61","0","P","5","20","P Abandons","P Liability Signal: 6;P Files: 1;D Answers: 1","6,1,1","0.13255","false","10.222547146156069","10.222547146156069","2","No","1","10.222547146156069","0","true"
"Specification-CenterWeightedContinuousMerits__Cost-2__Fee-British__ExitFees-AllUnilateralExits","1","62","0","P","7","14","P Offer","P Liability Signal: 6;P Files: 1;D Answers: 1;P Abandons: 1","6,1,1,1","0","true","","","1","0.05","0.10000000000000001","","",""
"Specification-CenterWeightedContinuousMerits__Cost-2__Fee-British__ExitFees-AllUnilateralExits","1","62","0","P","7","14","P Offer","P Liability Signal: 6;P Files: 1;D Answers: 1;P Abandons: 1","6,1,1,1","0","true","","","2","0.15","0.10000000000000001","","",""
"Specification-CenterWeightedContinuousMerits__Cost-2__Fee-British__ExitFees-AllUnilateralExits","1","62","0","P","7","14","P Offer","P Liability Signal: 6;P Files: 1;D Answers: 1;P Abandons: 1","6,1,1,1","0","true","","","3","0.25","0.10000000000000001","","",""
"Specification-CenterWeightedContinuousMerits__Cost-2__Fee-British__ExitFees-AllUnilateralExits","1","62","0","P","7","14","P Offer","P Liability Signal: 6;P Files: 1;D Answers: 1;P Abandons: 1","6,1,1,1","0","true","","","4","0.35","0.10000000000000001","","",""
"Specification-CenterWeightedContinuousMerits__Cost-2__Fee-British__ExitFees-AllUnilateralExits","1","62","0","P","7","14","P Offer","P Liability Signal: 6;P Files: 1;D Answers: 1;P Abandons: 1","6,1,1,1","0","true","","","5","0.45","0.10000000000000001","","",""
"Specification-CenterWeightedContinuousMerits__Cost-2__Fee-British__ExitFees-AllUnilateralExits","1","62","0","P","7","14","P Offer","P Liability Signal: 6;P Files: 1;D Answers: 1;P Abandons: 1","6,1,1,1","0","true","","","6","0.55","0.10000000000000001","","",""
"Specification-CenterWeightedContinuousMerits__Cost-2__Fee-British__ExitFees-AllUnilateralExits","1","62","0","P","7","14","P Offer","P Liability Signal: 6;P Files: 1;D Answers: 1;P Abandons: 1","6,1,1,1","0","true","","","7","0.65","0.10000000000000001","","",""
"Specification-CenterWeightedContinuousMerits__Cost-2__Fee-British__ExitFees-AllUnilateralExits","1","62","0","P","7","14","P Offer","P Liability Signal: 6;P Files: 1;D Answers: 1;P Abandons: 1","6,1,1,1","0","true","","","8","0.75","0.10000000000000001","","",""
"Specification-CenterWeightedContinuousMerits__Cost-2__Fee-British__ExitFees-AllUnilateralExits","1","62","0","P","7","14","P Offer","P Liability Signal: 6;P Files: 1;D Answers: 1;P Abandons: 1","6,1,1,1","0","true","","","9","0.85","0.10000000000000001","","",""
"Specification-CenterWeightedContinuousMerits__Cost-2__Fee-British__ExitFees-AllUnilateralExits","1","62","0","P","7","14","P Offer","P Liability Signal: 6;P Files: 1;D Answers: 1;P Abandons: 1","6,1,1,1","0","true","","","10","0.95","0.10000000000000001","","",""
"Specification-CenterWeightedContinuousMerits__Cost-2__Fee-British__ExitFees-AllUnilateralExits","1","63","0","P","7","14","P Offer","P Liability Signal: 6;P Files: 1;D Answers: 1;P Abandons: 2","6,1,1,2","0.13255","false","10.222547146156069","10.222547146156069","1","0.05","0","9.999044245072767","0.22350290108330206","false"
"Specification-CenterWeightedContinuousMerits__Cost-2__Fee-British__ExitFees-AllUnilateralExits","1","63","0","P","7","14","P Offer","P Liability Signal: 6;P Files: 1;D Answers: 1;P Abandons: 2","6,1,1,2","0.13255","false","10.222547146156069","10.222547146156069","2","0.15","0","10.001173544715538","0.22137360144053098","false"
"Specification-CenterWeightedContinuousMerits__Cost-2__Fee-British__ExitFees-AllUnilateralExits","1","63","0","P","7","14","P Offer","P Liability Signal: 6;P Files: 1;D Answers: 1;P Abandons: 2","6,1,1,2","0.13255","false","10.222547146156069","10.222547146156069","3","0.25","0","10.02884383716807","0.19370330898799892","false"
"Specification-CenterWeightedContinuousMerits__Cost-2__Fee-British__ExitFees-AllUnilateralExits","1","63","0","P","7","14","P Offer","P Liability Signal: 6;P Files: 1;D Answers: 1;P Abandons: 2","6,1,1,2","0.13255","false","10.222547146156069","10.222547146156069","4","0.35","0","10.0565141296206","0.16603301653546865","false"
"Specification-CenterWeightedContinuousMerits__Cost-2__Fee-British__ExitFees-AllUnilateralExits","1","63","0","P","7","14","P Offer","P Liability Signal: 6;P Files: 1;D Answers: 1;P Abandons: 2","6,1,1,2","0.13255","false","10.222547146156069","10.222547146156069","5","0.45","0","10.084184422073129","0.13836272408294015","false"
"Specification-CenterWeightedContinuousMerits__Cost-2__Fee-British__ExitFees-AllUnilateralExits","1","63","0","P","7","14","P Offer","P Liability Signal: 6;P Files: 1;D Answers: 1;P Abandons: 2","6,1,1,2","0.13255","false","10.222547146156069","10.222547146156069","6","0.55","0","10.111854714525657","0.11069243163041165","false"
"Specification-CenterWeightedContinuousMerits__Cost-2__Fee-British__ExitFees-AllUnilateralExits","1","63","0","P","7","14","P Offer","P Liability Signal: 6;P Files: 1;D Answers: 1;P Abandons: 2","6,1,1,2","0.13255","false","10.222547146156069","10.222547146156069","7","0.65","0","10.139525006978188","0.083022139177881371","false"
"Specification-CenterWeightedContinuousMerits__Cost-2__Fee-British__ExitFees-AllUnilateralExits","1","63","0","P","7","14","P Offer","P Liability Signal: 6;P Files: 1;D Answers: 1;P Abandons: 2","6,1,1,2","0.13255","false","10.222547146156069","10.222547146156069","8","0.75","0","10.16719529943072","0.055351846725349318","false"
"Specification-CenterWeightedContinuousMerits__Cost-2__Fee-British__ExitFees-AllUnilateralExits","1","63","0","P","7","14","P Offer","P Liability Signal: 6;P Files: 1;D Answers: 1;P Abandons: 2","6,1,1,2","0.13255","false","10.222547146156069","10.222547146156069","9","0.85","0","10.194876853703539","0.027670292452530276","false"
"Specification-CenterWeightedContinuousMerits__Cost-2__Fee-British__ExitFees-AllUnilateralExits","1","63","0","P","7","14","P Offer","P Liability Signal: 6;P Files: 1;D Answers: 1;P Abandons: 2","6,1,1,2","0.13255","false","10.222547146156069","10.222547146156069","10","0.95","1","10.222547146156069","0","true"
"Specification-CenterWeightedContinuousMerits__Cost-2__Fee-British__ExitFees-AllUnilateralExits","1","64","0","P","2","9","P Files","P Liability Signal: 7","7","0.12336999999999999","false","10.38247022897945","10.38247022897945","1","Yes","1","10.38247022897945","0","true"
"Specification-CenterWeightedContinuousMerits__Cost-2__Fee-British__ExitFees-AllUnilateralExits","1","64","0","P","2","9","P Files","P Liability Signal: 7","7","0.12336999999999999","false","10.38247022897945","10.38247022897945","2","No","0","10.0000052205","0.38246500847944986","false"
"Specification-CenterWeightedContinuousMerits__Cost-2__Fee-British__ExitFees-AllUnilateralExits","1","65","0","P","5","20","P Abandons","P Liability Signal: 7;P Files: 1;D Answers: 1","7,1,1","0.12336999999999999","false","10.38247022897945","10.38247022897945","1","Yes","0","10.083102934973697","0.29936729400575324","false"
"Specification-CenterWeightedContinuousMerits__Cost-2__Fee-British__ExitFees-AllUnilateralExits","1","65","0","P","5","20","P Abandons","P Liability Signal: 7;P Files: 1;D Answers: 1","7,1,1","0.12336999999999999","false","10.38247022897945","10.38247022897945","2","No","1","10.38247022897945","0","true"
"Specification-CenterWeightedContinuousMerits__Cost-2__Fee-British__ExitFees-AllUnilateralExits","1","66","0","P","7","14","P Offer","P Liability Signal: 7;P Files: 1;D Answers: 1;P Abandons: 1","7,1,1,1","0","true","","","1","0.05","0.10000000000000001","","",""
"Specification-CenterWeightedContinuousMerits__Cost-2__Fee-British__ExitFees-AllUnilateralExits","1","66","0","P","7","14","P Offer","P Liability Signal: 7;P Files: 1;D Answers: 1;P Abandons: 1","7,1,1,1","0","true","","","2","0.15","0.10000000000000001","","",""
"Specification-CenterWeightedContinuousMerits__Cost-2__Fee-British__ExitFees-AllUnilateralExits","1","66","0","P","7","14","P Offer","P Liability Signal: 7;P Files: 1;D Answers: 1;P Abandons: 1","7,1,1,1","0","true","","","3","0.25","0.10000000000000001","","",""
"Specification-CenterWeightedContinuousMerits__Cost-2__Fee-British__ExitFees-AllUnilateralExits","1","66","0","P","7","14","P Offer","P Liability Signal: 7;P Files: 1;D Answers: 1;P Abandons: 1","7,1,1,1","0","true","","","4","0.35","0.10000000000000001","","",""
"Specification-CenterWeightedContinuousMerits__Cost-2__Fee-British__ExitFees-AllUnilateralExits","1","66","0","P","7","14","P Offer","P Liability Signal: 7;P Files: 1;D Answers: 1;P Abandons: 1","7,1,1,1","0","true","","","5","0.45","0.10000000000000001","","",""
"Specification-CenterWeightedContinuousMerits__Cost-2__Fee-British__ExitFees-AllUnilateralExits","1","66","0","P","7","14","P Offer","P Liability Signal: 7;P Files: 1;D Answers: 1;P Abandons: 1","7,1,1,1","0","true","","","6","0.55","0.10000000000000001","","",""
"Specification-CenterWeightedContinuousMerits__Cost-2__Fee-British__ExitFees-AllUnilateralExits","1","66","0","P","7","14","P Offer","P Liability Signal: 7;P Files: 1;D Answers: 1;P Abandons: 1","7,1,1,1","0","true","","","7","0.65","0.10000000000000001","","",""
"Specification-CenterWeightedContinuousMerits__Cost-2__Fee-British__ExitFees-AllUnilateralExits","1","66","0","P","7","14","P Offer","P Liability Signal: 7;P Files: 1;D Answers: 1;P Abandons: 1","7,1,1,1","0","true","","","8","0.75","0.10000000000000001","","",""
"Specification-CenterWeightedContinuousMerits__Cost-2__Fee-British__ExitFees-AllUnilateralExits","1","66","0","P","7","14","P Offer","P Liability Signal: 7;P Files: 1;D Answers: 1;P Abandons: 1","7,1,1,1","0","true","","","9","0.85","0.10000000000000001","","",""
"Specification-CenterWeightedContinuousMerits__Cost-2__Fee-British__ExitFees-AllUnilateralExits","1","66","0","P","7","14","P Offer","P Liability Signal: 7;P Files: 1;D Answers: 1;P Abandons: 1","7,1,1,1","0","true","","","10","0.95","0.10000000000000001","","",""
"Specification-CenterWeightedContinuousMerits__Cost-2__Fee-British__ExitFees-AllUnilateralExits","1","67","0","P","7","14","P Offer","P Liability Signal: 7;P Files: 1;D Answers: 1;P Abandons: 2","7,1,1,2","0.12336999999999999","false","10.38247022897945","10.38247022897945","1","0.05","0","10.044596580269776","0.33787364870967451","false"
"Specification-CenterWeightedContinuousMerits__Cost-2__Fee-British__ExitFees-AllUnilateralExits","1","67","0","P","7","14","P Offer","P Liability Signal: 7;P Files: 1;D Answers: 1;P Abandons: 2","7,1,1,2","0.12336999999999999","false","10.38247022897945","10.38247022897945","2","0.15","0","10.120603602939477","0.26186662603997313","false"
"Specification-CenterWeightedContinuousMerits__Cost-2__Fee-British__ExitFees-AllUnilateralExits","1","67","0","P","7","14","P Offer","P Liability Signal: 7;P Files: 1;D Answers: 1;P Abandons: 2","7,1,1,2","0.12336999999999999","false","10.38247022897945","10.38247022897945","3","0.25","0","10.153335265969449","0.2291349630100008","false"
"Specification-CenterWeightedContinuousMerits__Cost-2__Fee-British__ExitFees-AllUnilateralExits","1","67","0","P","7","14","P Offer","P Liability Signal: 7;P Files: 1;D Answers: 1;P Abandons: 2","7,1,1,2","0.12336999999999999","false","10.38247022897945","10.38247022897945","4","0.35","0","10.186066928999425","0.19640329998002493","false"
"Specification-CenterWeightedContinuousMerits__Cost-2__Fee-British__ExitFees-AllUnilateralExits","1","67","0","P","7","14","P Offer","P Liability Signal: 7;P Files: 1;D Answers: 1;P Abandons: 2","7,1,1,2","0.12336999999999999","false","10.38247022897945","10.38247022897945","5","0.45","0","10.218798592029401","0.16367163695004905","false"
"Specification-CenterWeightedContinuousMerits__Cost-2__Fee-British__ExitFees-AllUnilateralExits","1","67","0","P","7","14","P Offer","P Liability Signal: 7;P Files: 1;D Answers: 1;P Abandons: 2","7,1,1,2","0.12336999999999999","false","10.38247022897945","10.38247022897945","6","0.55","0","10.251530255059375","0.13093997392007495","false"
"Specification-CenterWeightedContinuousMerits__Cost-2__Fee-British__ExitFees-AllUnilateralExits","1","67","0","P","7","14","P Offer","P Liability Signal: 7;P Files: 1;D Answers: 1;P Abandons: 2","7,1,1,2","0.12336999999999999","false","10.38247022897945","10.38247022897945","7","0.65","0","10.284261918089348","0.098208310890102624","false"
"Specification-CenterWeightedContinuousMerits__Cost-2__Fee-British__ExitFees-AllUnilateralExits","1","67","0","P","7","14","P Offer","P Liability Signal: 7;P Files: 1;D Answers: 1;P Abandons: 2","7,1,1,2","0.12336999999999999","false","10.38247022897945","10.38247022897945","8","0.75","0","10.316993581119325","0.06547664786012497","false"
"Specification-CenterWeightedContinuousMerits__Cost-2__Fee-British__ExitFees-AllUnilateralExits","1","67","0","P","7","14","P Offer","P Liability Signal: 7;P Files: 1;D Answers: 1;P Abandons: 2","7,1,1,2","0.12336999999999999","false","10.38247022897945","10.38247022897945","9","0.85","0","10.349738565949476","0.032731663029974101","false"
"Specification-CenterWeightedContinuousMerits__Cost-2__Fee-British__ExitFees-AllUnilateralExits","1","67","0","P","7","14","P Offer","P Liability Signal: 7;P Files: 1;D Answers: 1;P Abandons: 2","7,1,1,2","0.12336999999999999","false","10.38247022897945","10.38247022897945","10","0.95","1","10.38247022897945","0","true"
"Specification-CenterWeightedContinuousMerits__Cost-2__Fee-British__ExitFees-AllUnilateralExits","1","68","0","P","2","9","P Files","P Liability Signal: 8","8","0.10578","false","10.496784430636197","10.496784430636197","1","Yes","1","10.496784430636197","0","true"
"Specification-CenterWeightedContinuousMerits__Cost-2__Fee-British__ExitFees-AllUnilateralExits","1","68","0","P","2","9","P Files","P Liability Signal: 8","8","0.10578","false","10.496784430636197","10.496784430636197","2","No","0","10.0000052205","0.49677921013619653","false"
"Specification-CenterWeightedContinuousMerits__Cost-2__Fee-British__ExitFees-AllUnilateralExits","1","69","0","P","5","20","P Abandons","P Liability Signal: 8;P Files: 1;D Answers: 1","8,1,1","0.10578","false","10.496784430636197","10.496784430636197","1","Yes","0","10.168896081072896","0.32788834956330071","false"
"Specification-CenterWeightedContinuousMerits__Cost-2__Fee-British__ExitFees-AllUnilateralExits","1","69","0","P","5","20","P Abandons","P Liability Signal: 8;P Files: 1;D Answers: 1","8,1,1","0.10578","false","10.496784430636197","10.496784430636197","2","No","1","10.496784430636197","0","true"
"Specification-CenterWeightedContinuousMerits__Cost-2__Fee-British__ExitFees-AllUnilateralExits","1","70","0","P","7","14","P Offer","P Liability Signal: 8;P Files: 1;D Answers: 1;P Abandons: 1","8,1,1,1","0","true","","","1","0.05","0.10000000000000001","","",""
"Specification-CenterWeightedContinuousMerits__Cost-2__Fee-British__ExitFees-AllUnilateralExits","1","70","0","P","7","14","P Offer","P Liability Signal: 8;P Files: 1;D Answers: 1;P Abandons: 1","8,1,1,1","0","true","","","2","0.15","0.10000000000000001","","",""
"Specification-CenterWeightedContinuousMerits__Cost-2__Fee-British__ExitFees-AllUnilateralExits","1","70","0","P","7","14","P Offer","P Liability Signal: 8;P Files: 1;D Answers: 1;P Abandons: 1","8,1,1,1","0","true","","","3","0.25","0.10000000000000001","","",""
"Specification-CenterWeightedContinuousMerits__Cost-2__Fee-British__ExitFees-AllUnilateralExits","1","70","0","P","7","14","P Offer","P Liability Signal: 8;P Files: 1;D Answers: 1;P Abandons: 1","8,1,1,1","0","true","","","4","0.35","0.10000000000000001","","",""
"Specification-CenterWeightedContinuousMerits__Cost-2__Fee-British__ExitFees-AllUnilateralExits","1","70","0","P","7","14","P Offer","P Liability Signal: 8;P Files: 1;D Answers: 1;P Abandons: 1","8,1,1,1","0","true","","","5","0.45","0.10000000000000001","","",""
"Specification-CenterWeightedContinuousMerits__Cost-2__Fee-British__ExitFees-AllUnilateralExits","1","70","0","P","7","14","P Offer","P Liability Signal: 8;P Files: 1;D Answers: 1;P Abandons: 1","8,1,1,1","0","true","","","6","0.55","0.10000000000000001","","",""
"Specification-CenterWeightedContinuousMerits__Cost-2__Fee-British__ExitFees-AllUnilateralExits","1","70","0","P","7","14","P Offer","P Liability Signal: 8;P Files: 1;D Answers: 1;P Abandons: 1","8,1,1,1","0","true","","","7","0.65","0.10000000000000001","","",""
"Specification-CenterWeightedContinuousMerits__Cost-2__Fee-British__ExitFees-AllUnilateralExits","1","70","0","P","7","14","P Offer","P Liability Signal: 8;P Files: 1;D Answers: 1;P Abandons: 1","8,1,1,1","0","true","","","8","0.75","0.10000000000000001","","",""
"Specification-CenterWeightedContinuousMerits__Cost-2__Fee-British__ExitFees-AllUnilateralExits","1","70","0","P","7","14","P Offer","P Liability Signal: 8;P Files: 1;D Answers: 1;P Abandons: 1","8,1,1,1","0","true","","","9","0.85","0.10000000000000001","","",""
"Specification-CenterWeightedContinuousMerits__Cost-2__Fee-British__ExitFees-AllUnilateralExits","1","70","0","P","7","14","P Offer","P Liability Signal: 8;P Files: 1;D Answers: 1;P Abandons: 1","8,1,1,1","0","true","","","10","0.95","0.10000000000000001","","",""
"Specification-CenterWeightedContinuousMerits__Cost-2__Fee-British__ExitFees-AllUnilateralExits","1","71","0","P","7","14","P Offer","P Liability Signal: 8;P Files: 1;D Answers: 1;P Abandons: 2","8,1,1,2","0.10578","false","10.496784430636197","10.496784430636197","1","0.05","0","10.083592583116484","0.4131918475197125","false"
"Specification-CenterWeightedContinuousMerits__Cost-2__Fee-British__ExitFees-AllUnilateralExits","1","71","0","P","7","14","P Offer","P Liability Signal: 8;P Files: 1;D Answers: 1;P Abandons: 2","8,1,1,2","0.10578","false","10.496784430636197","10.496784430636197","2","0.15","0","10.20025292746703","0.29653150316916665","false"
"Specification-CenterWeightedContinuousMerits__Cost-2__Fee-British__ExitFees-AllUnilateralExits","1","71","0","P","7","14","P Offer","P Liability Signal: 8;P Files: 1;D Answers: 1;P Abandons: 2","8,1,1,2","0.10578","false","10.496784430636197","10.496784430636197","3","0.25","0","10.237317479702197","0.25946695093399974","false"
"Specification-CenterWeightedContinuousMerits__Cost-2__Fee-British__ExitFees-AllUnilateralExits","1","71","0","P","7","14","P Offer","P Liability Signal: 8;P Files: 1;D Answers: 1;P Abandons: 2","8,1,1,2","0.10578","false","10.496784430636197","10.496784430636197","4","0.35","0","10.274382031937359","0.22240239869883816","false"
"Specification-CenterWeightedContinuousMerits__Cost-2__Fee-British__ExitFees-AllUnilateralExits","1","71","0","P","7","14","P Offer","P Liability Signal: 8;P Files: 1;D Answers: 1;P Abandons: 2","8,1,1,2","0.10578","false","10.496784430636197","10.496784430636197","5","0.45","0","10.311446584172526","0.18533784646367124","false"
"Specification-CenterWeightedContinuousMerits__Cost-2__Fee-British__ExitFees-AllUnilateralExits","1","71","0","P","7","14","P Offer","P Liability Signal: 8;P Files: 1;D Answers: 1;P Abandons: 2","8,1,1,2","0.10578","false","10.496784430636197","10.496784430636197","6","0.55","0","10.348511136407689","0.14827329422850788","false"
"Specification-CenterWeightedContinuousMerits__Cost-2__Fee-British__ExitFees-AllUnilateralExits","1","71","0","P","7","14","P Offer","P Liability Signal: 8;P Files: 1;D Answers: 1;P Abandons: 2","8,1,1,2","0.10578","false","10.496784430636197","10.496784430636197","7","0.65","0","10.385575688642854","0.11120874199334274","false"
"Specification-CenterWeightedContinuousMerits__Cost-2__Fee-British__ExitFees-AllUnilateralExits","1","71","0","P","7","14","P Offer","P Liability Signal: 8;P Files: 1;D Answers: 1;P Abandons: 2","8,1,1,2","0.10578","false","10.496784430636197","10.496784430636197","8","0.75","0","10.422640240878021","0.074144189758175827","false"
"Specification-CenterWeightedContinuousMerits__Cost-2__Fee-British__ExitFees-AllUnilateralExits","1","71","0","P","7","14","P Offer","P Liability Signal: 8;P Files: 1;D Answers: 1;P Abandons: 2","8,1,1,2","0.10578","false","10.496784430636197","10.496784430636197","9","0.85","0","10.45971987840103","0.037064552235166914","false"
"Specification-CenterWeightedContinuousMerits__Cost-2__Fee-British__ExitFees-AllUnilateralExits","1","71","0","P","7","14","P Offer","P Liability Signal: 8;P Files: 1;D Answers: 1;P Abandons: 2","8,1,1,2","0.10578","false","10.496784430636197","10.496784430636197","10","0.95","1","10.496784430636197","0","true"
"Specification-CenterWeightedContinuousMerits__Cost-2__Fee-British__ExitFees-AllUnilateralExits","1","72","0","P","2","9","P Files","P Liability Signal: 9","9","0.08203000000000002","false","10.569916610863078","10.569916610863078","1","Yes","1","10.569916610863078","0","true"
"Specification-CenterWeightedContinuousMerits__Cost-2__Fee-British__ExitFees-AllUnilateralExits","1","72","0","P","2","9","P Files","P Liability Signal: 9","9","0.08203000000000002","false","10.569916610863078","10.569916610863078","2","No","0","10.000005220499999","0.56991139036307992","false"
"Specification-CenterWeightedContinuousMerits__Cost-2__Fee-British__ExitFees-AllUnilateralExits","1","73","0","P","5","20","P Abandons","P Liability Signal: 9;P Files: 1;D Answers: 1","9,1,1","0.08203000000000002","false","10.569916610863078","10.569916610863078","1","Yes","0","10.236196081901694","0.33372052896138449","false"
"Specification-CenterWeightedContinuousMerits__Cost-2__Fee-British__ExitFees-AllUnilateralExits","1","73","0","P","5","20","P Abandons","P Liability Signal: 9;P Files: 1;D Answers: 1","9,1,1","0.08203000000000002","false","10.569916610863078","10.569916610863078","2","No","1","10.569916610863078","0","true"
"Specification-CenterWeightedContinuousMerits__Cost-2__Fee-British__ExitFees-AllUnilateralExits","1","74","0","P","7","14","P Offer","P Liability Signal: 9;P Files: 1;D Answers: 1;P Abandons: 1","9,1,1,1","0","true","","","1","0.05","0.10000000000000001","","",""
"Specification-CenterWeightedContinuousMerits__Cost-2__Fee-British__ExitFees-AllUnilateralExits","1","74","0","P","7","14","P Offer","P Liability Signal: 9;P Files: 1;D Answers: 1;P Abandons: 1","9,1,1,1","0","true","","","2","0.15","0.10000000000000001","","",""
"Specification-CenterWeightedContinuousMerits__Cost-2__Fee-British__ExitFees-AllUnilateralExits","1","74","0","P","7","14","P Offer","P Liability Signal: 9;P Files: 1;D Answers: 1;P Abandons: 1","9,1,1,1","0","true","","","3","0.25","0.10000000000000001","","",""
"Specification-CenterWeightedContinuousMerits__Cost-2__Fee-British__ExitFees-AllUnilateralExits","1","74","0","P","7","14","P Offer","P Liability Signal: 9;P Files: 1;D Answers: 1;P Abandons: 1","9,1,1,1","0","true","","","4","0.35","0.10000000000000001","","",""
"Specification-CenterWeightedContinuousMerits__Cost-2__Fee-British__ExitFees-AllUnilateralExits","1","74","0","P","7","14","P Offer","P Liability Signal: 9;P Files: 1;D Answers: 1;P Abandons: 1","9,1,1,1","0","true","","","5","0.45","0.10000000000000001","","",""
"Specification-CenterWeightedContinuousMerits__Cost-2__Fee-British__ExitFees-AllUnilateralExits","1","74","0","P","7","14","P Offer","P Liability Signal: 9;P Files: 1;D Answers: 1;P Abandons: 1","9,1,1,1","0","true","","","6","0.55","0.10000000000000001","","",""
"Specification-CenterWeightedContinuousMerits__Cost-2__Fee-British__ExitFees-AllUnilateralExits","1","74","0","P","7","14","P Offer","P Liability Signal: 9;P Files: 1;D Answers: 1;P Abandons: 1","9,1,1,1","0","true","","","7","0.65","0.10000000000000001","","",""
"Specification-CenterWeightedContinuousMerits__Cost-2__Fee-British__ExitFees-AllUnilateralExits","1","74","0","P","7","14","P Offer","P Liability Signal: 9;P Files: 1;D Answers: 1;P Abandons: 1","9,1,1,1","0","true","","","8","0.75","0.10000000000000001","","",""
"Specification-CenterWeightedContinuousMerits__Cost-2__Fee-British__ExitFees-AllUnilateralExits","1","74","0","P","7","14","P Offer","P Liability Signal: 9;P Files: 1;D Answers: 1;P Abandons: 1","9,1,1,1","0","true","","","9","0.85","0.10000000000000001","","",""
"Specification-CenterWeightedContinuousMerits__Cost-2__Fee-British__ExitFees-AllUnilateralExits","1","74","0","P","7","14","P Offer","P Liability Signal: 9;P Files: 1;D Answers: 1;P Abandons: 1","9,1,1,1","0","true","","","10","0.95","0.10000000000000001","","",""
"Specification-CenterWeightedContinuousMerits__Cost-2__Fee-British__ExitFees-AllUnilateralExits","1","75","0","P","7","14","P Offer","P Liability Signal: 9;P Files: 1;D Answers: 1;P Abandons: 2","9,1,1,2","0.08203000000000002","false","10.569916610863078","10.569916610863078","1","0.05","0","10.114182800904612","0.45573380995846691","false"
"Specification-CenterWeightedContinuousMerits__Cost-2__Fee-British__ExitFees-AllUnilateralExits","1","75","0","P","7","14","P Offer","P Liability Signal: 9;P Files: 1;D Answers: 1;P Abandons: 2","9,1,1,2","0.08203000000000002","false","10.569916610863078","10.569916610863078","2","0.15","0","10.246192419634344","0.32372419122873453","false"
"Specification-CenterWeightedContinuousMerits__Cost-2__Fee-British__ExitFees-AllUnilateralExits","1","75","0","P","7","14","P Offer","P Liability Signal: 9;P Files: 1;D Answers: 1;P Abandons: 2","9,1,1,2","0.08203000000000002","false","10.569916610863078","10.569916610863078","3","0.25","0","10.28665588495708","0.28326072590599871","false"
"Specification-CenterWeightedContinuousMerits__Cost-2__Fee-British__ExitFees-AllUnilateralExits","1","75","0","P","7","14","P Offer","P Liability Signal: 9;P Files: 1;D Answers: 1;P Abandons: 2","9,1,1,2","0.08203000000000002","false","10.569916610863078","10.569916610863078","4","0.35","0","10.327119350279814","0.24279726058326467","false"
"Specification-CenterWeightedContinuousMerits__Cost-2__Fee-British__ExitFees-AllUnilateralExits","1","75","0","P","7","14","P Offer","P Liability Signal: 9;P Files: 1;D Answers: 1;P Abandons: 2","9,1,1,2","0.08203000000000002","false","10.569916610863078","10.569916610863078","5","0.45","0","10.367582815602548","0.20233379526053064","false"
"Specification-CenterWeightedContinuousMerits__Cost-2__Fee-British__ExitFees-AllUnilateralExits","1","75","0","P","7","14","P Offer","P Liability Signal: 9;P Files: 1;D Answers: 1;P Abandons: 2","9,1,1,2","0.08203000000000002","false","10.569916610863078","10.569916610863078","6","0.55","0","10.408046280925282","0.1618703299377966","false"
"Specification-CenterWeightedContinuousMerits__Cost-2__Fee-British__ExitFees-AllUnilateralExits","1","75","0","P","7","14","P Offer","P Liability Signal: 9;P Files: 1;D Answers: 1;P Abandons: 2","9,1,1,2","0.08203000000000002","false","10.569916610863078","10.569916610863078","7","0.65","0","10.448509746248018","0.12140686461506078","false"
"Specification-CenterWeightedContinuousMerits__Cost-2__Fee-British__ExitFees-AllUnilateralExits","1","75","0","P","7","14","P Offer","P Liability Signal: 9;P Files: 1;D Answers: 1;P Abandons: 2","9,1,1,2","0.08203000000000002","false","10.569916610863078","10.569916610863078","8","0.75","0","10.488973211570752","0.080943399292326745","false"
"Specification-CenterWeightedContinuousMerits__Cost-2__Fee-British__ExitFees-AllUnilateralExits","1","75","0","P","7","14","P Offer","P Liability Signal: 9;P Files: 1;D Answers: 1;P Abandons: 2","9,1,1,2","0.08203000000000002","false","10.569916610863078","10.569916610863078","9","0.85","0","10.529453145540344","0.040463465322734038","false"
"Specification-CenterWeightedContinuousMerits__Cost-2__Fee-British__ExitFees-AllUnilateralExits","1","75","0","P","7","14","P Offer","P Liability Signal: 9;P Files: 1;D Answers: 1;P Abandons: 2","9,1,1,2","0.08203000000000002","false","10.569916610863078","10.569916610863078","10","0.95","1","10.569916610863078","0","true"
"Specification-CenterWeightedContinuousMerits__Cost-2__Fee-British__ExitFees-AllUnilateralExits","1","76","0","P","2","9","P Files","P Liability Signal: 10","10","0.056260000000000004","false","10.612639417680375","10.612639417680375","1","Yes","1","10.612639417680375","0","true"
"Specification-CenterWeightedContinuousMerits__Cost-2__Fee-British__ExitFees-AllUnilateralExits","1","76","0","P","2","9","P Files","P Liability Signal: 10","10","0.056260000000000004","false","10.612639417680375","10.612639417680375","2","No","0","10.0000052205","0.61263419718037504","false"
"Specification-CenterWeightedContinuousMerits__Cost-2__Fee-British__ExitFees-AllUnilateralExits","1","77","0","P","5","20","P Abandons","P Liability Signal: 10;P Files: 1;D Answers: 1","10,1,1","0.056260000000000004","false","10.612639417680375","10.612639417680375","1","Yes","0","10.285656335526387","0.32698308215398875","false"
"Specification-CenterWeightedContinuousMerits__Cost-2__Fee-British__ExitFees-AllUnilateralExits","1","77","0","P","5","20","P Abandons","P Liability Signal: 10;P Files: 1;D Answers: 1","10,1,1","0.056260000000000004","false","10.612639417680375","10.612639417680375","2","No","1","10.612639417680375","0","true"
"Specification-CenterWeightedContinuousMerits__Cost-2__Fee-British__ExitFees-AllUnilateralExits","1","78","0","P","7","14","P Offer","P Liability Signal: 10;P Files: 1;D Answers: 1;P Abandons: 1","10,1,1,1","0","true","","","1","0.05","0.10000000000000001","","",""
"Specification-CenterWeightedContinuousMerits__Cost-2__Fee-British__ExitFees-AllUnilateralExits","1","78","0","P","7","14","P Offer","P Liability Signal: 10;P Files: 1;D Answers: 1;P Abandons: 1","10,1,1,1","0","true","","","2","0.15","0.10000000000000001","","",""
"Specification-CenterWeightedContinuousMerits__Cost-2__Fee-British__ExitFees-AllUnilateralExits","1","78","0","P","7","14","P Offer","P Liability Signal: 10;P Files: 1;D Answers: 1;P Abandons: 1","10,1,1,1","0","true","","","3","0.25","0.10000000000000001","","",""
"Specification-CenterWeightedContinuousMerits__Cost-2__Fee-British__ExitFees-AllUnilateralExits","1","78","0","P","7","14","P Offer","P Liability Signal: 10;P Files: 1;D Answers: 1;P Abandons: 1","10,1,1,1","0","true","","","4","0.35","0.10000000000000001","","",""
"Specification-CenterWeightedContinuousMerits__Cost-2__Fee-British__ExitFees-AllUnilateralExits","1","78","0","P","7","14","P Offer","P Liability Signal: 10;P Files: 1;D Answers: 1;P Abandons: 1","10,1,1,1","0","true","","","5","0.45","0.10000000000000001","","",""
"Specification-CenterWeightedContinuousMerits__Cost-2__Fee-British__ExitFees-AllUnilateralExits","1","78","0","P","7","14","P Offer","P Liability Signal: 10;P Files: 1;D Answers: 1;P Abandons: 1","10,1,1,1","0","true","","","6","0.55","0.10000000000000001","","",""
"Specification-CenterWeightedContinuousMerits__Cost-2__Fee-British__ExitFees-AllUnilateralExits","1","78","0","P","7","14","P Offer","P Liability Signal: 10;P Files: 1;D Answers: 1;P Abandons: 1","10,1,1,1","0","true","","","7","0.65","0.10000000000000001","","",""
"Specification-CenterWeightedContinuousMerits__Cost-2__Fee-British__ExitFees-AllUnilateralExits","1","78","0","P","7","14","P Offer","P Liability Signal: 10;P Files: 1;D Answers: 1;P Abandons: 1","10,1,1,1","0","true","","","8","0.75","0.10000000000000001","","",""
"Specification-CenterWeightedContinuousMerits__Cost-2__Fee-British__ExitFees-AllUnilateralExits","1","78","0","P","7","14","P Offer","P Liability Signal: 10;P Files: 1;D Answers: 1;P Abandons: 1","10,1,1,1","0","true","","","9","0.85","0.10000000000000001","","",""
"Specification-CenterWeightedContinuousMerits__Cost-2__Fee-British__ExitFees-AllUnilateralExits","1","78","0","P","7","14","P Offer","P Liability Signal: 10;P Files: 1;D Answers: 1;P Abandons: 1","10,1,1,1","0","true","","","10","0.95","0.10000000000000001","","",""
"Specification-CenterWeightedContinuousMerits__Cost-2__Fee-British__ExitFees-AllUnilateralExits","1","79","0","P","7","14","P Offer","P Liability Signal: 10;P Files: 1;D Answers: 1;P Abandons: 2","10,1,1,2","0.056260000000000004","false","10.612639417680375","10.612639417680375","1","0.05","0","10.136664226039873","0.47597519164050262","false"
"Specification-CenterWeightedContinuousMerits__Cost-2__Fee-British__ExitFees-AllUnilateralExits","1","79","0","P","7","14","P Offer","P Liability Signal: 10;P Files: 1;D Answers: 1;P Abandons: 2","10,1,1,2","0.056260000000000004","false","10.612639417680375","10.612639417680375","2","0.15","0","10.268930720781499","0.34370869689887584","false"
"Specification-CenterWeightedContinuousMerits__Cost-2__Fee-British__ExitFees-AllUnilateralExits","1","79","0","P","7","14","P Offer","P Liability Signal: 10;P Files: 1;D Answers: 1;P Abandons: 2","10,1,1,2","0.056260000000000004","false","10.612639417680375","10.612639417680375","3","0.25","0","10.311892122230374","0.30074729545000167","false"
"Specification-CenterWeightedContinuousMerits__Cost-2__Fee-British__ExitFees-AllUnilateralExits","1","79","0","P","7","14","P Offer","P Liability Signal: 10;P Files: 1;D Answers: 1;P Abandons: 2","10,1,1,2","0.056260000000000004","false","10.612639417680375","10.612639417680375","4","0.35","0","10.354853523679248","0.2577858940011275","false"
"Specification-CenterWeightedContinuousMerits__Cost-2__Fee-British__ExitFees-AllUnilateralExits","1","79","0","P","7","14","P Offer","P Liability Signal: 10;P Files: 1;D Answers: 1;P Abandons: 2","10,1,1,2","0.056260000000000004","false","10.612639417680375","10.612639417680375","5","0.45","0","10.397814925128124","0.21482449255225156","false"
"Specification-CenterWeightedContinuousMerits__Cost-2__Fee-British__ExitFees-AllUnilateralExits","1","79","0","P","7","14","P Offer","P Liability Signal: 10;P Files: 1;D Answers: 1;P Abandons: 2","10,1,1,2","0.056260000000000004","false","10.612639417680375","10.612639417680375","6","0.55","0","10.440776326576998","0.17186309110337739","false"
"Specification-CenterWeightedContinuousMerits__Cost-2__Fee-British__ExitFees-AllUnilateralExits","1","79","0","P","7","14","P Offer","P Liability Signal: 10;P Files: 1;D Answers: 1;P Abandons: 2","10,1,1,2","0.056260000000000004","false","10.612639417680375","10.612639417680375","7","0.65","0","10.483737728025872","0.12890168965450322","false"
"Specification-CenterWeightedContinuousMerits__Cost-2__Fee-British__ExitFees-AllUnilateralExits","1","79","0","P","7","14","P Offer","P Liability Signal: 10;P Files: 1;D Answers: 1;P Abandons: 2","10,1,1,2","0.056260000000000004","false","10.612639417680375","10.612639417680375","8","0.75","0","10.526699129474748","0.085940288205627269","false"
"Specification-CenterWeightedContinuousMerits__Cost-2__Fee-British__ExitFees-AllUnilateralExits","1","79","0","P","7","14","P Offer","P Liability Signal: 10;P Files: 1;D Answers: 1;P Abandons: 2","10,1,1,2","0.056260000000000004","false","10.612639417680375","10.612639417680375","9","0.85","0","10.569678016231499","0.042961401448875947","false"
"Specification-CenterWeightedContinuousMerits__Cost-2__Fee-British__ExitFees-AllUnilateralExits","1","79","0","P","7","14","P Offer","P Liability Signal: 10;P Files: 1;D Answers: 1;P Abandons: 2","10,1,1,2","0.056260000000000004","false","10.612639417680375","10.612639417680375","10","0.95","1","10.612639417680375","0","true"
"Specification-CenterWeightedContinuousMerits__Cost-2__Fee-British__ExitFees-AllUnilateralExits","1","1","1","D","3","10","D Answers","D Liability Signal: 1;P Files: 1","1,1","0.0146875444","false","9.4803701920117014","9.4803701920117014","1","Yes","1","9.4803701920117014","0","true"
"Specification-CenterWeightedContinuousMerits__Cost-2__Fee-British__ExitFees-AllUnilateralExits","1","1","1","D","3","10","D Answers","D Liability Signal: 1;P Files: 1","1,1","0.0146875444","false","9.4803701920117014","9.4803701920117014","2","No","0","8.6999925420000022","0.78037765001169923","false"
"Specification-CenterWeightedContinuousMerits__Cost-2__Fee-British__ExitFees-AllUnilateralExits","1","3","1","D","6","21","D Defaults","D Liability Signal: 1;P Files: 1;D Answers: 1","1,1,1","0.0146875444","false","9.4803701920117014","9.4803701920117014","1","Yes","0","8.4350013529999988","1.0453688390117026","false"
"Specification-CenterWeightedContinuousMerits__Cost-2__Fee-British__ExitFees-AllUnilateralExits","1","3","1","D","6","21","D Defaults","D Liability Signal: 1;P Files: 1;D Answers: 1","1,1,1","0.0146875444","false","9.4803701920117014","9.4803701920117014","2","No","1","9.4803701920117014","0","true"
"Specification-CenterWeightedContinuousMerits__Cost-2__Fee-British__ExitFees-AllUnilateralExits","1","5","1","D","8","15","D Offer","D Liability Signal: 1;P Files: 1;D Answers: 1;D Defaults: 1","1,1,1,1","0","true","","","1","0.05","0.10000000000000001","","",""
"Specification-CenterWeightedContinuousMerits__Cost-2__Fee-British__ExitFees-AllUnilateralExits","1","5","1","D","8","15","D Offer","D Liability Signal: 1;P Files: 1;D Answers: 1;D Defaults: 1","1,1,1,1","0","true","","","2","0.15","0.10000000000000001","","",""
"Specification-CenterWeightedContinuousMerits__Cost-2__Fee-British__ExitFees-AllUnilateralExits","1","5","1","D","8","15","D Offer","D Liability Signal: 1;P Files: 1;D Answers: 1;D Defaults: 1","1,1,1,1","0","true","","","3","0.25","0.10000000000000001","","",""
"Specification-CenterWeightedContinuousMerits__Cost-2__Fee-British__ExitFees-AllUnilateralExits","1","5","1","D","8","15","D Offer","D Liability Signal: 1;P Files: 1;D Answers: 1;D Defaults: 1","1,1,1,1","0","true","","","4","0.35","0.10000000000000001","","",""
"Specification-CenterWeightedContinuousMerits__Cost-2__Fee-British__ExitFees-AllUnilateralExits","1","5","1","D","8","15","D Offer","D Liability Signal: 1;P Files: 1;D Answers: 1;D Defaults: 1","1,1,1,1","0","true","","","5","0.45","0.10000000000000001","","",""
"Specification-CenterWeightedContinuousMerits__Cost-2__Fee-British__ExitFees-AllUnilateralExits","1","5","1","D","8","15","D Offer","D Liability Signal: 1;P Files: 1;D Answers: 1;D Defaults: 1","1,1,1,1","0","true","","","6","0.55","0.10000000000000001","","",""
"Specification-CenterWeightedContinuousMerits__Cost-2__Fee-British__ExitFees-AllUnilateralExits","1","5","1","D","8","15","D Offer","D Liability Signal: 1;P Files: 1;D Answers: 1;D Defaults: 1","1,1,1,1","0","true","","","7","0.65","0.10000000000000001","","",""
"Specification-CenterWeightedContinuousMerits__Cost-2__Fee-British__ExitFees-AllUnilateralExits","1","5","1","D","8","15","D Offer","D Liability Signal: 1;P Files: 1;D Answers: 1;D Defaults: 1","1,1,1,1","0","true","","","8","0.75","0.10000000000000001","","",""
"Specification-CenterWeightedContinuousMerits__Cost-2__Fee-British__ExitFees-AllUnilateralExits","1","5","1","D","8","15","D Offer","D Liability Signal: 1;P Files: 1;D Answers: 1;D Defaults: 1","1,1,1,1","0","true","","","9","0.85","0.10000000000000001","","",""
"Specification-CenterWeightedContinuousMerits__Cost-2__Fee-British__ExitFees-AllUnilateralExits","1","5","1","D","8","15","D Offer","D Liability Signal: 1;P Files: 1;D Answers: 1;D Defaults: 1","1,1,1,1","0","true","","","10","0.95","0.10000000000000001","","",""
"Specification-CenterWeightedContinuousMerits__Cost-2__Fee-British__ExitFees-AllUnilateralExits","1","6","1","D","8","15","D Offer","D Liability Signal: 1;P Files: 1;D Answers: 1;D Defaults: 2","1,1,1,2","0.0146875444","false","9.4803701920117014","9.4803701920117014","1","0.05","1","9.4803701920117014","0","true"
"Specification-CenterWeightedContinuousMerits__Cost-2__Fee-British__ExitFees-AllUnilateralExits","1","6","1","D","8","15","D Offer","D Liability Signal: 1;P Files: 1;D Answers: 1;D Defaults: 2","1,1,1,2","0.0146875444","false","9.4803701920117014","9.4803701920117014","2","0.15","0","9.4803701920117014","0","true"
"Specification-CenterWeightedContinuousMerits__Cost-2__Fee-British__ExitFees-AllUnilateralExits","1","6","1","D","8","15","D Offer","D Liability Signal: 1;P Files: 1;D Answers: 1;D Defaults: 2","1,1,1,2","0.0146875444","false","9.4803701920117014","9.4803701920117014","3","0.25","0","9.4803701920117014","0","true"
"Specification-CenterWeightedContinuousMerits__Cost-2__Fee-British__ExitFees-AllUnilateralExits","1","6","1","D","8","15","D Offer","D Liability Signal: 1;P Files: 1;D Answers: 1;D Defaults: 2","1,1,1,2","0.0146875444","false","9.4803701920117014","9.4803701920117014","4","0.35","0","9.4803701920117014","0","true"
"Specification-CenterWeightedContinuousMerits__Cost-2__Fee-British__ExitFees-AllUnilateralExits","1","6","1","D","8","15","D Offer","D Liability Signal: 1;P Files: 1;D Answers: 1;D Defaults: 2","1,1,1,2","0.0146875444","false","9.4803701920117014","9.4803701920117014","5","0.45","0","9.4803701920117014","0","true"
"Specification-CenterWeightedContinuousMerits__Cost-2__Fee-British__ExitFees-AllUnilateralExits","1","6","1","D","8","15","D Offer","D Liability Signal: 1;P Files: 1;D Answers: 1;D Defaults: 2","1,1,1,2","0.0146875444","false","9.4803701920117014","9.4803701920117014","6","0.55","0","9.4803701920117014","0","true"
"Specification-CenterWeightedContinuousMerits__Cost-2__Fee-British__ExitFees-AllUnilateralExits","1","6","1","D","8","15","D Offer","D Liability Signal: 1;P Files: 1;D Answers: 1;D Defaults: 2","1,1,1,2","0.0146875444","false","9.4803701920117014","9.4803701920117014","7","0.65","0","9.4803701920117014","0","true"
"Specification-CenterWeightedContinuousMerits__Cost-2__Fee-British__ExitFees-AllUnilateralExits","1","6","1","D","8","15","D Offer","D Liability Signal: 1;P Files: 1;D Answers: 1;D Defaults: 2","1,1,1,2","0.0146875444","false","9.4803701920117014","9.4803701920117014","8","0.75","0","9.4803701920117014","0","true"
"Specification-CenterWeightedContinuousMerits__Cost-2__Fee-British__ExitFees-AllUnilateralExits","1","6","1","D","8","15","D Offer","D Liability Signal: 1;P Files: 1;D Answers: 1;D Defaults: 2","1,1,1,2","0.0146875444","false","9.4803701920117014","9.4803701920117014","9","0.85","0","9.4803701920117014","0","true"
"Specification-CenterWeightedContinuousMerits__Cost-2__Fee-British__ExitFees-AllUnilateralExits","1","6","1","D","8","15","D Offer","D Liability Signal: 1;P Files: 1;D Answers: 1;D Defaults: 2","1,1,1,2","0.0146875444","false","9.4803701920117014","9.4803701920117014","10","0.95","0","8.7500116129999999","0.73035857901170154","false"
"Specification-CenterWeightedContinuousMerits__Cost-2__Fee-British__ExitFees-AllUnilateralExits","1","8","1","D","3","10","D Answers","D Liability Signal: 2;P Files: 1","2,1","0.026685184300000005","false","9.3362776213923038","9.3362776213923038","1","Yes","1","9.3362776213923038","0","true"
"Specification-CenterWeightedContinuousMerits__Cost-2__Fee-British__ExitFees-AllUnilateralExits","1","8","1","D","3","10","D Answers","D Liability Signal: 2;P Files: 1","2,1","0.026685184300000005","false","9.3362776213923038","9.3362776213923038","2","No","0","8.6999925419999986","0.63628507939230516","false"
"Specification-CenterWeightedContinuousMerits__Cost-2__Fee-British__ExitFees-AllUnilateralExits","1","9","1","D","6","21","D Defaults","D Liability Signal: 2;P Files: 1;D Answers: 1","2,1,1","0.026685184300000005","false","9.3362776213923038","9.3362776213923038","1","Yes","0","8.4350013529999988","0.90127626839230501","false"
"Specification-CenterWeightedContinuousMerits__Cost-2__Fee-British__ExitFees-AllUnilateralExits","1","9","1","D","6","21","D Defaults","D Liability Signal: 2;P Files: 1;D Answers: 1","2,1,1","0.026685184300000005","false","9.3362776213923038","9.3362776213923038","2","No","1","9.3362776213923038","0","true"
"Specification-CenterWeightedContinuousMerits__Cost-2__Fee-British__ExitFees-AllUnilateralExits","1","10","1","D","8","15","D Offer","D Liability Signal: 2;P Files: 1;D Answers: 1;D Defaults: 1","2,1,1,1","0","true","","","1","0.05","0.10000000000000001","","",""
"Specification-CenterWeightedContinuousMerits__Cost-2__Fee-British__ExitFees-AllUnilateralExits","1","10","1","D","8","15","D Offer","D Liability Signal: 2;P Files: 1;D Answers: 1;D Defaults: 1","2,1,1,1","0","true","","","2","0.15","0.10000000000000001","","",""
"Specification-CenterWeightedContinuousMerits__Cost-2__Fee-British__ExitFees-AllUnilateralExits","1","10","1","D","8","15","D Offer","D Liability Signal: 2;P Files: 1;D Answers: 1;D Defaults: 1","2,1,1,1","0","true","","","3","0.25","0.10000000000000001","","",""
"Specification-CenterWeightedContinuousMerits__Cost-2__Fee-British__ExitFees-AllUnilateralExits","1","10","1","D","8","15","D Offer","D Liability Signal: 2;P Files: 1;D Answers: 1;D Defaults: 1","2,1,1,1","0","true","","","4","0.35","0.10000000000000001","","",""
"Specification-CenterWeightedContinuousMerits__Cost-2__Fee-British__ExitFees-AllUnilateralExits","1","10","1","D","8","15","D Offer","D Liability Signal: 2;P Files: 1;D Answers: 1;D Defaults: 1","2,1,1,1","0","true","","","5","0.45","0.10000000000000001","","",""
"Specification-CenterWeightedContinuousMerits__Cost-2__Fee-British__ExitFees-AllUnilateralExits","1","10","1","D","8","15","D Offer","D Liability Signal: 2;P Files: 1;D Answers: 1;D Defaults: 1","2,1,1,1","0","true","","","6","0.55","0.10000000000000001","","",""
"Specification-CenterWeightedContinuousMerits__Cost-2__Fee-British__ExitFees-AllUnilateralExits","1","10","1","D","8","15","D Offer","D Liability Signal: 2;P Files: 1;D Answers: 1;D Defaults: 1","2,1,1,1","0","true","","","7","0.65","0.10000000000000001","","",""
"Specification-CenterWeightedContinuousMerits__Cost-2__Fee-British__ExitFees-AllUnilateralExits","1","10","1","D","8","15","D Offer","D Liability Signal: 2;P Files: 1;D Answers: 1;D Defaults: 1","2,1,1,1","0","true","","","8","0.75","0.10000000000000001","","",""
"Specification-CenterWeightedContinuousMerits__Cost-2__Fee-British__ExitFees-AllUnilateralExits","1","10","1","D","8","15","D Offer","D Liability Signal: 2;P Files: 1;D Answers: 1;D Defaults: 1","2,1,1,1","0","true","","","9","0.85","0.10000000000000001","","",""
"Specification-CenterWeightedContinuousMerits__Cost-2__Fee-British__ExitFees-AllUnilateralExits","1","10","1","D","8","15","D Offer","D Liability Signal: 2;P Files: 1;D Answers: 1;D Defaults: 1","2,1,1,1","0","true","","","10","0.95","0.10000000000000001","","",""
"Specification-CenterWeightedContinuousMerits__Cost-2__Fee-British__ExitFees-AllUnilateralExits","1","11","1","D","8","15","D Offer","D Liability Signal: 2;P Files: 1;D Answers: 1;D Defaults: 2","2,1,1,2","0.026685184300000005","false","9.3362776213923038","9.3362776213923038","1","0.05","1","9.3362776213923038","0","true"
"Specification-CenterWeightedContinuousMerits__Cost-2__Fee-British__ExitFees-AllUnilateralExits","1","11","1","D","8","15","D Offer","D Liability Signal: 2;P Files: 1;D Answers: 1;D Defaults: 2","2,1,1,2","0.026685184300000005","false","9.3362776213923038","9.3362776213923038","2","0.15","0","9.3362776213923038","0","true"
"Specification-CenterWeightedContinuousMerits__Cost-2__Fee-British__ExitFees-AllUnilateralExits","1","11","1","D","8","15","D Offer","D Liability Signal: 2;P Files: 1;D Answers: 1;D Defaults: 2","2,1,1,2","0.026685184300000005","false","9.3362776213923038","9.3362776213923038","3","0.25","0","9.3362776213923038","0","true"
"Specification-CenterWeightedContinuousMerits__Cost-2__Fee-British__ExitFees-AllUnilateralExits","1","11","1","D","8","15","D Offer","D Liability Signal: 2;P Files: 1;D Answers: 1;D Defaults: 2","2,1,1,2","0.026685184300000005","false","9.3362776213923038","9.3362776213923038","4","0.35","0","9.3362776213923038","0","true"
"Specification-CenterWeightedContinuousMerits__Cost-2__Fee-British__ExitFees-AllUnilateralExits","1","11","1","D","8","15","D Offer","D Liability Signal: 2;P Files: 1;D Answers: 1;D Defaults: 2","2,1,1,2","0.026685184300000005","false","9.3362776213923038","9.3362776213923038","5","0.45","0","9.3362776213923038","0","true"
"Specification-CenterWeightedContinuousMerits__Cost-2__Fee-British__ExitFees-AllUnilateralExits","1","11","1","D","8","15","D Offer","D Liability Signal: 2;P Files: 1;D Answers: 1;D Defaults: 2","2,1,1,2","0.026685184300000005","false","9.3362776213923038","9.3362776213923038","6","0.55","0","9.3362776213923038","0","true"
"Specification-CenterWeightedContinuousMerits__Cost-2__Fee-British__ExitFees-AllUnilateralExits","1","11","1","D","8","15","D Offer","D Liability Signal: 2;P Files: 1;D Answers: 1;D Defaults: 2","2,1,1,2","0.026685184300000005","false","9.3362776213923038","9.3362776213923038","7","0.65","0","9.3362776213923038","0","true"
"Specification-CenterWeightedContinuousMerits__Cost-2__Fee-British__ExitFees-AllUnilateralExits","1","11","1","D","8","15","D Offer","D Liability Signal: 2;P Files: 1;D Answers: 1;D Defaults: 2","2,1,1,2","0.026685184300000005","false","9.3362776213923038","9.3362776213923038","8","0.75","0","9.3362776213923038","0","true"
"Specification-CenterWeightedContinuousMerits__Cost-2__Fee-British__ExitFees-AllUnilateralExits","1","11","1","D","8","15","D Offer","D Liability Signal: 2;P Files: 1;D Answers: 1;D Defaults: 2","2,1,1,2","0.026685184300000005","false","9.3362776213923038","9.3362776213923038","9","0.85","0","9.3362776213923038","0","true"
"Specification-CenterWeightedContinuousMerits__Cost-2__Fee-British__ExitFees-AllUnilateralExits","1","11","1","D","8","15","D Offer","D Liability Signal: 2;P Files: 1;D Answers: 1;D Defaults: 2","2,1,1,2","0.026685184300000005","false","9.3362776213923038","9.3362776213923038","10","0.95","0","8.7500116129999981","0.58626600839230569","false"
"Specification-CenterWeightedContinuousMerits__Cost-2__Fee-British__ExitFees-AllUnilateralExits","1","12","1","D","3","10","D Answers","D Liability Signal: 3;P Files: 1","3,1","0.042970079500000001","false","9.1678737275770104","9.1678737275770104","1","Yes","1","9.1678737275770104","0","true"
"Specification-CenterWeightedContinuousMerits__Cost-2__Fee-British__ExitFees-AllUnilateralExits","1","12","1","D","3","10","D Answers","D Liability Signal: 3;P Files: 1","3,1","0.042970079500000001","false","9.1678737275770104","9.1678737275770104","2","No","0","8.6999925420000004","0.46788118557700997","false"
"Specification-CenterWeightedContinuousMerits__Cost-2__Fee-British__ExitFees-AllUnilateralExits","1","13","1","D","6","21","D Defaults","D Liability Signal: 3;P Files: 1;D Answers: 1","3,1,1","0.042970079500000001","false","9.1678737275770104","9.1678737275770104","1","Yes","0","8.4350013529999988","0.7328723745770116","false"
"Specification-CenterWeightedContinuousMerits__Cost-2__Fee-British__ExitFees-AllUnilateralExits","1","13","1","D","6","21","D Defaults","D Liability Signal: 3;P Files: 1;D Answers: 1","3,1,1","0.042970079500000001","false","9.1678737275770104","9.1678737275770104","2","No","1","9.1678737275770104","0","true"
"Specification-CenterWeightedContinuousMerits__Cost-2__Fee-British__ExitFees-AllUnilateralExits","1","14","1","D","8","15","D Offer","D Liability Signal: 3;P Files: 1;D Answers: 1;D Defaults: 1","3,1,1,1","0","true","","","1","0.05","0.10000000000000001","","",""
"Specification-CenterWeightedContinuousMerits__Cost-2__Fee-British__ExitFees-AllUnilateralExits","1","14","1","D","8","15","D Offer","D Liability Signal: 3;P Files: 1;D Answers: 1;D Defaults: 1","3,1,1,1","0","true","","","2","0.15","0.10000000000000001","","",""
"Specification-CenterWeightedContinuousMerits__Cost-2__Fee-British__ExitFees-AllUnilateralExits","1","14","1","D","8","15","D Offer","D Liability Signal: 3;P Files: 1;D Answers: 1;D Defaults: 1","3,1,1,1","0","true","","","3","0.25","0.10000000000000001","","",""
"Specification-CenterWeightedContinuousMerits__Cost-2__Fee-British__ExitFees-AllUnilateralExits","1","14","1","D","8","15","D Offer","D Liability Signal: 3;P Files: 1;D Answers: 1;D Defaults: 1","3,1,1,1","0","true","","","4","0.35","0.10000000000000001","","",""
"Specification-CenterWeightedContinuousMerits__Cost-2__Fee-British__ExitFees-AllUnilateralExits","1","14","1","D","8","15","D Offer","D Liability Signal: 3;P Files: 1;D Answers: 1;D Defaults: 1","3,1,1,1","0","true","","","5","0.45","0.10000000000000001","","",""
"Specification-CenterWeightedContinuousMerits__Cost-2__Fee-British__ExitFees-AllUnilateralExits","1","14","1","D","8","15","D Offer","D Liability Signal: 3;P Files: 1;D Answers: 1;D Defaults: 1","3,1,1,1","0","true","","","6","0.55","0.10000000000000001","","",""
"Specification-CenterWeightedContinuousMerits__Cost-2__Fee-British__ExitFees-AllUnilateralExits","1","14","1","D","8","15","D Offer","D Liability Signal: 3;P Files: 1;D Answers: 1;D Defaults: 1","3,1,1,1","0","true","","","7","0.65","0.10000000000000001","","",""
"Specification-CenterWeightedContinuousMerits__Cost-2__Fee-British__ExitFees-AllUnilateralExits","1","14","1","D","8","15","D Offer","D Liability Signal: 3;P Files: 1;D Answers: 1;D Defaults: 1","3,1,1,1","0","true","","","8","0.75","0.10000000000000001","","",""
"Specification-CenterWeightedContinuousMerits__Cost-2__Fee-British__ExitFees-AllUnilateralExits","1","14","1","D","8","15","D Offer","D Liability Signal: 3;P Files: 1;D Answers: 1;D Defaults: 1","3,1,1,1","0","true","","","9","0.85","0.10000000000000001","","",""
"Specification-CenterWeightedContinuousMerits__Cost-2__Fee-British__ExitFees-AllUnilateralExits","1","14","1","D","8","15","D Offer","D Liability Signal: 3;P Files: 1;D Answers: 1;D Defaults: 1","3,1,1,1","0","true","","","10","0.95","0.10000000000000001","","",""
"Specification-CenterWeightedContinuousMerits__Cost-2__Fee-British__ExitFees-AllUnilateralExits","1","15","1","D","8","15","D Offer","D Liability Signal: 3;P Files: 1;D Answers: 1;D Defaults: 2","3,1,1,2","0.042970079500000001","false","9.1678737275770104","9.1678737275770104","1","0.05","1","9.1678737275770104","0","true"
"Specification-CenterWeightedContinuousMerits__Cost-2__Fee-British__ExitFees-AllUnilateralExits","1","15","1","D","8","15","D Offer","D Liability Signal: 3;P Files: 1;D Answers: 1;D Defaults: 2","3,1,1,2","0.042970079500000001","false","9.1678737275770104","9.1678737275770104","2","0.15","0","9.1678737275770104","0","true"
"Specification-CenterWeightedContinuousMerits__Cost-2__Fee-British__ExitFees-AllUnilateralExits","1","15","1","D","8","15","D Offer","D Liability Signal: 3;P Files: 1;D Answers: 1;D Defaults: 2","3,1,1,2","0.042970079500000001","false","9.1678737275770104","9.1678737275770104","3","0.25","0","9.1678737275770104","0","true"
"Specification-CenterWeightedContinuousMerits__Cost-2__Fee-British__ExitFees-AllUnilateralExits","1","15","1","D","8","15","D Offer","D Liability Signal: 3;P Files: 1;D Answers: 1;D Defaults: 2","3,1,1,2","0.042970079500000001","false","9.1678737275770104","9.1678737275770104","4","0.35","0","9.1678737275770104","0","true"
"Specification-CenterWeightedContinuousMerits__Cost-2__Fee-British__ExitFees-AllUnilateralExits","1","15","1","D","8","15","D Offer","D Liability Signal: 3;P Files: 1;D Answers: 1;D Defaults: 2","3,1,1,2","0.042970079500000001","false","9.1678737275770104","9.1678737275770104","5","0.45","0","9.1678737275770104","0","true"
"Specification-CenterWeightedContinuousMerits__Cost-2__Fee-British__ExitFees-AllUnilateralExits","1","15","1","D","8","15","D Offer","D Liability Signal: 3;P Files: 1;D Answers: 1;D Defaults: 2","3,1,1,2","0.042970079500000001","false","9.1678737275770104","9.1678737275770104","6","0.55","0","9.1678737275770104","0","true"
"Specification-CenterWeightedContinuousMerits__Cost-2__Fee-British__ExitFees-AllUnilateralExits","1","15","1","D","8","15","D Offer","D Liability Signal: 3;P Files: 1;D Answers: 1;D Defaults: 2","3,1,1,2","0.042970079500000001","false","9.1678737275770104","9.1678737275770104","7","0.65","0","9.1678737275770104","0","true"
"Specification-CenterWeightedContinuousMerits__Cost-2__Fee-British__ExitFees-AllUnilateralExits","1","15","1","D","8","15","D Offer","D Liability Signal: 3;P Files: 1;D Answers: 1;D Defaults: 2","3,1,1,2","0.042970079500000001","false","9.1678737275770104","9.1678737275770104","8","0.75","0","9.1678737275770104","0","true"
"Specification-CenterWeightedContinuousMerits__Cost-2__Fee-British__ExitFees-AllUnilateralExits","1","15","1","D","8","15","D Offer","D Liability Signal: 3;P Files: 1;D Answers: 1;D Defaults: 2","3,1,1,2","0.042970079500000001","false","9.1678737275770104","9.1678737275770104","9","0.85","0","9.1678737275770104","0","true"
"Specification-CenterWeightedContinuousMerits__Cost-2__Fee-British__ExitFees-AllUnilateralExits","1","15","1","D","8","15","D Offer","D Liability Signal: 3;P Files: 1;D Answers: 1;D Defaults: 2","3,1,1,2","0.042970079500000001","false","9.1678737275770104","9.1678737275770104","10","0.95","0","8.7500116129999999","0.4178621145770105","false"
"Specification-CenterWeightedContinuousMerits__Cost-2__Fee-British__ExitFees-AllUnilateralExits","1","16","1","D","3","10","D Answers","D Liability Signal: 4;P Files: 1","4,1","0.061829725299999999","false","8.981886085130915","8.981886085130915","1","Yes","1","8.981886085130915","0","true"
"Specification-CenterWeightedContinuousMerits__Cost-2__Fee-British__ExitFees-AllUnilateralExits","1","16","1","D","3","10","D Answers","D Liability Signal: 4;P Files: 1","4,1","0.061829725299999999","false","8.981886085130915","8.981886085130915","2","No","0","8.6999925419999986","0.28189354313091641","false"
"Specification-CenterWeightedContinuousMerits__Cost-2__Fee-British__ExitFees-AllUnilateralExits","1","17","1","D","6","21","D Defaults","D Liability Signal: 4;P Files: 1;D Answers: 1","4,1,1","0.061829725299999999","false","8.981886085130915","8.981886085130915","1","Yes","0","8.4350013530000005","0.54688473213091449","false"
"Specification-CenterWeightedContinuousMerits__Cost-2__Fee-British__ExitFees-AllUnilateralExits","1","17","1","D","6","21","D Defaults","D Liability Signal: 4;P Files: 1;D Answers: 1","4,1,1","0.061829725299999999","false","8.981886085130915","8.981886085130915","2","No","1","8.981886085130915","0","true"
"Specification-CenterWeightedContinuousMerits__Cost-2__Fee-British__ExitFees-AllUnilateralExits","1","18","1","D","8","15","D Offer","D Liability Signal: 4;P Files: 1;D Answers: 1;D Defaults: 1","4,1,1,1","0","true","","","1","0.05","0.10000000000000001","","",""
"Specification-CenterWeightedContinuousMerits__Cost-2__Fee-British__ExitFees-AllUnilateralExits","1","18","1","D","8","15","D Offer","D Liability Signal: 4;P Files: 1;D Answers: 1;D Defaults: 1","4,1,1,1","0","true","","","2","0.15","0.10000000000000001","","",""
"Specification-CenterWeightedContinuousMerits__Cost-2__Fee-British__ExitFees-AllUnilateralExits","1","18","1","D","8","15","D Offer","D Liability Signal: 4;P Files: 1;D Answers: 1;D Defaults: 1","4,1,1,1","0","true","","","3","0.25","0.10000000000000001","","",""
"Specification-CenterWeightedContinuousMerits__Cost-2__Fee-British__ExitFees-AllUnilateralExits","1","18","1","D","8","15","D Offer","D Liability Signal: 4;P Files: 1;D Answers: 1;D Defaults: 1","4,1,1,1","0","true","","","4","0.35","0.10000000000000001","","",""
"Specification-CenterWeightedContinuousMerits__Cost-2__Fee-British__ExitFees-AllUnilateralExits","1","18","1","D","8","15","D Offer","D Liability Signal: 4;P Files: 1;D Answers: 1;D Defaults: 1","4,1,1,1","0","true","","","5","0.45","0.10000000000000001","","",""
"Specification-CenterWeightedContinuousMerits__Cost-2__Fee-British__ExitFees-AllUnilateralExits","1","18","1","D","8","15","D Offer","D Liability Signal: 4;P Files: 1;D Answers: 1;D Defaults: 1","4,1,1,1","0","true","","","6","0.55","0.10000000000000001","","",""
"Specification-CenterWeightedContinuousMerits__Cost-2__Fee-British__ExitFees-AllUnilateralExits","1","18","1","D","8","15","D Offer","D Liability Signal: 4;P Files: 1;D Answers: 1;D Defaults: 1","4,1,1,1","0","true","","","7","0.65","0.10000000000000001","","",""
"Specification-CenterWeightedContinuousMerits__Cost-2__Fee-British__ExitFees-AllUnilateralExits","1","18","1","D","8","15","D Offer","D Liability Signal: 4;P Files: 1;D Answers: 1;D Defaults: 1","4,1,1,1","0","true","","","8","0.75","0.10000000000000001","","",""
"Specification-CenterWeightedContinuousMerits__Cost-2__Fee-British__ExitFees-AllUnilateralExits","1","18","1","D","8","15","D Offer","D Liability Signal: 4;P Files: 1;D Answers: 1;D Defaults: 1","4,1,1,1","0","true","","","9","0.85","0.10000000000000001","","",""
"Specification-CenterWeightedContinuousMerits__Cost-2__Fee-British__ExitFees-AllUnilateralExits","1","18","1","D","8","15","D Offer","D Liability Signal: 4;P Files: 1;D Answers: 1;D Defaults: 1","4,1,1,1","0","true","","","10","0.95","0.10000000000000001","","",""
"Specification-CenterWeightedContinuousMerits__Cost-2__Fee-British__ExitFees-AllUnilateralExits","1","19","1","D","8","15","D Offer","D Liability Signal: 4;P Files: 1;D Answers: 1;D Defaults: 2","4,1,1,2","0.061829725299999999","false","8.981886085130915","8.981886085130915","1","0.05","1","8.981886085130915","0","true"
"Specification-CenterWeightedContinuousMerits__Cost-2__Fee-British__ExitFees-AllUnilateralExits","1","19","1","D","8","15","D Offer","D Liability Signal: 4;P Files: 1;D Answers: 1;D Defaults: 2","4,1,1,2","0.061829725299999999","false","8.981886085130915","8.981886085130915","2","0.15","0","8.981886085130915","0","true"
"Specification-CenterWeightedContinuousMerits__Cost-2__Fee-British__ExitFees-AllUnilateralExits","1","19","1","D","8","15","D Offer","D Liability Signal: 4;P Files: 1;D Answers: 1;D Defaults: 2","4,1,1,2","0.061829725299999999","false","8.981886085130915","8.981886085130915","3","0.25","0","8.981886085130915","0","true"
"Specification-CenterWeightedContinuousMerits__Cost-2__Fee-British__ExitFees-AllUnilateralExits","1","19","1","D","8","15","D Offer","D Liability Signal: 4;P Files: 1;D Answers: 1;D Defaults: 2","4,1,1,2","0.061829725299999999","false","8.981886085130915","8.981886085130915","4","0.35","0","8.981886085130915","0","true"
"Specification-CenterWeightedContinuousMerits__Cost-2__Fee-British__ExitFees-AllUnilateralExits","1","19","1","D","8","15","D Offer","D Liability Signal: 4;P Files: 1;D Answers: 1;D Defaults: 2","4,1,1,2","0.061829725299999999","false","8.981886085130915","8.981886085130915","5","0.45","0","8.981886085130915","0","true"
"Specification-CenterWeightedContinuousMerits__Cost-2__Fee-British__ExitFees-AllUnilateralExits","1","19","1","D","8","15","D Offer","D Liability Signal: 4;P Files: 1;D Answers: 1;D Defaults: 2","4,1,1,2","0.061829725299999999","false","8.981886085130915","8.981886085130915","6","0.55","0","8.981886085130915","0","true"
"Specification-CenterWeightedContinuousMerits__Cost-2__Fee-British__ExitFees-AllUnilateralExits","1","19","1","D","8","15","D Offer","D Liability Signal: 4;P Files: 1;D Answers: 1;D Defaults: 2","4,1,1,2","0.061829725299999999","false","8.981886085130915","8.981886085130915","7","0.65","0","8.981886085130915","0","true"
"Specification-CenterWeightedContinuousMerits__Cost-2__Fee-British__ExitFees-AllUnilateralExits","1","19","1","D","8","15","D Offer","D Liability Signal: 4;P Files: 1;D Answers: 1;D Defaults: 2","4,1,1,2","0.061829725299999999","false","8.981886085130915","8.981886085130915","8","0.75","0","8.981886085130915","0","true"
"Specification-CenterWeightedContinuousMerits__Cost-2__Fee-British__ExitFees-AllUnilateralExits","1","19","1","D","8","15","D Offer","D Liability Signal: 4;P Files: 1;D Answers: 1;D Defaults: 2","4,1,1,2","0.061829725299999999","false","8.981886085130915","8.981886085130915","9","0.85","0","8.981886085130915","0","true"
"Specification-CenterWeightedContinuousMerits__Cost-2__Fee-British__ExitFees-AllUnilateralExits","1","19","1","D","8","15","D Offer","D Liability Signal: 4;P Files: 1;D Answers: 1;D Defaults: 2","4,1,1,2","0.061829725299999999","false","8.981886085130915","8.981886085130915","10","0.95","0","8.7500116129999999","0.23187447213091517","false"
"Specification-CenterWeightedContinuousMerits__Cost-2__Fee-British__ExitFees-AllUnilateralExits","1","20","1","D","3","10","D Answers","D Liability Signal: 5;P Files: 1","5,1","0.079907409499999998","false","8.7886198377602369","8.7886198377602369","1","Yes","1","8.7886198377602369","0","true"
"Specification-CenterWeightedContinuousMerits__Cost-2__Fee-British__ExitFees-AllUnilateralExits","1","20","1","D","3","10","D Answers","D Liability Signal: 5;P Files: 1","5,1","0.079907409499999998","false","8.7886198377602369","8.7886198377602369","2","No","0","8.6999925420000004","0.088627295760236535","false"
"Specification-CenterWeightedContinuousMerits__Cost-2__Fee-British__ExitFees-AllUnilateralExits","1","21","1","D","6","21","D Defaults","D Liability Signal: 5;P Files: 1;D Answers: 1","5,1,1","0.079907409499999998","false","8.7886198377602369","8.7886198377602369","1","Yes","0","8.4350013529999988","0.35361848476023816","false"
"Specification-CenterWeightedContinuousMerits__Cost-2__Fee-British__ExitFees-AllUnilateralExits","1","21","1","D","6","21","D Defaults","D Liability Signal: 5;P Files: 1;D Answers: 1","5,1,1","0.079907409499999998","false","8.7886198377602369","8.7886198377602369","2","No","1","8.7886198377602369","0","true"
"Specification-CenterWeightedContinuousMerits__Cost-2__Fee-British__ExitFees-AllUnilateralExits","1","22","1","D","8","15","D Offer","D Liability Signal: 5;P Files: 1;D Answers: 1;D Defaults: 1","5,1,1,1","0","true","","","1","0.05","0.10000000000000001","","",""
"Specification-CenterWeightedContinuousMerits__Cost-2__Fee-British__ExitFees-AllUnilateralExits","1","22","1","D","8","15","D Offer","D Liability Signal: 5;P Files: 1;D Answers: 1;D Defaults: 1","5,1,1,1","0","true","","","2","0.15","0.10000000000000001","","",""
"Specification-CenterWeightedContinuousMerits__Cost-2__Fee-British__ExitFees-AllUnilateralExits","1","22","1","D","8","15","D Offer","D Liability Signal: 5;P Files: 1;D Answers: 1;D Defaults: 1","5,1,1,1","0","true","","","3","0.25","0.10000000000000001","","",""
"Specification-CenterWeightedContinuousMerits__Cost-2__Fee-British__ExitFees-AllUnilateralExits","1","22","1","D","8","15","D Offer","D Liability Signal: 5;P Files: 1;D Answers: 1;D Defaults: 1","5,1,1,1","0","true","","","4","0.35","0.10000000000000001","","",""
"Specification-CenterWeightedContinuousMerits__Cost-2__Fee-British__ExitFees-AllUnilateralExits","1","22","1","D","8","15","D Offer","D Liability Signal: 5;P Files: 1;D Answers: 1;D Defaults: 1","5,1,1,1","0","true","","","5","0.45","0.10000000000000001","","",""
"Specification-CenterWeightedContinuousMerits__Cost-2__Fee-British__ExitFees-AllUnilateralExits","1","22","1","D","8","15","D Offer","D Liability Signal: 5;P Files: 1;D Answers: 1;D Defaults: 1","5,1,1,1","0","true","","","6","0.55","0.10000000000000001","","",""
"Specification-CenterWeightedContinuousMerits__Cost-2__Fee-British__ExitFees-AllUnilateralExits","1","22","1","D","8","15","D Offer","D Liability Signal: 5;P Files: 1;D Answers: 1;D Defaults: 1","5,1,1,1","0","true","","","7","0.65","0.10000000000000001","","",""
"Specification-CenterWeightedContinuousMerits__Cost-2__Fee-British__ExitFees-AllUnilateralExits","1","22","1","D","8","15","D Offer","D Liability Signal: 5;P Files: 1;D Answers: 1;D Defaults: 1","5,1,1,1","0","true","","","8","0.75","0.10000000000000001","","",""
"Specification-CenterWeightedContinuousMerits__Cost-2__Fee-British__ExitFees-AllUnilateralExits","1","22","1","D","8","15","D Offer","D Liability Signal: 5;P Files: 1;D Answers: 1;D Defaults: 1","5,1,1,1","0","true","","","9","0.85","0.10000000000000001","","",""
"Specification-CenterWeightedContinuousMerits__Cost-2__Fee-British__ExitFees-AllUnilateralExits","1","22","1","D","8","15","D Offer","D Liability Signal: 5;P Files: 1;D Answers: 1;D Defaults: 1","5,1,1,1","0","true","","","10","0.95","0.10000000000000001","","",""
"Specification-CenterWeightedContinuousMerits__Cost-2__Fee-British__ExitFees-AllUnilateralExits","1","23","1","D","8","15","D Offer","D Liability Signal: 5;P Files: 1;D Answers: 1;D Defaults: 2","5,1,1,2","0.079907409499999998","false","8.7886198377602369","8.7886198377602369","1","0.05","1","8.7886198377602369","0","true"
"Specification-CenterWeightedContinuousMerits__Cost-2__Fee-British__ExitFees-AllUnilateralExits","1","23","1","D","8","15","D Offer","D Liability Signal: 5;P Files: 1;D Answers: 1;D Defaults: 2","5,1,1,2","0.079907409499999998","false","8.7886198377602369","8.7886198377602369","2","0.15","0","8.7886198377602369","0","true"
"Specification-CenterWeightedContinuousMerits__Cost-2__Fee-British__ExitFees-AllUnilateralExits","1","23","1","D","8","15","D Offer","D Liability Signal: 5;P Files: 1;D Answers: 1;D Defaults: 2","5,1,1,2","0.079907409499999998","false","8.7886198377602369","8.7886198377602369","3","0.25","0","8.7886198377602369","0","true"
"Specification-CenterWeightedContinuousMerits__Cost-2__Fee-British__ExitFees-AllUnilateralExits","1","23","1","D","8","15","D Offer","D Liability Signal: 5;P Files: 1;D Answers: 1;D Defaults: 2","5,1,1,2","0.079907409499999998","false","8.7886198377602369","8.7886198377602369","4","0.35","0","8.7886198377602369","0","true"
"Specification-CenterWeightedContinuousMerits__Cost-2__Fee-British__ExitFees-AllUnilateralExits","1","23","1","D","8","15","D Offer","D Liability Signal: 5;P Files: 1;D Answers: 1;D Defaults: 2","5,1,1,2","0.079907409499999998","false","8.7886198377602369","8.7886198377602369","5","0.45","0","8.7886198377602369","0","true"
"Specification-CenterWeightedContinuousMerits__Cost-2__Fee-British__ExitFees-AllUnilateralExits","1","23","1","D","8","15","D Offer","D Liability Signal: 5;P Files: 1;D Answers: 1;D Defaults: 2","5,1,1,2","0.079907409499999998","false","8.7886198377602369","8.7886198377602369","6","0.55","0","8.7886198377602369","0","true"
"Specification-CenterWeightedContinuousMerits__Cost-2__Fee-British__ExitFees-AllUnilateralExits","1","23","1","D","8","15","D Offer","D Liability Signal: 5;P Files: 1;D Answers: 1;D Defaults: 2","5,1,1,2","0.079907409499999998","false","8.7886198377602369","8.7886198377602369","7","0.65","0","8.7886198377602369","0","true"
"Specification-CenterWeightedContinuousMerits__Cost-2__Fee-British__ExitFees-AllUnilateralExits","1","23","1","D","8","15","D Offer","D Liability Signal: 5;P Files: 1;D Answers: 1;D Defaults: 2","5,1,1,2","0.079907409499999998","false","8.7886198377602369","8.7886198377602369","8","0.75","0","8.7886198377602369","0","true"
"Specification-CenterWeightedContinuousMerits__Cost-2__Fee-British__ExitFees-AllUnilateralExits","1","23","1","D","8","15","D Offer","D Liability Signal: 5;P Files: 1;D Answers: 1;D Defaults: 2","5,1,1,2","0.079907409499999998","false","8.7886198377602369","8.7886198377602369","9","0.85","0","8.7886198377602369","0","true"
"Specification-CenterWeightedContinuousMerits__Cost-2__Fee-British__ExitFees-AllUnilateralExits","1","23","1","D","8","15","D Offer","D Liability Signal: 5;P Files: 1;D Answers: 1;D Defaults: 2","5,1,1,2","0.079907409499999998","false","8.7886198377602369","8.7886198377602369","10","0.95","0","8.7500116129999999","0.038608224760237064","false"
"Specification-CenterWeightedContinuousMerits__Cost-2__Fee-British__ExitFees-AllUnilateralExits","1","24","1","D","3","10","D Answers","D Liability Signal: 6;P Files: 1","6,1","0.092916224499999991","false","8.7500116129999999","8.7500116129999999","1","Yes","1","8.7500116129999999","0","true"
"Specification-CenterWeightedContinuousMerits__Cost-2__Fee-British__ExitFees-AllUnilateralExits","1","24","1","D","3","10","D Answers","D Liability Signal: 6;P Files: 1","6,1","0.092916224499999991","false","8.7500116129999999","8.7500116129999999","2","No","0","8.6999925420000004","0.050019070999999471","false"
"Specification-CenterWeightedContinuousMerits__Cost-2__Fee-British__ExitFees-AllUnilateralExits","1","25","1","D","6","21","D Defaults","D Liability Signal: 6;P Files: 1;D Answers: 1","6,1,1","0.092916224499999991","false","8.7500116129999999","8.7500116129999999","1","Yes","0","8.4350013529999988","0.3150102600000011","false"
"Specification-CenterWeightedContinuousMerits__Cost-2__Fee-British__ExitFees-AllUnilateralExits","1","25","1","D","6","21","D Defaults","D Liability Signal: 6;P Files: 1;D Answers: 1","6,1,1","0.092916224499999991","false","8.7500116129999999","8.7500116129999999","2","No","1","8.7500116129999999","0","true"
"Specification-CenterWeightedContinuousMerits__Cost-2__Fee-British__ExitFees-AllUnilateralExits","1","26","1","D","8","15","D Offer","D Liability Signal: 6;P Files: 1;D Answers: 1;D Defaults: 1","6,1,1,1","0","true","","","1","0.05","0.10000000000000001","","",""
"Specification-CenterWeightedContinuousMerits__Cost-2__Fee-British__ExitFees-AllUnilateralExits","1","26","1","D","8","15","D Offer","D Liability Signal: 6;P Files: 1;D Answers: 1;D Defaults: 1","6,1,1,1","0","true","","","2","0.15","0.10000000000000001","","",""
"Specification-CenterWeightedContinuousMerits__Cost-2__Fee-British__ExitFees-AllUnilateralExits","1","26","1","D","8","15","D Offer","D Liability Signal: 6;P Files: 1;D Answers: 1;D Defaults: 1","6,1,1,1","0","true","","","3","0.25","0.10000000000000001","","",""
"Specification-CenterWeightedContinuousMerits__Cost-2__Fee-British__ExitFees-AllUnilateralExits","1","26","1","D","8","15","D Offer","D Liability Signal: 6;P Files: 1;D Answers: 1;D Defaults: 1","6,1,1,1","0","true","","","4","0.35","0.10000000000000001","","",""
"Specification-CenterWeightedContinuousMerits__Cost-2__Fee-British__ExitFees-AllUnilateralExits","1","26","1","D","8","15","D Offer","D Liability Signal: 6;P Files: 1;D Answers: 1;D Defaults: 1","6,1,1,1","0","true","","","5","0.45","0.10000000000000001","","",""
"Specification-CenterWeightedContinuousMerits__Cost-2__Fee-British__ExitFees-AllUnilateralExits","1","26","1","D","8","15","D Offer","D Liability Signal: 6;P Files: 1;D Answers: 1;D Defaults: 1","6,1,1,1","0","true","","","6","0.55","0.10000000000000001","","",""
"Specification-CenterWeightedContinuousMerits__Cost-2__Fee-British__ExitFees-AllUnilateralExits","1","26","1","D","8","15","D Offer","D Liability Signal: 6;P Files: 1;D Answers: 1;D Defaults: 1","6,1,1,1","0","true","","","7","0.65","0.10000000000000001","","",""
"Specification-CenterWeightedContinuousMerits__Cost-2__Fee-British__ExitFees-AllUnilateralExits","1","26","1","D","8","15","D Offer","D Liability Signal: 6;P Files: 1;D Answers: 1;D Defaults: 1","6,1,1,1","0","true","","","8","0.75","0.10000000000000001","","",""
"Specification-CenterWeightedContinuousMerits__Cost-2__Fee-British__ExitFees-AllUnilateralExits","1","26","1","D","8","15","D Offer","D Liability Signal: 6;P Files: 1;D Answers: 1;D Defaults: 1","6,1,1,1","0","true","","","9","0.85","0.10000000000000001","","",""
"Specification-CenterWeightedContinuousMerits__Cost-2__Fee-British__ExitFees-AllUnilateralExits","1","26","1","D","8","15","D Offer","D Liability Signal: 6;P Files: 1;D Answers: 1;D Defaults: 1","6,1,1,1","0","true","","","10","0.95","0.10000000000000001","","",""
"Specification-CenterWeightedContinuousMerits__Cost-2__Fee-British__ExitFees-AllUnilateralExits","1","27","1","D","8","15","D Offer","D Liability Signal: 6;P Files: 1;D Answers: 1;D Defaults: 2","6,1,1,2","0.092916224499999991","false","8.7500116129999999","8.7500116129999999","1","0.05","0","8.6004206863885866","0.14959092661141327","false"
"Specification-CenterWeightedContinuousMerits__Cost-2__Fee-British__ExitFees-AllUnilateralExits","1","27","1","D","8","15","D Offer","D Liability Signal: 6;P Files: 1;D Answers: 1;D Defaults: 2","6,1,1,2","0.092916224499999991","false","8.7500116129999999","8.7500116129999999","2","0.15","0","8.6004206863885866","0.14959092661141327","false"
"Specification-CenterWeightedContinuousMerits__Cost-2__Fee-British__ExitFees-AllUnilateralExits","1","27","1","D","8","15","D Offer","D Liability Signal: 6;P Files: 1;D Answers: 1;D Defaults: 2","6,1,1,2","0.092916224499999991","false","8.7500116129999999","8.7500116129999999","3","0.25","0","8.6004206863885866","0.14959092661141327","false"
"Specification-CenterWeightedContinuousMerits__Cost-2__Fee-British__ExitFees-AllUnilateralExits","1","27","1","D","8","15","D Offer","D Liability Signal: 6;P Files: 1;D Answers: 1;D Defaults: 2","6,1,1,2","0.092916224499999991","false","8.7500116129999999","8.7500116129999999","4","0.35","0","8.6004206863885866","0.14959092661141327","false"
"Specification-CenterWeightedContinuousMerits__Cost-2__Fee-British__ExitFees-AllUnilateralExits","1","27","1","D","8","15","D Offer","D Liability Signal: 6;P Files: 1;D Answers: 1;D Defaults: 2","6,1,1,2","0.092916224499999991","false","8.7500116129999999","8.7500116129999999","5","0.45","0","8.6004206863885866","0.14959092661141327","false"
"Specification-CenterWeightedContinuousMerits__Cost-2__Fee-British__ExitFees-AllUnilateralExits","1","27","1","D","8","15","D Offer","D Liability Signal: 6;P Files: 1;D Answers: 1;D Defaults: 2","6,1,1,2","0.092916224499999991","false","8.7500116129999999","8.7500116129999999","6","0.55","0","8.6004206863885866","0.14959092661141327","false"
"Specification-CenterWeightedContinuousMerits__Cost-2__Fee-British__ExitFees-AllUnilateralExits","1","27","1","D","8","15","D Offer","D Liability Signal: 6;P Files: 1;D Answers: 1;D Defaults: 2","6,1,1,2","0.092916224499999991","false","8.7500116129999999","8.7500116129999999","7","0.65","0","8.6004206863885866","0.14959092661141327","false"
"Specification-CenterWeightedContinuousMerits__Cost-2__Fee-British__ExitFees-AllUnilateralExits","1","27","1","D","8","15","D Offer","D Liability Signal: 6;P Files: 1;D Answers: 1;D Defaults: 2","6,1,1,2","0.092916224499999991","false","8.7500116129999999","8.7500116129999999","8","0.75","0","8.6004206863885866","0.14959092661141327","false"
"Specification-CenterWeightedContinuousMerits__Cost-2__Fee-British__ExitFees-AllUnilateralExits","1","27","1","D","8","15","D Offer","D Liability Signal: 6;P Files: 1;D Answers: 1;D Defaults: 2","6,1,1,2","0.092916224499999991","false","8.7500116129999999","8.7500116129999999","9","0.85","0","8.6004206863885866","0.14959092661141327","false"
"Specification-CenterWeightedContinuousMerits__Cost-2__Fee-British__ExitFees-AllUnilateralExits","1","27","1","D","8","15","D Offer","D Liability Signal: 6;P Files: 1;D Answers: 1;D Defaults: 2","6,1,1,2","0.092916224499999991","false","8.7500116129999999","8.7500116129999999","10","0.95","1","8.7500116129999999","0","true"
"Specification-CenterWeightedContinuousMerits__Cost-2__Fee-British__ExitFees-AllUnilateralExits","1","28","1","D","3","10","D Answers","D Liability Signal: 7;P Files: 1","7,1","0.096976736499999994","false","8.7500116129999999","8.7500116129999999","1","Yes","1","8.7500116129999999","0","true"
"Specification-CenterWeightedContinuousMerits__Cost-2__Fee-British__ExitFees-AllUnilateralExits","1","28","1","D","3","10","D Answers","D Liability Signal: 7;P Files: 1","7,1","0.096976736499999994","false","8.7500116129999999","8.7500116129999999","2","No","0","8.6999925420000004","0.050019070999999471","false"
"Specification-CenterWeightedContinuousMerits__Cost-2__Fee-British__ExitFees-AllUnilateralExits","1","29","1","D","6","21","D Defaults","D Liability Signal: 7;P Files: 1;D Answers: 1","7,1,1","0.096976736499999994","false","8.7500116129999999","8.7500116129999999","1","Yes","0","8.4350013529999988","0.3150102600000011","false"
"Specification-CenterWeightedContinuousMerits__Cost-2__Fee-British__ExitFees-AllUnilateralExits","1","29","1","D","6","21","D Defaults","D Liability Signal: 7;P Files: 1;D Answers: 1","7,1,1","0.096976736499999994","false","8.7500116129999999","8.7500116129999999","2","No","1","8.7500116129999999","0","true"
"Specification-CenterWeightedContinuousMerits__Cost-2__Fee-British__ExitFees-AllUnilateralExits","1","30","1","D","8","15","D Offer","D Liability Signal: 7;P Files: 1;D Answers: 1;D Defaults: 1","7,1,1,1","0","true","","","1","0.05","0.10000000000000001","","",""
"Specification-CenterWeightedContinuousMerits__Cost-2__Fee-British__ExitFees-AllUnilateralExits","1","30","1","D","8","15","D Offer","D Liability Signal: 7;P Files: 1;D Answers: 1;D Defaults: 1","7,1,1,1","0","true","","","2","0.15","0.10000000000000001","","",""
"Specification-CenterWeightedContinuousMerits__Cost-2__Fee-British__ExitFees-AllUnilateralExits","1","30","1","D","8","15","D Offer","D Liability Signal: 7;P Files: 1;D Answers: 1;D Defaults: 1","7,1,1,1","0","true","","","3","0.25","0.10000000000000001","","",""
"Specification-CenterWeightedContinuousMerits__Cost-2__Fee-British__ExitFees-AllUnilateralExits","1","30","1","D","8","15","D Offer","D Liability Signal: 7;P Files: 1;D Answers: 1;D Defaults: 1","7,1,1,1","0","true","","","4","0.35","0.10000000000000001","","",""
"Specification-CenterWeightedContinuousMerits__Cost-2__Fee-British__ExitFees-AllUnilateralExits","1","30","1","D","8","15","D Offer","D Liability Signal: 7;P Files: 1;D Answers: 1;D Defaults: 1","7,1,1,1","0","true","","","5","0.45","0.10000000000000001","","",""
"Specification-CenterWeightedContinuousMerits__Cost-2__Fee-British__ExitFees-AllUnilateralExits","1","30","1","D","8","15","D Offer","D Liability Signal: 7;P Files: 1;D Answers: 1;D Defaults: 1","7,1,1,1","0","true","","","6","0.55","0.10000000000000001","","",""
"Specification-CenterWeightedContinuousMerits__Cost-2__Fee-British__ExitFees-AllUnilateralExits","1","30","1","D","8","15","D Offer","D Liability Signal: 7;P Files: 1;D Answers: 1;D Defaults: 1","7,1,1,1","0","true","","","7","0.65","0.10000000000000001","","",""
"Specification-CenterWeightedContinuousMerits__Cost-2__Fee-British__ExitFees-AllUnilateralExits","1","30","1","D","8","15","D Offer","D Liability Signal: 7;P Files: 1;D Answers: 1;D Defaults: 1","7,1,1,1","0","true","","","8","0.75","0.10000000000000001","","",""
"Specification-CenterWeightedContinuousMerits__Cost-2__Fee-British__ExitFees-AllUnilateralExits","1","30","1","D","8","15","D Offer","D Liability Signal: 7;P Files: 1;D Answers: 1;D Defaults: 1","7,1,1,1","0","true","","","9","0.85","0.10000000000000001","","",""
"Specification-CenterWeightedContinuousMerits__Cost-2__Fee-British__ExitFees-AllUnilateralExits","1","30","1","D","8","15","D Offer","D Liability Signal: 7;P Files: 1;D Answers: 1;D Defaults: 1","7,1,1,1","0","true","","","10","0.95","0.10000000000000001","","",""
"Specification-CenterWeightedContinuousMerits__Cost-2__Fee-British__ExitFees-AllUnilateralExits","1","31","1","D","8","15","D Offer","D Liability Signal: 7;P Files: 1;D Answers: 1;D Defaults: 2","7,1,1,2","0.096976736499999994","false","8.7500116129999999","8.7500116129999999","1","0.05","0","8.4292052196288889","0.32080639337111094","false"
"Specification-CenterWeightedContinuousMerits__Cost-2__Fee-British__ExitFees-AllUnilateralExits","1","31","1","D","8","15","D Offer","D Liability Signal: 7;P Files: 1;D Answers: 1;D Defaults: 2","7,1,1,2","0.096976736499999994","false","8.7500116129999999","8.7500116129999999","2","0.15","0","8.4292052196288889","0.32080639337111094","false"
"Specification-CenterWeightedContinuousMerits__Cost-2__Fee-British__ExitFees-AllUnilateralExits","1","31","1","D","8","15","D Offer","D Liability Signal: 7;P Files: 1;D Answers: 1;D Defaults: 2","7,1,1,2","0.096976736499999994","false","8.7500116129999999","8.7500116129999999","3","0.25","0","8.4292052196288889","0.32080639337111094","false"
"Specification-CenterWeightedContinuousMerits__Cost-2__Fee-British__ExitFees-AllUnilateralExits","1","31","1","D","8","15","D Offer","D Liability Signal: 7;P Files: 1;D Answers: 1;D Defaults: 2","7,1,1,2","0.096976736499999994","false","8.7500116129999999","8.7500116129999999","4","0.35","0","8.4292052196288889","0.32080639337111094","false"
"Specification-CenterWeightedContinuousMerits__Cost-2__Fee-British__ExitFees-AllUnilateralExits","1","31","1","D","8","15","D Offer","D Liability Signal: 7;P Files: 1;D Answers: 1;D Defaults: 2","7,1,1,2","0.096976736499999994","false","8.7500116129999999","8.7500116129999999","5","0.45","0","8.4292052196288889","0.32080639337111094","false"
"Specification-CenterWeightedContinuousMerits__Cost-2__Fee-British__ExitFees-AllUnilateralExits","1","31","1","D","8","15","D Offer","D Liability Signal: 7;P Files: 1;D Answers: 1;D Defaults: 2","7,1,1,2","0.096976736499999994","false","8.7500116129999999","8.7500116129999999","6","0.55","0","8.4292052196288889","0.32080639337111094","false"
"Specification-CenterWeightedContinuousMerits__Cost-2__Fee-British__ExitFees-AllUnilateralExits","1","31","1","D","8","15","D Offer","D Liability Signal: 7;P Files: 1;D Answers: 1;D Defaults: 2","7,1,1,2","0.096976736499999994","false","8.7500116129999999","8.7500116129999999","7","0.65","0","8.4292052196288889","0.32080639337111094","false"
"Specification-CenterWeightedContinuousMerits__Cost-2__Fee-British__ExitFees-AllUnilateralExits","1","31","1","D","8","15","D Offer","D Liability Signal: 7;P Files: 1;D Answers: 1;D Defaults: 2","7,1,1,2","0.096976736499999994","false","8.7500116129999999","8.7500116129999999","8","0.75","0","8.4292052196288889","0.32080639337111094","false"
"Specification-CenterWeightedContinuousMerits__Cost-2__Fee-British__ExitFees-AllUnilateralExits","1","31","1","D","8","15","D Offer","D Liability Signal: 7;P Files: 1;D Answers: 1;D Defaults: 2","7,1,1,2","0.096976736499999994","false","8.7500116129999999","8.7500116129999999","9","0.85","0","8.4292052196288889","0.32080639337111094","false"
"Specification-CenterWeightedContinuousMerits__Cost-2__Fee-British__ExitFees-AllUnilateralExits","1","31","1","D","8","15","D Offer","D Liability Signal: 7;P Files: 1;D Answers: 1;D Defaults: 2","7,1,1,2","0.096976736499999994","false","8.7500116129999999","8.7500116129999999","10","0.95","1","8.7500116129999999","0","true"
"Specification-CenterWeightedContinuousMerits__Cost-2__Fee-British__ExitFees-AllUnilateralExits","1","32","1","D","3","10","D Answers","D Liability Signal: 8;P Files: 1","8,1","0.090191781400000004","false","8.7500116129999999","8.7500116129999999","1","Yes","1","8.7500116129999999","0","true"
"Specification-CenterWeightedContinuousMerits__Cost-2__Fee-British__ExitFees-AllUnilateralExits","1","32","1","D","3","10","D Answers","D Liability Signal: 8;P Files: 1","8,1","0.090191781400000004","false","8.7500116129999999","8.7500116129999999","2","No","0","8.6999925420000004","0.050019070999999471","false"
"Specification-CenterWeightedContinuousMerits__Cost-2__Fee-British__ExitFees-AllUnilateralExits","1","33","1","D","6","21","D Defaults","D Liability Signal: 8;P Files: 1;D Answers: 1","8,1,1","0.090191781400000004","false","8.7500116129999999","8.7500116129999999","1","Yes","0","8.435001352999997","0.31501026000000287","false"
"Specification-CenterWeightedContinuousMerits__Cost-2__Fee-British__ExitFees-AllUnilateralExits","1","33","1","D","6","21","D Defaults","D Liability Signal: 8;P Files: 1;D Answers: 1","8,1,1","0.090191781400000004","false","8.7500116129999999","8.7500116129999999","2","No","1","8.7500116129999999","0","true"
"Specification-CenterWeightedContinuousMerits__Cost-2__Fee-British__ExitFees-AllUnilateralExits","1","34","1","D","8","15","D Offer","D Liability Signal: 8;P Files: 1;D Answers: 1;D Defaults: 1","8,1,1,1","0","true","","","1","0.05","0.10000000000000001","","",""
"Specification-CenterWeightedContinuousMerits__Cost-2__Fee-British__ExitFees-AllUnilateralExits","1","34","1","D","8","15","D Offer","D Liability Signal: 8;P Files: 1;D Answers: 1;D Defaults: 1","8,1,1,1","0","true","","","2","0.15","0.10000000000000001","","",""
"Specification-CenterWeightedContinuousMerits__Cost-2__Fee-British__ExitFees-AllUnilateralExits","1","34","1","D","8","15","D Offer","D Liability Signal: 8;P Files: 1;D Answers: 1;D Defaults: 1","8,1,1,1","0","true","","","3","0.25","0.10000000000000001","","",""
"Specification-CenterWeightedContinuousMerits__Cost-2__Fee-British__ExitFees-AllUnilateralExits","1","34","1","D","8","15","D Offer","D Liability Signal: 8;P Files: 1;D Answers: 1;D Defaults: 1","8,1,1,1","0","true","","","4","0.35","0.10000000000000001","","",""
"Specification-CenterWeightedContinuousMerits__Cost-2__Fee-British__ExitFees-AllUnilateralExits","1","34","1","D","8","15","D Offer","D Liability Signal: 8;P Files: 1;D Answers: 1;D Defaults: 1","8,1,1,1","0","true","","","5","0.45","0.10000000000000001","","",""
"Specification-CenterWeightedContinuousMerits__Cost-2__Fee-British__ExitFees-AllUnilateralExits","1","34","1","D","8","15","D Offer","D Liability Signal: 8;P Files: 1;D Answers: 1;D Defaults: 1","8,1,1,1","0","true","","","6","0.55","0.10000000000000001","","",""
"Specification-CenterWeightedContinuousMerits__Cost-2__Fee-British__ExitFees-AllUnilateralExits","1","34","1","D","8","15","D Offer","D Liability Signal: 8;P Files: 1;D Answers: 1;D Defaults: 1","8,1,1,1","0","true","","","7","0.65","0.10000000000000001","","",""
"Specification-CenterWeightedContinuousMerits__Cost-2__Fee-British__ExitFees-AllUnilateralExits","1","34","1","D","8","15","D Offer","D Liability Signal: 8;P Files: 1;D Answers: 1;D Defaults: 1","8,1,1,1","0","true","","","8","0.75","0.10000000000000001","","",""
"Specification-CenterWeightedContinuousMerits__Cost-2__Fee-British__ExitFees-AllUnilateralExits","1","34","1","D","8","15","D Offer","D Liability Signal: 8;P Files: 1;D Answers: 1;D Defaults: 1","8,1,1,1","0","true","","","9","0.85","0.10000000000000001","","",""
"Specification-CenterWeightedContinuousMerits__Cost-2__Fee-British__ExitFees-AllUnilateralExits","1","34","1","D","8","15","D Offer","D Liability Signal: 8;P Files: 1;D Answers: 1;D Defaults: 1","8,1,1,1","0","true","","","10","0.95","0.10000000000000001","","",""
"Specification-CenterWeightedContinuousMerits__Cost-2__Fee-British__ExitFees-AllUnilateralExits","1","35","1","D","8","15","D Offer","D Liability Signal: 8;P Files: 1;D Answers: 1;D Defaults: 2","8,1,1,2","0.090191781400000004","false","8.7500116129999999","8.7500116129999999","1","0.05","0","8.2836967281542648","0.46631488484573502","false"
"Specification-CenterWeightedContinuousMerits__Cost-2__Fee-British__ExitFees-AllUnilateralExits","1","35","1","D","8","15","D Offer","D Liability Signal: 8;P Files: 1;D Answers: 1;D Defaults: 2","8,1,1,2","0.090191781400000004","false","8.7500116129999999","8.7500116129999999","2","0.15","0","8.2836967281542648","0.46631488484573502","false"
"Specification-CenterWeightedContinuousMerits__Cost-2__Fee-British__ExitFees-AllUnilateralExits","1","35","1","D","8","15","D Offer","D Liability Signal: 8;P Files: 1;D Answers: 1;D Defaults: 2","8,1,1,2","0.090191781400000004","false","8.7500116129999999","8.7500116129999999","3","0.25","0","8.2836967281542648","0.46631488484573502","false"
"Specification-CenterWeightedContinuousMerits__Cost-2__Fee-British__ExitFees-AllUnilateralExits","1","35","1","D","8","15","D Offer","D Liability Signal: 8;P Files: 1;D Answers: 1;D Defaults: 2","8,1,1,2","0.090191781400000004","false","8.7500116129999999","8.7500116129999999","4","0.35","0","8.2836967281542648","0.46631488484573502","false"
"Specification-CenterWeightedContinuousMerits__Cost-2__Fee-British__ExitFees-AllUnilateralExits","1","35","1","D","8","15","D Offer","D Liability Signal: 8;P Files: 1;D Answers: 1;D Defaults: 2","8,1,1,2","0.090191781400000004","false","8.7500116129999999","8.7500116129999999","5","0.45","0","8.2836967281542648","0.46631488484573502","false"
"Specification-CenterWeightedContinuousMerits__Cost-2__Fee-British__ExitFees-AllUnilateralExits","1","35","1","D","8","15","D Offer","D Liability Signal: 8;P Files: 1;D Answers: 1;D Defaults: 2","8,1,1,2","0.090191781400000004","false","8.7500116129999999","8.7500116129999999","6","0.55","0","8.2836967281542648","0.46631488484573502","false"
"Specification-CenterWeightedContinuousMerits__Cost-2__Fee-British__ExitFees-AllUnilateralExits","1","35","1","D","8","15","D Offer","D Liability Signal: 8;P Files: 1;D Answers: 1;D Defaults: 2","8,1,1,2","0.090191781400000004","false","8.7500116129999999","8.7500116129999999","7","0.65","0","8.2836967281542648","0.46631488484573502","false"
"Specification-CenterWeightedContinuousMerits__Cost-2__Fee-British__ExitFees-AllUnilateralExits","1","35","1","D","8","15","D Offer","D Liability Signal: 8;P Files: 1;D Answers: 1;D Defaults: 2","8,1,1,2","0.090191781400000004","false","8.7500116129999999","8.7500116129999999","8","0.75","0","8.2836967281542648","0.46631488484573502","false"
"Specification-CenterWeightedContinuousMerits__Cost-2__Fee-British__ExitFees-AllUnilateralExits","1","35","1","D","8","15","D Offer","D Liability Signal: 8;P Files: 1;D Answers: 1;D Defaults: 2","8,1,1,2","0.090191781400000004","false","8.7500116129999999","8.7500116129999999","9","0.85","0","8.2836967281542648","0.46631488484573502","false"
"Specification-CenterWeightedContinuousMerits__Cost-2__Fee-British__ExitFees-AllUnilateralExits","1","35","1","D","8","15","D Offer","D Liability Signal: 8;P Files: 1;D Answers: 1;D Defaults: 2","8,1,1,2","0.090191781400000004","false","8.7500116129999999","8.7500116129999999","10","0.95","1","8.7500116129999999","0","true"
"Specification-CenterWeightedContinuousMerits__Cost-2__Fee-British__ExitFees-AllUnilateralExits","1","36","1","D","3","10","D Answers","D Liability Signal: 9;P Files: 1","9,1","0.073871625800000007","false","8.7500116129999999","8.7500116129999999","1","Yes","1","8.7500116129999999","0","true"
"Specification-CenterWeightedContinuousMerits__Cost-2__Fee-British__ExitFees-AllUnilateralExits","1","36","1","D","3","10","D Answers","D Liability Signal: 9;P Files: 1","9,1","0.073871625800000007","false","8.7500116129999999","8.7500116129999999","2","No","0","8.6999925419999986","0.050019071000001247","false"
"Specification-CenterWeightedContinuousMerits__Cost-2__Fee-British__ExitFees-AllUnilateralExits","1","37","1","D","6","21","D Defaults","D Liability Signal: 9;P Files: 1;D Answers: 1","9,1,1","0.073871625800000007","false","8.7500116129999999","8.7500116129999999","1","Yes","0","8.4350013529999988","0.3150102600000011","false"
"Specification-CenterWeightedContinuousMerits__Cost-2__Fee-British__ExitFees-AllUnilateralExits","1","37","1","D","6","21","D Defaults","D Liability Signal: 9;P Files: 1;D Answers: 1","9,1,1","0.073871625800000007","false","8.7500116129999999","8.7500116129999999","2","No","1","8.7500116129999999","0","true"
"Specification-CenterWeightedContinuousMerits__Cost-2__Fee-British__ExitFees-AllUnilateralExits","1","38","1","D","8","15","D Offer","D Liability Signal: 9;P Files: 1;D Answers: 1;D Defaults: 1","9,1,1,1","0","true","","","1","0.05","0.10000000000000001","","",""
"Specification-CenterWeightedContinuousMerits__Cost-2__Fee-British__ExitFees-AllUnilateralExits","1","38","1","D","8","15","D Offer","D Liability Signal: 9;P Files: 1;D Answers: 1;D Defaults: 1","9,1,1,1","0","true","","","2","0.15","0.10000000000000001","","",""
"Specification-CenterWeightedContinuousMerits__Cost-2__Fee-British__ExitFees-AllUnilateralExits","1","38","1","D","8","15","D Offer","D Liability Signal: 9;P Files: 1;D Answers: 1;D Defaults: 1","9,1,1,1","0","true","","","3","0.25","0.10000000000000001","","",""
"Specification-CenterWeightedContinuousMerits__Cost-2__Fee-British__ExitFees-AllUnilateralExits","1","38","1","D","8","15","D Offer","D Liability Signal: 9;P Files: 1;D Answers: 1;D Defaults: 1","9,1,1,1","0","true","","","4","0.35","0.10000000000000001","","",""
"Specification-CenterWeightedContinuousMerits__Cost-2__Fee-British__ExitFees-AllUnilateralExits","1","38","1","D","8","15","D Offer","D Liability Signal: 9;P Files: 1;D Answers: 1;D Defaults: 1","9,1,1,1","0","true","","","5","0.45","0.10000000000000001","","",""
"Specification-CenterWeightedContinuousMerits__Cost-2__Fee-British__ExitFees-AllUnilateralExits","1","38","1","D","8","15","D Offer","D Liability Signal: 9;P Files: 1;D Answers: 1;D Defaults: 1","9,1,1,1","0","true","","","6","0.55","0.10000000000000001","","",""
"Specification-CenterWeightedContinuousMerits__Cost-2__Fee-British__ExitFees-AllUnilateralExits","1","38","1","D","8","15","D Offer","D Liability Signal: 9;P Files: 1;D Answers: 1;D Defaults: 1","9,1,1,1","0","true","","","7","0.65","0.10000000000000001","","",""
"Specification-CenterWeightedContinuousMerits__Cost-2__Fee-British__ExitFees-AllUnilateralExits","1","38","1","D","8","15","D Offer","D Liability Signal: 9;P Files: 1;D Answers: 1;D Defaults: 1","9,1,1,1","0","true","","","8","0.75","0.10000000000000001","","",""
"Specification-CenterWeightedContinuousMerits__Cost-2__Fee-British__ExitFees-AllUnilateralExits","1","38","1","D","8","15","D Offer","D Liability Signal: 9;P Files: 1;D Answers: 1;D Defaults: 1","9,1,1,1","0","true","","","9","0.85","0.10000000000000001","","",""
"Specification-CenterWeightedContinuousMerits__Cost-2__Fee-British__ExitFees-AllUnilateralExits","1","38","1","D","8","15","D Offer","D Liability Signal: 9;P Files: 1;D Answers: 1;D Defaults: 1","9,1,1,1","0","true","","","10","0.95","0.10000000000000001","","",""
"Specification-CenterWeightedContinuousMerits__Cost-2__Fee-British__ExitFees-AllUnilateralExits","1","39","1","D","8","15","D Offer","D Liability Signal: 9;P Files: 1;D Answers: 1;D Defaults: 2","9,1,1,2","0.073871625800000007","false","8.7500116129999999","8.7500116129999999","1","0.05","0","8.1675838391548421","0.58242777384515776","false"
"Specification-CenterWeightedContinuousMerits__Cost-2__Fee-British__ExitFees-AllUnilateralExits","1","39","1","D","8","15","D Offer","D Liability Signal: 9;P Files: 1;D Answers: 1;D Defaults: 2","9,1,1,2","0.073871625800000007","false","8.7500116129999999","8.7500116129999999","2","0.15","0","8.1675838391548421","0.58242777384515776","false"
"Specification-CenterWeightedContinuousMerits__Cost-2__Fee-British__ExitFees-AllUnilateralExits","1","39","1","D","8","15","D Offer","D Liability Signal: 9;P Files: 1;D Answers: 1;D Defaults: 2","9,1,1,2","0.073871625800000007","false","8.7500116129999999","8.7500116129999999","3","0.25","0","8.1675838391548421","0.58242777384515776","false"
"Specification-CenterWeightedContinuousMerits__Cost-2__Fee-British__ExitFees-AllUnilateralExits","1","39","1","D","8","15","D Offer","D Liability Signal: 9;P Files: 1;D Answers: 1;D Defaults: 2","9,1,1,2","0.073871625800000007","false","8.7500116129999999","8.7500116129999999","4","0.35","0","8.1675838391548421","0.58242777384515776","false"
"Specification-CenterWeightedContinuousMerits__Cost-2__Fee-British__ExitFees-AllUnilateralExits","1","39","1","D","8","15","D Offer","D Liability Signal: 9;P Files: 1;D Answers: 1;D Defaults: 2","9,1,1,2","0.073871625800000007","false","8.7500116129999999","8.7500116129999999","5","0.45","0","8.1675838391548421","0.58242777384515776","false"
"Specification-CenterWeightedContinuousMerits__Cost-2__Fee-British__ExitFees-AllUnilateralExits","1","39","1","D","8","15","D Offer","D Liability Signal: 9;P Files: 1;D Answers: 1;D Defaults: 2","9,1,1,2","0.073871625800000007","false","8.7500116129999999","8.7500116129999999","6","0.55","0","8.1675838391548421","0.58242777384515776","false"
"Specification-CenterWeightedContinuousMerits__Cost-2__Fee-British__ExitFees-AllUnilateralExits","1","39","1","D","8","15","D Offer","D Liability Signal: 9;P Files: 1;D Answers: 1;D Defaults: 2","9,1,1,2","0.073871625800000007","false","8.7500116129999999","8.7500116129999999","7","0.65","0","8.1675838391548421","0.58242777384515776","false"
"Specification-CenterWeightedContinuousMerits__Cost-2__Fee-British__ExitFees-AllUnilateralExits","1","39","1","D","8","15","D Offer","D Liability Signal: 9;P Files: 1;D Answers: 1;D Defaults: 2","9,1,1,2","0.073871625800000007","false","8.7500116129999999","8.7500116129999999","8","0.75","0","8.1675838391548421","0.58242777384515776","false"
"Specification-CenterWeightedContinuousMerits__Cost-2__Fee-British__ExitFees-AllUnilateralExits","1","39","1","D","8","15","D Offer","D Liability Signal: 9;P Files: 1;D Answers: 1;D Defaults: 2","9,1,1,2","0.073871625800000007","false","8.7500116129999999","8.7500116129999999","9","0.85","0","8.1675838391548421","0.58242777384515776","false"
"Specification-CenterWeightedContinuousMerits__Cost-2__Fee-British__ExitFees-AllUnilateralExits","1","39","1","D","8","15","D Offer","D Liability Signal: 9;P Files: 1;D Answers: 1;D Defaults: 2","9,1,1,2","0.073871625800000007","false","8.7500116129999999","8.7500116129999999","10","0.95","1","8.7500116129999999","0","true"
"Specification-CenterWeightedContinuousMerits__Cost-2__Fee-British__ExitFees-AllUnilateralExits","1","40","1","D","3","10","D Answers","D Liability Signal: 10;P Files: 1","10,1","0.052503688800000003","false","8.7500116129999981","8.7500116129999981","1","Yes","1","8.7500116129999981","0","true"
"Specification-CenterWeightedContinuousMerits__Cost-2__Fee-British__ExitFees-AllUnilateralExits","1","40","1","D","3","10","D Answers","D Liability Signal: 10;P Files: 1","10,1","0.052503688800000003","false","8.7500116129999981","8.7500116129999981","2","No","0","8.6999925420000004","0.050019070999997695","false"
"Specification-CenterWeightedContinuousMerits__Cost-2__Fee-British__ExitFees-AllUnilateralExits","1","41","1","D","6","21","D Defaults","D Liability Signal: 10;P Files: 1;D Answers: 1","10,1,1","0.052503688800000003","false","8.7500116129999981","8.7500116129999981","1","Yes","0","8.435001352999997","0.3150102600000011","false"
"Specification-CenterWeightedContinuousMerits__Cost-2__Fee-British__ExitFees-AllUnilateralExits","1","41","1","D","6","21","D Defaults","D Liability Signal: 10;P Files: 1;D Answers: 1","10,1,1","0.052503688800000003","false","8.7500116129999981","8.7500116129999981","2","No","1","8.7500116129999981","0","true"
"Specification-CenterWeightedContinuousMerits__Cost-2__Fee-British__ExitFees-AllUnilateralExits","1","42","1","D","8","15","D Offer","D Liability Signal: 10;P Files: 1;D Answers: 1;D Defaults: 1","10,1,1,1","0","true","","","1","0.05","0.10000000000000001","","",""
"Specification-CenterWeightedContinuousMerits__Cost-2__Fee-British__ExitFees-AllUnilateralExits","1","42","1","D","8","15","D Offer","D Liability Signal: 10;P Files: 1;D Answers: 1;D Defaults: 1","10,1,1,1","0","true","","","2","0.15","0.10000000000000001","","",""
"Specification-CenterWeightedContinuousMerits__Cost-2__Fee-British__ExitFees-AllUnilateralExits","1","42","1","D","8","15","D Offer","D Liability Signal: 10;P Files: 1;D Answers: 1;D Defaults: 1","10,1,1,1","0","true","","","3","0.25","0.10000000000000001","","",""
"Specification-CenterWeightedContinuousMerits__Cost-2__Fee-British__ExitFees-AllUnilateralExits","1","42","1","D","8","15","D Offer","D Liability Signal: 10;P Files: 1;D Answers: 1;D Defaults: 1","10,1,1,1","0","true","","","4","0.35","0.10000000000000001","","",""
"Specification-CenterWeightedContinuousMerits__Cost-2__Fee-British__ExitFees-AllUnilateralExits","1","42","1","D","8","15","D Offer","D Liability Signal: 10;P Files: 1;D Answers: 1;D Defaults: 1","10,1,1,1","0","true","","","5","0.45","0.10000000000000001","","",""
"Specification-CenterWeightedContinuousMerits__Cost-2__Fee-British__ExitFees-AllUnilateralExits","1","42","1","D","8","15","D Offer","D Liability Signal: 10;P Files: 1;D Answers: 1;D Defaults: 1","10,1,1,1","0","true","","","6","0.55","0.10000000000000001","","",""
"Specification-CenterWeightedContinuousMerits__Cost-2__Fee-British__ExitFees-AllUnilateralExits","1","42","1","D","8","15","D Offer","D Liability Signal: 10;P Files: 1;D Answers: 1;D Defaults: 1","10,1,1,1","0","true","","","7","0.65","0.10000000000000001","","",""
"Specification-CenterWeightedContinuousMerits__Cost-2__Fee-British__ExitFees-AllUnilateralExits","1","42","1","D","8","15","D Offer","D Liability Signal: 10;P Files: 1;D Answers: 1;D Defaults: 1","10,1,1,1","0","true","","","8","0.75","0.10000000000000001","","",""
"Specification-CenterWeightedContinuousMerits__Cost-2__Fee-British__ExitFees-AllUnilateralExits","1","42","1","D","8","15","D Offer","D Liability Signal: 10;P Files: 1;D Answers: 1;D Defaults: 1","10,1,1,1","0","true","","","9","0.85","0.10000000000000001","","",""
"Specification-CenterWeightedContinuousMerits__Cost-2__Fee-British__ExitFees-AllUnilateralExits","1","42","1","D","8","15","D Offer","D Liability Signal: 10;P Files: 1;D Answers: 1;D Defaults: 1","10,1,1,1","0","true","","","10","0.95","0.10000000000000001","","",""
"Specification-CenterWeightedContinuousMerits__Cost-2__Fee-British__ExitFees-AllUnilateralExits","1","43","1","D","8","15","D Offer","D Liability Signal: 10;P Files: 1;D Answers: 1;D Defaults: 2","10,1,1,2","0.052503688800000003","false","8.7500116129999981","8.7500116129999981","1","0.05","0","8.0796347403142352","0.67037687268576285","false"
"Specification-CenterWeightedContinuousMerits__Cost-2__Fee-British__ExitFees-AllUnilateralExits","1","43","1","D","8","15","D Offer","D Liability Signal: 10;P Files: 1;D Answers: 1;D Defaults: 2","10,1,1,2","0.052503688800000003","false","8.7500116129999981","8.7500116129999981","2","0.15","0","8.0796347403142352","0.67037687268576285","false"
"Specification-CenterWeightedContinuousMerits__Cost-2__Fee-British__ExitFees-AllUnilateralExits","1","43","1","D","8","15","D Offer","D Liability Signal: 10;P Files: 1;D Answers: 1;D Defaults: 2","10,1,1,2","0.052503688800000003","false","8.7500116129999981","8.7500116129999981","3","0.25","0","8.0796347403142352","0.67037687268576285","false"
"Specification-CenterWeightedContinuousMerits__Cost-2__Fee-British__ExitFees-AllUnilateralExits","1","43","1","D","8","15","D Offer","D Liability Signal: 10;P Files: 1;D Answers: 1;D Defaults: 2","10,1,1,2","0.052503688800000003","false","8.7500116129999981","8.7500116129999981","4","0.35","0","8.0796347403142352","0.67037687268576285","false"
"Specification-CenterWeightedContinuousMerits__Cost-2__Fee-British__ExitFees-AllUnilateralExits","1","43","1","D","8","15","D Offer","D Liability Signal: 10;P Files: 1;D Answers: 1;D Defaults: 2","10,1,1,2","0.052503688800000003","false","8.7500116129999981","8.7500116129999981","5","0.45","0","8.0796347403142352","0.67037687268576285","false"
"Specification-CenterWeightedContinuousMerits__Cost-2__Fee-British__ExitFees-AllUnilateralExits","1","43","1","D","8","15","D Offer","D Liability Signal: 10;P Files: 1;D Answers: 1;D Defaults: 2","10,1,1,2","0.052503688800000003","false","8.7500116129999981","8.7500116129999981","6","0.55","0","8.0796347403142352","0.67037687268576285","false"
"Specification-CenterWeightedContinuousMerits__Cost-2__Fee-British__ExitFees-AllUnilateralExits","1","43","1","D","8","15","D Offer","D Liability Signal: 10;P Files: 1;D Answers: 1;D Defaults: 2","10,1,1,2","0.052503688800000003","false","8.7500116129999981","8.7500116129999981","7","0.65","0","8.0796347403142352","0.67037687268576285","false"
"Specification-CenterWeightedContinuousMerits__Cost-2__Fee-British__ExitFees-AllUnilateralExits","1","43","1","D","8","15","D Offer","D Liability Signal: 10;P Files: 1;D Answers: 1;D Defaults: 2","10,1,1,2","0.052503688800000003","false","8.7500116129999981","8.7500116129999981","8","0.75","0","8.0796347403142352","0.67037687268576285","false"
"Specification-CenterWeightedContinuousMerits__Cost-2__Fee-British__ExitFees-AllUnilateralExits","1","43","1","D","8","15","D Offer","D Liability Signal: 10;P Files: 1;D Answers: 1;D Defaults: 2","10,1,1,2","0.052503688800000003","false","8.7500116129999981","8.7500116129999981","9","0.85","0","8.0796347403142352","0.67037687268576285","false"
"Specification-CenterWeightedContinuousMerits__Cost-2__Fee-British__ExitFees-AllUnilateralExits","1","43","1","D","8","15","D Offer","D Liability Signal: 10;P Files: 1;D Answers: 1;D Defaults: 2","10,1,1,2","0.052503688800000003","false","8.7500116129999981","8.7500116129999981","10","0.95","1","8.7500116129999981","0","true"
