"OptionSetName","Equilibrium Number","Information Set Number","Player Index","Player","Decision Index","Decision Code","Decision","Information Set Labels","Information Set Contents","Equilibrium Reach Probability","Off Path","Conditional Information-Set Utility","Best Action Utility","Action","Action Label","Equilibrium Action Probability","Conditional Action Utility","Utility Loss from Best Action","Is Best Action"
"Specification-Baseline__Cost-1__Fee-American__Starts-50","9","0","0","P","2","9","P Files","P Liability Signal: 1","1","0.080450000000000008","false","10.0000029847","10.0000029847","1","Yes","0","9.8603822426706724","0.13962074202932762","false"
"Specification-Baseline__Cost-1__Fee-American__Starts-50","9","0","0","P","2","9","P Files","P Liability Signal: 1","1","0.080450000000000008","false","10.0000029847","10.0000029847","2","No","1","10.0000029847","0","true"
"Specification-Baseline__Cost-1__Fee-American__Starts-50","9","2","0","P","5","20","P Abandons","P Liability Signal: 1;P Files: 1;D Answers: 1","1,1,1","0","true","","","1","Yes","0.5","","",""
"Specification-Baseline__Cost-1__Fee-American__Starts-50","9","2","0","P","5","20","P Abandons","P Liability Signal: 1;P Files: 1;D Answers: 1","1,1,1","0","true","","","2","No","0.5","","",""
"Specification-Baseline__Cost-1__Fee-American__Starts-50","9","4","0","P","7","14","P Offer","P Liability Signal: 1;P Files: 1;D Answers: 1;P Abandons: 1","1,1,1,1","0","true","","","1","0.05","0.10000000000000001","","",""
"Specification-Baseline__Cost-1__Fee-American__Starts-50","9","4","0","P","7","14","P Offer","P Liability Signal: 1;P Files: 1;D Answers: 1;P Abandons: 1","1,1,1,1","0","true","","","2","0.15","0.10000000000000001","","",""
"Specification-Baseline__Cost-1__Fee-American__Starts-50","9","4","0","P","7","14","P Offer","P Liability Signal: 1;P Files: 1;D Answers: 1;P Abandons: 1","1,1,1,1","0","true","","","3","0.25","0.10000000000000001","","",""
"Specification-Baseline__Cost-1__Fee-American__Starts-50","9","4","0","P","7","14","P Offer","P Liability Signal: 1;P Files: 1;D Answers: 1;P Abandons: 1","1,1,1,1","0","true","","","4","0.35","0.10000000000000001","","",""
"Specification-Baseline__Cost-1__Fee-American__Starts-50","9","4","0","P","7","14","P Offer","P Liability Signal: 1;P Files: 1;D Answers: 1;P Abandons: 1","1,1,1,1","0","true","","","5","0.45","0.10000000000000001","","",""
"Specification-Baseline__Cost-1__Fee-American__Starts-50","9","4","0","P","7","14","P Offer","P Liability Signal: 1;P Files: 1;D Answers: 1;P Abandons: 1","1,1,1,1","0","true","","","6","0.55","0.10000000000000001","","",""
"Specification-Baseline__Cost-1__Fee-American__Starts-50","9","4","0","P","7","14","P Offer","P Liability Signal: 1;P Files: 1;D Answers: 1;P Abandons: 1","1,1,1,1","0","true","","","7","0.65","0.10000000000000001","","",""
"Specification-Baseline__Cost-1__Fee-American__Starts-50","9","4","0","P","7","14","P Offer","P Liability Signal: 1;P Files: 1;D Answers: 1;P Abandons: 1","1,1,1,1","0","true","","","8","0.75","0.10000000000000001","","",""
"Specification-Baseline__Cost-1__Fee-American__Starts-50","9","4","0","P","7","14","P Offer","P Liability Signal: 1;P Files: 1;D Answers: 1;P Abandons: 1","1,1,1,1","0","true","","","9","0.85","0.10000000000000001","","",""
"Specification-Baseline__Cost-1__Fee-American__Starts-50","9","4","0","P","7","14","P Offer","P Liability Signal: 1;P Files: 1;D Answers: 1;P Abandons: 1","1,1,1,1","0","true","","","10","0.95","0.10000000000000001","","",""
"Specification-Baseline__Cost-1__Fee-American__Starts-50","9","7","0","P","7","14","P Offer","P Liability Signal: 1;P Files: 1;D Answers: 1;P Abandons: 2","1,1,1,2","0","true","","","1","0.05","0.10000000000000001","","",""
"Specification-Baseline__Cost-1__Fee-American__Starts-50","9","7","0","P","7","14","P Offer","P Liability Signal: 1;P Files: 1;D Answers: 1;P Abandons: 2","1,1,1,2","0","true","","","2","0.15","0.10000000000000001","","",""
"Specification-Baseline__Cost-1__Fee-American__Starts-50","9","7","0","P","7","14","P Offer","P Liability Signal: 1;P Files: 1;D Answers: 1;P Abandons: 2","1,1,1,2","0","true","","","3","0.25","0.10000000000000001","","",""
"Specification-Baseline__Cost-1__Fee-American__Starts-50","9","7","0","P","7","14","P Offer","P Liability Signal: 1;P Files: 1;D Answers: 1;P Abandons: 2","1,1,1,2","0","true","","","4","0.35","0.10000000000000001","","",""
"Specification-Baseline__Cost-1__Fee-American__Starts-50","9","7","0","P","7","14","P Offer","P Liability Signal: 1;P Files: 1;D Answers: 1;P Abandons: 2","1,1,1,2","0","true","","","5","0.45","0.10000000000000001","","",""
"Specification-Baseline__Cost-1__Fee-American__Starts-50","9","7","0","P","7","14","P Offer","P Liability Signal: 1;P Files: 1;D Answers: 1;P Abandons: 2","1,1,1,2","0","true","","","6","0.55","0.10000000000000001","","",""
"Specification-Baseline__Cost-1__Fee-American__Starts-50","9","7","0","P","7","14","P Offer","P Liability Signal: 1;P Files: 1;D Answers: 1;P Abandons: 2","1,1,1,2","0","true","","","7","0.65","0.10000000000000001","","",""
"Specification-Baseline__Cost-1__Fee-American__Starts-50","9","7","0","P","7","14","P Offer","P Liability Signal: 1;P Files: 1;D Answers: 1;P Abandons: 2","1,1,1,2","0","true","","","8","0.75","0.10000000000000001","","",""
"Specification-Baseline__Cost-1__Fee-American__Starts-50","9","7","0","P","7","14","P Offer","P Liability Signal: 1;P Files: 1;D Answers: 1;P Abandons: 2","1,1,1,2","0","true","","","9","0.85","0.10000000000000001","","",""
"Specification-Baseline__Cost-1__Fee-American__Starts-50","9","7","0","P","7","14","P Offer","P Liability Signal: 1;P Files: 1;D Answers: 1;P Abandons: 2","1,1,1,2","0","true","","","10","0.95","0.10000000000000001","","",""
"Specification-Baseline__Cost-1__Fee-American__Starts-50","9","44","0","P","2","9","P Files","P Liability Signal: 2","2","0.097680000000000017","false","10.000002984699998","10.000002984699998","1","Yes","0","9.8998619694664765","0.10014101523352181","false"
"Specification-Baseline__Cost-1__Fee-American__Starts-50","9","44","0","P","2","9","P Files","P Liability Signal: 2","2","0.097680000000000017","false","10.000002984699998","10.000002984699998","2","No","1","10.000002984699998","0","true"
"Specification-Baseline__Cost-1__Fee-American__Starts-50","9","45","0","P","5","20","P Abandons","P Liability Signal: 2;P Files: 1;D Answers: 1","2,1,1","0","true","","","1","Yes","0.5","","",""
"Specification-Baseline__Cost-1__Fee-American__Starts-50","9","45","0","P","5","20","P Abandons","P Liability Signal: 2;P Files: 1;D Answers: 1","2,1,1","0","true","","","2","No","0.5","","",""
"Specification-Baseline__Cost-1__Fee-American__Starts-50","9","46","0","P","7","14","P Offer","P Liability Signal: 2;P Files: 1;D Answers: 1;P Abandons: 1","2,1,1,1","0","true","","","1","0.05","0.10000000000000001","","",""
"Specification-Baseline__Cost-1__Fee-American__Starts-50","9","46","0","P","7","14","P Offer","P Liability Signal: 2;P Files: 1;D Answers: 1;P Abandons: 1","2,1,1,1","0","true","","","2","0.15","0.10000000000000001","","",""
"Specification-Baseline__Cost-1__Fee-American__Starts-50","9","46","0","P","7","14","P Offer","P Liability Signal: 2;P Files: 1;D Answers: 1;P Abandons: 1","2,1,1,1","0","true","","","3","0.25","0.10000000000000001","","",""
"Specification-Baseline__Cost-1__Fee-American__Starts-50","9","46","0","P","7","14","P Offer","P Liability Signal: 2;P Files: 1;D Answers: 1;P Abandons: 1","2,1,1,1","0","true","","","4","0.35","0.10000000000000001","","",""
"Specification-Baseline__Cost-1__Fee-American__Starts-50","9","46","0","P","7","14","P Offer","P Liability Signal: 2;P Files: 1;D Answers: 1;P Abandons: 1","2,1,1,1","0","true","","","5","0.45","0.10000000000000001","","",""
"Specification-Baseline__Cost-1__Fee-American__Starts-50","9","46","0","P","7","14","P Offer","P Liability Signal: 2;P Files: 1;D Answers: 1;P Abandons: 1","2,1,1,1","0","true","","","6","0.55","0.10000000000000001","","",""
"Specification-Baseline__Cost-1__Fee-American__Starts-50","9","46","0","P","7","14","P Offer","P Liability Signal: 2;P Files: 1;D Answers: 1;P Abandons: 1","2,1,1,1","0","true","","","7","0.65","0.10000000000000001","","",""
"Specification-Baseline__Cost-1__Fee-American__Starts-50","9","46","0","P","7","14","P Offer","P Liability Signal: 2;P Files: 1;D Answers: 1;P Abandons: 1","2,1,1,1","0","true","","","8","0.75","0.10000000000000001","","",""
"Specification-Baseline__Cost-1__Fee-American__Starts-50","9","46","0","P","7","14","P Offer","P Liability Signal: 2;P Files: 1;D Answers: 1;P Abandons: 1","2,1,1,1","0","true","","","9","0.85","0.10000000000000001","","",""
"Specification-Baseline__Cost-1__Fee-American__Starts-50","9","46","0","P","7","14","P Offer","P Liability Signal: 2;P Files: 1;D Answers: 1;P Abandons: 1","2,1,1,1","0","true","","","10","0.95","0.10000000000000001","","",""
"Specification-Baseline__Cost-1__Fee-American__Starts-50","9","47","0","P","7","14","P Offer","P Liability Signal: 2;P Files: 1;D Answers: 1;P Abandons: 2","2,1,1,2","0","true","","","1","0.05","0.10000000000000001","","",""
"Specification-Baseline__Cost-1__Fee-American__Starts-50","9","47","0","P","7","14","P Offer","P Liability Signal: 2;P Files: 1;D Answers: 1;P Abandons: 2","2,1,1,2","0","true","","","2","0.15","0.10000000000000001","","",""
"Specification-Baseline__Cost-1__Fee-American__Starts-50","9","47","0","P","7","14","P Offer","P Liability Signal: 2;P Files: 1;D Answers: 1;P Abandons: 2","2,1,1,2","0","true","","","3","0.25","0.10000000000000001","","",""
"Specification-Baseline__Cost-1__Fee-American__Starts-50","9","47","0","P","7","14","P Offer","P Liability Signal: 2;P Files: 1;D Answers: 1;P Abandons: 2","2,1,1,2","0","true","","","4","0.35","0.10000000000000001","","",""
"Specification-Baseline__Cost-1__Fee-American__Starts-50","9","47","0","P","7","14","P Offer","P Liability Signal: 2;P Files: 1;D Answers: 1;P Abandons: 2","2,1,1,2","0","true","","","5","0.45","0.10000000000000001","","",""
"Specification-Baseline__Cost-1__Fee-American__Starts-50","9","47","0","P","7","14","P Offer","P Liability Signal: 2;P Files: 1;D Answers: 1;P Abandons: 2","2,1,1,2","0","true","","","6","0.55","0.10000000000000001","","",""
"Specification-Baseline__Cost-1__Fee-American__Starts-50","9","47","0","P","7","14","P Offer","P Liability Signal: 2;P Files: 1;D Answers: 1;P Abandons: 2","2,1,1,2","0","true","","","7","0.65","0.10000000000000001","","",""
"Specification-Baseline__Cost-1__Fee-American__Starts-50","9","47","0","P","7","14","P Offer","P Liability Signal: 2;P Files: 1;D Answers: 1;P Abandons: 2","2,1,1,2","0","true","","","8","0.75","0.10000000000000001","","",""
"Specification-Baseline__Cost-1__Fee-American__Starts-50","9","47","0","P","7","14","P Offer","P Liability Signal: 2;P Files: 1;D Answers: 1;P Abandons: 2","2,1,1,2","0","true","","","9","0.85","0.10000000000000001","","",""
"Specification-Baseline__Cost-1__Fee-American__Starts-50","9","47","0","P","7","14","P Offer","P Liability Signal: 2;P Files: 1;D Answers: 1;P Abandons: 2","2,1,1,2","0","true","","","10","0.95","0.10000000000000001","","",""
"Specification-Baseline__Cost-1__Fee-American__Starts-50","9","48","0","P","2","9","P Files","P Liability Signal: 3","3","0.10618","false","10.0000029847","10.0000029847","1","Yes","0.87829387434104012","10.0000029847","0","true"
"Specification-Baseline__Cost-1__Fee-American__Starts-50","9","48","0","P","2","9","P Files","P Liability Signal: 3","3","0.10618","false","10.0000029847","10.0000029847","2","No","0.12170612565895991","10.0000029847","0","true"
"Specification-Baseline__Cost-1__Fee-American__Starts-50","9","49","0","P","5","20","P Abandons","P Liability Signal: 3;P Files: 1;D Answers: 1","3,1,1","0.083440805774591745","false","9.9000046355000002","9.9000046355000002","1","Yes","0","9.8550053783599996","0.044999257140000637","false"
"Specification-Baseline__Cost-1__Fee-American__Starts-50","9","49","0","P","5","20","P Abandons","P Liability Signal: 3;P Files: 1;D Answers: 1","3,1,1","0.083440805774591745","false","9.9000046355000002","9.9000046355000002","2","No","1","9.9000046355000002","0","true"
"Specification-Baseline__Cost-1__Fee-American__Starts-50","9","50","0","P","7","14","P Offer","P Liability Signal: 3;P Files: 1;D Answers: 1;P Abandons: 1","3,1,1,1","0","true","","","1","0.05","0.10000000000000001","","",""
"Specification-Baseline__Cost-1__Fee-American__Starts-50","9","50","0","P","7","14","P Offer","P Liability Signal: 3;P Files: 1;D Answers: 1;P Abandons: 1","3,1,1,1","0","true","","","2","0.15","0.10000000000000001","","",""
"Specification-Baseline__Cost-1__Fee-American__Starts-50","9","50","0","P","7","14","P Offer","P Liability Signal: 3;P Files: 1;D Answers: 1;P Abandons: 1","3,1,1,1","0","true","","","3","0.25","0.10000000000000001","","",""
"Specification-Baseline__Cost-1__Fee-American__Starts-50","9","50","0","P","7","14","P Offer","P Liability Signal: 3;P Files: 1;D Answers: 1;P Abandons: 1","3,1,1,1","0","true","","","4","0.35","0.10000000000000001","","",""
"Specification-Baseline__Cost-1__Fee-American__Starts-50","9","50","0","P","7","14","P Offer","P Liability Signal: 3;P Files: 1;D Answers: 1;P Abandons: 1","3,1,1,1","0","true","","","5","0.45","0.10000000000000001","","",""
"Specification-Baseline__Cost-1__Fee-American__Starts-50","9","50","0","P","7","14","P Offer","P Liability Signal: 3;P Files: 1;D Answers: 1;P Abandons: 1","3,1,1,1","0","true","","","6","0.55","0.10000000000000001","","",""
"Specification-Baseline__Cost-1__Fee-American__Starts-50","9","50","0","P","7","14","P Offer","P Liability Signal: 3;P Files: 1;D Answers: 1;P Abandons: 1","3,1,1,1","0","true","","","7","0.65","0.10000000000000001","","",""
"Specification-Baseline__Cost-1__Fee-American__Starts-50","9","50","0","P","7","14","P Offer","P Liability Signal: 3;P Files: 1;D Answers: 1;P Abandons: 1","3,1,1,1","0","true","","","8","0.75","0.10000000000000001","","",""
"Specification-Baseline__Cost-1__Fee-American__Starts-50","9","50","0","P","7","14","P Offer","P Liability Signal: 3;P Files: 1;D Answers: 1;P Abandons: 1","3,1,1,1","0","true","","","9","0.85","0.10000000000000001","","",""
"Specification-Baseline__Cost-1__Fee-American__Starts-50","9","50","0","P","7","14","P Offer","P Liability Signal: 3;P Files: 1;D Answers: 1;P Abandons: 1","3,1,1,1","0","true","","","10","0.95","0.10000000000000001","","",""
"Specification-Baseline__Cost-1__Fee-American__Starts-50","9","51","0","P","7","14","P Offer","P Liability Signal: 3;P Files: 1;D Answers: 1;P Abandons: 2","3,1,1,2","0.083440805774591745","false","9.9000046355000002","9.9000046355000002","1","0.05","1","9.9000046355000002","0","true"
"Specification-Baseline__Cost-1__Fee-American__Starts-50","9","51","0","P","7","14","P Offer","P Liability Signal: 3;P Files: 1;D Answers: 1;P Abandons: 2","3,1,1,2","0.083440805774591745","false","9.9000046355000002","9.9000046355000002","2","0.15","0","9.8631636925084312","0.036840942991569037","false"
"Specification-Baseline__Cost-1__Fee-American__Starts-50","9","51","0","P","7","14","P Offer","P Liability Signal: 3;P Files: 1;D Answers: 1;P Abandons: 2","3,1,1,2","0.083440805774591745","false","9.9000046355000002","9.9000046355000002","3","0.25","0","9.8631636925084312","0.036840942991569037","false"
"Specification-Baseline__Cost-1__Fee-American__Starts-50","9","51","0","P","7","14","P Offer","P Liability Signal: 3;P Files: 1;D Answers: 1;P Abandons: 2","3,1,1,2","0.083440805774591745","false","9.9000046355000002","9.9000046355000002","4","0.35","0","9.8631636925084312","0.036840942991569037","false"
"Specification-Baseline__Cost-1__Fee-American__Starts-50","9","51","0","P","7","14","P Offer","P Liability Signal: 3;P Files: 1;D Answers: 1;P Abandons: 2","3,1,1,2","0.083440805774591745","false","9.9000046355000002","9.9000046355000002","5","0.45","0","9.8631636925084312","0.036840942991569037","false"
"Specification-Baseline__Cost-1__Fee-American__Starts-50","9","51","0","P","7","14","P Offer","P Liability Signal: 3;P Files: 1;D Answers: 1;P Abandons: 2","3,1,1,2","0.083440805774591745","false","9.9000046355000002","9.9000046355000002","6","0.55","0","9.8631636925084312","0.036840942991569037","false"
"Specification-Baseline__Cost-1__Fee-American__Starts-50","9","51","0","P","7","14","P Offer","P Liability Signal: 3;P Files: 1;D Answers: 1;P Abandons: 2","3,1,1,2","0.083440805774591745","false","9.9000046355000002","9.9000046355000002","7","0.65","0","9.8631636925084312","0.036840942991569037","false"
"Specification-Baseline__Cost-1__Fee-American__Starts-50","9","51","0","P","7","14","P Offer","P Liability Signal: 3;P Files: 1;D Answers: 1;P Abandons: 2","3,1,1,2","0.083440805774591745","false","9.9000046355000002","9.9000046355000002","8","0.75","0","9.8631636925084312","0.036840942991569037","false"
"Specification-Baseline__Cost-1__Fee-American__Starts-50","9","51","0","P","7","14","P Offer","P Liability Signal: 3;P Files: 1;D Answers: 1;P Abandons: 2","3,1,1,2","0.083440805774591745","false","9.9000046355000002","9.9000046355000002","9","0.85","0","9.8631636925084312","0.036840942991569037","false"
"Specification-Baseline__Cost-1__Fee-American__Starts-50","9","51","0","P","7","14","P Offer","P Liability Signal: 3;P Files: 1;D Answers: 1;P Abandons: 2","3,1,1,2","0.083440805774591745","false","9.9000046355000002","9.9000046355000002","10","0.95","0","9.8631636925084312","0.036840942991569037","false"
"Specification-Baseline__Cost-1__Fee-American__Starts-50","9","52","0","P","2","9","P Files","P Liability Signal: 4","4","0.1081","false","10.098695114401455","10.098695114401455","1","Yes","1","10.098695114401455","0","true"
"Specification-Baseline__Cost-1__Fee-American__Starts-50","9","52","0","P","2","9","P Files","P Liability Signal: 4","4","0.1081","false","10.098695114401455","10.098695114401455","2","No","0","10.0000029847","0.098692129701454689","false"
"Specification-Baseline__Cost-1__Fee-American__Starts-50","9","53","0","P","5","20","P Abandons","P Liability Signal: 4;P Files: 1;D Answers: 1","4,1,1","0.088822777818547569","false","9.9356392906432642","9.9356392906432642","1","Yes","0","9.8550053783599996","0.080633912283264664","false"
"Specification-Baseline__Cost-1__Fee-American__Starts-50","9","53","0","P","5","20","P Abandons","P Liability Signal: 4;P Files: 1;D Answers: 1","4,1,1","0.088822777818547569","false","9.9356392906432642","9.9356392906432642","2","No","1","9.9356392906432642","0","true"
"Specification-Baseline__Cost-1__Fee-American__Starts-50","9","54","0","P","7","14","P Offer","P Liability Signal: 4;P Files: 1;D Answers: 1;P Abandons: 1","4,1,1,1","0","true","","","1","0.05","0.10000000000000001","","",""
"Specification-Baseline__Cost-1__Fee-American__Starts-50","9","54","0","P","7","14","P Offer","P Liability Signal: 4;P Files: 1;D Answers: 1;P Abandons: 1","4,1,1,1","0","true","","","2","0.15","0.10000000000000001","","",""
"Specification-Baseline__Cost-1__Fee-American__Starts-50","9","54","0","P","7","14","P Offer","P Liability Signal: 4;P Files: 1;D Answers: 1;P Abandons: 1","4,1,1,1","0","true","","","3","0.25","0.10000000000000001","","",""
"Specification-Baseline__Cost-1__Fee-American__Starts-50","9","54","0","P","7","14","P Offer","P Liability Signal: 4;P Files: 1;D Answers: 1;P Abandons: 1","4,1,1,1","0","true","","","4","0.35","0.10000000000000001","","",""
"Specification-Baseline__Cost-1__Fee-American__Starts-50","9","54","0","P","7","14","P Offer","P Liability Signal: 4;P Files: 1;D Answers: 1;P Abandons: 1","4,1,1,1","0","true","","","5","0.45","0.10000000000000001","","",""
"Specification-Baseline__Cost-1__Fee-American__Starts-50","9","54","0","P","7","14","P Offer","P Liability Signal: 4;P Files: 1;D Answers: 1;P Abandons: 1","4,1,1,1","0","true","","","6","0.55","0.10000000000000001","","",""
"Specification-Baseline__Cost-1__Fee-American__Starts-50","9","54","0","P","7","14","P Offer","P Liability Signal: 4;P Files: 1;D Answers: 1;P Abandons: 1","4,1,1,1","0","true","","","7","0.65","0.10000000000000001","","",""
"Specification-Baseline__Cost-1__Fee-American__Starts-50","9","54","0","P","7","14","P Offer","P Liability Signal: 4;P Files: 1;D Answers: 1;P Abandons: 1","4,1,1,1","0","true","","","8","0.75","0.10000000000000001","","",""
"Specification-Baseline__Cost-1__Fee-American__Starts-50","9","54","0","P","7","14","P Offer","P Liability Signal: 4;P Files: 1;D Answers: 1;P Abandons: 1","4,1,1,1","0","true","","","9","0.85","0.10000000000000001","","",""
"Specification-Baseline__Cost-1__Fee-American__Starts-50","9","54","0","P","7","14","P Offer","P Liability Signal: 4;P Files: 1;D Answers: 1;P Abandons: 1","4,1,1,1","0","true","","","10","0.95","0.10000000000000001","","",""
"Specification-Baseline__Cost-1__Fee-American__Starts-50","9","55","0","P","7","14","P Offer","P Liability Signal: 4;P Files: 1;D Answers: 1;P Abandons: 2","4,1,1,2","0.088822777818547569","false","9.9356392906432642","9.9356392906432642","1","0.05","0","9.9000046355000002","0.035634655143264027","false"
"Specification-Baseline__Cost-1__Fee-American__Starts-50","9","55","0","P","7","14","P Offer","P Liability Signal: 4;P Files: 1;D Answers: 1;P Abandons: 2","4,1,1,2","0.088822777818547569","false","9.9356392906432642","9.9356392906432642","2","0.15","0","9.9356392906432642","0","true"
"Specification-Baseline__Cost-1__Fee-American__Starts-50","9","55","0","P","7","14","P Offer","P Liability Signal: 4;P Files: 1;D Answers: 1;P Abandons: 2","4,1,1,2","0.088822777818547569","false","9.9356392906432642","9.9356392906432642","3","0.25","0","9.9356392906432642","0","true"
"Specification-Baseline__Cost-1__Fee-American__Starts-50","9","55","0","P","7","14","P Offer","P Liability Signal: 4;P Files: 1;D Answers: 1;P Abandons: 2","4,1,1,2","0.088822777818547569","false","9.9356392906432642","9.9356392906432642","4","0.35","0","9.9356392906432642","0","true"
"Specification-Baseline__Cost-1__Fee-American__Starts-50","9","55","0","P","7","14","P Offer","P Liability Signal: 4;P Files: 1;D Answers: 1;P Abandons: 2","4,1,1,2","0.088822777818547569","false","9.9356392906432642","9.9356392906432642","5","0.45","0","9.9356392906432642","0","true"
"Specification-Baseline__Cost-1__Fee-American__Starts-50","9","55","0","P","7","14","P Offer","P Liability Signal: 4;P Files: 1;D Answers: 1;P Abandons: 2","4,1,1,2","0.088822777818547569","false","9.9356392906432642","9.9356392906432642","6","0.55","0","9.9356392906432642","0","true"
"Specification-Baseline__Cost-1__Fee-American__Starts-50","9","55","0","P","7","14","P Offer","P Liability Signal: 4;P Files: 1;D Answers: 1;P Abandons: 2","4,1,1,2","0.088822777818547569","false","9.9356392906432642","9.9356392906432642","7","0.65","0","9.9356392906432642","0","true"
"Specification-Baseline__Cost-1__Fee-American__Starts-50","9","55","0","P","7","14","P Offer","P Liability Signal: 4;P Files: 1;D Answers: 1;P Abandons: 2","4,1,1,2","0.088822777818547569","false","9.9356392906432642","9.9356392906432642","8","0.75","0","9.9356392906432642","0","true"
"Specification-Baseline__Cost-1__Fee-American__Starts-50","9","55","0","P","7","14","P Offer","P Liability Signal: 4;P Files: 1;D Answers: 1;P Abandons: 2","4,1,1,2","0.088822777818547569","false","9.9356392906432642","9.9356392906432642","9","0.85","1","9.9356392906432642","0","true"
"Specification-Baseline__Cost-1__Fee-American__Starts-50","9","55","0","P","7","14","P Offer","P Liability Signal: 4;P Files: 1;D Answers: 1;P Abandons: 2","4,1,1,2","0.088822777818547569","false","9.9356392906432642","9.9356392906432642","10","0.95","0","9.9356392906432642","0","true"
"Specification-Baseline__Cost-1__Fee-American__Starts-50","9","56","0","P","2","9","P Files","P Liability Signal: 5","5","0.1076","false","10.263066569714363","10.263066569714363","1","Yes","1","10.263066569714363","0","true"
"Specification-Baseline__Cost-1__Fee-American__Starts-50","9","56","0","P","2","9","P Files","P Liability Signal: 5","5","0.1076","false","10.263066569714363","10.263066569714363","2","No","0","10.000002984700002","0.26306358501436122","false"
"Specification-Baseline__Cost-1__Fee-American__Starts-50","9","57","0","P","5","20","P Abandons","P Liability Signal: 5;P Files: 1;D Answers: 1","5,1,1","0.0769583556172551","false","10.029373875751391","10.029373875751391","1","Yes","0","9.8550053783600013","0.17436849739138971","false"
"Specification-Baseline__Cost-1__Fee-American__Starts-50","9","57","0","P","5","20","P Abandons","P Liability Signal: 5;P Files: 1;D Answers: 1","5,1,1","0.0769583556172551","false","10.029373875751391","10.029373875751391","2","No","1","10.029373875751391","0","true"
"Specification-Baseline__Cost-1__Fee-American__Starts-50","9","58","0","P","7","14","P Offer","P Liability Signal: 5;P Files: 1;D Answers: 1;P Abandons: 1","5,1,1,1","0","true","","","1","0.05","0.10000000000000001","","",""
"Specification-Baseline__Cost-1__Fee-American__Starts-50","9","58","0","P","7","14","P Offer","P Liability Signal: 5;P Files: 1;D Answers: 1;P Abandons: 1","5,1,1,1","0","true","","","2","0.15","0.10000000000000001","","",""
"Specification-Baseline__Cost-1__Fee-American__Starts-50","9","58","0","P","7","14","P Offer","P Liability Signal: 5;P Files: 1;D Answers: 1;P Abandons: 1","5,1,1,1","0","true","","","3","0.25","0.10000000000000001","","",""
"Specification-Baseline__Cost-1__Fee-American__Starts-50","9","58","0","P","7","14","P Offer","P Liability Signal: 5;P Files: 1;D Answers: 1;P Abandons: 1","5,1,1,1","0","true","","","4","0.35","0.10000000000000001","","",""
"Specification-Baseline__Cost-1__Fee-American__Starts-50","9","58","0","P","7","14","P Offer","P Liability Signal: 5;P Files: 1;D Answers: 1;P Abandons: 1","5,1,1,1","0","true","","","5","0.45","0.10000000000000001","","",""
"Specification-Baseline__Cost-1__Fee-American__Starts-50","9","58","0","P","7","14","P Offer","P Liability Signal: 5;P Files: 1;D Answers: 1;P Abandons: 1","5,1,1,1","0","true","","","6","0.55","0.10000000000000001","","",""
"Specification-Baseline__Cost-1__Fee-American__Starts-50","9","58","0","P","7","14","P Offer","P Liability Signal: 5;P Files: 1;D Answers: 1;P Abandons: 1","5,1,1,1","0","true","","","7","0.65","0.10000000000000001","","",""
"Specification-Baseline__Cost-1__Fee-American__Starts-50","9","58","0","P","7","14","P Offer","P Liability Signal: 5;P Files: 1;D Answers: 1;P Abandons: 1","5,1,1,1","0","true","","","8","0.75","0.10000000000000001","","",""
"Specification-Baseline__Cost-1__Fee-American__Starts-50","9","58","0","P","7","14","P Offer","P Liability Signal: 5;P Files: 1;D Answers: 1;P Abandons: 1","5,1,1,1","0","true","","","9","0.85","0.10000000000000001","","",""
"Specification-Baseline__Cost-1__Fee-American__Starts-50","9","58","0","P","7","14","P Offer","P Liability Signal: 5;P Files: 1;D Answers: 1;P Abandons: 1","5,1,1,1","0","true","","","10","0.95","0.10000000000000001","","",""
"Specification-Baseline__Cost-1__Fee-American__Starts-50","9","59","0","P","7","14","P Offer","P Liability Signal: 5;P Files: 1;D Answers: 1;P Abandons: 2","5,1,1,2","0.0769583556172551","false","10.029373875751391","10.029373875751391","1","0.05","0","9.9000046355000002","0.12936924025139085","false"
"Specification-Baseline__Cost-1__Fee-American__Starts-50","9","59","0","P","7","14","P Offer","P Liability Signal: 5;P Files: 1;D Answers: 1;P Abandons: 2","5,1,1,2","0.0769583556172551","false","10.029373875751391","10.029373875751391","2","0.15","0","10.029373875751391","0","true"
"Specification-Baseline__Cost-1__Fee-American__Starts-50","9","59","0","P","7","14","P Offer","P Liability Signal: 5;P Files: 1;D Answers: 1;P Abandons: 2","5,1,1,2","0.0769583556172551","false","10.029373875751391","10.029373875751391","3","0.25","0","10.029373875751391","0","true"
"Specification-Baseline__Cost-1__Fee-American__Starts-50","9","59","0","P","7","14","P Offer","P Liability Signal: 5;P Files: 1;D Answers: 1;P Abandons: 2","5,1,1,2","0.0769583556172551","false","10.029373875751391","10.029373875751391","4","0.35","0","10.029373875751391","0","true"
"Specification-Baseline__Cost-1__Fee-American__Starts-50","9","59","0","P","7","14","P Offer","P Liability Signal: 5;P Files: 1;D Answers: 1;P Abandons: 2","5,1,1,2","0.0769583556172551","false","10.029373875751391","10.029373875751391","5","0.45","0","10.029373875751391","0","true"
"Specification-Baseline__Cost-1__Fee-American__Starts-50","9","59","0","P","7","14","P Offer","P Liability Signal: 5;P Files: 1;D Answers: 1;P Abandons: 2","5,1,1,2","0.0769583556172551","false","10.029373875751391","10.029373875751391","6","0.55","0","10.029373875751391","0","true"
"Specification-Baseline__Cost-1__Fee-American__Starts-50","9","59","0","P","7","14","P Offer","P Liability Signal: 5;P Files: 1;D Answers: 1;P Abandons: 2","5,1,1,2","0.0769583556172551","false","10.029373875751391","10.029373875751391","7","0.65","0","10.029373875751391","0","true"
"Specification-Baseline__Cost-1__Fee-American__Starts-50","9","59","0","P","7","14","P Offer","P Liability Signal: 5;P Files: 1;D Answers: 1;P Abandons: 2","5,1,1,2","0.0769583556172551","false","10.029373875751391","10.029373875751391","8","0.75","0","10.029373875751391","0","true"
"Specification-Baseline__Cost-1__Fee-American__Starts-50","9","59","0","P","7","14","P Offer","P Liability Signal: 5;P Files: 1;D Answers: 1;P Abandons: 2","5,1,1,2","0.0769583556172551","false","10.029373875751391","10.029373875751391","9","0.85","1","10.029373875751391","0","true"
"Specification-Baseline__Cost-1__Fee-American__Starts-50","9","59","0","P","7","14","P Offer","P Liability Signal: 5;P Files: 1;D Answers: 1;P Abandons: 2","5,1,1,2","0.0769583556172551","false","10.029373875751391","10.029373875751391","10","0.95","0","10.029373875751391","0","true"
"Specification-Baseline__Cost-1__Fee-American__Starts-50","9","60","0","P","2","9","P Files","P Liability Signal: 6","6","0.10759999999999999","false","10.434051890298155","10.434051890298155","1","Yes","1","10.434051890298155","0","true"
"Specification-Baseline__Cost-1__Fee-American__Starts-50","9","60","0","P","2","9","P Files","P Liability Signal: 6","6","0.10759999999999999","false","10.434051890298155","10.434051890298155","2","No","0","10.000002984700002","0.43404890559815357","false"
"Specification-Baseline__Cost-1__Fee-American__Starts-50","9","61","0","P","5","20","P Abandons","P Liability Signal: 6;P Files: 1;D Answers: 1","6,1,1","0.06285324400799816","false","10.137928295344262","10.137928295344262","1","Yes","0","9.8550053783599996","0.28292291698426197","false"
"Specification-Baseline__Cost-1__Fee-American__Starts-50","9","61","0","P","5","20","P Abandons","P Liability Signal: 6;P Files: 1;D Answers: 1","6,1,1","0.06285324400799816","false","10.137928295344262","10.137928295344262","2","No","1","10.137928295344262","0","true"
"Specification-Baseline__Cost-1__Fee-American__Starts-50","9","62","0","P","7","14","P Offer","P Liability Signal: 6;P Files: 1;D Answers: 1;P Abandons: 1","6,1,1,1","0","true","","","1","0.05","0.10000000000000001","","",""
"Specification-Baseline__Cost-1__Fee-American__Starts-50","9","62","0","P","7","14","P Offer","P Liability Signal: 6;P Files: 1;D Answers: 1;P Abandons: 1","6,1,1,1","0","true","","","2","0.15","0.10000000000000001","","",""
"Specification-Baseline__Cost-1__Fee-American__Starts-50","9","62","0","P","7","14","P Offer","P Liability Signal: 6;P Files: 1;D Answers: 1;P Abandons: 1","6,1,1,1","0","true","","","3","0.25","0.10000000000000001","","",""
"Specification-Baseline__Cost-1__Fee-American__Starts-50","9","62","0","P","7","14","P Offer","P Liability Signal: 6;P Files: 1;D Answers: 1;P Abandons: 1","6,1,1,1","0","true","","","4","0.35","0.10000000000000001","","",""
"Specification-Baseline__Cost-1__Fee-American__Starts-50","9","62","0","P","7","14","P Offer","P Liability Signal: 6;P Files: 1;D Answers: 1;P Abandons: 1","6,1,1,1","0","true","","","5","0.45","0.10000000000000001","","",""
"Specification-Baseline__Cost-1__Fee-American__Starts-50","9","62","0","P","7","14","P Offer","P Liability Signal: 6;P Files: 1;D Answers: 1;P Abandons: 1","6,1,1,1","0","true","","","6","0.55","0.10000000000000001","","",""
"Specification-Baseline__Cost-1__Fee-American__Starts-50","9","62","0","P","7","14","P Offer","P Liability Signal: 6;P Files: 1;D Answers: 1;P Abandons: 1","6,1,1,1","0","true","","","7","0.65","0.10000000000000001","","",""
"Specification-Baseline__Cost-1__Fee-American__Starts-50","9","62","0","P","7","14","P Offer","P Liability Signal: 6;P Files: 1;D Answers: 1;P Abandons: 1","6,1,1,1","0","true","","","8","0.75","0.10000000000000001","","",""
"Specification-Baseline__Cost-1__Fee-American__Starts-50","9","62","0","P","7","14","P Offer","P Liability Signal: 6;P Files: 1;D Answers: 1;P Abandons: 1","6,1,1,1","0","true","","","9","0.85","0.10000000000000001","","",""
"Specification-Baseline__Cost-1__Fee-American__Starts-50","9","62","0","P","7","14","P Offer","P Liability Signal: 6;P Files: 1;D Answers: 1;P Abandons: 1","6,1,1,1","0","true","","","10","0.95","0.10000000000000001","","",""
"Specification-Baseline__Cost-1__Fee-American__Starts-50","9","63","0","P","7","14","P Offer","P Liability Signal: 6;P Files: 1;D Answers: 1;P Abandons: 2","6,1,1,2","0.06285324400799816","false","10.137928295344262","10.137928295344262","1","0.05","0","9.900004635500002","0.23792365984425956","false"
"Specification-Baseline__Cost-1__Fee-American__Starts-50","9","63","0","P","7","14","P Offer","P Liability Signal: 6;P Files: 1;D Answers: 1;P Abandons: 2","6,1,1,2","0.06285324400799816","false","10.137928295344262","10.137928295344262","2","0.15","0","10.137928295344262","0","true"
"Specification-Baseline__Cost-1__Fee-American__Starts-50","9","63","0","P","7","14","P Offer","P Liability Signal: 6;P Files: 1;D Answers: 1;P Abandons: 2","6,1,1,2","0.06285324400799816","false","10.137928295344262","10.137928295344262","3","0.25","0","10.137928295344262","0","true"
"Specification-Baseline__Cost-1__Fee-American__Starts-50","9","63","0","P","7","14","P Offer","P Liability Signal: 6;P Files: 1;D Answers: 1;P Abandons: 2","6,1,1,2","0.06285324400799816","false","10.137928295344262","10.137928295344262","4","0.35","0","10.137928295344262","0","true"
"Specification-Baseline__Cost-1__Fee-American__Starts-50","9","63","0","P","7","14","P Offer","P Liability Signal: 6;P Files: 1;D Answers: 1;P Abandons: 2","6,1,1,2","0.06285324400799816","false","10.137928295344262","10.137928295344262","5","0.45","0","10.137928295344262","0","true"
"Specification-Baseline__Cost-1__Fee-American__Starts-50","9","63","0","P","7","14","P Offer","P Liability Signal: 6;P Files: 1;D Answers: 1;P Abandons: 2","6,1,1,2","0.06285324400799816","false","10.137928295344262","10.137928295344262","6","0.55","0","10.137928295344262","0","true"
"Specification-Baseline__Cost-1__Fee-American__Starts-50","9","63","0","P","7","14","P Offer","P Liability Signal: 6;P Files: 1;D Answers: 1;P Abandons: 2","6,1,1,2","0.06285324400799816","false","10.137928295344262","10.137928295344262","7","0.65","0","10.137928295344262","0","true"
"Specification-Baseline__Cost-1__Fee-American__Starts-50","9","63","0","P","7","14","P Offer","P Liability Signal: 6;P Files: 1;D Answers: 1;P Abandons: 2","6,1,1,2","0.06285324400799816","false","10.137928295344262","10.137928295344262","8","0.75","0","10.137928295344262","0","true"
"Specification-Baseline__Cost-1__Fee-American__Starts-50","9","63","0","P","7","14","P Offer","P Liability Signal: 6;P Files: 1;D Answers: 1;P Abandons: 2","6,1,1,2","0.06285324400799816","false","10.137928295344262","10.137928295344262","9","0.85","1","10.137928295344262","0","true"
"Specification-Baseline__Cost-1__Fee-American__Starts-50","9","63","0","P","7","14","P Offer","P Liability Signal: 6;P Files: 1;D Answers: 1;P Abandons: 2","6,1,1,2","0.06285324400799816","false","10.137928295344262","10.137928295344262","10","0.95","0","10.137928295344262","0","true"
"Specification-Baseline__Cost-1__Fee-American__Starts-50","9","64","0","P","2","9","P Files","P Liability Signal: 7","7","0.10809999999999999","false","10.580344278454479","10.580344278454479","1","Yes","1","10.580344278454479","0","true"
"Specification-Baseline__Cost-1__Fee-American__Starts-50","9","64","0","P","2","9","P Files","P Liability Signal: 7","7","0.10809999999999999","false","10.580344278454479","10.580344278454479","2","No","0","10.0000029847","0.58034129375447918","false"
"Specification-Baseline__Cost-1__Fee-American__Starts-50","9","65","0","P","5","20","P Abandons","P Liability Signal: 7;P Files: 1;D Answers: 1","7,1,1","0.048646946953911273","false","10.250789045884265","10.250789045884265","1","Yes","0","9.8550053783599996","0.39578366752426497","false"
"Specification-Baseline__Cost-1__Fee-American__Starts-50","9","65","0","P","5","20","P Abandons","P Liability Signal: 7;P Files: 1;D Answers: 1","7,1,1","0.048646946953911273","false","10.250789045884265","10.250789045884265","2","No","1","10.250789045884265","0","true"
"Specification-Baseline__Cost-1__Fee-American__Starts-50","9","66","0","P","7","14","P Offer","P Liability Signal: 7;P Files: 1;D Answers: 1;P Abandons: 1","7,1,1,1","0","true","","","1","0.05","0.10000000000000001","","",""
"Specification-Baseline__Cost-1__Fee-American__Starts-50","9","66","0","P","7","14","P Offer","P Liability Signal: 7;P Files: 1;D Answers: 1;P Abandons: 1","7,1,1,1","0","true","","","2","0.15","0.10000000000000001","","",""
"Specification-Baseline__Cost-1__Fee-American__Starts-50","9","66","0","P","7","14","P Offer","P Liability Signal: 7;P Files: 1;D Answers: 1;P Abandons: 1","7,1,1,1","0","true","","","3","0.25","0.10000000000000001","","",""
"Specification-Baseline__Cost-1__Fee-American__Starts-50","9","66","0","P","7","14","P Offer","P Liability Signal: 7;P Files: 1;D Answers: 1;P Abandons: 1","7,1,1,1","0","true","","","4","0.35","0.10000000000000001","","",""
"Specification-Baseline__Cost-1__Fee-American__Starts-50","9","66","0","P","7","14","P Offer","P Liability Signal: 7;P Files: 1;D Answers: 1;P Abandons: 1","7,1,1,1","0","true","","","5","0.45","0.10000000000000001","","",""
"Specification-Baseline__Cost-1__Fee-American__Starts-50","9","66","0","P","7","14","P Offer","P Liability Signal: 7;P Files: 1;D Answers: 1;P Abandons: 1","7,1,1,1","0","true","","","6","0.55","0.10000000000000001","","",""
"Specification-Baseline__Cost-1__Fee-American__Starts-50","9","66","0","P","7","14","P Offer","P Liability Signal: 7;P Files: 1;D Answers: 1;P Abandons: 1","7,1,1,1","0","true","","","7","0.65","0.10000000000000001","","",""
"Specification-Baseline__Cost-1__Fee-American__Starts-50","9","66","0","P","7","14","P Offer","P Liability Signal: 7;P Files: 1;D Answers: 1;P Abandons: 1","7,1,1,1","0","true","","","8","0.75","0.10000000000000001","","",""
"Specification-Baseline__Cost-1__Fee-American__Starts-50","9","66","0","P","7","14","P Offer","P Liability Signal: 7;P Files: 1;D Answers: 1;P Abandons: 1","7,1,1,1","0","true","","","9","0.85","0.10000000000000001","","",""
"Specification-Baseline__Cost-1__Fee-American__Starts-50","9","66","0","P","7","14","P Offer","P Liability Signal: 7;P Files: 1;D Answers: 1;P Abandons: 1","7,1,1,1","0","true","","","10","0.95","0.10000000000000001","","",""
"Specification-Baseline__Cost-1__Fee-American__Starts-50","9","67","0","P","7","14","P Offer","P Liability Signal: 7;P Files: 1;D Answers: 1;P Abandons: 2","7,1,1,2","0.048646946953911273","false","10.250789045884265","10.250789045884265","1","0.05","0","9.9000046355000002","0.35078441038426433","false"
"Specification-Baseline__Cost-1__Fee-American__Starts-50","9","67","0","P","7","14","P Offer","P Liability Signal: 7;P Files: 1;D Answers: 1;P Abandons: 2","7,1,1,2","0.048646946953911273","false","10.250789045884265","10.250789045884265","2","0.15","0","10.250789045884265","0","true"
"Specification-Baseline__Cost-1__Fee-American__Starts-50","9","67","0","P","7","14","P Offer","P Liability Signal: 7;P Files: 1;D Answers: 1;P Abandons: 2","7,1,1,2","0.048646946953911273","false","10.250789045884265","10.250789045884265","3","0.25","0","10.250789045884265","0","true"
"Specification-Baseline__Cost-1__Fee-American__Starts-50","9","67","0","P","7","14","P Offer","P Liability Signal: 7;P Files: 1;D Answers: 1;P Abandons: 2","7,1,1,2","0.048646946953911273","false","10.250789045884265","10.250789045884265","4","0.35","0","10.250789045884265","0","true"
"Specification-Baseline__Cost-1__Fee-American__Starts-50","9","67","0","P","7","14","P Offer","P Liability Signal: 7;P Files: 1;D Answers: 1;P Abandons: 2","7,1,1,2","0.048646946953911273","false","10.250789045884265","10.250789045884265","5","0.45","0","10.250789045884265","0","true"
"Specification-Baseline__Cost-1__Fee-American__Starts-50","9","67","0","P","7","14","P Offer","P Liability Signal: 7;P Files: 1;D Answers: 1;P Abandons: 2","7,1,1,2","0.048646946953911273","false","10.250789045884265","10.250789045884265","6","0.55","0","10.250789045884265","0","true"
"Specification-Baseline__Cost-1__Fee-American__Starts-50","9","67","0","P","7","14","P Offer","P Liability Signal: 7;P Files: 1;D Answers: 1;P Abandons: 2","7,1,1,2","0.048646946953911273","false","10.250789045884265","10.250789045884265","7","0.65","0","10.250789045884265","0","true"
"Specification-Baseline__Cost-1__Fee-American__Starts-50","9","67","0","P","7","14","P Offer","P Liability Signal: 7;P Files: 1;D Answers: 1;P Abandons: 2","7,1,1,2","0.048646946953911273","false","10.250789045884265","10.250789045884265","8","0.75","0","10.250789045884265","0","true"
"Specification-Baseline__Cost-1__Fee-American__Starts-50","9","67","0","P","7","14","P Offer","P Liability Signal: 7;P Files: 1;D Answers: 1;P Abandons: 2","7,1,1,2","0.048646946953911273","false","10.250789045884265","10.250789045884265","9","0.85","0","10.250789045884265","0","true"
"Specification-Baseline__Cost-1__Fee-American__Starts-50","9","67","0","P","7","14","P Offer","P Liability Signal: 7;P Files: 1;D Answers: 1;P Abandons: 2","7,1,1,2","0.048646946953911273","false","10.250789045884265","10.250789045884265","10","0.95","1","10.250789045884265","0","true"
"Specification-Baseline__Cost-1__Fee-American__Starts-50","9","68","0","P","2","9","P Files","P Liability Signal: 8","8","0.10618","false","10.685022937562374","10.685022937562374","1","Yes","1","10.685022937562374","0","true"
"Specification-Baseline__Cost-1__Fee-American__Starts-50","9","68","0","P","2","9","P Files","P Liability Signal: 8","8","0.10618","false","10.685022937562374","10.685022937562374","2","No","0","10.0000029847","0.68501995286237438","false"
"Specification-Baseline__Cost-1__Fee-American__Starts-50","9","69","0","P","5","20","P Abandons","P Liability Signal: 8;P Files: 1;D Answers: 1","8,1,1","0.035542833950384184","false","10.357150597105448","10.357150597105448","1","Yes","0","9.8550053783599996","0.50214521874544893","false"
"Specification-Baseline__Cost-1__Fee-American__Starts-50","9","69","0","P","5","20","P Abandons","P Liability Signal: 8;P Files: 1;D Answers: 1","8,1,1","0.035542833950384184","false","10.357150597105448","10.357150597105448","2","No","1","10.357150597105448","0","true"
"Specification-Baseline__Cost-1__Fee-American__Starts-50","9","70","0","P","7","14","P Offer","P Liability Signal: 8;P Files: 1;D Answers: 1;P Abandons: 1","8,1,1,1","0","true","","","1","0.05","0.10000000000000001","","",""
"Specification-Baseline__Cost-1__Fee-American__Starts-50","9","70","0","P","7","14","P Offer","P Liability Signal: 8;P Files: 1;D Answers: 1;P Abandons: 1","8,1,1,1","0","true","","","2","0.15","0.10000000000000001","","",""
"Specification-Baseline__Cost-1__Fee-American__Starts-50","9","70","0","P","7","14","P Offer","P Liability Signal: 8;P Files: 1;D Answers: 1;P Abandons: 1","8,1,1,1","0","true","","","3","0.25","0.10000000000000001","","",""
"Specification-Baseline__Cost-1__Fee-American__Starts-50","9","70","0","P","7","14","P Offer","P Liability Signal: 8;P Files: 1;D Answers: 1;P Abandons: 1","8,1,1,1","0","true","","","4","0.35","0.10000000000000001","","",""
"Specification-Baseline__Cost-1__Fee-American__Starts-50","9","70","0","P","7","14","P Offer","P Liability Signal: 8;P Files: 1;D Answers: 1;P Abandons: 1","8,1,1,1","0","true","","","5","0.45","0.10000000000000001","","",""
"Specification-Baseline__Cost-1__Fee-American__Starts-50","9","70","0","P","7","14","P Offer","P Liability Signal: 8;P Files: 1;D Answers: 1;P Abandons: 1","8,1,1,1","0","true","","","6","0.55","0.10000000000000001","","",""
"Specification-Baseline__Cost-1__Fee-American__Starts-50","9","70","0","P","7","14","P Offer","P Liability Signal: 8;P Files: 1;D Answers: 1;P Abandons: 1","8,1,1,1","0","true","","","7","0.65","0.10000000000000001","","",""
"Specification-Baseline__Cost-1__Fee-American__Starts-50","9","70","0","P","7","14","P Offer","P Liability Signal: 8;P Files: 1;D Answers: 1;P Abandons: 1","8,1,1,1","0","true","","","8","0.75","0.10000000000000001","","",""
"Specification-Baseline__Cost-1__Fee-American__Starts-50","9","70","0","P","7","14","P Offer","P Liability Signal: 8;P Files: 1;D Answers: 1;P Abandons: 1","8,1,1,1","0","true","","","9","0.85","0.10000000000000001","","",""
"Specification-Baseline__Cost-1__Fee-American__Starts-50","9","70","0","P","7","14","P Offer","P Liability Signal: 8;P Files: 1;D Answers: 1;P Abandons: 1","8,1,1,1","0","true","","","10","0.95","0.10000000000000001","","",""
"Specification-Baseline__Cost-1__Fee-American__Starts-50","9","71","0","P","7","14","P Offer","P Liability Signal: 8;P Files: 1;D Answers: 1;P Abandons: 2","8,1,1,2","0.035542833950384184","false","10.357150597105448","10.357150597105448","1","0.05","0","9.9000046355000002","0.45714596160544829","false"
"Specification-Baseline__Cost-1__Fee-American__Starts-50","9","71","0","P","7","14","P Offer","P Liability Signal: 8;P Files: 1;D Answers: 1;P Abandons: 2","8,1,1,2","0.035542833950384184","false","10.357150597105448","10.357150597105448","2","0.15","0","10.357150597105448","0","true"
"Specification-Baseline__Cost-1__Fee-American__Starts-50","9","71","0","P","7","14","P Offer","P Liability Signal: 8;P Files: 1;D Answers: 1;P Abandons: 2","8,1,1,2","0.035542833950384184","false","10.357150597105448","10.357150597105448","3","0.25","0","10.357150597105448","0","true"
"Specification-Baseline__Cost-1__Fee-American__Starts-50","9","71","0","P","7","14","P Offer","P Liability Signal: 8;P Files: 1;D Answers: 1;P Abandons: 2","8,1,1,2","0.035542833950384184","false","10.357150597105448","10.357150597105448","4","0.35","0","10.357150597105448","0","true"
"Specification-Baseline__Cost-1__Fee-American__Starts-50","9","71","0","P","7","14","P Offer","P Liability Signal: 8;P Files: 1;D Answers: 1;P Abandons: 2","8,1,1,2","0.035542833950384184","false","10.357150597105448","10.357150597105448","5","0.45","0","10.357150597105448","0","true"
"Specification-Baseline__Cost-1__Fee-American__Starts-50","9","71","0","P","7","14","P Offer","P Liability Signal: 8;P Files: 1;D Answers: 1;P Abandons: 2","8,1,1,2","0.035542833950384184","false","10.357150597105448","10.357150597105448","6","0.55","0","10.357150597105448","0","true"
"Specification-Baseline__Cost-1__Fee-American__Starts-50","9","71","0","P","7","14","P Offer","P Liability Signal: 8;P Files: 1;D Answers: 1;P Abandons: 2","8,1,1,2","0.035542833950384184","false","10.357150597105448","10.357150597105448","7","0.65","0","10.357150597105448","0","true"
"Specification-Baseline__Cost-1__Fee-American__Starts-50","9","71","0","P","7","14","P Offer","P Liability Signal: 8;P Files: 1;D Answers: 1;P Abandons: 2","8,1,1,2","0.035542833950384184","false","10.357150597105448","10.357150597105448","8","0.75","0","10.357150597105448","0","true"
"Specification-Baseline__Cost-1__Fee-American__Starts-50","9","71","0","P","7","14","P Offer","P Liability Signal: 8;P Files: 1;D Answers: 1;P Abandons: 2","8,1,1,2","0.035542833950384184","false","10.357150597105448","10.357150597105448","9","0.85","0","10.357150597105448","0","true"
"Specification-Baseline__Cost-1__Fee-American__Starts-50","9","71","0","P","7","14","P Offer","P Liability Signal: 8;P Files: 1;D Answers: 1;P Abandons: 2","8,1,1,2","0.035542833950384184","false","10.357150597105448","10.357150597105448","10","0.95","1","10.357150597105448","0","true"
"Specification-Baseline__Cost-1__Fee-American__Starts-50","9","72","0","P","2","9","P Files","P Liability Signal: 9","9","0.097680000000000003","false","10.750275950707447","10.750275950707447","1","Yes","1","10.750275950707447","0","true"
"Specification-Baseline__Cost-1__Fee-American__Starts-50","9","72","0","P","2","9","P Files","P Liability Signal: 9","9","0.097680000000000003","false","10.750275950707447","10.750275950707447","2","No","0","10.0000029847","0.7502729660074472","false"
"Specification-Baseline__Cost-1__Fee-American__Starts-50","9","73","0","P","5","20","P Abandons","P Liability Signal: 9;P Files: 1;D Answers: 1","9,1,1","0.024270409249815328","false","10.448645204758105","10.448645204758105","1","Yes","0","9.8550053783599978","0.59363982639810686","false"
"Specification-Baseline__Cost-1__Fee-American__Starts-50","9","73","0","P","5","20","P Abandons","P Liability Signal: 9;P Files: 1;D Answers: 1","9,1,1","0.024270409249815328","false","10.448645204758105","10.448645204758105","2","No","1","10.448645204758105","0","true"
"Specification-Baseline__Cost-1__Fee-American__Starts-50","9","74","0","P","7","14","P Offer","P Liability Signal: 9;P Files: 1;D Answers: 1;P Abandons: 1","9,1,1,1","0","true","","","1","0.05","0.10000000000000001","","",""
"Specification-Baseline__Cost-1__Fee-American__Starts-50","9","74","0","P","7","14","P Offer","P Liability Signal: 9;P Files: 1;D Answers: 1;P Abandons: 1","9,1,1,1","0","true","","","2","0.15","0.10000000000000001","","",""
"Specification-Baseline__Cost-1__Fee-American__Starts-50","9","74","0","P","7","14","P Offer","P Liability Signal: 9;P Files: 1;D Answers: 1;P Abandons: 1","9,1,1,1","0","true","","","3","0.25","0.10000000000000001","","",""
"Specification-Baseline__Cost-1__Fee-American__Starts-50","9","74","0","P","7","14","P Offer","P Liability Signal: 9;P Files: 1;D Answers: 1;P Abandons: 1","9,1,1,1","0","true","","","4","0.35","0.10000000000000001","","",""
"Specification-Baseline__Cost-1__Fee-American__Starts-50","9","74","0","P","7","14","P Offer","P Liability Signal: 9;P Files: 1;D Answers: 1;P Abandons: 1","9,1,1,1","0","true","","","5","0.45","0.10000000000000001","","",""
"Specification-Baseline__Cost-1__Fee-American__Starts-50","9","74","0","P","7","14","P Offer","P Liability Signal: 9;P Files: 1;D Answers: 1;P Abandons: 1","9,1,1,1","0","true","","","6","0.55","0.10000000000000001","","",""
"Specification-Baseline__Cost-1__Fee-American__Starts-50","9","74","0","P","7","14","P Offer","P Liability Signal: 9;P Files: 1;D Answers: 1;P Abandons: 1","9,1,1,1","0","true","","","7","0.65","0.10000000000000001","","",""
"Specification-Baseline__Cost-1__Fee-American__Starts-50","9","74","0","P","7","14","P Offer","P Liability Signal: 9;P Files: 1;D Answers: 1;P Abandons: 1","9,1,1,1","0","true","","","8","0.75","0.10000000000000001","","",""
"Specification-Baseline__Cost-1__Fee-American__Starts-50","9","74","0","P","7","14","P Offer","P Liability Signal: 9;P Files: 1;D Answers: 1;P Abandons: 1","9,1,1,1","0","true","","","9","0.85","0.10000000000000001","","",""
"Specification-Baseline__Cost-1__Fee-American__Starts-50","9","74","0","P","7","14","P Offer","P Liability Signal: 9;P Files: 1;D Answers: 1;P Abandons: 1","9,1,1,1","0","true","","","10","0.95","0.10000000000000001","","",""
"Specification-Baseline__Cost-1__Fee-American__Starts-50","9","75","0","P","7","14","P Offer","P Liability Signal: 9;P Files: 1;D Answers: 1;P Abandons: 2","9,1,1,2","0.024270409249815328","false","10.448645204758105","10.448645204758105","1","0.05","0","9.9000046355000002","0.54864056925810445","false"
"Specification-Baseline__Cost-1__Fee-American__Starts-50","9","75","0","P","7","14","P Offer","P Liability Signal: 9;P Files: 1;D Answers: 1;P Abandons: 2","9,1,1,2","0.024270409249815328","false","10.448645204758105","10.448645204758105","2","0.15","0","10.448645204758105","0","true"
"Specification-Baseline__Cost-1__Fee-American__Starts-50","9","75","0","P","7","14","P Offer","P Liability Signal: 9;P Files: 1;D Answers: 1;P Abandons: 2","9,1,1,2","0.024270409249815328","false","10.448645204758105","10.448645204758105","3","0.25","0","10.448645204758105","0","true"
"Specification-Baseline__Cost-1__Fee-American__Starts-50","9","75","0","P","7","14","P Offer","P Liability Signal: 9;P Files: 1;D Answers: 1;P Abandons: 2","9,1,1,2","0.024270409249815328","false","10.448645204758105","10.448645204758105","4","0.35","0","10.448645204758105","0","true"
"Specification-Baseline__Cost-1__Fee-American__Starts-50","9","75","0","P","7","14","P Offer","P Liability Signal: 9;P Files: 1;D Answers: 1;P Abandons: 2","9,1,1,2","0.024270409249815328","false","10.448645204758105","10.448645204758105","5","0.45","0","10.448645204758105","0","true"
"Specification-Baseline__Cost-1__Fee-American__Starts-50","9","75","0","P","7","14","P Offer","P Liability Signal: 9;P Files: 1;D Answers: 1;P Abandons: 2","9,1,1,2","0.024270409249815328","false","10.448645204758105","10.448645204758105","6","0.55","0","10.448645204758105","0","true"
"Specification-Baseline__Cost-1__Fee-American__Starts-50","9","75","0","P","7","14","P Offer","P Liability Signal: 9;P Files: 1;D Answers: 1;P Abandons: 2","9,1,1,2","0.024270409249815328","false","10.448645204758105","10.448645204758105","7","0.65","0","10.448645204758105","0","true"
"Specification-Baseline__Cost-1__Fee-American__Starts-50","9","75","0","P","7","14","P Offer","P Liability Signal: 9;P Files: 1;D Answers: 1;P Abandons: 2","9,1,1,2","0.024270409249815328","false","10.448645204758105","10.448645204758105","8","0.75","0","10.448645204758105","0","true"
"Specification-Baseline__Cost-1__Fee-American__Starts-50","9","75","0","P","7","14","P Offer","P Liability Signal: 9;P Files: 1;D Answers: 1;P Abandons: 2","9,1,1,2","0.024270409249815328","false","10.448645204758105","10.448645204758105","9","0.85","0","10.448645204758105","0","true"
"Specification-Baseline__Cost-1__Fee-American__Starts-50","9","75","0","P","7","14","P Offer","P Liability Signal: 9;P Files: 1;D Answers: 1;P Abandons: 2","9,1,1,2","0.024270409249815328","false","10.448645204758105","10.448645204758105","10","0.95","1","10.448645204758105","0","true"
"Specification-Baseline__Cost-1__Fee-American__Starts-50","9","76","0","P","2","9","P Files","P Liability Signal: 10","10","0.080430000000000001","false","10.787657751543046","10.787657751543046","1","Yes","1","10.787657751543046","0","true"
"Specification-Baseline__Cost-1__Fee-American__Starts-50","9","76","0","P","2","9","P Files","P Liability Signal: 10","10","0.080430000000000001","false","10.787657751543046","10.787657751543046","2","No","0","10.0000029847","0.78765476684304581","false"
"Specification-Baseline__Cost-1__Fee-American__Starts-50","9","77","0","P","5","20","P Abandons","P Liability Signal: 10;P Files: 1;D Answers: 1","10,1,1","0.015232633228031523","false","10.5208259846915","10.5208259846915","1","Yes","0","9.8550053783599996","0.66582060633150064","false"
"Specification-Baseline__Cost-1__Fee-American__Starts-50","9","77","0","P","5","20","P Abandons","P Liability Signal: 10;P Files: 1;D Answers: 1","10,1,1","0.015232633228031523","false","10.5208259846915","10.5208259846915","2","No","1","10.5208259846915","0","true"
"Specification-Baseline__Cost-1__Fee-American__Starts-50","9","78","0","P","7","14","P Offer","P Liability Signal: 10;P Files: 1;D Answers: 1;P Abandons: 1","10,1,1,1","0","true","","","1","0.05","0.10000000000000001","","",""
"Specification-Baseline__Cost-1__Fee-American__Starts-50","9","78","0","P","7","14","P Offer","P Liability Signal: 10;P Files: 1;D Answers: 1;P Abandons: 1","10,1,1,1","0","true","","","2","0.15","0.10000000000000001","","",""
"Specification-Baseline__Cost-1__Fee-American__Starts-50","9","78","0","P","7","14","P Offer","P Liability Signal: 10;P Files: 1;D Answers: 1;P Abandons: 1","10,1,1,1","0","true","","","3","0.25","0.10000000000000001","","",""
"Specification-Baseline__Cost-1__Fee-American__Starts-50","9","78","0","P","7","14","P Offer","P Liability Signal: 10;P Files: 1;D Answers: 1;P Abandons: 1","10,1,1,1","0","true","","","4","0.35","0.10000000000000001","","",""
"Specification-Baseline__Cost-1__Fee-American__Starts-50","9","78","0","P","7","14","P Offer","P Liability Signal: 10;P Files: 1;D Answers: 1;P Abandons: 1","10,1,1,1","0","true","","","5","0.45","0.10000000000000001","","",""
"Specification-Baseline__Cost-1__Fee-American__Starts-50","9","78","0","P","7","14","P Offer","P Liability Signal: 10;P Files: 1;D Answers: 1;P Abandons: 1","10,1,1,1","0","true","","","6","0.55","0.10000000000000001","","",""
"Specification-Baseline__Cost-1__Fee-American__Starts-50","9","78","0","P","7","14","P Offer","P Liability Signal: 10;P Files: 1;D Answers: 1;P Abandons: 1","10,1,1,1","0","true","","","7","0.65","0.10000000000000001","","",""
"Specification-Baseline__Cost-1__Fee-American__Starts-50","9","78","0","P","7","14","P Offer","P Liability Signal: 10;P Files: 1;D Answers: 1;P Abandons: 1","10,1,1,1","0","true","","","8","0.75","0.10000000000000001","","",""
"Specification-Baseline__Cost-1__Fee-American__Starts-50","9","78","0","P","7","14","P Offer","P Liability Signal: 10;P Files: 1;D Answers: 1;P Abandons: 1","10,1,1,1","0","true","","","9","0.85","0.10000000000000001","","",""
"Specification-Baseline__Cost-1__Fee-American__Starts-50","9","78","0","P","7","14","P Offer","P Liability Signal: 10;P Files: 1;D Answers: 1;P Abandons: 1","10,1,1,1","0","true","","","10","0.95","0.10000000000000001","","",""
"Specification-Baseline__Cost-1__Fee-American__Starts-50","9","79","0","P","7","14","P Offer","P Liability Signal: 10;P Files: 1;D Answers: 1;P Abandons: 2","10,1,1,2","0.015232633228031523","false","10.5208259846915","10.5208259846915","1","0.05","0","9.9000046355000002","0.6208213491915","false"
"Specification-Baseline__Cost-1__Fee-American__Starts-50","9","79","0","P","7","14","P Offer","P Liability Signal: 10;P Files: 1;D Answers: 1;P Abandons: 2","10,1,1,2","0.015232633228031523","false","10.5208259846915","10.5208259846915","2","0.15","0","10.5208259846915","0","true"
"Specification-Baseline__Cost-1__Fee-American__Starts-50","9","79","0","P","7","14","P Offer","P Liability Signal: 10;P Files: 1;D Answers: 1;P Abandons: 2","10,1,1,2","0.015232633228031523","false","10.5208259846915","10.5208259846915","3","0.25","0","10.5208259846915","0","true"
"Specification-Baseline__Cost-1__Fee-American__Starts-50","9","79","0","P","7","14","P Offer","P Liability Signal: 10;P Files: 1;D Answers: 1;P Abandons: 2","10,1,1,2","0.015232633228031523","false","10.5208259846915","10.5208259846915","4","0.35","0","10.5208259846915","0","true"
"Specification-Baseline__Cost-1__Fee-American__Starts-50","9","79","0","P","7","14","P Offer","P Liability Signal: 10;P Files: 1;D Answers: 1;P Abandons: 2","10,1,1,2","0.015232633228031523","false","10.5208259846915","10.5208259846915","5","0.45","0","10.5208259846915","0","true"
"Specification-Baseline__Cost-1__Fee-American__Starts-50","9","79","0","P","7","14","P Offer","P Liability Signal: 10;P Files: 1;D Answers: 1;P Abandons: 2","10,1,1,2","0.015232633228031523","false","10.5208259846915","10.5208259846915","6","0.55","0","10.5208259846915","0","true"
"Specification-Baseline__Cost-1__Fee-American__Starts-50","9","79","0","P","7","14","P Offer","P Liability Signal: 10;P Files: 1;D Answers: 1;P Abandons: 2","10,1,1,2","0.015232633228031523","false","10.5208259846915","10.5208259846915","7","0.65","0","10.5208259846915","0","true"
"Specification-Baseline__Cost-1__Fee-American__Starts-50","9","79","0","P","7","14","P Offer","P Liability Signal: 10;P Files: 1;D Answers: 1;P Abandons: 2","10,1,1,2","0.015232633228031523","false","10.5208259846915","10.5208259846915","8","0.75","0","10.5208259846915","0","true"
"Specification-Baseline__Cost-1__Fee-American__Starts-50","9","79","0","P","7","14","P Offer","P Liability Signal: 10;P Files: 1;D Answers: 1;P Abandons: 2","10,1,1,2","0.015232633228031523","false","10.5208259846915","10.5208259846915","9","0.85","0","10.5208259846915","0","true"
"Specification-Baseline__Cost-1__Fee-American__Starts-50","9","79","0","P","7","14","P Offer","P Liability Signal: 10;P Files: 1;D Answers: 1;P Abandons: 2","10,1,1,2","0.015232633228031523","false","10.5208259846915","10.5208259846915","10","0.95","1","10.5208259846915","0","true"
"Specification-Baseline__Cost-1__Fee-American__Starts-50","9","1","1","D","3","10","D Answers","D Liability Signal: 1;P Files: 1","1,1","0.040495367043623019","false","9.641395206032735","9.641395206032735","1","Yes","1","9.641395206032735","0","true"
"Specification-Baseline__Cost-1__Fee-American__Starts-50","9","1","1","D","3","10","D Answers","D Liability Signal: 1;P Files: 1","1,1","0.040495367043623019","false","9.641395206032735","9.641395206032735","2","No","0","9.0000086771000003","0.64138652893273473","false"
"Specification-Baseline__Cost-1__Fee-American__Starts-50","9","3","1","D","6","21","D Defaults","D Liability Signal: 1;P Files: 1;D Answers: 1","1,1,1","0.040495367043623019","false","9.641395206032735","9.641395206032735","1","Yes","0","9.1229460423922664","0.51844916364046867","false"
"Specification-Baseline__Cost-1__Fee-American__Starts-50","9","3","1","D","6","21","D Defaults","D Liability Signal: 1;P Files: 1;D Answers: 1","1,1,1","0.040495367043623019","false","9.641395206032735","9.641395206032735","2","No","1","9.641395206032735","0","true"
"Specification-Baseline__Cost-1__Fee-American__Starts-50","9","5","1","D","8","15","D Offer","D Liability Signal: 1;P Files: 1;D Answers: 1;D Defaults: 1","1,1,1,1","0","true","","","1","0.05","0.10000000000000001","","",""
"Specification-Baseline__Cost-1__Fee-American__Starts-50","9","5","1","D","8","15","D Offer","D Liability Signal: 1;P Files: 1;D Answers: 1;D Defaults: 1","1,1,1,1","0","true","","","2","0.15","0.10000000000000001","","",""
"Specification-Baseline__Cost-1__Fee-American__Starts-50","9","5","1","D","8","15","D Offer","D Liability Signal: 1;P Files: 1;D Answers: 1;D Defaults: 1","1,1,1,1","0","true","","","3","0.25","0.10000000000000001","","",""
"Specification-Baseline__Cost-1__Fee-American__Starts-50","9","5","1","D","8","15","D Offer","D Liability Signal: 1;P Files: 1;D Answers: 1;D Defaults: 1","1,1,1,1","0","true","","","4","0.35","0.10000000000000001","","",""
"Specification-Baseline__Cost-1__Fee-American__Starts-50","9","5","1","D","8","15","D Offer","D Liability Signal: 1;P Files: 1;D Answers: 1;D Defaults: 1","1,1,1,1","0","true","","","5","0.45","0.10000000000000001","","",""
"Specification-Baseline__Cost-1__Fee-American__Starts-50","9","5","1","D","8","15","D Offer","D Liability Signal: 1;P Files: 1;D Answers: 1;D Defaults: 1","1,1,1,1","0","true","","","6","0.55","0.10000000000000001","","",""
"Specification-Baseline__Cost-1__Fee-American__Starts-50","9","5","1","D","8","15","D Offer","D Liability Signal: 1;P Files: 1;D Answers: 1;D Defaults: 1","1,1,1,1","0","true","","","7","0.65","0.10000000000000001","","",""
"Specification-Baseline__Cost-1__Fee-American__Starts-50","9","5","1","D","8","15","D Offer","D Liability Signal: 1;P Files: 1;D Answers: 1;D Defaults: 1","1,1,1,1","0","true","","","8","0.75","0.10000000000000001","","",""
"Specification-Baseline__Cost-1__Fee-American__Starts-50","9","5","1","D","8","15","D Offer","D Liability Signal: 1;P Files: 1;D Answers: 1;D Defaults: 1","1,1,1,1","0","true","","","9","0.85","0.10000000000000001","","",""
"Specification-Baseline__Cost-1__Fee-American__Starts-50","9","5","1","D","8","15","D Offer","D Liability Signal: 1;P Files: 1;D Answers: 1;D Defaults: 1","1,1,1,1","0","true","","","10","0.95","0.10000000000000001","","",""
"Specification-Baseline__Cost-1__Fee-American__Starts-50","9","6","1","D","8","15","D Offer","D Liability Signal: 1;P Files: 1;D Answers: 1;D Defaults: 2","1,1,1,2","0.040495367043623019","false","9.641395206032735","9.641395206032735","1","0.05","1","9.641395206032735","0","true"
"Specification-Baseline__Cost-1__Fee-American__Starts-50","9","6","1","D","8","15","D Offer","D Liability Signal: 1;P Files: 1;D Answers: 1;D Defaults: 2","1,1,1,2","0.040495367043623019","false","9.641395206032735","9.641395206032735","2","0.15","0","9.6235763598938568","0.017818846138878186","false"
"Specification-Baseline__Cost-1__Fee-American__Starts-50","9","6","1","D","8","15","D Offer","D Liability Signal: 1;P Files: 1;D Answers: 1;D Defaults: 2","1,1,1,2","0.040495367043623019","false","9.641395206032735","9.641395206032735","3","0.25","0","9.6057575137549787","0.035637692277756372","false"
"Specification-Baseline__Cost-1__Fee-American__Starts-50","9","6","1","D","8","15","D Offer","D Liability Signal: 1;P Files: 1;D Answers: 1;D Defaults: 2","1,1,1,2","0.040495367043623019","false","9.641395206032735","9.641395206032735","4","0.35","0","9.5879386676161005","0.053456538416634558","false"
"Specification-Baseline__Cost-1__Fee-American__Starts-50","9","6","1","D","8","15","D Offer","D Liability Signal: 1;P Files: 1;D Answers: 1;D Defaults: 2","1,1,1,2","0.040495367043623019","false","9.641395206032735","9.641395206032735","5","0.45","0","9.5701198214772223","0.071275384555512744","false"
"Specification-Baseline__Cost-1__Fee-American__Starts-50","9","6","1","D","8","15","D Offer","D Liability Signal: 1;P Files: 1;D Answers: 1;D Defaults: 2","1,1,1,2","0.040495367043623019","false","9.641395206032735","9.641395206032735","6","0.55","0","9.5523009753383459","0.089094230694389154","false"
"Specification-Baseline__Cost-1__Fee-American__Starts-50","9","6","1","D","8","15","D Offer","D Liability Signal: 1;P Files: 1;D Answers: 1;D Defaults: 2","1,1,1,2","0.040495367043623019","false","9.641395206032735","9.641395206032735","7","0.65","0","9.5344821291994659","0.10691307683326912","false"
"Specification-Baseline__Cost-1__Fee-American__Starts-50","9","6","1","D","8","15","D Offer","D Liability Signal: 1;P Files: 1;D Answers: 1;D Defaults: 2","1,1,1,2","0.040495367043623019","false","9.641395206032735","9.641395206032735","8","0.75","0","9.5166632830605895","0.12473192297214553","false"
"Specification-Baseline__Cost-1__Fee-American__Starts-50","9","6","1","D","8","15","D Offer","D Liability Signal: 1;P Files: 1;D Answers: 1;D Defaults: 2","1,1,1,2","0.040495367043623019","false","9.641395206032735","9.641395206032735","9","0.85","0","9.1733977237213793","0.46799748231135574","false"
"Specification-Baseline__Cost-1__Fee-American__Starts-50","9","6","1","D","8","15","D Offer","D Liability Signal: 1;P Files: 1;D Answers: 1;D Defaults: 2","1,1,1,2","0.040495367043623019","false","9.641395206032735","9.641395206032735","10","0.95","0","9.0887509676753293","0.55264423835740573","false"
"Specification-Baseline__Cost-1__Fee-American__Starts-50","9","8","1","D","3","10","D Answers","D Liability Signal: 2;P Files: 1","2,1","0.055087652029835787","false","9.5854319358366524","9.5854319358366524","1","Yes","1","9.5854319358366524","0","true"
"Specification-Baseline__Cost-1__Fee-American__Starts-50","9","8","1","D","3","10","D Answers","D Liability Signal: 2;P Files: 1","2,1","0.055087652029835787","false","9.5854319358366524","9.5854319358366524","2","No","0","9.0000086771000021","0.58542325873665035","false"
"Specification-Baseline__Cost-1__Fee-American__Starts-50","9","9","1","D","6","21","D Defaults","D Liability Signal: 2;P Files: 1;D Answers: 1","2,1,1","0.055087652029835787","false","9.5854319358366524","9.5854319358366524","1","Yes","0","9.0877206515647746","0.49771128427187783","false"
"Specification-Baseline__Cost-1__Fee-American__Starts-50","9","9","1","D","6","21","D Defaults","D Liability Signal: 2;P Files: 1;D Answers: 1","2,1,1","0.055087652029835787","false","9.5854319358366524","9.5854319358366524","2","No","1","9.5854319358366524","0","true"
"Specification-Baseline__Cost-1__Fee-American__Starts-50","9","10","1","D","8","15","D Offer","D Liability Signal: 2;P Files: 1;D Answers: 1;D Defaults: 1","2,1,1,1","0","true","","","1","0.05","0.10000000000000001","","",""
"Specification-Baseline__Cost-1__Fee-American__Starts-50","9","10","1","D","8","15","D Offer","D Liability Signal: 2;P Files: 1;D Answers: 1;D Defaults: 1","2,1,1,1","0","true","","","2","0.15","0.10000000000000001","","",""
"Specification-Baseline__Cost-1__Fee-American__Starts-50","9","10","1","D","8","15","D Offer","D Liability Signal: 2;P Files: 1;D Answers: 1;D Defaults: 1","2,1,1,1","0","true","","","3","0.25","0.10000000000000001","","",""
"Specification-Baseline__Cost-1__Fee-American__Starts-50","9","10","1","D","8","15","D Offer","D Liability Signal: 2;P Files: 1;D Answers: 1;D Defaults: 1","2,1,1,1","0","true","","","4","0.35","0.10000000000000001","","",""
"Specification-Baseline__Cost-1__Fee-American__Starts-50","9","10","1","D","8","15","D Offer","D Liability Signal: 2;P Files: 1;D Answers: 1;D Defaults: 1","2,1,1,1","0","true","","","5","0.45","0.10000000000000001","","",""
"Specification-Baseline__Cost-1__Fee-American__Starts-50","9","10","1","D","8","15","D Offer","D Liability Signal: 2;P Files: 1;D Answers: 1;D Defaults: 1","2,1,1,1","0","true","","","6","0.55","0.10000000000000001","","",""
"Specification-Baseline__Cost-1__Fee-American__Starts-50","9","10","1","D","8","15","D Offer","D Liability Signal: 2;P Files: 1;D Answers: 1;D Defaults: 1","2,1,1,1","0","true","","","7","0.65","0.10000000000000001","","",""
"Specification-Baseline__Cost-1__Fee-American__Starts-50","9","10","1","D","8","15","D Offer","D Liability Signal: 2;P Files: 1;D Answers: 1;D Defaults: 1","2,1,1,1","0","true","","","8","0.75","0.10000000000000001","","",""
"Specification-Baseline__Cost-1__Fee-American__Starts-50","9","10","1","D","8","15","D Offer","D Liability Signal: 2;P Files: 1;D Answers: 1;D Defaults: 1","2,1,1,1","0","true","","","9","0.85","0.10000000000000001","","",""
"Specification-Baseline__Cost-1__Fee-American__Starts-50","9","10","1","D","8","15","D Offer","D Liability Signal: 2;P Files: 1;D Answers: 1;D Defaults: 1","2,1,1,1","0","true","","","10","0.95","0.10000000000000001","","",""
"Specification-Baseline__Cost-1__Fee-American__Starts-50","9","11","1","D","8","15","D Offer","D Liability Signal: 2;P Files: 1;D Answers: 1;D Defaults: 2","2,1,1,2","0.055087652029835787","false","9.5854319358366524","9.5854319358366524","1","0.05","1","9.5854319358366524","0","true"
"Specification-Baseline__Cost-1__Fee-American__Starts-50","9","11","1","D","8","15","D Offer","D Liability Signal: 2;P Files: 1;D Answers: 1;D Defaults: 2","2,1,1,2","0.055087652029835787","false","9.5854319358366524","9.5854319358366524","2","0.15","0","9.5700756863125722","0.015356249524080212","false"
"Specification-Baseline__Cost-1__Fee-American__Starts-50","9","11","1","D","8","15","D Offer","D Liability Signal: 2;P Files: 1;D Answers: 1;D Defaults: 2","2,1,1,2","0.055087652029835787","false","9.5854319358366524","9.5854319358366524","3","0.25","0","9.5547194367884902","0.030712499048162201","false"
"Specification-Baseline__Cost-1__Fee-American__Starts-50","9","11","1","D","8","15","D Offer","D Liability Signal: 2;P Files: 1;D Answers: 1;D Defaults: 2","2,1,1,2","0.055087652029835787","false","9.5854319358366524","9.5854319358366524","4","0.35","0","9.5393631872644118","0.046068748572240636","false"
"Specification-Baseline__Cost-1__Fee-American__Starts-50","9","11","1","D","8","15","D Offer","D Liability Signal: 2;P Files: 1;D Answers: 1;D Defaults: 2","2,1,1,2","0.055087652029835787","false","9.5854319358366524","9.5854319358366524","5","0.45","0","9.5240069377403316","0.061424998096320849","false"
"Specification-Baseline__Cost-1__Fee-American__Starts-50","9","11","1","D","8","15","D Offer","D Liability Signal: 2;P Files: 1;D Answers: 1;D Defaults: 2","2,1,1,2","0.055087652029835787","false","9.5854319358366524","9.5854319358366524","6","0.55","0","9.5086506882162514","0.076781247620401061","false"
"Specification-Baseline__Cost-1__Fee-American__Starts-50","9","11","1","D","8","15","D Offer","D Liability Signal: 2;P Files: 1;D Answers: 1;D Defaults: 2","2,1,1,2","0.055087652029835787","false","9.5854319358366524","9.5854319358366524","7","0.65","0","9.4932944386921694","0.092137497144483049","false"
"Specification-Baseline__Cost-1__Fee-American__Starts-50","9","11","1","D","8","15","D Offer","D Liability Signal: 2;P Files: 1;D Answers: 1;D Defaults: 2","2,1,1,2","0.055087652029835787","false","9.5854319358366524","9.5854319358366524","8","0.75","0","9.4779381891680909","0.10749374666856149","false"
"Specification-Baseline__Cost-1__Fee-American__Starts-50","9","11","1","D","8","15","D Offer","D Liability Signal: 2;P Files: 1;D Answers: 1;D Defaults: 2","2,1,1,2","0.055087652029835787","false","9.5854319358366524","9.5854319358366524","9","0.85","0","9.1588144548460484","0.42661748099060404","false"
"Specification-Baseline__Cost-1__Fee-American__Starts-50","9","11","1","D","8","15","D Offer","D Liability Signal: 2;P Files: 1;D Answers: 1;D Defaults: 2","2,1,1,2","0.055087652029835787","false","9.5854319358366524","9.5854319358366524","10","0.95","0","9.0671766722563465","0.51825526358030594","false"
"Specification-Baseline__Cost-1__Fee-American__Starts-50","9","12","1","D","3","10","D Answers","D Liability Signal: 3;P Files: 1","3,1","0.068129421621491354","false","9.503415796580386","9.503415796580386","1","Yes","1","9.503415796580386","0","true"
"Specification-Baseline__Cost-1__Fee-American__Starts-50","9","12","1","D","3","10","D Answers","D Liability Signal: 3;P Files: 1","3,1","0.068129421621491354","false","9.503415796580386","9.503415796580386","2","No","0","9.0000086770999985","0.50340711948038752","false"
"Specification-Baseline__Cost-1__Fee-American__Starts-50","9","13","1","D","6","21","D Defaults","D Liability Signal: 3;P Files: 1;D Answers: 1","3,1,1","0.068129421621491354","false","9.503415796580386","9.503415796580386","1","Yes","0","9.0462875502540374","0.45712824632634863","false"
"Specification-Baseline__Cost-1__Fee-American__Starts-50","9","13","1","D","6","21","D Defaults","D Liability Signal: 3;P Files: 1;D Answers: 1","3,1,1","0.068129421621491354","false","9.503415796580386","9.503415796580386","2","No","1","9.503415796580386","0","true"
"Specification-Baseline__Cost-1__Fee-American__Starts-50","9","14","1","D","8","15","D Offer","D Liability Signal: 3;P Files: 1;D Answers: 1;D Defaults: 1","3,1,1,1","0","true","","","1","0.05","0.10000000000000001","","",""
"Specification-Baseline__Cost-1__Fee-American__Starts-50","9","14","1","D","8","15","D Offer","D Liability Signal: 3;P Files: 1;D Answers: 1;D Defaults: 1","3,1,1,1","0","true","","","2","0.15","0.10000000000000001","","",""
"Specification-Baseline__Cost-1__Fee-American__Starts-50","9","14","1","D","8","15","D Offer","D Liability Signal: 3;P Files: 1;D Answers: 1;D Defaults: 1","3,1,1,1","0","true","","","3","0.25","0.10000000000000001","","",""
"Specification-Baseline__Cost-1__Fee-American__Starts-50","9","14","1","D","8","15","D Offer","D Liability Signal: 3;P Files: 1;D Answers: 1;D Defaults: 1","3,1,1,1","0","true","","","4","0.35","0.10000000000000001","","",""
"Specification-Baseline__Cost-1__Fee-American__Starts-50","9","14","1","D","8","15","D Offer","D Liability Signal: 3;P Files: 1;D Answers: 1;D Defaults: 1","3,1,1,1","0","true","","","5","0.45","0.10000000000000001","","",""
"Specification-Baseline__Cost-1__Fee-American__Starts-50","9","14","1","D","8","15","D Offer","D Liability Signal: 3;P Files: 1;D Answers: 1;D Defaults: 1","3,1,1,1","0","true","","","6","0.55","0.10000000000000001","","",""
"Specification-Baseline__Cost-1__Fee-American__Starts-50","9","14","1","D","8","15","D Offer","D Liability Signal: 3;P Files: 1;D Answers: 1;D Defaults: 1","3,1,1,1","0","true","","","7","0.65","0.10000000000000001","","",""
"Specification-Baseline__Cost-1__Fee-American__Starts-50","9","14","1","D","8","15","D Offer","D Liability Signal: 3;P Files: 1;D Answers: 1;D Defaults: 1","3,1,1,1","0","true","","","8","0.75","0.10000000000000001","","",""
"Specification-Baseline__Cost-1__Fee-American__Starts-50","9","14","1","D","8","15","D Offer","D Liability Signal: 3;P Files: 1;D Answers: 1;D Defaults: 1","3,1,1,1","0","true","","","9","0.85","0.10000000000000001","","",""
"Specification-Baseline__Cost-1__Fee-American__Starts-50","9","14","1","D","8","15","D Offer","D Liability Signal: 3;P Files: 1;D Answers: 1;D Defaults: 1","3,1,1,1","0","true","","","10","0.95","0.10000000000000001","","",""
"Specification-Baseline__Cost-1__Fee-American__Starts-50","9","15","1","D","8","15","D Offer","D Liability Signal: 3;P Files: 1;D Answers: 1;D Defaults: 2","3,1,1,2","0.068129421621491354","false","9.503415796580386","9.503415796580386","1","0.05","1","9.503415796580386","0","true"
"Specification-Baseline__Cost-1__Fee-American__Starts-50","9","15","1","D","8","15","D Offer","D Liability Signal: 3;P Files: 1;D Answers: 1;D Defaults: 2","3,1,1,2","0.068129421621491354","false","9.503415796580386","9.503415796580386","2","0.15","0","9.49093685677677","0.012478939803616029","false"
"Specification-Baseline__Cost-1__Fee-American__Starts-50","9","15","1","D","8","15","D Offer","D Liability Signal: 3;P Files: 1;D Answers: 1;D Defaults: 2","3,1,1,2","0.068129421621491354","false","9.503415796580386","9.503415796580386","3","0.25","0","9.4784579169731522","0.024957879607233835","false"
"Specification-Baseline__Cost-1__Fee-American__Starts-50","9","15","1","D","8","15","D Offer","D Liability Signal: 3;P Files: 1;D Answers: 1;D Defaults: 2","3,1,1,2","0.068129421621491354","false","9.503415796580386","9.503415796580386","4","0.35","0","9.4659789771695344","0.037436819410851641","false"
"Specification-Baseline__Cost-1__Fee-American__Starts-50","9","15","1","D","8","15","D Offer","D Liability Signal: 3;P Files: 1;D Answers: 1;D Defaults: 2","3,1,1,2","0.068129421621491354","false","9.503415796580386","9.503415796580386","5","0.45","0","9.4535000373659166","0.049915759214469446","false"
"Specification-Baseline__Cost-1__Fee-American__Starts-50","9","15","1","D","8","15","D Offer","D Liability Signal: 3;P Files: 1;D Answers: 1;D Defaults: 2","3,1,1,2","0.068129421621491354","false","9.503415796580386","9.503415796580386","6","0.55","0","9.4410210975623006","0.062394699018085475","false"
"Specification-Baseline__Cost-1__Fee-American__Starts-50","9","15","1","D","8","15","D Offer","D Liability Signal: 3;P Files: 1;D Answers: 1;D Defaults: 2","3,1,1,2","0.068129421621491354","false","9.503415796580386","9.503415796580386","7","0.65","0","9.4285421577586828","0.074873638821703281","false"
"Specification-Baseline__Cost-1__Fee-American__Starts-50","9","15","1","D","8","15","D Offer","D Liability Signal: 3;P Files: 1;D Answers: 1;D Defaults: 2","3,1,1,2","0.068129421621491354","false","9.503415796580386","9.503415796580386","8","0.75","0","9.416063217955065","0.087352578625321087","false"
"Specification-Baseline__Cost-1__Fee-American__Starts-50","9","15","1","D","8","15","D Offer","D Liability Signal: 3;P Files: 1;D Answers: 1;D Defaults: 2","3,1,1,2","0.068129421621491354","false","9.503415796580386","9.503415796580386","9","0.85","0","9.1374204690709178","0.36599532750946828","false"
"Specification-Baseline__Cost-1__Fee-American__Starts-50","9","15","1","D","8","15","D Offer","D Liability Signal: 3;P Files: 1;D Answers: 1;D Defaults: 2","3,1,1,2","0.068129421621491354","false","9.503415796580386","9.503415796580386","10","0.95","0","9.0412801983794182","0.46213559820096783","false"
"Specification-Baseline__Cost-1__Fee-American__Starts-50","9","16","1","D","3","10","D Answers","D Liability Signal: 4;P Files: 1","4,1","0.079067828617276611","false","9.3934813972190714","9.3934813972190714","1","Yes","1","9.3934813972190714","0","true"
"Specification-Baseline__Cost-1__Fee-American__Starts-50","9","16","1","D","3","10","D Answers","D Liability Signal: 4;P Files: 1","4,1","0.079067828617276611","false","9.3934813972190714","9.3934813972190714","2","No","0","9.0000086771000003","0.39347272011907108","false"
"Specification-Baseline__Cost-1__Fee-American__Starts-50","9","17","1","D","6","21","D Defaults","D Liability Signal: 4;P Files: 1;D Answers: 1","4,1,1","0.079067828617276611","false","9.3934813972190714","9.3934813972190714","1","Yes","0","9.0020607835729756","0.39142061364609582","false"
"Specification-Baseline__Cost-1__Fee-American__Starts-50","9","17","1","D","6","21","D Defaults","D Liability Signal: 4;P Files: 1;D Answers: 1","4,1,1","0.079067828617276611","false","9.3934813972190714","9.3934813972190714","2","No","1","9.3934813972190714","0","true"
"Specification-Baseline__Cost-1__Fee-American__Starts-50","9","18","1","D","8","15","D Offer","D Liability Signal: 4;P Files: 1;D Answers: 1;D Defaults: 1","4,1,1,1","0","true","","","1","0.05","0.10000000000000001","","",""
"Specification-Baseline__Cost-1__Fee-American__Starts-50","9","18","1","D","8","15","D Offer","D Liability Signal: 4;P Files: 1;D Answers: 1;D Defaults: 1","4,1,1,1","0","true","","","2","0.15","0.10000000000000001","","",""
"Specification-Baseline__Cost-1__Fee-American__Starts-50","9","18","1","D","8","15","D Offer","D Liability Signal: 4;P Files: 1;D Answers: 1;D Defaults: 1","4,1,1,1","0","true","","","3","0.25","0.10000000000000001","","",""
"Specification-Baseline__Cost-1__Fee-American__Starts-50","9","18","1","D","8","15","D Offer","D Liability Signal: 4;P Files: 1;D Answers: 1;D Defaults: 1","4,1,1,1","0","true","","","4","0.35","0.10000000000000001","","",""
"Specification-Baseline__Cost-1__Fee-American__Starts-50","9","18","1","D","8","15","D Offer","D Liability Signal: 4;P Files: 1;D Answers: 1;D Defaults: 1","4,1,1,1","0","true","","","5","0.45","0.10000000000000001","","",""
"Specification-Baseline__Cost-1__Fee-American__Starts-50","9","18","1","D","8","15","D Offer","D Liability Signal: 4;P Files: 1;D Answers: 1;D Defaults: 1","4,1,1,1","0","true","","","6","0.55","0.10000000000000001","","",""
"Specification-Baseline__Cost-1__Fee-American__Starts-50","9","18","1","D","8","15","D Offer","D Liability Signal: 4;P Files: 1;D Answers: 1;D Defaults: 1","4,1,1,1","0","true","","","7","0.65","0.10000000000000001","","",""
"Specification-Baseline__Cost-1__Fee-American__Starts-50","9","18","1","D","8","15","D Offer","D Liability Signal: 4;P Files: 1;D Answers: 1;D Defaults: 1","4,1,1,1","0","true","","","8","0.75","0.10000000000000001","","",""
"Specification-Baseline__Cost-1__Fee-American__Starts-50","9","18","1","D","8","15","D Offer","D Liability Signal: 4;P Files: 1;D Answers: 1;D Defaults: 1","4,1,1,1","0","true","","","9","0.85","0.10000000000000001","","",""
"Specification-Baseline__Cost-1__Fee-American__Starts-50","9","18","1","D","8","15","D Offer","D Liability Signal: 4;P Files: 1;D Answers: 1;D Defaults: 1","4,1,1,1","0","true","","","10","0.95","0.10000000000000001","","",""
"Specification-Baseline__Cost-1__Fee-American__Starts-50","9","19","1","D","8","15","D Offer","D Liability Signal: 4;P Files: 1;D Answers: 1;D Defaults: 2","4,1,1,2","0.079067828617276611","false","9.3934813972190714","9.3934813972190714","1","0.05","1","9.3934813972190714","0","true"
"Specification-Baseline__Cost-1__Fee-American__Starts-50","9","19","1","D","8","15","D Offer","D Liability Signal: 4;P Files: 1;D Answers: 1;D Defaults: 2","4,1,1,2","0.079067828617276611","false","9.3934813972190714","9.3934813972190714","2","0.15","0","9.3840445111110604","0.0094368861080109667","false"
"Specification-Baseline__Cost-1__Fee-American__Starts-50","9","19","1","D","8","15","D Offer","D Liability Signal: 4;P Files: 1;D Answers: 1;D Defaults: 2","4,1,1,2","0.079067828617276611","false","9.3934813972190714","9.3934813972190714","3","0.25","0","9.3746076250030494","0.018873772216021933","false"
"Specification-Baseline__Cost-1__Fee-American__Starts-50","9","19","1","D","8","15","D Offer","D Liability Signal: 4;P Files: 1;D Answers: 1;D Defaults: 2","4,1,1,2","0.079067828617276611","false","9.3934813972190714","9.3934813972190714","4","0.35","0","9.3651707388950385","0.0283106583240329","false"
"Specification-Baseline__Cost-1__Fee-American__Starts-50","9","19","1","D","8","15","D Offer","D Liability Signal: 4;P Files: 1;D Answers: 1;D Defaults: 2","4,1,1,2","0.079067828617276611","false","9.3934813972190714","9.3934813972190714","5","0.45","0","9.3557338527870257","0.037747544432045643","false"
"Specification-Baseline__Cost-1__Fee-American__Starts-50","9","19","1","D","8","15","D Offer","D Liability Signal: 4;P Files: 1;D Answers: 1;D Defaults: 2","4,1,1,2","0.079067828617276611","false","9.3934813972190714","9.3934813972190714","6","0.55","0","9.3462969666790148","0.04718443054005661","false"
"Specification-Baseline__Cost-1__Fee-American__Starts-50","9","19","1","D","8","15","D Offer","D Liability Signal: 4;P Files: 1;D Answers: 1;D Defaults: 2","4,1,1,2","0.079067828617276611","false","9.3934813972190714","9.3934813972190714","7","0.65","0","9.3368600805710038","0.056621316648067577","false"
"Specification-Baseline__Cost-1__Fee-American__Starts-50","9","19","1","D","8","15","D Offer","D Liability Signal: 4;P Files: 1;D Answers: 1;D Defaults: 2","4,1,1,2","0.079067828617276611","false","9.3934813972190714","9.3934813972190714","8","0.75","0","9.3274231944629928","0.066058202756078543","false"
"Specification-Baseline__Cost-1__Fee-American__Starts-50","9","19","1","D","8","15","D Offer","D Liability Signal: 4;P Files: 1;D Answers: 1;D Defaults: 2","4,1,1,2","0.079067828617276611","false","9.3934813972190714","9.3934813972190714","9","0.85","0","9.1059907722138913","0.28749062500518008","false"
"Specification-Baseline__Cost-1__Fee-American__Starts-50","9","19","1","D","8","15","D Offer","D Liability Signal: 4;P Files: 1;D Answers: 1;D Defaults: 2","4,1,1,2","0.079067828617276611","false","9.3934813972190714","9.3934813972190714","10","0.95","0","9.0128475863939936","0.38063381082507775","false"
"Specification-Baseline__Cost-1__Fee-American__Starts-50","9","20","1","D","3","10","D Answers","D Liability Signal: 5;P Files: 1","5,1","0.088310710022196232","false","9.2620497402291946","9.2620497402291946","1","Yes","1","9.2620497402291946","0","true"
"Specification-Baseline__Cost-1__Fee-American__Starts-50","9","20","1","D","3","10","D Answers","D Liability Signal: 5;P Files: 1","5,1","0.088310710022196232","false","9.2620497402291946","9.2620497402291946","2","No","0","9.0000086771000003","0.26204106312919428","false"
"Specification-Baseline__Cost-1__Fee-American__Starts-50","9","21","1","D","6","21","D Defaults","D Liability Signal: 5;P Files: 1;D Answers: 1","5,1,1","0.088310710022196232","false","9.2620497402291946","9.2620497402291946","1","Yes","0","8.9599521170212508","0.30209762320794376","false"
"Specification-Baseline__Cost-1__Fee-American__Starts-50","9","21","1","D","6","21","D Defaults","D Liability Signal: 5;P Files: 1;D Answers: 1","5,1,1","0.088310710022196232","false","9.2620497402291946","9.2620497402291946","2","No","1","9.2620497402291946","0","true"
"Specification-Baseline__Cost-1__Fee-American__Starts-50","9","22","1","D","8","15","D Offer","D Liability Signal: 5;P Files: 1;D Answers: 1;D Defaults: 1","5,1,1,1","0","true","","","1","0.05","0.10000000000000001","","",""
"Specification-Baseline__Cost-1__Fee-American__Starts-50","9","22","1","D","8","15","D Offer","D Liability Signal: 5;P Files: 1;D Answers: 1;D Defaults: 1","5,1,1,1","0","true","","","2","0.15","0.10000000000000001","","",""
"Specification-Baseline__Cost-1__Fee-American__Starts-50","9","22","1","D","8","15","D Offer","D Liability Signal: 5;P Files: 1;D Answers: 1;D Defaults: 1","5,1,1,1","0","true","","","3","0.25","0.10000000000000001","","",""
"Specification-Baseline__Cost-1__Fee-American__Starts-50","9","22","1","D","8","15","D Offer","D Liability Signal: 5;P Files: 1;D Answers: 1;D Defaults: 1","5,1,1,1","0","true","","","4","0.35","0.10000000000000001","","",""
"Specification-Baseline__Cost-1__Fee-American__Starts-50","9","22","1","D","8","15","D Offer","D Liability Signal: 5;P Files: 1;D Answers: 1;D Defaults: 1","5,1,1,1","0","true","","","5","0.45","0.10000000000000001","","",""
"Specification-Baseline__Cost-1__Fee-American__Starts-50","9","22","1","D","8","15","D Offer","D Liability Signal: 5;P Files: 1;D Answers: 1;D Defaults: 1","5,1,1,1","0","true","","","6","0.55","0.10000000000000001","","",""
"Specification-Baseline__Cost-1__Fee-American__Starts-50","9","22","1","D","8","15","D Offer","D Liability Signal: 5;P Files: 1;D Answers: 1;D Defaults: 1","5,1,1,1","0","true","","","7","0.65","0.10000000000000001","","",""
"Specification-Baseline__Cost-1__Fee-American__Starts-50","9","22","1","D","8","15","D Offer","D Liability Signal: 5;P Files: 1;D Answers: 1;D Defaults: 1","5,1,1,1","0","true","","","8","0.75","0.10000000000000001","","",""
"Specification-Baseline__Cost-1__Fee-American__Starts-50","9","22","1","D","8","15","D Offer","D Liability Signal: 5;P Files: 1;D Answers: 1;D Defaults: 1","5,1,1,1","0","true","","","9","0.85","0.10000000000000001","","",""
"Specification-Baseline__Cost-1__Fee-American__Starts-50","9","22","1","D","8","15","D Offer","D Liability Signal: 5;P Files: 1;D Answers: 1;D Defaults: 1","5,1,1,1","0","true","","","10","0.95","0.10000000000000001","","",""
"Specification-Baseline__Cost-1__Fee-American__Starts-50","9","23","1","D","8","15","D Offer","D Liability Signal: 5;P Files: 1;D Answers: 1;D Defaults: 2","5,1,1,2","0.088310710022196232","false","9.2620497402291946","9.2620497402291946","1","0.05","1","9.2620497402291946","0","true"
"Specification-Baseline__Cost-1__Fee-American__Starts-50","9","23","1","D","8","15","D Offer","D Liability Signal: 5;P Files: 1;D Answers: 1;D Defaults: 2","5,1,1,2","0.088310710022196232","false","9.2620497402291946","9.2620497402291946","2","0.15","0","9.255470226775099","0.0065795134540955758","false"
"Specification-Baseline__Cost-1__Fee-American__Starts-50","9","23","1","D","8","15","D Offer","D Liability Signal: 5;P Files: 1;D Answers: 1;D Defaults: 2","5,1,1,2","0.088310710022196232","false","9.2620497402291946","9.2620497402291946","3","0.25","0","9.2488907133210034","0.013159026908191152","false"
"Specification-Baseline__Cost-1__Fee-American__Starts-50","9","23","1","D","8","15","D Offer","D Liability Signal: 5;P Files: 1;D Answers: 1;D Defaults: 2","5,1,1,2","0.088310710022196232","false","9.2620497402291946","9.2620497402291946","4","0.35","0","9.2423111998669096","0.019738540362284951","false"
"Specification-Baseline__Cost-1__Fee-American__Starts-50","9","23","1","D","8","15","D Offer","D Liability Signal: 5;P Files: 1;D Answers: 1;D Defaults: 2","5,1,1,2","0.088310710022196232","false","9.2620497402291946","9.2620497402291946","5","0.45","0","9.2357316864128141","0.026318053816380527","false"
"Specification-Baseline__Cost-1__Fee-American__Starts-50","9","23","1","D","8","15","D Offer","D Liability Signal: 5;P Files: 1;D Answers: 1;D Defaults: 2","5,1,1,2","0.088310710022196232","false","9.2620497402291946","9.2620497402291946","6","0.55","0","9.2291521729587203","0.032897567270474326","false"
"Specification-Baseline__Cost-1__Fee-American__Starts-50","9","23","1","D","8","15","D Offer","D Liability Signal: 5;P Files: 1;D Answers: 1;D Defaults: 2","5,1,1,2","0.088310710022196232","false","9.2620497402291946","9.2620497402291946","7","0.65","0","9.2225726595046229","0.039477080724571678","false"
"Specification-Baseline__Cost-1__Fee-American__Starts-50","9","23","1","D","8","15","D Offer","D Liability Signal: 5;P Files: 1;D Answers: 1;D Defaults: 2","5,1,1,2","0.088310710022196232","false","9.2620497402291946","9.2620497402291946","8","0.75","0","9.2159931460505273","0.046056594178667254","false"
"Specification-Baseline__Cost-1__Fee-American__Starts-50","9","23","1","D","8","15","D Offer","D Liability Signal: 5;P Files: 1;D Answers: 1;D Defaults: 2","5,1,1,2","0.088310710022196232","false","9.2620497402291946","9.2620497402291946","9","0.85","0","9.0619692205258264","0.20008051970336815","false"
"Specification-Baseline__Cost-1__Fee-American__Starts-50","9","23","1","D","8","15","D Offer","D Liability Signal: 5;P Files: 1;D Answers: 1;D Defaults: 2","5,1,1,2","0.088310710022196232","false","9.2620497402291946","9.2620497402291946","10","0.95","0","8.984723906122376","0.27732583410681855","false"
"Specification-Baseline__Cost-1__Fee-American__Starts-50","9","24","1","D","3","10","D Answers","D Liability Signal: 6;P Files: 1","6,1","0.096219985425859897","false","9.1245051044970307","9.1245051044970307","1","Yes","1","9.1245051044970307","0","true"
"Specification-Baseline__Cost-1__Fee-American__Starts-50","9","24","1","D","3","10","D Answers","D Liability Signal: 6;P Files: 1","6,1","0.096219985425859897","false","9.1245051044970307","9.1245051044970307","2","No","0","9.0000086771000021","0.1244964273970286","false"
"Specification-Baseline__Cost-1__Fee-American__Starts-50","9","25","1","D","6","21","D Defaults","D Liability Signal: 6;P Files: 1;D Answers: 1","6,1,1","0.096219985425859897","false","9.1245051044970307","9.1245051044970307","1","Yes","0","8.9245122882181338","0.19999281627889687","false"
"Specification-Baseline__Cost-1__Fee-American__Starts-50","9","25","1","D","6","21","D Defaults","D Liability Signal: 6;P Files: 1;D Answers: 1","6,1,1","0.096219985425859897","false","9.1245051044970307","9.1245051044970307","2","No","1","9.1245051044970307","0","true"
"Specification-Baseline__Cost-1__Fee-American__Starts-50","9","26","1","D","8","15","D Offer","D Liability Signal: 6;P Files: 1;D Answers: 1;D Defaults: 1","6,1,1,1","0","true","","","1","0.05","0.10000000000000001","","",""
"Specification-Baseline__Cost-1__Fee-American__Starts-50","9","26","1","D","8","15","D Offer","D Liability Signal: 6;P Files: 1;D Answers: 1;D Defaults: 1","6,1,1,1","0","true","","","2","0.15","0.10000000000000001","","",""
"Specification-Baseline__Cost-1__Fee-American__Starts-50","9","26","1","D","8","15","D Offer","D Liability Signal: 6;P Files: 1;D Answers: 1;D Defaults: 1","6,1,1,1","0","true","","","3","0.25","0.10000000000000001","","",""
"Specification-Baseline__Cost-1__Fee-American__Starts-50","9","26","1","D","8","15","D Offer","D Liability Signal: 6;P Files: 1;D Answers: 1;D Defaults: 1","6,1,1,1","0","true","","","4","0.35","0.10000000000000001","","",""
"Specification-Baseline__Cost-1__Fee-American__Starts-50","9","26","1","D","8","15","D Offer","D Liability Signal: 6;P Files: 1;D Answers: 1;D Defaults: 1","6,1,1,1","0","true","","","5","0.45","0.10000000000000001","","",""
"Specification-Baseline__Cost-1__Fee-American__Starts-50","9","26","1","D","8","15","D Offer","D Liability Signal: 6;P Files: 1;D Answers: 1;D Defaults: 1","6,1,1,1","0","true","","","6","0.55","0.10000000000000001","","",""
"Specification-Baseline__Cost-1__Fee-American__Starts-50","9","26","1","D","8","15","D Offer","D Liability Signal: 6;P Files: 1;D Answers: 1;D Defaults: 1","6,1,1,1","0","true","","","7","0.65","0.10000000000000001","","",""
"Specification-Baseline__Cost-1__Fee-American__Starts-50","9","26","1","D","8","15","D Offer","D Liability Signal: 6;P Files: 1;D Answers: 1;D Defaults: 1","6,1,1,1","0","true","","","8","0.75","0.10000000000000001","","",""
"Specification-Baseline__Cost-1__Fee-American__Starts-50","9","26","1","D","8","15","D Offer","D Liability Signal: 6;P Files: 1;D Answers: 1;D Defaults: 1","6,1,1,1","0","true","","","9","0.85","0.10000000000000001","","",""
"Specification-Baseline__Cost-1__Fee-American__Starts-50","9","26","1","D","8","15","D Offer","D Liability Signal: 6;P Files: 1;D Answers: 1;D Defaults: 1","6,1,1,1","0","true","","","10","0.95","0.10000000000000001","","",""
"Specification-Baseline__Cost-1__Fee-American__Starts-50","9","27","1","D","8","15","D Offer","D Liability Signal: 6;P Files: 1;D Answers: 1;D Defaults: 2","6,1,1,2","0.096219985425859897","false","9.1245051044970307","9.1245051044970307","1","0.05","1","9.1245051044970307","0","true"
"Specification-Baseline__Cost-1__Fee-American__Starts-50","9","27","1","D","8","15","D Offer","D Liability Signal: 6;P Files: 1;D Answers: 1;D Defaults: 2","6,1,1,2","0.096219985425859897","false","9.1245051044970307","9.1245051044970307","2","0.15","0","9.1202861228528516","0.0042189816441791095","false"
"Specification-Baseline__Cost-1__Fee-American__Starts-50","9","27","1","D","8","15","D Offer","D Liability Signal: 6;P Files: 1;D Answers: 1;D Defaults: 2","6,1,1,2","0.096219985425859897","false","9.1245051044970307","9.1245051044970307","3","0.25","0","9.1160671412086725","0.008437963288358219","false"
"Specification-Baseline__Cost-1__Fee-American__Starts-50","9","27","1","D","8","15","D Offer","D Liability Signal: 6;P Files: 1;D Answers: 1;D Defaults: 2","6,1,1,2","0.096219985425859897","false","9.1245051044970307","9.1245051044970307","4","0.35","0","9.1118481595644969","0.012656944932533776","false"
"Specification-Baseline__Cost-1__Fee-American__Starts-50","9","27","1","D","8","15","D Offer","D Liability Signal: 6;P Files: 1;D Answers: 1;D Defaults: 2","6,1,1,2","0.096219985425859897","false","9.1245051044970307","9.1245051044970307","5","0.45","0","9.1076291779203178","0.016875926576712885","false"
"Specification-Baseline__Cost-1__Fee-American__Starts-50","9","27","1","D","8","15","D Offer","D Liability Signal: 6;P Files: 1;D Answers: 1;D Defaults: 2","6,1,1,2","0.096219985425859897","false","9.1245051044970307","9.1245051044970307","6","0.55","0","9.1034101962761387","0.021094908220891995","false"
"Specification-Baseline__Cost-1__Fee-American__Starts-50","9","27","1","D","8","15","D Offer","D Liability Signal: 6;P Files: 1;D Answers: 1;D Defaults: 2","6,1,1,2","0.096219985425859897","false","9.1245051044970307","9.1245051044970307","7","0.65","0","9.0991912146319613","0.025313889865069328","false"
"Specification-Baseline__Cost-1__Fee-American__Starts-50","9","27","1","D","8","15","D Offer","D Liability Signal: 6;P Files: 1;D Answers: 1;D Defaults: 2","6,1,1,2","0.096219985425859897","false","9.1245051044970307","9.1245051044970307","8","0.75","0","9.094972232987784","0.029532871509246661","false"
"Specification-Baseline__Cost-1__Fee-American__Starts-50","9","27","1","D","8","15","D Offer","D Liability Signal: 6;P Files: 1;D Answers: 1;D Defaults: 2","6,1,1,2","0.096219985425859897","false","9.1245051044970307","9.1245051044970307","9","0.85","0","9.0063693449575659","0.11813575953946476","false"
"Specification-Baseline__Cost-1__Fee-American__Starts-50","9","27","1","D","8","15","D Offer","D Liability Signal: 6;P Files: 1;D Answers: 1;D Defaults: 2","6,1,1,2","0.096219985425859897","false","9.1245051044970307","9.1245051044970307","10","0.95","0","8.9598578044509161","0.16464730004611461","false"
"Specification-Baseline__Cost-1__Fee-American__Starts-50","9","28","1","D","3","10","D Answers","D Liability Signal: 7;P Files: 1","7,1","0.10204830782753493","false","9.0000086770999985","9.0000086771000003","1","Yes","0.082872925776924122","9.0000086771000003","0","true"
"Specification-Baseline__Cost-1__Fee-American__Starts-50","9","28","1","D","3","10","D Answers","D Liability Signal: 7;P Files: 1","7,1","0.10204830782753493","false","9.0000086770999985","9.0000086771000003","2","No","0.91712707422307593","9.0000086771000003","0","true"
"Specification-Baseline__Cost-1__Fee-American__Starts-50","9","29","1","D","6","21","D Defaults","D Liability Signal: 7;P Files: 1;D Answers: 1","7,1,1","0.0084570418402520071","false","9.0000086770999985","9.0000086770999985","1","Yes","0","8.8981883519708553","0.10182032512914319","false"
"Specification-Baseline__Cost-1__Fee-American__Starts-50","9","29","1","D","6","21","D Defaults","D Liability Signal: 7;P Files: 1;D Answers: 1","7,1,1","0.0084570418402520071","false","9.0000086770999985","9.0000086770999985","2","No","1","9.0000086770999985","0","true"
"Specification-Baseline__Cost-1__Fee-American__Starts-50","9","30","1","D","8","15","D Offer","D Liability Signal: 7;P Files: 1;D Answers: 1;D Defaults: 1","7,1,1,1","0","true","","","1","0.05","0.10000000000000001","","",""
"Specification-Baseline__Cost-1__Fee-American__Starts-50","9","30","1","D","8","15","D Offer","D Liability Signal: 7;P Files: 1;D Answers: 1;D Defaults: 1","7,1,1,1","0","true","","","2","0.15","0.10000000000000001","","",""
"Specification-Baseline__Cost-1__Fee-American__Starts-50","9","30","1","D","8","15","D Offer","D Liability Signal: 7;P Files: 1;D Answers: 1;D Defaults: 1","7,1,1,1","0","true","","","3","0.25","0.10000000000000001","","",""
"Specification-Baseline__Cost-1__Fee-American__Starts-50","9","30","1","D","8","15","D Offer","D Liability Signal: 7;P Files: 1;D Answers: 1;D Defaults: 1","7,1,1,1","0","true","","","4","0.35","0.10000000000000001","","",""
"Specification-Baseline__Cost-1__Fee-American__Starts-50","9","30","1","D","8","15","D Offer","D Liability Signal: 7;P Files: 1;D Answers: 1;D Defaults: 1","7,1,1,1","0","true","","","5","0.45","0.10000000000000001","","",""
"Specification-Baseline__Cost-1__Fee-American__Starts-50","9","30","1","D","8","15","D Offer","D Liability Signal: 7;P Files: 1;D Answers: 1;D Defaults: 1","7,1,1,1","0","true","","","6","0.55","0.10000000000000001","","",""
"Specification-Baseline__Cost-1__Fee-American__Starts-50","9","30","1","D","8","15","D Offer","D Liability Signal: 7;P Files: 1;D Answers: 1;D Defaults: 1","7,1,1,1","0","true","","","7","0.65","0.10000000000000001","","",""
"Specification-Baseline__Cost-1__Fee-American__Starts-50","9","30","1","D","8","15","D Offer","D Liability Signal: 7;P Files: 1;D Answers: 1;D Defaults: 1","7,1,1,1","0","true","","","8","0.75","0.10000000000000001","","",""
"Specification-Baseline__Cost-1__Fee-American__Starts-50","9","30","1","D","8","15","D Offer","D Liability Signal: 7;P Files: 1;D Answers: 1;D Defaults: 1","7,1,1,1","0","true","","","9","0.85","0.10000000000000001","","",""
"Specification-Baseline__Cost-1__Fee-American__Starts-50","9","30","1","D","8","15","D Offer","D Liability Signal: 7;P Files: 1;D Answers: 1;D Defaults: 1","7,1,1,1","0","true","","","10","0.95","0.10000000000000001","","",""
"Specification-Baseline__Cost-1__Fee-American__Starts-50","9","31","1","D","8","15","D Offer","D Liability Signal: 7;P Files: 1;D Answers: 1;D Defaults: 2","7,1,1,2","0.0084570418402520071","false","9.0000086770999985","9.0000086770999985","1","0.05","1","9.0000086770999985","0","true"
"Specification-Baseline__Cost-1__Fee-American__Starts-50","9","31","1","D","8","15","D Offer","D Liability Signal: 7;P Files: 1;D Answers: 1;D Defaults: 2","7,1,1,2","0.0084570418402520071","false","9.0000086770999985","9.0000086770999985","2","0.15","0","8.9975010523078858","0.0025076247921127504","false"
"Specification-Baseline__Cost-1__Fee-American__Starts-50","9","31","1","D","8","15","D Offer","D Liability Signal: 7;P Files: 1;D Answers: 1;D Defaults: 2","7,1,1,2","0.0084570418402520071","false","9.0000086770999985","9.0000086770999985","3","0.25","0","8.994993427515773","0.0050152495842255007","false"
"Specification-Baseline__Cost-1__Fee-American__Starts-50","9","31","1","D","8","15","D Offer","D Liability Signal: 7;P Files: 1;D Answers: 1;D Defaults: 2","7,1,1,2","0.0084570418402520071","false","9.0000086770999985","9.0000086770999985","4","0.35","0","8.9924858027236603","0.0075228743763382511","false"
"Specification-Baseline__Cost-1__Fee-American__Starts-50","9","31","1","D","8","15","D Offer","D Liability Signal: 7;P Files: 1;D Answers: 1;D Defaults: 2","7,1,1,2","0.0084570418402520071","false","9.0000086770999985","9.0000086770999985","5","0.45","0","8.9899781779315475","0.010030499168451001","false"
"Specification-Baseline__Cost-1__Fee-American__Starts-50","9","31","1","D","8","15","D Offer","D Liability Signal: 7;P Files: 1;D Answers: 1;D Defaults: 2","7,1,1,2","0.0084570418402520071","false","9.0000086770999985","9.0000086770999985","6","0.55","0","8.9874705531394348","0.012538123960563752","false"
"Specification-Baseline__Cost-1__Fee-American__Starts-50","9","31","1","D","8","15","D Offer","D Liability Signal: 7;P Files: 1;D Answers: 1;D Defaults: 2","7,1,1,2","0.0084570418402520071","false","9.0000086770999985","9.0000086770999985","7","0.65","0","8.9849629283473202","0.015045748752678278","false"
"Specification-Baseline__Cost-1__Fee-American__Starts-50","9","31","1","D","8","15","D Offer","D Liability Signal: 7;P Files: 1;D Answers: 1;D Defaults: 2","7,1,1,2","0.0084570418402520071","false","9.0000086770999985","9.0000086770999985","8","0.75","0","8.9824553035552075","0.017553373544791029","false"
"Specification-Baseline__Cost-1__Fee-American__Starts-50","9","31","1","D","8","15","D Offer","D Liability Signal: 7;P Files: 1;D Answers: 1;D Defaults: 2","7,1,1,2","0.0084570418402520071","false","9.0000086770999985","9.0000086770999985","9","0.85","0","8.9456126417151154","0.054396035384883135","false"
"Specification-Baseline__Cost-1__Fee-American__Starts-50","9","31","1","D","8","15","D Offer","D Liability Signal: 7;P Files: 1;D Answers: 1;D Defaults: 2","7,1,1,2","0.0084570418402520071","false","9.0000086770999985","9.0000086770999985","10","0.95","0","8.9402539546639979","0.059754722436000662","false"
"Specification-Baseline__Cost-1__Fee-American__Starts-50","9","32","1","D","3","10","D Answers","D Liability Signal: 8;P Files: 1","8,1","0.1032617039791052","false","9.0000086771000003","9.0000086771000003","1","Yes","0","8.8901828472205136","0.10982582987948675","false"
"Specification-Baseline__Cost-1__Fee-American__Starts-50","9","32","1","D","3","10","D Answers","D Liability Signal: 8;P Files: 1","8,1","0.1032617039791052","false","9.0000086771000003","9.0000086771000003","2","No","1","9.0000086771000003","0","true"
"Specification-Baseline__Cost-1__Fee-American__Starts-50","9","33","1","D","6","21","D Defaults","D Liability Signal: 8;P Files: 1;D Answers: 1","8,1,1","0","true","","","1","Yes","0.5","","",""
"Specification-Baseline__Cost-1__Fee-American__Starts-50","9","33","1","D","6","21","D Defaults","D Liability Signal: 8;P Files: 1;D Answers: 1","8,1,1","0","true","","","2","No","0.5","","",""
"Specification-Baseline__Cost-1__Fee-American__Starts-50","9","34","1","D","8","15","D Offer","D Liability Signal: 8;P Files: 1;D Answers: 1;D Defaults: 1","8,1,1,1","0","true","","","1","0.05","0.10000000000000001","","",""
"Specification-Baseline__Cost-1__Fee-American__Starts-50","9","34","1","D","8","15","D Offer","D Liability Signal: 8;P Files: 1;D Answers: 1;D Defaults: 1","8,1,1,1","0","true","","","2","0.15","0.10000000000000001","","",""
"Specification-Baseline__Cost-1__Fee-American__Starts-50","9","34","1","D","8","15","D Offer","D Liability Signal: 8;P Files: 1;D Answers: 1;D Defaults: 1","8,1,1,1","0","true","","","3","0.25","0.10000000000000001","","",""
"Specification-Baseline__Cost-1__Fee-American__Starts-50","9","34","1","D","8","15","D Offer","D Liability Signal: 8;P Files: 1;D Answers: 1;D Defaults: 1","8,1,1,1","0","true","","","4","0.35","0.10000000000000001","","",""
"Specification-Baseline__Cost-1__Fee-American__Starts-50","9","34","1","D","8","15","D Offer","D Liability Signal: 8;P Files: 1;D Answers: 1;D Defaults: 1","8,1,1,1","0","true","","","5","0.45","0.10000000000000001","","",""
"Specification-Baseline__Cost-1__Fee-American__Starts-50","9","34","1","D","8","15","D Offer","D Liability Signal: 8;P Files: 1;D Answers: 1;D Defaults: 1","8,1,1,1","0","true","","","6","0.55","0.10000000000000001","","",""
"Specification-Baseline__Cost-1__Fee-American__Starts-50","9","34","1","D","8","15","D Offer","D Liability Signal: 8;P Files: 1;D Answers: 1;D Defaults: 1","8,1,1,1","0","true","","","7","0.65","0.10000000000000001","","",""
"Specification-Baseline__Cost-1__Fee-American__Starts-50","9","34","1","D","8","15","D Offer","D Liability Signal: 8;P Files: 1;D Answers: 1;D Defaults: 1","8,1,1,1","0","true","","","8","0.75","0.10000000000000001","","",""
"Specification-Baseline__Cost-1__Fee-American__Starts-50","9","34","1","D","8","15","D Offer","D Liability Signal: 8;P Files: 1;D Answers: 1;D Defaults: 1","8,1,1,1","0","true","","","9","0.85","0.10000000000000001","","",""
"Specification-Baseline__Cost-1__Fee-American__Starts-50","9","34","1","D","8","15","D Offer","D Liability Signal: 8;P Files: 1;D Answers: 1;D Defaults: 1","8,1,1,1","0","true","","","10","0.95","0.10000000000000001","","",""
"Specification-Baseline__Cost-1__Fee-American__Starts-50","9","35","1","D","8","15","D Offer","D Liability Signal: 8;P Files: 1;D Answers: 1;D Defaults: 2","8,1,1,2","0","true","","","1","0.05","0.10000000000000001","","",""
"Specification-Baseline__Cost-1__Fee-American__Starts-50","9","35","1","D","8","15","D Offer","D Liability Signal: 8;P Files: 1;D Answers: 1;D Defaults: 2","8,1,1,2","0","true","","","2","0.15","0.10000000000000001","","",""
"Specification-Baseline__Cost-1__Fee-American__Starts-50","9","35","1","D","8","15","D Offer","D Liability Signal: 8;P Files: 1;D Answers: 1;D Defaults: 2","8,1,1,2","0","true","","","3","0.25","0.10000000000000001","","",""
"Specification-Baseline__Cost-1__Fee-American__Starts-50","9","35","1","D","8","15","D Offer","D Liability Signal: 8;P Files: 1;D Answers: 1;D Defaults: 2","8,1,1,2","0","true","","","4","0.35","0.10000000000000001","","",""
"Specification-Baseline__Cost-1__Fee-American__Starts-50","9","35","1","D","8","15","D Offer","D Liability Signal: 8;P Files: 1;D Answers: 1;D Defaults: 2","8,1,1,2","0","true","","","5","0.45","0.10000000000000001","","",""
"Specification-Baseline__Cost-1__Fee-American__Starts-50","9","35","1","D","8","15","D Offer","D Liability Signal: 8;P Files: 1;D Answers: 1;D Defaults: 2","8,1,1,2","0","true","","","6","0.55","0.10000000000000001","","",""
"Specification-Baseline__Cost-1__Fee-American__Starts-50","9","35","1","D","8","15","D Offer","D Liability Signal: 8;P Files: 1;D Answers: 1;D Defaults: 2","8,1,1,2","0","true","","","7","0.65","0.10000000000000001","","",""
"Specification-Baseline__Cost-1__Fee-American__Starts-50","9","35","1","D","8","15","D Offer","D Liability Signal: 8;P Files: 1;D Answers: 1;D Defaults: 2","8,1,1,2","0","true","","","8","0.75","0.10000000000000001","","",""
"Specification-Baseline__Cost-1__Fee-American__Starts-50","9","35","1","D","8","15","D Offer","D Liability Signal: 8;P Files: 1;D Answers: 1;D Defaults: 2","8,1,1,2","0","true","","","9","0.85","0.10000000000000001","","",""
"Specification-Baseline__Cost-1__Fee-American__Starts-50","9","35","1","D","8","15","D Offer","D Liability Signal: 8;P Files: 1;D Answers: 1;D Defaults: 2","8,1,1,2","0","true","","","10","0.95","0.10000000000000001","","",""
"Specification-Baseline__Cost-1__Fee-American__Starts-50","9","36","1","D","3","10","D Answers","D Liability Signal: 9;P Files: 1","9,1","0.096393125638905577","false","9.0000086771000003","9.0000086771000003","1","Yes","0","8.8560660562079825","0.14394262089201781","false"
"Specification-Baseline__Cost-1__Fee-American__Starts-50","9","36","1","D","3","10","D Answers","D Liability Signal: 9;P Files: 1","9,1","0.096393125638905577","false","9.0000086771000003","9.0000086771000003","2","No","1","9.0000086771000003","0","true"
"Specification-Baseline__Cost-1__Fee-American__Starts-50","9","37","1","D","6","21","D Defaults","D Liability Signal: 9;P Files: 1;D Answers: 1","9,1,1","0","true","","","1","Yes","0.5","","",""
"Specification-Baseline__Cost-1__Fee-American__Starts-50","9","37","1","D","6","21","D Defaults","D Liability Signal: 9;P Files: 1;D Answers: 1","9,1,1","0","true","","","2","No","0.5","","",""
"Specification-Baseline__Cost-1__Fee-American__Starts-50","9","38","1","D","8","15","D Offer","D Liability Signal: 9;P Files: 1;D Answers: 1;D Defaults: 1","9,1,1,1","0","true","","","1","0.05","0.10000000000000001","","",""
"Specification-Baseline__Cost-1__Fee-American__Starts-50","9","38","1","D","8","15","D Offer","D Liability Signal: 9;P Files: 1;D Answers: 1;D Defaults: 1","9,1,1,1","0","true","","","2","0.15","0.10000000000000001","","",""
"Specification-Baseline__Cost-1__Fee-American__Starts-50","9","38","1","D","8","15","D Offer","D Liability Signal: 9;P Files: 1;D Answers: 1;D Defaults: 1","9,1,1,1","0","true","","","3","0.25","0.10000000000000001","","",""
"Specification-Baseline__Cost-1__Fee-American__Starts-50","9","38","1","D","8","15","D Offer","D Liability Signal: 9;P Files: 1;D Answers: 1;D Defaults: 1","9,1,1,1","0","true","","","4","0.35","0.10000000000000001","","",""
"Specification-Baseline__Cost-1__Fee-American__Starts-50","9","38","1","D","8","15","D Offer","D Liability Signal: 9;P Files: 1;D Answers: 1;D Defaults: 1","9,1,1,1","0","true","","","5","0.45","0.10000000000000001","","",""
"Specification-Baseline__Cost-1__Fee-American__Starts-50","9","38","1","D","8","15","D Offer","D Liability Signal: 9;P Files: 1;D Answers: 1;D Defaults: 1","9,1,1,1","0","true","","","6","0.55","0.10000000000000001","","",""
"Specification-Baseline__Cost-1__Fee-American__Starts-50","9","38","1","D","8","15","D Offer","D Liability Signal: 9;P Files: 1;D Answers: 1;D Defaults: 1","9,1,1,1","0","true","","","7","0.65","0.10000000000000001","","",""
"Specification-Baseline__Cost-1__Fee-American__Starts-50","9","38","1","D","8","15","D Offer","D Liability Signal: 9;P Files: 1;D Answers: 1;D Defaults: 1","9,1,1,1","0","true","","","8","0.75","0.10000000000000001","","",""
"Specification-Baseline__Cost-1__Fee-American__Starts-50","9","38","1","D","8","15","D Offer","D Liability Signal: 9;P Files: 1;D Answers: 1;D Defaults: 1","9,1,1,1","0","true","","","9","0.85","0.10000000000000001","","",""
"Specification-Baseline__Cost-1__Fee-American__Starts-50","9","38","1","D","8","15","D Offer","D Liability Signal: 9;P Files: 1;D Answers: 1;D Defaults: 1","9,1,1,1","0","true","","","10","0.95","0.10000000000000001","","",""
"Specification-Baseline__Cost-1__Fee-American__Starts-50","9","39","1","D","8","15","D Offer","D Liability Signal: 9;P Files: 1;D Answers: 1;D Defaults: 2","9,1,1,2","0","true","","","1","0.05","0.10000000000000001","","",""
"Specification-Baseline__Cost-1__Fee-American__Starts-50","9","39","1","D","8","15","D Offer","D Liability Signal: 9;P Files: 1;D Answers: 1;D Defaults: 2","9,1,1,2","0","true","","","2","0.15","0.10000000000000001","","",""
"Specification-Baseline__Cost-1__Fee-American__Starts-50","9","39","1","D","8","15","D Offer","D Liability Signal: 9;P Files: 1;D Answers: 1;D Defaults: 2","9,1,1,2","0","true","","","3","0.25","0.10000000000000001","","",""
"Specification-Baseline__Cost-1__Fee-American__Starts-50","9","39","1","D","8","15","D Offer","D Liability Signal: 9;P Files: 1;D Answers: 1;D Defaults: 2","9,1,1,2","0","true","","","4","0.35","0.10000000000000001","","",""
"Specification-Baseline__Cost-1__Fee-American__Starts-50","9","39","1","D","8","15","D Offer","D Liability Signal: 9;P Files: 1;D Answers: 1;D Defaults: 2","9,1,1,2","0","true","","","5","0.45","0.10000000000000001","","",""
"Specification-Baseline__Cost-1__Fee-American__Starts-50","9","39","1","D","8","15","D Offer","D Liability Signal: 9;P Files: 1;D Answers: 1;D Defaults: 2","9,1,1,2","0","true","","","6","0.55","0.10000000000000001","","",""
"Specification-Baseline__Cost-1__Fee-American__Starts-50","9","39","1","D","8","15","D Offer","D Liability Signal: 9;P Files: 1;D Answers: 1;D Defaults: 2","9,1,1,2","0","true","","","7","0.65","0.10000000000000001","","",""
"Specification-Baseline__Cost-1__Fee-American__Starts-50","9","39","1","D","8","15","D Offer","D Liability Signal: 9;P Files: 1;D Answers: 1;D Defaults: 2","9,1,1,2","0","true","","","8","0.75","0.10000000000000001","","",""
"Specification-Baseline__Cost-1__Fee-American__Starts-50","9","39","1","D","8","15","D Offer","D Liability Signal: 9;P Files: 1;D Answers: 1;D Defaults: 2","9,1,1,2","0","true","","","9","0.85","0.10000000000000001","","",""
"Specification-Baseline__Cost-1__Fee-American__Starts-50","9","39","1","D","8","15","D Offer","D Liability Signal: 9;P Files: 1;D Answers: 1;D Defaults: 2","9,1,1,2","0","true","","","10","0.95","0.10000000000000001","","",""
"Specification-Baseline__Cost-1__Fee-American__Starts-50","9","40","1","D","3","10","D Answers","D Liability Signal: 10;P Files: 1","10,1","0.079933141371703043","false","9.0000086770999985","9.0000086770999985","1","Yes","0","8.8343981896727541","0.16561048742724438","false"
"Specification-Baseline__Cost-1__Fee-American__Starts-50","9","40","1","D","3","10","D Answers","D Liability Signal: 10;P Files: 1","10,1","0.079933141371703043","false","9.0000086770999985","9.0000086770999985","2","No","1","9.0000086770999985","0","true"
"Specification-Baseline__Cost-1__Fee-American__Starts-50","9","41","1","D","6","21","D Defaults","D Liability Signal: 10;P Files: 1;D Answers: 1","10,1,1","0","true","","","1","Yes","0.5","","",""
"Specification-Baseline__Cost-1__Fee-American__Starts-50","9","41","1","D","6","21","D Defaults","D Liability Signal: 10;P Files: 1;D Answers: 1","10,1,1","0","true","","","2","No","0.5","","",""
"Specification-Baseline__Cost-1__Fee-American__Starts-50","9","42","1","D","8","15","D Offer","D Liability Signal: 10;P Files: 1;D Answers: 1;D Defaults: 1","10,1,1,1","0","true","","","1","0.05","0.10000000000000001","","",""
"Specification-Baseline__Cost-1__Fee-American__Starts-50","9","42","1","D","8","15","D Offer","D Liability Signal: 10;P Files: 1;D Answers: 1;D Defaults: 1","10,1,1,1","0","true","","","2","0.15","0.10000000000000001","","",""
"Specification-Baseline__Cost-1__Fee-American__Starts-50","9","42","1","D","8","15","D Offer","D Liability Signal: 10;P Files: 1;D Answers: 1;D Defaults: 1","10,1,1,1","0","true","","","3","0.25","0.10000000000000001","","",""
"Specification-Baseline__Cost-1__Fee-American__Starts-50","9","42","1","D","8","15","D Offer","D Liability Signal: 10;P Files: 1;D Answers: 1;D Defaults: 1","10,1,1,1","0","true","","","4","0.35","0.10000000000000001","","",""
"Specification-Baseline__Cost-1__Fee-American__Starts-50","9","42","1","D","8","15","D Offer","D Liability Signal: 10;P Files: 1;D Answers: 1;D Defaults: 1","10,1,1,1","0","true","","","5","0.45","0.10000000000000001","","",""
"Specification-Baseline__Cost-1__Fee-American__Starts-50","9","42","1","D","8","15","D Offer","D Liability Signal: 10;P Files: 1;D Answers: 1;D Defaults: 1","10,1,1,1","0","true","","","6","0.55","0.10000000000000001","","",""
"Specification-Baseline__Cost-1__Fee-American__Starts-50","9","42","1","D","8","15","D Offer","D Liability Signal: 10;P Files: 1;D Answers: 1;D Defaults: 1","10,1,1,1","0","true","","","7","0.65","0.10000000000000001","","",""
"Specification-Baseline__Cost-1__Fee-American__Starts-50","9","42","1","D","8","15","D Offer","D Liability Signal: 10;P Files: 1;D Answers: 1;D Defaults: 1","10,1,1,1","0","true","","","8","0.75","0.10000000000000001","","",""
"Specification-Baseline__Cost-1__Fee-American__Starts-50","9","42","1","D","8","15","D Offer","D Liability Signal: 10;P Files: 1;D Answers: 1;D Defaults: 1","10,1,1,1","0","true","","","9","0.85","0.10000000000000001","","",""
"Specification-Baseline__Cost-1__Fee-American__Starts-50","9","42","1","D","8","15","D Offer","D Liability Signal: 10;P Files: 1;D Answers: 1;D Defaults: 1","10,1,1,1","0","true","","","10","0.95","0.10000000000000001","","",""
"Specification-Baseline__Cost-1__Fee-American__Starts-50","9","43","1","D","8","15","D Offer","D Liability Signal: 10;P Files: 1;D Answers: 1;D Defaults: 2","10,1,1,2","0","true","","","1","0.05","0.10000000000000001","","",""
"Specification-Baseline__Cost-1__Fee-American__Starts-50","9","43","1","D","8","15","D Offer","D Liability Signal: 10;P Files: 1;D Answers: 1;D Defaults: 2","10,1,1,2","0","true","","","2","0.15","0.10000000000000001","","",""
"Specification-Baseline__Cost-1__Fee-American__Starts-50","9","43","1","D","8","15","D Offer","D Liability Signal: 10;P Files: 1;D Answers: 1;D Defaults: 2","10,1,1,2","0","true","","","3","0.25","0.10000000000000001","","",""
"Specification-Baseline__Cost-1__Fee-American__Starts-50","9","43","1","D","8","15","D Offer","D Liability Signal: 10;P Files: 1;D Answers: 1;D Defaults: 2","10,1,1,2","0","true","","","4","0.35","0.10000000000000001","","",""
"Specification-Baseline__Cost-1__Fee-American__Starts-50","9","43","1","D","8","15","D Offer","D Liability Signal: 10;P Files: 1;D Answers: 1;D Defaults: 2","10,1,1,2","0","true","","","5","0.45","0.10000000000000001","","",""
"Specification-Baseline__Cost-1__Fee-American__Starts-50","9","43","1","D","8","15","D Offer","D Liability Signal: 10;P Files: 1;D Answers: 1;D Defaults: 2","10,1,1,2","0","true","","","6","0.55","0.10000000000000001","","",""
"Specification-Baseline__Cost-1__Fee-American__Starts-50","9","43","1","D","8","15","D Offer","D Liability Signal: 10;P Files: 1;D Answers: 1;D Defaults: 2","10,1,1,2","0","true","","","7","0.65","0.10000000000000001","","",""
"Specification-Baseline__Cost-1__Fee-American__Starts-50","9","43","1","D","8","15","D Offer","D Liability Signal: 10;P Files: 1;D Answers: 1;D Defaults: 2","10,1,1,2","0","true","","","8","0.75","0.10000000000000001","","",""
"Specification-Baseline__Cost-1__Fee-American__Starts-50","9","43","1","D","8","15","D Offer","D Liability Signal: 10;P Files: 1;D Answers: 1;D Defaults: 2","10,1,1,2","0","true","","","9","0.85","0.10000000000000001","","",""
"Specification-Baseline__Cost-1__Fee-American__Starts-50","9","43","1","D","8","15","D Offer","D Liability Signal: 10;P Files: 1;D Answers: 1;D Defaults: 2","10,1,1,2","0","true","","","10","0.95","0.10000000000000001","","",""
