"OptionSetName","Equilibrium Number","Information Set Number","Player Index","Player","Decision Index","Decision Code","Decision","Information Set Labels","Information Set Contents","Equilibrium Reach Probability","Off Path","Conditional Information-Set Utility","Best Action Utility","Action","Action Label","Equilibrium Action Probability","Conditional Action Utility","Utility Loss from Best Action","Is Best Action"
"Specification-Baseline__Cost-1__Fee-British__Starts-50","11","0","0","P","2","9","P Files","P Liability Signal: 1","1","0.080450000000000008","false","9.9999992539999987","9.9999992539999987","1","Yes","0","9.7527819389836186","0.24721731501638011","false"
"Specification-Baseline__Cost-1__Fee-British__Starts-50","11","0","0","P","2","9","P Files","P Liability Signal: 1","1","0.080450000000000008","false","9.9999992539999987","9.9999992539999987","2","No","1","9.9999992539999987","0","true"
"Specification-Baseline__Cost-1__Fee-British__Starts-50","11","2","0","P","5","20","P Abandons","P Liability Signal: 1;P Files: 1;D Answers: 1","1,1,1","0","true","","","1","Yes","0.5","","",""
"Specification-Baseline__Cost-1__Fee-British__Starts-50","11","2","0","P","5","20","P Abandons","P Liability Signal: 1;P Files: 1;D Answers: 1","1,1,1","0","true","","","2","No","0.5","","",""
"Specification-Baseline__Cost-1__Fee-British__Starts-50","11","4","0","P","7","14","P Offer","P Liability Signal: 1;P Files: 1;D Answers: 1;P Abandons: 1","1,1,1,1","0","true","","","1","0.05","0.10000000000000001","","",""
"Specification-Baseline__Cost-1__Fee-British__Starts-50","11","4","0","P","7","14","P Offer","P Liability Signal: 1;P Files: 1;D Answers: 1;P Abandons: 1","1,1,1,1","0","true","","","2","0.15","0.10000000000000001","","",""
"Specification-Baseline__Cost-1__Fee-British__Starts-50","11","4","0","P","7","14","P Offer","P Liability Signal: 1;P Files: 1;D Answers: 1;P Abandons: 1","1,1,1,1","0","true","","","3","0.25","0.10000000000000001","","",""
"Specification-Baseline__Cost-1__Fee-British__Starts-50","11","4","0","P","7","14","P Offer","P Liability Signal: 1;P Files: 1;D Answers: 1;P Abandons: 1","1,1,1,1","0","true","","","4","0.35","0.10000000000000001","","",""
"Specification-Baseline__Cost-1__Fee-British__Starts-50","11","4","0","P","7","14","P Offer","P Liability Signal: 1;P Files: 1;D Answers: 1;P Abandons: 1","1,1,1,1","0","true","","","5","0.45","0.10000000000000001","","",""
"Specification-Baseline__Cost-1__Fee-British__Starts-50","11","4","0","P","7","14","P Offer","P Liability Signal: 1;P Files: 1;D Answers: 1;P Abandons: 1","1,1,1,1","0","true","","","6","0.55","0.10000000000000001","","",""
"Specification-Baseline__Cost-1__Fee-British__Starts-50","11","4","0","P","7","14","P Offer","P Liability Signal: 1;P Files: 1;D Answers: 1;P Abandons: 1","1,1,1,1","0","true","","","7","0.65","0.10000000000000001","","",""
"Specification-Baseline__Cost-1__Fee-British__Starts-50","11","4","0","P","7","14","P Offer","P Liability Signal: 1;P Files: 1;D Answers: 1;P Abandons: 1","1,1,1,1","0","true","","","8","0.75","0.10000000000000001","","",""
"Specification-Baseline__Cost-1__Fee-British__Starts-50","11","4","0","P","7","14","P Offer","P Liability Signal: 1;P Files: 1;D Answers: 1;P Abandons: 1","1,1,1,1","0","true","","","9","0.85","0.10000000000000001","","",""
"Specification-Baseline__Cost-1__Fee-British__Starts-50","11","4","0","P","7","14","P Offer","P Liability Signal: 1;P Files: 1;D Answers: 1;P Abandons: 1","1,1,1,1","0","true","","","10","0.95","0.10000000000000001","","",""
"Specification-Baseline__Cost-1__Fee-British__Starts-50","11","7","0","P","7","14","P Offer","P Liability Signal: 1;P Files: 1;D Answers: 1;P Abandons: 2","1,1,1,2","0","true","","","1","0.05","0.10000000000000001","","",""
"Specification-Baseline__Cost-1__Fee-British__Starts-50","11","7","0","P","7","14","P Offer","P Liability Signal: 1;P Files: 1;D Answers: 1;P Abandons: 2","1,1,1,2","0","true","","","2","0.15","0.10000000000000001","","",""
"Specification-Baseline__Cost-1__Fee-British__Starts-50","11","7","0","P","7","14","P Offer","P Liability Signal: 1;P Files: 1;D Answers: 1;P Abandons: 2","1,1,1,2","0","true","","","3","0.25","0.10000000000000001","","",""
"Specification-Baseline__Cost-1__Fee-British__Starts-50","11","7","0","P","7","14","P Offer","P Liability Signal: 1;P Files: 1;D Answers: 1;P Abandons: 2","1,1,1,2","0","true","","","4","0.35","0.10000000000000001","","",""
"Specification-Baseline__Cost-1__Fee-British__Starts-50","11","7","0","P","7","14","P Offer","P Liability Signal: 1;P Files: 1;D Answers: 1;P Abandons: 2","1,1,1,2","0","true","","","5","0.45","0.10000000000000001","","",""
"Specification-Baseline__Cost-1__Fee-British__Starts-50","11","7","0","P","7","14","P Offer","P Liability Signal: 1;P Files: 1;D Answers: 1;P Abandons: 2","1,1,1,2","0","true","","","6","0.55","0.10000000000000001","","",""
"Specification-Baseline__Cost-1__Fee-British__Starts-50","11","7","0","P","7","14","P Offer","P Liability Signal: 1;P Files: 1;D Answers: 1;P Abandons: 2","1,1,1,2","0","true","","","7","0.65","0.10000000000000001","","",""
"Specification-Baseline__Cost-1__Fee-British__Starts-50","11","7","0","P","7","14","P Offer","P Liability Signal: 1;P Files: 1;D Answers: 1;P Abandons: 2","1,1,1,2","0","true","","","8","0.75","0.10000000000000001","","",""
"Specification-Baseline__Cost-1__Fee-British__Starts-50","11","7","0","P","7","14","P Offer","P Liability Signal: 1;P Files: 1;D Answers: 1;P Abandons: 2","1,1,1,2","0","true","","","9","0.85","0.10000000000000001","","",""
"Specification-Baseline__Cost-1__Fee-British__Starts-50","11","7","0","P","7","14","P Offer","P Liability Signal: 1;P Files: 1;D Answers: 1;P Abandons: 2","1,1,1,2","0","true","","","10","0.95","0.10000000000000001","","",""
"Specification-Baseline__Cost-1__Fee-British__Starts-50","11","44","0","P","2","9","P Files","P Liability Signal: 2","2","0.097680000000000017","false","9.9999992539999987","9.9999992539999987","1","Yes","0","9.8044039059526238","0.19559534804737488","false"
"Specification-Baseline__Cost-1__Fee-British__Starts-50","11","44","0","P","2","9","P Files","P Liability Signal: 2","2","0.097680000000000017","false","9.9999992539999987","9.9999992539999987","2","No","1","9.9999992539999987","0","true"
"Specification-Baseline__Cost-1__Fee-British__Starts-50","11","45","0","P","5","20","P Abandons","P Liability Signal: 2;P Files: 1;D Answers: 1","2,1,1","0","true","","","1","Yes","0.5","","",""
"Specification-Baseline__Cost-1__Fee-British__Starts-50","11","45","0","P","5","20","P Abandons","P Liability Signal: 2;P Files: 1;D Answers: 1","2,1,1","0","true","","","2","No","0.5","","",""
"Specification-Baseline__Cost-1__Fee-British__Starts-50","11","46","0","P","7","14","P Offer","P Liability Signal: 2;P Files: 1;D Answers: 1;P Abandons: 1","2,1,1,1","0","true","","","1","0.05","0.10000000000000001","","",""
"Specification-Baseline__Cost-1__Fee-British__Starts-50","11","46","0","P","7","14","P Offer","P Liability Signal: 2;P Files: 1;D Answers: 1;P Abandons: 1","2,1,1,1","0","true","","","2","0.15","0.10000000000000001","","",""
"Specification-Baseline__Cost-1__Fee-British__Starts-50","11","46","0","P","7","14","P Offer","P Liability Signal: 2;P Files: 1;D Answers: 1;P Abandons: 1","2,1,1,1","0","true","","","3","0.25","0.10000000000000001","","",""
"Specification-Baseline__Cost-1__Fee-British__Starts-50","11","46","0","P","7","14","P Offer","P Liability Signal: 2;P Files: 1;D Answers: 1;P Abandons: 1","2,1,1,1","0","true","","","4","0.35","0.10000000000000001","","",""
"Specification-Baseline__Cost-1__Fee-British__Starts-50","11","46","0","P","7","14","P Offer","P Liability Signal: 2;P Files: 1;D Answers: 1;P Abandons: 1","2,1,1,1","0","true","","","5","0.45","0.10000000000000001","","",""
"Specification-Baseline__Cost-1__Fee-British__Starts-50","11","46","0","P","7","14","P Offer","P Liability Signal: 2;P Files: 1;D Answers: 1;P Abandons: 1","2,1,1,1","0","true","","","6","0.55","0.10000000000000001","","",""
"Specification-Baseline__Cost-1__Fee-British__Starts-50","11","46","0","P","7","14","P Offer","P Liability Signal: 2;P Files: 1;D Answers: 1;P Abandons: 1","2,1,1,1","0","true","","","7","0.65","0.10000000000000001","","",""
"Specification-Baseline__Cost-1__Fee-British__Starts-50","11","46","0","P","7","14","P Offer","P Liability Signal: 2;P Files: 1;D Answers: 1;P Abandons: 1","2,1,1,1","0","true","","","8","0.75","0.10000000000000001","","",""
"Specification-Baseline__Cost-1__Fee-British__Starts-50","11","46","0","P","7","14","P Offer","P Liability Signal: 2;P Files: 1;D Answers: 1;P Abandons: 1","2,1,1,1","0","true","","","9","0.85","0.10000000000000001","","",""
"Specification-Baseline__Cost-1__Fee-British__Starts-50","11","46","0","P","7","14","P Offer","P Liability Signal: 2;P Files: 1;D Answers: 1;P Abandons: 1","2,1,1,1","0","true","","","10","0.95","0.10000000000000001","","",""
"Specification-Baseline__Cost-1__Fee-British__Starts-50","11","47","0","P","7","14","P Offer","P Liability Signal: 2;P Files: 1;D Answers: 1;P Abandons: 2","2,1,1,2","0","true","","","1","0.05","0.10000000000000001","","",""
"Specification-Baseline__Cost-1__Fee-British__Starts-50","11","47","0","P","7","14","P Offer","P Liability Signal: 2;P Files: 1;D Answers: 1;P Abandons: 2","2,1,1,2","0","true","","","2","0.15","0.10000000000000001","","",""
"Specification-Baseline__Cost-1__Fee-British__Starts-50","11","47","0","P","7","14","P Offer","P Liability Signal: 2;P Files: 1;D Answers: 1;P Abandons: 2","2,1,1,2","0","true","","","3","0.25","0.10000000000000001","","",""
"Specification-Baseline__Cost-1__Fee-British__Starts-50","11","47","0","P","7","14","P Offer","P Liability Signal: 2;P Files: 1;D Answers: 1;P Abandons: 2","2,1,1,2","0","true","","","4","0.35","0.10000000000000001","","",""
"Specification-Baseline__Cost-1__Fee-British__Starts-50","11","47","0","P","7","14","P Offer","P Liability Signal: 2;P Files: 1;D Answers: 1;P Abandons: 2","2,1,1,2","0","true","","","5","0.45","0.10000000000000001","","",""
"Specification-Baseline__Cost-1__Fee-British__Starts-50","11","47","0","P","7","14","P Offer","P Liability Signal: 2;P Files: 1;D Answers: 1;P Abandons: 2","2,1,1,2","0","true","","","6","0.55","0.10000000000000001","","",""
"Specification-Baseline__Cost-1__Fee-British__Starts-50","11","47","0","P","7","14","P Offer","P Liability Signal: 2;P Files: 1;D Answers: 1;P Abandons: 2","2,1,1,2","0","true","","","7","0.65","0.10000000000000001","","",""
"Specification-Baseline__Cost-1__Fee-British__Starts-50","11","47","0","P","7","14","P Offer","P Liability Signal: 2;P Files: 1;D Answers: 1;P Abandons: 2","2,1,1,2","0","true","","","8","0.75","0.10000000000000001","","",""
"Specification-Baseline__Cost-1__Fee-British__Starts-50","11","47","0","P","7","14","P Offer","P Liability Signal: 2;P Files: 1;D Answers: 1;P Abandons: 2","2,1,1,2","0","true","","","9","0.85","0.10000000000000001","","",""
"Specification-Baseline__Cost-1__Fee-British__Starts-50","11","47","0","P","7","14","P Offer","P Liability Signal: 2;P Files: 1;D Answers: 1;P Abandons: 2","2,1,1,2","0","true","","","10","0.95","0.10000000000000001","","",""
"Specification-Baseline__Cost-1__Fee-British__Starts-50","11","48","0","P","2","9","P Files","P Liability Signal: 3","3","0.10618","false","10.004324847144224","10.004324847144224","1","Yes","1","10.004324847144224","0","true"
"Specification-Baseline__Cost-1__Fee-British__Starts-50","11","48","0","P","2","9","P Files","P Liability Signal: 3","3","0.10618","false","10.004324847144224","10.004324847144224","2","No","0","9.9999992540000004","0.0043255931442232054","false"
"Specification-Baseline__Cost-1__Fee-British__Starts-50","11","49","0","P","5","20","P Abandons","P Liability Signal: 3;P Files: 1;D Answers: 1","3,1,1","0.094520374199999993","false","9.9000061563999999","9.9000061563999999","1","Yes","0","9.8549961667599995","0.04500998964000047","false"
"Specification-Baseline__Cost-1__Fee-British__Starts-50","11","49","0","P","5","20","P Abandons","P Liability Signal: 3;P Files: 1;D Answers: 1","3,1,1","0.094520374199999993","false","9.9000061563999999","9.9000061563999999","2","No","1","9.9000061563999999","0","true"
"Specification-Baseline__Cost-1__Fee-British__Starts-50","11","50","0","P","7","14","P Offer","P Liability Signal: 3;P Files: 1;D Answers: 1;P Abandons: 1","3,1,1,1","0","true","","","1","0.05","0.10000000000000001","","",""
"Specification-Baseline__Cost-1__Fee-British__Starts-50","11","50","0","P","7","14","P Offer","P Liability Signal: 3;P Files: 1;D Answers: 1;P Abandons: 1","3,1,1,1","0","true","","","2","0.15","0.10000000000000001","","",""
"Specification-Baseline__Cost-1__Fee-British__Starts-50","11","50","0","P","7","14","P Offer","P Liability Signal: 3;P Files: 1;D Answers: 1;P Abandons: 1","3,1,1,1","0","true","","","3","0.25","0.10000000000000001","","",""
"Specification-Baseline__Cost-1__Fee-British__Starts-50","11","50","0","P","7","14","P Offer","P Liability Signal: 3;P Files: 1;D Answers: 1;P Abandons: 1","3,1,1,1","0","true","","","4","0.35","0.10000000000000001","","",""
"Specification-Baseline__Cost-1__Fee-British__Starts-50","11","50","0","P","7","14","P Offer","P Liability Signal: 3;P Files: 1;D Answers: 1;P Abandons: 1","3,1,1,1","0","true","","","5","0.45","0.10000000000000001","","",""
"Specification-Baseline__Cost-1__Fee-British__Starts-50","11","50","0","P","7","14","P Offer","P Liability Signal: 3;P Files: 1;D Answers: 1;P Abandons: 1","3,1,1,1","0","true","","","6","0.55","0.10000000000000001","","",""
"Specification-Baseline__Cost-1__Fee-British__Starts-50","11","50","0","P","7","14","P Offer","P Liability Signal: 3;P Files: 1;D Answers: 1;P Abandons: 1","3,1,1,1","0","true","","","7","0.65","0.10000000000000001","","",""
"Specification-Baseline__Cost-1__Fee-British__Starts-50","11","50","0","P","7","14","P Offer","P Liability Signal: 3;P Files: 1;D Answers: 1;P Abandons: 1","3,1,1,1","0","true","","","8","0.75","0.10000000000000001","","",""
"Specification-Baseline__Cost-1__Fee-British__Starts-50","11","50","0","P","7","14","P Offer","P Liability Signal: 3;P Files: 1;D Answers: 1;P Abandons: 1","3,1,1,1","0","true","","","9","0.85","0.10000000000000001","","",""
"Specification-Baseline__Cost-1__Fee-British__Starts-50","11","50","0","P","7","14","P Offer","P Liability Signal: 3;P Files: 1;D Answers: 1;P Abandons: 1","3,1,1,1","0","true","","","10","0.95","0.10000000000000001","","",""
"Specification-Baseline__Cost-1__Fee-British__Starts-50","11","51","0","P","7","14","P Offer","P Liability Signal: 3;P Files: 1;D Answers: 1;P Abandons: 2","3,1,1,2","0.094520374199999993","false","9.9000061563999999","9.9000061563999999","1","0.05","1","9.9000061563999999","0","true"
"Specification-Baseline__Cost-1__Fee-British__Starts-50","11","51","0","P","7","14","P Offer","P Liability Signal: 3;P Files: 1;D Answers: 1;P Abandons: 2","3,1,1,2","0.094520374199999993","false","9.9000061563999999","9.9000061563999999","2","0.15","0","9.6590325412252636","0.24097361517473637","false"
"Specification-Baseline__Cost-1__Fee-British__Starts-50","11","51","0","P","7","14","P Offer","P Liability Signal: 3;P Files: 1;D Answers: 1;P Abandons: 2","3,1,1,2","0.094520374199999993","false","9.9000061563999999","9.9000061563999999","3","0.25","0","9.6590325412252636","0.24097361517473637","false"
"Specification-Baseline__Cost-1__Fee-British__Starts-50","11","51","0","P","7","14","P Offer","P Liability Signal: 3;P Files: 1;D Answers: 1;P Abandons: 2","3,1,1,2","0.094520374199999993","false","9.9000061563999999","9.9000061563999999","4","0.35","0","9.6590325412252636","0.24097361517473637","false"
"Specification-Baseline__Cost-1__Fee-British__Starts-50","11","51","0","P","7","14","P Offer","P Liability Signal: 3;P Files: 1;D Answers: 1;P Abandons: 2","3,1,1,2","0.094520374199999993","false","9.9000061563999999","9.9000061563999999","5","0.45","0","9.6590325412252636","0.24097361517473637","false"
"Specification-Baseline__Cost-1__Fee-British__Starts-50","11","51","0","P","7","14","P Offer","P Liability Signal: 3;P Files: 1;D Answers: 1;P Abandons: 2","3,1,1,2","0.094520374199999993","false","9.9000061563999999","9.9000061563999999","6","0.55","0","9.6590325412252636","0.24097361517473637","false"
"Specification-Baseline__Cost-1__Fee-British__Starts-50","11","51","0","P","7","14","P Offer","P Liability Signal: 3;P Files: 1;D Answers: 1;P Abandons: 2","3,1,1,2","0.094520374199999993","false","9.9000061563999999","9.9000061563999999","7","0.65","0","9.6590325412252636","0.24097361517473637","false"
"Specification-Baseline__Cost-1__Fee-British__Starts-50","11","51","0","P","7","14","P Offer","P Liability Signal: 3;P Files: 1;D Answers: 1;P Abandons: 2","3,1,1,2","0.094520374199999993","false","9.9000061563999999","9.9000061563999999","8","0.75","0","9.6590325412252636","0.24097361517473637","false"
"Specification-Baseline__Cost-1__Fee-British__Starts-50","11","51","0","P","7","14","P Offer","P Liability Signal: 3;P Files: 1;D Answers: 1;P Abandons: 2","3,1,1,2","0.094520374199999993","false","9.9000061563999999","9.9000061563999999","9","0.85","0","9.6590325412252636","0.24097361517473637","false"
"Specification-Baseline__Cost-1__Fee-British__Starts-50","11","51","0","P","7","14","P Offer","P Liability Signal: 3;P Files: 1;D Answers: 1;P Abandons: 2","3,1,1,2","0.094520374199999993","false","9.9000061563999999","9.9000061563999999","10","0.95","0","9.6590325412252636","0.24097361517473637","false"
"Specification-Baseline__Cost-1__Fee-British__Starts-50","11","52","0","P","2","9","P Files","P Liability Signal: 4","4","0.1081","false","10.075859292213346","10.075859292213346","1","Yes","1","10.075859292213346","0","true"
"Specification-Baseline__Cost-1__Fee-British__Starts-50","11","52","0","P","2","9","P Files","P Liability Signal: 4","4","0.1081","false","10.075859292213346","10.075859292213346","2","No","0","9.9999992540000004","0.07586003821334586","false"
"Specification-Baseline__Cost-1__Fee-British__Starts-50","11","53","0","P","5","20","P Abandons","P Liability Signal: 4;P Files: 1;D Answers: 1","4,1,1","0.088089608999999999","false","9.9000061563999999","9.9000061563999999","1","Yes","0","9.8549961667600012","0.045009989639998693","false"
"Specification-Baseline__Cost-1__Fee-British__Starts-50","11","53","0","P","5","20","P Abandons","P Liability Signal: 4;P Files: 1;D Answers: 1","4,1,1","0.088089608999999999","false","9.9000061563999999","9.9000061563999999","2","No","1","9.9000061563999999","0","true"
"Specification-Baseline__Cost-1__Fee-British__Starts-50","11","54","0","P","7","14","P Offer","P Liability Signal: 4;P Files: 1;D Answers: 1;P Abandons: 1","4,1,1,1","0","true","","","1","0.05","0.10000000000000001","","",""
"Specification-Baseline__Cost-1__Fee-British__Starts-50","11","54","0","P","7","14","P Offer","P Liability Signal: 4;P Files: 1;D Answers: 1;P Abandons: 1","4,1,1,1","0","true","","","2","0.15","0.10000000000000001","","",""
"Specification-Baseline__Cost-1__Fee-British__Starts-50","11","54","0","P","7","14","P Offer","P Liability Signal: 4;P Files: 1;D Answers: 1;P Abandons: 1","4,1,1,1","0","true","","","3","0.25","0.10000000000000001","","",""
"Specification-Baseline__Cost-1__Fee-British__Starts-50","11","54","0","P","7","14","P Offer","P Liability Signal: 4;P Files: 1;D Answers: 1;P Abandons: 1","4,1,1,1","0","true","","","4","0.35","0.10000000000000001","","",""
"Specification-Baseline__Cost-1__Fee-British__Starts-50","11","54","0","P","7","14","P Offer","P Liability Signal: 4;P Files: 1;D Answers: 1;P Abandons: 1","4,1,1,1","0","true","","","5","0.45","0.10000000000000001","","",""
"Specification-Baseline__Cost-1__Fee-British__Starts-50","11","54","0","P","7","14","P Offer","P Liability Signal: 4;P Files: 1;D Answers: 1;P Abandons: 1","4,1,1,1","0","true","","","6","0.55","0.10000000000000001","","",""
"Specification-Baseline__Cost-1__Fee-British__Starts-50","11","54","0","P","7","14","P Offer","P Liability Signal: 4;P Files: 1;D Answers: 1;P Abandons: 1","4,1,1,1","0","true","","","7","0.65","0.10000000000000001","","",""
"Specification-Baseline__Cost-1__Fee-British__Starts-50","11","54","0","P","7","14","P Offer","P Liability Signal: 4;P Files: 1;D Answers: 1;P Abandons: 1","4,1,1,1","0","true","","","8","0.75","0.10000000000000001","","",""
"Specification-Baseline__Cost-1__Fee-British__Starts-50","11","54","0","P","7","14","P Offer","P Liability Signal: 4;P Files: 1;D Answers: 1;P Abandons: 1","4,1,1,1","0","true","","","9","0.85","0.10000000000000001","","",""
"Specification-Baseline__Cost-1__Fee-British__Starts-50","11","54","0","P","7","14","P Offer","P Liability Signal: 4;P Files: 1;D Answers: 1;P Abandons: 1","4,1,1,1","0","true","","","10","0.95","0.10000000000000001","","",""
"Specification-Baseline__Cost-1__Fee-British__Starts-50","11","55","0","P","7","14","P Offer","P Liability Signal: 4;P Files: 1;D Answers: 1;P Abandons: 2","4,1,1,2","0.088089608999999999","false","9.9000061563999999","9.9000061563999999","1","0.05","1","9.9000061563999999","0","true"
"Specification-Baseline__Cost-1__Fee-British__Starts-50","11","55","0","P","7","14","P Offer","P Liability Signal: 4;P Files: 1;D Answers: 1;P Abandons: 2","4,1,1,2","0.088089608999999999","false","9.9000061563999999","9.9000061563999999","2","0.15","0","9.7734984820817576","0.12650767431824228","false"
"Specification-Baseline__Cost-1__Fee-British__Starts-50","11","55","0","P","7","14","P Offer","P Liability Signal: 4;P Files: 1;D Answers: 1;P Abandons: 2","4,1,1,2","0.088089608999999999","false","9.9000061563999999","9.9000061563999999","3","0.25","0","9.7734984820817576","0.12650767431824228","false"
"Specification-Baseline__Cost-1__Fee-British__Starts-50","11","55","0","P","7","14","P Offer","P Liability Signal: 4;P Files: 1;D Answers: 1;P Abandons: 2","4,1,1,2","0.088089608999999999","false","9.9000061563999999","9.9000061563999999","4","0.35","0","9.7734984820817576","0.12650767431824228","false"
"Specification-Baseline__Cost-1__Fee-British__Starts-50","11","55","0","P","7","14","P Offer","P Liability Signal: 4;P Files: 1;D Answers: 1;P Abandons: 2","4,1,1,2","0.088089608999999999","false","9.9000061563999999","9.9000061563999999","5","0.45","0","9.7734984820817576","0.12650767431824228","false"
"Specification-Baseline__Cost-1__Fee-British__Starts-50","11","55","0","P","7","14","P Offer","P Liability Signal: 4;P Files: 1;D Answers: 1;P Abandons: 2","4,1,1,2","0.088089608999999999","false","9.9000061563999999","9.9000061563999999","6","0.55","0","9.7734984820817576","0.12650767431824228","false"
"Specification-Baseline__Cost-1__Fee-British__Starts-50","11","55","0","P","7","14","P Offer","P Liability Signal: 4;P Files: 1;D Answers: 1;P Abandons: 2","4,1,1,2","0.088089608999999999","false","9.9000061563999999","9.9000061563999999","7","0.65","0","9.7734984820817576","0.12650767431824228","false"
"Specification-Baseline__Cost-1__Fee-British__Starts-50","11","55","0","P","7","14","P Offer","P Liability Signal: 4;P Files: 1;D Answers: 1;P Abandons: 2","4,1,1,2","0.088089608999999999","false","9.9000061563999999","9.9000061563999999","8","0.75","0","9.7734984820817576","0.12650767431824228","false"
"Specification-Baseline__Cost-1__Fee-British__Starts-50","11","55","0","P","7","14","P Offer","P Liability Signal: 4;P Files: 1;D Answers: 1;P Abandons: 2","4,1,1,2","0.088089608999999999","false","9.9000061563999999","9.9000061563999999","9","0.85","0","9.7734984820817576","0.12650767431824228","false"
"Specification-Baseline__Cost-1__Fee-British__Starts-50","11","55","0","P","7","14","P Offer","P Liability Signal: 4;P Files: 1;D Answers: 1;P Abandons: 2","4,1,1,2","0.088089608999999999","false","9.9000061563999999","9.9000061563999999","10","0.95","0","9.7734984820817576","0.12650767431824228","false"
"Specification-Baseline__Cost-1__Fee-British__Starts-50","11","56","0","P","2","9","P Files","P Liability Signal: 5","5","0.1076","false","10.194584180162837","10.194584180162837","1","Yes","1","10.194584180162837","0","true"
"Specification-Baseline__Cost-1__Fee-British__Starts-50","11","56","0","P","2","9","P Files","P Liability Signal: 5","5","0.1076","false","10.194584180162837","10.194584180162837","2","No","0","9.9999992540000004","0.19458492616283607","false"
"Specification-Baseline__Cost-1__Fee-British__Starts-50","11","57","0","P","5","20","P Abandons","P Liability Signal: 5;P Files: 1;D Answers: 1","5,1,1","0.075951612000000002","false","9.9214785116258692","9.9214785116258692","1","Yes","0","9.8549961667599995","0.066482344865869791","false"
"Specification-Baseline__Cost-1__Fee-British__Starts-50","11","57","0","P","5","20","P Abandons","P Liability Signal: 5;P Files: 1;D Answers: 1","5,1,1","0.075951612000000002","false","9.9214785116258692","9.9214785116258692","2","No","1","9.9214785116258692","0","true"
"Specification-Baseline__Cost-1__Fee-British__Starts-50","11","58","0","P","7","14","P Offer","P Liability Signal: 5;P Files: 1;D Answers: 1;P Abandons: 1","5,1,1,1","0","true","","","1","0.05","0.10000000000000001","","",""
"Specification-Baseline__Cost-1__Fee-British__Starts-50","11","58","0","P","7","14","P Offer","P Liability Signal: 5;P Files: 1;D Answers: 1;P Abandons: 1","5,1,1,1","0","true","","","2","0.15","0.10000000000000001","","",""
"Specification-Baseline__Cost-1__Fee-British__Starts-50","11","58","0","P","7","14","P Offer","P Liability Signal: 5;P Files: 1;D Answers: 1;P Abandons: 1","5,1,1,1","0","true","","","3","0.25","0.10000000000000001","","",""
"Specification-Baseline__Cost-1__Fee-British__Starts-50","11","58","0","P","7","14","P Offer","P Liability Signal: 5;P Files: 1;D Answers: 1;P Abandons: 1","5,1,1,1","0","true","","","4","0.35","0.10000000000000001","","",""
"Specification-Baseline__Cost-1__Fee-British__Starts-50","11","58","0","P","7","14","P Offer","P Liability Signal: 5;P Files: 1;D Answers: 1;P Abandons: 1","5,1,1,1","0","true","","","5","0.45","0.10000000000000001","","",""
"Specification-Baseline__Cost-1__Fee-British__Starts-50","11","58","0","P","7","14","P Offer","P Liability Signal: 5;P Files: 1;D Answers: 1;P Abandons: 1","5,1,1,1","0","true","","","6","0.55","0.10000000000000001","","",""
"Specification-Baseline__Cost-1__Fee-British__Starts-50","11","58","0","P","7","14","P Offer","P Liability Signal: 5;P Files: 1;D Answers: 1;P Abandons: 1","5,1,1,1","0","true","","","7","0.65","0.10000000000000001","","",""
"Specification-Baseline__Cost-1__Fee-British__Starts-50","11","58","0","P","7","14","P Offer","P Liability Signal: 5;P Files: 1;D Answers: 1;P Abandons: 1","5,1,1,1","0","true","","","8","0.75","0.10000000000000001","","",""
"Specification-Baseline__Cost-1__Fee-British__Starts-50","11","58","0","P","7","14","P Offer","P Liability Signal: 5;P Files: 1;D Answers: 1;P Abandons: 1","5,1,1,1","0","true","","","9","0.85","0.10000000000000001","","",""
"Specification-Baseline__Cost-1__Fee-British__Starts-50","11","58","0","P","7","14","P Offer","P Liability Signal: 5;P Files: 1;D Answers: 1;P Abandons: 1","5,1,1,1","0","true","","","10","0.95","0.10000000000000001","","",""
"Specification-Baseline__Cost-1__Fee-British__Starts-50","11","59","0","P","7","14","P Offer","P Liability Signal: 5;P Files: 1;D Answers: 1;P Abandons: 2","5,1,1,2","0.075951612000000002","false","9.9214785116258692","9.9214785116258692","1","0.05","0","9.9000061563999981","0.021472355225871098","false"
"Specification-Baseline__Cost-1__Fee-British__Starts-50","11","59","0","P","7","14","P Offer","P Liability Signal: 5;P Files: 1;D Answers: 1;P Abandons: 2","5,1,1,2","0.075951612000000002","false","9.9214785116258692","9.9214785116258692","2","0.15","0","9.9214785116258692","0","true"
"Specification-Baseline__Cost-1__Fee-British__Starts-50","11","59","0","P","7","14","P Offer","P Liability Signal: 5;P Files: 1;D Answers: 1;P Abandons: 2","5,1,1,2","0.075951612000000002","false","9.9214785116258692","9.9214785116258692","3","0.25","0","9.9214785116258692","0","true"
"Specification-Baseline__Cost-1__Fee-British__Starts-50","11","59","0","P","7","14","P Offer","P Liability Signal: 5;P Files: 1;D Answers: 1;P Abandons: 2","5,1,1,2","0.075951612000000002","false","9.9214785116258692","9.9214785116258692","4","0.35","0","9.9214785116258692","0","true"
"Specification-Baseline__Cost-1__Fee-British__Starts-50","11","59","0","P","7","14","P Offer","P Liability Signal: 5;P Files: 1;D Answers: 1;P Abandons: 2","5,1,1,2","0.075951612000000002","false","9.9214785116258692","9.9214785116258692","5","0.45","0","9.9214785116258692","0","true"
"Specification-Baseline__Cost-1__Fee-British__Starts-50","11","59","0","P","7","14","P Offer","P Liability Signal: 5;P Files: 1;D Answers: 1;P Abandons: 2","5,1,1,2","0.075951612000000002","false","9.9214785116258692","9.9214785116258692","6","0.55","0","9.9214785116258692","0","true"
"Specification-Baseline__Cost-1__Fee-British__Starts-50","11","59","0","P","7","14","P Offer","P Liability Signal: 5;P Files: 1;D Answers: 1;P Abandons: 2","5,1,1,2","0.075951612000000002","false","9.9214785116258692","9.9214785116258692","7","0.65","0","9.9214785116258692","0","true"
"Specification-Baseline__Cost-1__Fee-British__Starts-50","11","59","0","P","7","14","P Offer","P Liability Signal: 5;P Files: 1;D Answers: 1;P Abandons: 2","5,1,1,2","0.075951612000000002","false","9.9214785116258692","9.9214785116258692","8","0.75","1","9.9214785116258692","0","true"
"Specification-Baseline__Cost-1__Fee-British__Starts-50","11","59","0","P","7","14","P Offer","P Liability Signal: 5;P Files: 1;D Answers: 1;P Abandons: 2","5,1,1,2","0.075951612000000002","false","9.9214785116258692","9.9214785116258692","9","0.85","0","9.9214785116258692","0","true"
"Specification-Baseline__Cost-1__Fee-British__Starts-50","11","59","0","P","7","14","P Offer","P Liability Signal: 5;P Files: 1;D Answers: 1;P Abandons: 2","5,1,1,2","0.075951612000000002","false","9.9214785116258692","9.9214785116258692","10","0.95","0","9.9214785116258692","0","true"
"Specification-Baseline__Cost-1__Fee-British__Starts-50","11","60","0","P","2","9","P Files","P Liability Signal: 6","6","0.10759999999999999","false","10.416611391878906","10.416611391878906","1","Yes","1","10.416611391878906","0","true"
"Specification-Baseline__Cost-1__Fee-British__Starts-50","11","60","0","P","2","9","P Files","P Liability Signal: 6","6","0.10759999999999999","false","10.416611391878906","10.416611391878906","2","No","0","9.9999992540000004","0.41661213787890539","false"
"Specification-Baseline__Cost-1__Fee-British__Starts-50","11","61","0","P","5","20","P Abandons","P Liability Signal: 6;P Files: 1;D Answers: 1","6,1,1","0.061603151999999994","false","10.093016681509189","10.093016681509189","1","Yes","0","9.8549961667600012","0.23802051474918784","false"
"Specification-Baseline__Cost-1__Fee-British__Starts-50","11","61","0","P","5","20","P Abandons","P Liability Signal: 6;P Files: 1;D Answers: 1","6,1,1","0.061603151999999994","false","10.093016681509189","10.093016681509189","2","No","1","10.093016681509189","0","true"
"Specification-Baseline__Cost-1__Fee-British__Starts-50","11","62","0","P","7","14","P Offer","P Liability Signal: 6;P Files: 1;D Answers: 1;P Abandons: 1","6,1,1,1","0","true","","","1","0.05","0.10000000000000001","","",""
"Specification-Baseline__Cost-1__Fee-British__Starts-50","11","62","0","P","7","14","P Offer","P Liability Signal: 6;P Files: 1;D Answers: 1;P Abandons: 1","6,1,1,1","0","true","","","2","0.15","0.10000000000000001","","",""
"Specification-Baseline__Cost-1__Fee-British__Starts-50","11","62","0","P","7","14","P Offer","P Liability Signal: 6;P Files: 1;D Answers: 1;P Abandons: 1","6,1,1,1","0","true","","","3","0.25","0.10000000000000001","","",""
"Specification-Baseline__Cost-1__Fee-British__Starts-50","11","62","0","P","7","14","P Offer","P Liability Signal: 6;P Files: 1;D Answers: 1;P Abandons: 1","6,1,1,1","0","true","","","4","0.35","0.10000000000000001","","",""
"Specification-Baseline__Cost-1__Fee-British__Starts-50","11","62","0","P","7","14","P Offer","P Liability Signal: 6;P Files: 1;D Answers: 1;P Abandons: 1","6,1,1,1","0","true","","","5","0.45","0.10000000000000001","","",""
"Specification-Baseline__Cost-1__Fee-British__Starts-50","11","62","0","P","7","14","P Offer","P Liability Signal: 6;P Files: 1;D Answers: 1;P Abandons: 1","6,1,1,1","0","true","","","6","0.55","0.10000000000000001","","",""
"Specification-Baseline__Cost-1__Fee-British__Starts-50","11","62","0","P","7","14","P Offer","P Liability Signal: 6;P Files: 1;D Answers: 1;P Abandons: 1","6,1,1,1","0","true","","","7","0.65","0.10000000000000001","","",""
"Specification-Baseline__Cost-1__Fee-British__Starts-50","11","62","0","P","7","14","P Offer","P Liability Signal: 6;P Files: 1;D Answers: 1;P Abandons: 1","6,1,1,1","0","true","","","8","0.75","0.10000000000000001","","",""
"Specification-Baseline__Cost-1__Fee-British__Starts-50","11","62","0","P","7","14","P Offer","P Liability Signal: 6;P Files: 1;D Answers: 1;P Abandons: 1","6,1,1,1","0","true","","","9","0.85","0.10000000000000001","","",""
"Specification-Baseline__Cost-1__Fee-British__Starts-50","11","62","0","P","7","14","P Offer","P Liability Signal: 6;P Files: 1;D Answers: 1;P Abandons: 1","6,1,1,1","0","true","","","10","0.95","0.10000000000000001","","",""
"Specification-Baseline__Cost-1__Fee-British__Starts-50","11","63","0","P","7","14","P Offer","P Liability Signal: 6;P Files: 1;D Answers: 1;P Abandons: 2","6,1,1,2","0.061603151999999994","false","10.093016681509189","10.093016681509189","1","0.05","0","9.9000061564000017","0.19301052510918737","false"
"Specification-Baseline__Cost-1__Fee-British__Starts-50","11","63","0","P","7","14","P Offer","P Liability Signal: 6;P Files: 1;D Answers: 1;P Abandons: 2","6,1,1,2","0.061603151999999994","false","10.093016681509189","10.093016681509189","2","0.15","0","10.093016681509189","0","true"
"Specification-Baseline__Cost-1__Fee-British__Starts-50","11","63","0","P","7","14","P Offer","P Liability Signal: 6;P Files: 1;D Answers: 1;P Abandons: 2","6,1,1,2","0.061603151999999994","false","10.093016681509189","10.093016681509189","3","0.25","0","10.093016681509189","0","true"
"Specification-Baseline__Cost-1__Fee-British__Starts-50","11","63","0","P","7","14","P Offer","P Liability Signal: 6;P Files: 1;D Answers: 1;P Abandons: 2","6,1,1,2","0.061603151999999994","false","10.093016681509189","10.093016681509189","4","0.35","0","10.093016681509189","0","true"
"Specification-Baseline__Cost-1__Fee-British__Starts-50","11","63","0","P","7","14","P Offer","P Liability Signal: 6;P Files: 1;D Answers: 1;P Abandons: 2","6,1,1,2","0.061603151999999994","false","10.093016681509189","10.093016681509189","5","0.45","0","10.093016681509189","0","true"
"Specification-Baseline__Cost-1__Fee-British__Starts-50","11","63","0","P","7","14","P Offer","P Liability Signal: 6;P Files: 1;D Answers: 1;P Abandons: 2","6,1,1,2","0.061603151999999994","false","10.093016681509189","10.093016681509189","6","0.55","0","10.093016681509189","0","true"
"Specification-Baseline__Cost-1__Fee-British__Starts-50","11","63","0","P","7","14","P Offer","P Liability Signal: 6;P Files: 1;D Answers: 1;P Abandons: 2","6,1,1,2","0.061603151999999994","false","10.093016681509189","10.093016681509189","7","0.65","0","10.093016681509189","0","true"
"Specification-Baseline__Cost-1__Fee-British__Starts-50","11","63","0","P","7","14","P Offer","P Liability Signal: 6;P Files: 1;D Answers: 1;P Abandons: 2","6,1,1,2","0.061603151999999994","false","10.093016681509189","10.093016681509189","8","0.75","0.15190624690437987","10.093016681509189","0","true"
"Specification-Baseline__Cost-1__Fee-British__Starts-50","11","63","0","P","7","14","P Offer","P Liability Signal: 6;P Files: 1;D Answers: 1;P Abandons: 2","6,1,1,2","0.061603151999999994","false","10.093016681509189","10.093016681509189","9","0.85","0.84809375309562018","10.093016681509189","0","true"
"Specification-Baseline__Cost-1__Fee-British__Starts-50","11","63","0","P","7","14","P Offer","P Liability Signal: 6;P Files: 1;D Answers: 1;P Abandons: 2","6,1,1,2","0.061603151999999994","false","10.093016681509189","10.093016681509189","10","0.95","0","10.093016681509189","0","true"
"Specification-Baseline__Cost-1__Fee-British__Starts-50","11","64","0","P","2","9","P Files","P Liability Signal: 7","7","0.10809999999999999","false","10.59729909268764","10.59729909268764","1","Yes","1","10.59729909268764","0","true"
"Specification-Baseline__Cost-1__Fee-British__Starts-50","11","64","0","P","2","9","P Files","P Liability Signal: 7","7","0.10809999999999999","false","10.59729909268764","10.59729909268764","2","No","0","9.9999992540000022","0.59729983868763803","false"
"Specification-Baseline__Cost-1__Fee-British__Starts-50","11","65","0","P","5","20","P Abandons","P Liability Signal: 7;P Files: 1;D Answers: 1","7,1,1","0.047246186000000003","false","10.271818001296042","10.271818001296042","1","Yes","0","9.8549961667599995","0.4168218345360426","false"
"Specification-Baseline__Cost-1__Fee-British__Starts-50","11","65","0","P","5","20","P Abandons","P Liability Signal: 7;P Files: 1;D Answers: 1","7,1,1","0.047246186000000003","false","10.271818001296042","10.271818001296042","2","No","1","10.271818001296042","0","true"
"Specification-Baseline__Cost-1__Fee-British__Starts-50","11","66","0","P","7","14","P Offer","P Liability Signal: 7;P Files: 1;D Answers: 1;P Abandons: 1","7,1,1,1","0","true","","","1","0.05","0.10000000000000001","","",""
"Specification-Baseline__Cost-1__Fee-British__Starts-50","11","66","0","P","7","14","P Offer","P Liability Signal: 7;P Files: 1;D Answers: 1;P Abandons: 1","7,1,1,1","0","true","","","2","0.15","0.10000000000000001","","",""
"Specification-Baseline__Cost-1__Fee-British__Starts-50","11","66","0","P","7","14","P Offer","P Liability Signal: 7;P Files: 1;D Answers: 1;P Abandons: 1","7,1,1,1","0","true","","","3","0.25","0.10000000000000001","","",""
"Specification-Baseline__Cost-1__Fee-British__Starts-50","11","66","0","P","7","14","P Offer","P Liability Signal: 7;P Files: 1;D Answers: 1;P Abandons: 1","7,1,1,1","0","true","","","4","0.35","0.10000000000000001","","",""
"Specification-Baseline__Cost-1__Fee-British__Starts-50","11","66","0","P","7","14","P Offer","P Liability Signal: 7;P Files: 1;D Answers: 1;P Abandons: 1","7,1,1,1","0","true","","","5","0.45","0.10000000000000001","","",""
"Specification-Baseline__Cost-1__Fee-British__Starts-50","11","66","0","P","7","14","P Offer","P Liability Signal: 7;P Files: 1;D Answers: 1;P Abandons: 1","7,1,1,1","0","true","","","6","0.55","0.10000000000000001","","",""
"Specification-Baseline__Cost-1__Fee-British__Starts-50","11","66","0","P","7","14","P Offer","P Liability Signal: 7;P Files: 1;D Answers: 1;P Abandons: 1","7,1,1,1","0","true","","","7","0.65","0.10000000000000001","","",""
"Specification-Baseline__Cost-1__Fee-British__Starts-50","11","66","0","P","7","14","P Offer","P Liability Signal: 7;P Files: 1;D Answers: 1;P Abandons: 1","7,1,1,1","0","true","","","8","0.75","0.10000000000000001","","",""
"Specification-Baseline__Cost-1__Fee-British__Starts-50","11","66","0","P","7","14","P Offer","P Liability Signal: 7;P Files: 1;D Answers: 1;P Abandons: 1","7,1,1,1","0","true","","","9","0.85","0.10000000000000001","","",""
"Specification-Baseline__Cost-1__Fee-British__Starts-50","11","66","0","P","7","14","P Offer","P Liability Signal: 7;P Files: 1;D Answers: 1;P Abandons: 1","7,1,1,1","0","true","","","10","0.95","0.10000000000000001","","",""
"Specification-Baseline__Cost-1__Fee-British__Starts-50","11","67","0","P","7","14","P Offer","P Liability Signal: 7;P Files: 1;D Answers: 1;P Abandons: 2","7,1,1,2","0.047246186000000003","false","10.271818001296042","10.271818001296042","1","0.05","0","9.9000061563999999","0.37181184489604213","false"
"Specification-Baseline__Cost-1__Fee-British__Starts-50","11","67","0","P","7","14","P Offer","P Liability Signal: 7;P Files: 1;D Answers: 1;P Abandons: 2","7,1,1,2","0.047246186000000003","false","10.271818001296042","10.271818001296042","2","0.15","0","10.271818001296042","0","true"
"Specification-Baseline__Cost-1__Fee-British__Starts-50","11","67","0","P","7","14","P Offer","P Liability Signal: 7;P Files: 1;D Answers: 1;P Abandons: 2","7,1,1,2","0.047246186000000003","false","10.271818001296042","10.271818001296042","3","0.25","0","10.271818001296042","0","true"
"Specification-Baseline__Cost-1__Fee-British__Starts-50","11","67","0","P","7","14","P Offer","P Liability Signal: 7;P Files: 1;D Answers: 1;P Abandons: 2","7,1,1,2","0.047246186000000003","false","10.271818001296042","10.271818001296042","4","0.35","0","10.271818001296042","0","true"
"Specification-Baseline__Cost-1__Fee-British__Starts-50","11","67","0","P","7","14","P Offer","P Liability Signal: 7;P Files: 1;D Answers: 1;P Abandons: 2","7,1,1,2","0.047246186000000003","false","10.271818001296042","10.271818001296042","5","0.45","0","10.271818001296042","0","true"
"Specification-Baseline__Cost-1__Fee-British__Starts-50","11","67","0","P","7","14","P Offer","P Liability Signal: 7;P Files: 1;D Answers: 1;P Abandons: 2","7,1,1,2","0.047246186000000003","false","10.271818001296042","10.271818001296042","6","0.55","0","10.271818001296042","0","true"
"Specification-Baseline__Cost-1__Fee-British__Starts-50","11","67","0","P","7","14","P Offer","P Liability Signal: 7;P Files: 1;D Answers: 1;P Abandons: 2","7,1,1,2","0.047246186000000003","false","10.271818001296042","10.271818001296042","7","0.65","0","10.271818001296042","0","true"
"Specification-Baseline__Cost-1__Fee-British__Starts-50","11","67","0","P","7","14","P Offer","P Liability Signal: 7;P Files: 1;D Answers: 1;P Abandons: 2","7,1,1,2","0.047246186000000003","false","10.271818001296042","10.271818001296042","8","0.75","0","10.271818001296042","0","true"
"Specification-Baseline__Cost-1__Fee-British__Starts-50","11","67","0","P","7","14","P Offer","P Liability Signal: 7;P Files: 1;D Answers: 1;P Abandons: 2","7,1,1,2","0.047246186000000003","false","10.271818001296042","10.271818001296042","9","0.85","1","10.271818001296042","0","true"
"Specification-Baseline__Cost-1__Fee-British__Starts-50","11","67","0","P","7","14","P Offer","P Liability Signal: 7;P Files: 1;D Answers: 1;P Abandons: 2","7,1,1,2","0.047246186000000003","false","10.271818001296042","10.271818001296042","10","0.95","0","10.271818001296042","0","true"
"Specification-Baseline__Cost-1__Fee-British__Starts-50","11","68","0","P","2","9","P Files","P Liability Signal: 8","8","0.10618","false","10.718556524823393","10.718556524823393","1","Yes","1","10.718556524823393","0","true"
"Specification-Baseline__Cost-1__Fee-British__Starts-50","11","68","0","P","2","9","P Files","P Liability Signal: 8","8","0.10618","false","10.718556524823393","10.718556524823393","2","No","0","9.9999992540000004","0.71855727082339271","false"
"Specification-Baseline__Cost-1__Fee-British__Starts-50","11","69","0","P","5","20","P Abandons","P Liability Signal: 8;P Files: 1;D Answers: 1","8,1,1","0.034134746399999999","false","10.441132723665097","10.441132723665097","1","Yes","0","9.8549961667600012","0.58613655690509603","false"
"Specification-Baseline__Cost-1__Fee-British__Starts-50","11","69","0","P","5","20","P Abandons","P Liability Signal: 8;P Files: 1;D Answers: 1","8,1,1","0.034134746399999999","false","10.441132723665097","10.441132723665097","2","No","1","10.441132723665097","0","true"
"Specification-Baseline__Cost-1__Fee-British__Starts-50","11","70","0","P","7","14","P Offer","P Liability Signal: 8;P Files: 1;D Answers: 1;P Abandons: 1","8,1,1,1","0","true","","","1","0.05","0.10000000000000001","","",""
"Specification-Baseline__Cost-1__Fee-British__Starts-50","11","70","0","P","7","14","P Offer","P Liability Signal: 8;P Files: 1;D Answers: 1;P Abandons: 1","8,1,1,1","0","true","","","2","0.15","0.10000000000000001","","",""
"Specification-Baseline__Cost-1__Fee-British__Starts-50","11","70","0","P","7","14","P Offer","P Liability Signal: 8;P Files: 1;D Answers: 1;P Abandons: 1","8,1,1,1","0","true","","","3","0.25","0.10000000000000001","","",""
"Specification-Baseline__Cost-1__Fee-British__Starts-50","11","70","0","P","7","14","P Offer","P Liability Signal: 8;P Files: 1;D Answers: 1;P Abandons: 1","8,1,1,1","0","true","","","4","0.35","0.10000000000000001","","",""
"Specification-Baseline__Cost-1__Fee-British__Starts-50","11","70","0","P","7","14","P Offer","P Liability Signal: 8;P Files: 1;D Answers: 1;P Abandons: 1","8,1,1,1","0","true","","","5","0.45","0.10000000000000001","","",""
"Specification-Baseline__Cost-1__Fee-British__Starts-50","11","70","0","P","7","14","P Offer","P Liability Signal: 8;P Files: 1;D Answers: 1;P Abandons: 1","8,1,1,1","0","true","","","6","0.55","0.10000000000000001","","",""
"Specification-Baseline__Cost-1__Fee-British__Starts-50","11","70","0","P","7","14","P Offer","P Liability Signal: 8;P Files: 1;D Answers: 1;P Abandons: 1","8,1,1,1","0","true","","","7","0.65","0.10000000000000001","","",""
"Specification-Baseline__Cost-1__Fee-British__Starts-50","11","70","0","P","7","14","P Offer","P Liability Signal: 8;P Files: 1;D Answers: 1;P Abandons: 1","8,1,1,1","0","true","","","8","0.75","0.10000000000000001","","",""
"Specification-Baseline__Cost-1__Fee-British__Starts-50","11","70","0","P","7","14","P Offer","P Liability Signal: 8;P Files: 1;D Answers: 1;P Abandons: 1","8,1,1,1","0","true","","","9","0.85","0.10000000000000001","","",""
"Specification-Baseline__Cost-1__Fee-British__Starts-50","11","70","0","P","7","14","P Offer","P Liability Signal: 8;P Files: 1;D Answers: 1;P Abandons: 1","8,1,1,1","0","true","","","10","0.95","0.10000000000000001","","",""
"Specification-Baseline__Cost-1__Fee-British__Starts-50","11","71","0","P","7","14","P Offer","P Liability Signal: 8;P Files: 1;D Answers: 1;P Abandons: 2","8,1,1,2","0.034134746399999999","false","10.441132723665097","10.441132723665097","1","0.05","0","9.9000061563999999","0.54112656726509734","false"
"Specification-Baseline__Cost-1__Fee-British__Starts-50","11","71","0","P","7","14","P Offer","P Liability Signal: 8;P Files: 1;D Answers: 1;P Abandons: 2","8,1,1,2","0.034134746399999999","false","10.441132723665097","10.441132723665097","2","0.15","0","10.441132723665097","0","true"
"Specification-Baseline__Cost-1__Fee-British__Starts-50","11","71","0","P","7","14","P Offer","P Liability Signal: 8;P Files: 1;D Answers: 1;P Abandons: 2","8,1,1,2","0.034134746399999999","false","10.441132723665097","10.441132723665097","3","0.25","0","10.441132723665097","0","true"
"Specification-Baseline__Cost-1__Fee-British__Starts-50","11","71","0","P","7","14","P Offer","P Liability Signal: 8;P Files: 1;D Answers: 1;P Abandons: 2","8,1,1,2","0.034134746399999999","false","10.441132723665097","10.441132723665097","4","0.35","0","10.441132723665097","0","true"
"Specification-Baseline__Cost-1__Fee-British__Starts-50","11","71","0","P","7","14","P Offer","P Liability Signal: 8;P Files: 1;D Answers: 1;P Abandons: 2","8,1,1,2","0.034134746399999999","false","10.441132723665097","10.441132723665097","5","0.45","0","10.441132723665097","0","true"
"Specification-Baseline__Cost-1__Fee-British__Starts-50","11","71","0","P","7","14","P Offer","P Liability Signal: 8;P Files: 1;D Answers: 1;P Abandons: 2","8,1,1,2","0.034134746399999999","false","10.441132723665097","10.441132723665097","6","0.55","0","10.441132723665097","0","true"
"Specification-Baseline__Cost-1__Fee-British__Starts-50","11","71","0","P","7","14","P Offer","P Liability Signal: 8;P Files: 1;D Answers: 1;P Abandons: 2","8,1,1,2","0.034134746399999999","false","10.441132723665097","10.441132723665097","7","0.65","0","10.441132723665097","0","true"
"Specification-Baseline__Cost-1__Fee-British__Starts-50","11","71","0","P","7","14","P Offer","P Liability Signal: 8;P Files: 1;D Answers: 1;P Abandons: 2","8,1,1,2","0.034134746399999999","false","10.441132723665097","10.441132723665097","8","0.75","0","10.441132723665097","0","true"
"Specification-Baseline__Cost-1__Fee-British__Starts-50","11","71","0","P","7","14","P Offer","P Liability Signal: 8;P Files: 1;D Answers: 1;P Abandons: 2","8,1,1,2","0.034134746399999999","false","10.441132723665097","10.441132723665097","9","0.85","0","10.441132723665097","0","true"
"Specification-Baseline__Cost-1__Fee-British__Starts-50","11","71","0","P","7","14","P Offer","P Liability Signal: 8;P Files: 1;D Answers: 1;P Abandons: 2","8,1,1,2","0.034134746399999999","false","10.441132723665097","10.441132723665097","10","0.95","1","10.441132723665097","0","true"
"Specification-Baseline__Cost-1__Fee-British__Starts-50","11","72","0","P","2","9","P Files","P Liability Signal: 9","9","0.097680000000000003","false","10.788230013369503","10.788230013369503","1","Yes","1","10.788230013369503","0","true"
"Specification-Baseline__Cost-1__Fee-British__Starts-50","11","72","0","P","2","9","P Files","P Liability Signal: 9","9","0.097680000000000003","false","10.788230013369503","10.788230013369503","2","No","0","9.9999992540000022","0.78823075936950104","false"
"Specification-Baseline__Cost-1__Fee-British__Starts-50","11","73","0","P","5","20","P Abandons","P Liability Signal: 9;P Files: 1;D Answers: 1","9,1,1","0.023014384800000003","false","10.587833456676083","10.587833456676083","1","Yes","0","9.8549961667599995","0.73283728991608399","false"
"Specification-Baseline__Cost-1__Fee-British__Starts-50","11","73","0","P","5","20","P Abandons","P Liability Signal: 9;P Files: 1;D Answers: 1","9,1,1","0.023014384800000003","false","10.587833456676083","10.587833456676083","2","No","1","10.587833456676083","0","true"
"Specification-Baseline__Cost-1__Fee-British__Starts-50","11","74","0","P","7","14","P Offer","P Liability Signal: 9;P Files: 1;D Answers: 1;P Abandons: 1","9,1,1,1","0","true","","","1","0.05","0.10000000000000001","","",""
"Specification-Baseline__Cost-1__Fee-British__Starts-50","11","74","0","P","7","14","P Offer","P Liability Signal: 9;P Files: 1;D Answers: 1;P Abandons: 1","9,1,1,1","0","true","","","2","0.15","0.10000000000000001","","",""
"Specification-Baseline__Cost-1__Fee-British__Starts-50","11","74","0","P","7","14","P Offer","P Liability Signal: 9;P Files: 1;D Answers: 1;P Abandons: 1","9,1,1,1","0","true","","","3","0.25","0.10000000000000001","","",""
"Specification-Baseline__Cost-1__Fee-British__Starts-50","11","74","0","P","7","14","P Offer","P Liability Signal: 9;P Files: 1;D Answers: 1;P Abandons: 1","9,1,1,1","0","true","","","4","0.35","0.10000000000000001","","",""
"Specification-Baseline__Cost-1__Fee-British__Starts-50","11","74","0","P","7","14","P Offer","P Liability Signal: 9;P Files: 1;D Answers: 1;P Abandons: 1","9,1,1,1","0","true","","","5","0.45","0.10000000000000001","","",""
"Specification-Baseline__Cost-1__Fee-British__Starts-50","11","74","0","P","7","14","P Offer","P Liability Signal: 9;P Files: 1;D Answers: 1;P Abandons: 1","9,1,1,1","0","true","","","6","0.55","0.10000000000000001","","",""
"Specification-Baseline__Cost-1__Fee-British__Starts-50","11","74","0","P","7","14","P Offer","P Liability Signal: 9;P Files: 1;D Answers: 1;P Abandons: 1","9,1,1,1","0","true","","","7","0.65","0.10000000000000001","","",""
"Specification-Baseline__Cost-1__Fee-British__Starts-50","11","74","0","P","7","14","P Offer","P Liability Signal: 9;P Files: 1;D Answers: 1;P Abandons: 1","9,1,1,1","0","true","","","8","0.75","0.10000000000000001","","",""
"Specification-Baseline__Cost-1__Fee-British__Starts-50","11","74","0","P","7","14","P Offer","P Liability Signal: 9;P Files: 1;D Answers: 1;P Abandons: 1","9,1,1,1","0","true","","","9","0.85","0.10000000000000001","","",""
"Specification-Baseline__Cost-1__Fee-British__Starts-50","11","74","0","P","7","14","P Offer","P Liability Signal: 9;P Files: 1;D Answers: 1;P Abandons: 1","9,1,1,1","0","true","","","10","0.95","0.10000000000000001","","",""
"Specification-Baseline__Cost-1__Fee-British__Starts-50","11","75","0","P","7","14","P Offer","P Liability Signal: 9;P Files: 1;D Answers: 1;P Abandons: 2","9,1,1,2","0.023014384800000003","false","10.587833456676083","10.587833456676083","1","0.05","0","9.9000061563999999","0.68782730027608352","false"
"Specification-Baseline__Cost-1__Fee-British__Starts-50","11","75","0","P","7","14","P Offer","P Liability Signal: 9;P Files: 1;D Answers: 1;P Abandons: 2","9,1,1,2","0.023014384800000003","false","10.587833456676083","10.587833456676083","2","0.15","0","10.587833456676083","0","true"
"Specification-Baseline__Cost-1__Fee-British__Starts-50","11","75","0","P","7","14","P Offer","P Liability Signal: 9;P Files: 1;D Answers: 1;P Abandons: 2","9,1,1,2","0.023014384800000003","false","10.587833456676083","10.587833456676083","3","0.25","0","10.587833456676083","0","true"
"Specification-Baseline__Cost-1__Fee-British__Starts-50","11","75","0","P","7","14","P Offer","P Liability Signal: 9;P Files: 1;D Answers: 1;P Abandons: 2","9,1,1,2","0.023014384800000003","false","10.587833456676083","10.587833456676083","4","0.35","0","10.587833456676083","0","true"
"Specification-Baseline__Cost-1__Fee-British__Starts-50","11","75","0","P","7","14","P Offer","P Liability Signal: 9;P Files: 1;D Answers: 1;P Abandons: 2","9,1,1,2","0.023014384800000003","false","10.587833456676083","10.587833456676083","5","0.45","0","10.587833456676083","0","true"
"Specification-Baseline__Cost-1__Fee-British__Starts-50","11","75","0","P","7","14","P Offer","P Liability Signal: 9;P Files: 1;D Answers: 1;P Abandons: 2","9,1,1,2","0.023014384800000003","false","10.587833456676083","10.587833456676083","6","0.55","0","10.587833456676083","0","true"
"Specification-Baseline__Cost-1__Fee-British__Starts-50","11","75","0","P","7","14","P Offer","P Liability Signal: 9;P Files: 1;D Answers: 1;P Abandons: 2","9,1,1,2","0.023014384800000003","false","10.587833456676083","10.587833456676083","7","0.65","0","10.587833456676083","0","true"
"Specification-Baseline__Cost-1__Fee-British__Starts-50","11","75","0","P","7","14","P Offer","P Liability Signal: 9;P Files: 1;D Answers: 1;P Abandons: 2","9,1,1,2","0.023014384800000003","false","10.587833456676083","10.587833456676083","8","0.75","0","10.587833456676083","0","true"
"Specification-Baseline__Cost-1__Fee-British__Starts-50","11","75","0","P","7","14","P Offer","P Liability Signal: 9;P Files: 1;D Answers: 1;P Abandons: 2","9,1,1,2","0.023014384800000003","false","10.587833456676083","10.587833456676083","9","0.85","0","10.587833456676083","0","true"
"Specification-Baseline__Cost-1__Fee-British__Starts-50","11","75","0","P","7","14","P Offer","P Liability Signal: 9;P Files: 1;D Answers: 1;P Abandons: 2","9,1,1,2","0.023014384800000003","false","10.587833456676083","10.587833456676083","10","0.95","1","10.587833456676083","0","true"
"Specification-Baseline__Cost-1__Fee-British__Starts-50","11","76","0","P","2","9","P Files","P Liability Signal: 10","10","0.080430000000000001","false","10.824240376716396","10.824240376716396","1","Yes","1","10.824240376716396","0","true"
"Specification-Baseline__Cost-1__Fee-British__Starts-50","11","76","0","P","2","9","P Files","P Liability Signal: 10","10","0.080430000000000001","false","10.824240376716396","10.824240376716396","2","No","0","9.9999992540000004","0.82424112271639594","false"
"Specification-Baseline__Cost-1__Fee-British__Starts-50","11","77","0","P","5","20","P Abandons","P Liability Signal: 10;P Files: 1;D Answers: 1","10,1,1","0.0142546089","false","10.7046599046491","10.7046599046491","1","Yes","0","9.8549961667600012","0.84966373788909877","false"
"Specification-Baseline__Cost-1__Fee-British__Starts-50","11","77","0","P","5","20","P Abandons","P Liability Signal: 10;P Files: 1;D Answers: 1","10,1,1","0.0142546089","false","10.7046599046491","10.7046599046491","2","No","1","10.7046599046491","0","true"
"Specification-Baseline__Cost-1__Fee-British__Starts-50","11","78","0","P","7","14","P Offer","P Liability Signal: 10;P Files: 1;D Answers: 1;P Abandons: 1","10,1,1,1","0","true","","","1","0.05","0.10000000000000001","","",""
"Specification-Baseline__Cost-1__Fee-British__Starts-50","11","78","0","P","7","14","P Offer","P Liability Signal: 10;P Files: 1;D Answers: 1;P Abandons: 1","10,1,1,1","0","true","","","2","0.15","0.10000000000000001","","",""
"Specification-Baseline__Cost-1__Fee-British__Starts-50","11","78","0","P","7","14","P Offer","P Liability Signal: 10;P Files: 1;D Answers: 1;P Abandons: 1","10,1,1,1","0","true","","","3","0.25","0.10000000000000001","","",""
"Specification-Baseline__Cost-1__Fee-British__Starts-50","11","78","0","P","7","14","P Offer","P Liability Signal: 10;P Files: 1;D Answers: 1;P Abandons: 1","10,1,1,1","0","true","","","4","0.35","0.10000000000000001","","",""
"Specification-Baseline__Cost-1__Fee-British__Starts-50","11","78","0","P","7","14","P Offer","P Liability Signal: 10;P Files: 1;D Answers: 1;P Abandons: 1","10,1,1,1","0","true","","","5","0.45","0.10000000000000001","","",""
"Specification-Baseline__Cost-1__Fee-British__Starts-50","11","78","0","P","7","14","P Offer","P Liability Signal: 10;P Files: 1;D Answers: 1;P Abandons: 1","10,1,1,1","0","true","","","6","0.55","0.10000000000000001","","",""
"Specification-Baseline__Cost-1__Fee-British__Starts-50","11","78","0","P","7","14","P Offer","P Liability Signal: 10;P Files: 1;D Answers: 1;P Abandons: 1","10,1,1,1","0","true","","","7","0.65","0.10000000000000001","","",""
"Specification-Baseline__Cost-1__Fee-British__Starts-50","11","78","0","P","7","14","P Offer","P Liability Signal: 10;P Files: 1;D Answers: 1;P Abandons: 1","10,1,1,1","0","true","","","8","0.75","0.10000000000000001","","",""
"Specification-Baseline__Cost-1__Fee-British__Starts-50","11","78","0","P","7","14","P Offer","P Liability Signal: 10;P Files: 1;D Answers: 1;P Abandons: 1","10,1,1,1","0","true","","","9","0.85","0.10000000000000001","","",""
"Specification-Baseline__Cost-1__Fee-British__Starts-50","11","78","0","P","7","14","P Offer","P Liability Signal: 10;P Files: 1;D Answers: 1;P Abandons: 1","10,1,1,1","0","true","","","10","0.95","0.10000000000000001","","",""
"Specification-Baseline__Cost-1__Fee-British__Starts-50","11","79","0","P","7","14","P Offer","P Liability Signal: 10;P Files: 1;D Answers: 1;P Abandons: 2","10,1,1,2","0.0142546089","false","10.7046599046491","10.7046599046491","1","0.05","0","9.9000061563999999","0.80465374824910008","false"
"Specification-Baseline__Cost-1__Fee-British__Starts-50","11","79","0","P","7","14","P Offer","P Liability Signal: 10;P Files: 1;D Answers: 1;P Abandons: 2","10,1,1,2","0.0142546089","false","10.7046599046491","10.7046599046491","2","0.15","0","10.7046599046491","0","true"
"Specification-Baseline__Cost-1__Fee-British__Starts-50","11","79","0","P","7","14","P Offer","P Liability Signal: 10;P Files: 1;D Answers: 1;P Abandons: 2","10,1,1,2","0.0142546089","false","10.7046599046491","10.7046599046491","3","0.25","0","10.7046599046491","0","true"
"Specification-Baseline__Cost-1__Fee-British__Starts-50","11","79","0","P","7","14","P Offer","P Liability Signal: 10;P Files: 1;D Answers: 1;P Abandons: 2","10,1,1,2","0.0142546089","false","10.7046599046491","10.7046599046491","4","0.35","0","10.7046599046491","0","true"
"Specification-Baseline__Cost-1__Fee-British__Starts-50","11","79","0","P","7","14","P Offer","P Liability Signal: 10;P Files: 1;D Answers: 1;P Abandons: 2","10,1,1,2","0.0142546089","false","10.7046599046491","10.7046599046491","5","0.45","0","10.7046599046491","0","true"
"Specification-Baseline__Cost-1__Fee-British__Starts-50","11","79","0","P","7","14","P Offer","P Liability Signal: 10;P Files: 1;D Answers: 1;P Abandons: 2","10,1,1,2","0.0142546089","false","10.7046599046491","10.7046599046491","6","0.55","0","10.7046599046491","0","true"
"Specification-Baseline__Cost-1__Fee-British__Starts-50","11","79","0","P","7","14","P Offer","P Liability Signal: 10;P Files: 1;D Answers: 1;P Abandons: 2","10,1,1,2","0.0142546089","false","10.7046599046491","10.7046599046491","7","0.65","0","10.7046599046491","0","true"
"Specification-Baseline__Cost-1__Fee-British__Starts-50","11","79","0","P","7","14","P Offer","P Liability Signal: 10;P Files: 1;D Answers: 1;P Abandons: 2","10,1,1,2","0.0142546089","false","10.7046599046491","10.7046599046491","8","0.75","0","10.7046599046491","0","true"
"Specification-Baseline__Cost-1__Fee-British__Starts-50","11","79","0","P","7","14","P Offer","P Liability Signal: 10;P Files: 1;D Answers: 1;P Abandons: 2","10,1,1,2","0.0142546089","false","10.7046599046491","10.7046599046491","9","0.85","0","10.7046599046491","0","true"
"Specification-Baseline__Cost-1__Fee-British__Starts-50","11","79","0","P","7","14","P Offer","P Liability Signal: 10;P Files: 1;D Answers: 1;P Abandons: 2","10,1,1,2","0.0142546089","false","10.7046599046491","10.7046599046491","10","0.95","1","10.7046599046491","0","true"
"Specification-Baseline__Cost-1__Fee-British__Starts-50","11","1","1","D","3","10","D Answers","D Liability Signal: 1;P Files: 1","1,1","0.042495163600000004","false","9.7680035066456892","9.7680035066456892","1","Yes","1","9.7680035066456892","0","true"
"Specification-Baseline__Cost-1__Fee-British__Starts-50","11","1","1","D","3","10","D Answers","D Liability Signal: 1;P Files: 1","1,1","0.042495163600000004","false","9.7680035066456892","9.7680035066456892","2","No","0","8.9999959390000015","0.76800756764568767","false"
"Specification-Baseline__Cost-1__Fee-British__Starts-50","11","3","1","D","6","21","D Defaults","D Liability Signal: 1;P Files: 1;D Answers: 1","1,1,1","0.042495163600000004","false","9.7680035066456892","9.7680035066456892","1","Yes","0","9.3460209131704826","0.42198259347520661","false"
"Specification-Baseline__Cost-1__Fee-British__Starts-50","11","3","1","D","6","21","D Defaults","D Liability Signal: 1;P Files: 1;D Answers: 1","1,1,1","0.042495163600000004","false","9.7680035066456892","9.7680035066456892","2","No","1","9.7680035066456892","0","true"
"Specification-Baseline__Cost-1__Fee-British__Starts-50","11","5","1","D","8","15","D Offer","D Liability Signal: 1;P Files: 1;D Answers: 1;D Defaults: 1","1,1,1,1","0","true","","","1","0.05","0.10000000000000001","","",""
"Specification-Baseline__Cost-1__Fee-British__Starts-50","11","5","1","D","8","15","D Offer","D Liability Signal: 1;P Files: 1;D Answers: 1;D Defaults: 1","1,1,1,1","0","true","","","2","0.15","0.10000000000000001","","",""
"Specification-Baseline__Cost-1__Fee-British__Starts-50","11","5","1","D","8","15","D Offer","D Liability Signal: 1;P Files: 1;D Answers: 1;D Defaults: 1","1,1,1,1","0","true","","","3","0.25","0.10000000000000001","","",""
"Specification-Baseline__Cost-1__Fee-British__Starts-50","11","5","1","D","8","15","D Offer","D Liability Signal: 1;P Files: 1;D Answers: 1;D Defaults: 1","1,1,1,1","0","true","","","4","0.35","0.10000000000000001","","",""
"Specification-Baseline__Cost-1__Fee-British__Starts-50","11","5","1","D","8","15","D Offer","D Liability Signal: 1;P Files: 1;D Answers: 1;D Defaults: 1","1,1,1,1","0","true","","","5","0.45","0.10000000000000001","","",""
"Specification-Baseline__Cost-1__Fee-British__Starts-50","11","5","1","D","8","15","D Offer","D Liability Signal: 1;P Files: 1;D Answers: 1;D Defaults: 1","1,1,1,1","0","true","","","6","0.55","0.10000000000000001","","",""
"Specification-Baseline__Cost-1__Fee-British__Starts-50","11","5","1","D","8","15","D Offer","D Liability Signal: 1;P Files: 1;D Answers: 1;D Defaults: 1","1,1,1,1","0","true","","","7","0.65","0.10000000000000001","","",""
"Specification-Baseline__Cost-1__Fee-British__Starts-50","11","5","1","D","8","15","D Offer","D Liability Signal: 1;P Files: 1;D Answers: 1;D Defaults: 1","1,1,1,1","0","true","","","8","0.75","0.10000000000000001","","",""
"Specification-Baseline__Cost-1__Fee-British__Starts-50","11","5","1","D","8","15","D Offer","D Liability Signal: 1;P Files: 1;D Answers: 1;D Defaults: 1","1,1,1,1","0","true","","","9","0.85","0.10000000000000001","","",""
"Specification-Baseline__Cost-1__Fee-British__Starts-50","11","5","1","D","8","15","D Offer","D Liability Signal: 1;P Files: 1;D Answers: 1;D Defaults: 1","1,1,1,1","0","true","","","10","0.95","0.10000000000000001","","",""
"Specification-Baseline__Cost-1__Fee-British__Starts-50","11","6","1","D","8","15","D Offer","D Liability Signal: 1;P Files: 1;D Answers: 1;D Defaults: 2","1,1,1,2","0.042495163600000004","false","9.7680035066456892","9.7680035066456892","1","0.05","1","9.7680035066456892","0","true"
"Specification-Baseline__Cost-1__Fee-British__Starts-50","11","6","1","D","8","15","D Offer","D Liability Signal: 1;P Files: 1;D Answers: 1;D Defaults: 2","1,1,1,2","0.042495163600000004","false","9.7680035066456892","9.7680035066456892","2","0.15","0","9.7347834520528593","0.03322005459282984","false"
"Specification-Baseline__Cost-1__Fee-British__Starts-50","11","6","1","D","8","15","D Offer","D Liability Signal: 1;P Files: 1;D Answers: 1;D Defaults: 2","1,1,1,2","0.042495163600000004","false","9.7680035066456892","9.7680035066456892","3","0.25","0","9.7015633974600313","0.066440109185657903","false"
"Specification-Baseline__Cost-1__Fee-British__Starts-50","11","6","1","D","8","15","D Offer","D Liability Signal: 1;P Files: 1;D Answers: 1;D Defaults: 2","1,1,1,2","0.042495163600000004","false","9.7680035066456892","9.7680035066456892","4","0.35","0","9.6683331931407785","0.099670313504910624","false"
"Specification-Baseline__Cost-1__Fee-British__Starts-50","11","6","1","D","8","15","D Offer","D Liability Signal: 1;P Files: 1;D Answers: 1;D Defaults: 2","1,1,1,2","0.042495163600000004","false","9.7680035066456892","9.7680035066456892","5","0.45","0","9.6351131385479487","0.13289036809774046","false"
"Specification-Baseline__Cost-1__Fee-British__Starts-50","11","6","1","D","8","15","D Offer","D Liability Signal: 1;P Files: 1;D Answers: 1;D Defaults: 2","1,1,1,2","0.042495163600000004","false","9.7680035066456892","9.7680035066456892","6","0.55","0","9.6018930839551189","0.1661104226905703","false"
"Specification-Baseline__Cost-1__Fee-British__Starts-50","11","6","1","D","8","15","D Offer","D Liability Signal: 1;P Files: 1;D Answers: 1;D Defaults: 2","1,1,1,2","0.042495163600000004","false","9.7680035066456892","9.7680035066456892","7","0.65","0","9.5686730293622926","0.19933047728339659","false"
"Specification-Baseline__Cost-1__Fee-British__Starts-50","11","6","1","D","8","15","D Offer","D Liability Signal: 1;P Files: 1;D Answers: 1;D Defaults: 2","1,1,1,2","0.042495163600000004","false","9.7680035066456892","9.7680035066456892","8","0.75","0","9.4105521786360438","0.35745132800964541","false"
"Specification-Baseline__Cost-1__Fee-British__Starts-50","11","6","1","D","8","15","D Offer","D Liability Signal: 1;P Files: 1;D Answers: 1;D Defaults: 2","1,1,1,2","0.042495163600000004","false","9.7680035066456892","9.7680035066456892","9","0.85","0","9.2870216718730312","0.48098183477265799","false"
"Specification-Baseline__Cost-1__Fee-British__Starts-50","11","6","1","D","8","15","D Offer","D Liability Signal: 1;P Files: 1;D Answers: 1;D Defaults: 2","1,1,1,2","0.042495163600000004","false","9.7680035066456892","9.7680035066456892","10","0.95","0","9.2236022099850565","0.54440129666063264","false"
"Specification-Baseline__Cost-1__Fee-British__Starts-50","11","8","1","D","3","10","D Answers","D Liability Signal: 2;P Files: 1","2,1","0.057432098499999994","false","9.7149870054803298","9.7149870054803298","1","Yes","1","9.7149870054803298","0","true"
"Specification-Baseline__Cost-1__Fee-British__Starts-50","11","8","1","D","3","10","D Answers","D Liability Signal: 2;P Files: 1","2,1","0.057432098499999994","false","9.7149870054803298","9.7149870054803298","2","No","0","8.9999959389999979","0.71499106648033184","false"
"Specification-Baseline__Cost-1__Fee-British__Starts-50","11","9","1","D","6","21","D Defaults","D Liability Signal: 2;P Files: 1;D Answers: 1","2,1,1","0.057432098499999994","false","9.7149870054803298","9.7149870054803298","1","Yes","0","9.3004717492687767","0.41451525621155305","false"
"Specification-Baseline__Cost-1__Fee-British__Starts-50","11","9","1","D","6","21","D Defaults","D Liability Signal: 2;P Files: 1;D Answers: 1","2,1,1","0.057432098499999994","false","9.7149870054803298","9.7149870054803298","2","No","1","9.7149870054803298","0","true"
"Specification-Baseline__Cost-1__Fee-British__Starts-50","11","10","1","D","8","15","D Offer","D Liability Signal: 2;P Files: 1;D Answers: 1;D Defaults: 1","2,1,1,1","0","true","","","1","0.05","0.10000000000000001","","",""
"Specification-Baseline__Cost-1__Fee-British__Starts-50","11","10","1","D","8","15","D Offer","D Liability Signal: 2;P Files: 1;D Answers: 1;D Defaults: 1","2,1,1,1","0","true","","","2","0.15","0.10000000000000001","","",""
"Specification-Baseline__Cost-1__Fee-British__Starts-50","11","10","1","D","8","15","D Offer","D Liability Signal: 2;P Files: 1;D Answers: 1;D Defaults: 1","2,1,1,1","0","true","","","3","0.25","0.10000000000000001","","",""
"Specification-Baseline__Cost-1__Fee-British__Starts-50","11","10","1","D","8","15","D Offer","D Liability Signal: 2;P Files: 1;D Answers: 1;D Defaults: 1","2,1,1,1","0","true","","","4","0.35","0.10000000000000001","","",""
"Specification-Baseline__Cost-1__Fee-British__Starts-50","11","10","1","D","8","15","D Offer","D Liability Signal: 2;P Files: 1;D Answers: 1;D Defaults: 1","2,1,1,1","0","true","","","5","0.45","0.10000000000000001","","",""
"Specification-Baseline__Cost-1__Fee-British__Starts-50","11","10","1","D","8","15","D Offer","D Liability Signal: 2;P Files: 1;D Answers: 1;D Defaults: 1","2,1,1,1","0","true","","","6","0.55","0.10000000000000001","","",""
"Specification-Baseline__Cost-1__Fee-British__Starts-50","11","10","1","D","8","15","D Offer","D Liability Signal: 2;P Files: 1;D Answers: 1;D Defaults: 1","2,1,1,1","0","true","","","7","0.65","0.10000000000000001","","",""
"Specification-Baseline__Cost-1__Fee-British__Starts-50","11","10","1","D","8","15","D Offer","D Liability Signal: 2;P Files: 1;D Answers: 1;D Defaults: 1","2,1,1,1","0","true","","","8","0.75","0.10000000000000001","","",""
"Specification-Baseline__Cost-1__Fee-British__Starts-50","11","10","1","D","8","15","D Offer","D Liability Signal: 2;P Files: 1;D Answers: 1;D Defaults: 1","2,1,1,1","0","true","","","9","0.85","0.10000000000000001","","",""
"Specification-Baseline__Cost-1__Fee-British__Starts-50","11","10","1","D","8","15","D Offer","D Liability Signal: 2;P Files: 1;D Answers: 1;D Defaults: 1","2,1,1,1","0","true","","","10","0.95","0.10000000000000001","","",""
"Specification-Baseline__Cost-1__Fee-British__Starts-50","11","11","1","D","8","15","D Offer","D Liability Signal: 2;P Files: 1;D Answers: 1;D Defaults: 2","2,1,1,2","0.057432098499999994","false","9.7149870054803298","9.7149870054803298","1","0.05","1","9.7149870054803298","0","true"
"Specification-Baseline__Cost-1__Fee-British__Starts-50","11","11","1","D","8","15","D Offer","D Liability Signal: 2;P Files: 1;D Answers: 1;D Defaults: 2","2,1,1,2","0.057432098499999994","false","9.7149870054803298","9.7149870054803298","2","0.15","0","9.6850243996647194","0.029962605815610388","false"
"Specification-Baseline__Cost-1__Fee-British__Starts-50","11","11","1","D","8","15","D Offer","D Liability Signal: 2;P Files: 1;D Answers: 1;D Defaults: 2","2,1,1,2","0.057432098499999994","false","9.7149870054803298","9.7149870054803298","3","0.25","0","9.6550617938491072","0.059925211631222552","false"
"Specification-Baseline__Cost-1__Fee-British__Starts-50","11","11","1","D","8","15","D Offer","D Liability Signal: 2;P Files: 1;D Answers: 1;D Defaults: 2","2,1,1,2","0.057432098499999994","false","9.7149870054803298","9.7149870054803298","4","0.35","0","9.6250900335557041","0.089896971924625646","false"
"Specification-Baseline__Cost-1__Fee-British__Starts-50","11","11","1","D","8","15","D Offer","D Liability Signal: 2;P Files: 1;D Answers: 1;D Defaults: 2","2,1,1,2","0.057432098499999994","false","9.7149870054803298","9.7149870054803298","5","0.45","0","9.595127427740092","0.11985957774023781","false"
"Specification-Baseline__Cost-1__Fee-British__Starts-50","11","11","1","D","8","15","D Offer","D Liability Signal: 2;P Files: 1;D Answers: 1;D Defaults: 2","2,1,1,2","0.057432098499999994","false","9.7149870054803298","9.7149870054803298","6","0.55","0","9.5651648219244816","0.1498221835558482","false"
"Specification-Baseline__Cost-1__Fee-British__Starts-50","11","11","1","D","8","15","D Offer","D Liability Signal: 2;P Files: 1;D Answers: 1;D Defaults: 2","2,1,1,2","0.057432098499999994","false","9.7149870054803298","9.7149870054803298","7","0.65","0","9.5352022161088694","0.17978478937146036","false"
"Specification-Baseline__Cost-1__Fee-British__Starts-50","11","11","1","D","8","15","D Offer","D Liability Signal: 2;P Files: 1;D Answers: 1;D Defaults: 2","2,1,1,2","0.057432098499999994","false","9.7149870054803298","9.7149870054803298","8","0.75","0","9.3878164556238808","0.327170549856449","false"
"Specification-Baseline__Cost-1__Fee-British__Starts-50","11","11","1","D","8","15","D Offer","D Liability Signal: 2;P Files: 1;D Answers: 1;D Defaults: 2","2,1,1,2","0.057432098499999994","false","9.7149870054803298","9.7149870054803298","9","0.85","0","9.2628146294569227","0.4521723760234071","false"
"Specification-Baseline__Cost-1__Fee-British__Starts-50","11","11","1","D","8","15","D Offer","D Liability Signal: 2;P Files: 1;D Answers: 1;D Defaults: 2","2,1,1,2","0.057432098499999994","false","9.7149870054803298","9.7149870054803298","10","0.95","0","9.1971972821819215","0.51778972329840833","false"
"Specification-Baseline__Cost-1__Fee-British__Starts-50","11","12","1","D","3","10","D Answers","D Liability Signal: 3;P Files: 1","3,1","0.070485627800000006","false","9.6262149701400563","9.6262149701400563","1","Yes","1","9.6262149701400563","0","true"
"Specification-Baseline__Cost-1__Fee-British__Starts-50","11","12","1","D","3","10","D Answers","D Liability Signal: 3;P Files: 1","3,1","0.070485627800000006","false","9.6262149701400563","9.6262149701400563","2","No","0","8.9999959389999979","0.62621903114005839","false"
"Specification-Baseline__Cost-1__Fee-British__Starts-50","11","13","1","D","6","21","D Defaults","D Liability Signal: 3;P Files: 1;D Answers: 1","3,1,1","0.070485627800000006","false","9.6262149701400563","9.6262149701400563","1","Yes","0","9.2416308285374331","0.38458414160262322","false"
"Specification-Baseline__Cost-1__Fee-British__Starts-50","11","13","1","D","6","21","D Defaults","D Liability Signal: 3;P Files: 1;D Answers: 1","3,1,1","0.070485627800000006","false","9.6262149701400563","9.6262149701400563","2","No","1","9.6262149701400563","0","true"
"Specification-Baseline__Cost-1__Fee-British__Starts-50","11","14","1","D","8","15","D Offer","D Liability Signal: 3;P Files: 1;D Answers: 1;D Defaults: 1","3,1,1,1","0","true","","","1","0.05","0.10000000000000001","","",""
"Specification-Baseline__Cost-1__Fee-British__Starts-50","11","14","1","D","8","15","D Offer","D Liability Signal: 3;P Files: 1;D Answers: 1;D Defaults: 1","3,1,1,1","0","true","","","2","0.15","0.10000000000000001","","",""
"Specification-Baseline__Cost-1__Fee-British__Starts-50","11","14","1","D","8","15","D Offer","D Liability Signal: 3;P Files: 1;D Answers: 1;D Defaults: 1","3,1,1,1","0","true","","","3","0.25","0.10000000000000001","","",""
"Specification-Baseline__Cost-1__Fee-British__Starts-50","11","14","1","D","8","15","D Offer","D Liability Signal: 3;P Files: 1;D Answers: 1;D Defaults: 1","3,1,1,1","0","true","","","4","0.35","0.10000000000000001","","",""
"Specification-Baseline__Cost-1__Fee-British__Starts-50","11","14","1","D","8","15","D Offer","D Liability Signal: 3;P Files: 1;D Answers: 1;D Defaults: 1","3,1,1,1","0","true","","","5","0.45","0.10000000000000001","","",""
"Specification-Baseline__Cost-1__Fee-British__Starts-50","11","14","1","D","8","15","D Offer","D Liability Signal: 3;P Files: 1;D Answers: 1;D Defaults: 1","3,1,1,1","0","true","","","6","0.55","0.10000000000000001","","",""
"Specification-Baseline__Cost-1__Fee-British__Starts-50","11","14","1","D","8","15","D Offer","D Liability Signal: 3;P Files: 1;D Answers: 1;D Defaults: 1","3,1,1,1","0","true","","","7","0.65","0.10000000000000001","","",""
"Specification-Baseline__Cost-1__Fee-British__Starts-50","11","14","1","D","8","15","D Offer","D Liability Signal: 3;P Files: 1;D Answers: 1;D Defaults: 1","3,1,1,1","0","true","","","8","0.75","0.10000000000000001","","",""
"Specification-Baseline__Cost-1__Fee-British__Starts-50","11","14","1","D","8","15","D Offer","D Liability Signal: 3;P Files: 1;D Answers: 1;D Defaults: 1","3,1,1,1","0","true","","","9","0.85","0.10000000000000001","","",""
"Specification-Baseline__Cost-1__Fee-British__Starts-50","11","14","1","D","8","15","D Offer","D Liability Signal: 3;P Files: 1;D Answers: 1;D Defaults: 1","3,1,1,1","0","true","","","10","0.95","0.10000000000000001","","",""
"Specification-Baseline__Cost-1__Fee-British__Starts-50","11","15","1","D","8","15","D Offer","D Liability Signal: 3;P Files: 1;D Answers: 1;D Defaults: 2","3,1,1,2","0.070485627800000006","false","9.6262149701400563","9.6262149701400563","1","0.05","1","9.6262149701400563","0","true"
"Specification-Baseline__Cost-1__Fee-British__Starts-50","11","15","1","D","8","15","D Offer","D Liability Signal: 3;P Files: 1;D Answers: 1;D Defaults: 2","3,1,1,2","0.070485627800000006","false","9.6262149701400563","9.6262149701400563","2","0.15","0","9.6004299904920565","0.025784979647999862","false"
"Specification-Baseline__Cost-1__Fee-British__Starts-50","11","15","1","D","8","15","D Offer","D Liability Signal: 3;P Files: 1;D Answers: 1;D Defaults: 2","3,1,1,2","0.070485627800000006","false","9.6262149701400563","9.6262149701400563","3","0.25","0","9.5746450108440566","0.051569959295999723","false"
"Specification-Baseline__Cost-1__Fee-British__Starts-50","11","15","1","D","8","15","D Offer","D Liability Signal: 3;P Files: 1;D Answers: 1;D Defaults: 2","3,1,1,2","0.070485627800000006","false","9.6262149701400563","9.6262149701400563","4","0.35","0","9.5488521531087809","0.077362817031275455","false"
"Specification-Baseline__Cost-1__Fee-British__Starts-50","11","15","1","D","8","15","D Offer","D Liability Signal: 3;P Files: 1;D Answers: 1;D Defaults: 2","3,1,1,2","0.070485627800000006","false","9.6262149701400563","9.6262149701400563","5","0.45","0","9.5230671734607792","0.10314779667927709","false"
"Specification-Baseline__Cost-1__Fee-British__Starts-50","11","15","1","D","8","15","D Offer","D Liability Signal: 3;P Files: 1;D Answers: 1;D Defaults: 2","3,1,1,2","0.070485627800000006","false","9.6262149701400563","9.6262149701400563","6","0.55","0","9.4972821938127794","0.12893277632727695","false"
"Specification-Baseline__Cost-1__Fee-British__Starts-50","11","15","1","D","8","15","D Offer","D Liability Signal: 3;P Files: 1;D Answers: 1;D Defaults: 2","3,1,1,2","0.070485627800000006","false","9.6262149701400563","9.6262149701400563","7","0.65","0","9.4714972141647795","0.15471775597527682","false"
"Specification-Baseline__Cost-1__Fee-British__Starts-50","11","15","1","D","8","15","D Offer","D Liability Signal: 3;P Files: 1;D Answers: 1;D Defaults: 2","3,1,1,2","0.070485627800000006","false","9.6262149701400563","9.6262149701400563","8","0.75","0","9.344345839059887","0.28186913108016931","false"
"Specification-Baseline__Cost-1__Fee-British__Starts-50","11","15","1","D","8","15","D Offer","D Liability Signal: 3;P Files: 1;D Answers: 1;D Defaults: 2","3,1,1,2","0.070485627800000006","false","9.6262149701400563","9.6262149701400563","9","0.85","0","9.2265954098323828","0.39961956030767354","false"
"Specification-Baseline__Cost-1__Fee-British__Starts-50","11","15","1","D","8","15","D Offer","D Liability Signal: 3;P Files: 1;D Answers: 1;D Defaults: 2","3,1,1,2","0.070485627800000006","false","9.6262149701400563","9.6262149701400563","10","0.95","0","9.1625393725833923","0.46367559755666399","false"
"Specification-Baseline__Cost-1__Fee-British__Starts-50","11","16","1","D","3","10","D Answers","D Liability Signal: 4;P Files: 1","4,1","0.081135728099999999","false","9.4924612437373046","9.4924612437373046","1","Yes","1","9.4924612437373046","0","true"
"Specification-Baseline__Cost-1__Fee-British__Starts-50","11","16","1","D","3","10","D Answers","D Liability Signal: 4;P Files: 1","4,1","0.081135728099999999","false","9.4924612437373046","9.4924612437373046","2","No","0","8.9999959390000015","0.4924653047373031","false"
"Specification-Baseline__Cost-1__Fee-British__Starts-50","11","17","1","D","6","21","D Defaults","D Liability Signal: 4;P Files: 1;D Answers: 1","4,1,1","0.081135728099999999","false","9.4924612437373046","9.4924612437373046","1","Yes","0","9.1719710133480739","0.32049023038923075","false"
"Specification-Baseline__Cost-1__Fee-British__Starts-50","11","17","1","D","6","21","D Defaults","D Liability Signal: 4;P Files: 1;D Answers: 1","4,1,1","0.081135728099999999","false","9.4924612437373046","9.4924612437373046","2","No","1","9.4924612437373046","0","true"
"Specification-Baseline__Cost-1__Fee-British__Starts-50","11","18","1","D","8","15","D Offer","D Liability Signal: 4;P Files: 1;D Answers: 1;D Defaults: 1","4,1,1,1","0","true","","","1","0.05","0.10000000000000001","","",""
"Specification-Baseline__Cost-1__Fee-British__Starts-50","11","18","1","D","8","15","D Offer","D Liability Signal: 4;P Files: 1;D Answers: 1;D Defaults: 1","4,1,1,1","0","true","","","2","0.15","0.10000000000000001","","",""
"Specification-Baseline__Cost-1__Fee-British__Starts-50","11","18","1","D","8","15","D Offer","D Liability Signal: 4;P Files: 1;D Answers: 1;D Defaults: 1","4,1,1,1","0","true","","","3","0.25","0.10000000000000001","","",""
"Specification-Baseline__Cost-1__Fee-British__Starts-50","11","18","1","D","8","15","D Offer","D Liability Signal: 4;P Files: 1;D Answers: 1;D Defaults: 1","4,1,1,1","0","true","","","4","0.35","0.10000000000000001","","",""
"Specification-Baseline__Cost-1__Fee-British__Starts-50","11","18","1","D","8","15","D Offer","D Liability Signal: 4;P Files: 1;D Answers: 1;D Defaults: 1","4,1,1,1","0","true","","","5","0.45","0.10000000000000001","","",""
"Specification-Baseline__Cost-1__Fee-British__Starts-50","11","18","1","D","8","15","D Offer","D Liability Signal: 4;P Files: 1;D Answers: 1;D Defaults: 1","4,1,1,1","0","true","","","6","0.55","0.10000000000000001","","",""
"Specification-Baseline__Cost-1__Fee-British__Starts-50","11","18","1","D","8","15","D Offer","D Liability Signal: 4;P Files: 1;D Answers: 1;D Defaults: 1","4,1,1,1","0","true","","","7","0.65","0.10000000000000001","","",""
"Specification-Baseline__Cost-1__Fee-British__Starts-50","11","18","1","D","8","15","D Offer","D Liability Signal: 4;P Files: 1;D Answers: 1;D Defaults: 1","4,1,1,1","0","true","","","8","0.75","0.10000000000000001","","",""
"Specification-Baseline__Cost-1__Fee-British__Starts-50","11","18","1","D","8","15","D Offer","D Liability Signal: 4;P Files: 1;D Answers: 1;D Defaults: 1","4,1,1,1","0","true","","","9","0.85","0.10000000000000001","","",""
"Specification-Baseline__Cost-1__Fee-British__Starts-50","11","18","1","D","8","15","D Offer","D Liability Signal: 4;P Files: 1;D Answers: 1;D Defaults: 1","4,1,1,1","0","true","","","10","0.95","0.10000000000000001","","",""
"Specification-Baseline__Cost-1__Fee-British__Starts-50","11","19","1","D","8","15","D Offer","D Liability Signal: 4;P Files: 1;D Answers: 1;D Defaults: 2","4,1,1,2","0.081135728099999999","false","9.4924612437373046","9.4924612437373046","1","0.05","1","9.4924612437373046","0","true"
"Specification-Baseline__Cost-1__Fee-British__Starts-50","11","19","1","D","8","15","D Offer","D Liability Signal: 4;P Files: 1;D Answers: 1;D Defaults: 2","4,1,1,2","0.081135728099999999","false","9.4924612437373046","9.4924612437373046","2","0.15","0","9.4715758771080356","0.020885366629268987","false"
"Specification-Baseline__Cost-1__Fee-British__Starts-50","11","19","1","D","8","15","D Offer","D Liability Signal: 4;P Files: 1;D Answers: 1;D Defaults: 2","4,1,1,2","0.081135728099999999","false","9.4924612437373046","9.4924612437373046","3","0.25","0","9.4506905104787684","0.041770733258536197","false"
"Specification-Baseline__Cost-1__Fee-British__Starts-50","11","19","1","D","8","15","D Offer","D Liability Signal: 4;P Files: 1;D Answers: 1;D Defaults: 2","4,1,1,2","0.081135728099999999","false","9.4924612437373046","9.4924612437373046","4","0.35","0","9.4297987627414557","0.062662480995848924","false"
"Specification-Baseline__Cost-1__Fee-British__Starts-50","11","19","1","D","8","15","D Offer","D Liability Signal: 4;P Files: 1;D Answers: 1;D Defaults: 2","4,1,1,2","0.081135728099999999","false","9.4924612437373046","9.4924612437373046","5","0.45","0","9.4089133961121867","0.08354784762511791","false"
"Specification-Baseline__Cost-1__Fee-British__Starts-50","11","19","1","D","8","15","D Offer","D Liability Signal: 4;P Files: 1;D Answers: 1;D Defaults: 2","4,1,1,2","0.081135728099999999","false","9.4924612437373046","9.4924612437373046","6","0.55","0","9.3880280294829195","0.10443321425438512","false"
"Specification-Baseline__Cost-1__Fee-British__Starts-50","11","19","1","D","8","15","D Offer","D Liability Signal: 4;P Files: 1;D Answers: 1;D Defaults: 2","4,1,1,2","0.081135728099999999","false","9.4924612437373046","9.4924612437373046","7","0.65","0","9.3671426628536505","0.12531858088365411","false"
"Specification-Baseline__Cost-1__Fee-British__Starts-50","11","19","1","D","8","15","D Offer","D Liability Signal: 4;P Files: 1;D Answers: 1;D Defaults: 2","4,1,1,2","0.081135728099999999","false","9.4924612437373046","9.4924612437373046","8","0.75","0","9.2703452676915354","0.22211597604576916","false"
"Specification-Baseline__Cost-1__Fee-British__Starts-50","11","19","1","D","8","15","D Offer","D Liability Signal: 4;P Files: 1;D Answers: 1;D Defaults: 2","4,1,1,2","0.081135728099999999","false","9.4924612437373046","9.4924612437373046","9","0.85","0","9.1736682060941721","0.31879303764313249","false"
"Specification-Baseline__Cost-1__Fee-British__Starts-50","11","19","1","D","8","15","D Offer","D Liability Signal: 4;P Files: 1;D Answers: 1;D Defaults: 2","4,1,1,2","0.081135728099999999","false","9.4924612437373046","9.4924612437373046","10","0.95","0","9.1206488569254383","0.37181238681186635","false"
"Specification-Baseline__Cost-1__Fee-British__Starts-50","11","20","1","D","3","10","D Answers","D Liability Signal: 5;P Files: 1","5,1","0.08992101470000001","false","9.3156469251099594","9.3156469251099594","1","Yes","1","9.3156469251099594","0","true"
"Specification-Baseline__Cost-1__Fee-British__Starts-50","11","20","1","D","3","10","D Answers","D Liability Signal: 5;P Files: 1","5,1","0.08992101470000001","false","9.3156469251099594","9.3156469251099594","2","No","0","8.9999959389999979","0.31565098610996145","false"
"Specification-Baseline__Cost-1__Fee-British__Starts-50","11","21","1","D","6","21","D Defaults","D Liability Signal: 5;P Files: 1;D Answers: 1","5,1,1","0.08992101470000001","false","9.3156469251099594","9.3156469251099594","1","Yes","0","9.097993472623271","0.21765345248668844","false"
"Specification-Baseline__Cost-1__Fee-British__Starts-50","11","21","1","D","6","21","D Defaults","D Liability Signal: 5;P Files: 1;D Answers: 1","5,1,1","0.08992101470000001","false","9.3156469251099594","9.3156469251099594","2","No","1","9.3156469251099594","0","true"
"Specification-Baseline__Cost-1__Fee-British__Starts-50","11","22","1","D","8","15","D Offer","D Liability Signal: 5;P Files: 1;D Answers: 1;D Defaults: 1","5,1,1,1","0","true","","","1","0.05","0.10000000000000001","","",""
"Specification-Baseline__Cost-1__Fee-British__Starts-50","11","22","1","D","8","15","D Offer","D Liability Signal: 5;P Files: 1;D Answers: 1;D Defaults: 1","5,1,1,1","0","true","","","2","0.15","0.10000000000000001","","",""
"Specification-Baseline__Cost-1__Fee-British__Starts-50","11","22","1","D","8","15","D Offer","D Liability Signal: 5;P Files: 1;D Answers: 1;D Defaults: 1","5,1,1,1","0","true","","","3","0.25","0.10000000000000001","","",""
"Specification-Baseline__Cost-1__Fee-British__Starts-50","11","22","1","D","8","15","D Offer","D Liability Signal: 5;P Files: 1;D Answers: 1;D Defaults: 1","5,1,1,1","0","true","","","4","0.35","0.10000000000000001","","",""
"Specification-Baseline__Cost-1__Fee-British__Starts-50","11","22","1","D","8","15","D Offer","D Liability Signal: 5;P Files: 1;D Answers: 1;D Defaults: 1","5,1,1,1","0","true","","","5","0.45","0.10000000000000001","","",""
"Specification-Baseline__Cost-1__Fee-British__Starts-50","11","22","1","D","8","15","D Offer","D Liability Signal: 5;P Files: 1;D Answers: 1;D Defaults: 1","5,1,1,1","0","true","","","6","0.55","0.10000000000000001","","",""
"Specification-Baseline__Cost-1__Fee-British__Starts-50","11","22","1","D","8","15","D Offer","D Liability Signal: 5;P Files: 1;D Answers: 1;D Defaults: 1","5,1,1,1","0","true","","","7","0.65","0.10000000000000001","","",""
"Specification-Baseline__Cost-1__Fee-British__Starts-50","11","22","1","D","8","15","D Offer","D Liability Signal: 5;P Files: 1;D Answers: 1;D Defaults: 1","5,1,1,1","0","true","","","8","0.75","0.10000000000000001","","",""
"Specification-Baseline__Cost-1__Fee-British__Starts-50","11","22","1","D","8","15","D Offer","D Liability Signal: 5;P Files: 1;D Answers: 1;D Defaults: 1","5,1,1,1","0","true","","","9","0.85","0.10000000000000001","","",""
"Specification-Baseline__Cost-1__Fee-British__Starts-50","11","22","1","D","8","15","D Offer","D Liability Signal: 5;P Files: 1;D Answers: 1;D Defaults: 1","5,1,1,1","0","true","","","10","0.95","0.10000000000000001","","",""
"Specification-Baseline__Cost-1__Fee-British__Starts-50","11","23","1","D","8","15","D Offer","D Liability Signal: 5;P Files: 1;D Answers: 1;D Defaults: 2","5,1,1,2","0.08992101470000001","false","9.3156469251099594","9.3156469251099594","1","0.05","1","9.3156469251099594","0","true"
"Specification-Baseline__Cost-1__Fee-British__Starts-50","11","23","1","D","8","15","D Offer","D Liability Signal: 5;P Files: 1;D Answers: 1;D Defaults: 2","5,1,1,2","0.08992101470000001","false","9.3156469251099594","9.3156469251099594","2","0.15","0","9.2999028873216609","0.015744037788298471","false"
"Specification-Baseline__Cost-1__Fee-British__Starts-50","11","23","1","D","8","15","D Offer","D Liability Signal: 5;P Files: 1;D Answers: 1;D Defaults: 2","5,1,1,2","0.08992101470000001","false","9.3156469251099594","9.3156469251099594","3","0.25","0","9.2841588495333642","0.031488075576595165","false"
"Specification-Baseline__Cost-1__Fee-British__Starts-50","11","23","1","D","8","15","D Offer","D Liability Signal: 5;P Files: 1;D Answers: 1;D Defaults: 2","5,1,1,2","0.08992101470000001","false","9.3156469251099594","9.3156469251099594","4","0.35","0","9.2684100014677089","0.047236923642250517","false"
"Specification-Baseline__Cost-1__Fee-British__Starts-50","11","23","1","D","8","15","D Offer","D Liability Signal: 5;P Files: 1;D Answers: 1;D Defaults: 2","5,1,1,2","0.08992101470000001","false","9.3156469251099594","9.3156469251099594","5","0.45","0","9.2526659636794122","0.062980961430547211","false"
"Specification-Baseline__Cost-1__Fee-British__Starts-50","11","23","1","D","8","15","D Offer","D Liability Signal: 5;P Files: 1;D Answers: 1;D Defaults: 2","5,1,1,2","0.08992101470000001","false","9.3156469251099594","9.3156469251099594","6","0.55","0","9.2369219258911137","0.078724999218845682","false"
"Specification-Baseline__Cost-1__Fee-British__Starts-50","11","23","1","D","8","15","D Offer","D Liability Signal: 5;P Files: 1;D Answers: 1;D Defaults: 2","5,1,1,2","0.08992101470000001","false","9.3156469251099594","9.3156469251099594","7","0.65","0","9.2211778881028152","0.094469037007144152","false"
"Specification-Baseline__Cost-1__Fee-British__Starts-50","11","23","1","D","8","15","D Offer","D Liability Signal: 5;P Files: 1;D Answers: 1;D Defaults: 2","5,1,1,2","0.08992101470000001","false","9.3156469251099594","9.3156469251099594","8","0.75","0","9.1610569667709019","0.15458995833905753","false"
"Specification-Baseline__Cost-1__Fee-British__Starts-50","11","23","1","D","8","15","D Offer","D Liability Signal: 5;P Files: 1;D Answers: 1;D Defaults: 2","5,1,1,2","0.08992101470000001","false","9.3156469251099594","9.3156469251099594","9","0.85","0","9.1005282711804156","0.21511865392954377","false"
"Specification-Baseline__Cost-1__Fee-British__Starts-50","11","23","1","D","8","15","D Offer","D Liability Signal: 5;P Files: 1;D Answers: 1;D Defaults: 2","5,1,1,2","0.08992101470000001","false","9.3156469251099594","9.3156469251099594","10","0.95","0","9.0749677889424856","0.24067913616747383","false"
"Specification-Baseline__Cost-1__Fee-British__Starts-50","11","24","1","D","3","10","D Answers","D Liability Signal: 6;P Files: 1","6,1","0.097345040600000002","false","9.1145528520801022","9.1145528520801022","1","Yes","1","9.1145528520801022","0","true"
"Specification-Baseline__Cost-1__Fee-British__Starts-50","11","24","1","D","3","10","D Answers","D Liability Signal: 6;P Files: 1","6,1","0.097345040600000002","false","9.1145528520801022","9.1145528520801022","2","No","0","8.9999959389999997","0.11455691308010252","false"
"Specification-Baseline__Cost-1__Fee-British__Starts-50","11","25","1","D","6","21","D Defaults","D Liability Signal: 6;P Files: 1;D Answers: 1","6,1,1","0.097345040600000002","false","9.1145528520801022","9.1145528520801022","1","Yes","0","9.0285301066517238","0.0860227454283784","false"
"Specification-Baseline__Cost-1__Fee-British__Starts-50","11","25","1","D","6","21","D Defaults","D Liability Signal: 6;P Files: 1;D Answers: 1","6,1,1","0.097345040600000002","false","9.1145528520801022","9.1145528520801022","2","No","1","9.1145528520801022","0","true"
"Specification-Baseline__Cost-1__Fee-British__Starts-50","11","26","1","D","8","15","D Offer","D Liability Signal: 6;P Files: 1;D Answers: 1;D Defaults: 1","6,1,1,1","0","true","","","1","0.05","0.10000000000000001","","",""
"Specification-Baseline__Cost-1__Fee-British__Starts-50","11","26","1","D","8","15","D Offer","D Liability Signal: 6;P Files: 1;D Answers: 1;D Defaults: 1","6,1,1,1","0","true","","","2","0.15","0.10000000000000001","","",""
"Specification-Baseline__Cost-1__Fee-British__Starts-50","11","26","1","D","8","15","D Offer","D Liability Signal: 6;P Files: 1;D Answers: 1;D Defaults: 1","6,1,1,1","0","true","","","3","0.25","0.10000000000000001","","",""
"Specification-Baseline__Cost-1__Fee-British__Starts-50","11","26","1","D","8","15","D Offer","D Liability Signal: 6;P Files: 1;D Answers: 1;D Defaults: 1","6,1,1,1","0","true","","","4","0.35","0.10000000000000001","","",""
"Specification-Baseline__Cost-1__Fee-British__Starts-50","11","26","1","D","8","15","D Offer","D Liability Signal: 6;P Files: 1;D Answers: 1;D Defaults: 1","6,1,1,1","0","true","","","5","0.45","0.10000000000000001","","",""
"Specification-Baseline__Cost-1__Fee-British__Starts-50","11","26","1","D","8","15","D Offer","D Liability Signal: 6;P Files: 1;D Answers: 1;D Defaults: 1","6,1,1,1","0","true","","","6","0.55","0.10000000000000001","","",""
"Specification-Baseline__Cost-1__Fee-British__Starts-50","11","26","1","D","8","15","D Offer","D Liability Signal: 6;P Files: 1;D Answers: 1;D Defaults: 1","6,1,1,1","0","true","","","7","0.65","0.10000000000000001","","",""
"Specification-Baseline__Cost-1__Fee-British__Starts-50","11","26","1","D","8","15","D Offer","D Liability Signal: 6;P Files: 1;D Answers: 1;D Defaults: 1","6,1,1,1","0","true","","","8","0.75","0.10000000000000001","","",""
"Specification-Baseline__Cost-1__Fee-British__Starts-50","11","26","1","D","8","15","D Offer","D Liability Signal: 6;P Files: 1;D Answers: 1;D Defaults: 1","6,1,1,1","0","true","","","9","0.85","0.10000000000000001","","",""
"Specification-Baseline__Cost-1__Fee-British__Starts-50","11","26","1","D","8","15","D Offer","D Liability Signal: 6;P Files: 1;D Answers: 1;D Defaults: 1","6,1,1,1","0","true","","","10","0.95","0.10000000000000001","","",""
"Specification-Baseline__Cost-1__Fee-British__Starts-50","11","27","1","D","8","15","D Offer","D Liability Signal: 6;P Files: 1;D Answers: 1;D Defaults: 2","6,1,1,2","0.097345040600000002","false","9.1145528520801022","9.1145528520801022","1","0.05","1","9.1145528520801022","0","true"
"Specification-Baseline__Cost-1__Fee-British__Starts-50","11","27","1","D","8","15","D Offer","D Liability Signal: 6;P Files: 1;D Answers: 1;D Defaults: 2","6,1,1,2","0.097345040600000002","false","9.1145528520801022","9.1145528520801022","2","0.15","0","9.1035652133756688","0.010987638704433422","false"
"Specification-Baseline__Cost-1__Fee-British__Starts-50","11","27","1","D","8","15","D Offer","D Liability Signal: 6;P Files: 1;D Answers: 1;D Defaults: 2","6,1,1,2","0.097345040600000002","false","9.1145528520801022","9.1145528520801022","3","0.25","0","9.0925775746712372","0.021975277408865068","false"
"Specification-Baseline__Cost-1__Fee-British__Starts-50","11","27","1","D","8","15","D Offer","D Liability Signal: 6;P Files: 1;D Answers: 1;D Defaults: 2","6,1,1,2","0.097345040600000002","false","9.1145528520801022","9.1145528520801022","4","0.35","0","9.0815865789125105","0.032966273167591709","false"
"Specification-Baseline__Cost-1__Fee-British__Starts-50","11","27","1","D","8","15","D Offer","D Liability Signal: 6;P Files: 1;D Answers: 1;D Defaults: 2","6,1,1,2","0.097345040600000002","false","9.1145528520801022","9.1145528520801022","5","0.45","0","9.0705989402080771","0.043953911872025131","false"
"Specification-Baseline__Cost-1__Fee-British__Starts-50","11","27","1","D","8","15","D Offer","D Liability Signal: 6;P Files: 1;D Answers: 1;D Defaults: 2","6,1,1,2","0.097345040600000002","false","9.1145528520801022","9.1145528520801022","6","0.55","0","9.0596113015036437","0.054941550576458553","false"
"Specification-Baseline__Cost-1__Fee-British__Starts-50","11","27","1","D","8","15","D Offer","D Liability Signal: 6;P Files: 1;D Answers: 1;D Defaults: 2","6,1,1,2","0.097345040600000002","false","9.1145528520801022","9.1145528520801022","7","0.65","0","9.0486236627992103","0.065929189280891975","false"
"Specification-Baseline__Cost-1__Fee-British__Starts-50","11","27","1","D","8","15","D Offer","D Liability Signal: 6;P Files: 1;D Answers: 1;D Defaults: 2","6,1,1,2","0.097345040600000002","false","9.1145528520801022","9.1145528520801022","8","0.75","0","9.0238442950494395","0.090708557030662718","false"
"Specification-Baseline__Cost-1__Fee-British__Starts-50","11","27","1","D","8","15","D Offer","D Liability Signal: 6;P Files: 1;D Answers: 1;D Defaults: 2","6,1,1,2","0.097345040600000002","false","9.1145528520801022","9.1145528520801022","9","0.85","0","9.0086957828448622","0.10585706923524008","false"
"Specification-Baseline__Cost-1__Fee-British__Starts-50","11","27","1","D","8","15","D Offer","D Liability Signal: 6;P Files: 1;D Answers: 1;D Defaults: 2","6,1,1,2","0.097345040600000002","false","9.1145528520801022","9.1145528520801022","10","0.95","0","9.0306572467704065","0.083895605309695753","false"
"Specification-Baseline__Cost-1__Fee-British__Starts-50","11","28","1","D","3","10","D Answers","D Liability Signal: 7;P Files: 1","7,1","0.1027575087","false","8.9999959389999997","8.9999959389999997","1","Yes","0","8.9391784193050814","0.060817519694918332","false"
"Specification-Baseline__Cost-1__Fee-British__Starts-50","11","28","1","D","3","10","D Answers","D Liability Signal: 7;P Files: 1","7,1","0.1027575087","false","8.9999959389999997","8.9999959389999997","2","No","1","8.9999959389999997","0","true"
"Specification-Baseline__Cost-1__Fee-British__Starts-50","11","29","1","D","6","21","D Defaults","D Liability Signal: 7;P Files: 1;D Answers: 1","7,1,1","0","true","","","1","Yes","0.5","","",""
"Specification-Baseline__Cost-1__Fee-British__Starts-50","11","29","1","D","6","21","D Defaults","D Liability Signal: 7;P Files: 1;D Answers: 1","7,1,1","0","true","","","2","No","0.5","","",""
"Specification-Baseline__Cost-1__Fee-British__Starts-50","11","30","1","D","8","15","D Offer","D Liability Signal: 7;P Files: 1;D Answers: 1;D Defaults: 1","7,1,1,1","0","true","","","1","0.05","0.10000000000000001","","",""
"Specification-Baseline__Cost-1__Fee-British__Starts-50","11","30","1","D","8","15","D Offer","D Liability Signal: 7;P Files: 1;D Answers: 1;D Defaults: 1","7,1,1,1","0","true","","","2","0.15","0.10000000000000001","","",""
"Specification-Baseline__Cost-1__Fee-British__Starts-50","11","30","1","D","8","15","D Offer","D Liability Signal: 7;P Files: 1;D Answers: 1;D Defaults: 1","7,1,1,1","0","true","","","3","0.25","0.10000000000000001","","",""
"Specification-Baseline__Cost-1__Fee-British__Starts-50","11","30","1","D","8","15","D Offer","D Liability Signal: 7;P Files: 1;D Answers: 1;D Defaults: 1","7,1,1,1","0","true","","","4","0.35","0.10000000000000001","","",""
"Specification-Baseline__Cost-1__Fee-British__Starts-50","11","30","1","D","8","15","D Offer","D Liability Signal: 7;P Files: 1;D Answers: 1;D Defaults: 1","7,1,1,1","0","true","","","5","0.45","0.10000000000000001","","",""
"Specification-Baseline__Cost-1__Fee-British__Starts-50","11","30","1","D","8","15","D Offer","D Liability Signal: 7;P Files: 1;D Answers: 1;D Defaults: 1","7,1,1,1","0","true","","","6","0.55","0.10000000000000001","","",""
"Specification-Baseline__Cost-1__Fee-British__Starts-50","11","30","1","D","8","15","D Offer","D Liability Signal: 7;P Files: 1;D Answers: 1;D Defaults: 1","7,1,1,1","0","true","","","7","0.65","0.10000000000000001","","",""
"Specification-Baseline__Cost-1__Fee-British__Starts-50","11","30","1","D","8","15","D Offer","D Liability Signal: 7;P Files: 1;D Answers: 1;D Defaults: 1","7,1,1,1","0","true","","","8","0.75","0.10000000000000001","","",""
"Specification-Baseline__Cost-1__Fee-British__Starts-50","11","30","1","D","8","15","D Offer","D Liability Signal: 7;P Files: 1;D Answers: 1;D Defaults: 1","7,1,1,1","0","true","","","9","0.85","0.10000000000000001","","",""
"Specification-Baseline__Cost-1__Fee-British__Starts-50","11","30","1","D","8","15","D Offer","D Liability Signal: 7;P Files: 1;D Answers: 1;D Defaults: 1","7,1,1,1","0","true","","","10","0.95","0.10000000000000001","","",""
"Specification-Baseline__Cost-1__Fee-British__Starts-50","11","31","1","D","8","15","D Offer","D Liability Signal: 7;P Files: 1;D Answers: 1;D Defaults: 2","7,1,1,2","0","true","","","1","0.05","0.10000000000000001","","",""
"Specification-Baseline__Cost-1__Fee-British__Starts-50","11","31","1","D","8","15","D Offer","D Liability Signal: 7;P Files: 1;D Answers: 1;D Defaults: 2","7,1,1,2","0","true","","","2","0.15","0.10000000000000001","","",""
"Specification-Baseline__Cost-1__Fee-British__Starts-50","11","31","1","D","8","15","D Offer","D Liability Signal: 7;P Files: 1;D Answers: 1;D Defaults: 2","7,1,1,2","0","true","","","3","0.25","0.10000000000000001","","",""
"Specification-Baseline__Cost-1__Fee-British__Starts-50","11","31","1","D","8","15","D Offer","D Liability Signal: 7;P Files: 1;D Answers: 1;D Defaults: 2","7,1,1,2","0","true","","","4","0.35","0.10000000000000001","","",""
"Specification-Baseline__Cost-1__Fee-British__Starts-50","11","31","1","D","8","15","D Offer","D Liability Signal: 7;P Files: 1;D Answers: 1;D Defaults: 2","7,1,1,2","0","true","","","5","0.45","0.10000000000000001","","",""
"Specification-Baseline__Cost-1__Fee-British__Starts-50","11","31","1","D","8","15","D Offer","D Liability Signal: 7;P Files: 1;D Answers: 1;D Defaults: 2","7,1,1,2","0","true","","","6","0.55","0.10000000000000001","","",""
"Specification-Baseline__Cost-1__Fee-British__Starts-50","11","31","1","D","8","15","D Offer","D Liability Signal: 7;P Files: 1;D Answers: 1;D Defaults: 2","7,1,1,2","0","true","","","7","0.65","0.10000000000000001","","",""
"Specification-Baseline__Cost-1__Fee-British__Starts-50","11","31","1","D","8","15","D Offer","D Liability Signal: 7;P Files: 1;D Answers: 1;D Defaults: 2","7,1,1,2","0","true","","","8","0.75","0.10000000000000001","","",""
"Specification-Baseline__Cost-1__Fee-British__Starts-50","11","31","1","D","8","15","D Offer","D Liability Signal: 7;P Files: 1;D Answers: 1;D Defaults: 2","7,1,1,2","0","true","","","9","0.85","0.10000000000000001","","",""
"Specification-Baseline__Cost-1__Fee-British__Starts-50","11","31","1","D","8","15","D Offer","D Liability Signal: 7;P Files: 1;D Answers: 1;D Defaults: 2","7,1,1,2","0","true","","","10","0.95","0.10000000000000001","","",""
"Specification-Baseline__Cost-1__Fee-British__Starts-50","11","32","1","D","3","10","D Answers","D Liability Signal: 8;P Files: 1","8,1","0.1036659278","false","8.9999959390000015","8.9999959390000015","1","Yes","0","8.8525812992219137","0.14741463977808777","false"
"Specification-Baseline__Cost-1__Fee-British__Starts-50","11","32","1","D","3","10","D Answers","D Liability Signal: 8;P Files: 1","8,1","0.1036659278","false","8.9999959390000015","8.9999959390000015","2","No","1","8.9999959390000015","0","true"
"Specification-Baseline__Cost-1__Fee-British__Starts-50","11","33","1","D","6","21","D Defaults","D Liability Signal: 8;P Files: 1;D Answers: 1","8,1,1","0","true","","","1","Yes","0.5","","",""
"Specification-Baseline__Cost-1__Fee-British__Starts-50","11","33","1","D","6","21","D Defaults","D Liability Signal: 8;P Files: 1;D Answers: 1","8,1,1","0","true","","","2","No","0.5","","",""
"Specification-Baseline__Cost-1__Fee-British__Starts-50","11","34","1","D","8","15","D Offer","D Liability Signal: 8;P Files: 1;D Answers: 1;D Defaults: 1","8,1,1,1","0","true","","","1","0.05","0.10000000000000001","","",""
"Specification-Baseline__Cost-1__Fee-British__Starts-50","11","34","1","D","8","15","D Offer","D Liability Signal: 8;P Files: 1;D Answers: 1;D Defaults: 1","8,1,1,1","0","true","","","2","0.15","0.10000000000000001","","",""
"Specification-Baseline__Cost-1__Fee-British__Starts-50","11","34","1","D","8","15","D Offer","D Liability Signal: 8;P Files: 1;D Answers: 1;D Defaults: 1","8,1,1,1","0","true","","","3","0.25","0.10000000000000001","","",""
"Specification-Baseline__Cost-1__Fee-British__Starts-50","11","34","1","D","8","15","D Offer","D Liability Signal: 8;P Files: 1;D Answers: 1;D Defaults: 1","8,1,1,1","0","true","","","4","0.35","0.10000000000000001","","",""
"Specification-Baseline__Cost-1__Fee-British__Starts-50","11","34","1","D","8","15","D Offer","D Liability Signal: 8;P Files: 1;D Answers: 1;D Defaults: 1","8,1,1,1","0","true","","","5","0.45","0.10000000000000001","","",""
"Specification-Baseline__Cost-1__Fee-British__Starts-50","11","34","1","D","8","15","D Offer","D Liability Signal: 8;P Files: 1;D Answers: 1;D Defaults: 1","8,1,1,1","0","true","","","6","0.55","0.10000000000000001","","",""
"Specification-Baseline__Cost-1__Fee-British__Starts-50","11","34","1","D","8","15","D Offer","D Liability Signal: 8;P Files: 1;D Answers: 1;D Defaults: 1","8,1,1,1","0","true","","","7","0.65","0.10000000000000001","","",""
"Specification-Baseline__Cost-1__Fee-British__Starts-50","11","34","1","D","8","15","D Offer","D Liability Signal: 8;P Files: 1;D Answers: 1;D Defaults: 1","8,1,1,1","0","true","","","8","0.75","0.10000000000000001","","",""
"Specification-Baseline__Cost-1__Fee-British__Starts-50","11","34","1","D","8","15","D Offer","D Liability Signal: 8;P Files: 1;D Answers: 1;D Defaults: 1","8,1,1,1","0","true","","","9","0.85","0.10000000000000001","","",""
"Specification-Baseline__Cost-1__Fee-British__Starts-50","11","34","1","D","8","15","D Offer","D Liability Signal: 8;P Files: 1;D Answers: 1;D Defaults: 1","8,1,1,1","0","true","","","10","0.95","0.10000000000000001","","",""
"Specification-Baseline__Cost-1__Fee-British__Starts-50","11","35","1","D","8","15","D Offer","D Liability Signal: 8;P Files: 1;D Answers: 1;D Defaults: 2","8,1,1,2","0","true","","","1","0.05","0.10000000000000001","","",""
"Specification-Baseline__Cost-1__Fee-British__Starts-50","11","35","1","D","8","15","D Offer","D Liability Signal: 8;P Files: 1;D Answers: 1;D Defaults: 2","8,1,1,2","0","true","","","2","0.15","0.10000000000000001","","",""
"Specification-Baseline__Cost-1__Fee-British__Starts-50","11","35","1","D","8","15","D Offer","D Liability Signal: 8;P Files: 1;D Answers: 1;D Defaults: 2","8,1,1,2","0","true","","","3","0.25","0.10000000000000001","","",""
"Specification-Baseline__Cost-1__Fee-British__Starts-50","11","35","1","D","8","15","D Offer","D Liability Signal: 8;P Files: 1;D Answers: 1;D Defaults: 2","8,1,1,2","0","true","","","4","0.35","0.10000000000000001","","",""
"Specification-Baseline__Cost-1__Fee-British__Starts-50","11","35","1","D","8","15","D Offer","D Liability Signal: 8;P Files: 1;D Answers: 1;D Defaults: 2","8,1,1,2","0","true","","","5","0.45","0.10000000000000001","","",""
"Specification-Baseline__Cost-1__Fee-British__Starts-50","11","35","1","D","8","15","D Offer","D Liability Signal: 8;P Files: 1;D Answers: 1;D Defaults: 2","8,1,1,2","0","true","","","6","0.55","0.10000000000000001","","",""
"Specification-Baseline__Cost-1__Fee-British__Starts-50","11","35","1","D","8","15","D Offer","D Liability Signal: 8;P Files: 1;D Answers: 1;D Defaults: 2","8,1,1,2","0","true","","","7","0.65","0.10000000000000001","","",""
"Specification-Baseline__Cost-1__Fee-British__Starts-50","11","35","1","D","8","15","D Offer","D Liability Signal: 8;P Files: 1;D Answers: 1;D Defaults: 2","8,1,1,2","0","true","","","8","0.75","0.10000000000000001","","",""
"Specification-Baseline__Cost-1__Fee-British__Starts-50","11","35","1","D","8","15","D Offer","D Liability Signal: 8;P Files: 1;D Answers: 1;D Defaults: 2","8,1,1,2","0","true","","","9","0.85","0.10000000000000001","","",""
"Specification-Baseline__Cost-1__Fee-British__Starts-50","11","35","1","D","8","15","D Offer","D Liability Signal: 8;P Files: 1;D Answers: 1;D Defaults: 2","8,1,1,2","0","true","","","10","0.95","0.10000000000000001","","",""
"Specification-Baseline__Cost-1__Fee-British__Starts-50","11","36","1","D","3","10","D Answers","D Liability Signal: 9;P Files: 1","9,1","0.096601569700000015","false","8.9999959389999979","8.9999959389999979","1","Yes","0","8.7906184163115686","0.20937752268842935","false"
"Specification-Baseline__Cost-1__Fee-British__Starts-50","11","36","1","D","3","10","D Answers","D Liability Signal: 9;P Files: 1","9,1","0.096601569700000015","false","8.9999959389999979","8.9999959389999979","2","No","1","8.9999959389999979","0","true"
"Specification-Baseline__Cost-1__Fee-British__Starts-50","11","37","1","D","6","21","D Defaults","D Liability Signal: 9;P Files: 1;D Answers: 1","9,1,1","0","true","","","1","Yes","0.5","","",""
"Specification-Baseline__Cost-1__Fee-British__Starts-50","11","37","1","D","6","21","D Defaults","D Liability Signal: 9;P Files: 1;D Answers: 1","9,1,1","0","true","","","2","No","0.5","","",""
"Specification-Baseline__Cost-1__Fee-British__Starts-50","11","38","1","D","8","15","D Offer","D Liability Signal: 9;P Files: 1;D Answers: 1;D Defaults: 1","9,1,1,1","0","true","","","1","0.05","0.10000000000000001","","",""
"Specification-Baseline__Cost-1__Fee-British__Starts-50","11","38","1","D","8","15","D Offer","D Liability Signal: 9;P Files: 1;D Answers: 1;D Defaults: 1","9,1,1,1","0","true","","","2","0.15","0.10000000000000001","","",""
"Specification-Baseline__Cost-1__Fee-British__Starts-50","11","38","1","D","8","15","D Offer","D Liability Signal: 9;P Files: 1;D Answers: 1;D Defaults: 1","9,1,1,1","0","true","","","3","0.25","0.10000000000000001","","",""
"Specification-Baseline__Cost-1__Fee-British__Starts-50","11","38","1","D","8","15","D Offer","D Liability Signal: 9;P Files: 1;D Answers: 1;D Defaults: 1","9,1,1,1","0","true","","","4","0.35","0.10000000000000001","","",""
"Specification-Baseline__Cost-1__Fee-British__Starts-50","11","38","1","D","8","15","D Offer","D Liability Signal: 9;P Files: 1;D Answers: 1;D Defaults: 1","9,1,1,1","0","true","","","5","0.45","0.10000000000000001","","",""
"Specification-Baseline__Cost-1__Fee-British__Starts-50","11","38","1","D","8","15","D Offer","D Liability Signal: 9;P Files: 1;D Answers: 1;D Defaults: 1","9,1,1,1","0","true","","","6","0.55","0.10000000000000001","","",""
"Specification-Baseline__Cost-1__Fee-British__Starts-50","11","38","1","D","8","15","D Offer","D Liability Signal: 9;P Files: 1;D Answers: 1;D Defaults: 1","9,1,1,1","0","true","","","7","0.65","0.10000000000000001","","",""
"Specification-Baseline__Cost-1__Fee-British__Starts-50","11","38","1","D","8","15","D Offer","D Liability Signal: 9;P Files: 1;D Answers: 1;D Defaults: 1","9,1,1,1","0","true","","","8","0.75","0.10000000000000001","","",""
"Specification-Baseline__Cost-1__Fee-British__Starts-50","11","38","1","D","8","15","D Offer","D Liability Signal: 9;P Files: 1;D Answers: 1;D Defaults: 1","9,1,1,1","0","true","","","9","0.85","0.10000000000000001","","",""
"Specification-Baseline__Cost-1__Fee-British__Starts-50","11","38","1","D","8","15","D Offer","D Liability Signal: 9;P Files: 1;D Answers: 1;D Defaults: 1","9,1,1,1","0","true","","","10","0.95","0.10000000000000001","","",""
"Specification-Baseline__Cost-1__Fee-British__Starts-50","11","39","1","D","8","15","D Offer","D Liability Signal: 9;P Files: 1;D Answers: 1;D Defaults: 2","9,1,1,2","0","true","","","1","0.05","0.10000000000000001","","",""
"Specification-Baseline__Cost-1__Fee-British__Starts-50","11","39","1","D","8","15","D Offer","D Liability Signal: 9;P Files: 1;D Answers: 1;D Defaults: 2","9,1,1,2","0","true","","","2","0.15","0.10000000000000001","","",""
"Specification-Baseline__Cost-1__Fee-British__Starts-50","11","39","1","D","8","15","D Offer","D Liability Signal: 9;P Files: 1;D Answers: 1;D Defaults: 2","9,1,1,2","0","true","","","3","0.25","0.10000000000000001","","",""
"Specification-Baseline__Cost-1__Fee-British__Starts-50","11","39","1","D","8","15","D Offer","D Liability Signal: 9;P Files: 1;D Answers: 1;D Defaults: 2","9,1,1,2","0","true","","","4","0.35","0.10000000000000001","","",""
"Specification-Baseline__Cost-1__Fee-British__Starts-50","11","39","1","D","8","15","D Offer","D Liability Signal: 9;P Files: 1;D Answers: 1;D Defaults: 2","9,1,1,2","0","true","","","5","0.45","0.10000000000000001","","",""
"Specification-Baseline__Cost-1__Fee-British__Starts-50","11","39","1","D","8","15","D Offer","D Liability Signal: 9;P Files: 1;D Answers: 1;D Defaults: 2","9,1,1,2","0","true","","","6","0.55","0.10000000000000001","","",""
"Specification-Baseline__Cost-1__Fee-British__Starts-50","11","39","1","D","8","15","D Offer","D Liability Signal: 9;P Files: 1;D Answers: 1;D Defaults: 2","9,1,1,2","0","true","","","7","0.65","0.10000000000000001","","",""
"Specification-Baseline__Cost-1__Fee-British__Starts-50","11","39","1","D","8","15","D Offer","D Liability Signal: 9;P Files: 1;D Answers: 1;D Defaults: 2","9,1,1,2","0","true","","","8","0.75","0.10000000000000001","","",""
"Specification-Baseline__Cost-1__Fee-British__Starts-50","11","39","1","D","8","15","D Offer","D Liability Signal: 9;P Files: 1;D Answers: 1;D Defaults: 2","9,1,1,2","0","true","","","9","0.85","0.10000000000000001","","",""
"Specification-Baseline__Cost-1__Fee-British__Starts-50","11","39","1","D","8","15","D Offer","D Liability Signal: 9;P Files: 1;D Answers: 1;D Defaults: 2","9,1,1,2","0","true","","","10","0.95","0.10000000000000001","","",""
"Specification-Baseline__Cost-1__Fee-British__Starts-50","11","40","1","D","3","10","D Answers","D Liability Signal: 10;P Files: 1","10,1","0.080030320500000002","false","8.9999959389999997","8.9999959389999997","1","Yes","0","8.7499400585146017","0.25005588048539806","false"
"Specification-Baseline__Cost-1__Fee-British__Starts-50","11","40","1","D","3","10","D Answers","D Liability Signal: 10;P Files: 1","10,1","0.080030320500000002","false","8.9999959389999997","8.9999959389999997","2","No","1","8.9999959389999997","0","true"
"Specification-Baseline__Cost-1__Fee-British__Starts-50","11","41","1","D","6","21","D Defaults","D Liability Signal: 10;P Files: 1;D Answers: 1","10,1,1","0","true","","","1","Yes","0.5","","",""
"Specification-Baseline__Cost-1__Fee-British__Starts-50","11","41","1","D","6","21","D Defaults","D Liability Signal: 10;P Files: 1;D Answers: 1","10,1,1","0","true","","","2","No","0.5","","",""
"Specification-Baseline__Cost-1__Fee-British__Starts-50","11","42","1","D","8","15","D Offer","D Liability Signal: 10;P Files: 1;D Answers: 1;D Defaults: 1","10,1,1,1","0","true","","","1","0.05","0.10000000000000001","","",""
"Specification-Baseline__Cost-1__Fee-British__Starts-50","11","42","1","D","8","15","D Offer","D Liability Signal: 10;P Files: 1;D Answers: 1;D Defaults: 1","10,1,1,1","0","true","","","2","0.15","0.10000000000000001","","",""
"Specification-Baseline__Cost-1__Fee-British__Starts-50","11","42","1","D","8","15","D Offer","D Liability Signal: 10;P Files: 1;D Answers: 1;D Defaults: 1","10,1,1,1","0","true","","","3","0.25","0.10000000000000001","","",""
"Specification-Baseline__Cost-1__Fee-British__Starts-50","11","42","1","D","8","15","D Offer","D Liability Signal: 10;P Files: 1;D Answers: 1;D Defaults: 1","10,1,1,1","0","true","","","4","0.35","0.10000000000000001","","",""
"Specification-Baseline__Cost-1__Fee-British__Starts-50","11","42","1","D","8","15","D Offer","D Liability Signal: 10;P Files: 1;D Answers: 1;D Defaults: 1","10,1,1,1","0","true","","","5","0.45","0.10000000000000001","","",""
"Specification-Baseline__Cost-1__Fee-British__Starts-50","11","42","1","D","8","15","D Offer","D Liability Signal: 10;P Files: 1;D Answers: 1;D Defaults: 1","10,1,1,1","0","true","","","6","0.55","0.10000000000000001","","",""
"Specification-Baseline__Cost-1__Fee-British__Starts-50","11","42","1","D","8","15","D Offer","D Liability Signal: 10;P Files: 1;D Answers: 1;D Defaults: 1","10,1,1,1","0","true","","","7","0.65","0.10000000000000001","","",""
"Specification-Baseline__Cost-1__Fee-British__Starts-50","11","42","1","D","8","15","D Offer","D Liability Signal: 10;P Files: 1;D Answers: 1;D Defaults: 1","10,1,1,1","0","true","","","8","0.75","0.10000000000000001","","",""
"Specification-Baseline__Cost-1__Fee-British__Starts-50","11","42","1","D","8","15","D Offer","D Liability Signal: 10;P Files: 1;D Answers: 1;D Defaults: 1","10,1,1,1","0","true","","","9","0.85","0.10000000000000001","","",""
"Specification-Baseline__Cost-1__Fee-British__Starts-50","11","42","1","D","8","15","D Offer","D Liability Signal: 10;P Files: 1;D Answers: 1;D Defaults: 1","10,1,1,1","0","true","","","10","0.95","0.10000000000000001","","",""
"Specification-Baseline__Cost-1__Fee-British__Starts-50","11","43","1","D","8","15","D Offer","D Liability Signal: 10;P Files: 1;D Answers: 1;D Defaults: 2","10,1,1,2","0","true","","","1","0.05","0.10000000000000001","","",""
"Specification-Baseline__Cost-1__Fee-British__Starts-50","11","43","1","D","8","15","D Offer","D Liability Signal: 10;P Files: 1;D Answers: 1;D Defaults: 2","10,1,1,2","0","true","","","2","0.15","0.10000000000000001","","",""
"Specification-Baseline__Cost-1__Fee-British__Starts-50","11","43","1","D","8","15","D Offer","D Liability Signal: 10;P Files: 1;D Answers: 1;D Defaults: 2","10,1,1,2","0","true","","","3","0.25","0.10000000000000001","","",""
"Specification-Baseline__Cost-1__Fee-British__Starts-50","11","43","1","D","8","15","D Offer","D Liability Signal: 10;P Files: 1;D Answers: 1;D Defaults: 2","10,1,1,2","0","true","","","4","0.35","0.10000000000000001","","",""
"Specification-Baseline__Cost-1__Fee-British__Starts-50","11","43","1","D","8","15","D Offer","D Liability Signal: 10;P Files: 1;D Answers: 1;D Defaults: 2","10,1,1,2","0","true","","","5","0.45","0.10000000000000001","","",""
"Specification-Baseline__Cost-1__Fee-British__Starts-50","11","43","1","D","8","15","D Offer","D Liability Signal: 10;P Files: 1;D Answers: 1;D Defaults: 2","10,1,1,2","0","true","","","6","0.55","0.10000000000000001","","",""
"Specification-Baseline__Cost-1__Fee-British__Starts-50","11","43","1","D","8","15","D Offer","D Liability Signal: 10;P Files: 1;D Answers: 1;D Defaults: 2","10,1,1,2","0","true","","","7","0.65","0.10000000000000001","","",""
"Specification-Baseline__Cost-1__Fee-British__Starts-50","11","43","1","D","8","15","D Offer","D Liability Signal: 10;P Files: 1;D Answers: 1;D Defaults: 2","10,1,1,2","0","true","","","8","0.75","0.10000000000000001","","",""
"Specification-Baseline__Cost-1__Fee-British__Starts-50","11","43","1","D","8","15","D Offer","D Liability Signal: 10;P Files: 1;D Answers: 1;D Defaults: 2","10,1,1,2","0","true","","","9","0.85","0.10000000000000001","","",""
"Specification-Baseline__Cost-1__Fee-British__Starts-50","11","43","1","D","8","15","D Offer","D Liability Signal: 10;P Files: 1;D Answers: 1;D Defaults: 2","10,1,1,2","0","true","","","10","0.95","0.10000000000000001","","",""
