"OptionSetName","Equilibrium Number","Information Set Number","Player Index","Player","Decision Index","Decision Code","Decision","Information Set Labels","Information Set Contents","Equilibrium Reach Probability","Off Path","Conditional Information-Set Utility","Best Action Utility","Action","Action Label","Equilibrium Action Probability","Conditional Action Utility","Utility Loss from Best Action","Is Best Action"
"Specification-Baseline__Cost-1__Fee-British__Starts-50","10","0","0","P","2","9","P Files","P Liability Signal: 1","1","0.080450000000000008","false","9.9999992539999987","9.9999992539999987","1","Yes","0","9.7527819389836186","0.24721731501638011","false"
"Specification-Baseline__Cost-1__Fee-British__Starts-50","10","0","0","P","2","9","P Files","P Liability Signal: 1","1","0.080450000000000008","false","9.9999992539999987","9.9999992539999987","2","No","1","9.9999992539999987","0","true"
"Specification-Baseline__Cost-1__Fee-British__Starts-50","10","2","0","P","5","20","P Abandons","P Liability Signal: 1;P Files: 1;D Answers: 1","1,1,1","0","true","","","1","Yes","0.5","","",""
"Specification-Baseline__Cost-1__Fee-British__Starts-50","10","2","0","P","5","20","P Abandons","P Liability Signal: 1;P Files: 1;D Answers: 1","1,1,1","0","true","","","2","No","0.5","","",""
"Specification-Baseline__Cost-1__Fee-British__Starts-50","10","4","0","P","7","14","P Offer","P Liability Signal: 1;P Files: 1;D Answers: 1;P Abandons: 1","1,1,1,1","0","true","","","1","0.05","0.10000000000000001","","",""
"Specification-Baseline__Cost-1__Fee-British__Starts-50","10","4","0","P","7","14","P Offer","P Liability Signal: 1;P Files: 1;D Answers: 1;P Abandons: 1","1,1,1,1","0","true","","","2","0.15","0.10000000000000001","","",""
"Specification-Baseline__Cost-1__Fee-British__Starts-50","10","4","0","P","7","14","P Offer","P Liability Signal: 1;P Files: 1;D Answers: 1;P Abandons: 1","1,1,1,1","0","true","","","3","0.25","0.10000000000000001","","",""
"Specification-Baseline__Cost-1__Fee-British__Starts-50","10","4","0","P","7","14","P Offer","P Liability Signal: 1;P Files: 1;D Answers: 1;P Abandons: 1","1,1,1,1","0","true","","","4","0.35","0.10000000000000001","","",""
"Specification-Baseline__Cost-1__Fee-British__Starts-50","10","4","0","P","7","14","P Offer","P Liability Signal: 1;P Files: 1;D Answers: 1;P Abandons: 1","1,1,1,1","0","true","","","5","0.45","0.10000000000000001","","",""
"Specification-Baseline__Cost-1__Fee-British__Starts-50","10","4","0","P","7","14","P Offer","P Liability Signal: 1;P Files: 1;D Answers: 1;P Abandons: 1","1,1,1,1","0","true","","","6","0.55","0.10000000000000001","","",""
"Specification-Baseline__Cost-1__Fee-British__Starts-50","10","4","0","P","7","14","P Offer","P Liability Signal: 1;P Files: 1;D Answers: 1;P Abandons: 1","1,1,1,1","0","true","","","7","0.65","0.10000000000000001","","",""
"Specification-Baseline__Cost-1__Fee-British__Starts-50","10","4","0","P","7","14","P Offer","P Liability Signal: 1;P Files: 1;D Answers: 1;P Abandons: 1","1,1,1,1","0","true","","","8","0.75","0.10000000000000001","","",""
"Specification-Baseline__Cost-1__Fee-British__Starts-50","10","4","0","P","7","14","P Offer","P Liability Signal: 1;P Files: 1;D Answers: 1;P Abandons: 1","1,1,1,1","0","true","","","9","0.85","0.10000000000000001","","",""
"Specification-Baseline__Cost-1__Fee-British__Starts-50","10","4","0","P","7","14","P Offer","P Liability Signal: 1;P Files: 1;D Answers: 1;P Abandons: 1","1,1,1,1","0","true","","","10","0.95","0.10000000000000001","","",""
"Specification-Baseline__Cost-1__Fee-British__Starts-50","10","7","0","P","7","14","P Offer","P Liability Signal: 1;P Files: 1;D Answers: 1;P Abandons: 2","1,1,1,2","0","true","","","1","0.05","0.10000000000000001","","",""
"Specification-Baseline__Cost-1__Fee-British__Starts-50","10","7","0","P","7","14","P Offer","P Liability Signal: 1;P Files: 1;D Answers: 1;P Abandons: 2","1,1,1,2","0","true","","","2","0.15","0.10000000000000001","","",""
"Specification-Baseline__Cost-1__Fee-British__Starts-50","10","7","0","P","7","14","P Offer","P Liability Signal: 1;P Files: 1;D Answers: 1;P Abandons: 2","1,1,1,2","0","true","","","3","0.25","0.10000000000000001","","",""
"Specification-Baseline__Cost-1__Fee-British__Starts-50","10","7","0","P","7","14","P Offer","P Liability Signal: 1;P Files: 1;D Answers: 1;P Abandons: 2","1,1,1,2","0","true","","","4","0.35","0.10000000000000001","","",""
"Specification-Baseline__Cost-1__Fee-British__Starts-50","10","7","0","P","7","14","P Offer","P Liability Signal: 1;P Files: 1;D Answers: 1;P Abandons: 2","1,1,1,2","0","true","","","5","0.45","0.10000000000000001","","",""
"Specification-Baseline__Cost-1__Fee-British__Starts-50","10","7","0","P","7","14","P Offer","P Liability Signal: 1;P Files: 1;D Answers: 1;P Abandons: 2","1,1,1,2","0","true","","","6","0.55","0.10000000000000001","","",""
"Specification-Baseline__Cost-1__Fee-British__Starts-50","10","7","0","P","7","14","P Offer","P Liability Signal: 1;P Files: 1;D Answers: 1;P Abandons: 2","1,1,1,2","0","true","","","7","0.65","0.10000000000000001","","",""
"Specification-Baseline__Cost-1__Fee-British__Starts-50","10","7","0","P","7","14","P Offer","P Liability Signal: 1;P Files: 1;D Answers: 1;P Abandons: 2","1,1,1,2","0","true","","","8","0.75","0.10000000000000001","","",""
"Specification-Baseline__Cost-1__Fee-British__Starts-50","10","7","0","P","7","14","P Offer","P Liability Signal: 1;P Files: 1;D Answers: 1;P Abandons: 2","1,1,1,2","0","true","","","9","0.85","0.10000000000000001","","",""
"Specification-Baseline__Cost-1__Fee-British__Starts-50","10","7","0","P","7","14","P Offer","P Liability Signal: 1;P Files: 1;D Answers: 1;P Abandons: 2","1,1,1,2","0","true","","","10","0.95","0.10000000000000001","","",""
"Specification-Baseline__Cost-1__Fee-British__Starts-50","10","44","0","P","2","9","P Files","P Liability Signal: 2","2","0.097680000000000017","false","9.9999992539999987","9.9999992539999987","1","Yes","0","9.8044039059526238","0.19559534804737488","false"
"Specification-Baseline__Cost-1__Fee-British__Starts-50","10","44","0","P","2","9","P Files","P Liability Signal: 2","2","0.097680000000000017","false","9.9999992539999987","9.9999992539999987","2","No","1","9.9999992539999987","0","true"
"Specification-Baseline__Cost-1__Fee-British__Starts-50","10","45","0","P","5","20","P Abandons","P Liability Signal: 2;P Files: 1;D Answers: 1","2,1,1","0","true","","","1","Yes","0.5","","",""
"Specification-Baseline__Cost-1__Fee-British__Starts-50","10","45","0","P","5","20","P Abandons","P Liability Signal: 2;P Files: 1;D Answers: 1","2,1,1","0","true","","","2","No","0.5","","",""
"Specification-Baseline__Cost-1__Fee-British__Starts-50","10","46","0","P","7","14","P Offer","P Liability Signal: 2;P Files: 1;D Answers: 1;P Abandons: 1","2,1,1,1","0","true","","","1","0.05","0.10000000000000001","","",""
"Specification-Baseline__Cost-1__Fee-British__Starts-50","10","46","0","P","7","14","P Offer","P Liability Signal: 2;P Files: 1;D Answers: 1;P Abandons: 1","2,1,1,1","0","true","","","2","0.15","0.10000000000000001","","",""
"Specification-Baseline__Cost-1__Fee-British__Starts-50","10","46","0","P","7","14","P Offer","P Liability Signal: 2;P Files: 1;D Answers: 1;P Abandons: 1","2,1,1,1","0","true","","","3","0.25","0.10000000000000001","","",""
"Specification-Baseline__Cost-1__Fee-British__Starts-50","10","46","0","P","7","14","P Offer","P Liability Signal: 2;P Files: 1;D Answers: 1;P Abandons: 1","2,1,1,1","0","true","","","4","0.35","0.10000000000000001","","",""
"Specification-Baseline__Cost-1__Fee-British__Starts-50","10","46","0","P","7","14","P Offer","P Liability Signal: 2;P Files: 1;D Answers: 1;P Abandons: 1","2,1,1,1","0","true","","","5","0.45","0.10000000000000001","","",""
"Specification-Baseline__Cost-1__Fee-British__Starts-50","10","46","0","P","7","14","P Offer","P Liability Signal: 2;P Files: 1;D Answers: 1;P Abandons: 1","2,1,1,1","0","true","","","6","0.55","0.10000000000000001","","",""
"Specification-Baseline__Cost-1__Fee-British__Starts-50","10","46","0","P","7","14","P Offer","P Liability Signal: 2;P Files: 1;D Answers: 1;P Abandons: 1","2,1,1,1","0","true","","","7","0.65","0.10000000000000001","","",""
"Specification-Baseline__Cost-1__Fee-British__Starts-50","10","46","0","P","7","14","P Offer","P Liability Signal: 2;P Files: 1;D Answers: 1;P Abandons: 1","2,1,1,1","0","true","","","8","0.75","0.10000000000000001","","",""
"Specification-Baseline__Cost-1__Fee-British__Starts-50","10","46","0","P","7","14","P Offer","P Liability Signal: 2;P Files: 1;D Answers: 1;P Abandons: 1","2,1,1,1","0","true","","","9","0.85","0.10000000000000001","","",""
"Specification-Baseline__Cost-1__Fee-British__Starts-50","10","46","0","P","7","14","P Offer","P Liability Signal: 2;P Files: 1;D Answers: 1;P Abandons: 1","2,1,1,1","0","true","","","10","0.95","0.10000000000000001","","",""
"Specification-Baseline__Cost-1__Fee-British__Starts-50","10","47","0","P","7","14","P Offer","P Liability Signal: 2;P Files: 1;D Answers: 1;P Abandons: 2","2,1,1,2","0","true","","","1","0.05","0.10000000000000001","","",""
"Specification-Baseline__Cost-1__Fee-British__Starts-50","10","47","0","P","7","14","P Offer","P Liability Signal: 2;P Files: 1;D Answers: 1;P Abandons: 2","2,1,1,2","0","true","","","2","0.15","0.10000000000000001","","",""
"Specification-Baseline__Cost-1__Fee-British__Starts-50","10","47","0","P","7","14","P Offer","P Liability Signal: 2;P Files: 1;D Answers: 1;P Abandons: 2","2,1,1,2","0","true","","","3","0.25","0.10000000000000001","","",""
"Specification-Baseline__Cost-1__Fee-British__Starts-50","10","47","0","P","7","14","P Offer","P Liability Signal: 2;P Files: 1;D Answers: 1;P Abandons: 2","2,1,1,2","0","true","","","4","0.35","0.10000000000000001","","",""
"Specification-Baseline__Cost-1__Fee-British__Starts-50","10","47","0","P","7","14","P Offer","P Liability Signal: 2;P Files: 1;D Answers: 1;P Abandons: 2","2,1,1,2","0","true","","","5","0.45","0.10000000000000001","","",""
"Specification-Baseline__Cost-1__Fee-British__Starts-50","10","47","0","P","7","14","P Offer","P Liability Signal: 2;P Files: 1;D Answers: 1;P Abandons: 2","2,1,1,2","0","true","","","6","0.55","0.10000000000000001","","",""
"Specification-Baseline__Cost-1__Fee-British__Starts-50","10","47","0","P","7","14","P Offer","P Liability Signal: 2;P Files: 1;D Answers: 1;P Abandons: 2","2,1,1,2","0","true","","","7","0.65","0.10000000000000001","","",""
"Specification-Baseline__Cost-1__Fee-British__Starts-50","10","47","0","P","7","14","P Offer","P Liability Signal: 2;P Files: 1;D Answers: 1;P Abandons: 2","2,1,1,2","0","true","","","8","0.75","0.10000000000000001","","",""
"Specification-Baseline__Cost-1__Fee-British__Starts-50","10","47","0","P","7","14","P Offer","P Liability Signal: 2;P Files: 1;D Answers: 1;P Abandons: 2","2,1,1,2","0","true","","","9","0.85","0.10000000000000001","","",""
"Specification-Baseline__Cost-1__Fee-British__Starts-50","10","47","0","P","7","14","P Offer","P Liability Signal: 2;P Files: 1;D Answers: 1;P Abandons: 2","2,1,1,2","0","true","","","10","0.95","0.10000000000000001","","",""
"Specification-Baseline__Cost-1__Fee-British__Starts-50","10","48","0","P","2","9","P Files","P Liability Signal: 3","3","0.10618","false","10.004324847144224","10.004324847144224","1","Yes","1","10.004324847144224","0","true"
"Specification-Baseline__Cost-1__Fee-British__Starts-50","10","48","0","P","2","9","P Files","P Liability Signal: 3","3","0.10618","false","10.004324847144224","10.004324847144224","2","No","0","9.9999992540000004","0.0043255931442232054","false"
"Specification-Baseline__Cost-1__Fee-British__Starts-50","10","49","0","P","5","20","P Abandons","P Liability Signal: 3;P Files: 1;D Answers: 1","3,1,1","0.094520374199999993","false","9.9000061563999999","9.9000061563999999","1","Yes","0","9.8549961667599995","0.04500998964000047","false"
"Specification-Baseline__Cost-1__Fee-British__Starts-50","10","49","0","P","5","20","P Abandons","P Liability Signal: 3;P Files: 1;D Answers: 1","3,1,1","0.094520374199999993","false","9.9000061563999999","9.9000061563999999","2","No","1","9.9000061563999999","0","true"
"Specification-Baseline__Cost-1__Fee-British__Starts-50","10","50","0","P","7","14","P Offer","P Liability Signal: 3;P Files: 1;D Answers: 1;P Abandons: 1","3,1,1,1","0","true","","","1","0.05","0.10000000000000001","","",""
"Specification-Baseline__Cost-1__Fee-British__Starts-50","10","50","0","P","7","14","P Offer","P Liability Signal: 3;P Files: 1;D Answers: 1;P Abandons: 1","3,1,1,1","0","true","","","2","0.15","0.10000000000000001","","",""
"Specification-Baseline__Cost-1__Fee-British__Starts-50","10","50","0","P","7","14","P Offer","P Liability Signal: 3;P Files: 1;D Answers: 1;P Abandons: 1","3,1,1,1","0","true","","","3","0.25","0.10000000000000001","","",""
"Specification-Baseline__Cost-1__Fee-British__Starts-50","10","50","0","P","7","14","P Offer","P Liability Signal: 3;P Files: 1;D Answers: 1;P Abandons: 1","3,1,1,1","0","true","","","4","0.35","0.10000000000000001","","",""
"Specification-Baseline__Cost-1__Fee-British__Starts-50","10","50","0","P","7","14","P Offer","P Liability Signal: 3;P Files: 1;D Answers: 1;P Abandons: 1","3,1,1,1","0","true","","","5","0.45","0.10000000000000001","","",""
"Specification-Baseline__Cost-1__Fee-British__Starts-50","10","50","0","P","7","14","P Offer","P Liability Signal: 3;P Files: 1;D Answers: 1;P Abandons: 1","3,1,1,1","0","true","","","6","0.55","0.10000000000000001","","",""
"Specification-Baseline__Cost-1__Fee-British__Starts-50","10","50","0","P","7","14","P Offer","P Liability Signal: 3;P Files: 1;D Answers: 1;P Abandons: 1","3,1,1,1","0","true","","","7","0.65","0.10000000000000001","","",""
"Specification-Baseline__Cost-1__Fee-British__Starts-50","10","50","0","P","7","14","P Offer","P Liability Signal: 3;P Files: 1;D Answers: 1;P Abandons: 1","3,1,1,1","0","true","","","8","0.75","0.10000000000000001","","",""
"Specification-Baseline__Cost-1__Fee-British__Starts-50","10","50","0","P","7","14","P Offer","P Liability Signal: 3;P Files: 1;D Answers: 1;P Abandons: 1","3,1,1,1","0","true","","","9","0.85","0.10000000000000001","","",""
"Specification-Baseline__Cost-1__Fee-British__Starts-50","10","50","0","P","7","14","P Offer","P Liability Signal: 3;P Files: 1;D Answers: 1;P Abandons: 1","3,1,1,1","0","true","","","10","0.95","0.10000000000000001","","",""
"Specification-Baseline__Cost-1__Fee-British__Starts-50","10","51","0","P","7","14","P Offer","P Liability Signal: 3;P Files: 1;D Answers: 1;P Abandons: 2","3,1,1,2","0.094520374199999993","false","9.9000061563999999","9.9000061563999999","1","0.05","1","9.9000061563999999","0","true"
"Specification-Baseline__Cost-1__Fee-British__Starts-50","10","51","0","P","7","14","P Offer","P Liability Signal: 3;P Files: 1;D Answers: 1;P Abandons: 2","3,1,1,2","0.094520374199999993","false","9.9000061563999999","9.9000061563999999","2","0.15","0","9.6590325412252636","0.24097361517473637","false"
"Specification-Baseline__Cost-1__Fee-British__Starts-50","10","51","0","P","7","14","P Offer","P Liability Signal: 3;P Files: 1;D Answers: 1;P Abandons: 2","3,1,1,2","0.094520374199999993","false","9.9000061563999999","9.9000061563999999","3","0.25","0","9.6590325412252636","0.24097361517473637","false"
"Specification-Baseline__Cost-1__Fee-British__Starts-50","10","51","0","P","7","14","P Offer","P Liability Signal: 3;P Files: 1;D Answers: 1;P Abandons: 2","3,1,1,2","0.094520374199999993","false","9.9000061563999999","9.9000061563999999","4","0.35","0","9.6590325412252636","0.24097361517473637","false"
"Specification-Baseline__Cost-1__Fee-British__Starts-50","10","51","0","P","7","14","P Offer","P Liability Signal: 3;P Files: 1;D Answers: 1;P Abandons: 2","3,1,1,2","0.094520374199999993","false","9.9000061563999999","9.9000061563999999","5","0.45","0","9.6590325412252636","0.24097361517473637","false"
"Specification-Baseline__Cost-1__Fee-British__Starts-50","10","51","0","P","7","14","P Offer","P Liability Signal: 3;P Files: 1;D Answers: 1;P Abandons: 2","3,1,1,2","0.094520374199999993","false","9.9000061563999999","9.9000061563999999","6","0.55","0","9.6590325412252636","0.24097361517473637","false"
"Specification-Baseline__Cost-1__Fee-British__Starts-50","10","51","0","P","7","14","P Offer","P Liability Signal: 3;P Files: 1;D Answers: 1;P Abandons: 2","3,1,1,2","0.094520374199999993","false","9.9000061563999999","9.9000061563999999","7","0.65","0","9.6590325412252636","0.24097361517473637","false"
"Specification-Baseline__Cost-1__Fee-British__Starts-50","10","51","0","P","7","14","P Offer","P Liability Signal: 3;P Files: 1;D Answers: 1;P Abandons: 2","3,1,1,2","0.094520374199999993","false","9.9000061563999999","9.9000061563999999","8","0.75","0","9.6590325412252636","0.24097361517473637","false"
"Specification-Baseline__Cost-1__Fee-British__Starts-50","10","51","0","P","7","14","P Offer","P Liability Signal: 3;P Files: 1;D Answers: 1;P Abandons: 2","3,1,1,2","0.094520374199999993","false","9.9000061563999999","9.9000061563999999","9","0.85","0","9.6590325412252636","0.24097361517473637","false"
"Specification-Baseline__Cost-1__Fee-British__Starts-50","10","51","0","P","7","14","P Offer","P Liability Signal: 3;P Files: 1;D Answers: 1;P Abandons: 2","3,1,1,2","0.094520374199999993","false","9.9000061563999999","9.9000061563999999","10","0.95","0","9.6590325412252636","0.24097361517473637","false"
"Specification-Baseline__Cost-1__Fee-British__Starts-50","10","52","0","P","2","9","P Files","P Liability Signal: 4","4","0.1081","false","10.075859292213346","10.075859292213346","1","Yes","1","10.075859292213346","0","true"
"Specification-Baseline__Cost-1__Fee-British__Starts-50","10","52","0","P","2","9","P Files","P Liability Signal: 4","4","0.1081","false","10.075859292213346","10.075859292213346","2","No","0","9.9999992540000004","0.07586003821334586","false"
"Specification-Baseline__Cost-1__Fee-British__Starts-50","10","53","0","P","5","20","P Abandons","P Liability Signal: 4;P Files: 1;D Answers: 1","4,1,1","0.088089608999999999","false","9.9000061563999999","9.9000061563999999","1","Yes","0","9.8549961667600012","0.045009989639998693","false"
"Specification-Baseline__Cost-1__Fee-British__Starts-50","10","53","0","P","5","20","P Abandons","P Liability Signal: 4;P Files: 1;D Answers: 1","4,1,1","0.088089608999999999","false","9.9000061563999999","9.9000061563999999","2","No","1","9.9000061563999999","0","true"
"Specification-Baseline__Cost-1__Fee-British__Starts-50","10","54","0","P","7","14","P Offer","P Liability Signal: 4;P Files: 1;D Answers: 1;P Abandons: 1","4,1,1,1","0","true","","","1","0.05","0.10000000000000001","","",""
"Specification-Baseline__Cost-1__Fee-British__Starts-50","10","54","0","P","7","14","P Offer","P Liability Signal: 4;P Files: 1;D Answers: 1;P Abandons: 1","4,1,1,1","0","true","","","2","0.15","0.10000000000000001","","",""
"Specification-Baseline__Cost-1__Fee-British__Starts-50","10","54","0","P","7","14","P Offer","P Liability Signal: 4;P Files: 1;D Answers: 1;P Abandons: 1","4,1,1,1","0","true","","","3","0.25","0.10000000000000001","","",""
"Specification-Baseline__Cost-1__Fee-British__Starts-50","10","54","0","P","7","14","P Offer","P Liability Signal: 4;P Files: 1;D Answers: 1;P Abandons: 1","4,1,1,1","0","true","","","4","0.35","0.10000000000000001","","",""
"Specification-Baseline__Cost-1__Fee-British__Starts-50","10","54","0","P","7","14","P Offer","P Liability Signal: 4;P Files: 1;D Answers: 1;P Abandons: 1","4,1,1,1","0","true","","","5","0.45","0.10000000000000001","","",""
"Specification-Baseline__Cost-1__Fee-British__Starts-50","10","54","0","P","7","14","P Offer","P Liability Signal: 4;P Files: 1;D Answers: 1;P Abandons: 1","4,1,1,1","0","true","","","6","0.55","0.10000000000000001","","",""
"Specification-Baseline__Cost-1__Fee-British__Starts-50","10","54","0","P","7","14","P Offer","P Liability Signal: 4;P Files: 1;D Answers: 1;P Abandons: 1","4,1,1,1","0","true","","","7","0.65","0.10000000000000001","","",""
"Specification-Baseline__Cost-1__Fee-British__Starts-50","10","54","0","P","7","14","P Offer","P Liability Signal: 4;P Files: 1;D Answers: 1;P Abandons: 1","4,1,1,1","0","true","","","8","0.75","0.10000000000000001","","",""
"Specification-Baseline__Cost-1__Fee-British__Starts-50","10","54","0","P","7","14","P Offer","P Liability Signal: 4;P Files: 1;D Answers: 1;P Abandons: 1","4,1,1,1","0","true","","","9","0.85","0.10000000000000001","","",""
"Specification-Baseline__Cost-1__Fee-British__Starts-50","10","54","0","P","7","14","P Offer","P Liability Signal: 4;P Files: 1;D Answers: 1;P Abandons: 1","4,1,1,1","0","true","","","10","0.95","0.10000000000000001","","",""
"Specification-Baseline__Cost-1__Fee-British__Starts-50","10","55","0","P","7","14","P Offer","P Liability Signal: 4;P Files: 1;D Answers: 1;P Abandons: 2","4,1,1,2","0.088089608999999999","false","9.9000061563999999","9.9000061563999999","1","0.05","1","9.9000061563999999","0","true"
"Specification-Baseline__Cost-1__Fee-British__Starts-50","10","55","0","P","7","14","P Offer","P Liability Signal: 4;P Files: 1;D Answers: 1;P Abandons: 2","4,1,1,2","0.088089608999999999","false","9.9000061563999999","9.9000061563999999","2","0.15","0","9.7734984820817576","0.12650767431824228","false"
"Specification-Baseline__Cost-1__Fee-British__Starts-50","10","55","0","P","7","14","P Offer","P Liability Signal: 4;P Files: 1;D Answers: 1;P Abandons: 2","4,1,1,2","0.088089608999999999","false","9.9000061563999999","9.9000061563999999","3","0.25","0","9.7734984820817576","0.12650767431824228","false"
"Specification-Baseline__Cost-1__Fee-British__Starts-50","10","55","0","P","7","14","P Offer","P Liability Signal: 4;P Files: 1;D Answers: 1;P Abandons: 2","4,1,1,2","0.088089608999999999","false","9.9000061563999999","9.9000061563999999","4","0.35","0","9.7734984820817576","0.12650767431824228","false"
"Specification-Baseline__Cost-1__Fee-British__Starts-50","10","55","0","P","7","14","P Offer","P Liability Signal: 4;P Files: 1;D Answers: 1;P Abandons: 2","4,1,1,2","0.088089608999999999","false","9.9000061563999999","9.9000061563999999","5","0.45","0","9.7734984820817576","0.12650767431824228","false"
"Specification-Baseline__Cost-1__Fee-British__Starts-50","10","55","0","P","7","14","P Offer","P Liability Signal: 4;P Files: 1;D Answers: 1;P Abandons: 2","4,1,1,2","0.088089608999999999","false","9.9000061563999999","9.9000061563999999","6","0.55","0","9.7734984820817576","0.12650767431824228","false"
"Specification-Baseline__Cost-1__Fee-British__Starts-50","10","55","0","P","7","14","P Offer","P Liability Signal: 4;P Files: 1;D Answers: 1;P Abandons: 2","4,1,1,2","0.088089608999999999","false","9.9000061563999999","9.9000061563999999","7","0.65","0","9.7734984820817576","0.12650767431824228","false"
"Specification-Baseline__Cost-1__Fee-British__Starts-50","10","55","0","P","7","14","P Offer","P Liability Signal: 4;P Files: 1;D Answers: 1;P Abandons: 2","4,1,1,2","0.088089608999999999","false","9.9000061563999999","9.9000061563999999","8","0.75","0","9.7734984820817576","0.12650767431824228","false"
"Specification-Baseline__Cost-1__Fee-British__Starts-50","10","55","0","P","7","14","P Offer","P Liability Signal: 4;P Files: 1;D Answers: 1;P Abandons: 2","4,1,1,2","0.088089608999999999","false","9.9000061563999999","9.9000061563999999","9","0.85","0","9.7734984820817576","0.12650767431824228","false"
"Specification-Baseline__Cost-1__Fee-British__Starts-50","10","55","0","P","7","14","P Offer","P Liability Signal: 4;P Files: 1;D Answers: 1;P Abandons: 2","4,1,1,2","0.088089608999999999","false","9.9000061563999999","9.9000061563999999","10","0.95","0","9.7734984820817576","0.12650767431824228","false"
"Specification-Baseline__Cost-1__Fee-British__Starts-50","10","56","0","P","2","9","P Files","P Liability Signal: 5","5","0.1076","false","10.194584180162837","10.194584180162837","1","Yes","1","10.194584180162837","0","true"
"Specification-Baseline__Cost-1__Fee-British__Starts-50","10","56","0","P","2","9","P Files","P Liability Signal: 5","5","0.1076","false","10.194584180162837","10.194584180162837","2","No","0","9.9999992540000004","0.19458492616283607","false"
"Specification-Baseline__Cost-1__Fee-British__Starts-50","10","57","0","P","5","20","P Abandons","P Liability Signal: 5;P Files: 1;D Answers: 1","5,1,1","0.075951612000000002","false","9.9214785116258692","9.9214785116258692","1","Yes","0","9.8549961667599995","0.066482344865869791","false"
"Specification-Baseline__Cost-1__Fee-British__Starts-50","10","57","0","P","5","20","P Abandons","P Liability Signal: 5;P Files: 1;D Answers: 1","5,1,1","0.075951612000000002","false","9.9214785116258692","9.9214785116258692","2","No","1","9.9214785116258692","0","true"
"Specification-Baseline__Cost-1__Fee-British__Starts-50","10","58","0","P","7","14","P Offer","P Liability Signal: 5;P Files: 1;D Answers: 1;P Abandons: 1","5,1,1,1","0","true","","","1","0.05","0.10000000000000001","","",""
"Specification-Baseline__Cost-1__Fee-British__Starts-50","10","58","0","P","7","14","P Offer","P Liability Signal: 5;P Files: 1;D Answers: 1;P Abandons: 1","5,1,1,1","0","true","","","2","0.15","0.10000000000000001","","",""
"Specification-Baseline__Cost-1__Fee-British__Starts-50","10","58","0","P","7","14","P Offer","P Liability Signal: 5;P Files: 1;D Answers: 1;P Abandons: 1","5,1,1,1","0","true","","","3","0.25","0.10000000000000001","","",""
"Specification-Baseline__Cost-1__Fee-British__Starts-50","10","58","0","P","7","14","P Offer","P Liability Signal: 5;P Files: 1;D Answers: 1;P Abandons: 1","5,1,1,1","0","true","","","4","0.35","0.10000000000000001","","",""
"Specification-Baseline__Cost-1__Fee-British__Starts-50","10","58","0","P","7","14","P Offer","P Liability Signal: 5;P Files: 1;D Answers: 1;P Abandons: 1","5,1,1,1","0","true","","","5","0.45","0.10000000000000001","","",""
"Specification-Baseline__Cost-1__Fee-British__Starts-50","10","58","0","P","7","14","P Offer","P Liability Signal: 5;P Files: 1;D Answers: 1;P Abandons: 1","5,1,1,1","0","true","","","6","0.55","0.10000000000000001","","",""
"Specification-Baseline__Cost-1__Fee-British__Starts-50","10","58","0","P","7","14","P Offer","P Liability Signal: 5;P Files: 1;D Answers: 1;P Abandons: 1","5,1,1,1","0","true","","","7","0.65","0.10000000000000001","","",""
"Specification-Baseline__Cost-1__Fee-British__Starts-50","10","58","0","P","7","14","P Offer","P Liability Signal: 5;P Files: 1;D Answers: 1;P Abandons: 1","5,1,1,1","0","true","","","8","0.75","0.10000000000000001","","",""
"Specification-Baseline__Cost-1__Fee-British__Starts-50","10","58","0","P","7","14","P Offer","P Liability Signal: 5;P Files: 1;D Answers: 1;P Abandons: 1","5,1,1,1","0","true","","","9","0.85","0.10000000000000001","","",""
"Specification-Baseline__Cost-1__Fee-British__Starts-50","10","58","0","P","7","14","P Offer","P Liability Signal: 5;P Files: 1;D Answers: 1;P Abandons: 1","5,1,1,1","0","true","","","10","0.95","0.10000000000000001","","",""
"Specification-Baseline__Cost-1__Fee-British__Starts-50","10","59","0","P","7","14","P Offer","P Liability Signal: 5;P Files: 1;D Answers: 1;P Abandons: 2","5,1,1,2","0.075951612000000002","false","9.9214785116258692","9.9214785116258692","1","0.05","0","9.9000061563999981","0.021472355225871098","false"
"Specification-Baseline__Cost-1__Fee-British__Starts-50","10","59","0","P","7","14","P Offer","P Liability Signal: 5;P Files: 1;D Answers: 1;P Abandons: 2","5,1,1,2","0.075951612000000002","false","9.9214785116258692","9.9214785116258692","2","0.15","0","9.9214785116258692","0","true"
"Specification-Baseline__Cost-1__Fee-British__Starts-50","10","59","0","P","7","14","P Offer","P Liability Signal: 5;P Files: 1;D Answers: 1;P Abandons: 2","5,1,1,2","0.075951612000000002","false","9.9214785116258692","9.9214785116258692","3","0.25","0","9.9214785116258692","0","true"
"Specification-Baseline__Cost-1__Fee-British__Starts-50","10","59","0","P","7","14","P Offer","P Liability Signal: 5;P Files: 1;D Answers: 1;P Abandons: 2","5,1,1,2","0.075951612000000002","false","9.9214785116258692","9.9214785116258692","4","0.35","0","9.9214785116258692","0","true"
"Specification-Baseline__Cost-1__Fee-British__Starts-50","10","59","0","P","7","14","P Offer","P Liability Signal: 5;P Files: 1;D Answers: 1;P Abandons: 2","5,1,1,2","0.075951612000000002","false","9.9214785116258692","9.9214785116258692","5","0.45","0","9.9214785116258692","0","true"
"Specification-Baseline__Cost-1__Fee-British__Starts-50","10","59","0","P","7","14","P Offer","P Liability Signal: 5;P Files: 1;D Answers: 1;P Abandons: 2","5,1,1,2","0.075951612000000002","false","9.9214785116258692","9.9214785116258692","6","0.55","0","9.9214785116258692","0","true"
"Specification-Baseline__Cost-1__Fee-British__Starts-50","10","59","0","P","7","14","P Offer","P Liability Signal: 5;P Files: 1;D Answers: 1;P Abandons: 2","5,1,1,2","0.075951612000000002","false","9.9214785116258692","9.9214785116258692","7","0.65","1","9.9214785116258692","0","true"
"Specification-Baseline__Cost-1__Fee-British__Starts-50","10","59","0","P","7","14","P Offer","P Liability Signal: 5;P Files: 1;D Answers: 1;P Abandons: 2","5,1,1,2","0.075951612000000002","false","9.9214785116258692","9.9214785116258692","8","0.75","0","9.9214785116258692","0","true"
"Specification-Baseline__Cost-1__Fee-British__Starts-50","10","59","0","P","7","14","P Offer","P Liability Signal: 5;P Files: 1;D Answers: 1;P Abandons: 2","5,1,1,2","0.075951612000000002","false","9.9214785116258692","9.9214785116258692","9","0.85","0","9.9214785116258692","0","true"
"Specification-Baseline__Cost-1__Fee-British__Starts-50","10","59","0","P","7","14","P Offer","P Liability Signal: 5;P Files: 1;D Answers: 1;P Abandons: 2","5,1,1,2","0.075951612000000002","false","9.9214785116258692","9.9214785116258692","10","0.95","0","9.9214785116258692","0","true"
"Specification-Baseline__Cost-1__Fee-British__Starts-50","10","60","0","P","2","9","P Files","P Liability Signal: 6","6","0.10759999999999999","false","10.416611391878906","10.416611391878906","1","Yes","1","10.416611391878906","0","true"
"Specification-Baseline__Cost-1__Fee-British__Starts-50","10","60","0","P","2","9","P Files","P Liability Signal: 6","6","0.10759999999999999","false","10.416611391878906","10.416611391878906","2","No","0","9.9999992540000004","0.41661213787890539","false"
"Specification-Baseline__Cost-1__Fee-British__Starts-50","10","61","0","P","5","20","P Abandons","P Liability Signal: 6;P Files: 1;D Answers: 1","6,1,1","0.061603151999999994","false","10.093016681509189","10.093016681509189","1","Yes","0","9.8549961667600012","0.23802051474918784","false"
"Specification-Baseline__Cost-1__Fee-British__Starts-50","10","61","0","P","5","20","P Abandons","P Liability Signal: 6;P Files: 1;D Answers: 1","6,1,1","0.061603151999999994","false","10.093016681509189","10.093016681509189","2","No","1","10.093016681509189","0","true"
"Specification-Baseline__Cost-1__Fee-British__Starts-50","10","62","0","P","7","14","P Offer","P Liability Signal: 6;P Files: 1;D Answers: 1;P Abandons: 1","6,1,1,1","0","true","","","1","0.05","0.10000000000000001","","",""
"Specification-Baseline__Cost-1__Fee-British__Starts-50","10","62","0","P","7","14","P Offer","P Liability Signal: 6;P Files: 1;D Answers: 1;P Abandons: 1","6,1,1,1","0","true","","","2","0.15","0.10000000000000001","","",""
"Specification-Baseline__Cost-1__Fee-British__Starts-50","10","62","0","P","7","14","P Offer","P Liability Signal: 6;P Files: 1;D Answers: 1;P Abandons: 1","6,1,1,1","0","true","","","3","0.25","0.10000000000000001","","",""
"Specification-Baseline__Cost-1__Fee-British__Starts-50","10","62","0","P","7","14","P Offer","P Liability Signal: 6;P Files: 1;D Answers: 1;P Abandons: 1","6,1,1,1","0","true","","","4","0.35","0.10000000000000001","","",""
"Specification-Baseline__Cost-1__Fee-British__Starts-50","10","62","0","P","7","14","P Offer","P Liability Signal: 6;P Files: 1;D Answers: 1;P Abandons: 1","6,1,1,1","0","true","","","5","0.45","0.10000000000000001","","",""
"Specification-Baseline__Cost-1__Fee-British__Starts-50","10","62","0","P","7","14","P Offer","P Liability Signal: 6;P Files: 1;D Answers: 1;P Abandons: 1","6,1,1,1","0","true","","","6","0.55","0.10000000000000001","","",""
"Specification-Baseline__Cost-1__Fee-British__Starts-50","10","62","0","P","7","14","P Offer","P Liability Signal: 6;P Files: 1;D Answers: 1;P Abandons: 1","6,1,1,1","0","true","","","7","0.65","0.10000000000000001","","",""
"Specification-Baseline__Cost-1__Fee-British__Starts-50","10","62","0","P","7","14","P Offer","P Liability Signal: 6;P Files: 1;D Answers: 1;P Abandons: 1","6,1,1,1","0","true","","","8","0.75","0.10000000000000001","","",""
"Specification-Baseline__Cost-1__Fee-British__Starts-50","10","62","0","P","7","14","P Offer","P Liability Signal: 6;P Files: 1;D Answers: 1;P Abandons: 1","6,1,1,1","0","true","","","9","0.85","0.10000000000000001","","",""
"Specification-Baseline__Cost-1__Fee-British__Starts-50","10","62","0","P","7","14","P Offer","P Liability Signal: 6;P Files: 1;D Answers: 1;P Abandons: 1","6,1,1,1","0","true","","","10","0.95","0.10000000000000001","","",""
"Specification-Baseline__Cost-1__Fee-British__Starts-50","10","63","0","P","7","14","P Offer","P Liability Signal: 6;P Files: 1;D Answers: 1;P Abandons: 2","6,1,1,2","0.061603151999999994","false","10.093016681509189","10.093016681509189","1","0.05","0","9.9000061564000017","0.19301052510918737","false"
"Specification-Baseline__Cost-1__Fee-British__Starts-50","10","63","0","P","7","14","P Offer","P Liability Signal: 6;P Files: 1;D Answers: 1;P Abandons: 2","6,1,1,2","0.061603151999999994","false","10.093016681509189","10.093016681509189","2","0.15","0","10.093016681509189","0","true"
"Specification-Baseline__Cost-1__Fee-British__Starts-50","10","63","0","P","7","14","P Offer","P Liability Signal: 6;P Files: 1;D Answers: 1;P Abandons: 2","6,1,1,2","0.061603151999999994","false","10.093016681509189","10.093016681509189","3","0.25","0","10.093016681509189","0","true"
"Specification-Baseline__Cost-1__Fee-British__Starts-50","10","63","0","P","7","14","P Offer","P Liability Signal: 6;P Files: 1;D Answers: 1;P Abandons: 2","6,1,1,2","0.061603151999999994","false","10.093016681509189","10.093016681509189","4","0.35","0","10.093016681509189","0","true"
"Specification-Baseline__Cost-1__Fee-British__Starts-50","10","63","0","P","7","14","P Offer","P Liability Signal: 6;P Files: 1;D Answers: 1;P Abandons: 2","6,1,1,2","0.061603151999999994","false","10.093016681509189","10.093016681509189","5","0.45","0","10.093016681509189","0","true"
"Specification-Baseline__Cost-1__Fee-British__Starts-50","10","63","0","P","7","14","P Offer","P Liability Signal: 6;P Files: 1;D Answers: 1;P Abandons: 2","6,1,1,2","0.061603151999999994","false","10.093016681509189","10.093016681509189","6","0.55","0","10.093016681509189","0","true"
"Specification-Baseline__Cost-1__Fee-British__Starts-50","10","63","0","P","7","14","P Offer","P Liability Signal: 6;P Files: 1;D Answers: 1;P Abandons: 2","6,1,1,2","0.061603151999999994","false","10.093016681509189","10.093016681509189","7","0.65","0","10.093016681509189","0","true"
"Specification-Baseline__Cost-1__Fee-British__Starts-50","10","63","0","P","7","14","P Offer","P Liability Signal: 6;P Files: 1;D Answers: 1;P Abandons: 2","6,1,1,2","0.061603151999999994","false","10.093016681509189","10.093016681509189","8","0.75","0","10.093016681509189","0","true"
"Specification-Baseline__Cost-1__Fee-British__Starts-50","10","63","0","P","7","14","P Offer","P Liability Signal: 6;P Files: 1;D Answers: 1;P Abandons: 2","6,1,1,2","0.061603151999999994","false","10.093016681509189","10.093016681509189","9","0.85","1","10.093016681509189","0","true"
"Specification-Baseline__Cost-1__Fee-British__Starts-50","10","63","0","P","7","14","P Offer","P Liability Signal: 6;P Files: 1;D Answers: 1;P Abandons: 2","6,1,1,2","0.061603151999999994","false","10.093016681509189","10.093016681509189","10","0.95","0","10.093016681509189","0","true"
"Specification-Baseline__Cost-1__Fee-British__Starts-50","10","64","0","P","2","9","P Files","P Liability Signal: 7","7","0.10809999999999999","false","10.59729909268764","10.59729909268764","1","Yes","1","10.59729909268764","0","true"
"Specification-Baseline__Cost-1__Fee-British__Starts-50","10","64","0","P","2","9","P Files","P Liability Signal: 7","7","0.10809999999999999","false","10.59729909268764","10.59729909268764","2","No","0","9.9999992540000022","0.59729983868763803","false"
"Specification-Baseline__Cost-1__Fee-British__Starts-50","10","65","0","P","5","20","P Abandons","P Liability Signal: 7;P Files: 1;D Answers: 1","7,1,1","0.047246186000000003","false","10.271818001296042","10.271818001296042","1","Yes","0","9.8549961667599995","0.4168218345360426","false"
"Specification-Baseline__Cost-1__Fee-British__Starts-50","10","65","0","P","5","20","P Abandons","P Liability Signal: 7;P Files: 1;D Answers: 1","7,1,1","0.047246186000000003","false","10.271818001296042","10.271818001296042","2","No","1","10.271818001296042","0","true"
"Specification-Baseline__Cost-1__Fee-British__Starts-50","10","66","0","P","7","14","P Offer","P Liability Signal: 7;P Files: 1;D Answers: 1;P Abandons: 1","7,1,1,1","0","true","","","1","0.05","0.10000000000000001","","",""
"Specification-Baseline__Cost-1__Fee-British__Starts-50","10","66","0","P","7","14","P Offer","P Liability Signal: 7;P Files: 1;D Answers: 1;P Abandons: 1","7,1,1,1","0","true","","","2","0.15","0.10000000000000001","","",""
"Specification-Baseline__Cost-1__Fee-British__Starts-50","10","66","0","P","7","14","P Offer","P Liability Signal: 7;P Files: 1;D Answers: 1;P Abandons: 1","7,1,1,1","0","true","","","3","0.25","0.10000000000000001","","",""
"Specification-Baseline__Cost-1__Fee-British__Starts-50","10","66","0","P","7","14","P Offer","P Liability Signal: 7;P Files: 1;D Answers: 1;P Abandons: 1","7,1,1,1","0","true","","","4","0.35","0.10000000000000001","","",""
"Specification-Baseline__Cost-1__Fee-British__Starts-50","10","66","0","P","7","14","P Offer","P Liability Signal: 7;P Files: 1;D Answers: 1;P Abandons: 1","7,1,1,1","0","true","","","5","0.45","0.10000000000000001","","",""
"Specification-Baseline__Cost-1__Fee-British__Starts-50","10","66","0","P","7","14","P Offer","P Liability Signal: 7;P Files: 1;D Answers: 1;P Abandons: 1","7,1,1,1","0","true","","","6","0.55","0.10000000000000001","","",""
"Specification-Baseline__Cost-1__Fee-British__Starts-50","10","66","0","P","7","14","P Offer","P Liability Signal: 7;P Files: 1;D Answers: 1;P Abandons: 1","7,1,1,1","0","true","","","7","0.65","0.10000000000000001","","",""
"Specification-Baseline__Cost-1__Fee-British__Starts-50","10","66","0","P","7","14","P Offer","P Liability Signal: 7;P Files: 1;D Answers: 1;P Abandons: 1","7,1,1,1","0","true","","","8","0.75","0.10000000000000001","","",""
"Specification-Baseline__Cost-1__Fee-British__Starts-50","10","66","0","P","7","14","P Offer","P Liability Signal: 7;P Files: 1;D Answers: 1;P Abandons: 1","7,1,1,1","0","true","","","9","0.85","0.10000000000000001","","",""
"Specification-Baseline__Cost-1__Fee-British__Starts-50","10","66","0","P","7","14","P Offer","P Liability Signal: 7;P Files: 1;D Answers: 1;P Abandons: 1","7,1,1,1","0","true","","","10","0.95","0.10000000000000001","","",""
"Specification-Baseline__Cost-1__Fee-British__Starts-50","10","67","0","P","7","14","P Offer","P Liability Signal: 7;P Files: 1;D Answers: 1;P Abandons: 2","7,1,1,2","0.047246186000000003","false","10.271818001296042","10.271818001296042","1","0.05","0","9.9000061563999999","0.37181184489604213","false"
"Specification-Baseline__Cost-1__Fee-British__Starts-50","10","67","0","P","7","14","P Offer","P Liability Signal: 7;P Files: 1;D Answers: 1;P Abandons: 2","7,1,1,2","0.047246186000000003","false","10.271818001296042","10.271818001296042","2","0.15","0","10.271818001296042","0","true"
"Specification-Baseline__Cost-1__Fee-British__Starts-50","10","67","0","P","7","14","P Offer","P Liability Signal: 7;P Files: 1;D Answers: 1;P Abandons: 2","7,1,1,2","0.047246186000000003","false","10.271818001296042","10.271818001296042","3","0.25","0","10.271818001296042","0","true"
"Specification-Baseline__Cost-1__Fee-British__Starts-50","10","67","0","P","7","14","P Offer","P Liability Signal: 7;P Files: 1;D Answers: 1;P Abandons: 2","7,1,1,2","0.047246186000000003","false","10.271818001296042","10.271818001296042","4","0.35","0","10.271818001296042","0","true"
"Specification-Baseline__Cost-1__Fee-British__Starts-50","10","67","0","P","7","14","P Offer","P Liability Signal: 7;P Files: 1;D Answers: 1;P Abandons: 2","7,1,1,2","0.047246186000000003","false","10.271818001296042","10.271818001296042","5","0.45","0","10.271818001296042","0","true"
"Specification-Baseline__Cost-1__Fee-British__Starts-50","10","67","0","P","7","14","P Offer","P Liability Signal: 7;P Files: 1;D Answers: 1;P Abandons: 2","7,1,1,2","0.047246186000000003","false","10.271818001296042","10.271818001296042","6","0.55","0","10.271818001296042","0","true"
"Specification-Baseline__Cost-1__Fee-British__Starts-50","10","67","0","P","7","14","P Offer","P Liability Signal: 7;P Files: 1;D Answers: 1;P Abandons: 2","7,1,1,2","0.047246186000000003","false","10.271818001296042","10.271818001296042","7","0.65","0","10.271818001296042","0","true"
"Specification-Baseline__Cost-1__Fee-British__Starts-50","10","67","0","P","7","14","P Offer","P Liability Signal: 7;P Files: 1;D Answers: 1;P Abandons: 2","7,1,1,2","0.047246186000000003","false","10.271818001296042","10.271818001296042","8","0.75","0","10.271818001296042","0","true"
"Specification-Baseline__Cost-1__Fee-British__Starts-50","10","67","0","P","7","14","P Offer","P Liability Signal: 7;P Files: 1;D Answers: 1;P Abandons: 2","7,1,1,2","0.047246186000000003","false","10.271818001296042","10.271818001296042","9","0.85","0.80563211955818448","10.271818001296042","0","true"
"Specification-Baseline__Cost-1__Fee-British__Starts-50","10","67","0","P","7","14","P Offer","P Liability Signal: 7;P Files: 1;D Answers: 1;P Abandons: 2","7,1,1,2","0.047246186000000003","false","10.271818001296042","10.271818001296042","10","0.95","0.1943678804418156","10.271818001296042","0","true"
"Specification-Baseline__Cost-1__Fee-British__Starts-50","10","68","0","P","2","9","P Files","P Liability Signal: 8","8","0.10618","false","10.718556524823393","10.718556524823393","1","Yes","1","10.718556524823393","0","true"
"Specification-Baseline__Cost-1__Fee-British__Starts-50","10","68","0","P","2","9","P Files","P Liability Signal: 8","8","0.10618","false","10.718556524823393","10.718556524823393","2","No","0","9.9999992540000004","0.71855727082339271","false"
"Specification-Baseline__Cost-1__Fee-British__Starts-50","10","69","0","P","5","20","P Abandons","P Liability Signal: 8;P Files: 1;D Answers: 1","8,1,1","0.034134746399999999","false","10.441132723665097","10.441132723665097","1","Yes","0","9.8549961667600012","0.58613655690509603","false"
"Specification-Baseline__Cost-1__Fee-British__Starts-50","10","69","0","P","5","20","P Abandons","P Liability Signal: 8;P Files: 1;D Answers: 1","8,1,1","0.034134746399999999","false","10.441132723665097","10.441132723665097","2","No","1","10.441132723665097","0","true"
"Specification-Baseline__Cost-1__Fee-British__Starts-50","10","70","0","P","7","14","P Offer","P Liability Signal: 8;P Files: 1;D Answers: 1;P Abandons: 1","8,1,1,1","0","true","","","1","0.05","0.10000000000000001","","",""
"Specification-Baseline__Cost-1__Fee-British__Starts-50","10","70","0","P","7","14","P Offer","P Liability Signal: 8;P Files: 1;D Answers: 1;P Abandons: 1","8,1,1,1","0","true","","","2","0.15","0.10000000000000001","","",""
"Specification-Baseline__Cost-1__Fee-British__Starts-50","10","70","0","P","7","14","P Offer","P Liability Signal: 8;P Files: 1;D Answers: 1;P Abandons: 1","8,1,1,1","0","true","","","3","0.25","0.10000000000000001","","",""
"Specification-Baseline__Cost-1__Fee-British__Starts-50","10","70","0","P","7","14","P Offer","P Liability Signal: 8;P Files: 1;D Answers: 1;P Abandons: 1","8,1,1,1","0","true","","","4","0.35","0.10000000000000001","","",""
"Specification-Baseline__Cost-1__Fee-British__Starts-50","10","70","0","P","7","14","P Offer","P Liability Signal: 8;P Files: 1;D Answers: 1;P Abandons: 1","8,1,1,1","0","true","","","5","0.45","0.10000000000000001","","",""
"Specification-Baseline__Cost-1__Fee-British__Starts-50","10","70","0","P","7","14","P Offer","P Liability Signal: 8;P Files: 1;D Answers: 1;P Abandons: 1","8,1,1,1","0","true","","","6","0.55","0.10000000000000001","","",""
"Specification-Baseline__Cost-1__Fee-British__Starts-50","10","70","0","P","7","14","P Offer","P Liability Signal: 8;P Files: 1;D Answers: 1;P Abandons: 1","8,1,1,1","0","true","","","7","0.65","0.10000000000000001","","",""
"Specification-Baseline__Cost-1__Fee-British__Starts-50","10","70","0","P","7","14","P Offer","P Liability Signal: 8;P Files: 1;D Answers: 1;P Abandons: 1","8,1,1,1","0","true","","","8","0.75","0.10000000000000001","","",""
"Specification-Baseline__Cost-1__Fee-British__Starts-50","10","70","0","P","7","14","P Offer","P Liability Signal: 8;P Files: 1;D Answers: 1;P Abandons: 1","8,1,1,1","0","true","","","9","0.85","0.10000000000000001","","",""
"Specification-Baseline__Cost-1__Fee-British__Starts-50","10","70","0","P","7","14","P Offer","P Liability Signal: 8;P Files: 1;D Answers: 1;P Abandons: 1","8,1,1,1","0","true","","","10","0.95","0.10000000000000001","","",""
"Specification-Baseline__Cost-1__Fee-British__Starts-50","10","71","0","P","7","14","P Offer","P Liability Signal: 8;P Files: 1;D Answers: 1;P Abandons: 2","8,1,1,2","0.034134746399999999","false","10.441132723665097","10.441132723665097","1","0.05","0","9.9000061563999999","0.54112656726509734","false"
"Specification-Baseline__Cost-1__Fee-British__Starts-50","10","71","0","P","7","14","P Offer","P Liability Signal: 8;P Files: 1;D Answers: 1;P Abandons: 2","8,1,1,2","0.034134746399999999","false","10.441132723665097","10.441132723665097","2","0.15","0","10.441132723665097","0","true"
"Specification-Baseline__Cost-1__Fee-British__Starts-50","10","71","0","P","7","14","P Offer","P Liability Signal: 8;P Files: 1;D Answers: 1;P Abandons: 2","8,1,1,2","0.034134746399999999","false","10.441132723665097","10.441132723665097","3","0.25","0","10.441132723665097","0","true"
"Specification-Baseline__Cost-1__Fee-British__Starts-50","10","71","0","P","7","14","P Offer","P Liability Signal: 8;P Files: 1;D Answers: 1;P Abandons: 2","8,1,1,2","0.034134746399999999","false","10.441132723665097","10.441132723665097","4","0.35","0","10.441132723665097","0","true"
"Specification-Baseline__Cost-1__Fee-British__Starts-50","10","71","0","P","7","14","P Offer","P Liability Signal: 8;P Files: 1;D Answers: 1;P Abandons: 2","8,1,1,2","0.034134746399999999","false","10.441132723665097","10.441132723665097","5","0.45","0","10.441132723665097","0","true"
"Specification-Baseline__Cost-1__Fee-British__Starts-50","10","71","0","P","7","14","P Offer","P Liability Signal: 8;P Files: 1;D Answers: 1;P Abandons: 2","8,1,1,2","0.034134746399999999","false","10.441132723665097","10.441132723665097","6","0.55","0","10.441132723665097","0","true"
"Specification-Baseline__Cost-1__Fee-British__Starts-50","10","71","0","P","7","14","P Offer","P Liability Signal: 8;P Files: 1;D Answers: 1;P Abandons: 2","8,1,1,2","0.034134746399999999","false","10.441132723665097","10.441132723665097","7","0.65","0","10.441132723665097","0","true"
"Specification-Baseline__Cost-1__Fee-British__Starts-50","10","71","0","P","7","14","P Offer","P Liability Signal: 8;P Files: 1;D Answers: 1;P Abandons: 2","8,1,1,2","0.034134746399999999","false","10.441132723665097","10.441132723665097","8","0.75","0","10.441132723665097","0","true"
"Specification-Baseline__Cost-1__Fee-British__Starts-50","10","71","0","P","7","14","P Offer","P Liability Signal: 8;P Files: 1;D Answers: 1;P Abandons: 2","8,1,1,2","0.034134746399999999","false","10.441132723665097","10.441132723665097","9","0.85","0","10.441132723665097","0","true"
"Specification-Baseline__Cost-1__Fee-British__Starts-50","10","71","0","P","7","14","P Offer","P Liability Signal: 8;P Files: 1;D Answers: 1;P Abandons: 2","8,1,1,2","0.034134746399999999","false","10.441132723665097","10.441132723665097","10","0.95","1","10.441132723665097","0","true"
"Specification-Baseline__Cost-1__Fee-British__Starts-50","10","72","0","P","2","9","P Files","P Liability Signal: 9","9","0.097680000000000003","false","10.788230013369503","10.788230013369503","1","Yes","1","10.788230013369503","0","true"
"Specification-Baseline__Cost-1__Fee-British__Starts-50","10","72","0","P","2","9","P Files","P Liability Signal: 9","9","0.097680000000000003","false","10.788230013369503","10.788230013369503","2","No","0","9.9999992540000022","0.78823075936950104","false"
"Specification-Baseline__Cost-1__Fee-British__Starts-50","10","73","0","P","5","20","P Abandons","P Liability Signal: 9;P Files: 1;D Answers: 1","9,1,1","0.023014384800000003","false","10.587833456676083","10.587833456676083","1","Yes","0","9.8549961667599995","0.73283728991608399","false"
"Specification-Baseline__Cost-1__Fee-British__Starts-50","10","73","0","P","5","20","P Abandons","P Liability Signal: 9;P Files: 1;D Answers: 1","9,1,1","0.023014384800000003","false","10.587833456676083","10.587833456676083","2","No","1","10.587833456676083","0","true"
"Specification-Baseline__Cost-1__Fee-British__Starts-50","10","74","0","P","7","14","P Offer","P Liability Signal: 9;P Files: 1;D Answers: 1;P Abandons: 1","9,1,1,1","0","true","","","1","0.05","0.10000000000000001","","",""
"Specification-Baseline__Cost-1__Fee-British__Starts-50","10","74","0","P","7","14","P Offer","P Liability Signal: 9;P Files: 1;D Answers: 1;P Abandons: 1","9,1,1,1","0","true","","","2","0.15","0.10000000000000001","","",""
"Specification-Baseline__Cost-1__Fee-British__Starts-50","10","74","0","P","7","14","P Offer","P Liability Signal: 9;P Files: 1;D Answers: 1;P Abandons: 1","9,1,1,1","0","true","","","3","0.25","0.10000000000000001","","",""
"Specification-Baseline__Cost-1__Fee-British__Starts-50","10","74","0","P","7","14","P Offer","P Liability Signal: 9;P Files: 1;D Answers: 1;P Abandons: 1","9,1,1,1","0","true","","","4","0.35","0.10000000000000001","","",""
"Specification-Baseline__Cost-1__Fee-British__Starts-50","10","74","0","P","7","14","P Offer","P Liability Signal: 9;P Files: 1;D Answers: 1;P Abandons: 1","9,1,1,1","0","true","","","5","0.45","0.10000000000000001","","",""
"Specification-Baseline__Cost-1__Fee-British__Starts-50","10","74","0","P","7","14","P Offer","P Liability Signal: 9;P Files: 1;D Answers: 1;P Abandons: 1","9,1,1,1","0","true","","","6","0.55","0.10000000000000001","","",""
"Specification-Baseline__Cost-1__Fee-British__Starts-50","10","74","0","P","7","14","P Offer","P Liability Signal: 9;P Files: 1;D Answers: 1;P Abandons: 1","9,1,1,1","0","true","","","7","0.65","0.10000000000000001","","",""
"Specification-Baseline__Cost-1__Fee-British__Starts-50","10","74","0","P","7","14","P Offer","P Liability Signal: 9;P Files: 1;D Answers: 1;P Abandons: 1","9,1,1,1","0","true","","","8","0.75","0.10000000000000001","","",""
"Specification-Baseline__Cost-1__Fee-British__Starts-50","10","74","0","P","7","14","P Offer","P Liability Signal: 9;P Files: 1;D Answers: 1;P Abandons: 1","9,1,1,1","0","true","","","9","0.85","0.10000000000000001","","",""
"Specification-Baseline__Cost-1__Fee-British__Starts-50","10","74","0","P","7","14","P Offer","P Liability Signal: 9;P Files: 1;D Answers: 1;P Abandons: 1","9,1,1,1","0","true","","","10","0.95","0.10000000000000001","","",""
"Specification-Baseline__Cost-1__Fee-British__Starts-50","10","75","0","P","7","14","P Offer","P Liability Signal: 9;P Files: 1;D Answers: 1;P Abandons: 2","9,1,1,2","0.023014384800000003","false","10.587833456676083","10.587833456676083","1","0.05","0","9.9000061563999999","0.68782730027608352","false"
"Specification-Baseline__Cost-1__Fee-British__Starts-50","10","75","0","P","7","14","P Offer","P Liability Signal: 9;P Files: 1;D Answers: 1;P Abandons: 2","9,1,1,2","0.023014384800000003","false","10.587833456676083","10.587833456676083","2","0.15","0","10.587833456676083","0","true"
"Specification-Baseline__Cost-1__Fee-British__Starts-50","10","75","0","P","7","14","P Offer","P Liability Signal: 9;P Files: 1;D Answers: 1;P Abandons: 2","9,1,1,2","0.023014384800000003","false","10.587833456676083","10.587833456676083","3","0.25","0","10.587833456676083","0","true"
"Specification-Baseline__Cost-1__Fee-British__Starts-50","10","75","0","P","7","14","P Offer","P Liability Signal: 9;P Files: 1;D Answers: 1;P Abandons: 2","9,1,1,2","0.023014384800000003","false","10.587833456676083","10.587833456676083","4","0.35","0","10.587833456676083","0","true"
"Specification-Baseline__Cost-1__Fee-British__Starts-50","10","75","0","P","7","14","P Offer","P Liability Signal: 9;P Files: 1;D Answers: 1;P Abandons: 2","9,1,1,2","0.023014384800000003","false","10.587833456676083","10.587833456676083","5","0.45","0","10.587833456676083","0","true"
"Specification-Baseline__Cost-1__Fee-British__Starts-50","10","75","0","P","7","14","P Offer","P Liability Signal: 9;P Files: 1;D Answers: 1;P Abandons: 2","9,1,1,2","0.023014384800000003","false","10.587833456676083","10.587833456676083","6","0.55","0","10.587833456676083","0","true"
"Specification-Baseline__Cost-1__Fee-British__Starts-50","10","75","0","P","7","14","P Offer","P Liability Signal: 9;P Files: 1;D Answers: 1;P Abandons: 2","9,1,1,2","0.023014384800000003","false","10.587833456676083","10.587833456676083","7","0.65","0","10.587833456676083","0","true"
"Specification-Baseline__Cost-1__Fee-British__Starts-50","10","75","0","P","7","14","P Offer","P Liability Signal: 9;P Files: 1;D Answers: 1;P Abandons: 2","9,1,1,2","0.023014384800000003","false","10.587833456676083","10.587833456676083","8","0.75","0","10.587833456676083","0","true"
"Specification-Baseline__Cost-1__Fee-British__Starts-50","10","75","0","P","7","14","P Offer","P Liability Signal: 9;P Files: 1;D Answers: 1;P Abandons: 2","9,1,1,2","0.023014384800000003","false","10.587833456676083","10.587833456676083","9","0.85","0","10.587833456676083","0","true"
"Specification-Baseline__Cost-1__Fee-British__Starts-50","10","75","0","P","7","14","P Offer","P Liability Signal: 9;P Files: 1;D Answers: 1;P Abandons: 2","9,1,1,2","0.023014384800000003","false","10.587833456676083","10.587833456676083","10","0.95","1","10.587833456676083","0","true"
"Specification-Baseline__Cost-1__Fee-British__Starts-50","10","76","0","P","2","9","P Files","P Liability Signal: 10","10","0.080430000000000001","false","10.824240376716396","10.824240376716396","1","Yes","1","10.824240376716396","0","true"
"Specification-Baseline__Cost-1__Fee-British__Starts-50","10","76","0","P","2","9","P Files","P Liability Signal: 10","10","0.080430000000000001","false","10.824240376716396","10.824240376716396","2","No","0","9.9999992540000004","0.82424112271639594","false"
"Specification-Baseline__Cost-1__Fee-British__Starts-50","10","77","0","P","5","20","P Abandons","P Liability Signal: 10;P Files: 1;D Answers: 1","10,1,1","0.0142546089","false","10.7046599046491","10.7046599046491","1","Yes","0","9.8549961667600012","0.84966373788909877","false"
"Specification-Baseline__Cost-1__Fee-British__Starts-50","10","77","0","P","5","20","P Abandons","P Liability Signal: 10;P Files: 1;D Answers: 1","10,1,1","0.0142546089","false","10.7046599046491","10.7046599046491","2","No","1","10.7046599046491","0","true"
"Specification-Baseline__Cost-1__Fee-British__Starts-50","10","78","0","P","7","14","P Offer","P Liability Signal: 10;P Files: 1;D Answers: 1;P Abandons: 1","10,1,1,1","0","true","","","1","0.05","0.10000000000000001","","",""
"Specification-Baseline__Cost-1__Fee-British__Starts-50","10","78","0","P","7","14","P Offer","P Liability Signal: 10;P Files: 1;D Answers: 1;P Abandons: 1","10,1,1,1","0","true","","","2","0.15","0.10000000000000001","","",""
"Specification-Baseline__Cost-1__Fee-British__Starts-50","10","78","0","P","7","14","P Offer","P Liability Signal: 10;P Files: 1;D Answers: 1;P Abandons: 1","10,1,1,1","0","true","","","3","0.25","0.10000000000000001","","",""
"Specification-Baseline__Cost-1__Fee-British__Starts-50","10","78","0","P","7","14","P Offer","P Liability Signal: 10;P Files: 1;D Answers: 1;P Abandons: 1","10,1,1,1","0","true","","","4","0.35","0.10000000000000001","","",""
"Specification-Baseline__Cost-1__Fee-British__Starts-50","10","78","0","P","7","14","P Offer","P Liability Signal: 10;P Files: 1;D Answers: 1;P Abandons: 1","10,1,1,1","0","true","","","5","0.45","0.10000000000000001","","",""
"Specification-Baseline__Cost-1__Fee-British__Starts-50","10","78","0","P","7","14","P Offer","P Liability Signal: 10;P Files: 1;D Answers: 1;P Abandons: 1","10,1,1,1","0","true","","","6","0.55","0.10000000000000001","","",""
"Specification-Baseline__Cost-1__Fee-British__Starts-50","10","78","0","P","7","14","P Offer","P Liability Signal: 10;P Files: 1;D Answers: 1;P Abandons: 1","10,1,1,1","0","true","","","7","0.65","0.10000000000000001","","",""
"Specification-Baseline__Cost-1__Fee-British__Starts-50","10","78","0","P","7","14","P Offer","P Liability Signal: 10;P Files: 1;D Answers: 1;P Abandons: 1","10,1,1,1","0","true","","","8","0.75","0.10000000000000001","","",""
"Specification-Baseline__Cost-1__Fee-British__Starts-50","10","78","0","P","7","14","P Offer","P Liability Signal: 10;P Files: 1;D Answers: 1;P Abandons: 1","10,1,1,1","0","true","","","9","0.85","0.10000000000000001","","",""
"Specification-Baseline__Cost-1__Fee-British__Starts-50","10","78","0","P","7","14","P Offer","P Liability Signal: 10;P Files: 1;D Answers: 1;P Abandons: 1","10,1,1,1","0","true","","","10","0.95","0.10000000000000001","","",""
"Specification-Baseline__Cost-1__Fee-British__Starts-50","10","79","0","P","7","14","P Offer","P Liability Signal: 10;P Files: 1;D Answers: 1;P Abandons: 2","10,1,1,2","0.0142546089","false","10.7046599046491","10.7046599046491","1","0.05","0","9.9000061563999999","0.80465374824910008","false"
"Specification-Baseline__Cost-1__Fee-British__Starts-50","10","79","0","P","7","14","P Offer","P Liability Signal: 10;P Files: 1;D Answers: 1;P Abandons: 2","10,1,1,2","0.0142546089","false","10.7046599046491","10.7046599046491","2","0.15","0","10.7046599046491","0","true"
"Specification-Baseline__Cost-1__Fee-British__Starts-50","10","79","0","P","7","14","P Offer","P Liability Signal: 10;P Files: 1;D Answers: 1;P Abandons: 2","10,1,1,2","0.0142546089","false","10.7046599046491","10.7046599046491","3","0.25","0","10.7046599046491","0","true"
"Specification-Baseline__Cost-1__Fee-British__Starts-50","10","79","0","P","7","14","P Offer","P Liability Signal: 10;P Files: 1;D Answers: 1;P Abandons: 2","10,1,1,2","0.0142546089","false","10.7046599046491","10.7046599046491","4","0.35","0","10.7046599046491","0","true"
"Specification-Baseline__Cost-1__Fee-British__Starts-50","10","79","0","P","7","14","P Offer","P Liability Signal: 10;P Files: 1;D Answers: 1;P Abandons: 2","10,1,1,2","0.0142546089","false","10.7046599046491","10.7046599046491","5","0.45","0","10.7046599046491","0","true"
"Specification-Baseline__Cost-1__Fee-British__Starts-50","10","79","0","P","7","14","P Offer","P Liability Signal: 10;P Files: 1;D Answers: 1;P Abandons: 2","10,1,1,2","0.0142546089","false","10.7046599046491","10.7046599046491","6","0.55","0","10.7046599046491","0","true"
"Specification-Baseline__Cost-1__Fee-British__Starts-50","10","79","0","P","7","14","P Offer","P Liability Signal: 10;P Files: 1;D Answers: 1;P Abandons: 2","10,1,1,2","0.0142546089","false","10.7046599046491","10.7046599046491","7","0.65","0","10.7046599046491","0","true"
"Specification-Baseline__Cost-1__Fee-British__Starts-50","10","79","0","P","7","14","P Offer","P Liability Signal: 10;P Files: 1;D Answers: 1;P Abandons: 2","10,1,1,2","0.0142546089","false","10.7046599046491","10.7046599046491","8","0.75","0","10.7046599046491","0","true"
"Specification-Baseline__Cost-1__Fee-British__Starts-50","10","79","0","P","7","14","P Offer","P Liability Signal: 10;P Files: 1;D Answers: 1;P Abandons: 2","10,1,1,2","0.0142546089","false","10.7046599046491","10.7046599046491","9","0.85","0","10.7046599046491","0","true"
"Specification-Baseline__Cost-1__Fee-British__Starts-50","10","79","0","P","7","14","P Offer","P Liability Signal: 10;P Files: 1;D Answers: 1;P Abandons: 2","10,1,1,2","0.0142546089","false","10.7046599046491","10.7046599046491","10","0.95","1","10.7046599046491","0","true"
"Specification-Baseline__Cost-1__Fee-British__Starts-50","10","1","1","D","3","10","D Answers","D Liability Signal: 1;P Files: 1","1,1","0.042495163600000004","false","9.7680035066456892","9.7680035066456892","1","Yes","1","9.7680035066456892","0","true"
"Specification-Baseline__Cost-1__Fee-British__Starts-50","10","1","1","D","3","10","D Answers","D Liability Signal: 1;P Files: 1","1,1","0.042495163600000004","false","9.7680035066456892","9.7680035066456892","2","No","0","8.9999959390000015","0.76800756764568767","false"
"Specification-Baseline__Cost-1__Fee-British__Starts-50","10","3","1","D","6","21","D Defaults","D Liability Signal: 1;P Files: 1;D Answers: 1","1,1,1","0.042495163600000004","false","9.7680035066456892","9.7680035066456892","1","Yes","0","9.3539143350629352","0.41408917158275393","false"
"Specification-Baseline__Cost-1__Fee-British__Starts-50","10","3","1","D","6","21","D Defaults","D Liability Signal: 1;P Files: 1;D Answers: 1","1,1,1","0.042495163600000004","false","9.7680035066456892","9.7680035066456892","2","No","1","9.7680035066456892","0","true"
"Specification-Baseline__Cost-1__Fee-British__Starts-50","10","5","1","D","8","15","D Offer","D Liability Signal: 1;P Files: 1;D Answers: 1;D Defaults: 1","1,1,1,1","0","true","","","1","0.05","0.10000000000000001","","",""
"Specification-Baseline__Cost-1__Fee-British__Starts-50","10","5","1","D","8","15","D Offer","D Liability Signal: 1;P Files: 1;D Answers: 1;D Defaults: 1","1,1,1,1","0","true","","","2","0.15","0.10000000000000001","","",""
"Specification-Baseline__Cost-1__Fee-British__Starts-50","10","5","1","D","8","15","D Offer","D Liability Signal: 1;P Files: 1;D Answers: 1;D Defaults: 1","1,1,1,1","0","true","","","3","0.25","0.10000000000000001","","",""
"Specification-Baseline__Cost-1__Fee-British__Starts-50","10","5","1","D","8","15","D Offer","D Liability Signal: 1;P Files: 1;D Answers: 1;D Defaults: 1","1,1,1,1","0","true","","","4","0.35","0.10000000000000001","","",""
"Specification-Baseline__Cost-1__Fee-British__Starts-50","10","5","1","D","8","15","D Offer","D Liability Signal: 1;P Files: 1;D Answers: 1;D Defaults: 1","1,1,1,1","0","true","","","5","0.45","0.10000000000000001","","",""
"Specification-Baseline__Cost-1__Fee-British__Starts-50","10","5","1","D","8","15","D Offer","D Liability Signal: 1;P Files: 1;D Answers: 1;D Defaults: 1","1,1,1,1","0","true","","","6","0.55","0.10000000000000001","","",""
"Specification-Baseline__Cost-1__Fee-British__Starts-50","10","5","1","D","8","15","D Offer","D Liability Signal: 1;P Files: 1;D Answers: 1;D Defaults: 1","1,1,1,1","0","true","","","7","0.65","0.10000000000000001","","",""
"Specification-Baseline__Cost-1__Fee-British__Starts-50","10","5","1","D","8","15","D Offer","D Liability Signal: 1;P Files: 1;D Answers: 1;D Defaults: 1","1,1,1,1","0","true","","","8","0.75","0.10000000000000001","","",""
"Specification-Baseline__Cost-1__Fee-British__Starts-50","10","5","1","D","8","15","D Offer","D Liability Signal: 1;P Files: 1;D Answers: 1;D Defaults: 1","1,1,1,1","0","true","","","9","0.85","0.10000000000000001","","",""
"Specification-Baseline__Cost-1__Fee-British__Starts-50","10","5","1","D","8","15","D Offer","D Liability Signal: 1;P Files: 1;D Answers: 1;D Defaults: 1","1,1,1,1","0","true","","","10","0.95","0.10000000000000001","","",""
"Specification-Baseline__Cost-1__Fee-British__Starts-50","10","6","1","D","8","15","D Offer","D Liability Signal: 1;P Files: 1;D Answers: 1;D Defaults: 2","1,1,1,2","0.042495163600000004","false","9.7680035066456892","9.7680035066456892","1","0.05","1","9.7680035066456892","0","true"
"Specification-Baseline__Cost-1__Fee-British__Starts-50","10","6","1","D","8","15","D Offer","D Liability Signal: 1;P Files: 1;D Answers: 1;D Defaults: 2","1,1,1,2","0.042495163600000004","false","9.7680035066456892","9.7680035066456892","2","0.15","0","9.7347834520528593","0.03322005459282984","false"
"Specification-Baseline__Cost-1__Fee-British__Starts-50","10","6","1","D","8","15","D Offer","D Liability Signal: 1;P Files: 1;D Answers: 1;D Defaults: 2","1,1,1,2","0.042495163600000004","false","9.7680035066456892","9.7680035066456892","3","0.25","0","9.7015633974600313","0.066440109185657903","false"
"Specification-Baseline__Cost-1__Fee-British__Starts-50","10","6","1","D","8","15","D Offer","D Liability Signal: 1;P Files: 1;D Answers: 1;D Defaults: 2","1,1,1,2","0.042495163600000004","false","9.7680035066456892","9.7680035066456892","4","0.35","0","9.6683331931407785","0.099670313504910624","false"
"Specification-Baseline__Cost-1__Fee-British__Starts-50","10","6","1","D","8","15","D Offer","D Liability Signal: 1;P Files: 1;D Answers: 1;D Defaults: 2","1,1,1,2","0.042495163600000004","false","9.7680035066456892","9.7680035066456892","5","0.45","0","9.6351131385479487","0.13289036809774046","false"
"Specification-Baseline__Cost-1__Fee-British__Starts-50","10","6","1","D","8","15","D Offer","D Liability Signal: 1;P Files: 1;D Answers: 1;D Defaults: 2","1,1,1,2","0.042495163600000004","false","9.7680035066456892","9.7680035066456892","6","0.55","0","9.6018930839551189","0.1661104226905703","false"
"Specification-Baseline__Cost-1__Fee-British__Starts-50","10","6","1","D","8","15","D Offer","D Liability Signal: 1;P Files: 1;D Answers: 1;D Defaults: 2","1,1,1,2","0.042495163600000004","false","9.7680035066456892","9.7680035066456892","7","0.65","0","9.4692918462746007","0.29871166037108843","false"
"Specification-Baseline__Cost-1__Fee-British__Starts-50","10","6","1","D","8","15","D Offer","D Liability Signal: 1;P Files: 1;D Answers: 1;D Defaults: 2","1,1,1,2","0.042495163600000004","false","9.7680035066456892","9.7680035066456892","8","0.75","0","9.4275089859749599","0.34049452067072927","false"
"Specification-Baseline__Cost-1__Fee-British__Starts-50","10","6","1","D","8","15","D Offer","D Liability Signal: 1;P Files: 1;D Answers: 1;D Defaults: 2","1,1,1,2","0.042495163600000004","false","9.7680035066456892","9.7680035066456892","9","0.85","0","9.2999944492505993","0.46800905739508991","false"
"Specification-Baseline__Cost-1__Fee-British__Starts-50","10","6","1","D","8","15","D Offer","D Liability Signal: 1;P Files: 1;D Answers: 1;D Defaults: 2","1,1,1,2","0.042495163600000004","false","9.7680035066456892","9.7680035066456892","10","0.95","0","9.2310321727497584","0.53697133389593077","false"
"Specification-Baseline__Cost-1__Fee-British__Starts-50","10","8","1","D","3","10","D Answers","D Liability Signal: 2;P Files: 1","2,1","0.057432098499999994","false","9.7149870054803298","9.7149870054803298","1","Yes","1","9.7149870054803298","0","true"
"Specification-Baseline__Cost-1__Fee-British__Starts-50","10","8","1","D","3","10","D Answers","D Liability Signal: 2;P Files: 1","2,1","0.057432098499999994","false","9.7149870054803298","9.7149870054803298","2","No","0","8.9999959389999979","0.71499106648033184","false"
"Specification-Baseline__Cost-1__Fee-British__Starts-50","10","9","1","D","6","21","D Defaults","D Liability Signal: 2;P Files: 1;D Answers: 1","2,1,1","0.057432098499999994","false","9.7149870054803298","9.7149870054803298","1","Yes","0","9.3087132876776586","0.40627371780267119","false"
"Specification-Baseline__Cost-1__Fee-British__Starts-50","10","9","1","D","6","21","D Defaults","D Liability Signal: 2;P Files: 1;D Answers: 1","2,1,1","0.057432098499999994","false","9.7149870054803298","9.7149870054803298","2","No","1","9.7149870054803298","0","true"
"Specification-Baseline__Cost-1__Fee-British__Starts-50","10","10","1","D","8","15","D Offer","D Liability Signal: 2;P Files: 1;D Answers: 1;D Defaults: 1","2,1,1,1","0","true","","","1","0.05","0.10000000000000001","","",""
"Specification-Baseline__Cost-1__Fee-British__Starts-50","10","10","1","D","8","15","D Offer","D Liability Signal: 2;P Files: 1;D Answers: 1;D Defaults: 1","2,1,1,1","0","true","","","2","0.15","0.10000000000000001","","",""
"Specification-Baseline__Cost-1__Fee-British__Starts-50","10","10","1","D","8","15","D Offer","D Liability Signal: 2;P Files: 1;D Answers: 1;D Defaults: 1","2,1,1,1","0","true","","","3","0.25","0.10000000000000001","","",""
"Specification-Baseline__Cost-1__Fee-British__Starts-50","10","10","1","D","8","15","D Offer","D Liability Signal: 2;P Files: 1;D Answers: 1;D Defaults: 1","2,1,1,1","0","true","","","4","0.35","0.10000000000000001","","",""
"Specification-Baseline__Cost-1__Fee-British__Starts-50","10","10","1","D","8","15","D Offer","D Liability Signal: 2;P Files: 1;D Answers: 1;D Defaults: 1","2,1,1,1","0","true","","","5","0.45","0.10000000000000001","","",""
"Specification-Baseline__Cost-1__Fee-British__Starts-50","10","10","1","D","8","15","D Offer","D Liability Signal: 2;P Files: 1;D Answers: 1;D Defaults: 1","2,1,1,1","0","true","","","6","0.55","0.10000000000000001","","",""
"Specification-Baseline__Cost-1__Fee-British__Starts-50","10","10","1","D","8","15","D Offer","D Liability Signal: 2;P Files: 1;D Answers: 1;D Defaults: 1","2,1,1,1","0","true","","","7","0.65","0.10000000000000001","","",""
"Specification-Baseline__Cost-1__Fee-British__Starts-50","10","10","1","D","8","15","D Offer","D Liability Signal: 2;P Files: 1;D Answers: 1;D Defaults: 1","2,1,1,1","0","true","","","8","0.75","0.10000000000000001","","",""
"Specification-Baseline__Cost-1__Fee-British__Starts-50","10","10","1","D","8","15","D Offer","D Liability Signal: 2;P Files: 1;D Answers: 1;D Defaults: 1","2,1,1,1","0","true","","","9","0.85","0.10000000000000001","","",""
"Specification-Baseline__Cost-1__Fee-British__Starts-50","10","10","1","D","8","15","D Offer","D Liability Signal: 2;P Files: 1;D Answers: 1;D Defaults: 1","2,1,1,1","0","true","","","10","0.95","0.10000000000000001","","",""
"Specification-Baseline__Cost-1__Fee-British__Starts-50","10","11","1","D","8","15","D Offer","D Liability Signal: 2;P Files: 1;D Answers: 1;D Defaults: 2","2,1,1,2","0.057432098499999987","false","9.7149870054803298","9.7149870054803298","1","0.05","1","9.7149870054803298","0","true"
"Specification-Baseline__Cost-1__Fee-British__Starts-50","10","11","1","D","8","15","D Offer","D Liability Signal: 2;P Files: 1;D Answers: 1;D Defaults: 2","2,1,1,2","0.057432098499999987","false","9.7149870054803298","9.7149870054803298","2","0.15","0","9.6850243996647176","0.029962605815612164","false"
"Specification-Baseline__Cost-1__Fee-British__Starts-50","10","11","1","D","8","15","D Offer","D Liability Signal: 2;P Files: 1;D Answers: 1;D Defaults: 2","2,1,1,2","0.057432098499999987","false","9.7149870054803298","9.7149870054803298","3","0.25","0","9.6550617938491072","0.059925211631222552","false"
"Specification-Baseline__Cost-1__Fee-British__Starts-50","10","11","1","D","8","15","D Offer","D Liability Signal: 2;P Files: 1;D Answers: 1;D Defaults: 2","2,1,1,2","0.057432098499999987","false","9.7149870054803298","9.7149870054803298","4","0.35","0","9.6250900335557059","0.08989697192462387","false"
"Specification-Baseline__Cost-1__Fee-British__Starts-50","10","11","1","D","8","15","D Offer","D Liability Signal: 2;P Files: 1;D Answers: 1;D Defaults: 2","2,1,1,2","0.057432098499999987","false","9.7149870054803298","9.7149870054803298","5","0.45","0","9.595127427740092","0.11985957774023781","false"
"Specification-Baseline__Cost-1__Fee-British__Starts-50","10","11","1","D","8","15","D Offer","D Liability Signal: 2;P Files: 1;D Answers: 1;D Defaults: 2","2,1,1,2","0.057432098499999987","false","9.7149870054803298","9.7149870054803298","6","0.55","0","9.5651648219244798","0.14982218355584997","false"
"Specification-Baseline__Cost-1__Fee-British__Starts-50","10","11","1","D","8","15","D Offer","D Liability Signal: 2;P Files: 1;D Answers: 1;D Defaults: 2","2,1,1,2","0.057432098499999987","false","9.7149870054803298","9.7149870054803298","7","0.65","0","9.4443049602982203","0.27068204518210948","false"
"Specification-Baseline__Cost-1__Fee-British__Starts-50","10","11","1","D","8","15","D Offer","D Liability Signal: 2;P Files: 1;D Answers: 1;D Defaults: 2","2,1,1,2","0.057432098499999987","false","9.7149870054803298","9.7149870054803298","8","0.75","0","9.4052697813218522","0.30971722415847758","false"
"Specification-Baseline__Cost-1__Fee-British__Starts-50","10","11","1","D","8","15","D Offer","D Liability Signal: 2;P Files: 1;D Answers: 1;D Defaults: 2","2,1,1,2","0.057432098499999987","false","9.7149870054803298","9.7149870054803298","9","0.85","0","9.2766603643888743","0.43832664109145547","false"
"Specification-Baseline__Cost-1__Fee-British__Starts-50","10","11","1","D","8","15","D Offer","D Liability Signal: 2;P Files: 1;D Answers: 1;D Defaults: 2","2,1,1,2","0.057432098499999987","false","9.7149870054803298","9.7149870054803298","10","0.95","0","9.2048369290581071","0.51015007642222265","false"
"Specification-Baseline__Cost-1__Fee-British__Starts-50","10","12","1","D","3","10","D Answers","D Liability Signal: 3;P Files: 1","3,1","0.070485627800000006","false","9.6262149701400563","9.6262149701400563","1","Yes","1","9.6262149701400563","0","true"
"Specification-Baseline__Cost-1__Fee-British__Starts-50","10","12","1","D","3","10","D Answers","D Liability Signal: 3;P Files: 1","3,1","0.070485627800000006","false","9.6262149701400563","9.6262149701400563","2","No","0","8.9999959389999979","0.62621903114005839","false"
"Specification-Baseline__Cost-1__Fee-British__Starts-50","10","13","1","D","6","21","D Defaults","D Liability Signal: 3;P Files: 1;D Answers: 1","3,1,1","0.070485627800000006","false","9.6262149701400563","9.6262149701400563","1","Yes","0","9.2499973106205253","0.37621765951953101","false"
"Specification-Baseline__Cost-1__Fee-British__Starts-50","10","13","1","D","6","21","D Defaults","D Liability Signal: 3;P Files: 1;D Answers: 1","3,1,1","0.070485627800000006","false","9.6262149701400563","9.6262149701400563","2","No","1","9.6262149701400563","0","true"
"Specification-Baseline__Cost-1__Fee-British__Starts-50","10","14","1","D","8","15","D Offer","D Liability Signal: 3;P Files: 1;D Answers: 1;D Defaults: 1","3,1,1,1","0","true","","","1","0.05","0.10000000000000001","","",""
"Specification-Baseline__Cost-1__Fee-British__Starts-50","10","14","1","D","8","15","D Offer","D Liability Signal: 3;P Files: 1;D Answers: 1;D Defaults: 1","3,1,1,1","0","true","","","2","0.15","0.10000000000000001","","",""
"Specification-Baseline__Cost-1__Fee-British__Starts-50","10","14","1","D","8","15","D Offer","D Liability Signal: 3;P Files: 1;D Answers: 1;D Defaults: 1","3,1,1,1","0","true","","","3","0.25","0.10000000000000001","","",""
"Specification-Baseline__Cost-1__Fee-British__Starts-50","10","14","1","D","8","15","D Offer","D Liability Signal: 3;P Files: 1;D Answers: 1;D Defaults: 1","3,1,1,1","0","true","","","4","0.35","0.10000000000000001","","",""
"Specification-Baseline__Cost-1__Fee-British__Starts-50","10","14","1","D","8","15","D Offer","D Liability Signal: 3;P Files: 1;D Answers: 1;D Defaults: 1","3,1,1,1","0","true","","","5","0.45","0.10000000000000001","","",""
"Specification-Baseline__Cost-1__Fee-British__Starts-50","10","14","1","D","8","15","D Offer","D Liability Signal: 3;P Files: 1;D Answers: 1;D Defaults: 1","3,1,1,1","0","true","","","6","0.55","0.10000000000000001","","",""
"Specification-Baseline__Cost-1__Fee-British__Starts-50","10","14","1","D","8","15","D Offer","D Liability Signal: 3;P Files: 1;D Answers: 1;D Defaults: 1","3,1,1,1","0","true","","","7","0.65","0.10000000000000001","","",""
"Specification-Baseline__Cost-1__Fee-British__Starts-50","10","14","1","D","8","15","D Offer","D Liability Signal: 3;P Files: 1;D Answers: 1;D Defaults: 1","3,1,1,1","0","true","","","8","0.75","0.10000000000000001","","",""
"Specification-Baseline__Cost-1__Fee-British__Starts-50","10","14","1","D","8","15","D Offer","D Liability Signal: 3;P Files: 1;D Answers: 1;D Defaults: 1","3,1,1,1","0","true","","","9","0.85","0.10000000000000001","","",""
"Specification-Baseline__Cost-1__Fee-British__Starts-50","10","14","1","D","8","15","D Offer","D Liability Signal: 3;P Files: 1;D Answers: 1;D Defaults: 1","3,1,1,1","0","true","","","10","0.95","0.10000000000000001","","",""
"Specification-Baseline__Cost-1__Fee-British__Starts-50","10","15","1","D","8","15","D Offer","D Liability Signal: 3;P Files: 1;D Answers: 1;D Defaults: 2","3,1,1,2","0.070485627800000006","false","9.6262149701400581","9.6262149701400581","1","0.05","1","9.6262149701400581","0","true"
"Specification-Baseline__Cost-1__Fee-British__Starts-50","10","15","1","D","8","15","D Offer","D Liability Signal: 3;P Files: 1;D Answers: 1;D Defaults: 2","3,1,1,2","0.070485627800000006","false","9.6262149701400581","9.6262149701400581","2","0.15","0","9.6004299904920583","0.025784979647999862","false"
"Specification-Baseline__Cost-1__Fee-British__Starts-50","10","15","1","D","8","15","D Offer","D Liability Signal: 3;P Files: 1;D Answers: 1;D Defaults: 2","3,1,1,2","0.070485627800000006","false","9.6262149701400581","9.6262149701400581","3","0.25","0","9.5746450108440584","0.051569959295999723","false"
"Specification-Baseline__Cost-1__Fee-British__Starts-50","10","15","1","D","8","15","D Offer","D Liability Signal: 3;P Files: 1;D Answers: 1;D Defaults: 2","3,1,1,2","0.070485627800000006","false","9.6262149701400581","9.6262149701400581","4","0.35","0","9.5488521531087827","0.077362817031275455","false"
"Specification-Baseline__Cost-1__Fee-British__Starts-50","10","15","1","D","8","15","D Offer","D Liability Signal: 3;P Files: 1;D Answers: 1;D Defaults: 2","3,1,1,2","0.070485627800000006","false","9.6262149701400581","9.6262149701400581","5","0.45","0","9.523067173460781","0.10314779667927709","false"
"Specification-Baseline__Cost-1__Fee-British__Starts-50","10","15","1","D","8","15","D Offer","D Liability Signal: 3;P Files: 1;D Answers: 1;D Defaults: 2","3,1,1,2","0.070485627800000006","false","9.6262149701400581","9.6262149701400581","6","0.55","0","9.4972821938127812","0.12893277632727695","false"
"Specification-Baseline__Cost-1__Fee-British__Starts-50","10","15","1","D","8","15","D Offer","D Liability Signal: 3;P Files: 1;D Answers: 1;D Defaults: 2","3,1,1,2","0.070485627800000006","false","9.6262149701400581","9.6262149701400581","7","0.65","0","9.396449366209108","0.22976560393095014","false"
"Specification-Baseline__Cost-1__Fee-British__Starts-50","10","15","1","D","8","15","D Offer","D Liability Signal: 3;P Files: 1;D Answers: 1;D Defaults: 2","3,1,1,2","0.070485627800000006","false","9.6262149701400581","9.6262149701400581","8","0.75","0","9.3612719433955522","0.26494302674450587","false"
"Specification-Baseline__Cost-1__Fee-British__Starts-50","10","15","1","D","8","15","D Offer","D Liability Signal: 3;P Files: 1;D Answers: 1;D Defaults: 2","3,1,1,2","0.070485627800000006","false","9.6262149701400581","9.6262149701400581","9","0.85","0","9.2404953513796251","0.38571961876043304","false"
"Specification-Baseline__Cost-1__Fee-British__Starts-50","10","15","1","D","8","15","D Offer","D Liability Signal: 3;P Files: 1;D Answers: 1;D Defaults: 2","3,1,1,2","0.070485627800000006","false","9.6262149701400581","9.6262149701400581","10","0.95","0","9.1701273336991598","0.45608763644089834","false"
"Specification-Baseline__Cost-1__Fee-British__Starts-50","10","16","1","D","3","10","D Answers","D Liability Signal: 4;P Files: 1","4,1","0.081135728099999999","false","9.4924612437373046","9.4924612437373046","1","Yes","1","9.4924612437373046","0","true"
"Specification-Baseline__Cost-1__Fee-British__Starts-50","10","16","1","D","3","10","D Answers","D Liability Signal: 4;P Files: 1","4,1","0.081135728099999999","false","9.4924612437373046","9.4924612437373046","2","No","0","8.9999959390000015","0.4924653047373031","false"
"Specification-Baseline__Cost-1__Fee-British__Starts-50","10","17","1","D","6","21","D Defaults","D Liability Signal: 4;P Files: 1;D Answers: 1","4,1,1","0.081135728099999999","false","9.4924612437373046","9.4924612437373046","1","Yes","0","9.1800468202324907","0.31241442350481385","false"
"Specification-Baseline__Cost-1__Fee-British__Starts-50","10","17","1","D","6","21","D Defaults","D Liability Signal: 4;P Files: 1;D Answers: 1","4,1,1","0.081135728099999999","false","9.4924612437373046","9.4924612437373046","2","No","1","9.4924612437373046","0","true"
"Specification-Baseline__Cost-1__Fee-British__Starts-50","10","18","1","D","8","15","D Offer","D Liability Signal: 4;P Files: 1;D Answers: 1;D Defaults: 1","4,1,1,1","0","true","","","1","0.05","0.10000000000000001","","",""
"Specification-Baseline__Cost-1__Fee-British__Starts-50","10","18","1","D","8","15","D Offer","D Liability Signal: 4;P Files: 1;D Answers: 1;D Defaults: 1","4,1,1,1","0","true","","","2","0.15","0.10000000000000001","","",""
"Specification-Baseline__Cost-1__Fee-British__Starts-50","10","18","1","D","8","15","D Offer","D Liability Signal: 4;P Files: 1;D Answers: 1;D Defaults: 1","4,1,1,1","0","true","","","3","0.25","0.10000000000000001","","",""
"Specification-Baseline__Cost-1__Fee-British__Starts-50","10","18","1","D","8","15","D Offer","D Liability Signal: 4;P Files: 1;D Answers: 1;D Defaults: 1","4,1,1,1","0","true","","","4","0.35","0.10000000000000001","","",""
"Specification-Baseline__Cost-1__Fee-British__Starts-50","10","18","1","D","8","15","D Offer","D Liability Signal: 4;P Files: 1;D Answers: 1;D Defaults: 1","4,1,1,1","0","true","","","5","0.45","0.10000000000000001","","",""
"Specification-Baseline__Cost-1__Fee-British__Starts-50","10","18","1","D","8","15","D Offer","D Liability Signal: 4;P Files: 1;D Answers: 1;D Defaults: 1","4,1,1,1","0","true","","","6","0.55","0.10000000000000001","","",""
"Specification-Baseline__Cost-1__Fee-British__Starts-50","10","18","1","D","8","15","D Offer","D Liability Signal: 4;P Files: 1;D Answers: 1;D Defaults: 1","4,1,1,1","0","true","","","7","0.65","0.10000000000000001","","",""
"Specification-Baseline__Cost-1__Fee-British__Starts-50","10","18","1","D","8","15","D Offer","D Liability Signal: 4;P Files: 1;D Answers: 1;D Defaults: 1","4,1,1,1","0","true","","","8","0.75","0.10000000000000001","","",""
"Specification-Baseline__Cost-1__Fee-British__Starts-50","10","18","1","D","8","15","D Offer","D Liability Signal: 4;P Files: 1;D Answers: 1;D Defaults: 1","4,1,1,1","0","true","","","9","0.85","0.10000000000000001","","",""
"Specification-Baseline__Cost-1__Fee-British__Starts-50","10","18","1","D","8","15","D Offer","D Liability Signal: 4;P Files: 1;D Answers: 1;D Defaults: 1","4,1,1,1","0","true","","","10","0.95","0.10000000000000001","","",""
"Specification-Baseline__Cost-1__Fee-British__Starts-50","10","19","1","D","8","15","D Offer","D Liability Signal: 4;P Files: 1;D Answers: 1;D Defaults: 2","4,1,1,2","0.081135728100000012","false","9.4924612437373028","9.4924612437373028","1","0.05","1","9.4924612437373028","0","true"
"Specification-Baseline__Cost-1__Fee-British__Starts-50","10","19","1","D","8","15","D Offer","D Liability Signal: 4;P Files: 1;D Answers: 1;D Defaults: 2","4,1,1,2","0.081135728100000012","false","9.4924612437373028","9.4924612437373028","2","0.15","0","9.4715758771080338","0.020885366629268987","false"
"Specification-Baseline__Cost-1__Fee-British__Starts-50","10","19","1","D","8","15","D Offer","D Liability Signal: 4;P Files: 1;D Answers: 1;D Defaults: 2","4,1,1,2","0.081135728100000012","false","9.4924612437373028","9.4924612437373028","3","0.25","0","9.4506905104787666","0.041770733258536197","false"
"Specification-Baseline__Cost-1__Fee-British__Starts-50","10","19","1","D","8","15","D Offer","D Liability Signal: 4;P Files: 1;D Answers: 1;D Defaults: 2","4,1,1,2","0.081135728100000012","false","9.4924612437373028","9.4924612437373028","4","0.35","0","9.4297987627414539","0.062662480995848924","false"
"Specification-Baseline__Cost-1__Fee-British__Starts-50","10","19","1","D","8","15","D Offer","D Liability Signal: 4;P Files: 1;D Answers: 1;D Defaults: 2","4,1,1,2","0.081135728100000012","false","9.4924612437373028","9.4924612437373028","5","0.45","0","9.4089133961121849","0.08354784762511791","false"
"Specification-Baseline__Cost-1__Fee-British__Starts-50","10","19","1","D","8","15","D Offer","D Liability Signal: 4;P Files: 1;D Answers: 1;D Defaults: 2","4,1,1,2","0.081135728100000012","false","9.4924612437373028","9.4924612437373028","6","0.55","0","9.3880280294829177","0.10443321425438512","false"
"Specification-Baseline__Cost-1__Fee-British__Starts-50","10","19","1","D","8","15","D Offer","D Liability Signal: 4;P Files: 1;D Answers: 1;D Defaults: 2","4,1,1,2","0.081135728100000012","false","9.4924612437373028","9.4924612437373028","7","0.65","0","9.3153534459409109","0.17710779779639196","false"
"Specification-Baseline__Cost-1__Fee-British__Starts-50","10","19","1","D","8","15","D Offer","D Liability Signal: 4;P Files: 1;D Answers: 1;D Defaults: 2","4,1,1,2","0.081135728100000012","false","9.4924612437373028","9.4924612437373028","8","0.75","0","9.2851665618274506","0.20729468190985223","false"
"Specification-Baseline__Cost-1__Fee-British__Starts-50","10","19","1","D","8","15","D Offer","D Liability Signal: 4;P Files: 1;D Answers: 1;D Defaults: 2","4,1,1,2","0.081135728100000012","false","9.4924612437373028","9.4924612437373028","9","0.85","0","9.1860645966764007","0.30639664706090208","false"
"Specification-Baseline__Cost-1__Fee-British__Starts-50","10","19","1","D","8","15","D Offer","D Liability Signal: 4;P Files: 1;D Answers: 1;D Defaults: 2","4,1,1,2","0.081135728100000012","false","9.4924612437373028","9.4924612437373028","10","0.95","0","9.1277501072004181","0.36471113653688469","false"
"Specification-Baseline__Cost-1__Fee-British__Starts-50","10","20","1","D","3","10","D Answers","D Liability Signal: 5;P Files: 1","5,1","0.08992101470000001","false","9.3156469251099594","9.3156469251099594","1","Yes","1","9.3156469251099594","0","true"
"Specification-Baseline__Cost-1__Fee-British__Starts-50","10","20","1","D","3","10","D Answers","D Liability Signal: 5;P Files: 1","5,1","0.08992101470000001","false","9.3156469251099594","9.3156469251099594","2","No","0","8.9999959389999979","0.31565098610996145","false"
"Specification-Baseline__Cost-1__Fee-British__Starts-50","10","21","1","D","6","21","D Defaults","D Liability Signal: 5;P Files: 1;D Answers: 1","5,1,1","0.08992101470000001","false","9.3156469251099594","9.3156469251099594","1","Yes","0","9.1052439049483986","0.21040302016156076","false"
"Specification-Baseline__Cost-1__Fee-British__Starts-50","10","21","1","D","6","21","D Defaults","D Liability Signal: 5;P Files: 1;D Answers: 1","5,1,1","0.08992101470000001","false","9.3156469251099594","9.3156469251099594","2","No","1","9.3156469251099594","0","true"
"Specification-Baseline__Cost-1__Fee-British__Starts-50","10","22","1","D","8","15","D Offer","D Liability Signal: 5;P Files: 1;D Answers: 1;D Defaults: 1","5,1,1,1","0","true","","","1","0.05","0.10000000000000001","","",""
"Specification-Baseline__Cost-1__Fee-British__Starts-50","10","22","1","D","8","15","D Offer","D Liability Signal: 5;P Files: 1;D Answers: 1;D Defaults: 1","5,1,1,1","0","true","","","2","0.15","0.10000000000000001","","",""
"Specification-Baseline__Cost-1__Fee-British__Starts-50","10","22","1","D","8","15","D Offer","D Liability Signal: 5;P Files: 1;D Answers: 1;D Defaults: 1","5,1,1,1","0","true","","","3","0.25","0.10000000000000001","","",""
"Specification-Baseline__Cost-1__Fee-British__Starts-50","10","22","1","D","8","15","D Offer","D Liability Signal: 5;P Files: 1;D Answers: 1;D Defaults: 1","5,1,1,1","0","true","","","4","0.35","0.10000000000000001","","",""
"Specification-Baseline__Cost-1__Fee-British__Starts-50","10","22","1","D","8","15","D Offer","D Liability Signal: 5;P Files: 1;D Answers: 1;D Defaults: 1","5,1,1,1","0","true","","","5","0.45","0.10000000000000001","","",""
"Specification-Baseline__Cost-1__Fee-British__Starts-50","10","22","1","D","8","15","D Offer","D Liability Signal: 5;P Files: 1;D Answers: 1;D Defaults: 1","5,1,1,1","0","true","","","6","0.55","0.10000000000000001","","",""
"Specification-Baseline__Cost-1__Fee-British__Starts-50","10","22","1","D","8","15","D Offer","D Liability Signal: 5;P Files: 1;D Answers: 1;D Defaults: 1","5,1,1,1","0","true","","","7","0.65","0.10000000000000001","","",""
"Specification-Baseline__Cost-1__Fee-British__Starts-50","10","22","1","D","8","15","D Offer","D Liability Signal: 5;P Files: 1;D Answers: 1;D Defaults: 1","5,1,1,1","0","true","","","8","0.75","0.10000000000000001","","",""
"Specification-Baseline__Cost-1__Fee-British__Starts-50","10","22","1","D","8","15","D Offer","D Liability Signal: 5;P Files: 1;D Answers: 1;D Defaults: 1","5,1,1,1","0","true","","","9","0.85","0.10000000000000001","","",""
"Specification-Baseline__Cost-1__Fee-British__Starts-50","10","22","1","D","8","15","D Offer","D Liability Signal: 5;P Files: 1;D Answers: 1;D Defaults: 1","5,1,1,1","0","true","","","10","0.95","0.10000000000000001","","",""
"Specification-Baseline__Cost-1__Fee-British__Starts-50","10","23","1","D","8","15","D Offer","D Liability Signal: 5;P Files: 1;D Answers: 1;D Defaults: 2","5,1,1,2","0.08992101470000001","false","9.3156469251099594","9.3156469251099594","1","0.05","1","9.3156469251099594","0","true"
"Specification-Baseline__Cost-1__Fee-British__Starts-50","10","23","1","D","8","15","D Offer","D Liability Signal: 5;P Files: 1;D Answers: 1;D Defaults: 2","5,1,1,2","0.08992101470000001","false","9.3156469251099594","9.3156469251099594","2","0.15","0","9.2999028873216609","0.015744037788298471","false"
"Specification-Baseline__Cost-1__Fee-British__Starts-50","10","23","1","D","8","15","D Offer","D Liability Signal: 5;P Files: 1;D Answers: 1;D Defaults: 2","5,1,1,2","0.08992101470000001","false","9.3156469251099594","9.3156469251099594","3","0.25","0","9.2841588495333625","0.031488075576596941","false"
"Specification-Baseline__Cost-1__Fee-British__Starts-50","10","23","1","D","8","15","D Offer","D Liability Signal: 5;P Files: 1;D Answers: 1;D Defaults: 2","5,1,1,2","0.08992101470000001","false","9.3156469251099594","9.3156469251099594","4","0.35","0","9.2684100014677089","0.047236923642250517","false"
"Specification-Baseline__Cost-1__Fee-British__Starts-50","10","23","1","D","8","15","D Offer","D Liability Signal: 5;P Files: 1;D Answers: 1;D Defaults: 2","5,1,1,2","0.08992101470000001","false","9.3156469251099594","9.3156469251099594","5","0.45","0","9.2526659636794122","0.062980961430547211","false"
"Specification-Baseline__Cost-1__Fee-British__Starts-50","10","23","1","D","8","15","D Offer","D Liability Signal: 5;P Files: 1;D Answers: 1;D Defaults: 2","5,1,1,2","0.08992101470000001","false","9.3156469251099594","9.3156469251099594","6","0.55","0","9.2369219258911137","0.078724999218845682","false"
"Specification-Baseline__Cost-1__Fee-British__Starts-50","10","23","1","D","8","15","D Offer","D Liability Signal: 5;P Files: 1;D Answers: 1;D Defaults: 2","5,1,1,2","0.08992101470000001","false","9.3156469251099594","9.3156469251099594","7","0.65","0","9.1965018679617501","0.11914505714820933","false"
"Specification-Baseline__Cost-1__Fee-British__Starts-50","10","23","1","D","8","15","D Offer","D Liability Signal: 5;P Files: 1;D Answers: 1;D Defaults: 2","5,1,1,2","0.08992101470000001","false","9.3156469251099594","9.3156469251099594","8","0.75","0","9.172124321827539","0.14352260328242039","false"
"Specification-Baseline__Cost-1__Fee-British__Starts-50","10","23","1","D","8","15","D Offer","D Liability Signal: 5;P Files: 1;D Answers: 1;D Defaults: 2","5,1,1,2","0.08992101470000001","false","9.3156469251099594","9.3156469251099594","9","0.85","0","9.1094347696452704","0.20621215546468896","false"
"Specification-Baseline__Cost-1__Fee-British__Starts-50","10","23","1","D","8","15","D Offer","D Liability Signal: 5;P Files: 1;D Answers: 1;D Defaults: 2","5,1,1,2","0.08992101470000001","false","9.3156469251099594","9.3156469251099594","10","0.95","0","9.0810668234572383","0.23458010165272114","false"
"Specification-Baseline__Cost-1__Fee-British__Starts-50","10","24","1","D","3","10","D Answers","D Liability Signal: 6;P Files: 1","6,1","0.097345040600000002","false","9.114552852080104","9.114552852080104","1","Yes","1","9.114552852080104","0","true"
"Specification-Baseline__Cost-1__Fee-British__Starts-50","10","24","1","D","3","10","D Answers","D Liability Signal: 6;P Files: 1","6,1","0.097345040600000002","false","9.114552852080104","9.114552852080104","2","No","0","8.9999959389999997","0.11455691308010429","false"
"Specification-Baseline__Cost-1__Fee-British__Starts-50","10","25","1","D","6","21","D Defaults","D Liability Signal: 6;P Files: 1;D Answers: 1","6,1,1","0.097345040600000002","false","9.114552852080104","9.114552852080104","1","Yes","0","9.0344952425628797","0.080057609517224293","false"
"Specification-Baseline__Cost-1__Fee-British__Starts-50","10","25","1","D","6","21","D Defaults","D Liability Signal: 6;P Files: 1;D Answers: 1","6,1,1","0.097345040600000002","false","9.114552852080104","9.114552852080104","2","No","1","9.114552852080104","0","true"
"Specification-Baseline__Cost-1__Fee-British__Starts-50","10","26","1","D","8","15","D Offer","D Liability Signal: 6;P Files: 1;D Answers: 1;D Defaults: 1","6,1,1,1","0","true","","","1","0.05","0.10000000000000001","","",""
"Specification-Baseline__Cost-1__Fee-British__Starts-50","10","26","1","D","8","15","D Offer","D Liability Signal: 6;P Files: 1;D Answers: 1;D Defaults: 1","6,1,1,1","0","true","","","2","0.15","0.10000000000000001","","",""
"Specification-Baseline__Cost-1__Fee-British__Starts-50","10","26","1","D","8","15","D Offer","D Liability Signal: 6;P Files: 1;D Answers: 1;D Defaults: 1","6,1,1,1","0","true","","","3","0.25","0.10000000000000001","","",""
"Specification-Baseline__Cost-1__Fee-British__Starts-50","10","26","1","D","8","15","D Offer","D Liability Signal: 6;P Files: 1;D Answers: 1;D Defaults: 1","6,1,1,1","0","true","","","4","0.35","0.10000000000000001","","",""
"Specification-Baseline__Cost-1__Fee-British__Starts-50","10","26","1","D","8","15","D Offer","D Liability Signal: 6;P Files: 1;D Answers: 1;D Defaults: 1","6,1,1,1","0","true","","","5","0.45","0.10000000000000001","","",""
"Specification-Baseline__Cost-1__Fee-British__Starts-50","10","26","1","D","8","15","D Offer","D Liability Signal: 6;P Files: 1;D Answers: 1;D Defaults: 1","6,1,1,1","0","true","","","6","0.55","0.10000000000000001","","",""
"Specification-Baseline__Cost-1__Fee-British__Starts-50","10","26","1","D","8","15","D Offer","D Liability Signal: 6;P Files: 1;D Answers: 1;D Defaults: 1","6,1,1,1","0","true","","","7","0.65","0.10000000000000001","","",""
"Specification-Baseline__Cost-1__Fee-British__Starts-50","10","26","1","D","8","15","D Offer","D Liability Signal: 6;P Files: 1;D Answers: 1;D Defaults: 1","6,1,1,1","0","true","","","8","0.75","0.10000000000000001","","",""
"Specification-Baseline__Cost-1__Fee-British__Starts-50","10","26","1","D","8","15","D Offer","D Liability Signal: 6;P Files: 1;D Answers: 1;D Defaults: 1","6,1,1,1","0","true","","","9","0.85","0.10000000000000001","","",""
"Specification-Baseline__Cost-1__Fee-British__Starts-50","10","26","1","D","8","15","D Offer","D Liability Signal: 6;P Files: 1;D Answers: 1;D Defaults: 1","6,1,1,1","0","true","","","10","0.95","0.10000000000000001","","",""
"Specification-Baseline__Cost-1__Fee-British__Starts-50","10","27","1","D","8","15","D Offer","D Liability Signal: 6;P Files: 1;D Answers: 1;D Defaults: 2","6,1,1,2","0.097345040600000002","false","9.114552852080104","9.114552852080104","1","0.05","1","9.114552852080104","0","true"
"Specification-Baseline__Cost-1__Fee-British__Starts-50","10","27","1","D","8","15","D Offer","D Liability Signal: 6;P Files: 1;D Answers: 1;D Defaults: 2","6,1,1,2","0.097345040600000002","false","9.114552852080104","9.114552852080104","2","0.15","0","9.1035652133756706","0.010987638704433422","false"
"Specification-Baseline__Cost-1__Fee-British__Starts-50","10","27","1","D","8","15","D Offer","D Liability Signal: 6;P Files: 1;D Answers: 1;D Defaults: 2","6,1,1,2","0.097345040600000002","false","9.114552852080104","9.114552852080104","3","0.25","0","9.0925775746712372","0.021975277408866845","false"
"Specification-Baseline__Cost-1__Fee-British__Starts-50","10","27","1","D","8","15","D Offer","D Liability Signal: 6;P Files: 1;D Answers: 1;D Defaults: 2","6,1,1,2","0.097345040600000002","false","9.114552852080104","9.114552852080104","4","0.35","0","9.0815865789125123","0.032966273167591709","false"
"Specification-Baseline__Cost-1__Fee-British__Starts-50","10","27","1","D","8","15","D Offer","D Liability Signal: 6;P Files: 1;D Answers: 1;D Defaults: 2","6,1,1,2","0.097345040600000002","false","9.114552852080104","9.114552852080104","5","0.45","0","9.0705989402080789","0.043953911872025131","false"
"Specification-Baseline__Cost-1__Fee-British__Starts-50","10","27","1","D","8","15","D Offer","D Liability Signal: 6;P Files: 1;D Answers: 1;D Defaults: 2","6,1,1,2","0.097345040600000002","false","9.114552852080104","9.114552852080104","6","0.55","0","9.0596113015036455","0.054941550576458553","false"
"Specification-Baseline__Cost-1__Fee-British__Starts-50","10","27","1","D","8","15","D Offer","D Liability Signal: 6;P Files: 1;D Answers: 1;D Defaults: 2","6,1,1,2","0.097345040600000002","false","9.114552852080104","9.114552852080104","7","0.65","0","9.048623662799212","0.065929189280891975","false"
"Specification-Baseline__Cost-1__Fee-British__Starts-50","10","27","1","D","8","15","D Offer","D Liability Signal: 6;P Files: 1;D Answers: 1;D Defaults: 2","6,1,1,2","0.097345040600000002","false","9.114552852080104","9.114552852080104","8","0.75","0","9.0302179862785241","0.084334865801579895","false"
"Specification-Baseline__Cost-1__Fee-British__Starts-50","10","27","1","D","8","15","D Offer","D Liability Signal: 6;P Files: 1;D Answers: 1;D Defaults: 2","6,1,1,2","0.097345040600000002","false","9.114552852080104","9.114552852080104","9","0.85","0","9.0125329751600347","0.10201987692006931","false"
"Specification-Baseline__Cost-1__Fee-British__Starts-50","10","27","1","D","8","15","D Offer","D Liability Signal: 6;P Files: 1;D Answers: 1;D Defaults: 2","6,1,1,2","0.097345040600000002","false","9.114552852080104","9.114552852080104","10","0.95","0","9.0353574744244778","0.079195377655626231","false"
"Specification-Baseline__Cost-1__Fee-British__Starts-50","10","28","1","D","3","10","D Answers","D Liability Signal: 7;P Files: 1","7,1","0.1027575087","false","8.9999959389999997","8.9999959389999997","1","Yes","0","8.9424458371627455","0.057550101837254175","false"
"Specification-Baseline__Cost-1__Fee-British__Starts-50","10","28","1","D","3","10","D Answers","D Liability Signal: 7;P Files: 1","7,1","0.1027575087","false","8.9999959389999997","8.9999959389999997","2","No","1","8.9999959389999997","0","true"
"Specification-Baseline__Cost-1__Fee-British__Starts-50","10","29","1","D","6","21","D Defaults","D Liability Signal: 7;P Files: 1;D Answers: 1","7,1,1","0","true","","","1","Yes","0.5","","",""
"Specification-Baseline__Cost-1__Fee-British__Starts-50","10","29","1","D","6","21","D Defaults","D Liability Signal: 7;P Files: 1;D Answers: 1","7,1,1","0","true","","","2","No","0.5","","",""
"Specification-Baseline__Cost-1__Fee-British__Starts-50","10","30","1","D","8","15","D Offer","D Liability Signal: 7;P Files: 1;D Answers: 1;D Defaults: 1","7,1,1,1","0","true","","","1","0.05","0.10000000000000001","","",""
"Specification-Baseline__Cost-1__Fee-British__Starts-50","10","30","1","D","8","15","D Offer","D Liability Signal: 7;P Files: 1;D Answers: 1;D Defaults: 1","7,1,1,1","0","true","","","2","0.15","0.10000000000000001","","",""
"Specification-Baseline__Cost-1__Fee-British__Starts-50","10","30","1","D","8","15","D Offer","D Liability Signal: 7;P Files: 1;D Answers: 1;D Defaults: 1","7,1,1,1","0","true","","","3","0.25","0.10000000000000001","","",""
"Specification-Baseline__Cost-1__Fee-British__Starts-50","10","30","1","D","8","15","D Offer","D Liability Signal: 7;P Files: 1;D Answers: 1;D Defaults: 1","7,1,1,1","0","true","","","4","0.35","0.10000000000000001","","",""
"Specification-Baseline__Cost-1__Fee-British__Starts-50","10","30","1","D","8","15","D Offer","D Liability Signal: 7;P Files: 1;D Answers: 1;D Defaults: 1","7,1,1,1","0","true","","","5","0.45","0.10000000000000001","","",""
"Specification-Baseline__Cost-1__Fee-British__Starts-50","10","30","1","D","8","15","D Offer","D Liability Signal: 7;P Files: 1;D Answers: 1;D Defaults: 1","7,1,1,1","0","true","","","6","0.55","0.10000000000000001","","",""
"Specification-Baseline__Cost-1__Fee-British__Starts-50","10","30","1","D","8","15","D Offer","D Liability Signal: 7;P Files: 1;D Answers: 1;D Defaults: 1","7,1,1,1","0","true","","","7","0.65","0.10000000000000001","","",""
"Specification-Baseline__Cost-1__Fee-British__Starts-50","10","30","1","D","8","15","D Offer","D Liability Signal: 7;P Files: 1;D Answers: 1;D Defaults: 1","7,1,1,1","0","true","","","8","0.75","0.10000000000000001","","",""
"Specification-Baseline__Cost-1__Fee-British__Starts-50","10","30","1","D","8","15","D Offer","D Liability Signal: 7;P Files: 1;D Answers: 1;D Defaults: 1","7,1,1,1","0","true","","","9","0.85","0.10000000000000001","","",""
"Specification-Baseline__Cost-1__Fee-British__Starts-50","10","30","1","D","8","15","D Offer","D Liability Signal: 7;P Files: 1;D Answers: 1;D Defaults: 1","7,1,1,1","0","true","","","10","0.95","0.10000000000000001","","",""
"Specification-Baseline__Cost-1__Fee-British__Starts-50","10","31","1","D","8","15","D Offer","D Liability Signal: 7;P Files: 1;D Answers: 1;D Defaults: 2","7,1,1,2","0","true","","","1","0.05","0.10000000000000001","","",""
"Specification-Baseline__Cost-1__Fee-British__Starts-50","10","31","1","D","8","15","D Offer","D Liability Signal: 7;P Files: 1;D Answers: 1;D Defaults: 2","7,1,1,2","0","true","","","2","0.15","0.10000000000000001","","",""
"Specification-Baseline__Cost-1__Fee-British__Starts-50","10","31","1","D","8","15","D Offer","D Liability Signal: 7;P Files: 1;D Answers: 1;D Defaults: 2","7,1,1,2","0","true","","","3","0.25","0.10000000000000001","","",""
"Specification-Baseline__Cost-1__Fee-British__Starts-50","10","31","1","D","8","15","D Offer","D Liability Signal: 7;P Files: 1;D Answers: 1;D Defaults: 2","7,1,1,2","0","true","","","4","0.35","0.10000000000000001","","",""
"Specification-Baseline__Cost-1__Fee-British__Starts-50","10","31","1","D","8","15","D Offer","D Liability Signal: 7;P Files: 1;D Answers: 1;D Defaults: 2","7,1,1,2","0","true","","","5","0.45","0.10000000000000001","","",""
"Specification-Baseline__Cost-1__Fee-British__Starts-50","10","31","1","D","8","15","D Offer","D Liability Signal: 7;P Files: 1;D Answers: 1;D Defaults: 2","7,1,1,2","0","true","","","6","0.55","0.10000000000000001","","",""
"Specification-Baseline__Cost-1__Fee-British__Starts-50","10","31","1","D","8","15","D Offer","D Liability Signal: 7;P Files: 1;D Answers: 1;D Defaults: 2","7,1,1,2","0","true","","","7","0.65","0.10000000000000001","","",""
"Specification-Baseline__Cost-1__Fee-British__Starts-50","10","31","1","D","8","15","D Offer","D Liability Signal: 7;P Files: 1;D Answers: 1;D Defaults: 2","7,1,1,2","0","true","","","8","0.75","0.10000000000000001","","",""
"Specification-Baseline__Cost-1__Fee-British__Starts-50","10","31","1","D","8","15","D Offer","D Liability Signal: 7;P Files: 1;D Answers: 1;D Defaults: 2","7,1,1,2","0","true","","","9","0.85","0.10000000000000001","","",""
"Specification-Baseline__Cost-1__Fee-British__Starts-50","10","31","1","D","8","15","D Offer","D Liability Signal: 7;P Files: 1;D Answers: 1;D Defaults: 2","7,1,1,2","0","true","","","10","0.95","0.10000000000000001","","",""
"Specification-Baseline__Cost-1__Fee-British__Starts-50","10","32","1","D","3","10","D Answers","D Liability Signal: 8;P Files: 1","8,1","0.1036659278","false","8.9999959390000015","8.9999959390000015","1","Yes","0","8.8551160988567563","0.14487984014324518","false"
"Specification-Baseline__Cost-1__Fee-British__Starts-50","10","32","1","D","3","10","D Answers","D Liability Signal: 8;P Files: 1","8,1","0.1036659278","false","8.9999959390000015","8.9999959390000015","2","No","1","8.9999959390000015","0","true"
"Specification-Baseline__Cost-1__Fee-British__Starts-50","10","33","1","D","6","21","D Defaults","D Liability Signal: 8;P Files: 1;D Answers: 1","8,1,1","0","true","","","1","Yes","0.5","","",""
"Specification-Baseline__Cost-1__Fee-British__Starts-50","10","33","1","D","6","21","D Defaults","D Liability Signal: 8;P Files: 1;D Answers: 1","8,1,1","0","true","","","2","No","0.5","","",""
"Specification-Baseline__Cost-1__Fee-British__Starts-50","10","34","1","D","8","15","D Offer","D Liability Signal: 8;P Files: 1;D Answers: 1;D Defaults: 1","8,1,1,1","0","true","","","1","0.05","0.10000000000000001","","",""
"Specification-Baseline__Cost-1__Fee-British__Starts-50","10","34","1","D","8","15","D Offer","D Liability Signal: 8;P Files: 1;D Answers: 1;D Defaults: 1","8,1,1,1","0","true","","","2","0.15","0.10000000000000001","","",""
"Specification-Baseline__Cost-1__Fee-British__Starts-50","10","34","1","D","8","15","D Offer","D Liability Signal: 8;P Files: 1;D Answers: 1;D Defaults: 1","8,1,1,1","0","true","","","3","0.25","0.10000000000000001","","",""
"Specification-Baseline__Cost-1__Fee-British__Starts-50","10","34","1","D","8","15","D Offer","D Liability Signal: 8;P Files: 1;D Answers: 1;D Defaults: 1","8,1,1,1","0","true","","","4","0.35","0.10000000000000001","","",""
"Specification-Baseline__Cost-1__Fee-British__Starts-50","10","34","1","D","8","15","D Offer","D Liability Signal: 8;P Files: 1;D Answers: 1;D Defaults: 1","8,1,1,1","0","true","","","5","0.45","0.10000000000000001","","",""
"Specification-Baseline__Cost-1__Fee-British__Starts-50","10","34","1","D","8","15","D Offer","D Liability Signal: 8;P Files: 1;D Answers: 1;D Defaults: 1","8,1,1,1","0","true","","","6","0.55","0.10000000000000001","","",""
"Specification-Baseline__Cost-1__Fee-British__Starts-50","10","34","1","D","8","15","D Offer","D Liability Signal: 8;P Files: 1;D Answers: 1;D Defaults: 1","8,1,1,1","0","true","","","7","0.65","0.10000000000000001","","",""
"Specification-Baseline__Cost-1__Fee-British__Starts-50","10","34","1","D","8","15","D Offer","D Liability Signal: 8;P Files: 1;D Answers: 1;D Defaults: 1","8,1,1,1","0","true","","","8","0.75","0.10000000000000001","","",""
"Specification-Baseline__Cost-1__Fee-British__Starts-50","10","34","1","D","8","15","D Offer","D Liability Signal: 8;P Files: 1;D Answers: 1;D Defaults: 1","8,1,1,1","0","true","","","9","0.85","0.10000000000000001","","",""
"Specification-Baseline__Cost-1__Fee-British__Starts-50","10","34","1","D","8","15","D Offer","D Liability Signal: 8;P Files: 1;D Answers: 1;D Defaults: 1","8,1,1,1","0","true","","","10","0.95","0.10000000000000001","","",""
"Specification-Baseline__Cost-1__Fee-British__Starts-50","10","35","1","D","8","15","D Offer","D Liability Signal: 8;P Files: 1;D Answers: 1;D Defaults: 2","8,1,1,2","0","true","","","1","0.05","0.10000000000000001","","",""
"Specification-Baseline__Cost-1__Fee-British__Starts-50","10","35","1","D","8","15","D Offer","D Liability Signal: 8;P Files: 1;D Answers: 1;D Defaults: 2","8,1,1,2","0","true","","","2","0.15","0.10000000000000001","","",""
"Specification-Baseline__Cost-1__Fee-British__Starts-50","10","35","1","D","8","15","D Offer","D Liability Signal: 8;P Files: 1;D Answers: 1;D Defaults: 2","8,1,1,2","0","true","","","3","0.25","0.10000000000000001","","",""
"Specification-Baseline__Cost-1__Fee-British__Starts-50","10","35","1","D","8","15","D Offer","D Liability Signal: 8;P Files: 1;D Answers: 1;D Defaults: 2","8,1,1,2","0","true","","","4","0.35","0.10000000000000001","","",""
"Specification-Baseline__Cost-1__Fee-British__Starts-50","10","35","1","D","8","15","D Offer","D Liability Signal: 8;P Files: 1;D Answers: 1;D Defaults: 2","8,1,1,2","0","true","","","5","0.45","0.10000000000000001","","",""
"Specification-Baseline__Cost-1__Fee-British__Starts-50","10","35","1","D","8","15","D Offer","D Liability Signal: 8;P Files: 1;D Answers: 1;D Defaults: 2","8,1,1,2","0","true","","","6","0.55","0.10000000000000001","","",""
"Specification-Baseline__Cost-1__Fee-British__Starts-50","10","35","1","D","8","15","D Offer","D Liability Signal: 8;P Files: 1;D Answers: 1;D Defaults: 2","8,1,1,2","0","true","","","7","0.65","0.10000000000000001","","",""
"Specification-Baseline__Cost-1__Fee-British__Starts-50","10","35","1","D","8","15","D Offer","D Liability Signal: 8;P Files: 1;D Answers: 1;D Defaults: 2","8,1,1,2","0","true","","","8","0.75","0.10000000000000001","","",""
"Specification-Baseline__Cost-1__Fee-British__Starts-50","10","35","1","D","8","15","D Offer","D Liability Signal: 8;P Files: 1;D Answers: 1;D Defaults: 2","8,1,1,2","0","true","","","9","0.85","0.10000000000000001","","",""
"Specification-Baseline__Cost-1__Fee-British__Starts-50","10","35","1","D","8","15","D Offer","D Liability Signal: 8;P Files: 1;D Answers: 1;D Defaults: 2","8,1,1,2","0","true","","","10","0.95","0.10000000000000001","","",""
"Specification-Baseline__Cost-1__Fee-British__Starts-50","10","36","1","D","3","10","D Answers","D Liability Signal: 9;P Files: 1","9,1","0.096601569700000015","false","8.9999959389999979","8.9999959389999979","1","Yes","0","8.7924078989165046","0.2075880400834933","false"
"Specification-Baseline__Cost-1__Fee-British__Starts-50","10","36","1","D","3","10","D Answers","D Liability Signal: 9;P Files: 1","9,1","0.096601569700000015","false","8.9999959389999979","8.9999959389999979","2","No","1","8.9999959389999979","0","true"
"Specification-Baseline__Cost-1__Fee-British__Starts-50","10","37","1","D","6","21","D Defaults","D Liability Signal: 9;P Files: 1;D Answers: 1","9,1,1","0","true","","","1","Yes","0.5","","",""
"Specification-Baseline__Cost-1__Fee-British__Starts-50","10","37","1","D","6","21","D Defaults","D Liability Signal: 9;P Files: 1;D Answers: 1","9,1,1","0","true","","","2","No","0.5","","",""
"Specification-Baseline__Cost-1__Fee-British__Starts-50","10","38","1","D","8","15","D Offer","D Liability Signal: 9;P Files: 1;D Answers: 1;D Defaults: 1","9,1,1,1","0","true","","","1","0.05","0.10000000000000001","","",""
"Specification-Baseline__Cost-1__Fee-British__Starts-50","10","38","1","D","8","15","D Offer","D Liability Signal: 9;P Files: 1;D Answers: 1;D Defaults: 1","9,1,1,1","0","true","","","2","0.15","0.10000000000000001","","",""
"Specification-Baseline__Cost-1__Fee-British__Starts-50","10","38","1","D","8","15","D Offer","D Liability Signal: 9;P Files: 1;D Answers: 1;D Defaults: 1","9,1,1,1","0","true","","","3","0.25","0.10000000000000001","","",""
"Specification-Baseline__Cost-1__Fee-British__Starts-50","10","38","1","D","8","15","D Offer","D Liability Signal: 9;P Files: 1;D Answers: 1;D Defaults: 1","9,1,1,1","0","true","","","4","0.35","0.10000000000000001","","",""
"Specification-Baseline__Cost-1__Fee-British__Starts-50","10","38","1","D","8","15","D Offer","D Liability Signal: 9;P Files: 1;D Answers: 1;D Defaults: 1","9,1,1,1","0","true","","","5","0.45","0.10000000000000001","","",""
"Specification-Baseline__Cost-1__Fee-British__Starts-50","10","38","1","D","8","15","D Offer","D Liability Signal: 9;P Files: 1;D Answers: 1;D Defaults: 1","9,1,1,1","0","true","","","6","0.55","0.10000000000000001","","",""
"Specification-Baseline__Cost-1__Fee-British__Starts-50","10","38","1","D","8","15","D Offer","D Liability Signal: 9;P Files: 1;D Answers: 1;D Defaults: 1","9,1,1,1","0","true","","","7","0.65","0.10000000000000001","","",""
"Specification-Baseline__Cost-1__Fee-British__Starts-50","10","38","1","D","8","15","D Offer","D Liability Signal: 9;P Files: 1;D Answers: 1;D Defaults: 1","9,1,1,1","0","true","","","8","0.75","0.10000000000000001","","",""
"Specification-Baseline__Cost-1__Fee-British__Starts-50","10","38","1","D","8","15","D Offer","D Liability Signal: 9;P Files: 1;D Answers: 1;D Defaults: 1","9,1,1,1","0","true","","","9","0.85","0.10000000000000001","","",""
"Specification-Baseline__Cost-1__Fee-British__Starts-50","10","38","1","D","8","15","D Offer","D Liability Signal: 9;P Files: 1;D Answers: 1;D Defaults: 1","9,1,1,1","0","true","","","10","0.95","0.10000000000000001","","",""
"Specification-Baseline__Cost-1__Fee-British__Starts-50","10","39","1","D","8","15","D Offer","D Liability Signal: 9;P Files: 1;D Answers: 1;D Defaults: 2","9,1,1,2","0","true","","","1","0.05","0.10000000000000001","","",""
"Specification-Baseline__Cost-1__Fee-British__Starts-50","10","39","1","D","8","15","D Offer","D Liability Signal: 9;P Files: 1;D Answers: 1;D Defaults: 2","9,1,1,2","0","true","","","2","0.15","0.10000000000000001","","",""
"Specification-Baseline__Cost-1__Fee-British__Starts-50","10","39","1","D","8","15","D Offer","D Liability Signal: 9;P Files: 1;D Answers: 1;D Defaults: 2","9,1,1,2","0","true","","","3","0.25","0.10000000000000001","","",""
"Specification-Baseline__Cost-1__Fee-British__Starts-50","10","39","1","D","8","15","D Offer","D Liability Signal: 9;P Files: 1;D Answers: 1;D Defaults: 2","9,1,1,2","0","true","","","4","0.35","0.10000000000000001","","",""
"Specification-Baseline__Cost-1__Fee-British__Starts-50","10","39","1","D","8","15","D Offer","D Liability Signal: 9;P Files: 1;D Answers: 1;D Defaults: 2","9,1,1,2","0","true","","","5","0.45","0.10000000000000001","","",""
"Specification-Baseline__Cost-1__Fee-British__Starts-50","10","39","1","D","8","15","D Offer","D Liability Signal: 9;P Files: 1;D Answers: 1;D Defaults: 2","9,1,1,2","0","true","","","6","0.55","0.10000000000000001","","",""
"Specification-Baseline__Cost-1__Fee-British__Starts-50","10","39","1","D","8","15","D Offer","D Liability Signal: 9;P Files: 1;D Answers: 1;D Defaults: 2","9,1,1,2","0","true","","","7","0.65","0.10000000000000001","","",""
"Specification-Baseline__Cost-1__Fee-British__Starts-50","10","39","1","D","8","15","D Offer","D Liability Signal: 9;P Files: 1;D Answers: 1;D Defaults: 2","9,1,1,2","0","true","","","8","0.75","0.10000000000000001","","",""
"Specification-Baseline__Cost-1__Fee-British__Starts-50","10","39","1","D","8","15","D Offer","D Liability Signal: 9;P Files: 1;D Answers: 1;D Defaults: 2","9,1,1,2","0","true","","","9","0.85","0.10000000000000001","","",""
"Specification-Baseline__Cost-1__Fee-British__Starts-50","10","39","1","D","8","15","D Offer","D Liability Signal: 9;P Files: 1;D Answers: 1;D Defaults: 2","9,1,1,2","0","true","","","10","0.95","0.10000000000000001","","",""
"Specification-Baseline__Cost-1__Fee-British__Starts-50","10","40","1","D","3","10","D Answers","D Liability Signal: 10;P Files: 1","10,1","0.080030320500000002","false","8.9999959389999997","8.9999959389999997","1","Yes","0","8.7511222963345325","0.24887364266546719","false"
"Specification-Baseline__Cost-1__Fee-British__Starts-50","10","40","1","D","3","10","D Answers","D Liability Signal: 10;P Files: 1","10,1","0.080030320500000002","false","8.9999959389999997","8.9999959389999997","2","No","1","8.9999959389999997","0","true"
"Specification-Baseline__Cost-1__Fee-British__Starts-50","10","41","1","D","6","21","D Defaults","D Liability Signal: 10;P Files: 1;D Answers: 1","10,1,1","0","true","","","1","Yes","0.5","","",""
"Specification-Baseline__Cost-1__Fee-British__Starts-50","10","41","1","D","6","21","D Defaults","D Liability Signal: 10;P Files: 1;D Answers: 1","10,1,1","0","true","","","2","No","0.5","","",""
"Specification-Baseline__Cost-1__Fee-British__Starts-50","10","42","1","D","8","15","D Offer","D Liability Signal: 10;P Files: 1;D Answers: 1;D Defaults: 1","10,1,1,1","0","true","","","1","0.05","0.10000000000000001","","",""
"Specification-Baseline__Cost-1__Fee-British__Starts-50","10","42","1","D","8","15","D Offer","D Liability Signal: 10;P Files: 1;D Answers: 1;D Defaults: 1","10,1,1,1","0","true","","","2","0.15","0.10000000000000001","","",""
"Specification-Baseline__Cost-1__Fee-British__Starts-50","10","42","1","D","8","15","D Offer","D Liability Signal: 10;P Files: 1;D Answers: 1;D Defaults: 1","10,1,1,1","0","true","","","3","0.25","0.10000000000000001","","",""
"Specification-Baseline__Cost-1__Fee-British__Starts-50","10","42","1","D","8","15","D Offer","D Liability Signal: 10;P Files: 1;D Answers: 1;D Defaults: 1","10,1,1,1","0","true","","","4","0.35","0.10000000000000001","","",""
"Specification-Baseline__Cost-1__Fee-British__Starts-50","10","42","1","D","8","15","D Offer","D Liability Signal: 10;P Files: 1;D Answers: 1;D Defaults: 1","10,1,1,1","0","true","","","5","0.45","0.10000000000000001","","",""
"Specification-Baseline__Cost-1__Fee-British__Starts-50","10","42","1","D","8","15","D Offer","D Liability Signal: 10;P Files: 1;D Answers: 1;D Defaults: 1","10,1,1,1","0","true","","","6","0.55","0.10000000000000001","","",""
"Specification-Baseline__Cost-1__Fee-British__Starts-50","10","42","1","D","8","15","D Offer","D Liability Signal: 10;P Files: 1;D Answers: 1;D Defaults: 1","10,1,1,1","0","true","","","7","0.65","0.10000000000000001","","",""
"Specification-Baseline__Cost-1__Fee-British__Starts-50","10","42","1","D","8","15","D Offer","D Liability Signal: 10;P Files: 1;D Answers: 1;D Defaults: 1","10,1,1,1","0","true","","","8","0.75","0.10000000000000001","","",""
"Specification-Baseline__Cost-1__Fee-British__Starts-50","10","42","1","D","8","15","D Offer","D Liability Signal: 10;P Files: 1;D Answers: 1;D Defaults: 1","10,1,1,1","0","true","","","9","0.85","0.10000000000000001","","",""
"Specification-Baseline__Cost-1__Fee-British__Starts-50","10","42","1","D","8","15","D Offer","D Liability Signal: 10;P Files: 1;D Answers: 1;D Defaults: 1","10,1,1,1","0","true","","","10","0.95","0.10000000000000001","","",""
"Specification-Baseline__Cost-1__Fee-British__Starts-50","10","43","1","D","8","15","D Offer","D Liability Signal: 10;P Files: 1;D Answers: 1;D Defaults: 2","10,1,1,2","0","true","","","1","0.05","0.10000000000000001","","",""
"Specification-Baseline__Cost-1__Fee-British__Starts-50","10","43","1","D","8","15","D Offer","D Liability Signal: 10;P Files: 1;D Answers: 1;D Defaults: 2","10,1,1,2","0","true","","","2","0.15","0.10000000000000001","","",""
"Specification-Baseline__Cost-1__Fee-British__Starts-50","10","43","1","D","8","15","D Offer","D Liability Signal: 10;P Files: 1;D Answers: 1;D Defaults: 2","10,1,1,2","0","true","","","3","0.25","0.10000000000000001","","",""
"Specification-Baseline__Cost-1__Fee-British__Starts-50","10","43","1","D","8","15","D Offer","D Liability Signal: 10;P Files: 1;D Answers: 1;D Defaults: 2","10,1,1,2","0","true","","","4","0.35","0.10000000000000001","","",""
"Specification-Baseline__Cost-1__Fee-British__Starts-50","10","43","1","D","8","15","D Offer","D Liability Signal: 10;P Files: 1;D Answers: 1;D Defaults: 2","10,1,1,2","0","true","","","5","0.45","0.10000000000000001","","",""
"Specification-Baseline__Cost-1__Fee-British__Starts-50","10","43","1","D","8","15","D Offer","D Liability Signal: 10;P Files: 1;D Answers: 1;D Defaults: 2","10,1,1,2","0","true","","","6","0.55","0.10000000000000001","","",""
"Specification-Baseline__Cost-1__Fee-British__Starts-50","10","43","1","D","8","15","D Offer","D Liability Signal: 10;P Files: 1;D Answers: 1;D Defaults: 2","10,1,1,2","0","true","","","7","0.65","0.10000000000000001","","",""
"Specification-Baseline__Cost-1__Fee-British__Starts-50","10","43","1","D","8","15","D Offer","D Liability Signal: 10;P Files: 1;D Answers: 1;D Defaults: 2","10,1,1,2","0","true","","","8","0.75","0.10000000000000001","","",""
"Specification-Baseline__Cost-1__Fee-British__Starts-50","10","43","1","D","8","15","D Offer","D Liability Signal: 10;P Files: 1;D Answers: 1;D Defaults: 2","10,1,1,2","0","true","","","9","0.85","0.10000000000000001","","",""
"Specification-Baseline__Cost-1__Fee-British__Starts-50","10","43","1","D","8","15","D Offer","D Liability Signal: 10;P Files: 1;D Answers: 1;D Defaults: 2","10,1,1,2","0","true","","","10","0.95","0.10000000000000001","","",""
