"OptionSetName","Equilibrium Number","Information Set Number","Player Index","Player","Decision Index","Decision Code","Decision","Information Set Labels","Information Set Contents","Equilibrium Reach Probability","Off Path","Conditional Information-Set Utility","Best Action Utility","Action","Action Label","Equilibrium Action Probability","Conditional Action Utility","Utility Loss from Best Action","Is Best Action"
"Specification-MandatoryFilingAndAnswering__Cost-2__Fee-British","1","0","0","P","3","20","P Abandons","P Liability Signal: 1","1","0.080450000000000008","false","9.7518986411400306","9.7518986411400306","1","Yes","0","9.7354723111766202","0.016426329963410424","false"
"Specification-MandatoryFilingAndAnswering__Cost-2__Fee-British","1","0","0","P","3","20","P Abandons","P Liability Signal: 1","1","0.080450000000000008","false","9.7518986411400306","9.7518986411400306","2","No","1","9.7518986411400306","0","true"
"Specification-MandatoryFilingAndAnswering__Cost-2__Fee-British","1","2","0","P","5","14","P Offer","P Liability Signal: 1;P Abandons: 1","1,1","0","true","","","1","0.05","0.10000000000000001","","",""
"Specification-MandatoryFilingAndAnswering__Cost-2__Fee-British","1","2","0","P","5","14","P Offer","P Liability Signal: 1;P Abandons: 1","1,1","0","true","","","2","0.15","0.10000000000000001","","",""
"Specification-MandatoryFilingAndAnswering__Cost-2__Fee-British","1","2","0","P","5","14","P Offer","P Liability Signal: 1;P Abandons: 1","1,1","0","true","","","3","0.25","0.10000000000000001","","",""
"Specification-MandatoryFilingAndAnswering__Cost-2__Fee-British","1","2","0","P","5","14","P Offer","P Liability Signal: 1;P Abandons: 1","1,1","0","true","","","4","0.35","0.10000000000000001","","",""
"Specification-MandatoryFilingAndAnswering__Cost-2__Fee-British","1","2","0","P","5","14","P Offer","P Liability Signal: 1;P Abandons: 1","1,1","0","true","","","5","0.45","0.10000000000000001","","",""
"Specification-MandatoryFilingAndAnswering__Cost-2__Fee-British","1","2","0","P","5","14","P Offer","P Liability Signal: 1;P Abandons: 1","1,1","0","true","","","6","0.55","0.10000000000000001","","",""
"Specification-MandatoryFilingAndAnswering__Cost-2__Fee-British","1","2","0","P","5","14","P Offer","P Liability Signal: 1;P Abandons: 1","1,1","0","true","","","7","0.65","0.10000000000000001","","",""
"Specification-MandatoryFilingAndAnswering__Cost-2__Fee-British","1","2","0","P","5","14","P Offer","P Liability Signal: 1;P Abandons: 1","1,1","0","true","","","8","0.75","0.10000000000000001","","",""
"Specification-MandatoryFilingAndAnswering__Cost-2__Fee-British","1","2","0","P","5","14","P Offer","P Liability Signal: 1;P Abandons: 1","1,1","0","true","","","9","0.85","0.10000000000000001","","",""
"Specification-MandatoryFilingAndAnswering__Cost-2__Fee-British","1","2","0","P","5","14","P Offer","P Liability Signal: 1;P Abandons: 1","1,1","0","true","","","10","0.95","0.10000000000000001","","",""
"Specification-MandatoryFilingAndAnswering__Cost-2__Fee-British","1","5","0","P","5","14","P Offer","P Liability Signal: 1;P Abandons: 2","1,2","0.080450000000000008","false","9.7518986411400306","9.7518986411400306","1","0.05","1","9.7518986411400306","0","true"
"Specification-MandatoryFilingAndAnswering__Cost-2__Fee-British","1","5","0","P","5","14","P Offer","P Liability Signal: 1;P Abandons: 2","1,2","0.080450000000000008","false","9.7518986411400306","9.7518986411400306","2","0.15","0","9.0772227985495775","0.6746758425904531","false"
"Specification-MandatoryFilingAndAnswering__Cost-2__Fee-British","1","5","0","P","5","14","P Offer","P Liability Signal: 1;P Abandons: 2","1,2","0.080450000000000008","false","9.7518986411400306","9.7518986411400306","3","0.25","0","9.0774332562095807","0.67446538493044983","false"
"Specification-MandatoryFilingAndAnswering__Cost-2__Fee-British","1","5","0","P","5","14","P Offer","P Liability Signal: 1;P Abandons: 2","1,2","0.080450000000000008","false","9.7518986411400306","9.7518986411400306","4","0.35","0","9.077643713869584","0.67425492727044656","false"
"Specification-MandatoryFilingAndAnswering__Cost-2__Fee-British","1","5","0","P","5","14","P Offer","P Liability Signal: 1;P Abandons: 2","1,2","0.080450000000000008","false","9.7518986411400306","9.7518986411400306","5","0.45","0","9.0778541715295891","0.67404446961044151","false"
"Specification-MandatoryFilingAndAnswering__Cost-2__Fee-British","1","5","0","P","5","14","P Offer","P Liability Signal: 1;P Abandons: 2","1,2","0.080450000000000008","false","9.7518986411400306","9.7518986411400306","6","0.55","0","9.0780646291895923","0.67383401195043824","false"
"Specification-MandatoryFilingAndAnswering__Cost-2__Fee-British","1","5","0","P","5","14","P Offer","P Liability Signal: 1;P Abandons: 2","1,2","0.080450000000000008","false","9.7518986411400306","9.7518986411400306","7","0.65","0","9.0782750868495956","0.67362355429043497","false"
"Specification-MandatoryFilingAndAnswering__Cost-2__Fee-British","1","5","0","P","5","14","P Offer","P Liability Signal: 1;P Abandons: 2","1,2","0.080450000000000008","false","9.7518986411400306","9.7518986411400306","8","0.75","0","9.0784855445095989","0.6734130966304317","false"
"Specification-MandatoryFilingAndAnswering__Cost-2__Fee-British","1","5","0","P","5","14","P Offer","P Liability Signal: 1;P Abandons: 2","1,2","0.080450000000000008","false","9.7518986411400306","9.7518986411400306","9","0.85","0","9.0786960021696004","0.6732026389704302","false"
"Specification-MandatoryFilingAndAnswering__Cost-2__Fee-British","1","5","0","P","5","14","P Offer","P Liability Signal: 1;P Abandons: 2","1,2","0.080450000000000008","false","9.7518986411400306","9.7518986411400306","10","0.95","0","9.0789064598296054","0.67299218131042515","false"
"Specification-MandatoryFilingAndAnswering__Cost-2__Fee-British","1","33","0","P","3","20","P Abandons","P Liability Signal: 2","2","0.097680000000000017","false","9.7540535036986409","9.7540535036986409","1","Yes","0.25310620654194294","9.7540535036986409","0","true"
"Specification-MandatoryFilingAndAnswering__Cost-2__Fee-British","1","33","0","P","3","20","P Abandons","P Liability Signal: 2","2","0.097680000000000017","false","9.7540535036986409","9.7540535036986409","2","No","0.74689379345805718","9.7540535036986373","3.5527136788005009E-15","true"
"Specification-MandatoryFilingAndAnswering__Cost-2__Fee-British","1","34","0","P","5","14","P Offer","P Liability Signal: 2;P Abandons: 1","2,1","0.024723414255016986","false","9.7540535036986427","9.7540535036986427","1","0.05","0","9.7540535036986409","1.7763568394002505E-15","true"
"Specification-MandatoryFilingAndAnswering__Cost-2__Fee-British","1","34","0","P","5","14","P Offer","P Liability Signal: 2;P Abandons: 1","2,1","0.024723414255016986","false","9.7540535036986427","9.7540535036986427","2","0.15","0","9.7504544090331837","0.0035990946654589351","false"
"Specification-MandatoryFilingAndAnswering__Cost-2__Fee-British","1","34","0","P","5","14","P Offer","P Liability Signal: 2;P Abandons: 1","2,1","0.024723414255016986","false","9.7540535036986427","9.7540535036986427","3","0.25","0","9.7509042958663663","0.0031492078322763462","false"
"Specification-MandatoryFilingAndAnswering__Cost-2__Fee-British","1","34","0","P","5","14","P Offer","P Liability Signal: 2;P Abandons: 1","2,1","0.024723414255016986","false","9.7540535036986427","9.7540535036986427","4","0.35","0","9.7513541826995489","0.0026993209990937572","false"
"Specification-MandatoryFilingAndAnswering__Cost-2__Fee-British","1","34","0","P","5","14","P Offer","P Liability Signal: 2;P Abandons: 1","2,1","0.024723414255016986","false","9.7540535036986427","9.7540535036986427","5","0.45","0","9.7518040695327297","0.0022494341659129446","false"
"Specification-MandatoryFilingAndAnswering__Cost-2__Fee-British","1","34","0","P","5","14","P Offer","P Liability Signal: 2;P Abandons: 1","2,1","0.024723414255016986","false","9.7540535036986427","9.7540535036986427","6","0.55","0","9.7522539563659123","0.0017995473327303557","false"
"Specification-MandatoryFilingAndAnswering__Cost-2__Fee-British","1","34","0","P","5","14","P Offer","P Liability Signal: 2;P Abandons: 1","2,1","0.024723414255016986","false","9.7540535036986427","9.7540535036986427","7","0.65","0","9.7527038431990931","0.0013496604995495431","false"
"Specification-MandatoryFilingAndAnswering__Cost-2__Fee-British","1","34","0","P","5","14","P Offer","P Liability Signal: 2;P Abandons: 1","2,1","0.024723414255016986","false","9.7540535036986427","9.7540535036986427","8","0.75","0","9.7531537300322775","0.00089977366636517786","false"
"Specification-MandatoryFilingAndAnswering__Cost-2__Fee-British","1","34","0","P","5","14","P Offer","P Liability Signal: 2;P Abandons: 1","2,1","0.024723414255016986","false","9.7540535036986427","9.7540535036986427","9","0.85","0","9.7536036168654583","0.00044988683318436529","false"
"Specification-MandatoryFilingAndAnswering__Cost-2__Fee-British","1","34","0","P","5","14","P Offer","P Liability Signal: 2;P Abandons: 1","2,1","0.024723414255016986","false","9.7540535036986427","9.7540535036986427","10","0.95","1","9.7540535036986427","0","true"
"Specification-MandatoryFilingAndAnswering__Cost-2__Fee-British","1","35","0","P","5","14","P Offer","P Liability Signal: 2;P Abandons: 2","2,2","0.072956585744983024","false","9.7540535036986409","9.7540535036986409","1","0.05","1","9.7540535036986409","0","true"
"Specification-MandatoryFilingAndAnswering__Cost-2__Fee-British","1","35","0","P","5","14","P Offer","P Liability Signal: 2;P Abandons: 2","2,2","0.072956585744983024","false","9.7540535036986409","9.7540535036986409","2","0.15","0","9.1959931356530831","0.55806036804555781","false"
"Specification-MandatoryFilingAndAnswering__Cost-2__Fee-British","1","35","0","P","5","14","P Offer","P Liability Signal: 2;P Abandons: 2","2,2","0.072956585744983024","false","9.7540535036986409","9.7540535036986409","3","0.25","0","9.1964430224862674","0.55761048121237344","false"
"Specification-MandatoryFilingAndAnswering__Cost-2__Fee-British","1","35","0","P","5","14","P Offer","P Liability Signal: 2;P Abandons: 2","2,2","0.072956585744983024","false","9.7540535036986409","9.7540535036986409","4","0.35","0","9.1968929093194483","0.55716059437919263","false"
"Specification-MandatoryFilingAndAnswering__Cost-2__Fee-British","1","35","0","P","5","14","P Offer","P Liability Signal: 2;P Abandons: 2","2,2","0.072956585744983024","false","9.7540535036986409","9.7540535036986409","5","0.45","0","9.1973427961526308","0.55671070754601004","false"
"Specification-MandatoryFilingAndAnswering__Cost-2__Fee-British","1","35","0","P","5","14","P Offer","P Liability Signal: 2;P Abandons: 2","2,2","0.072956585744983024","false","9.7540535036986409","9.7540535036986409","6","0.55","0","9.1977926829858134","0.55626082071282745","false"
"Specification-MandatoryFilingAndAnswering__Cost-2__Fee-British","1","35","0","P","5","14","P Offer","P Liability Signal: 2;P Abandons: 2","2,2","0.072956585744983024","false","9.7540535036986409","9.7540535036986409","7","0.65","0","9.1982425698189942","0.55581093387964664","false"
"Specification-MandatoryFilingAndAnswering__Cost-2__Fee-British","1","35","0","P","5","14","P Offer","P Liability Signal: 2;P Abandons: 2","2,2","0.072956585744983024","false","9.7540535036986409","9.7540535036986409","8","0.75","0","9.1986924566521786","0.55536104704646228","false"
"Specification-MandatoryFilingAndAnswering__Cost-2__Fee-British","1","35","0","P","5","14","P Offer","P Liability Signal: 2;P Abandons: 2","2,2","0.072956585744983024","false","9.7540535036986409","9.7540535036986409","9","0.85","0","9.1991423434853594","0.55491116021328146","false"
"Specification-MandatoryFilingAndAnswering__Cost-2__Fee-British","1","35","0","P","5","14","P Offer","P Liability Signal: 2;P Abandons: 2","2,2","0.072956585744983024","false","9.7540535036986409","9.7540535036986409","10","0.95","0","9.199592230318542","0.55446127338009887","false"
"Specification-MandatoryFilingAndAnswering__Cost-2__Fee-British","1","36","0","P","3","20","P Abandons","P Liability Signal: 3","3","0.10618","false","9.7878009014686587","9.7878009014686587","1","Yes","1","9.7878009014686587","0","true"
"Specification-MandatoryFilingAndAnswering__Cost-2__Fee-British","1","36","0","P","3","20","P Abandons","P Liability Signal: 3","3","0.10618","false","9.7878009014686587","9.7878009014686587","2","No","0","9.4159020346119675","0.37189886685669116","false"
"Specification-MandatoryFilingAndAnswering__Cost-2__Fee-British","1","37","0","P","5","14","P Offer","P Liability Signal: 3;P Abandons: 1","3,1","0.10618000000000001","false","9.7878009014686569","9.7878009014686569","1","0.05","0","9.7588070778612046","0.028993823607452285","false"
"Specification-MandatoryFilingAndAnswering__Cost-2__Fee-British","1","37","0","P","5","14","P Offer","P Liability Signal: 3;P Abandons: 1","3,1","0.10618000000000001","false","9.7878009014686569","9.7878009014686569","2","0.15","0","9.7799764075475881","0.0078244939210687647","false"
"Specification-MandatoryFilingAndAnswering__Cost-2__Fee-British","1","37","0","P","5","14","P Offer","P Liability Signal: 3;P Abandons: 1","3,1","0.10618000000000001","false","9.7878009014686569","9.7878009014686569","3","0.25","0","9.7809544692877228","0.0068464321809340589","false"
"Specification-MandatoryFilingAndAnswering__Cost-2__Fee-British","1","37","0","P","5","14","P Offer","P Liability Signal: 3;P Abandons: 1","3,1","0.10618000000000001","false","9.7878009014686569","9.7878009014686569","4","0.35","0","9.7819325310278558","0.0058683704408011295","false"
"Specification-MandatoryFilingAndAnswering__Cost-2__Fee-British","1","37","0","P","5","14","P Offer","P Liability Signal: 3;P Abandons: 1","3,1","0.10618000000000001","false","9.7878009014686569","9.7878009014686569","5","0.45","0","9.7829105927679905","0.0048903087006664236","false"
"Specification-MandatoryFilingAndAnswering__Cost-2__Fee-British","1","37","0","P","5","14","P Offer","P Liability Signal: 3;P Abandons: 1","3,1","0.10618000000000001","false","9.7878009014686569","9.7878009014686569","6","0.55","0","9.7838886545081234","0.0039122469605334942","false"
"Specification-MandatoryFilingAndAnswering__Cost-2__Fee-British","1","37","0","P","5","14","P Offer","P Liability Signal: 3;P Abandons: 1","3,1","0.10618000000000001","false","9.7878009014686569","9.7878009014686569","7","0.65","0","9.7848667162482545","0.0029341852204023411","false"
"Specification-MandatoryFilingAndAnswering__Cost-2__Fee-British","1","37","0","P","5","14","P Offer","P Liability Signal: 3;P Abandons: 1","3,1","0.10618000000000001","false","9.7878009014686569","9.7878009014686569","8","0.75","0","9.7858447779883893","0.0019561234802676353","false"
"Specification-MandatoryFilingAndAnswering__Cost-2__Fee-British","1","37","0","P","5","14","P Offer","P Liability Signal: 3;P Abandons: 1","3,1","0.10618000000000001","false","9.7878009014686569","9.7878009014686569","9","0.85","0","9.786822839728524","0.00097806174013292946","false"
"Specification-MandatoryFilingAndAnswering__Cost-2__Fee-British","1","37","0","P","5","14","P Offer","P Liability Signal: 3;P Abandons: 1","3,1","0.10618000000000001","false","9.7878009014686569","9.7878009014686569","10","0.95","1","9.7878009014686569","0","true"
"Specification-MandatoryFilingAndAnswering__Cost-2__Fee-British","1","38","0","P","5","14","P Offer","P Liability Signal: 3;P Abandons: 2","3,2","0","true","","","1","0.05","0.10000000000000001","","",""
"Specification-MandatoryFilingAndAnswering__Cost-2__Fee-British","1","38","0","P","5","14","P Offer","P Liability Signal: 3;P Abandons: 2","3,2","0","true","","","2","0.15","0.10000000000000001","","",""
"Specification-MandatoryFilingAndAnswering__Cost-2__Fee-British","1","38","0","P","5","14","P Offer","P Liability Signal: 3;P Abandons: 2","3,2","0","true","","","3","0.25","0.10000000000000001","","",""
"Specification-MandatoryFilingAndAnswering__Cost-2__Fee-British","1","38","0","P","5","14","P Offer","P Liability Signal: 3;P Abandons: 2","3,2","0","true","","","4","0.35","0.10000000000000001","","",""
"Specification-MandatoryFilingAndAnswering__Cost-2__Fee-British","1","38","0","P","5","14","P Offer","P Liability Signal: 3;P Abandons: 2","3,2","0","true","","","5","0.45","0.10000000000000001","","",""
"Specification-MandatoryFilingAndAnswering__Cost-2__Fee-British","1","38","0","P","5","14","P Offer","P Liability Signal: 3;P Abandons: 2","3,2","0","true","","","6","0.55","0.10000000000000001","","",""
"Specification-MandatoryFilingAndAnswering__Cost-2__Fee-British","1","38","0","P","5","14","P Offer","P Liability Signal: 3;P Abandons: 2","3,2","0","true","","","7","0.65","0.10000000000000001","","",""
"Specification-MandatoryFilingAndAnswering__Cost-2__Fee-British","1","38","0","P","5","14","P Offer","P Liability Signal: 3;P Abandons: 2","3,2","0","true","","","8","0.75","0.10000000000000001","","",""
"Specification-MandatoryFilingAndAnswering__Cost-2__Fee-British","1","38","0","P","5","14","P Offer","P Liability Signal: 3;P Abandons: 2","3,2","0","true","","","9","0.85","0.10000000000000001","","",""
"Specification-MandatoryFilingAndAnswering__Cost-2__Fee-British","1","38","0","P","5","14","P Offer","P Liability Signal: 3;P Abandons: 2","3,2","0","true","","","10","0.95","0.10000000000000001","","",""
"Specification-MandatoryFilingAndAnswering__Cost-2__Fee-British","1","39","0","P","3","20","P Abandons","P Liability Signal: 4","4","0.1081","false","9.8422053777145475","9.8422053777145475","1","Yes","1","9.8422053777145475","0","true"
"Specification-MandatoryFilingAndAnswering__Cost-2__Fee-British","1","39","0","P","3","20","P Abandons","P Liability Signal: 4","4","0.1081","false","9.8422053777145475","9.8422053777145475","2","No","0","9.6365483870778483","0.20565699063669918","false"
"Specification-MandatoryFilingAndAnswering__Cost-2__Fee-British","1","40","0","P","5","14","P Offer","P Liability Signal: 4;P Abandons: 1","4,1","0.10810000000000002","false","9.8422053777145475","9.8422053777145475","1","0.05","0","9.7685537130472078","0.073651664667339745","false"
"Specification-MandatoryFilingAndAnswering__Cost-2__Fee-British","1","40","0","P","5","14","P Offer","P Liability Signal: 4;P Abandons: 1","4,1","0.10810000000000002","false","9.8422053777145475","9.8422053777145475","2","0.15","0","9.8257172080725823","0.0164881696419652","false"
"Specification-MandatoryFilingAndAnswering__Cost-2__Fee-British","1","40","0","P","5","14","P Offer","P Liability Signal: 4;P Abandons: 1","4,1","0.10810000000000002","false","9.8422053777145475","9.8422053777145475","3","0.25","0","9.8277782292778273","0.014427148436720216","false"
"Specification-MandatoryFilingAndAnswering__Cost-2__Fee-British","1","40","0","P","5","14","P Offer","P Liability Signal: 4;P Abandons: 1","4,1","0.10810000000000002","false","9.8422053777145475","9.8422053777145475","4","0.35","0","9.8298392504830741","0.012366127231473456","false"
"Specification-MandatoryFilingAndAnswering__Cost-2__Fee-British","1","40","0","P","5","14","P Offer","P Liability Signal: 4;P Abandons: 1","4,1","0.10810000000000002","false","9.8422053777145475","9.8422053777145475","5","0.45","0","9.831900271688319","0.010305106026228472","false"
"Specification-MandatoryFilingAndAnswering__Cost-2__Fee-British","1","40","0","P","5","14","P Offer","P Liability Signal: 4;P Abandons: 1","4,1","0.10810000000000002","false","9.8422053777145475","9.8422053777145475","6","0.55","0","9.833961292893564","0.0082440848209834883","false"
"Specification-MandatoryFilingAndAnswering__Cost-2__Fee-British","1","40","0","P","5","14","P Offer","P Liability Signal: 4;P Abandons: 1","4,1","0.10810000000000002","false","9.8422053777145475","9.8422053777145475","7","0.65","0","9.8360223140988108","0.006183063615736728","false"
"Specification-MandatoryFilingAndAnswering__Cost-2__Fee-British","1","40","0","P","5","14","P Offer","P Liability Signal: 4;P Abandons: 1","4,1","0.10810000000000002","false","9.8422053777145475","9.8422053777145475","8","0.75","0","9.8380833353040558","0.0041220424104917441","false"
"Specification-MandatoryFilingAndAnswering__Cost-2__Fee-British","1","40","0","P","5","14","P Offer","P Liability Signal: 4;P Abandons: 1","4,1","0.10810000000000002","false","9.8422053777145475","9.8422053777145475","9","0.85","0","9.8401443565093025","0.0020610212052449839","false"
"Specification-MandatoryFilingAndAnswering__Cost-2__Fee-British","1","40","0","P","5","14","P Offer","P Liability Signal: 4;P Abandons: 1","4,1","0.10810000000000002","false","9.8422053777145475","9.8422053777145475","10","0.95","1","9.8422053777145475","0","true"
"Specification-MandatoryFilingAndAnswering__Cost-2__Fee-British","1","41","0","P","5","14","P Offer","P Liability Signal: 4;P Abandons: 2","4,2","0","true","","","1","0.05","0.10000000000000001","","",""
"Specification-MandatoryFilingAndAnswering__Cost-2__Fee-British","1","41","0","P","5","14","P Offer","P Liability Signal: 4;P Abandons: 2","4,2","0","true","","","2","0.15","0.10000000000000001","","",""
"Specification-MandatoryFilingAndAnswering__Cost-2__Fee-British","1","41","0","P","5","14","P Offer","P Liability Signal: 4;P Abandons: 2","4,2","0","true","","","3","0.25","0.10000000000000001","","",""
"Specification-MandatoryFilingAndAnswering__Cost-2__Fee-British","1","41","0","P","5","14","P Offer","P Liability Signal: 4;P Abandons: 2","4,2","0","true","","","4","0.35","0.10000000000000001","","",""
"Specification-MandatoryFilingAndAnswering__Cost-2__Fee-British","1","41","0","P","5","14","P Offer","P Liability Signal: 4;P Abandons: 2","4,2","0","true","","","5","0.45","0.10000000000000001","","",""
"Specification-MandatoryFilingAndAnswering__Cost-2__Fee-British","1","41","0","P","5","14","P Offer","P Liability Signal: 4;P Abandons: 2","4,2","0","true","","","6","0.55","0.10000000000000001","","",""
"Specification-MandatoryFilingAndAnswering__Cost-2__Fee-British","1","41","0","P","5","14","P Offer","P Liability Signal: 4;P Abandons: 2","4,2","0","true","","","7","0.65","0.10000000000000001","","",""
"Specification-MandatoryFilingAndAnswering__Cost-2__Fee-British","1","41","0","P","5","14","P Offer","P Liability Signal: 4;P Abandons: 2","4,2","0","true","","","8","0.75","0.10000000000000001","","",""
"Specification-MandatoryFilingAndAnswering__Cost-2__Fee-British","1","41","0","P","5","14","P Offer","P Liability Signal: 4;P Abandons: 2","4,2","0","true","","","9","0.85","0.10000000000000001","","",""
"Specification-MandatoryFilingAndAnswering__Cost-2__Fee-British","1","41","0","P","5","14","P Offer","P Liability Signal: 4;P Abandons: 2","4,2","0","true","","","10","0.95","0.10000000000000001","","",""
"Specification-MandatoryFilingAndAnswering__Cost-2__Fee-British","1","42","0","P","3","20","P Abandons","P Liability Signal: 5","5","0.1076","false","9.9203576709939441","9.9203576709939441","1","Yes","0.55332921439188154","9.9203576709939441","0","true"
"Specification-MandatoryFilingAndAnswering__Cost-2__Fee-British","1","42","0","P","3","20","P Abandons","P Liability Signal: 5","5","0.1076","false","9.9203576709939441","9.9203576709939441","2","No","0.44667078560811846","9.9203576709939441","0","true"
"Specification-MandatoryFilingAndAnswering__Cost-2__Fee-British","1","43","0","P","5","14","P Offer","P Liability Signal: 5;P Abandons: 1","5,1","0.059538223468566458","false","9.9203576709939458","9.9203576709939458","1","0.05","0","9.786170571042609","0.13418709995133682","false"
"Specification-MandatoryFilingAndAnswering__Cost-2__Fee-British","1","43","0","P","5","14","P Offer","P Liability Signal: 5;P Abandons: 1","5,1","0.059538223468566458","false","9.9203576709939458","9.9203576709939458","2","0.15","0","9.8882100720227371","0.03214759897120878","false"
"Specification-MandatoryFilingAndAnswering__Cost-2__Fee-British","1","43","0","P","5","14","P Offer","P Liability Signal: 5;P Abandons: 1","5,1","0.059538223468566458","false","9.9203576709939458","9.9203576709939458","3","0.25","0","9.8922285218941397","0.028129149099806128","false"
"Specification-MandatoryFilingAndAnswering__Cost-2__Fee-British","1","43","0","P","5","14","P Offer","P Liability Signal: 5;P Abandons: 1","5,1","0.059538223468566458","false","9.9203576709939458","9.9203576709939458","4","0.35","0","9.8962469717655406","0.024110699228405252","false"
"Specification-MandatoryFilingAndAnswering__Cost-2__Fee-British","1","43","0","P","5","14","P Offer","P Liability Signal: 5;P Abandons: 1","5,1","0.059538223468566458","false","9.9203576709939458","9.9203576709939458","5","0.45","0","9.9002654216369415","0.020092249357004377","false"
"Specification-MandatoryFilingAndAnswering__Cost-2__Fee-British","1","43","0","P","5","14","P Offer","P Liability Signal: 5;P Abandons: 1","5,1","0.059538223468566458","false","9.9203576709939458","9.9203576709939458","6","0.55","0","9.9042838715083423","0.016073799485603502","false"
"Specification-MandatoryFilingAndAnswering__Cost-2__Fee-British","1","43","0","P","5","14","P Offer","P Liability Signal: 5;P Abandons: 1","5,1","0.059538223468566458","false","9.9203576709939458","9.9203576709939458","7","0.65","0","9.9083023213797414","0.012055349614204403","false"
"Specification-MandatoryFilingAndAnswering__Cost-2__Fee-British","1","43","0","P","5","14","P Offer","P Liability Signal: 5;P Abandons: 1","5,1","0.059538223468566458","false","9.9203576709939458","9.9203576709939458","8","0.75","0","9.9123207712511441","0.0080368997428017508","false"
"Specification-MandatoryFilingAndAnswering__Cost-2__Fee-British","1","43","0","P","5","14","P Offer","P Liability Signal: 5;P Abandons: 1","5,1","0.059538223468566458","false","9.9203576709939458","9.9203576709939458","9","0.85","0","9.9163392211225432","0.0040184498714026518","false"
"Specification-MandatoryFilingAndAnswering__Cost-2__Fee-British","1","43","0","P","5","14","P Offer","P Liability Signal: 5;P Abandons: 1","5,1","0.059538223468566458","false","9.9203576709939458","9.9203576709939458","10","0.95","1","9.9203576709939458","0","true"
"Specification-MandatoryFilingAndAnswering__Cost-2__Fee-British","1","44","0","P","5","14","P Offer","P Liability Signal: 5;P Abandons: 2","5,2","0.048061776531433537","false","9.9203576709939458","9.9203576709939458","1","0.05","0","9.7861705710426108","0.13418709995133504","false"
"Specification-MandatoryFilingAndAnswering__Cost-2__Fee-British","1","44","0","P","5","14","P Offer","P Liability Signal: 5;P Abandons: 2","5,2","0.048061776531433537","false","9.9203576709939458","9.9203576709939458","2","0.15","0","9.8882100720227371","0.03214759897120878","false"
"Specification-MandatoryFilingAndAnswering__Cost-2__Fee-British","1","44","0","P","5","14","P Offer","P Liability Signal: 5;P Abandons: 2","5,2","0.048061776531433537","false","9.9203576709939458","9.9203576709939458","3","0.25","0","9.8922285218941397","0.028129149099806128","false"
"Specification-MandatoryFilingAndAnswering__Cost-2__Fee-British","1","44","0","P","5","14","P Offer","P Liability Signal: 5;P Abandons: 2","5,2","0.048061776531433537","false","9.9203576709939458","9.9203576709939458","4","0.35","0","9.8962469717655406","0.024110699228405252","false"
"Specification-MandatoryFilingAndAnswering__Cost-2__Fee-British","1","44","0","P","5","14","P Offer","P Liability Signal: 5;P Abandons: 2","5,2","0.048061776531433537","false","9.9203576709939458","9.9203576709939458","5","0.45","0","9.9002654216369415","0.020092249357004377","false"
"Specification-MandatoryFilingAndAnswering__Cost-2__Fee-British","1","44","0","P","5","14","P Offer","P Liability Signal: 5;P Abandons: 2","5,2","0.048061776531433537","false","9.9203576709939458","9.9203576709939458","6","0.55","0","9.9042838715083423","0.016073799485603502","false"
"Specification-MandatoryFilingAndAnswering__Cost-2__Fee-British","1","44","0","P","5","14","P Offer","P Liability Signal: 5;P Abandons: 2","5,2","0.048061776531433537","false","9.9203576709939458","9.9203576709939458","7","0.65","0","9.9083023213797432","0.012055349614202626","false"
"Specification-MandatoryFilingAndAnswering__Cost-2__Fee-British","1","44","0","P","5","14","P Offer","P Liability Signal: 5;P Abandons: 2","5,2","0.048061776531433537","false","9.9203576709939458","9.9203576709939458","8","0.75","0","9.9123207712511441","0.0080368997428017508","false"
"Specification-MandatoryFilingAndAnswering__Cost-2__Fee-British","1","44","0","P","5","14","P Offer","P Liability Signal: 5;P Abandons: 2","5,2","0.048061776531433537","false","9.9203576709939458","9.9203576709939458","9","0.85","0","9.916339221122545","0.0040184498714008754","false"
"Specification-MandatoryFilingAndAnswering__Cost-2__Fee-British","1","44","0","P","5","14","P Offer","P Liability Signal: 5;P Abandons: 2","5,2","0.048061776531433537","false","9.9203576709939458","9.9203576709939458","10","0.95","1","9.9203576709939458","0","true"
"Specification-MandatoryFilingAndAnswering__Cost-2__Fee-British","1","45","0","P","3","20","P Abandons","P Liability Signal: 6","6","0.10759999999999999","false","10.198934437998563","10.198934437998563","1","Yes","0","9.9710313055926125","0.22790313240595061","false"
"Specification-MandatoryFilingAndAnswering__Cost-2__Fee-British","1","45","0","P","3","20","P Abandons","P Liability Signal: 6","6","0.10759999999999999","false","10.198934437998563","10.198934437998563","2","No","1","10.198934437998563","0","true"
"Specification-MandatoryFilingAndAnswering__Cost-2__Fee-British","1","46","0","P","5","14","P Offer","P Liability Signal: 6;P Abandons: 1","6,1","0","true","","","1","0.05","0.10000000000000001","","",""
"Specification-MandatoryFilingAndAnswering__Cost-2__Fee-British","1","46","0","P","5","14","P Offer","P Liability Signal: 6;P Abandons: 1","6,1","0","true","","","2","0.15","0.10000000000000001","","",""
"Specification-MandatoryFilingAndAnswering__Cost-2__Fee-British","1","46","0","P","5","14","P Offer","P Liability Signal: 6;P Abandons: 1","6,1","0","true","","","3","0.25","0.10000000000000001","","",""
"Specification-MandatoryFilingAndAnswering__Cost-2__Fee-British","1","46","0","P","5","14","P Offer","P Liability Signal: 6;P Abandons: 1","6,1","0","true","","","4","0.35","0.10000000000000001","","",""
"Specification-MandatoryFilingAndAnswering__Cost-2__Fee-British","1","46","0","P","5","14","P Offer","P Liability Signal: 6;P Abandons: 1","6,1","0","true","","","5","0.45","0.10000000000000001","","",""
"Specification-MandatoryFilingAndAnswering__Cost-2__Fee-British","1","46","0","P","5","14","P Offer","P Liability Signal: 6;P Abandons: 1","6,1","0","true","","","6","0.55","0.10000000000000001","","",""
"Specification-MandatoryFilingAndAnswering__Cost-2__Fee-British","1","46","0","P","5","14","P Offer","P Liability Signal: 6;P Abandons: 1","6,1","0","true","","","7","0.65","0.10000000000000001","","",""
"Specification-MandatoryFilingAndAnswering__Cost-2__Fee-British","1","46","0","P","5","14","P Offer","P Liability Signal: 6;P Abandons: 1","6,1","0","true","","","8","0.75","0.10000000000000001","","",""
"Specification-MandatoryFilingAndAnswering__Cost-2__Fee-British","1","46","0","P","5","14","P Offer","P Liability Signal: 6;P Abandons: 1","6,1","0","true","","","9","0.85","0.10000000000000001","","",""
"Specification-MandatoryFilingAndAnswering__Cost-2__Fee-British","1","46","0","P","5","14","P Offer","P Liability Signal: 6;P Abandons: 1","6,1","0","true","","","10","0.95","0.10000000000000001","","",""
"Specification-MandatoryFilingAndAnswering__Cost-2__Fee-British","1","47","0","P","5","14","P Offer","P Liability Signal: 6;P Abandons: 2","6,2","0.1076","false","10.198934437998561","10.198934437998561","1","0.05","0","9.8129153328646552","0.38601910513390614","false"
"Specification-MandatoryFilingAndAnswering__Cost-2__Fee-British","1","47","0","P","5","14","P Offer","P Liability Signal: 6;P Abandons: 2","6,2","0.1076","false","10.198934437998561","10.198934437998561","2","0.15","0","10.143013717407756","0.055920720590805217","false"
"Specification-MandatoryFilingAndAnswering__Cost-2__Fee-British","1","47","0","P","5","14","P Offer","P Liability Signal: 6;P Abandons: 2","6,2","0.1076","false","10.198934437998561","10.198934437998561","3","0.25","0","10.150003807481607","0.048930630516954565","false"
"Specification-MandatoryFilingAndAnswering__Cost-2__Fee-British","1","47","0","P","5","14","P Offer","P Liability Signal: 6;P Abandons: 2","6,2","0.1076","false","10.198934437998561","10.198934437998561","4","0.35","0","10.156993897555457","0.041940540443103913","false"
"Specification-MandatoryFilingAndAnswering__Cost-2__Fee-British","1","47","0","P","5","14","P Offer","P Liability Signal: 6;P Abandons: 2","6,2","0.1076","false","10.198934437998561","10.198934437998561","5","0.45","0","10.163983987629306","0.034950450369255037","false"
"Specification-MandatoryFilingAndAnswering__Cost-2__Fee-British","1","47","0","P","5","14","P Offer","P Liability Signal: 6;P Abandons: 2","6,2","0.1076","false","10.198934437998561","10.198934437998561","6","0.55","0","10.170974077703159","0.027960360295402609","false"
"Specification-MandatoryFilingAndAnswering__Cost-2__Fee-British","1","47","0","P","5","14","P Offer","P Liability Signal: 6;P Abandons: 2","6,2","0.1076","false","10.198934437998561","10.198934437998561","7","0.65","0","10.177964167777011","0.02097027022155018","false"
"Specification-MandatoryFilingAndAnswering__Cost-2__Fee-British","1","47","0","P","5","14","P Offer","P Liability Signal: 6;P Abandons: 2","6,2","0.1076","false","10.198934437998561","10.198934437998561","8","0.75","0","10.184954257850862","0.013980180147699528","false"
"Specification-MandatoryFilingAndAnswering__Cost-2__Fee-British","1","47","0","P","5","14","P Offer","P Liability Signal: 6;P Abandons: 2","6,2","0.1076","false","10.198934437998561","10.198934437998561","9","0.85","0","10.191944347924711","0.0069900900738506522","false"
"Specification-MandatoryFilingAndAnswering__Cost-2__Fee-British","1","47","0","P","5","14","P Offer","P Liability Signal: 6;P Abandons: 2","6,2","0.1076","false","10.198934437998561","10.198934437998561","10","0.95","1","10.198934437998561","0","true"
"Specification-MandatoryFilingAndAnswering__Cost-2__Fee-British","1","48","0","P","3","20","P Abandons","P Liability Signal: 7","7","0.10809999999999999","false","10.415018273006075","10.415018273006075","1","Yes","0","10.050815298737897","0.36420297426817783","false"
"Specification-MandatoryFilingAndAnswering__Cost-2__Fee-British","1","48","0","P","3","20","P Abandons","P Liability Signal: 7","7","0.10809999999999999","false","10.415018273006075","10.415018273006075","2","No","1","10.415018273006075","0","true"
"Specification-MandatoryFilingAndAnswering__Cost-2__Fee-British","1","49","0","P","5","14","P Offer","P Liability Signal: 7;P Abandons: 1","7,1","0","true","","","1","0.05","0.10000000000000001","","",""
"Specification-MandatoryFilingAndAnswering__Cost-2__Fee-British","1","49","0","P","5","14","P Offer","P Liability Signal: 7;P Abandons: 1","7,1","0","true","","","2","0.15","0.10000000000000001","","",""
"Specification-MandatoryFilingAndAnswering__Cost-2__Fee-British","1","49","0","P","5","14","P Offer","P Liability Signal: 7;P Abandons: 1","7,1","0","true","","","3","0.25","0.10000000000000001","","",""
"Specification-MandatoryFilingAndAnswering__Cost-2__Fee-British","1","49","0","P","5","14","P Offer","P Liability Signal: 7;P Abandons: 1","7,1","0","true","","","4","0.35","0.10000000000000001","","",""
"Specification-MandatoryFilingAndAnswering__Cost-2__Fee-British","1","49","0","P","5","14","P Offer","P Liability Signal: 7;P Abandons: 1","7,1","0","true","","","5","0.45","0.10000000000000001","","",""
"Specification-MandatoryFilingAndAnswering__Cost-2__Fee-British","1","49","0","P","5","14","P Offer","P Liability Signal: 7;P Abandons: 1","7,1","0","true","","","6","0.55","0.10000000000000001","","",""
"Specification-MandatoryFilingAndAnswering__Cost-2__Fee-British","1","49","0","P","5","14","P Offer","P Liability Signal: 7;P Abandons: 1","7,1","0","true","","","7","0.65","0.10000000000000001","","",""
"Specification-MandatoryFilingAndAnswering__Cost-2__Fee-British","1","49","0","P","5","14","P Offer","P Liability Signal: 7;P Abandons: 1","7,1","0","true","","","8","0.75","0.10000000000000001","","",""
"Specification-MandatoryFilingAndAnswering__Cost-2__Fee-British","1","49","0","P","5","14","P Offer","P Liability Signal: 7;P Abandons: 1","7,1","0","true","","","9","0.85","0.10000000000000001","","",""
"Specification-MandatoryFilingAndAnswering__Cost-2__Fee-British","1","49","0","P","5","14","P Offer","P Liability Signal: 7;P Abandons: 1","7,1","0","true","","","10","0.95","0.10000000000000001","","",""
"Specification-MandatoryFilingAndAnswering__Cost-2__Fee-British","1","50","0","P","5","14","P Offer","P Liability Signal: 7;P Abandons: 2","7,2","0.10809999999999999","false","10.415018273006075","10.415018273006075","1","0.05","0","9.8462368549994306","0.56878141800664395","false"
"Specification-MandatoryFilingAndAnswering__Cost-2__Fee-British","1","50","0","P","5","14","P Offer","P Liability Signal: 7;P Abandons: 2","7,2","0.10809999999999999","false","10.415018273006075","10.415018273006075","2","0.15","0","10.329478421628799","0.085539851377275156","false"
"Specification-MandatoryFilingAndAnswering__Cost-2__Fee-British","1","50","0","P","5","14","P Offer","P Liability Signal: 7;P Abandons: 2","7,2","0.10809999999999999","false","10.415018273006075","10.415018273006075","3","0.25","0","10.340170903050959","0.074847369955115539","false"
"Specification-MandatoryFilingAndAnswering__Cost-2__Fee-British","1","50","0","P","5","14","P Offer","P Liability Signal: 7;P Abandons: 2","7,2","0.10809999999999999","false","10.415018273006075","10.415018273006075","4","0.35","0","10.35086338447312","0.064154888532954146","false"
"Specification-MandatoryFilingAndAnswering__Cost-2__Fee-British","1","50","0","P","5","14","P Offer","P Liability Signal: 7;P Abandons: 2","7,2","0.10809999999999999","false","10.415018273006075","10.415018273006075","5","0.45","0","10.361555865895276","0.053462407110798082","false"
"Specification-MandatoryFilingAndAnswering__Cost-2__Fee-British","1","50","0","P","5","14","P Offer","P Liability Signal: 7;P Abandons: 2","7,2","0.10809999999999999","false","10.415018273006075","10.415018273006075","6","0.55","0","10.372248347317436","0.042769925688638466","false"
"Specification-MandatoryFilingAndAnswering__Cost-2__Fee-British","1","50","0","P","5","14","P Offer","P Liability Signal: 7;P Abandons: 2","7,2","0.10809999999999999","false","10.415018273006075","10.415018273006075","7","0.65","0","10.382940828739597","0.032077444266477073","false"
"Specification-MandatoryFilingAndAnswering__Cost-2__Fee-British","1","50","0","P","5","14","P Offer","P Liability Signal: 7;P Abandons: 2","7,2","0.10809999999999999","false","10.415018273006075","10.415018273006075","8","0.75","0","10.393633310161754","0.021384962844321009","false"
"Specification-MandatoryFilingAndAnswering__Cost-2__Fee-British","1","50","0","P","5","14","P Offer","P Liability Signal: 7;P Abandons: 2","7,2","0.10809999999999999","false","10.415018273006075","10.415018273006075","9","0.85","0","10.404325791583913","0.010692481422161393","false"
"Specification-MandatoryFilingAndAnswering__Cost-2__Fee-British","1","50","0","P","5","14","P Offer","P Liability Signal: 7;P Abandons: 2","7,2","0.10809999999999999","false","10.415018273006075","10.415018273006075","10","0.95","1","10.415018273006075","0","true"
"Specification-MandatoryFilingAndAnswering__Cost-2__Fee-British","1","51","0","P","3","20","P Abandons","P Liability Signal: 8","8","0.10618","false","10.55214926794868","10.55214926794868","1","Yes","0","10.119714953021816","0.43243431492686391","false"
"Specification-MandatoryFilingAndAnswering__Cost-2__Fee-British","1","51","0","P","3","20","P Abandons","P Liability Signal: 8","8","0.10618","false","10.55214926794868","10.55214926794868","2","No","1","10.55214926794868","0","true"
"Specification-MandatoryFilingAndAnswering__Cost-2__Fee-British","1","52","0","P","5","14","P Offer","P Liability Signal: 8;P Abandons: 1","8,1","0","true","","","1","0.05","0.10000000000000001","","",""
"Specification-MandatoryFilingAndAnswering__Cost-2__Fee-British","1","52","0","P","5","14","P Offer","P Liability Signal: 8;P Abandons: 1","8,1","0","true","","","2","0.15","0.10000000000000001","","",""
"Specification-MandatoryFilingAndAnswering__Cost-2__Fee-British","1","52","0","P","5","14","P Offer","P Liability Signal: 8;P Abandons: 1","8,1","0","true","","","3","0.25","0.10000000000000001","","",""
"Specification-MandatoryFilingAndAnswering__Cost-2__Fee-British","1","52","0","P","5","14","P Offer","P Liability Signal: 8;P Abandons: 1","8,1","0","true","","","4","0.35","0.10000000000000001","","",""
"Specification-MandatoryFilingAndAnswering__Cost-2__Fee-British","1","52","0","P","5","14","P Offer","P Liability Signal: 8;P Abandons: 1","8,1","0","true","","","5","0.45","0.10000000000000001","","",""
"Specification-MandatoryFilingAndAnswering__Cost-2__Fee-British","1","52","0","P","5","14","P Offer","P Liability Signal: 8;P Abandons: 1","8,1","0","true","","","6","0.55","0.10000000000000001","","",""
"Specification-MandatoryFilingAndAnswering__Cost-2__Fee-British","1","52","0","P","5","14","P Offer","P Liability Signal: 8;P Abandons: 1","8,1","0","true","","","7","0.65","0.10000000000000001","","",""
"Specification-MandatoryFilingAndAnswering__Cost-2__Fee-British","1","52","0","P","5","14","P Offer","P Liability Signal: 8;P Abandons: 1","8,1","0","true","","","8","0.75","0.10000000000000001","","",""
"Specification-MandatoryFilingAndAnswering__Cost-2__Fee-British","1","52","0","P","5","14","P Offer","P Liability Signal: 8;P Abandons: 1","8,1","0","true","","","9","0.85","0.10000000000000001","","",""
"Specification-MandatoryFilingAndAnswering__Cost-2__Fee-British","1","52","0","P","5","14","P Offer","P Liability Signal: 8;P Abandons: 1","8,1","0","true","","","10","0.95","0.10000000000000001","","",""
"Specification-MandatoryFilingAndAnswering__Cost-2__Fee-British","1","53","0","P","5","14","P Offer","P Liability Signal: 8;P Abandons: 2","8,2","0.10617999999999998","false","10.55214926794868","10.55214926794868","1","0.05","0","9.8805855443852089","0.67156372356347127","false"
"Specification-MandatoryFilingAndAnswering__Cost-2__Fee-British","1","53","0","P","5","14","P Offer","P Liability Signal: 8;P Abandons: 2","8,2","0.10617999999999998","false","10.55214926794868","10.55214926794868","2","0.15","0","10.436077248228498","0.11607201972018188","false"
"Specification-MandatoryFilingAndAnswering__Cost-2__Fee-British","1","53","0","P","5","14","P Offer","P Liability Signal: 8;P Abandons: 2","8,2","0.10617999999999998","false","10.55214926794868","10.55214926794868","3","0.25","0","10.450586250693522","0.10156301725515782","false"
"Specification-MandatoryFilingAndAnswering__Cost-2__Fee-British","1","53","0","P","5","14","P Offer","P Liability Signal: 8;P Abandons: 2","8,2","0.10617999999999998","false","10.55214926794868","10.55214926794868","4","0.35","0","10.465095253158545","0.087054014790135525","false"
"Specification-MandatoryFilingAndAnswering__Cost-2__Fee-British","1","53","0","P","5","14","P Offer","P Liability Signal: 8;P Abandons: 2","8,2","0.10617999999999998","false","10.55214926794868","10.55214926794868","5","0.45","0","10.479604255623569","0.072545012325111458","false"
"Specification-MandatoryFilingAndAnswering__Cost-2__Fee-British","1","53","0","P","5","14","P Offer","P Liability Signal: 8;P Abandons: 2","8,2","0.10617999999999998","false","10.55214926794868","10.55214926794868","6","0.55","0","10.494113258088591","0.058036009860089166","false"
"Specification-MandatoryFilingAndAnswering__Cost-2__Fee-British","1","53","0","P","5","14","P Offer","P Liability Signal: 8;P Abandons: 2","8,2","0.10617999999999998","false","10.55214926794868","10.55214926794868","7","0.65","0","10.508622260553613","0.043527007395066875","false"
"Specification-MandatoryFilingAndAnswering__Cost-2__Fee-British","1","53","0","P","5","14","P Offer","P Liability Signal: 8;P Abandons: 2","8,2","0.10617999999999998","false","10.55214926794868","10.55214926794868","8","0.75","0","10.523131263018637","0.029018004930042807","false"
"Specification-MandatoryFilingAndAnswering__Cost-2__Fee-British","1","53","0","P","5","14","P Offer","P Liability Signal: 8;P Abandons: 2","8,2","0.10617999999999998","false","10.55214926794868","10.55214926794868","9","0.85","0","10.53764026548366","0.014509002465020515","false"
"Specification-MandatoryFilingAndAnswering__Cost-2__Fee-British","1","53","0","P","5","14","P Offer","P Liability Signal: 8;P Abandons: 2","8,2","0.10617999999999998","false","10.55214926794868","10.55214926794868","10","0.95","1","10.55214926794868","0","true"
"Specification-MandatoryFilingAndAnswering__Cost-2__Fee-British","1","54","0","P","3","20","P Abandons","P Liability Signal: 9","9","0.097680000000000003","false","10.625797495041164","10.625797495041164","1","Yes","0","10.172057686481205","0.4537398085599591","false"
"Specification-MandatoryFilingAndAnswering__Cost-2__Fee-British","1","54","0","P","3","20","P Abandons","P Liability Signal: 9","9","0.097680000000000003","false","10.625797495041164","10.625797495041164","2","No","1","10.625797495041164","0","true"
"Specification-MandatoryFilingAndAnswering__Cost-2__Fee-British","1","55","0","P","5","14","P Offer","P Liability Signal: 9;P Abandons: 1","9,1","0","true","","","1","0.05","0.10000000000000001","","",""
"Specification-MandatoryFilingAndAnswering__Cost-2__Fee-British","1","55","0","P","5","14","P Offer","P Liability Signal: 9;P Abandons: 1","9,1","0","true","","","2","0.15","0.10000000000000001","","",""
"Specification-MandatoryFilingAndAnswering__Cost-2__Fee-British","1","55","0","P","5","14","P Offer","P Liability Signal: 9;P Abandons: 1","9,1","0","true","","","3","0.25","0.10000000000000001","","",""
"Specification-MandatoryFilingAndAnswering__Cost-2__Fee-British","1","55","0","P","5","14","P Offer","P Liability Signal: 9;P Abandons: 1","9,1","0","true","","","4","0.35","0.10000000000000001","","",""
"Specification-MandatoryFilingAndAnswering__Cost-2__Fee-British","1","55","0","P","5","14","P Offer","P Liability Signal: 9;P Abandons: 1","9,1","0","true","","","5","0.45","0.10000000000000001","","",""
"Specification-MandatoryFilingAndAnswering__Cost-2__Fee-British","1","55","0","P","5","14","P Offer","P Liability Signal: 9;P Abandons: 1","9,1","0","true","","","6","0.55","0.10000000000000001","","",""
"Specification-MandatoryFilingAndAnswering__Cost-2__Fee-British","1","55","0","P","5","14","P Offer","P Liability Signal: 9;P Abandons: 1","9,1","0","true","","","7","0.65","0.10000000000000001","","",""
"Specification-MandatoryFilingAndAnswering__Cost-2__Fee-British","1","55","0","P","5","14","P Offer","P Liability Signal: 9;P Abandons: 1","9,1","0","true","","","8","0.75","0.10000000000000001","","",""
"Specification-MandatoryFilingAndAnswering__Cost-2__Fee-British","1","55","0","P","5","14","P Offer","P Liability Signal: 9;P Abandons: 1","9,1","0","true","","","9","0.85","0.10000000000000001","","",""
"Specification-MandatoryFilingAndAnswering__Cost-2__Fee-British","1","55","0","P","5","14","P Offer","P Liability Signal: 9;P Abandons: 1","9,1","0","true","","","10","0.95","0.10000000000000001","","",""
"Specification-MandatoryFilingAndAnswering__Cost-2__Fee-British","1","56","0","P","5","14","P Offer","P Liability Signal: 9;P Abandons: 2","9,2","0.097680000000000003","false","10.625797495041164","10.625797495041164","1","0.05","0","9.910899768107079","0.71489772693408504","false"
"Specification-MandatoryFilingAndAnswering__Cost-2__Fee-British","1","56","0","P","5","14","P Offer","P Liability Signal: 9;P Abandons: 2","9,2","0.097680000000000003","false","10.625797495041164","10.625797495041164","2","0.15","0","10.482779498679315","0.14301799636184853","false"
"Specification-MandatoryFilingAndAnswering__Cost-2__Fee-British","1","56","0","P","5","14","P Offer","P Liability Signal: 9;P Abandons: 2","9,2","0.097680000000000003","false","10.625797495041164","10.625797495041164","3","0.25","0","10.500656748224547","0.12514074681661747","false"
"Specification-MandatoryFilingAndAnswering__Cost-2__Fee-British","1","56","0","P","5","14","P Offer","P Liability Signal: 9;P Abandons: 2","9,2","0.097680000000000003","false","10.625797495041164","10.625797495041164","4","0.35","0","10.518533997769778","0.1072634972713864","false"
"Specification-MandatoryFilingAndAnswering__Cost-2__Fee-British","1","56","0","P","5","14","P Offer","P Liability Signal: 9;P Abandons: 2","9,2","0.097680000000000003","false","10.625797495041164","10.625797495041164","5","0.45","0","10.536411247315009","0.089386247726155332","false"
"Specification-MandatoryFilingAndAnswering__Cost-2__Fee-British","1","56","0","P","5","14","P Offer","P Liability Signal: 9;P Abandons: 2","9,2","0.097680000000000003","false","10.625797495041164","10.625797495041164","6","0.55","0","10.554288496860238","0.071508998180926042","false"
"Specification-MandatoryFilingAndAnswering__Cost-2__Fee-British","1","56","0","P","5","14","P Offer","P Liability Signal: 9;P Abandons: 2","9,2","0.097680000000000003","false","10.625797495041164","10.625797495041164","7","0.65","0","10.572165746405471","0.053631748635693199","false"
"Specification-MandatoryFilingAndAnswering__Cost-2__Fee-British","1","56","0","P","5","14","P Offer","P Liability Signal: 9;P Abandons: 2","9,2","0.097680000000000003","false","10.625797495041164","10.625797495041164","8","0.75","0","10.590042995950702","0.035754499090462133","false"
"Specification-MandatoryFilingAndAnswering__Cost-2__Fee-British","1","56","0","P","5","14","P Offer","P Liability Signal: 9;P Abandons: 2","9,2","0.097680000000000003","false","10.625797495041164","10.625797495041164","9","0.85","0","10.607920245495931","0.017877249545232843","false"
"Specification-MandatoryFilingAndAnswering__Cost-2__Fee-British","1","56","0","P","5","14","P Offer","P Liability Signal: 9;P Abandons: 2","9,2","0.097680000000000003","false","10.625797495041164","10.625797495041164","10","0.95","1","10.625797495041164","0","true"
"Specification-MandatoryFilingAndAnswering__Cost-2__Fee-British","1","57","0","P","3","20","P Abandons","P Liability Signal: 10","10","0.080430000000000001","false","10.6606979585203","10.6606979585203","1","Yes","0","10.208753575380078","0.45194438314022278","false"
"Specification-MandatoryFilingAndAnswering__Cost-2__Fee-British","1","57","0","P","3","20","P Abandons","P Liability Signal: 10","10","0.080430000000000001","false","10.6606979585203","10.6606979585203","2","No","1","10.6606979585203","0","true"
"Specification-MandatoryFilingAndAnswering__Cost-2__Fee-British","1","58","0","P","5","14","P Offer","P Liability Signal: 10;P Abandons: 1","10,1","0","true","","","1","0.05","0.10000000000000001","","",""
"Specification-MandatoryFilingAndAnswering__Cost-2__Fee-British","1","58","0","P","5","14","P Offer","P Liability Signal: 10;P Abandons: 1","10,1","0","true","","","2","0.15","0.10000000000000001","","",""
"Specification-MandatoryFilingAndAnswering__Cost-2__Fee-British","1","58","0","P","5","14","P Offer","P Liability Signal: 10;P Abandons: 1","10,1","0","true","","","3","0.25","0.10000000000000001","","",""
"Specification-MandatoryFilingAndAnswering__Cost-2__Fee-British","1","58","0","P","5","14","P Offer","P Liability Signal: 10;P Abandons: 1","10,1","0","true","","","4","0.35","0.10000000000000001","","",""
"Specification-MandatoryFilingAndAnswering__Cost-2__Fee-British","1","58","0","P","5","14","P Offer","P Liability Signal: 10;P Abandons: 1","10,1","0","true","","","5","0.45","0.10000000000000001","","",""
"Specification-MandatoryFilingAndAnswering__Cost-2__Fee-British","1","58","0","P","5","14","P Offer","P Liability Signal: 10;P Abandons: 1","10,1","0","true","","","6","0.55","0.10000000000000001","","",""
"Specification-MandatoryFilingAndAnswering__Cost-2__Fee-British","1","58","0","P","5","14","P Offer","P Liability Signal: 10;P Abandons: 1","10,1","0","true","","","7","0.65","0.10000000000000001","","",""
"Specification-MandatoryFilingAndAnswering__Cost-2__Fee-British","1","58","0","P","5","14","P Offer","P Liability Signal: 10;P Abandons: 1","10,1","0","true","","","8","0.75","0.10000000000000001","","",""
"Specification-MandatoryFilingAndAnswering__Cost-2__Fee-British","1","58","0","P","5","14","P Offer","P Liability Signal: 10;P Abandons: 1","10,1","0","true","","","9","0.85","0.10000000000000001","","",""
"Specification-MandatoryFilingAndAnswering__Cost-2__Fee-British","1","58","0","P","5","14","P Offer","P Liability Signal: 10;P Abandons: 1","10,1","0","true","","","10","0.95","0.10000000000000001","","",""
"Specification-MandatoryFilingAndAnswering__Cost-2__Fee-British","1","59","0","P","5","14","P Offer","P Liability Signal: 10;P Abandons: 2","10,2","0.080430000000000001","false","10.6606979585203","10.6606979585203","1","0.05","0","9.9350102986621458","0.72568765985815453","false"
"Specification-MandatoryFilingAndAnswering__Cost-2__Fee-British","1","59","0","P","5","14","P Offer","P Liability Signal: 10;P Abandons: 2","10,2","0.080430000000000001","false","10.6606979585203","10.6606979585203","2","0.15","0","10.496248379442838","0.16444957907746272","false"
"Specification-MandatoryFilingAndAnswering__Cost-2__Fee-British","1","59","0","P","5","14","P Offer","P Liability Signal: 10;P Abandons: 2","10,2","0.080430000000000001","false","10.6606979585203","10.6606979585203","3","0.25","0","10.51680457682752","0.14389338169278076","false"
"Specification-MandatoryFilingAndAnswering__Cost-2__Fee-British","1","59","0","P","5","14","P Offer","P Liability Signal: 10;P Abandons: 2","10,2","0.080430000000000001","false","10.6606979585203","10.6606979585203","4","0.35","0","10.537360774212202","0.12333718430809881","false"
"Specification-MandatoryFilingAndAnswering__Cost-2__Fee-British","1","59","0","P","5","14","P Offer","P Liability Signal: 10;P Abandons: 2","10,2","0.080430000000000001","false","10.6606979585203","10.6606979585203","5","0.45","0","10.557916971596885","0.10278098692341509","false"
"Specification-MandatoryFilingAndAnswering__Cost-2__Fee-British","1","59","0","P","5","14","P Offer","P Liability Signal: 10;P Abandons: 2","10,2","0.080430000000000001","false","10.6606979585203","10.6606979585203","6","0.55","0","10.578473168981567","0.082224789538733134","false"
"Specification-MandatoryFilingAndAnswering__Cost-2__Fee-British","1","59","0","P","5","14","P Offer","P Liability Signal: 10;P Abandons: 2","10,2","0.080430000000000001","false","10.6606979585203","10.6606979585203","7","0.65","0","10.599029366366251","0.061668592154049406","false"
"Specification-MandatoryFilingAndAnswering__Cost-2__Fee-British","1","59","0","P","5","14","P Offer","P Liability Signal: 10;P Abandons: 2","10,2","0.080430000000000001","false","10.6606979585203","10.6606979585203","8","0.75","0","10.619585563750933","0.041112394769367455","false"
"Specification-MandatoryFilingAndAnswering__Cost-2__Fee-British","1","59","0","P","5","14","P Offer","P Liability Signal: 10;P Abandons: 2","10,2","0.080430000000000001","false","10.6606979585203","10.6606979585203","9","0.85","0","10.640141761135617","0.020556197384683728","false"
"Specification-MandatoryFilingAndAnswering__Cost-2__Fee-British","1","59","0","P","5","14","P Offer","P Liability Signal: 10;P Abandons: 2","10,2","0.080430000000000001","false","10.6606979585203","10.6606979585203","10","0.95","1","10.6606979585203","0","true"
"Specification-MandatoryFilingAndAnswering__Cost-2__Fee-British","1","1","1","D","4","21","D Defaults","D Liability Signal: 1","1","0.080450619999999987","false","9.6606881078329554","9.6606881078329554","1","Yes","0","9.208763601021607","0.45192450681134844","false"
"Specification-MandatoryFilingAndAnswering__Cost-2__Fee-British","1","1","1","D","4","21","D Defaults","D Liability Signal: 1","1","0.080450619999999987","false","9.6606881078329554","9.6606881078329554","2","No","1","9.6606881078329554","0","true"
"Specification-MandatoryFilingAndAnswering__Cost-2__Fee-British","1","3","1","D","6","15","D Offer","D Liability Signal: 1;D Defaults: 1","1,1","0","true","","","1","0.05","0.10000000000000001","","",""
"Specification-MandatoryFilingAndAnswering__Cost-2__Fee-British","1","3","1","D","6","15","D Offer","D Liability Signal: 1;D Defaults: 1","1,1","0","true","","","2","0.15","0.10000000000000001","","",""
"Specification-MandatoryFilingAndAnswering__Cost-2__Fee-British","1","3","1","D","6","15","D Offer","D Liability Signal: 1;D Defaults: 1","1,1","0","true","","","3","0.25","0.10000000000000001","","",""
"Specification-MandatoryFilingAndAnswering__Cost-2__Fee-British","1","3","1","D","6","15","D Offer","D Liability Signal: 1;D Defaults: 1","1,1","0","true","","","4","0.35","0.10000000000000001","","",""
"Specification-MandatoryFilingAndAnswering__Cost-2__Fee-British","1","3","1","D","6","15","D Offer","D Liability Signal: 1;D Defaults: 1","1,1","0","true","","","5","0.45","0.10000000000000001","","",""
"Specification-MandatoryFilingAndAnswering__Cost-2__Fee-British","1","3","1","D","6","15","D Offer","D Liability Signal: 1;D Defaults: 1","1,1","0","true","","","6","0.55","0.10000000000000001","","",""
"Specification-MandatoryFilingAndAnswering__Cost-2__Fee-British","1","3","1","D","6","15","D Offer","D Liability Signal: 1;D Defaults: 1","1,1","0","true","","","7","0.65","0.10000000000000001","","",""
"Specification-MandatoryFilingAndAnswering__Cost-2__Fee-British","1","3","1","D","6","15","D Offer","D Liability Signal: 1;D Defaults: 1","1,1","0","true","","","8","0.75","0.10000000000000001","","",""
"Specification-MandatoryFilingAndAnswering__Cost-2__Fee-British","1","3","1","D","6","15","D Offer","D Liability Signal: 1;D Defaults: 1","1,1","0","true","","","9","0.85","0.10000000000000001","","",""
"Specification-MandatoryFilingAndAnswering__Cost-2__Fee-British","1","3","1","D","6","15","D Offer","D Liability Signal: 1;D Defaults: 1","1,1","0","true","","","10","0.95","0.10000000000000001","","",""
"Specification-MandatoryFilingAndAnswering__Cost-2__Fee-British","1","4","1","D","6","15","D Offer","D Liability Signal: 1;D Defaults: 2","1,2","0.080450619999999987","false","9.6606881078329554","9.6606881078329554","1","0.05","1","9.6606881078329554","0","true"
"Specification-MandatoryFilingAndAnswering__Cost-2__Fee-British","1","4","1","D","6","15","D Offer","D Liability Signal: 1;D Defaults: 2","1,2","0.080450619999999987","false","9.6606881078329554","9.6606881078329554","2","0.15","0","9.6401284574536792","0.020559650379276206","false"
"Specification-MandatoryFilingAndAnswering__Cost-2__Fee-British","1","4","1","D","6","15","D Offer","D Liability Signal: 1;D Defaults: 2","1,2","0.080450619999999987","false","9.6606881078329554","9.6606881078329554","3","0.25","0","9.619568807074403","0.041119300758552413","false"
"Specification-MandatoryFilingAndAnswering__Cost-2__Fee-British","1","4","1","D","6","15","D Offer","D Liability Signal: 1;D Defaults: 2","1,2","0.080450619999999987","false","9.6606881078329554","9.6606881078329554","4","0.35","0","9.5990091566951268","0.061678951137828619","false"
"Specification-MandatoryFilingAndAnswering__Cost-2__Fee-British","1","4","1","D","6","15","D Offer","D Liability Signal: 1;D Defaults: 2","1,2","0.080450619999999987","false","9.6606881078329554","9.6606881078329554","5","0.45","0","9.5784495063158523","0.082238601517103049","false"
"Specification-MandatoryFilingAndAnswering__Cost-2__Fee-British","1","4","1","D","6","15","D Offer","D Liability Signal: 1;D Defaults: 2","1,2","0.080450619999999987","false","9.6606881078329554","9.6606881078329554","6","0.55","0","9.5578898559365744","0.10279825189638103","false"
"Specification-MandatoryFilingAndAnswering__Cost-2__Fee-British","1","4","1","D","6","15","D Offer","D Liability Signal: 1;D Defaults: 2","1,2","0.080450619999999987","false","9.6606881078329554","9.6606881078329554","7","0.65","0","9.5373302055572982","0.12335790227565724","false"
"Specification-MandatoryFilingAndAnswering__Cost-2__Fee-British","1","4","1","D","6","15","D Offer","D Liability Signal: 1;D Defaults: 2","1,2","0.080450619999999987","false","9.6606881078329554","9.6606881078329554","8","0.75","0","9.516770555178022","0.14391755265493344","false"
"Specification-MandatoryFilingAndAnswering__Cost-2__Fee-British","1","4","1","D","6","15","D Offer","D Liability Signal: 1;D Defaults: 2","1,2","0.080450619999999987","false","9.6606881078329554","9.6606881078329554","9","0.85","0","9.4962109047987457","0.16447720303420965","false"
"Specification-MandatoryFilingAndAnswering__Cost-2__Fee-British","1","4","1","D","6","15","D Offer","D Liability Signal: 1;D Defaults: 2","1,2","0.080450619999999987","false","9.6606881078329554","9.6606881078329554","10","0.95","0","8.935041375613487","0.7256467322194684","false"
"Specification-MandatoryFilingAndAnswering__Cost-2__Fee-British","1","6","1","D","4","21","D Defaults","D Liability Signal: 2","2","0.097678261199999991","false","9.6257963253254974","9.6257963253254974","1","Yes","0","9.1720791210414934","0.45371720428400408","false"
"Specification-MandatoryFilingAndAnswering__Cost-2__Fee-British","1","6","1","D","4","21","D Defaults","D Liability Signal: 2","2","0.097678261199999991","false","9.6257963253254974","9.6257963253254974","2","No","1","9.6257963253254974","0","true"
"Specification-MandatoryFilingAndAnswering__Cost-2__Fee-British","1","7","1","D","6","15","D Offer","D Liability Signal: 2;D Defaults: 1","2,1","0","true","","","1","0.05","0.10000000000000001","","",""
"Specification-MandatoryFilingAndAnswering__Cost-2__Fee-British","1","7","1","D","6","15","D Offer","D Liability Signal: 2;D Defaults: 1","2,1","0","true","","","2","0.15","0.10000000000000001","","",""
"Specification-MandatoryFilingAndAnswering__Cost-2__Fee-British","1","7","1","D","6","15","D Offer","D Liability Signal: 2;D Defaults: 1","2,1","0","true","","","3","0.25","0.10000000000000001","","",""
"Specification-MandatoryFilingAndAnswering__Cost-2__Fee-British","1","7","1","D","6","15","D Offer","D Liability Signal: 2;D Defaults: 1","2,1","0","true","","","4","0.35","0.10000000000000001","","",""
"Specification-MandatoryFilingAndAnswering__Cost-2__Fee-British","1","7","1","D","6","15","D Offer","D Liability Signal: 2;D Defaults: 1","2,1","0","true","","","5","0.45","0.10000000000000001","","",""
"Specification-MandatoryFilingAndAnswering__Cost-2__Fee-British","1","7","1","D","6","15","D Offer","D Liability Signal: 2;D Defaults: 1","2,1","0","true","","","6","0.55","0.10000000000000001","","",""
"Specification-MandatoryFilingAndAnswering__Cost-2__Fee-British","1","7","1","D","6","15","D Offer","D Liability Signal: 2;D Defaults: 1","2,1","0","true","","","7","0.65","0.10000000000000001","","",""
"Specification-MandatoryFilingAndAnswering__Cost-2__Fee-British","1","7","1","D","6","15","D Offer","D Liability Signal: 2;D Defaults: 1","2,1","0","true","","","8","0.75","0.10000000000000001","","",""
"Specification-MandatoryFilingAndAnswering__Cost-2__Fee-British","1","7","1","D","6","15","D Offer","D Liability Signal: 2;D Defaults: 1","2,1","0","true","","","9","0.85","0.10000000000000001","","",""
"Specification-MandatoryFilingAndAnswering__Cost-2__Fee-British","1","7","1","D","6","15","D Offer","D Liability Signal: 2;D Defaults: 1","2,1","0","true","","","10","0.95","0.10000000000000001","","",""
"Specification-MandatoryFilingAndAnswering__Cost-2__Fee-British","1","8","1","D","6","15","D Offer","D Liability Signal: 2;D Defaults: 2","2,2","0.097678261199999991","false","9.6257963253254974","9.6257963253254974","1","0.05","1","9.6257963253254974","0","true"
"Specification-MandatoryFilingAndAnswering__Cost-2__Fee-British","1","8","1","D","6","15","D Offer","D Liability Signal: 2;D Defaults: 2","2,2","0.097678261199999991","false","9.6257963253254974","9.6257963253254974","2","0.15","0","9.6079150206160335","0.017881304709463919","false"
"Specification-MandatoryFilingAndAnswering__Cost-2__Fee-British","1","8","1","D","6","15","D Offer","D Liability Signal: 2;D Defaults: 2","2,2","0.097678261199999991","false","9.6257963253254974","9.6257963253254974","3","0.25","0","9.5900337159065678","0.035762609418929614","false"
"Specification-MandatoryFilingAndAnswering__Cost-2__Fee-British","1","8","1","D","6","15","D Offer","D Liability Signal: 2;D Defaults: 2","2,2","0.097678261199999991","false","9.6257963253254974","9.6257963253254974","4","0.35","0","9.5721524111971039","0.053643914128393533","false"
"Specification-MandatoryFilingAndAnswering__Cost-2__Fee-British","1","8","1","D","6","15","D Offer","D Liability Signal: 2;D Defaults: 2","2,2","0.097678261199999991","false","9.6257963253254974","9.6257963253254974","5","0.45","0","9.5542711064876382","0.071525218837859228","false"
"Specification-MandatoryFilingAndAnswering__Cost-2__Fee-British","1","8","1","D","6","15","D Offer","D Liability Signal: 2;D Defaults: 2","2,2","0.097678261199999991","false","9.6257963253254974","9.6257963253254974","6","0.55","0","9.5363898017781743","0.089406523547323147","false"
"Specification-MandatoryFilingAndAnswering__Cost-2__Fee-British","1","8","1","D","6","15","D Offer","D Liability Signal: 2;D Defaults: 2","2,2","0.097678261199999991","false","9.6257963253254974","9.6257963253254974","7","0.65","0","9.5185084970687086","0.10728782825678884","false"
"Specification-MandatoryFilingAndAnswering__Cost-2__Fee-British","1","8","1","D","6","15","D Offer","D Liability Signal: 2;D Defaults: 2","2,2","0.097678261199999991","false","9.6257963253254974","9.6257963253254974","8","0.75","0","9.5006271923592429","0.12516913296625454","false"
"Specification-MandatoryFilingAndAnswering__Cost-2__Fee-British","1","8","1","D","6","15","D Offer","D Liability Signal: 2;D Defaults: 2","2,2","0.097678261199999991","false","9.6257963253254974","9.6257963253254974","9","0.85","0","9.4827458876497808","0.14305043767571668","false"
"Specification-MandatoryFilingAndAnswering__Cost-2__Fee-British","1","8","1","D","6","15","D Offer","D Liability Signal: 2;D Defaults: 2","2,2","0.097678261199999991","false","9.6257963253254974","9.6257963253254974","10","0.95","0","8.9109362645851835","0.71486006074031394","false"
"Specification-MandatoryFilingAndAnswering__Cost-2__Fee-British","1","9","1","D","4","21","D Defaults","D Liability Signal: 3","3","0.10618020860000001","false","9.5521526198223601","9.5521526198223601","1","Yes","0","9.1197316750330621","0.43242094478929793","false"
"Specification-MandatoryFilingAndAnswering__Cost-2__Fee-British","1","9","1","D","4","21","D Defaults","D Liability Signal: 3","3","0.10618020860000001","false","9.5521526198223601","9.5521526198223601","2","No","1","9.5521526198223601","0","true"
"Specification-MandatoryFilingAndAnswering__Cost-2__Fee-British","1","10","1","D","6","15","D Offer","D Liability Signal: 3;D Defaults: 1","3,1","0","true","","","1","0.05","0.10000000000000001","","",""
"Specification-MandatoryFilingAndAnswering__Cost-2__Fee-British","1","10","1","D","6","15","D Offer","D Liability Signal: 3;D Defaults: 1","3,1","0","true","","","2","0.15","0.10000000000000001","","",""
"Specification-MandatoryFilingAndAnswering__Cost-2__Fee-British","1","10","1","D","6","15","D Offer","D Liability Signal: 3;D Defaults: 1","3,1","0","true","","","3","0.25","0.10000000000000001","","",""
"Specification-MandatoryFilingAndAnswering__Cost-2__Fee-British","1","10","1","D","6","15","D Offer","D Liability Signal: 3;D Defaults: 1","3,1","0","true","","","4","0.35","0.10000000000000001","","",""
"Specification-MandatoryFilingAndAnswering__Cost-2__Fee-British","1","10","1","D","6","15","D Offer","D Liability Signal: 3;D Defaults: 1","3,1","0","true","","","5","0.45","0.10000000000000001","","",""
"Specification-MandatoryFilingAndAnswering__Cost-2__Fee-British","1","10","1","D","6","15","D Offer","D Liability Signal: 3;D Defaults: 1","3,1","0","true","","","6","0.55","0.10000000000000001","","",""
"Specification-MandatoryFilingAndAnswering__Cost-2__Fee-British","1","10","1","D","6","15","D Offer","D Liability Signal: 3;D Defaults: 1","3,1","0","true","","","7","0.65","0.10000000000000001","","",""
"Specification-MandatoryFilingAndAnswering__Cost-2__Fee-British","1","10","1","D","6","15","D Offer","D Liability Signal: 3;D Defaults: 1","3,1","0","true","","","8","0.75","0.10000000000000001","","",""
"Specification-MandatoryFilingAndAnswering__Cost-2__Fee-British","1","10","1","D","6","15","D Offer","D Liability Signal: 3;D Defaults: 1","3,1","0","true","","","9","0.85","0.10000000000000001","","",""
"Specification-MandatoryFilingAndAnswering__Cost-2__Fee-British","1","10","1","D","6","15","D Offer","D Liability Signal: 3;D Defaults: 1","3,1","0","true","","","10","0.95","0.10000000000000001","","",""
"Specification-MandatoryFilingAndAnswering__Cost-2__Fee-British","1","11","1","D","6","15","D Offer","D Liability Signal: 3;D Defaults: 2","3,2","0.10618020860000001","false","9.5521526198223601","9.5521526198223601","1","0.05","1","9.5521526198223601","0","true"
"Specification-MandatoryFilingAndAnswering__Cost-2__Fee-British","1","11","1","D","6","15","D Offer","D Liability Signal: 3;D Defaults: 2","3,2","0.10618020860000001","false","9.5521526198223601","9.5521526198223601","2","0.15","0","9.5376405240402811","0.014512095782079015","false"
"Specification-MandatoryFilingAndAnswering__Cost-2__Fee-British","1","11","1","D","6","15","D Offer","D Liability Signal: 3;D Defaults: 2","3,2","0.10618020860000001","false","9.5521526198223601","9.5521526198223601","3","0.25","0","9.523128428258202","0.029024191564158031","false"
"Specification-MandatoryFilingAndAnswering__Cost-2__Fee-British","1","11","1","D","6","15","D Offer","D Liability Signal: 3;D Defaults: 2","3,2","0.10618020860000001","false","9.5521526198223601","9.5521526198223601","4","0.35","0","9.508616332476123","0.043536287346237046","false"
"Specification-MandatoryFilingAndAnswering__Cost-2__Fee-British","1","11","1","D","6","15","D Offer","D Liability Signal: 3;D Defaults: 2","3,2","0.10618020860000001","false","9.5521526198223601","9.5521526198223601","5","0.45","0","9.4941042366940458","0.058048383128314285","false"
"Specification-MandatoryFilingAndAnswering__Cost-2__Fee-British","1","11","1","D","6","15","D Offer","D Liability Signal: 3;D Defaults: 2","3,2","0.10618020860000001","false","9.5521526198223601","9.5521526198223601","6","0.55","0","9.4795921409119668","0.0725604789103933","false"
"Specification-MandatoryFilingAndAnswering__Cost-2__Fee-British","1","11","1","D","6","15","D Offer","D Liability Signal: 3;D Defaults: 2","3,2","0.10618020860000001","false","9.5521526198223601","9.5521526198223601","7","0.65","0","9.4650800451298878","0.087072574692472315","false"
"Specification-MandatoryFilingAndAnswering__Cost-2__Fee-British","1","11","1","D","6","15","D Offer","D Liability Signal: 3;D Defaults: 2","3,2","0.10618020860000001","false","9.5521526198223601","9.5521526198223601","8","0.75","0","9.4505679493478087","0.10158467047455133","false"
"Specification-MandatoryFilingAndAnswering__Cost-2__Fee-British","1","11","1","D","6","15","D Offer","D Liability Signal: 3;D Defaults: 2","3,2","0.10618020860000001","false","9.5521526198223601","9.5521526198223601","9","0.85","0","9.4360558535657315","0.11609676625662857","false"
"Specification-MandatoryFilingAndAnswering__Cost-2__Fee-British","1","11","1","D","6","15","D Offer","D Liability Signal: 3;D Defaults: 2","3,2","0.10618020860000001","false","9.5521526198223601","9.5521526198223601","10","0.95","0","8.8806133842387069","0.67153923558365314","false"
"Specification-MandatoryFilingAndAnswering__Cost-2__Fee-British","1","12","1","D","4","21","D Defaults","D Liability Signal: 4","4","0.1080961854","false","9.4150286144290884","9.4150286144290884","1","Yes","0","9.0508378981967272","0.36419071623236121","false"
"Specification-MandatoryFilingAndAnswering__Cost-2__Fee-British","1","12","1","D","4","21","D Defaults","D Liability Signal: 4","4","0.1080961854","false","9.4150286144290884","9.4150286144290884","2","No","1","9.4150286144290884","0","true"
"Specification-MandatoryFilingAndAnswering__Cost-2__Fee-British","1","13","1","D","6","15","D Offer","D Liability Signal: 4;D Defaults: 1","4,1","0","true","","","1","0.05","0.10000000000000001","","",""
"Specification-MandatoryFilingAndAnswering__Cost-2__Fee-British","1","13","1","D","6","15","D Offer","D Liability Signal: 4;D Defaults: 1","4,1","0","true","","","2","0.15","0.10000000000000001","","",""
"Specification-MandatoryFilingAndAnswering__Cost-2__Fee-British","1","13","1","D","6","15","D Offer","D Liability Signal: 4;D Defaults: 1","4,1","0","true","","","3","0.25","0.10000000000000001","","",""
"Specification-MandatoryFilingAndAnswering__Cost-2__Fee-British","1","13","1","D","6","15","D Offer","D Liability Signal: 4;D Defaults: 1","4,1","0","true","","","4","0.35","0.10000000000000001","","",""
"Specification-MandatoryFilingAndAnswering__Cost-2__Fee-British","1","13","1","D","6","15","D Offer","D Liability Signal: 4;D Defaults: 1","4,1","0","true","","","5","0.45","0.10000000000000001","","",""
"Specification-MandatoryFilingAndAnswering__Cost-2__Fee-British","1","13","1","D","6","15","D Offer","D Liability Signal: 4;D Defaults: 1","4,1","0","true","","","6","0.55","0.10000000000000001","","",""
"Specification-MandatoryFilingAndAnswering__Cost-2__Fee-British","1","13","1","D","6","15","D Offer","D Liability Signal: 4;D Defaults: 1","4,1","0","true","","","7","0.65","0.10000000000000001","","",""
"Specification-MandatoryFilingAndAnswering__Cost-2__Fee-British","1","13","1","D","6","15","D Offer","D Liability Signal: 4;D Defaults: 1","4,1","0","true","","","8","0.75","0.10000000000000001","","",""
"Specification-MandatoryFilingAndAnswering__Cost-2__Fee-British","1","13","1","D","6","15","D Offer","D Liability Signal: 4;D Defaults: 1","4,1","0","true","","","9","0.85","0.10000000000000001","","",""
"Specification-MandatoryFilingAndAnswering__Cost-2__Fee-British","1","13","1","D","6","15","D Offer","D Liability Signal: 4;D Defaults: 1","4,1","0","true","","","10","0.95","0.10000000000000001","","",""
"Specification-MandatoryFilingAndAnswering__Cost-2__Fee-British","1","14","1","D","6","15","D Offer","D Liability Signal: 4;D Defaults: 2","4,2","0.1080961854","false","9.4150286144290884","9.4150286144290884","1","0.05","1","9.4150286144290884","0","true"
"Specification-MandatoryFilingAndAnswering__Cost-2__Fee-British","1","14","1","D","6","15","D Offer","D Liability Signal: 4;D Defaults: 2","4,2","0.1080961854","false","9.4150286144290884","9.4150286144290884","2","0.15","0","9.4043327350578387","0.010695879371249717","false"
"Specification-MandatoryFilingAndAnswering__Cost-2__Fee-British","1","14","1","D","6","15","D Offer","D Liability Signal: 4;D Defaults: 2","4,2","0.1080961854","false","9.4150286144290884","9.4150286144290884","3","0.25","0","9.3936368556865872","0.02139175874250121","false"
"Specification-MandatoryFilingAndAnswering__Cost-2__Fee-British","1","14","1","D","6","15","D Offer","D Liability Signal: 4;D Defaults: 2","4,2","0.1080961854","false","9.4150286144290884","9.4150286144290884","4","0.35","0","9.3829409763153375","0.032087638113750927","false"
"Specification-MandatoryFilingAndAnswering__Cost-2__Fee-British","1","14","1","D","6","15","D Offer","D Liability Signal: 4;D Defaults: 2","4,2","0.1080961854","false","9.4150286144290884","9.4150286144290884","5","0.45","0","9.3722450969440878","0.042783517485000644","false"
"Specification-MandatoryFilingAndAnswering__Cost-2__Fee-British","1","14","1","D","6","15","D Offer","D Liability Signal: 4;D Defaults: 2","4,2","0.1080961854","false","9.4150286144290884","9.4150286144290884","6","0.55","0","9.3615492175728363","0.053479396856252137","false"
"Specification-MandatoryFilingAndAnswering__Cost-2__Fee-British","1","14","1","D","6","15","D Offer","D Liability Signal: 4;D Defaults: 2","4,2","0.1080961854","false","9.4150286144290884","9.4150286144290884","7","0.65","0","9.3508533382015866","0.064175276227501854","false"
"Specification-MandatoryFilingAndAnswering__Cost-2__Fee-British","1","14","1","D","6","15","D Offer","D Liability Signal: 4;D Defaults: 2","4,2","0.1080961854","false","9.4150286144290884","9.4150286144290884","8","0.75","0","9.3401574588303369","0.074871155598751571","false"
"Specification-MandatoryFilingAndAnswering__Cost-2__Fee-British","1","14","1","D","6","15","D Offer","D Liability Signal: 4;D Defaults: 2","4,2","0.1080961854","false","9.4150286144290884","9.4150286144290884","9","0.85","0","9.3294615794590872","0.085567034970001288","false"
"Specification-MandatoryFilingAndAnswering__Cost-2__Fee-British","1","14","1","D","6","15","D Offer","D Liability Signal: 4;D Defaults: 2","4,2","0.1080961854","false","9.4150286144290884","9.4150286144290884","10","0.95","0","8.8462674365412521","0.56876117788783631","false"
"Specification-MandatoryFilingAndAnswering__Cost-2__Fee-British","1","15","1","D","4","21","D Defaults","D Liability Signal: 5","5","0.10760218790000001","false","9.1989256044613299","9.1989256044613299","1","Yes","0","8.9710317829492983","0.22789382151203164","false"
"Specification-MandatoryFilingAndAnswering__Cost-2__Fee-British","1","15","1","D","4","21","D Defaults","D Liability Signal: 5","5","0.10760218790000001","false","9.1989256044613299","9.1989256044613299","2","No","1","9.1989256044613299","0","true"
"Specification-MandatoryFilingAndAnswering__Cost-2__Fee-British","1","16","1","D","6","15","D Offer","D Liability Signal: 5;D Defaults: 1","5,1","0","true","","","1","0.05","0.10000000000000001","","",""
"Specification-MandatoryFilingAndAnswering__Cost-2__Fee-British","1","16","1","D","6","15","D Offer","D Liability Signal: 5;D Defaults: 1","5,1","0","true","","","2","0.15","0.10000000000000001","","",""
"Specification-MandatoryFilingAndAnswering__Cost-2__Fee-British","1","16","1","D","6","15","D Offer","D Liability Signal: 5;D Defaults: 1","5,1","0","true","","","3","0.25","0.10000000000000001","","",""
"Specification-MandatoryFilingAndAnswering__Cost-2__Fee-British","1","16","1","D","6","15","D Offer","D Liability Signal: 5;D Defaults: 1","5,1","0","true","","","4","0.35","0.10000000000000001","","",""
"Specification-MandatoryFilingAndAnswering__Cost-2__Fee-British","1","16","1","D","6","15","D Offer","D Liability Signal: 5;D Defaults: 1","5,1","0","true","","","5","0.45","0.10000000000000001","","",""
"Specification-MandatoryFilingAndAnswering__Cost-2__Fee-British","1","16","1","D","6","15","D Offer","D Liability Signal: 5;D Defaults: 1","5,1","0","true","","","6","0.55","0.10000000000000001","","",""
"Specification-MandatoryFilingAndAnswering__Cost-2__Fee-British","1","16","1","D","6","15","D Offer","D Liability Signal: 5;D Defaults: 1","5,1","0","true","","","7","0.65","0.10000000000000001","","",""
"Specification-MandatoryFilingAndAnswering__Cost-2__Fee-British","1","16","1","D","6","15","D Offer","D Liability Signal: 5;D Defaults: 1","5,1","0","true","","","8","0.75","0.10000000000000001","","",""
"Specification-MandatoryFilingAndAnswering__Cost-2__Fee-British","1","16","1","D","6","15","D Offer","D Liability Signal: 5;D Defaults: 1","5,1","0","true","","","9","0.85","0.10000000000000001","","",""
"Specification-MandatoryFilingAndAnswering__Cost-2__Fee-British","1","16","1","D","6","15","D Offer","D Liability Signal: 5;D Defaults: 1","5,1","0","true","","","10","0.95","0.10000000000000001","","",""
"Specification-MandatoryFilingAndAnswering__Cost-2__Fee-British","1","17","1","D","6","15","D Offer","D Liability Signal: 5;D Defaults: 2","5,2","0.10760218790000001","false","9.1989256044613299","9.1989256044613299","1","0.05","1","9.1989256044613299","0","true"
"Specification-MandatoryFilingAndAnswering__Cost-2__Fee-British","1","17","1","D","6","15","D Offer","D Liability Signal: 5;D Defaults: 2","5,2","0.10760218790000001","false","9.1989256044613299","9.1989256044613299","2","0.15","0","9.1919343661025845","0.0069912383587453775","false"
"Specification-MandatoryFilingAndAnswering__Cost-2__Fee-British","1","17","1","D","6","15","D Offer","D Liability Signal: 5;D Defaults: 2","5,2","0.10760218790000001","false","9.1989256044613299","9.1989256044613299","3","0.25","0","9.1849431277438374","0.013982476717492531","false"
"Specification-MandatoryFilingAndAnswering__Cost-2__Fee-British","1","17","1","D","6","15","D Offer","D Liability Signal: 5;D Defaults: 2","5,2","0.10760218790000001","false","9.1989256044613299","9.1989256044613299","4","0.35","0","9.177951889385092","0.020973715076237909","false"
"Specification-MandatoryFilingAndAnswering__Cost-2__Fee-British","1","17","1","D","6","15","D Offer","D Liability Signal: 5;D Defaults: 2","5,2","0.10760218790000001","false","9.1989256044613299","9.1989256044613299","5","0.45","0","9.1709606510263466","0.027964953434983286","false"
"Specification-MandatoryFilingAndAnswering__Cost-2__Fee-British","1","17","1","D","6","15","D Offer","D Liability Signal: 5;D Defaults: 2","5,2","0.10760218790000001","false","9.1989256044613299","9.1989256044613299","6","0.55","0","9.1639694126675995","0.03495619179373044","false"
"Specification-MandatoryFilingAndAnswering__Cost-2__Fee-British","1","17","1","D","6","15","D Offer","D Liability Signal: 5;D Defaults: 2","5,2","0.10760218790000001","false","9.1989256044613299","9.1989256044613299","7","0.65","0","9.1569781743088541","0.041947430152475818","false"
"Specification-MandatoryFilingAndAnswering__Cost-2__Fee-British","1","17","1","D","6","15","D Offer","D Liability Signal: 5;D Defaults: 2","5,2","0.10760218790000001","false","9.1989256044613299","9.1989256044613299","8","0.75","0","9.1499869359501069","0.048938668511222971","false"
"Specification-MandatoryFilingAndAnswering__Cost-2__Fee-British","1","17","1","D","6","15","D Offer","D Liability Signal: 5;D Defaults: 2","5,2","0.10760218790000001","false","9.1989256044613299","9.1989256044613299","9","0.85","0","9.1429956975913615","0.055929906869968349","false"
"Specification-MandatoryFilingAndAnswering__Cost-2__Fee-British","1","17","1","D","6","15","D Offer","D Liability Signal: 5;D Defaults: 2","5,2","0.10760218790000001","false","9.1989256044613299","9.1989256044613299","10","0.95","0","8.8129256674287149","0.38599993703261504","false"
"Specification-MandatoryFilingAndAnswering__Cost-2__Fee-British","1","18","1","D","4","21","D Defaults","D Liability Signal: 6","6","0.10760135250000001","false","8.9203641684933217","8.9203641684933217","1","Yes","0.55339550531943427","8.9203641684933217","0","true"
"Specification-MandatoryFilingAndAnswering__Cost-2__Fee-British","1","18","1","D","4","21","D Defaults","D Liability Signal: 6","6","0.10760135250000001","false","8.9203641684933217","8.9203641684933217","2","No","0.44660449468056573","8.9203641684933217","0","true"
"Specification-MandatoryFilingAndAnswering__Cost-2__Fee-British","1","19","1","D","6","15","D Offer","D Liability Signal: 6;D Defaults: 1","6,1","0.059546104839792072","false","8.9203641684933253","8.9203641684933253","1","0.05","1","8.9203641684933253","0","true"
"Specification-MandatoryFilingAndAnswering__Cost-2__Fee-British","1","19","1","D","6","15","D Offer","D Liability Signal: 6;D Defaults: 1","6,1","0.059546104839792072","false","8.9203641684933253","8.9203641684933253","2","0.15","0","8.9163449236292749","0.0040192448640503642","false"
"Specification-MandatoryFilingAndAnswering__Cost-2__Fee-British","1","19","1","D","6","15","D Offer","D Liability Signal: 6;D Defaults: 1","6,1","0.059546104839792072","false","8.9203641684933253","8.9203641684933253","3","0.25","0","8.9123256787652263","0.008038489728098952","false"
"Specification-MandatoryFilingAndAnswering__Cost-2__Fee-British","1","19","1","D","6","15","D Offer","D Liability Signal: 6;D Defaults: 1","6,1","0.059546104839792072","false","8.9203641684933253","8.9203641684933253","4","0.35","0","8.9083064339011777","0.01205773459214754","false"
"Specification-MandatoryFilingAndAnswering__Cost-2__Fee-British","1","19","1","D","6","15","D Offer","D Liability Signal: 6;D Defaults: 1","6,1","0.059546104839792072","false","8.9203641684933253","8.9203641684933253","5","0.45","0","8.9042871890371273","0.016076979456197904","false"
"Specification-MandatoryFilingAndAnswering__Cost-2__Fee-British","1","19","1","D","6","15","D Offer","D Liability Signal: 6;D Defaults: 1","6,1","0.059546104839792072","false","8.9203641684933253","8.9203641684933253","6","0.55","0","8.9002679441730788","0.020096224320246492","false"
"Specification-MandatoryFilingAndAnswering__Cost-2__Fee-British","1","19","1","D","6","15","D Offer","D Liability Signal: 6;D Defaults: 1","6,1","0.059546104839792072","false","8.9203641684933253","8.9203641684933253","7","0.65","0","8.8962486993090284","0.024115469184296856","false"
"Specification-MandatoryFilingAndAnswering__Cost-2__Fee-British","1","19","1","D","6","15","D Offer","D Liability Signal: 6;D Defaults: 1","6,1","0.059546104839792072","false","8.9203641684933253","8.9203641684933253","8","0.75","0","8.8922294544449798","0.028134714048345444","false"
"Specification-MandatoryFilingAndAnswering__Cost-2__Fee-British","1","19","1","D","6","15","D Offer","D Liability Signal: 6;D Defaults: 1","6,1","0.059546104839792072","false","8.9203641684933253","8.9203641684933253","9","0.85","0","8.8882102095809312","0.032153958912394032","false"
"Specification-MandatoryFilingAndAnswering__Cost-2__Fee-British","1","19","1","D","6","15","D Offer","D Liability Signal: 6;D Defaults: 1","6,1","0.059546104839792072","false","8.9203641684933253","8.9203641684933253","10","0.95","0","8.7861777259764438","0.1341864425168815","false"
"Specification-MandatoryFilingAndAnswering__Cost-2__Fee-British","1","20","1","D","6","15","D Offer","D Liability Signal: 6;D Defaults: 2","6,2","0.048055247660207932","false","8.9203641684933217","8.9203641684933217","1","0.05","1","8.9203641684933217","0","true"
"Specification-MandatoryFilingAndAnswering__Cost-2__Fee-British","1","20","1","D","6","15","D Offer","D Liability Signal: 6;D Defaults: 2","6,2","0.048055247660207932","false","8.9203641684933217","8.9203641684933217","2","0.15","0","8.9163449236292731","0.0040192448640485878","false"
"Specification-MandatoryFilingAndAnswering__Cost-2__Fee-British","1","20","1","D","6","15","D Offer","D Liability Signal: 6;D Defaults: 2","6,2","0.048055247660207932","false","8.9203641684933217","8.9203641684933217","3","0.25","0","8.9123256787652227","0.008038489728098952","false"
"Specification-MandatoryFilingAndAnswering__Cost-2__Fee-British","1","20","1","D","6","15","D Offer","D Liability Signal: 6;D Defaults: 2","6,2","0.048055247660207932","false","8.9203641684933217","8.9203641684933217","4","0.35","0","8.9083064339011742","0.01205773459214754","false"
"Specification-MandatoryFilingAndAnswering__Cost-2__Fee-British","1","20","1","D","6","15","D Offer","D Liability Signal: 6;D Defaults: 2","6,2","0.048055247660207932","false","8.9203641684933217","8.9203641684933217","5","0.45","0","8.9042871890371256","0.016076979456196128","false"
"Specification-MandatoryFilingAndAnswering__Cost-2__Fee-British","1","20","1","D","6","15","D Offer","D Liability Signal: 6;D Defaults: 2","6,2","0.048055247660207932","false","8.9203641684933217","8.9203641684933217","6","0.55","0","8.9002679441730752","0.020096224320246492","false"
"Specification-MandatoryFilingAndAnswering__Cost-2__Fee-British","1","20","1","D","6","15","D Offer","D Liability Signal: 6;D Defaults: 2","6,2","0.048055247660207932","false","8.9203641684933217","8.9203641684933217","7","0.65","0","8.8962486993090266","0.02411546918429508","false"
"Specification-MandatoryFilingAndAnswering__Cost-2__Fee-British","1","20","1","D","6","15","D Offer","D Liability Signal: 6;D Defaults: 2","6,2","0.048055247660207932","false","8.9203641684933217","8.9203641684933217","8","0.75","0","8.8922294544449763","0.028134714048345444","false"
"Specification-MandatoryFilingAndAnswering__Cost-2__Fee-British","1","20","1","D","6","15","D Offer","D Liability Signal: 6;D Defaults: 2","6,2","0.048055247660207932","false","8.9203641684933217","8.9203641684933217","9","0.85","0","8.8882102095809277","0.032153958912394032","false"
"Specification-MandatoryFilingAndAnswering__Cost-2__Fee-British","1","20","1","D","6","15","D Offer","D Liability Signal: 6;D Defaults: 2","6,2","0.048055247660207932","false","8.9203641684933217","8.9203641684933217","10","0.95","0","8.786177725976442","0.13418644251687972","false"
"Specification-MandatoryFilingAndAnswering__Cost-2__Fee-British","1","21","1","D","4","21","D Defaults","D Liability Signal: 7","7","0.1080937146","false","8.8422131414507863","8.8422131414507863","1","Yes","1","8.8422131414507863","0","true"
"Specification-MandatoryFilingAndAnswering__Cost-2__Fee-British","1","21","1","D","4","21","D Defaults","D Liability Signal: 7","7","0.1080937146","false","8.8422131414507863","8.8422131414507863","2","No","0","8.6365495688731997","0.20566357257758661","false"
"Specification-MandatoryFilingAndAnswering__Cost-2__Fee-British","1","22","1","D","6","15","D Offer","D Liability Signal: 7;D Defaults: 1","7,1","0.1080937146","false","8.8422131414507863","8.8422131414507863","1","0.05","1","8.8422131414507863","0","true"
"Specification-MandatoryFilingAndAnswering__Cost-2__Fee-British","1","22","1","D","6","15","D Offer","D Liability Signal: 7;D Defaults: 1","7,1","0.1080937146","false","8.8422131414507863","8.8422131414507863","2","0.15","0","8.840151204447892","0.0020619370028942541","false"
"Specification-MandatoryFilingAndAnswering__Cost-2__Fee-British","1","22","1","D","6","15","D Offer","D Liability Signal: 7;D Defaults: 1","7,1","0.1080937146","false","8.8422131414507863","8.8422131414507863","3","0.25","0","8.8380892674449996","0.0041238740057867318","false"
"Specification-MandatoryFilingAndAnswering__Cost-2__Fee-British","1","22","1","D","6","15","D Offer","D Liability Signal: 7;D Defaults: 1","7,1","0.1080937146","false","8.8422131414507863","8.8422131414507863","4","0.35","0","8.8360273304421071","0.0061858110086792095","false"
"Specification-MandatoryFilingAndAnswering__Cost-2__Fee-British","1","22","1","D","6","15","D Offer","D Liability Signal: 7;D Defaults: 1","7,1","0.1080937146","false","8.8422131414507863","8.8422131414507863","5","0.45","0","8.8339653934392146","0.0082477480115716872","false"
"Specification-MandatoryFilingAndAnswering__Cost-2__Fee-British","1","22","1","D","6","15","D Offer","D Liability Signal: 7;D Defaults: 1","7,1","0.1080937146","false","8.8422131414507863","8.8422131414507863","6","0.55","0","8.8319034564363204","0.010309685014465941","false"
"Specification-MandatoryFilingAndAnswering__Cost-2__Fee-British","1","22","1","D","6","15","D Offer","D Liability Signal: 7;D Defaults: 1","7,1","0.1080937146","false","8.8422131414507863","8.8422131414507863","7","0.65","0","8.8298415194334279","0.012371622017358419","false"
"Specification-MandatoryFilingAndAnswering__Cost-2__Fee-British","1","22","1","D","6","15","D Offer","D Liability Signal: 7;D Defaults: 1","7,1","0.1080937146","false","8.8422131414507863","8.8422131414507863","8","0.75","0","8.8277795824305354","0.014433559020250897","false"
"Specification-MandatoryFilingAndAnswering__Cost-2__Fee-British","1","22","1","D","6","15","D Offer","D Liability Signal: 7;D Defaults: 1","7,1","0.1080937146","false","8.8422131414507863","8.8422131414507863","9","0.85","0","8.8257176454276429","0.016495496023143374","false"
"Specification-MandatoryFilingAndAnswering__Cost-2__Fee-British","1","22","1","D","6","15","D Offer","D Liability Signal: 7;D Defaults: 1","7,1","0.1080937146","false","8.8422131414507863","8.8422131414507863","10","0.95","0","8.7685619552260334","0.073651186224752863","false"
"Specification-MandatoryFilingAndAnswering__Cost-2__Fee-British","1","23","1","D","6","15","D Offer","D Liability Signal: 7;D Defaults: 2","7,2","0","true","","","1","0.05","0.10000000000000001","","",""
"Specification-MandatoryFilingAndAnswering__Cost-2__Fee-British","1","23","1","D","6","15","D Offer","D Liability Signal: 7;D Defaults: 2","7,2","0","true","","","2","0.15","0.10000000000000001","","",""
"Specification-MandatoryFilingAndAnswering__Cost-2__Fee-British","1","23","1","D","6","15","D Offer","D Liability Signal: 7;D Defaults: 2","7,2","0","true","","","3","0.25","0.10000000000000001","","",""
"Specification-MandatoryFilingAndAnswering__Cost-2__Fee-British","1","23","1","D","6","15","D Offer","D Liability Signal: 7;D Defaults: 2","7,2","0","true","","","4","0.35","0.10000000000000001","","",""
"Specification-MandatoryFilingAndAnswering__Cost-2__Fee-British","1","23","1","D","6","15","D Offer","D Liability Signal: 7;D Defaults: 2","7,2","0","true","","","5","0.45","0.10000000000000001","","",""
"Specification-MandatoryFilingAndAnswering__Cost-2__Fee-British","1","23","1","D","6","15","D Offer","D Liability Signal: 7;D Defaults: 2","7,2","0","true","","","6","0.55","0.10000000000000001","","",""
"Specification-MandatoryFilingAndAnswering__Cost-2__Fee-British","1","23","1","D","6","15","D Offer","D Liability Signal: 7;D Defaults: 2","7,2","0","true","","","7","0.65","0.10000000000000001","","",""
"Specification-MandatoryFilingAndAnswering__Cost-2__Fee-British","1","23","1","D","6","15","D Offer","D Liability Signal: 7;D Defaults: 2","7,2","0","true","","","8","0.75","0.10000000000000001","","",""
"Specification-MandatoryFilingAndAnswering__Cost-2__Fee-British","1","23","1","D","6","15","D Offer","D Liability Signal: 7;D Defaults: 2","7,2","0","true","","","9","0.85","0.10000000000000001","","",""
"Specification-MandatoryFilingAndAnswering__Cost-2__Fee-British","1","23","1","D","6","15","D Offer","D Liability Signal: 7;D Defaults: 2","7,2","0","true","","","10","0.95","0.10000000000000001","","",""
"Specification-MandatoryFilingAndAnswering__Cost-2__Fee-British","1","24","1","D","4","21","D Defaults","D Liability Signal: 8","8","0.10617632220000001","false","8.7877992347537077","8.7877992347537077","1","Yes","1","8.7877992347537077","0","true"
"Specification-MandatoryFilingAndAnswering__Cost-2__Fee-British","1","24","1","D","4","21","D Defaults","D Liability Signal: 8","8","0.10617632220000001","false","8.7877992347537077","8.7877992347537077","2","No","0","8.4159050455873459","0.37189418916636185","false"
"Specification-MandatoryFilingAndAnswering__Cost-2__Fee-British","1","25","1","D","6","15","D Offer","D Liability Signal: 8;D Defaults: 1","8,1","0.10617632220000001","false","8.7877992347537077","8.7877992347537077","1","0.05","1","8.7877992347537077","0","true"
"Specification-MandatoryFilingAndAnswering__Cost-2__Fee-British","1","25","1","D","6","15","D Offer","D Liability Signal: 8;D Defaults: 1","8,1","0.10617632220000001","false","8.7877992347537077","8.7877992347537077","2","0.15","0","8.7868211775523015","0.00097805720140620167","false"
"Specification-MandatoryFilingAndAnswering__Cost-2__Fee-British","1","25","1","D","6","15","D Offer","D Liability Signal: 8;D Defaults: 1","8,1","0.10617632220000001","false","8.7877992347537077","8.7877992347537077","3","0.25","0","8.7858431203508971","0.001956114402810627","false"
"Specification-MandatoryFilingAndAnswering__Cost-2__Fee-British","1","25","1","D","6","15","D Offer","D Liability Signal: 8;D Defaults: 1","8,1","0.10617632220000001","false","8.7877992347537077","8.7877992347537077","4","0.35","0","8.7848650631494944","0.0029341716042132759","false"
"Specification-MandatoryFilingAndAnswering__Cost-2__Fee-British","1","25","1","D","6","15","D Offer","D Liability Signal: 8;D Defaults: 1","8,1","0.10617632220000001","false","8.7877992347537077","8.7877992347537077","5","0.45","0","8.78388700594809","0.0039122288056177013","false"
"Specification-MandatoryFilingAndAnswering__Cost-2__Fee-British","1","25","1","D","6","15","D Offer","D Liability Signal: 8;D Defaults: 1","8,1","0.10617632220000001","false","8.7877992347537077","8.7877992347537077","6","0.55","0","8.7829089487466856","0.0048902860070221266","false"
"Specification-MandatoryFilingAndAnswering__Cost-2__Fee-British","1","25","1","D","6","15","D Offer","D Liability Signal: 8;D Defaults: 1","8,1","0.10617632220000001","false","8.7877992347537077","8.7877992347537077","7","0.65","0","8.7819308915452812","0.0058683432084265519","false"
"Specification-MandatoryFilingAndAnswering__Cost-2__Fee-British","1","25","1","D","6","15","D Offer","D Liability Signal: 8;D Defaults: 1","8,1","0.10617632220000001","false","8.7877992347537077","8.7877992347537077","8","0.75","0","8.7809528343438785","0.0068464004098292008","false"
"Specification-MandatoryFilingAndAnswering__Cost-2__Fee-British","1","25","1","D","6","15","D Offer","D Liability Signal: 8;D Defaults: 1","8,1","0.10617632220000001","false","8.7877992347537077","8.7877992347537077","9","0.85","0","8.7799747771424741","0.0078244576112336262","false"
"Specification-MandatoryFilingAndAnswering__Cost-2__Fee-British","1","25","1","D","6","15","D Offer","D Liability Signal: 8;D Defaults: 1","8,1","0.10617632220000001","false","8.7877992347537077","8.7877992347537077","10","0.95","0","8.7588070370126339","0.028992197741073866","false"
"Specification-MandatoryFilingAndAnswering__Cost-2__Fee-British","1","26","1","D","6","15","D Offer","D Liability Signal: 8;D Defaults: 2","8,2","0","true","","","1","0.05","0.10000000000000001","","",""
"Specification-MandatoryFilingAndAnswering__Cost-2__Fee-British","1","26","1","D","6","15","D Offer","D Liability Signal: 8;D Defaults: 2","8,2","0","true","","","2","0.15","0.10000000000000001","","",""
"Specification-MandatoryFilingAndAnswering__Cost-2__Fee-British","1","26","1","D","6","15","D Offer","D Liability Signal: 8;D Defaults: 2","8,2","0","true","","","3","0.25","0.10000000000000001","","",""
"Specification-MandatoryFilingAndAnswering__Cost-2__Fee-British","1","26","1","D","6","15","D Offer","D Liability Signal: 8;D Defaults: 2","8,2","0","true","","","4","0.35","0.10000000000000001","","",""
"Specification-MandatoryFilingAndAnswering__Cost-2__Fee-British","1","26","1","D","6","15","D Offer","D Liability Signal: 8;D Defaults: 2","8,2","0","true","","","5","0.45","0.10000000000000001","","",""
"Specification-MandatoryFilingAndAnswering__Cost-2__Fee-British","1","26","1","D","6","15","D Offer","D Liability Signal: 8;D Defaults: 2","8,2","0","true","","","6","0.55","0.10000000000000001","","",""
"Specification-MandatoryFilingAndAnswering__Cost-2__Fee-British","1","26","1","D","6","15","D Offer","D Liability Signal: 8;D Defaults: 2","8,2","0","true","","","7","0.65","0.10000000000000001","","",""
"Specification-MandatoryFilingAndAnswering__Cost-2__Fee-British","1","26","1","D","6","15","D Offer","D Liability Signal: 8;D Defaults: 2","8,2","0","true","","","8","0.75","0.10000000000000001","","",""
"Specification-MandatoryFilingAndAnswering__Cost-2__Fee-British","1","26","1","D","6","15","D Offer","D Liability Signal: 8;D Defaults: 2","8,2","0","true","","","9","0.85","0.10000000000000001","","",""
"Specification-MandatoryFilingAndAnswering__Cost-2__Fee-British","1","26","1","D","6","15","D Offer","D Liability Signal: 8;D Defaults: 2","8,2","0","true","","","10","0.95","0.10000000000000001","","",""
"Specification-MandatoryFilingAndAnswering__Cost-2__Fee-British","1","27","1","D","4","21","D Defaults","D Liability Signal: 9","9","0.097673550799999995","false","8.75405247455544","8.75405247455544","1","Yes","0.25345167064084484","8.75405247455544","0","true"
"Specification-MandatoryFilingAndAnswering__Cost-2__Fee-British","1","27","1","D","4","21","D Defaults","D Liability Signal: 9","9","0.097673550799999995","false","8.75405247455544","8.75405247455544","2","No","0.74654832935915527","8.7540524745554382","1.7763568394002505E-15","true"
"Specification-MandatoryFilingAndAnswering__Cost-2__Fee-British","1","28","1","D","6","15","D Offer","D Liability Signal: 9;D Defaults: 1","9,1","0.024755524627683427","false","8.7540524745554382","8.7540524745554382","1","0.05","1","8.7540524745554382","0","true"
"Specification-MandatoryFilingAndAnswering__Cost-2__Fee-British","1","28","1","D","6","15","D Offer","D Liability Signal: 9;D Defaults: 1","9,1","0.024755524627683427","false","8.7540524745554382","8.7540524745554382","2","0.15","0","8.7536027020715004","0.00044977248393784919","false"
"Specification-MandatoryFilingAndAnswering__Cost-2__Fee-British","1","28","1","D","6","15","D Offer","D Liability Signal: 9;D Defaults: 1","9,1","0.024755524627683427","false","8.7540524745554382","8.7540524745554382","3","0.25","0","8.7531529295875625","0.00089954496787569838","false"
"Specification-MandatoryFilingAndAnswering__Cost-2__Fee-British","1","28","1","D","6","15","D Offer","D Liability Signal: 9;D Defaults: 1","9,1","0.024755524627683427","false","8.7540524745554382","8.7540524745554382","4","0.35","0","8.7527031571036265","0.0013493174518117712","false"
"Specification-MandatoryFilingAndAnswering__Cost-2__Fee-British","1","28","1","D","6","15","D Offer","D Liability Signal: 9;D Defaults: 1","9,1","0.024755524627683427","false","8.7540524745554382","8.7540524745554382","5","0.45","0","8.7522533846196886","0.0017990899357496204","false"
"Specification-MandatoryFilingAndAnswering__Cost-2__Fee-British","1","28","1","D","6","15","D Offer","D Liability Signal: 9;D Defaults: 1","9,1","0.024755524627683427","false","8.7540524745554382","8.7540524745554382","6","0.55","0","8.7518036121357508","0.0022488624196874696","false"
"Specification-MandatoryFilingAndAnswering__Cost-2__Fee-British","1","28","1","D","6","15","D Offer","D Liability Signal: 9;D Defaults: 1","9,1","0.024755524627683427","false","8.7540524745554382","8.7540524745554382","7","0.65","0","8.7513538396518129","0.0026986349036253188","false"
"Specification-MandatoryFilingAndAnswering__Cost-2__Fee-British","1","28","1","D","6","15","D Offer","D Liability Signal: 9;D Defaults: 1","9,1","0.024755524627683427","false","8.7540524745554382","8.7540524745554382","8","0.75","0","8.7509040671678751","0.003148407387563168","false"
"Specification-MandatoryFilingAndAnswering__Cost-2__Fee-British","1","28","1","D","6","15","D Offer","D Liability Signal: 9;D Defaults: 1","9,1","0.024755524627683427","false","8.7540524745554382","8.7540524745554382","9","0.85","0","8.7504542946839372","0.0035981798715010171","false"
"Specification-MandatoryFilingAndAnswering__Cost-2__Fee-British","1","28","1","D","6","15","D Offer","D Liability Signal: 9;D Defaults: 1","9,1","0.024755524627683427","false","8.7540524745554382","8.7540524745554382","10","0.95","0","8.7540524745554382","0","true"
"Specification-MandatoryFilingAndAnswering__Cost-2__Fee-British","1","29","1","D","6","15","D Offer","D Liability Signal: 9;D Defaults: 2","9,2","0.072918026172316588","false","8.7540524745554382","8.7540524745554382","1","0.05","0","8.1995966359862589","0.55445583856917935","false"
"Specification-MandatoryFilingAndAnswering__Cost-2__Fee-British","1","29","1","D","6","15","D Offer","D Liability Signal: 9;D Defaults: 2","9,2","0.072918026172316588","false","8.7540524745554382","8.7540524745554382","2","0.15","0","8.199146863502321","0.5549056110531172","false"
"Specification-MandatoryFilingAndAnswering__Cost-2__Fee-British","1","29","1","D","6","15","D Offer","D Liability Signal: 9;D Defaults: 2","9,2","0.072918026172316588","false","8.7540524745554382","8.7540524745554382","3","0.25","0","8.1986970910183832","0.55535538353705505","false"
"Specification-MandatoryFilingAndAnswering__Cost-2__Fee-British","1","29","1","D","6","15","D Offer","D Liability Signal: 9;D Defaults: 2","9,2","0.072918026172316588","false","8.7540524745554382","8.7540524745554382","4","0.35","0","8.1982473185344453","0.5558051560209929","false"
"Specification-MandatoryFilingAndAnswering__Cost-2__Fee-British","1","29","1","D","6","15","D Offer","D Liability Signal: 9;D Defaults: 2","9,2","0.072918026172316588","false","8.7540524745554382","8.7540524745554382","5","0.45","0","8.1977975460505075","0.55625492850493075","false"
"Specification-MandatoryFilingAndAnswering__Cost-2__Fee-British","1","29","1","D","6","15","D Offer","D Liability Signal: 9;D Defaults: 2","9,2","0.072918026172316588","false","8.7540524745554382","8.7540524745554382","6","0.55","0","8.1973477735665696","0.55670470098886859","false"
"Specification-MandatoryFilingAndAnswering__Cost-2__Fee-British","1","29","1","D","6","15","D Offer","D Liability Signal: 9;D Defaults: 2","9,2","0.072918026172316588","false","8.7540524745554382","8.7540524745554382","7","0.65","0","8.1968980010826318","0.55715447347280644","false"
"Specification-MandatoryFilingAndAnswering__Cost-2__Fee-British","1","29","1","D","6","15","D Offer","D Liability Signal: 9;D Defaults: 2","9,2","0.072918026172316588","false","8.7540524745554382","8.7540524745554382","8","0.75","0","8.1964482285986957","0.55760424595674252","false"
"Specification-MandatoryFilingAndAnswering__Cost-2__Fee-British","1","29","1","D","6","15","D Offer","D Liability Signal: 9;D Defaults: 2","9,2","0.072918026172316588","false","8.7540524745554382","8.7540524745554382","9","0.85","0","8.1959984561147579","0.55805401844068037","false"
"Specification-MandatoryFilingAndAnswering__Cost-2__Fee-British","1","29","1","D","6","15","D Offer","D Liability Signal: 9;D Defaults: 2","9,2","0.072918026172316588","false","8.7540524745554382","8.7540524745554382","10","0.95","1","8.7540524745554382","0","true"
"Specification-MandatoryFilingAndAnswering__Cost-2__Fee-British","1","30","1","D","4","21","D Defaults","D Liability Signal: 10","10","0.080447596799999993","false","8.7519015712714872","8.7519015712714872","1","Yes","0","8.7354772062410149","0.016424365030472288","false"
"Specification-MandatoryFilingAndAnswering__Cost-2__Fee-British","1","30","1","D","4","21","D Defaults","D Liability Signal: 10","10","0.080447596799999993","false","8.7519015712714872","8.7519015712714872","2","No","1","8.7519015712714872","0","true"
"Specification-MandatoryFilingAndAnswering__Cost-2__Fee-British","1","31","1","D","6","15","D Offer","D Liability Signal: 10;D Defaults: 1","10,1","0","true","","","1","0.05","0.10000000000000001","","",""
"Specification-MandatoryFilingAndAnswering__Cost-2__Fee-British","1","31","1","D","6","15","D Offer","D Liability Signal: 10;D Defaults: 1","10,1","0","true","","","2","0.15","0.10000000000000001","","",""
"Specification-MandatoryFilingAndAnswering__Cost-2__Fee-British","1","31","1","D","6","15","D Offer","D Liability Signal: 10;D Defaults: 1","10,1","0","true","","","3","0.25","0.10000000000000001","","",""
"Specification-MandatoryFilingAndAnswering__Cost-2__Fee-British","1","31","1","D","6","15","D Offer","D Liability Signal: 10;D Defaults: 1","10,1","0","true","","","4","0.35","0.10000000000000001","","",""
"Specification-MandatoryFilingAndAnswering__Cost-2__Fee-British","1","31","1","D","6","15","D Offer","D Liability Signal: 10;D Defaults: 1","10,1","0","true","","","5","0.45","0.10000000000000001","","",""
"Specification-MandatoryFilingAndAnswering__Cost-2__Fee-British","1","31","1","D","6","15","D Offer","D Liability Signal: 10;D Defaults: 1","10,1","0","true","","","6","0.55","0.10000000000000001","","",""
"Specification-MandatoryFilingAndAnswering__Cost-2__Fee-British","1","31","1","D","6","15","D Offer","D Liability Signal: 10;D Defaults: 1","10,1","0","true","","","7","0.65","0.10000000000000001","","",""
"Specification-MandatoryFilingAndAnswering__Cost-2__Fee-British","1","31","1","D","6","15","D Offer","D Liability Signal: 10;D Defaults: 1","10,1","0","true","","","8","0.75","0.10000000000000001","","",""
"Specification-MandatoryFilingAndAnswering__Cost-2__Fee-British","1","31","1","D","6","15","D Offer","D Liability Signal: 10;D Defaults: 1","10,1","0","true","","","9","0.85","0.10000000000000001","","",""
"Specification-MandatoryFilingAndAnswering__Cost-2__Fee-British","1","31","1","D","6","15","D Offer","D Liability Signal: 10;D Defaults: 1","10,1","0","true","","","10","0.95","0.10000000000000001","","",""
"Specification-MandatoryFilingAndAnswering__Cost-2__Fee-British","1","32","1","D","6","15","D Offer","D Liability Signal: 10;D Defaults: 2","10,2","0.080447596799999993","false","8.7519015712714872","8.7519015712714872","1","0.05","0","8.0789248474195201","0.67297672385196705","false"
"Specification-MandatoryFilingAndAnswering__Cost-2__Fee-British","1","32","1","D","6","15","D Offer","D Liability Signal: 10;D Defaults: 2","10,2","0.080447596799999993","false","8.7519015712714872","8.7519015712714872","2","0.15","0","8.0787140641893558","0.67318750708213138","false"
"Specification-MandatoryFilingAndAnswering__Cost-2__Fee-British","1","32","1","D","6","15","D Offer","D Liability Signal: 10;D Defaults: 2","10,2","0.080447596799999993","false","8.7519015712714872","8.7519015712714872","3","0.25","0","8.0785032809591897","0.67339829031229748","false"
"Specification-MandatoryFilingAndAnswering__Cost-2__Fee-British","1","32","1","D","6","15","D Offer","D Liability Signal: 10;D Defaults: 2","10,2","0.080447596799999993","false","8.7519015712714872","8.7519015712714872","4","0.35","0","8.0782924977290236","0.67360907354246358","false"
"Specification-MandatoryFilingAndAnswering__Cost-2__Fee-British","1","32","1","D","6","15","D Offer","D Liability Signal: 10;D Defaults: 2","10,2","0.080447596799999993","false","8.7519015712714872","8.7519015712714872","5","0.45","0","8.0780817144988593","0.6738198567726279","false"
"Specification-MandatoryFilingAndAnswering__Cost-2__Fee-British","1","32","1","D","6","15","D Offer","D Liability Signal: 10;D Defaults: 2","10,2","0.080447596799999993","false","8.7519015712714872","8.7519015712714872","6","0.55","0","8.0778709312686932","0.674030640002794","false"
"Specification-MandatoryFilingAndAnswering__Cost-2__Fee-British","1","32","1","D","6","15","D Offer","D Liability Signal: 10;D Defaults: 2","10,2","0.080447596799999993","false","8.7519015712714872","8.7519015712714872","7","0.65","0","8.0776601480385288","0.67424142323295833","false"
"Specification-MandatoryFilingAndAnswering__Cost-2__Fee-British","1","32","1","D","6","15","D Offer","D Liability Signal: 10;D Defaults: 2","10,2","0.080447596799999993","false","8.7519015712714872","8.7519015712714872","8","0.75","0","8.0774493648083627","0.67445220646312443","false"
"Specification-MandatoryFilingAndAnswering__Cost-2__Fee-British","1","32","1","D","6","15","D Offer","D Liability Signal: 10;D Defaults: 2","10,2","0.080447596799999993","false","8.7519015712714872","8.7519015712714872","9","0.85","0","8.0772385815781984","0.67466298969328875","false"
"Specification-MandatoryFilingAndAnswering__Cost-2__Fee-British","1","32","1","D","6","15","D Offer","D Liability Signal: 10;D Defaults: 2","10,2","0.080447596799999993","false","8.7519015712714872","8.7519015712714872","10","0.95","1","8.7519015712714872","0","true"
