"OptionSetName","Equilibrium Number","Information Set Number","Player Index","Player","Decision Index","Decision Code","Decision","Information Set Labels","Information Set Contents","Equilibrium Reach Probability","Off Path","Conditional Information-Set Utility","Best Action Utility","Action","Action Label","Equilibrium Action Probability","Conditional Action Utility","Utility Loss from Best Action","Is Best Action"
"Specification-MandatoryFilingAndAnswering__Cost-2__Fee-American","1","0","0","P","3","20","P Abandons","P Liability Signal: 1","1","0.080450000000000008","false","9.7538699922771244","9.7538699922771244","1","Yes","0","9.7226905266732153","0.031179465603909051","false"
"Specification-MandatoryFilingAndAnswering__Cost-2__Fee-American","1","0","0","P","3","20","P Abandons","P Liability Signal: 1","1","0.080450000000000008","false","9.7538699922771244","9.7538699922771244","2","No","1","9.7538699922771244","0","true"
"Specification-MandatoryFilingAndAnswering__Cost-2__Fee-American","1","2","0","P","5","14","P Offer","P Liability Signal: 1;P Abandons: 1","1,1","0","true","","","1","0.05","0.10000000000000001","","",""
"Specification-MandatoryFilingAndAnswering__Cost-2__Fee-American","1","2","0","P","5","14","P Offer","P Liability Signal: 1;P Abandons: 1","1,1","0","true","","","2","0.15","0.10000000000000001","","",""
"Specification-MandatoryFilingAndAnswering__Cost-2__Fee-American","1","2","0","P","5","14","P Offer","P Liability Signal: 1;P Abandons: 1","1,1","0","true","","","3","0.25","0.10000000000000001","","",""
"Specification-MandatoryFilingAndAnswering__Cost-2__Fee-American","1","2","0","P","5","14","P Offer","P Liability Signal: 1;P Abandons: 1","1,1","0","true","","","4","0.35","0.10000000000000001","","",""
"Specification-MandatoryFilingAndAnswering__Cost-2__Fee-American","1","2","0","P","5","14","P Offer","P Liability Signal: 1;P Abandons: 1","1,1","0","true","","","5","0.45","0.10000000000000001","","",""
"Specification-MandatoryFilingAndAnswering__Cost-2__Fee-American","1","2","0","P","5","14","P Offer","P Liability Signal: 1;P Abandons: 1","1,1","0","true","","","6","0.55","0.10000000000000001","","",""
"Specification-MandatoryFilingAndAnswering__Cost-2__Fee-American","1","2","0","P","5","14","P Offer","P Liability Signal: 1;P Abandons: 1","1,1","0","true","","","7","0.65","0.10000000000000001","","",""
"Specification-MandatoryFilingAndAnswering__Cost-2__Fee-American","1","2","0","P","5","14","P Offer","P Liability Signal: 1;P Abandons: 1","1,1","0","true","","","8","0.75","0.10000000000000001","","",""
"Specification-MandatoryFilingAndAnswering__Cost-2__Fee-American","1","2","0","P","5","14","P Offer","P Liability Signal: 1;P Abandons: 1","1,1","0","true","","","9","0.85","0.10000000000000001","","",""
"Specification-MandatoryFilingAndAnswering__Cost-2__Fee-American","1","2","0","P","5","14","P Offer","P Liability Signal: 1;P Abandons: 1","1,1","0","true","","","10","0.95","0.10000000000000001","","",""
"Specification-MandatoryFilingAndAnswering__Cost-2__Fee-American","1","5","0","P","5","14","P Offer","P Liability Signal: 1;P Abandons: 2","1,2","0.080450000000000008","false","9.7538699922771244","9.7538699922771244","1","0.05","1","9.7538699922771244","0","true"
"Specification-MandatoryFilingAndAnswering__Cost-2__Fee-American","1","5","0","P","5","14","P Offer","P Liability Signal: 1;P Abandons: 2","1,2","0.080450000000000008","false","9.7538699922771244","9.7538699922771244","2","0.15","0","9.5171668934860225","0.23670309879110185","false"
"Specification-MandatoryFilingAndAnswering__Cost-2__Fee-American","1","5","0","P","5","14","P Offer","P Liability Signal: 1;P Abandons: 2","1,2","0.080450000000000008","false","9.7538699922771244","9.7538699922771244","3","0.25","0","9.5175959189679382","0.23627407330918615","false"
"Specification-MandatoryFilingAndAnswering__Cost-2__Fee-American","1","5","0","P","5","14","P Offer","P Liability Signal: 1;P Abandons: 2","1,2","0.080450000000000008","false","9.7538699922771244","9.7538699922771244","4","0.35","0","9.5180249444498504","0.235845047827274","false"
"Specification-MandatoryFilingAndAnswering__Cost-2__Fee-American","1","5","0","P","5","14","P Offer","P Liability Signal: 1;P Abandons: 2","1,2","0.080450000000000008","false","9.7538699922771244","9.7538699922771244","5","0.45","0","9.5184539699317625","0.23541602234536185","false"
"Specification-MandatoryFilingAndAnswering__Cost-2__Fee-American","1","5","0","P","5","14","P Offer","P Liability Signal: 1;P Abandons: 2","1,2","0.080450000000000008","false","9.7538699922771244","9.7538699922771244","6","0.55","0","9.5188829954136764","0.23498699686344793","false"
"Specification-MandatoryFilingAndAnswering__Cost-2__Fee-American","1","5","0","P","5","14","P Offer","P Liability Signal: 1;P Abandons: 2","1,2","0.080450000000000008","false","9.7538699922771244","9.7538699922771244","7","0.65","0","9.5193120208955921","0.23455797138153223","false"
"Specification-MandatoryFilingAndAnswering__Cost-2__Fee-American","1","5","0","P","5","14","P Offer","P Liability Signal: 1;P Abandons: 2","1,2","0.080450000000000008","false","9.7538699922771244","9.7538699922771244","8","0.75","0","9.5197410463775061","0.2341289458996183","false"
"Specification-MandatoryFilingAndAnswering__Cost-2__Fee-American","1","5","0","P","5","14","P Offer","P Liability Signal: 1;P Abandons: 2","1,2","0.080450000000000008","false","9.7538699922771244","9.7538699922771244","9","0.85","0","9.52017007185942","0.23369992041770438","false"
"Specification-MandatoryFilingAndAnswering__Cost-2__Fee-American","1","5","0","P","5","14","P Offer","P Liability Signal: 1;P Abandons: 2","1,2","0.080450000000000008","false","9.7538699922771244","9.7538699922771244","10","0.95","0","9.5205990973413321","0.23327089493579223","false"
"Specification-MandatoryFilingAndAnswering__Cost-2__Fee-American","1","33","0","P","3","20","P Abandons","P Liability Signal: 2","2","0.097680000000000017","false","9.7576537856447185","9.7576537856447185","1","Yes","0","9.7355556782285806","0.022098107416137935","false"
"Specification-MandatoryFilingAndAnswering__Cost-2__Fee-American","1","33","0","P","3","20","P Abandons","P Liability Signal: 2","2","0.097680000000000017","false","9.7576537856447185","9.7576537856447185","2","No","1","9.7576537856447185","0","true"
"Specification-MandatoryFilingAndAnswering__Cost-2__Fee-American","1","34","0","P","5","14","P Offer","P Liability Signal: 2;P Abandons: 1","2,1","0","true","","","1","0.05","0.10000000000000001","","",""
"Specification-MandatoryFilingAndAnswering__Cost-2__Fee-American","1","34","0","P","5","14","P Offer","P Liability Signal: 2;P Abandons: 1","2,1","0","true","","","2","0.15","0.10000000000000001","","",""
"Specification-MandatoryFilingAndAnswering__Cost-2__Fee-American","1","34","0","P","5","14","P Offer","P Liability Signal: 2;P Abandons: 1","2,1","0","true","","","3","0.25","0.10000000000000001","","",""
"Specification-MandatoryFilingAndAnswering__Cost-2__Fee-American","1","34","0","P","5","14","P Offer","P Liability Signal: 2;P Abandons: 1","2,1","0","true","","","4","0.35","0.10000000000000001","","",""
"Specification-MandatoryFilingAndAnswering__Cost-2__Fee-American","1","34","0","P","5","14","P Offer","P Liability Signal: 2;P Abandons: 1","2,1","0","true","","","5","0.45","0.10000000000000001","","",""
"Specification-MandatoryFilingAndAnswering__Cost-2__Fee-American","1","34","0","P","5","14","P Offer","P Liability Signal: 2;P Abandons: 1","2,1","0","true","","","6","0.55","0.10000000000000001","","",""
"Specification-MandatoryFilingAndAnswering__Cost-2__Fee-American","1","34","0","P","5","14","P Offer","P Liability Signal: 2;P Abandons: 1","2,1","0","true","","","7","0.65","0.10000000000000001","","",""
"Specification-MandatoryFilingAndAnswering__Cost-2__Fee-American","1","34","0","P","5","14","P Offer","P Liability Signal: 2;P Abandons: 1","2,1","0","true","","","8","0.75","0.10000000000000001","","",""
"Specification-MandatoryFilingAndAnswering__Cost-2__Fee-American","1","34","0","P","5","14","P Offer","P Liability Signal: 2;P Abandons: 1","2,1","0","true","","","9","0.85","0.10000000000000001","","",""
"Specification-MandatoryFilingAndAnswering__Cost-2__Fee-American","1","34","0","P","5","14","P Offer","P Liability Signal: 2;P Abandons: 1","2,1","0","true","","","10","0.95","0.10000000000000001","","",""
"Specification-MandatoryFilingAndAnswering__Cost-2__Fee-American","1","35","0","P","5","14","P Offer","P Liability Signal: 2;P Abandons: 2","2,2","0.097680000000000017","false","9.7576537856447185","9.7576537856447185","1","0.05","1","9.7576537856447185","0","true"
"Specification-MandatoryFilingAndAnswering__Cost-2__Fee-American","1","35","0","P","5","14","P Offer","P Liability Signal: 2;P Abandons: 2","2,2","0.097680000000000017","false","9.7576537856447185","9.7576537856447185","2","0.15","0","9.5738962414861142","0.18375754415860435","false"
"Specification-MandatoryFilingAndAnswering__Cost-2__Fee-American","1","35","0","P","5","14","P Offer","P Liability Signal: 2;P Abandons: 2","2,2","0.097680000000000017","false","9.7576537856447185","9.7576537856447185","3","0.25","0","9.5747457001759759","0.1829080854687426","false"
"Specification-MandatoryFilingAndAnswering__Cost-2__Fee-American","1","35","0","P","5","14","P Offer","P Liability Signal: 2;P Abandons: 2","2,2","0.097680000000000017","false","9.7576537856447185","9.7576537856447185","4","0.35","0","9.5755951588658395","0.18205862677887907","false"
"Specification-MandatoryFilingAndAnswering__Cost-2__Fee-American","1","35","0","P","5","14","P Offer","P Liability Signal: 2;P Abandons: 2","2,2","0.097680000000000017","false","9.7576537856447185","9.7576537856447185","5","0.45","0","9.5764446175556976","0.18120916808902088","false"
"Specification-MandatoryFilingAndAnswering__Cost-2__Fee-American","1","35","0","P","5","14","P Offer","P Liability Signal: 2;P Abandons: 2","2,2","0.097680000000000017","false","9.7576537856447185","9.7576537856447185","6","0.55","0","9.5772940762455612","0.18035970939915735","false"
"Specification-MandatoryFilingAndAnswering__Cost-2__Fee-American","1","35","0","P","5","14","P Offer","P Liability Signal: 2;P Abandons: 2","2,2","0.097680000000000017","false","9.7576537856447185","9.7576537856447185","7","0.65","0","9.5781435349354229","0.1795102507092956","false"
"Specification-MandatoryFilingAndAnswering__Cost-2__Fee-American","1","35","0","P","5","14","P Offer","P Liability Signal: 2;P Abandons: 2","2,2","0.097680000000000017","false","9.7576537856447185","9.7576537856447185","8","0.75","0","9.5789929936252847","0.17866079201943386","false"
"Specification-MandatoryFilingAndAnswering__Cost-2__Fee-American","1","35","0","P","5","14","P Offer","P Liability Signal: 2;P Abandons: 2","2,2","0.097680000000000017","false","9.7576537856447185","9.7576537856447185","9","0.85","0","9.5798424523151464","0.17781133332957211","false"
"Specification-MandatoryFilingAndAnswering__Cost-2__Fee-American","1","35","0","P","5","14","P Offer","P Liability Signal: 2;P Abandons: 2","2,2","0.097680000000000017","false","9.7576537856447185","9.7576537856447185","10","0.95","0","9.5806919110050082","0.17696187463971036","false"
"Specification-MandatoryFilingAndAnswering__Cost-2__Fee-American","1","36","0","P","3","20","P Abandons","P Liability Signal: 3","3","0.10618","false","9.7654761107024193","9.7654761107024228","1","Yes","0.65709441254760947","9.7654761107024228","0","true"
"Specification-MandatoryFilingAndAnswering__Cost-2__Fee-American","1","36","0","P","3","20","P Abandons","P Liability Signal: 3","3","0.10618","false","9.7654761107024193","9.7654761107024228","2","No","0.34290558745239064","9.7654761107024193","3.5527136788005009E-15","true"
"Specification-MandatoryFilingAndAnswering__Cost-2__Fee-American","1","37","0","P","5","14","P Offer","P Liability Signal: 3;P Abandons: 1","3,1","0.069770284724305173","false","9.7654761107024193","9.7654761107024193","1","0.05","0","9.7654761107024175","1.7763568394002505E-15","true"
"Specification-MandatoryFilingAndAnswering__Cost-2__Fee-American","1","37","0","P","5","14","P Offer","P Liability Signal: 3;P Abandons: 1","3,1","0.069770284724305173","false","9.7654761107024193","9.7654761107024193","2","0.15","0","9.751727069478207","0.013749041224212277","false"
"Specification-MandatoryFilingAndAnswering__Cost-2__Fee-American","1","37","0","P","5","14","P Offer","P Liability Signal: 3;P Abandons: 1","3,1","0.069770284724305173","false","9.7654761107024193","9.7654761107024193","3","0.25","0","9.753445699631234","0.012030411071185299","false"
"Specification-MandatoryFilingAndAnswering__Cost-2__Fee-American","1","37","0","P","5","14","P Offer","P Liability Signal: 3;P Abandons: 1","3,1","0.069770284724305173","false","9.7654761107024193","9.7654761107024193","4","0.35","0","9.755164329784261","0.01031178091815832","false"
"Specification-MandatoryFilingAndAnswering__Cost-2__Fee-American","1","37","0","P","5","14","P Offer","P Liability Signal: 3;P Abandons: 1","3,1","0.069770284724305173","false","9.7654761107024193","9.7654761107024193","5","0.45","0","9.7568829599372879","0.008593150765131341","false"
"Specification-MandatoryFilingAndAnswering__Cost-2__Fee-American","1","37","0","P","5","14","P Offer","P Liability Signal: 3;P Abandons: 1","3,1","0.069770284724305173","false","9.7654761107024193","9.7654761107024193","6","0.55","0","9.7586015900903149","0.0068745206121043623","false"
"Specification-MandatoryFilingAndAnswering__Cost-2__Fee-American","1","37","0","P","5","14","P Offer","P Liability Signal: 3;P Abandons: 1","3,1","0.069770284724305173","false","9.7654761107024193","9.7654761107024193","7","0.65","0","9.7603202202433383","0.0051558904590809362","false"
"Specification-MandatoryFilingAndAnswering__Cost-2__Fee-American","1","37","0","P","5","14","P Offer","P Liability Signal: 3;P Abandons: 1","3,1","0.069770284724305173","false","9.7654761107024193","9.7654761107024193","8","0.75","0","9.7620388503963671","0.0034372603060521811","false"
"Specification-MandatoryFilingAndAnswering__Cost-2__Fee-American","1","37","0","P","5","14","P Offer","P Liability Signal: 3;P Abandons: 1","3,1","0.069770284724305173","false","9.7654761107024193","9.7654761107024193","9","0.85","0","9.7637574805493923","0.0017186301530269787","false"
"Specification-MandatoryFilingAndAnswering__Cost-2__Fee-American","1","37","0","P","5","14","P Offer","P Liability Signal: 3;P Abandons: 1","3,1","0.069770284724305173","false","9.7654761107024193","9.7654761107024193","10","0.95","1","9.7654761107024193","0","true"
"Specification-MandatoryFilingAndAnswering__Cost-2__Fee-American","1","38","0","P","5","14","P Offer","P Liability Signal: 3;P Abandons: 2","3,2","0.036409715275694837","false","9.7654761107024211","9.7654761107024211","1","0.05","1","9.7654761107024211","0","true"
"Specification-MandatoryFilingAndAnswering__Cost-2__Fee-American","1","38","0","P","5","14","P Offer","P Liability Signal: 3;P Abandons: 2","3,2","0.036409715275694837","false","9.7654761107024211","9.7654761107024211","2","0.15","0","9.6626822751566852","0.10279383554573585","false"
"Specification-MandatoryFilingAndAnswering__Cost-2__Fee-American","1","38","0","P","5","14","P Offer","P Liability Signal: 3;P Abandons: 2","3,2","0.036409715275694837","false","9.7654761107024211","9.7654761107024211","3","0.25","0","9.6644009053097104","0.10107520539271064","false"
"Specification-MandatoryFilingAndAnswering__Cost-2__Fee-American","1","38","0","P","5","14","P Offer","P Liability Signal: 3;P Abandons: 2","3,2","0.036409715275694837","false","9.7654761107024211","9.7654761107024211","4","0.35","0","9.6661195354627374","0.099356575239683664","false"
"Specification-MandatoryFilingAndAnswering__Cost-2__Fee-American","1","38","0","P","5","14","P Offer","P Liability Signal: 3;P Abandons: 2","3,2","0.036409715275694837","false","9.7654761107024211","9.7654761107024211","5","0.45","0","9.6678381656157644","0.097637945086656686","false"
"Specification-MandatoryFilingAndAnswering__Cost-2__Fee-American","1","38","0","P","5","14","P Offer","P Liability Signal: 3;P Abandons: 2","3,2","0.036409715275694837","false","9.7654761107024211","9.7654761107024211","6","0.55","0","9.6695567957687913","0.095919314933629707","false"
"Specification-MandatoryFilingAndAnswering__Cost-2__Fee-American","1","38","0","P","5","14","P Offer","P Liability Signal: 3;P Abandons: 2","3,2","0.036409715275694837","false","9.7654761107024211","9.7654761107024211","7","0.65","0","9.6712754259218183","0.094200684780602728","false"
"Specification-MandatoryFilingAndAnswering__Cost-2__Fee-American","1","38","0","P","5","14","P Offer","P Liability Signal: 3;P Abandons: 2","3,2","0.036409715275694837","false","9.7654761107024211","9.7654761107024211","8","0.75","0","9.6729940560748435","0.092482054627577526","false"
"Specification-MandatoryFilingAndAnswering__Cost-2__Fee-American","1","38","0","P","5","14","P Offer","P Liability Signal: 3;P Abandons: 2","3,2","0.036409715275694837","false","9.7654761107024211","9.7654761107024211","9","0.85","0","9.6747126862278705","0.090763424474550547","false"
"Specification-MandatoryFilingAndAnswering__Cost-2__Fee-American","1","38","0","P","5","14","P Offer","P Liability Signal: 3;P Abandons: 2","3,2","0.036409715275694837","false","9.7654761107024211","9.7654761107024211","10","0.95","0","9.6764313163808975","0.089044794321523568","false"
"Specification-MandatoryFilingAndAnswering__Cost-2__Fee-American","1","39","0","P","3","20","P Abandons","P Liability Signal: 4","4","0.1081","false","9.8157765280136893","9.8157765280136893","1","Yes","0.82127187493552944","9.8157765280136893","0","true"
"Specification-MandatoryFilingAndAnswering__Cost-2__Fee-American","1","39","0","P","3","20","P Abandons","P Liability Signal: 4","4","0.1081","false","9.8157765280136893","9.8157765280136893","2","No","0.17872812506447061","9.8157765280136875","1.7763568394002505E-15","true"
"Specification-MandatoryFilingAndAnswering__Cost-2__Fee-American","1","40","0","P","5","14","P Offer","P Liability Signal: 4;P Abandons: 1","4,1","0.088779489680530718","false","9.815776528013691","9.815776528013691","1","0.05","0","9.7805360506548134","0.035240477358877698","false"
"Specification-MandatoryFilingAndAnswering__Cost-2__Fee-American","1","40","0","P","5","14","P Offer","P Liability Signal: 4;P Abandons: 1","4,1","0.088779489680530718","false","9.815776528013691","9.815776528013691","2","0.15","0","9.7886405002379977","0.02713602777569335","false"
"Specification-MandatoryFilingAndAnswering__Cost-2__Fee-American","1","40","0","P","5","14","P Offer","P Liability Signal: 4;P Abandons: 1","4,1","0.088779489680530718","false","9.815776528013691","9.815776528013691","3","0.25","0","9.7920325037099598","0.023744024303731237","false"
"Specification-MandatoryFilingAndAnswering__Cost-2__Fee-American","1","40","0","P","5","14","P Offer","P Liability Signal: 4;P Abandons: 1","4,1","0.088779489680530718","false","9.815776528013691","9.815776528013691","4","0.35","0","9.7954245071819219","0.020352020831769124","false"
"Specification-MandatoryFilingAndAnswering__Cost-2__Fee-American","1","40","0","P","5","14","P Offer","P Liability Signal: 4;P Abandons: 1","4,1","0.088779489680530718","false","9.815776528013691","9.815776528013691","5","0.45","0","9.798816510653884","0.016960017359807011","false"
"Specification-MandatoryFilingAndAnswering__Cost-2__Fee-American","1","40","0","P","5","14","P Offer","P Liability Signal: 4;P Abandons: 1","4,1","0.088779489680530718","false","9.815776528013691","9.815776528013691","6","0.55","0","9.8022085141258444","0.013568013887846675","false"
"Specification-MandatoryFilingAndAnswering__Cost-2__Fee-American","1","40","0","P","5","14","P Offer","P Liability Signal: 4;P Abandons: 1","4,1","0.088779489680530718","false","9.815776528013691","9.815776528013691","7","0.65","0","9.8056005175978065","0.010176010415884562","false"
"Specification-MandatoryFilingAndAnswering__Cost-2__Fee-American","1","40","0","P","5","14","P Offer","P Liability Signal: 4;P Abandons: 1","4,1","0.088779489680530718","false","9.815776528013691","9.815776528013691","8","0.75","0","9.8089925210697686","0.0067840069439224493","false"
"Specification-MandatoryFilingAndAnswering__Cost-2__Fee-American","1","40","0","P","5","14","P Offer","P Liability Signal: 4;P Abandons: 1","4,1","0.088779489680530718","false","9.815776528013691","9.815776528013691","9","0.85","0","9.8123845245417307","0.0033920034719603365","false"
"Specification-MandatoryFilingAndAnswering__Cost-2__Fee-American","1","40","0","P","5","14","P Offer","P Liability Signal: 4;P Abandons: 1","4,1","0.088779489680530718","false","9.815776528013691","9.815776528013691","10","0.95","1","9.815776528013691","0","true"
"Specification-MandatoryFilingAndAnswering__Cost-2__Fee-American","1","41","0","P","5","14","P Offer","P Liability Signal: 4;P Abandons: 2","4,2","0.019320510319469273","false","9.8157765280136893","9.8157765280136893","1","0.05","0","9.7805360506548151","0.035240477358874145","false"
"Specification-MandatoryFilingAndAnswering__Cost-2__Fee-American","1","41","0","P","5","14","P Offer","P Liability Signal: 4;P Abandons: 2","4,2","0.019320510319469273","false","9.8157765280136893","9.8157765280136893","2","0.15","0","9.7886405002379959","0.02713602777569335","false"
"Specification-MandatoryFilingAndAnswering__Cost-2__Fee-American","1","41","0","P","5","14","P Offer","P Liability Signal: 4;P Abandons: 2","4,2","0.019320510319469273","false","9.8157765280136893","9.8157765280136893","3","0.25","0","9.792032503709958","0.023744024303731237","false"
"Specification-MandatoryFilingAndAnswering__Cost-2__Fee-American","1","41","0","P","5","14","P Offer","P Liability Signal: 4;P Abandons: 2","4,2","0.019320510319469273","false","9.8157765280136893","9.8157765280136893","4","0.35","0","9.7954245071819201","0.020352020831769124","false"
"Specification-MandatoryFilingAndAnswering__Cost-2__Fee-American","1","41","0","P","5","14","P Offer","P Liability Signal: 4;P Abandons: 2","4,2","0.019320510319469273","false","9.8157765280136893","9.8157765280136893","5","0.45","0","9.7988165106538805","0.016960017359808788","false"
"Specification-MandatoryFilingAndAnswering__Cost-2__Fee-American","1","41","0","P","5","14","P Offer","P Liability Signal: 4;P Abandons: 2","4,2","0.019320510319469273","false","9.8157765280136893","9.8157765280136893","6","0.55","0","9.8022085141258426","0.013568013887846675","false"
"Specification-MandatoryFilingAndAnswering__Cost-2__Fee-American","1","41","0","P","5","14","P Offer","P Liability Signal: 4;P Abandons: 2","4,2","0.019320510319469273","false","9.8157765280136893","9.8157765280136893","7","0.65","0","9.8056005175978047","0.010176010415884562","false"
"Specification-MandatoryFilingAndAnswering__Cost-2__Fee-American","1","41","0","P","5","14","P Offer","P Liability Signal: 4;P Abandons: 2","4,2","0.019320510319469273","false","9.8157765280136893","9.8157765280136893","8","0.75","0","9.808992521069765","0.0067840069439242257","false"
"Specification-MandatoryFilingAndAnswering__Cost-2__Fee-American","1","41","0","P","5","14","P Offer","P Liability Signal: 4;P Abandons: 2","4,2","0.019320510319469273","false","9.8157765280136893","9.8157765280136893","9","0.85","0","9.8123845245417272","0.0033920034719621128","false"
"Specification-MandatoryFilingAndAnswering__Cost-2__Fee-American","1","41","0","P","5","14","P Offer","P Liability Signal: 4;P Abandons: 2","4,2","0.019320510319469273","false","9.8157765280136893","9.8157765280136893","10","0.95","1","9.8157765280136893","0","true"
"Specification-MandatoryFilingAndAnswering__Cost-2__Fee-American","1","42","0","P","3","20","P Abandons","P Liability Signal: 5","5","0.1076","false","9.991851029532512","9.991851029532512","1","Yes","0","9.8619721526463042","0.12987887688620781","false"
"Specification-MandatoryFilingAndAnswering__Cost-2__Fee-American","1","42","0","P","3","20","P Abandons","P Liability Signal: 5","5","0.1076","false","9.991851029532512","9.991851029532512","2","No","1","9.991851029532512","0","true"
"Specification-MandatoryFilingAndAnswering__Cost-2__Fee-American","1","43","0","P","5","14","P Offer","P Liability Signal: 5;P Abandons: 1","5,1","0","true","","","1","0.05","0.10000000000000001","","",""
"Specification-MandatoryFilingAndAnswering__Cost-2__Fee-American","1","43","0","P","5","14","P Offer","P Liability Signal: 5;P Abandons: 1","5,1","0","true","","","2","0.15","0.10000000000000001","","",""
"Specification-MandatoryFilingAndAnswering__Cost-2__Fee-American","1","43","0","P","5","14","P Offer","P Liability Signal: 5;P Abandons: 1","5,1","0","true","","","3","0.25","0.10000000000000001","","",""
"Specification-MandatoryFilingAndAnswering__Cost-2__Fee-American","1","43","0","P","5","14","P Offer","P Liability Signal: 5;P Abandons: 1","5,1","0","true","","","4","0.35","0.10000000000000001","","",""
"Specification-MandatoryFilingAndAnswering__Cost-2__Fee-American","1","43","0","P","5","14","P Offer","P Liability Signal: 5;P Abandons: 1","5,1","0","true","","","5","0.45","0.10000000000000001","","",""
"Specification-MandatoryFilingAndAnswering__Cost-2__Fee-American","1","43","0","P","5","14","P Offer","P Liability Signal: 5;P Abandons: 1","5,1","0","true","","","6","0.55","0.10000000000000001","","",""
"Specification-MandatoryFilingAndAnswering__Cost-2__Fee-American","1","43","0","P","5","14","P Offer","P Liability Signal: 5;P Abandons: 1","5,1","0","true","","","7","0.65","0.10000000000000001","","",""
"Specification-MandatoryFilingAndAnswering__Cost-2__Fee-American","1","43","0","P","5","14","P Offer","P Liability Signal: 5;P Abandons: 1","5,1","0","true","","","8","0.75","0.10000000000000001","","",""
"Specification-MandatoryFilingAndAnswering__Cost-2__Fee-American","1","43","0","P","5","14","P Offer","P Liability Signal: 5;P Abandons: 1","5,1","0","true","","","9","0.85","0.10000000000000001","","",""
"Specification-MandatoryFilingAndAnswering__Cost-2__Fee-American","1","43","0","P","5","14","P Offer","P Liability Signal: 5;P Abandons: 1","5,1","0","true","","","10","0.95","0.10000000000000001","","",""
"Specification-MandatoryFilingAndAnswering__Cost-2__Fee-American","1","44","0","P","5","14","P Offer","P Liability Signal: 5;P Abandons: 2","5,2","0.1076","false","9.991851029532512","9.991851029532512","1","0.05","0","9.8061536109653566","0.18569741856715538","false"
"Specification-MandatoryFilingAndAnswering__Cost-2__Fee-American","1","44","0","P","5","14","P Offer","P Liability Signal: 5;P Abandons: 2","5,2","0.1076","false","9.991851029532512","9.991851029532512","2","0.15","0","9.9419432021053584","0.049907827427153606","false"
"Specification-MandatoryFilingAndAnswering__Cost-2__Fee-American","1","44","0","P","5","14","P Offer","P Liability Signal: 5;P Abandons: 2","5,2","0.1076","false","9.991851029532512","9.991851029532512","3","0.25","0","9.948181680533752","0.043669348998760071","false"
"Specification-MandatoryFilingAndAnswering__Cost-2__Fee-American","1","44","0","P","5","14","P Offer","P Liability Signal: 5;P Abandons: 2","5,2","0.1076","false","9.991851029532512","9.991851029532512","4","0.35","0","9.9544201589621437","0.037430870570368313","false"
"Specification-MandatoryFilingAndAnswering__Cost-2__Fee-American","1","44","0","P","5","14","P Offer","P Liability Signal: 5;P Abandons: 2","5,2","0.1076","false","9.991851029532512","9.991851029532512","5","0.45","0","9.960658637390539","0.031192392141973002","false"
"Specification-MandatoryFilingAndAnswering__Cost-2__Fee-American","1","44","0","P","5","14","P Offer","P Liability Signal: 5;P Abandons: 2","5,2","0.1076","false","9.991851029532512","9.991851029532512","6","0.55","0","9.9668971158189343","0.024953913713577691","false"
"Specification-MandatoryFilingAndAnswering__Cost-2__Fee-American","1","44","0","P","5","14","P Offer","P Liability Signal: 5;P Abandons: 2","5,2","0.1076","false","9.991851029532512","9.991851029532512","7","0.65","0","9.9731355942473296","0.01871543528518238","false"
"Specification-MandatoryFilingAndAnswering__Cost-2__Fee-American","1","44","0","P","5","14","P Offer","P Liability Signal: 5;P Abandons: 2","5,2","0.1076","false","9.991851029532512","9.991851029532512","8","0.75","0","9.9793740726757232","0.012476956856788846","false"
"Specification-MandatoryFilingAndAnswering__Cost-2__Fee-American","1","44","0","P","5","14","P Offer","P Liability Signal: 5;P Abandons: 2","5,2","0.1076","false","9.991851029532512","9.991851029532512","9","0.85","0","9.9856125511041167","0.006238478428395311","false"
"Specification-MandatoryFilingAndAnswering__Cost-2__Fee-American","1","44","0","P","5","14","P Offer","P Liability Signal: 5;P Abandons: 2","5,2","0.1076","false","9.991851029532512","9.991851029532512","10","0.95","1","9.991851029532512","0","true"
"Specification-MandatoryFilingAndAnswering__Cost-2__Fee-American","1","45","0","P","3","20","P Abandons","P Liability Signal: 6","6","0.10759999999999999","false","10.177696278781266","10.177696278781266","1","Yes","0","9.9418453922674708","0.23585088651379493","false"
"Specification-MandatoryFilingAndAnswering__Cost-2__Fee-American","1","45","0","P","3","20","P Abandons","P Liability Signal: 6","6","0.10759999999999999","false","10.177696278781266","10.177696278781266","2","No","1","10.177696278781266","0","true"
"Specification-MandatoryFilingAndAnswering__Cost-2__Fee-American","1","46","0","P","5","14","P Offer","P Liability Signal: 6;P Abandons: 1","6,1","0","true","","","1","0.05","0.10000000000000001","","",""
"Specification-MandatoryFilingAndAnswering__Cost-2__Fee-American","1","46","0","P","5","14","P Offer","P Liability Signal: 6;P Abandons: 1","6,1","0","true","","","2","0.15","0.10000000000000001","","",""
"Specification-MandatoryFilingAndAnswering__Cost-2__Fee-American","1","46","0","P","5","14","P Offer","P Liability Signal: 6;P Abandons: 1","6,1","0","true","","","3","0.25","0.10000000000000001","","",""
"Specification-MandatoryFilingAndAnswering__Cost-2__Fee-American","1","46","0","P","5","14","P Offer","P Liability Signal: 6;P Abandons: 1","6,1","0","true","","","4","0.35","0.10000000000000001","","",""
"Specification-MandatoryFilingAndAnswering__Cost-2__Fee-American","1","46","0","P","5","14","P Offer","P Liability Signal: 6;P Abandons: 1","6,1","0","true","","","5","0.45","0.10000000000000001","","",""
"Specification-MandatoryFilingAndAnswering__Cost-2__Fee-American","1","46","0","P","5","14","P Offer","P Liability Signal: 6;P Abandons: 1","6,1","0","true","","","6","0.55","0.10000000000000001","","",""
"Specification-MandatoryFilingAndAnswering__Cost-2__Fee-American","1","46","0","P","5","14","P Offer","P Liability Signal: 6;P Abandons: 1","6,1","0","true","","","7","0.65","0.10000000000000001","","",""
"Specification-MandatoryFilingAndAnswering__Cost-2__Fee-American","1","46","0","P","5","14","P Offer","P Liability Signal: 6;P Abandons: 1","6,1","0","true","","","8","0.75","0.10000000000000001","","",""
"Specification-MandatoryFilingAndAnswering__Cost-2__Fee-American","1","46","0","P","5","14","P Offer","P Liability Signal: 6;P Abandons: 1","6,1","0","true","","","9","0.85","0.10000000000000001","","",""
"Specification-MandatoryFilingAndAnswering__Cost-2__Fee-American","1","46","0","P","5","14","P Offer","P Liability Signal: 6;P Abandons: 1","6,1","0","true","","","10","0.95","0.10000000000000001","","",""
"Specification-MandatoryFilingAndAnswering__Cost-2__Fee-American","1","47","0","P","5","14","P Offer","P Liability Signal: 6;P Abandons: 2","6,2","0.1076","false","10.177696278781266","10.177696278781266","1","0.05","0","9.8429223936920156","0.3347738850892501","false"
"Specification-MandatoryFilingAndAnswering__Cost-2__Fee-American","1","47","0","P","5","14","P Offer","P Liability Signal: 6;P Abandons: 2","6,2","0.1076","false","10.177696278781266","10.177696278781266","2","0.15","0","10.09510417761649","0.082592101164776111","false"
"Specification-MandatoryFilingAndAnswering__Cost-2__Fee-American","1","47","0","P","5","14","P Offer","P Liability Signal: 6;P Abandons: 2","6,2","0.1076","false","10.177696278781266","10.177696278781266","3","0.25","0","10.105428190262087","0.072268088519178875","false"
"Specification-MandatoryFilingAndAnswering__Cost-2__Fee-American","1","47","0","P","5","14","P Offer","P Liability Signal: 6;P Abandons: 2","6,2","0.1076","false","10.177696278781266","10.177696278781266","4","0.35","0","10.115752202907682","0.061944075873583415","false"
"Specification-MandatoryFilingAndAnswering__Cost-2__Fee-American","1","47","0","P","5","14","P Offer","P Liability Signal: 6;P Abandons: 2","6,2","0.1076","false","10.177696278781266","10.177696278781266","5","0.45","0","10.126076215553281","0.051620063227984403","false"
"Specification-MandatoryFilingAndAnswering__Cost-2__Fee-American","1","47","0","P","5","14","P Offer","P Liability Signal: 6;P Abandons: 2","6,2","0.1076","false","10.177696278781266","10.177696278781266","6","0.55","0","10.136400228198879","0.041296050582387167","false"
"Specification-MandatoryFilingAndAnswering__Cost-2__Fee-American","1","47","0","P","5","14","P Offer","P Liability Signal: 6;P Abandons: 2","6,2","0.1076","false","10.177696278781266","10.177696278781266","7","0.65","0","10.146724240844474","0.030972037936791708","false"
"Specification-MandatoryFilingAndAnswering__Cost-2__Fee-American","1","47","0","P","5","14","P Offer","P Liability Signal: 6;P Abandons: 2","6,2","0.1076","false","10.177696278781266","10.177696278781266","8","0.75","0","10.157048253490071","0.020648025291194472","false"
"Specification-MandatoryFilingAndAnswering__Cost-2__Fee-American","1","47","0","P","5","14","P Offer","P Liability Signal: 6;P Abandons: 2","6,2","0.1076","false","10.177696278781266","10.177696278781266","9","0.85","0","10.167372266135668","0.010324012645597236","false"
"Specification-MandatoryFilingAndAnswering__Cost-2__Fee-American","1","47","0","P","5","14","P Offer","P Liability Signal: 6;P Abandons: 2","6,2","0.1076","false","10.177696278781266","10.177696278781266","10","0.95","1","10.177696278781266","0","true"
"Specification-MandatoryFilingAndAnswering__Cost-2__Fee-American","1","48","0","P","3","20","P Abandons","P Liability Signal: 7","7","0.10809999999999999","false","10.339432660720179","10.339432660720179","1","Yes","0","10.027634922382457","0.31179773833772195","false"
"Specification-MandatoryFilingAndAnswering__Cost-2__Fee-American","1","48","0","P","3","20","P Abandons","P Liability Signal: 7","7","0.10809999999999999","false","10.339432660720179","10.339432660720179","2","No","1","10.339432660720179","0","true"
"Specification-MandatoryFilingAndAnswering__Cost-2__Fee-American","1","49","0","P","5","14","P Offer","P Liability Signal: 7;P Abandons: 1","7,1","0","true","","","1","0.05","0.10000000000000001","","",""
"Specification-MandatoryFilingAndAnswering__Cost-2__Fee-American","1","49","0","P","5","14","P Offer","P Liability Signal: 7;P Abandons: 1","7,1","0","true","","","2","0.15","0.10000000000000001","","",""
"Specification-MandatoryFilingAndAnswering__Cost-2__Fee-American","1","49","0","P","5","14","P Offer","P Liability Signal: 7;P Abandons: 1","7,1","0","true","","","3","0.25","0.10000000000000001","","",""
"Specification-MandatoryFilingAndAnswering__Cost-2__Fee-American","1","49","0","P","5","14","P Offer","P Liability Signal: 7;P Abandons: 1","7,1","0","true","","","4","0.35","0.10000000000000001","","",""
"Specification-MandatoryFilingAndAnswering__Cost-2__Fee-American","1","49","0","P","5","14","P Offer","P Liability Signal: 7;P Abandons: 1","7,1","0","true","","","5","0.45","0.10000000000000001","","",""
"Specification-MandatoryFilingAndAnswering__Cost-2__Fee-American","1","49","0","P","5","14","P Offer","P Liability Signal: 7;P Abandons: 1","7,1","0","true","","","6","0.55","0.10000000000000001","","",""
"Specification-MandatoryFilingAndAnswering__Cost-2__Fee-American","1","49","0","P","5","14","P Offer","P Liability Signal: 7;P Abandons: 1","7,1","0","true","","","7","0.65","0.10000000000000001","","",""
"Specification-MandatoryFilingAndAnswering__Cost-2__Fee-American","1","49","0","P","5","14","P Offer","P Liability Signal: 7;P Abandons: 1","7,1","0","true","","","8","0.75","0.10000000000000001","","",""
"Specification-MandatoryFilingAndAnswering__Cost-2__Fee-American","1","49","0","P","5","14","P Offer","P Liability Signal: 7;P Abandons: 1","7,1","0","true","","","9","0.85","0.10000000000000001","","",""
"Specification-MandatoryFilingAndAnswering__Cost-2__Fee-American","1","49","0","P","5","14","P Offer","P Liability Signal: 7;P Abandons: 1","7,1","0","true","","","10","0.95","0.10000000000000001","","",""
"Specification-MandatoryFilingAndAnswering__Cost-2__Fee-American","1","50","0","P","5","14","P Offer","P Liability Signal: 7;P Abandons: 2","7,2","0.1081","false","10.339432660720176","10.339432660720176","1","0.05","0","9.8864785129713191","0.45295414774885678","false"
"Specification-MandatoryFilingAndAnswering__Cost-2__Fee-American","1","50","0","P","5","14","P Offer","P Liability Signal: 7;P Abandons: 2","7,2","0.1081","false","10.339432660720176","10.339432660720176","2","0.15","0","10.218122929546919","0.12130973117325716","false"
"Specification-MandatoryFilingAndAnswering__Cost-2__Fee-American","1","50","0","P","5","14","P Offer","P Liability Signal: 7;P Abandons: 2","7,2","0.1081","false","10.339432660720176","10.339432660720176","3","0.25","0","10.233286645943574","0.10614601477660202","false"
"Specification-MandatoryFilingAndAnswering__Cost-2__Fee-American","1","50","0","P","5","14","P Offer","P Liability Signal: 7;P Abandons: 2","7,2","0.1081","false","10.339432660720176","10.339432660720176","4","0.35","0","10.248450362340233","0.090982298379943316","false"
"Specification-MandatoryFilingAndAnswering__Cost-2__Fee-American","1","50","0","P","5","14","P Offer","P Liability Signal: 7;P Abandons: 2","7,2","0.1081","false","10.339432660720176","10.339432660720176","5","0.45","0","10.263614078736889","0.075818581983286393","false"
"Specification-MandatoryFilingAndAnswering__Cost-2__Fee-American","1","50","0","P","5","14","P Offer","P Liability Signal: 7;P Abandons: 2","7,2","0.1081","false","10.339432660720176","10.339432660720176","6","0.55","0","10.278777795133546","0.060654865586629469","false"
"Specification-MandatoryFilingAndAnswering__Cost-2__Fee-American","1","50","0","P","5","14","P Offer","P Liability Signal: 7;P Abandons: 2","7,2","0.1081","false","10.339432660720176","10.339432660720176","7","0.65","0","10.293941511530205","0.04549114918997077","false"
"Specification-MandatoryFilingAndAnswering__Cost-2__Fee-American","1","50","0","P","5","14","P Offer","P Liability Signal: 7;P Abandons: 2","7,2","0.1081","false","10.339432660720176","10.339432660720176","8","0.75","0","10.30910522792686","0.030327432793315623","false"
"Specification-MandatoryFilingAndAnswering__Cost-2__Fee-American","1","50","0","P","5","14","P Offer","P Liability Signal: 7;P Abandons: 2","7,2","0.1081","false","10.339432660720176","10.339432660720176","9","0.85","0","10.324268944323517","0.0151637163966587","false"
"Specification-MandatoryFilingAndAnswering__Cost-2__Fee-American","1","50","0","P","5","14","P Offer","P Liability Signal: 7;P Abandons: 2","7,2","0.1081","false","10.339432660720176","10.339432660720176","10","0.95","1","10.339432660720176","0","true"
"Specification-MandatoryFilingAndAnswering__Cost-2__Fee-American","1","51","0","P","3","20","P Abandons","P Liability Signal: 8","8","0.10618","false","10.45741399420011","10.45741399420011","1","Yes","0","10.105107836605756","0.35230615759435402","false"
"Specification-MandatoryFilingAndAnswering__Cost-2__Fee-American","1","51","0","P","3","20","P Abandons","P Liability Signal: 8","8","0.10618","false","10.45741399420011","10.45741399420011","2","No","1","10.45741399420011","0","true"
"Specification-MandatoryFilingAndAnswering__Cost-2__Fee-American","1","52","0","P","5","14","P Offer","P Liability Signal: 8;P Abandons: 1","8,1","0","true","","","1","0.05","0.10000000000000001","","",""
"Specification-MandatoryFilingAndAnswering__Cost-2__Fee-American","1","52","0","P","5","14","P Offer","P Liability Signal: 8;P Abandons: 1","8,1","0","true","","","2","0.15","0.10000000000000001","","",""
"Specification-MandatoryFilingAndAnswering__Cost-2__Fee-American","1","52","0","P","5","14","P Offer","P Liability Signal: 8;P Abandons: 1","8,1","0","true","","","3","0.25","0.10000000000000001","","",""
"Specification-MandatoryFilingAndAnswering__Cost-2__Fee-American","1","52","0","P","5","14","P Offer","P Liability Signal: 8;P Abandons: 1","8,1","0","true","","","4","0.35","0.10000000000000001","","",""
"Specification-MandatoryFilingAndAnswering__Cost-2__Fee-American","1","52","0","P","5","14","P Offer","P Liability Signal: 8;P Abandons: 1","8,1","0","true","","","5","0.45","0.10000000000000001","","",""
"Specification-MandatoryFilingAndAnswering__Cost-2__Fee-American","1","52","0","P","5","14","P Offer","P Liability Signal: 8;P Abandons: 1","8,1","0","true","","","6","0.55","0.10000000000000001","","",""
"Specification-MandatoryFilingAndAnswering__Cost-2__Fee-American","1","52","0","P","5","14","P Offer","P Liability Signal: 8;P Abandons: 1","8,1","0","true","","","7","0.65","0.10000000000000001","","",""
"Specification-MandatoryFilingAndAnswering__Cost-2__Fee-American","1","52","0","P","5","14","P Offer","P Liability Signal: 8;P Abandons: 1","8,1","0","true","","","8","0.75","0.10000000000000001","","",""
"Specification-MandatoryFilingAndAnswering__Cost-2__Fee-American","1","52","0","P","5","14","P Offer","P Liability Signal: 8;P Abandons: 1","8,1","0","true","","","9","0.85","0.10000000000000001","","",""
"Specification-MandatoryFilingAndAnswering__Cost-2__Fee-American","1","52","0","P","5","14","P Offer","P Liability Signal: 8;P Abandons: 1","8,1","0","true","","","10","0.95","0.10000000000000001","","",""
"Specification-MandatoryFilingAndAnswering__Cost-2__Fee-American","1","53","0","P","5","14","P Offer","P Liability Signal: 8;P Abandons: 2","8,2","0.10618","false","10.457413994200111","10.457413994200111","1","0.05","0","9.9294064649916312","0.52800752920848026","false"
"Specification-MandatoryFilingAndAnswering__Cost-2__Fee-American","1","53","0","P","5","14","P Offer","P Liability Signal: 8;P Abandons: 2","8,2","0.10618","false","10.457413994200111","10.457413994200111","2","0.15","0","10.297945019484372","0.15946897471573962","false"
"Specification-MandatoryFilingAndAnswering__Cost-2__Fee-American","1","53","0","P","5","14","P Offer","P Liability Signal: 8;P Abandons: 2","8,2","0.10618","false","10.457413994200111","10.457413994200111","3","0.25","0","10.317878641323839","0.13953535287627261","false"
"Specification-MandatoryFilingAndAnswering__Cost-2__Fee-American","1","53","0","P","5","14","P Offer","P Liability Signal: 8;P Abandons: 2","8,2","0.10618","false","10.457413994200111","10.457413994200111","4","0.35","0","10.337812263163306","0.1196017310368056","false"
"Specification-MandatoryFilingAndAnswering__Cost-2__Fee-American","1","53","0","P","5","14","P Offer","P Liability Signal: 8;P Abandons: 2","8,2","0.10618","false","10.457413994200111","10.457413994200111","5","0.45","0","10.357745885002775","0.099668109197336818","false"
"Specification-MandatoryFilingAndAnswering__Cost-2__Fee-American","1","53","0","P","5","14","P Offer","P Liability Signal: 8;P Abandons: 2","8,2","0.10618","false","10.457413994200111","10.457413994200111","6","0.55","0","10.377679506842238","0.079734487357873363","false"
"Specification-MandatoryFilingAndAnswering__Cost-2__Fee-American","1","53","0","P","5","14","P Offer","P Liability Signal: 8;P Abandons: 2","8,2","0.10618","false","10.457413994200111","10.457413994200111","7","0.65","0","10.397613128681709","0.059800865518402802","false"
"Specification-MandatoryFilingAndAnswering__Cost-2__Fee-American","1","53","0","P","5","14","P Offer","P Liability Signal: 8;P Abandons: 2","8,2","0.10618","false","10.457413994200111","10.457413994200111","8","0.75","0","10.417546750521176","0.039867243678935793","false"
"Specification-MandatoryFilingAndAnswering__Cost-2__Fee-American","1","53","0","P","5","14","P Offer","P Liability Signal: 8;P Abandons: 2","8,2","0.10618","false","10.457413994200111","10.457413994200111","9","0.85","0","10.437480372360643","0.019933621839468785","false"
"Specification-MandatoryFilingAndAnswering__Cost-2__Fee-American","1","53","0","P","5","14","P Offer","P Liability Signal: 8;P Abandons: 2","8,2","0.10618","false","10.457413994200111","10.457413994200111","10","0.95","1","10.457413994200111","0","true"
"Specification-MandatoryFilingAndAnswering__Cost-2__Fee-American","1","54","0","P","3","20","P Abandons","P Liability Signal: 9","9","0.097680000000000003","false","10.532527003477172","10.532527003477172","1","Yes","0","10.165996052735558","0.36653095074161435","false"
"Specification-MandatoryFilingAndAnswering__Cost-2__Fee-American","1","54","0","P","3","20","P Abandons","P Liability Signal: 9","9","0.097680000000000003","false","10.532527003477172","10.532527003477172","2","No","1","10.532527003477172","0","true"
"Specification-MandatoryFilingAndAnswering__Cost-2__Fee-American","1","55","0","P","5","14","P Offer","P Liability Signal: 9;P Abandons: 1","9,1","0","true","","","1","0.05","0.10000000000000001","","",""
"Specification-MandatoryFilingAndAnswering__Cost-2__Fee-American","1","55","0","P","5","14","P Offer","P Liability Signal: 9;P Abandons: 1","9,1","0","true","","","2","0.15","0.10000000000000001","","",""
"Specification-MandatoryFilingAndAnswering__Cost-2__Fee-American","1","55","0","P","5","14","P Offer","P Liability Signal: 9;P Abandons: 1","9,1","0","true","","","3","0.25","0.10000000000000001","","",""
"Specification-MandatoryFilingAndAnswering__Cost-2__Fee-American","1","55","0","P","5","14","P Offer","P Liability Signal: 9;P Abandons: 1","9,1","0","true","","","4","0.35","0.10000000000000001","","",""
"Specification-MandatoryFilingAndAnswering__Cost-2__Fee-American","1","55","0","P","5","14","P Offer","P Liability Signal: 9;P Abandons: 1","9,1","0","true","","","5","0.45","0.10000000000000001","","",""
"Specification-MandatoryFilingAndAnswering__Cost-2__Fee-American","1","55","0","P","5","14","P Offer","P Liability Signal: 9;P Abandons: 1","9,1","0","true","","","6","0.55","0.10000000000000001","","",""
"Specification-MandatoryFilingAndAnswering__Cost-2__Fee-American","1","55","0","P","5","14","P Offer","P Liability Signal: 9;P Abandons: 1","9,1","0","true","","","7","0.65","0.10000000000000001","","",""
"Specification-MandatoryFilingAndAnswering__Cost-2__Fee-American","1","55","0","P","5","14","P Offer","P Liability Signal: 9;P Abandons: 1","9,1","0","true","","","8","0.75","0.10000000000000001","","",""
"Specification-MandatoryFilingAndAnswering__Cost-2__Fee-American","1","55","0","P","5","14","P Offer","P Liability Signal: 9;P Abandons: 1","9,1","0","true","","","9","0.85","0.10000000000000001","","",""
"Specification-MandatoryFilingAndAnswering__Cost-2__Fee-American","1","55","0","P","5","14","P Offer","P Liability Signal: 9;P Abandons: 1","9,1","0","true","","","10","0.95","0.10000000000000001","","",""
"Specification-MandatoryFilingAndAnswering__Cost-2__Fee-American","1","56","0","P","5","14","P Offer","P Liability Signal: 9;P Abandons: 2","9,2","0.097680000000000003","false","10.532527003477172","10.532527003477172","1","0.05","0","9.9658334118620751","0.56669359161509725","false"
"Specification-MandatoryFilingAndAnswering__Cost-2__Fee-American","1","56","0","P","5","14","P Offer","P Liability Signal: 9;P Abandons: 2","9,2","0.097680000000000003","false","10.532527003477172","10.532527003477172","2","0.15","0","10.340677617590632","0.19184938588653999","false"
"Specification-MandatoryFilingAndAnswering__Cost-2__Fee-American","1","56","0","P","5","14","P Offer","P Liability Signal: 9;P Abandons: 2","9,2","0.097680000000000003","false","10.532527003477172","10.532527003477172","3","0.25","0","10.364658790826448","0.16786821265072405","false"
"Specification-MandatoryFilingAndAnswering__Cost-2__Fee-American","1","56","0","P","5","14","P Offer","P Liability Signal: 9;P Abandons: 2","9,2","0.097680000000000003","false","10.532527003477172","10.532527003477172","4","0.35","0","10.388639964062268","0.14388703941490455","false"
"Specification-MandatoryFilingAndAnswering__Cost-2__Fee-American","1","56","0","P","5","14","P Offer","P Liability Signal: 9;P Abandons: 2","9,2","0.097680000000000003","false","10.532527003477172","10.532527003477172","5","0.45","0","10.412621137298084","0.1199058661790886","false"
"Specification-MandatoryFilingAndAnswering__Cost-2__Fee-American","1","56","0","P","5","14","P Offer","P Liability Signal: 9;P Abandons: 2","9,2","0.097680000000000003","false","10.532527003477172","10.532527003477172","6","0.55","0","10.4366023105339","0.09592469294327266","false"
"Specification-MandatoryFilingAndAnswering__Cost-2__Fee-American","1","56","0","P","5","14","P Offer","P Liability Signal: 9;P Abandons: 2","9,2","0.097680000000000003","false","10.532527003477172","10.532527003477172","7","0.65","0","10.460583483769719","0.071943519707453163","false"
"Specification-MandatoryFilingAndAnswering__Cost-2__Fee-American","1","56","0","P","5","14","P Offer","P Liability Signal: 9;P Abandons: 2","9,2","0.097680000000000003","false","10.532527003477172","10.532527003477172","8","0.75","0","10.484564657005537","0.047962346471635442","false"
"Specification-MandatoryFilingAndAnswering__Cost-2__Fee-American","1","56","0","P","5","14","P Offer","P Liability Signal: 9;P Abandons: 2","9,2","0.097680000000000003","false","10.532527003477172","10.532527003477172","9","0.85","0","10.508545830241355","0.023981173235817721","false"
"Specification-MandatoryFilingAndAnswering__Cost-2__Fee-American","1","56","0","P","5","14","P Offer","P Liability Signal: 9;P Abandons: 2","9,2","0.097680000000000003","false","10.532527003477172","10.532527003477172","10","0.95","1","10.532527003477172","0","true"
"Specification-MandatoryFilingAndAnswering__Cost-2__Fee-American","1","57","0","P","3","20","P Abandons","P Liability Signal: 10","10","0.080430000000000001","false","10.576528917365962","10.576528917365962","1","Yes","0","10.209735705455133","0.3667932119108297","false"
"Specification-MandatoryFilingAndAnswering__Cost-2__Fee-American","1","57","0","P","3","20","P Abandons","P Liability Signal: 10","10","0.080430000000000001","false","10.576528917365962","10.576528917365962","2","No","1","10.576528917365962","0","true"
"Specification-MandatoryFilingAndAnswering__Cost-2__Fee-American","1","58","0","P","5","14","P Offer","P Liability Signal: 10;P Abandons: 1","10,1","0","true","","","1","0.05","0.10000000000000001","","",""
"Specification-MandatoryFilingAndAnswering__Cost-2__Fee-American","1","58","0","P","5","14","P Offer","P Liability Signal: 10;P Abandons: 1","10,1","0","true","","","2","0.15","0.10000000000000001","","",""
"Specification-MandatoryFilingAndAnswering__Cost-2__Fee-American","1","58","0","P","5","14","P Offer","P Liability Signal: 10;P Abandons: 1","10,1","0","true","","","3","0.25","0.10000000000000001","","",""
"Specification-MandatoryFilingAndAnswering__Cost-2__Fee-American","1","58","0","P","5","14","P Offer","P Liability Signal: 10;P Abandons: 1","10,1","0","true","","","4","0.35","0.10000000000000001","","",""
"Specification-MandatoryFilingAndAnswering__Cost-2__Fee-American","1","58","0","P","5","14","P Offer","P Liability Signal: 10;P Abandons: 1","10,1","0","true","","","5","0.45","0.10000000000000001","","",""
"Specification-MandatoryFilingAndAnswering__Cost-2__Fee-American","1","58","0","P","5","14","P Offer","P Liability Signal: 10;P Abandons: 1","10,1","0","true","","","6","0.55","0.10000000000000001","","",""
"Specification-MandatoryFilingAndAnswering__Cost-2__Fee-American","1","58","0","P","5","14","P Offer","P Liability Signal: 10;P Abandons: 1","10,1","0","true","","","7","0.65","0.10000000000000001","","",""
"Specification-MandatoryFilingAndAnswering__Cost-2__Fee-American","1","58","0","P","5","14","P Offer","P Liability Signal: 10;P Abandons: 1","10,1","0","true","","","8","0.75","0.10000000000000001","","",""
"Specification-MandatoryFilingAndAnswering__Cost-2__Fee-American","1","58","0","P","5","14","P Offer","P Liability Signal: 10;P Abandons: 1","10,1","0","true","","","9","0.85","0.10000000000000001","","",""
"Specification-MandatoryFilingAndAnswering__Cost-2__Fee-American","1","58","0","P","5","14","P Offer","P Liability Signal: 10;P Abandons: 1","10,1","0","true","","","10","0.95","0.10000000000000001","","",""
"Specification-MandatoryFilingAndAnswering__Cost-2__Fee-American","1","59","0","P","5","14","P Offer","P Liability Signal: 10;P Abandons: 2","10,2","0.080430000000000001","false","10.576528917365962","10.576528917365962","1","0.05","0","9.9938181559114163","0.58271076145454614","false"
"Specification-MandatoryFilingAndAnswering__Cost-2__Fee-American","1","59","0","P","5","14","P Offer","P Liability Signal: 10;P Abandons: 2","10,2","0.080430000000000001","false","10.576528917365962","10.576528917365962","2","0.15","0","10.359803509833954","0.21672540753200842","false"
"Specification-MandatoryFilingAndAnswering__Cost-2__Fee-American","1","59","0","P","5","14","P Offer","P Liability Signal: 10;P Abandons: 2","10,2","0.080430000000000001","false","10.576528917365962","10.576528917365962","3","0.25","0","10.386894185775455","0.18963473159050714","false"
"Specification-MandatoryFilingAndAnswering__Cost-2__Fee-American","1","59","0","P","5","14","P Offer","P Liability Signal: 10;P Abandons: 2","10,2","0.080430000000000001","false","10.576528917365962","10.576528917365962","4","0.35","0","10.413984861716957","0.16254405564900587","false"
"Specification-MandatoryFilingAndAnswering__Cost-2__Fee-American","1","59","0","P","5","14","P Offer","P Liability Signal: 10;P Abandons: 2","10,2","0.080430000000000001","false","10.576528917365962","10.576528917365962","5","0.45","0","10.441075537658456","0.13545337970750637","false"
"Specification-MandatoryFilingAndAnswering__Cost-2__Fee-American","1","59","0","P","5","14","P Offer","P Liability Signal: 10;P Abandons: 2","10,2","0.080430000000000001","false","10.576528917365962","10.576528917365962","6","0.55","0","10.468166213599957","0.1083627037660051","false"
"Specification-MandatoryFilingAndAnswering__Cost-2__Fee-American","1","59","0","P","5","14","P Offer","P Liability Signal: 10;P Abandons: 2","10,2","0.080430000000000001","false","10.576528917365962","10.576528917365962","7","0.65","0","10.495256889541459","0.081272027824503823","false"
"Specification-MandatoryFilingAndAnswering__Cost-2__Fee-American","1","59","0","P","5","14","P Offer","P Liability Signal: 10;P Abandons: 2","10,2","0.080430000000000001","false","10.576528917365962","10.576528917365962","8","0.75","0","10.522347565482962","0.054181351883000772","false"
"Specification-MandatoryFilingAndAnswering__Cost-2__Fee-American","1","59","0","P","5","14","P Offer","P Liability Signal: 10;P Abandons: 2","10,2","0.080430000000000001","false","10.576528917365962","10.576528917365962","9","0.85","0","10.549438241424461","0.027090675941501274","false"
"Specification-MandatoryFilingAndAnswering__Cost-2__Fee-American","1","59","0","P","5","14","P Offer","P Liability Signal: 10;P Abandons: 2","10,2","0.080430000000000001","false","10.576528917365962","10.576528917365962","10","0.95","1","10.576528917365962","0","true"
"Specification-MandatoryFilingAndAnswering__Cost-2__Fee-American","1","1","1","D","4","21","D Defaults","D Liability Signal: 1","1","0.08045062","false","9.576519693809086","9.576519693809086","1","Yes","0","9.2097323421864719","0.36678735162261411","false"
"Specification-MandatoryFilingAndAnswering__Cost-2__Fee-American","1","1","1","D","4","21","D Defaults","D Liability Signal: 1","1","0.08045062","false","9.576519693809086","9.576519693809086","2","No","1","9.576519693809086","0","true"
"Specification-MandatoryFilingAndAnswering__Cost-2__Fee-American","1","3","1","D","6","15","D Offer","D Liability Signal: 1;D Defaults: 1","1,1","0","true","","","1","0.05","0.10000000000000001","","",""
"Specification-MandatoryFilingAndAnswering__Cost-2__Fee-American","1","3","1","D","6","15","D Offer","D Liability Signal: 1;D Defaults: 1","1,1","0","true","","","2","0.15","0.10000000000000001","","",""
"Specification-MandatoryFilingAndAnswering__Cost-2__Fee-American","1","3","1","D","6","15","D Offer","D Liability Signal: 1;D Defaults: 1","1,1","0","true","","","3","0.25","0.10000000000000001","","",""
"Specification-MandatoryFilingAndAnswering__Cost-2__Fee-American","1","3","1","D","6","15","D Offer","D Liability Signal: 1;D Defaults: 1","1,1","0","true","","","4","0.35","0.10000000000000001","","",""
"Specification-MandatoryFilingAndAnswering__Cost-2__Fee-American","1","3","1","D","6","15","D Offer","D Liability Signal: 1;D Defaults: 1","1,1","0","true","","","5","0.45","0.10000000000000001","","",""
"Specification-MandatoryFilingAndAnswering__Cost-2__Fee-American","1","3","1","D","6","15","D Offer","D Liability Signal: 1;D Defaults: 1","1,1","0","true","","","6","0.55","0.10000000000000001","","",""
"Specification-MandatoryFilingAndAnswering__Cost-2__Fee-American","1","3","1","D","6","15","D Offer","D Liability Signal: 1;D Defaults: 1","1,1","0","true","","","7","0.65","0.10000000000000001","","",""
"Specification-MandatoryFilingAndAnswering__Cost-2__Fee-American","1","3","1","D","6","15","D Offer","D Liability Signal: 1;D Defaults: 1","1,1","0","true","","","8","0.75","0.10000000000000001","","",""
"Specification-MandatoryFilingAndAnswering__Cost-2__Fee-American","1","3","1","D","6","15","D Offer","D Liability Signal: 1;D Defaults: 1","1,1","0","true","","","9","0.85","0.10000000000000001","","",""
"Specification-MandatoryFilingAndAnswering__Cost-2__Fee-American","1","3","1","D","6","15","D Offer","D Liability Signal: 1;D Defaults: 1","1,1","0","true","","","10","0.95","0.10000000000000001","","",""
"Specification-MandatoryFilingAndAnswering__Cost-2__Fee-American","1","4","1","D","6","15","D Offer","D Liability Signal: 1;D Defaults: 2","1,2","0.08045062","false","9.576519693809086","9.576519693809086","1","0.05","1","9.576519693809086","0","true"
"Specification-MandatoryFilingAndAnswering__Cost-2__Fee-American","1","4","1","D","6","15","D Offer","D Liability Signal: 1;D Defaults: 2","1,2","0.08045062","false","9.576519693809086","9.576519693809086","2","0.15","0","9.5494285237648562","0.027091170044229784","false"
"Specification-MandatoryFilingAndAnswering__Cost-2__Fee-American","1","4","1","D","6","15","D Offer","D Liability Signal: 1;D Defaults: 2","1,2","0.08045062","false","9.576519693809086","9.576519693809086","3","0.25","0","9.5223373537206299","0.054182340088456016","false"
"Specification-MandatoryFilingAndAnswering__Cost-2__Fee-American","1","4","1","D","6","15","D Offer","D Liability Signal: 1;D Defaults: 2","1,2","0.08045062","false","9.576519693809086","9.576519693809086","4","0.35","0","9.4952461836764002","0.0812735101326858","false"
"Specification-MandatoryFilingAndAnswering__Cost-2__Fee-American","1","4","1","D","6","15","D Offer","D Liability Signal: 1;D Defaults: 2","1,2","0.08045062","false","9.576519693809086","9.576519693809086","5","0.45","0","9.4681550136321722","0.10836468017691381","false"
"Specification-MandatoryFilingAndAnswering__Cost-2__Fee-American","1","4","1","D","6","15","D Offer","D Liability Signal: 1;D Defaults: 2","1,2","0.08045062","false","9.576519693809086","9.576519693809086","6","0.55","0","9.4410638435879459","0.13545585022114004","false"
"Specification-MandatoryFilingAndAnswering__Cost-2__Fee-American","1","4","1","D","6","15","D Offer","D Liability Signal: 1;D Defaults: 2","1,2","0.08045062","false","9.576519693809086","9.576519693809086","7","0.65","0","9.4139726735437179","0.16254702026536805","false"
"Specification-MandatoryFilingAndAnswering__Cost-2__Fee-American","1","4","1","D","6","15","D Offer","D Liability Signal: 1;D Defaults: 2","1,2","0.08045062","false","9.576519693809086","9.576519693809086","8","0.75","0","9.3868815034994881","0.18963819030959783","false"
"Specification-MandatoryFilingAndAnswering__Cost-2__Fee-American","1","4","1","D","6","15","D Offer","D Liability Signal: 1;D Defaults: 2","1,2","0.08045062","false","9.576519693809086","9.576519693809086","9","0.85","0","9.3597903334552619","0.21672936035382406","false"
"Specification-MandatoryFilingAndAnswering__Cost-2__Fee-American","1","4","1","D","6","15","D Offer","D Liability Signal: 1;D Defaults: 2","1,2","0.08045062","false","9.576519693809086","9.576519693809086","10","0.95","0","8.993822602711969","0.58269709109711698","false"
"Specification-MandatoryFilingAndAnswering__Cost-2__Fee-American","1","6","1","D","4","21","D Defaults","D Liability Signal: 2","2","0.097678261199999991","false","9.5325299826170529","9.5325299826170529","1","Yes","0","9.1660072665113077","0.36652271610574516","false"
"Specification-MandatoryFilingAndAnswering__Cost-2__Fee-American","1","6","1","D","4","21","D Defaults","D Liability Signal: 2","2","0.097678261199999991","false","9.5325299826170529","9.5325299826170529","2","No","1","9.5325299826170529","0","true"
"Specification-MandatoryFilingAndAnswering__Cost-2__Fee-American","1","7","1","D","6","15","D Offer","D Liability Signal: 2;D Defaults: 1","2,1","0","true","","","1","0.05","0.10000000000000001","","",""
"Specification-MandatoryFilingAndAnswering__Cost-2__Fee-American","1","7","1","D","6","15","D Offer","D Liability Signal: 2;D Defaults: 1","2,1","0","true","","","2","0.15","0.10000000000000001","","",""
"Specification-MandatoryFilingAndAnswering__Cost-2__Fee-American","1","7","1","D","6","15","D Offer","D Liability Signal: 2;D Defaults: 1","2,1","0","true","","","3","0.25","0.10000000000000001","","",""
"Specification-MandatoryFilingAndAnswering__Cost-2__Fee-American","1","7","1","D","6","15","D Offer","D Liability Signal: 2;D Defaults: 1","2,1","0","true","","","4","0.35","0.10000000000000001","","",""
"Specification-MandatoryFilingAndAnswering__Cost-2__Fee-American","1","7","1","D","6","15","D Offer","D Liability Signal: 2;D Defaults: 1","2,1","0","true","","","5","0.45","0.10000000000000001","","",""
"Specification-MandatoryFilingAndAnswering__Cost-2__Fee-American","1","7","1","D","6","15","D Offer","D Liability Signal: 2;D Defaults: 1","2,1","0","true","","","6","0.55","0.10000000000000001","","",""
"Specification-MandatoryFilingAndAnswering__Cost-2__Fee-American","1","7","1","D","6","15","D Offer","D Liability Signal: 2;D Defaults: 1","2,1","0","true","","","7","0.65","0.10000000000000001","","",""
"Specification-MandatoryFilingAndAnswering__Cost-2__Fee-American","1","7","1","D","6","15","D Offer","D Liability Signal: 2;D Defaults: 1","2,1","0","true","","","8","0.75","0.10000000000000001","","",""
"Specification-MandatoryFilingAndAnswering__Cost-2__Fee-American","1","7","1","D","6","15","D Offer","D Liability Signal: 2;D Defaults: 1","2,1","0","true","","","9","0.85","0.10000000000000001","","",""
"Specification-MandatoryFilingAndAnswering__Cost-2__Fee-American","1","7","1","D","6","15","D Offer","D Liability Signal: 2;D Defaults: 1","2,1","0","true","","","10","0.95","0.10000000000000001","","",""
"Specification-MandatoryFilingAndAnswering__Cost-2__Fee-American","1","8","1","D","6","15","D Offer","D Liability Signal: 2;D Defaults: 2","2,2","0.097678261199999991","false","9.5325299826170529","9.5325299826170529","1","0.05","1","9.5325299826170529","0","true"
"Specification-MandatoryFilingAndAnswering__Cost-2__Fee-American","1","8","1","D","6","15","D Offer","D Liability Signal: 2;D Defaults: 2","2,2","0.097678261199999991","false","9.5325299826170529","9.5325299826170529","2","0.15","0","9.5085472693779565","0.023982713239096398","false"
"Specification-MandatoryFilingAndAnswering__Cost-2__Fee-American","1","8","1","D","6","15","D Offer","D Liability Signal: 2;D Defaults: 2","2,2","0.097678261199999991","false","9.5325299826170529","9.5325299826170529","3","0.25","0","9.4845645561388636","0.047965426478189244","false"
"Specification-MandatoryFilingAndAnswering__Cost-2__Fee-American","1","8","1","D","6","15","D Offer","D Liability Signal: 2;D Defaults: 2","2,2","0.097678261199999991","false","9.5325299826170529","9.5325299826170529","4","0.35","0","9.460581842899769","0.071948139717283865","false"
"Specification-MandatoryFilingAndAnswering__Cost-2__Fee-American","1","8","1","D","6","15","D Offer","D Liability Signal: 2;D Defaults: 2","2,2","0.097678261199999991","false","9.5325299826170529","9.5325299826170529","5","0.45","0","9.4365991296606726","0.095930852956380264","false"
"Specification-MandatoryFilingAndAnswering__Cost-2__Fee-American","1","8","1","D","6","15","D Offer","D Liability Signal: 2;D Defaults: 2","2,2","0.097678261199999991","false","9.5325299826170529","9.5325299826170529","6","0.55","0","9.4126164164215798","0.11991356619547311","false"
"Specification-MandatoryFilingAndAnswering__Cost-2__Fee-American","1","8","1","D","6","15","D Offer","D Liability Signal: 2;D Defaults: 2","2,2","0.097678261199999991","false","9.5325299826170529","9.5325299826170529","7","0.65","0","9.3886337031824851","0.14389627943456773","false"
"Specification-MandatoryFilingAndAnswering__Cost-2__Fee-American","1","8","1","D","6","15","D Offer","D Liability Signal: 2;D Defaults: 2","2,2","0.097678261199999991","false","9.5325299826170529","9.5325299826170529","8","0.75","0","9.3646509899433905","0.16787899267366235","false"
"Specification-MandatoryFilingAndAnswering__Cost-2__Fee-American","1","8","1","D","6","15","D Offer","D Liability Signal: 2;D Defaults: 2","2,2","0.097678261199999991","false","9.5325299826170529","9.5325299826170529","9","0.85","0","9.3406682767042941","0.19186170591275875","false"
"Specification-MandatoryFilingAndAnswering__Cost-2__Fee-American","1","8","1","D","6","15","D Offer","D Liability Signal: 2;D Defaults: 2","2,2","0.097678261199999991","false","9.5325299826170529","9.5325299826170529","10","0.95","0","8.965847271505119","0.56668271111193391","false"
"Specification-MandatoryFilingAndAnswering__Cost-2__Fee-American","1","9","1","D","4","21","D Defaults","D Liability Signal: 3","3","0.10618020860000002","false","9.4574208229901","9.4574208229901","1","Yes","0","9.1051173380456341","0.35230348494446595","false"
"Specification-MandatoryFilingAndAnswering__Cost-2__Fee-American","1","9","1","D","4","21","D Defaults","D Liability Signal: 3","3","0.10618020860000002","false","9.4574208229901","9.4574208229901","2","No","1","9.4574208229901","0","true"
"Specification-MandatoryFilingAndAnswering__Cost-2__Fee-American","1","10","1","D","6","15","D Offer","D Liability Signal: 3;D Defaults: 1","3,1","0","true","","","1","0.05","0.10000000000000001","","",""
"Specification-MandatoryFilingAndAnswering__Cost-2__Fee-American","1","10","1","D","6","15","D Offer","D Liability Signal: 3;D Defaults: 1","3,1","0","true","","","2","0.15","0.10000000000000001","","",""
"Specification-MandatoryFilingAndAnswering__Cost-2__Fee-American","1","10","1","D","6","15","D Offer","D Liability Signal: 3;D Defaults: 1","3,1","0","true","","","3","0.25","0.10000000000000001","","",""
"Specification-MandatoryFilingAndAnswering__Cost-2__Fee-American","1","10","1","D","6","15","D Offer","D Liability Signal: 3;D Defaults: 1","3,1","0","true","","","4","0.35","0.10000000000000001","","",""
"Specification-MandatoryFilingAndAnswering__Cost-2__Fee-American","1","10","1","D","6","15","D Offer","D Liability Signal: 3;D Defaults: 1","3,1","0","true","","","5","0.45","0.10000000000000001","","",""
"Specification-MandatoryFilingAndAnswering__Cost-2__Fee-American","1","10","1","D","6","15","D Offer","D Liability Signal: 3;D Defaults: 1","3,1","0","true","","","6","0.55","0.10000000000000001","","",""
"Specification-MandatoryFilingAndAnswering__Cost-2__Fee-American","1","10","1","D","6","15","D Offer","D Liability Signal: 3;D Defaults: 1","3,1","0","true","","","7","0.65","0.10000000000000001","","",""
"Specification-MandatoryFilingAndAnswering__Cost-2__Fee-American","1","10","1","D","6","15","D Offer","D Liability Signal: 3;D Defaults: 1","3,1","0","true","","","8","0.75","0.10000000000000001","","",""
"Specification-MandatoryFilingAndAnswering__Cost-2__Fee-American","1","10","1","D","6","15","D Offer","D Liability Signal: 3;D Defaults: 1","3,1","0","true","","","9","0.85","0.10000000000000001","","",""
"Specification-MandatoryFilingAndAnswering__Cost-2__Fee-American","1","10","1","D","6","15","D Offer","D Liability Signal: 3;D Defaults: 1","3,1","0","true","","","10","0.95","0.10000000000000001","","",""
"Specification-MandatoryFilingAndAnswering__Cost-2__Fee-American","1","11","1","D","6","15","D Offer","D Liability Signal: 3;D Defaults: 2","3,2","0.10618020860000002","false","9.4574208229901","9.4574208229901","1","0.05","1","9.4574208229901","0","true"
"Specification-MandatoryFilingAndAnswering__Cost-2__Fee-American","1","11","1","D","6","15","D Offer","D Liability Signal: 3;D Defaults: 2","3,2","0.10618020860000002","false","9.4574208229901","9.4574208229901","2","0.15","0","9.4374861625794004","0.019934660410699578","false"
"Specification-MandatoryFilingAndAnswering__Cost-2__Fee-American","1","11","1","D","6","15","D Offer","D Liability Signal: 3;D Defaults: 2","3,2","0.10618020860000002","false","9.4574208229901","9.4574208229901","3","0.25","0","9.4175515021687026","0.03986932082139738","false"
"Specification-MandatoryFilingAndAnswering__Cost-2__Fee-American","1","11","1","D","6","15","D Offer","D Liability Signal: 3;D Defaults: 2","3,2","0.10618020860000002","false","9.4574208229901","9.4574208229901","4","0.35","0","9.3976168417580013","0.059803981232098735","false"
"Specification-MandatoryFilingAndAnswering__Cost-2__Fee-American","1","11","1","D","6","15","D Offer","D Liability Signal: 3;D Defaults: 2","3,2","0.10618020860000002","false","9.4574208229901","9.4574208229901","5","0.45","0","9.3776821813473035","0.079738641642796537","false"
"Specification-MandatoryFilingAndAnswering__Cost-2__Fee-American","1","11","1","D","6","15","D Offer","D Liability Signal: 3;D Defaults: 2","3,2","0.10618020860000002","false","9.4574208229901","9.4574208229901","6","0.55","0","9.3577475209366057","0.099673302053494339","false"
"Specification-MandatoryFilingAndAnswering__Cost-2__Fee-American","1","11","1","D","6","15","D Offer","D Liability Signal: 3;D Defaults: 2","3,2","0.10618020860000002","false","9.4574208229901","9.4574208229901","7","0.65","0","9.3378128605259061","0.11960796246419392","false"
"Specification-MandatoryFilingAndAnswering__Cost-2__Fee-American","1","11","1","D","6","15","D Offer","D Liability Signal: 3;D Defaults: 2","3,2","0.10618020860000002","false","9.4574208229901","9.4574208229901","8","0.75","0","9.3178782001152083","0.13954262287489172","false"
"Specification-MandatoryFilingAndAnswering__Cost-2__Fee-American","1","11","1","D","6","15","D Offer","D Liability Signal: 3;D Defaults: 2","3,2","0.10618020860000002","false","9.4574208229901","9.4574208229901","9","0.85","0","9.2979435397045105","0.15947728328558952","false"
"Specification-MandatoryFilingAndAnswering__Cost-2__Fee-American","1","11","1","D","6","15","D Offer","D Liability Signal: 3;D Defaults: 2","3,2","0.10618020860000002","false","9.4574208229901","9.4574208229901","10","0.95","0","8.9294158118720937","0.52800501111800635","false"
"Specification-MandatoryFilingAndAnswering__Cost-2__Fee-American","1","12","1","D","4","21","D Defaults","D Liability Signal: 4","4","0.1080961854","false","9.3394472191551028","9.3394472191551028","1","Yes","0","9.0276536101179854","0.31179360903711739","false"
"Specification-MandatoryFilingAndAnswering__Cost-2__Fee-American","1","12","1","D","4","21","D Defaults","D Liability Signal: 4","4","0.1080961854","false","9.3394472191551028","9.3394472191551028","2","No","1","9.3394472191551028","0","true"
"Specification-MandatoryFilingAndAnswering__Cost-2__Fee-American","1","13","1","D","6","15","D Offer","D Liability Signal: 4;D Defaults: 1","4,1","0","true","","","1","0.05","0.10000000000000001","","",""
"Specification-MandatoryFilingAndAnswering__Cost-2__Fee-American","1","13","1","D","6","15","D Offer","D Liability Signal: 4;D Defaults: 1","4,1","0","true","","","2","0.15","0.10000000000000001","","",""
"Specification-MandatoryFilingAndAnswering__Cost-2__Fee-American","1","13","1","D","6","15","D Offer","D Liability Signal: 4;D Defaults: 1","4,1","0","true","","","3","0.25","0.10000000000000001","","",""
"Specification-MandatoryFilingAndAnswering__Cost-2__Fee-American","1","13","1","D","6","15","D Offer","D Liability Signal: 4;D Defaults: 1","4,1","0","true","","","4","0.35","0.10000000000000001","","",""
"Specification-MandatoryFilingAndAnswering__Cost-2__Fee-American","1","13","1","D","6","15","D Offer","D Liability Signal: 4;D Defaults: 1","4,1","0","true","","","5","0.45","0.10000000000000001","","",""
"Specification-MandatoryFilingAndAnswering__Cost-2__Fee-American","1","13","1","D","6","15","D Offer","D Liability Signal: 4;D Defaults: 1","4,1","0","true","","","6","0.55","0.10000000000000001","","",""
"Specification-MandatoryFilingAndAnswering__Cost-2__Fee-American","1","13","1","D","6","15","D Offer","D Liability Signal: 4;D Defaults: 1","4,1","0","true","","","7","0.65","0.10000000000000001","","",""
"Specification-MandatoryFilingAndAnswering__Cost-2__Fee-American","1","13","1","D","6","15","D Offer","D Liability Signal: 4;D Defaults: 1","4,1","0","true","","","8","0.75","0.10000000000000001","","",""
"Specification-MandatoryFilingAndAnswering__Cost-2__Fee-American","1","13","1","D","6","15","D Offer","D Liability Signal: 4;D Defaults: 1","4,1","0","true","","","9","0.85","0.10000000000000001","","",""
"Specification-MandatoryFilingAndAnswering__Cost-2__Fee-American","1","13","1","D","6","15","D Offer","D Liability Signal: 4;D Defaults: 1","4,1","0","true","","","10","0.95","0.10000000000000001","","",""
"Specification-MandatoryFilingAndAnswering__Cost-2__Fee-American","1","14","1","D","6","15","D Offer","D Liability Signal: 4;D Defaults: 2","4,2","0.1080961854","false","9.3394472191551028","9.3394472191551028","1","0.05","1","9.3394472191551028","0","true"
"Specification-MandatoryFilingAndAnswering__Cost-2__Fee-American","1","14","1","D","6","15","D Offer","D Liability Signal: 4;D Defaults: 2","4,2","0.1080961854","false","9.3394472191551028","9.3394472191551028","2","0.15","0","9.3242816207106358","0.015165598444466966","false"
"Specification-MandatoryFilingAndAnswering__Cost-2__Fee-American","1","14","1","D","6","15","D Offer","D Liability Signal: 4;D Defaults: 2","4,2","0.1080961854","false","9.3394472191551028","9.3394472191551028","3","0.25","0","9.3091160222661689","0.030331196888933931","false"
"Specification-MandatoryFilingAndAnswering__Cost-2__Fee-American","1","14","1","D","6","15","D Offer","D Liability Signal: 4;D Defaults: 2","4,2","0.1080961854","false","9.3394472191551028","9.3394472191551028","4","0.35","0","9.2939504238217037","0.04549679533339912","false"
"Specification-MandatoryFilingAndAnswering__Cost-2__Fee-American","1","14","1","D","6","15","D Offer","D Liability Signal: 4;D Defaults: 2","4,2","0.1080961854","false","9.3394472191551028","9.3394472191551028","5","0.45","0","9.2787848253772367","0.060662393777866086","false"
"Specification-MandatoryFilingAndAnswering__Cost-2__Fee-American","1","14","1","D","6","15","D Offer","D Liability Signal: 4;D Defaults: 2","4,2","0.1080961854","false","9.3394472191551028","9.3394472191551028","6","0.55","0","9.2636192269327697","0.075827992222333052","false"
"Specification-MandatoryFilingAndAnswering__Cost-2__Fee-American","1","14","1","D","6","15","D Offer","D Liability Signal: 4;D Defaults: 2","4,2","0.1080961854","false","9.3394472191551028","9.3394472191551028","7","0.65","0","9.2484536284883028","0.090993590666800017","false"
"Specification-MandatoryFilingAndAnswering__Cost-2__Fee-American","1","14","1","D","6","15","D Offer","D Liability Signal: 4;D Defaults: 2","4,2","0.1080961854","false","9.3394472191551028","9.3394472191551028","8","0.75","0","9.2332880300438376","0.10615918911126521","false"
"Specification-MandatoryFilingAndAnswering__Cost-2__Fee-American","1","14","1","D","6","15","D Offer","D Liability Signal: 4;D Defaults: 2","4,2","0.1080961854","false","9.3394472191551028","9.3394472191551028","9","0.85","0","9.2181224315993706","0.12132478755573217","false"
"Specification-MandatoryFilingAndAnswering__Cost-2__Fee-American","1","14","1","D","6","15","D Offer","D Liability Signal: 4;D Defaults: 2","4,2","0.1080961854","false","9.3394472191551028","9.3394472191551028","10","0.95","0","8.8864954509293241","0.45295176822577865","false"
"Specification-MandatoryFilingAndAnswering__Cost-2__Fee-American","1","15","1","D","4","21","D Defaults","D Liability Signal: 5","5","0.10760218790000002","false","9.1776939062520295","9.1776939062520295","1","Yes","0","8.9418453382805279","0.23584856797150167","false"
"Specification-MandatoryFilingAndAnswering__Cost-2__Fee-American","1","15","1","D","4","21","D Defaults","D Liability Signal: 5","5","0.10760218790000002","false","9.1776939062520295","9.1776939062520295","2","No","1","9.1776939062520295","0","true"
"Specification-MandatoryFilingAndAnswering__Cost-2__Fee-American","1","16","1","D","6","15","D Offer","D Liability Signal: 5;D Defaults: 1","5,1","0","true","","","1","0.05","0.10000000000000001","","",""
"Specification-MandatoryFilingAndAnswering__Cost-2__Fee-American","1","16","1","D","6","15","D Offer","D Liability Signal: 5;D Defaults: 1","5,1","0","true","","","2","0.15","0.10000000000000001","","",""
"Specification-MandatoryFilingAndAnswering__Cost-2__Fee-American","1","16","1","D","6","15","D Offer","D Liability Signal: 5;D Defaults: 1","5,1","0","true","","","3","0.25","0.10000000000000001","","",""
"Specification-MandatoryFilingAndAnswering__Cost-2__Fee-American","1","16","1","D","6","15","D Offer","D Liability Signal: 5;D Defaults: 1","5,1","0","true","","","4","0.35","0.10000000000000001","","",""
"Specification-MandatoryFilingAndAnswering__Cost-2__Fee-American","1","16","1","D","6","15","D Offer","D Liability Signal: 5;D Defaults: 1","5,1","0","true","","","5","0.45","0.10000000000000001","","",""
"Specification-MandatoryFilingAndAnswering__Cost-2__Fee-American","1","16","1","D","6","15","D Offer","D Liability Signal: 5;D Defaults: 1","5,1","0","true","","","6","0.55","0.10000000000000001","","",""
"Specification-MandatoryFilingAndAnswering__Cost-2__Fee-American","1","16","1","D","6","15","D Offer","D Liability Signal: 5;D Defaults: 1","5,1","0","true","","","7","0.65","0.10000000000000001","","",""
"Specification-MandatoryFilingAndAnswering__Cost-2__Fee-American","1","16","1","D","6","15","D Offer","D Liability Signal: 5;D Defaults: 1","5,1","0","true","","","8","0.75","0.10000000000000001","","",""
"Specification-MandatoryFilingAndAnswering__Cost-2__Fee-American","1","16","1","D","6","15","D Offer","D Liability Signal: 5;D Defaults: 1","5,1","0","true","","","9","0.85","0.10000000000000001","","",""
"Specification-MandatoryFilingAndAnswering__Cost-2__Fee-American","1","16","1","D","6","15","D Offer","D Liability Signal: 5;D Defaults: 1","5,1","0","true","","","10","0.95","0.10000000000000001","","",""
"Specification-MandatoryFilingAndAnswering__Cost-2__Fee-American","1","17","1","D","6","15","D Offer","D Liability Signal: 5;D Defaults: 2","5,2","0.10760218790000002","false","9.1776939062520295","9.1776939062520295","1","0.05","1","9.1776939062520295","0","true"
"Specification-MandatoryFilingAndAnswering__Cost-2__Fee-American","1","17","1","D","6","15","D Offer","D Liability Signal: 5;D Defaults: 2","5,2","0.10760218790000002","false","9.1776939062520295","9.1776939062520295","2","0.15","0","9.16736963950685","0.0103242667451795","false"
"Specification-MandatoryFilingAndAnswering__Cost-2__Fee-American","1","17","1","D","6","15","D Offer","D Liability Signal: 5;D Defaults: 2","5,2","0.10760218790000002","false","9.1776939062520295","9.1776939062520295","3","0.25","0","9.1570453727616705","0.020648533490359","false"
"Specification-MandatoryFilingAndAnswering__Cost-2__Fee-American","1","17","1","D","6","15","D Offer","D Liability Signal: 5;D Defaults: 2","5,2","0.10760218790000002","false","9.1776939062520295","9.1776939062520295","4","0.35","0","9.1467211060164892","0.030972800235540277","false"
"Specification-MandatoryFilingAndAnswering__Cost-2__Fee-American","1","17","1","D","6","15","D Offer","D Liability Signal: 5;D Defaults: 2","5,2","0.10760218790000002","false","9.1776939062520295","9.1776939062520295","5","0.45","0","9.1363968392713097","0.041297066980719777","false"
"Specification-MandatoryFilingAndAnswering__Cost-2__Fee-American","1","17","1","D","6","15","D Offer","D Liability Signal: 5;D Defaults: 2","5,2","0.10760218790000002","false","9.1776939062520295","9.1776939062520295","6","0.55","0","9.1260725725261302","0.051621333725899277","false"
"Specification-MandatoryFilingAndAnswering__Cost-2__Fee-American","1","17","1","D","6","15","D Offer","D Liability Signal: 5;D Defaults: 2","5,2","0.10760218790000002","false","9.1776939062520295","9.1776939062520295","7","0.65","0","9.1157483057809507","0.061945600471078777","false"
"Specification-MandatoryFilingAndAnswering__Cost-2__Fee-American","1","17","1","D","6","15","D Offer","D Liability Signal: 5;D Defaults: 2","5,2","0.10760218790000002","false","9.1776939062520295","9.1776939062520295","8","0.75","0","9.1054240390357712","0.072269867216258277","false"
"Specification-MandatoryFilingAndAnswering__Cost-2__Fee-American","1","17","1","D","6","15","D Offer","D Liability Signal: 5;D Defaults: 2","5,2","0.10760218790000002","false","9.1776939062520295","9.1776939062520295","9","0.85","0","9.09509977229059","0.082594133961439553","false"
"Specification-MandatoryFilingAndAnswering__Cost-2__Fee-American","1","17","1","D","6","15","D Offer","D Liability Signal: 5;D Defaults: 2","5,2","0.10760218790000002","false","9.1776939062520295","9.1776939062520295","10","0.95","0","8.8429246805244972","0.33476922572753232","false"
"Specification-MandatoryFilingAndAnswering__Cost-2__Fee-American","1","18","1","D","4","21","D Defaults","D Liability Signal: 6","6","0.10760135250000001","false","8.9918595146169267","8.9918595146169267","1","Yes","0","8.8619769389904679","0.12988257562645877","false"
"Specification-MandatoryFilingAndAnswering__Cost-2__Fee-American","1","18","1","D","4","21","D Defaults","D Liability Signal: 6","6","0.10760135250000001","false","8.9918595146169267","8.9918595146169267","2","No","1","8.9918595146169267","0","true"
"Specification-MandatoryFilingAndAnswering__Cost-2__Fee-American","1","19","1","D","6","15","D Offer","D Liability Signal: 6;D Defaults: 1","6,1","0","true","","","1","0.05","0.10000000000000001","","",""
"Specification-MandatoryFilingAndAnswering__Cost-2__Fee-American","1","19","1","D","6","15","D Offer","D Liability Signal: 6;D Defaults: 1","6,1","0","true","","","2","0.15","0.10000000000000001","","",""
"Specification-MandatoryFilingAndAnswering__Cost-2__Fee-American","1","19","1","D","6","15","D Offer","D Liability Signal: 6;D Defaults: 1","6,1","0","true","","","3","0.25","0.10000000000000001","","",""
"Specification-MandatoryFilingAndAnswering__Cost-2__Fee-American","1","19","1","D","6","15","D Offer","D Liability Signal: 6;D Defaults: 1","6,1","0","true","","","4","0.35","0.10000000000000001","","",""
"Specification-MandatoryFilingAndAnswering__Cost-2__Fee-American","1","19","1","D","6","15","D Offer","D Liability Signal: 6;D Defaults: 1","6,1","0","true","","","5","0.45","0.10000000000000001","","",""
"Specification-MandatoryFilingAndAnswering__Cost-2__Fee-American","1","19","1","D","6","15","D Offer","D Liability Signal: 6;D Defaults: 1","6,1","0","true","","","6","0.55","0.10000000000000001","","",""
"Specification-MandatoryFilingAndAnswering__Cost-2__Fee-American","1","19","1","D","6","15","D Offer","D Liability Signal: 6;D Defaults: 1","6,1","0","true","","","7","0.65","0.10000000000000001","","",""
"Specification-MandatoryFilingAndAnswering__Cost-2__Fee-American","1","19","1","D","6","15","D Offer","D Liability Signal: 6;D Defaults: 1","6,1","0","true","","","8","0.75","0.10000000000000001","","",""
"Specification-MandatoryFilingAndAnswering__Cost-2__Fee-American","1","19","1","D","6","15","D Offer","D Liability Signal: 6;D Defaults: 1","6,1","0","true","","","9","0.85","0.10000000000000001","","",""
"Specification-MandatoryFilingAndAnswering__Cost-2__Fee-American","1","19","1","D","6","15","D Offer","D Liability Signal: 6;D Defaults: 1","6,1","0","true","","","10","0.95","0.10000000000000001","","",""
"Specification-MandatoryFilingAndAnswering__Cost-2__Fee-American","1","20","1","D","6","15","D Offer","D Liability Signal: 6;D Defaults: 2","6,2","0.10760135250000001","false","8.9918595146169267","8.9918595146169267","1","0.05","1","8.9918595146169267","0","true"
"Specification-MandatoryFilingAndAnswering__Cost-2__Fee-American","1","20","1","D","6","15","D Offer","D Liability Signal: 6;D Defaults: 2","6,2","0.10760135250000001","false","8.9918595146169267","8.9918595146169267","2","0.15","0","8.9856206554580371","0.0062388591588895537","false"
"Specification-MandatoryFilingAndAnswering__Cost-2__Fee-American","1","20","1","D","6","15","D Offer","D Liability Signal: 6;D Defaults: 2","6,2","0.10760135250000001","false","8.9918595146169267","8.9918595146169267","3","0.25","0","8.9793817962991476","0.012477718317779107","false"
"Specification-MandatoryFilingAndAnswering__Cost-2__Fee-American","1","20","1","D","6","15","D Offer","D Liability Signal: 6;D Defaults: 2","6,2","0.10760135250000001","false","8.9918595146169267","8.9918595146169267","4","0.35","0","8.973142937140258","0.018716577476668661","false"
"Specification-MandatoryFilingAndAnswering__Cost-2__Fee-American","1","20","1","D","6","15","D Offer","D Liability Signal: 6;D Defaults: 2","6,2","0.10760135250000001","false","8.9918595146169267","8.9918595146169267","5","0.45","0","8.9669040779813667","0.024955436635559991","false"
"Specification-MandatoryFilingAndAnswering__Cost-2__Fee-American","1","20","1","D","6","15","D Offer","D Liability Signal: 6;D Defaults: 2","6,2","0.10760135250000001","false","8.9918595146169267","8.9918595146169267","6","0.55","0","8.9606652188224771","0.031194295794449545","false"
"Specification-MandatoryFilingAndAnswering__Cost-2__Fee-American","1","20","1","D","6","15","D Offer","D Liability Signal: 6;D Defaults: 2","6,2","0.10760135250000001","false","8.9918595146169267","8.9918595146169267","7","0.65","0","8.9544263596635876","0.037433154953339098","false"
"Specification-MandatoryFilingAndAnswering__Cost-2__Fee-American","1","20","1","D","6","15","D Offer","D Liability Signal: 6;D Defaults: 2","6,2","0.10760135250000001","false","8.9918595146169267","8.9918595146169267","8","0.75","0","8.9481875005046998","0.043672014112226876","false"
"Specification-MandatoryFilingAndAnswering__Cost-2__Fee-American","1","20","1","D","6","15","D Offer","D Liability Signal: 6;D Defaults: 2","6,2","0.10760135250000001","false","8.9918595146169267","8.9918595146169267","9","0.85","0","8.9419486413458102","0.049910873271116429","false"
"Specification-MandatoryFilingAndAnswering__Cost-2__Fee-American","1","20","1","D","6","15","D Offer","D Liability Signal: 6;D Defaults: 2","6,2","0.10760135250000001","false","8.9918595146169267","8.9918595146169267","10","0.95","0","8.8061570374442688","0.18570247717265786","false"
"Specification-MandatoryFilingAndAnswering__Cost-2__Fee-American","1","21","1","D","4","21","D Defaults","D Liability Signal: 7","7","0.1080937146","false","8.8157862049523654","8.8157862049523672","1","Yes","0.8212763648927951","8.8157862049523672","0","true"
"Specification-MandatoryFilingAndAnswering__Cost-2__Fee-American","1","21","1","D","4","21","D Defaults","D Liability Signal: 7","7","0.1080937146","false","8.8157862049523654","8.8157862049523672","2","No","0.17872363510720493","8.8157862049523672","0","true"
"Specification-MandatoryFilingAndAnswering__Cost-2__Fee-American","1","22","1","D","6","15","D Offer","D Liability Signal: 7;D Defaults: 1","7,1","0.088774812994447255","false","8.8157862049523654","8.8157862049523654","1","0.05","1","8.8157862049523654","0","true"
"Specification-MandatoryFilingAndAnswering__Cost-2__Fee-American","1","22","1","D","6","15","D Offer","D Liability Signal: 7;D Defaults: 1","7,1","0.088774812994447255","false","8.8157862049523654","8.8157862049523654","2","0.15","0","8.8123935935107642","0.0033926114416011899","false"
"Specification-MandatoryFilingAndAnswering__Cost-2__Fee-American","1","22","1","D","6","15","D Offer","D Liability Signal: 7;D Defaults: 1","7,1","0.088774812994447255","false","8.8157862049523654","8.8157862049523654","3","0.25","0","8.8090009820691613","0.0067852228832041561","false"
"Specification-MandatoryFilingAndAnswering__Cost-2__Fee-American","1","22","1","D","6","15","D Offer","D Liability Signal: 7;D Defaults: 1","7,1","0.088774812994447255","false","8.8157862049523654","8.8157862049523654","4","0.35","0","8.8056083706275583","0.010177834324807122","false"
"Specification-MandatoryFilingAndAnswering__Cost-2__Fee-American","1","22","1","D","6","15","D Offer","D Liability Signal: 7;D Defaults: 1","7,1","0.088774812994447255","false","8.8157862049523654","8.8157862049523654","5","0.45","0","8.8022157591859553","0.013570445766410089","false"
"Specification-MandatoryFilingAndAnswering__Cost-2__Fee-American","1","22","1","D","6","15","D Offer","D Liability Signal: 7;D Defaults: 1","7,1","0.088774812994447255","false","8.8157862049523654","8.8157862049523654","6","0.55","0","8.7988231477443524","0.016963057208013055","false"
"Specification-MandatoryFilingAndAnswering__Cost-2__Fee-American","1","22","1","D","6","15","D Offer","D Liability Signal: 7;D Defaults: 1","7,1","0.088774812994447255","false","8.8157862049523654","8.8157862049523654","7","0.65","0","8.7954305363027494","0.020355668649616021","false"
"Specification-MandatoryFilingAndAnswering__Cost-2__Fee-American","1","22","1","D","6","15","D Offer","D Liability Signal: 7;D Defaults: 1","7,1","0.088774812994447255","false","8.8157862049523654","8.8157862049523654","8","0.75","0","8.7920379248611464","0.023748280091218987","false"
"Specification-MandatoryFilingAndAnswering__Cost-2__Fee-American","1","22","1","D","6","15","D Offer","D Liability Signal: 7;D Defaults: 1","7,1","0.088774812994447255","false","8.8157862049523654","8.8157862049523654","9","0.85","0","8.7886453134195435","0.027140891532821954","false"
"Specification-MandatoryFilingAndAnswering__Cost-2__Fee-American","1","22","1","D","6","15","D Offer","D Liability Signal: 7;D Defaults: 1","7,1","0.088774812994447255","false","8.8157862049523654","8.8157862049523654","10","0.95","0","8.7805415222290186","0.035244682723346799","false"
"Specification-MandatoryFilingAndAnswering__Cost-2__Fee-American","1","23","1","D","6","15","D Offer","D Liability Signal: 7;D Defaults: 2","7,2","0.01931890160555275","false","8.8157862049523672","8.8157862049523672","1","0.05","1","8.8157862049523672","0","true"
"Specification-MandatoryFilingAndAnswering__Cost-2__Fee-American","1","23","1","D","6","15","D Offer","D Liability Signal: 7;D Defaults: 2","7,2","0.01931890160555275","false","8.8157862049523672","8.8157862049523672","2","0.15","0","8.8123935935107642","0.0033926114416029662","false"
"Specification-MandatoryFilingAndAnswering__Cost-2__Fee-American","1","23","1","D","6","15","D Offer","D Liability Signal: 7;D Defaults: 2","7,2","0.01931890160555275","false","8.8157862049523672","8.8157862049523672","3","0.25","0","8.8090009820691613","0.0067852228832059325","false"
"Specification-MandatoryFilingAndAnswering__Cost-2__Fee-American","1","23","1","D","6","15","D Offer","D Liability Signal: 7;D Defaults: 2","7,2","0.01931890160555275","false","8.8157862049523672","8.8157862049523672","4","0.35","0","8.8056083706275583","0.010177834324808899","false"
"Specification-MandatoryFilingAndAnswering__Cost-2__Fee-American","1","23","1","D","6","15","D Offer","D Liability Signal: 7;D Defaults: 2","7,2","0.01931890160555275","false","8.8157862049523672","8.8157862049523672","5","0.45","0","8.8022157591859571","0.013570445766410089","false"
"Specification-MandatoryFilingAndAnswering__Cost-2__Fee-American","1","23","1","D","6","15","D Offer","D Liability Signal: 7;D Defaults: 2","7,2","0.01931890160555275","false","8.8157862049523672","8.8157862049523672","6","0.55","0","8.7988231477443524","0.016963057208014831","false"
"Specification-MandatoryFilingAndAnswering__Cost-2__Fee-American","1","23","1","D","6","15","D Offer","D Liability Signal: 7;D Defaults: 2","7,2","0.01931890160555275","false","8.8157862049523672","8.8157862049523672","7","0.65","0","8.7954305363027494","0.020355668649617797","false"
"Specification-MandatoryFilingAndAnswering__Cost-2__Fee-American","1","23","1","D","6","15","D Offer","D Liability Signal: 7;D Defaults: 2","7,2","0.01931890160555275","false","8.8157862049523672","8.8157862049523672","8","0.75","0","8.7920379248611482","0.023748280091218987","false"
"Specification-MandatoryFilingAndAnswering__Cost-2__Fee-American","1","23","1","D","6","15","D Offer","D Liability Signal: 7;D Defaults: 2","7,2","0.01931890160555275","false","8.8157862049523672","8.8157862049523672","9","0.85","0","8.7886453134195435","0.02714089153282373","false"
"Specification-MandatoryFilingAndAnswering__Cost-2__Fee-American","1","23","1","D","6","15","D Offer","D Liability Signal: 7;D Defaults: 2","7,2","0.01931890160555275","false","8.8157862049523672","8.8157862049523672","10","0.95","0","8.7805415222290204","0.035244682723346799","false"
"Specification-MandatoryFilingAndAnswering__Cost-2__Fee-American","1","24","1","D","4","21","D Defaults","D Liability Signal: 8","8","0.10617632220000001","false","8.7654750420158489","8.7654750420158472","1","Yes","0.65721003711409876","8.7654750420158472","0","true"
"Specification-MandatoryFilingAndAnswering__Cost-2__Fee-American","1","24","1","D","4","21","D Defaults","D Liability Signal: 8","8","0.10617632220000001","false","8.7654750420158489","8.7654750420158472","2","No","0.34278996288590136","8.7654750420158472","0","true"
"Specification-MandatoryFilingAndAnswering__Cost-2__Fee-American","1","25","1","D","6","15","D Offer","D Liability Signal: 8;D Defaults: 1","8,1","0.069780144653700513","false","8.7654750420158472","8.7654750420158472","1","0.05","1","8.7654750420158472","0","true"
"Specification-MandatoryFilingAndAnswering__Cost-2__Fee-American","1","25","1","D","6","15","D Offer","D Liability Signal: 8;D Defaults: 1","8,1","0.069780144653700513","false","8.7654750420158472","8.7654750420158472","2","0.15","0","8.7637565306090828","0.0017185114067643781","false"
"Specification-MandatoryFilingAndAnswering__Cost-2__Fee-American","1","25","1","D","6","15","D Offer","D Liability Signal: 8;D Defaults: 1","8,1","0.069780144653700513","false","8.7654750420158472","8.7654750420158472","3","0.25","0","8.7620380192023219","0.0034370228135252034","false"
"Specification-MandatoryFilingAndAnswering__Cost-2__Fee-American","1","25","1","D","6","15","D Offer","D Liability Signal: 8;D Defaults: 1","8,1","0.069780144653700513","false","8.7654750420158472","8.7654750420158472","4","0.35","0","8.7603195077955576","0.0051555342202895815","false"
"Specification-MandatoryFilingAndAnswering__Cost-2__Fee-American","1","25","1","D","6","15","D Offer","D Liability Signal: 8;D Defaults: 1","8,1","0.069780144653700513","false","8.7654750420158472","8.7654750420158472","5","0.45","0","8.758600996388795","0.0068740456270521832","false"
"Specification-MandatoryFilingAndAnswering__Cost-2__Fee-American","1","25","1","D","6","15","D Offer","D Liability Signal: 8;D Defaults: 1","8,1","0.069780144653700513","false","8.7654750420158472","8.7654750420158472","6","0.55","0","8.7568824849820306","0.0085925570338165613","false"
"Specification-MandatoryFilingAndAnswering__Cost-2__Fee-American","1","25","1","D","6","15","D Offer","D Liability Signal: 8;D Defaults: 1","8,1","0.069780144653700513","false","8.7654750420158472","8.7654750420158472","7","0.65","0","8.755163973575268","0.010311068440579163","false"
"Specification-MandatoryFilingAndAnswering__Cost-2__Fee-American","1","25","1","D","6","15","D Offer","D Liability Signal: 8;D Defaults: 1","8,1","0.069780144653700513","false","8.7654750420158472","8.7654750420158472","8","0.75","0","8.7534454621685054","0.012029579847341765","false"
"Specification-MandatoryFilingAndAnswering__Cost-2__Fee-American","1","25","1","D","6","15","D Offer","D Liability Signal: 8;D Defaults: 1","8,1","0.069780144653700513","false","8.7654750420158472","8.7654750420158472","9","0.85","0","8.7517269507617428","0.013748091254104366","false"
"Specification-MandatoryFilingAndAnswering__Cost-2__Fee-American","1","25","1","D","6","15","D Offer","D Liability Signal: 8;D Defaults: 1","8,1","0.069780144653700513","false","8.7654750420158472","8.7654750420158472","10","0.95","0","8.7654750420158472","0","true"
"Specification-MandatoryFilingAndAnswering__Cost-2__Fee-American","1","26","1","D","6","15","D Offer","D Liability Signal: 8;D Defaults: 2","8,2","0.036396177546299507","false","8.7654750420158472","8.7654750420158472","1","0.05","0","8.6764348189959861","0.089040223019861031","false"
"Specification-MandatoryFilingAndAnswering__Cost-2__Fee-American","1","26","1","D","6","15","D Offer","D Liability Signal: 8;D Defaults: 2","8,2","0.036396177546299507","false","8.7654750420158472","8.7654750420158472","2","0.15","0","8.6747163075892235","0.090758734426623633","false"
"Specification-MandatoryFilingAndAnswering__Cost-2__Fee-American","1","26","1","D","6","15","D Offer","D Liability Signal: 8;D Defaults: 2","8,2","0.036396177546299507","false","8.7654750420158472","8.7654750420158472","3","0.25","0","8.6729977961824609","0.092477245833386235","false"
"Specification-MandatoryFilingAndAnswering__Cost-2__Fee-American","1","26","1","D","6","15","D Offer","D Liability Signal: 8;D Defaults: 2","8,2","0.036396177546299507","false","8.7654750420158472","8.7654750420158472","4","0.35","0","8.6712792847756965","0.094195757240150613","false"
"Specification-MandatoryFilingAndAnswering__Cost-2__Fee-American","1","26","1","D","6","15","D Offer","D Liability Signal: 8;D Defaults: 2","8,2","0.036396177546299507","false","8.7654750420158472","8.7654750420158472","5","0.45","0","8.6695607733689339","0.095914268646913214","false"
"Specification-MandatoryFilingAndAnswering__Cost-2__Fee-American","1","26","1","D","6","15","D Offer","D Liability Signal: 8;D Defaults: 2","8,2","0.036396177546299507","false","8.7654750420158472","8.7654750420158472","6","0.55","0","8.6678422619621713","0.097632780053675816","false"
"Specification-MandatoryFilingAndAnswering__Cost-2__Fee-American","1","26","1","D","6","15","D Offer","D Liability Signal: 8;D Defaults: 2","8,2","0.036396177546299507","false","8.7654750420158472","8.7654750420158472","7","0.65","0","8.666123750555407","0.099351291460440194","false"
"Specification-MandatoryFilingAndAnswering__Cost-2__Fee-American","1","26","1","D","6","15","D Offer","D Liability Signal: 8;D Defaults: 2","8,2","0.036396177546299507","false","8.7654750420158472","8.7654750420158472","8","0.75","0","8.6644052391486444","0.1010698028672028","false"
"Specification-MandatoryFilingAndAnswering__Cost-2__Fee-American","1","26","1","D","6","15","D Offer","D Liability Signal: 8;D Defaults: 2","8,2","0.036396177546299507","false","8.7654750420158472","8.7654750420158472","9","0.85","0","8.6626867277418818","0.1027883142739654","false"
"Specification-MandatoryFilingAndAnswering__Cost-2__Fee-American","1","26","1","D","6","15","D Offer","D Liability Signal: 8;D Defaults: 2","8,2","0.036396177546299507","false","8.7654750420158472","8.7654750420158472","10","0.95","1","8.7654750420158472","0","true"
"Specification-MandatoryFilingAndAnswering__Cost-2__Fee-American","1","27","1","D","4","21","D Defaults","D Liability Signal: 9","9","0.097673550799999995","false","8.7576532479960036","8.7576532479960036","1","Yes","0","8.7355580817618748","0.022095166234128882","false"
"Specification-MandatoryFilingAndAnswering__Cost-2__Fee-American","1","27","1","D","4","21","D Defaults","D Liability Signal: 9","9","0.097673550799999995","false","8.7576532479960036","8.7576532479960036","2","No","1","8.7576532479960036","0","true"
"Specification-MandatoryFilingAndAnswering__Cost-2__Fee-American","1","28","1","D","6","15","D Offer","D Liability Signal: 9;D Defaults: 1","9,1","0","true","","","1","0.05","0.10000000000000001","","",""
"Specification-MandatoryFilingAndAnswering__Cost-2__Fee-American","1","28","1","D","6","15","D Offer","D Liability Signal: 9;D Defaults: 1","9,1","0","true","","","2","0.15","0.10000000000000001","","",""
"Specification-MandatoryFilingAndAnswering__Cost-2__Fee-American","1","28","1","D","6","15","D Offer","D Liability Signal: 9;D Defaults: 1","9,1","0","true","","","3","0.25","0.10000000000000001","","",""
"Specification-MandatoryFilingAndAnswering__Cost-2__Fee-American","1","28","1","D","6","15","D Offer","D Liability Signal: 9;D Defaults: 1","9,1","0","true","","","4","0.35","0.10000000000000001","","",""
"Specification-MandatoryFilingAndAnswering__Cost-2__Fee-American","1","28","1","D","6","15","D Offer","D Liability Signal: 9;D Defaults: 1","9,1","0","true","","","5","0.45","0.10000000000000001","","",""
"Specification-MandatoryFilingAndAnswering__Cost-2__Fee-American","1","28","1","D","6","15","D Offer","D Liability Signal: 9;D Defaults: 1","9,1","0","true","","","6","0.55","0.10000000000000001","","",""
"Specification-MandatoryFilingAndAnswering__Cost-2__Fee-American","1","28","1","D","6","15","D Offer","D Liability Signal: 9;D Defaults: 1","9,1","0","true","","","7","0.65","0.10000000000000001","","",""
"Specification-MandatoryFilingAndAnswering__Cost-2__Fee-American","1","28","1","D","6","15","D Offer","D Liability Signal: 9;D Defaults: 1","9,1","0","true","","","8","0.75","0.10000000000000001","","",""
"Specification-MandatoryFilingAndAnswering__Cost-2__Fee-American","1","28","1","D","6","15","D Offer","D Liability Signal: 9;D Defaults: 1","9,1","0","true","","","9","0.85","0.10000000000000001","","",""
"Specification-MandatoryFilingAndAnswering__Cost-2__Fee-American","1","28","1","D","6","15","D Offer","D Liability Signal: 9;D Defaults: 1","9,1","0","true","","","10","0.95","0.10000000000000001","","",""
"Specification-MandatoryFilingAndAnswering__Cost-2__Fee-American","1","29","1","D","6","15","D Offer","D Liability Signal: 9;D Defaults: 2","9,2","0.097673550799999995","false","8.7576532479960036","8.7576532479960036","1","0.05","0","8.5807003975664813","0.17695285042952236","false"
"Specification-MandatoryFilingAndAnswering__Cost-2__Fee-American","1","29","1","D","6","15","D Offer","D Liability Signal: 9;D Defaults: 2","9,2","0.097673550799999995","false","8.7576532479960036","8.7576532479960036","2","0.15","0","8.5798509986170313","0.17780224937897238","false"
"Specification-MandatoryFilingAndAnswering__Cost-2__Fee-American","1","29","1","D","6","15","D Offer","D Liability Signal: 9;D Defaults: 2","9,2","0.097673550799999995","false","8.7576532479960036","8.7576532479960036","3","0.25","0","8.5790015996675812","0.1786516483284224","false"
"Specification-MandatoryFilingAndAnswering__Cost-2__Fee-American","1","29","1","D","6","15","D Offer","D Liability Signal: 9;D Defaults: 2","9,2","0.097673550799999995","false","8.7576532479960036","8.7576532479960036","4","0.35","0","8.5781522007181312","0.17950104727787242","false"
"Specification-MandatoryFilingAndAnswering__Cost-2__Fee-American","1","29","1","D","6","15","D Offer","D Liability Signal: 9;D Defaults: 2","9,2","0.097673550799999995","false","8.7576532479960036","8.7576532479960036","5","0.45","0","8.5773028017686812","0.18035044622732244","false"
"Specification-MandatoryFilingAndAnswering__Cost-2__Fee-American","1","29","1","D","6","15","D Offer","D Liability Signal: 9;D Defaults: 2","9,2","0.097673550799999995","false","8.7576532479960036","8.7576532479960036","6","0.55","0","8.5764534028192312","0.18119984517677246","false"
"Specification-MandatoryFilingAndAnswering__Cost-2__Fee-American","1","29","1","D","6","15","D Offer","D Liability Signal: 9;D Defaults: 2","9,2","0.097673550799999995","false","8.7576532479960036","8.7576532479960036","7","0.65","0","8.5756040038697812","0.18204924412622248","false"
"Specification-MandatoryFilingAndAnswering__Cost-2__Fee-American","1","29","1","D","6","15","D Offer","D Liability Signal: 9;D Defaults: 2","9,2","0.097673550799999995","false","8.7576532479960036","8.7576532479960036","8","0.75","0","8.5747546049203311","0.1828986430756725","false"
"Specification-MandatoryFilingAndAnswering__Cost-2__Fee-American","1","29","1","D","6","15","D Offer","D Liability Signal: 9;D Defaults: 2","9,2","0.097673550799999995","false","8.7576532479960036","8.7576532479960036","9","0.85","0","8.5739052059708811","0.18374804202512252","false"
"Specification-MandatoryFilingAndAnswering__Cost-2__Fee-American","1","29","1","D","6","15","D Offer","D Liability Signal: 9;D Defaults: 2","9,2","0.097673550799999995","false","8.7576532479960036","8.7576532479960036","10","0.95","1","8.7576532479960036","0","true"
"Specification-MandatoryFilingAndAnswering__Cost-2__Fee-American","1","30","1","D","4","21","D Defaults","D Liability Signal: 10","10","0.080447596799999993","false","8.753874459584102","8.753874459584102","1","Yes","0","8.7226947778741053","0.031179681709996743","false"
"Specification-MandatoryFilingAndAnswering__Cost-2__Fee-American","1","30","1","D","4","21","D Defaults","D Liability Signal: 10","10","0.080447596799999993","false","8.753874459584102","8.753874459584102","2","No","1","8.753874459584102","0","true"
"Specification-MandatoryFilingAndAnswering__Cost-2__Fee-American","1","31","1","D","6","15","D Offer","D Liability Signal: 10;D Defaults: 1","10,1","0","true","","","1","0.05","0.10000000000000001","","",""
"Specification-MandatoryFilingAndAnswering__Cost-2__Fee-American","1","31","1","D","6","15","D Offer","D Liability Signal: 10;D Defaults: 1","10,1","0","true","","","2","0.15","0.10000000000000001","","",""
"Specification-MandatoryFilingAndAnswering__Cost-2__Fee-American","1","31","1","D","6","15","D Offer","D Liability Signal: 10;D Defaults: 1","10,1","0","true","","","3","0.25","0.10000000000000001","","",""
"Specification-MandatoryFilingAndAnswering__Cost-2__Fee-American","1","31","1","D","6","15","D Offer","D Liability Signal: 10;D Defaults: 1","10,1","0","true","","","4","0.35","0.10000000000000001","","",""
"Specification-MandatoryFilingAndAnswering__Cost-2__Fee-American","1","31","1","D","6","15","D Offer","D Liability Signal: 10;D Defaults: 1","10,1","0","true","","","5","0.45","0.10000000000000001","","",""
"Specification-MandatoryFilingAndAnswering__Cost-2__Fee-American","1","31","1","D","6","15","D Offer","D Liability Signal: 10;D Defaults: 1","10,1","0","true","","","6","0.55","0.10000000000000001","","",""
"Specification-MandatoryFilingAndAnswering__Cost-2__Fee-American","1","31","1","D","6","15","D Offer","D Liability Signal: 10;D Defaults: 1","10,1","0","true","","","7","0.65","0.10000000000000001","","",""
"Specification-MandatoryFilingAndAnswering__Cost-2__Fee-American","1","31","1","D","6","15","D Offer","D Liability Signal: 10;D Defaults: 1","10,1","0","true","","","8","0.75","0.10000000000000001","","",""
"Specification-MandatoryFilingAndAnswering__Cost-2__Fee-American","1","31","1","D","6","15","D Offer","D Liability Signal: 10;D Defaults: 1","10,1","0","true","","","9","0.85","0.10000000000000001","","",""
"Specification-MandatoryFilingAndAnswering__Cost-2__Fee-American","1","31","1","D","6","15","D Offer","D Liability Signal: 10;D Defaults: 1","10,1","0","true","","","10","0.95","0.10000000000000001","","",""
"Specification-MandatoryFilingAndAnswering__Cost-2__Fee-American","1","32","1","D","6","15","D Offer","D Liability Signal: 10;D Defaults: 2","10,2","0.080447596799999993","false","8.753874459584102","8.753874459584102","1","0.05","0","8.5206061599665617","0.23326829961754036","false"
"Specification-MandatoryFilingAndAnswering__Cost-2__Fee-American","1","32","1","D","6","15","D Offer","D Liability Signal: 10;D Defaults: 2","10,2","0.080447596799999993","false","8.753874459584102","8.753874459584102","2","0.15","0","8.5201766381033668","0.23369782148073526","false"
"Specification-MandatoryFilingAndAnswering__Cost-2__Fee-American","1","32","1","D","6","15","D Offer","D Liability Signal: 10;D Defaults: 2","10,2","0.080447596799999993","false","8.753874459584102","8.753874459584102","3","0.25","0","8.5197471162401683","0.2341273433439337","false"
"Specification-MandatoryFilingAndAnswering__Cost-2__Fee-American","1","32","1","D","6","15","D Offer","D Liability Signal: 10;D Defaults: 2","10,2","0.080447596799999993","false","8.753874459584102","8.753874459584102","4","0.35","0","8.5193175943769752","0.23455686520712682","false"
"Specification-MandatoryFilingAndAnswering__Cost-2__Fee-American","1","32","1","D","6","15","D Offer","D Liability Signal: 10;D Defaults: 2","10,2","0.080447596799999993","false","8.753874459584102","8.753874459584102","5","0.45","0","8.5188880725137803","0.23498638707032171","false"
"Specification-MandatoryFilingAndAnswering__Cost-2__Fee-American","1","32","1","D","6","15","D Offer","D Liability Signal: 10;D Defaults: 2","10,2","0.080447596799999993","false","8.753874459584102","8.753874459584102","6","0.55","0","8.5184585506505854","0.2354159089335166","false"
"Specification-MandatoryFilingAndAnswering__Cost-2__Fee-American","1","32","1","D","6","15","D Offer","D Liability Signal: 10;D Defaults: 2","10,2","0.080447596799999993","false","8.753874459584102","8.753874459584102","7","0.65","0","8.518029028787387","0.23584543079671505","false"
"Specification-MandatoryFilingAndAnswering__Cost-2__Fee-American","1","32","1","D","6","15","D Offer","D Liability Signal: 10;D Defaults: 2","10,2","0.080447596799999993","false","8.753874459584102","8.753874459584102","8","0.75","0","8.5175995069241921","0.23627495265990994","false"
"Specification-MandatoryFilingAndAnswering__Cost-2__Fee-American","1","32","1","D","6","15","D Offer","D Liability Signal: 10;D Defaults: 2","10,2","0.080447596799999993","false","8.753874459584102","8.753874459584102","9","0.85","0","8.5171699850609972","0.23670447452310484","false"
"Specification-MandatoryFilingAndAnswering__Cost-2__Fee-American","1","32","1","D","6","15","D Offer","D Liability Signal: 10;D Defaults: 2","10,2","0.080447596799999993","false","8.753874459584102","8.753874459584102","10","0.95","1","8.753874459584102","0","true"
