"OptionSetName","Equilibrium Number","Information Set Number","Player Index","Player","Decision Index","Decision Code","Decision","Information Set Labels","Information Set Contents","Equilibrium Reach Probability","Off Path","Conditional Information-Set Utility","Best Action Utility","Action","Action Label","Equilibrium Action Probability","Conditional Action Utility","Utility Loss from Best Action","Is Best Action"
"Specification-ModerateRiskAversion__Cost-1__Fee-British__Starts-50","17","0","0","P","2","9","P Files","P Liability Signal: 1","1","0.080450000000000008","false","999.9999996429998","999.9999996429998","1","Yes","0","999.84889850910247","0.1511011338973276","false"
"Specification-ModerateRiskAversion__Cost-1__Fee-British__Starts-50","17","0","0","P","2","9","P Files","P Liability Signal: 1","1","0.080450000000000008","false","999.9999996429998","999.9999996429998","2","No","1","999.9999996429998","0","true"
"Specification-ModerateRiskAversion__Cost-1__Fee-British__Starts-50","17","2","0","P","5","20","P Abandons","P Liability Signal: 1;P Files: 1;D Answers: 1","1,1,1","0","true","","","1","Yes","0.5","","",""
"Specification-ModerateRiskAversion__Cost-1__Fee-British__Starts-50","17","2","0","P","5","20","P Abandons","P Liability Signal: 1;P Files: 1;D Answers: 1","1,1,1","0","true","","","2","No","0.5","","",""
"Specification-ModerateRiskAversion__Cost-1__Fee-British__Starts-50","17","4","0","P","7","14","P Offer","P Liability Signal: 1;P Files: 1;D Answers: 1;P Abandons: 1","1,1,1,1","0","true","","","1","0.05","0.10000000000000001","","",""
"Specification-ModerateRiskAversion__Cost-1__Fee-British__Starts-50","17","4","0","P","7","14","P Offer","P Liability Signal: 1;P Files: 1;D Answers: 1;P Abandons: 1","1,1,1,1","0","true","","","2","0.15","0.10000000000000001","","",""
"Specification-ModerateRiskAversion__Cost-1__Fee-British__Starts-50","17","4","0","P","7","14","P Offer","P Liability Signal: 1;P Files: 1;D Answers: 1;P Abandons: 1","1,1,1,1","0","true","","","3","0.25","0.10000000000000001","","",""
"Specification-ModerateRiskAversion__Cost-1__Fee-British__Starts-50","17","4","0","P","7","14","P Offer","P Liability Signal: 1;P Files: 1;D Answers: 1;P Abandons: 1","1,1,1,1","0","true","","","4","0.35","0.10000000000000001","","",""
"Specification-ModerateRiskAversion__Cost-1__Fee-British__Starts-50","17","4","0","P","7","14","P Offer","P Liability Signal: 1;P Files: 1;D Answers: 1;P Abandons: 1","1,1,1,1","0","true","","","5","0.45","0.10000000000000001","","",""
"Specification-ModerateRiskAversion__Cost-1__Fee-British__Starts-50","17","4","0","P","7","14","P Offer","P Liability Signal: 1;P Files: 1;D Answers: 1;P Abandons: 1","1,1,1,1","0","true","","","6","0.55","0.10000000000000001","","",""
"Specification-ModerateRiskAversion__Cost-1__Fee-British__Starts-50","17","4","0","P","7","14","P Offer","P Liability Signal: 1;P Files: 1;D Answers: 1;P Abandons: 1","1,1,1,1","0","true","","","7","0.65","0.10000000000000001","","",""
"Specification-ModerateRiskAversion__Cost-1__Fee-British__Starts-50","17","4","0","P","7","14","P Offer","P Liability Signal: 1;P Files: 1;D Answers: 1;P Abandons: 1","1,1,1,1","0","true","","","8","0.75","0.10000000000000001","","",""
"Specification-ModerateRiskAversion__Cost-1__Fee-British__Starts-50","17","4","0","P","7","14","P Offer","P Liability Signal: 1;P Files: 1;D Answers: 1;P Abandons: 1","1,1,1,1","0","true","","","9","0.85","0.10000000000000001","","",""
"Specification-ModerateRiskAversion__Cost-1__Fee-British__Starts-50","17","4","0","P","7","14","P Offer","P Liability Signal: 1;P Files: 1;D Answers: 1;P Abandons: 1","1,1,1,1","0","true","","","10","0.95","0.10000000000000001","","",""
"Specification-ModerateRiskAversion__Cost-1__Fee-British__Starts-50","17","7","0","P","7","14","P Offer","P Liability Signal: 1;P Files: 1;D Answers: 1;P Abandons: 2","1,1,1,2","0","true","","","1","0.05","0.10000000000000001","","",""
"Specification-ModerateRiskAversion__Cost-1__Fee-British__Starts-50","17","7","0","P","7","14","P Offer","P Liability Signal: 1;P Files: 1;D Answers: 1;P Abandons: 2","1,1,1,2","0","true","","","2","0.15","0.10000000000000001","","",""
"Specification-ModerateRiskAversion__Cost-1__Fee-British__Starts-50","17","7","0","P","7","14","P Offer","P Liability Signal: 1;P Files: 1;D Answers: 1;P Abandons: 2","1,1,1,2","0","true","","","3","0.25","0.10000000000000001","","",""
"Specification-ModerateRiskAversion__Cost-1__Fee-British__Starts-50","17","7","0","P","7","14","P Offer","P Liability Signal: 1;P Files: 1;D Answers: 1;P Abandons: 2","1,1,1,2","0","true","","","4","0.35","0.10000000000000001","","",""
"Specification-ModerateRiskAversion__Cost-1__Fee-British__Starts-50","17","7","0","P","7","14","P Offer","P Liability Signal: 1;P Files: 1;D Answers: 1;P Abandons: 2","1,1,1,2","0","true","","","5","0.45","0.10000000000000001","","",""
"Specification-ModerateRiskAversion__Cost-1__Fee-British__Starts-50","17","7","0","P","7","14","P Offer","P Liability Signal: 1;P Files: 1;D Answers: 1;P Abandons: 2","1,1,1,2","0","true","","","6","0.55","0.10000000000000001","","",""
"Specification-ModerateRiskAversion__Cost-1__Fee-British__Starts-50","17","7","0","P","7","14","P Offer","P Liability Signal: 1;P Files: 1;D Answers: 1;P Abandons: 2","1,1,1,2","0","true","","","7","0.65","0.10000000000000001","","",""
"Specification-ModerateRiskAversion__Cost-1__Fee-British__Starts-50","17","7","0","P","7","14","P Offer","P Liability Signal: 1;P Files: 1;D Answers: 1;P Abandons: 2","1,1,1,2","0","true","","","8","0.75","0.10000000000000001","","",""
"Specification-ModerateRiskAversion__Cost-1__Fee-British__Starts-50","17","7","0","P","7","14","P Offer","P Liability Signal: 1;P Files: 1;D Answers: 1;P Abandons: 2","1,1,1,2","0","true","","","9","0.85","0.10000000000000001","","",""
"Specification-ModerateRiskAversion__Cost-1__Fee-British__Starts-50","17","7","0","P","7","14","P Offer","P Liability Signal: 1;P Files: 1;D Answers: 1;P Abandons: 2","1,1,1,2","0","true","","","10","0.95","0.10000000000000001","","",""
"Specification-ModerateRiskAversion__Cost-1__Fee-British__Starts-50","17","44","0","P","2","9","P Files","P Liability Signal: 2","2","0.097680000000000017","false","999.99999964300014","999.99999964300014","1","Yes","0","999.87175698315536","0.12824265984477279","false"
"Specification-ModerateRiskAversion__Cost-1__Fee-British__Starts-50","17","44","0","P","2","9","P Files","P Liability Signal: 2","2","0.097680000000000017","false","999.99999964300014","999.99999964300014","2","No","1","999.99999964300014","0","true"
"Specification-ModerateRiskAversion__Cost-1__Fee-British__Starts-50","17","45","0","P","5","20","P Abandons","P Liability Signal: 2;P Files: 1;D Answers: 1","2,1,1","0","true","","","1","Yes","0.5","","",""
"Specification-ModerateRiskAversion__Cost-1__Fee-British__Starts-50","17","45","0","P","5","20","P Abandons","P Liability Signal: 2;P Files: 1;D Answers: 1","2,1,1","0","true","","","2","No","0.5","","",""
"Specification-ModerateRiskAversion__Cost-1__Fee-British__Starts-50","17","46","0","P","7","14","P Offer","P Liability Signal: 2;P Files: 1;D Answers: 1;P Abandons: 1","2,1,1,1","0","true","","","1","0.05","0.10000000000000001","","",""
"Specification-ModerateRiskAversion__Cost-1__Fee-British__Starts-50","17","46","0","P","7","14","P Offer","P Liability Signal: 2;P Files: 1;D Answers: 1;P Abandons: 1","2,1,1,1","0","true","","","2","0.15","0.10000000000000001","","",""
"Specification-ModerateRiskAversion__Cost-1__Fee-British__Starts-50","17","46","0","P","7","14","P Offer","P Liability Signal: 2;P Files: 1;D Answers: 1;P Abandons: 1","2,1,1,1","0","true","","","3","0.25","0.10000000000000001","","",""
"Specification-ModerateRiskAversion__Cost-1__Fee-British__Starts-50","17","46","0","P","7","14","P Offer","P Liability Signal: 2;P Files: 1;D Answers: 1;P Abandons: 1","2,1,1,1","0","true","","","4","0.35","0.10000000000000001","","",""
"Specification-ModerateRiskAversion__Cost-1__Fee-British__Starts-50","17","46","0","P","7","14","P Offer","P Liability Signal: 2;P Files: 1;D Answers: 1;P Abandons: 1","2,1,1,1","0","true","","","5","0.45","0.10000000000000001","","",""
"Specification-ModerateRiskAversion__Cost-1__Fee-British__Starts-50","17","46","0","P","7","14","P Offer","P Liability Signal: 2;P Files: 1;D Answers: 1;P Abandons: 1","2,1,1,1","0","true","","","6","0.55","0.10000000000000001","","",""
"Specification-ModerateRiskAversion__Cost-1__Fee-British__Starts-50","17","46","0","P","7","14","P Offer","P Liability Signal: 2;P Files: 1;D Answers: 1;P Abandons: 1","2,1,1,1","0","true","","","7","0.65","0.10000000000000001","","",""
"Specification-ModerateRiskAversion__Cost-1__Fee-British__Starts-50","17","46","0","P","7","14","P Offer","P Liability Signal: 2;P Files: 1;D Answers: 1;P Abandons: 1","2,1,1,1","0","true","","","8","0.75","0.10000000000000001","","",""
"Specification-ModerateRiskAversion__Cost-1__Fee-British__Starts-50","17","46","0","P","7","14","P Offer","P Liability Signal: 2;P Files: 1;D Answers: 1;P Abandons: 1","2,1,1,1","0","true","","","9","0.85","0.10000000000000001","","",""
"Specification-ModerateRiskAversion__Cost-1__Fee-British__Starts-50","17","46","0","P","7","14","P Offer","P Liability Signal: 2;P Files: 1;D Answers: 1;P Abandons: 1","2,1,1,1","0","true","","","10","0.95","0.10000000000000001","","",""
"Specification-ModerateRiskAversion__Cost-1__Fee-British__Starts-50","17","47","0","P","7","14","P Offer","P Liability Signal: 2;P Files: 1;D Answers: 1;P Abandons: 2","2,1,1,2","0","true","","","1","0.05","0.10000000000000001","","",""
"Specification-ModerateRiskAversion__Cost-1__Fee-British__Starts-50","17","47","0","P","7","14","P Offer","P Liability Signal: 2;P Files: 1;D Answers: 1;P Abandons: 2","2,1,1,2","0","true","","","2","0.15","0.10000000000000001","","",""
"Specification-ModerateRiskAversion__Cost-1__Fee-British__Starts-50","17","47","0","P","7","14","P Offer","P Liability Signal: 2;P Files: 1;D Answers: 1;P Abandons: 2","2,1,1,2","0","true","","","3","0.25","0.10000000000000001","","",""
"Specification-ModerateRiskAversion__Cost-1__Fee-British__Starts-50","17","47","0","P","7","14","P Offer","P Liability Signal: 2;P Files: 1;D Answers: 1;P Abandons: 2","2,1,1,2","0","true","","","4","0.35","0.10000000000000001","","",""
"Specification-ModerateRiskAversion__Cost-1__Fee-British__Starts-50","17","47","0","P","7","14","P Offer","P Liability Signal: 2;P Files: 1;D Answers: 1;P Abandons: 2","2,1,1,2","0","true","","","5","0.45","0.10000000000000001","","",""
"Specification-ModerateRiskAversion__Cost-1__Fee-British__Starts-50","17","47","0","P","7","14","P Offer","P Liability Signal: 2;P Files: 1;D Answers: 1;P Abandons: 2","2,1,1,2","0","true","","","6","0.55","0.10000000000000001","","",""
"Specification-ModerateRiskAversion__Cost-1__Fee-British__Starts-50","17","47","0","P","7","14","P Offer","P Liability Signal: 2;P Files: 1;D Answers: 1;P Abandons: 2","2,1,1,2","0","true","","","7","0.65","0.10000000000000001","","",""
"Specification-ModerateRiskAversion__Cost-1__Fee-British__Starts-50","17","47","0","P","7","14","P Offer","P Liability Signal: 2;P Files: 1;D Answers: 1;P Abandons: 2","2,1,1,2","0","true","","","8","0.75","0.10000000000000001","","",""
"Specification-ModerateRiskAversion__Cost-1__Fee-British__Starts-50","17","47","0","P","7","14","P Offer","P Liability Signal: 2;P Files: 1;D Answers: 1;P Abandons: 2","2,1,1,2","0","true","","","9","0.85","0.10000000000000001","","",""
"Specification-ModerateRiskAversion__Cost-1__Fee-British__Starts-50","17","47","0","P","7","14","P Offer","P Liability Signal: 2;P Files: 1;D Answers: 1;P Abandons: 2","2,1,1,2","0","true","","","10","0.95","0.10000000000000001","","",""
"Specification-ModerateRiskAversion__Cost-1__Fee-British__Starts-50","17","48","0","P","2","9","P Files","P Liability Signal: 3","3","0.10618","false","999.9999996429998","999.9999996429998","1","Yes","0","999.90432305945899","0.095676583540807769","false"
"Specification-ModerateRiskAversion__Cost-1__Fee-British__Starts-50","17","48","0","P","2","9","P Files","P Liability Signal: 3","3","0.10618","false","999.9999996429998","999.9999996429998","2","No","1","999.9999996429998","0","true"
"Specification-ModerateRiskAversion__Cost-1__Fee-British__Starts-50","17","49","0","P","5","20","P Abandons","P Liability Signal: 3;P Files: 1;D Answers: 1","3,1,1","0","true","","","1","Yes","0.5","","",""
"Specification-ModerateRiskAversion__Cost-1__Fee-British__Starts-50","17","49","0","P","5","20","P Abandons","P Liability Signal: 3;P Files: 1;D Answers: 1","3,1,1","0","true","","","2","No","0.5","","",""
"Specification-ModerateRiskAversion__Cost-1__Fee-British__Starts-50","17","50","0","P","7","14","P Offer","P Liability Signal: 3;P Files: 1;D Answers: 1;P Abandons: 1","3,1,1,1","0","true","","","1","0.05","0.10000000000000001","","",""
"Specification-ModerateRiskAversion__Cost-1__Fee-British__Starts-50","17","50","0","P","7","14","P Offer","P Liability Signal: 3;P Files: 1;D Answers: 1;P Abandons: 1","3,1,1,1","0","true","","","2","0.15","0.10000000000000001","","",""
"Specification-ModerateRiskAversion__Cost-1__Fee-British__Starts-50","17","50","0","P","7","14","P Offer","P Liability Signal: 3;P Files: 1;D Answers: 1;P Abandons: 1","3,1,1,1","0","true","","","3","0.25","0.10000000000000001","","",""
"Specification-ModerateRiskAversion__Cost-1__Fee-British__Starts-50","17","50","0","P","7","14","P Offer","P Liability Signal: 3;P Files: 1;D Answers: 1;P Abandons: 1","3,1,1,1","0","true","","","4","0.35","0.10000000000000001","","",""
"Specification-ModerateRiskAversion__Cost-1__Fee-British__Starts-50","17","50","0","P","7","14","P Offer","P Liability Signal: 3;P Files: 1;D Answers: 1;P Abandons: 1","3,1,1,1","0","true","","","5","0.45","0.10000000000000001","","",""
"Specification-ModerateRiskAversion__Cost-1__Fee-British__Starts-50","17","50","0","P","7","14","P Offer","P Liability Signal: 3;P Files: 1;D Answers: 1;P Abandons: 1","3,1,1,1","0","true","","","6","0.55","0.10000000000000001","","",""
"Specification-ModerateRiskAversion__Cost-1__Fee-British__Starts-50","17","50","0","P","7","14","P Offer","P Liability Signal: 3;P Files: 1;D Answers: 1;P Abandons: 1","3,1,1,1","0","true","","","7","0.65","0.10000000000000001","","",""
"Specification-ModerateRiskAversion__Cost-1__Fee-British__Starts-50","17","50","0","P","7","14","P Offer","P Liability Signal: 3;P Files: 1;D Answers: 1;P Abandons: 1","3,1,1,1","0","true","","","8","0.75","0.10000000000000001","","",""
"Specification-ModerateRiskAversion__Cost-1__Fee-British__Starts-50","17","50","0","P","7","14","P Offer","P Liability Signal: 3;P Files: 1;D Answers: 1;P Abandons: 1","3,1,1,1","0","true","","","9","0.85","0.10000000000000001","","",""
"Specification-ModerateRiskAversion__Cost-1__Fee-British__Starts-50","17","50","0","P","7","14","P Offer","P Liability Signal: 3;P Files: 1;D Answers: 1;P Abandons: 1","3,1,1,1","0","true","","","10","0.95","0.10000000000000001","","",""
"Specification-ModerateRiskAversion__Cost-1__Fee-British__Starts-50","17","51","0","P","7","14","P Offer","P Liability Signal: 3;P Files: 1;D Answers: 1;P Abandons: 2","3,1,1,2","0","true","","","1","0.05","0.10000000000000001","","",""
"Specification-ModerateRiskAversion__Cost-1__Fee-British__Starts-50","17","51","0","P","7","14","P Offer","P Liability Signal: 3;P Files: 1;D Answers: 1;P Abandons: 2","3,1,1,2","0","true","","","2","0.15","0.10000000000000001","","",""
"Specification-ModerateRiskAversion__Cost-1__Fee-British__Starts-50","17","51","0","P","7","14","P Offer","P Liability Signal: 3;P Files: 1;D Answers: 1;P Abandons: 2","3,1,1,2","0","true","","","3","0.25","0.10000000000000001","","",""
"Specification-ModerateRiskAversion__Cost-1__Fee-British__Starts-50","17","51","0","P","7","14","P Offer","P Liability Signal: 3;P Files: 1;D Answers: 1;P Abandons: 2","3,1,1,2","0","true","","","4","0.35","0.10000000000000001","","",""
"Specification-ModerateRiskAversion__Cost-1__Fee-British__Starts-50","17","51","0","P","7","14","P Offer","P Liability Signal: 3;P Files: 1;D Answers: 1;P Abandons: 2","3,1,1,2","0","true","","","5","0.45","0.10000000000000001","","",""
"Specification-ModerateRiskAversion__Cost-1__Fee-British__Starts-50","17","51","0","P","7","14","P Offer","P Liability Signal: 3;P Files: 1;D Answers: 1;P Abandons: 2","3,1,1,2","0","true","","","6","0.55","0.10000000000000001","","",""
"Specification-ModerateRiskAversion__Cost-1__Fee-British__Starts-50","17","51","0","P","7","14","P Offer","P Liability Signal: 3;P Files: 1;D Answers: 1;P Abandons: 2","3,1,1,2","0","true","","","7","0.65","0.10000000000000001","","",""
"Specification-ModerateRiskAversion__Cost-1__Fee-British__Starts-50","17","51","0","P","7","14","P Offer","P Liability Signal: 3;P Files: 1;D Answers: 1;P Abandons: 2","3,1,1,2","0","true","","","8","0.75","0.10000000000000001","","",""
"Specification-ModerateRiskAversion__Cost-1__Fee-British__Starts-50","17","51","0","P","7","14","P Offer","P Liability Signal: 3;P Files: 1;D Answers: 1;P Abandons: 2","3,1,1,2","0","true","","","9","0.85","0.10000000000000001","","",""
"Specification-ModerateRiskAversion__Cost-1__Fee-British__Starts-50","17","51","0","P","7","14","P Offer","P Liability Signal: 3;P Files: 1;D Answers: 1;P Abandons: 2","3,1,1,2","0","true","","","10","0.95","0.10000000000000001","","",""
"Specification-ModerateRiskAversion__Cost-1__Fee-British__Starts-50","17","52","0","P","2","9","P Files","P Liability Signal: 4","4","0.1081","false","1000.0127866596764","1000.0127866596764","1","Yes","1","1000.0127866596764","0","true"
"Specification-ModerateRiskAversion__Cost-1__Fee-British__Starts-50","17","52","0","P","2","9","P Files","P Liability Signal: 4","4","0.1081","false","1000.0127866596764","1000.0127866596764","2","No","0","999.99999964300025","0.012787016676156782","false"
"Specification-ModerateRiskAversion__Cost-1__Fee-British__Starts-50","17","53","0","P","5","20","P Abandons","P Liability Signal: 4;P Files: 1;D Answers: 1","4,1,1","0.098044234253655854","false","999.99845818768642","999.99845818768642","1","Yes","1","999.99845818768642","0","true"
"Specification-ModerateRiskAversion__Cost-1__Fee-British__Starts-50","17","53","0","P","5","20","P Abandons","P Liability Signal: 4;P Files: 1;D Answers: 1","4,1,1","0.098044234253655854","false","999.99845818768642","999.99845818768642","2","No","0","999.86315334338826","0.1353048442981617","false"
"Specification-ModerateRiskAversion__Cost-1__Fee-British__Starts-50","17","54","0","P","7","14","P Offer","P Liability Signal: 4;P Files: 1;D Answers: 1;P Abandons: 1","4,1,1,1","0.098044234253655854","false","999.99845818768642","999.99845818768654","1","0.05","0","999.99845818768654","0","true"
"Specification-ModerateRiskAversion__Cost-1__Fee-British__Starts-50","17","54","0","P","7","14","P Offer","P Liability Signal: 4;P Files: 1;D Answers: 1;P Abandons: 1","4,1,1,1","0.098044234253655854","false","999.99845818768642","999.99845818768654","2","0.15","0","999.99845818768642","1.1368683772161603E-13","true"
"Specification-ModerateRiskAversion__Cost-1__Fee-British__Starts-50","17","54","0","P","7","14","P Offer","P Liability Signal: 4;P Files: 1;D Answers: 1;P Abandons: 1","4,1,1,1","0.098044234253655854","false","999.99845818768642","999.99845818768654","3","0.25","0","999.99137268237575","0.0070855053107834465","false"
"Specification-ModerateRiskAversion__Cost-1__Fee-British__Starts-50","17","54","0","P","7","14","P Offer","P Liability Signal: 4;P Files: 1;D Answers: 1;P Abandons: 1","4,1,1,1","0.098044234253655854","false","999.99845818768642","999.99845818768654","4","0.35","0","999.99141706820899","0.0070411194775488184","false"
"Specification-ModerateRiskAversion__Cost-1__Fee-British__Starts-50","17","54","0","P","7","14","P Offer","P Liability Signal: 4;P Files: 1;D Answers: 1;P Abandons: 1","4,1,1,1","0.098044234253655854","false","999.99845818768642","999.99845818768654","5","0.45","0","999.9951134441078","0.0033447435787365976","false"
"Specification-ModerateRiskAversion__Cost-1__Fee-British__Starts-50","17","54","0","P","7","14","P Offer","P Liability Signal: 4;P Files: 1;D Answers: 1;P Abandons: 1","4,1,1,1","0.098044234253655854","false","999.99845818768642","999.99845818768654","6","0.55","1","999.99845818768642","1.1368683772161603E-13","true"
"Specification-ModerateRiskAversion__Cost-1__Fee-British__Starts-50","17","54","0","P","7","14","P Offer","P Liability Signal: 4;P Files: 1;D Answers: 1;P Abandons: 1","4,1,1,1","0.098044234253655854","false","999.99845818768642","999.99845818768654","7","0.65","0","999.9760278585203","0.022430329166240881","false"
"Specification-ModerateRiskAversion__Cost-1__Fee-British__Starts-50","17","54","0","P","7","14","P Offer","P Liability Signal: 4;P Files: 1;D Answers: 1;P Abandons: 1","4,1,1,1","0.098044234253655854","false","999.99845818768642","999.99845818768654","8","0.75","0","999.9760278585203","0.022430329166240881","false"
"Specification-ModerateRiskAversion__Cost-1__Fee-British__Starts-50","17","54","0","P","7","14","P Offer","P Liability Signal: 4;P Files: 1;D Answers: 1;P Abandons: 1","4,1,1,1","0.098044234253655854","false","999.99845818768642","999.99845818768654","9","0.85","0","999.9760278585203","0.022430329166240881","false"
"Specification-ModerateRiskAversion__Cost-1__Fee-British__Starts-50","17","54","0","P","7","14","P Offer","P Liability Signal: 4;P Files: 1;D Answers: 1;P Abandons: 1","4,1,1,1","0.098044234253655854","false","999.99845818768642","999.99845818768654","10","0.95","0","999.9760278585203","0.022430329166240881","false"
"Specification-ModerateRiskAversion__Cost-1__Fee-British__Starts-50","17","55","0","P","7","14","P Offer","P Liability Signal: 4;P Files: 1;D Answers: 1;P Abandons: 2","4,1,1,2","0","true","","","1","0.05","0.10000000000000001","","",""
"Specification-ModerateRiskAversion__Cost-1__Fee-British__Starts-50","17","55","0","P","7","14","P Offer","P Liability Signal: 4;P Files: 1;D Answers: 1;P Abandons: 2","4,1,1,2","0","true","","","2","0.15","0.10000000000000001","","",""
"Specification-ModerateRiskAversion__Cost-1__Fee-British__Starts-50","17","55","0","P","7","14","P Offer","P Liability Signal: 4;P Files: 1;D Answers: 1;P Abandons: 2","4,1,1,2","0","true","","","3","0.25","0.10000000000000001","","",""
"Specification-ModerateRiskAversion__Cost-1__Fee-British__Starts-50","17","55","0","P","7","14","P Offer","P Liability Signal: 4;P Files: 1;D Answers: 1;P Abandons: 2","4,1,1,2","0","true","","","4","0.35","0.10000000000000001","","",""
"Specification-ModerateRiskAversion__Cost-1__Fee-British__Starts-50","17","55","0","P","7","14","P Offer","P Liability Signal: 4;P Files: 1;D Answers: 1;P Abandons: 2","4,1,1,2","0","true","","","5","0.45","0.10000000000000001","","",""
"Specification-ModerateRiskAversion__Cost-1__Fee-British__Starts-50","17","55","0","P","7","14","P Offer","P Liability Signal: 4;P Files: 1;D Answers: 1;P Abandons: 2","4,1,1,2","0","true","","","6","0.55","0.10000000000000001","","",""
"Specification-ModerateRiskAversion__Cost-1__Fee-British__Starts-50","17","55","0","P","7","14","P Offer","P Liability Signal: 4;P Files: 1;D Answers: 1;P Abandons: 2","4,1,1,2","0","true","","","7","0.65","0.10000000000000001","","",""
"Specification-ModerateRiskAversion__Cost-1__Fee-British__Starts-50","17","55","0","P","7","14","P Offer","P Liability Signal: 4;P Files: 1;D Answers: 1;P Abandons: 2","4,1,1,2","0","true","","","8","0.75","0.10000000000000001","","",""
"Specification-ModerateRiskAversion__Cost-1__Fee-British__Starts-50","17","55","0","P","7","14","P Offer","P Liability Signal: 4;P Files: 1;D Answers: 1;P Abandons: 2","4,1,1,2","0","true","","","9","0.85","0.10000000000000001","","",""
"Specification-ModerateRiskAversion__Cost-1__Fee-British__Starts-50","17","55","0","P","7","14","P Offer","P Liability Signal: 4;P Files: 1;D Answers: 1;P Abandons: 2","4,1,1,2","0","true","","","10","0.95","0.10000000000000001","","",""
"Specification-ModerateRiskAversion__Cost-1__Fee-British__Starts-50","17","56","0","P","2","9","P Files","P Liability Signal: 5","5","0.1076","false","1000.039125036032","1000.039125036032","1","Yes","1","1000.039125036032","0","true"
"Specification-ModerateRiskAversion__Cost-1__Fee-British__Starts-50","17","56","0","P","2","9","P Files","P Liability Signal: 5","5","0.1076","false","1000.039125036032","1000.039125036032","2","No","0","999.99999964300014","0.039125393031895328","false"
"Specification-ModerateRiskAversion__Cost-1__Fee-British__Starts-50","17","57","0","P","5","20","P Abandons","P Liability Signal: 5;P Files: 1;D Answers: 1","5,1,1","0.089856731667024681","false","1000.0167397907876","1000.0167397907876","1","Yes","1","1000.0167397907876","0","true"
"Specification-ModerateRiskAversion__Cost-1__Fee-British__Starts-50","17","57","0","P","5","20","P Abandons","P Liability Signal: 5;P Files: 1;D Answers: 1","5,1,1","0.089856731667024681","false","1000.0167397907876","1000.0167397907876","2","No","0","999.92440384435326","0.092335946434332072","false"
"Specification-ModerateRiskAversion__Cost-1__Fee-British__Starts-50","17","58","0","P","7","14","P Offer","P Liability Signal: 5;P Files: 1;D Answers: 1;P Abandons: 1","5,1,1,1","0.089856731667024681","false","1000.0167397907876","1000.0167397907876","1","0.05","0","1000.0079123083194","0.0088274824681775499","false"
"Specification-ModerateRiskAversion__Cost-1__Fee-British__Starts-50","17","58","0","P","7","14","P Offer","P Liability Signal: 5;P Files: 1;D Answers: 1;P Abandons: 1","5,1,1,1","0.089856731667024681","false","1000.0167397907876","1000.0167397907876","2","0.15","0","1000.0113882377407","0.0053515530469212536","false"
"Specification-ModerateRiskAversion__Cost-1__Fee-British__Starts-50","17","58","0","P","7","14","P Offer","P Liability Signal: 5;P Files: 1;D Answers: 1;P Abandons: 1","5,1,1,1","0.089856731667024681","false","1000.0167397907876","1000.0167397907876","3","0.25","0","1000.0063569117395","0.010382879048052018","false"
"Specification-ModerateRiskAversion__Cost-1__Fee-British__Starts-50","17","58","0","P","7","14","P Offer","P Liability Signal: 5;P Files: 1;D Answers: 1;P Abandons: 1","5,1,1,1","0.089856731667024681","false","1000.0167397907876","1000.0167397907876","4","0.35","0","1000.0076788598127","0.009060930974897019","false"
"Specification-ModerateRiskAversion__Cost-1__Fee-British__Starts-50","17","58","0","P","7","14","P Offer","P Liability Signal: 5;P Files: 1;D Answers: 1;P Abandons: 1","5,1,1,1","0.089856731667024681","false","1000.0167397907876","1000.0167397907876","5","0.45","0","1000.0124355759832","0.0043042148043923589","false"
"Specification-ModerateRiskAversion__Cost-1__Fee-British__Starts-50","17","58","0","P","7","14","P Offer","P Liability Signal: 5;P Files: 1;D Answers: 1;P Abandons: 1","5,1,1,1","0.089856731667024681","false","1000.0167397907876","1000.0167397907876","6","0.55","1","1000.0167397907876","0","true"
"Specification-ModerateRiskAversion__Cost-1__Fee-British__Starts-50","17","58","0","P","7","14","P Offer","P Liability Signal: 5;P Files: 1;D Answers: 1;P Abandons: 1","5,1,1,1","0.089856731667024681","false","1000.0167397907876","1000.0167397907876","7","0.65","0","999.98787511025432","0.028864680533274623","false"
"Specification-ModerateRiskAversion__Cost-1__Fee-British__Starts-50","17","58","0","P","7","14","P Offer","P Liability Signal: 5;P Files: 1;D Answers: 1;P Abandons: 1","5,1,1,1","0.089856731667024681","false","1000.0167397907876","1000.0167397907876","8","0.75","0","999.98787511025432","0.028864680533274623","false"
"Specification-ModerateRiskAversion__Cost-1__Fee-British__Starts-50","17","58","0","P","7","14","P Offer","P Liability Signal: 5;P Files: 1;D Answers: 1;P Abandons: 1","5,1,1,1","0.089856731667024681","false","1000.0167397907876","1000.0167397907876","9","0.85","0","999.98787511025432","0.028864680533274623","false"
"Specification-ModerateRiskAversion__Cost-1__Fee-British__Starts-50","17","58","0","P","7","14","P Offer","P Liability Signal: 5;P Files: 1;D Answers: 1;P Abandons: 1","5,1,1,1","0.089856731667024681","false","1000.0167397907876","1000.0167397907876","10","0.95","0","999.98787511025432","0.028864680533274623","false"
"Specification-ModerateRiskAversion__Cost-1__Fee-British__Starts-50","17","59","0","P","7","14","P Offer","P Liability Signal: 5;P Files: 1;D Answers: 1;P Abandons: 2","5,1,1,2","0","true","","","1","0.05","0.10000000000000001","","",""
"Specification-ModerateRiskAversion__Cost-1__Fee-British__Starts-50","17","59","0","P","7","14","P Offer","P Liability Signal: 5;P Files: 1;D Answers: 1;P Abandons: 2","5,1,1,2","0","true","","","2","0.15","0.10000000000000001","","",""
"Specification-ModerateRiskAversion__Cost-1__Fee-British__Starts-50","17","59","0","P","7","14","P Offer","P Liability Signal: 5;P Files: 1;D Answers: 1;P Abandons: 2","5,1,1,2","0","true","","","3","0.25","0.10000000000000001","","",""
"Specification-ModerateRiskAversion__Cost-1__Fee-British__Starts-50","17","59","0","P","7","14","P Offer","P Liability Signal: 5;P Files: 1;D Answers: 1;P Abandons: 2","5,1,1,2","0","true","","","4","0.35","0.10000000000000001","","",""
"Specification-ModerateRiskAversion__Cost-1__Fee-British__Starts-50","17","59","0","P","7","14","P Offer","P Liability Signal: 5;P Files: 1;D Answers: 1;P Abandons: 2","5,1,1,2","0","true","","","5","0.45","0.10000000000000001","","",""
"Specification-ModerateRiskAversion__Cost-1__Fee-British__Starts-50","17","59","0","P","7","14","P Offer","P Liability Signal: 5;P Files: 1;D Answers: 1;P Abandons: 2","5,1,1,2","0","true","","","6","0.55","0.10000000000000001","","",""
"Specification-ModerateRiskAversion__Cost-1__Fee-British__Starts-50","17","59","0","P","7","14","P Offer","P Liability Signal: 5;P Files: 1;D Answers: 1;P Abandons: 2","5,1,1,2","0","true","","","7","0.65","0.10000000000000001","","",""
"Specification-ModerateRiskAversion__Cost-1__Fee-British__Starts-50","17","59","0","P","7","14","P Offer","P Liability Signal: 5;P Files: 1;D Answers: 1;P Abandons: 2","5,1,1,2","0","true","","","8","0.75","0.10000000000000001","","",""
"Specification-ModerateRiskAversion__Cost-1__Fee-British__Starts-50","17","59","0","P","7","14","P Offer","P Liability Signal: 5;P Files: 1;D Answers: 1;P Abandons: 2","5,1,1,2","0","true","","","9","0.85","0.10000000000000001","","",""
"Specification-ModerateRiskAversion__Cost-1__Fee-British__Starts-50","17","59","0","P","7","14","P Offer","P Liability Signal: 5;P Files: 1;D Answers: 1;P Abandons: 2","5,1,1,2","0","true","","","10","0.95","0.10000000000000001","","",""
"Specification-ModerateRiskAversion__Cost-1__Fee-British__Starts-50","17","60","0","P","2","9","P Files","P Liability Signal: 6","6","0.10759999999999999","false","1000.0664556708941","1000.0664556708941","1","Yes","1","1000.0664556708941","0","true"
"Specification-ModerateRiskAversion__Cost-1__Fee-British__Starts-50","17","60","0","P","2","9","P Files","P Liability Signal: 6","6","0.10759999999999999","false","1000.0664556708941","1000.0664556708941","2","No","0","999.99999964300014","0.066456027893991632","false"
"Specification-ModerateRiskAversion__Cost-1__Fee-British__Starts-50","17","61","0","P","5","20","P Abandons","P Liability Signal: 6;P Files: 1;D Answers: 1","6,1,1","0.079202443117417698","false","1000.0356085826164","1000.0356085826164","1","Yes","1","1000.0356085826164","0","true"
"Specification-ModerateRiskAversion__Cost-1__Fee-British__Starts-50","17","61","0","P","5","20","P Abandons","P Liability Signal: 6;P Files: 1;D Answers: 1","6,1,1","0.079202443117417698","false","1000.0356085826164","1000.0356085826164","2","No","0","999.98199753519395","0.053611047422464253","false"
"Specification-ModerateRiskAversion__Cost-1__Fee-British__Starts-50","17","62","0","P","7","14","P Offer","P Liability Signal: 6;P Files: 1;D Answers: 1;P Abandons: 1","6,1,1,1","0.079202443117417698","false","1000.0356085826164","1000.0356085826164","1","0.05","0","1000.0173860583685","0.018222524247903493","false"
"Specification-ModerateRiskAversion__Cost-1__Fee-British__Starts-50","17","62","0","P","7","14","P Offer","P Liability Signal: 6;P Files: 1;D Answers: 1;P Abandons: 1","6,1,1,1","0.079202443117417698","false","1000.0356085826164","1000.0356085826164","2","0.15","0","1000.0239747499512","0.01163383266521123","false"
"Specification-ModerateRiskAversion__Cost-1__Fee-British__Starts-50","17","62","0","P","7","14","P Offer","P Liability Signal: 6;P Files: 1;D Answers: 1;P Abandons: 1","6,1,1,1","0.079202443117417698","false","1000.0356085826164","1000.0356085826164","3","0.25","0","1000.0215922574428","0.014016325173656696","false"
"Specification-ModerateRiskAversion__Cost-1__Fee-British__Starts-50","17","62","0","P","7","14","P Offer","P Liability Signal: 6;P Files: 1;D Answers: 1;P Abandons: 1","6,1,1,1","0.079202443117417698","false","1000.0356085826164","1000.0356085826164","4","0.35","0","1000.024462965607","0.011145617009447051","false"
"Specification-ModerateRiskAversion__Cost-1__Fee-British__Starts-50","17","62","0","P","7","14","P Offer","P Liability Signal: 6;P Files: 1;D Answers: 1;P Abandons: 1","6,1,1,1","0.079202443117417698","false","1000.0356085826164","1000.0356085826164","5","0.45","0","1000.0303140792296","0.0052945033868354585","false"
"Specification-ModerateRiskAversion__Cost-1__Fee-British__Starts-50","17","62","0","P","7","14","P Offer","P Liability Signal: 6;P Files: 1;D Answers: 1;P Abandons: 1","6,1,1,1","0.079202443117417698","false","1000.0356085826164","1000.0356085826164","6","0.55","1","1000.0356085826164","0","true"
"Specification-ModerateRiskAversion__Cost-1__Fee-British__Starts-50","17","62","0","P","7","14","P Offer","P Liability Signal: 6;P Files: 1;D Answers: 1;P Abandons: 1","6,1,1,1","0.079202443117417698","false","1000.0356085826164","1000.0356085826164","7","0.65","0","1000.0001028851093","0.035505697507119294","false"
"Specification-ModerateRiskAversion__Cost-1__Fee-British__Starts-50","17","62","0","P","7","14","P Offer","P Liability Signal: 6;P Files: 1;D Answers: 1;P Abandons: 1","6,1,1,1","0.079202443117417698","false","1000.0356085826164","1000.0356085826164","8","0.75","0","1000.0001028851093","0.035505697507119294","false"
"Specification-ModerateRiskAversion__Cost-1__Fee-British__Starts-50","17","62","0","P","7","14","P Offer","P Liability Signal: 6;P Files: 1;D Answers: 1;P Abandons: 1","6,1,1,1","0.079202443117417698","false","1000.0356085826164","1000.0356085826164","9","0.85","0","1000.0001028851093","0.035505697507119294","false"
"Specification-ModerateRiskAversion__Cost-1__Fee-British__Starts-50","17","62","0","P","7","14","P Offer","P Liability Signal: 6;P Files: 1;D Answers: 1;P Abandons: 1","6,1,1,1","0.079202443117417698","false","1000.0356085826164","1000.0356085826164","10","0.95","0","1000.0001028851093","0.035505697507119294","false"
"Specification-ModerateRiskAversion__Cost-1__Fee-British__Starts-50","17","63","0","P","7","14","P Offer","P Liability Signal: 6;P Files: 1;D Answers: 1;P Abandons: 2","6,1,1,2","0","true","","","1","0.05","0.10000000000000001","","",""
"Specification-ModerateRiskAversion__Cost-1__Fee-British__Starts-50","17","63","0","P","7","14","P Offer","P Liability Signal: 6;P Files: 1;D Answers: 1;P Abandons: 2","6,1,1,2","0","true","","","2","0.15","0.10000000000000001","","",""
"Specification-ModerateRiskAversion__Cost-1__Fee-British__Starts-50","17","63","0","P","7","14","P Offer","P Liability Signal: 6;P Files: 1;D Answers: 1;P Abandons: 2","6,1,1,2","0","true","","","3","0.25","0.10000000000000001","","",""
"Specification-ModerateRiskAversion__Cost-1__Fee-British__Starts-50","17","63","0","P","7","14","P Offer","P Liability Signal: 6;P Files: 1;D Answers: 1;P Abandons: 2","6,1,1,2","0","true","","","4","0.35","0.10000000000000001","","",""
"Specification-ModerateRiskAversion__Cost-1__Fee-British__Starts-50","17","63","0","P","7","14","P Offer","P Liability Signal: 6;P Files: 1;D Answers: 1;P Abandons: 2","6,1,1,2","0","true","","","5","0.45","0.10000000000000001","","",""
"Specification-ModerateRiskAversion__Cost-1__Fee-British__Starts-50","17","63","0","P","7","14","P Offer","P Liability Signal: 6;P Files: 1;D Answers: 1;P Abandons: 2","6,1,1,2","0","true","","","6","0.55","0.10000000000000001","","",""
"Specification-ModerateRiskAversion__Cost-1__Fee-British__Starts-50","17","63","0","P","7","14","P Offer","P Liability Signal: 6;P Files: 1;D Answers: 1;P Abandons: 2","6,1,1,2","0","true","","","7","0.65","0.10000000000000001","","",""
"Specification-ModerateRiskAversion__Cost-1__Fee-British__Starts-50","17","63","0","P","7","14","P Offer","P Liability Signal: 6;P Files: 1;D Answers: 1;P Abandons: 2","6,1,1,2","0","true","","","8","0.75","0.10000000000000001","","",""
"Specification-ModerateRiskAversion__Cost-1__Fee-British__Starts-50","17","63","0","P","7","14","P Offer","P Liability Signal: 6;P Files: 1;D Answers: 1;P Abandons: 2","6,1,1,2","0","true","","","9","0.85","0.10000000000000001","","",""
"Specification-ModerateRiskAversion__Cost-1__Fee-British__Starts-50","17","63","0","P","7","14","P Offer","P Liability Signal: 6;P Files: 1;D Answers: 1;P Abandons: 2","6,1,1,2","0","true","","","10","0.95","0.10000000000000001","","",""
"Specification-ModerateRiskAversion__Cost-1__Fee-British__Starts-50","17","64","0","P","2","9","P Files","P Liability Signal: 7","7","0.10809999999999999","false","1000.0903799486492","1000.0903799486492","1","Yes","1","1000.0903799486492","0","true"
"Specification-ModerateRiskAversion__Cost-1__Fee-British__Starts-50","17","64","0","P","2","9","P Files","P Liability Signal: 7","7","0.10809999999999999","false","1000.0903799486492","1000.0903799486492","2","No","0","999.99999964300014","0.090380305649091497","false"
"Specification-ModerateRiskAversion__Cost-1__Fee-British__Starts-50","17","65","0","P","5","20","P Abandons","P Liability Signal: 7;P Files: 1;D Answers: 1","7,1,1","0.067378579645374942","false","1000.0528426553042","1000.0528426553044","1","Yes","0.91351986129451546","1000.0528426553044","0","true"
"Specification-ModerateRiskAversion__Cost-1__Fee-British__Starts-50","17","65","0","P","5","20","P Abandons","P Liability Signal: 7;P Files: 1;D Answers: 1","7,1,1","0.067378579645374942","false","1000.0528426553042","1000.0528426553044","2","No","0.086480138705484502","1000.0528426553044","0","true"
"Specification-ModerateRiskAversion__Cost-1__Fee-British__Starts-50","17","66","0","P","7","14","P Offer","P Liability Signal: 7;P Files: 1;D Answers: 1;P Abandons: 1","7,1,1,1","0.061551670731864384","false","1000.0528426553043","1000.0528426553043","1","0.05","0","1000.0257898341085","0.027052821195752585","false"
"Specification-ModerateRiskAversion__Cost-1__Fee-British__Starts-50","17","66","0","P","7","14","P Offer","P Liability Signal: 7;P Files: 1;D Answers: 1;P Abandons: 1","7,1,1,1","0.061551670731864384","false","1000.0528426553043","1000.0528426553043","2","0.15","0","1000.0348071894533","0.018035465850971377","false"
"Specification-ModerateRiskAversion__Cost-1__Fee-British__Starts-50","17","66","0","P","7","14","P Offer","P Liability Signal: 7;P Files: 1;D Answers: 1;P Abandons: 1","7,1,1,1","0.061551670731864384","false","1000.0528426553043","1000.0528426553043","3","0.25","0","1000.0353005030205","0.017542152283795076","false"
"Specification-ModerateRiskAversion__Cost-1__Fee-British__Starts-50","17","66","0","P","7","14","P Offer","P Liability Signal: 7;P Files: 1;D Answers: 1;P Abandons: 1","7,1,1,1","0.061551670731864384","false","1000.0528426553043","1000.0528426553043","4","0.35","0","1000.0397929613947","0.013049693909579219","false"
"Specification-ModerateRiskAversion__Cost-1__Fee-British__Starts-50","17","66","0","P","7","14","P Offer","P Liability Signal: 7;P Files: 1;D Answers: 1;P Abandons: 1","7,1,1,1","0.061551670731864384","false","1000.0528426553043","1000.0528426553043","5","0.45","0","1000.0466436581071","0.006198997197202516","false"
"Specification-ModerateRiskAversion__Cost-1__Fee-British__Starts-50","17","66","0","P","7","14","P Offer","P Liability Signal: 7;P Files: 1;D Answers: 1;P Abandons: 1","7,1,1,1","0.061551670731864384","false","1000.0528426553043","1000.0528426553043","6","0.55","1","1000.0528426553043","0","true"
"Specification-ModerateRiskAversion__Cost-1__Fee-British__Starts-50","17","66","0","P","7","14","P Offer","P Liability Signal: 7;P Files: 1;D Answers: 1;P Abandons: 1","7,1,1,1","0.061551670731864384","false","1000.0528426553043","1000.0528426553043","7","0.65","0","1000.0112712928467","0.041571362457602845","false"
"Specification-ModerateRiskAversion__Cost-1__Fee-British__Starts-50","17","66","0","P","7","14","P Offer","P Liability Signal: 7;P Files: 1;D Answers: 1;P Abandons: 1","7,1,1,1","0.061551670731864384","false","1000.0528426553043","1000.0528426553043","8","0.75","0","1000.0112712928467","0.041571362457602845","false"
"Specification-ModerateRiskAversion__Cost-1__Fee-British__Starts-50","17","66","0","P","7","14","P Offer","P Liability Signal: 7;P Files: 1;D Answers: 1;P Abandons: 1","7,1,1,1","0.061551670731864384","false","1000.0528426553043","1000.0528426553043","9","0.85","0","1000.0112712928467","0.041571362457602845","false"
"Specification-ModerateRiskAversion__Cost-1__Fee-British__Starts-50","17","66","0","P","7","14","P Offer","P Liability Signal: 7;P Files: 1;D Answers: 1;P Abandons: 1","7,1,1,1","0.061551670731864384","false","1000.0528426553043","1000.0528426553043","10","0.95","0","1000.0112712928467","0.041571362457602845","false"
"Specification-ModerateRiskAversion__Cost-1__Fee-British__Starts-50","17","67","0","P","7","14","P Offer","P Liability Signal: 7;P Files: 1;D Answers: 1;P Abandons: 2","7,1,1,2","0.0058269089135105593","false","1000.0528426553044","1000.0528426553044","1","0.05","0","1000.0257898341088","0.027052821195638899","false"
"Specification-ModerateRiskAversion__Cost-1__Fee-British__Starts-50","17","67","0","P","7","14","P Offer","P Liability Signal: 7;P Files: 1;D Answers: 1;P Abandons: 2","7,1,1,2","0.0058269089135105593","false","1000.0528426553044","1000.0528426553044","2","0.15","0","1000.0125529313456","0.040289723958835566","false"
"Specification-ModerateRiskAversion__Cost-1__Fee-British__Starts-50","17","67","0","P","7","14","P Offer","P Liability Signal: 7;P Files: 1;D Answers: 1;P Abandons: 2","7,1,1,2","0.0058269089135105593","false","1000.0528426553044","1000.0528426553044","3","0.25","0","1000.0025174877217","0.050325167582741415","false"
"Specification-ModerateRiskAversion__Cost-1__Fee-British__Starts-50","17","67","0","P","7","14","P Offer","P Liability Signal: 7;P Files: 1;D Answers: 1;P Abandons: 2","7,1,1,2","0.0058269089135105593","false","1000.0528426553044","1000.0528426553044","4","0.35","0","1000.0048210380054","0.048021617299013997","false"
"Specification-ModerateRiskAversion__Cost-1__Fee-British__Starts-50","17","67","0","P","7","14","P Offer","P Liability Signal: 7;P Files: 1;D Answers: 1;P Abandons: 2","7,1,1,2","0.0058269089135105593","false","1000.0528426553044","1000.0528426553044","5","0.45","0","1000.0116717347178","0.041170920586637294","false"
"Specification-ModerateRiskAversion__Cost-1__Fee-British__Starts-50","17","67","0","P","7","14","P Offer","P Liability Signal: 7;P Files: 1;D Answers: 1;P Abandons: 2","7,1,1,2","0.0058269089135105593","false","1000.0528426553044","1000.0528426553044","6","0.55","0","1000.0178707319149","0.034971923389548465","false"
"Specification-ModerateRiskAversion__Cost-1__Fee-British__Starts-50","17","67","0","P","7","14","P Offer","P Liability Signal: 7;P Files: 1;D Answers: 1;P Abandons: 2","7,1,1,2","0.0058269089135105593","false","1000.0528426553044","1000.0528426553044","7","0.65","0","1000.0528426553044","0","true"
"Specification-ModerateRiskAversion__Cost-1__Fee-British__Starts-50","17","67","0","P","7","14","P Offer","P Liability Signal: 7;P Files: 1;D Answers: 1;P Abandons: 2","7,1,1,2","0.0058269089135105593","false","1000.0528426553044","1000.0528426553044","8","0.75","1","1000.0528426553044","0","true"
"Specification-ModerateRiskAversion__Cost-1__Fee-British__Starts-50","17","67","0","P","7","14","P Offer","P Liability Signal: 7;P Files: 1;D Answers: 1;P Abandons: 2","7,1,1,2","0.0058269089135105593","false","1000.0528426553044","1000.0528426553044","9","0.85","0","1000.0528426553044","0","true"
"Specification-ModerateRiskAversion__Cost-1__Fee-British__Starts-50","17","67","0","P","7","14","P Offer","P Liability Signal: 7;P Files: 1;D Answers: 1;P Abandons: 2","7,1,1,2","0.0058269089135105593","false","1000.0528426553044","1000.0528426553044","10","0.95","0","1000.0528426553044","0","true"
"Specification-ModerateRiskAversion__Cost-1__Fee-British__Starts-50","17","68","0","P","2","9","P Files","P Liability Signal: 8","8","0.10618","false","1000.1221156499585","1000.1221156499585","1","Yes","1","1000.1221156499585","0","true"
"Specification-ModerateRiskAversion__Cost-1__Fee-British__Starts-50","17","68","0","P","2","9","P Files","P Liability Signal: 8","8","0.10618","false","1000.1221156499585","1000.1221156499585","2","No","0","999.99999964300014","0.12211600695832203","false"
"Specification-ModerateRiskAversion__Cost-1__Fee-British__Starts-50","17","69","0","P","5","20","P Abandons","P Liability Signal: 8;P Files: 1;D Answers: 1","8,1,1","0.054805572530855599","false","1000.0936429094858","1000.0936429094858","1","Yes","0","1000.0383333632815","0.055309546204284743","false"
"Specification-ModerateRiskAversion__Cost-1__Fee-British__Starts-50","17","69","0","P","5","20","P Abandons","P Liability Signal: 8;P Files: 1;D Answers: 1","8,1,1","0.054805572530855599","false","1000.0936429094858","1000.0936429094858","2","No","1","1000.0936429094858","0","true"
"Specification-ModerateRiskAversion__Cost-1__Fee-British__Starts-50","17","70","0","P","7","14","P Offer","P Liability Signal: 8;P Files: 1;D Answers: 1;P Abandons: 1","8,1,1,1","0","true","","","1","0.05","0.10000000000000001","","",""
"Specification-ModerateRiskAversion__Cost-1__Fee-British__Starts-50","17","70","0","P","7","14","P Offer","P Liability Signal: 8;P Files: 1;D Answers: 1;P Abandons: 1","8,1,1,1","0","true","","","2","0.15","0.10000000000000001","","",""
"Specification-ModerateRiskAversion__Cost-1__Fee-British__Starts-50","17","70","0","P","7","14","P Offer","P Liability Signal: 8;P Files: 1;D Answers: 1;P Abandons: 1","8,1,1,1","0","true","","","3","0.25","0.10000000000000001","","",""
"Specification-ModerateRiskAversion__Cost-1__Fee-British__Starts-50","17","70","0","P","7","14","P Offer","P Liability Signal: 8;P Files: 1;D Answers: 1;P Abandons: 1","8,1,1,1","0","true","","","4","0.35","0.10000000000000001","","",""
"Specification-ModerateRiskAversion__Cost-1__Fee-British__Starts-50","17","70","0","P","7","14","P Offer","P Liability Signal: 8;P Files: 1;D Answers: 1;P Abandons: 1","8,1,1,1","0","true","","","5","0.45","0.10000000000000001","","",""
"Specification-ModerateRiskAversion__Cost-1__Fee-British__Starts-50","17","70","0","P","7","14","P Offer","P Liability Signal: 8;P Files: 1;D Answers: 1;P Abandons: 1","8,1,1,1","0","true","","","6","0.55","0.10000000000000001","","",""
"Specification-ModerateRiskAversion__Cost-1__Fee-British__Starts-50","17","70","0","P","7","14","P Offer","P Liability Signal: 8;P Files: 1;D Answers: 1;P Abandons: 1","8,1,1,1","0","true","","","7","0.65","0.10000000000000001","","",""
"Specification-ModerateRiskAversion__Cost-1__Fee-British__Starts-50","17","70","0","P","7","14","P Offer","P Liability Signal: 8;P Files: 1;D Answers: 1;P Abandons: 1","8,1,1,1","0","true","","","8","0.75","0.10000000000000001","","",""
"Specification-ModerateRiskAversion__Cost-1__Fee-British__Starts-50","17","70","0","P","7","14","P Offer","P Liability Signal: 8;P Files: 1;D Answers: 1;P Abandons: 1","8,1,1,1","0","true","","","9","0.85","0.10000000000000001","","",""
"Specification-ModerateRiskAversion__Cost-1__Fee-British__Starts-50","17","70","0","P","7","14","P Offer","P Liability Signal: 8;P Files: 1;D Answers: 1;P Abandons: 1","8,1,1,1","0","true","","","10","0.95","0.10000000000000001","","",""
"Specification-ModerateRiskAversion__Cost-1__Fee-British__Starts-50","17","71","0","P","7","14","P Offer","P Liability Signal: 8;P Files: 1;D Answers: 1;P Abandons: 2","8,1,1,2","0.054805572530855599","false","1000.0936429094858","1000.0936429094855","1","0.05","0","1000.0325051101164","0.061137799369134882","false"
"Specification-ModerateRiskAversion__Cost-1__Fee-British__Starts-50","17","71","0","P","7","14","P Offer","P Liability Signal: 8;P Files: 1;D Answers: 1;P Abandons: 2","8,1,1,2","0.054805572530855599","false","1000.0936429094858","1000.0936429094855","2","0.15","0","1000.0339213306452","0.059721578840367329","false"
"Specification-ModerateRiskAversion__Cost-1__Fee-British__Starts-50","17","71","0","P","7","14","P Offer","P Liability Signal: 8;P Files: 1;D Answers: 1;P Abandons: 2","8,1,1,2","0.054805572530855599","false","1000.0936429094858","1000.0936429094855","3","0.25","0","1000.0343184641696","0.05932444531595138","false"
"Specification-ModerateRiskAversion__Cost-1__Fee-British__Starts-50","17","71","0","P","7","14","P Offer","P Liability Signal: 8;P Files: 1;D Answers: 1;P Abandons: 2","8,1,1,2","0.054805572530855599","false","1000.0936429094858","1000.0936429094855","4","0.35","0","1000.0398658499772","0.053777059508320235","false"
"Specification-ModerateRiskAversion__Cost-1__Fee-British__Starts-50","17","71","0","P","7","14","P Offer","P Liability Signal: 8;P Files: 1;D Answers: 1;P Abandons: 2","8,1,1,2","0.054805572530855599","false","1000.0936429094858","1000.0936429094855","5","0.45","0","1000.04753761002","0.046105299465580174","false"
"Specification-ModerateRiskAversion__Cost-1__Fee-British__Starts-50","17","71","0","P","7","14","P Offer","P Liability Signal: 8;P Files: 1;D Answers: 1;P Abandons: 2","8,1,1,2","0.054805572530855599","false","1000.0936429094858","1000.0936429094855","6","0.55","0","1000.0544795636631","0.039163345822430529","false"
"Specification-ModerateRiskAversion__Cost-1__Fee-British__Starts-50","17","71","0","P","7","14","P Offer","P Liability Signal: 8;P Files: 1;D Answers: 1;P Abandons: 2","8,1,1,2","0.054805572530855599","false","1000.0936429094858","1000.0936429094855","7","0.65","0","1000.0936429094855","0","true"
"Specification-ModerateRiskAversion__Cost-1__Fee-British__Starts-50","17","71","0","P","7","14","P Offer","P Liability Signal: 8;P Files: 1;D Answers: 1;P Abandons: 2","8,1,1,2","0.054805572530855599","false","1000.0936429094858","1000.0936429094855","8","0.75","0.44194301370535038","1000.0936429094855","0","true"
"Specification-ModerateRiskAversion__Cost-1__Fee-British__Starts-50","17","71","0","P","7","14","P Offer","P Liability Signal: 8;P Files: 1;D Answers: 1;P Abandons: 2","8,1,1,2","0.054805572530855599","false","1000.0936429094858","1000.0936429094855","9","0.85","0.55805698629464973","1000.0936429094855","0","true"
"Specification-ModerateRiskAversion__Cost-1__Fee-British__Starts-50","17","71","0","P","7","14","P Offer","P Liability Signal: 8;P Files: 1;D Answers: 1;P Abandons: 2","8,1,1,2","0.054805572530855599","false","1000.0936429094858","1000.0936429094855","10","0.95","0","1000.0936429094855","0","true"
"Specification-ModerateRiskAversion__Cost-1__Fee-British__Starts-50","17","72","0","P","2","9","P Files","P Liability Signal: 9","9","0.097680000000000003","false","1000.1384682575791","1000.1384682575791","1","Yes","1","1000.1384682575791","0","true"
"Specification-ModerateRiskAversion__Cost-1__Fee-British__Starts-50","17","72","0","P","2","9","P Files","P Liability Signal: 9","9","0.097680000000000003","false","1000.1384682575791","1000.1384682575791","2","No","0","999.99999964299991","0.13846861457921023","false"
"Specification-ModerateRiskAversion__Cost-1__Fee-British__Starts-50","17","73","0","P","5","20","P Abandons","P Liability Signal: 9;P Files: 1;D Answers: 1","9,1,1","0.041832006411224483","false","1000.1197484722279","1000.1197484722279","1","Yes","0","1000.0460100145498","0.073738457678132363","false"
"Specification-ModerateRiskAversion__Cost-1__Fee-British__Starts-50","17","73","0","P","5","20","P Abandons","P Liability Signal: 9;P Files: 1;D Answers: 1","9,1,1","0.041832006411224483","false","1000.1197484722279","1000.1197484722279","2","No","1","1000.1197484722279","0","true"
"Specification-ModerateRiskAversion__Cost-1__Fee-British__Starts-50","17","74","0","P","7","14","P Offer","P Liability Signal: 9;P Files: 1;D Answers: 1;P Abandons: 1","9,1,1,1","0","true","","","1","0.05","0.10000000000000001","","",""
"Specification-ModerateRiskAversion__Cost-1__Fee-British__Starts-50","17","74","0","P","7","14","P Offer","P Liability Signal: 9;P Files: 1;D Answers: 1;P Abandons: 1","9,1,1,1","0","true","","","2","0.15","0.10000000000000001","","",""
"Specification-ModerateRiskAversion__Cost-1__Fee-British__Starts-50","17","74","0","P","7","14","P Offer","P Liability Signal: 9;P Files: 1;D Answers: 1;P Abandons: 1","9,1,1,1","0","true","","","3","0.25","0.10000000000000001","","",""
"Specification-ModerateRiskAversion__Cost-1__Fee-British__Starts-50","17","74","0","P","7","14","P Offer","P Liability Signal: 9;P Files: 1;D Answers: 1;P Abandons: 1","9,1,1,1","0","true","","","4","0.35","0.10000000000000001","","",""
"Specification-ModerateRiskAversion__Cost-1__Fee-British__Starts-50","17","74","0","P","7","14","P Offer","P Liability Signal: 9;P Files: 1;D Answers: 1;P Abandons: 1","9,1,1,1","0","true","","","5","0.45","0.10000000000000001","","",""
"Specification-ModerateRiskAversion__Cost-1__Fee-British__Starts-50","17","74","0","P","7","14","P Offer","P Liability Signal: 9;P Files: 1;D Answers: 1;P Abandons: 1","9,1,1,1","0","true","","","6","0.55","0.10000000000000001","","",""
"Specification-ModerateRiskAversion__Cost-1__Fee-British__Starts-50","17","74","0","P","7","14","P Offer","P Liability Signal: 9;P Files: 1;D Answers: 1;P Abandons: 1","9,1,1,1","0","true","","","7","0.65","0.10000000000000001","","",""
"Specification-ModerateRiskAversion__Cost-1__Fee-British__Starts-50","17","74","0","P","7","14","P Offer","P Liability Signal: 9;P Files: 1;D Answers: 1;P Abandons: 1","9,1,1,1","0","true","","","8","0.75","0.10000000000000001","","",""
"Specification-ModerateRiskAversion__Cost-1__Fee-British__Starts-50","17","74","0","P","7","14","P Offer","P Liability Signal: 9;P Files: 1;D Answers: 1;P Abandons: 1","9,1,1,1","0","true","","","9","0.85","0.10000000000000001","","",""
"Specification-ModerateRiskAversion__Cost-1__Fee-British__Starts-50","17","74","0","P","7","14","P Offer","P Liability Signal: 9;P Files: 1;D Answers: 1;P Abandons: 1","9,1,1,1","0","true","","","10","0.95","0.10000000000000001","","",""
"Specification-ModerateRiskAversion__Cost-1__Fee-British__Starts-50","17","75","0","P","7","14","P Offer","P Liability Signal: 9;P Files: 1;D Answers: 1;P Abandons: 2","9,1,1,2","0.041832006411224483","false","1000.1197484722279","1000.1197484722279","1","0.05","0","1000.0374195056745","0.082328966553404825","false"
"Specification-ModerateRiskAversion__Cost-1__Fee-British__Starts-50","17","75","0","P","7","14","P Offer","P Liability Signal: 9;P Files: 1;D Answers: 1;P Abandons: 2","9,1,1,2","0.041832006411224483","false","1000.1197484722279","1000.1197484722279","2","0.15","0","1000.0465015415837","0.073246930644245367","false"
"Specification-ModerateRiskAversion__Cost-1__Fee-British__Starts-50","17","75","0","P","7","14","P Offer","P Liability Signal: 9;P Files: 1;D Answers: 1;P Abandons: 2","9,1,1,2","0.041832006411224483","false","1000.1197484722279","1000.1197484722279","3","0.25","0","1000.0537944395984","0.065954032629520043","false"
"Specification-ModerateRiskAversion__Cost-1__Fee-British__Starts-50","17","75","0","P","7","14","P Offer","P Liability Signal: 9;P Files: 1;D Answers: 1;P Abandons: 2","9,1,1,2","0.041832006411224483","false","1000.1197484722279","1000.1197484722279","4","0.35","0","1000.0616536724305","0.058094799797459018","false"
"Specification-ModerateRiskAversion__Cost-1__Fee-British__Starts-50","17","75","0","P","7","14","P Offer","P Liability Signal: 9;P Files: 1;D Answers: 1;P Abandons: 2","9,1,1,2","0.041832006411224483","false","1000.1197484722279","1000.1197484722279","5","0.45","0","1000.0699413952595","0.049807076968363617","false"
"Specification-ModerateRiskAversion__Cost-1__Fee-British__Starts-50","17","75","0","P","7","14","P Offer","P Liability Signal: 9;P Files: 1;D Answers: 1;P Abandons: 2","9,1,1,2","0.041832006411224483","false","1000.1197484722279","1000.1197484722279","6","0.55","0","1000.0774407158024","0.04230775642554363","false"
"Specification-ModerateRiskAversion__Cost-1__Fee-British__Starts-50","17","75","0","P","7","14","P Offer","P Liability Signal: 9;P Files: 1;D Answers: 1;P Abandons: 2","9,1,1,2","0.041832006411224483","false","1000.1197484722279","1000.1197484722279","7","0.65","0","1000.1197484722279","0","true"
"Specification-ModerateRiskAversion__Cost-1__Fee-British__Starts-50","17","75","0","P","7","14","P Offer","P Liability Signal: 9;P Files: 1;D Answers: 1;P Abandons: 2","9,1,1,2","0.041832006411224483","false","1000.1197484722279","1000.1197484722279","8","0.75","0","1000.1197484722279","0","true"
"Specification-ModerateRiskAversion__Cost-1__Fee-British__Starts-50","17","75","0","P","7","14","P Offer","P Liability Signal: 9;P Files: 1;D Answers: 1;P Abandons: 2","9,1,1,2","0.041832006411224483","false","1000.1197484722279","1000.1197484722279","9","0.85","0.025772805276267029","1000.1197484722279","0","true"
"Specification-ModerateRiskAversion__Cost-1__Fee-British__Starts-50","17","75","0","P","7","14","P Offer","P Liability Signal: 9;P Files: 1;D Answers: 1;P Abandons: 2","9,1,1,2","0.041832006411224483","false","1000.1197484722279","1000.1197484722279","10","0.95","0.97422719472373298","1000.1197484722279","0","true"
"Specification-ModerateRiskAversion__Cost-1__Fee-British__Starts-50","17","76","0","P","2","9","P Files","P Liability Signal: 10","10","0.080430000000000001","false","1000.1461283917506","1000.1461283917506","1","Yes","1","1000.1461283917506","0","true"
"Specification-ModerateRiskAversion__Cost-1__Fee-British__Starts-50","17","76","0","P","2","9","P Files","P Liability Signal: 10","10","0.080430000000000001","false","1000.1461283917506","1000.1461283917506","2","No","0","999.99999964300002","0.14612874875058424","false"
"Specification-ModerateRiskAversion__Cost-1__Fee-British__Starts-50","17","77","0","P","5","20","P Abandons","P Liability Signal: 10;P Files: 1;D Answers: 1","10,1,1","0.029178544463734579","false","1000.1349543702794","1000.1349543702794","1","Yes","0","1000.0513233361819","0.083631034097493284","false"
"Specification-ModerateRiskAversion__Cost-1__Fee-British__Starts-50","17","77","0","P","5","20","P Abandons","P Liability Signal: 10;P Files: 1;D Answers: 1","10,1,1","0.029178544463734579","false","1000.1349543702794","1000.1349543702794","2","No","1","1000.1349543702794","0","true"
"Specification-ModerateRiskAversion__Cost-1__Fee-British__Starts-50","17","78","0","P","7","14","P Offer","P Liability Signal: 10;P Files: 1;D Answers: 1;P Abandons: 1","10,1,1,1","0","true","","","1","0.05","0.10000000000000001","","",""
"Specification-ModerateRiskAversion__Cost-1__Fee-British__Starts-50","17","78","0","P","7","14","P Offer","P Liability Signal: 10;P Files: 1;D Answers: 1;P Abandons: 1","10,1,1,1","0","true","","","2","0.15","0.10000000000000001","","",""
"Specification-ModerateRiskAversion__Cost-1__Fee-British__Starts-50","17","78","0","P","7","14","P Offer","P Liability Signal: 10;P Files: 1;D Answers: 1;P Abandons: 1","10,1,1,1","0","true","","","3","0.25","0.10000000000000001","","",""
"Specification-ModerateRiskAversion__Cost-1__Fee-British__Starts-50","17","78","0","P","7","14","P Offer","P Liability Signal: 10;P Files: 1;D Answers: 1;P Abandons: 1","10,1,1,1","0","true","","","4","0.35","0.10000000000000001","","",""
"Specification-ModerateRiskAversion__Cost-1__Fee-British__Starts-50","17","78","0","P","7","14","P Offer","P Liability Signal: 10;P Files: 1;D Answers: 1;P Abandons: 1","10,1,1,1","0","true","","","5","0.45","0.10000000000000001","","",""
"Specification-ModerateRiskAversion__Cost-1__Fee-British__Starts-50","17","78","0","P","7","14","P Offer","P Liability Signal: 10;P Files: 1;D Answers: 1;P Abandons: 1","10,1,1,1","0","true","","","6","0.55","0.10000000000000001","","",""
"Specification-ModerateRiskAversion__Cost-1__Fee-British__Starts-50","17","78","0","P","7","14","P Offer","P Liability Signal: 10;P Files: 1;D Answers: 1;P Abandons: 1","10,1,1,1","0","true","","","7","0.65","0.10000000000000001","","",""
"Specification-ModerateRiskAversion__Cost-1__Fee-British__Starts-50","17","78","0","P","7","14","P Offer","P Liability Signal: 10;P Files: 1;D Answers: 1;P Abandons: 1","10,1,1,1","0","true","","","8","0.75","0.10000000000000001","","",""
"Specification-ModerateRiskAversion__Cost-1__Fee-British__Starts-50","17","78","0","P","7","14","P Offer","P Liability Signal: 10;P Files: 1;D Answers: 1;P Abandons: 1","10,1,1,1","0","true","","","9","0.85","0.10000000000000001","","",""
"Specification-ModerateRiskAversion__Cost-1__Fee-British__Starts-50","17","78","0","P","7","14","P Offer","P Liability Signal: 10;P Files: 1;D Answers: 1;P Abandons: 1","10,1,1,1","0","true","","","10","0.95","0.10000000000000001","","",""
"Specification-ModerateRiskAversion__Cost-1__Fee-British__Starts-50","17","79","0","P","7","14","P Offer","P Liability Signal: 10;P Files: 1;D Answers: 1;P Abandons: 2","10,1,1,2","0.029178544463734579","false","1000.1349543702794","1000.1349543702794","1","0.05","0","1000.0407696605008","0.094184709778573961","false"
"Specification-ModerateRiskAversion__Cost-1__Fee-British__Starts-50","17","79","0","P","7","14","P Offer","P Liability Signal: 10;P Files: 1;D Answers: 1;P Abandons: 2","10,1,1,2","0.029178544463734579","false","1000.1349543702794","1000.1349543702794","2","0.15","0","1000.0533187127782","0.081635657501237802","false"
"Specification-ModerateRiskAversion__Cost-1__Fee-British__Starts-50","17","79","0","P","7","14","P Offer","P Liability Signal: 10;P Files: 1;D Answers: 1;P Abandons: 2","10,1,1,2","0.029178544463734579","false","1000.1349543702794","1000.1349543702794","3","0.25","0","1000.0645408449379","0.070413525341450622","false"
"Specification-ModerateRiskAversion__Cost-1__Fee-British__Starts-50","17","79","0","P","7","14","P Offer","P Liability Signal: 10;P Files: 1;D Answers: 1;P Abandons: 2","10,1,1,2","0.029178544463734579","false","1000.1349543702794","1000.1349543702794","4","0.35","0","1000.0738526561369","0.061101714142523633","false"
"Specification-ModerateRiskAversion__Cost-1__Fee-British__Starts-50","17","79","0","P","7","14","P Offer","P Liability Signal: 10;P Files: 1;D Answers: 1;P Abandons: 2","10,1,1,2","0.029178544463734579","false","1000.1349543702794","1000.1349543702794","5","0.45","0","1000.0825693411581","0.052385029121296611","false"
"Specification-ModerateRiskAversion__Cost-1__Fee-British__Starts-50","17","79","0","P","7","14","P Offer","P Liability Signal: 10;P Files: 1;D Answers: 1;P Abandons: 2","10,1,1,2","0.029178544463734579","false","1000.1349543702794","1000.1349543702794","6","0.55","0","1000.0904568171743","0.044497553105088627","false"
"Specification-ModerateRiskAversion__Cost-1__Fee-British__Starts-50","17","79","0","P","7","14","P Offer","P Liability Signal: 10;P Files: 1;D Answers: 1;P Abandons: 2","10,1,1,2","0.029178544463734579","false","1000.1349543702794","1000.1349543702794","7","0.65","0","1000.1349543702794","0","true"
"Specification-ModerateRiskAversion__Cost-1__Fee-British__Starts-50","17","79","0","P","7","14","P Offer","P Liability Signal: 10;P Files: 1;D Answers: 1;P Abandons: 2","10,1,1,2","0.029178544463734579","false","1000.1349543702794","1000.1349543702794","8","0.75","0","1000.1349543702794","0","true"
"Specification-ModerateRiskAversion__Cost-1__Fee-British__Starts-50","17","79","0","P","7","14","P Offer","P Liability Signal: 10;P Files: 1;D Answers: 1;P Abandons: 2","10,1,1,2","0.029178544463734579","false","1000.1349543702794","1000.1349543702794","9","0.85","0","1000.1349543702794","0","true"
"Specification-ModerateRiskAversion__Cost-1__Fee-British__Starts-50","17","79","0","P","7","14","P Offer","P Liability Signal: 10;P Files: 1;D Answers: 1;P Abandons: 2","10,1,1,2","0.029178544463734579","false","1000.1349543702794","1000.1349543702794","10","0.95","1","1000.1349543702794","0","true"
"Specification-ModerateRiskAversion__Cost-1__Fee-British__Starts-50","17","1","1","D","3","10","D Answers","D Liability Signal: 1;P Files: 1","1,1","0.026063808599999998","false","999.85711905581411","999.85711905581411","1","Yes","1","999.85711905581411","0","true"
"Specification-ModerateRiskAversion__Cost-1__Fee-British__Starts-50","17","1","1","D","3","10","D Answers","D Liability Signal: 1;P Files: 1","1,1","0.026063808599999998","false","999.85711905581411","999.85711905581411","2","No","0","998.80795866640028","1.0491603894138279","false"
"Specification-ModerateRiskAversion__Cost-1__Fee-British__Starts-50","17","3","1","D","6","21","D Defaults","D Liability Signal: 1;P Files: 1;D Answers: 1","1,1,1","0.026063808599999995","false","999.85711905581434","999.85711905581434","1","Yes","0","999.15126626093854","0.70585279487579555","false"
"Specification-ModerateRiskAversion__Cost-1__Fee-British__Starts-50","17","3","1","D","6","21","D Defaults","D Liability Signal: 1;P Files: 1;D Answers: 1","1,1,1","0.026063808599999995","false","999.85711905581434","999.85711905581434","2","No","1","999.85711905581434","0","true"
"Specification-ModerateRiskAversion__Cost-1__Fee-British__Starts-50","17","5","1","D","8","15","D Offer","D Liability Signal: 1;P Files: 1;D Answers: 1;D Defaults: 1","1,1,1,1","0","true","","","1","0.05","0.10000000000000001","","",""
"Specification-ModerateRiskAversion__Cost-1__Fee-British__Starts-50","17","5","1","D","8","15","D Offer","D Liability Signal: 1;P Files: 1;D Answers: 1;D Defaults: 1","1,1,1,1","0","true","","","2","0.15","0.10000000000000001","","",""
"Specification-ModerateRiskAversion__Cost-1__Fee-British__Starts-50","17","5","1","D","8","15","D Offer","D Liability Signal: 1;P Files: 1;D Answers: 1;D Defaults: 1","1,1,1,1","0","true","","","3","0.25","0.10000000000000001","","",""
"Specification-ModerateRiskAversion__Cost-1__Fee-British__Starts-50","17","5","1","D","8","15","D Offer","D Liability Signal: 1;P Files: 1;D Answers: 1;D Defaults: 1","1,1,1,1","0","true","","","4","0.35","0.10000000000000001","","",""
"Specification-ModerateRiskAversion__Cost-1__Fee-British__Starts-50","17","5","1","D","8","15","D Offer","D Liability Signal: 1;P Files: 1;D Answers: 1;D Defaults: 1","1,1,1,1","0","true","","","5","0.45","0.10000000000000001","","",""
"Specification-ModerateRiskAversion__Cost-1__Fee-British__Starts-50","17","5","1","D","8","15","D Offer","D Liability Signal: 1;P Files: 1;D Answers: 1;D Defaults: 1","1,1,1,1","0","true","","","6","0.55","0.10000000000000001","","",""
"Specification-ModerateRiskAversion__Cost-1__Fee-British__Starts-50","17","5","1","D","8","15","D Offer","D Liability Signal: 1;P Files: 1;D Answers: 1;D Defaults: 1","1,1,1,1","0","true","","","7","0.65","0.10000000000000001","","",""
"Specification-ModerateRiskAversion__Cost-1__Fee-British__Starts-50","17","5","1","D","8","15","D Offer","D Liability Signal: 1;P Files: 1;D Answers: 1;D Defaults: 1","1,1,1,1","0","true","","","8","0.75","0.10000000000000001","","",""
"Specification-ModerateRiskAversion__Cost-1__Fee-British__Starts-50","17","5","1","D","8","15","D Offer","D Liability Signal: 1;P Files: 1;D Answers: 1;D Defaults: 1","1,1,1,1","0","true","","","9","0.85","0.10000000000000001","","",""
"Specification-ModerateRiskAversion__Cost-1__Fee-British__Starts-50","17","5","1","D","8","15","D Offer","D Liability Signal: 1;P Files: 1;D Answers: 1;D Defaults: 1","1,1,1,1","0","true","","","10","0.95","0.10000000000000001","","",""
"Specification-ModerateRiskAversion__Cost-1__Fee-British__Starts-50","17","6","1","D","8","15","D Offer","D Liability Signal: 1;P Files: 1;D Answers: 1;D Defaults: 2","1,1,1,2","0.026063808599999995","false","999.85711905581445","999.85711905581445","1","0.05","1","999.85711905581445","0","true"
"Specification-ModerateRiskAversion__Cost-1__Fee-British__Starts-50","17","6","1","D","8","15","D Offer","D Liability Signal: 1;P Files: 1;D Answers: 1;D Defaults: 2","1,1,1,2","0.026063808599999995","false","999.85711905581445","999.85711905581445","2","0.15","0","999.85711905581445","0","true"
"Specification-ModerateRiskAversion__Cost-1__Fee-British__Starts-50","17","6","1","D","8","15","D Offer","D Liability Signal: 1;P Files: 1;D Answers: 1;D Defaults: 2","1,1,1,2","0.026063808599999995","false","999.85711905581445","999.85711905581445","3","0.25","0","999.85711905581445","0","true"
"Specification-ModerateRiskAversion__Cost-1__Fee-British__Starts-50","17","6","1","D","8","15","D Offer","D Liability Signal: 1;P Files: 1;D Answers: 1;D Defaults: 2","1,1,1,2","0.026063808599999995","false","999.85711905581445","999.85711905581445","4","0.35","0","999.85711905581445","0","true"
"Specification-ModerateRiskAversion__Cost-1__Fee-British__Starts-50","17","6","1","D","8","15","D Offer","D Liability Signal: 1;P Files: 1;D Answers: 1;D Defaults: 2","1,1,1,2","0.026063808599999995","false","999.85711905581445","999.85711905581445","5","0.45","0","999.85711905581445","0","true"
"Specification-ModerateRiskAversion__Cost-1__Fee-British__Starts-50","17","6","1","D","8","15","D Offer","D Liability Signal: 1;P Files: 1;D Answers: 1;D Defaults: 2","1,1,1,2","0.026063808599999995","false","999.85711905581445","999.85711905581445","6","0.55","0","999.37900585397085","0.47811320184359829","false"
"Specification-ModerateRiskAversion__Cost-1__Fee-British__Starts-50","17","6","1","D","8","15","D Offer","D Liability Signal: 1;P Files: 1;D Answers: 1;D Defaults: 2","1,1,1,2","0.026063808599999995","false","999.85711905581445","999.85711905581445","7","0.65","0","999.30364803491273","0.55347102090172484","false"
"Specification-ModerateRiskAversion__Cost-1__Fee-British__Starts-50","17","6","1","D","8","15","D Offer","D Liability Signal: 1;P Files: 1;D Answers: 1;D Defaults: 2","1,1,1,2","0.026063808599999995","false","999.85711905581445","999.85711905581445","8","0.75","0","999.22793177085146","0.62918728496299536","false"
"Specification-ModerateRiskAversion__Cost-1__Fee-British__Starts-50","17","6","1","D","8","15","D Offer","D Liability Signal: 1;P Files: 1;D Answers: 1;D Defaults: 2","1,1,1,2","0.026063808599999995","false","999.85711905581445","999.85711905581445","9","0.85","0","999.1377856178276","0.71933343798684746","false"
"Specification-ModerateRiskAversion__Cost-1__Fee-British__Starts-50","17","6","1","D","8","15","D Offer","D Liability Signal: 1;P Files: 1;D Answers: 1;D Defaults: 2","1,1,1,2","0.026063808599999995","false","999.85711905581445","999.85711905581445","10","0.95","0","999.03736638509713","0.81975267071732105","false"
"Specification-ModerateRiskAversion__Cost-1__Fee-British__Starts-50","17","8","1","D","3","10","D Answers","D Liability Signal: 2;P Files: 1","2,1","0.038168922899999999","false","999.78303911756586","999.78303911756586","1","Yes","1","999.78303911756586","0","true"
"Specification-ModerateRiskAversion__Cost-1__Fee-British__Starts-50","17","8","1","D","3","10","D Answers","D Liability Signal: 2;P Files: 1","2,1","0.038168922899999999","false","999.78303911756586","999.78303911756586","2","No","0","998.80795866640005","0.97508045116580888","false"
"Specification-ModerateRiskAversion__Cost-1__Fee-British__Starts-50","17","9","1","D","6","21","D Defaults","D Liability Signal: 2;P Files: 1;D Answers: 1","2,1,1","0.038168922899999992","false","999.78303911756609","999.78303911756609","1","Yes","0","999.12933976636714","0.65369935119895217","false"
"Specification-ModerateRiskAversion__Cost-1__Fee-British__Starts-50","17","9","1","D","6","21","D Defaults","D Liability Signal: 2;P Files: 1;D Answers: 1","2,1,1","0.038168922899999992","false","999.78303911756609","999.78303911756609","2","No","1","999.78303911756609","0","true"
"Specification-ModerateRiskAversion__Cost-1__Fee-British__Starts-50","17","10","1","D","8","15","D Offer","D Liability Signal: 2;P Files: 1;D Answers: 1;D Defaults: 1","2,1,1,1","0","true","","","1","0.05","0.10000000000000001","","",""
"Specification-ModerateRiskAversion__Cost-1__Fee-British__Starts-50","17","10","1","D","8","15","D Offer","D Liability Signal: 2;P Files: 1;D Answers: 1;D Defaults: 1","2,1,1,1","0","true","","","2","0.15","0.10000000000000001","","",""
"Specification-ModerateRiskAversion__Cost-1__Fee-British__Starts-50","17","10","1","D","8","15","D Offer","D Liability Signal: 2;P Files: 1;D Answers: 1;D Defaults: 1","2,1,1,1","0","true","","","3","0.25","0.10000000000000001","","",""
"Specification-ModerateRiskAversion__Cost-1__Fee-British__Starts-50","17","10","1","D","8","15","D Offer","D Liability Signal: 2;P Files: 1;D Answers: 1;D Defaults: 1","2,1,1,1","0","true","","","4","0.35","0.10000000000000001","","",""
"Specification-ModerateRiskAversion__Cost-1__Fee-British__Starts-50","17","10","1","D","8","15","D Offer","D Liability Signal: 2;P Files: 1;D Answers: 1;D Defaults: 1","2,1,1,1","0","true","","","5","0.45","0.10000000000000001","","",""
"Specification-ModerateRiskAversion__Cost-1__Fee-British__Starts-50","17","10","1","D","8","15","D Offer","D Liability Signal: 2;P Files: 1;D Answers: 1;D Defaults: 1","2,1,1,1","0","true","","","6","0.55","0.10000000000000001","","",""
"Specification-ModerateRiskAversion__Cost-1__Fee-British__Starts-50","17","10","1","D","8","15","D Offer","D Liability Signal: 2;P Files: 1;D Answers: 1;D Defaults: 1","2,1,1,1","0","true","","","7","0.65","0.10000000000000001","","",""
"Specification-ModerateRiskAversion__Cost-1__Fee-British__Starts-50","17","10","1","D","8","15","D Offer","D Liability Signal: 2;P Files: 1;D Answers: 1;D Defaults: 1","2,1,1,1","0","true","","","8","0.75","0.10000000000000001","","",""
"Specification-ModerateRiskAversion__Cost-1__Fee-British__Starts-50","17","10","1","D","8","15","D Offer","D Liability Signal: 2;P Files: 1;D Answers: 1;D Defaults: 1","2,1,1,1","0","true","","","9","0.85","0.10000000000000001","","",""
"Specification-ModerateRiskAversion__Cost-1__Fee-British__Starts-50","17","10","1","D","8","15","D Offer","D Liability Signal: 2;P Files: 1;D Answers: 1;D Defaults: 1","2,1,1,1","0","true","","","10","0.95","0.10000000000000001","","",""
"Specification-ModerateRiskAversion__Cost-1__Fee-British__Starts-50","17","11","1","D","8","15","D Offer","D Liability Signal: 2;P Files: 1;D Answers: 1;D Defaults: 2","2,1,1,2","0.038168922899999992","false","999.78303911756586","999.78303911756586","1","0.05","1","999.78303911756586","0","true"
"Specification-ModerateRiskAversion__Cost-1__Fee-British__Starts-50","17","11","1","D","8","15","D Offer","D Liability Signal: 2;P Files: 1;D Answers: 1;D Defaults: 2","2,1,1,2","0.038168922899999992","false","999.78303911756586","999.78303911756586","2","0.15","0","999.78303911756586","0","true"
"Specification-ModerateRiskAversion__Cost-1__Fee-British__Starts-50","17","11","1","D","8","15","D Offer","D Liability Signal: 2;P Files: 1;D Answers: 1;D Defaults: 2","2,1,1,2","0.038168922899999992","false","999.78303911756586","999.78303911756586","3","0.25","0","999.78303911756586","0","true"
"Specification-ModerateRiskAversion__Cost-1__Fee-British__Starts-50","17","11","1","D","8","15","D Offer","D Liability Signal: 2;P Files: 1;D Answers: 1;D Defaults: 2","2,1,1,2","0.038168922899999992","false","999.78303911756586","999.78303911756586","4","0.35","0","999.78303911756586","0","true"
"Specification-ModerateRiskAversion__Cost-1__Fee-British__Starts-50","17","11","1","D","8","15","D Offer","D Liability Signal: 2;P Files: 1;D Answers: 1;D Defaults: 2","2,1,1,2","0.038168922899999992","false","999.78303911756586","999.78303911756586","5","0.45","0","999.78303911756586","0","true"
"Specification-ModerateRiskAversion__Cost-1__Fee-British__Starts-50","17","11","1","D","8","15","D Offer","D Liability Signal: 2;P Files: 1;D Answers: 1;D Defaults: 2","2,1,1,2","0.038168922899999992","false","999.78303911756586","999.78303911756586","6","0.55","0","999.31906687572064","0.46397224184522656","false"
"Specification-ModerateRiskAversion__Cost-1__Fee-British__Starts-50","17","11","1","D","8","15","D Offer","D Liability Signal: 2;P Files: 1;D Answers: 1;D Defaults: 2","2,1,1,2","0.038168922899999992","false","999.78303911756586","999.78303911756586","7","0.65","0","999.24593788427217","0.53710123329369708","false"
"Specification-ModerateRiskAversion__Cost-1__Fee-British__Starts-50","17","11","1","D","8","15","D Offer","D Liability Signal: 2;P Files: 1;D Answers: 1;D Defaults: 2","2,1,1,2","0.038168922899999992","false","999.78303911756586","999.78303911756586","8","0.75","0","999.18601713159387","0.59702198597199185","false"
"Specification-ModerateRiskAversion__Cost-1__Fee-British__Starts-50","17","11","1","D","8","15","D Offer","D Liability Signal: 2;P Files: 1;D Answers: 1;D Defaults: 2","2,1,1,2","0.038168922899999992","false","999.78303911756586","999.78303911756586","9","0.85","0","999.10919438257963","0.67384473498623265","false"
"Specification-ModerateRiskAversion__Cost-1__Fee-British__Starts-50","17","11","1","D","8","15","D Offer","D Liability Signal: 2;P Files: 1;D Answers: 1;D Defaults: 2","2,1,1,2","0.038168922899999992","false","999.78303911756586","999.78303911756586","10","0.95","0","999.0255525333497","0.7574865842161671","false"
"Specification-ModerateRiskAversion__Cost-1__Fee-British__Starts-50","17","12","1","D","3","10","D Answers","D Liability Signal: 3;P Files: 1","3,1","0.051125828400000004","false","999.64958149212055","999.64958149212055","1","Yes","1","999.64958149212055","0","true"
"Specification-ModerateRiskAversion__Cost-1__Fee-British__Starts-50","17","12","1","D","3","10","D Answers","D Liability Signal: 3;P Files: 1","3,1","0.051125828400000004","false","999.64958149212055","999.64958149212055","2","No","0","998.80795866639994","0.84162282572060576","false"
"Specification-ModerateRiskAversion__Cost-1__Fee-British__Starts-50","17","13","1","D","6","21","D Defaults","D Liability Signal: 3;P Files: 1;D Answers: 1","3,1,1","0.051125828400000004","false","999.64958149212055","999.64958149212055","1","Yes","0","999.09531456656464","0.55426692555590762","false"
"Specification-ModerateRiskAversion__Cost-1__Fee-British__Starts-50","17","13","1","D","6","21","D Defaults","D Liability Signal: 3;P Files: 1;D Answers: 1","3,1,1","0.051125828400000004","false","999.64958149212055","999.64958149212055","2","No","1","999.64958149212055","0","true"
"Specification-ModerateRiskAversion__Cost-1__Fee-British__Starts-50","17","14","1","D","8","15","D Offer","D Liability Signal: 3;P Files: 1;D Answers: 1;D Defaults: 1","3,1,1,1","0","true","","","1","0.05","0.10000000000000001","","",""
"Specification-ModerateRiskAversion__Cost-1__Fee-British__Starts-50","17","14","1","D","8","15","D Offer","D Liability Signal: 3;P Files: 1;D Answers: 1;D Defaults: 1","3,1,1,1","0","true","","","2","0.15","0.10000000000000001","","",""
"Specification-ModerateRiskAversion__Cost-1__Fee-British__Starts-50","17","14","1","D","8","15","D Offer","D Liability Signal: 3;P Files: 1;D Answers: 1;D Defaults: 1","3,1,1,1","0","true","","","3","0.25","0.10000000000000001","","",""
"Specification-ModerateRiskAversion__Cost-1__Fee-British__Starts-50","17","14","1","D","8","15","D Offer","D Liability Signal: 3;P Files: 1;D Answers: 1;D Defaults: 1","3,1,1,1","0","true","","","4","0.35","0.10000000000000001","","",""
"Specification-ModerateRiskAversion__Cost-1__Fee-British__Starts-50","17","14","1","D","8","15","D Offer","D Liability Signal: 3;P Files: 1;D Answers: 1;D Defaults: 1","3,1,1,1","0","true","","","5","0.45","0.10000000000000001","","",""
"Specification-ModerateRiskAversion__Cost-1__Fee-British__Starts-50","17","14","1","D","8","15","D Offer","D Liability Signal: 3;P Files: 1;D Answers: 1;D Defaults: 1","3,1,1,1","0","true","","","6","0.55","0.10000000000000001","","",""
"Specification-ModerateRiskAversion__Cost-1__Fee-British__Starts-50","17","14","1","D","8","15","D Offer","D Liability Signal: 3;P Files: 1;D Answers: 1;D Defaults: 1","3,1,1,1","0","true","","","7","0.65","0.10000000000000001","","",""
"Specification-ModerateRiskAversion__Cost-1__Fee-British__Starts-50","17","14","1","D","8","15","D Offer","D Liability Signal: 3;P Files: 1;D Answers: 1;D Defaults: 1","3,1,1,1","0","true","","","8","0.75","0.10000000000000001","","",""
"Specification-ModerateRiskAversion__Cost-1__Fee-British__Starts-50","17","14","1","D","8","15","D Offer","D Liability Signal: 3;P Files: 1;D Answers: 1;D Defaults: 1","3,1,1,1","0","true","","","9","0.85","0.10000000000000001","","",""
"Specification-ModerateRiskAversion__Cost-1__Fee-British__Starts-50","17","14","1","D","8","15","D Offer","D Liability Signal: 3;P Files: 1;D Answers: 1;D Defaults: 1","3,1,1,1","0","true","","","10","0.95","0.10000000000000001","","",""
"Specification-ModerateRiskAversion__Cost-1__Fee-British__Starts-50","17","15","1","D","8","15","D Offer","D Liability Signal: 3;P Files: 1;D Answers: 1;D Defaults: 2","3,1,1,2","0.051125828400000004","false","999.64958149212055","999.64958149212055","1","0.05","0.67623218504263827","999.64958149212055","0","true"
"Specification-ModerateRiskAversion__Cost-1__Fee-British__Starts-50","17","15","1","D","8","15","D Offer","D Liability Signal: 3;P Files: 1;D Answers: 1;D Defaults: 2","3,1,1,2","0.051125828400000004","false","999.64958149212055","999.64958149212055","2","0.15","0.32376781495736179","999.64958149212055","0","true"
"Specification-ModerateRiskAversion__Cost-1__Fee-British__Starts-50","17","15","1","D","8","15","D Offer","D Liability Signal: 3;P Files: 1;D Answers: 1;D Defaults: 2","3,1,1,2","0.051125828400000004","false","999.64958149212055","999.64958149212055","3","0.25","0","999.64958149212055","0","true"
"Specification-ModerateRiskAversion__Cost-1__Fee-British__Starts-50","17","15","1","D","8","15","D Offer","D Liability Signal: 3;P Files: 1;D Answers: 1;D Defaults: 2","3,1,1,2","0.051125828400000004","false","999.64958149212055","999.64958149212055","4","0.35","0","999.64958149212055","0","true"
"Specification-ModerateRiskAversion__Cost-1__Fee-British__Starts-50","17","15","1","D","8","15","D Offer","D Liability Signal: 3;P Files: 1;D Answers: 1;D Defaults: 2","3,1,1,2","0.051125828400000004","false","999.64958149212055","999.64958149212055","5","0.45","0","999.64958149212055","0","true"
"Specification-ModerateRiskAversion__Cost-1__Fee-British__Starts-50","17","15","1","D","8","15","D Offer","D Liability Signal: 3;P Files: 1;D Answers: 1;D Defaults: 2","3,1,1,2","0.051125828400000004","false","999.64958149212055","999.64958149212055","6","0.55","0","999.20736500576857","0.44221648635198108","false"
"Specification-ModerateRiskAversion__Cost-1__Fee-British__Starts-50","17","15","1","D","8","15","D Offer","D Liability Signal: 3;P Files: 1;D Answers: 1;D Defaults: 2","3,1,1,2","0.051125828400000004","false","999.64958149212055","999.64958149212055","7","0.65","0","999.13766504802925","0.51191644409129822","false"
"Specification-ModerateRiskAversion__Cost-1__Fee-British__Starts-50","17","15","1","D","8","15","D Offer","D Liability Signal: 3;P Files: 1;D Answers: 1;D Defaults: 2","3,1,1,2","0.051125828400000004","false","999.64958149212055","999.64958149212055","8","0.75","0","999.10508436281964","0.54449712930090755","false"
"Specification-ModerateRiskAversion__Cost-1__Fee-British__Starts-50","17","15","1","D","8","15","D Offer","D Liability Signal: 3;P Files: 1;D Answers: 1;D Defaults: 2","3,1,1,2","0.051125828400000004","false","999.64958149212055","999.64958149212055","9","0.85","0","999.05292139464564","0.59666009747490989","false"
"Specification-ModerateRiskAversion__Cost-1__Fee-British__Starts-50","17","15","1","D","8","15","D Offer","D Liability Signal: 3;P Files: 1;D Answers: 1;D Defaults: 2","3,1,1,2","0.051125828400000004","false","999.64958149212055","999.64958149212055","10","0.95","0","999.00679734009418","0.64278415202636552","false"
"Specification-ModerateRiskAversion__Cost-1__Fee-British__Starts-50","17","16","1","D","3","10","D Answers","D Liability Signal: 4;P Files: 1","4,1","0.064144804499999986","false","999.42974512048045","999.42974512048045","1","Yes","1","999.42974512048045","0","true"
"Specification-ModerateRiskAversion__Cost-1__Fee-British__Starts-50","17","16","1","D","3","10","D Answers","D Liability Signal: 4;P Files: 1","4,1","0.064144804499999986","false","999.42974512048045","999.42974512048045","2","No","0","998.80795866640028","0.62178645408016564","false"
"Specification-ModerateRiskAversion__Cost-1__Fee-British__Starts-50","17","17","1","D","6","21","D Defaults","D Liability Signal: 4;P Files: 1;D Answers: 1","4,1,1","0.064144804499999986","false","999.42974512048045","999.42974512048045","1","Yes","0","999.04588171187652","0.3838634086039292","false"
"Specification-ModerateRiskAversion__Cost-1__Fee-British__Starts-50","17","17","1","D","6","21","D Defaults","D Liability Signal: 4;P Files: 1;D Answers: 1","4,1,1","0.064144804499999986","false","999.42974512048045","999.42974512048045","2","No","1","999.42974512048045","0","true"
"Specification-ModerateRiskAversion__Cost-1__Fee-British__Starts-50","17","18","1","D","8","15","D Offer","D Liability Signal: 4;P Files: 1;D Answers: 1;D Defaults: 1","4,1,1,1","0","true","","","1","0.05","0.10000000000000001","","",""
"Specification-ModerateRiskAversion__Cost-1__Fee-British__Starts-50","17","18","1","D","8","15","D Offer","D Liability Signal: 4;P Files: 1;D Answers: 1;D Defaults: 1","4,1,1,1","0","true","","","2","0.15","0.10000000000000001","","",""
"Specification-ModerateRiskAversion__Cost-1__Fee-British__Starts-50","17","18","1","D","8","15","D Offer","D Liability Signal: 4;P Files: 1;D Answers: 1;D Defaults: 1","4,1,1,1","0","true","","","3","0.25","0.10000000000000001","","",""
"Specification-ModerateRiskAversion__Cost-1__Fee-British__Starts-50","17","18","1","D","8","15","D Offer","D Liability Signal: 4;P Files: 1;D Answers: 1;D Defaults: 1","4,1,1,1","0","true","","","4","0.35","0.10000000000000001","","",""
"Specification-ModerateRiskAversion__Cost-1__Fee-British__Starts-50","17","18","1","D","8","15","D Offer","D Liability Signal: 4;P Files: 1;D Answers: 1;D Defaults: 1","4,1,1,1","0","true","","","5","0.45","0.10000000000000001","","",""
"Specification-ModerateRiskAversion__Cost-1__Fee-British__Starts-50","17","18","1","D","8","15","D Offer","D Liability Signal: 4;P Files: 1;D Answers: 1;D Defaults: 1","4,1,1,1","0","true","","","6","0.55","0.10000000000000001","","",""
"Specification-ModerateRiskAversion__Cost-1__Fee-British__Starts-50","17","18","1","D","8","15","D Offer","D Liability Signal: 4;P Files: 1;D Answers: 1;D Defaults: 1","4,1,1,1","0","true","","","7","0.65","0.10000000000000001","","",""
"Specification-ModerateRiskAversion__Cost-1__Fee-British__Starts-50","17","18","1","D","8","15","D Offer","D Liability Signal: 4;P Files: 1;D Answers: 1;D Defaults: 1","4,1,1,1","0","true","","","8","0.75","0.10000000000000001","","",""
"Specification-ModerateRiskAversion__Cost-1__Fee-British__Starts-50","17","18","1","D","8","15","D Offer","D Liability Signal: 4;P Files: 1;D Answers: 1;D Defaults: 1","4,1,1,1","0","true","","","9","0.85","0.10000000000000001","","",""
"Specification-ModerateRiskAversion__Cost-1__Fee-British__Starts-50","17","18","1","D","8","15","D Offer","D Liability Signal: 4;P Files: 1;D Answers: 1;D Defaults: 1","4,1,1,1","0","true","","","10","0.95","0.10000000000000001","","",""
"Specification-ModerateRiskAversion__Cost-1__Fee-British__Starts-50","17","19","1","D","8","15","D Offer","D Liability Signal: 4;P Files: 1;D Answers: 1;D Defaults: 2","4,1,1,2","0.064144804499999986","false","999.42974512048045","999.42974512048045","1","0.05","0","999.42974512048045","0","true"
"Specification-ModerateRiskAversion__Cost-1__Fee-British__Starts-50","17","19","1","D","8","15","D Offer","D Liability Signal: 4;P Files: 1;D Answers: 1;D Defaults: 2","4,1,1,2","0.064144804499999986","false","999.42974512048045","999.42974512048045","2","0.15","0.76352960194838804","999.42974512048045","0","true"
"Specification-ModerateRiskAversion__Cost-1__Fee-British__Starts-50","17","19","1","D","8","15","D Offer","D Liability Signal: 4;P Files: 1;D Answers: 1;D Defaults: 2","4,1,1,2","0.064144804499999986","false","999.42974512048045","999.42974512048045","3","0.25","0.23647039805161194","999.42974512048045","0","true"
"Specification-ModerateRiskAversion__Cost-1__Fee-British__Starts-50","17","19","1","D","8","15","D Offer","D Liability Signal: 4;P Files: 1;D Answers: 1;D Defaults: 2","4,1,1,2","0.064144804499999986","false","999.42974512048045","999.42974512048045","4","0.35","0","999.42974512048045","0","true"
"Specification-ModerateRiskAversion__Cost-1__Fee-British__Starts-50","17","19","1","D","8","15","D Offer","D Liability Signal: 4;P Files: 1;D Answers: 1;D Defaults: 2","4,1,1,2","0.064144804499999986","false","999.42974512048045","999.42974512048045","5","0.45","0","999.42974512048045","0","true"
"Specification-ModerateRiskAversion__Cost-1__Fee-British__Starts-50","17","19","1","D","8","15","D Offer","D Liability Signal: 4;P Files: 1;D Answers: 1;D Defaults: 2","4,1,1,2","0.064144804499999986","false","999.42974512048045","999.42974512048045","6","0.55","0","999.01884161857038","0.41090350191007019","false"
"Specification-ModerateRiskAversion__Cost-1__Fee-British__Starts-50","17","19","1","D","8","15","D Offer","D Liability Signal: 4;P Files: 1;D Answers: 1;D Defaults: 2","4,1,1,2","0.064144804499999986","false","999.42974512048045","999.42974512048045","7","0.65","0","998.95407705731611","0.47566806316433485","false"
"Specification-ModerateRiskAversion__Cost-1__Fee-British__Starts-50","17","19","1","D","8","15","D Offer","D Liability Signal: 4;P Files: 1;D Answers: 1;D Defaults: 2","4,1,1,2","0.064144804499999986","false","999.42974512048045","999.42974512048045","8","0.75","0","998.96349815261158","0.46624696786886943","false"
"Specification-ModerateRiskAversion__Cost-1__Fee-British__Starts-50","17","19","1","D","8","15","D Offer","D Liability Signal: 4;P Files: 1;D Answers: 1;D Defaults: 2","4,1,1,2","0.064144804499999986","false","999.42974512048045","999.42974512048045","9","0.85","0","998.95140199740763","0.47834312307281834","false"
"Specification-ModerateRiskAversion__Cost-1__Fee-British__Starts-50","17","19","1","D","8","15","D Offer","D Liability Signal: 4;P Files: 1;D Answers: 1;D Defaults: 2","4,1,1,2","0.064144804499999986","false","999.42974512048045","999.42974512048045","10","0.95","0","998.97888278407561","0.45086233640483897","false"
"Specification-ModerateRiskAversion__Cost-1__Fee-British__Starts-50","17","20","1","D","3","10","D Answers","D Liability Signal: 5;P Files: 1","5,1","0.076689924900000012","false","999.1340543327035","999.1340543327035","1","Yes","1","999.1340543327035","0","true"
"Specification-ModerateRiskAversion__Cost-1__Fee-British__Starts-50","17","20","1","D","3","10","D Answers","D Liability Signal: 5;P Files: 1","5,1","0.076689924900000012","false","999.1340543327035","999.1340543327035","2","No","0","998.80795866640005","0.32609566630344489","false"
"Specification-ModerateRiskAversion__Cost-1__Fee-British__Starts-50","17","21","1","D","6","21","D Defaults","D Liability Signal: 5;P Files: 1;D Answers: 1","5,1,1","0.076689924900000012","false","999.1340543327035","999.1340543327035","1","Yes","1","999.1340543327035","0","true"
"Specification-ModerateRiskAversion__Cost-1__Fee-British__Starts-50","17","21","1","D","6","21","D Defaults","D Liability Signal: 5;P Files: 1;D Answers: 1","5,1,1","0.076689924900000012","false","999.1340543327035","999.1340543327035","2","No","0","998.94132731324453","0.19272701945897097","false"
"Specification-ModerateRiskAversion__Cost-1__Fee-British__Starts-50","17","22","1","D","8","15","D Offer","D Liability Signal: 5;P Files: 1;D Answers: 1;D Defaults: 1","5,1,1,1","0.076689924899999998","false","999.1340543327035","999.1340543327035","1","0.05","0","998.91459558068641","0.21945875201708986","false"
"Specification-ModerateRiskAversion__Cost-1__Fee-British__Starts-50","17","22","1","D","8","15","D Offer","D Liability Signal: 5;P Files: 1;D Answers: 1;D Defaults: 1","5,1,1,1","0.076689924899999998","false","999.1340543327035","999.1340543327035","2","0.15","0","998.91459558068641","0.21945875201708986","false"
"Specification-ModerateRiskAversion__Cost-1__Fee-British__Starts-50","17","22","1","D","8","15","D Offer","D Liability Signal: 5;P Files: 1;D Answers: 1;D Defaults: 1","5,1,1,1","0.076689924899999998","false","999.1340543327035","999.1340543327035","3","0.25","0","998.91459558068641","0.21945875201708986","false"
"Specification-ModerateRiskAversion__Cost-1__Fee-British__Starts-50","17","22","1","D","8","15","D Offer","D Liability Signal: 5;P Files: 1;D Answers: 1;D Defaults: 1","5,1,1,1","0.076689924899999998","false","999.1340543327035","999.1340543327035","4","0.35","0","998.91459558068641","0.21945875201708986","false"
"Specification-ModerateRiskAversion__Cost-1__Fee-British__Starts-50","17","22","1","D","8","15","D Offer","D Liability Signal: 5;P Files: 1;D Answers: 1;D Defaults: 1","5,1,1,1","0.076689924899999998","false","999.1340543327035","999.1340543327035","5","0.45","0","998.91459558068641","0.21945875201708986","false"
"Specification-ModerateRiskAversion__Cost-1__Fee-British__Starts-50","17","22","1","D","8","15","D Offer","D Liability Signal: 5;P Files: 1;D Answers: 1;D Defaults: 1","5,1,1,1","0.076689924899999998","false","999.1340543327035","999.1340543327035","6","0.55","1","999.1340543327035","0","true"
"Specification-ModerateRiskAversion__Cost-1__Fee-British__Starts-50","17","22","1","D","8","15","D Offer","D Liability Signal: 5;P Files: 1;D Answers: 1;D Defaults: 1","5,1,1,1","0.076689924899999998","false","999.1340543327035","999.1340543327035","7","0.65","0","999.07581430035896","0.058240032344542669","false"
"Specification-ModerateRiskAversion__Cost-1__Fee-British__Starts-50","17","22","1","D","8","15","D Offer","D Liability Signal: 5;P Files: 1;D Answers: 1;D Defaults: 1","5,1,1,1","0.076689924899999998","false","999.1340543327035","999.1340543327035","8","0.75","0","999.06047420648076","0.073580126222736908","false"
"Specification-ModerateRiskAversion__Cost-1__Fee-British__Starts-50","17","22","1","D","8","15","D Offer","D Liability Signal: 5;P Files: 1;D Answers: 1;D Defaults: 1","5,1,1,1","0.076689924899999998","false","999.1340543327035","999.1340543327035","9","0.85","0","999.01483727865786","0.11921705404563454","false"
"Specification-ModerateRiskAversion__Cost-1__Fee-British__Starts-50","17","22","1","D","8","15","D Offer","D Liability Signal: 5;P Files: 1;D Answers: 1;D Defaults: 1","5,1,1,1","0.076689924899999998","false","999.1340543327035","999.1340543327035","10","0.95","0","998.94067825256832","0.19337608013518093","false"
"Specification-ModerateRiskAversion__Cost-1__Fee-British__Starts-50","17","23","1","D","8","15","D Offer","D Liability Signal: 5;P Files: 1;D Answers: 1;D Defaults: 2","5,1,1,2","0","true","","","1","0.05","0.10000000000000001","","",""
"Specification-ModerateRiskAversion__Cost-1__Fee-British__Starts-50","17","23","1","D","8","15","D Offer","D Liability Signal: 5;P Files: 1;D Answers: 1;D Defaults: 2","5,1,1,2","0","true","","","2","0.15","0.10000000000000001","","",""
"Specification-ModerateRiskAversion__Cost-1__Fee-British__Starts-50","17","23","1","D","8","15","D Offer","D Liability Signal: 5;P Files: 1;D Answers: 1;D Defaults: 2","5,1,1,2","0","true","","","3","0.25","0.10000000000000001","","",""
"Specification-ModerateRiskAversion__Cost-1__Fee-British__Starts-50","17","23","1","D","8","15","D Offer","D Liability Signal: 5;P Files: 1;D Answers: 1;D Defaults: 2","5,1,1,2","0","true","","","4","0.35","0.10000000000000001","","",""
"Specification-ModerateRiskAversion__Cost-1__Fee-British__Starts-50","17","23","1","D","8","15","D Offer","D Liability Signal: 5;P Files: 1;D Answers: 1;D Defaults: 2","5,1,1,2","0","true","","","5","0.45","0.10000000000000001","","",""
"Specification-ModerateRiskAversion__Cost-1__Fee-British__Starts-50","17","23","1","D","8","15","D Offer","D Liability Signal: 5;P Files: 1;D Answers: 1;D Defaults: 2","5,1,1,2","0","true","","","6","0.55","0.10000000000000001","","",""
"Specification-ModerateRiskAversion__Cost-1__Fee-British__Starts-50","17","23","1","D","8","15","D Offer","D Liability Signal: 5;P Files: 1;D Answers: 1;D Defaults: 2","5,1,1,2","0","true","","","7","0.65","0.10000000000000001","","",""
"Specification-ModerateRiskAversion__Cost-1__Fee-British__Starts-50","17","23","1","D","8","15","D Offer","D Liability Signal: 5;P Files: 1;D Answers: 1;D Defaults: 2","5,1,1,2","0","true","","","8","0.75","0.10000000000000001","","",""
"Specification-ModerateRiskAversion__Cost-1__Fee-British__Starts-50","17","23","1","D","8","15","D Offer","D Liability Signal: 5;P Files: 1;D Answers: 1;D Defaults: 2","5,1,1,2","0","true","","","9","0.85","0.10000000000000001","","",""
"Specification-ModerateRiskAversion__Cost-1__Fee-British__Starts-50","17","23","1","D","8","15","D Offer","D Liability Signal: 5;P Files: 1;D Answers: 1;D Defaults: 2","5,1,1,2","0","true","","","10","0.95","0.10000000000000001","","",""
"Specification-ModerateRiskAversion__Cost-1__Fee-British__Starts-50","17","24","1","D","3","10","D Answers","D Liability Signal: 6;P Files: 1","6,1","0.088101009800000005","false","999.02616619938976","999.02616619938976","1","Yes","1","999.02616619938976","0","true"
"Specification-ModerateRiskAversion__Cost-1__Fee-British__Starts-50","17","24","1","D","3","10","D Answers","D Liability Signal: 6;P Files: 1","6,1","0.088101009800000005","false","999.02616619938976","999.02616619938976","2","No","0","998.80795866640017","0.21820753298959517","false"
"Specification-ModerateRiskAversion__Cost-1__Fee-British__Starts-50","17","25","1","D","6","21","D Defaults","D Liability Signal: 6;P Files: 1;D Answers: 1","6,1,1","0.088101009800000005","false","999.02616619938976","999.02616619938976","1","Yes","1","999.02616619938976","0","true"
"Specification-ModerateRiskAversion__Cost-1__Fee-British__Starts-50","17","25","1","D","6","21","D Defaults","D Liability Signal: 6;P Files: 1;D Answers: 1","6,1,1","0.088101009800000005","false","999.02616619938976","999.02616619938976","2","No","0","998.60046186232626","0.42570433706350741","false"
"Specification-ModerateRiskAversion__Cost-1__Fee-British__Starts-50","17","26","1","D","8","15","D Offer","D Liability Signal: 6;P Files: 1;D Answers: 1;D Defaults: 1","6,1,1,1","0.088101009799999977","false","999.02616619938988","999.02616619938988","1","0.05","0","998.83599634201937","0.19016985737050618","false"
"Specification-ModerateRiskAversion__Cost-1__Fee-British__Starts-50","17","26","1","D","8","15","D Offer","D Liability Signal: 6;P Files: 1;D Answers: 1;D Defaults: 1","6,1,1,1","0.088101009799999977","false","999.02616619938988","999.02616619938988","2","0.15","0","998.83599634201937","0.19016985737050618","false"
"Specification-ModerateRiskAversion__Cost-1__Fee-British__Starts-50","17","26","1","D","8","15","D Offer","D Liability Signal: 6;P Files: 1;D Answers: 1;D Defaults: 1","6,1,1,1","0.088101009799999977","false","999.02616619938988","999.02616619938988","3","0.25","0","998.83599634201937","0.19016985737050618","false"
"Specification-ModerateRiskAversion__Cost-1__Fee-British__Starts-50","17","26","1","D","8","15","D Offer","D Liability Signal: 6;P Files: 1;D Answers: 1;D Defaults: 1","6,1,1,1","0.088101009799999977","false","999.02616619938988","999.02616619938988","4","0.35","0","998.83599634201937","0.19016985737050618","false"
"Specification-ModerateRiskAversion__Cost-1__Fee-British__Starts-50","17","26","1","D","8","15","D Offer","D Liability Signal: 6;P Files: 1;D Answers: 1;D Defaults: 1","6,1,1,1","0.088101009799999977","false","999.02616619938988","999.02616619938988","5","0.45","0","998.83599634201937","0.19016985737050618","false"
"Specification-ModerateRiskAversion__Cost-1__Fee-British__Starts-50","17","26","1","D","8","15","D Offer","D Liability Signal: 6;P Files: 1;D Answers: 1;D Defaults: 1","6,1,1,1","0.088101009799999977","false","999.02616619938988","999.02616619938988","6","0.55","1","999.02616619938988","0","true"
"Specification-ModerateRiskAversion__Cost-1__Fee-British__Starts-50","17","26","1","D","8","15","D Offer","D Liability Signal: 6;P Files: 1;D Answers: 1;D Defaults: 1","6,1,1,1","0.088101009799999977","false","999.02616619938988","999.02616619938988","7","0.65","0","998.97569886308008","0.050467336309793609","false"
"Specification-ModerateRiskAversion__Cost-1__Fee-British__Starts-50","17","26","1","D","8","15","D Offer","D Liability Signal: 6;P Files: 1;D Answers: 1;D Defaults: 1","6,1,1,1","0.088101009799999977","false","999.02616619938988","999.02616619938988","8","0.75","0","998.97935378627562","0.046812413114253104","false"
"Specification-ModerateRiskAversion__Cost-1__Fee-British__Starts-50","17","26","1","D","8","15","D Offer","D Liability Signal: 6;P Files: 1;D Answers: 1;D Defaults: 1","6,1,1,1","0.088101009799999977","false","999.02616619938988","999.02616619938988","9","0.85","0","998.94994568044956","0.076220518940317561","false"
"Specification-ModerateRiskAversion__Cost-1__Fee-British__Starts-50","17","26","1","D","8","15","D Offer","D Liability Signal: 6;P Files: 1;D Answers: 1;D Defaults: 1","6,1,1,1","0.088101009799999977","false","999.02616619938988","999.02616619938988","10","0.95","0","998.89357823251396","0.13258796687591712","false"
"Specification-ModerateRiskAversion__Cost-1__Fee-British__Starts-50","17","27","1","D","8","15","D Offer","D Liability Signal: 6;P Files: 1;D Answers: 1;D Defaults: 2","6,1,1,2","0","true","","","1","0.05","0.10000000000000001","","",""
"Specification-ModerateRiskAversion__Cost-1__Fee-British__Starts-50","17","27","1","D","8","15","D Offer","D Liability Signal: 6;P Files: 1;D Answers: 1;D Defaults: 2","6,1,1,2","0","true","","","2","0.15","0.10000000000000001","","",""
"Specification-ModerateRiskAversion__Cost-1__Fee-British__Starts-50","17","27","1","D","8","15","D Offer","D Liability Signal: 6;P Files: 1;D Answers: 1;D Defaults: 2","6,1,1,2","0","true","","","3","0.25","0.10000000000000001","","",""
"Specification-ModerateRiskAversion__Cost-1__Fee-British__Starts-50","17","27","1","D","8","15","D Offer","D Liability Signal: 6;P Files: 1;D Answers: 1;D Defaults: 2","6,1,1,2","0","true","","","4","0.35","0.10000000000000001","","",""
"Specification-ModerateRiskAversion__Cost-1__Fee-British__Starts-50","17","27","1","D","8","15","D Offer","D Liability Signal: 6;P Files: 1;D Answers: 1;D Defaults: 2","6,1,1,2","0","true","","","5","0.45","0.10000000000000001","","",""
"Specification-ModerateRiskAversion__Cost-1__Fee-British__Starts-50","17","27","1","D","8","15","D Offer","D Liability Signal: 6;P Files: 1;D Answers: 1;D Defaults: 2","6,1,1,2","0","true","","","6","0.55","0.10000000000000001","","",""
"Specification-ModerateRiskAversion__Cost-1__Fee-British__Starts-50","17","27","1","D","8","15","D Offer","D Liability Signal: 6;P Files: 1;D Answers: 1;D Defaults: 2","6,1,1,2","0","true","","","7","0.65","0.10000000000000001","","",""
"Specification-ModerateRiskAversion__Cost-1__Fee-British__Starts-50","17","27","1","D","8","15","D Offer","D Liability Signal: 6;P Files: 1;D Answers: 1;D Defaults: 2","6,1,1,2","0","true","","","8","0.75","0.10000000000000001","","",""
"Specification-ModerateRiskAversion__Cost-1__Fee-British__Starts-50","17","27","1","D","8","15","D Offer","D Liability Signal: 6;P Files: 1;D Answers: 1;D Defaults: 2","6,1,1,2","0","true","","","9","0.85","0.10000000000000001","","",""
"Specification-ModerateRiskAversion__Cost-1__Fee-British__Starts-50","17","27","1","D","8","15","D Offer","D Liability Signal: 6;P Files: 1;D Answers: 1;D Defaults: 2","6,1,1,2","0","true","","","10","0.95","0.10000000000000001","","",""
"Specification-ModerateRiskAversion__Cost-1__Fee-British__Starts-50","17","28","1","D","3","10","D Answers","D Liability Signal: 7;P Files: 1","7,1","0.096930350300000009","false","998.91261866612217","998.91261866612217","1","Yes","1","998.91261866612217","0","true"
"Specification-ModerateRiskAversion__Cost-1__Fee-British__Starts-50","17","28","1","D","3","10","D Answers","D Liability Signal: 7;P Files: 1","7,1","0.096930350300000009","false","998.91261866612217","998.91261866612217","2","No","0","998.80795866640005","0.10465999972211648","false"
"Specification-ModerateRiskAversion__Cost-1__Fee-British__Starts-50","17","29","1","D","6","21","D Defaults","D Liability Signal: 7;P Files: 1;D Answers: 1","7,1,1","0.096930350300000009","false","998.91261866612217","998.91261866612217","1","Yes","1","998.91261866612217","0","true"
"Specification-ModerateRiskAversion__Cost-1__Fee-British__Starts-50","17","29","1","D","6","21","D Defaults","D Liability Signal: 7;P Files: 1;D Answers: 1","7,1,1","0.096930350300000009","false","998.91261866612217","998.91261866612217","2","No","0","998.21536742261424","0.69725124350793521","false"
"Specification-ModerateRiskAversion__Cost-1__Fee-British__Starts-50","17","30","1","D","8","15","D Offer","D Liability Signal: 7;P Files: 1;D Answers: 1;D Defaults: 1","7,1,1,1","0.096930350300000009","false","998.91261866612217","998.91261866612217","1","0.05","0","998.75327408709381","0.15934457902835675","false"
"Specification-ModerateRiskAversion__Cost-1__Fee-British__Starts-50","17","30","1","D","8","15","D Offer","D Liability Signal: 7;P Files: 1;D Answers: 1;D Defaults: 1","7,1,1,1","0.096930350300000009","false","998.91261866612217","998.91261866612217","2","0.15","0","998.75327408709381","0.15934457902835675","false"
"Specification-ModerateRiskAversion__Cost-1__Fee-British__Starts-50","17","30","1","D","8","15","D Offer","D Liability Signal: 7;P Files: 1;D Answers: 1;D Defaults: 1","7,1,1,1","0.096930350300000009","false","998.91261866612217","998.91261866612217","3","0.25","0","998.75327408709381","0.15934457902835675","false"
"Specification-ModerateRiskAversion__Cost-1__Fee-British__Starts-50","17","30","1","D","8","15","D Offer","D Liability Signal: 7;P Files: 1;D Answers: 1;D Defaults: 1","7,1,1,1","0.096930350300000009","false","998.91261866612217","998.91261866612217","4","0.35","0","998.75327408709381","0.15934457902835675","false"
"Specification-ModerateRiskAversion__Cost-1__Fee-British__Starts-50","17","30","1","D","8","15","D Offer","D Liability Signal: 7;P Files: 1;D Answers: 1;D Defaults: 1","7,1,1,1","0.096930350300000009","false","998.91261866612217","998.91261866612217","5","0.45","0","998.75327408709381","0.15934457902835675","false"
"Specification-ModerateRiskAversion__Cost-1__Fee-British__Starts-50","17","30","1","D","8","15","D Offer","D Liability Signal: 7;P Files: 1;D Answers: 1;D Defaults: 1","7,1,1,1","0.096930350300000009","false","998.91261866612217","998.91261866612217","6","0.55","1","998.91261866612217","0","true"
"Specification-ModerateRiskAversion__Cost-1__Fee-British__Starts-50","17","30","1","D","8","15","D Offer","D Liability Signal: 7;P Files: 1;D Answers: 1;D Defaults: 1","7,1,1,1","0.096930350300000009","false","998.91261866612217","998.91261866612217","7","0.65","0","998.87033175183308","0.042286914289093147","false"
"Specification-ModerateRiskAversion__Cost-1__Fee-British__Starts-50","17","30","1","D","8","15","D Offer","D Liability Signal: 7;P Files: 1;D Answers: 1;D Defaults: 1","7,1,1,1","0.096930350300000009","false","998.91261866612217","998.91261866612217","8","0.75","0","998.89135374772536","0.021264918396809662","false"
"Specification-ModerateRiskAversion__Cost-1__Fee-British__Starts-50","17","30","1","D","8","15","D Offer","D Liability Signal: 7;P Files: 1;D Answers: 1;D Defaults: 1","7,1,1,1","0.096930350300000009","false","998.91261866612217","998.91261866612217","9","0.85","0","998.87782367524949","0.034794990872683229","false"
"Specification-ModerateRiskAversion__Cost-1__Fee-British__Starts-50","17","30","1","D","8","15","D Offer","D Liability Signal: 7;P Files: 1;D Answers: 1;D Defaults: 1","7,1,1,1","0.096930350300000009","false","998.91261866612217","998.91261866612217","10","0.95","0","998.84237300987445","0.070245656247720945","false"
"Specification-ModerateRiskAversion__Cost-1__Fee-British__Starts-50","17","31","1","D","8","15","D Offer","D Liability Signal: 7;P Files: 1;D Answers: 1;D Defaults: 2","7,1,1,2","0","true","","","1","0.05","0.10000000000000001","","",""
"Specification-ModerateRiskAversion__Cost-1__Fee-British__Starts-50","17","31","1","D","8","15","D Offer","D Liability Signal: 7;P Files: 1;D Answers: 1;D Defaults: 2","7,1,1,2","0","true","","","2","0.15","0.10000000000000001","","",""
"Specification-ModerateRiskAversion__Cost-1__Fee-British__Starts-50","17","31","1","D","8","15","D Offer","D Liability Signal: 7;P Files: 1;D Answers: 1;D Defaults: 2","7,1,1,2","0","true","","","3","0.25","0.10000000000000001","","",""
"Specification-ModerateRiskAversion__Cost-1__Fee-British__Starts-50","17","31","1","D","8","15","D Offer","D Liability Signal: 7;P Files: 1;D Answers: 1;D Defaults: 2","7,1,1,2","0","true","","","4","0.35","0.10000000000000001","","",""
"Specification-ModerateRiskAversion__Cost-1__Fee-British__Starts-50","17","31","1","D","8","15","D Offer","D Liability Signal: 7;P Files: 1;D Answers: 1;D Defaults: 2","7,1,1,2","0","true","","","5","0.45","0.10000000000000001","","",""
"Specification-ModerateRiskAversion__Cost-1__Fee-British__Starts-50","17","31","1","D","8","15","D Offer","D Liability Signal: 7;P Files: 1;D Answers: 1;D Defaults: 2","7,1,1,2","0","true","","","6","0.55","0.10000000000000001","","",""
"Specification-ModerateRiskAversion__Cost-1__Fee-British__Starts-50","17","31","1","D","8","15","D Offer","D Liability Signal: 7;P Files: 1;D Answers: 1;D Defaults: 2","7,1,1,2","0","true","","","7","0.65","0.10000000000000001","","",""
"Specification-ModerateRiskAversion__Cost-1__Fee-British__Starts-50","17","31","1","D","8","15","D Offer","D Liability Signal: 7;P Files: 1;D Answers: 1;D Defaults: 2","7,1,1,2","0","true","","","8","0.75","0.10000000000000001","","",""
"Specification-ModerateRiskAversion__Cost-1__Fee-British__Starts-50","17","31","1","D","8","15","D Offer","D Liability Signal: 7;P Files: 1;D Answers: 1;D Defaults: 2","7,1,1,2","0","true","","","9","0.85","0.10000000000000001","","",""
"Specification-ModerateRiskAversion__Cost-1__Fee-British__Starts-50","17","31","1","D","8","15","D Offer","D Liability Signal: 7;P Files: 1;D Answers: 1;D Defaults: 2","7,1,1,2","0","true","","","10","0.95","0.10000000000000001","","",""
"Specification-ModerateRiskAversion__Cost-1__Fee-British__Starts-50","17","32","1","D","3","10","D Answers","D Liability Signal: 8;P Files: 1","8,1","0.1003446174","false","998.80795866639994","998.80795866640005","1","Yes","0.19007957958777202","998.80795866640005","0","true"
"Specification-ModerateRiskAversion__Cost-1__Fee-British__Starts-50","17","32","1","D","3","10","D Answers","D Liability Signal: 8;P Files: 1","8,1","0.1003446174","false","998.80795866639994","998.80795866640005","2","No","0.809920420412228","998.80795866639994","1.1368683772161603E-13","true"
"Specification-ModerateRiskAversion__Cost-1__Fee-British__Starts-50","17","33","1","D","6","21","D Defaults","D Liability Signal: 8;P Files: 1;D Answers: 1","8,1,1","0.019073462689287835","false","998.80795866639994","998.80795866639994","1","Yes","1","998.80795866639994","0","true"
"Specification-ModerateRiskAversion__Cost-1__Fee-British__Starts-50","17","33","1","D","6","21","D Defaults","D Liability Signal: 8;P Files: 1;D Answers: 1","8,1,1","0.019073462689287835","false","998.80795866639994","998.80795866639994","2","No","0","997.84144674218408","0.96651192421586529","false"
"Specification-ModerateRiskAversion__Cost-1__Fee-British__Starts-50","17","34","1","D","8","15","D Offer","D Liability Signal: 8;P Files: 1;D Answers: 1;D Defaults: 1","8,1,1,1","0.019073462689287835","false","998.80795866640005","998.80795866640005","1","0.05","0","998.67702662553882","0.13093204086123933","false"
"Specification-ModerateRiskAversion__Cost-1__Fee-British__Starts-50","17","34","1","D","8","15","D Offer","D Liability Signal: 8;P Files: 1;D Answers: 1;D Defaults: 1","8,1,1,1","0.019073462689287835","false","998.80795866640005","998.80795866640005","2","0.15","0","998.67702662553882","0.13093204086123933","false"
"Specification-ModerateRiskAversion__Cost-1__Fee-British__Starts-50","17","34","1","D","8","15","D Offer","D Liability Signal: 8;P Files: 1;D Answers: 1;D Defaults: 1","8,1,1,1","0.019073462689287835","false","998.80795866640005","998.80795866640005","3","0.25","0","998.67702662553882","0.13093204086123933","false"
"Specification-ModerateRiskAversion__Cost-1__Fee-British__Starts-50","17","34","1","D","8","15","D Offer","D Liability Signal: 8;P Files: 1;D Answers: 1;D Defaults: 1","8,1,1,1","0.019073462689287835","false","998.80795866640005","998.80795866640005","4","0.35","0","998.67702662553882","0.13093204086123933","false"
"Specification-ModerateRiskAversion__Cost-1__Fee-British__Starts-50","17","34","1","D","8","15","D Offer","D Liability Signal: 8;P Files: 1;D Answers: 1;D Defaults: 1","8,1,1,1","0.019073462689287835","false","998.80795866640005","998.80795866640005","5","0.45","0","998.67702662553882","0.13093204086123933","false"
"Specification-ModerateRiskAversion__Cost-1__Fee-British__Starts-50","17","34","1","D","8","15","D Offer","D Liability Signal: 8;P Files: 1;D Answers: 1;D Defaults: 1","8,1,1,1","0.019073462689287835","false","998.80795866640005","998.80795866640005","6","0.55","1","998.80795866640005","0","true"
"Specification-ModerateRiskAversion__Cost-1__Fee-British__Starts-50","17","34","1","D","8","15","D Offer","D Liability Signal: 8;P Files: 1;D Answers: 1;D Defaults: 1","8,1,1,1","0.019073462689287835","false","998.80795866640005","998.80795866640005","7","0.65","0","998.77321188038854","0.034746786011510267","false"
"Specification-ModerateRiskAversion__Cost-1__Fee-British__Starts-50","17","34","1","D","8","15","D Offer","D Liability Signal: 8;P Files: 1;D Answers: 1;D Defaults: 1","8,1,1,1","0.019073462689287835","false","998.80795866640005","998.80795866640005","8","0.75","0","998.80795866640005","0","true"
"Specification-ModerateRiskAversion__Cost-1__Fee-British__Starts-50","17","34","1","D","8","15","D Offer","D Liability Signal: 8;P Files: 1;D Answers: 1;D Defaults: 1","8,1,1,1","0.019073462689287835","false","998.80795866640005","998.80795866640005","9","0.85","0","998.80795866639994","1.1368683772161603E-13","true"
"Specification-ModerateRiskAversion__Cost-1__Fee-British__Starts-50","17","34","1","D","8","15","D Offer","D Liability Signal: 8;P Files: 1;D Answers: 1;D Defaults: 1","8,1,1,1","0.019073462689287835","false","998.80795866640005","998.80795866640005","10","0.95","0","998.79373407193509","0.014224594464963047","false"
"Specification-ModerateRiskAversion__Cost-1__Fee-British__Starts-50","17","35","1","D","8","15","D Offer","D Liability Signal: 8;P Files: 1;D Answers: 1;D Defaults: 2","8,1,1,2","0","true","","","1","0.05","0.10000000000000001","","",""
"Specification-ModerateRiskAversion__Cost-1__Fee-British__Starts-50","17","35","1","D","8","15","D Offer","D Liability Signal: 8;P Files: 1;D Answers: 1;D Defaults: 2","8,1,1,2","0","true","","","2","0.15","0.10000000000000001","","",""
"Specification-ModerateRiskAversion__Cost-1__Fee-British__Starts-50","17","35","1","D","8","15","D Offer","D Liability Signal: 8;P Files: 1;D Answers: 1;D Defaults: 2","8,1,1,2","0","true","","","3","0.25","0.10000000000000001","","",""
"Specification-ModerateRiskAversion__Cost-1__Fee-British__Starts-50","17","35","1","D","8","15","D Offer","D Liability Signal: 8;P Files: 1;D Answers: 1;D Defaults: 2","8,1,1,2","0","true","","","4","0.35","0.10000000000000001","","",""
"Specification-ModerateRiskAversion__Cost-1__Fee-British__Starts-50","17","35","1","D","8","15","D Offer","D Liability Signal: 8;P Files: 1;D Answers: 1;D Defaults: 2","8,1,1,2","0","true","","","5","0.45","0.10000000000000001","","",""
"Specification-ModerateRiskAversion__Cost-1__Fee-British__Starts-50","17","35","1","D","8","15","D Offer","D Liability Signal: 8;P Files: 1;D Answers: 1;D Defaults: 2","8,1,1,2","0","true","","","6","0.55","0.10000000000000001","","",""
"Specification-ModerateRiskAversion__Cost-1__Fee-British__Starts-50","17","35","1","D","8","15","D Offer","D Liability Signal: 8;P Files: 1;D Answers: 1;D Defaults: 2","8,1,1,2","0","true","","","7","0.65","0.10000000000000001","","",""
"Specification-ModerateRiskAversion__Cost-1__Fee-British__Starts-50","17","35","1","D","8","15","D Offer","D Liability Signal: 8;P Files: 1;D Answers: 1;D Defaults: 2","8,1,1,2","0","true","","","8","0.75","0.10000000000000001","","",""
"Specification-ModerateRiskAversion__Cost-1__Fee-British__Starts-50","17","35","1","D","8","15","D Offer","D Liability Signal: 8;P Files: 1;D Answers: 1;D Defaults: 2","8,1,1,2","0","true","","","9","0.85","0.10000000000000001","","",""
"Specification-ModerateRiskAversion__Cost-1__Fee-British__Starts-50","17","35","1","D","8","15","D Offer","D Liability Signal: 8;P Files: 1;D Answers: 1;D Defaults: 2","8,1,1,2","0","true","","","10","0.95","0.10000000000000001","","",""
"Specification-ModerateRiskAversion__Cost-1__Fee-British__Starts-50","17","36","1","D","3","10","D Answers","D Liability Signal: 9;P Files: 1","9,1","0.094888886300000017","false","998.80795866639983","998.80795866639983","1","Yes","0","998.09797524456064","0.70998342183918339","false"
"Specification-ModerateRiskAversion__Cost-1__Fee-British__Starts-50","17","36","1","D","3","10","D Answers","D Liability Signal: 9;P Files: 1","9,1","0.094888886300000017","false","998.80795866639983","998.80795866639983","2","No","1","998.80795866639983","0","true"
"Specification-ModerateRiskAversion__Cost-1__Fee-British__Starts-50","17","37","1","D","6","21","D Defaults","D Liability Signal: 9;P Files: 1;D Answers: 1","9,1,1","0","true","","","1","Yes","0.5","","",""
"Specification-ModerateRiskAversion__Cost-1__Fee-British__Starts-50","17","37","1","D","6","21","D Defaults","D Liability Signal: 9;P Files: 1;D Answers: 1","9,1,1","0","true","","","2","No","0.5","","",""
"Specification-ModerateRiskAversion__Cost-1__Fee-British__Starts-50","17","38","1","D","8","15","D Offer","D Liability Signal: 9;P Files: 1;D Answers: 1;D Defaults: 1","9,1,1,1","0","true","","","1","0.05","0.10000000000000001","","",""
"Specification-ModerateRiskAversion__Cost-1__Fee-British__Starts-50","17","38","1","D","8","15","D Offer","D Liability Signal: 9;P Files: 1;D Answers: 1;D Defaults: 1","9,1,1,1","0","true","","","2","0.15","0.10000000000000001","","",""
"Specification-ModerateRiskAversion__Cost-1__Fee-British__Starts-50","17","38","1","D","8","15","D Offer","D Liability Signal: 9;P Files: 1;D Answers: 1;D Defaults: 1","9,1,1,1","0","true","","","3","0.25","0.10000000000000001","","",""
"Specification-ModerateRiskAversion__Cost-1__Fee-British__Starts-50","17","38","1","D","8","15","D Offer","D Liability Signal: 9;P Files: 1;D Answers: 1;D Defaults: 1","9,1,1,1","0","true","","","4","0.35","0.10000000000000001","","",""
"Specification-ModerateRiskAversion__Cost-1__Fee-British__Starts-50","17","38","1","D","8","15","D Offer","D Liability Signal: 9;P Files: 1;D Answers: 1;D Defaults: 1","9,1,1,1","0","true","","","5","0.45","0.10000000000000001","","",""
"Specification-ModerateRiskAversion__Cost-1__Fee-British__Starts-50","17","38","1","D","8","15","D Offer","D Liability Signal: 9;P Files: 1;D Answers: 1;D Defaults: 1","9,1,1,1","0","true","","","6","0.55","0.10000000000000001","","",""
"Specification-ModerateRiskAversion__Cost-1__Fee-British__Starts-50","17","38","1","D","8","15","D Offer","D Liability Signal: 9;P Files: 1;D Answers: 1;D Defaults: 1","9,1,1,1","0","true","","","7","0.65","0.10000000000000001","","",""
"Specification-ModerateRiskAversion__Cost-1__Fee-British__Starts-50","17","38","1","D","8","15","D Offer","D Liability Signal: 9;P Files: 1;D Answers: 1;D Defaults: 1","9,1,1,1","0","true","","","8","0.75","0.10000000000000001","","",""
"Specification-ModerateRiskAversion__Cost-1__Fee-British__Starts-50","17","38","1","D","8","15","D Offer","D Liability Signal: 9;P Files: 1;D Answers: 1;D Defaults: 1","9,1,1,1","0","true","","","9","0.85","0.10000000000000001","","",""
"Specification-ModerateRiskAversion__Cost-1__Fee-British__Starts-50","17","38","1","D","8","15","D Offer","D Liability Signal: 9;P Files: 1;D Answers: 1;D Defaults: 1","9,1,1,1","0","true","","","10","0.95","0.10000000000000001","","",""
"Specification-ModerateRiskAversion__Cost-1__Fee-British__Starts-50","17","39","1","D","8","15","D Offer","D Liability Signal: 9;P Files: 1;D Answers: 1;D Defaults: 2","9,1,1,2","0","true","","","1","0.05","0.10000000000000001","","",""
"Specification-ModerateRiskAversion__Cost-1__Fee-British__Starts-50","17","39","1","D","8","15","D Offer","D Liability Signal: 9;P Files: 1;D Answers: 1;D Defaults: 2","9,1,1,2","0","true","","","2","0.15","0.10000000000000001","","",""
"Specification-ModerateRiskAversion__Cost-1__Fee-British__Starts-50","17","39","1","D","8","15","D Offer","D Liability Signal: 9;P Files: 1;D Answers: 1;D Defaults: 2","9,1,1,2","0","true","","","3","0.25","0.10000000000000001","","",""
"Specification-ModerateRiskAversion__Cost-1__Fee-British__Starts-50","17","39","1","D","8","15","D Offer","D Liability Signal: 9;P Files: 1;D Answers: 1;D Defaults: 2","9,1,1,2","0","true","","","4","0.35","0.10000000000000001","","",""
"Specification-ModerateRiskAversion__Cost-1__Fee-British__Starts-50","17","39","1","D","8","15","D Offer","D Liability Signal: 9;P Files: 1;D Answers: 1;D Defaults: 2","9,1,1,2","0","true","","","5","0.45","0.10000000000000001","","",""
"Specification-ModerateRiskAversion__Cost-1__Fee-British__Starts-50","17","39","1","D","8","15","D Offer","D Liability Signal: 9;P Files: 1;D Answers: 1;D Defaults: 2","9,1,1,2","0","true","","","6","0.55","0.10000000000000001","","",""
"Specification-ModerateRiskAversion__Cost-1__Fee-British__Starts-50","17","39","1","D","8","15","D Offer","D Liability Signal: 9;P Files: 1;D Answers: 1;D Defaults: 2","9,1,1,2","0","true","","","7","0.65","0.10000000000000001","","",""
"Specification-ModerateRiskAversion__Cost-1__Fee-British__Starts-50","17","39","1","D","8","15","D Offer","D Liability Signal: 9;P Files: 1;D Answers: 1;D Defaults: 2","9,1,1,2","0","true","","","8","0.75","0.10000000000000001","","",""
"Specification-ModerateRiskAversion__Cost-1__Fee-British__Starts-50","17","39","1","D","8","15","D Offer","D Liability Signal: 9;P Files: 1;D Answers: 1;D Defaults: 2","9,1,1,2","0","true","","","9","0.85","0.10000000000000001","","",""
"Specification-ModerateRiskAversion__Cost-1__Fee-British__Starts-50","17","39","1","D","8","15","D Offer","D Liability Signal: 9;P Files: 1;D Answers: 1;D Defaults: 2","9,1,1,2","0","true","","","10","0.95","0.10000000000000001","","",""
"Specification-ModerateRiskAversion__Cost-1__Fee-British__Starts-50","17","40","1","D","3","10","D Answers","D Liability Signal: 10;P Files: 1","10,1","0.0792318469","false","998.80795866640005","998.80795866640005","1","Yes","0","997.95046295254463","0.85749571385542822","false"
"Specification-ModerateRiskAversion__Cost-1__Fee-British__Starts-50","17","40","1","D","3","10","D Answers","D Liability Signal: 10;P Files: 1","10,1","0.0792318469","false","998.80795866640005","998.80795866640005","2","No","1","998.80795866640005","0","true"
"Specification-ModerateRiskAversion__Cost-1__Fee-British__Starts-50","17","41","1","D","6","21","D Defaults","D Liability Signal: 10;P Files: 1;D Answers: 1","10,1,1","0","true","","","1","Yes","0.5","","",""
"Specification-ModerateRiskAversion__Cost-1__Fee-British__Starts-50","17","41","1","D","6","21","D Defaults","D Liability Signal: 10;P Files: 1;D Answers: 1","10,1,1","0","true","","","2","No","0.5","","",""
"Specification-ModerateRiskAversion__Cost-1__Fee-British__Starts-50","17","42","1","D","8","15","D Offer","D Liability Signal: 10;P Files: 1;D Answers: 1;D Defaults: 1","10,1,1,1","0","true","","","1","0.05","0.10000000000000001","","",""
"Specification-ModerateRiskAversion__Cost-1__Fee-British__Starts-50","17","42","1","D","8","15","D Offer","D Liability Signal: 10;P Files: 1;D Answers: 1;D Defaults: 1","10,1,1,1","0","true","","","2","0.15","0.10000000000000001","","",""
"Specification-ModerateRiskAversion__Cost-1__Fee-British__Starts-50","17","42","1","D","8","15","D Offer","D Liability Signal: 10;P Files: 1;D Answers: 1;D Defaults: 1","10,1,1,1","0","true","","","3","0.25","0.10000000000000001","","",""
"Specification-ModerateRiskAversion__Cost-1__Fee-British__Starts-50","17","42","1","D","8","15","D Offer","D Liability Signal: 10;P Files: 1;D Answers: 1;D Defaults: 1","10,1,1,1","0","true","","","4","0.35","0.10000000000000001","","",""
"Specification-ModerateRiskAversion__Cost-1__Fee-British__Starts-50","17","42","1","D","8","15","D Offer","D Liability Signal: 10;P Files: 1;D Answers: 1;D Defaults: 1","10,1,1,1","0","true","","","5","0.45","0.10000000000000001","","",""
"Specification-ModerateRiskAversion__Cost-1__Fee-British__Starts-50","17","42","1","D","8","15","D Offer","D Liability Signal: 10;P Files: 1;D Answers: 1;D Defaults: 1","10,1,1,1","0","true","","","6","0.55","0.10000000000000001","","",""
"Specification-ModerateRiskAversion__Cost-1__Fee-British__Starts-50","17","42","1","D","8","15","D Offer","D Liability Signal: 10;P Files: 1;D Answers: 1;D Defaults: 1","10,1,1,1","0","true","","","7","0.65","0.10000000000000001","","",""
"Specification-ModerateRiskAversion__Cost-1__Fee-British__Starts-50","17","42","1","D","8","15","D Offer","D Liability Signal: 10;P Files: 1;D Answers: 1;D Defaults: 1","10,1,1,1","0","true","","","8","0.75","0.10000000000000001","","",""
"Specification-ModerateRiskAversion__Cost-1__Fee-British__Starts-50","17","42","1","D","8","15","D Offer","D Liability Signal: 10;P Files: 1;D Answers: 1;D Defaults: 1","10,1,1,1","0","true","","","9","0.85","0.10000000000000001","","",""
"Specification-ModerateRiskAversion__Cost-1__Fee-British__Starts-50","17","42","1","D","8","15","D Offer","D Liability Signal: 10;P Files: 1;D Answers: 1;D Defaults: 1","10,1,1,1","0","true","","","10","0.95","0.10000000000000001","","",""
"Specification-ModerateRiskAversion__Cost-1__Fee-British__Starts-50","17","43","1","D","8","15","D Offer","D Liability Signal: 10;P Files: 1;D Answers: 1;D Defaults: 2","10,1,1,2","0","true","","","1","0.05","0.10000000000000001","","",""
"Specification-ModerateRiskAversion__Cost-1__Fee-British__Starts-50","17","43","1","D","8","15","D Offer","D Liability Signal: 10;P Files: 1;D Answers: 1;D Defaults: 2","10,1,1,2","0","true","","","2","0.15","0.10000000000000001","","",""
"Specification-ModerateRiskAversion__Cost-1__Fee-British__Starts-50","17","43","1","D","8","15","D Offer","D Liability Signal: 10;P Files: 1;D Answers: 1;D Defaults: 2","10,1,1,2","0","true","","","3","0.25","0.10000000000000001","","",""
"Specification-ModerateRiskAversion__Cost-1__Fee-British__Starts-50","17","43","1","D","8","15","D Offer","D Liability Signal: 10;P Files: 1;D Answers: 1;D Defaults: 2","10,1,1,2","0","true","","","4","0.35","0.10000000000000001","","",""
"Specification-ModerateRiskAversion__Cost-1__Fee-British__Starts-50","17","43","1","D","8","15","D Offer","D Liability Signal: 10;P Files: 1;D Answers: 1;D Defaults: 2","10,1,1,2","0","true","","","5","0.45","0.10000000000000001","","",""
"Specification-ModerateRiskAversion__Cost-1__Fee-British__Starts-50","17","43","1","D","8","15","D Offer","D Liability Signal: 10;P Files: 1;D Answers: 1;D Defaults: 2","10,1,1,2","0","true","","","6","0.55","0.10000000000000001","","",""
"Specification-ModerateRiskAversion__Cost-1__Fee-British__Starts-50","17","43","1","D","8","15","D Offer","D Liability Signal: 10;P Files: 1;D Answers: 1;D Defaults: 2","10,1,1,2","0","true","","","7","0.65","0.10000000000000001","","",""
"Specification-ModerateRiskAversion__Cost-1__Fee-British__Starts-50","17","43","1","D","8","15","D Offer","D Liability Signal: 10;P Files: 1;D Answers: 1;D Defaults: 2","10,1,1,2","0","true","","","8","0.75","0.10000000000000001","","",""
"Specification-ModerateRiskAversion__Cost-1__Fee-British__Starts-50","17","43","1","D","8","15","D Offer","D Liability Signal: 10;P Files: 1;D Answers: 1;D Defaults: 2","10,1,1,2","0","true","","","9","0.85","0.10000000000000001","","",""
"Specification-ModerateRiskAversion__Cost-1__Fee-British__Starts-50","17","43","1","D","8","15","D Offer","D Liability Signal: 10;P Files: 1;D Answers: 1;D Defaults: 2","10,1,1,2","0","true","","","10","0.95","0.10000000000000001","","",""
