"OptionSetName","Equilibrium Number","Information Set Number","Player Index","Player","Decision Index","Decision Code","Decision","Information Set Labels","Information Set Contents","Equilibrium Reach Probability","Off Path","Conditional Information-Set Utility","Best Action Utility","Action","Action Label","Equilibrium Action Probability","Conditional Action Utility","Utility Loss from Best Action","Is Best Action"
"Specification-ModerateRiskAversion__Cost-1__Fee-British__Starts-50","11","0","0","P","2","9","P Files","P Liability Signal: 1","1","0.080450000000000008","false","999.9999996429998","999.9999996429998","1","Yes","0","999.86101462664658","0.13898501635321736","false"
"Specification-ModerateRiskAversion__Cost-1__Fee-British__Starts-50","11","0","0","P","2","9","P Files","P Liability Signal: 1","1","0.080450000000000008","false","999.9999996429998","999.9999996429998","2","No","1","999.9999996429998","0","true"
"Specification-ModerateRiskAversion__Cost-1__Fee-British__Starts-50","11","2","0","P","5","20","P Abandons","P Liability Signal: 1;P Files: 1;D Answers: 1","1,1,1","0","true","","","1","Yes","0.5","","",""
"Specification-ModerateRiskAversion__Cost-1__Fee-British__Starts-50","11","2","0","P","5","20","P Abandons","P Liability Signal: 1;P Files: 1;D Answers: 1","1,1,1","0","true","","","2","No","0.5","","",""
"Specification-ModerateRiskAversion__Cost-1__Fee-British__Starts-50","11","4","0","P","7","14","P Offer","P Liability Signal: 1;P Files: 1;D Answers: 1;P Abandons: 1","1,1,1,1","0","true","","","1","0.05","0.10000000000000001","","",""
"Specification-ModerateRiskAversion__Cost-1__Fee-British__Starts-50","11","4","0","P","7","14","P Offer","P Liability Signal: 1;P Files: 1;D Answers: 1;P Abandons: 1","1,1,1,1","0","true","","","2","0.15","0.10000000000000001","","",""
"Specification-ModerateRiskAversion__Cost-1__Fee-British__Starts-50","11","4","0","P","7","14","P Offer","P Liability Signal: 1;P Files: 1;D Answers: 1;P Abandons: 1","1,1,1,1","0","true","","","3","0.25","0.10000000000000001","","",""
"Specification-ModerateRiskAversion__Cost-1__Fee-British__Starts-50","11","4","0","P","7","14","P Offer","P Liability Signal: 1;P Files: 1;D Answers: 1;P Abandons: 1","1,1,1,1","0","true","","","4","0.35","0.10000000000000001","","",""
"Specification-ModerateRiskAversion__Cost-1__Fee-British__Starts-50","11","4","0","P","7","14","P Offer","P Liability Signal: 1;P Files: 1;D Answers: 1;P Abandons: 1","1,1,1,1","0","true","","","5","0.45","0.10000000000000001","","",""
"Specification-ModerateRiskAversion__Cost-1__Fee-British__Starts-50","11","4","0","P","7","14","P Offer","P Liability Signal: 1;P Files: 1;D Answers: 1;P Abandons: 1","1,1,1,1","0","true","","","6","0.55","0.10000000000000001","","",""
"Specification-ModerateRiskAversion__Cost-1__Fee-British__Starts-50","11","4","0","P","7","14","P Offer","P Liability Signal: 1;P Files: 1;D Answers: 1;P Abandons: 1","1,1,1,1","0","true","","","7","0.65","0.10000000000000001","","",""
"Specification-ModerateRiskAversion__Cost-1__Fee-British__Starts-50","11","4","0","P","7","14","P Offer","P Liability Signal: 1;P Files: 1;D Answers: 1;P Abandons: 1","1,1,1,1","0","true","","","8","0.75","0.10000000000000001","","",""
"Specification-ModerateRiskAversion__Cost-1__Fee-British__Starts-50","11","4","0","P","7","14","P Offer","P Liability Signal: 1;P Files: 1;D Answers: 1;P Abandons: 1","1,1,1,1","0","true","","","9","0.85","0.10000000000000001","","",""
"Specification-ModerateRiskAversion__Cost-1__Fee-British__Starts-50","11","4","0","P","7","14","P Offer","P Liability Signal: 1;P Files: 1;D Answers: 1;P Abandons: 1","1,1,1,1","0","true","","","10","0.95","0.10000000000000001","","",""
"Specification-ModerateRiskAversion__Cost-1__Fee-British__Starts-50","11","7","0","P","7","14","P Offer","P Liability Signal: 1;P Files: 1;D Answers: 1;P Abandons: 2","1,1,1,2","0","true","","","1","0.05","0.10000000000000001","","",""
"Specification-ModerateRiskAversion__Cost-1__Fee-British__Starts-50","11","7","0","P","7","14","P Offer","P Liability Signal: 1;P Files: 1;D Answers: 1;P Abandons: 2","1,1,1,2","0","true","","","2","0.15","0.10000000000000001","","",""
"Specification-ModerateRiskAversion__Cost-1__Fee-British__Starts-50","11","7","0","P","7","14","P Offer","P Liability Signal: 1;P Files: 1;D Answers: 1;P Abandons: 2","1,1,1,2","0","true","","","3","0.25","0.10000000000000001","","",""
"Specification-ModerateRiskAversion__Cost-1__Fee-British__Starts-50","11","7","0","P","7","14","P Offer","P Liability Signal: 1;P Files: 1;D Answers: 1;P Abandons: 2","1,1,1,2","0","true","","","4","0.35","0.10000000000000001","","",""
"Specification-ModerateRiskAversion__Cost-1__Fee-British__Starts-50","11","7","0","P","7","14","P Offer","P Liability Signal: 1;P Files: 1;D Answers: 1;P Abandons: 2","1,1,1,2","0","true","","","5","0.45","0.10000000000000001","","",""
"Specification-ModerateRiskAversion__Cost-1__Fee-British__Starts-50","11","7","0","P","7","14","P Offer","P Liability Signal: 1;P Files: 1;D Answers: 1;P Abandons: 2","1,1,1,2","0","true","","","6","0.55","0.10000000000000001","","",""
"Specification-ModerateRiskAversion__Cost-1__Fee-British__Starts-50","11","7","0","P","7","14","P Offer","P Liability Signal: 1;P Files: 1;D Answers: 1;P Abandons: 2","1,1,1,2","0","true","","","7","0.65","0.10000000000000001","","",""
"Specification-ModerateRiskAversion__Cost-1__Fee-British__Starts-50","11","7","0","P","7","14","P Offer","P Liability Signal: 1;P Files: 1;D Answers: 1;P Abandons: 2","1,1,1,2","0","true","","","8","0.75","0.10000000000000001","","",""
"Specification-ModerateRiskAversion__Cost-1__Fee-British__Starts-50","11","7","0","P","7","14","P Offer","P Liability Signal: 1;P Files: 1;D Answers: 1;P Abandons: 2","1,1,1,2","0","true","","","9","0.85","0.10000000000000001","","",""
"Specification-ModerateRiskAversion__Cost-1__Fee-British__Starts-50","11","7","0","P","7","14","P Offer","P Liability Signal: 1;P Files: 1;D Answers: 1;P Abandons: 2","1,1,1,2","0","true","","","10","0.95","0.10000000000000001","","",""
"Specification-ModerateRiskAversion__Cost-1__Fee-British__Starts-50","11","44","0","P","2","9","P Files","P Liability Signal: 2","2","0.097680000000000017","false","999.99999964300014","999.99999964300014","1","Yes","0","999.88485361110236","0.11514603189777972","false"
"Specification-ModerateRiskAversion__Cost-1__Fee-British__Starts-50","11","44","0","P","2","9","P Files","P Liability Signal: 2","2","0.097680000000000017","false","999.99999964300014","999.99999964300014","2","No","1","999.99999964300014","0","true"
"Specification-ModerateRiskAversion__Cost-1__Fee-British__Starts-50","11","45","0","P","5","20","P Abandons","P Liability Signal: 2;P Files: 1;D Answers: 1","2,1,1","0","true","","","1","Yes","0.5","","",""
"Specification-ModerateRiskAversion__Cost-1__Fee-British__Starts-50","11","45","0","P","5","20","P Abandons","P Liability Signal: 2;P Files: 1;D Answers: 1","2,1,1","0","true","","","2","No","0.5","","",""
"Specification-ModerateRiskAversion__Cost-1__Fee-British__Starts-50","11","46","0","P","7","14","P Offer","P Liability Signal: 2;P Files: 1;D Answers: 1;P Abandons: 1","2,1,1,1","0","true","","","1","0.05","0.10000000000000001","","",""
"Specification-ModerateRiskAversion__Cost-1__Fee-British__Starts-50","11","46","0","P","7","14","P Offer","P Liability Signal: 2;P Files: 1;D Answers: 1;P Abandons: 1","2,1,1,1","0","true","","","2","0.15","0.10000000000000001","","",""
"Specification-ModerateRiskAversion__Cost-1__Fee-British__Starts-50","11","46","0","P","7","14","P Offer","P Liability Signal: 2;P Files: 1;D Answers: 1;P Abandons: 1","2,1,1,1","0","true","","","3","0.25","0.10000000000000001","","",""
"Specification-ModerateRiskAversion__Cost-1__Fee-British__Starts-50","11","46","0","P","7","14","P Offer","P Liability Signal: 2;P Files: 1;D Answers: 1;P Abandons: 1","2,1,1,1","0","true","","","4","0.35","0.10000000000000001","","",""
"Specification-ModerateRiskAversion__Cost-1__Fee-British__Starts-50","11","46","0","P","7","14","P Offer","P Liability Signal: 2;P Files: 1;D Answers: 1;P Abandons: 1","2,1,1,1","0","true","","","5","0.45","0.10000000000000001","","",""
"Specification-ModerateRiskAversion__Cost-1__Fee-British__Starts-50","11","46","0","P","7","14","P Offer","P Liability Signal: 2;P Files: 1;D Answers: 1;P Abandons: 1","2,1,1,1","0","true","","","6","0.55","0.10000000000000001","","",""
"Specification-ModerateRiskAversion__Cost-1__Fee-British__Starts-50","11","46","0","P","7","14","P Offer","P Liability Signal: 2;P Files: 1;D Answers: 1;P Abandons: 1","2,1,1,1","0","true","","","7","0.65","0.10000000000000001","","",""
"Specification-ModerateRiskAversion__Cost-1__Fee-British__Starts-50","11","46","0","P","7","14","P Offer","P Liability Signal: 2;P Files: 1;D Answers: 1;P Abandons: 1","2,1,1,1","0","true","","","8","0.75","0.10000000000000001","","",""
"Specification-ModerateRiskAversion__Cost-1__Fee-British__Starts-50","11","46","0","P","7","14","P Offer","P Liability Signal: 2;P Files: 1;D Answers: 1;P Abandons: 1","2,1,1,1","0","true","","","9","0.85","0.10000000000000001","","",""
"Specification-ModerateRiskAversion__Cost-1__Fee-British__Starts-50","11","46","0","P","7","14","P Offer","P Liability Signal: 2;P Files: 1;D Answers: 1;P Abandons: 1","2,1,1,1","0","true","","","10","0.95","0.10000000000000001","","",""
"Specification-ModerateRiskAversion__Cost-1__Fee-British__Starts-50","11","47","0","P","7","14","P Offer","P Liability Signal: 2;P Files: 1;D Answers: 1;P Abandons: 2","2,1,1,2","0","true","","","1","0.05","0.10000000000000001","","",""
"Specification-ModerateRiskAversion__Cost-1__Fee-British__Starts-50","11","47","0","P","7","14","P Offer","P Liability Signal: 2;P Files: 1;D Answers: 1;P Abandons: 2","2,1,1,2","0","true","","","2","0.15","0.10000000000000001","","",""
"Specification-ModerateRiskAversion__Cost-1__Fee-British__Starts-50","11","47","0","P","7","14","P Offer","P Liability Signal: 2;P Files: 1;D Answers: 1;P Abandons: 2","2,1,1,2","0","true","","","3","0.25","0.10000000000000001","","",""
"Specification-ModerateRiskAversion__Cost-1__Fee-British__Starts-50","11","47","0","P","7","14","P Offer","P Liability Signal: 2;P Files: 1;D Answers: 1;P Abandons: 2","2,1,1,2","0","true","","","4","0.35","0.10000000000000001","","",""
"Specification-ModerateRiskAversion__Cost-1__Fee-British__Starts-50","11","47","0","P","7","14","P Offer","P Liability Signal: 2;P Files: 1;D Answers: 1;P Abandons: 2","2,1,1,2","0","true","","","5","0.45","0.10000000000000001","","",""
"Specification-ModerateRiskAversion__Cost-1__Fee-British__Starts-50","11","47","0","P","7","14","P Offer","P Liability Signal: 2;P Files: 1;D Answers: 1;P Abandons: 2","2,1,1,2","0","true","","","6","0.55","0.10000000000000001","","",""
"Specification-ModerateRiskAversion__Cost-1__Fee-British__Starts-50","11","47","0","P","7","14","P Offer","P Liability Signal: 2;P Files: 1;D Answers: 1;P Abandons: 2","2,1,1,2","0","true","","","7","0.65","0.10000000000000001","","",""
"Specification-ModerateRiskAversion__Cost-1__Fee-British__Starts-50","11","47","0","P","7","14","P Offer","P Liability Signal: 2;P Files: 1;D Answers: 1;P Abandons: 2","2,1,1,2","0","true","","","8","0.75","0.10000000000000001","","",""
"Specification-ModerateRiskAversion__Cost-1__Fee-British__Starts-50","11","47","0","P","7","14","P Offer","P Liability Signal: 2;P Files: 1;D Answers: 1;P Abandons: 2","2,1,1,2","0","true","","","9","0.85","0.10000000000000001","","",""
"Specification-ModerateRiskAversion__Cost-1__Fee-British__Starts-50","11","47","0","P","7","14","P Offer","P Liability Signal: 2;P Files: 1;D Answers: 1;P Abandons: 2","2,1,1,2","0","true","","","10","0.95","0.10000000000000001","","",""
"Specification-ModerateRiskAversion__Cost-1__Fee-British__Starts-50","11","48","0","P","2","9","P Files","P Liability Signal: 3","3","0.10618","false","999.99999964300014","999.99999964299991","1","Yes","0.36677675721688346","999.99999964299991","0","true"
"Specification-ModerateRiskAversion__Cost-1__Fee-British__Starts-50","11","48","0","P","2","9","P Files","P Liability Signal: 3","3","0.10618","false","999.99999964300014","999.99999964299991","2","No","0.63322324278311659","999.9999996429998","1.1368683772161603E-13","true"
"Specification-ModerateRiskAversion__Cost-1__Fee-British__Starts-50","11","49","0","P","5","20","P Abandons","P Liability Signal: 3;P Files: 1;D Answers: 1","3,1,1","0.035020403063857272","false","999.9829134605427","999.9829134605427","1","Yes","0.23081431383612691","999.9829134605427","0","true"
"Specification-ModerateRiskAversion__Cost-1__Fee-British__Starts-50","11","49","0","P","5","20","P Abandons","P Liability Signal: 3;P Files: 1;D Answers: 1","3,1,1","0.035020403063857272","false","999.9829134605427","999.9829134605427","2","No","0.76918568616387306","999.98291346054248","2.2737367544323206E-13","true"
"Specification-ModerateRiskAversion__Cost-1__Fee-British__Starts-50","11","50","0","P","7","14","P Offer","P Liability Signal: 3;P Files: 1;D Answers: 1;P Abandons: 1","3,1,1,1","0.0080832103034488133","false","999.98291346054248","999.98291346054248","1","0.05","0","999.98291346054248","0","true"
"Specification-ModerateRiskAversion__Cost-1__Fee-British__Starts-50","11","50","0","P","7","14","P Offer","P Liability Signal: 3;P Files: 1;D Answers: 1;P Abandons: 1","3,1,1,1","0.0080832103034488133","false","999.98291346054248","999.98291346054248","2","0.15","0","999.9713631397716","0.011550320770879807","false"
"Specification-ModerateRiskAversion__Cost-1__Fee-British__Starts-50","11","50","0","P","7","14","P Offer","P Liability Signal: 3;P Files: 1;D Answers: 1;P Abandons: 1","3,1,1,1","0.0080832103034488133","false","999.98291346054248","999.98291346054248","3","0.25","0","999.97560515937198","0.0073083011704966339","false"
"Specification-ModerateRiskAversion__Cost-1__Fee-British__Starts-50","11","50","0","P","7","14","P Offer","P Liability Signal: 3;P Files: 1;D Answers: 1;P Abandons: 1","3,1,1,1","0.0080832103034488133","false","999.98291346054248","999.98291346054248","4","0.35","0","999.97944206249952","0.0034713980429614821","false"
"Specification-ModerateRiskAversion__Cost-1__Fee-British__Starts-50","11","50","0","P","7","14","P Offer","P Liability Signal: 3;P Files: 1;D Answers: 1;P Abandons: 1","3,1,1,1","0.0080832103034488133","false","999.98291346054248","999.98291346054248","5","0.45","1","999.98291346054248","0","true"
"Specification-ModerateRiskAversion__Cost-1__Fee-British__Starts-50","11","50","0","P","7","14","P Offer","P Liability Signal: 3;P Files: 1;D Answers: 1;P Abandons: 1","3,1,1,1","0.0080832103034488133","false","999.98291346054248","999.98291346054248","6","0.55","0","999.96983269976306","0.013080760779416778","false"
"Specification-ModerateRiskAversion__Cost-1__Fee-British__Starts-50","11","50","0","P","7","14","P Offer","P Liability Signal: 3;P Files: 1;D Answers: 1;P Abandons: 1","3,1,1,1","0.0080832103034488133","false","999.98291346054248","999.98291346054248","7","0.65","0","999.96983269976306","0.013080760779416778","false"
"Specification-ModerateRiskAversion__Cost-1__Fee-British__Starts-50","11","50","0","P","7","14","P Offer","P Liability Signal: 3;P Files: 1;D Answers: 1;P Abandons: 1","3,1,1,1","0.0080832103034488133","false","999.98291346054248","999.98291346054248","8","0.75","0","999.96983269976306","0.013080760779416778","false"
"Specification-ModerateRiskAversion__Cost-1__Fee-British__Starts-50","11","50","0","P","7","14","P Offer","P Liability Signal: 3;P Files: 1;D Answers: 1;P Abandons: 1","3,1,1,1","0.0080832103034488133","false","999.98291346054248","999.98291346054248","9","0.85","0","999.96983269976306","0.013080760779416778","false"
"Specification-ModerateRiskAversion__Cost-1__Fee-British__Starts-50","11","50","0","P","7","14","P Offer","P Liability Signal: 3;P Files: 1;D Answers: 1;P Abandons: 1","3,1,1,1","0.0080832103034488133","false","999.98291346054248","999.98291346054248","10","0.95","0","999.96983269976306","0.013080760779416778","false"
"Specification-ModerateRiskAversion__Cost-1__Fee-British__Starts-50","11","51","0","P","7","14","P Offer","P Liability Signal: 3;P Files: 1;D Answers: 1;P Abandons: 2","3,1,1,2","0.026937192760408457","false","999.9829134605427","999.9829134605427","1","0.05","1","999.9829134605427","0","true"
"Specification-ModerateRiskAversion__Cost-1__Fee-British__Starts-50","11","51","0","P","7","14","P Offer","P Liability Signal: 3;P Files: 1;D Answers: 1;P Abandons: 2","3,1,1,2","0.026937192760408457","false","999.9829134605427","999.9829134605427","2","0.15","0","999.76963767703126","0.21327578351144894","false"
"Specification-ModerateRiskAversion__Cost-1__Fee-British__Starts-50","11","51","0","P","7","14","P Offer","P Liability Signal: 3;P Files: 1;D Answers: 1;P Abandons: 2","3,1,1,2","0.026937192760408457","false","999.9829134605427","999.9829134605427","3","0.25","0","999.77387969663164","0.20903376391106576","false"
"Specification-ModerateRiskAversion__Cost-1__Fee-British__Starts-50","11","51","0","P","7","14","P Offer","P Liability Signal: 3;P Files: 1;D Answers: 1;P Abandons: 2","3,1,1,2","0.026937192760408457","false","999.9829134605427","999.9829134605427","4","0.35","0","999.77771659975929","0.20519686078341692","false"
"Specification-ModerateRiskAversion__Cost-1__Fee-British__Starts-50","11","51","0","P","7","14","P Offer","P Liability Signal: 3;P Files: 1;D Answers: 1;P Abandons: 2","3,1,1,2","0.026937192760408457","false","999.9829134605427","999.9829134605427","5","0.45","0","999.78118799780248","0.20172546274022807","false"
"Specification-ModerateRiskAversion__Cost-1__Fee-British__Starts-50","11","51","0","P","7","14","P Offer","P Liability Signal: 3;P Files: 1;D Answers: 1;P Abandons: 2","3,1,1,2","0.026937192760408457","false","999.9829134605427","999.9829134605427","6","0.55","0","999.80321192978579","0.17970153075691542","false"
"Specification-ModerateRiskAversion__Cost-1__Fee-British__Starts-50","11","51","0","P","7","14","P Offer","P Liability Signal: 3;P Files: 1;D Answers: 1;P Abandons: 2","3,1,1,2","0.026937192760408457","false","999.9829134605427","999.9829134605427","7","0.65","0","999.80321192978579","0.17970153075691542","false"
"Specification-ModerateRiskAversion__Cost-1__Fee-British__Starts-50","11","51","0","P","7","14","P Offer","P Liability Signal: 3;P Files: 1;D Answers: 1;P Abandons: 2","3,1,1,2","0.026937192760408457","false","999.9829134605427","999.9829134605427","8","0.75","0","999.80321192978579","0.17970153075691542","false"
"Specification-ModerateRiskAversion__Cost-1__Fee-British__Starts-50","11","51","0","P","7","14","P Offer","P Liability Signal: 3;P Files: 1;D Answers: 1;P Abandons: 2","3,1,1,2","0.026937192760408457","false","999.9829134605427","999.9829134605427","9","0.85","0","999.80321192978579","0.17970153075691542","false"
"Specification-ModerateRiskAversion__Cost-1__Fee-British__Starts-50","11","51","0","P","7","14","P Offer","P Liability Signal: 3;P Files: 1;D Answers: 1;P Abandons: 2","3,1,1,2","0.026937192760408457","false","999.9829134605427","999.9829134605427","10","0.95","0","999.80321192978579","0.17970153075691542","false"
"Specification-ModerateRiskAversion__Cost-1__Fee-British__Starts-50","11","52","0","P","2","9","P Files","P Liability Signal: 4","4","0.1081","false","1000.021875240295","1000.021875240295","1","Yes","1","1000.021875240295","0","true"
"Specification-ModerateRiskAversion__Cost-1__Fee-British__Starts-50","11","52","0","P","2","9","P Files","P Liability Signal: 4","4","0.1081","false","1000.021875240295","1000.021875240295","2","No","0","999.99999964300025","0.021875597294751969","false"
"Specification-ModerateRiskAversion__Cost-1__Fee-British__Starts-50","11","53","0","P","5","20","P Abandons","P Liability Signal: 4;P Files: 1;D Answers: 1","4,1,1","0.089548842292176745","false","999.99481676645848","999.99481676645848","1","Yes","1","999.99481676645848","0","true"
"Specification-ModerateRiskAversion__Cost-1__Fee-British__Starts-50","11","53","0","P","5","20","P Abandons","P Liability Signal: 4;P Files: 1;D Answers: 1","4,1,1","0.089548842292176745","false","999.99481676645848","999.99481676645848","2","No","0","999.86008070673677","0.13473605972171754","false"
"Specification-ModerateRiskAversion__Cost-1__Fee-British__Starts-50","11","54","0","P","7","14","P Offer","P Liability Signal: 4;P Files: 1;D Answers: 1;P Abandons: 1","4,1,1,1","0.089548842292176731","false","999.99481676645871","999.99481676645871","1","0.05","0","999.98889713793949","0.005919628519222897","false"
"Specification-ModerateRiskAversion__Cost-1__Fee-British__Starts-50","11","54","0","P","7","14","P Offer","P Liability Signal: 4;P Files: 1;D Answers: 1;P Abandons: 1","4,1,1,1","0.089548842292176731","false","999.99481676645871","999.99481676645871","2","0.15","0","999.98041315716466","0.014403609294049602","false"
"Specification-ModerateRiskAversion__Cost-1__Fee-British__Starts-50","11","54","0","P","7","14","P Offer","P Liability Signal: 4;P Files: 1;D Answers: 1;P Abandons: 1","4,1,1,1","0.089548842292176731","false","999.99481676645871","999.99481676645871","3","0.25","0","999.98570308756155","0.0091136788971653004","false"
"Specification-ModerateRiskAversion__Cost-1__Fee-British__Starts-50","11","54","0","P","7","14","P Offer","P Liability Signal: 4;P Files: 1;D Answers: 1;P Abandons: 1","4,1,1,1","0.089548842292176731","false","999.99481676645871","999.99481676645871","4","0.35","0","999.99048782511522","0.0043289413434877133","false"
"Specification-ModerateRiskAversion__Cost-1__Fee-British__Starts-50","11","54","0","P","7","14","P Offer","P Liability Signal: 4;P Files: 1;D Answers: 1;P Abandons: 1","4,1,1,1","0.089548842292176731","false","999.99481676645871","999.99481676645871","5","0.45","1","999.99481676645871","0","true"
"Specification-ModerateRiskAversion__Cost-1__Fee-British__Starts-50","11","54","0","P","7","14","P Offer","P Liability Signal: 4;P Files: 1;D Answers: 1;P Abandons: 1","4,1,1,1","0.089548842292176731","false","999.99481676645871","999.99481676645871","6","0.55","0","999.97850465086697","0.016312115591745169","false"
"Specification-ModerateRiskAversion__Cost-1__Fee-British__Starts-50","11","54","0","P","7","14","P Offer","P Liability Signal: 4;P Files: 1;D Answers: 1;P Abandons: 1","4,1,1,1","0.089548842292176731","false","999.99481676645871","999.99481676645871","7","0.65","0","999.97850465086697","0.016312115591745169","false"
"Specification-ModerateRiskAversion__Cost-1__Fee-British__Starts-50","11","54","0","P","7","14","P Offer","P Liability Signal: 4;P Files: 1;D Answers: 1;P Abandons: 1","4,1,1,1","0.089548842292176731","false","999.99481676645871","999.99481676645871","8","0.75","0","999.97850465086697","0.016312115591745169","false"
"Specification-ModerateRiskAversion__Cost-1__Fee-British__Starts-50","11","54","0","P","7","14","P Offer","P Liability Signal: 4;P Files: 1;D Answers: 1;P Abandons: 1","4,1,1,1","0.089548842292176731","false","999.99481676645871","999.99481676645871","9","0.85","0","999.97850465086697","0.016312115591745169","false"
"Specification-ModerateRiskAversion__Cost-1__Fee-British__Starts-50","11","54","0","P","7","14","P Offer","P Liability Signal: 4;P Files: 1;D Answers: 1;P Abandons: 1","4,1,1,1","0.089548842292176731","false","999.99481676645871","999.99481676645871","10","0.95","0","999.97850465086697","0.016312115591745169","false"
"Specification-ModerateRiskAversion__Cost-1__Fee-British__Starts-50","11","55","0","P","7","14","P Offer","P Liability Signal: 4;P Files: 1;D Answers: 1;P Abandons: 2","4,1,1,2","0","true","","","1","0.05","0.10000000000000001","","",""
"Specification-ModerateRiskAversion__Cost-1__Fee-British__Starts-50","11","55","0","P","7","14","P Offer","P Liability Signal: 4;P Files: 1;D Answers: 1;P Abandons: 2","4,1,1,2","0","true","","","2","0.15","0.10000000000000001","","",""
"Specification-ModerateRiskAversion__Cost-1__Fee-British__Starts-50","11","55","0","P","7","14","P Offer","P Liability Signal: 4;P Files: 1;D Answers: 1;P Abandons: 2","4,1,1,2","0","true","","","3","0.25","0.10000000000000001","","",""
"Specification-ModerateRiskAversion__Cost-1__Fee-British__Starts-50","11","55","0","P","7","14","P Offer","P Liability Signal: 4;P Files: 1;D Answers: 1;P Abandons: 2","4,1,1,2","0","true","","","4","0.35","0.10000000000000001","","",""
"Specification-ModerateRiskAversion__Cost-1__Fee-British__Starts-50","11","55","0","P","7","14","P Offer","P Liability Signal: 4;P Files: 1;D Answers: 1;P Abandons: 2","4,1,1,2","0","true","","","5","0.45","0.10000000000000001","","",""
"Specification-ModerateRiskAversion__Cost-1__Fee-British__Starts-50","11","55","0","P","7","14","P Offer","P Liability Signal: 4;P Files: 1;D Answers: 1;P Abandons: 2","4,1,1,2","0","true","","","6","0.55","0.10000000000000001","","",""
"Specification-ModerateRiskAversion__Cost-1__Fee-British__Starts-50","11","55","0","P","7","14","P Offer","P Liability Signal: 4;P Files: 1;D Answers: 1;P Abandons: 2","4,1,1,2","0","true","","","7","0.65","0.10000000000000001","","",""
"Specification-ModerateRiskAversion__Cost-1__Fee-British__Starts-50","11","55","0","P","7","14","P Offer","P Liability Signal: 4;P Files: 1;D Answers: 1;P Abandons: 2","4,1,1,2","0","true","","","8","0.75","0.10000000000000001","","",""
"Specification-ModerateRiskAversion__Cost-1__Fee-British__Starts-50","11","55","0","P","7","14","P Offer","P Liability Signal: 4;P Files: 1;D Answers: 1;P Abandons: 2","4,1,1,2","0","true","","","9","0.85","0.10000000000000001","","",""
"Specification-ModerateRiskAversion__Cost-1__Fee-British__Starts-50","11","55","0","P","7","14","P Offer","P Liability Signal: 4;P Files: 1;D Answers: 1;P Abandons: 2","4,1,1,2","0","true","","","10","0.95","0.10000000000000001","","",""
"Specification-ModerateRiskAversion__Cost-1__Fee-British__Starts-50","11","56","0","P","2","9","P Files","P Liability Signal: 5","5","0.1076","false","1000.0481750509634","1000.0481750509634","1","Yes","1","1000.0481750509634","0","true"
"Specification-ModerateRiskAversion__Cost-1__Fee-British__Starts-50","11","56","0","P","2","9","P Files","P Liability Signal: 5","5","0.1076","false","1000.0481750509634","1000.0481750509634","2","No","0","999.99999964300014","0.048175407963299222","false"
"Specification-ModerateRiskAversion__Cost-1__Fee-British__Starts-50","11","57","0","P","5","20","P Abandons","P Liability Signal: 5;P Files: 1;D Answers: 1","5,1,1","0.077955343972529012","false","1000.0085064326863","1000.0085064326863","1","Yes","1","1000.0085064326863","0","true"
"Specification-ModerateRiskAversion__Cost-1__Fee-British__Starts-50","11","57","0","P","5","20","P Abandons","P Liability Signal: 5;P Files: 1;D Answers: 1","5,1,1","0.077955343972529012","false","1000.0085064326863","1000.0085064326863","2","No","0","999.91515482676925","0.093351605917064262","false"
"Specification-ModerateRiskAversion__Cost-1__Fee-British__Starts-50","11","58","0","P","7","14","P Offer","P Liability Signal: 5;P Files: 1;D Answers: 1;P Abandons: 1","5,1,1,1","0.077955343972529012","false","1000.0085064326863","1000.0085064326863","1","0.05","0","999.99577880148331","0.01272763120300624","false"
"Specification-ModerateRiskAversion__Cost-1__Fee-British__Starts-50","11","58","0","P","7","14","P Offer","P Liability Signal: 5;P Files: 1;D Answers: 1;P Abandons: 1","5,1,1,1","0.077955343972529012","false","1000.0085064326863","1000.0085064326863","2","0.15","0","999.99082133438367","0.017685098302649749","false"
"Specification-ModerateRiskAversion__Cost-1__Fee-British__Starts-50","11","58","0","P","7","14","P Offer","P Liability Signal: 5;P Files: 1;D Answers: 1;P Abandons: 1","5,1,1,1","0.077955343972529012","false","1000.0085064326863","1000.0085064326863","3","0.25","0","999.99731643829648","0.011189994389837921","false"
"Specification-ModerateRiskAversion__Cost-1__Fee-British__Starts-50","11","58","0","P","7","14","P Offer","P Liability Signal: 5;P Files: 1;D Answers: 1;P Abandons: 1","5,1,1,1","0.077955343972529012","false","1000.0085064326863","1000.0085064326863","4","0.35","0","1000.0031912542721","0.0053151784142073666","false"
"Specification-ModerateRiskAversion__Cost-1__Fee-British__Starts-50","11","58","0","P","7","14","P Offer","P Liability Signal: 5;P Files: 1;D Answers: 1;P Abandons: 1","5,1,1,1","0.077955343972529012","false","1000.0085064326863","1000.0085064326863","5","0.45","1","1000.0085064326863","0","true"
"Specification-ModerateRiskAversion__Cost-1__Fee-British__Starts-50","11","58","0","P","7","14","P Offer","P Liability Signal: 5;P Files: 1;D Answers: 1;P Abandons: 1","5,1,1,1","0.077955343972529012","false","1000.0085064326863","1000.0085064326863","6","0.55","0","999.98847802439809","0.020028408288226274","false"
"Specification-ModerateRiskAversion__Cost-1__Fee-British__Starts-50","11","58","0","P","7","14","P Offer","P Liability Signal: 5;P Files: 1;D Answers: 1;P Abandons: 1","5,1,1,1","0.077955343972529012","false","1000.0085064326863","1000.0085064326863","7","0.65","0","999.98847802439809","0.020028408288226274","false"
"Specification-ModerateRiskAversion__Cost-1__Fee-British__Starts-50","11","58","0","P","7","14","P Offer","P Liability Signal: 5;P Files: 1;D Answers: 1;P Abandons: 1","5,1,1,1","0.077955343972529012","false","1000.0085064326863","1000.0085064326863","8","0.75","0","999.98847802439809","0.020028408288226274","false"
"Specification-ModerateRiskAversion__Cost-1__Fee-British__Starts-50","11","58","0","P","7","14","P Offer","P Liability Signal: 5;P Files: 1;D Answers: 1;P Abandons: 1","5,1,1,1","0.077955343972529012","false","1000.0085064326863","1000.0085064326863","9","0.85","0","999.98847802439809","0.020028408288226274","false"
"Specification-ModerateRiskAversion__Cost-1__Fee-British__Starts-50","11","58","0","P","7","14","P Offer","P Liability Signal: 5;P Files: 1;D Answers: 1;P Abandons: 1","5,1,1,1","0.077955343972529012","false","1000.0085064326863","1000.0085064326863","10","0.95","0","999.98847802439809","0.020028408288226274","false"
"Specification-ModerateRiskAversion__Cost-1__Fee-British__Starts-50","11","59","0","P","7","14","P Offer","P Liability Signal: 5;P Files: 1;D Answers: 1;P Abandons: 2","5,1,1,2","0","true","","","1","0.05","0.10000000000000001","","",""
"Specification-ModerateRiskAversion__Cost-1__Fee-British__Starts-50","11","59","0","P","7","14","P Offer","P Liability Signal: 5;P Files: 1;D Answers: 1;P Abandons: 2","5,1,1,2","0","true","","","2","0.15","0.10000000000000001","","",""
"Specification-ModerateRiskAversion__Cost-1__Fee-British__Starts-50","11","59","0","P","7","14","P Offer","P Liability Signal: 5;P Files: 1;D Answers: 1;P Abandons: 2","5,1,1,2","0","true","","","3","0.25","0.10000000000000001","","",""
"Specification-ModerateRiskAversion__Cost-1__Fee-British__Starts-50","11","59","0","P","7","14","P Offer","P Liability Signal: 5;P Files: 1;D Answers: 1;P Abandons: 2","5,1,1,2","0","true","","","4","0.35","0.10000000000000001","","",""
"Specification-ModerateRiskAversion__Cost-1__Fee-British__Starts-50","11","59","0","P","7","14","P Offer","P Liability Signal: 5;P Files: 1;D Answers: 1;P Abandons: 2","5,1,1,2","0","true","","","5","0.45","0.10000000000000001","","",""
"Specification-ModerateRiskAversion__Cost-1__Fee-British__Starts-50","11","59","0","P","7","14","P Offer","P Liability Signal: 5;P Files: 1;D Answers: 1;P Abandons: 2","5,1,1,2","0","true","","","6","0.55","0.10000000000000001","","",""
"Specification-ModerateRiskAversion__Cost-1__Fee-British__Starts-50","11","59","0","P","7","14","P Offer","P Liability Signal: 5;P Files: 1;D Answers: 1;P Abandons: 2","5,1,1,2","0","true","","","7","0.65","0.10000000000000001","","",""
"Specification-ModerateRiskAversion__Cost-1__Fee-British__Starts-50","11","59","0","P","7","14","P Offer","P Liability Signal: 5;P Files: 1;D Answers: 1;P Abandons: 2","5,1,1,2","0","true","","","8","0.75","0.10000000000000001","","",""
"Specification-ModerateRiskAversion__Cost-1__Fee-British__Starts-50","11","59","0","P","7","14","P Offer","P Liability Signal: 5;P Files: 1;D Answers: 1;P Abandons: 2","5,1,1,2","0","true","","","9","0.85","0.10000000000000001","","",""
"Specification-ModerateRiskAversion__Cost-1__Fee-British__Starts-50","11","59","0","P","7","14","P Offer","P Liability Signal: 5;P Files: 1;D Answers: 1;P Abandons: 2","5,1,1,2","0","true","","","10","0.95","0.10000000000000001","","",""
"Specification-ModerateRiskAversion__Cost-1__Fee-British__Starts-50","11","60","0","P","2","9","P Files","P Liability Signal: 6","6","0.10759999999999999","false","1000.0751422329898","1000.0751422329898","1","Yes","1","1000.0751422329898","0","true"
"Specification-ModerateRiskAversion__Cost-1__Fee-British__Starts-50","11","60","0","P","2","9","P Files","P Liability Signal: 6","6","0.10759999999999999","false","1000.0751422329898","1000.0751422329898","2","No","0","999.99999964300014","0.075142589989695807","false"
"Specification-ModerateRiskAversion__Cost-1__Fee-British__Starts-50","11","61","0","P","5","20","P Abandons","P Liability Signal: 6;P Files: 1;D Answers: 1","6,1,1","0.064091222728333411","false","1000.0226341574054","1000.0226341574054","1","Yes","1","1000.0226341574054","0","true"
"Specification-ModerateRiskAversion__Cost-1__Fee-British__Starts-50","11","61","0","P","5","20","P Abandons","P Liability Signal: 6;P Files: 1;D Answers: 1","6,1,1","0.064091222728333411","false","1000.0226341574054","1000.0226341574054","2","No","0","999.96852142627938","0.054112731125997016","false"
"Specification-ModerateRiskAversion__Cost-1__Fee-British__Starts-50","11","62","0","P","7","14","P Offer","P Liability Signal: 6;P Files: 1;D Answers: 1;P Abandons: 1","6,1,1,1","0.064091222728333411","false","1000.0226341574054","1000.0226341574054","1","0.05","0","1000.0028806728176","0.019753484587795356","false"
"Specification-ModerateRiskAversion__Cost-1__Fee-British__Starts-50","11","62","0","P","7","14","P Offer","P Liability Signal: 6;P Files: 1;D Answers: 1;P Abandons: 1","6,1,1,1","0.064091222728333411","false","1000.0226341574054","1000.0226341574054","2","0.15","0","1000.0015625650411","0.021071592364251046","false"
"Specification-ModerateRiskAversion__Cost-1__Fee-British__Starts-50","11","62","0","P","7","14","P Offer","P Liability Signal: 6;P Files: 1;D Answers: 1;P Abandons: 1","6,1,1,1","0.064091222728333411","false","1000.0226341574054","1000.0226341574054","3","0.25","0","1000.0093014070693","0.01333275033607606","false"
"Specification-ModerateRiskAversion__Cost-1__Fee-British__Starts-50","11","62","0","P","7","14","P Offer","P Liability Signal: 6;P Files: 1;D Answers: 1;P Abandons: 1","6,1,1,1","0.064091222728333411","false","1000.0226341574054","1000.0226341574054","4","0.35","0","1000.0163011831143","0.0063329742911264475","false"
"Specification-ModerateRiskAversion__Cost-1__Fee-British__Starts-50","11","62","0","P","7","14","P Offer","P Liability Signal: 6;P Files: 1;D Answers: 1;P Abandons: 1","6,1,1,1","0.064091222728333411","false","1000.0226341574054","1000.0226341574054","5","0.45","1","1000.0226341574054","0","true"
"Specification-ModerateRiskAversion__Cost-1__Fee-British__Starts-50","11","62","0","P","7","14","P Offer","P Liability Signal: 6;P Files: 1;D Answers: 1;P Abandons: 1","6,1,1,1","0.064091222728333411","false","1000.0226341574054","1000.0226341574054","6","0.55","0","999.99877053799366","0.023863619411713444","false"
"Specification-ModerateRiskAversion__Cost-1__Fee-British__Starts-50","11","62","0","P","7","14","P Offer","P Liability Signal: 6;P Files: 1;D Answers: 1;P Abandons: 1","6,1,1,1","0.064091222728333411","false","1000.0226341574054","1000.0226341574054","7","0.65","0","999.99877053799366","0.023863619411713444","false"
"Specification-ModerateRiskAversion__Cost-1__Fee-British__Starts-50","11","62","0","P","7","14","P Offer","P Liability Signal: 6;P Files: 1;D Answers: 1;P Abandons: 1","6,1,1,1","0.064091222728333411","false","1000.0226341574054","1000.0226341574054","8","0.75","0","999.99877053799366","0.023863619411713444","false"
"Specification-ModerateRiskAversion__Cost-1__Fee-British__Starts-50","11","62","0","P","7","14","P Offer","P Liability Signal: 6;P Files: 1;D Answers: 1;P Abandons: 1","6,1,1,1","0.064091222728333411","false","1000.0226341574054","1000.0226341574054","9","0.85","0","999.99877053799366","0.023863619411713444","false"
"Specification-ModerateRiskAversion__Cost-1__Fee-British__Starts-50","11","62","0","P","7","14","P Offer","P Liability Signal: 6;P Files: 1;D Answers: 1;P Abandons: 1","6,1,1,1","0.064091222728333411","false","1000.0226341574054","1000.0226341574054","10","0.95","0","999.99877053799366","0.023863619411713444","false"
"Specification-ModerateRiskAversion__Cost-1__Fee-British__Starts-50","11","63","0","P","7","14","P Offer","P Liability Signal: 6;P Files: 1;D Answers: 1;P Abandons: 2","6,1,1,2","0","true","","","1","0.05","0.10000000000000001","","",""
"Specification-ModerateRiskAversion__Cost-1__Fee-British__Starts-50","11","63","0","P","7","14","P Offer","P Liability Signal: 6;P Files: 1;D Answers: 1;P Abandons: 2","6,1,1,2","0","true","","","2","0.15","0.10000000000000001","","",""
"Specification-ModerateRiskAversion__Cost-1__Fee-British__Starts-50","11","63","0","P","7","14","P Offer","P Liability Signal: 6;P Files: 1;D Answers: 1;P Abandons: 2","6,1,1,2","0","true","","","3","0.25","0.10000000000000001","","",""
"Specification-ModerateRiskAversion__Cost-1__Fee-British__Starts-50","11","63","0","P","7","14","P Offer","P Liability Signal: 6;P Files: 1;D Answers: 1;P Abandons: 2","6,1,1,2","0","true","","","4","0.35","0.10000000000000001","","",""
"Specification-ModerateRiskAversion__Cost-1__Fee-British__Starts-50","11","63","0","P","7","14","P Offer","P Liability Signal: 6;P Files: 1;D Answers: 1;P Abandons: 2","6,1,1,2","0","true","","","5","0.45","0.10000000000000001","","",""
"Specification-ModerateRiskAversion__Cost-1__Fee-British__Starts-50","11","63","0","P","7","14","P Offer","P Liability Signal: 6;P Files: 1;D Answers: 1;P Abandons: 2","6,1,1,2","0","true","","","6","0.55","0.10000000000000001","","",""
"Specification-ModerateRiskAversion__Cost-1__Fee-British__Starts-50","11","63","0","P","7","14","P Offer","P Liability Signal: 6;P Files: 1;D Answers: 1;P Abandons: 2","6,1,1,2","0","true","","","7","0.65","0.10000000000000001","","",""
"Specification-ModerateRiskAversion__Cost-1__Fee-British__Starts-50","11","63","0","P","7","14","P Offer","P Liability Signal: 6;P Files: 1;D Answers: 1;P Abandons: 2","6,1,1,2","0","true","","","8","0.75","0.10000000000000001","","",""
"Specification-ModerateRiskAversion__Cost-1__Fee-British__Starts-50","11","63","0","P","7","14","P Offer","P Liability Signal: 6;P Files: 1;D Answers: 1;P Abandons: 2","6,1,1,2","0","true","","","9","0.85","0.10000000000000001","","",""
"Specification-ModerateRiskAversion__Cost-1__Fee-British__Starts-50","11","63","0","P","7","14","P Offer","P Liability Signal: 6;P Files: 1;D Answers: 1;P Abandons: 2","6,1,1,2","0","true","","","10","0.95","0.10000000000000001","","",""
"Specification-ModerateRiskAversion__Cost-1__Fee-British__Starts-50","11","64","0","P","2","9","P Files","P Liability Signal: 7","7","0.10809999999999999","false","1000.1005827226433","1000.1005827226433","1","Yes","1","1000.1005827226433","0","true"
"Specification-ModerateRiskAversion__Cost-1__Fee-British__Starts-50","11","64","0","P","2","9","P Files","P Liability Signal: 7","7","0.10809999999999999","false","1000.1005827226433","1000.1005827226433","2","No","0","999.99999964300014","0.10058307964311552","false"
"Specification-ModerateRiskAversion__Cost-1__Fee-British__Starts-50","11","65","0","P","5","20","P Abandons","P Liability Signal: 7;P Files: 1;D Answers: 1","7,1,1","0.050034134650595752","false","1000.0403430283086","1000.0403430283086","1","Yes","0","1000.0147937709069","0.025549257401735304","false"
"Specification-ModerateRiskAversion__Cost-1__Fee-British__Starts-50","11","65","0","P","5","20","P Abandons","P Liability Signal: 7;P Files: 1;D Answers: 1","7,1,1","0.050034134650595752","false","1000.0403430283086","1000.0403430283086","2","No","1","1000.0403430283086","0","true"
"Specification-ModerateRiskAversion__Cost-1__Fee-British__Starts-50","11","66","0","P","7","14","P Offer","P Liability Signal: 7;P Files: 1;D Answers: 1;P Abandons: 1","7,1,1,1","0","true","","","1","0.05","0.10000000000000001","","",""
"Specification-ModerateRiskAversion__Cost-1__Fee-British__Starts-50","11","66","0","P","7","14","P Offer","P Liability Signal: 7;P Files: 1;D Answers: 1;P Abandons: 1","7,1,1,1","0","true","","","2","0.15","0.10000000000000001","","",""
"Specification-ModerateRiskAversion__Cost-1__Fee-British__Starts-50","11","66","0","P","7","14","P Offer","P Liability Signal: 7;P Files: 1;D Answers: 1;P Abandons: 1","7,1,1,1","0","true","","","3","0.25","0.10000000000000001","","",""
"Specification-ModerateRiskAversion__Cost-1__Fee-British__Starts-50","11","66","0","P","7","14","P Offer","P Liability Signal: 7;P Files: 1;D Answers: 1;P Abandons: 1","7,1,1,1","0","true","","","4","0.35","0.10000000000000001","","",""
"Specification-ModerateRiskAversion__Cost-1__Fee-British__Starts-50","11","66","0","P","7","14","P Offer","P Liability Signal: 7;P Files: 1;D Answers: 1;P Abandons: 1","7,1,1,1","0","true","","","5","0.45","0.10000000000000001","","",""
"Specification-ModerateRiskAversion__Cost-1__Fee-British__Starts-50","11","66","0","P","7","14","P Offer","P Liability Signal: 7;P Files: 1;D Answers: 1;P Abandons: 1","7,1,1,1","0","true","","","6","0.55","0.10000000000000001","","",""
"Specification-ModerateRiskAversion__Cost-1__Fee-British__Starts-50","11","66","0","P","7","14","P Offer","P Liability Signal: 7;P Files: 1;D Answers: 1;P Abandons: 1","7,1,1,1","0","true","","","7","0.65","0.10000000000000001","","",""
"Specification-ModerateRiskAversion__Cost-1__Fee-British__Starts-50","11","66","0","P","7","14","P Offer","P Liability Signal: 7;P Files: 1;D Answers: 1;P Abandons: 1","7,1,1,1","0","true","","","8","0.75","0.10000000000000001","","",""
"Specification-ModerateRiskAversion__Cost-1__Fee-British__Starts-50","11","66","0","P","7","14","P Offer","P Liability Signal: 7;P Files: 1;D Answers: 1;P Abandons: 1","7,1,1,1","0","true","","","9","0.85","0.10000000000000001","","",""
"Specification-ModerateRiskAversion__Cost-1__Fee-British__Starts-50","11","66","0","P","7","14","P Offer","P Liability Signal: 7;P Files: 1;D Answers: 1;P Abandons: 1","7,1,1,1","0","true","","","10","0.95","0.10000000000000001","","",""
"Specification-ModerateRiskAversion__Cost-1__Fee-British__Starts-50","11","67","0","P","7","14","P Offer","P Liability Signal: 7;P Files: 1;D Answers: 1;P Abandons: 2","7,1,1,2","0.050034134650595752","false","1000.0403430283086","1000.0403430283085","1","0.05","0","1000.0095164125524","0.030826615756041065","false"
"Specification-ModerateRiskAversion__Cost-1__Fee-British__Starts-50","11","67","0","P","7","14","P Offer","P Liability Signal: 7;P Files: 1;D Answers: 1;P Abandons: 2","7,1,1,2","0.050034134650595752","false","1000.0403430283086","1000.0403430283085","2","0.15","0","999.96989482579386","0.070448202514626246","false"
"Specification-ModerateRiskAversion__Cost-1__Fee-British__Starts-50","11","67","0","P","7","14","P Offer","P Liability Signal: 7;P Files: 1;D Answers: 1;P Abandons: 2","7,1,1,2","0.050034134650595752","false","1000.0403430283086","1000.0403430283085","3","0.25","0","999.97879577313779","0.06154725517069437","false"
"Specification-ModerateRiskAversion__Cost-1__Fee-British__Starts-50","11","67","0","P","7","14","P Offer","P Liability Signal: 7;P Files: 1;D Answers: 1;P Abandons: 2","7,1,1,2","0.050034134650595752","false","1000.0403430283086","1000.0403430283085","4","0.35","0","999.98684667245459","0.053496355853894784","false"
"Specification-ModerateRiskAversion__Cost-1__Fee-British__Starts-50","11","67","0","P","7","14","P Offer","P Liability Signal: 7;P Files: 1;D Answers: 1;P Abandons: 2","7,1,1,2","0.050034134650595752","false","1000.0403430283086","1000.0403430283085","5","0.45","0","999.9941306395508","0.046212388757680856","false"
"Specification-ModerateRiskAversion__Cost-1__Fee-British__Starts-50","11","67","0","P","7","14","P Offer","P Liability Signal: 7;P Files: 1;D Answers: 1;P Abandons: 2","7,1,1,2","0.050034134650595752","false","1000.0403430283086","1000.0403430283085","6","0.55","0","1000.0403430283085","0","true"
"Specification-ModerateRiskAversion__Cost-1__Fee-British__Starts-50","11","67","0","P","7","14","P Offer","P Liability Signal: 7;P Files: 1;D Answers: 1;P Abandons: 2","7,1,1,2","0.050034134650595752","false","1000.0403430283086","1000.0403430283085","7","0.65","0","1000.0403430283085","0","true"
"Specification-ModerateRiskAversion__Cost-1__Fee-British__Starts-50","11","67","0","P","7","14","P Offer","P Liability Signal: 7;P Files: 1;D Answers: 1;P Abandons: 2","7,1,1,2","0.050034134650595752","false","1000.0403430283086","1000.0403430283085","8","0.75","0.32121743735518399","1000.0403430283085","0","true"
"Specification-ModerateRiskAversion__Cost-1__Fee-British__Starts-50","11","67","0","P","7","14","P Offer","P Liability Signal: 7;P Files: 1;D Answers: 1;P Abandons: 2","7,1,1,2","0.050034134650595752","false","1000.0403430283086","1000.0403430283085","9","0.85","0.67878256264481618","1000.0403430283085","0","true"
"Specification-ModerateRiskAversion__Cost-1__Fee-British__Starts-50","11","67","0","P","7","14","P Offer","P Liability Signal: 7;P Files: 1;D Answers: 1;P Abandons: 2","7,1,1,2","0.050034134650595752","false","1000.0403430283086","1000.0403430283085","10","0.95","0","1000.0403430283085","0","true"
"Specification-ModerateRiskAversion__Cost-1__Fee-British__Starts-50","11","68","0","P","2","9","P Files","P Liability Signal: 8","8","0.10618","false","1000.1276971485134","1000.1276971485134","1","Yes","1","1000.1276971485134","0","true"
"Specification-ModerateRiskAversion__Cost-1__Fee-British__Starts-50","11","68","0","P","2","9","P Files","P Liability Signal: 8","8","0.10618","false","1000.1276971485134","1000.1276971485134","2","No","0","999.99999964300014","0.12769750551331072","false"
"Specification-ModerateRiskAversion__Cost-1__Fee-British__Starts-50","11","69","0","P","5","20","P Abandons","P Liability Signal: 8;P Files: 1;D Answers: 1","8,1,1","0.036937277249430668","false","1000.0812204001036","1000.0812204001036","1","Yes","0","1000.0235253538948","0.057695046208777967","false"
"Specification-ModerateRiskAversion__Cost-1__Fee-British__Starts-50","11","69","0","P","5","20","P Abandons","P Liability Signal: 8;P Files: 1;D Answers: 1","8,1,1","0.036937277249430668","false","1000.0812204001036","1000.0812204001036","2","No","1","1000.0812204001036","0","true"
"Specification-ModerateRiskAversion__Cost-1__Fee-British__Starts-50","11","70","0","P","7","14","P Offer","P Liability Signal: 8;P Files: 1;D Answers: 1;P Abandons: 1","8,1,1,1","0","true","","","1","0.05","0.10000000000000001","","",""
"Specification-ModerateRiskAversion__Cost-1__Fee-British__Starts-50","11","70","0","P","7","14","P Offer","P Liability Signal: 8;P Files: 1;D Answers: 1;P Abandons: 1","8,1,1,1","0","true","","","2","0.15","0.10000000000000001","","",""
"Specification-ModerateRiskAversion__Cost-1__Fee-British__Starts-50","11","70","0","P","7","14","P Offer","P Liability Signal: 8;P Files: 1;D Answers: 1;P Abandons: 1","8,1,1,1","0","true","","","3","0.25","0.10000000000000001","","",""
"Specification-ModerateRiskAversion__Cost-1__Fee-British__Starts-50","11","70","0","P","7","14","P Offer","P Liability Signal: 8;P Files: 1;D Answers: 1;P Abandons: 1","8,1,1,1","0","true","","","4","0.35","0.10000000000000001","","",""
"Specification-ModerateRiskAversion__Cost-1__Fee-British__Starts-50","11","70","0","P","7","14","P Offer","P Liability Signal: 8;P Files: 1;D Answers: 1;P Abandons: 1","8,1,1,1","0","true","","","5","0.45","0.10000000000000001","","",""
"Specification-ModerateRiskAversion__Cost-1__Fee-British__Starts-50","11","70","0","P","7","14","P Offer","P Liability Signal: 8;P Files: 1;D Answers: 1;P Abandons: 1","8,1,1,1","0","true","","","6","0.55","0.10000000000000001","","",""
"Specification-ModerateRiskAversion__Cost-1__Fee-British__Starts-50","11","70","0","P","7","14","P Offer","P Liability Signal: 8;P Files: 1;D Answers: 1;P Abandons: 1","8,1,1,1","0","true","","","7","0.65","0.10000000000000001","","",""
"Specification-ModerateRiskAversion__Cost-1__Fee-British__Starts-50","11","70","0","P","7","14","P Offer","P Liability Signal: 8;P Files: 1;D Answers: 1;P Abandons: 1","8,1,1,1","0","true","","","8","0.75","0.10000000000000001","","",""
"Specification-ModerateRiskAversion__Cost-1__Fee-British__Starts-50","11","70","0","P","7","14","P Offer","P Liability Signal: 8;P Files: 1;D Answers: 1;P Abandons: 1","8,1,1,1","0","true","","","9","0.85","0.10000000000000001","","",""
"Specification-ModerateRiskAversion__Cost-1__Fee-British__Starts-50","11","70","0","P","7","14","P Offer","P Liability Signal: 8;P Files: 1;D Answers: 1;P Abandons: 1","8,1,1,1","0","true","","","10","0.95","0.10000000000000001","","",""
"Specification-ModerateRiskAversion__Cost-1__Fee-British__Starts-50","11","71","0","P","7","14","P Offer","P Liability Signal: 8;P Files: 1;D Answers: 1;P Abandons: 2","8,1,1,2","0.036937277249430668","false","1000.0812204001038","1000.0812204001036","1","0.05","0","1000.0152301833683","0.0659902167352584","false"
"Specification-ModerateRiskAversion__Cost-1__Fee-British__Starts-50","11","71","0","P","7","14","P Offer","P Liability Signal: 8;P Files: 1;D Answers: 1;P Abandons: 2","8,1,1,2","0.036937277249430668","false","1000.0812204001038","1000.0812204001036","2","0.15","0","1000.002852426207","0.078367973896547483","false"
"Specification-ModerateRiskAversion__Cost-1__Fee-British__Starts-50","11","71","0","P","7","14","P Offer","P Liability Signal: 8;P Files: 1;D Answers: 1;P Abandons: 2","8,1,1,2","0.036937277249430668","false","1000.0812204001038","1000.0812204001036","3","0.25","0","1000.0127540160876","0.068466384016005577","false"
"Specification-ModerateRiskAversion__Cost-1__Fee-British__Starts-50","11","71","0","P","7","14","P Offer","P Liability Signal: 8;P Files: 1;D Answers: 1;P Abandons: 2","8,1,1,2","0.036937277249430668","false","1000.0812204001038","1000.0812204001036","4","0.35","0","1000.021709995729","0.059510404374577774","false"
"Specification-ModerateRiskAversion__Cost-1__Fee-British__Starts-50","11","71","0","P","7","14","P Offer","P Liability Signal: 8;P Files: 1;D Answers: 1;P Abandons: 2","8,1,1,2","0.036937277249430668","false","1000.0812204001038","1000.0812204001036","5","0.45","0","1000.0298128247991","0.051407575304438069","false"
"Specification-ModerateRiskAversion__Cost-1__Fee-British__Starts-50","11","71","0","P","7","14","P Offer","P Liability Signal: 8;P Files: 1;D Answers: 1;P Abandons: 2","8,1,1,2","0.036937277249430668","false","1000.0812204001038","1000.0812204001036","6","0.55","0","1000.0812204001036","0","true"
"Specification-ModerateRiskAversion__Cost-1__Fee-British__Starts-50","11","71","0","P","7","14","P Offer","P Liability Signal: 8;P Files: 1;D Answers: 1;P Abandons: 2","8,1,1,2","0.036937277249430668","false","1000.0812204001038","1000.0812204001036","7","0.65","0","1000.0812204001036","0","true"
"Specification-ModerateRiskAversion__Cost-1__Fee-British__Starts-50","11","71","0","P","7","14","P Offer","P Liability Signal: 8;P Files: 1;D Answers: 1;P Abandons: 2","8,1,1,2","0.036937277249430668","false","1000.0812204001038","1000.0812204001036","8","0.75","0","1000.0812204001036","0","true"
"Specification-ModerateRiskAversion__Cost-1__Fee-British__Starts-50","11","71","0","P","7","14","P Offer","P Liability Signal: 8;P Files: 1;D Answers: 1;P Abandons: 2","8,1,1,2","0.036937277249430668","false","1000.0812204001038","1000.0812204001036","9","0.85","0.31890632398562646","1000.0812204001036","0","true"
"Specification-ModerateRiskAversion__Cost-1__Fee-British__Starts-50","11","71","0","P","7","14","P Offer","P Liability Signal: 8;P Files: 1;D Answers: 1;P Abandons: 2","8,1,1,2","0.036937277249430668","false","1000.0812204001038","1000.0812204001036","10","0.95","0.68109367601437365","1000.0812204001036","0","true"
"Specification-ModerateRiskAversion__Cost-1__Fee-British__Starts-50","11","72","0","P","2","9","P Files","P Liability Signal: 9","9","0.097680000000000003","false","1000.1413081111183","1000.1413081111183","1","Yes","1","1000.1413081111183","0","true"
"Specification-ModerateRiskAversion__Cost-1__Fee-British__Starts-50","11","72","0","P","2","9","P Files","P Liability Signal: 9","9","0.097680000000000003","false","1000.1413081111183","1000.1413081111183","2","No","0","999.99999964299991","0.14130846811838182","false"
"Specification-ModerateRiskAversion__Cost-1__Fee-British__Starts-50","11","73","0","P","5","20","P Abandons","P Liability Signal: 9;P Files: 1;D Answers: 1","9,1,1","0.025514262927099563","false","1000.109680732529","1000.109680732529","1","Yes","0","1000.0305386620089","0.079142070520106245","false"
"Specification-ModerateRiskAversion__Cost-1__Fee-British__Starts-50","11","73","0","P","5","20","P Abandons","P Liability Signal: 9;P Files: 1;D Answers: 1","9,1,1","0.025514262927099563","false","1000.109680732529","1000.109680732529","2","No","1","1000.109680732529","0","true"
"Specification-ModerateRiskAversion__Cost-1__Fee-British__Starts-50","11","74","0","P","7","14","P Offer","P Liability Signal: 9;P Files: 1;D Answers: 1;P Abandons: 1","9,1,1,1","0","true","","","1","0.05","0.10000000000000001","","",""
"Specification-ModerateRiskAversion__Cost-1__Fee-British__Starts-50","11","74","0","P","7","14","P Offer","P Liability Signal: 9;P Files: 1;D Answers: 1;P Abandons: 1","9,1,1,1","0","true","","","2","0.15","0.10000000000000001","","",""
"Specification-ModerateRiskAversion__Cost-1__Fee-British__Starts-50","11","74","0","P","7","14","P Offer","P Liability Signal: 9;P Files: 1;D Answers: 1;P Abandons: 1","9,1,1,1","0","true","","","3","0.25","0.10000000000000001","","",""
"Specification-ModerateRiskAversion__Cost-1__Fee-British__Starts-50","11","74","0","P","7","14","P Offer","P Liability Signal: 9;P Files: 1;D Answers: 1;P Abandons: 1","9,1,1,1","0","true","","","4","0.35","0.10000000000000001","","",""
"Specification-ModerateRiskAversion__Cost-1__Fee-British__Starts-50","11","74","0","P","7","14","P Offer","P Liability Signal: 9;P Files: 1;D Answers: 1;P Abandons: 1","9,1,1,1","0","true","","","5","0.45","0.10000000000000001","","",""
"Specification-ModerateRiskAversion__Cost-1__Fee-British__Starts-50","11","74","0","P","7","14","P Offer","P Liability Signal: 9;P Files: 1;D Answers: 1;P Abandons: 1","9,1,1,1","0","true","","","6","0.55","0.10000000000000001","","",""
"Specification-ModerateRiskAversion__Cost-1__Fee-British__Starts-50","11","74","0","P","7","14","P Offer","P Liability Signal: 9;P Files: 1;D Answers: 1;P Abandons: 1","9,1,1,1","0","true","","","7","0.65","0.10000000000000001","","",""
"Specification-ModerateRiskAversion__Cost-1__Fee-British__Starts-50","11","74","0","P","7","14","P Offer","P Liability Signal: 9;P Files: 1;D Answers: 1;P Abandons: 1","9,1,1,1","0","true","","","8","0.75","0.10000000000000001","","",""
"Specification-ModerateRiskAversion__Cost-1__Fee-British__Starts-50","11","74","0","P","7","14","P Offer","P Liability Signal: 9;P Files: 1;D Answers: 1;P Abandons: 1","9,1,1,1","0","true","","","9","0.85","0.10000000000000001","","",""
"Specification-ModerateRiskAversion__Cost-1__Fee-British__Starts-50","11","74","0","P","7","14","P Offer","P Liability Signal: 9;P Files: 1;D Answers: 1;P Abandons: 1","9,1,1,1","0","true","","","10","0.95","0.10000000000000001","","",""
"Specification-ModerateRiskAversion__Cost-1__Fee-British__Starts-50","11","75","0","P","7","14","P Offer","P Liability Signal: 9;P Files: 1;D Answers: 1;P Abandons: 2","9,1,1,2","0.025514262927099563","false","1000.109680732529","1000.109680732529","1","0.05","0","1000.019819549956","0.089861182573031329","false"
"Specification-ModerateRiskAversion__Cost-1__Fee-British__Starts-50","11","75","0","P","7","14","P Offer","P Liability Signal: 9;P Files: 1;D Answers: 1;P Abandons: 2","9,1,1,2","0.025514262927099563","false","1000.109680732529","1000.109680732529","2","0.15","0","1000.0249515069587","0.084729225570299604","false"
"Specification-ModerateRiskAversion__Cost-1__Fee-British__Starts-50","11","75","0","P","7","14","P Offer","P Liability Signal: 9;P Files: 1;D Answers: 1;P Abandons: 2","9,1,1,2","0.025514262927099563","false","1000.109680732529","1000.109680732529","3","0.25","0","1000.0356568244599","0.07402390806907988","false"
"Specification-ModerateRiskAversion__Cost-1__Fee-British__Starts-50","11","75","0","P","7","14","P Offer","P Liability Signal: 9;P Files: 1;D Answers: 1;P Abandons: 2","9,1,1,2","0.025514262927099563","false","1000.109680732529","1000.109680732529","4","0.35","0","1000.045339775052","0.064340957477043048","false"
"Specification-ModerateRiskAversion__Cost-1__Fee-British__Starts-50","11","75","0","P","7","14","P Offer","P Liability Signal: 9;P Files: 1;D Answers: 1;P Abandons: 2","9,1,1,2","0.025514262927099563","false","1000.109680732529","1000.109680732529","5","0.45","0","1000.0541003234994","0.055580409029630573","false"
"Specification-ModerateRiskAversion__Cost-1__Fee-British__Starts-50","11","75","0","P","7","14","P Offer","P Liability Signal: 9;P Files: 1;D Answers: 1;P Abandons: 2","9,1,1,2","0.025514262927099563","false","1000.109680732529","1000.109680732529","6","0.55","0","1000.109680732529","0","true"
"Specification-ModerateRiskAversion__Cost-1__Fee-British__Starts-50","11","75","0","P","7","14","P Offer","P Liability Signal: 9;P Files: 1;D Answers: 1;P Abandons: 2","9,1,1,2","0.025514262927099563","false","1000.109680732529","1000.109680732529","7","0.65","0","1000.109680732529","0","true"
"Specification-ModerateRiskAversion__Cost-1__Fee-British__Starts-50","11","75","0","P","7","14","P Offer","P Liability Signal: 9;P Files: 1;D Answers: 1;P Abandons: 2","9,1,1,2","0.025514262927099563","false","1000.109680732529","1000.109680732529","8","0.75","0","1000.109680732529","0","true"
"Specification-ModerateRiskAversion__Cost-1__Fee-British__Starts-50","11","75","0","P","7","14","P Offer","P Liability Signal: 9;P Files: 1;D Answers: 1;P Abandons: 2","9,1,1,2","0.025514262927099563","false","1000.109680732529","1000.109680732529","9","0.85","0","1000.109680732529","0","true"
"Specification-ModerateRiskAversion__Cost-1__Fee-British__Starts-50","11","75","0","P","7","14","P Offer","P Liability Signal: 9;P Files: 1;D Answers: 1;P Abandons: 2","9,1,1,2","0.025514262927099563","false","1000.109680732529","1000.109680732529","10","0.95","1","1000.109680732529","0","true"
"Specification-ModerateRiskAversion__Cost-1__Fee-British__Starts-50","11","76","0","P","2","9","P Files","P Liability Signal: 10","10","0.080430000000000001","false","1000.1475302229434","1000.1475302229434","1","Yes","1","1000.1475302229434","0","true"
"Specification-ModerateRiskAversion__Cost-1__Fee-British__Starts-50","11","76","0","P","2","9","P Files","P Liability Signal: 10","10","0.080430000000000001","false","1000.1475302229434","1000.1475302229434","2","No","0","999.99999964300002","0.14753057994334995","false"
"Specification-ModerateRiskAversion__Cost-1__Fee-British__Starts-50","11","77","0","P","5","20","P Abandons","P Liability Signal: 10;P Files: 1;D Answers: 1","10,1,1","0.016201180581607577","false","1000.1278674197721","1000.1278674197721","1","Yes","0","1000.0358308727381","0.092036547034012983","false"
"Specification-ModerateRiskAversion__Cost-1__Fee-British__Starts-50","11","77","0","P","5","20","P Abandons","P Liability Signal: 10;P Files: 1;D Answers: 1","10,1,1","0.016201180581607577","false","1000.1278674197721","1000.1278674197721","2","No","1","1000.1278674197721","0","true"
"Specification-ModerateRiskAversion__Cost-1__Fee-British__Starts-50","11","78","0","P","7","14","P Offer","P Liability Signal: 10;P Files: 1;D Answers: 1;P Abandons: 1","10,1,1,1","0","true","","","1","0.05","0.10000000000000001","","",""
"Specification-ModerateRiskAversion__Cost-1__Fee-British__Starts-50","11","78","0","P","7","14","P Offer","P Liability Signal: 10;P Files: 1;D Answers: 1;P Abandons: 1","10,1,1,1","0","true","","","2","0.15","0.10000000000000001","","",""
"Specification-ModerateRiskAversion__Cost-1__Fee-British__Starts-50","11","78","0","P","7","14","P Offer","P Liability Signal: 10;P Files: 1;D Answers: 1;P Abandons: 1","10,1,1,1","0","true","","","3","0.25","0.10000000000000001","","",""
"Specification-ModerateRiskAversion__Cost-1__Fee-British__Starts-50","11","78","0","P","7","14","P Offer","P Liability Signal: 10;P Files: 1;D Answers: 1;P Abandons: 1","10,1,1,1","0","true","","","4","0.35","0.10000000000000001","","",""
"Specification-ModerateRiskAversion__Cost-1__Fee-British__Starts-50","11","78","0","P","7","14","P Offer","P Liability Signal: 10;P Files: 1;D Answers: 1;P Abandons: 1","10,1,1,1","0","true","","","5","0.45","0.10000000000000001","","",""
"Specification-ModerateRiskAversion__Cost-1__Fee-British__Starts-50","11","78","0","P","7","14","P Offer","P Liability Signal: 10;P Files: 1;D Answers: 1;P Abandons: 1","10,1,1,1","0","true","","","6","0.55","0.10000000000000001","","",""
"Specification-ModerateRiskAversion__Cost-1__Fee-British__Starts-50","11","78","0","P","7","14","P Offer","P Liability Signal: 10;P Files: 1;D Answers: 1;P Abandons: 1","10,1,1,1","0","true","","","7","0.65","0.10000000000000001","","",""
"Specification-ModerateRiskAversion__Cost-1__Fee-British__Starts-50","11","78","0","P","7","14","P Offer","P Liability Signal: 10;P Files: 1;D Answers: 1;P Abandons: 1","10,1,1,1","0","true","","","8","0.75","0.10000000000000001","","",""
"Specification-ModerateRiskAversion__Cost-1__Fee-British__Starts-50","11","78","0","P","7","14","P Offer","P Liability Signal: 10;P Files: 1;D Answers: 1;P Abandons: 1","10,1,1,1","0","true","","","9","0.85","0.10000000000000001","","",""
"Specification-ModerateRiskAversion__Cost-1__Fee-British__Starts-50","11","78","0","P","7","14","P Offer","P Liability Signal: 10;P Files: 1;D Answers: 1;P Abandons: 1","10,1,1,1","0","true","","","10","0.95","0.10000000000000001","","",""
"Specification-ModerateRiskAversion__Cost-1__Fee-British__Starts-50","11","79","0","P","7","14","P Offer","P Liability Signal: 10;P Files: 1;D Answers: 1;P Abandons: 2","10,1,1,2","0.016201180581607577","false","1000.1278674197723","1000.1278674197723","1","0.05","0","1000.023282665322","0.1045847544503431","false"
"Specification-ModerateRiskAversion__Cost-1__Fee-British__Starts-50","11","79","0","P","7","14","P Offer","P Liability Signal: 10;P Files: 1;D Answers: 1;P Abandons: 2","10,1,1,2","0.016201180581607577","false","1000.1278674197723","1000.1278674197723","2","0.15","0","1000.0383380223276","0.089529397444721326","false"
"Specification-ModerateRiskAversion__Cost-1__Fee-British__Starts-50","11","79","0","P","7","14","P Offer","P Liability Signal: 10;P Files: 1;D Answers: 1;P Abandons: 2","10,1,1,2","0.016201180581607577","false","1000.1278674197723","1000.1278674197723","3","0.25","0","1000.0496498290729","0.078217590699409811","false"
"Specification-ModerateRiskAversion__Cost-1__Fee-British__Starts-50","11","79","0","P","7","14","P Offer","P Liability Signal: 10;P Files: 1;D Answers: 1;P Abandons: 2","10,1,1,2","0.016201180581607577","false","1000.1278674197723","1000.1278674197723","4","0.35","0","1000.0598813486716","0.067986071100676781","false"
"Specification-ModerateRiskAversion__Cost-1__Fee-British__Starts-50","11","79","0","P","7","14","P Offer","P Liability Signal: 10;P Files: 1;D Answers: 1;P Abandons: 2","10,1,1,2","0.016201180581607577","false","1000.1278674197723","1000.1278674197723","5","0.45","0","1000.0691382091998","0.058729210572550983","false"
"Specification-ModerateRiskAversion__Cost-1__Fee-British__Starts-50","11","79","0","P","7","14","P Offer","P Liability Signal: 10;P Files: 1;D Answers: 1;P Abandons: 2","10,1,1,2","0.016201180581607577","false","1000.1278674197723","1000.1278674197723","6","0.55","0","1000.1278674197723","0","true"
"Specification-ModerateRiskAversion__Cost-1__Fee-British__Starts-50","11","79","0","P","7","14","P Offer","P Liability Signal: 10;P Files: 1;D Answers: 1;P Abandons: 2","10,1,1,2","0.016201180581607577","false","1000.1278674197723","1000.1278674197723","7","0.65","0","1000.1278674197723","0","true"
"Specification-ModerateRiskAversion__Cost-1__Fee-British__Starts-50","11","79","0","P","7","14","P Offer","P Liability Signal: 10;P Files: 1;D Answers: 1;P Abandons: 2","10,1,1,2","0.016201180581607577","false","1000.1278674197723","1000.1278674197723","8","0.75","0","1000.1278674197723","0","true"
"Specification-ModerateRiskAversion__Cost-1__Fee-British__Starts-50","11","79","0","P","7","14","P Offer","P Liability Signal: 10;P Files: 1;D Answers: 1;P Abandons: 2","10,1,1,2","0.016201180581607577","false","1000.1278674197723","1000.1278674197723","9","0.85","0","1000.1278674197723","0","true"
"Specification-ModerateRiskAversion__Cost-1__Fee-British__Starts-50","11","79","0","P","7","14","P Offer","P Liability Signal: 10;P Files: 1;D Answers: 1;P Abandons: 2","10,1,1,2","0.016201180581607577","false","1000.1278674197723","1000.1278674197723","10","0.95","1","1000.1278674197723","0","true"
"Specification-ModerateRiskAversion__Cost-1__Fee-British__Starts-50","11","1","1","D","3","10","D Answers","D Liability Signal: 1;P Files: 1","1,1","0.032090447703579425","false","999.81301039153641","999.81301039153641","1","Yes","1","999.81301039153641","0","true"
"Specification-ModerateRiskAversion__Cost-1__Fee-British__Starts-50","11","1","1","D","3","10","D Answers","D Liability Signal: 1;P Files: 1","1,1","0.032090447703579425","false","999.81301039153641","999.81301039153641","2","No","0","998.80795866640005","1.0050517251363544","false"
"Specification-ModerateRiskAversion__Cost-1__Fee-British__Starts-50","11","3","1","D","6","21","D Defaults","D Liability Signal: 1;P Files: 1;D Answers: 1","1,1,1","0.032090447703579425","false","999.81301039153641","999.81301039153641","1","Yes","0","999.26132138542948","0.55168900610692617","false"
"Specification-ModerateRiskAversion__Cost-1__Fee-British__Starts-50","11","3","1","D","6","21","D Defaults","D Liability Signal: 1;P Files: 1;D Answers: 1","1,1,1","0.032090447703579425","false","999.81301039153641","999.81301039153641","2","No","1","999.81301039153641","0","true"
"Specification-ModerateRiskAversion__Cost-1__Fee-British__Starts-50","11","5","1","D","8","15","D Offer","D Liability Signal: 1;P Files: 1;D Answers: 1;D Defaults: 1","1,1,1,1","0","true","","","1","0.05","0.10000000000000001","","",""
"Specification-ModerateRiskAversion__Cost-1__Fee-British__Starts-50","11","5","1","D","8","15","D Offer","D Liability Signal: 1;P Files: 1;D Answers: 1;D Defaults: 1","1,1,1,1","0","true","","","2","0.15","0.10000000000000001","","",""
"Specification-ModerateRiskAversion__Cost-1__Fee-British__Starts-50","11","5","1","D","8","15","D Offer","D Liability Signal: 1;P Files: 1;D Answers: 1;D Defaults: 1","1,1,1,1","0","true","","","3","0.25","0.10000000000000001","","",""
"Specification-ModerateRiskAversion__Cost-1__Fee-British__Starts-50","11","5","1","D","8","15","D Offer","D Liability Signal: 1;P Files: 1;D Answers: 1;D Defaults: 1","1,1,1,1","0","true","","","4","0.35","0.10000000000000001","","",""
"Specification-ModerateRiskAversion__Cost-1__Fee-British__Starts-50","11","5","1","D","8","15","D Offer","D Liability Signal: 1;P Files: 1;D Answers: 1;D Defaults: 1","1,1,1,1","0","true","","","5","0.45","0.10000000000000001","","",""
"Specification-ModerateRiskAversion__Cost-1__Fee-British__Starts-50","11","5","1","D","8","15","D Offer","D Liability Signal: 1;P Files: 1;D Answers: 1;D Defaults: 1","1,1,1,1","0","true","","","6","0.55","0.10000000000000001","","",""
"Specification-ModerateRiskAversion__Cost-1__Fee-British__Starts-50","11","5","1","D","8","15","D Offer","D Liability Signal: 1;P Files: 1;D Answers: 1;D Defaults: 1","1,1,1,1","0","true","","","7","0.65","0.10000000000000001","","",""
"Specification-ModerateRiskAversion__Cost-1__Fee-British__Starts-50","11","5","1","D","8","15","D Offer","D Liability Signal: 1;P Files: 1;D Answers: 1;D Defaults: 1","1,1,1,1","0","true","","","8","0.75","0.10000000000000001","","",""
"Specification-ModerateRiskAversion__Cost-1__Fee-British__Starts-50","11","5","1","D","8","15","D Offer","D Liability Signal: 1;P Files: 1;D Answers: 1;D Defaults: 1","1,1,1,1","0","true","","","9","0.85","0.10000000000000001","","",""
"Specification-ModerateRiskAversion__Cost-1__Fee-British__Starts-50","11","5","1","D","8","15","D Offer","D Liability Signal: 1;P Files: 1;D Answers: 1;D Defaults: 1","1,1,1,1","0","true","","","10","0.95","0.10000000000000001","","",""
"Specification-ModerateRiskAversion__Cost-1__Fee-British__Starts-50","11","6","1","D","8","15","D Offer","D Liability Signal: 1;P Files: 1;D Answers: 1;D Defaults: 2","1,1,1,2","0.032090447703579425","false","999.81301039153664","999.81301039153664","1","0.05","1","999.81301039153664","0","true"
"Specification-ModerateRiskAversion__Cost-1__Fee-British__Starts-50","11","6","1","D","8","15","D Offer","D Liability Signal: 1;P Files: 1;D Answers: 1;D Defaults: 2","1,1,1,2","0.032090447703579425","false","999.81301039153664","999.81301039153664","2","0.15","0","999.80878391667432","0.0042264748623210835","false"
"Specification-ModerateRiskAversion__Cost-1__Fee-British__Starts-50","11","6","1","D","8","15","D Offer","D Liability Signal: 1;P Files: 1;D Answers: 1;D Defaults: 2","1,1,1,2","0.032090447703579425","false","999.81301039153664","999.81301039153664","3","0.25","0","999.8041093628151","0.0089010287215387507","false"
"Specification-ModerateRiskAversion__Cost-1__Fee-British__Starts-50","11","6","1","D","8","15","D Offer","D Liability Signal: 1;P Files: 1;D Answers: 1;D Defaults: 2","1,1,1,2","0.032090447703579425","false","999.81301039153664","999.81301039153664","4","0.35","0","999.79894434410778","0.0140660474288552","false"
"Specification-ModerateRiskAversion__Cost-1__Fee-British__Starts-50","11","6","1","D","8","15","D Offer","D Liability Signal: 1;P Files: 1;D Answers: 1;D Defaults: 2","1,1,1,2","0.032090447703579425","false","999.81301039153664","999.81301039153664","5","0.45","0","999.51401534251829","0.29899504901834462","false"
"Specification-ModerateRiskAversion__Cost-1__Fee-British__Starts-50","11","6","1","D","8","15","D Offer","D Liability Signal: 1;P Files: 1;D Answers: 1;D Defaults: 2","1,1,1,2","0.032090447703579425","false","999.81301039153664","999.81301039153664","6","0.55","0","999.45822969601556","0.35478069552107172","false"
"Specification-ModerateRiskAversion__Cost-1__Fee-British__Starts-50","11","6","1","D","8","15","D Offer","D Liability Signal: 1;P Files: 1;D Answers: 1;D Defaults: 2","1,1,1,2","0.032090447703579425","false","999.81301039153664","999.81301039153664","7","0.65","0","999.39656261371249","0.41644777782414621","false"
"Specification-ModerateRiskAversion__Cost-1__Fee-British__Starts-50","11","6","1","D","8","15","D Offer","D Liability Signal: 1;P Files: 1;D Answers: 1;D Defaults: 2","1,1,1,2","0.032090447703579425","false","999.81301039153664","999.81301039153664","8","0.75","0","999.33133897999767","0.48167141153896864","false"
"Specification-ModerateRiskAversion__Cost-1__Fee-British__Starts-50","11","6","1","D","8","15","D Offer","D Liability Signal: 1;P Files: 1;D Answers: 1;D Defaults: 2","1,1,1,2","0.032090447703579425","false","999.81301039153664","999.81301039153664","9","0.85","0","999.25199998222149","0.5610104093151449","false"
"Specification-ModerateRiskAversion__Cost-1__Fee-British__Starts-50","11","6","1","D","8","15","D Offer","D Liability Signal: 1;P Files: 1;D Answers: 1;D Defaults: 2","1,1,1,2","0.032090447703579425","false","999.81301039153664","999.81301039153664","10","0.95","0","999.16359463487504","0.64941575666159679","false"
"Specification-ModerateRiskAversion__Cost-1__Fee-British__Starts-50","11","8","1","D","3","10","D Answers","D Liability Signal: 2;P Files: 1","2,1","0.045234207980267387","false","999.70782047615216","999.70782047615216","1","Yes","1","999.70782047615216","0","true"
"Specification-ModerateRiskAversion__Cost-1__Fee-British__Starts-50","11","8","1","D","3","10","D Answers","D Liability Signal: 2;P Files: 1","2,1","0.045234207980267387","false","999.70782047615216","999.70782047615216","2","No","0","998.80795866640017","0.89986180975199659","false"
"Specification-ModerateRiskAversion__Cost-1__Fee-British__Starts-50","11","9","1","D","6","21","D Defaults","D Liability Signal: 2;P Files: 1;D Answers: 1","2,1,1","0.045234207980267387","false","999.70782047615216","999.70782047615216","1","Yes","0","999.21278901766755","0.49503145848461827","false"
"Specification-ModerateRiskAversion__Cost-1__Fee-British__Starts-50","11","9","1","D","6","21","D Defaults","D Liability Signal: 2;P Files: 1;D Answers: 1","2,1,1","0.045234207980267387","false","999.70782047615216","999.70782047615216","2","No","1","999.70782047615216","0","true"
"Specification-ModerateRiskAversion__Cost-1__Fee-British__Starts-50","11","10","1","D","8","15","D Offer","D Liability Signal: 2;P Files: 1;D Answers: 1;D Defaults: 1","2,1,1,1","0","true","","","1","0.05","0.10000000000000001","","",""
"Specification-ModerateRiskAversion__Cost-1__Fee-British__Starts-50","11","10","1","D","8","15","D Offer","D Liability Signal: 2;P Files: 1;D Answers: 1;D Defaults: 1","2,1,1,1","0","true","","","2","0.15","0.10000000000000001","","",""
"Specification-ModerateRiskAversion__Cost-1__Fee-British__Starts-50","11","10","1","D","8","15","D Offer","D Liability Signal: 2;P Files: 1;D Answers: 1;D Defaults: 1","2,1,1,1","0","true","","","3","0.25","0.10000000000000001","","",""
"Specification-ModerateRiskAversion__Cost-1__Fee-British__Starts-50","11","10","1","D","8","15","D Offer","D Liability Signal: 2;P Files: 1;D Answers: 1;D Defaults: 1","2,1,1,1","0","true","","","4","0.35","0.10000000000000001","","",""
"Specification-ModerateRiskAversion__Cost-1__Fee-British__Starts-50","11","10","1","D","8","15","D Offer","D Liability Signal: 2;P Files: 1;D Answers: 1;D Defaults: 1","2,1,1,1","0","true","","","5","0.45","0.10000000000000001","","",""
"Specification-ModerateRiskAversion__Cost-1__Fee-British__Starts-50","11","10","1","D","8","15","D Offer","D Liability Signal: 2;P Files: 1;D Answers: 1;D Defaults: 1","2,1,1,1","0","true","","","6","0.55","0.10000000000000001","","",""
"Specification-ModerateRiskAversion__Cost-1__Fee-British__Starts-50","11","10","1","D","8","15","D Offer","D Liability Signal: 2;P Files: 1;D Answers: 1;D Defaults: 1","2,1,1,1","0","true","","","7","0.65","0.10000000000000001","","",""
"Specification-ModerateRiskAversion__Cost-1__Fee-British__Starts-50","11","10","1","D","8","15","D Offer","D Liability Signal: 2;P Files: 1;D Answers: 1;D Defaults: 1","2,1,1,1","0","true","","","8","0.75","0.10000000000000001","","",""
"Specification-ModerateRiskAversion__Cost-1__Fee-British__Starts-50","11","10","1","D","8","15","D Offer","D Liability Signal: 2;P Files: 1;D Answers: 1;D Defaults: 1","2,1,1,1","0","true","","","9","0.85","0.10000000000000001","","",""
"Specification-ModerateRiskAversion__Cost-1__Fee-British__Starts-50","11","10","1","D","8","15","D Offer","D Liability Signal: 2;P Files: 1;D Answers: 1;D Defaults: 1","2,1,1,1","0","true","","","10","0.95","0.10000000000000001","","",""
"Specification-ModerateRiskAversion__Cost-1__Fee-British__Starts-50","11","11","1","D","8","15","D Offer","D Liability Signal: 2;P Files: 1;D Answers: 1;D Defaults: 2","2,1,1,2","0.045234207980267394","false","999.70782047615205","999.70782047615205","1","0.05","1","999.70782047615205","0","true"
"Specification-ModerateRiskAversion__Cost-1__Fee-British__Starts-50","11","11","1","D","8","15","D Offer","D Liability Signal: 2;P Files: 1;D Answers: 1;D Defaults: 2","2,1,1,2","0.045234207980267394","false","999.70782047615205","999.70782047615205","2","0.15","0","999.7043053446173","0.0035151315347548007","false"
"Specification-ModerateRiskAversion__Cost-1__Fee-British__Starts-50","11","11","1","D","8","15","D Offer","D Liability Signal: 2;P Files: 1;D Answers: 1;D Defaults: 2","2,1,1,2","0.045234207980267394","false","999.70782047615205","999.70782047615205","3","0.25","0","999.70041754870772","0.0074029274443319082","false"
"Specification-ModerateRiskAversion__Cost-1__Fee-British__Starts-50","11","11","1","D","8","15","D Offer","D Liability Signal: 2;P Files: 1;D Answers: 1;D Defaults: 2","2,1,1,2","0.045234207980267394","false","999.70782047615205","999.70782047615205","4","0.35","0","999.69612183638787","0.011698639764176733","false"
"Specification-ModerateRiskAversion__Cost-1__Fee-British__Starts-50","11","11","1","D","8","15","D Offer","D Liability Signal: 2;P Files: 1;D Answers: 1;D Defaults: 2","2,1,1,2","0.045234207980267394","false","999.70782047615205","999.70782047615205","5","0.45","0","999.41876407523068","0.28905640092136764","false"
"Specification-ModerateRiskAversion__Cost-1__Fee-British__Starts-50","11","11","1","D","8","15","D Offer","D Liability Signal: 2;P Files: 1;D Answers: 1;D Defaults: 2","2,1,1,2","0.045234207980267394","false","999.70782047615205","999.70782047615205","6","0.55","0","999.36521164481519","0.34260883133686093","false"
"Specification-ModerateRiskAversion__Cost-1__Fee-British__Starts-50","11","11","1","D","8","15","D Offer","D Liability Signal: 2;P Files: 1;D Answers: 1;D Defaults: 2","2,1,1,2","0.045234207980267394","false","999.70782047615205","999.70782047615205","7","0.65","0","999.30601247404684","0.40180800210521284","false"
"Specification-ModerateRiskAversion__Cost-1__Fee-British__Starts-50","11","11","1","D","8","15","D Offer","D Liability Signal: 2;P Files: 1;D Answers: 1;D Defaults: 2","2,1,1,2","0.045234207980267394","false","999.70782047615205","999.70782047615205","8","0.75","0","999.25265102511764","0.45516945103440776","false"
"Specification-ModerateRiskAversion__Cost-1__Fee-British__Starts-50","11","11","1","D","8","15","D Offer","D Liability Signal: 2;P Files: 1;D Answers: 1;D Defaults: 2","2,1,1,2","0.045234207980267394","false","999.70782047615205","999.70782047615205","9","0.85","0","999.19724668261097","0.51057379354108434","false"
"Specification-ModerateRiskAversion__Cost-1__Fee-British__Starts-50","11","11","1","D","8","15","D Offer","D Liability Signal: 2;P Files: 1;D Answers: 1;D Defaults: 2","2,1,1,2","0.045234207980267394","false","999.70782047615205","999.70782047615205","10","0.95","0","999.13189629124679","0.57592418490526143","false"
"Specification-ModerateRiskAversion__Cost-1__Fee-British__Starts-50","11","12","1","D","3","10","D Answers","D Liability Signal: 3;P Files: 1","3,1","0.058226552844301366","false","999.52299392474174","999.52299392474174","1","Yes","1","999.52299392474174","0","true"
"Specification-ModerateRiskAversion__Cost-1__Fee-British__Starts-50","11","12","1","D","3","10","D Answers","D Liability Signal: 3;P Files: 1","3,1","0.058226552844301366","false","999.52299392474174","999.52299392474174","2","No","0","998.80795866639994","0.71503525834179982","false"
"Specification-ModerateRiskAversion__Cost-1__Fee-British__Starts-50","11","13","1","D","6","21","D Defaults","D Liability Signal: 3;P Files: 1;D Answers: 1","3,1,1","0.058226552844301366","false","999.52299392474174","999.52299392474174","1","Yes","0","999.14552744151126","0.37746648323047793","false"
"Specification-ModerateRiskAversion__Cost-1__Fee-British__Starts-50","11","13","1","D","6","21","D Defaults","D Liability Signal: 3;P Files: 1;D Answers: 1","3,1,1","0.058226552844301366","false","999.52299392474174","999.52299392474174","2","No","1","999.52299392474174","0","true"
"Specification-ModerateRiskAversion__Cost-1__Fee-British__Starts-50","11","14","1","D","8","15","D Offer","D Liability Signal: 3;P Files: 1;D Answers: 1;D Defaults: 1","3,1,1,1","0","true","","","1","0.05","0.10000000000000001","","",""
"Specification-ModerateRiskAversion__Cost-1__Fee-British__Starts-50","11","14","1","D","8","15","D Offer","D Liability Signal: 3;P Files: 1;D Answers: 1;D Defaults: 1","3,1,1,1","0","true","","","2","0.15","0.10000000000000001","","",""
"Specification-ModerateRiskAversion__Cost-1__Fee-British__Starts-50","11","14","1","D","8","15","D Offer","D Liability Signal: 3;P Files: 1;D Answers: 1;D Defaults: 1","3,1,1,1","0","true","","","3","0.25","0.10000000000000001","","",""
"Specification-ModerateRiskAversion__Cost-1__Fee-British__Starts-50","11","14","1","D","8","15","D Offer","D Liability Signal: 3;P Files: 1;D Answers: 1;D Defaults: 1","3,1,1,1","0","true","","","4","0.35","0.10000000000000001","","",""
"Specification-ModerateRiskAversion__Cost-1__Fee-British__Starts-50","11","14","1","D","8","15","D Offer","D Liability Signal: 3;P Files: 1;D Answers: 1;D Defaults: 1","3,1,1,1","0","true","","","5","0.45","0.10000000000000001","","",""
"Specification-ModerateRiskAversion__Cost-1__Fee-British__Starts-50","11","14","1","D","8","15","D Offer","D Liability Signal: 3;P Files: 1;D Answers: 1;D Defaults: 1","3,1,1,1","0","true","","","6","0.55","0.10000000000000001","","",""
"Specification-ModerateRiskAversion__Cost-1__Fee-British__Starts-50","11","14","1","D","8","15","D Offer","D Liability Signal: 3;P Files: 1;D Answers: 1;D Defaults: 1","3,1,1,1","0","true","","","7","0.65","0.10000000000000001","","",""
"Specification-ModerateRiskAversion__Cost-1__Fee-British__Starts-50","11","14","1","D","8","15","D Offer","D Liability Signal: 3;P Files: 1;D Answers: 1;D Defaults: 1","3,1,1,1","0","true","","","8","0.75","0.10000000000000001","","",""
"Specification-ModerateRiskAversion__Cost-1__Fee-British__Starts-50","11","14","1","D","8","15","D Offer","D Liability Signal: 3;P Files: 1;D Answers: 1;D Defaults: 1","3,1,1,1","0","true","","","9","0.85","0.10000000000000001","","",""
"Specification-ModerateRiskAversion__Cost-1__Fee-British__Starts-50","11","14","1","D","8","15","D Offer","D Liability Signal: 3;P Files: 1;D Answers: 1;D Defaults: 1","3,1,1,1","0","true","","","10","0.95","0.10000000000000001","","",""
"Specification-ModerateRiskAversion__Cost-1__Fee-British__Starts-50","11","15","1","D","8","15","D Offer","D Liability Signal: 3;P Files: 1;D Answers: 1;D Defaults: 2","3,1,1,2","0.058226552844301366","false","999.52299392474185","999.52299392474185","1","0.05","1","999.52299392474185","0","true"
"Specification-ModerateRiskAversion__Cost-1__Fee-British__Starts-50","11","15","1","D","8","15","D Offer","D Liability Signal: 3;P Files: 1;D Answers: 1;D Defaults: 2","3,1,1,2","0.058226552844301366","false","999.52299392474185","999.52299392474185","2","0.15","0","999.52024944227196","0.002744482469893228","false"
"Specification-ModerateRiskAversion__Cost-1__Fee-British__Starts-50","11","15","1","D","8","15","D Offer","D Liability Signal: 3;P Files: 1;D Answers: 1;D Defaults: 2","3,1,1,2","0.058226552844301366","false","999.52299392474185","999.52299392474185","3","0.25","0","999.51721399747726","0.0057799272645979727","false"
"Specification-ModerateRiskAversion__Cost-1__Fee-British__Starts-50","11","15","1","D","8","15","D Offer","D Liability Signal: 3;P Files: 1;D Answers: 1;D Defaults: 2","3,1,1,2","0.058226552844301366","false","999.52299392474185","999.52299392474185","4","0.35","0","999.51386006689449","0.0091338578473596499","false"
"Specification-ModerateRiskAversion__Cost-1__Fee-British__Starts-50","11","15","1","D","8","15","D Offer","D Liability Signal: 3;P Files: 1;D Answers: 1;D Defaults: 2","3,1,1,2","0.058226552844301366","false","999.52299392474185","999.52299392474185","5","0.45","0","999.25063170379406","0.27236222094779805","false"
"Specification-ModerateRiskAversion__Cost-1__Fee-British__Starts-50","11","15","1","D","8","15","D Offer","D Liability Signal: 3;P Files: 1;D Answers: 1;D Defaults: 2","3,1,1,2","0.058226552844301366","false","999.52299392474185","999.52299392474185","6","0.55","0","999.20054889861808","0.32244502612377346","false"
"Specification-ModerateRiskAversion__Cost-1__Fee-British__Starts-50","11","15","1","D","8","15","D Offer","D Liability Signal: 3;P Files: 1;D Answers: 1;D Defaults: 2","3,1,1,2","0.058226552844301366","false","999.52299392474185","999.52299392474185","7","0.65","0","999.14518444974874","0.37780947499311424","false"
"Specification-ModerateRiskAversion__Cost-1__Fee-British__Starts-50","11","15","1","D","8","15","D Offer","D Liability Signal: 3;P Files: 1;D Answers: 1;D Defaults: 2","3,1,1,2","0.058226552844301366","false","999.52299392474185","999.52299392474185","8","0.75","0","999.11168836151012","0.4113055632317355","false"
"Specification-ModerateRiskAversion__Cost-1__Fee-British__Starts-50","11","15","1","D","8","15","D Offer","D Liability Signal: 3;P Files: 1;D Answers: 1;D Defaults: 2","3,1,1,2","0.058226552844301366","false","999.52299392474185","999.52299392474185","9","0.85","0","999.10001240014083","0.42298152460102756","false"
"Specification-ModerateRiskAversion__Cost-1__Fee-British__Starts-50","11","15","1","D","8","15","D Offer","D Liability Signal: 3;P Files: 1;D Answers: 1;D Defaults: 2","3,1,1,2","0.058226552844301366","false","999.52299392474185","999.52299392474185","10","0.95","0","999.08779822375061","0.43519570099124394","false"
"Specification-ModerateRiskAversion__Cost-1__Fee-British__Starts-50","11","16","1","D","3","10","D Answers","D Liability Signal: 4;P Files: 1","4,1","0.070376680360127813","false","999.22805306635655","999.22805306635655","1","Yes","1","999.22805306635655","0","true"
"Specification-ModerateRiskAversion__Cost-1__Fee-British__Starts-50","11","16","1","D","3","10","D Answers","D Liability Signal: 4;P Files: 1","4,1","0.070376680360127813","false","999.22805306635655","999.22805306635655","2","No","0","998.80795866640017","0.42009439995638331","false"
"Specification-ModerateRiskAversion__Cost-1__Fee-British__Starts-50","11","17","1","D","6","21","D Defaults","D Liability Signal: 4;P Files: 1;D Answers: 1","4,1,1","0.070376680360127813","false","999.22805306635655","999.22805306635667","1","Yes","0.43248114410501659","999.22805306635667","0","true"
"Specification-ModerateRiskAversion__Cost-1__Fee-British__Starts-50","11","17","1","D","6","21","D Defaults","D Liability Signal: 4;P Files: 1;D Answers: 1","4,1,1","0.070376680360127813","false","999.22805306635655","999.22805306635667","2","No","0.56751885589498341","999.22805306635667","0","true"
"Specification-ModerateRiskAversion__Cost-1__Fee-British__Starts-50","11","18","1","D","8","15","D Offer","D Liability Signal: 4;P Files: 1;D Answers: 1;D Defaults: 1","4,1,1,1","0.030436587240461124","false","999.22805306635678","999.22805306635678","1","0.05","0","998.95442786248918","0.2736252038675957","false"
"Specification-ModerateRiskAversion__Cost-1__Fee-British__Starts-50","11","18","1","D","8","15","D Offer","D Liability Signal: 4;P Files: 1;D Answers: 1;D Defaults: 1","4,1,1,1","0.030436587240461124","false","999.22805306635678","999.22805306635678","2","0.15","0","998.95243503870734","0.27561802764944332","false"
"Specification-ModerateRiskAversion__Cost-1__Fee-British__Starts-50","11","18","1","D","8","15","D Offer","D Liability Signal: 4;P Files: 1;D Answers: 1;D Defaults: 1","4,1,1,1","0.030436587240461124","false","999.22805306635678","999.22805306635678","3","0.25","0","998.95023094134422","0.27782212501256254","false"
"Specification-ModerateRiskAversion__Cost-1__Fee-British__Starts-50","11","18","1","D","8","15","D Offer","D Liability Signal: 4;P Files: 1;D Answers: 1;D Defaults: 1","4,1,1,1","0.030436587240461124","false","999.22805306635678","999.22805306635678","4","0.35","0","998.9477955850607","0.28025748129607564","false"
"Specification-ModerateRiskAversion__Cost-1__Fee-British__Starts-50","11","18","1","D","8","15","D Offer","D Liability Signal: 4;P Files: 1;D Answers: 1;D Defaults: 1","4,1,1,1","0.030436587240461124","false","999.22805306635678","999.22805306635678","5","0.45","1","999.22805306635678","0","true"
"Specification-ModerateRiskAversion__Cost-1__Fee-British__Starts-50","11","18","1","D","8","15","D Offer","D Liability Signal: 4;P Files: 1;D Answers: 1;D Defaults: 1","4,1,1,1","0.030436587240461124","false","999.22805306635678","999.22805306635678","6","0.55","0","999.18289622021371","0.045156846143072471","false"
"Specification-ModerateRiskAversion__Cost-1__Fee-British__Starts-50","11","18","1","D","8","15","D Offer","D Liability Signal: 4;P Files: 1;D Answers: 1;D Defaults: 1","4,1,1,1","0.030436587240461124","false","999.22805306635678","999.22805306635678","7","0.65","0","999.13297654621681","0.095076520139969034","false"
"Specification-ModerateRiskAversion__Cost-1__Fee-British__Starts-50","11","18","1","D","8","15","D Offer","D Liability Signal: 4;P Files: 1;D Answers: 1;D Defaults: 1","4,1,1,1","0.030436587240461124","false","999.22805306635678","999.22805306635678","8","0.75","0","999.10738893170765","0.12066413464913239","false"
"Specification-ModerateRiskAversion__Cost-1__Fee-British__Starts-50","11","18","1","D","8","15","D Offer","D Liability Signal: 4;P Files: 1;D Answers: 1;D Defaults: 1","4,1,1,1","0.030436587240461124","false","999.22805306635678","999.22805306635678","9","0.85","0","999.09552208599098","0.13253098036580013","false"
"Specification-ModerateRiskAversion__Cost-1__Fee-British__Starts-50","11","18","1","D","8","15","D Offer","D Liability Signal: 4;P Files: 1;D Answers: 1;D Defaults: 1","4,1,1,1","0.030436587240461124","false","999.22805306635678","999.22805306635678","10","0.95","0","999.03005459090139","0.19799847545539251","false"
"Specification-ModerateRiskAversion__Cost-1__Fee-British__Starts-50","11","19","1","D","8","15","D Offer","D Liability Signal: 4;P Files: 1;D Answers: 1;D Defaults: 2","4,1,1,2","0.039940093119666689","false","999.22805306635655","999.22805306635655","1","0.05","1","999.22805306635655","0","true"
"Specification-ModerateRiskAversion__Cost-1__Fee-British__Starts-50","11","19","1","D","8","15","D Offer","D Liability Signal: 4;P Files: 1;D Answers: 1;D Defaults: 2","4,1,1,2","0.039940093119666689","false","999.22805306635655","999.22805306635655","2","0.15","0","999.22606024257482","0.0019928237817339323","false"
"Specification-ModerateRiskAversion__Cost-1__Fee-British__Starts-50","11","19","1","D","8","15","D Offer","D Liability Signal: 4;P Files: 1;D Answers: 1;D Defaults: 2","4,1,1,2","0.039940093119666689","false","999.22805306635655","999.22805306635655","3","0.25","0","999.22385614521181","0.0041969211447394628","false"
"Specification-ModerateRiskAversion__Cost-1__Fee-British__Starts-50","11","19","1","D","8","15","D Offer","D Liability Signal: 4;P Files: 1;D Answers: 1;D Defaults: 2","4,1,1,2","0.039940093119666689","false","999.22805306635655","999.22805306635655","4","0.35","0","999.2214207889283","0.0066322774282525643","false"
"Specification-ModerateRiskAversion__Cost-1__Fee-British__Starts-50","11","19","1","D","8","15","D Offer","D Liability Signal: 4;P Files: 1;D Answers: 1;D Defaults: 2","4,1,1,2","0.039940093119666689","false","999.22805306635655","999.22805306635655","5","0.45","0","998.98067497912643","0.24737808723011767","false"
"Specification-ModerateRiskAversion__Cost-1__Fee-British__Starts-50","11","19","1","D","8","15","D Offer","D Liability Signal: 4;P Files: 1;D Answers: 1;D Defaults: 2","4,1,1,2","0.039940093119666689","false","999.22805306635655","999.22805306635655","6","0.55","0","998.93551813298325","0.29253493337330383","false"
"Specification-ModerateRiskAversion__Cost-1__Fee-British__Starts-50","11","19","1","D","8","15","D Offer","D Liability Signal: 4;P Files: 1;D Answers: 1;D Defaults: 2","4,1,1,2","0.039940093119666689","false","999.22805306635655","999.22805306635655","7","0.65","0","998.88559845898658","0.34245460736997302","false"
"Specification-ModerateRiskAversion__Cost-1__Fee-British__Starts-50","11","19","1","D","8","15","D Offer","D Liability Signal: 4;P Files: 1;D Answers: 1;D Defaults: 2","4,1,1,2","0.039940093119666689","false","999.22805306635655","999.22805306635655","8","0.75","0","998.88104645685814","0.34700660949840767","false"
"Specification-ModerateRiskAversion__Cost-1__Fee-British__Starts-50","11","19","1","D","8","15","D Offer","D Liability Signal: 4;P Files: 1;D Answers: 1;D Defaults: 2","4,1,1,2","0.039940093119666689","false","999.22805306635655","999.22805306635655","9","0.85","0","998.93774689415784","0.29030617219871147","false"
"Specification-ModerateRiskAversion__Cost-1__Fee-British__Starts-50","11","19","1","D","8","15","D Offer","D Liability Signal: 4;P Files: 1;D Answers: 1;D Defaults: 2","4,1,1,2","0.039940093119666689","false","999.22805306635655","999.22805306635655","10","0.95","0","999.03005459090116","0.19799847545539251","false"
"Specification-ModerateRiskAversion__Cost-1__Fee-British__Starts-50","11","20","1","D","3","10","D Answers","D Liability Signal: 5;P Files: 1","5,1","0.081542781111289389","false","999.09462820797091","999.09462820797091","1","Yes","1","999.09462820797091","0","true"
"Specification-ModerateRiskAversion__Cost-1__Fee-British__Starts-50","11","20","1","D","3","10","D Answers","D Liability Signal: 5;P Files: 1","5,1","0.081542781111289389","false","999.09462820797091","999.09462820797091","2","No","0","998.80795866640005","0.28666954157085911","false"
"Specification-ModerateRiskAversion__Cost-1__Fee-British__Starts-50","11","21","1","D","6","21","D Defaults","D Liability Signal: 5;P Files: 1;D Answers: 1","5,1,1","0.081542781111289389","false","999.09462820797091","999.09462820797091","1","Yes","1","999.09462820797091","0","true"
"Specification-ModerateRiskAversion__Cost-1__Fee-British__Starts-50","11","21","1","D","6","21","D Defaults","D Liability Signal: 5;P Files: 1;D Answers: 1","5,1,1","0.081542781111289389","false","999.09462820797091","999.09462820797091","2","No","0","998.70978234319318","0.38484586477773064","false"
"Specification-ModerateRiskAversion__Cost-1__Fee-British__Starts-50","11","22","1","D","8","15","D Offer","D Liability Signal: 5;P Files: 1;D Answers: 1;D Defaults: 1","5,1,1,1","0.081542781111289403","false","999.09462820797091","999.09462820797091","1","0.05","0","998.85354093327646","0.24108727469445057","false"
"Specification-ModerateRiskAversion__Cost-1__Fee-British__Starts-50","11","22","1","D","8","15","D Offer","D Liability Signal: 5;P Files: 1;D Answers: 1;D Defaults: 1","5,1,1,1","0.081542781111289403","false","999.09462820797091","999.09462820797091","2","0.15","0","998.85220159344362","0.24242661452728953","false"
"Specification-ModerateRiskAversion__Cost-1__Fee-British__Starts-50","11","22","1","D","8","15","D Offer","D Liability Signal: 5;P Files: 1;D Answers: 1;D Defaults: 1","5,1,1,1","0.081542781111289403","false","999.09462820797091","999.09462820797091","3","0.25","0","998.85072026056253","0.24390794740838828","false"
"Specification-ModerateRiskAversion__Cost-1__Fee-British__Starts-50","11","22","1","D","8","15","D Offer","D Liability Signal: 5;P Files: 1;D Answers: 1;D Defaults: 1","5,1,1,1","0.081542781111289403","false","999.09462820797091","999.09462820797091","4","0.35","0","998.84908350285843","0.24554470511247928","false"
"Specification-ModerateRiskAversion__Cost-1__Fee-British__Starts-50","11","22","1","D","8","15","D Offer","D Liability Signal: 5;P Files: 1;D Answers: 1;D Defaults: 1","5,1,1,1","0.081542781111289403","false","999.09462820797091","999.09462820797091","5","0.45","1","999.09462820797091","0","true"
"Specification-ModerateRiskAversion__Cost-1__Fee-British__Starts-50","11","22","1","D","8","15","D Offer","D Liability Signal: 5;P Files: 1;D Answers: 1;D Defaults: 1","5,1,1,1","0.081542781111289403","false","999.09462820797091","999.09462820797091","6","0.55","0","999.05575347000593","0.038874737964988526","false"
"Specification-ModerateRiskAversion__Cost-1__Fee-British__Starts-50","11","22","1","D","8","15","D Offer","D Liability Signal: 5;P Files: 1;D Answers: 1;D Defaults: 1","5,1,1,1","0.081542781111289403","false","999.09462820797091","999.09462820797091","7","0.65","0","999.01277797595912","0.081850232011788648","false"
"Specification-ModerateRiskAversion__Cost-1__Fee-British__Starts-50","11","22","1","D","8","15","D Offer","D Liability Signal: 5;P Files: 1;D Answers: 1;D Defaults: 1","5,1,1,1","0.081542781111289403","false","999.09462820797091","999.09462820797091","8","0.75","0","999.00034020343173","0.094288004539180292","false"
"Specification-ModerateRiskAversion__Cost-1__Fee-British__Starts-50","11","22","1","D","8","15","D Offer","D Liability Signal: 5;P Files: 1;D Answers: 1;D Defaults: 1","5,1,1,1","0.081542781111289403","false","999.09462820797091","999.09462820797091","9","0.85","0","999.00839027542179","0.086237932549124707","false"
"Specification-ModerateRiskAversion__Cost-1__Fee-British__Starts-50","11","22","1","D","8","15","D Offer","D Liability Signal: 5;P Files: 1;D Answers: 1;D Defaults: 1","5,1,1,1","0.081542781111289403","false","999.09462820797091","999.09462820797091","10","0.95","0","998.96014299775982","0.13448521021109627","false"
"Specification-ModerateRiskAversion__Cost-1__Fee-British__Starts-50","11","23","1","D","8","15","D Offer","D Liability Signal: 5;P Files: 1;D Answers: 1;D Defaults: 2","5,1,1,2","0","true","","","1","0.05","0.10000000000000001","","",""
"Specification-ModerateRiskAversion__Cost-1__Fee-British__Starts-50","11","23","1","D","8","15","D Offer","D Liability Signal: 5;P Files: 1;D Answers: 1;D Defaults: 2","5,1,1,2","0","true","","","2","0.15","0.10000000000000001","","",""
"Specification-ModerateRiskAversion__Cost-1__Fee-British__Starts-50","11","23","1","D","8","15","D Offer","D Liability Signal: 5;P Files: 1;D Answers: 1;D Defaults: 2","5,1,1,2","0","true","","","3","0.25","0.10000000000000001","","",""
"Specification-ModerateRiskAversion__Cost-1__Fee-British__Starts-50","11","23","1","D","8","15","D Offer","D Liability Signal: 5;P Files: 1;D Answers: 1;D Defaults: 2","5,1,1,2","0","true","","","4","0.35","0.10000000000000001","","",""
"Specification-ModerateRiskAversion__Cost-1__Fee-British__Starts-50","11","23","1","D","8","15","D Offer","D Liability Signal: 5;P Files: 1;D Answers: 1;D Defaults: 2","5,1,1,2","0","true","","","5","0.45","0.10000000000000001","","",""
"Specification-ModerateRiskAversion__Cost-1__Fee-British__Starts-50","11","23","1","D","8","15","D Offer","D Liability Signal: 5;P Files: 1;D Answers: 1;D Defaults: 2","5,1,1,2","0","true","","","6","0.55","0.10000000000000001","","",""
"Specification-ModerateRiskAversion__Cost-1__Fee-British__Starts-50","11","23","1","D","8","15","D Offer","D Liability Signal: 5;P Files: 1;D Answers: 1;D Defaults: 2","5,1,1,2","0","true","","","7","0.65","0.10000000000000001","","",""
"Specification-ModerateRiskAversion__Cost-1__Fee-British__Starts-50","11","23","1","D","8","15","D Offer","D Liability Signal: 5;P Files: 1;D Answers: 1;D Defaults: 2","5,1,1,2","0","true","","","8","0.75","0.10000000000000001","","",""
"Specification-ModerateRiskAversion__Cost-1__Fee-British__Starts-50","11","23","1","D","8","15","D Offer","D Liability Signal: 5;P Files: 1;D Answers: 1;D Defaults: 2","5,1,1,2","0","true","","","9","0.85","0.10000000000000001","","",""
"Specification-ModerateRiskAversion__Cost-1__Fee-British__Starts-50","11","23","1","D","8","15","D Offer","D Liability Signal: 5;P Files: 1;D Answers: 1;D Defaults: 2","5,1,1,2","0","true","","","10","0.95","0.10000000000000001","","",""
"Specification-ModerateRiskAversion__Cost-1__Fee-British__Starts-50","11","24","1","D","3","10","D Answers","D Liability Signal: 6;P Files: 1","6,1","0.091491505440437007","false","998.94881835298611","998.94881835298611","1","Yes","1","998.94881835298611","0","true"
"Specification-ModerateRiskAversion__Cost-1__Fee-British__Starts-50","11","24","1","D","3","10","D Answers","D Liability Signal: 6;P Files: 1","6,1","0.091491505440437007","false","998.94881835298611","998.94881835298611","2","No","0","998.80795866640005","0.14085968658605452","false"
"Specification-ModerateRiskAversion__Cost-1__Fee-British__Starts-50","11","25","1","D","6","21","D Defaults","D Liability Signal: 6;P Files: 1;D Answers: 1","6,1,1","0.091491505440437007","false","998.94881835298611","998.94881835298611","1","Yes","1","998.94881835298611","0","true"
"Specification-ModerateRiskAversion__Cost-1__Fee-British__Starts-50","11","25","1","D","6","21","D Defaults","D Liability Signal: 6;P Files: 1;D Answers: 1","6,1,1","0.091491505440437007","false","998.94881835298611","998.94881835298611","2","No","0","998.28030097073042","0.66851738225568624","false"
"Specification-ModerateRiskAversion__Cost-1__Fee-British__Starts-50","11","26","1","D","8","15","D Offer","D Liability Signal: 6;P Files: 1;D Answers: 1;D Defaults: 1","6,1,1,1","0.091491505440437007","false","998.948818352986","998.948818352986","1","0.05","0","998.74789734684941","0.20092100613658204","false"
"Specification-ModerateRiskAversion__Cost-1__Fee-British__Starts-50","11","26","1","D","8","15","D Offer","D Liability Signal: 6;P Files: 1;D Answers: 1;D Defaults: 1","6,1,1,1","0.091491505440437007","false","998.948818352986","998.948818352986","2","0.15","0","998.74706335597648","0.20175499700951605","false"
"Specification-ModerateRiskAversion__Cost-1__Fee-British__Starts-50","11","26","1","D","8","15","D Offer","D Liability Signal: 6;P Files: 1;D Answers: 1;D Defaults: 1","6,1,1,1","0.091491505440437007","false","998.948818352986","998.948818352986","3","0.25","0","998.74614094773312","0.20267740525287081","false"
"Specification-ModerateRiskAversion__Cost-1__Fee-British__Starts-50","11","26","1","D","8","15","D Offer","D Liability Signal: 6;P Files: 1;D Answers: 1;D Defaults: 1","6,1,1,1","0.091491505440437007","false","998.948818352986","998.948818352986","4","0.35","0","998.74512175831399","0.20369659467201018","false"
"Specification-ModerateRiskAversion__Cost-1__Fee-British__Starts-50","11","26","1","D","8","15","D Offer","D Liability Signal: 6;P Files: 1;D Answers: 1;D Defaults: 1","6,1,1,1","0.091491505440437007","false","998.948818352986","998.948818352986","5","0.45","1","998.948818352986","0","true"
"Specification-ModerateRiskAversion__Cost-1__Fee-British__Starts-50","11","26","1","D","8","15","D Offer","D Liability Signal: 6;P Files: 1;D Answers: 1;D Defaults: 1","6,1,1,1","0.091491505440437007","false","998.948818352986","998.948818352986","6","0.55","0","998.9170384753869","0.031779877599092288","false"
"Specification-ModerateRiskAversion__Cost-1__Fee-British__Starts-50","11","26","1","D","8","15","D Offer","D Liability Signal: 6;P Files: 1;D Answers: 1;D Defaults: 1","6,1,1,1","0.091491505440437007","false","998.948818352986","998.948818352986","7","0.65","0","998.88190589167948","0.06691246130651507","false"
"Specification-ModerateRiskAversion__Cost-1__Fee-British__Starts-50","11","26","1","D","8","15","D Offer","D Liability Signal: 6;P Files: 1;D Answers: 1;D Defaults: 1","6,1,1,1","0.091491505440437007","false","998.948818352986","998.948818352986","8","0.75","0","998.8818708172854","0.066947535700592198","false"
"Specification-ModerateRiskAversion__Cost-1__Fee-British__Starts-50","11","26","1","D","8","15","D Offer","D Liability Signal: 6;P Files: 1;D Answers: 1;D Defaults: 1","6,1,1,1","0.091491505440437007","false","998.948818352986","998.948818352986","9","0.85","0","998.90890134400536","0.039917008980637547","false"
"Specification-ModerateRiskAversion__Cost-1__Fee-British__Starts-50","11","26","1","D","8","15","D Offer","D Liability Signal: 6;P Files: 1;D Answers: 1;D Defaults: 1","6,1,1,1","0.091491505440437007","false","998.948818352986","998.948818352986","10","0.95","0","998.88328079186431","0.065537561121686849","false"
"Specification-ModerateRiskAversion__Cost-1__Fee-British__Starts-50","11","27","1","D","8","15","D Offer","D Liability Signal: 6;P Files: 1;D Answers: 1;D Defaults: 2","6,1,1,2","0","true","","","1","0.05","0.10000000000000001","","",""
"Specification-ModerateRiskAversion__Cost-1__Fee-British__Starts-50","11","27","1","D","8","15","D Offer","D Liability Signal: 6;P Files: 1;D Answers: 1;D Defaults: 2","6,1,1,2","0","true","","","2","0.15","0.10000000000000001","","",""
"Specification-ModerateRiskAversion__Cost-1__Fee-British__Starts-50","11","27","1","D","8","15","D Offer","D Liability Signal: 6;P Files: 1;D Answers: 1;D Defaults: 2","6,1,1,2","0","true","","","3","0.25","0.10000000000000001","","",""
"Specification-ModerateRiskAversion__Cost-1__Fee-British__Starts-50","11","27","1","D","8","15","D Offer","D Liability Signal: 6;P Files: 1;D Answers: 1;D Defaults: 2","6,1,1,2","0","true","","","4","0.35","0.10000000000000001","","",""
"Specification-ModerateRiskAversion__Cost-1__Fee-British__Starts-50","11","27","1","D","8","15","D Offer","D Liability Signal: 6;P Files: 1;D Answers: 1;D Defaults: 2","6,1,1,2","0","true","","","5","0.45","0.10000000000000001","","",""
"Specification-ModerateRiskAversion__Cost-1__Fee-British__Starts-50","11","27","1","D","8","15","D Offer","D Liability Signal: 6;P Files: 1;D Answers: 1;D Defaults: 2","6,1,1,2","0","true","","","6","0.55","0.10000000000000001","","",""
"Specification-ModerateRiskAversion__Cost-1__Fee-British__Starts-50","11","27","1","D","8","15","D Offer","D Liability Signal: 6;P Files: 1;D Answers: 1;D Defaults: 2","6,1,1,2","0","true","","","7","0.65","0.10000000000000001","","",""
"Specification-ModerateRiskAversion__Cost-1__Fee-British__Starts-50","11","27","1","D","8","15","D Offer","D Liability Signal: 6;P Files: 1;D Answers: 1;D Defaults: 2","6,1,1,2","0","true","","","8","0.75","0.10000000000000001","","",""
"Specification-ModerateRiskAversion__Cost-1__Fee-British__Starts-50","11","27","1","D","8","15","D Offer","D Liability Signal: 6;P Files: 1;D Answers: 1;D Defaults: 2","6,1,1,2","0","true","","","9","0.85","0.10000000000000001","","",""
"Specification-ModerateRiskAversion__Cost-1__Fee-British__Starts-50","11","27","1","D","8","15","D Offer","D Liability Signal: 6;P Files: 1;D Answers: 1;D Defaults: 2","6,1,1,2","0","true","","","10","0.95","0.10000000000000001","","",""
"Specification-ModerateRiskAversion__Cost-1__Fee-British__Starts-50","11","28","1","D","3","10","D Answers","D Liability Signal: 7;P Files: 1","7,1","0.099067616561741123","false","998.80795866640028","998.80795866640005","1","Yes","0.16494281979060108","998.80795866639994","1.1368683772161603E-13","true"
"Specification-ModerateRiskAversion__Cost-1__Fee-British__Starts-50","11","28","1","D","3","10","D Answers","D Liability Signal: 7;P Files: 1","7,1","0.099067616561741123","false","998.80795866640028","998.80795866640005","2","No","0.83505718020939901","998.80795866640005","0","true"
"Specification-ModerateRiskAversion__Cost-1__Fee-British__Starts-50","11","29","1","D","6","21","D Defaults","D Liability Signal: 7;P Files: 1;D Answers: 1","7,1,1","0.016340492025627634","false","998.80795866640005","998.80795866640005","1","Yes","1","998.80795866640005","0","true"
"Specification-ModerateRiskAversion__Cost-1__Fee-British__Starts-50","11","29","1","D","6","21","D Defaults","D Liability Signal: 7;P Files: 1;D Answers: 1","7,1,1","0.016340492025627634","false","998.80795866640005","998.80795866640005","2","No","0","997.8213065185663","0.98665214783375177","false"
"Specification-ModerateRiskAversion__Cost-1__Fee-British__Starts-50","11","30","1","D","8","15","D Offer","D Liability Signal: 7;P Files: 1;D Answers: 1;D Defaults: 1","7,1,1,1","0.016340492025627634","false","998.80795866640005","998.80795866640005","1","0.05","0","998.64892390916646","0.15903475723359861","false"
"Specification-ModerateRiskAversion__Cost-1__Fee-British__Starts-50","11","30","1","D","8","15","D Offer","D Liability Signal: 7;P Files: 1;D Answers: 1;D Defaults: 1","7,1,1,1","0.016340492025627634","false","998.80795866640005","998.80795866640005","2","0.15","0","998.64843839065077","0.15952027574928707","false"
"Specification-ModerateRiskAversion__Cost-1__Fee-British__Starts-50","11","30","1","D","8","15","D Offer","D Liability Signal: 7;P Files: 1;D Answers: 1;D Defaults: 1","7,1,1,1","0.016340492025627634","false","998.80795866640005","998.80795866640005","3","0.25","0","998.64790139882541","0.16005726757464345","false"
"Specification-ModerateRiskAversion__Cost-1__Fee-British__Starts-50","11","30","1","D","8","15","D Offer","D Liability Signal: 7;P Files: 1;D Answers: 1;D Defaults: 1","7,1,1,1","0.016340492025627634","false","998.80795866640005","998.80795866640005","4","0.35","0","998.6473080645934","0.16065060180665114","false"
"Specification-ModerateRiskAversion__Cost-1__Fee-British__Starts-50","11","30","1","D","8","15","D Offer","D Liability Signal: 7;P Files: 1;D Answers: 1;D Defaults: 1","7,1,1,1","0.016340492025627634","false","998.80795866640005","998.80795866640005","5","0.45","1","998.80795866640005","0","true"
"Specification-ModerateRiskAversion__Cost-1__Fee-British__Starts-50","11","30","1","D","8","15","D Offer","D Liability Signal: 7;P Files: 1;D Answers: 1;D Defaults: 1","7,1,1,1","0.016340492025627634","false","998.80795866640005","998.80795866640005","6","0.55","0","998.78318644126875","0.024772225131300729","false"
"Specification-ModerateRiskAversion__Cost-1__Fee-British__Starts-50","11","30","1","D","8","15","D Offer","D Liability Signal: 7;P Files: 1;D Answers: 1;D Defaults: 1","7,1,1,1","0.016340492025627634","false","998.80795866640005","998.80795866640005","7","0.65","0","998.7558005738257","0.052158092574359216","false"
"Specification-ModerateRiskAversion__Cost-1__Fee-British__Starts-50","11","30","1","D","8","15","D Offer","D Liability Signal: 7;P Files: 1;D Answers: 1;D Defaults: 1","7,1,1,1","0.016340492025627634","false","998.80795866640005","998.80795866640005","8","0.75","0","998.76567304683158","0.042285619568474431","false"
"Specification-ModerateRiskAversion__Cost-1__Fee-British__Starts-50","11","30","1","D","8","15","D Offer","D Liability Signal: 7;P Files: 1;D Answers: 1;D Defaults: 1","7,1,1,1","0.016340492025627634","false","998.80795866640005","998.80795866640005","9","0.85","0","998.80795866640005","0","true"
"Specification-ModerateRiskAversion__Cost-1__Fee-British__Starts-50","11","30","1","D","8","15","D Offer","D Liability Signal: 7;P Files: 1;D Answers: 1;D Defaults: 1","7,1,1,1","0.016340492025627634","false","998.80795866640005","998.80795866640005","10","0.95","0","998.80795866640005","0","true"
"Specification-ModerateRiskAversion__Cost-1__Fee-British__Starts-50","11","31","1","D","8","15","D Offer","D Liability Signal: 7;P Files: 1;D Answers: 1;D Defaults: 2","7,1,1,2","0","true","","","1","0.05","0.10000000000000001","","",""
"Specification-ModerateRiskAversion__Cost-1__Fee-British__Starts-50","11","31","1","D","8","15","D Offer","D Liability Signal: 7;P Files: 1;D Answers: 1;D Defaults: 2","7,1,1,2","0","true","","","2","0.15","0.10000000000000001","","",""
"Specification-ModerateRiskAversion__Cost-1__Fee-British__Starts-50","11","31","1","D","8","15","D Offer","D Liability Signal: 7;P Files: 1;D Answers: 1;D Defaults: 2","7,1,1,2","0","true","","","3","0.25","0.10000000000000001","","",""
"Specification-ModerateRiskAversion__Cost-1__Fee-British__Starts-50","11","31","1","D","8","15","D Offer","D Liability Signal: 7;P Files: 1;D Answers: 1;D Defaults: 2","7,1,1,2","0","true","","","4","0.35","0.10000000000000001","","",""
"Specification-ModerateRiskAversion__Cost-1__Fee-British__Starts-50","11","31","1","D","8","15","D Offer","D Liability Signal: 7;P Files: 1;D Answers: 1;D Defaults: 2","7,1,1,2","0","true","","","5","0.45","0.10000000000000001","","",""
"Specification-ModerateRiskAversion__Cost-1__Fee-British__Starts-50","11","31","1","D","8","15","D Offer","D Liability Signal: 7;P Files: 1;D Answers: 1;D Defaults: 2","7,1,1,2","0","true","","","6","0.55","0.10000000000000001","","",""
"Specification-ModerateRiskAversion__Cost-1__Fee-British__Starts-50","11","31","1","D","8","15","D Offer","D Liability Signal: 7;P Files: 1;D Answers: 1;D Defaults: 2","7,1,1,2","0","true","","","7","0.65","0.10000000000000001","","",""
"Specification-ModerateRiskAversion__Cost-1__Fee-British__Starts-50","11","31","1","D","8","15","D Offer","D Liability Signal: 7;P Files: 1;D Answers: 1;D Defaults: 2","7,1,1,2","0","true","","","8","0.75","0.10000000000000001","","",""
"Specification-ModerateRiskAversion__Cost-1__Fee-British__Starts-50","11","31","1","D","8","15","D Offer","D Liability Signal: 7;P Files: 1;D Answers: 1;D Defaults: 2","7,1,1,2","0","true","","","9","0.85","0.10000000000000001","","",""
"Specification-ModerateRiskAversion__Cost-1__Fee-British__Starts-50","11","31","1","D","8","15","D Offer","D Liability Signal: 7;P Files: 1;D Answers: 1;D Defaults: 2","7,1,1,2","0","true","","","10","0.95","0.10000000000000001","","",""
"Specification-ModerateRiskAversion__Cost-1__Fee-British__Starts-50","11","32","1","D","3","10","D Answers","D Liability Signal: 8;P Files: 1","8,1","0.10156279685822271","false","998.80795866639994","998.80795866639994","1","Yes","0","998.02015408291663","0.7878045834833074","false"
"Specification-ModerateRiskAversion__Cost-1__Fee-British__Starts-50","11","32","1","D","3","10","D Answers","D Liability Signal: 8;P Files: 1","8,1","0.10156279685822271","false","998.80795866639994","998.80795866639994","2","No","1","998.80795866639994","0","true"
"Specification-ModerateRiskAversion__Cost-1__Fee-British__Starts-50","11","33","1","D","6","21","D Defaults","D Liability Signal: 8;P Files: 1;D Answers: 1","8,1,1","0","true","","","1","Yes","0.5","","",""
"Specification-ModerateRiskAversion__Cost-1__Fee-British__Starts-50","11","33","1","D","6","21","D Defaults","D Liability Signal: 8;P Files: 1;D Answers: 1","8,1,1","0","true","","","2","No","0.5","","",""
"Specification-ModerateRiskAversion__Cost-1__Fee-British__Starts-50","11","34","1","D","8","15","D Offer","D Liability Signal: 8;P Files: 1;D Answers: 1;D Defaults: 1","8,1,1,1","0","true","","","1","0.05","0.10000000000000001","","",""
"Specification-ModerateRiskAversion__Cost-1__Fee-British__Starts-50","11","34","1","D","8","15","D Offer","D Liability Signal: 8;P Files: 1;D Answers: 1;D Defaults: 1","8,1,1,1","0","true","","","2","0.15","0.10000000000000001","","",""
"Specification-ModerateRiskAversion__Cost-1__Fee-British__Starts-50","11","34","1","D","8","15","D Offer","D Liability Signal: 8;P Files: 1;D Answers: 1;D Defaults: 1","8,1,1,1","0","true","","","3","0.25","0.10000000000000001","","",""
"Specification-ModerateRiskAversion__Cost-1__Fee-British__Starts-50","11","34","1","D","8","15","D Offer","D Liability Signal: 8;P Files: 1;D Answers: 1;D Defaults: 1","8,1,1,1","0","true","","","4","0.35","0.10000000000000001","","",""
"Specification-ModerateRiskAversion__Cost-1__Fee-British__Starts-50","11","34","1","D","8","15","D Offer","D Liability Signal: 8;P Files: 1;D Answers: 1;D Defaults: 1","8,1,1,1","0","true","","","5","0.45","0.10000000000000001","","",""
"Specification-ModerateRiskAversion__Cost-1__Fee-British__Starts-50","11","34","1","D","8","15","D Offer","D Liability Signal: 8;P Files: 1;D Answers: 1;D Defaults: 1","8,1,1,1","0","true","","","6","0.55","0.10000000000000001","","",""
"Specification-ModerateRiskAversion__Cost-1__Fee-British__Starts-50","11","34","1","D","8","15","D Offer","D Liability Signal: 8;P Files: 1;D Answers: 1;D Defaults: 1","8,1,1,1","0","true","","","7","0.65","0.10000000000000001","","",""
"Specification-ModerateRiskAversion__Cost-1__Fee-British__Starts-50","11","34","1","D","8","15","D Offer","D Liability Signal: 8;P Files: 1;D Answers: 1;D Defaults: 1","8,1,1,1","0","true","","","8","0.75","0.10000000000000001","","",""
"Specification-ModerateRiskAversion__Cost-1__Fee-British__Starts-50","11","34","1","D","8","15","D Offer","D Liability Signal: 8;P Files: 1;D Answers: 1;D Defaults: 1","8,1,1,1","0","true","","","9","0.85","0.10000000000000001","","",""
"Specification-ModerateRiskAversion__Cost-1__Fee-British__Starts-50","11","34","1","D","8","15","D Offer","D Liability Signal: 8;P Files: 1;D Answers: 1;D Defaults: 1","8,1,1,1","0","true","","","10","0.95","0.10000000000000001","","",""
"Specification-ModerateRiskAversion__Cost-1__Fee-British__Starts-50","11","35","1","D","8","15","D Offer","D Liability Signal: 8;P Files: 1;D Answers: 1;D Defaults: 2","8,1,1,2","0","true","","","1","0.05","0.10000000000000001","","",""
"Specification-ModerateRiskAversion__Cost-1__Fee-British__Starts-50","11","35","1","D","8","15","D Offer","D Liability Signal: 8;P Files: 1;D Answers: 1;D Defaults: 2","8,1,1,2","0","true","","","2","0.15","0.10000000000000001","","",""
"Specification-ModerateRiskAversion__Cost-1__Fee-British__Starts-50","11","35","1","D","8","15","D Offer","D Liability Signal: 8;P Files: 1;D Answers: 1;D Defaults: 2","8,1,1,2","0","true","","","3","0.25","0.10000000000000001","","",""
"Specification-ModerateRiskAversion__Cost-1__Fee-British__Starts-50","11","35","1","D","8","15","D Offer","D Liability Signal: 8;P Files: 1;D Answers: 1;D Defaults: 2","8,1,1,2","0","true","","","4","0.35","0.10000000000000001","","",""
"Specification-ModerateRiskAversion__Cost-1__Fee-British__Starts-50","11","35","1","D","8","15","D Offer","D Liability Signal: 8;P Files: 1;D Answers: 1;D Defaults: 2","8,1,1,2","0","true","","","5","0.45","0.10000000000000001","","",""
"Specification-ModerateRiskAversion__Cost-1__Fee-British__Starts-50","11","35","1","D","8","15","D Offer","D Liability Signal: 8;P Files: 1;D Answers: 1;D Defaults: 2","8,1,1,2","0","true","","","6","0.55","0.10000000000000001","","",""
"Specification-ModerateRiskAversion__Cost-1__Fee-British__Starts-50","11","35","1","D","8","15","D Offer","D Liability Signal: 8;P Files: 1;D Answers: 1;D Defaults: 2","8,1,1,2","0","true","","","7","0.65","0.10000000000000001","","",""
"Specification-ModerateRiskAversion__Cost-1__Fee-British__Starts-50","11","35","1","D","8","15","D Offer","D Liability Signal: 8;P Files: 1;D Answers: 1;D Defaults: 2","8,1,1,2","0","true","","","8","0.75","0.10000000000000001","","",""
"Specification-ModerateRiskAversion__Cost-1__Fee-British__Starts-50","11","35","1","D","8","15","D Offer","D Liability Signal: 8;P Files: 1;D Answers: 1;D Defaults: 2","8,1,1,2","0","true","","","9","0.85","0.10000000000000001","","",""
"Specification-ModerateRiskAversion__Cost-1__Fee-British__Starts-50","11","35","1","D","8","15","D Offer","D Liability Signal: 8;P Files: 1;D Answers: 1;D Defaults: 2","8,1,1,2","0","true","","","10","0.95","0.10000000000000001","","",""
"Specification-ModerateRiskAversion__Cost-1__Fee-British__Starts-50","11","36","1","D","3","10","D Answers","D Liability Signal: 9;P Files: 1","9,1","0.095517058763591192","false","998.80795866639994","998.80795866639994","1","Yes","0","997.8160564782944","0.99190218810554143","false"
"Specification-ModerateRiskAversion__Cost-1__Fee-British__Starts-50","11","36","1","D","3","10","D Answers","D Liability Signal: 9;P Files: 1","9,1","0.095517058763591192","false","998.80795866639994","998.80795866639994","2","No","1","998.80795866639994","0","true"
"Specification-ModerateRiskAversion__Cost-1__Fee-British__Starts-50","11","37","1","D","6","21","D Defaults","D Liability Signal: 9;P Files: 1;D Answers: 1","9,1,1","0","true","","","1","Yes","0.5","","",""
"Specification-ModerateRiskAversion__Cost-1__Fee-British__Starts-50","11","37","1","D","6","21","D Defaults","D Liability Signal: 9;P Files: 1;D Answers: 1","9,1,1","0","true","","","2","No","0.5","","",""
"Specification-ModerateRiskAversion__Cost-1__Fee-British__Starts-50","11","38","1","D","8","15","D Offer","D Liability Signal: 9;P Files: 1;D Answers: 1;D Defaults: 1","9,1,1,1","0","true","","","1","0.05","0.10000000000000001","","",""
"Specification-ModerateRiskAversion__Cost-1__Fee-British__Starts-50","11","38","1","D","8","15","D Offer","D Liability Signal: 9;P Files: 1;D Answers: 1;D Defaults: 1","9,1,1,1","0","true","","","2","0.15","0.10000000000000001","","",""
"Specification-ModerateRiskAversion__Cost-1__Fee-British__Starts-50","11","38","1","D","8","15","D Offer","D Liability Signal: 9;P Files: 1;D Answers: 1;D Defaults: 1","9,1,1,1","0","true","","","3","0.25","0.10000000000000001","","",""
"Specification-ModerateRiskAversion__Cost-1__Fee-British__Starts-50","11","38","1","D","8","15","D Offer","D Liability Signal: 9;P Files: 1;D Answers: 1;D Defaults: 1","9,1,1,1","0","true","","","4","0.35","0.10000000000000001","","",""
"Specification-ModerateRiskAversion__Cost-1__Fee-British__Starts-50","11","38","1","D","8","15","D Offer","D Liability Signal: 9;P Files: 1;D Answers: 1;D Defaults: 1","9,1,1,1","0","true","","","5","0.45","0.10000000000000001","","",""
"Specification-ModerateRiskAversion__Cost-1__Fee-British__Starts-50","11","38","1","D","8","15","D Offer","D Liability Signal: 9;P Files: 1;D Answers: 1;D Defaults: 1","9,1,1,1","0","true","","","6","0.55","0.10000000000000001","","",""
"Specification-ModerateRiskAversion__Cost-1__Fee-British__Starts-50","11","38","1","D","8","15","D Offer","D Liability Signal: 9;P Files: 1;D Answers: 1;D Defaults: 1","9,1,1,1","0","true","","","7","0.65","0.10000000000000001","","",""
"Specification-ModerateRiskAversion__Cost-1__Fee-British__Starts-50","11","38","1","D","8","15","D Offer","D Liability Signal: 9;P Files: 1;D Answers: 1;D Defaults: 1","9,1,1,1","0","true","","","8","0.75","0.10000000000000001","","",""
"Specification-ModerateRiskAversion__Cost-1__Fee-British__Starts-50","11","38","1","D","8","15","D Offer","D Liability Signal: 9;P Files: 1;D Answers: 1;D Defaults: 1","9,1,1,1","0","true","","","9","0.85","0.10000000000000001","","",""
"Specification-ModerateRiskAversion__Cost-1__Fee-British__Starts-50","11","38","1","D","8","15","D Offer","D Liability Signal: 9;P Files: 1;D Answers: 1;D Defaults: 1","9,1,1,1","0","true","","","10","0.95","0.10000000000000001","","",""
"Specification-ModerateRiskAversion__Cost-1__Fee-British__Starts-50","11","39","1","D","8","15","D Offer","D Liability Signal: 9;P Files: 1;D Answers: 1;D Defaults: 2","9,1,1,2","0","true","","","1","0.05","0.10000000000000001","","",""
"Specification-ModerateRiskAversion__Cost-1__Fee-British__Starts-50","11","39","1","D","8","15","D Offer","D Liability Signal: 9;P Files: 1;D Answers: 1;D Defaults: 2","9,1,1,2","0","true","","","2","0.15","0.10000000000000001","","",""
"Specification-ModerateRiskAversion__Cost-1__Fee-British__Starts-50","11","39","1","D","8","15","D Offer","D Liability Signal: 9;P Files: 1;D Answers: 1;D Defaults: 2","9,1,1,2","0","true","","","3","0.25","0.10000000000000001","","",""
"Specification-ModerateRiskAversion__Cost-1__Fee-British__Starts-50","11","39","1","D","8","15","D Offer","D Liability Signal: 9;P Files: 1;D Answers: 1;D Defaults: 2","9,1,1,2","0","true","","","4","0.35","0.10000000000000001","","",""
"Specification-ModerateRiskAversion__Cost-1__Fee-British__Starts-50","11","39","1","D","8","15","D Offer","D Liability Signal: 9;P Files: 1;D Answers: 1;D Defaults: 2","9,1,1,2","0","true","","","5","0.45","0.10000000000000001","","",""
"Specification-ModerateRiskAversion__Cost-1__Fee-British__Starts-50","11","39","1","D","8","15","D Offer","D Liability Signal: 9;P Files: 1;D Answers: 1;D Defaults: 2","9,1,1,2","0","true","","","6","0.55","0.10000000000000001","","",""
"Specification-ModerateRiskAversion__Cost-1__Fee-British__Starts-50","11","39","1","D","8","15","D Offer","D Liability Signal: 9;P Files: 1;D Answers: 1;D Defaults: 2","9,1,1,2","0","true","","","7","0.65","0.10000000000000001","","",""
"Specification-ModerateRiskAversion__Cost-1__Fee-British__Starts-50","11","39","1","D","8","15","D Offer","D Liability Signal: 9;P Files: 1;D Answers: 1;D Defaults: 2","9,1,1,2","0","true","","","8","0.75","0.10000000000000001","","",""
"Specification-ModerateRiskAversion__Cost-1__Fee-British__Starts-50","11","39","1","D","8","15","D Offer","D Liability Signal: 9;P Files: 1;D Answers: 1;D Defaults: 2","9,1,1,2","0","true","","","9","0.85","0.10000000000000001","","",""
"Specification-ModerateRiskAversion__Cost-1__Fee-British__Starts-50","11","39","1","D","8","15","D Offer","D Liability Signal: 9;P Files: 1;D Answers: 1;D Defaults: 2","9,1,1,2","0","true","","","10","0.95","0.10000000000000001","","",""
"Specification-ModerateRiskAversion__Cost-1__Fee-British__Starts-50","11","40","1","D","3","10","D Answers","D Liability Signal: 10;P Files: 1","10,1","0.079524708457731297","false","998.80795866640005","998.80795866640005","1","Yes","0","997.66796702065312","1.1399916457469317","false"
"Specification-ModerateRiskAversion__Cost-1__Fee-British__Starts-50","11","40","1","D","3","10","D Answers","D Liability Signal: 10;P Files: 1","10,1","0.079524708457731297","false","998.80795866640005","998.80795866640005","2","No","1","998.80795866640005","0","true"
"Specification-ModerateRiskAversion__Cost-1__Fee-British__Starts-50","11","41","1","D","6","21","D Defaults","D Liability Signal: 10;P Files: 1;D Answers: 1","10,1,1","0","true","","","1","Yes","0.5","","",""
"Specification-ModerateRiskAversion__Cost-1__Fee-British__Starts-50","11","41","1","D","6","21","D Defaults","D Liability Signal: 10;P Files: 1;D Answers: 1","10,1,1","0","true","","","2","No","0.5","","",""
"Specification-ModerateRiskAversion__Cost-1__Fee-British__Starts-50","11","42","1","D","8","15","D Offer","D Liability Signal: 10;P Files: 1;D Answers: 1;D Defaults: 1","10,1,1,1","0","true","","","1","0.05","0.10000000000000001","","",""
"Specification-ModerateRiskAversion__Cost-1__Fee-British__Starts-50","11","42","1","D","8","15","D Offer","D Liability Signal: 10;P Files: 1;D Answers: 1;D Defaults: 1","10,1,1,1","0","true","","","2","0.15","0.10000000000000001","","",""
"Specification-ModerateRiskAversion__Cost-1__Fee-British__Starts-50","11","42","1","D","8","15","D Offer","D Liability Signal: 10;P Files: 1;D Answers: 1;D Defaults: 1","10,1,1,1","0","true","","","3","0.25","0.10000000000000001","","",""
"Specification-ModerateRiskAversion__Cost-1__Fee-British__Starts-50","11","42","1","D","8","15","D Offer","D Liability Signal: 10;P Files: 1;D Answers: 1;D Defaults: 1","10,1,1,1","0","true","","","4","0.35","0.10000000000000001","","",""
"Specification-ModerateRiskAversion__Cost-1__Fee-British__Starts-50","11","42","1","D","8","15","D Offer","D Liability Signal: 10;P Files: 1;D Answers: 1;D Defaults: 1","10,1,1,1","0","true","","","5","0.45","0.10000000000000001","","",""
"Specification-ModerateRiskAversion__Cost-1__Fee-British__Starts-50","11","42","1","D","8","15","D Offer","D Liability Signal: 10;P Files: 1;D Answers: 1;D Defaults: 1","10,1,1,1","0","true","","","6","0.55","0.10000000000000001","","",""
"Specification-ModerateRiskAversion__Cost-1__Fee-British__Starts-50","11","42","1","D","8","15","D Offer","D Liability Signal: 10;P Files: 1;D Answers: 1;D Defaults: 1","10,1,1,1","0","true","","","7","0.65","0.10000000000000001","","",""
"Specification-ModerateRiskAversion__Cost-1__Fee-British__Starts-50","11","42","1","D","8","15","D Offer","D Liability Signal: 10;P Files: 1;D Answers: 1;D Defaults: 1","10,1,1,1","0","true","","","8","0.75","0.10000000000000001","","",""
"Specification-ModerateRiskAversion__Cost-1__Fee-British__Starts-50","11","42","1","D","8","15","D Offer","D Liability Signal: 10;P Files: 1;D Answers: 1;D Defaults: 1","10,1,1,1","0","true","","","9","0.85","0.10000000000000001","","",""
"Specification-ModerateRiskAversion__Cost-1__Fee-British__Starts-50","11","42","1","D","8","15","D Offer","D Liability Signal: 10;P Files: 1;D Answers: 1;D Defaults: 1","10,1,1,1","0","true","","","10","0.95","0.10000000000000001","","",""
"Specification-ModerateRiskAversion__Cost-1__Fee-British__Starts-50","11","43","1","D","8","15","D Offer","D Liability Signal: 10;P Files: 1;D Answers: 1;D Defaults: 2","10,1,1,2","0","true","","","1","0.05","0.10000000000000001","","",""
"Specification-ModerateRiskAversion__Cost-1__Fee-British__Starts-50","11","43","1","D","8","15","D Offer","D Liability Signal: 10;P Files: 1;D Answers: 1;D Defaults: 2","10,1,1,2","0","true","","","2","0.15","0.10000000000000001","","",""
"Specification-ModerateRiskAversion__Cost-1__Fee-British__Starts-50","11","43","1","D","8","15","D Offer","D Liability Signal: 10;P Files: 1;D Answers: 1;D Defaults: 2","10,1,1,2","0","true","","","3","0.25","0.10000000000000001","","",""
"Specification-ModerateRiskAversion__Cost-1__Fee-British__Starts-50","11","43","1","D","8","15","D Offer","D Liability Signal: 10;P Files: 1;D Answers: 1;D Defaults: 2","10,1,1,2","0","true","","","4","0.35","0.10000000000000001","","",""
"Specification-ModerateRiskAversion__Cost-1__Fee-British__Starts-50","11","43","1","D","8","15","D Offer","D Liability Signal: 10;P Files: 1;D Answers: 1;D Defaults: 2","10,1,1,2","0","true","","","5","0.45","0.10000000000000001","","",""
"Specification-ModerateRiskAversion__Cost-1__Fee-British__Starts-50","11","43","1","D","8","15","D Offer","D Liability Signal: 10;P Files: 1;D Answers: 1;D Defaults: 2","10,1,1,2","0","true","","","6","0.55","0.10000000000000001","","",""
"Specification-ModerateRiskAversion__Cost-1__Fee-British__Starts-50","11","43","1","D","8","15","D Offer","D Liability Signal: 10;P Files: 1;D Answers: 1;D Defaults: 2","10,1,1,2","0","true","","","7","0.65","0.10000000000000001","","",""
"Specification-ModerateRiskAversion__Cost-1__Fee-British__Starts-50","11","43","1","D","8","15","D Offer","D Liability Signal: 10;P Files: 1;D Answers: 1;D Defaults: 2","10,1,1,2","0","true","","","8","0.75","0.10000000000000001","","",""
"Specification-ModerateRiskAversion__Cost-1__Fee-British__Starts-50","11","43","1","D","8","15","D Offer","D Liability Signal: 10;P Files: 1;D Answers: 1;D Defaults: 2","10,1,1,2","0","true","","","9","0.85","0.10000000000000001","","",""
"Specification-ModerateRiskAversion__Cost-1__Fee-British__Starts-50","11","43","1","D","8","15","D Offer","D Liability Signal: 10;P Files: 1;D Answers: 1;D Defaults: 2","10,1,1,2","0","true","","","10","0.95","0.10000000000000001","","",""
