"OptionSetName","Equilibrium Number","Information Set Number","Player Index","Player","Decision Index","Decision Code","Decision","Information Set Labels","Information Set Contents","Equilibrium Reach Probability","Off Path","Conditional Information-Set Utility","Best Action Utility","Action","Action Label","Equilibrium Action Probability","Conditional Action Utility","Utility Loss from Best Action","Is Best Action"
"Specification-Baseline__Cost-1__Fee-British__ExitFees-AllUnilateralExits__Starts-50","2","0","0","P","2","9","P Files","P Liability Signal: 1","1","0.080450000000000008","false","9.9999959389999997","9.9999959389999997","1","Yes","0","9.9337045575136909","0.066291381486308865","false"
"Specification-Baseline__Cost-1__Fee-British__ExitFees-AllUnilateralExits__Starts-50","2","0","0","P","2","9","P Files","P Liability Signal: 1","1","0.080450000000000008","false","9.9999959389999997","9.9999959389999997","2","No","1","9.9999959389999997","0","true"
"Specification-Baseline__Cost-1__Fee-British__ExitFees-AllUnilateralExits__Starts-50","2","2","0","P","5","20","P Abandons","P Liability Signal: 1;P Files: 1;D Answers: 1","1,1,1","0","true","","","1","Yes","0","","",""
"Specification-Baseline__Cost-1__Fee-British__ExitFees-AllUnilateralExits__Starts-50","2","2","0","P","5","20","P Abandons","P Liability Signal: 1;P Files: 1;D Answers: 1","1,1,1","0","true","","","2","No","1","","",""
"Specification-Baseline__Cost-1__Fee-British__ExitFees-AllUnilateralExits__Starts-50","2","4","0","P","7","14","P Offer","P Liability Signal: 1;P Files: 1;D Answers: 1;P Abandons: 1","1,1,1,1","0","true","","","1","0.05","1","","",""
"Specification-Baseline__Cost-1__Fee-British__ExitFees-AllUnilateralExits__Starts-50","2","4","0","P","7","14","P Offer","P Liability Signal: 1;P Files: 1;D Answers: 1;P Abandons: 1","1,1,1,1","0","true","","","2","0.15","0","","",""
"Specification-Baseline__Cost-1__Fee-British__ExitFees-AllUnilateralExits__Starts-50","2","4","0","P","7","14","P Offer","P Liability Signal: 1;P Files: 1;D Answers: 1;P Abandons: 1","1,1,1,1","0","true","","","3","0.25","0","","",""
"Specification-Baseline__Cost-1__Fee-British__ExitFees-AllUnilateralExits__Starts-50","2","4","0","P","7","14","P Offer","P Liability Signal: 1;P Files: 1;D Answers: 1;P Abandons: 1","1,1,1,1","0","true","","","4","0.35","0","","",""
"Specification-Baseline__Cost-1__Fee-British__ExitFees-AllUnilateralExits__Starts-50","2","4","0","P","7","14","P Offer","P Liability Signal: 1;P Files: 1;D Answers: 1;P Abandons: 1","1,1,1,1","0","true","","","5","0.45","0","","",""
"Specification-Baseline__Cost-1__Fee-British__ExitFees-AllUnilateralExits__Starts-50","2","4","0","P","7","14","P Offer","P Liability Signal: 1;P Files: 1;D Answers: 1;P Abandons: 1","1,1,1,1","0","true","","","6","0.55","0","","",""
"Specification-Baseline__Cost-1__Fee-British__ExitFees-AllUnilateralExits__Starts-50","2","4","0","P","7","14","P Offer","P Liability Signal: 1;P Files: 1;D Answers: 1;P Abandons: 1","1,1,1,1","0","true","","","7","0.65","0","","",""
"Specification-Baseline__Cost-1__Fee-British__ExitFees-AllUnilateralExits__Starts-50","2","4","0","P","7","14","P Offer","P Liability Signal: 1;P Files: 1;D Answers: 1;P Abandons: 1","1,1,1,1","0","true","","","8","0.75","0","","",""
"Specification-Baseline__Cost-1__Fee-British__ExitFees-AllUnilateralExits__Starts-50","2","4","0","P","7","14","P Offer","P Liability Signal: 1;P Files: 1;D Answers: 1;P Abandons: 1","1,1,1,1","0","true","","","9","0.85","0","","",""
"Specification-Baseline__Cost-1__Fee-British__ExitFees-AllUnilateralExits__Starts-50","2","4","0","P","7","14","P Offer","P Liability Signal: 1;P Files: 1;D Answers: 1;P Abandons: 1","1,1,1,1","0","true","","","10","0.95","0","","",""
"Specification-Baseline__Cost-1__Fee-British__ExitFees-AllUnilateralExits__Starts-50","2","7","0","P","7","14","P Offer","P Liability Signal: 1;P Files: 1;D Answers: 1;P Abandons: 2","1,1,1,2","0","true","","","1","0.05","1","","",""
"Specification-Baseline__Cost-1__Fee-British__ExitFees-AllUnilateralExits__Starts-50","2","7","0","P","7","14","P Offer","P Liability Signal: 1;P Files: 1;D Answers: 1;P Abandons: 2","1,1,1,2","0","true","","","2","0.15","0","","",""
"Specification-Baseline__Cost-1__Fee-British__ExitFees-AllUnilateralExits__Starts-50","2","7","0","P","7","14","P Offer","P Liability Signal: 1;P Files: 1;D Answers: 1;P Abandons: 2","1,1,1,2","0","true","","","3","0.25","0","","",""
"Specification-Baseline__Cost-1__Fee-British__ExitFees-AllUnilateralExits__Starts-50","2","7","0","P","7","14","P Offer","P Liability Signal: 1;P Files: 1;D Answers: 1;P Abandons: 2","1,1,1,2","0","true","","","4","0.35","0","","",""
"Specification-Baseline__Cost-1__Fee-British__ExitFees-AllUnilateralExits__Starts-50","2","7","0","P","7","14","P Offer","P Liability Signal: 1;P Files: 1;D Answers: 1;P Abandons: 2","1,1,1,2","0","true","","","5","0.45","0","","",""
"Specification-Baseline__Cost-1__Fee-British__ExitFees-AllUnilateralExits__Starts-50","2","7","0","P","7","14","P Offer","P Liability Signal: 1;P Files: 1;D Answers: 1;P Abandons: 2","1,1,1,2","0","true","","","6","0.55","0","","",""
"Specification-Baseline__Cost-1__Fee-British__ExitFees-AllUnilateralExits__Starts-50","2","7","0","P","7","14","P Offer","P Liability Signal: 1;P Files: 1;D Answers: 1;P Abandons: 2","1,1,1,2","0","true","","","7","0.65","0","","",""
"Specification-Baseline__Cost-1__Fee-British__ExitFees-AllUnilateralExits__Starts-50","2","7","0","P","7","14","P Offer","P Liability Signal: 1;P Files: 1;D Answers: 1;P Abandons: 2","1,1,1,2","0","true","","","8","0.75","0","","",""
"Specification-Baseline__Cost-1__Fee-British__ExitFees-AllUnilateralExits__Starts-50","2","7","0","P","7","14","P Offer","P Liability Signal: 1;P Files: 1;D Answers: 1;P Abandons: 2","1,1,1,2","0","true","","","9","0.85","0","","",""
"Specification-Baseline__Cost-1__Fee-British__ExitFees-AllUnilateralExits__Starts-50","2","7","0","P","7","14","P Offer","P Liability Signal: 1;P Files: 1;D Answers: 1;P Abandons: 2","1,1,1,2","0","true","","","10","0.95","0","","",""
"Specification-Baseline__Cost-1__Fee-British__ExitFees-AllUnilateralExits__Starts-50","2","44","0","P","2","9","P Files","P Liability Signal: 2","2","0.097680000000000017","false","9.9999959389999997","9.9999959389999997","1","Yes","0","9.7403956817566719","0.2596002572433278","false"
"Specification-Baseline__Cost-1__Fee-British__ExitFees-AllUnilateralExits__Starts-50","2","44","0","P","2","9","P Files","P Liability Signal: 2","2","0.097680000000000017","false","9.9999959389999997","9.9999959389999997","2","No","1","9.9999959389999997","0","true"
"Specification-Baseline__Cost-1__Fee-British__ExitFees-AllUnilateralExits__Starts-50","2","45","0","P","5","20","P Abandons","P Liability Signal: 2;P Files: 1;D Answers: 1","2,1,1","0","true","","","1","Yes","0.5","","",""
"Specification-Baseline__Cost-1__Fee-British__ExitFees-AllUnilateralExits__Starts-50","2","45","0","P","5","20","P Abandons","P Liability Signal: 2;P Files: 1;D Answers: 1","2,1,1","0","true","","","2","No","0.5","","",""
"Specification-Baseline__Cost-1__Fee-British__ExitFees-AllUnilateralExits__Starts-50","2","46","0","P","7","14","P Offer","P Liability Signal: 2;P Files: 1;D Answers: 1;P Abandons: 1","2,1,1,1","0","true","","","1","0.05","0.10000000000000001","","",""
"Specification-Baseline__Cost-1__Fee-British__ExitFees-AllUnilateralExits__Starts-50","2","46","0","P","7","14","P Offer","P Liability Signal: 2;P Files: 1;D Answers: 1;P Abandons: 1","2,1,1,1","0","true","","","2","0.15","0.10000000000000001","","",""
"Specification-Baseline__Cost-1__Fee-British__ExitFees-AllUnilateralExits__Starts-50","2","46","0","P","7","14","P Offer","P Liability Signal: 2;P Files: 1;D Answers: 1;P Abandons: 1","2,1,1,1","0","true","","","3","0.25","0.10000000000000001","","",""
"Specification-Baseline__Cost-1__Fee-British__ExitFees-AllUnilateralExits__Starts-50","2","46","0","P","7","14","P Offer","P Liability Signal: 2;P Files: 1;D Answers: 1;P Abandons: 1","2,1,1,1","0","true","","","4","0.35","0.10000000000000001","","",""
"Specification-Baseline__Cost-1__Fee-British__ExitFees-AllUnilateralExits__Starts-50","2","46","0","P","7","14","P Offer","P Liability Signal: 2;P Files: 1;D Answers: 1;P Abandons: 1","2,1,1,1","0","true","","","5","0.45","0.10000000000000001","","",""
"Specification-Baseline__Cost-1__Fee-British__ExitFees-AllUnilateralExits__Starts-50","2","46","0","P","7","14","P Offer","P Liability Signal: 2;P Files: 1;D Answers: 1;P Abandons: 1","2,1,1,1","0","true","","","6","0.55","0.10000000000000001","","",""
"Specification-Baseline__Cost-1__Fee-British__ExitFees-AllUnilateralExits__Starts-50","2","46","0","P","7","14","P Offer","P Liability Signal: 2;P Files: 1;D Answers: 1;P Abandons: 1","2,1,1,1","0","true","","","7","0.65","0.10000000000000001","","",""
"Specification-Baseline__Cost-1__Fee-British__ExitFees-AllUnilateralExits__Starts-50","2","46","0","P","7","14","P Offer","P Liability Signal: 2;P Files: 1;D Answers: 1;P Abandons: 1","2,1,1,1","0","true","","","8","0.75","0.10000000000000001","","",""
"Specification-Baseline__Cost-1__Fee-British__ExitFees-AllUnilateralExits__Starts-50","2","46","0","P","7","14","P Offer","P Liability Signal: 2;P Files: 1;D Answers: 1;P Abandons: 1","2,1,1,1","0","true","","","9","0.85","0.10000000000000001","","",""
"Specification-Baseline__Cost-1__Fee-British__ExitFees-AllUnilateralExits__Starts-50","2","46","0","P","7","14","P Offer","P Liability Signal: 2;P Files: 1;D Answers: 1;P Abandons: 1","2,1,1,1","0","true","","","10","0.95","0.10000000000000001","","",""
"Specification-Baseline__Cost-1__Fee-British__ExitFees-AllUnilateralExits__Starts-50","2","47","0","P","7","14","P Offer","P Liability Signal: 2;P Files: 1;D Answers: 1;P Abandons: 2","2,1,1,2","0","true","","","1","0.05","0.10000000000000001","","",""
"Specification-Baseline__Cost-1__Fee-British__ExitFees-AllUnilateralExits__Starts-50","2","47","0","P","7","14","P Offer","P Liability Signal: 2;P Files: 1;D Answers: 1;P Abandons: 2","2,1,1,2","0","true","","","2","0.15","0.10000000000000001","","",""
"Specification-Baseline__Cost-1__Fee-British__ExitFees-AllUnilateralExits__Starts-50","2","47","0","P","7","14","P Offer","P Liability Signal: 2;P Files: 1;D Answers: 1;P Abandons: 2","2,1,1,2","0","true","","","3","0.25","0.10000000000000001","","",""
"Specification-Baseline__Cost-1__Fee-British__ExitFees-AllUnilateralExits__Starts-50","2","47","0","P","7","14","P Offer","P Liability Signal: 2;P Files: 1;D Answers: 1;P Abandons: 2","2,1,1,2","0","true","","","4","0.35","0.10000000000000001","","",""
"Specification-Baseline__Cost-1__Fee-British__ExitFees-AllUnilateralExits__Starts-50","2","47","0","P","7","14","P Offer","P Liability Signal: 2;P Files: 1;D Answers: 1;P Abandons: 2","2,1,1,2","0","true","","","5","0.45","0.10000000000000001","","",""
"Specification-Baseline__Cost-1__Fee-British__ExitFees-AllUnilateralExits__Starts-50","2","47","0","P","7","14","P Offer","P Liability Signal: 2;P Files: 1;D Answers: 1;P Abandons: 2","2,1,1,2","0","true","","","6","0.55","0.10000000000000001","","",""
"Specification-Baseline__Cost-1__Fee-British__ExitFees-AllUnilateralExits__Starts-50","2","47","0","P","7","14","P Offer","P Liability Signal: 2;P Files: 1;D Answers: 1;P Abandons: 2","2,1,1,2","0","true","","","7","0.65","0.10000000000000001","","",""
"Specification-Baseline__Cost-1__Fee-British__ExitFees-AllUnilateralExits__Starts-50","2","47","0","P","7","14","P Offer","P Liability Signal: 2;P Files: 1;D Answers: 1;P Abandons: 2","2,1,1,2","0","true","","","8","0.75","0.10000000000000001","","",""
"Specification-Baseline__Cost-1__Fee-British__ExitFees-AllUnilateralExits__Starts-50","2","47","0","P","7","14","P Offer","P Liability Signal: 2;P Files: 1;D Answers: 1;P Abandons: 2","2,1,1,2","0","true","","","9","0.85","0.10000000000000001","","",""
"Specification-Baseline__Cost-1__Fee-British__ExitFees-AllUnilateralExits__Starts-50","2","47","0","P","7","14","P Offer","P Liability Signal: 2;P Files: 1;D Answers: 1;P Abandons: 2","2,1,1,2","0","true","","","10","0.95","0.10000000000000001","","",""
"Specification-Baseline__Cost-1__Fee-British__ExitFees-AllUnilateralExits__Starts-50","2","48","0","P","2","9","P Files","P Liability Signal: 3","3","0.10618","false","9.9999959389999979","9.9999959389999979","1","Yes","0","9.8974372642017006","0.10255867479829739","false"
"Specification-Baseline__Cost-1__Fee-British__ExitFees-AllUnilateralExits__Starts-50","2","48","0","P","2","9","P Files","P Liability Signal: 3","3","0.10618","false","9.9999959389999979","9.9999959389999979","2","No","1","9.9999959389999979","0","true"
"Specification-Baseline__Cost-1__Fee-British__ExitFees-AllUnilateralExits__Starts-50","2","49","0","P","5","20","P Abandons","P Liability Signal: 3;P Files: 1;D Answers: 1","3,1,1","0","true","","","1","Yes","0.5","","",""
"Specification-Baseline__Cost-1__Fee-British__ExitFees-AllUnilateralExits__Starts-50","2","49","0","P","5","20","P Abandons","P Liability Signal: 3;P Files: 1;D Answers: 1","3,1,1","0","true","","","2","No","0.5","","",""
"Specification-Baseline__Cost-1__Fee-British__ExitFees-AllUnilateralExits__Starts-50","2","50","0","P","7","14","P Offer","P Liability Signal: 3;P Files: 1;D Answers: 1;P Abandons: 1","3,1,1,1","0","true","","","1","0.05","0.10000000000000001","","",""
"Specification-Baseline__Cost-1__Fee-British__ExitFees-AllUnilateralExits__Starts-50","2","50","0","P","7","14","P Offer","P Liability Signal: 3;P Files: 1;D Answers: 1;P Abandons: 1","3,1,1,1","0","true","","","2","0.15","0.10000000000000001","","",""
"Specification-Baseline__Cost-1__Fee-British__ExitFees-AllUnilateralExits__Starts-50","2","50","0","P","7","14","P Offer","P Liability Signal: 3;P Files: 1;D Answers: 1;P Abandons: 1","3,1,1,1","0","true","","","3","0.25","0.10000000000000001","","",""
"Specification-Baseline__Cost-1__Fee-British__ExitFees-AllUnilateralExits__Starts-50","2","50","0","P","7","14","P Offer","P Liability Signal: 3;P Files: 1;D Answers: 1;P Abandons: 1","3,1,1,1","0","true","","","4","0.35","0.10000000000000001","","",""
"Specification-Baseline__Cost-1__Fee-British__ExitFees-AllUnilateralExits__Starts-50","2","50","0","P","7","14","P Offer","P Liability Signal: 3;P Files: 1;D Answers: 1;P Abandons: 1","3,1,1,1","0","true","","","5","0.45","0.10000000000000001","","",""
"Specification-Baseline__Cost-1__Fee-British__ExitFees-AllUnilateralExits__Starts-50","2","50","0","P","7","14","P Offer","P Liability Signal: 3;P Files: 1;D Answers: 1;P Abandons: 1","3,1,1,1","0","true","","","6","0.55","0.10000000000000001","","",""
"Specification-Baseline__Cost-1__Fee-British__ExitFees-AllUnilateralExits__Starts-50","2","50","0","P","7","14","P Offer","P Liability Signal: 3;P Files: 1;D Answers: 1;P Abandons: 1","3,1,1,1","0","true","","","7","0.65","0.10000000000000001","","",""
"Specification-Baseline__Cost-1__Fee-British__ExitFees-AllUnilateralExits__Starts-50","2","50","0","P","7","14","P Offer","P Liability Signal: 3;P Files: 1;D Answers: 1;P Abandons: 1","3,1,1,1","0","true","","","8","0.75","0.10000000000000001","","",""
"Specification-Baseline__Cost-1__Fee-British__ExitFees-AllUnilateralExits__Starts-50","2","50","0","P","7","14","P Offer","P Liability Signal: 3;P Files: 1;D Answers: 1;P Abandons: 1","3,1,1,1","0","true","","","9","0.85","0.10000000000000001","","",""
"Specification-Baseline__Cost-1__Fee-British__ExitFees-AllUnilateralExits__Starts-50","2","50","0","P","7","14","P Offer","P Liability Signal: 3;P Files: 1;D Answers: 1;P Abandons: 1","3,1,1,1","0","true","","","10","0.95","0.10000000000000001","","",""
"Specification-Baseline__Cost-1__Fee-British__ExitFees-AllUnilateralExits__Starts-50","2","51","0","P","7","14","P Offer","P Liability Signal: 3;P Files: 1;D Answers: 1;P Abandons: 2","3,1,1,2","0","true","","","1","0.05","1","","",""
"Specification-Baseline__Cost-1__Fee-British__ExitFees-AllUnilateralExits__Starts-50","2","51","0","P","7","14","P Offer","P Liability Signal: 3;P Files: 1;D Answers: 1;P Abandons: 2","3,1,1,2","0","true","","","2","0.15","0","","",""
"Specification-Baseline__Cost-1__Fee-British__ExitFees-AllUnilateralExits__Starts-50","2","51","0","P","7","14","P Offer","P Liability Signal: 3;P Files: 1;D Answers: 1;P Abandons: 2","3,1,1,2","0","true","","","3","0.25","0","","",""
"Specification-Baseline__Cost-1__Fee-British__ExitFees-AllUnilateralExits__Starts-50","2","51","0","P","7","14","P Offer","P Liability Signal: 3;P Files: 1;D Answers: 1;P Abandons: 2","3,1,1,2","0","true","","","4","0.35","0","","",""
"Specification-Baseline__Cost-1__Fee-British__ExitFees-AllUnilateralExits__Starts-50","2","51","0","P","7","14","P Offer","P Liability Signal: 3;P Files: 1;D Answers: 1;P Abandons: 2","3,1,1,2","0","true","","","5","0.45","0","","",""
"Specification-Baseline__Cost-1__Fee-British__ExitFees-AllUnilateralExits__Starts-50","2","51","0","P","7","14","P Offer","P Liability Signal: 3;P Files: 1;D Answers: 1;P Abandons: 2","3,1,1,2","0","true","","","6","0.55","0","","",""
"Specification-Baseline__Cost-1__Fee-British__ExitFees-AllUnilateralExits__Starts-50","2","51","0","P","7","14","P Offer","P Liability Signal: 3;P Files: 1;D Answers: 1;P Abandons: 2","3,1,1,2","0","true","","","7","0.65","0","","",""
"Specification-Baseline__Cost-1__Fee-British__ExitFees-AllUnilateralExits__Starts-50","2","51","0","P","7","14","P Offer","P Liability Signal: 3;P Files: 1;D Answers: 1;P Abandons: 2","3,1,1,2","0","true","","","8","0.75","0","","",""
"Specification-Baseline__Cost-1__Fee-British__ExitFees-AllUnilateralExits__Starts-50","2","51","0","P","7","14","P Offer","P Liability Signal: 3;P Files: 1;D Answers: 1;P Abandons: 2","3,1,1,2","0","true","","","9","0.85","0","","",""
"Specification-Baseline__Cost-1__Fee-British__ExitFees-AllUnilateralExits__Starts-50","2","51","0","P","7","14","P Offer","P Liability Signal: 3;P Files: 1;D Answers: 1;P Abandons: 2","3,1,1,2","0","true","","","10","0.95","0","","",""
"Specification-Baseline__Cost-1__Fee-British__ExitFees-AllUnilateralExits__Starts-50","2","52","0","P","2","9","P Files","P Liability Signal: 4","4","0.1081","false","9.9999959390000015","9.9999959390000015","1","Yes","1.9490227985494259E-14","9.9999959389999997","1.7763568394002505E-15","true"
"Specification-Baseline__Cost-1__Fee-British__ExitFees-AllUnilateralExits__Starts-50","2","52","0","P","2","9","P Files","P Liability Signal: 4","4","0.1081","false","9.9999959390000015","9.9999959390000015","2","No","0.99999999999998046","9.9999959390000015","0","true"
"Specification-Baseline__Cost-1__Fee-British__ExitFees-AllUnilateralExits__Starts-50","2","53","0","P","5","20","P Abandons","P Liability Signal: 4;P Files: 1;D Answers: 1","4,1,1","2.1068936452319294E-15","false","9.9999959389999997","9.9999959389999997","1","Yes","0","9.8932795009890615","0.10671643801093822","false"
"Specification-Baseline__Cost-1__Fee-British__ExitFees-AllUnilateralExits__Starts-50","2","53","0","P","5","20","P Abandons","P Liability Signal: 4;P Files: 1;D Answers: 1","4,1,1","2.1068936452319294E-15","false","9.9999959389999997","9.9999959389999997","2","No","1","9.9999959389999997","0","true"
"Specification-Baseline__Cost-1__Fee-British__ExitFees-AllUnilateralExits__Starts-50","2","54","0","P","7","14","P Offer","P Liability Signal: 4;P Files: 1;D Answers: 1;P Abandons: 1","4,1,1,1","0","true","","","1","0.05","0.10000000000000001","","",""
"Specification-Baseline__Cost-1__Fee-British__ExitFees-AllUnilateralExits__Starts-50","2","54","0","P","7","14","P Offer","P Liability Signal: 4;P Files: 1;D Answers: 1;P Abandons: 1","4,1,1,1","0","true","","","2","0.15","0.10000000000000001","","",""
"Specification-Baseline__Cost-1__Fee-British__ExitFees-AllUnilateralExits__Starts-50","2","54","0","P","7","14","P Offer","P Liability Signal: 4;P Files: 1;D Answers: 1;P Abandons: 1","4,1,1,1","0","true","","","3","0.25","0.10000000000000001","","",""
"Specification-Baseline__Cost-1__Fee-British__ExitFees-AllUnilateralExits__Starts-50","2","54","0","P","7","14","P Offer","P Liability Signal: 4;P Files: 1;D Answers: 1;P Abandons: 1","4,1,1,1","0","true","","","4","0.35","0.10000000000000001","","",""
"Specification-Baseline__Cost-1__Fee-British__ExitFees-AllUnilateralExits__Starts-50","2","54","0","P","7","14","P Offer","P Liability Signal: 4;P Files: 1;D Answers: 1;P Abandons: 1","4,1,1,1","0","true","","","5","0.45","0.10000000000000001","","",""
"Specification-Baseline__Cost-1__Fee-British__ExitFees-AllUnilateralExits__Starts-50","2","54","0","P","7","14","P Offer","P Liability Signal: 4;P Files: 1;D Answers: 1;P Abandons: 1","4,1,1,1","0","true","","","6","0.55","0.10000000000000001","","",""
"Specification-Baseline__Cost-1__Fee-British__ExitFees-AllUnilateralExits__Starts-50","2","54","0","P","7","14","P Offer","P Liability Signal: 4;P Files: 1;D Answers: 1;P Abandons: 1","4,1,1,1","0","true","","","7","0.65","0.10000000000000001","","",""
"Specification-Baseline__Cost-1__Fee-British__ExitFees-AllUnilateralExits__Starts-50","2","54","0","P","7","14","P Offer","P Liability Signal: 4;P Files: 1;D Answers: 1;P Abandons: 1","4,1,1,1","0","true","","","8","0.75","0.10000000000000001","","",""
"Specification-Baseline__Cost-1__Fee-British__ExitFees-AllUnilateralExits__Starts-50","2","54","0","P","7","14","P Offer","P Liability Signal: 4;P Files: 1;D Answers: 1;P Abandons: 1","4,1,1,1","0","true","","","9","0.85","0.10000000000000001","","",""
"Specification-Baseline__Cost-1__Fee-British__ExitFees-AllUnilateralExits__Starts-50","2","54","0","P","7","14","P Offer","P Liability Signal: 4;P Files: 1;D Answers: 1;P Abandons: 1","4,1,1,1","0","true","","","10","0.95","0.10000000000000001","","",""
"Specification-Baseline__Cost-1__Fee-British__ExitFees-AllUnilateralExits__Starts-50","2","55","0","P","7","14","P Offer","P Liability Signal: 4;P Files: 1;D Answers: 1;P Abandons: 2","4,1,1,2","2.1068936452319294E-15","false","9.9999959389999997","9.9999959389999997","1","0.05","1","9.9999959389999997","0","true"
"Specification-Baseline__Cost-1__Fee-British__ExitFees-AllUnilateralExits__Starts-50","2","55","0","P","7","14","P Offer","P Liability Signal: 4;P Files: 1;D Answers: 1;P Abandons: 2","4,1,1,2","2.1068936452319294E-15","false","9.9999959389999997","9.9999959389999997","2","0.15","0","9.908301787838198","0.091694151161801685","false"
"Specification-Baseline__Cost-1__Fee-British__ExitFees-AllUnilateralExits__Starts-50","2","55","0","P","7","14","P Offer","P Liability Signal: 4;P Files: 1;D Answers: 1;P Abandons: 2","4,1,1,2","2.1068936452319294E-15","false","9.9999959389999997","9.9999959389999997","3","0.25","0","9.9249940102186294","0.075001928781370353","false"
"Specification-Baseline__Cost-1__Fee-British__ExitFees-AllUnilateralExits__Starts-50","2","55","0","P","7","14","P Offer","P Liability Signal: 4;P Files: 1;D Answers: 1;P Abandons: 2","4,1,1,2","2.1068936452319294E-15","false","9.9999959389999997","9.9999959389999997","4","0.35","0","9.9312388852004325","0.068757053799567203","false"
"Specification-Baseline__Cost-1__Fee-British__ExitFees-AllUnilateralExits__Starts-50","2","55","0","P","7","14","P Offer","P Liability Signal: 4;P Files: 1;D Answers: 1;P Abandons: 2","4,1,1,2","2.1068936452319294E-15","false","9.9999959389999997","9.9999959389999997","5","0.45","0","9.9172369445500212","0.082758994449978474","false"
"Specification-Baseline__Cost-1__Fee-British__ExitFees-AllUnilateralExits__Starts-50","2","55","0","P","7","14","P Offer","P Liability Signal: 4;P Files: 1;D Answers: 1;P Abandons: 2","4,1,1,2","2.1068936452319294E-15","false","9.9999959389999997","9.9999959389999997","6","0.55","0","9.9264917752292821","0.073504163770717668","false"
"Specification-Baseline__Cost-1__Fee-British__ExitFees-AllUnilateralExits__Starts-50","2","55","0","P","7","14","P Offer","P Liability Signal: 4;P Files: 1;D Answers: 1;P Abandons: 2","4,1,1,2","2.1068936452319294E-15","false","9.9999959389999997","9.9999959389999997","7","0.65","0","9.9357466059085446","0.064249333091455085","false"
"Specification-Baseline__Cost-1__Fee-British__ExitFees-AllUnilateralExits__Starts-50","2","55","0","P","7","14","P Offer","P Liability Signal: 4;P Files: 1;D Answers: 1;P Abandons: 2","4,1,1,2","2.1068936452319294E-15","false","9.9999959389999997","9.9999959389999997","8","0.75","0","9.9450042642171024","0.054991674782897348","false"
"Specification-Baseline__Cost-1__Fee-British__ExitFees-AllUnilateralExits__Starts-50","2","55","0","P","7","14","P Offer","P Liability Signal: 4;P Files: 1;D Answers: 1;P Abandons: 2","4,1,1,2","2.1068936452319294E-15","false","9.9999959389999997","9.9999959389999997","9","0.85","0","9.9542590948963632","0.045736844103636543","false"
"Specification-Baseline__Cost-1__Fee-British__ExitFees-AllUnilateralExits__Starts-50","2","55","0","P","7","14","P Offer","P Liability Signal: 4;P Files: 1;D Answers: 1;P Abandons: 2","4,1,1,2","2.1068936452319294E-15","false","9.9999959389999997","9.9999959389999997","10","0.95","0","9.9635139255756258","0.03648201342437396","false"
"Specification-Baseline__Cost-1__Fee-British__ExitFees-AllUnilateralExits__Starts-50","2","56","0","P","2","9","P Files","P Liability Signal: 5","5","0.1076","false","10.179876834314245","10.179876834314245","1","Yes","1","10.179876834314245","0","true"
"Specification-Baseline__Cost-1__Fee-British__ExitFees-AllUnilateralExits__Starts-50","2","56","0","P","2","9","P Files","P Liability Signal: 5","5","0.1076","false","10.179876834314245","10.179876834314245","2","No","0","9.9999959390000015","0.17988089531424301","false"
"Specification-Baseline__Cost-1__Fee-British__ExitFees-AllUnilateralExits__Starts-50","2","57","0","P","5","20","P Abandons","P Liability Signal: 5;P Files: 1;D Answers: 1","5,1,1","0.1076","false","10.179876834314245","10.179876834314245","1","Yes","0","9.9862624528604123","0.19361438145383225","false"
"Specification-Baseline__Cost-1__Fee-British__ExitFees-AllUnilateralExits__Starts-50","2","57","0","P","5","20","P Abandons","P Liability Signal: 5;P Files: 1;D Answers: 1","5,1,1","0.1076","false","10.179876834314245","10.179876834314245","2","No","1","10.179876834314245","0","true"
"Specification-Baseline__Cost-1__Fee-British__ExitFees-AllUnilateralExits__Starts-50","2","58","0","P","7","14","P Offer","P Liability Signal: 5;P Files: 1;D Answers: 1;P Abandons: 1","5,1,1,1","0","true","","","1","0.05","0.10000000000000001","","",""
"Specification-Baseline__Cost-1__Fee-British__ExitFees-AllUnilateralExits__Starts-50","2","58","0","P","7","14","P Offer","P Liability Signal: 5;P Files: 1;D Answers: 1;P Abandons: 1","5,1,1,1","0","true","","","2","0.15","0.10000000000000001","","",""
"Specification-Baseline__Cost-1__Fee-British__ExitFees-AllUnilateralExits__Starts-50","2","58","0","P","7","14","P Offer","P Liability Signal: 5;P Files: 1;D Answers: 1;P Abandons: 1","5,1,1,1","0","true","","","3","0.25","0.10000000000000001","","",""
"Specification-Baseline__Cost-1__Fee-British__ExitFees-AllUnilateralExits__Starts-50","2","58","0","P","7","14","P Offer","P Liability Signal: 5;P Files: 1;D Answers: 1;P Abandons: 1","5,1,1,1","0","true","","","4","0.35","0.10000000000000001","","",""
"Specification-Baseline__Cost-1__Fee-British__ExitFees-AllUnilateralExits__Starts-50","2","58","0","P","7","14","P Offer","P Liability Signal: 5;P Files: 1;D Answers: 1;P Abandons: 1","5,1,1,1","0","true","","","5","0.45","0.10000000000000001","","",""
"Specification-Baseline__Cost-1__Fee-British__ExitFees-AllUnilateralExits__Starts-50","2","58","0","P","7","14","P Offer","P Liability Signal: 5;P Files: 1;D Answers: 1;P Abandons: 1","5,1,1,1","0","true","","","6","0.55","0.10000000000000001","","",""
"Specification-Baseline__Cost-1__Fee-British__ExitFees-AllUnilateralExits__Starts-50","2","58","0","P","7","14","P Offer","P Liability Signal: 5;P Files: 1;D Answers: 1;P Abandons: 1","5,1,1,1","0","true","","","7","0.65","0.10000000000000001","","",""
"Specification-Baseline__Cost-1__Fee-British__ExitFees-AllUnilateralExits__Starts-50","2","58","0","P","7","14","P Offer","P Liability Signal: 5;P Files: 1;D Answers: 1;P Abandons: 1","5,1,1,1","0","true","","","8","0.75","0.10000000000000001","","",""
"Specification-Baseline__Cost-1__Fee-British__ExitFees-AllUnilateralExits__Starts-50","2","58","0","P","7","14","P Offer","P Liability Signal: 5;P Files: 1;D Answers: 1;P Abandons: 1","5,1,1,1","0","true","","","9","0.85","0.10000000000000001","","",""
"Specification-Baseline__Cost-1__Fee-British__ExitFees-AllUnilateralExits__Starts-50","2","58","0","P","7","14","P Offer","P Liability Signal: 5;P Files: 1;D Answers: 1;P Abandons: 1","5,1,1,1","0","true","","","10","0.95","0.10000000000000001","","",""
"Specification-Baseline__Cost-1__Fee-British__ExitFees-AllUnilateralExits__Starts-50","2","59","0","P","7","14","P Offer","P Liability Signal: 5;P Files: 1;D Answers: 1;P Abandons: 2","5,1,1,2","0.1076","false","10.179876834314245","10.179876834314245","1","0.05","0","10.049152299474322","0.13072453483992241","false"
"Specification-Baseline__Cost-1__Fee-British__ExitFees-AllUnilateralExits__Starts-50","2","59","0","P","7","14","P Offer","P Liability Signal: 5;P Files: 1;D Answers: 1;P Abandons: 2","5,1,1,2","0.1076","false","10.179876834314245","10.179876834314245","2","0.15","0","10.052921869520569","0.12695496479367563","false"
"Specification-Baseline__Cost-1__Fee-British__ExitFees-AllUnilateralExits__Starts-50","2","59","0","P","7","14","P Offer","P Liability Signal: 5;P Files: 1;D Answers: 1;P Abandons: 2","5,1,1,2","0.1076","false","10.179876834314245","10.179876834314245","3","0.25","0","10.075460267927895","0.10441656638634988","false"
"Specification-Baseline__Cost-1__Fee-British__ExitFees-AllUnilateralExits__Starts-50","2","59","0","P","7","14","P Offer","P Liability Signal: 5;P Files: 1;D Answers: 1;P Abandons: 2","5,1,1,2","0.1076","false","10.179876834314245","10.179876834314245","4","0.35","0","10.104711174156739","0.075165660157505698","false"
"Specification-Baseline__Cost-1__Fee-British__ExitFees-AllUnilateralExits__Starts-50","2","59","0","P","7","14","P Offer","P Liability Signal: 5;P Files: 1;D Answers: 1;P Abandons: 2","5,1,1,2","0.1076","false","10.179876834314245","10.179876834314245","5","0.45","0","10.106345158937113","0.073531675377131123","false"
"Specification-Baseline__Cost-1__Fee-British__ExitFees-AllUnilateralExits__Starts-50","2","59","0","P","7","14","P Offer","P Liability Signal: 5;P Files: 1;D Answers: 1;P Abandons: 2","5,1,1,2","0.1076","false","10.179876834314245","10.179876834314245","6","0.55","0","10.12105059542186","0.058826238892384808","false"
"Specification-Baseline__Cost-1__Fee-British__ExitFees-AllUnilateralExits__Starts-50","2","59","0","P","7","14","P Offer","P Liability Signal: 5;P Files: 1;D Answers: 1;P Abandons: 2","5,1,1,2","0.1076","false","10.179876834314245","10.179876834314245","7","0.65","0","10.135756031906608","0.044120802407636717","false"
"Specification-Baseline__Cost-1__Fee-British__ExitFees-AllUnilateralExits__Starts-50","2","59","0","P","7","14","P Offer","P Liability Signal: 5;P Files: 1;D Answers: 1;P Abandons: 2","5,1,1,2","0.1076","false","10.179876834314245","10.179876834314245","8","0.75","0","10.150465961344754","0.029410872969490853","false"
"Specification-Baseline__Cost-1__Fee-British__ExitFees-AllUnilateralExits__Starts-50","2","59","0","P","7","14","P Offer","P Liability Signal: 5;P Files: 1;D Answers: 1;P Abandons: 2","5,1,1,2","0.1076","false","10.179876834314245","10.179876834314245","9","0.85","0","10.165171397829498","0.014705436484746315","false"
"Specification-Baseline__Cost-1__Fee-British__ExitFees-AllUnilateralExits__Starts-50","2","59","0","P","7","14","P Offer","P Liability Signal: 5;P Files: 1;D Answers: 1;P Abandons: 2","5,1,1,2","0.1076","false","10.179876834314245","10.179876834314245","10","0.95","1","10.179876834314245","0","true"
"Specification-Baseline__Cost-1__Fee-British__ExitFees-AllUnilateralExits__Starts-50","2","60","0","P","2","9","P Files","P Liability Signal: 6","6","0.10759999999999999","false","10.395236315774726","10.395236315774726","1","Yes","1","10.395236315774726","0","true"
"Specification-Baseline__Cost-1__Fee-British__ExitFees-AllUnilateralExits__Starts-50","2","60","0","P","2","9","P Files","P Liability Signal: 6","6","0.10759999999999999","false","10.395236315774726","10.395236315774726","2","No","0","9.9999959389999997","0.39524037677472634","false"
"Specification-Baseline__Cost-1__Fee-British__ExitFees-AllUnilateralExits__Starts-50","2","61","0","P","5","20","P Abandons","P Liability Signal: 6;P Files: 1;D Answers: 1","6,1,1","0.10759999999999999","false","10.395236315774726","10.395236315774726","1","Yes","0","10.099571350612271","0.29566496516245522","false"
"Specification-Baseline__Cost-1__Fee-British__ExitFees-AllUnilateralExits__Starts-50","2","61","0","P","5","20","P Abandons","P Liability Signal: 6;P Files: 1;D Answers: 1","6,1,1","0.10759999999999999","false","10.395236315774726","10.395236315774726","2","No","1","10.395236315774726","0","true"
"Specification-Baseline__Cost-1__Fee-British__ExitFees-AllUnilateralExits__Starts-50","2","62","0","P","7","14","P Offer","P Liability Signal: 6;P Files: 1;D Answers: 1;P Abandons: 1","6,1,1,1","0","true","","","1","0.05","0.10000000000000001","","",""
"Specification-Baseline__Cost-1__Fee-British__ExitFees-AllUnilateralExits__Starts-50","2","62","0","P","7","14","P Offer","P Liability Signal: 6;P Files: 1;D Answers: 1;P Abandons: 1","6,1,1,1","0","true","","","2","0.15","0.10000000000000001","","",""
"Specification-Baseline__Cost-1__Fee-British__ExitFees-AllUnilateralExits__Starts-50","2","62","0","P","7","14","P Offer","P Liability Signal: 6;P Files: 1;D Answers: 1;P Abandons: 1","6,1,1,1","0","true","","","3","0.25","0.10000000000000001","","",""
"Specification-Baseline__Cost-1__Fee-British__ExitFees-AllUnilateralExits__Starts-50","2","62","0","P","7","14","P Offer","P Liability Signal: 6;P Files: 1;D Answers: 1;P Abandons: 1","6,1,1,1","0","true","","","4","0.35","0.10000000000000001","","",""
"Specification-Baseline__Cost-1__Fee-British__ExitFees-AllUnilateralExits__Starts-50","2","62","0","P","7","14","P Offer","P Liability Signal: 6;P Files: 1;D Answers: 1;P Abandons: 1","6,1,1,1","0","true","","","5","0.45","0.10000000000000001","","",""
"Specification-Baseline__Cost-1__Fee-British__ExitFees-AllUnilateralExits__Starts-50","2","62","0","P","7","14","P Offer","P Liability Signal: 6;P Files: 1;D Answers: 1;P Abandons: 1","6,1,1,1","0","true","","","6","0.55","0.10000000000000001","","",""
"Specification-Baseline__Cost-1__Fee-British__ExitFees-AllUnilateralExits__Starts-50","2","62","0","P","7","14","P Offer","P Liability Signal: 6;P Files: 1;D Answers: 1;P Abandons: 1","6,1,1,1","0","true","","","7","0.65","0.10000000000000001","","",""
"Specification-Baseline__Cost-1__Fee-British__ExitFees-AllUnilateralExits__Starts-50","2","62","0","P","7","14","P Offer","P Liability Signal: 6;P Files: 1;D Answers: 1;P Abandons: 1","6,1,1,1","0","true","","","8","0.75","0.10000000000000001","","",""
"Specification-Baseline__Cost-1__Fee-British__ExitFees-AllUnilateralExits__Starts-50","2","62","0","P","7","14","P Offer","P Liability Signal: 6;P Files: 1;D Answers: 1;P Abandons: 1","6,1,1,1","0","true","","","9","0.85","0.10000000000000001","","",""
"Specification-Baseline__Cost-1__Fee-British__ExitFees-AllUnilateralExits__Starts-50","2","62","0","P","7","14","P Offer","P Liability Signal: 6;P Files: 1;D Answers: 1;P Abandons: 1","6,1,1,1","0","true","","","10","0.95","0.10000000000000001","","",""
"Specification-Baseline__Cost-1__Fee-British__ExitFees-AllUnilateralExits__Starts-50","2","63","0","P","7","14","P Offer","P Liability Signal: 6;P Files: 1;D Answers: 1;P Abandons: 2","6,1,1,2","0.10759999999999999","false","10.395236315774726","10.395236315774726","1","0.05","0","10.108605262481991","0.28663105329273542","false"
"Specification-Baseline__Cost-1__Fee-British__ExitFees-AllUnilateralExits__Starts-50","2","63","0","P","7","14","P Offer","P Liability Signal: 6;P Files: 1;D Answers: 1;P Abandons: 2","6,1,1,2","0.10759999999999999","false","10.395236315774726","10.395236315774726","2","0.15","0","10.186846034576806","0.20839028119791969","false"
"Specification-Baseline__Cost-1__Fee-British__ExitFees-AllUnilateralExits__Starts-50","2","63","0","P","7","14","P Offer","P Liability Signal: 6;P Files: 1;D Answers: 1;P Abandons: 2","6,1,1,2","0.10759999999999999","false","10.395236315774726","10.395236315774726","3","0.25","0","10.216034401172406","0.17920191460232004","false"
"Specification-Baseline__Cost-1__Fee-British__ExitFees-AllUnilateralExits__Starts-50","2","63","0","P","7","14","P Offer","P Liability Signal: 6;P Files: 1;D Answers: 1;P Abandons: 2","6,1,1,2","0.10759999999999999","false","10.395236315774726","10.395236315774726","4","0.35","0","10.273061956206282","0.12217435956844369","false"
"Specification-Baseline__Cost-1__Fee-British__ExitFees-AllUnilateralExits__Starts-50","2","63","0","P","7","14","P Offer","P Liability Signal: 6;P Files: 1;D Answers: 1;P Abandons: 2","6,1,1,2","0.10759999999999999","false","10.395236315774726","10.395236315774726","5","0.45","0","10.288367514257656","0.10686880151707001","false"
"Specification-Baseline__Cost-1__Fee-British__ExitFees-AllUnilateralExits__Starts-50","2","63","0","P","7","14","P Offer","P Liability Signal: 6;P Files: 1;D Answers: 1;P Abandons: 2","6,1,1,2","0.10759999999999999","false","10.395236315774726","10.395236315774726","6","0.55","0","10.309739968575473","0.085496347199253364","false"
"Specification-Baseline__Cost-1__Fee-British__ExitFees-AllUnilateralExits__Starts-50","2","63","0","P","7","14","P Offer","P Liability Signal: 6;P Files: 1;D Answers: 1;P Abandons: 2","6,1,1,2","0.10759999999999999","false","10.395236315774726","10.395236315774726","7","0.65","0","10.331112422893288","0.064123892881438493","false"
"Specification-Baseline__Cost-1__Fee-British__ExitFees-AllUnilateralExits__Starts-50","2","63","0","P","7","14","P Offer","P Liability Signal: 6;P Files: 1;D Answers: 1;P Abandons: 2","6,1,1,2","0.10759999999999999","false","10.395236315774726","10.395236315774726","8","0.75","0","10.352491407139095","0.042744908635631518","false"
"Specification-Baseline__Cost-1__Fee-British__ExitFees-AllUnilateralExits__Starts-50","2","63","0","P","7","14","P Offer","P Liability Signal: 6;P Files: 1;D Answers: 1;P Abandons: 2","6,1,1,2","0.10759999999999999","false","10.395236315774726","10.395236315774726","9","0.85","0","10.373863861456911","0.021372454317814871","false"
"Specification-Baseline__Cost-1__Fee-British__ExitFees-AllUnilateralExits__Starts-50","2","63","0","P","7","14","P Offer","P Liability Signal: 6;P Files: 1;D Answers: 1;P Abandons: 2","6,1,1,2","0.10759999999999999","false","10.395236315774726","10.395236315774726","10","0.95","1","10.395236315774726","0","true"
"Specification-Baseline__Cost-1__Fee-British__ExitFees-AllUnilateralExits__Starts-50","2","64","0","P","2","9","P Files","P Liability Signal: 7","7","0.10809999999999999","false","10.569151055645362","10.569151055645362","1","Yes","1","10.569151055645362","0","true"
"Specification-Baseline__Cost-1__Fee-British__ExitFees-AllUnilateralExits__Starts-50","2","64","0","P","2","9","P Files","P Liability Signal: 7","7","0.10809999999999999","false","10.569151055645362","10.569151055645362","2","No","0","9.9999959390000015","0.56915511664536034","false"
"Specification-Baseline__Cost-1__Fee-British__ExitFees-AllUnilateralExits__Starts-50","2","65","0","P","5","20","P Abandons","P Liability Signal: 7;P Files: 1;D Answers: 1","7,1,1","0.10809999999999999","false","10.569151055645362","10.569151055645362","1","Yes","0","10.214038868895493","0.355112186749869","false"
"Specification-Baseline__Cost-1__Fee-British__ExitFees-AllUnilateralExits__Starts-50","2","65","0","P","5","20","P Abandons","P Liability Signal: 7;P Files: 1;D Answers: 1","7,1,1","0.10809999999999999","false","10.569151055645362","10.569151055645362","2","No","1","10.569151055645362","0","true"
"Specification-Baseline__Cost-1__Fee-British__ExitFees-AllUnilateralExits__Starts-50","2","66","0","P","7","14","P Offer","P Liability Signal: 7;P Files: 1;D Answers: 1;P Abandons: 1","7,1,1,1","0","true","","","1","0.05","0.10000000000000001","","",""
"Specification-Baseline__Cost-1__Fee-British__ExitFees-AllUnilateralExits__Starts-50","2","66","0","P","7","14","P Offer","P Liability Signal: 7;P Files: 1;D Answers: 1;P Abandons: 1","7,1,1,1","0","true","","","2","0.15","0.10000000000000001","","",""
"Specification-Baseline__Cost-1__Fee-British__ExitFees-AllUnilateralExits__Starts-50","2","66","0","P","7","14","P Offer","P Liability Signal: 7;P Files: 1;D Answers: 1;P Abandons: 1","7,1,1,1","0","true","","","3","0.25","0.10000000000000001","","",""
"Specification-Baseline__Cost-1__Fee-British__ExitFees-AllUnilateralExits__Starts-50","2","66","0","P","7","14","P Offer","P Liability Signal: 7;P Files: 1;D Answers: 1;P Abandons: 1","7,1,1,1","0","true","","","4","0.35","0.10000000000000001","","",""
"Specification-Baseline__Cost-1__Fee-British__ExitFees-AllUnilateralExits__Starts-50","2","66","0","P","7","14","P Offer","P Liability Signal: 7;P Files: 1;D Answers: 1;P Abandons: 1","7,1,1,1","0","true","","","5","0.45","0.10000000000000001","","",""
"Specification-Baseline__Cost-1__Fee-British__ExitFees-AllUnilateralExits__Starts-50","2","66","0","P","7","14","P Offer","P Liability Signal: 7;P Files: 1;D Answers: 1;P Abandons: 1","7,1,1,1","0","true","","","6","0.55","0.10000000000000001","","",""
"Specification-Baseline__Cost-1__Fee-British__ExitFees-AllUnilateralExits__Starts-50","2","66","0","P","7","14","P Offer","P Liability Signal: 7;P Files: 1;D Answers: 1;P Abandons: 1","7,1,1,1","0","true","","","7","0.65","0.10000000000000001","","",""
"Specification-Baseline__Cost-1__Fee-British__ExitFees-AllUnilateralExits__Starts-50","2","66","0","P","7","14","P Offer","P Liability Signal: 7;P Files: 1;D Answers: 1;P Abandons: 1","7,1,1,1","0","true","","","8","0.75","0.10000000000000001","","",""
"Specification-Baseline__Cost-1__Fee-British__ExitFees-AllUnilateralExits__Starts-50","2","66","0","P","7","14","P Offer","P Liability Signal: 7;P Files: 1;D Answers: 1;P Abandons: 1","7,1,1,1","0","true","","","9","0.85","0.10000000000000001","","",""
"Specification-Baseline__Cost-1__Fee-British__ExitFees-AllUnilateralExits__Starts-50","2","66","0","P","7","14","P Offer","P Liability Signal: 7;P Files: 1;D Answers: 1;P Abandons: 1","7,1,1,1","0","true","","","10","0.95","0.10000000000000001","","",""
"Specification-Baseline__Cost-1__Fee-British__ExitFees-AllUnilateralExits__Starts-50","2","67","0","P","7","14","P Offer","P Liability Signal: 7;P Files: 1;D Answers: 1;P Abandons: 2","7,1,1,2","0.10809999999999999","false","10.569151055645362","10.569151055645362","1","0.05","0","10.168141321191264","0.40100973445409771","false"
"Specification-Baseline__Cost-1__Fee-British__ExitFees-AllUnilateralExits__Starts-50","2","67","0","P","7","14","P Offer","P Liability Signal: 7;P Files: 1;D Answers: 1;P Abandons: 2","7,1,1,2","0.10809999999999999","false","10.569151055645362","10.569151055645362","2","0.15","0","10.285893396436302","0.28325765920905965","false"
"Specification-Baseline__Cost-1__Fee-British__ExitFees-AllUnilateralExits__Starts-50","2","67","0","P","7","14","P Offer","P Liability Signal: 7;P Files: 1;D Answers: 1;P Abandons: 2","7,1,1,2","0.10809999999999999","false","10.569151055645362","10.569151055645362","3","0.25","0","10.321302754036667","0.24784830160869475","false"
"Specification-Baseline__Cost-1__Fee-British__ExitFees-AllUnilateralExits__Starts-50","2","67","0","P","7","14","P Offer","P Liability Signal: 7;P Files: 1;D Answers: 1;P Abandons: 2","7,1,1,2","0.10809999999999999","false","10.569151055645362","10.569151055645362","4","0.35","0","10.402571060414338","0.1665799952310234","false"
"Specification-Baseline__Cost-1__Fee-British__ExitFees-AllUnilateralExits__Starts-50","2","67","0","P","7","14","P Offer","P Liability Signal: 7;P Files: 1;D Answers: 1;P Abandons: 2","7,1,1,2","0.10809999999999999","false","10.569151055645362","10.569151055645362","5","0.45","0","10.428417633903944","0.14073342174141779","false"
"Specification-Baseline__Cost-1__Fee-British__ExitFees-AllUnilateralExits__Starts-50","2","67","0","P","7","14","P Offer","P Liability Signal: 7;P Files: 1;D Answers: 1;P Abandons: 2","7,1,1,2","0.10809999999999999","false","10.569151055645362","10.569151055645362","6","0.55","0","10.456562598425492","0.11258845721986965","false"
"Specification-Baseline__Cost-1__Fee-British__ExitFees-AllUnilateralExits__Starts-50","2","67","0","P","7","14","P Offer","P Liability Signal: 7;P Files: 1;D Answers: 1;P Abandons: 2","7,1,1,2","0.10809999999999999","false","10.569151055645362","10.569151055645362","7","0.65","0","10.48470756294704","0.084443492698321521","false"
"Specification-Baseline__Cost-1__Fee-British__ExitFees-AllUnilateralExits__Starts-50","2","67","0","P","7","14","P Offer","P Liability Signal: 7;P Files: 1;D Answers: 1;P Abandons: 2","7,1,1,2","0.10809999999999999","false","10.569151055645362","10.569151055645362","8","0.75","0","10.512861126602266","0.056289929043096265","false"
"Specification-Baseline__Cost-1__Fee-British__ExitFees-AllUnilateralExits__Starts-50","2","67","0","P","7","14","P Offer","P Liability Signal: 7;P Files: 1;D Answers: 1;P Abandons: 2","7,1,1,2","0.10809999999999999","false","10.569151055645362","10.569151055645362","9","0.85","0","10.541006091123814","0.028144964521548133","false"
"Specification-Baseline__Cost-1__Fee-British__ExitFees-AllUnilateralExits__Starts-50","2","67","0","P","7","14","P Offer","P Liability Signal: 7;P Files: 1;D Answers: 1;P Abandons: 2","7,1,1,2","0.10809999999999999","false","10.569151055645362","10.569151055645362","10","0.95","1","10.569151055645362","0","true"
"Specification-Baseline__Cost-1__Fee-British__ExitFees-AllUnilateralExits__Starts-50","2","68","0","P","2","9","P Files","P Liability Signal: 8","8","0.10618","false","10.684628989809763","10.684628989809763","1","Yes","1","10.684628989809763","0","true"
"Specification-Baseline__Cost-1__Fee-British__ExitFees-AllUnilateralExits__Starts-50","2","68","0","P","2","9","P Files","P Liability Signal: 8","8","0.10618","false","10.684628989809763","10.684628989809763","2","No","0","9.9999959389999997","0.68463305080976333","false"
"Specification-Baseline__Cost-1__Fee-British__ExitFees-AllUnilateralExits__Starts-50","2","69","0","P","5","20","P Abandons","P Liability Signal: 8;P Files: 1;D Answers: 1","8,1,1","0.10618","false","10.684628989809763","10.684628989809763","1","Yes","0","10.311103029399121","0.37352596041064245","false"
"Specification-Baseline__Cost-1__Fee-British__ExitFees-AllUnilateralExits__Starts-50","2","69","0","P","5","20","P Abandons","P Liability Signal: 8;P Files: 1;D Answers: 1","8,1,1","0.10618","false","10.684628989809763","10.684628989809763","2","No","1","10.684628989809763","0","true"
"Specification-Baseline__Cost-1__Fee-British__ExitFees-AllUnilateralExits__Starts-50","2","70","0","P","7","14","P Offer","P Liability Signal: 8;P Files: 1;D Answers: 1;P Abandons: 1","8,1,1,1","0","true","","","1","0.05","0.10000000000000001","","",""
"Specification-Baseline__Cost-1__Fee-British__ExitFees-AllUnilateralExits__Starts-50","2","70","0","P","7","14","P Offer","P Liability Signal: 8;P Files: 1;D Answers: 1;P Abandons: 1","8,1,1,1","0","true","","","2","0.15","0.10000000000000001","","",""
"Specification-Baseline__Cost-1__Fee-British__ExitFees-AllUnilateralExits__Starts-50","2","70","0","P","7","14","P Offer","P Liability Signal: 8;P Files: 1;D Answers: 1;P Abandons: 1","8,1,1,1","0","true","","","3","0.25","0.10000000000000001","","",""
"Specification-Baseline__Cost-1__Fee-British__ExitFees-AllUnilateralExits__Starts-50","2","70","0","P","7","14","P Offer","P Liability Signal: 8;P Files: 1;D Answers: 1;P Abandons: 1","8,1,1,1","0","true","","","4","0.35","0.10000000000000001","","",""
"Specification-Baseline__Cost-1__Fee-British__ExitFees-AllUnilateralExits__Starts-50","2","70","0","P","7","14","P Offer","P Liability Signal: 8;P Files: 1;D Answers: 1;P Abandons: 1","8,1,1,1","0","true","","","5","0.45","0.10000000000000001","","",""
"Specification-Baseline__Cost-1__Fee-British__ExitFees-AllUnilateralExits__Starts-50","2","70","0","P","7","14","P Offer","P Liability Signal: 8;P Files: 1;D Answers: 1;P Abandons: 1","8,1,1,1","0","true","","","6","0.55","0.10000000000000001","","",""
"Specification-Baseline__Cost-1__Fee-British__ExitFees-AllUnilateralExits__Starts-50","2","70","0","P","7","14","P Offer","P Liability Signal: 8;P Files: 1;D Answers: 1;P Abandons: 1","8,1,1,1","0","true","","","7","0.65","0.10000000000000001","","",""
"Specification-Baseline__Cost-1__Fee-British__ExitFees-AllUnilateralExits__Starts-50","2","70","0","P","7","14","P Offer","P Liability Signal: 8;P Files: 1;D Answers: 1;P Abandons: 1","8,1,1,1","0","true","","","8","0.75","0.10000000000000001","","",""
"Specification-Baseline__Cost-1__Fee-British__ExitFees-AllUnilateralExits__Starts-50","2","70","0","P","7","14","P Offer","P Liability Signal: 8;P Files: 1;D Answers: 1;P Abandons: 1","8,1,1,1","0","true","","","9","0.85","0.10000000000000001","","",""
"Specification-Baseline__Cost-1__Fee-British__ExitFees-AllUnilateralExits__Starts-50","2","70","0","P","7","14","P Offer","P Liability Signal: 8;P Files: 1;D Answers: 1;P Abandons: 1","8,1,1,1","0","true","","","10","0.95","0.10000000000000001","","",""
"Specification-Baseline__Cost-1__Fee-British__ExitFees-AllUnilateralExits__Starts-50","2","71","0","P","7","14","P Offer","P Liability Signal: 8;P Files: 1;D Answers: 1;P Abandons: 2","8,1,1,2","0.10618","false","10.684628989809763","10.684628989809763","1","0.05","0","10.218171604917632","0.46645738489213073","false"
"Specification-Baseline__Cost-1__Fee-British__ExitFees-AllUnilateralExits__Starts-50","2","71","0","P","7","14","P Offer","P Liability Signal: 8;P Files: 1;D Answers: 1;P Abandons: 2","8,1,1,2","0.10618","false","10.684628989809763","10.684628989809763","2","0.15","0","10.345155606307603","0.33947338350215972","false"
"Specification-Baseline__Cost-1__Fee-British__ExitFees-AllUnilateralExits__Starts-50","2","71","0","P","7","14","P Offer","P Liability Signal: 8;P Files: 1;D Answers: 1;P Abandons: 2","8,1,1,2","0.10618","false","10.684628989809763","10.684628989809763","3","0.25","0","10.385434418481729","0.29919457132803373","false"
"Specification-Baseline__Cost-1__Fee-British__ExitFees-AllUnilateralExits__Starts-50","2","71","0","P","7","14","P Offer","P Liability Signal: 8;P Files: 1;D Answers: 1;P Abandons: 2","8,1,1,2","0.10618","false","10.684628989809763","10.684628989809763","4","0.35","0","10.481775005560783","0.20285398424898027","false"
"Specification-Baseline__Cost-1__Fee-British__ExitFees-AllUnilateralExits__Starts-50","2","71","0","P","7","14","P Offer","P Liability Signal: 8;P Files: 1;D Answers: 1;P Abandons: 2","8,1,1,2","0.10618","false","10.684628989809763","10.684628989809763","5","0.45","0","10.515000892108436","0.16962809770132736","false"
"Specification-Baseline__Cost-1__Fee-British__ExitFees-AllUnilateralExits__Starts-50","2","71","0","P","7","14","P Offer","P Liability Signal: 8;P Files: 1;D Answers: 1;P Abandons: 2","8,1,1,2","0.10618","false","10.684628989809763","10.684628989809763","6","0.55","0","10.548924438715819","0.1357045510939443","false"
"Specification-Baseline__Cost-1__Fee-British__ExitFees-AllUnilateralExits__Starts-50","2","71","0","P","7","14","P Offer","P Liability Signal: 8;P Files: 1;D Answers: 1;P Abandons: 2","8,1,1,2","0.10618","false","10.684628989809763","10.684628989809763","7","0.65","0","10.582847985323204","0.10178100448655947","false"
"Specification-Baseline__Cost-1__Fee-British__ExitFees-AllUnilateralExits__Starts-50","2","71","0","P","7","14","P Offer","P Liability Signal: 8;P Files: 1;D Answers: 1;P Abandons: 2","8,1,1,2","0.10618","false","10.684628989809763","10.684628989809763","8","0.75","0","10.616781896594995","0.067847093214767895","false"
"Specification-Baseline__Cost-1__Fee-British__ExitFees-AllUnilateralExits__Starts-50","2","71","0","P","7","14","P Offer","P Liability Signal: 8;P Files: 1;D Answers: 1;P Abandons: 2","8,1,1,2","0.10618","false","10.684628989809763","10.684628989809763","9","0.85","0","10.65070544320238","0.033923546607383059","false"
"Specification-Baseline__Cost-1__Fee-British__ExitFees-AllUnilateralExits__Starts-50","2","71","0","P","7","14","P Offer","P Liability Signal: 8;P Files: 1;D Answers: 1;P Abandons: 2","8,1,1,2","0.10618","false","10.684628989809763","10.684628989809763","10","0.95","1","10.684628989809763","0","true"
"Specification-Baseline__Cost-1__Fee-British__ExitFees-AllUnilateralExits__Starts-50","2","72","0","P","2","9","P Files","P Liability Signal: 9","9","0.097680000000000003","false","10.750011531047036","10.750011531047036","1","Yes","1","10.750011531047036","0","true"
"Specification-Baseline__Cost-1__Fee-British__ExitFees-AllUnilateralExits__Starts-50","2","72","0","P","2","9","P Files","P Liability Signal: 9","9","0.097680000000000003","false","10.750011531047036","10.750011531047036","2","No","0","9.9999959389999997","0.75001559204703661","false"
"Specification-Baseline__Cost-1__Fee-British__ExitFees-AllUnilateralExits__Starts-50","2","73","0","P","5","20","P Abandons","P Liability Signal: 9;P Files: 1;D Answers: 1","9,1,1","0.097680000000000003","false","10.750011531047036","10.750011531047036","1","Yes","0","10.382772174656905","0.36723935639013128","false"
"Specification-Baseline__Cost-1__Fee-British__ExitFees-AllUnilateralExits__Starts-50","2","73","0","P","5","20","P Abandons","P Liability Signal: 9;P Files: 1;D Answers: 1","9,1,1","0.097680000000000003","false","10.750011531047036","10.750011531047036","2","No","1","10.750011531047036","0","true"
"Specification-Baseline__Cost-1__Fee-British__ExitFees-AllUnilateralExits__Starts-50","2","74","0","P","7","14","P Offer","P Liability Signal: 9;P Files: 1;D Answers: 1;P Abandons: 1","9,1,1,1","0","true","","","1","0.05","0.10000000000000001","","",""
"Specification-Baseline__Cost-1__Fee-British__ExitFees-AllUnilateralExits__Starts-50","2","74","0","P","7","14","P Offer","P Liability Signal: 9;P Files: 1;D Answers: 1;P Abandons: 1","9,1,1,1","0","true","","","2","0.15","0.10000000000000001","","",""
"Specification-Baseline__Cost-1__Fee-British__ExitFees-AllUnilateralExits__Starts-50","2","74","0","P","7","14","P Offer","P Liability Signal: 9;P Files: 1;D Answers: 1;P Abandons: 1","9,1,1,1","0","true","","","3","0.25","0.10000000000000001","","",""
"Specification-Baseline__Cost-1__Fee-British__ExitFees-AllUnilateralExits__Starts-50","2","74","0","P","7","14","P Offer","P Liability Signal: 9;P Files: 1;D Answers: 1;P Abandons: 1","9,1,1,1","0","true","","","4","0.35","0.10000000000000001","","",""
"Specification-Baseline__Cost-1__Fee-British__ExitFees-AllUnilateralExits__Starts-50","2","74","0","P","7","14","P Offer","P Liability Signal: 9;P Files: 1;D Answers: 1;P Abandons: 1","9,1,1,1","0","true","","","5","0.45","0.10000000000000001","","",""
"Specification-Baseline__Cost-1__Fee-British__ExitFees-AllUnilateralExits__Starts-50","2","74","0","P","7","14","P Offer","P Liability Signal: 9;P Files: 1;D Answers: 1;P Abandons: 1","9,1,1,1","0","true","","","6","0.55","0.10000000000000001","","",""
"Specification-Baseline__Cost-1__Fee-British__ExitFees-AllUnilateralExits__Starts-50","2","74","0","P","7","14","P Offer","P Liability Signal: 9;P Files: 1;D Answers: 1;P Abandons: 1","9,1,1,1","0","true","","","7","0.65","0.10000000000000001","","",""
"Specification-Baseline__Cost-1__Fee-British__ExitFees-AllUnilateralExits__Starts-50","2","74","0","P","7","14","P Offer","P Liability Signal: 9;P Files: 1;D Answers: 1;P Abandons: 1","9,1,1,1","0","true","","","8","0.75","0.10000000000000001","","",""
"Specification-Baseline__Cost-1__Fee-British__ExitFees-AllUnilateralExits__Starts-50","2","74","0","P","7","14","P Offer","P Liability Signal: 9;P Files: 1;D Answers: 1;P Abandons: 1","9,1,1,1","0","true","","","9","0.85","0.10000000000000001","","",""
"Specification-Baseline__Cost-1__Fee-British__ExitFees-AllUnilateralExits__Starts-50","2","74","0","P","7","14","P Offer","P Liability Signal: 9;P Files: 1;D Answers: 1;P Abandons: 1","9,1,1,1","0","true","","","10","0.95","0.10000000000000001","","",""
"Specification-Baseline__Cost-1__Fee-British__ExitFees-AllUnilateralExits__Starts-50","2","75","0","P","7","14","P Offer","P Liability Signal: 9;P Files: 1;D Answers: 1;P Abandons: 2","9,1,1,2","0.097680000000000003","false","10.750011531047036","10.750011531047036","1","0.05","0","10.254793245904695","0.49521828514234123","false"
"Specification-Baseline__Cost-1__Fee-British__ExitFees-AllUnilateralExits__Starts-50","2","75","0","P","7","14","P Offer","P Liability Signal: 9;P Files: 1;D Answers: 1;P Abandons: 2","9,1,1,2","0.097680000000000003","false","10.750011531047036","10.750011531047036","2","0.15","0","10.374866358652509","0.37514517239452694","false"
"Specification-Baseline__Cost-1__Fee-British__ExitFees-AllUnilateralExits__Starts-50","2","75","0","P","7","14","P Offer","P Liability Signal: 9;P Files: 1;D Answers: 1;P Abandons: 2","9,1,1,2","0.097680000000000003","false","10.750011531047036","10.750011531047036","3","0.25","0","10.418464826780022","0.33154670426701394","false"
"Specification-Baseline__Cost-1__Fee-British__ExitFees-AllUnilateralExits__Starts-50","2","75","0","P","7","14","P Offer","P Liability Signal: 9;P Files: 1;D Answers: 1;P Abandons: 2","9,1,1,2","0.097680000000000003","false","10.750011531047036","10.750011531047036","4","0.35","0","10.520849911245364","0.2291616198016726","false"
"Specification-Baseline__Cost-1__Fee-British__ExitFees-AllUnilateralExits__Starts-50","2","75","0","P","7","14","P Offer","P Liability Signal: 9;P Files: 1;D Answers: 1;P Abandons: 2","9,1,1,2","0.097680000000000003","false","10.750011531047036","10.750011531047036","5","0.45","0","10.558916174090839","0.19109535695619684","false"
"Specification-Baseline__Cost-1__Fee-British__ExitFees-AllUnilateralExits__Starts-50","2","75","0","P","7","14","P Offer","P Liability Signal: 9;P Files: 1;D Answers: 1;P Abandons: 2","9,1,1,2","0.097680000000000003","false","10.750011531047036","10.750011531047036","6","0.55","0","10.597132910209478","0.15287862083755854","false"
"Specification-Baseline__Cost-1__Fee-British__ExitFees-AllUnilateralExits__Starts-50","2","75","0","P","7","14","P Offer","P Liability Signal: 9;P Files: 1;D Answers: 1;P Abandons: 2","9,1,1,2","0.097680000000000003","false","10.750011531047036","10.750011531047036","7","0.65","0","10.635349646328116","0.11466188471892025","false"
"Specification-Baseline__Cost-1__Fee-British__ExitFees-AllUnilateralExits__Starts-50","2","75","0","P","7","14","P Offer","P Liability Signal: 9;P Files: 1;D Answers: 1;P Abandons: 2","9,1,1,2","0.097680000000000003","false","10.750011531047036","10.750011531047036","8","0.75","0","10.673578058809758","0.076433472237278366","false"
"Specification-Baseline__Cost-1__Fee-British__ExitFees-AllUnilateralExits__Starts-50","2","75","0","P","7","14","P Offer","P Liability Signal: 9;P Files: 1;D Answers: 1;P Abandons: 2","9,1,1,2","0.097680000000000003","false","10.750011531047036","10.750011531047036","9","0.85","0","10.711794794928398","0.038216736118638295","false"
"Specification-Baseline__Cost-1__Fee-British__ExitFees-AllUnilateralExits__Starts-50","2","75","0","P","7","14","P Offer","P Liability Signal: 9;P Files: 1;D Answers: 1;P Abandons: 2","9,1,1,2","0.097680000000000003","false","10.750011531047036","10.750011531047036","10","0.95","1","10.750011531047036","0","true"
"Specification-Baseline__Cost-1__Fee-British__ExitFees-AllUnilateralExits__Starts-50","2","76","0","P","2","9","P Files","P Liability Signal: 10","10","0.080430000000000001","false","10.783103492210612","10.783103492210612","1","Yes","1","10.783103492210612","0","true"
"Specification-Baseline__Cost-1__Fee-British__ExitFees-AllUnilateralExits__Starts-50","2","76","0","P","2","9","P Files","P Liability Signal: 10","10","0.080430000000000001","false","10.783103492210612","10.783103492210612","2","No","0","9.9999959389999997","0.78310755321061265","false"
"Specification-Baseline__Cost-1__Fee-British__ExitFees-AllUnilateralExits__Starts-50","2","77","0","P","5","20","P Abandons","P Liability Signal: 10;P Files: 1;D Answers: 1","10,1,1","0.080430000000000001","false","10.783103492210612","10.783103492210612","1","Yes","0","10.43121647215486","0.35188702005575223","false"
"Specification-Baseline__Cost-1__Fee-British__ExitFees-AllUnilateralExits__Starts-50","2","77","0","P","5","20","P Abandons","P Liability Signal: 10;P Files: 1;D Answers: 1","10,1,1","0.080430000000000001","false","10.783103492210612","10.783103492210612","2","No","1","10.783103492210612","0","true"
"Specification-Baseline__Cost-1__Fee-British__ExitFees-AllUnilateralExits__Starts-50","2","78","0","P","7","14","P Offer","P Liability Signal: 10;P Files: 1;D Answers: 1;P Abandons: 1","10,1,1,1","0","true","","","1","0.05","0.10000000000000001","","",""
"Specification-Baseline__Cost-1__Fee-British__ExitFees-AllUnilateralExits__Starts-50","2","78","0","P","7","14","P Offer","P Liability Signal: 10;P Files: 1;D Answers: 1;P Abandons: 1","10,1,1,1","0","true","","","2","0.15","0.10000000000000001","","",""
"Specification-Baseline__Cost-1__Fee-British__ExitFees-AllUnilateralExits__Starts-50","2","78","0","P","7","14","P Offer","P Liability Signal: 10;P Files: 1;D Answers: 1;P Abandons: 1","10,1,1,1","0","true","","","3","0.25","0.10000000000000001","","",""
"Specification-Baseline__Cost-1__Fee-British__ExitFees-AllUnilateralExits__Starts-50","2","78","0","P","7","14","P Offer","P Liability Signal: 10;P Files: 1;D Answers: 1;P Abandons: 1","10,1,1,1","0","true","","","4","0.35","0.10000000000000001","","",""
"Specification-Baseline__Cost-1__Fee-British__ExitFees-AllUnilateralExits__Starts-50","2","78","0","P","7","14","P Offer","P Liability Signal: 10;P Files: 1;D Answers: 1;P Abandons: 1","10,1,1,1","0","true","","","5","0.45","0.10000000000000001","","",""
"Specification-Baseline__Cost-1__Fee-British__ExitFees-AllUnilateralExits__Starts-50","2","78","0","P","7","14","P Offer","P Liability Signal: 10;P Files: 1;D Answers: 1;P Abandons: 1","10,1,1,1","0","true","","","6","0.55","0.10000000000000001","","",""
"Specification-Baseline__Cost-1__Fee-British__ExitFees-AllUnilateralExits__Starts-50","2","78","0","P","7","14","P Offer","P Liability Signal: 10;P Files: 1;D Answers: 1;P Abandons: 1","10,1,1,1","0","true","","","7","0.65","0.10000000000000001","","",""
"Specification-Baseline__Cost-1__Fee-British__ExitFees-AllUnilateralExits__Starts-50","2","78","0","P","7","14","P Offer","P Liability Signal: 10;P Files: 1;D Answers: 1;P Abandons: 1","10,1,1,1","0","true","","","8","0.75","0.10000000000000001","","",""
"Specification-Baseline__Cost-1__Fee-British__ExitFees-AllUnilateralExits__Starts-50","2","78","0","P","7","14","P Offer","P Liability Signal: 10;P Files: 1;D Answers: 1;P Abandons: 1","10,1,1,1","0","true","","","9","0.85","0.10000000000000001","","",""
"Specification-Baseline__Cost-1__Fee-British__ExitFees-AllUnilateralExits__Starts-50","2","78","0","P","7","14","P Offer","P Liability Signal: 10;P Files: 1;D Answers: 1;P Abandons: 1","10,1,1,1","0","true","","","10","0.95","0.10000000000000001","","",""
"Specification-Baseline__Cost-1__Fee-British__ExitFees-AllUnilateralExits__Starts-50","2","79","0","P","7","14","P Offer","P Liability Signal: 10;P Files: 1;D Answers: 1;P Abandons: 2","10,1,1,2","0.080430000000000001","false","10.783103492210612","10.783103492210612","1","0.05","0","10.279350322852505","0.50375316935810766","false"
"Specification-Baseline__Cost-1__Fee-British__ExitFees-AllUnilateralExits__Starts-50","2","79","0","P","7","14","P Offer","P Liability Signal: 10;P Files: 1;D Answers: 1;P Abandons: 2","10,1,1,2","0.080430000000000001","false","10.783103492210612","10.783103492210612","2","0.15","0","10.387901506379523","0.39520198583108979","false"
"Specification-Baseline__Cost-1__Fee-British__ExitFees-AllUnilateralExits__Starts-50","2","79","0","P","7","14","P Offer","P Liability Signal: 10;P Files: 1;D Answers: 1;P Abandons: 2","10,1,1,2","0.080430000000000001","false","10.783103492210612","10.783103492210612","3","0.25","0","10.433577017133048","0.34952647507756396","false"
"Specification-Baseline__Cost-1__Fee-British__ExitFees-AllUnilateralExits__Starts-50","2","79","0","P","7","14","P Offer","P Liability Signal: 10;P Files: 1;D Answers: 1;P Abandons: 2","10,1,1,2","0.080430000000000001","false","10.783103492210612","10.783103492210612","4","0.35","0","10.53627777390035","0.24682571831026223","false"
"Specification-Baseline__Cost-1__Fee-British__ExitFees-AllUnilateralExits__Starts-50","2","79","0","P","7","14","P Offer","P Liability Signal: 10;P Files: 1;D Answers: 1;P Abandons: 2","10,1,1,2","0.080430000000000001","false","10.783103492210612","10.783103492210612","5","0.45","0","10.577413298928585","0.20569019328202742","false"
"Specification-Baseline__Cost-1__Fee-British__ExitFees-AllUnilateralExits__Starts-50","2","79","0","P","7","14","P Offer","P Liability Signal: 10;P Files: 1;D Answers: 1;P Abandons: 2","10,1,1,2","0.080430000000000001","false","10.783103492210612","10.783103492210612","6","0.55","0","10.61854882395682","0.16455466825379261","false"
"Specification-Baseline__Cost-1__Fee-British__ExitFees-AllUnilateralExits__Starts-50","2","79","0","P","7","14","P Offer","P Liability Signal: 10;P Files: 1;D Answers: 1;P Abandons: 2","10,1,1,2","0.080430000000000001","false","10.783103492210612","10.783103492210612","7","0.65","0","10.659684348985053","0.12341914322555958","false"
"Specification-Baseline__Cost-1__Fee-British__ExitFees-AllUnilateralExits__Starts-50","2","79","0","P","7","14","P Offer","P Liability Signal: 10;P Files: 1;D Answers: 1;P Abandons: 2","10,1,1,2","0.080430000000000001","false","10.783103492210612","10.783103492210612","8","0.75","0","10.700832442154143","0.082271050056469619","false"
"Specification-Baseline__Cost-1__Fee-British__ExitFees-AllUnilateralExits__Starts-50","2","79","0","P","7","14","P Offer","P Liability Signal: 10;P Files: 1;D Answers: 1;P Abandons: 2","10,1,1,2","0.080430000000000001","false","10.783103492210612","10.783103492210612","9","0.85","0","10.741967967182378","0.041135525028234809","false"
"Specification-Baseline__Cost-1__Fee-British__ExitFees-AllUnilateralExits__Starts-50","2","79","0","P","7","14","P Offer","P Liability Signal: 10;P Files: 1;D Answers: 1;P Abandons: 2","10,1,1,2","0.080430000000000001","false","10.783103492210612","10.783103492210612","10","0.95","1","10.783103492210612","0","true"
"Specification-Baseline__Cost-1__Fee-British__ExitFees-AllUnilateralExits__Starts-50","2","1","1","D","3","10","D Answers","D Liability Signal: 1;P Files: 1","1,1","0.014259288600000232","false","9.7046464852012289","9.7046464852012289","1","Yes","1","9.7046464852012289","0","true"
"Specification-Baseline__Cost-1__Fee-British__ExitFees-AllUnilateralExits__Starts-50","2","1","1","D","3","10","D Answers","D Liability Signal: 1;P Files: 1","1,1","0.014259288600000232","false","9.7046464852012289","9.7046464852012289","2","No","0","8.8500067863999998","0.85463969880122903","false"
"Specification-Baseline__Cost-1__Fee-British__ExitFees-AllUnilateralExits__Starts-50","2","3","1","D","6","21","D Defaults","D Liability Signal: 1;P Files: 1;D Answers: 1","1,1,1","0.014259288600000232","false","9.7046464852012289","9.7046464852012289","1","Yes","0","8.7200024396200124","0.98464404558121643","false"
"Specification-Baseline__Cost-1__Fee-British__ExitFees-AllUnilateralExits__Starts-50","2","3","1","D","6","21","D Defaults","D Liability Signal: 1;P Files: 1;D Answers: 1","1,1,1","0.014259288600000232","false","9.7046464852012289","9.7046464852012289","2","No","1","9.7046464852012289","0","true"
"Specification-Baseline__Cost-1__Fee-British__ExitFees-AllUnilateralExits__Starts-50","2","5","1","D","8","15","D Offer","D Liability Signal: 1;P Files: 1;D Answers: 1;D Defaults: 1","1,1,1,1","0","true","","","1","0.05","0.10000000000000001","","",""
"Specification-Baseline__Cost-1__Fee-British__ExitFees-AllUnilateralExits__Starts-50","2","5","1","D","8","15","D Offer","D Liability Signal: 1;P Files: 1;D Answers: 1;D Defaults: 1","1,1,1,1","0","true","","","2","0.15","0.10000000000000001","","",""
"Specification-Baseline__Cost-1__Fee-British__ExitFees-AllUnilateralExits__Starts-50","2","5","1","D","8","15","D Offer","D Liability Signal: 1;P Files: 1;D Answers: 1;D Defaults: 1","1,1,1,1","0","true","","","3","0.25","0.10000000000000001","","",""
"Specification-Baseline__Cost-1__Fee-British__ExitFees-AllUnilateralExits__Starts-50","2","5","1","D","8","15","D Offer","D Liability Signal: 1;P Files: 1;D Answers: 1;D Defaults: 1","1,1,1,1","0","true","","","4","0.35","0.10000000000000001","","",""
"Specification-Baseline__Cost-1__Fee-British__ExitFees-AllUnilateralExits__Starts-50","2","5","1","D","8","15","D Offer","D Liability Signal: 1;P Files: 1;D Answers: 1;D Defaults: 1","1,1,1,1","0","true","","","5","0.45","0.10000000000000001","","",""
"Specification-Baseline__Cost-1__Fee-British__ExitFees-AllUnilateralExits__Starts-50","2","5","1","D","8","15","D Offer","D Liability Signal: 1;P Files: 1;D Answers: 1;D Defaults: 1","1,1,1,1","0","true","","","6","0.55","0.10000000000000001","","",""
"Specification-Baseline__Cost-1__Fee-British__ExitFees-AllUnilateralExits__Starts-50","2","5","1","D","8","15","D Offer","D Liability Signal: 1;P Files: 1;D Answers: 1;D Defaults: 1","1,1,1,1","0","true","","","7","0.65","0.10000000000000001","","",""
"Specification-Baseline__Cost-1__Fee-British__ExitFees-AllUnilateralExits__Starts-50","2","5","1","D","8","15","D Offer","D Liability Signal: 1;P Files: 1;D Answers: 1;D Defaults: 1","1,1,1,1","0","true","","","8","0.75","0.10000000000000001","","",""
"Specification-Baseline__Cost-1__Fee-British__ExitFees-AllUnilateralExits__Starts-50","2","5","1","D","8","15","D Offer","D Liability Signal: 1;P Files: 1;D Answers: 1;D Defaults: 1","1,1,1,1","0","true","","","9","0.85","0.10000000000000001","","",""
"Specification-Baseline__Cost-1__Fee-British__ExitFees-AllUnilateralExits__Starts-50","2","5","1","D","8","15","D Offer","D Liability Signal: 1;P Files: 1;D Answers: 1;D Defaults: 1","1,1,1,1","0","true","","","10","0.95","0.10000000000000001","","",""
"Specification-Baseline__Cost-1__Fee-British__ExitFees-AllUnilateralExits__Starts-50","2","6","1","D","8","15","D Offer","D Liability Signal: 1;P Files: 1;D Answers: 1;D Defaults: 2","1,1,1,2","0.014259288600000232","false","9.7046464852012289","9.7046464852012289","1","0.05","0.66695428892221886","9.7046464852012289","0","true"
"Specification-Baseline__Cost-1__Fee-British__ExitFees-AllUnilateralExits__Starts-50","2","6","1","D","8","15","D Offer","D Liability Signal: 1;P Files: 1;D Answers: 1;D Defaults: 2","1,1,1,2","0.014259288600000232","false","9.7046464852012289","9.7046464852012289","2","0.15","0","9.7046464852012289","0","true"
"Specification-Baseline__Cost-1__Fee-British__ExitFees-AllUnilateralExits__Starts-50","2","6","1","D","8","15","D Offer","D Liability Signal: 1;P Files: 1;D Answers: 1;D Defaults: 2","1,1,1,2","0.014259288600000232","false","9.7046464852012289","9.7046464852012289","3","0.25","0","9.7046464852012271","1.7763568394002505E-15","true"
"Specification-Baseline__Cost-1__Fee-British__ExitFees-AllUnilateralExits__Starts-50","2","6","1","D","8","15","D Offer","D Liability Signal: 1;P Files: 1;D Answers: 1;D Defaults: 2","1,1,1,2","0.014259288600000232","false","9.7046464852012289","9.7046464852012289","4","0.35","0.33304571107778108","9.7046464852012271","1.7763568394002505E-15","true"
"Specification-Baseline__Cost-1__Fee-British__ExitFees-AllUnilateralExits__Starts-50","2","6","1","D","8","15","D Offer","D Liability Signal: 1;P Files: 1;D Answers: 1;D Defaults: 2","1,1,1,2","0.014259288600000232","false","9.7046464852012289","9.7046464852012289","5","0.45","0","9.7046464852012253","3.5527136788005009E-15","true"
"Specification-Baseline__Cost-1__Fee-British__ExitFees-AllUnilateralExits__Starts-50","2","6","1","D","8","15","D Offer","D Liability Signal: 1;P Files: 1;D Answers: 1;D Defaults: 2","1,1,1,2","0.014259288600000232","false","9.7046464852012289","9.7046464852012289","6","0.55","0","9.7046464852012253","3.5527136788005009E-15","true"
"Specification-Baseline__Cost-1__Fee-British__ExitFees-AllUnilateralExits__Starts-50","2","6","1","D","8","15","D Offer","D Liability Signal: 1;P Files: 1;D Answers: 1;D Defaults: 2","1,1,1,2","0.014259288600000232","false","9.7046464852012289","9.7046464852012289","7","0.65","0","9.7046464852012235","5.3290705182007514E-15","true"
"Specification-Baseline__Cost-1__Fee-British__ExitFees-AllUnilateralExits__Starts-50","2","6","1","D","8","15","D Offer","D Liability Signal: 1;P Files: 1;D Answers: 1;D Defaults: 2","1,1,1,2","0.014259288600000232","false","9.7046464852012289","9.7046464852012289","8","0.75","0","9.7046464852012235","5.3290705182007514E-15","true"
"Specification-Baseline__Cost-1__Fee-British__ExitFees-AllUnilateralExits__Starts-50","2","6","1","D","8","15","D Offer","D Liability Signal: 1;P Files: 1;D Answers: 1;D Defaults: 2","1,1,1,2","0.014259288600000232","false","9.7046464852012289","9.7046464852012289","9","0.85","0","9.7046464852012235","5.3290705182007514E-15","true"
"Specification-Baseline__Cost-1__Fee-British__ExitFees-AllUnilateralExits__Starts-50","2","6","1","D","8","15","D Offer","D Liability Signal: 1;P Files: 1;D Answers: 1;D Defaults: 2","1,1,1,2","0.014259288600000232","false","9.7046464852012289","9.7046464852012289","10","0.95","0","8.9000031706000033","0.80464331460122551","false"
"Specification-Baseline__Cost-1__Fee-British__ExitFees-AllUnilateralExits__Starts-50","2","8","1","D","3","10","D Answers","D Liability Signal: 2;P Files: 1","2,1","0.023013302900000292","false","9.5878424170010046","9.5878424170010046","1","Yes","1","9.5878424170010046","0","true"
"Specification-Baseline__Cost-1__Fee-British__ExitFees-AllUnilateralExits__Starts-50","2","8","1","D","3","10","D Answers","D Liability Signal: 2;P Files: 1","2,1","0.023013302900000292","false","9.5878424170010046","9.5878424170010046","2","No","0","8.8500067863999998","0.73783563060100477","false"
"Specification-Baseline__Cost-1__Fee-British__ExitFees-AllUnilateralExits__Starts-50","2","9","1","D","6","21","D Defaults","D Liability Signal: 2;P Files: 1;D Answers: 1","2,1,1","0.023013302900000292","false","9.5878424170010046","9.5878424170010046","1","Yes","0","8.7200024396200124","0.86783997738099217","false"
"Specification-Baseline__Cost-1__Fee-British__ExitFees-AllUnilateralExits__Starts-50","2","9","1","D","6","21","D Defaults","D Liability Signal: 2;P Files: 1;D Answers: 1","2,1,1","0.023013302900000292","false","9.5878424170010046","9.5878424170010046","2","No","1","9.5878424170010046","0","true"
"Specification-Baseline__Cost-1__Fee-British__ExitFees-AllUnilateralExits__Starts-50","2","10","1","D","8","15","D Offer","D Liability Signal: 2;P Files: 1;D Answers: 1;D Defaults: 1","2,1,1,1","0","true","","","1","0.05","0.10000000000000001","","",""
"Specification-Baseline__Cost-1__Fee-British__ExitFees-AllUnilateralExits__Starts-50","2","10","1","D","8","15","D Offer","D Liability Signal: 2;P Files: 1;D Answers: 1;D Defaults: 1","2,1,1,1","0","true","","","2","0.15","0.10000000000000001","","",""
"Specification-Baseline__Cost-1__Fee-British__ExitFees-AllUnilateralExits__Starts-50","2","10","1","D","8","15","D Offer","D Liability Signal: 2;P Files: 1;D Answers: 1;D Defaults: 1","2,1,1,1","0","true","","","3","0.25","0.10000000000000001","","",""
"Specification-Baseline__Cost-1__Fee-British__ExitFees-AllUnilateralExits__Starts-50","2","10","1","D","8","15","D Offer","D Liability Signal: 2;P Files: 1;D Answers: 1;D Defaults: 1","2,1,1,1","0","true","","","4","0.35","0.10000000000000001","","",""
"Specification-Baseline__Cost-1__Fee-British__ExitFees-AllUnilateralExits__Starts-50","2","10","1","D","8","15","D Offer","D Liability Signal: 2;P Files: 1;D Answers: 1;D Defaults: 1","2,1,1,1","0","true","","","5","0.45","0.10000000000000001","","",""
"Specification-Baseline__Cost-1__Fee-British__ExitFees-AllUnilateralExits__Starts-50","2","10","1","D","8","15","D Offer","D Liability Signal: 2;P Files: 1;D Answers: 1;D Defaults: 1","2,1,1,1","0","true","","","6","0.55","0.10000000000000001","","",""
"Specification-Baseline__Cost-1__Fee-British__ExitFees-AllUnilateralExits__Starts-50","2","10","1","D","8","15","D Offer","D Liability Signal: 2;P Files: 1;D Answers: 1;D Defaults: 1","2,1,1,1","0","true","","","7","0.65","0.10000000000000001","","",""
"Specification-Baseline__Cost-1__Fee-British__ExitFees-AllUnilateralExits__Starts-50","2","10","1","D","8","15","D Offer","D Liability Signal: 2;P Files: 1;D Answers: 1;D Defaults: 1","2,1,1,1","0","true","","","8","0.75","0.10000000000000001","","",""
"Specification-Baseline__Cost-1__Fee-British__ExitFees-AllUnilateralExits__Starts-50","2","10","1","D","8","15","D Offer","D Liability Signal: 2;P Files: 1;D Answers: 1;D Defaults: 1","2,1,1,1","0","true","","","9","0.85","0.10000000000000001","","",""
"Specification-Baseline__Cost-1__Fee-British__ExitFees-AllUnilateralExits__Starts-50","2","10","1","D","8","15","D Offer","D Liability Signal: 2;P Files: 1;D Answers: 1;D Defaults: 1","2,1,1,1","0","true","","","10","0.95","0.10000000000000001","","",""
"Specification-Baseline__Cost-1__Fee-British__ExitFees-AllUnilateralExits__Starts-50","2","11","1","D","8","15","D Offer","D Liability Signal: 2;P Files: 1;D Answers: 1;D Defaults: 2","2,1,1,2","0.023013302900000292","false","9.5878424170010046","9.5878424170010046","1","0.05","1","9.5878424170010046","0","true"
"Specification-Baseline__Cost-1__Fee-British__ExitFees-AllUnilateralExits__Starts-50","2","11","1","D","8","15","D Offer","D Liability Signal: 2;P Files: 1;D Answers: 1;D Defaults: 2","2,1,1,2","0.023013302900000292","false","9.5878424170010046","9.5878424170010046","2","0.15","0","9.5878424170010046","0","true"
"Specification-Baseline__Cost-1__Fee-British__ExitFees-AllUnilateralExits__Starts-50","2","11","1","D","8","15","D Offer","D Liability Signal: 2;P Files: 1;D Answers: 1;D Defaults: 2","2,1,1,2","0.023013302900000292","false","9.5878424170010046","9.5878424170010046","3","0.25","0","9.5878424170010028","1.7763568394002505E-15","true"
"Specification-Baseline__Cost-1__Fee-British__ExitFees-AllUnilateralExits__Starts-50","2","11","1","D","8","15","D Offer","D Liability Signal: 2;P Files: 1;D Answers: 1;D Defaults: 2","2,1,1,2","0.023013302900000292","false","9.5878424170010046","9.5878424170010046","4","0.35","0","9.587842417001001","3.5527136788005009E-15","true"
"Specification-Baseline__Cost-1__Fee-British__ExitFees-AllUnilateralExits__Starts-50","2","11","1","D","8","15","D Offer","D Liability Signal: 2;P Files: 1;D Answers: 1;D Defaults: 2","2,1,1,2","0.023013302900000292","false","9.5878424170010046","9.5878424170010046","5","0.45","0","9.587842417001001","3.5527136788005009E-15","true"
"Specification-Baseline__Cost-1__Fee-British__ExitFees-AllUnilateralExits__Starts-50","2","11","1","D","8","15","D Offer","D Liability Signal: 2;P Files: 1;D Answers: 1;D Defaults: 2","2,1,1,2","0.023013302900000292","false","9.5878424170010046","9.5878424170010046","6","0.55","0","9.5878424170009993","5.3290705182007514E-15","true"
"Specification-Baseline__Cost-1__Fee-British__ExitFees-AllUnilateralExits__Starts-50","2","11","1","D","8","15","D Offer","D Liability Signal: 2;P Files: 1;D Answers: 1;D Defaults: 2","2,1,1,2","0.023013302900000292","false","9.5878424170010046","9.5878424170010046","7","0.65","0","9.5878424170009993","5.3290705182007514E-15","true"
"Specification-Baseline__Cost-1__Fee-British__ExitFees-AllUnilateralExits__Starts-50","2","11","1","D","8","15","D Offer","D Liability Signal: 2;P Files: 1;D Answers: 1;D Defaults: 2","2,1,1,2","0.023013302900000292","false","9.5878424170010046","9.5878424170010046","8","0.75","0","9.5878424170009993","5.3290705182007514E-15","true"
"Specification-Baseline__Cost-1__Fee-British__ExitFees-AllUnilateralExits__Starts-50","2","11","1","D","8","15","D Offer","D Liability Signal: 2;P Files: 1;D Answers: 1;D Defaults: 2","2,1,1,2","0.023013302900000292","false","9.5878424170010046","9.5878424170010046","9","0.85","0","9.5878424170009993","5.3290705182007514E-15","true"
"Specification-Baseline__Cost-1__Fee-British__ExitFees-AllUnilateralExits__Starts-50","2","11","1","D","8","15","D Offer","D Liability Signal: 2;P Files: 1;D Answers: 1;D Defaults: 2","2,1,1,2","0.023013302900000292","false","9.5878424170010046","9.5878424170010046","10","0.95","0","8.9000031706000069","0.68783924640099769","false"
"Specification-Baseline__Cost-1__Fee-British__ExitFees-AllUnilateralExits__Starts-50","2","12","1","D","3","10","D Answers","D Liability Signal: 3;P Files: 1","3,1","0.034133589400000337","false","9.4411359712789533","9.4411359712789533","1","Yes","1","9.4411359712789533","0","true"
"Specification-Baseline__Cost-1__Fee-British__ExitFees-AllUnilateralExits__Starts-50","2","12","1","D","3","10","D Answers","D Liability Signal: 3;P Files: 1","3,1","0.034133589400000337","false","9.4411359712789533","9.4411359712789533","2","No","0","8.850006786399998","0.59112918487895527","false"
"Specification-Baseline__Cost-1__Fee-British__ExitFees-AllUnilateralExits__Starts-50","2","13","1","D","6","21","D Defaults","D Liability Signal: 3;P Files: 1;D Answers: 1","3,1,1","0.034133589400000337","false","9.4411359712789533","9.4411359712789533","1","Yes","0","8.7200024396200071","0.72113353165894623","false"
"Specification-Baseline__Cost-1__Fee-British__ExitFees-AllUnilateralExits__Starts-50","2","13","1","D","6","21","D Defaults","D Liability Signal: 3;P Files: 1;D Answers: 1","3,1,1","0.034133589400000337","false","9.4411359712789533","9.4411359712789533","2","No","1","9.4411359712789533","0","true"
"Specification-Baseline__Cost-1__Fee-British__ExitFees-AllUnilateralExits__Starts-50","2","14","1","D","8","15","D Offer","D Liability Signal: 3;P Files: 1;D Answers: 1;D Defaults: 1","3,1,1,1","0","true","","","1","0.05","0.10000000000000001","","",""
"Specification-Baseline__Cost-1__Fee-British__ExitFees-AllUnilateralExits__Starts-50","2","14","1","D","8","15","D Offer","D Liability Signal: 3;P Files: 1;D Answers: 1;D Defaults: 1","3,1,1,1","0","true","","","2","0.15","0.10000000000000001","","",""
"Specification-Baseline__Cost-1__Fee-British__ExitFees-AllUnilateralExits__Starts-50","2","14","1","D","8","15","D Offer","D Liability Signal: 3;P Files: 1;D Answers: 1;D Defaults: 1","3,1,1,1","0","true","","","3","0.25","0.10000000000000001","","",""
"Specification-Baseline__Cost-1__Fee-British__ExitFees-AllUnilateralExits__Starts-50","2","14","1","D","8","15","D Offer","D Liability Signal: 3;P Files: 1;D Answers: 1;D Defaults: 1","3,1,1,1","0","true","","","4","0.35","0.10000000000000001","","",""
"Specification-Baseline__Cost-1__Fee-British__ExitFees-AllUnilateralExits__Starts-50","2","14","1","D","8","15","D Offer","D Liability Signal: 3;P Files: 1;D Answers: 1;D Defaults: 1","3,1,1,1","0","true","","","5","0.45","0.10000000000000001","","",""
"Specification-Baseline__Cost-1__Fee-British__ExitFees-AllUnilateralExits__Starts-50","2","14","1","D","8","15","D Offer","D Liability Signal: 3;P Files: 1;D Answers: 1;D Defaults: 1","3,1,1,1","0","true","","","6","0.55","0.10000000000000001","","",""
"Specification-Baseline__Cost-1__Fee-British__ExitFees-AllUnilateralExits__Starts-50","2","14","1","D","8","15","D Offer","D Liability Signal: 3;P Files: 1;D Answers: 1;D Defaults: 1","3,1,1,1","0","true","","","7","0.65","0.10000000000000001","","",""
"Specification-Baseline__Cost-1__Fee-British__ExitFees-AllUnilateralExits__Starts-50","2","14","1","D","8","15","D Offer","D Liability Signal: 3;P Files: 1;D Answers: 1;D Defaults: 1","3,1,1,1","0","true","","","8","0.75","0.10000000000000001","","",""
"Specification-Baseline__Cost-1__Fee-British__ExitFees-AllUnilateralExits__Starts-50","2","14","1","D","8","15","D Offer","D Liability Signal: 3;P Files: 1;D Answers: 1;D Defaults: 1","3,1,1,1","0","true","","","9","0.85","0.10000000000000001","","",""
"Specification-Baseline__Cost-1__Fee-British__ExitFees-AllUnilateralExits__Starts-50","2","14","1","D","8","15","D Offer","D Liability Signal: 3;P Files: 1;D Answers: 1;D Defaults: 1","3,1,1,1","0","true","","","10","0.95","0.10000000000000001","","",""
"Specification-Baseline__Cost-1__Fee-British__ExitFees-AllUnilateralExits__Starts-50","2","15","1","D","8","15","D Offer","D Liability Signal: 3;P Files: 1;D Answers: 1;D Defaults: 2","3,1,1,2","0.034133589400000337","false","9.4411359712789533","9.4411359712789533","1","0.05","1","9.4411359712789533","0","true"
"Specification-Baseline__Cost-1__Fee-British__ExitFees-AllUnilateralExits__Starts-50","2","15","1","D","8","15","D Offer","D Liability Signal: 3;P Files: 1;D Answers: 1;D Defaults: 2","3,1,1,2","0.034133589400000337","false","9.4411359712789533","9.4411359712789533","2","0.15","0","9.4411359712789515","1.7763568394002505E-15","true"
"Specification-Baseline__Cost-1__Fee-British__ExitFees-AllUnilateralExits__Starts-50","2","15","1","D","8","15","D Offer","D Liability Signal: 3;P Files: 1;D Answers: 1;D Defaults: 2","3,1,1,2","0.034133589400000337","false","9.4411359712789533","9.4411359712789533","3","0.25","0","9.4411359712789515","1.7763568394002505E-15","true"
"Specification-Baseline__Cost-1__Fee-British__ExitFees-AllUnilateralExits__Starts-50","2","15","1","D","8","15","D Offer","D Liability Signal: 3;P Files: 1;D Answers: 1;D Defaults: 2","3,1,1,2","0.034133589400000337","false","9.4411359712789533","9.4411359712789533","4","0.35","0","9.4411359712789515","1.7763568394002505E-15","true"
"Specification-Baseline__Cost-1__Fee-British__ExitFees-AllUnilateralExits__Starts-50","2","15","1","D","8","15","D Offer","D Liability Signal: 3;P Files: 1;D Answers: 1;D Defaults: 2","3,1,1,2","0.034133589400000337","false","9.4411359712789533","9.4411359712789533","5","0.45","0","9.4411359712789515","1.7763568394002505E-15","true"
"Specification-Baseline__Cost-1__Fee-British__ExitFees-AllUnilateralExits__Starts-50","2","15","1","D","8","15","D Offer","D Liability Signal: 3;P Files: 1;D Answers: 1;D Defaults: 2","3,1,1,2","0.034133589400000337","false","9.4411359712789533","9.4411359712789533","6","0.55","0","9.4411359712789498","3.5527136788005009E-15","true"
"Specification-Baseline__Cost-1__Fee-British__ExitFees-AllUnilateralExits__Starts-50","2","15","1","D","8","15","D Offer","D Liability Signal: 3;P Files: 1;D Answers: 1;D Defaults: 2","3,1,1,2","0.034133589400000337","false","9.4411359712789533","9.4411359712789533","7","0.65","0","9.4411359712789498","3.5527136788005009E-15","true"
"Specification-Baseline__Cost-1__Fee-British__ExitFees-AllUnilateralExits__Starts-50","2","15","1","D","8","15","D Offer","D Liability Signal: 3;P Files: 1;D Answers: 1;D Defaults: 2","3,1,1,2","0.034133589400000337","false","9.4411359712789533","9.4411359712789533","8","0.75","0","9.4411359712789498","3.5527136788005009E-15","true"
"Specification-Baseline__Cost-1__Fee-British__ExitFees-AllUnilateralExits__Starts-50","2","15","1","D","8","15","D Offer","D Liability Signal: 3;P Files: 1;D Answers: 1;D Defaults: 2","3,1,1,2","0.034133589400000337","false","9.4411359712789533","9.4411359712789533","9","0.85","0","9.441135971278948","5.3290705182007514E-15","true"
"Specification-Baseline__Cost-1__Fee-British__ExitFees-AllUnilateralExits__Starts-50","2","15","1","D","8","15","D Offer","D Liability Signal: 3;P Files: 1;D Answers: 1;D Defaults: 2","3,1,1,2","0.034133589400000337","false","9.4411359712789533","9.4411359712789533","10","0.95","0","8.9000031706000033","0.54113280067894998","false"
"Specification-Baseline__Cost-1__Fee-British__ExitFees-AllUnilateralExits__Starts-50","2","16","1","D","3","10","D Answers","D Liability Signal: 4;P Files: 1","4,1","0.047242288500000326","false","9.2718216629135028","9.2718216629135028","1","Yes","1","9.2718216629135028","0","true"
"Specification-Baseline__Cost-1__Fee-British__ExitFees-AllUnilateralExits__Starts-50","2","16","1","D","3","10","D Answers","D Liability Signal: 4;P Files: 1","4,1","0.047242288500000326","false","9.2718216629135028","9.2718216629135028","2","No","0","8.8500067863999998","0.42181487651350302","false"
"Specification-Baseline__Cost-1__Fee-British__ExitFees-AllUnilateralExits__Starts-50","2","17","1","D","6","21","D Defaults","D Liability Signal: 4;P Files: 1;D Answers: 1","4,1,1","0.047242288500000326","false","9.2718216629135028","9.2718216629135028","1","Yes","0","8.7200024396200071","0.55181922329349575","false"
"Specification-Baseline__Cost-1__Fee-British__ExitFees-AllUnilateralExits__Starts-50","2","17","1","D","6","21","D Defaults","D Liability Signal: 4;P Files: 1;D Answers: 1","4,1,1","0.047242288500000326","false","9.2718216629135028","9.2718216629135028","2","No","1","9.2718216629135028","0","true"
"Specification-Baseline__Cost-1__Fee-British__ExitFees-AllUnilateralExits__Starts-50","2","18","1","D","8","15","D Offer","D Liability Signal: 4;P Files: 1;D Answers: 1;D Defaults: 1","4,1,1,1","0","true","","","1","0.05","0.10000000000000001","","",""
"Specification-Baseline__Cost-1__Fee-British__ExitFees-AllUnilateralExits__Starts-50","2","18","1","D","8","15","D Offer","D Liability Signal: 4;P Files: 1;D Answers: 1;D Defaults: 1","4,1,1,1","0","true","","","2","0.15","0.10000000000000001","","",""
"Specification-Baseline__Cost-1__Fee-British__ExitFees-AllUnilateralExits__Starts-50","2","18","1","D","8","15","D Offer","D Liability Signal: 4;P Files: 1;D Answers: 1;D Defaults: 1","4,1,1,1","0","true","","","3","0.25","0.10000000000000001","","",""
"Specification-Baseline__Cost-1__Fee-British__ExitFees-AllUnilateralExits__Starts-50","2","18","1","D","8","15","D Offer","D Liability Signal: 4;P Files: 1;D Answers: 1;D Defaults: 1","4,1,1,1","0","true","","","4","0.35","0.10000000000000001","","",""
"Specification-Baseline__Cost-1__Fee-British__ExitFees-AllUnilateralExits__Starts-50","2","18","1","D","8","15","D Offer","D Liability Signal: 4;P Files: 1;D Answers: 1;D Defaults: 1","4,1,1,1","0","true","","","5","0.45","0.10000000000000001","","",""
"Specification-Baseline__Cost-1__Fee-British__ExitFees-AllUnilateralExits__Starts-50","2","18","1","D","8","15","D Offer","D Liability Signal: 4;P Files: 1;D Answers: 1;D Defaults: 1","4,1,1,1","0","true","","","6","0.55","0.10000000000000001","","",""
"Specification-Baseline__Cost-1__Fee-British__ExitFees-AllUnilateralExits__Starts-50","2","18","1","D","8","15","D Offer","D Liability Signal: 4;P Files: 1;D Answers: 1;D Defaults: 1","4,1,1,1","0","true","","","7","0.65","0.10000000000000001","","",""
"Specification-Baseline__Cost-1__Fee-British__ExitFees-AllUnilateralExits__Starts-50","2","18","1","D","8","15","D Offer","D Liability Signal: 4;P Files: 1;D Answers: 1;D Defaults: 1","4,1,1,1","0","true","","","8","0.75","0.10000000000000001","","",""
"Specification-Baseline__Cost-1__Fee-British__ExitFees-AllUnilateralExits__Starts-50","2","18","1","D","8","15","D Offer","D Liability Signal: 4;P Files: 1;D Answers: 1;D Defaults: 1","4,1,1,1","0","true","","","9","0.85","0.10000000000000001","","",""
"Specification-Baseline__Cost-1__Fee-British__ExitFees-AllUnilateralExits__Starts-50","2","18","1","D","8","15","D Offer","D Liability Signal: 4;P Files: 1;D Answers: 1;D Defaults: 1","4,1,1,1","0","true","","","10","0.95","0.10000000000000001","","",""
"Specification-Baseline__Cost-1__Fee-British__ExitFees-AllUnilateralExits__Starts-50","2","19","1","D","8","15","D Offer","D Liability Signal: 4;P Files: 1;D Answers: 1;D Defaults: 2","4,1,1,2","0.047242288500000326","false","9.2718216629135028","9.2718216629135028","1","0.05","1","9.2718216629135028","0","true"
"Specification-Baseline__Cost-1__Fee-British__ExitFees-AllUnilateralExits__Starts-50","2","19","1","D","8","15","D Offer","D Liability Signal: 4;P Files: 1;D Answers: 1;D Defaults: 2","4,1,1,2","0.047242288500000326","false","9.2718216629135028","9.2718216629135028","2","0.15","0","9.2718216629135028","0","true"
"Specification-Baseline__Cost-1__Fee-British__ExitFees-AllUnilateralExits__Starts-50","2","19","1","D","8","15","D Offer","D Liability Signal: 4;P Files: 1;D Answers: 1;D Defaults: 2","4,1,1,2","0.047242288500000326","false","9.2718216629135028","9.2718216629135028","3","0.25","0","9.2718216629135028","0","true"
"Specification-Baseline__Cost-1__Fee-British__ExitFees-AllUnilateralExits__Starts-50","2","19","1","D","8","15","D Offer","D Liability Signal: 4;P Files: 1;D Answers: 1;D Defaults: 2","4,1,1,2","0.047242288500000326","false","9.2718216629135028","9.2718216629135028","4","0.35","0","9.2718216629135028","0","true"
"Specification-Baseline__Cost-1__Fee-British__ExitFees-AllUnilateralExits__Starts-50","2","19","1","D","8","15","D Offer","D Liability Signal: 4;P Files: 1;D Answers: 1;D Defaults: 2","4,1,1,2","0.047242288500000326","false","9.2718216629135028","9.2718216629135028","5","0.45","0","9.2718216629134993","3.5527136788005009E-15","true"
"Specification-Baseline__Cost-1__Fee-British__ExitFees-AllUnilateralExits__Starts-50","2","19","1","D","8","15","D Offer","D Liability Signal: 4;P Files: 1;D Answers: 1;D Defaults: 2","4,1,1,2","0.047242288500000326","false","9.2718216629135028","9.2718216629135028","6","0.55","0","9.2718216629134993","3.5527136788005009E-15","true"
"Specification-Baseline__Cost-1__Fee-British__ExitFees-AllUnilateralExits__Starts-50","2","19","1","D","8","15","D Offer","D Liability Signal: 4;P Files: 1;D Answers: 1;D Defaults: 2","4,1,1,2","0.047242288500000326","false","9.2718216629135028","9.2718216629135028","7","0.65","0","9.2718216629134993","3.5527136788005009E-15","true"
"Specification-Baseline__Cost-1__Fee-British__ExitFees-AllUnilateralExits__Starts-50","2","19","1","D","8","15","D Offer","D Liability Signal: 4;P Files: 1;D Answers: 1;D Defaults: 2","4,1,1,2","0.047242288500000326","false","9.2718216629135028","9.2718216629135028","8","0.75","0","9.2718216629134993","3.5527136788005009E-15","true"
"Specification-Baseline__Cost-1__Fee-British__ExitFees-AllUnilateralExits__Starts-50","2","19","1","D","8","15","D Offer","D Liability Signal: 4;P Files: 1;D Answers: 1;D Defaults: 2","4,1,1,2","0.047242288500000326","false","9.2718216629135028","9.2718216629135028","9","0.85","0","9.2718216629134993","3.5527136788005009E-15","true"
"Specification-Baseline__Cost-1__Fee-British__ExitFees-AllUnilateralExits__Starts-50","2","19","1","D","8","15","D Offer","D Liability Signal: 4;P Files: 1;D Answers: 1;D Defaults: 2","4,1,1,2","0.047242288500000326","false","9.2718216629135028","9.2718216629135028","10","0.95","0","8.9000031706000033","0.3718184923134995","false"
"Specification-Baseline__Cost-1__Fee-British__ExitFees-AllUnilateralExits__Starts-50","2","20","1","D","3","10","D Answers","D Liability Signal: 5;P Files: 1","5,1","0.061604569900000294","false","9.0930151604132732","9.0930151604132732","1","Yes","1","9.0930151604132732","0","true"
"Specification-Baseline__Cost-1__Fee-British__ExitFees-AllUnilateralExits__Starts-50","2","20","1","D","3","10","D Answers","D Liability Signal: 5;P Files: 1","5,1","0.061604569900000294","false","9.0930151604132732","9.0930151604132732","2","No","0","8.8500067863999998","0.24300837401327335","false"
"Specification-Baseline__Cost-1__Fee-British__ExitFees-AllUnilateralExits__Starts-50","2","21","1","D","6","21","D Defaults","D Liability Signal: 5;P Files: 1;D Answers: 1","5,1,1","0.061604569900000294","false","9.0930151604132732","9.0930151604132732","1","Yes","0","8.7200024396200035","0.37301272079326964","false"
"Specification-Baseline__Cost-1__Fee-British__ExitFees-AllUnilateralExits__Starts-50","2","21","1","D","6","21","D Defaults","D Liability Signal: 5;P Files: 1;D Answers: 1","5,1,1","0.061604569900000294","false","9.0930151604132732","9.0930151604132732","2","No","1","9.0930151604132732","0","true"
"Specification-Baseline__Cost-1__Fee-British__ExitFees-AllUnilateralExits__Starts-50","2","22","1","D","8","15","D Offer","D Liability Signal: 5;P Files: 1;D Answers: 1;D Defaults: 1","5,1,1,1","0","true","","","1","0.05","0.10000000000000001","","",""
"Specification-Baseline__Cost-1__Fee-British__ExitFees-AllUnilateralExits__Starts-50","2","22","1","D","8","15","D Offer","D Liability Signal: 5;P Files: 1;D Answers: 1;D Defaults: 1","5,1,1,1","0","true","","","2","0.15","0.10000000000000001","","",""
"Specification-Baseline__Cost-1__Fee-British__ExitFees-AllUnilateralExits__Starts-50","2","22","1","D","8","15","D Offer","D Liability Signal: 5;P Files: 1;D Answers: 1;D Defaults: 1","5,1,1,1","0","true","","","3","0.25","0.10000000000000001","","",""
"Specification-Baseline__Cost-1__Fee-British__ExitFees-AllUnilateralExits__Starts-50","2","22","1","D","8","15","D Offer","D Liability Signal: 5;P Files: 1;D Answers: 1;D Defaults: 1","5,1,1,1","0","true","","","4","0.35","0.10000000000000001","","",""
"Specification-Baseline__Cost-1__Fee-British__ExitFees-AllUnilateralExits__Starts-50","2","22","1","D","8","15","D Offer","D Liability Signal: 5;P Files: 1;D Answers: 1;D Defaults: 1","5,1,1,1","0","true","","","5","0.45","0.10000000000000001","","",""
"Specification-Baseline__Cost-1__Fee-British__ExitFees-AllUnilateralExits__Starts-50","2","22","1","D","8","15","D Offer","D Liability Signal: 5;P Files: 1;D Answers: 1;D Defaults: 1","5,1,1,1","0","true","","","6","0.55","0.10000000000000001","","",""
"Specification-Baseline__Cost-1__Fee-British__ExitFees-AllUnilateralExits__Starts-50","2","22","1","D","8","15","D Offer","D Liability Signal: 5;P Files: 1;D Answers: 1;D Defaults: 1","5,1,1,1","0","true","","","7","0.65","0.10000000000000001","","",""
"Specification-Baseline__Cost-1__Fee-British__ExitFees-AllUnilateralExits__Starts-50","2","22","1","D","8","15","D Offer","D Liability Signal: 5;P Files: 1;D Answers: 1;D Defaults: 1","5,1,1,1","0","true","","","8","0.75","0.10000000000000001","","",""
"Specification-Baseline__Cost-1__Fee-British__ExitFees-AllUnilateralExits__Starts-50","2","22","1","D","8","15","D Offer","D Liability Signal: 5;P Files: 1;D Answers: 1;D Defaults: 1","5,1,1,1","0","true","","","9","0.85","0.10000000000000001","","",""
"Specification-Baseline__Cost-1__Fee-British__ExitFees-AllUnilateralExits__Starts-50","2","22","1","D","8","15","D Offer","D Liability Signal: 5;P Files: 1;D Answers: 1;D Defaults: 1","5,1,1,1","0","true","","","10","0.95","0.10000000000000001","","",""
"Specification-Baseline__Cost-1__Fee-British__ExitFees-AllUnilateralExits__Starts-50","2","23","1","D","8","15","D Offer","D Liability Signal: 5;P Files: 1;D Answers: 1;D Defaults: 2","5,1,1,2","0.061604569900000294","false","9.0930151604132732","9.0930151604132732","1","0.05","1","9.0930151604132732","0","true"
"Specification-Baseline__Cost-1__Fee-British__ExitFees-AllUnilateralExits__Starts-50","2","23","1","D","8","15","D Offer","D Liability Signal: 5;P Files: 1;D Answers: 1;D Defaults: 2","5,1,1,2","0.061604569900000294","false","9.0930151604132732","9.0930151604132732","2","0.15","0","9.0930151604132732","0","true"
"Specification-Baseline__Cost-1__Fee-British__ExitFees-AllUnilateralExits__Starts-50","2","23","1","D","8","15","D Offer","D Liability Signal: 5;P Files: 1;D Answers: 1;D Defaults: 2","5,1,1,2","0.061604569900000294","false","9.0930151604132732","9.0930151604132732","3","0.25","0","9.0930151604132732","0","true"
"Specification-Baseline__Cost-1__Fee-British__ExitFees-AllUnilateralExits__Starts-50","2","23","1","D","8","15","D Offer","D Liability Signal: 5;P Files: 1;D Answers: 1;D Defaults: 2","5,1,1,2","0.061604569900000294","false","9.0930151604132732","9.0930151604132732","4","0.35","0","9.0930151604132714","1.7763568394002505E-15","true"
"Specification-Baseline__Cost-1__Fee-British__ExitFees-AllUnilateralExits__Starts-50","2","23","1","D","8","15","D Offer","D Liability Signal: 5;P Files: 1;D Answers: 1;D Defaults: 2","5,1,1,2","0.061604569900000294","false","9.0930151604132732","9.0930151604132732","5","0.45","0","9.0930151604132714","1.7763568394002505E-15","true"
"Specification-Baseline__Cost-1__Fee-British__ExitFees-AllUnilateralExits__Starts-50","2","23","1","D","8","15","D Offer","D Liability Signal: 5;P Files: 1;D Answers: 1;D Defaults: 2","5,1,1,2","0.061604569900000294","false","9.0930151604132732","9.0930151604132732","6","0.55","0","9.0930151604132714","1.7763568394002505E-15","true"
"Specification-Baseline__Cost-1__Fee-British__ExitFees-AllUnilateralExits__Starts-50","2","23","1","D","8","15","D Offer","D Liability Signal: 5;P Files: 1;D Answers: 1;D Defaults: 2","5,1,1,2","0.061604569900000294","false","9.0930151604132732","9.0930151604132732","7","0.65","0","9.0930151604132714","1.7763568394002505E-15","true"
"Specification-Baseline__Cost-1__Fee-British__ExitFees-AllUnilateralExits__Starts-50","2","23","1","D","8","15","D Offer","D Liability Signal: 5;P Files: 1;D Answers: 1;D Defaults: 2","5,1,1,2","0.061604569900000294","false","9.0930151604132732","9.0930151604132732","8","0.75","0","9.0930151604132714","1.7763568394002505E-15","true"
"Specification-Baseline__Cost-1__Fee-British__ExitFees-AllUnilateralExits__Starts-50","2","23","1","D","8","15","D Offer","D Liability Signal: 5;P Files: 1;D Answers: 1;D Defaults: 2","5,1,1,2","0.061604569900000294","false","9.0930151604132732","9.0930151604132732","9","0.85","0","9.0930151604132714","1.7763568394002505E-15","true"
"Specification-Baseline__Cost-1__Fee-British__ExitFees-AllUnilateralExits__Starts-50","2","23","1","D","8","15","D Offer","D Liability Signal: 5;P Files: 1;D Answers: 1;D Defaults: 2","5,1,1,2","0.061604569900000294","false","9.0930151604132732","9.0930151604132732","10","0.95","0","8.9000031706000033","0.19301198981326984","false"
"Specification-Baseline__Cost-1__Fee-British__ExitFees-AllUnilateralExits__Starts-50","2","24","1","D","3","10","D Answers","D Liability Signal: 6;P Files: 1","6,1","0.075951650800000242","false","8.9214823856375585","8.9214823856375585","1","Yes","1","8.9214823856375585","0","true"
"Specification-Baseline__Cost-1__Fee-British__ExitFees-AllUnilateralExits__Starts-50","2","24","1","D","3","10","D Answers","D Liability Signal: 6;P Files: 1","6,1","0.075951650800000242","false","8.9214823856375585","8.9214823856375585","2","No","0","8.8500067864000016","0.071475599237556864","false"
"Specification-Baseline__Cost-1__Fee-British__ExitFees-AllUnilateralExits__Starts-50","2","25","1","D","6","21","D Defaults","D Liability Signal: 6;P Files: 1;D Answers: 1","6,1,1","0.075951650800000242","false","8.9214823856375585","8.9214823856375585","1","Yes","0","8.7200024396200018","0.2014799460175567","false"
"Specification-Baseline__Cost-1__Fee-British__ExitFees-AllUnilateralExits__Starts-50","2","25","1","D","6","21","D Defaults","D Liability Signal: 6;P Files: 1;D Answers: 1","6,1,1","0.075951650800000242","false","8.9214823856375585","8.9214823856375585","2","No","1","8.9214823856375585","0","true"
"Specification-Baseline__Cost-1__Fee-British__ExitFees-AllUnilateralExits__Starts-50","2","26","1","D","8","15","D Offer","D Liability Signal: 6;P Files: 1;D Answers: 1;D Defaults: 1","6,1,1,1","0","true","","","1","0.05","0.10000000000000001","","",""
"Specification-Baseline__Cost-1__Fee-British__ExitFees-AllUnilateralExits__Starts-50","2","26","1","D","8","15","D Offer","D Liability Signal: 6;P Files: 1;D Answers: 1;D Defaults: 1","6,1,1,1","0","true","","","2","0.15","0.10000000000000001","","",""
"Specification-Baseline__Cost-1__Fee-British__ExitFees-AllUnilateralExits__Starts-50","2","26","1","D","8","15","D Offer","D Liability Signal: 6;P Files: 1;D Answers: 1;D Defaults: 1","6,1,1,1","0","true","","","3","0.25","0.10000000000000001","","",""
"Specification-Baseline__Cost-1__Fee-British__ExitFees-AllUnilateralExits__Starts-50","2","26","1","D","8","15","D Offer","D Liability Signal: 6;P Files: 1;D Answers: 1;D Defaults: 1","6,1,1,1","0","true","","","4","0.35","0.10000000000000001","","",""
"Specification-Baseline__Cost-1__Fee-British__ExitFees-AllUnilateralExits__Starts-50","2","26","1","D","8","15","D Offer","D Liability Signal: 6;P Files: 1;D Answers: 1;D Defaults: 1","6,1,1,1","0","true","","","5","0.45","0.10000000000000001","","",""
"Specification-Baseline__Cost-1__Fee-British__ExitFees-AllUnilateralExits__Starts-50","2","26","1","D","8","15","D Offer","D Liability Signal: 6;P Files: 1;D Answers: 1;D Defaults: 1","6,1,1,1","0","true","","","6","0.55","0.10000000000000001","","",""
"Specification-Baseline__Cost-1__Fee-British__ExitFees-AllUnilateralExits__Starts-50","2","26","1","D","8","15","D Offer","D Liability Signal: 6;P Files: 1;D Answers: 1;D Defaults: 1","6,1,1,1","0","true","","","7","0.65","0.10000000000000001","","",""
"Specification-Baseline__Cost-1__Fee-British__ExitFees-AllUnilateralExits__Starts-50","2","26","1","D","8","15","D Offer","D Liability Signal: 6;P Files: 1;D Answers: 1;D Defaults: 1","6,1,1,1","0","true","","","8","0.75","0.10000000000000001","","",""
"Specification-Baseline__Cost-1__Fee-British__ExitFees-AllUnilateralExits__Starts-50","2","26","1","D","8","15","D Offer","D Liability Signal: 6;P Files: 1;D Answers: 1;D Defaults: 1","6,1,1,1","0","true","","","9","0.85","0.10000000000000001","","",""
"Specification-Baseline__Cost-1__Fee-British__ExitFees-AllUnilateralExits__Starts-50","2","26","1","D","8","15","D Offer","D Liability Signal: 6;P Files: 1;D Answers: 1;D Defaults: 1","6,1,1,1","0","true","","","10","0.95","0.10000000000000001","","",""
"Specification-Baseline__Cost-1__Fee-British__ExitFees-AllUnilateralExits__Starts-50","2","27","1","D","8","15","D Offer","D Liability Signal: 6;P Files: 1;D Answers: 1;D Defaults: 2","6,1,1,2","0.075951650800000242","false","8.9214823856375585","8.9214823856375602","1","0.05","0","8.9214823856375602","0","true"
"Specification-Baseline__Cost-1__Fee-British__ExitFees-AllUnilateralExits__Starts-50","2","27","1","D","8","15","D Offer","D Liability Signal: 6;P Files: 1;D Answers: 1;D Defaults: 2","6,1,1,2","0.075951650800000242","false","8.9214823856375585","8.9214823856375602","2","0.15","0","8.9214823856375585","1.7763568394002505E-15","true"
"Specification-Baseline__Cost-1__Fee-British__ExitFees-AllUnilateralExits__Starts-50","2","27","1","D","8","15","D Offer","D Liability Signal: 6;P Files: 1;D Answers: 1;D Defaults: 2","6,1,1,2","0.075951650800000242","false","8.9214823856375585","8.9214823856375602","3","0.25","1","8.9214823856375585","1.7763568394002505E-15","true"
"Specification-Baseline__Cost-1__Fee-British__ExitFees-AllUnilateralExits__Starts-50","2","27","1","D","8","15","D Offer","D Liability Signal: 6;P Files: 1;D Answers: 1;D Defaults: 2","6,1,1,2","0.075951650800000242","false","8.9214823856375585","8.9214823856375602","4","0.35","0","8.9214823856375585","1.7763568394002505E-15","true"
"Specification-Baseline__Cost-1__Fee-British__ExitFees-AllUnilateralExits__Starts-50","2","27","1","D","8","15","D Offer","D Liability Signal: 6;P Files: 1;D Answers: 1;D Defaults: 2","6,1,1,2","0.075951650800000242","false","8.9214823856375585","8.9214823856375602","5","0.45","0","8.9214823856375585","1.7763568394002505E-15","true"
"Specification-Baseline__Cost-1__Fee-British__ExitFees-AllUnilateralExits__Starts-50","2","27","1","D","8","15","D Offer","D Liability Signal: 6;P Files: 1;D Answers: 1;D Defaults: 2","6,1,1,2","0.075951650800000242","false","8.9214823856375585","8.9214823856375602","6","0.55","0","8.9214823856375585","1.7763568394002505E-15","true"
"Specification-Baseline__Cost-1__Fee-British__ExitFees-AllUnilateralExits__Starts-50","2","27","1","D","8","15","D Offer","D Liability Signal: 6;P Files: 1;D Answers: 1;D Defaults: 2","6,1,1,2","0.075951650800000242","false","8.9214823856375585","8.9214823856375602","7","0.65","0","8.9214823856375585","1.7763568394002505E-15","true"
"Specification-Baseline__Cost-1__Fee-British__ExitFees-AllUnilateralExits__Starts-50","2","27","1","D","8","15","D Offer","D Liability Signal: 6;P Files: 1;D Answers: 1;D Defaults: 2","6,1,1,2","0.075951650800000242","false","8.9214823856375585","8.9214823856375602","8","0.75","0","8.9214823856375585","1.7763568394002505E-15","true"
"Specification-Baseline__Cost-1__Fee-British__ExitFees-AllUnilateralExits__Starts-50","2","27","1","D","8","15","D Offer","D Liability Signal: 6;P Files: 1;D Answers: 1;D Defaults: 2","6,1,1,2","0.075951650800000242","false","8.9214823856375585","8.9214823856375602","9","0.85","0","8.9214823856375585","1.7763568394002505E-15","true"
"Specification-Baseline__Cost-1__Fee-British__ExitFees-AllUnilateralExits__Starts-50","2","27","1","D","8","15","D Offer","D Liability Signal: 6;P Files: 1;D Answers: 1;D Defaults: 2","6,1,1,2","0.075951650800000242","false","8.9214823856375585","8.9214823856375602","10","0.95","0","8.9000031705999998","0.021479215037560451","false"
"Specification-Baseline__Cost-1__Fee-British__ExitFees-AllUnilateralExits__Starts-50","2","28","1","D","3","10","D Answers","D Liability Signal: 7;P Files: 1","7,1","0.088083446300000173","false","8.9000031706000016","8.9000031706000016","1","Yes","1","8.9000031706000016","0","true"
"Specification-Baseline__Cost-1__Fee-British__ExitFees-AllUnilateralExits__Starts-50","2","28","1","D","3","10","D Answers","D Liability Signal: 7;P Files: 1","7,1","0.088083446300000173","false","8.9000031706000016","8.9000031706000016","2","No","0","8.850006786399998","0.049996384200003519","false"
"Specification-Baseline__Cost-1__Fee-British__ExitFees-AllUnilateralExits__Starts-50","2","29","1","D","6","21","D Defaults","D Liability Signal: 7;P Files: 1;D Answers: 1","7,1,1","0.088083446300000173","false","8.9000031706000016","8.9000031706000016","1","Yes","0","8.7200024396200018","0.1800007309799998","false"
"Specification-Baseline__Cost-1__Fee-British__ExitFees-AllUnilateralExits__Starts-50","2","29","1","D","6","21","D Defaults","D Liability Signal: 7;P Files: 1;D Answers: 1","7,1,1","0.088083446300000173","false","8.9000031706000016","8.9000031706000016","2","No","1","8.9000031706000016","0","true"
"Specification-Baseline__Cost-1__Fee-British__ExitFees-AllUnilateralExits__Starts-50","2","30","1","D","8","15","D Offer","D Liability Signal: 7;P Files: 1;D Answers: 1;D Defaults: 1","7,1,1,1","0","true","","","1","0.05","0.10000000000000001","","",""
"Specification-Baseline__Cost-1__Fee-British__ExitFees-AllUnilateralExits__Starts-50","2","30","1","D","8","15","D Offer","D Liability Signal: 7;P Files: 1;D Answers: 1;D Defaults: 1","7,1,1,1","0","true","","","2","0.15","0.10000000000000001","","",""
"Specification-Baseline__Cost-1__Fee-British__ExitFees-AllUnilateralExits__Starts-50","2","30","1","D","8","15","D Offer","D Liability Signal: 7;P Files: 1;D Answers: 1;D Defaults: 1","7,1,1,1","0","true","","","3","0.25","0.10000000000000001","","",""
"Specification-Baseline__Cost-1__Fee-British__ExitFees-AllUnilateralExits__Starts-50","2","30","1","D","8","15","D Offer","D Liability Signal: 7;P Files: 1;D Answers: 1;D Defaults: 1","7,1,1,1","0","true","","","4","0.35","0.10000000000000001","","",""
"Specification-Baseline__Cost-1__Fee-British__ExitFees-AllUnilateralExits__Starts-50","2","30","1","D","8","15","D Offer","D Liability Signal: 7;P Files: 1;D Answers: 1;D Defaults: 1","7,1,1,1","0","true","","","5","0.45","0.10000000000000001","","",""
"Specification-Baseline__Cost-1__Fee-British__ExitFees-AllUnilateralExits__Starts-50","2","30","1","D","8","15","D Offer","D Liability Signal: 7;P Files: 1;D Answers: 1;D Defaults: 1","7,1,1,1","0","true","","","6","0.55","0.10000000000000001","","",""
"Specification-Baseline__Cost-1__Fee-British__ExitFees-AllUnilateralExits__Starts-50","2","30","1","D","8","15","D Offer","D Liability Signal: 7;P Files: 1;D Answers: 1;D Defaults: 1","7,1,1,1","0","true","","","7","0.65","0.10000000000000001","","",""
"Specification-Baseline__Cost-1__Fee-British__ExitFees-AllUnilateralExits__Starts-50","2","30","1","D","8","15","D Offer","D Liability Signal: 7;P Files: 1;D Answers: 1;D Defaults: 1","7,1,1,1","0","true","","","8","0.75","0.10000000000000001","","",""
"Specification-Baseline__Cost-1__Fee-British__ExitFees-AllUnilateralExits__Starts-50","2","30","1","D","8","15","D Offer","D Liability Signal: 7;P Files: 1;D Answers: 1;D Defaults: 1","7,1,1,1","0","true","","","9","0.85","0.10000000000000001","","",""
"Specification-Baseline__Cost-1__Fee-British__ExitFees-AllUnilateralExits__Starts-50","2","30","1","D","8","15","D Offer","D Liability Signal: 7;P Files: 1;D Answers: 1;D Defaults: 1","7,1,1,1","0","true","","","10","0.95","0.10000000000000001","","",""
"Specification-Baseline__Cost-1__Fee-British__ExitFees-AllUnilateralExits__Starts-50","2","31","1","D","8","15","D Offer","D Liability Signal: 7;P Files: 1;D Answers: 1;D Defaults: 2","7,1,1,2","0.088083446300000173","false","8.9000031706000016","8.9000031706000016","1","0.05","0","8.773500299762528","0.12650287083747358","false"
"Specification-Baseline__Cost-1__Fee-British__ExitFees-AllUnilateralExits__Starts-50","2","31","1","D","8","15","D Offer","D Liability Signal: 7;P Files: 1;D Answers: 1;D Defaults: 2","7,1,1,2","0.088083446300000173","false","8.9000031706000016","8.9000031706000016","2","0.15","0","8.773500299762528","0.12650287083747358","false"
"Specification-Baseline__Cost-1__Fee-British__ExitFees-AllUnilateralExits__Starts-50","2","31","1","D","8","15","D Offer","D Liability Signal: 7;P Files: 1;D Answers: 1;D Defaults: 2","7,1,1,2","0.088083446300000173","false","8.9000031706000016","8.9000031706000016","3","0.25","0","8.773500299762528","0.12650287083747358","false"
"Specification-Baseline__Cost-1__Fee-British__ExitFees-AllUnilateralExits__Starts-50","2","31","1","D","8","15","D Offer","D Liability Signal: 7;P Files: 1;D Answers: 1;D Defaults: 2","7,1,1,2","0.088083446300000173","false","8.9000031706000016","8.9000031706000016","4","0.35","0","8.773500299762528","0.12650287083747358","false"
"Specification-Baseline__Cost-1__Fee-British__ExitFees-AllUnilateralExits__Starts-50","2","31","1","D","8","15","D Offer","D Liability Signal: 7;P Files: 1;D Answers: 1;D Defaults: 2","7,1,1,2","0.088083446300000173","false","8.9000031706000016","8.9000031706000016","5","0.45","0","8.773500299762528","0.12650287083747358","false"
"Specification-Baseline__Cost-1__Fee-British__ExitFees-AllUnilateralExits__Starts-50","2","31","1","D","8","15","D Offer","D Liability Signal: 7;P Files: 1;D Answers: 1;D Defaults: 2","7,1,1,2","0.088083446300000173","false","8.9000031706000016","8.9000031706000016","6","0.55","0","8.773500299762528","0.12650287083747358","false"
"Specification-Baseline__Cost-1__Fee-British__ExitFees-AllUnilateralExits__Starts-50","2","31","1","D","8","15","D Offer","D Liability Signal: 7;P Files: 1;D Answers: 1;D Defaults: 2","7,1,1,2","0.088083446300000173","false","8.9000031706000016","8.9000031706000016","7","0.65","0","8.773500299762528","0.12650287083747358","false"
"Specification-Baseline__Cost-1__Fee-British__ExitFees-AllUnilateralExits__Starts-50","2","31","1","D","8","15","D Offer","D Liability Signal: 7;P Files: 1;D Answers: 1;D Defaults: 2","7,1,1,2","0.088083446300000173","false","8.9000031706000016","8.9000031706000016","8","0.75","0","8.773500299762528","0.12650287083747358","false"
"Specification-Baseline__Cost-1__Fee-British__ExitFees-AllUnilateralExits__Starts-50","2","31","1","D","8","15","D Offer","D Liability Signal: 7;P Files: 1;D Answers: 1;D Defaults: 2","7,1,1,2","0.088083446300000173","false","8.9000031706000016","8.9000031706000016","9","0.85","0","8.773500299762528","0.12650287083747358","false"
"Specification-Baseline__Cost-1__Fee-British__ExitFees-AllUnilateralExits__Starts-50","2","31","1","D","8","15","D Offer","D Liability Signal: 7;P Files: 1;D Answers: 1;D Defaults: 2","7,1,1,2","0.088083446300000173","false","8.9000031706000016","8.9000031706000016","10","0.95","1","8.9000031706000016","0","true"
"Specification-Baseline__Cost-1__Fee-British__ExitFees-AllUnilateralExits__Starts-50","2","32","1","D","3","10","D Answers","D Liability Signal: 8;P Files: 1","8,1","0.094516946400000107","false","8.9000031706000016","8.9000031706000016","1","Yes","1","8.9000031706000016","0","true"
"Specification-Baseline__Cost-1__Fee-British__ExitFees-AllUnilateralExits__Starts-50","2","32","1","D","3","10","D Answers","D Liability Signal: 8;P Files: 1","8,1","0.094516946400000107","false","8.9000031706000016","8.9000031706000016","2","No","0","8.8500067864000016","0.049996384199999966","false"
"Specification-Baseline__Cost-1__Fee-British__ExitFees-AllUnilateralExits__Starts-50","2","33","1","D","6","21","D Defaults","D Liability Signal: 8;P Files: 1;D Answers: 1","8,1,1","0.094516946400000107","false","8.9000031706000016","8.9000031706000016","1","Yes","0","8.7200024396200018","0.1800007309799998","false"
"Specification-Baseline__Cost-1__Fee-British__ExitFees-AllUnilateralExits__Starts-50","2","33","1","D","6","21","D Defaults","D Liability Signal: 8;P Files: 1;D Answers: 1","8,1,1","0.094516946400000107","false","8.9000031706000016","8.9000031706000016","2","No","1","8.9000031706000016","0","true"
"Specification-Baseline__Cost-1__Fee-British__ExitFees-AllUnilateralExits__Starts-50","2","34","1","D","8","15","D Offer","D Liability Signal: 8;P Files: 1;D Answers: 1;D Defaults: 1","8,1,1,1","0","true","","","1","0.05","0.10000000000000001","","",""
"Specification-Baseline__Cost-1__Fee-British__ExitFees-AllUnilateralExits__Starts-50","2","34","1","D","8","15","D Offer","D Liability Signal: 8;P Files: 1;D Answers: 1;D Defaults: 1","8,1,1,1","0","true","","","2","0.15","0.10000000000000001","","",""
"Specification-Baseline__Cost-1__Fee-British__ExitFees-AllUnilateralExits__Starts-50","2","34","1","D","8","15","D Offer","D Liability Signal: 8;P Files: 1;D Answers: 1;D Defaults: 1","8,1,1,1","0","true","","","3","0.25","0.10000000000000001","","",""
"Specification-Baseline__Cost-1__Fee-British__ExitFees-AllUnilateralExits__Starts-50","2","34","1","D","8","15","D Offer","D Liability Signal: 8;P Files: 1;D Answers: 1;D Defaults: 1","8,1,1,1","0","true","","","4","0.35","0.10000000000000001","","",""
"Specification-Baseline__Cost-1__Fee-British__ExitFees-AllUnilateralExits__Starts-50","2","34","1","D","8","15","D Offer","D Liability Signal: 8;P Files: 1;D Answers: 1;D Defaults: 1","8,1,1,1","0","true","","","5","0.45","0.10000000000000001","","",""
"Specification-Baseline__Cost-1__Fee-British__ExitFees-AllUnilateralExits__Starts-50","2","34","1","D","8","15","D Offer","D Liability Signal: 8;P Files: 1;D Answers: 1;D Defaults: 1","8,1,1,1","0","true","","","6","0.55","0.10000000000000001","","",""
"Specification-Baseline__Cost-1__Fee-British__ExitFees-AllUnilateralExits__Starts-50","2","34","1","D","8","15","D Offer","D Liability Signal: 8;P Files: 1;D Answers: 1;D Defaults: 1","8,1,1,1","0","true","","","7","0.65","0.10000000000000001","","",""
"Specification-Baseline__Cost-1__Fee-British__ExitFees-AllUnilateralExits__Starts-50","2","34","1","D","8","15","D Offer","D Liability Signal: 8;P Files: 1;D Answers: 1;D Defaults: 1","8,1,1,1","0","true","","","8","0.75","0.10000000000000001","","",""
"Specification-Baseline__Cost-1__Fee-British__ExitFees-AllUnilateralExits__Starts-50","2","34","1","D","8","15","D Offer","D Liability Signal: 8;P Files: 1;D Answers: 1;D Defaults: 1","8,1,1,1","0","true","","","9","0.85","0.10000000000000001","","",""
"Specification-Baseline__Cost-1__Fee-British__ExitFees-AllUnilateralExits__Starts-50","2","34","1","D","8","15","D Offer","D Liability Signal: 8;P Files: 1;D Answers: 1;D Defaults: 1","8,1,1,1","0","true","","","10","0.95","0.10000000000000001","","",""
"Specification-Baseline__Cost-1__Fee-British__ExitFees-AllUnilateralExits__Starts-50","2","35","1","D","8","15","D Offer","D Liability Signal: 8;P Files: 1;D Answers: 1;D Defaults: 2","8,1,1,2","0.094516946400000107","false","8.9000031706000016","8.9000031706000016","1","0.05","0","8.659039118644575","0.24096405195542658","false"
"Specification-Baseline__Cost-1__Fee-British__ExitFees-AllUnilateralExits__Starts-50","2","35","1","D","8","15","D Offer","D Liability Signal: 8;P Files: 1;D Answers: 1;D Defaults: 2","8,1,1,2","0.094516946400000107","false","8.9000031706000016","8.9000031706000016","2","0.15","0","8.659039118644575","0.24096405195542658","false"
"Specification-Baseline__Cost-1__Fee-British__ExitFees-AllUnilateralExits__Starts-50","2","35","1","D","8","15","D Offer","D Liability Signal: 8;P Files: 1;D Answers: 1;D Defaults: 2","8,1,1,2","0.094516946400000107","false","8.9000031706000016","8.9000031706000016","3","0.25","0","8.659039118644575","0.24096405195542658","false"
"Specification-Baseline__Cost-1__Fee-British__ExitFees-AllUnilateralExits__Starts-50","2","35","1","D","8","15","D Offer","D Liability Signal: 8;P Files: 1;D Answers: 1;D Defaults: 2","8,1,1,2","0.094516946400000107","false","8.9000031706000016","8.9000031706000016","4","0.35","0","8.659039118644575","0.24096405195542658","false"
"Specification-Baseline__Cost-1__Fee-British__ExitFees-AllUnilateralExits__Starts-50","2","35","1","D","8","15","D Offer","D Liability Signal: 8;P Files: 1;D Answers: 1;D Defaults: 2","8,1,1,2","0.094516946400000107","false","8.9000031706000016","8.9000031706000016","5","0.45","0","8.659039118644575","0.24096405195542658","false"
"Specification-Baseline__Cost-1__Fee-British__ExitFees-AllUnilateralExits__Starts-50","2","35","1","D","8","15","D Offer","D Liability Signal: 8;P Files: 1;D Answers: 1;D Defaults: 2","8,1,1,2","0.094516946400000107","false","8.9000031706000016","8.9000031706000016","6","0.55","0","8.659039118644575","0.24096405195542658","false"
"Specification-Baseline__Cost-1__Fee-British__ExitFees-AllUnilateralExits__Starts-50","2","35","1","D","8","15","D Offer","D Liability Signal: 8;P Files: 1;D Answers: 1;D Defaults: 2","8,1,1,2","0.094516946400000107","false","8.9000031706000016","8.9000031706000016","7","0.65","0","8.659039118644575","0.24096405195542658","false"
"Specification-Baseline__Cost-1__Fee-British__ExitFees-AllUnilateralExits__Starts-50","2","35","1","D","8","15","D Offer","D Liability Signal: 8;P Files: 1;D Answers: 1;D Defaults: 2","8,1,1,2","0.094516946400000107","false","8.9000031706000016","8.9000031706000016","8","0.75","0","8.659039118644575","0.24096405195542658","false"
"Specification-Baseline__Cost-1__Fee-British__ExitFees-AllUnilateralExits__Starts-50","2","35","1","D","8","15","D Offer","D Liability Signal: 8;P Files: 1;D Answers: 1;D Defaults: 2","8,1,1,2","0.094516946400000107","false","8.9000031706000016","8.9000031706000016","9","0.85","0","8.659039118644575","0.24096405195542658","false"
"Specification-Baseline__Cost-1__Fee-British__ExitFees-AllUnilateralExits__Starts-50","2","35","1","D","8","15","D Offer","D Liability Signal: 8;P Files: 1;D Answers: 1;D Defaults: 2","8,1,1,2","0.094516946400000107","false","8.9000031706000016","8.9000031706000016","10","0.95","1","8.9000031706000016","0","true"
"Specification-Baseline__Cost-1__Fee-British__ExitFees-AllUnilateralExits__Starts-50","2","36","1","D","3","10","D Answers","D Liability Signal: 9;P Files: 1","9,1","0.091417795300000063","false","8.9000031705999998","8.9000031705999998","1","Yes","1","8.9000031705999998","0","true"
"Specification-Baseline__Cost-1__Fee-British__ExitFees-AllUnilateralExits__Starts-50","2","36","1","D","3","10","D Answers","D Liability Signal: 9;P Files: 1","9,1","0.091417795300000063","false","8.9000031705999998","8.9000031705999998","2","No","0","8.8500067863999998","0.049996384199999966","false"
"Specification-Baseline__Cost-1__Fee-British__ExitFees-AllUnilateralExits__Starts-50","2","37","1","D","6","21","D Defaults","D Liability Signal: 9;P Files: 1;D Answers: 1","9,1,1","0.091417795300000063","false","8.9000031705999998","8.9000031705999998","1","Yes","0","8.7200024396200018","0.18000073097999802","false"
"Specification-Baseline__Cost-1__Fee-British__ExitFees-AllUnilateralExits__Starts-50","2","37","1","D","6","21","D Defaults","D Liability Signal: 9;P Files: 1;D Answers: 1","9,1,1","0.091417795300000063","false","8.9000031705999998","8.9000031705999998","2","No","1","8.9000031705999998","0","true"
"Specification-Baseline__Cost-1__Fee-British__ExitFees-AllUnilateralExits__Starts-50","2","38","1","D","8","15","D Offer","D Liability Signal: 9;P Files: 1;D Answers: 1;D Defaults: 1","9,1,1,1","0","true","","","1","0.05","0.10000000000000001","","",""
"Specification-Baseline__Cost-1__Fee-British__ExitFees-AllUnilateralExits__Starts-50","2","38","1","D","8","15","D Offer","D Liability Signal: 9;P Files: 1;D Answers: 1;D Defaults: 1","9,1,1,1","0","true","","","2","0.15","0.10000000000000001","","",""
"Specification-Baseline__Cost-1__Fee-British__ExitFees-AllUnilateralExits__Starts-50","2","38","1","D","8","15","D Offer","D Liability Signal: 9;P Files: 1;D Answers: 1;D Defaults: 1","9,1,1,1","0","true","","","3","0.25","0.10000000000000001","","",""
"Specification-Baseline__Cost-1__Fee-British__ExitFees-AllUnilateralExits__Starts-50","2","38","1","D","8","15","D Offer","D Liability Signal: 9;P Files: 1;D Answers: 1;D Defaults: 1","9,1,1,1","0","true","","","4","0.35","0.10000000000000001","","",""
"Specification-Baseline__Cost-1__Fee-British__ExitFees-AllUnilateralExits__Starts-50","2","38","1","D","8","15","D Offer","D Liability Signal: 9;P Files: 1;D Answers: 1;D Defaults: 1","9,1,1,1","0","true","","","5","0.45","0.10000000000000001","","",""
"Specification-Baseline__Cost-1__Fee-British__ExitFees-AllUnilateralExits__Starts-50","2","38","1","D","8","15","D Offer","D Liability Signal: 9;P Files: 1;D Answers: 1;D Defaults: 1","9,1,1,1","0","true","","","6","0.55","0.10000000000000001","","",""
"Specification-Baseline__Cost-1__Fee-British__ExitFees-AllUnilateralExits__Starts-50","2","38","1","D","8","15","D Offer","D Liability Signal: 9;P Files: 1;D Answers: 1;D Defaults: 1","9,1,1,1","0","true","","","7","0.65","0.10000000000000001","","",""
"Specification-Baseline__Cost-1__Fee-British__ExitFees-AllUnilateralExits__Starts-50","2","38","1","D","8","15","D Offer","D Liability Signal: 9;P Files: 1;D Answers: 1;D Defaults: 1","9,1,1,1","0","true","","","8","0.75","0.10000000000000001","","",""
"Specification-Baseline__Cost-1__Fee-British__ExitFees-AllUnilateralExits__Starts-50","2","38","1","D","8","15","D Offer","D Liability Signal: 9;P Files: 1;D Answers: 1;D Defaults: 1","9,1,1,1","0","true","","","9","0.85","0.10000000000000001","","",""
"Specification-Baseline__Cost-1__Fee-British__ExitFees-AllUnilateralExits__Starts-50","2","38","1","D","8","15","D Offer","D Liability Signal: 9;P Files: 1;D Answers: 1;D Defaults: 1","9,1,1,1","0","true","","","10","0.95","0.10000000000000001","","",""
"Specification-Baseline__Cost-1__Fee-British__ExitFees-AllUnilateralExits__Starts-50","2","39","1","D","8","15","D Offer","D Liability Signal: 9;P Files: 1;D Answers: 1;D Defaults: 2","9,1,1,2","0.091417795300000063","false","8.9000031705999998","8.9000031705999998","1","0.05","0","8.5785941427367884","0.32140902786321135","false"
"Specification-Baseline__Cost-1__Fee-British__ExitFees-AllUnilateralExits__Starts-50","2","39","1","D","8","15","D Offer","D Liability Signal: 9;P Files: 1;D Answers: 1;D Defaults: 2","9,1,1,2","0.091417795300000063","false","8.9000031705999998","8.9000031705999998","2","0.15","0","8.5785941427367884","0.32140902786321135","false"
"Specification-Baseline__Cost-1__Fee-British__ExitFees-AllUnilateralExits__Starts-50","2","39","1","D","8","15","D Offer","D Liability Signal: 9;P Files: 1;D Answers: 1;D Defaults: 2","9,1,1,2","0.091417795300000063","false","8.9000031705999998","8.9000031705999998","3","0.25","0","8.5785941427367884","0.32140902786321135","false"
"Specification-Baseline__Cost-1__Fee-British__ExitFees-AllUnilateralExits__Starts-50","2","39","1","D","8","15","D Offer","D Liability Signal: 9;P Files: 1;D Answers: 1;D Defaults: 2","9,1,1,2","0.091417795300000063","false","8.9000031705999998","8.9000031705999998","4","0.35","0","8.5785941427367884","0.32140902786321135","false"
"Specification-Baseline__Cost-1__Fee-British__ExitFees-AllUnilateralExits__Starts-50","2","39","1","D","8","15","D Offer","D Liability Signal: 9;P Files: 1;D Answers: 1;D Defaults: 2","9,1,1,2","0.091417795300000063","false","8.9000031705999998","8.9000031705999998","5","0.45","0","8.5785941427367884","0.32140902786321135","false"
"Specification-Baseline__Cost-1__Fee-British__ExitFees-AllUnilateralExits__Starts-50","2","39","1","D","8","15","D Offer","D Liability Signal: 9;P Files: 1;D Answers: 1;D Defaults: 2","9,1,1,2","0.091417795300000063","false","8.9000031705999998","8.9000031705999998","6","0.55","0","8.5785941427367884","0.32140902786321135","false"
"Specification-Baseline__Cost-1__Fee-British__ExitFees-AllUnilateralExits__Starts-50","2","39","1","D","8","15","D Offer","D Liability Signal: 9;P Files: 1;D Answers: 1;D Defaults: 2","9,1,1,2","0.091417795300000063","false","8.9000031705999998","8.9000031705999998","7","0.65","0","8.5785941427367884","0.32140902786321135","false"
"Specification-Baseline__Cost-1__Fee-British__ExitFees-AllUnilateralExits__Starts-50","2","39","1","D","8","15","D Offer","D Liability Signal: 9;P Files: 1;D Answers: 1;D Defaults: 2","9,1,1,2","0.091417795300000063","false","8.9000031705999998","8.9000031705999998","8","0.75","0","8.5785941427367884","0.32140902786321135","false"
"Specification-Baseline__Cost-1__Fee-British__ExitFees-AllUnilateralExits__Starts-50","2","39","1","D","8","15","D Offer","D Liability Signal: 9;P Files: 1;D Answers: 1;D Defaults: 2","9,1,1,2","0.091417795300000063","false","8.9000031705999998","8.9000031705999998","9","0.85","0","8.5785941427367884","0.32140902786321135","false"
"Specification-Baseline__Cost-1__Fee-British__ExitFees-AllUnilateralExits__Starts-50","2","39","1","D","8","15","D Offer","D Liability Signal: 9;P Files: 1;D Answers: 1;D Defaults: 2","9,1,1,2","0.091417795300000063","false","8.9000031705999998","8.9000031705999998","10","0.95","1","8.9000031705999998","0","true"
"Specification-Baseline__Cost-1__Fee-British__ExitFees-AllUnilateralExits__Starts-50","2","40","1","D","3","10","D Answers","D Liability Signal: 10;P Files: 1","10,1","0.07736712190000003","false","8.9000031706000016","8.9000031706000016","1","Yes","1","8.9000031706000016","0","true"
"Specification-Baseline__Cost-1__Fee-British__ExitFees-AllUnilateralExits__Starts-50","2","40","1","D","3","10","D Answers","D Liability Signal: 10;P Files: 1","10,1","0.07736712190000003","false","8.9000031706000016","8.9000031706000016","2","No","0","8.8500067864000016","0.049996384199999966","false"
"Specification-Baseline__Cost-1__Fee-British__ExitFees-AllUnilateralExits__Starts-50","2","41","1","D","6","21","D Defaults","D Liability Signal: 10;P Files: 1;D Answers: 1","10,1,1","0.07736712190000003","false","8.9000031706000016","8.9000031706000016","1","Yes","0","8.7200024396200018","0.1800007309799998","false"
"Specification-Baseline__Cost-1__Fee-British__ExitFees-AllUnilateralExits__Starts-50","2","41","1","D","6","21","D Defaults","D Liability Signal: 10;P Files: 1;D Answers: 1","10,1,1","0.07736712190000003","false","8.9000031706000016","8.9000031706000016","2","No","1","8.9000031706000016","0","true"
"Specification-Baseline__Cost-1__Fee-British__ExitFees-AllUnilateralExits__Starts-50","2","42","1","D","8","15","D Offer","D Liability Signal: 10;P Files: 1;D Answers: 1;D Defaults: 1","10,1,1,1","0","true","","","1","0.05","0.10000000000000001","","",""
"Specification-Baseline__Cost-1__Fee-British__ExitFees-AllUnilateralExits__Starts-50","2","42","1","D","8","15","D Offer","D Liability Signal: 10;P Files: 1;D Answers: 1;D Defaults: 1","10,1,1,1","0","true","","","2","0.15","0.10000000000000001","","",""
"Specification-Baseline__Cost-1__Fee-British__ExitFees-AllUnilateralExits__Starts-50","2","42","1","D","8","15","D Offer","D Liability Signal: 10;P Files: 1;D Answers: 1;D Defaults: 1","10,1,1,1","0","true","","","3","0.25","0.10000000000000001","","",""
"Specification-Baseline__Cost-1__Fee-British__ExitFees-AllUnilateralExits__Starts-50","2","42","1","D","8","15","D Offer","D Liability Signal: 10;P Files: 1;D Answers: 1;D Defaults: 1","10,1,1,1","0","true","","","4","0.35","0.10000000000000001","","",""
"Specification-Baseline__Cost-1__Fee-British__ExitFees-AllUnilateralExits__Starts-50","2","42","1","D","8","15","D Offer","D Liability Signal: 10;P Files: 1;D Answers: 1;D Defaults: 1","10,1,1,1","0","true","","","5","0.45","0.10000000000000001","","",""
"Specification-Baseline__Cost-1__Fee-British__ExitFees-AllUnilateralExits__Starts-50","2","42","1","D","8","15","D Offer","D Liability Signal: 10;P Files: 1;D Answers: 1;D Defaults: 1","10,1,1,1","0","true","","","6","0.55","0.10000000000000001","","",""
"Specification-Baseline__Cost-1__Fee-British__ExitFees-AllUnilateralExits__Starts-50","2","42","1","D","8","15","D Offer","D Liability Signal: 10;P Files: 1;D Answers: 1;D Defaults: 1","10,1,1,1","0","true","","","7","0.65","0.10000000000000001","","",""
"Specification-Baseline__Cost-1__Fee-British__ExitFees-AllUnilateralExits__Starts-50","2","42","1","D","8","15","D Offer","D Liability Signal: 10;P Files: 1;D Answers: 1;D Defaults: 1","10,1,1,1","0","true","","","8","0.75","0.10000000000000001","","",""
"Specification-Baseline__Cost-1__Fee-British__ExitFees-AllUnilateralExits__Starts-50","2","42","1","D","8","15","D Offer","D Liability Signal: 10;P Files: 1;D Answers: 1;D Defaults: 1","10,1,1,1","0","true","","","9","0.85","0.10000000000000001","","",""
"Specification-Baseline__Cost-1__Fee-British__ExitFees-AllUnilateralExits__Starts-50","2","42","1","D","8","15","D Offer","D Liability Signal: 10;P Files: 1;D Answers: 1;D Defaults: 1","10,1,1,1","0","true","","","10","0.95","0.10000000000000001","","",""
"Specification-Baseline__Cost-1__Fee-British__ExitFees-AllUnilateralExits__Starts-50","2","43","1","D","8","15","D Offer","D Liability Signal: 10;P Files: 1;D Answers: 1;D Defaults: 2","10,1,1,2","0.07736712190000003","false","8.9000031706000016","8.9000031706000016","1","0.05","0","8.5257832028570881","0.37421996774291344","false"
"Specification-Baseline__Cost-1__Fee-British__ExitFees-AllUnilateralExits__Starts-50","2","43","1","D","8","15","D Offer","D Liability Signal: 10;P Files: 1;D Answers: 1;D Defaults: 2","10,1,1,2","0.07736712190000003","false","8.9000031706000016","8.9000031706000016","2","0.15","0","8.5257832028570881","0.37421996774291344","false"
"Specification-Baseline__Cost-1__Fee-British__ExitFees-AllUnilateralExits__Starts-50","2","43","1","D","8","15","D Offer","D Liability Signal: 10;P Files: 1;D Answers: 1;D Defaults: 2","10,1,1,2","0.07736712190000003","false","8.9000031706000016","8.9000031706000016","3","0.25","0","8.5257832028570881","0.37421996774291344","false"
"Specification-Baseline__Cost-1__Fee-British__ExitFees-AllUnilateralExits__Starts-50","2","43","1","D","8","15","D Offer","D Liability Signal: 10;P Files: 1;D Answers: 1;D Defaults: 2","10,1,1,2","0.07736712190000003","false","8.9000031706000016","8.9000031706000016","4","0.35","0","8.5257832028570881","0.37421996774291344","false"
"Specification-Baseline__Cost-1__Fee-British__ExitFees-AllUnilateralExits__Starts-50","2","43","1","D","8","15","D Offer","D Liability Signal: 10;P Files: 1;D Answers: 1;D Defaults: 2","10,1,1,2","0.07736712190000003","false","8.9000031706000016","8.9000031706000016","5","0.45","0","8.5257832028570864","0.37421996774291522","false"
"Specification-Baseline__Cost-1__Fee-British__ExitFees-AllUnilateralExits__Starts-50","2","43","1","D","8","15","D Offer","D Liability Signal: 10;P Files: 1;D Answers: 1;D Defaults: 2","10,1,1,2","0.07736712190000003","false","8.9000031706000016","8.9000031706000016","6","0.55","0","8.5257832028570864","0.37421996774291522","false"
"Specification-Baseline__Cost-1__Fee-British__ExitFees-AllUnilateralExits__Starts-50","2","43","1","D","8","15","D Offer","D Liability Signal: 10;P Files: 1;D Answers: 1;D Defaults: 2","10,1,1,2","0.07736712190000003","false","8.9000031706000016","8.9000031706000016","7","0.65","0","8.5257832028570864","0.37421996774291522","false"
"Specification-Baseline__Cost-1__Fee-British__ExitFees-AllUnilateralExits__Starts-50","2","43","1","D","8","15","D Offer","D Liability Signal: 10;P Files: 1;D Answers: 1;D Defaults: 2","10,1,1,2","0.07736712190000003","false","8.9000031706000016","8.9000031706000016","8","0.75","0","8.5257832028570864","0.37421996774291522","false"
"Specification-Baseline__Cost-1__Fee-British__ExitFees-AllUnilateralExits__Starts-50","2","43","1","D","8","15","D Offer","D Liability Signal: 10;P Files: 1;D Answers: 1;D Defaults: 2","10,1,1,2","0.07736712190000003","false","8.9000031706000016","8.9000031706000016","9","0.85","0","8.5257832028570864","0.37421996774291522","false"
"Specification-Baseline__Cost-1__Fee-British__ExitFees-AllUnilateralExits__Starts-50","2","43","1","D","8","15","D Offer","D Liability Signal: 10;P Files: 1;D Answers: 1;D Defaults: 2","10,1,1,2","0.07736712190000003","false","8.9000031706000016","8.9000031706000016","10","0.95","1","8.9000031706000016","0","true"
