"OptionSetName","Equilibrium Number","Information Set Number","Player Index","Player","Decision Index","Decision Code","Decision","Information Set Labels","Information Set Contents","Equilibrium Reach Probability","Off Path","Conditional Information-Set Utility","Best Action Utility","Action","Action Label","Equilibrium Action Probability","Conditional Action Utility","Utility Loss from Best Action","Is Best Action"
"Specification-ModerateRiskAversion__Cost-1__Fee-American__Starts-50","8","0","0","P","2","9","P Files","P Liability Signal: 1","1","0.080450000000000008","false","1000.0058406470371","1000.0058406470371","1","Yes","1","1000.0058406470371","0","true"
"Specification-ModerateRiskAversion__Cost-1__Fee-American__Starts-50","8","0","0","P","2","9","P Files","P Liability Signal: 1","1","0.080450000000000008","false","1000.0058406470371","1000.0058406470371","2","No","0","1000.0000018767998","0.0058387702372328931","false"
"Specification-ModerateRiskAversion__Cost-1__Fee-American__Starts-50","8","2","0","P","5","20","P Abandons","P Liability Signal: 1;P Files: 1;D Answers: 1","1,1,1","0.077369569500000013","false","1000.0000018767998","1000.0000018767998","1","Yes","0","999.95022208599357","0.049779790806269375","false"
"Specification-ModerateRiskAversion__Cost-1__Fee-American__Starts-50","8","2","0","P","5","20","P Abandons","P Liability Signal: 1;P Files: 1;D Answers: 1","1,1,1","0.077369569500000013","false","1000.0000018767998","1000.0000018767998","2","No","1","1000.0000018767998","0","true"
"Specification-ModerateRiskAversion__Cost-1__Fee-American__Starts-50","8","4","0","P","7","14","P Offer","P Liability Signal: 1;P Files: 1;D Answers: 1;P Abandons: 1","1,1,1,1","0","true","","","1","0.05","0.10000000000000001","","",""
"Specification-ModerateRiskAversion__Cost-1__Fee-American__Starts-50","8","4","0","P","7","14","P Offer","P Liability Signal: 1;P Files: 1;D Answers: 1;P Abandons: 1","1,1,1,1","0","true","","","2","0.15","0.10000000000000001","","",""
"Specification-ModerateRiskAversion__Cost-1__Fee-American__Starts-50","8","4","0","P","7","14","P Offer","P Liability Signal: 1;P Files: 1;D Answers: 1;P Abandons: 1","1,1,1,1","0","true","","","3","0.25","0.10000000000000001","","",""
"Specification-ModerateRiskAversion__Cost-1__Fee-American__Starts-50","8","4","0","P","7","14","P Offer","P Liability Signal: 1;P Files: 1;D Answers: 1;P Abandons: 1","1,1,1,1","0","true","","","4","0.35","0.10000000000000001","","",""
"Specification-ModerateRiskAversion__Cost-1__Fee-American__Starts-50","8","4","0","P","7","14","P Offer","P Liability Signal: 1;P Files: 1;D Answers: 1;P Abandons: 1","1,1,1,1","0","true","","","5","0.45","0.10000000000000001","","",""
"Specification-ModerateRiskAversion__Cost-1__Fee-American__Starts-50","8","4","0","P","7","14","P Offer","P Liability Signal: 1;P Files: 1;D Answers: 1;P Abandons: 1","1,1,1,1","0","true","","","6","0.55","0.10000000000000001","","",""
"Specification-ModerateRiskAversion__Cost-1__Fee-American__Starts-50","8","4","0","P","7","14","P Offer","P Liability Signal: 1;P Files: 1;D Answers: 1;P Abandons: 1","1,1,1,1","0","true","","","7","0.65","0.10000000000000001","","",""
"Specification-ModerateRiskAversion__Cost-1__Fee-American__Starts-50","8","4","0","P","7","14","P Offer","P Liability Signal: 1;P Files: 1;D Answers: 1;P Abandons: 1","1,1,1,1","0","true","","","8","0.75","0.10000000000000001","","",""
"Specification-ModerateRiskAversion__Cost-1__Fee-American__Starts-50","8","4","0","P","7","14","P Offer","P Liability Signal: 1;P Files: 1;D Answers: 1;P Abandons: 1","1,1,1,1","0","true","","","9","0.85","0.10000000000000001","","",""
"Specification-ModerateRiskAversion__Cost-1__Fee-American__Starts-50","8","4","0","P","7","14","P Offer","P Liability Signal: 1;P Files: 1;D Answers: 1;P Abandons: 1","1,1,1,1","0","true","","","10","0.95","0.10000000000000001","","",""
"Specification-ModerateRiskAversion__Cost-1__Fee-American__Starts-50","8","7","0","P","7","14","P Offer","P Liability Signal: 1;P Files: 1;D Answers: 1;P Abandons: 2","1,1,1,2","0.077369569500000013","false","1000.0000018767998","1000.0000018767998","1","0.05","0","999.98037987759972","0.019621999200126083","false"
"Specification-ModerateRiskAversion__Cost-1__Fee-American__Starts-50","8","7","0","P","7","14","P Offer","P Liability Signal: 1;P Files: 1;D Answers: 1;P Abandons: 2","1,1,1,2","0.077369569500000013","false","1000.0000018767998","1000.0000018767998","2","0.15","1","1000.0000018767998","0","true"
"Specification-ModerateRiskAversion__Cost-1__Fee-American__Starts-50","8","7","0","P","7","14","P Offer","P Liability Signal: 1;P Files: 1;D Answers: 1;P Abandons: 2","1,1,1,2","0.077369569500000013","false","1000.0000018767998","1000.0000018767998","3","0.25","0","999.88240770327536","0.11759417352448054","false"
"Specification-ModerateRiskAversion__Cost-1__Fee-American__Starts-50","8","7","0","P","7","14","P Offer","P Liability Signal: 1;P Files: 1;D Answers: 1;P Abandons: 2","1,1,1,2","0.077369569500000013","false","1000.0000018767998","1000.0000018767998","4","0.35","0","999.88240770327536","0.11759417352448054","false"
"Specification-ModerateRiskAversion__Cost-1__Fee-American__Starts-50","8","7","0","P","7","14","P Offer","P Liability Signal: 1;P Files: 1;D Answers: 1;P Abandons: 2","1,1,1,2","0.077369569500000013","false","1000.0000018767998","1000.0000018767998","5","0.45","0","999.88240770327536","0.11759417352448054","false"
"Specification-ModerateRiskAversion__Cost-1__Fee-American__Starts-50","8","7","0","P","7","14","P Offer","P Liability Signal: 1;P Files: 1;D Answers: 1;P Abandons: 2","1,1,1,2","0.077369569500000013","false","1000.0000018767998","1000.0000018767998","6","0.55","0","999.88240770327536","0.11759417352448054","false"
"Specification-ModerateRiskAversion__Cost-1__Fee-American__Starts-50","8","7","0","P","7","14","P Offer","P Liability Signal: 1;P Files: 1;D Answers: 1;P Abandons: 2","1,1,1,2","0.077369569500000013","false","1000.0000018767998","1000.0000018767998","7","0.65","0","999.88240770327536","0.11759417352448054","false"
"Specification-ModerateRiskAversion__Cost-1__Fee-American__Starts-50","8","7","0","P","7","14","P Offer","P Liability Signal: 1;P Files: 1;D Answers: 1;P Abandons: 2","1,1,1,2","0.077369569500000013","false","1000.0000018767998","1000.0000018767998","8","0.75","0","999.88240770327536","0.11759417352448054","false"
"Specification-ModerateRiskAversion__Cost-1__Fee-American__Starts-50","8","7","0","P","7","14","P Offer","P Liability Signal: 1;P Files: 1;D Answers: 1;P Abandons: 2","1,1,1,2","0.077369569500000013","false","1000.0000018767998","1000.0000018767998","9","0.85","0","999.88240770327536","0.11759417352448054","false"
"Specification-ModerateRiskAversion__Cost-1__Fee-American__Starts-50","8","7","0","P","7","14","P Offer","P Liability Signal: 1;P Files: 1;D Answers: 1;P Abandons: 2","1,1,1,2","0.077369569500000013","false","1000.0000018767998","1000.0000018767998","10","0.95","0","999.88240770327536","0.11759417352448054","false"
"Specification-ModerateRiskAversion__Cost-1__Fee-American__Starts-50","8","44","0","P","2","9","P Files","P Liability Signal: 2","2","0.097680000000000017","false","1000.0097672162095","1000.0097672162095","1","Yes","1","1000.0097672162095","0","true"
"Specification-ModerateRiskAversion__Cost-1__Fee-American__Starts-50","8","44","0","P","2","9","P Files","P Liability Signal: 2","2","0.097680000000000017","false","1000.0097672162095","1000.0097672162095","2","No","0","1000.0000018767998","0.0097653394096823831","false"
"Specification-ModerateRiskAversion__Cost-1__Fee-American__Starts-50","8","45","0","P","5","20","P Abandons","P Liability Signal: 2;P Files: 1;D Answers: 1","2,1,1","0.09142457280000002","false","1000.0000018767997","1000.0000018767997","1","Yes","0","999.95186846538047","0.048133411419257754","false"
"Specification-ModerateRiskAversion__Cost-1__Fee-American__Starts-50","8","45","0","P","5","20","P Abandons","P Liability Signal: 2;P Files: 1;D Answers: 1","2,1,1","0.09142457280000002","false","1000.0000018767997","1000.0000018767997","2","No","1","1000.0000018767997","0","true"
"Specification-ModerateRiskAversion__Cost-1__Fee-American__Starts-50","8","46","0","P","7","14","P Offer","P Liability Signal: 2;P Files: 1;D Answers: 1;P Abandons: 1","2,1,1,1","0","true","","","1","0.05","0.10000000000000001","","",""
"Specification-ModerateRiskAversion__Cost-1__Fee-American__Starts-50","8","46","0","P","7","14","P Offer","P Liability Signal: 2;P Files: 1;D Answers: 1;P Abandons: 1","2,1,1,1","0","true","","","2","0.15","0.10000000000000001","","",""
"Specification-ModerateRiskAversion__Cost-1__Fee-American__Starts-50","8","46","0","P","7","14","P Offer","P Liability Signal: 2;P Files: 1;D Answers: 1;P Abandons: 1","2,1,1,1","0","true","","","3","0.25","0.10000000000000001","","",""
"Specification-ModerateRiskAversion__Cost-1__Fee-American__Starts-50","8","46","0","P","7","14","P Offer","P Liability Signal: 2;P Files: 1;D Answers: 1;P Abandons: 1","2,1,1,1","0","true","","","4","0.35","0.10000000000000001","","",""
"Specification-ModerateRiskAversion__Cost-1__Fee-American__Starts-50","8","46","0","P","7","14","P Offer","P Liability Signal: 2;P Files: 1;D Answers: 1;P Abandons: 1","2,1,1,1","0","true","","","5","0.45","0.10000000000000001","","",""
"Specification-ModerateRiskAversion__Cost-1__Fee-American__Starts-50","8","46","0","P","7","14","P Offer","P Liability Signal: 2;P Files: 1;D Answers: 1;P Abandons: 1","2,1,1,1","0","true","","","6","0.55","0.10000000000000001","","",""
"Specification-ModerateRiskAversion__Cost-1__Fee-American__Starts-50","8","46","0","P","7","14","P Offer","P Liability Signal: 2;P Files: 1;D Answers: 1;P Abandons: 1","2,1,1,1","0","true","","","7","0.65","0.10000000000000001","","",""
"Specification-ModerateRiskAversion__Cost-1__Fee-American__Starts-50","8","46","0","P","7","14","P Offer","P Liability Signal: 2;P Files: 1;D Answers: 1;P Abandons: 1","2,1,1,1","0","true","","","8","0.75","0.10000000000000001","","",""
"Specification-ModerateRiskAversion__Cost-1__Fee-American__Starts-50","8","46","0","P","7","14","P Offer","P Liability Signal: 2;P Files: 1;D Answers: 1;P Abandons: 1","2,1,1,1","0","true","","","9","0.85","0.10000000000000001","","",""
"Specification-ModerateRiskAversion__Cost-1__Fee-American__Starts-50","8","46","0","P","7","14","P Offer","P Liability Signal: 2;P Files: 1;D Answers: 1;P Abandons: 1","2,1,1,1","0","true","","","10","0.95","0.10000000000000001","","",""
"Specification-ModerateRiskAversion__Cost-1__Fee-American__Starts-50","8","47","0","P","7","14","P Offer","P Liability Signal: 2;P Files: 1;D Answers: 1;P Abandons: 2","2,1,1,2","0.09142457280000002","false","1000.0000018767997","1000.0000018767997","1","0.05","0","999.98037987759972","0.019621999200012397","false"
"Specification-ModerateRiskAversion__Cost-1__Fee-American__Starts-50","8","47","0","P","7","14","P Offer","P Liability Signal: 2;P Files: 1;D Answers: 1;P Abandons: 2","2,1,1,2","0.09142457280000002","false","1000.0000018767997","1000.0000018767997","2","0.15","1","1000.0000018767997","0","true"
"Specification-ModerateRiskAversion__Cost-1__Fee-American__Starts-50","8","47","0","P","7","14","P Offer","P Liability Signal: 2;P Files: 1;D Answers: 1;P Abandons: 2","2,1,1,2","0.09142457280000002","false","1000.0000018767997","1000.0000018767997","3","0.25","0","999.89555899590107","0.1044428808986595","false"
"Specification-ModerateRiskAversion__Cost-1__Fee-American__Starts-50","8","47","0","P","7","14","P Offer","P Liability Signal: 2;P Files: 1;D Answers: 1;P Abandons: 2","2,1,1,2","0.09142457280000002","false","1000.0000018767997","1000.0000018767997","4","0.35","0","999.89555899590107","0.1044428808986595","false"
"Specification-ModerateRiskAversion__Cost-1__Fee-American__Starts-50","8","47","0","P","7","14","P Offer","P Liability Signal: 2;P Files: 1;D Answers: 1;P Abandons: 2","2,1,1,2","0.09142457280000002","false","1000.0000018767997","1000.0000018767997","5","0.45","0","999.89555899590107","0.1044428808986595","false"
"Specification-ModerateRiskAversion__Cost-1__Fee-American__Starts-50","8","47","0","P","7","14","P Offer","P Liability Signal: 2;P Files: 1;D Answers: 1;P Abandons: 2","2,1,1,2","0.09142457280000002","false","1000.0000018767997","1000.0000018767997","6","0.55","0","999.89555899590107","0.1044428808986595","false"
"Specification-ModerateRiskAversion__Cost-1__Fee-American__Starts-50","8","47","0","P","7","14","P Offer","P Liability Signal: 2;P Files: 1;D Answers: 1;P Abandons: 2","2,1,1,2","0.09142457280000002","false","1000.0000018767997","1000.0000018767997","7","0.65","0","999.89555899590107","0.1044428808986595","false"
"Specification-ModerateRiskAversion__Cost-1__Fee-American__Starts-50","8","47","0","P","7","14","P Offer","P Liability Signal: 2;P Files: 1;D Answers: 1;P Abandons: 2","2,1,1,2","0.09142457280000002","false","1000.0000018767997","1000.0000018767997","8","0.75","0","999.89555899590107","0.1044428808986595","false"
"Specification-ModerateRiskAversion__Cost-1__Fee-American__Starts-50","8","47","0","P","7","14","P Offer","P Liability Signal: 2;P Files: 1;D Answers: 1;P Abandons: 2","2,1,1,2","0.09142457280000002","false","1000.0000018767997","1000.0000018767997","9","0.85","0","999.89555899590107","0.1044428808986595","false"
"Specification-ModerateRiskAversion__Cost-1__Fee-American__Starts-50","8","47","0","P","7","14","P Offer","P Liability Signal: 2;P Files: 1;D Answers: 1;P Abandons: 2","2,1,1,2","0.09142457280000002","false","1000.0000018767997","1000.0000018767997","10","0.95","0","999.89555899590107","0.1044428808986595","false"
"Specification-ModerateRiskAversion__Cost-1__Fee-American__Starts-50","8","48","0","P","2","9","P Files","P Liability Signal: 3","3","0.10618","false","1000.0167465976084","1000.0167465976084","1","Yes","1","1000.0167465976084","0","true"
"Specification-ModerateRiskAversion__Cost-1__Fee-American__Starts-50","8","48","0","P","2","9","P Files","P Liability Signal: 3","3","0.10618","false","1000.0167465976084","1000.0167465976084","2","No","0","1000.0000018767998","0.016744720808560487","false"
"Specification-ModerateRiskAversion__Cost-1__Fee-American__Starts-50","8","49","0","P","5","20","P Abandons","P Liability Signal: 3;P Files: 1;D Answers: 1","3,1,1","0.094520374199999993","false","1000.0000018768","1000.0000018768","1","Yes","0","999.95433987375236","0.045662003047596045","false"
"Specification-ModerateRiskAversion__Cost-1__Fee-American__Starts-50","8","49","0","P","5","20","P Abandons","P Liability Signal: 3;P Files: 1;D Answers: 1","3,1,1","0.094520374199999993","false","1000.0000018768","1000.0000018768","2","No","1","1000.0000018768","0","true"
"Specification-ModerateRiskAversion__Cost-1__Fee-American__Starts-50","8","50","0","P","7","14","P Offer","P Liability Signal: 3;P Files: 1;D Answers: 1;P Abandons: 1","3,1,1,1","0","true","","","1","0.05","0.10000000000000001","","",""
"Specification-ModerateRiskAversion__Cost-1__Fee-American__Starts-50","8","50","0","P","7","14","P Offer","P Liability Signal: 3;P Files: 1;D Answers: 1;P Abandons: 1","3,1,1,1","0","true","","","2","0.15","0.10000000000000001","","",""
"Specification-ModerateRiskAversion__Cost-1__Fee-American__Starts-50","8","50","0","P","7","14","P Offer","P Liability Signal: 3;P Files: 1;D Answers: 1;P Abandons: 1","3,1,1,1","0","true","","","3","0.25","0.10000000000000001","","",""
"Specification-ModerateRiskAversion__Cost-1__Fee-American__Starts-50","8","50","0","P","7","14","P Offer","P Liability Signal: 3;P Files: 1;D Answers: 1;P Abandons: 1","3,1,1,1","0","true","","","4","0.35","0.10000000000000001","","",""
"Specification-ModerateRiskAversion__Cost-1__Fee-American__Starts-50","8","50","0","P","7","14","P Offer","P Liability Signal: 3;P Files: 1;D Answers: 1;P Abandons: 1","3,1,1,1","0","true","","","5","0.45","0.10000000000000001","","",""
"Specification-ModerateRiskAversion__Cost-1__Fee-American__Starts-50","8","50","0","P","7","14","P Offer","P Liability Signal: 3;P Files: 1;D Answers: 1;P Abandons: 1","3,1,1,1","0","true","","","6","0.55","0.10000000000000001","","",""
"Specification-ModerateRiskAversion__Cost-1__Fee-American__Starts-50","8","50","0","P","7","14","P Offer","P Liability Signal: 3;P Files: 1;D Answers: 1;P Abandons: 1","3,1,1,1","0","true","","","7","0.65","0.10000000000000001","","",""
"Specification-ModerateRiskAversion__Cost-1__Fee-American__Starts-50","8","50","0","P","7","14","P Offer","P Liability Signal: 3;P Files: 1;D Answers: 1;P Abandons: 1","3,1,1,1","0","true","","","8","0.75","0.10000000000000001","","",""
"Specification-ModerateRiskAversion__Cost-1__Fee-American__Starts-50","8","50","0","P","7","14","P Offer","P Liability Signal: 3;P Files: 1;D Answers: 1;P Abandons: 1","3,1,1,1","0","true","","","9","0.85","0.10000000000000001","","",""
"Specification-ModerateRiskAversion__Cost-1__Fee-American__Starts-50","8","50","0","P","7","14","P Offer","P Liability Signal: 3;P Files: 1;D Answers: 1;P Abandons: 1","3,1,1,1","0","true","","","10","0.95","0.10000000000000001","","",""
"Specification-ModerateRiskAversion__Cost-1__Fee-American__Starts-50","8","51","0","P","7","14","P Offer","P Liability Signal: 3;P Files: 1;D Answers: 1;P Abandons: 2","3,1,1,2","0.094520374199999993","false","1000.0000018768","1000.0000018768","1","0.05","0","999.98037987759994","0.019621999200012397","false"
"Specification-ModerateRiskAversion__Cost-1__Fee-American__Starts-50","8","51","0","P","7","14","P Offer","P Liability Signal: 3;P Files: 1;D Answers: 1;P Abandons: 2","3,1,1,2","0.094520374199999993","false","1000.0000018768","1000.0000018768","2","0.15","1","1000.0000018768","0","true"
"Specification-ModerateRiskAversion__Cost-1__Fee-American__Starts-50","8","51","0","P","7","14","P Offer","P Liability Signal: 3;P Files: 1;D Answers: 1;P Abandons: 2","3,1,1,2","0.094520374199999993","false","1000.0000018768","1000.0000018768","3","0.25","0","999.91475272003549","0.085249156764461986","false"
"Specification-ModerateRiskAversion__Cost-1__Fee-American__Starts-50","8","51","0","P","7","14","P Offer","P Liability Signal: 3;P Files: 1;D Answers: 1;P Abandons: 2","3,1,1,2","0.094520374199999993","false","1000.0000018768","1000.0000018768","4","0.35","0","999.91475272003549","0.085249156764461986","false"
"Specification-ModerateRiskAversion__Cost-1__Fee-American__Starts-50","8","51","0","P","7","14","P Offer","P Liability Signal: 3;P Files: 1;D Answers: 1;P Abandons: 2","3,1,1,2","0.094520374199999993","false","1000.0000018768","1000.0000018768","5","0.45","0","999.91475272003549","0.085249156764461986","false"
"Specification-ModerateRiskAversion__Cost-1__Fee-American__Starts-50","8","51","0","P","7","14","P Offer","P Liability Signal: 3;P Files: 1;D Answers: 1;P Abandons: 2","3,1,1,2","0.094520374199999993","false","1000.0000018768","1000.0000018768","6","0.55","0","999.91475272003549","0.085249156764461986","false"
"Specification-ModerateRiskAversion__Cost-1__Fee-American__Starts-50","8","51","0","P","7","14","P Offer","P Liability Signal: 3;P Files: 1;D Answers: 1;P Abandons: 2","3,1,1,2","0.094520374199999993","false","1000.0000018768","1000.0000018768","7","0.65","0","999.91475272003549","0.085249156764461986","false"
"Specification-ModerateRiskAversion__Cost-1__Fee-American__Starts-50","8","51","0","P","7","14","P Offer","P Liability Signal: 3;P Files: 1;D Answers: 1;P Abandons: 2","3,1,1,2","0.094520374199999993","false","1000.0000018768","1000.0000018768","8","0.75","0","999.91475272003549","0.085249156764461986","false"
"Specification-ModerateRiskAversion__Cost-1__Fee-American__Starts-50","8","51","0","P","7","14","P Offer","P Liability Signal: 3;P Files: 1;D Answers: 1;P Abandons: 2","3,1,1,2","0.094520374199999993","false","1000.0000018768","1000.0000018768","9","0.85","0","999.91475272003549","0.085249156764461986","false"
"Specification-ModerateRiskAversion__Cost-1__Fee-American__Starts-50","8","51","0","P","7","14","P Offer","P Liability Signal: 3;P Files: 1;D Answers: 1;P Abandons: 2","3,1,1,2","0.094520374199999993","false","1000.0000018768","1000.0000018768","10","0.95","0","999.91475272003549","0.085249156764461986","false"
"Specification-ModerateRiskAversion__Cost-1__Fee-American__Starts-50","8","52","0","P","2","9","P Files","P Liability Signal: 4","4","0.1081","false","1000.0282289532855","1000.0282289532855","1","Yes","1","1000.0282289532855","0","true"
"Specification-ModerateRiskAversion__Cost-1__Fee-American__Starts-50","8","52","0","P","2","9","P Files","P Liability Signal: 4","4","0.1081","false","1000.0282289532855","1000.0282289532855","2","No","0","1000.0000018768001","0.028227076485450198","false"
"Specification-ModerateRiskAversion__Cost-1__Fee-American__Starts-50","8","53","0","P","5","20","P Abandons","P Liability Signal: 4;P Files: 1;D Answers: 1","4,1,1","0.088089608999999999","false","1000.0000018768","1000.0000018768","1","Yes","0","999.95783455492119","0.042167321878764596","false"
"Specification-ModerateRiskAversion__Cost-1__Fee-American__Starts-50","8","53","0","P","5","20","P Abandons","P Liability Signal: 4;P Files: 1;D Answers: 1","4,1,1","0.088089608999999999","false","1000.0000018768","1000.0000018768","2","No","1","1000.0000018768","0","true"
"Specification-ModerateRiskAversion__Cost-1__Fee-American__Starts-50","8","54","0","P","7","14","P Offer","P Liability Signal: 4;P Files: 1;D Answers: 1;P Abandons: 1","4,1,1,1","0","true","","","1","0.05","0.10000000000000001","","",""
"Specification-ModerateRiskAversion__Cost-1__Fee-American__Starts-50","8","54","0","P","7","14","P Offer","P Liability Signal: 4;P Files: 1;D Answers: 1;P Abandons: 1","4,1,1,1","0","true","","","2","0.15","0.10000000000000001","","",""
"Specification-ModerateRiskAversion__Cost-1__Fee-American__Starts-50","8","54","0","P","7","14","P Offer","P Liability Signal: 4;P Files: 1;D Answers: 1;P Abandons: 1","4,1,1,1","0","true","","","3","0.25","0.10000000000000001","","",""
"Specification-ModerateRiskAversion__Cost-1__Fee-American__Starts-50","8","54","0","P","7","14","P Offer","P Liability Signal: 4;P Files: 1;D Answers: 1;P Abandons: 1","4,1,1,1","0","true","","","4","0.35","0.10000000000000001","","",""
"Specification-ModerateRiskAversion__Cost-1__Fee-American__Starts-50","8","54","0","P","7","14","P Offer","P Liability Signal: 4;P Files: 1;D Answers: 1;P Abandons: 1","4,1,1,1","0","true","","","5","0.45","0.10000000000000001","","",""
"Specification-ModerateRiskAversion__Cost-1__Fee-American__Starts-50","8","54","0","P","7","14","P Offer","P Liability Signal: 4;P Files: 1;D Answers: 1;P Abandons: 1","4,1,1,1","0","true","","","6","0.55","0.10000000000000001","","",""
"Specification-ModerateRiskAversion__Cost-1__Fee-American__Starts-50","8","54","0","P","7","14","P Offer","P Liability Signal: 4;P Files: 1;D Answers: 1;P Abandons: 1","4,1,1,1","0","true","","","7","0.65","0.10000000000000001","","",""
"Specification-ModerateRiskAversion__Cost-1__Fee-American__Starts-50","8","54","0","P","7","14","P Offer","P Liability Signal: 4;P Files: 1;D Answers: 1;P Abandons: 1","4,1,1,1","0","true","","","8","0.75","0.10000000000000001","","",""
"Specification-ModerateRiskAversion__Cost-1__Fee-American__Starts-50","8","54","0","P","7","14","P Offer","P Liability Signal: 4;P Files: 1;D Answers: 1;P Abandons: 1","4,1,1,1","0","true","","","9","0.85","0.10000000000000001","","",""
"Specification-ModerateRiskAversion__Cost-1__Fee-American__Starts-50","8","54","0","P","7","14","P Offer","P Liability Signal: 4;P Files: 1;D Answers: 1;P Abandons: 1","4,1,1,1","0","true","","","10","0.95","0.10000000000000001","","",""
"Specification-ModerateRiskAversion__Cost-1__Fee-American__Starts-50","8","55","0","P","7","14","P Offer","P Liability Signal: 4;P Files: 1;D Answers: 1;P Abandons: 2","4,1,1,2","0.088089608999999999","false","1000.0000018768","1000.0000018768","1","0.05","0","999.98037987760006","0.01962199919989871","false"
"Specification-ModerateRiskAversion__Cost-1__Fee-American__Starts-50","8","55","0","P","7","14","P Offer","P Liability Signal: 4;P Files: 1;D Answers: 1;P Abandons: 2","4,1,1,2","0.088089608999999999","false","1000.0000018768","1000.0000018768","2","0.15","1","1000.0000018768","0","true"
"Specification-ModerateRiskAversion__Cost-1__Fee-American__Starts-50","8","55","0","P","7","14","P Offer","P Liability Signal: 4;P Files: 1;D Answers: 1;P Abandons: 2","4,1,1,2","0.088089608999999999","false","1000.0000018768","1000.0000018768","3","0.25","0","999.94077424834347","0.059227628456483217","false"
"Specification-ModerateRiskAversion__Cost-1__Fee-American__Starts-50","8","55","0","P","7","14","P Offer","P Liability Signal: 4;P Files: 1;D Answers: 1;P Abandons: 2","4,1,1,2","0.088089608999999999","false","1000.0000018768","1000.0000018768","4","0.35","0","999.94077424834347","0.059227628456483217","false"
"Specification-ModerateRiskAversion__Cost-1__Fee-American__Starts-50","8","55","0","P","7","14","P Offer","P Liability Signal: 4;P Files: 1;D Answers: 1;P Abandons: 2","4,1,1,2","0.088089608999999999","false","1000.0000018768","1000.0000018768","5","0.45","0","999.94077424834347","0.059227628456483217","false"
"Specification-ModerateRiskAversion__Cost-1__Fee-American__Starts-50","8","55","0","P","7","14","P Offer","P Liability Signal: 4;P Files: 1;D Answers: 1;P Abandons: 2","4,1,1,2","0.088089608999999999","false","1000.0000018768","1000.0000018768","6","0.55","0","999.94077424834347","0.059227628456483217","false"
"Specification-ModerateRiskAversion__Cost-1__Fee-American__Starts-50","8","55","0","P","7","14","P Offer","P Liability Signal: 4;P Files: 1;D Answers: 1;P Abandons: 2","4,1,1,2","0.088089608999999999","false","1000.0000018768","1000.0000018768","7","0.65","0","999.94077424834347","0.059227628456483217","false"
"Specification-ModerateRiskAversion__Cost-1__Fee-American__Starts-50","8","55","0","P","7","14","P Offer","P Liability Signal: 4;P Files: 1;D Answers: 1;P Abandons: 2","4,1,1,2","0.088089608999999999","false","1000.0000018768","1000.0000018768","8","0.75","0","999.94077424834347","0.059227628456483217","false"
"Specification-ModerateRiskAversion__Cost-1__Fee-American__Starts-50","8","55","0","P","7","14","P Offer","P Liability Signal: 4;P Files: 1;D Answers: 1;P Abandons: 2","4,1,1,2","0.088089608999999999","false","1000.0000018768","1000.0000018768","9","0.85","0","999.94077424834347","0.059227628456483217","false"
"Specification-ModerateRiskAversion__Cost-1__Fee-American__Starts-50","8","55","0","P","7","14","P Offer","P Liability Signal: 4;P Files: 1;D Answers: 1;P Abandons: 2","4,1,1,2","0.088089608999999999","false","1000.0000018768","1000.0000018768","10","0.95","0","999.94077424834347","0.059227628456483217","false"
"Specification-ModerateRiskAversion__Cost-1__Fee-American__Starts-50","8","56","0","P","2","9","P Files","P Liability Signal: 5","5","0.1076","false","1000.0448532084768","1000.0448532084768","1","Yes","1","1000.0448532084768","0","true"
"Specification-ModerateRiskAversion__Cost-1__Fee-American__Starts-50","8","56","0","P","2","9","P Files","P Liability Signal: 5","5","0.1076","false","1000.0448532084768","1000.0448532084768","2","No","0","1000.0000018767997","0.044851331677023154","false"
"Specification-ModerateRiskAversion__Cost-1__Fee-American__Starts-50","8","57","0","P","5","20","P Abandons","P Liability Signal: 5;P Files: 1;D Answers: 1","5,1,1","0.075951612000000002","false","1000.0000018768","1000.0000018768","1","Yes","0","999.9623776051975","0.037624271602453518","false"
"Specification-ModerateRiskAversion__Cost-1__Fee-American__Starts-50","8","57","0","P","5","20","P Abandons","P Liability Signal: 5;P Files: 1;D Answers: 1","5,1,1","0.075951612000000002","false","1000.0000018768","1000.0000018768","2","No","1","1000.0000018768","0","true"
"Specification-ModerateRiskAversion__Cost-1__Fee-American__Starts-50","8","58","0","P","7","14","P Offer","P Liability Signal: 5;P Files: 1;D Answers: 1;P Abandons: 1","5,1,1,1","0","true","","","1","0.05","0.10000000000000001","","",""
"Specification-ModerateRiskAversion__Cost-1__Fee-American__Starts-50","8","58","0","P","7","14","P Offer","P Liability Signal: 5;P Files: 1;D Answers: 1;P Abandons: 1","5,1,1,1","0","true","","","2","0.15","0.10000000000000001","","",""
"Specification-ModerateRiskAversion__Cost-1__Fee-American__Starts-50","8","58","0","P","7","14","P Offer","P Liability Signal: 5;P Files: 1;D Answers: 1;P Abandons: 1","5,1,1,1","0","true","","","3","0.25","0.10000000000000001","","",""
"Specification-ModerateRiskAversion__Cost-1__Fee-American__Starts-50","8","58","0","P","7","14","P Offer","P Liability Signal: 5;P Files: 1;D Answers: 1;P Abandons: 1","5,1,1,1","0","true","","","4","0.35","0.10000000000000001","","",""
"Specification-ModerateRiskAversion__Cost-1__Fee-American__Starts-50","8","58","0","P","7","14","P Offer","P Liability Signal: 5;P Files: 1;D Answers: 1;P Abandons: 1","5,1,1,1","0","true","","","5","0.45","0.10000000000000001","","",""
"Specification-ModerateRiskAversion__Cost-1__Fee-American__Starts-50","8","58","0","P","7","14","P Offer","P Liability Signal: 5;P Files: 1;D Answers: 1;P Abandons: 1","5,1,1,1","0","true","","","6","0.55","0.10000000000000001","","",""
"Specification-ModerateRiskAversion__Cost-1__Fee-American__Starts-50","8","58","0","P","7","14","P Offer","P Liability Signal: 5;P Files: 1;D Answers: 1;P Abandons: 1","5,1,1,1","0","true","","","7","0.65","0.10000000000000001","","",""
"Specification-ModerateRiskAversion__Cost-1__Fee-American__Starts-50","8","58","0","P","7","14","P Offer","P Liability Signal: 5;P Files: 1;D Answers: 1;P Abandons: 1","5,1,1,1","0","true","","","8","0.75","0.10000000000000001","","",""
"Specification-ModerateRiskAversion__Cost-1__Fee-American__Starts-50","8","58","0","P","7","14","P Offer","P Liability Signal: 5;P Files: 1;D Answers: 1;P Abandons: 1","5,1,1,1","0","true","","","9","0.85","0.10000000000000001","","",""
"Specification-ModerateRiskAversion__Cost-1__Fee-American__Starts-50","8","58","0","P","7","14","P Offer","P Liability Signal: 5;P Files: 1;D Answers: 1;P Abandons: 1","5,1,1,1","0","true","","","10","0.95","0.10000000000000001","","",""
"Specification-ModerateRiskAversion__Cost-1__Fee-American__Starts-50","8","59","0","P","7","14","P Offer","P Liability Signal: 5;P Files: 1;D Answers: 1;P Abandons: 2","5,1,1,2","0.075951612000000002","false","1000.0000018768","1000.0000018768","1","0.05","0","999.98037987759994","0.019621999200012397","false"
"Specification-ModerateRiskAversion__Cost-1__Fee-American__Starts-50","8","59","0","P","7","14","P Offer","P Liability Signal: 5;P Files: 1;D Answers: 1;P Abandons: 2","5,1,1,2","0.075951612000000002","false","1000.0000018768","1000.0000018768","2","0.15","1","1000.0000018768","0","true"
"Specification-ModerateRiskAversion__Cost-1__Fee-American__Starts-50","8","59","0","P","7","14","P Offer","P Liability Signal: 5;P Files: 1;D Answers: 1;P Abandons: 2","5,1,1,2","0.075951612000000002","false","1000.0000018768","1000.0000018768","3","0.25","0","999.97262581003088","0.027376066769079443","false"
"Specification-ModerateRiskAversion__Cost-1__Fee-American__Starts-50","8","59","0","P","7","14","P Offer","P Liability Signal: 5;P Files: 1;D Answers: 1;P Abandons: 2","5,1,1,2","0.075951612000000002","false","1000.0000018768","1000.0000018768","4","0.35","0","999.97262581003088","0.027376066769079443","false"
"Specification-ModerateRiskAversion__Cost-1__Fee-American__Starts-50","8","59","0","P","7","14","P Offer","P Liability Signal: 5;P Files: 1;D Answers: 1;P Abandons: 2","5,1,1,2","0.075951612000000002","false","1000.0000018768","1000.0000018768","5","0.45","0","999.97262581003088","0.027376066769079443","false"
"Specification-ModerateRiskAversion__Cost-1__Fee-American__Starts-50","8","59","0","P","7","14","P Offer","P Liability Signal: 5;P Files: 1;D Answers: 1;P Abandons: 2","5,1,1,2","0.075951612000000002","false","1000.0000018768","1000.0000018768","6","0.55","0","999.97262581003088","0.027376066769079443","false"
"Specification-ModerateRiskAversion__Cost-1__Fee-American__Starts-50","8","59","0","P","7","14","P Offer","P Liability Signal: 5;P Files: 1;D Answers: 1;P Abandons: 2","5,1,1,2","0.075951612000000002","false","1000.0000018768","1000.0000018768","7","0.65","0","999.97262581003088","0.027376066769079443","false"
"Specification-ModerateRiskAversion__Cost-1__Fee-American__Starts-50","8","59","0","P","7","14","P Offer","P Liability Signal: 5;P Files: 1;D Answers: 1;P Abandons: 2","5,1,1,2","0.075951612000000002","false","1000.0000018768","1000.0000018768","8","0.75","0","999.97262581003088","0.027376066769079443","false"
"Specification-ModerateRiskAversion__Cost-1__Fee-American__Starts-50","8","59","0","P","7","14","P Offer","P Liability Signal: 5;P Files: 1;D Answers: 1;P Abandons: 2","5,1,1,2","0.075951612000000002","false","1000.0000018768","1000.0000018768","9","0.85","0","999.97262581003088","0.027376066769079443","false"
"Specification-ModerateRiskAversion__Cost-1__Fee-American__Starts-50","8","59","0","P","7","14","P Offer","P Liability Signal: 5;P Files: 1;D Answers: 1;P Abandons: 2","5,1,1,2","0.075951612000000002","false","1000.0000018768","1000.0000018768","10","0.95","0","999.97262581003088","0.027376066769079443","false"
"Specification-ModerateRiskAversion__Cost-1__Fee-American__Starts-50","8","60","0","P","2","9","P Files","P Liability Signal: 6","6","0.10759999999999999","false","1000.069394337818","1000.069394337818","1","Yes","1","1000.069394337818","0","true"
"Specification-ModerateRiskAversion__Cost-1__Fee-American__Starts-50","8","60","0","P","2","9","P Files","P Liability Signal: 6","6","0.10759999999999999","false","1000.069394337818","1000.069394337818","2","No","0","1000.0000018768002","0.069392461017855567","false"
"Specification-ModerateRiskAversion__Cost-1__Fee-American__Starts-50","8","61","0","P","5","20","P Abandons","P Liability Signal: 6;P Files: 1;D Answers: 1","6,1,1","0.061603151999999994","false","1000.0073498089464","1000.0073498089464","1","Yes","0","999.96776440773328","0.039585401213116711","false"
"Specification-ModerateRiskAversion__Cost-1__Fee-American__Starts-50","8","61","0","P","5","20","P Abandons","P Liability Signal: 6;P Files: 1;D Answers: 1","6,1,1","0.061603151999999994","false","1000.0073498089464","1000.0073498089464","2","No","1","1000.0073498089464","0","true"
"Specification-ModerateRiskAversion__Cost-1__Fee-American__Starts-50","8","62","0","P","7","14","P Offer","P Liability Signal: 6;P Files: 1;D Answers: 1;P Abandons: 1","6,1,1,1","0","true","","","1","0.05","0.10000000000000001","","",""
"Specification-ModerateRiskAversion__Cost-1__Fee-American__Starts-50","8","62","0","P","7","14","P Offer","P Liability Signal: 6;P Files: 1;D Answers: 1;P Abandons: 1","6,1,1,1","0","true","","","2","0.15","0.10000000000000001","","",""
"Specification-ModerateRiskAversion__Cost-1__Fee-American__Starts-50","8","62","0","P","7","14","P Offer","P Liability Signal: 6;P Files: 1;D Answers: 1;P Abandons: 1","6,1,1,1","0","true","","","3","0.25","0.10000000000000001","","",""
"Specification-ModerateRiskAversion__Cost-1__Fee-American__Starts-50","8","62","0","P","7","14","P Offer","P Liability Signal: 6;P Files: 1;D Answers: 1;P Abandons: 1","6,1,1,1","0","true","","","4","0.35","0.10000000000000001","","",""
"Specification-ModerateRiskAversion__Cost-1__Fee-American__Starts-50","8","62","0","P","7","14","P Offer","P Liability Signal: 6;P Files: 1;D Answers: 1;P Abandons: 1","6,1,1,1","0","true","","","5","0.45","0.10000000000000001","","",""
"Specification-ModerateRiskAversion__Cost-1__Fee-American__Starts-50","8","62","0","P","7","14","P Offer","P Liability Signal: 6;P Files: 1;D Answers: 1;P Abandons: 1","6,1,1,1","0","true","","","6","0.55","0.10000000000000001","","",""
"Specification-ModerateRiskAversion__Cost-1__Fee-American__Starts-50","8","62","0","P","7","14","P Offer","P Liability Signal: 6;P Files: 1;D Answers: 1;P Abandons: 1","6,1,1,1","0","true","","","7","0.65","0.10000000000000001","","",""
"Specification-ModerateRiskAversion__Cost-1__Fee-American__Starts-50","8","62","0","P","7","14","P Offer","P Liability Signal: 6;P Files: 1;D Answers: 1;P Abandons: 1","6,1,1,1","0","true","","","8","0.75","0.10000000000000001","","",""
"Specification-ModerateRiskAversion__Cost-1__Fee-American__Starts-50","8","62","0","P","7","14","P Offer","P Liability Signal: 6;P Files: 1;D Answers: 1;P Abandons: 1","6,1,1,1","0","true","","","9","0.85","0.10000000000000001","","",""
"Specification-ModerateRiskAversion__Cost-1__Fee-American__Starts-50","8","62","0","P","7","14","P Offer","P Liability Signal: 6;P Files: 1;D Answers: 1;P Abandons: 1","6,1,1,1","0","true","","","10","0.95","0.10000000000000001","","",""
"Specification-ModerateRiskAversion__Cost-1__Fee-American__Starts-50","8","63","0","P","7","14","P Offer","P Liability Signal: 6;P Files: 1;D Answers: 1;P Abandons: 2","6,1,1,2","0.061603151999999994","false","1000.0073498089464","1000.0073498089464","1","0.05","0","999.98037987760006","0.026969931346343401","false"
"Specification-ModerateRiskAversion__Cost-1__Fee-American__Starts-50","8","63","0","P","7","14","P Offer","P Liability Signal: 6;P Files: 1;D Answers: 1;P Abandons: 2","6,1,1,2","0.061603151999999994","false","1000.0073498089464","1000.0073498089464","2","0.15","0","1000.0000018768001","0.0073479321463310043","false"
"Specification-ModerateRiskAversion__Cost-1__Fee-American__Starts-50","8","63","0","P","7","14","P Offer","P Liability Signal: 6;P Files: 1;D Answers: 1;P Abandons: 2","6,1,1,2","0.061603151999999994","false","1000.0073498089464","1000.0073498089464","3","0.25","0","1000.0073498089464","0","true"
"Specification-ModerateRiskAversion__Cost-1__Fee-American__Starts-50","8","63","0","P","7","14","P Offer","P Liability Signal: 6;P Files: 1;D Answers: 1;P Abandons: 2","6,1,1,2","0.061603151999999994","false","1000.0073498089464","1000.0073498089464","4","0.35","0","1000.0073498089464","0","true"
"Specification-ModerateRiskAversion__Cost-1__Fee-American__Starts-50","8","63","0","P","7","14","P Offer","P Liability Signal: 6;P Files: 1;D Answers: 1;P Abandons: 2","6,1,1,2","0.061603151999999994","false","1000.0073498089464","1000.0073498089464","5","0.45","0","1000.0073498089464","0","true"
"Specification-ModerateRiskAversion__Cost-1__Fee-American__Starts-50","8","63","0","P","7","14","P Offer","P Liability Signal: 6;P Files: 1;D Answers: 1;P Abandons: 2","6,1,1,2","0.061603151999999994","false","1000.0073498089464","1000.0073498089464","6","0.55","0","1000.0073498089464","0","true"
"Specification-ModerateRiskAversion__Cost-1__Fee-American__Starts-50","8","63","0","P","7","14","P Offer","P Liability Signal: 6;P Files: 1;D Answers: 1;P Abandons: 2","6,1,1,2","0.061603151999999994","false","1000.0073498089464","1000.0073498089464","7","0.65","0","1000.0073498089464","0","true"
"Specification-ModerateRiskAversion__Cost-1__Fee-American__Starts-50","8","63","0","P","7","14","P Offer","P Liability Signal: 6;P Files: 1;D Answers: 1;P Abandons: 2","6,1,1,2","0.061603151999999994","false","1000.0073498089464","1000.0073498089464","8","0.75","0.34675576580807765","1000.0073498089464","0","true"
"Specification-ModerateRiskAversion__Cost-1__Fee-American__Starts-50","8","63","0","P","7","14","P Offer","P Liability Signal: 6;P Files: 1;D Answers: 1;P Abandons: 2","6,1,1,2","0.061603151999999994","false","1000.0073498089464","1000.0073498089464","9","0.85","0.65324423419192235","1000.0073498089464","0","true"
"Specification-ModerateRiskAversion__Cost-1__Fee-American__Starts-50","8","63","0","P","7","14","P Offer","P Liability Signal: 6;P Files: 1;D Answers: 1;P Abandons: 2","6,1,1,2","0.061603151999999994","false","1000.0073498089464","1000.0073498089464","10","0.95","0","1000.0073498089464","0","true"
"Specification-ModerateRiskAversion__Cost-1__Fee-American__Starts-50","8","64","0","P","2","9","P Files","P Liability Signal: 7","7","0.10809999999999999","false","1000.1038411001475","1000.1038411001475","1","Yes","1","1000.1038411001475","0","true"
"Specification-ModerateRiskAversion__Cost-1__Fee-American__Starts-50","8","64","0","P","2","9","P Files","P Liability Signal: 7","7","0.10809999999999999","false","1000.1038411001475","1000.1038411001475","2","No","0","1000.0000018768001","0.10383922334744966","false"
"Specification-ModerateRiskAversion__Cost-1__Fee-American__Starts-50","8","65","0","P","5","20","P Abandons","P Liability Signal: 7;P Files: 1;D Answers: 1","7,1,1","0.047246186000000003","false","1000.0411805691384","1000.0411805691384","1","Yes","0","999.9736326631662","0.067547905972219269","false"
"Specification-ModerateRiskAversion__Cost-1__Fee-American__Starts-50","8","65","0","P","5","20","P Abandons","P Liability Signal: 7;P Files: 1;D Answers: 1","7,1,1","0.047246186000000003","false","1000.0411805691384","1000.0411805691384","2","No","1","1000.0411805691384","0","true"
"Specification-ModerateRiskAversion__Cost-1__Fee-American__Starts-50","8","66","0","P","7","14","P Offer","P Liability Signal: 7;P Files: 1;D Answers: 1;P Abandons: 1","7,1,1,1","0","true","","","1","0.05","0.10000000000000001","","",""
"Specification-ModerateRiskAversion__Cost-1__Fee-American__Starts-50","8","66","0","P","7","14","P Offer","P Liability Signal: 7;P Files: 1;D Answers: 1;P Abandons: 1","7,1,1,1","0","true","","","2","0.15","0.10000000000000001","","",""
"Specification-ModerateRiskAversion__Cost-1__Fee-American__Starts-50","8","66","0","P","7","14","P Offer","P Liability Signal: 7;P Files: 1;D Answers: 1;P Abandons: 1","7,1,1,1","0","true","","","3","0.25","0.10000000000000001","","",""
"Specification-ModerateRiskAversion__Cost-1__Fee-American__Starts-50","8","66","0","P","7","14","P Offer","P Liability Signal: 7;P Files: 1;D Answers: 1;P Abandons: 1","7,1,1,1","0","true","","","4","0.35","0.10000000000000001","","",""
"Specification-ModerateRiskAversion__Cost-1__Fee-American__Starts-50","8","66","0","P","7","14","P Offer","P Liability Signal: 7;P Files: 1;D Answers: 1;P Abandons: 1","7,1,1,1","0","true","","","5","0.45","0.10000000000000001","","",""
"Specification-ModerateRiskAversion__Cost-1__Fee-American__Starts-50","8","66","0","P","7","14","P Offer","P Liability Signal: 7;P Files: 1;D Answers: 1;P Abandons: 1","7,1,1,1","0","true","","","6","0.55","0.10000000000000001","","",""
"Specification-ModerateRiskAversion__Cost-1__Fee-American__Starts-50","8","66","0","P","7","14","P Offer","P Liability Signal: 7;P Files: 1;D Answers: 1;P Abandons: 1","7,1,1,1","0","true","","","7","0.65","0.10000000000000001","","",""
"Specification-ModerateRiskAversion__Cost-1__Fee-American__Starts-50","8","66","0","P","7","14","P Offer","P Liability Signal: 7;P Files: 1;D Answers: 1;P Abandons: 1","7,1,1,1","0","true","","","8","0.75","0.10000000000000001","","",""
"Specification-ModerateRiskAversion__Cost-1__Fee-American__Starts-50","8","66","0","P","7","14","P Offer","P Liability Signal: 7;P Files: 1;D Answers: 1;P Abandons: 1","7,1,1,1","0","true","","","9","0.85","0.10000000000000001","","",""
"Specification-ModerateRiskAversion__Cost-1__Fee-American__Starts-50","8","66","0","P","7","14","P Offer","P Liability Signal: 7;P Files: 1;D Answers: 1;P Abandons: 1","7,1,1,1","0","true","","","10","0.95","0.10000000000000001","","",""
"Specification-ModerateRiskAversion__Cost-1__Fee-American__Starts-50","8","67","0","P","7","14","P Offer","P Liability Signal: 7;P Files: 1;D Answers: 1;P Abandons: 2","7,1,1,2","0.047246186000000003","false","1000.0411805691384","1000.0411805691384","1","0.05","0","999.98037987760017","0.06080069153824752","false"
"Specification-ModerateRiskAversion__Cost-1__Fee-American__Starts-50","8","67","0","P","7","14","P Offer","P Liability Signal: 7;P Files: 1;D Answers: 1;P Abandons: 2","7,1,1,2","0.047246186000000003","false","1000.0411805691384","1000.0411805691384","2","0.15","0","1000.0000018768","0.041178692338462497","false"
"Specification-ModerateRiskAversion__Cost-1__Fee-American__Starts-50","8","67","0","P","7","14","P Offer","P Liability Signal: 7;P Files: 1;D Answers: 1;P Abandons: 2","7,1,1,2","0.047246186000000003","false","1000.0411805691384","1000.0411805691384","3","0.25","0","1000.0411805691384","0","true"
"Specification-ModerateRiskAversion__Cost-1__Fee-American__Starts-50","8","67","0","P","7","14","P Offer","P Liability Signal: 7;P Files: 1;D Answers: 1;P Abandons: 2","7,1,1,2","0.047246186000000003","false","1000.0411805691384","1000.0411805691384","4","0.35","0","1000.0411805691384","0","true"
"Specification-ModerateRiskAversion__Cost-1__Fee-American__Starts-50","8","67","0","P","7","14","P Offer","P Liability Signal: 7;P Files: 1;D Answers: 1;P Abandons: 2","7,1,1,2","0.047246186000000003","false","1000.0411805691384","1000.0411805691384","5","0.45","0","1000.0411805691384","0","true"
"Specification-ModerateRiskAversion__Cost-1__Fee-American__Starts-50","8","67","0","P","7","14","P Offer","P Liability Signal: 7;P Files: 1;D Answers: 1;P Abandons: 2","7,1,1,2","0.047246186000000003","false","1000.0411805691384","1000.0411805691384","6","0.55","0","1000.0411805691384","0","true"
"Specification-ModerateRiskAversion__Cost-1__Fee-American__Starts-50","8","67","0","P","7","14","P Offer","P Liability Signal: 7;P Files: 1;D Answers: 1;P Abandons: 2","7,1,1,2","0.047246186000000003","false","1000.0411805691384","1000.0411805691384","7","0.65","0","1000.0411805691384","0","true"
"Specification-ModerateRiskAversion__Cost-1__Fee-American__Starts-50","8","67","0","P","7","14","P Offer","P Liability Signal: 7;P Files: 1;D Answers: 1;P Abandons: 2","7,1,1,2","0.047246186000000003","false","1000.0411805691384","1000.0411805691384","8","0.75","0","1000.0411805691384","0","true"
"Specification-ModerateRiskAversion__Cost-1__Fee-American__Starts-50","8","67","0","P","7","14","P Offer","P Liability Signal: 7;P Files: 1;D Answers: 1;P Abandons: 2","7,1,1,2","0.047246186000000003","false","1000.0411805691384","1000.0411805691384","9","0.85","0","1000.0411805691384","0","true"
"Specification-ModerateRiskAversion__Cost-1__Fee-American__Starts-50","8","67","0","P","7","14","P Offer","P Liability Signal: 7;P Files: 1;D Answers: 1;P Abandons: 2","7,1,1,2","0.047246186000000003","false","1000.0411805691384","1000.0411805691384","10","0.95","1","1000.0411805691384","0","true"
"Specification-ModerateRiskAversion__Cost-1__Fee-American__Starts-50","8","68","0","P","2","9","P Files","P Liability Signal: 8","8","0.10618","false","1000.1262963108304","1000.1262963108304","1","Yes","1","1000.1262963108304","0","true"
"Specification-ModerateRiskAversion__Cost-1__Fee-American__Starts-50","8","68","0","P","2","9","P Files","P Liability Signal: 8","8","0.10618","false","1000.1262963108304","1000.1262963108304","2","No","0","1000.0000018767998","0.12629443403056939","false"
"Specification-ModerateRiskAversion__Cost-1__Fee-American__Starts-50","8","69","0","P","5","20","P Abandons","P Liability Signal: 8;P Files: 1;D Answers: 1","8,1,1","0.034134746399999999","false","1000.0710115591341","1000.0710115591341","1","Yes","0","999.97958364725798","0.091427911876166945","false"
"Specification-ModerateRiskAversion__Cost-1__Fee-American__Starts-50","8","69","0","P","5","20","P Abandons","P Liability Signal: 8;P Files: 1;D Answers: 1","8,1,1","0.034134746399999999","false","1000.0710115591341","1000.0710115591341","2","No","1","1000.0710115591341","0","true"
"Specification-ModerateRiskAversion__Cost-1__Fee-American__Starts-50","8","70","0","P","7","14","P Offer","P Liability Signal: 8;P Files: 1;D Answers: 1;P Abandons: 1","8,1,1,1","0","true","","","1","0.05","0.10000000000000001","","",""
"Specification-ModerateRiskAversion__Cost-1__Fee-American__Starts-50","8","70","0","P","7","14","P Offer","P Liability Signal: 8;P Files: 1;D Answers: 1;P Abandons: 1","8,1,1,1","0","true","","","2","0.15","0.10000000000000001","","",""
"Specification-ModerateRiskAversion__Cost-1__Fee-American__Starts-50","8","70","0","P","7","14","P Offer","P Liability Signal: 8;P Files: 1;D Answers: 1;P Abandons: 1","8,1,1,1","0","true","","","3","0.25","0.10000000000000001","","",""
"Specification-ModerateRiskAversion__Cost-1__Fee-American__Starts-50","8","70","0","P","7","14","P Offer","P Liability Signal: 8;P Files: 1;D Answers: 1;P Abandons: 1","8,1,1,1","0","true","","","4","0.35","0.10000000000000001","","",""
"Specification-ModerateRiskAversion__Cost-1__Fee-American__Starts-50","8","70","0","P","7","14","P Offer","P Liability Signal: 8;P Files: 1;D Answers: 1;P Abandons: 1","8,1,1,1","0","true","","","5","0.45","0.10000000000000001","","",""
"Specification-ModerateRiskAversion__Cost-1__Fee-American__Starts-50","8","70","0","P","7","14","P Offer","P Liability Signal: 8;P Files: 1;D Answers: 1;P Abandons: 1","8,1,1,1","0","true","","","6","0.55","0.10000000000000001","","",""
"Specification-ModerateRiskAversion__Cost-1__Fee-American__Starts-50","8","70","0","P","7","14","P Offer","P Liability Signal: 8;P Files: 1;D Answers: 1;P Abandons: 1","8,1,1,1","0","true","","","7","0.65","0.10000000000000001","","",""
"Specification-ModerateRiskAversion__Cost-1__Fee-American__Starts-50","8","70","0","P","7","14","P Offer","P Liability Signal: 8;P Files: 1;D Answers: 1;P Abandons: 1","8,1,1,1","0","true","","","8","0.75","0.10000000000000001","","",""
"Specification-ModerateRiskAversion__Cost-1__Fee-American__Starts-50","8","70","0","P","7","14","P Offer","P Liability Signal: 8;P Files: 1;D Answers: 1;P Abandons: 1","8,1,1,1","0","true","","","9","0.85","0.10000000000000001","","",""
"Specification-ModerateRiskAversion__Cost-1__Fee-American__Starts-50","8","70","0","P","7","14","P Offer","P Liability Signal: 8;P Files: 1;D Answers: 1;P Abandons: 1","8,1,1,1","0","true","","","10","0.95","0.10000000000000001","","",""
"Specification-ModerateRiskAversion__Cost-1__Fee-American__Starts-50","8","71","0","P","7","14","P Offer","P Liability Signal: 8;P Files: 1;D Answers: 1;P Abandons: 2","8,1,1,2","0.034134746399999999","false","1000.0710115591341","1000.0710115591341","1","0.05","0","999.98037987759994","0.0906316815342052","false"
"Specification-ModerateRiskAversion__Cost-1__Fee-American__Starts-50","8","71","0","P","7","14","P Offer","P Liability Signal: 8;P Files: 1;D Answers: 1;P Abandons: 2","8,1,1,2","0.034134746399999999","false","1000.0710115591341","1000.0710115591341","2","0.15","0","1000.0000018768001","0.071009682334079116","false"
"Specification-ModerateRiskAversion__Cost-1__Fee-American__Starts-50","8","71","0","P","7","14","P Offer","P Liability Signal: 8;P Files: 1;D Answers: 1;P Abandons: 2","8,1,1,2","0.034134746399999999","false","1000.0710115591341","1000.0710115591341","3","0.25","0","1000.0710115591341","0","true"
"Specification-ModerateRiskAversion__Cost-1__Fee-American__Starts-50","8","71","0","P","7","14","P Offer","P Liability Signal: 8;P Files: 1;D Answers: 1;P Abandons: 2","8,1,1,2","0.034134746399999999","false","1000.0710115591341","1000.0710115591341","4","0.35","0","1000.0710115591341","0","true"
"Specification-ModerateRiskAversion__Cost-1__Fee-American__Starts-50","8","71","0","P","7","14","P Offer","P Liability Signal: 8;P Files: 1;D Answers: 1;P Abandons: 2","8,1,1,2","0.034134746399999999","false","1000.0710115591341","1000.0710115591341","5","0.45","0","1000.0710115591341","0","true"
"Specification-ModerateRiskAversion__Cost-1__Fee-American__Starts-50","8","71","0","P","7","14","P Offer","P Liability Signal: 8;P Files: 1;D Answers: 1;P Abandons: 2","8,1,1,2","0.034134746399999999","false","1000.0710115591341","1000.0710115591341","6","0.55","0","1000.0710115591341","0","true"
"Specification-ModerateRiskAversion__Cost-1__Fee-American__Starts-50","8","71","0","P","7","14","P Offer","P Liability Signal: 8;P Files: 1;D Answers: 1;P Abandons: 2","8,1,1,2","0.034134746399999999","false","1000.0710115591341","1000.0710115591341","7","0.65","0","1000.0710115591341","0","true"
"Specification-ModerateRiskAversion__Cost-1__Fee-American__Starts-50","8","71","0","P","7","14","P Offer","P Liability Signal: 8;P Files: 1;D Answers: 1;P Abandons: 2","8,1,1,2","0.034134746399999999","false","1000.0710115591341","1000.0710115591341","8","0.75","0","1000.0710115591341","0","true"
"Specification-ModerateRiskAversion__Cost-1__Fee-American__Starts-50","8","71","0","P","7","14","P Offer","P Liability Signal: 8;P Files: 1;D Answers: 1;P Abandons: 2","8,1,1,2","0.034134746399999999","false","1000.0710115591341","1000.0710115591341","9","0.85","0","1000.0710115591341","0","true"
"Specification-ModerateRiskAversion__Cost-1__Fee-American__Starts-50","8","71","0","P","7","14","P Offer","P Liability Signal: 8;P Files: 1;D Answers: 1;P Abandons: 2","8,1,1,2","0.034134746399999999","false","1000.0710115591341","1000.0710115591341","10","0.95","1","1000.0710115591341","0","true"
"Specification-ModerateRiskAversion__Cost-1__Fee-American__Starts-50","8","72","0","P","2","9","P Files","P Liability Signal: 9","9","0.097680000000000003","false","1000.1389579563828","1000.1389579563828","1","Yes","1","1000.1389579563828","0","true"
"Specification-ModerateRiskAversion__Cost-1__Fee-American__Starts-50","8","72","0","P","2","9","P Files","P Liability Signal: 9","9","0.097680000000000003","false","1000.1389579563828","1000.1389579563828","2","No","0","1000.0000018767998","0.13895607958295386","false"
"Specification-ModerateRiskAversion__Cost-1__Fee-American__Starts-50","8","73","0","P","5","20","P Abandons","P Liability Signal: 9;P Files: 1;D Answers: 1","9,1,1","0.023014384800000003","false","1000.09505591988","1000.09505591988","1","Yes","0","999.98522677549386","0.10982914438613989","false"
"Specification-ModerateRiskAversion__Cost-1__Fee-American__Starts-50","8","73","0","P","5","20","P Abandons","P Liability Signal: 9;P Files: 1;D Answers: 1","9,1,1","0.023014384800000003","false","1000.09505591988","1000.09505591988","2","No","1","1000.09505591988","0","true"
"Specification-ModerateRiskAversion__Cost-1__Fee-American__Starts-50","8","74","0","P","7","14","P Offer","P Liability Signal: 9;P Files: 1;D Answers: 1;P Abandons: 1","9,1,1,1","0","true","","","1","0.05","0.10000000000000001","","",""
"Specification-ModerateRiskAversion__Cost-1__Fee-American__Starts-50","8","74","0","P","7","14","P Offer","P Liability Signal: 9;P Files: 1;D Answers: 1;P Abandons: 1","9,1,1,1","0","true","","","2","0.15","0.10000000000000001","","",""
"Specification-ModerateRiskAversion__Cost-1__Fee-American__Starts-50","8","74","0","P","7","14","P Offer","P Liability Signal: 9;P Files: 1;D Answers: 1;P Abandons: 1","9,1,1,1","0","true","","","3","0.25","0.10000000000000001","","",""
"Specification-ModerateRiskAversion__Cost-1__Fee-American__Starts-50","8","74","0","P","7","14","P Offer","P Liability Signal: 9;P Files: 1;D Answers: 1;P Abandons: 1","9,1,1,1","0","true","","","4","0.35","0.10000000000000001","","",""
"Specification-ModerateRiskAversion__Cost-1__Fee-American__Starts-50","8","74","0","P","7","14","P Offer","P Liability Signal: 9;P Files: 1;D Answers: 1;P Abandons: 1","9,1,1,1","0","true","","","5","0.45","0.10000000000000001","","",""
"Specification-ModerateRiskAversion__Cost-1__Fee-American__Starts-50","8","74","0","P","7","14","P Offer","P Liability Signal: 9;P Files: 1;D Answers: 1;P Abandons: 1","9,1,1,1","0","true","","","6","0.55","0.10000000000000001","","",""
"Specification-ModerateRiskAversion__Cost-1__Fee-American__Starts-50","8","74","0","P","7","14","P Offer","P Liability Signal: 9;P Files: 1;D Answers: 1;P Abandons: 1","9,1,1,1","0","true","","","7","0.65","0.10000000000000001","","",""
"Specification-ModerateRiskAversion__Cost-1__Fee-American__Starts-50","8","74","0","P","7","14","P Offer","P Liability Signal: 9;P Files: 1;D Answers: 1;P Abandons: 1","9,1,1,1","0","true","","","8","0.75","0.10000000000000001","","",""
"Specification-ModerateRiskAversion__Cost-1__Fee-American__Starts-50","8","74","0","P","7","14","P Offer","P Liability Signal: 9;P Files: 1;D Answers: 1;P Abandons: 1","9,1,1,1","0","true","","","9","0.85","0.10000000000000001","","",""
"Specification-ModerateRiskAversion__Cost-1__Fee-American__Starts-50","8","74","0","P","7","14","P Offer","P Liability Signal: 9;P Files: 1;D Answers: 1;P Abandons: 1","9,1,1,1","0","true","","","10","0.95","0.10000000000000001","","",""
"Specification-ModerateRiskAversion__Cost-1__Fee-American__Starts-50","8","75","0","P","7","14","P Offer","P Liability Signal: 9;P Files: 1;D Answers: 1;P Abandons: 2","9,1,1,2","0.023014384800000003","false","1000.09505591988","1000.09505591988","1","0.05","0","999.98037987759994","0.11467604228005257","false"
"Specification-ModerateRiskAversion__Cost-1__Fee-American__Starts-50","8","75","0","P","7","14","P Offer","P Liability Signal: 9;P Files: 1;D Answers: 1;P Abandons: 2","9,1,1,2","0.023014384800000003","false","1000.09505591988","1000.09505591988","2","0.15","0","1000.0000018767998","0.095054043080153861","false"
"Specification-ModerateRiskAversion__Cost-1__Fee-American__Starts-50","8","75","0","P","7","14","P Offer","P Liability Signal: 9;P Files: 1;D Answers: 1;P Abandons: 2","9,1,1,2","0.023014384800000003","false","1000.09505591988","1000.09505591988","3","0.25","0","1000.09505591988","0","true"
"Specification-ModerateRiskAversion__Cost-1__Fee-American__Starts-50","8","75","0","P","7","14","P Offer","P Liability Signal: 9;P Files: 1;D Answers: 1;P Abandons: 2","9,1,1,2","0.023014384800000003","false","1000.09505591988","1000.09505591988","4","0.35","0","1000.09505591988","0","true"
"Specification-ModerateRiskAversion__Cost-1__Fee-American__Starts-50","8","75","0","P","7","14","P Offer","P Liability Signal: 9;P Files: 1;D Answers: 1;P Abandons: 2","9,1,1,2","0.023014384800000003","false","1000.09505591988","1000.09505591988","5","0.45","0","1000.09505591988","0","true"
"Specification-ModerateRiskAversion__Cost-1__Fee-American__Starts-50","8","75","0","P","7","14","P Offer","P Liability Signal: 9;P Files: 1;D Answers: 1;P Abandons: 2","9,1,1,2","0.023014384800000003","false","1000.09505591988","1000.09505591988","6","0.55","0","1000.09505591988","0","true"
"Specification-ModerateRiskAversion__Cost-1__Fee-American__Starts-50","8","75","0","P","7","14","P Offer","P Liability Signal: 9;P Files: 1;D Answers: 1;P Abandons: 2","9,1,1,2","0.023014384800000003","false","1000.09505591988","1000.09505591988","7","0.65","0","1000.09505591988","0","true"
"Specification-ModerateRiskAversion__Cost-1__Fee-American__Starts-50","8","75","0","P","7","14","P Offer","P Liability Signal: 9;P Files: 1;D Answers: 1;P Abandons: 2","9,1,1,2","0.023014384800000003","false","1000.09505591988","1000.09505591988","8","0.75","0","1000.09505591988","0","true"
"Specification-ModerateRiskAversion__Cost-1__Fee-American__Starts-50","8","75","0","P","7","14","P Offer","P Liability Signal: 9;P Files: 1;D Answers: 1;P Abandons: 2","9,1,1,2","0.023014384800000003","false","1000.09505591988","1000.09505591988","9","0.85","0","1000.09505591988","0","true"
"Specification-ModerateRiskAversion__Cost-1__Fee-American__Starts-50","8","75","0","P","7","14","P Offer","P Liability Signal: 9;P Files: 1;D Answers: 1;P Abandons: 2","9,1,1,2","0.023014384800000003","false","1000.09505591988","1000.09505591988","10","0.95","1","1000.09505591988","0","true"
"Specification-ModerateRiskAversion__Cost-1__Fee-American__Starts-50","8","76","0","P","2","9","P Files","P Liability Signal: 10","10","0.080430000000000001","false","1000.1454742873593","1000.1454742873593","1","Yes","1","1000.1454742873593","0","true"
"Specification-ModerateRiskAversion__Cost-1__Fee-American__Starts-50","8","76","0","P","2","9","P Files","P Liability Signal: 10","10","0.080430000000000001","false","1000.1454742873593","1000.1454742873593","2","No","0","1000.0000018767998","0.14547241055947779","false"
"Specification-ModerateRiskAversion__Cost-1__Fee-American__Starts-50","8","77","0","P","5","20","P Abandons","P Liability Signal: 10;P Files: 1;D Answers: 1","10,1,1","0.0142546089","false","1000.1129046440182","1000.1129046440182","1","Yes","0","999.99023049533423","0.12267414868392734","false"
"Specification-ModerateRiskAversion__Cost-1__Fee-American__Starts-50","8","77","0","P","5","20","P Abandons","P Liability Signal: 10;P Files: 1;D Answers: 1","10,1,1","0.0142546089","false","1000.1129046440182","1000.1129046440182","2","No","1","1000.1129046440182","0","true"
"Specification-ModerateRiskAversion__Cost-1__Fee-American__Starts-50","8","78","0","P","7","14","P Offer","P Liability Signal: 10;P Files: 1;D Answers: 1;P Abandons: 1","10,1,1,1","0","true","","","1","0.05","0.10000000000000001","","",""
"Specification-ModerateRiskAversion__Cost-1__Fee-American__Starts-50","8","78","0","P","7","14","P Offer","P Liability Signal: 10;P Files: 1;D Answers: 1;P Abandons: 1","10,1,1,1","0","true","","","2","0.15","0.10000000000000001","","",""
"Specification-ModerateRiskAversion__Cost-1__Fee-American__Starts-50","8","78","0","P","7","14","P Offer","P Liability Signal: 10;P Files: 1;D Answers: 1;P Abandons: 1","10,1,1,1","0","true","","","3","0.25","0.10000000000000001","","",""
"Specification-ModerateRiskAversion__Cost-1__Fee-American__Starts-50","8","78","0","P","7","14","P Offer","P Liability Signal: 10;P Files: 1;D Answers: 1;P Abandons: 1","10,1,1,1","0","true","","","4","0.35","0.10000000000000001","","",""
"Specification-ModerateRiskAversion__Cost-1__Fee-American__Starts-50","8","78","0","P","7","14","P Offer","P Liability Signal: 10;P Files: 1;D Answers: 1;P Abandons: 1","10,1,1,1","0","true","","","5","0.45","0.10000000000000001","","",""
"Specification-ModerateRiskAversion__Cost-1__Fee-American__Starts-50","8","78","0","P","7","14","P Offer","P Liability Signal: 10;P Files: 1;D Answers: 1;P Abandons: 1","10,1,1,1","0","true","","","6","0.55","0.10000000000000001","","",""
"Specification-ModerateRiskAversion__Cost-1__Fee-American__Starts-50","8","78","0","P","7","14","P Offer","P Liability Signal: 10;P Files: 1;D Answers: 1;P Abandons: 1","10,1,1,1","0","true","","","7","0.65","0.10000000000000001","","",""
"Specification-ModerateRiskAversion__Cost-1__Fee-American__Starts-50","8","78","0","P","7","14","P Offer","P Liability Signal: 10;P Files: 1;D Answers: 1;P Abandons: 1","10,1,1,1","0","true","","","8","0.75","0.10000000000000001","","",""
"Specification-ModerateRiskAversion__Cost-1__Fee-American__Starts-50","8","78","0","P","7","14","P Offer","P Liability Signal: 10;P Files: 1;D Answers: 1;P Abandons: 1","10,1,1,1","0","true","","","9","0.85","0.10000000000000001","","",""
"Specification-ModerateRiskAversion__Cost-1__Fee-American__Starts-50","8","78","0","P","7","14","P Offer","P Liability Signal: 10;P Files: 1;D Answers: 1;P Abandons: 1","10,1,1,1","0","true","","","10","0.95","0.10000000000000001","","",""
"Specification-ModerateRiskAversion__Cost-1__Fee-American__Starts-50","8","79","0","P","7","14","P Offer","P Liability Signal: 10;P Files: 1;D Answers: 1;P Abandons: 2","10,1,1,2","0.0142546089","false","1000.1129046440182","1000.1129046440182","1","0.05","0","999.98037987759983","0.132524766418328","false"
"Specification-ModerateRiskAversion__Cost-1__Fee-American__Starts-50","8","79","0","P","7","14","P Offer","P Liability Signal: 10;P Files: 1;D Answers: 1;P Abandons: 2","10,1,1,2","0.0142546089","false","1000.1129046440182","1000.1129046440182","2","0.15","0","1000.0000018768001","0.11290276721808823","false"
"Specification-ModerateRiskAversion__Cost-1__Fee-American__Starts-50","8","79","0","P","7","14","P Offer","P Liability Signal: 10;P Files: 1;D Answers: 1;P Abandons: 2","10,1,1,2","0.0142546089","false","1000.1129046440182","1000.1129046440182","3","0.25","0","1000.1129046440182","0","true"
"Specification-ModerateRiskAversion__Cost-1__Fee-American__Starts-50","8","79","0","P","7","14","P Offer","P Liability Signal: 10;P Files: 1;D Answers: 1;P Abandons: 2","10,1,1,2","0.0142546089","false","1000.1129046440182","1000.1129046440182","4","0.35","0","1000.1129046440182","0","true"
"Specification-ModerateRiskAversion__Cost-1__Fee-American__Starts-50","8","79","0","P","7","14","P Offer","P Liability Signal: 10;P Files: 1;D Answers: 1;P Abandons: 2","10,1,1,2","0.0142546089","false","1000.1129046440182","1000.1129046440182","5","0.45","0","1000.1129046440182","0","true"
"Specification-ModerateRiskAversion__Cost-1__Fee-American__Starts-50","8","79","0","P","7","14","P Offer","P Liability Signal: 10;P Files: 1;D Answers: 1;P Abandons: 2","10,1,1,2","0.0142546089","false","1000.1129046440182","1000.1129046440182","6","0.55","0","1000.1129046440182","0","true"
"Specification-ModerateRiskAversion__Cost-1__Fee-American__Starts-50","8","79","0","P","7","14","P Offer","P Liability Signal: 10;P Files: 1;D Answers: 1;P Abandons: 2","10,1,1,2","0.0142546089","false","1000.1129046440182","1000.1129046440182","7","0.65","0","1000.1129046440182","0","true"
"Specification-ModerateRiskAversion__Cost-1__Fee-American__Starts-50","8","79","0","P","7","14","P Offer","P Liability Signal: 10;P Files: 1;D Answers: 1;P Abandons: 2","10,1,1,2","0.0142546089","false","1000.1129046440182","1000.1129046440182","8","0.75","0","1000.1129046440182","0","true"
"Specification-ModerateRiskAversion__Cost-1__Fee-American__Starts-50","8","79","0","P","7","14","P Offer","P Liability Signal: 10;P Files: 1;D Answers: 1;P Abandons: 2","10,1,1,2","0.0142546089","false","1000.1129046440182","1000.1129046440182","9","0.85","0","1000.1129046440182","0","true"
"Specification-ModerateRiskAversion__Cost-1__Fee-American__Starts-50","8","79","0","P","7","14","P Offer","P Liability Signal: 10;P Files: 1;D Answers: 1;P Abandons: 2","10,1,1,2","0.0142546089","false","1000.1129046440182","1000.1129046440182","10","0.95","1","1000.1129046440182","0","true"
"Specification-ModerateRiskAversion__Cost-1__Fee-American__Starts-50","8","1","1","D","3","10","D Answers","D Liability Signal: 1;P Files: 1","1,1","0.080450619999999987","false","999.80242665148921","999.80242665148921","1","Yes","1","999.80242665148921","0","true"
"Specification-ModerateRiskAversion__Cost-1__Fee-American__Starts-50","8","1","1","D","3","10","D Answers","D Liability Signal: 1;P Files: 1","1,1","0.080450619999999987","false","999.80242665148921","999.80242665148921","2","No","0","998.80797684000004","0.99444981148917577","false"
"Specification-ModerateRiskAversion__Cost-1__Fee-American__Starts-50","8","3","1","D","6","21","D Defaults","D Liability Signal: 1;P Files: 1;D Answers: 1","1,1,1","0.080450619999999987","false","999.80242665148921","999.80242665148921","1","Yes","0","999.43051595956297","0.37191069192624582","false"
"Specification-ModerateRiskAversion__Cost-1__Fee-American__Starts-50","8","3","1","D","6","21","D Defaults","D Liability Signal: 1;P Files: 1;D Answers: 1","1,1,1","0.080450619999999987","false","999.80242665148921","999.80242665148921","2","No","1","999.80242665148921","0","true"
"Specification-ModerateRiskAversion__Cost-1__Fee-American__Starts-50","8","5","1","D","8","15","D Offer","D Liability Signal: 1;P Files: 1;D Answers: 1;D Defaults: 1","1,1,1,1","0","true","","","1","0.05","0.10000000000000001","","",""
"Specification-ModerateRiskAversion__Cost-1__Fee-American__Starts-50","8","5","1","D","8","15","D Offer","D Liability Signal: 1;P Files: 1;D Answers: 1;D Defaults: 1","1,1,1,1","0","true","","","2","0.15","0.10000000000000001","","",""
"Specification-ModerateRiskAversion__Cost-1__Fee-American__Starts-50","8","5","1","D","8","15","D Offer","D Liability Signal: 1;P Files: 1;D Answers: 1;D Defaults: 1","1,1,1,1","0","true","","","3","0.25","0.10000000000000001","","",""
"Specification-ModerateRiskAversion__Cost-1__Fee-American__Starts-50","8","5","1","D","8","15","D Offer","D Liability Signal: 1;P Files: 1;D Answers: 1;D Defaults: 1","1,1,1,1","0","true","","","4","0.35","0.10000000000000001","","",""
"Specification-ModerateRiskAversion__Cost-1__Fee-American__Starts-50","8","5","1","D","8","15","D Offer","D Liability Signal: 1;P Files: 1;D Answers: 1;D Defaults: 1","1,1,1,1","0","true","","","5","0.45","0.10000000000000001","","",""
"Specification-ModerateRiskAversion__Cost-1__Fee-American__Starts-50","8","5","1","D","8","15","D Offer","D Liability Signal: 1;P Files: 1;D Answers: 1;D Defaults: 1","1,1,1,1","0","true","","","6","0.55","0.10000000000000001","","",""
"Specification-ModerateRiskAversion__Cost-1__Fee-American__Starts-50","8","5","1","D","8","15","D Offer","D Liability Signal: 1;P Files: 1;D Answers: 1;D Defaults: 1","1,1,1,1","0","true","","","7","0.65","0.10000000000000001","","",""
"Specification-ModerateRiskAversion__Cost-1__Fee-American__Starts-50","8","5","1","D","8","15","D Offer","D Liability Signal: 1;P Files: 1;D Answers: 1;D Defaults: 1","1,1,1,1","0","true","","","8","0.75","0.10000000000000001","","",""
"Specification-ModerateRiskAversion__Cost-1__Fee-American__Starts-50","8","5","1","D","8","15","D Offer","D Liability Signal: 1;P Files: 1;D Answers: 1;D Defaults: 1","1,1,1,1","0","true","","","9","0.85","0.10000000000000001","","",""
"Specification-ModerateRiskAversion__Cost-1__Fee-American__Starts-50","8","5","1","D","8","15","D Offer","D Liability Signal: 1;P Files: 1;D Answers: 1;D Defaults: 1","1,1,1,1","0","true","","","10","0.95","0.10000000000000001","","",""
"Specification-ModerateRiskAversion__Cost-1__Fee-American__Starts-50","8","6","1","D","8","15","D Offer","D Liability Signal: 1;P Files: 1;D Answers: 1;D Defaults: 2","1,1,1,2","0.080450619999999987","false","999.80242665148921","999.80242665148921","1","0.05","0","999.65790772929688","0.14451892219233287","false"
"Specification-ModerateRiskAversion__Cost-1__Fee-American__Starts-50","8","6","1","D","8","15","D Offer","D Liability Signal: 1;P Files: 1;D Answers: 1;D Defaults: 2","1,1,1,2","0.080450619999999987","false","999.80242665148921","999.80242665148921","2","0.15","1","999.80242665148921","0","true"
"Specification-ModerateRiskAversion__Cost-1__Fee-American__Starts-50","8","6","1","D","8","15","D Offer","D Liability Signal: 1;P Files: 1;D Answers: 1;D Defaults: 2","1,1,1,2","0.080450619999999987","false","999.80242665148921","999.80242665148921","3","0.25","0","999.76976788766285","0.032658763826361792","false"
"Specification-ModerateRiskAversion__Cost-1__Fee-American__Starts-50","8","6","1","D","8","15","D Offer","D Liability Signal: 1;P Files: 1;D Answers: 1;D Defaults: 2","1,1,1,2","0.080450619999999987","false","999.80242665148921","999.80242665148921","4","0.35","0","999.73369276498056","0.068733886508653086","false"
"Specification-ModerateRiskAversion__Cost-1__Fee-American__Starts-50","8","6","1","D","8","15","D Offer","D Liability Signal: 1;P Files: 1;D Answers: 1;D Defaults: 2","1,1,1,2","0.080450619999999987","false","999.80242665148921","999.80242665148921","5","0.45","0","999.69381490952401","0.10861174196520551","false"
"Specification-ModerateRiskAversion__Cost-1__Fee-American__Starts-50","8","6","1","D","8","15","D Offer","D Liability Signal: 1;P Files: 1;D Answers: 1;D Defaults: 2","1,1,1,2","0.080450619999999987","false","999.80242665148921","999.80242665148921","6","0.55","0","999.64974794737475","0.15267870411446438","false"
"Specification-ModerateRiskAversion__Cost-1__Fee-American__Starts-50","8","6","1","D","8","15","D Offer","D Liability Signal: 1;P Files: 1;D Answers: 1;D Defaults: 2","1,1,1,2","0.080450619999999987","false","999.80242665148921","999.80242665148921","7","0.65","0","999.60104449820665","0.20138215328256592","false"
"Specification-ModerateRiskAversion__Cost-1__Fee-American__Starts-50","8","6","1","D","8","15","D Offer","D Liability Signal: 1;P Files: 1;D Answers: 1;D Defaults: 2","1,1,1,2","0.080450619999999987","false","999.80242665148921","999.80242665148921","8","0.75","0","999.54075651494168","0.26167013654753646","false"
"Specification-ModerateRiskAversion__Cost-1__Fee-American__Starts-50","8","6","1","D","8","15","D Offer","D Liability Signal: 1;P Files: 1;D Answers: 1;D Defaults: 2","1,1,1,2","0.080450619999999987","false","999.80242665148921","999.80242665148921","9","0.85","0","999.45917344720374","0.34325320428547457","false"
"Specification-ModerateRiskAversion__Cost-1__Fee-American__Starts-50","8","6","1","D","8","15","D Offer","D Liability Signal: 1;P Files: 1;D Answers: 1;D Defaults: 2","1,1,1,2","0.080450619999999987","false","999.80242665148921","999.80242665148921","10","0.95","0","999.35965534590468","0.44277130558452882","false"
"Specification-ModerateRiskAversion__Cost-1__Fee-American__Starts-50","8","8","1","D","3","10","D Answers","D Liability Signal: 2;P Files: 1","2,1","0.097678261199999991","false","999.75800523181772","999.75800523181772","1","Yes","1","999.75800523181772","0","true"
"Specification-ModerateRiskAversion__Cost-1__Fee-American__Starts-50","8","8","1","D","3","10","D Answers","D Liability Signal: 2;P Files: 1","2,1","0.097678261199999991","false","999.75800523181772","999.75800523181772","2","No","0","998.80797684000015","0.95002839181756826","false"
"Specification-ModerateRiskAversion__Cost-1__Fee-American__Starts-50","8","9","1","D","6","21","D Defaults","D Liability Signal: 2;P Files: 1;D Answers: 1","2,1,1","0.097678261199999991","false","999.75800523181772","999.75800523181772","1","Yes","0","999.38220307209065","0.37580215972707265","false"
"Specification-ModerateRiskAversion__Cost-1__Fee-American__Starts-50","8","9","1","D","6","21","D Defaults","D Liability Signal: 2;P Files: 1;D Answers: 1","2,1,1","0.097678261199999991","false","999.75800523181772","999.75800523181772","2","No","1","999.75800523181772","0","true"
"Specification-ModerateRiskAversion__Cost-1__Fee-American__Starts-50","8","10","1","D","8","15","D Offer","D Liability Signal: 2;P Files: 1;D Answers: 1;D Defaults: 1","2,1,1,1","0","true","","","1","0.05","0.10000000000000001","","",""
"Specification-ModerateRiskAversion__Cost-1__Fee-American__Starts-50","8","10","1","D","8","15","D Offer","D Liability Signal: 2;P Files: 1;D Answers: 1;D Defaults: 1","2,1,1,1","0","true","","","2","0.15","0.10000000000000001","","",""
"Specification-ModerateRiskAversion__Cost-1__Fee-American__Starts-50","8","10","1","D","8","15","D Offer","D Liability Signal: 2;P Files: 1;D Answers: 1;D Defaults: 1","2,1,1,1","0","true","","","3","0.25","0.10000000000000001","","",""
"Specification-ModerateRiskAversion__Cost-1__Fee-American__Starts-50","8","10","1","D","8","15","D Offer","D Liability Signal: 2;P Files: 1;D Answers: 1;D Defaults: 1","2,1,1,1","0","true","","","4","0.35","0.10000000000000001","","",""
"Specification-ModerateRiskAversion__Cost-1__Fee-American__Starts-50","8","10","1","D","8","15","D Offer","D Liability Signal: 2;P Files: 1;D Answers: 1;D Defaults: 1","2,1,1,1","0","true","","","5","0.45","0.10000000000000001","","",""
"Specification-ModerateRiskAversion__Cost-1__Fee-American__Starts-50","8","10","1","D","8","15","D Offer","D Liability Signal: 2;P Files: 1;D Answers: 1;D Defaults: 1","2,1,1,1","0","true","","","6","0.55","0.10000000000000001","","",""
"Specification-ModerateRiskAversion__Cost-1__Fee-American__Starts-50","8","10","1","D","8","15","D Offer","D Liability Signal: 2;P Files: 1;D Answers: 1;D Defaults: 1","2,1,1,1","0","true","","","7","0.65","0.10000000000000001","","",""
"Specification-ModerateRiskAversion__Cost-1__Fee-American__Starts-50","8","10","1","D","8","15","D Offer","D Liability Signal: 2;P Files: 1;D Answers: 1;D Defaults: 1","2,1,1,1","0","true","","","8","0.75","0.10000000000000001","","",""
"Specification-ModerateRiskAversion__Cost-1__Fee-American__Starts-50","8","10","1","D","8","15","D Offer","D Liability Signal: 2;P Files: 1;D Answers: 1;D Defaults: 1","2,1,1,1","0","true","","","9","0.85","0.10000000000000001","","",""
"Specification-ModerateRiskAversion__Cost-1__Fee-American__Starts-50","8","10","1","D","8","15","D Offer","D Liability Signal: 2;P Files: 1;D Answers: 1;D Defaults: 1","2,1,1,1","0","true","","","10","0.95","0.10000000000000001","","",""
"Specification-ModerateRiskAversion__Cost-1__Fee-American__Starts-50","8","11","1","D","8","15","D Offer","D Liability Signal: 2;P Files: 1;D Answers: 1;D Defaults: 2","2,1,1,2","0.097678261199999991","false","999.75800523181772","999.75800523181772","1","0.05","0","999.56638248446075","0.19162274735697338","false"
"Specification-ModerateRiskAversion__Cost-1__Fee-American__Starts-50","8","11","1","D","8","15","D Offer","D Liability Signal: 2;P Files: 1;D Answers: 1;D Defaults: 2","2,1,1,2","0.097678261199999991","false","999.75800523181772","999.75800523181772","2","0.15","1","999.75800523181772","0","true"
"Specification-ModerateRiskAversion__Cost-1__Fee-American__Starts-50","8","11","1","D","8","15","D Offer","D Liability Signal: 2;P Files: 1;D Answers: 1;D Defaults: 2","2,1,1,2","0.097678261199999991","false","999.75800523181772","999.75800523181772","3","0.25","0","999.72685334132302","0.031151890494697909","false"
"Specification-ModerateRiskAversion__Cost-1__Fee-American__Starts-50","8","11","1","D","8","15","D Offer","D Liability Signal: 2;P Files: 1;D Answers: 1;D Defaults: 2","2,1,1,2","0.097678261199999991","false","999.75800523181772","999.75800523181772","4","0.35","0","999.69244272255753","0.065562509260189472","false"
"Specification-ModerateRiskAversion__Cost-1__Fee-American__Starts-50","8","11","1","D","8","15","D Offer","D Liability Signal: 2;P Files: 1;D Answers: 1;D Defaults: 2","2,1,1,2","0.097678261199999991","false","999.75800523181772","999.75800523181772","5","0.45","0","999.65440482887152","0.10360040294619921","false"
"Specification-ModerateRiskAversion__Cost-1__Fee-American__Starts-50","8","11","1","D","8","15","D Offer","D Liability Signal: 2;P Files: 1;D Answers: 1;D Defaults: 2","2,1,1,2","0.097678261199999991","false","999.75800523181772","999.75800523181772","6","0.55","0","999.61237111361504","0.14563411820267902","false"
"Specification-ModerateRiskAversion__Cost-1__Fee-American__Starts-50","8","11","1","D","8","15","D Offer","D Liability Signal: 2;P Files: 1;D Answers: 1;D Defaults: 2","2,1,1,2","0.097678261199999991","false","999.75800523181772","999.75800523181772","7","0.65","0","999.56591483856243","0.19209039325528465","false"
"Specification-ModerateRiskAversion__Cost-1__Fee-American__Starts-50","8","11","1","D","8","15","D Offer","D Liability Signal: 2;P Files: 1;D Answers: 1;D Defaults: 2","2,1,1,2","0.097678261199999991","false","999.75800523181772","999.75800523181772","8","0.75","0","999.50903938992178","0.24896584189593796","false"
"Specification-ModerateRiskAversion__Cost-1__Fee-American__Starts-50","8","11","1","D","8","15","D Offer","D Liability Signal: 2;P Files: 1;D Answers: 1;D Defaults: 2","2,1,1,2","0.097678261199999991","false","999.75800523181772","999.75800523181772","9","0.85","0","999.428602451458","0.3294027803597146","false"
"Specification-ModerateRiskAversion__Cost-1__Fee-American__Starts-50","8","11","1","D","8","15","D Offer","D Liability Signal: 2;P Files: 1;D Answers: 1;D Defaults: 2","2,1,1,2","0.097678261199999991","false","999.75800523181772","999.75800523181772","10","0.95","0","999.32403764928608","0.43396758253163625","false"
"Specification-ModerateRiskAversion__Cost-1__Fee-American__Starts-50","8","12","1","D","3","10","D Answers","D Liability Signal: 3;P Files: 1","3,1","0.10618020860000001","false","999.67042823456575","999.67042823456575","1","Yes","1","999.67042823456575","0","true"
"Specification-ModerateRiskAversion__Cost-1__Fee-American__Starts-50","8","12","1","D","3","10","D Answers","D Liability Signal: 3;P Files: 1","3,1","0.10618020860000001","false","999.67042823456575","999.67042823456575","2","No","0","998.80797683999992","0.86245139456582365","false"
"Specification-ModerateRiskAversion__Cost-1__Fee-American__Starts-50","8","13","1","D","6","21","D Defaults","D Liability Signal: 3;P Files: 1;D Answers: 1","3,1,1","0.10618020860000001","false","999.67042823456575","999.67042823456575","1","Yes","0","999.30397217696679","0.36645605759895261","false"
"Specification-ModerateRiskAversion__Cost-1__Fee-American__Starts-50","8","13","1","D","6","21","D Defaults","D Liability Signal: 3;P Files: 1;D Answers: 1","3,1,1","0.10618020860000001","false","999.67042823456575","999.67042823456575","2","No","1","999.67042823456575","0","true"
"Specification-ModerateRiskAversion__Cost-1__Fee-American__Starts-50","8","14","1","D","8","15","D Offer","D Liability Signal: 3;P Files: 1;D Answers: 1;D Defaults: 1","3,1,1,1","0","true","","","1","0.05","0.10000000000000001","","",""
"Specification-ModerateRiskAversion__Cost-1__Fee-American__Starts-50","8","14","1","D","8","15","D Offer","D Liability Signal: 3;P Files: 1;D Answers: 1;D Defaults: 1","3,1,1,1","0","true","","","2","0.15","0.10000000000000001","","",""
"Specification-ModerateRiskAversion__Cost-1__Fee-American__Starts-50","8","14","1","D","8","15","D Offer","D Liability Signal: 3;P Files: 1;D Answers: 1;D Defaults: 1","3,1,1,1","0","true","","","3","0.25","0.10000000000000001","","",""
"Specification-ModerateRiskAversion__Cost-1__Fee-American__Starts-50","8","14","1","D","8","15","D Offer","D Liability Signal: 3;P Files: 1;D Answers: 1;D Defaults: 1","3,1,1,1","0","true","","","4","0.35","0.10000000000000001","","",""
"Specification-ModerateRiskAversion__Cost-1__Fee-American__Starts-50","8","14","1","D","8","15","D Offer","D Liability Signal: 3;P Files: 1;D Answers: 1;D Defaults: 1","3,1,1,1","0","true","","","5","0.45","0.10000000000000001","","",""
"Specification-ModerateRiskAversion__Cost-1__Fee-American__Starts-50","8","14","1","D","8","15","D Offer","D Liability Signal: 3;P Files: 1;D Answers: 1;D Defaults: 1","3,1,1,1","0","true","","","6","0.55","0.10000000000000001","","",""
"Specification-ModerateRiskAversion__Cost-1__Fee-American__Starts-50","8","14","1","D","8","15","D Offer","D Liability Signal: 3;P Files: 1;D Answers: 1;D Defaults: 1","3,1,1,1","0","true","","","7","0.65","0.10000000000000001","","",""
"Specification-ModerateRiskAversion__Cost-1__Fee-American__Starts-50","8","14","1","D","8","15","D Offer","D Liability Signal: 3;P Files: 1;D Answers: 1;D Defaults: 1","3,1,1,1","0","true","","","8","0.75","0.10000000000000001","","",""
"Specification-ModerateRiskAversion__Cost-1__Fee-American__Starts-50","8","14","1","D","8","15","D Offer","D Liability Signal: 3;P Files: 1;D Answers: 1;D Defaults: 1","3,1,1,1","0","true","","","9","0.85","0.10000000000000001","","",""
"Specification-ModerateRiskAversion__Cost-1__Fee-American__Starts-50","8","14","1","D","8","15","D Offer","D Liability Signal: 3;P Files: 1;D Answers: 1;D Defaults: 1","3,1,1,1","0","true","","","10","0.95","0.10000000000000001","","",""
"Specification-ModerateRiskAversion__Cost-1__Fee-American__Starts-50","8","15","1","D","8","15","D Offer","D Liability Signal: 3;P Files: 1;D Answers: 1;D Defaults: 2","3,1,1,2","0.10618020859999999","false","999.67042823456586","999.67042823456586","1","0.05","0","999.41901530051496","0.25141293405090437","false"
"Specification-ModerateRiskAversion__Cost-1__Fee-American__Starts-50","8","15","1","D","8","15","D Offer","D Liability Signal: 3;P Files: 1;D Answers: 1;D Defaults: 2","3,1,1,2","0.10618020859999999","false","999.67042823456586","999.67042823456586","2","0.15","1","999.67042823456586","0","true"
"Specification-ModerateRiskAversion__Cost-1__Fee-American__Starts-50","8","15","1","D","8","15","D Offer","D Liability Signal: 3;P Files: 1;D Answers: 1;D Defaults: 2","3,1,1,2","0.10618020859999999","false","999.67042823456586","999.67042823456586","3","0.25","0","999.64170307270047","0.028725161865395421","false"
"Specification-ModerateRiskAversion__Cost-1__Fee-American__Starts-50","8","15","1","D","8","15","D Offer","D Liability Signal: 3;P Files: 1;D Answers: 1;D Defaults: 2","3,1,1,2","0.10618020859999999","false","999.67042823456586","999.67042823456586","4","0.35","0","999.60997303711542","0.060455197450437481","false"
"Specification-ModerateRiskAversion__Cost-1__Fee-American__Starts-50","8","15","1","D","8","15","D Offer","D Liability Signal: 3;P Files: 1;D Answers: 1;D Defaults: 2","3,1,1,2","0.10618020859999999","false","999.67042823456586","999.67042823456586","5","0.45","0","999.57489829090218","0.095529943663677841","false"
"Specification-ModerateRiskAversion__Cost-1__Fee-American__Starts-50","8","15","1","D","8","15","D Offer","D Liability Signal: 3;P Files: 1;D Answers: 1;D Defaults: 2","3,1,1,2","0.10618020859999999","false","999.67042823456586","999.67042823456586","6","0.55","0","999.53613899715208","0.13428923741378185","false"
"Specification-ModerateRiskAversion__Cost-1__Fee-American__Starts-50","8","15","1","D","8","15","D Offer","D Liability Signal: 3;P Files: 1;D Answers: 1;D Defaults: 2","3,1,1,2","0.10618020859999999","false","999.67042823456586","999.67042823456586","7","0.65","0","999.49330166049685","0.17712657406900689","false"
"Specification-ModerateRiskAversion__Cost-1__Fee-American__Starts-50","8","15","1","D","8","15","D Offer","D Liability Signal: 3;P Files: 1;D Answers: 1;D Defaults: 2","3,1,1,2","0.10618020859999999","false","999.67042823456586","999.67042823456586","8","0.75","0","999.44351521396379","0.22691302060206908","false"
"Specification-ModerateRiskAversion__Cost-1__Fee-American__Starts-50","8","15","1","D","8","15","D Offer","D Liability Signal: 3;P Files: 1;D Answers: 1;D Defaults: 2","3,1,1,2","0.10618020859999999","false","999.67042823456586","999.67042823456586","9","0.85","0","999.368803055434","0.30162517913186093","false"
"Specification-ModerateRiskAversion__Cost-1__Fee-American__Starts-50","8","15","1","D","8","15","D Offer","D Liability Signal: 3;P Files: 1;D Answers: 1;D Defaults: 2","3,1,1,2","0.10618020859999999","false","999.67042823456586","999.67042823456586","10","0.95","0","999.26577386766894","0.40465436689692069","false"
"Specification-ModerateRiskAversion__Cost-1__Fee-American__Starts-50","8","16","1","D","3","10","D Answers","D Liability Signal: 4;P Files: 1","4,1","0.1080961854","false","999.51338437778725","999.51338437778725","1","Yes","1","999.51338437778725","0","true"
"Specification-ModerateRiskAversion__Cost-1__Fee-American__Starts-50","8","16","1","D","3","10","D Answers","D Liability Signal: 4;P Files: 1","4,1","0.1080961854","false","999.51338437778725","999.51338437778725","2","No","0","998.80797684000004","0.70540753778720955","false"
"Specification-ModerateRiskAversion__Cost-1__Fee-American__Starts-50","8","17","1","D","6","21","D Defaults","D Liability Signal: 4;P Files: 1;D Answers: 1","4,1,1","0.1080961854","false","999.51338437778725","999.51338437778725","1","Yes","0","999.18720931086841","0.32617506691883591","false"
"Specification-ModerateRiskAversion__Cost-1__Fee-American__Starts-50","8","17","1","D","6","21","D Defaults","D Liability Signal: 4;P Files: 1;D Answers: 1","4,1,1","0.1080961854","false","999.51338437778725","999.51338437778725","2","No","1","999.51338437778725","0","true"
"Specification-ModerateRiskAversion__Cost-1__Fee-American__Starts-50","8","18","1","D","8","15","D Offer","D Liability Signal: 4;P Files: 1;D Answers: 1;D Defaults: 1","4,1,1,1","0","true","","","1","0.05","0.10000000000000001","","",""
"Specification-ModerateRiskAversion__Cost-1__Fee-American__Starts-50","8","18","1","D","8","15","D Offer","D Liability Signal: 4;P Files: 1;D Answers: 1;D Defaults: 1","4,1,1,1","0","true","","","2","0.15","0.10000000000000001","","",""
"Specification-ModerateRiskAversion__Cost-1__Fee-American__Starts-50","8","18","1","D","8","15","D Offer","D Liability Signal: 4;P Files: 1;D Answers: 1;D Defaults: 1","4,1,1,1","0","true","","","3","0.25","0.10000000000000001","","",""
"Specification-ModerateRiskAversion__Cost-1__Fee-American__Starts-50","8","18","1","D","8","15","D Offer","D Liability Signal: 4;P Files: 1;D Answers: 1;D Defaults: 1","4,1,1,1","0","true","","","4","0.35","0.10000000000000001","","",""
"Specification-ModerateRiskAversion__Cost-1__Fee-American__Starts-50","8","18","1","D","8","15","D Offer","D Liability Signal: 4;P Files: 1;D Answers: 1;D Defaults: 1","4,1,1,1","0","true","","","5","0.45","0.10000000000000001","","",""
"Specification-ModerateRiskAversion__Cost-1__Fee-American__Starts-50","8","18","1","D","8","15","D Offer","D Liability Signal: 4;P Files: 1;D Answers: 1;D Defaults: 1","4,1,1,1","0","true","","","6","0.55","0.10000000000000001","","",""
"Specification-ModerateRiskAversion__Cost-1__Fee-American__Starts-50","8","18","1","D","8","15","D Offer","D Liability Signal: 4;P Files: 1;D Answers: 1;D Defaults: 1","4,1,1,1","0","true","","","7","0.65","0.10000000000000001","","",""
"Specification-ModerateRiskAversion__Cost-1__Fee-American__Starts-50","8","18","1","D","8","15","D Offer","D Liability Signal: 4;P Files: 1;D Answers: 1;D Defaults: 1","4,1,1,1","0","true","","","8","0.75","0.10000000000000001","","",""
"Specification-ModerateRiskAversion__Cost-1__Fee-American__Starts-50","8","18","1","D","8","15","D Offer","D Liability Signal: 4;P Files: 1;D Answers: 1;D Defaults: 1","4,1,1,1","0","true","","","9","0.85","0.10000000000000001","","",""
"Specification-ModerateRiskAversion__Cost-1__Fee-American__Starts-50","8","18","1","D","8","15","D Offer","D Liability Signal: 4;P Files: 1;D Answers: 1;D Defaults: 1","4,1,1,1","0","true","","","10","0.95","0.10000000000000001","","",""
"Specification-ModerateRiskAversion__Cost-1__Fee-American__Starts-50","8","19","1","D","8","15","D Offer","D Liability Signal: 4;P Files: 1;D Answers: 1;D Defaults: 2","4,1,1,2","0.1080961854","false","999.51338437778725","999.51338437778725","1","0.05","0","999.20044480379352","0.31293957399373085","false"
"Specification-ModerateRiskAversion__Cost-1__Fee-American__Starts-50","8","19","1","D","8","15","D Offer","D Liability Signal: 4;P Files: 1;D Answers: 1;D Defaults: 2","4,1,1,2","0.1080961854","false","999.51338437778725","999.51338437778725","2","0.15","1","999.51338437778725","0","true"
"Specification-ModerateRiskAversion__Cost-1__Fee-American__Starts-50","8","19","1","D","8","15","D Offer","D Liability Signal: 4;P Files: 1;D Answers: 1;D Defaults: 2","4,1,1,2","0.1080961854","false","999.51338437778725","999.51338437778725","3","0.25","0","999.48825832346085","0.025126054326392477","false"
"Specification-ModerateRiskAversion__Cost-1__Fee-American__Starts-50","8","19","1","D","8","15","D Offer","D Liability Signal: 4;P Files: 1;D Answers: 1;D Defaults: 2","4,1,1,2","0.1080961854","false","999.51338437778725","999.51338437778725","4","0.35","0","999.46050388985225","0.05288048793499911","false"
"Specification-ModerateRiskAversion__Cost-1__Fee-American__Starts-50","8","19","1","D","8","15","D Offer","D Liability Signal: 4;P Files: 1;D Answers: 1;D Defaults: 2","4,1,1,2","0.1080961854","false","999.51338437778725","999.51338437778725","5","0.45","0","999.42982381978106","0.083560558006183783","false"
"Specification-ModerateRiskAversion__Cost-1__Fee-American__Starts-50","8","19","1","D","8","15","D Offer","D Liability Signal: 4;P Files: 1;D Answers: 1;D Defaults: 2","4,1,1,2","0.1080961854","false","999.51338437778725","999.51338437778725","6","0.55","0","999.3959208560666","0.11746352172065144","false"
"Specification-ModerateRiskAversion__Cost-1__Fee-American__Starts-50","8","19","1","D","8","15","D Offer","D Liability Signal: 4;P Files: 1;D Answers: 1;D Defaults: 2","4,1,1,2","0.1080961854","false","999.51338437778725","999.51338437778725","7","0.65","0","999.35845080618355","0.15493357160369214","false"
"Specification-ModerateRiskAversion__Cost-1__Fee-American__Starts-50","8","19","1","D","8","15","D Offer","D Liability Signal: 4;P Files: 1;D Answers: 1;D Defaults: 2","4,1,1,2","0.1080961854","false","999.51338437778725","999.51338437778725","8","0.75","0","999.32105896314397","0.19232541464327824","false"
"Specification-ModerateRiskAversion__Cost-1__Fee-American__Starts-50","8","19","1","D","8","15","D Offer","D Liability Signal: 4;P Files: 1;D Answers: 1;D Defaults: 2","4,1,1,2","0.1080961854","false","999.51338437778725","999.51338437778725","9","0.85","0","999.25990040529905","0.25348397248819765","false"
"Specification-ModerateRiskAversion__Cost-1__Fee-American__Starts-50","8","19","1","D","8","15","D Offer","D Liability Signal: 4;P Files: 1;D Answers: 1;D Defaults: 2","4,1,1,2","0.1080961854","false","999.51338437778725","999.51338437778725","10","0.95","0","999.17779689650934","0.33558748127791205","false"
"Specification-ModerateRiskAversion__Cost-1__Fee-American__Starts-50","8","20","1","D","3","10","D Answers","D Liability Signal: 5;P Files: 1","5,1","0.10760218790000001","false","999.27034893304676","999.27034893304676","1","Yes","1","999.27034893304676","0","true"
"Specification-ModerateRiskAversion__Cost-1__Fee-American__Starts-50","8","20","1","D","3","10","D Answers","D Liability Signal: 5;P Files: 1","5,1","0.10760218790000001","false","999.27034893304676","999.27034893304676","2","No","0","998.80797684000004","0.46237209304672433","false"
"Specification-ModerateRiskAversion__Cost-1__Fee-American__Starts-50","8","21","1","D","6","21","D Defaults","D Liability Signal: 5;P Files: 1;D Answers: 1","5,1,1","0.10760218790000001","false","999.27034893304676","999.27034893304676","1","Yes","0","999.03433122147112","0.23601771157564144","false"
"Specification-ModerateRiskAversion__Cost-1__Fee-American__Starts-50","8","21","1","D","6","21","D Defaults","D Liability Signal: 5;P Files: 1;D Answers: 1","5,1,1","0.10760218790000001","false","999.27034893304676","999.27034893304676","2","No","1","999.27034893304676","0","true"
"Specification-ModerateRiskAversion__Cost-1__Fee-American__Starts-50","8","22","1","D","8","15","D Offer","D Liability Signal: 5;P Files: 1;D Answers: 1;D Defaults: 1","5,1,1,1","0","true","","","1","0.05","0.10000000000000001","","",""
"Specification-ModerateRiskAversion__Cost-1__Fee-American__Starts-50","8","22","1","D","8","15","D Offer","D Liability Signal: 5;P Files: 1;D Answers: 1;D Defaults: 1","5,1,1,1","0","true","","","2","0.15","0.10000000000000001","","",""
"Specification-ModerateRiskAversion__Cost-1__Fee-American__Starts-50","8","22","1","D","8","15","D Offer","D Liability Signal: 5;P Files: 1;D Answers: 1;D Defaults: 1","5,1,1,1","0","true","","","3","0.25","0.10000000000000001","","",""
"Specification-ModerateRiskAversion__Cost-1__Fee-American__Starts-50","8","22","1","D","8","15","D Offer","D Liability Signal: 5;P Files: 1;D Answers: 1;D Defaults: 1","5,1,1,1","0","true","","","4","0.35","0.10000000000000001","","",""
"Specification-ModerateRiskAversion__Cost-1__Fee-American__Starts-50","8","22","1","D","8","15","D Offer","D Liability Signal: 5;P Files: 1;D Answers: 1;D Defaults: 1","5,1,1,1","0","true","","","5","0.45","0.10000000000000001","","",""
"Specification-ModerateRiskAversion__Cost-1__Fee-American__Starts-50","8","22","1","D","8","15","D Offer","D Liability Signal: 5;P Files: 1;D Answers: 1;D Defaults: 1","5,1,1,1","0","true","","","6","0.55","0.10000000000000001","","",""
"Specification-ModerateRiskAversion__Cost-1__Fee-American__Starts-50","8","22","1","D","8","15","D Offer","D Liability Signal: 5;P Files: 1;D Answers: 1;D Defaults: 1","5,1,1,1","0","true","","","7","0.65","0.10000000000000001","","",""
"Specification-ModerateRiskAversion__Cost-1__Fee-American__Starts-50","8","22","1","D","8","15","D Offer","D Liability Signal: 5;P Files: 1;D Answers: 1;D Defaults: 1","5,1,1,1","0","true","","","8","0.75","0.10000000000000001","","",""
"Specification-ModerateRiskAversion__Cost-1__Fee-American__Starts-50","8","22","1","D","8","15","D Offer","D Liability Signal: 5;P Files: 1;D Answers: 1;D Defaults: 1","5,1,1,1","0","true","","","9","0.85","0.10000000000000001","","",""
"Specification-ModerateRiskAversion__Cost-1__Fee-American__Starts-50","8","22","1","D","8","15","D Offer","D Liability Signal: 5;P Files: 1;D Answers: 1;D Defaults: 1","5,1,1,1","0","true","","","10","0.95","0.10000000000000001","","",""
"Specification-ModerateRiskAversion__Cost-1__Fee-American__Starts-50","8","23","1","D","8","15","D Offer","D Liability Signal: 5;P Files: 1;D Answers: 1;D Defaults: 2","5,1,1,2","0.10760218790000001","false","999.27034893304676","999.27034893304676","1","0.05","0","998.91635575170847","0.35399318133829638","false"
"Specification-ModerateRiskAversion__Cost-1__Fee-American__Starts-50","8","23","1","D","8","15","D Offer","D Liability Signal: 5;P Files: 1;D Answers: 1;D Defaults: 2","5,1,1,2","0.10760218790000001","false","999.27034893304676","999.27034893304676","2","0.15","1","999.27034893304676","0","true"
"Specification-ModerateRiskAversion__Cost-1__Fee-American__Starts-50","8","23","1","D","8","15","D Offer","D Liability Signal: 5;P Files: 1;D Answers: 1;D Defaults: 2","5,1,1,2","0.10760218790000001","false","999.27034893304676","999.27034893304676","3","0.25","0","999.24990116299955","0.020447770047212543","false"
"Specification-ModerateRiskAversion__Cost-1__Fee-American__Starts-50","8","23","1","D","8","15","D Offer","D Liability Signal: 5;P Files: 1;D Answers: 1;D Defaults: 2","5,1,1,2","0.10760218790000001","false","999.27034893304676","999.27034893304676","4","0.35","0","999.22731439832728","0.043034534719481599","false"
"Specification-ModerateRiskAversion__Cost-1__Fee-American__Starts-50","8","23","1","D","8","15","D Offer","D Liability Signal: 5;P Files: 1;D Answers: 1;D Defaults: 2","5,1,1,2","0.10760218790000001","false","999.27034893304676","999.27034893304676","5","0.45","0","999.20234672892354","0.06800220412321778","false"
"Specification-ModerateRiskAversion__Cost-1__Fee-American__Starts-50","8","23","1","D","8","15","D Offer","D Liability Signal: 5;P Files: 1;D Answers: 1;D Defaults: 2","5,1,1,2","0.10760218790000001","false","999.27034893304676","999.27034893304676","6","0.55","0","999.1747562446817","0.095592688365059075","false"
"Specification-ModerateRiskAversion__Cost-1__Fee-American__Starts-50","8","23","1","D","8","15","D Offer","D Liability Signal: 5;P Files: 1;D Answers: 1;D Defaults: 2","5,1,1,2","0.10760218790000001","false","999.27034893304676","999.27034893304676","7","0.65","0","999.14426283916293","0.12608609388382774","false"
"Specification-ModerateRiskAversion__Cost-1__Fee-American__Starts-50","8","23","1","D","8","15","D Offer","D Liability Signal: 5;P Files: 1;D Answers: 1;D Defaults: 2","5,1,1,2","0.10760218790000001","false","999.27034893304676","999.27034893304676","8","0.75","0","999.12439069700224","0.14595823604452107","false"
"Specification-ModerateRiskAversion__Cost-1__Fee-American__Starts-50","8","23","1","D","8","15","D Offer","D Liability Signal: 5;P Files: 1;D Answers: 1;D Defaults: 2","5,1,1,2","0.10760218790000001","false","999.27034893304676","999.27034893304676","9","0.85","0","999.08577852347707","0.1845704095696874","false"
"Specification-ModerateRiskAversion__Cost-1__Fee-American__Starts-50","8","23","1","D","8","15","D Offer","D Liability Signal: 5;P Files: 1;D Answers: 1;D Defaults: 2","5,1,1,2","0.10760218790000001","false","999.27034893304676","999.27034893304676","10","0.95","0","999.06109726383613","0.2092516692106301","false"
"Specification-ModerateRiskAversion__Cost-1__Fee-American__Starts-50","8","24","1","D","3","10","D Answers","D Liability Signal: 6;P Files: 1","6,1","0.10760135250000001","false","998.97710303776194","998.97710303776194","1","Yes","1","998.97710303776194","0","true"
"Specification-ModerateRiskAversion__Cost-1__Fee-American__Starts-50","8","24","1","D","3","10","D Answers","D Liability Signal: 6;P Files: 1","6,1","0.10760135250000001","false","998.97710303776194","998.97710303776194","2","No","0","998.80797684000004","0.16912619776189786","false"
"Specification-ModerateRiskAversion__Cost-1__Fee-American__Starts-50","8","25","1","D","6","21","D Defaults","D Liability Signal: 6;P Files: 1;D Answers: 1","6,1,1","0.10760135250000001","false","998.97710303776194","998.97710303776194","1","Yes","1","998.97710303776194","0","true"
"Specification-ModerateRiskAversion__Cost-1__Fee-American__Starts-50","8","25","1","D","6","21","D Defaults","D Liability Signal: 6;P Files: 1;D Answers: 1","6,1,1","0.10760135250000001","false","998.97710303776194","998.97710303776194","2","No","0","998.87402171628219","0.10308132147974902","false"
"Specification-ModerateRiskAversion__Cost-1__Fee-American__Starts-50","8","26","1","D","8","15","D Offer","D Liability Signal: 6;P Files: 1;D Answers: 1;D Defaults: 1","6,1,1,1","0.10760135250000001","false","998.97710303776194","998.97710303776194","1","0.05","0","998.32566678719991","0.65143625056202836","false"
"Specification-ModerateRiskAversion__Cost-1__Fee-American__Starts-50","8","26","1","D","8","15","D Offer","D Liability Signal: 6;P Files: 1;D Answers: 1;D Defaults: 1","6,1,1,1","0.10760135250000001","false","998.97710303776194","998.97710303776194","2","0.15","1","998.97710303776194","0","true"
"Specification-ModerateRiskAversion__Cost-1__Fee-American__Starts-50","8","26","1","D","8","15","D Offer","D Liability Signal: 6;P Files: 1;D Answers: 1;D Defaults: 1","6,1,1,1","0.10760135250000001","false","998.97710303776194","998.97710303776194","3","0.25","0","998.96178410345635","0.015318934305582843","false"
"Specification-ModerateRiskAversion__Cost-1__Fee-American__Starts-50","8","26","1","D","8","15","D Offer","D Liability Signal: 6;P Files: 1;D Answers: 1;D Defaults: 1","6,1,1,1","0.10760135250000001","false","998.97710303776194","998.97710303776194","4","0.35","0","998.94486269034417","0.032240347417769044","false"
"Specification-ModerateRiskAversion__Cost-1__Fee-American__Starts-50","8","26","1","D","8","15","D Offer","D Liability Signal: 6;P Files: 1;D Answers: 1;D Defaults: 1","6,1,1,1","0.10760135250000001","false","998.97710303776194","998.97710303776194","5","0.45","0","998.92615756570331","0.050945472058629093","false"
"Specification-ModerateRiskAversion__Cost-1__Fee-American__Starts-50","8","26","1","D","8","15","D Offer","D Liability Signal: 6;P Files: 1;D Answers: 1;D Defaults: 1","6,1,1,1","0.10760135250000001","false","998.97710303776194","998.97710303776194","6","0.55","0","998.90548749681136","0.071615540950574541","false"
"Specification-ModerateRiskAversion__Cost-1__Fee-American__Starts-50","8","26","1","D","8","15","D Offer","D Liability Signal: 6;P Files: 1;D Answers: 1;D Defaults: 1","6,1,1,1","0.10760135250000001","false","998.97710303776194","998.97710303776194","7","0.65","0","998.88264263525343","0.094460402508502739","false"
"Specification-ModerateRiskAversion__Cost-1__Fee-American__Starts-50","8","26","1","D","8","15","D Offer","D Liability Signal: 6;P Files: 1;D Answers: 1;D Defaults: 1","6,1,1,1","0.10760135250000001","false","998.97710303776194","998.97710303776194","8","0.75","0","998.89401311991298","0.0830899178489517","false"
"Specification-ModerateRiskAversion__Cost-1__Fee-American__Starts-50","8","26","1","D","8","15","D Offer","D Liability Signal: 6;P Files: 1;D Answers: 1;D Defaults: 1","6,1,1,1","0.10760135250000001","false","998.97710303776194","998.97710303776194","9","0.85","0","998.9056177741852","0.071485263576732905","false"
"Specification-ModerateRiskAversion__Cost-1__Fee-American__Starts-50","8","26","1","D","8","15","D Offer","D Liability Signal: 6;P Files: 1;D Answers: 1;D Defaults: 1","6,1,1,1","0.10760135250000001","false","998.97710303776194","998.97710303776194","10","0.95","0","998.93024874383218","0.046854293929754931","false"
"Specification-ModerateRiskAversion__Cost-1__Fee-American__Starts-50","8","27","1","D","8","15","D Offer","D Liability Signal: 6;P Files: 1;D Answers: 1;D Defaults: 2","6,1,1,2","0","true","","","1","0.05","0.10000000000000001","","",""
"Specification-ModerateRiskAversion__Cost-1__Fee-American__Starts-50","8","27","1","D","8","15","D Offer","D Liability Signal: 6;P Files: 1;D Answers: 1;D Defaults: 2","6,1,1,2","0","true","","","2","0.15","0.10000000000000001","","",""
"Specification-ModerateRiskAversion__Cost-1__Fee-American__Starts-50","8","27","1","D","8","15","D Offer","D Liability Signal: 6;P Files: 1;D Answers: 1;D Defaults: 2","6,1,1,2","0","true","","","3","0.25","0.10000000000000001","","",""
"Specification-ModerateRiskAversion__Cost-1__Fee-American__Starts-50","8","27","1","D","8","15","D Offer","D Liability Signal: 6;P Files: 1;D Answers: 1;D Defaults: 2","6,1,1,2","0","true","","","4","0.35","0.10000000000000001","","",""
"Specification-ModerateRiskAversion__Cost-1__Fee-American__Starts-50","8","27","1","D","8","15","D Offer","D Liability Signal: 6;P Files: 1;D Answers: 1;D Defaults: 2","6,1,1,2","0","true","","","5","0.45","0.10000000000000001","","",""
"Specification-ModerateRiskAversion__Cost-1__Fee-American__Starts-50","8","27","1","D","8","15","D Offer","D Liability Signal: 6;P Files: 1;D Answers: 1;D Defaults: 2","6,1,1,2","0","true","","","6","0.55","0.10000000000000001","","",""
"Specification-ModerateRiskAversion__Cost-1__Fee-American__Starts-50","8","27","1","D","8","15","D Offer","D Liability Signal: 6;P Files: 1;D Answers: 1;D Defaults: 2","6,1,1,2","0","true","","","7","0.65","0.10000000000000001","","",""
"Specification-ModerateRiskAversion__Cost-1__Fee-American__Starts-50","8","27","1","D","8","15","D Offer","D Liability Signal: 6;P Files: 1;D Answers: 1;D Defaults: 2","6,1,1,2","0","true","","","8","0.75","0.10000000000000001","","",""
"Specification-ModerateRiskAversion__Cost-1__Fee-American__Starts-50","8","27","1","D","8","15","D Offer","D Liability Signal: 6;P Files: 1;D Answers: 1;D Defaults: 2","6,1,1,2","0","true","","","9","0.85","0.10000000000000001","","",""
"Specification-ModerateRiskAversion__Cost-1__Fee-American__Starts-50","8","27","1","D","8","15","D Offer","D Liability Signal: 6;P Files: 1;D Answers: 1;D Defaults: 2","6,1,1,2","0","true","","","10","0.95","0.10000000000000001","","",""
"Specification-ModerateRiskAversion__Cost-1__Fee-American__Starts-50","8","28","1","D","3","10","D Answers","D Liability Signal: 7;P Files: 1","7,1","0.1080937146","false","998.80797684000004","998.80797684000004","1","Yes","0","998.6512990045602","0.1566778354398366","false"
"Specification-ModerateRiskAversion__Cost-1__Fee-American__Starts-50","8","28","1","D","3","10","D Answers","D Liability Signal: 7;P Files: 1","7,1","0.1080937146","false","998.80797684000004","998.80797684000004","2","No","1","998.80797684000004","0","true"
"Specification-ModerateRiskAversion__Cost-1__Fee-American__Starts-50","8","29","1","D","6","21","D Defaults","D Liability Signal: 7;P Files: 1;D Answers: 1","7,1,1","0","true","","","1","Yes","0.5","","",""
"Specification-ModerateRiskAversion__Cost-1__Fee-American__Starts-50","8","29","1","D","6","21","D Defaults","D Liability Signal: 7;P Files: 1;D Answers: 1","7,1,1","0","true","","","2","No","0.5","","",""
"Specification-ModerateRiskAversion__Cost-1__Fee-American__Starts-50","8","30","1","D","8","15","D Offer","D Liability Signal: 7;P Files: 1;D Answers: 1;D Defaults: 1","7,1,1,1","0","true","","","1","0.05","0.10000000000000001","","",""
"Specification-ModerateRiskAversion__Cost-1__Fee-American__Starts-50","8","30","1","D","8","15","D Offer","D Liability Signal: 7;P Files: 1;D Answers: 1;D Defaults: 1","7,1,1,1","0","true","","","2","0.15","0.10000000000000001","","",""
"Specification-ModerateRiskAversion__Cost-1__Fee-American__Starts-50","8","30","1","D","8","15","D Offer","D Liability Signal: 7;P Files: 1;D Answers: 1;D Defaults: 1","7,1,1,1","0","true","","","3","0.25","0.10000000000000001","","",""
"Specification-ModerateRiskAversion__Cost-1__Fee-American__Starts-50","8","30","1","D","8","15","D Offer","D Liability Signal: 7;P Files: 1;D Answers: 1;D Defaults: 1","7,1,1,1","0","true","","","4","0.35","0.10000000000000001","","",""
"Specification-ModerateRiskAversion__Cost-1__Fee-American__Starts-50","8","30","1","D","8","15","D Offer","D Liability Signal: 7;P Files: 1;D Answers: 1;D Defaults: 1","7,1,1,1","0","true","","","5","0.45","0.10000000000000001","","",""
"Specification-ModerateRiskAversion__Cost-1__Fee-American__Starts-50","8","30","1","D","8","15","D Offer","D Liability Signal: 7;P Files: 1;D Answers: 1;D Defaults: 1","7,1,1,1","0","true","","","6","0.55","0.10000000000000001","","",""
"Specification-ModerateRiskAversion__Cost-1__Fee-American__Starts-50","8","30","1","D","8","15","D Offer","D Liability Signal: 7;P Files: 1;D Answers: 1;D Defaults: 1","7,1,1,1","0","true","","","7","0.65","0.10000000000000001","","",""
"Specification-ModerateRiskAversion__Cost-1__Fee-American__Starts-50","8","30","1","D","8","15","D Offer","D Liability Signal: 7;P Files: 1;D Answers: 1;D Defaults: 1","7,1,1,1","0","true","","","8","0.75","0.10000000000000001","","",""
"Specification-ModerateRiskAversion__Cost-1__Fee-American__Starts-50","8","30","1","D","8","15","D Offer","D Liability Signal: 7;P Files: 1;D Answers: 1;D Defaults: 1","7,1,1,1","0","true","","","9","0.85","0.10000000000000001","","",""
"Specification-ModerateRiskAversion__Cost-1__Fee-American__Starts-50","8","30","1","D","8","15","D Offer","D Liability Signal: 7;P Files: 1;D Answers: 1;D Defaults: 1","7,1,1,1","0","true","","","10","0.95","0.10000000000000001","","",""
"Specification-ModerateRiskAversion__Cost-1__Fee-American__Starts-50","8","31","1","D","8","15","D Offer","D Liability Signal: 7;P Files: 1;D Answers: 1;D Defaults: 2","7,1,1,2","0","true","","","1","0.05","0.10000000000000001","","",""
"Specification-ModerateRiskAversion__Cost-1__Fee-American__Starts-50","8","31","1","D","8","15","D Offer","D Liability Signal: 7;P Files: 1;D Answers: 1;D Defaults: 2","7,1,1,2","0","true","","","2","0.15","0.10000000000000001","","",""
"Specification-ModerateRiskAversion__Cost-1__Fee-American__Starts-50","8","31","1","D","8","15","D Offer","D Liability Signal: 7;P Files: 1;D Answers: 1;D Defaults: 2","7,1,1,2","0","true","","","3","0.25","0.10000000000000001","","",""
"Specification-ModerateRiskAversion__Cost-1__Fee-American__Starts-50","8","31","1","D","8","15","D Offer","D Liability Signal: 7;P Files: 1;D Answers: 1;D Defaults: 2","7,1,1,2","0","true","","","4","0.35","0.10000000000000001","","",""
"Specification-ModerateRiskAversion__Cost-1__Fee-American__Starts-50","8","31","1","D","8","15","D Offer","D Liability Signal: 7;P Files: 1;D Answers: 1;D Defaults: 2","7,1,1,2","0","true","","","5","0.45","0.10000000000000001","","",""
"Specification-ModerateRiskAversion__Cost-1__Fee-American__Starts-50","8","31","1","D","8","15","D Offer","D Liability Signal: 7;P Files: 1;D Answers: 1;D Defaults: 2","7,1,1,2","0","true","","","6","0.55","0.10000000000000001","","",""
"Specification-ModerateRiskAversion__Cost-1__Fee-American__Starts-50","8","31","1","D","8","15","D Offer","D Liability Signal: 7;P Files: 1;D Answers: 1;D Defaults: 2","7,1,1,2","0","true","","","7","0.65","0.10000000000000001","","",""
"Specification-ModerateRiskAversion__Cost-1__Fee-American__Starts-50","8","31","1","D","8","15","D Offer","D Liability Signal: 7;P Files: 1;D Answers: 1;D Defaults: 2","7,1,1,2","0","true","","","8","0.75","0.10000000000000001","","",""
"Specification-ModerateRiskAversion__Cost-1__Fee-American__Starts-50","8","31","1","D","8","15","D Offer","D Liability Signal: 7;P Files: 1;D Answers: 1;D Defaults: 2","7,1,1,2","0","true","","","9","0.85","0.10000000000000001","","",""
"Specification-ModerateRiskAversion__Cost-1__Fee-American__Starts-50","8","31","1","D","8","15","D Offer","D Liability Signal: 7;P Files: 1;D Answers: 1;D Defaults: 2","7,1,1,2","0","true","","","10","0.95","0.10000000000000001","","",""
"Specification-ModerateRiskAversion__Cost-1__Fee-American__Starts-50","8","32","1","D","3","10","D Answers","D Liability Signal: 8;P Files: 1","8,1","0.10617632220000001","false","998.80797683999992","998.80797683999992","1","Yes","0","998.47022949211475","0.3377473478851698","false"
"Specification-ModerateRiskAversion__Cost-1__Fee-American__Starts-50","8","32","1","D","3","10","D Answers","D Liability Signal: 8;P Files: 1","8,1","0.10617632220000001","false","998.80797683999992","998.80797683999992","2","No","1","998.80797683999992","0","true"
"Specification-ModerateRiskAversion__Cost-1__Fee-American__Starts-50","8","33","1","D","6","21","D Defaults","D Liability Signal: 8;P Files: 1;D Answers: 1","8,1,1","0","true","","","1","Yes","0.5","","",""
"Specification-ModerateRiskAversion__Cost-1__Fee-American__Starts-50","8","33","1","D","6","21","D Defaults","D Liability Signal: 8;P Files: 1;D Answers: 1","8,1,1","0","true","","","2","No","0.5","","",""
"Specification-ModerateRiskAversion__Cost-1__Fee-American__Starts-50","8","34","1","D","8","15","D Offer","D Liability Signal: 8;P Files: 1;D Answers: 1;D Defaults: 1","8,1,1,1","0","true","","","1","0.05","0.10000000000000001","","",""
"Specification-ModerateRiskAversion__Cost-1__Fee-American__Starts-50","8","34","1","D","8","15","D Offer","D Liability Signal: 8;P Files: 1;D Answers: 1;D Defaults: 1","8,1,1,1","0","true","","","2","0.15","0.10000000000000001","","",""
"Specification-ModerateRiskAversion__Cost-1__Fee-American__Starts-50","8","34","1","D","8","15","D Offer","D Liability Signal: 8;P Files: 1;D Answers: 1;D Defaults: 1","8,1,1,1","0","true","","","3","0.25","0.10000000000000001","","",""
"Specification-ModerateRiskAversion__Cost-1__Fee-American__Starts-50","8","34","1","D","8","15","D Offer","D Liability Signal: 8;P Files: 1;D Answers: 1;D Defaults: 1","8,1,1,1","0","true","","","4","0.35","0.10000000000000001","","",""
"Specification-ModerateRiskAversion__Cost-1__Fee-American__Starts-50","8","34","1","D","8","15","D Offer","D Liability Signal: 8;P Files: 1;D Answers: 1;D Defaults: 1","8,1,1,1","0","true","","","5","0.45","0.10000000000000001","","",""
"Specification-ModerateRiskAversion__Cost-1__Fee-American__Starts-50","8","34","1","D","8","15","D Offer","D Liability Signal: 8;P Files: 1;D Answers: 1;D Defaults: 1","8,1,1,1","0","true","","","6","0.55","0.10000000000000001","","",""
"Specification-ModerateRiskAversion__Cost-1__Fee-American__Starts-50","8","34","1","D","8","15","D Offer","D Liability Signal: 8;P Files: 1;D Answers: 1;D Defaults: 1","8,1,1,1","0","true","","","7","0.65","0.10000000000000001","","",""
"Specification-ModerateRiskAversion__Cost-1__Fee-American__Starts-50","8","34","1","D","8","15","D Offer","D Liability Signal: 8;P Files: 1;D Answers: 1;D Defaults: 1","8,1,1,1","0","true","","","8","0.75","0.10000000000000001","","",""
"Specification-ModerateRiskAversion__Cost-1__Fee-American__Starts-50","8","34","1","D","8","15","D Offer","D Liability Signal: 8;P Files: 1;D Answers: 1;D Defaults: 1","8,1,1,1","0","true","","","9","0.85","0.10000000000000001","","",""
"Specification-ModerateRiskAversion__Cost-1__Fee-American__Starts-50","8","34","1","D","8","15","D Offer","D Liability Signal: 8;P Files: 1;D Answers: 1;D Defaults: 1","8,1,1,1","0","true","","","10","0.95","0.10000000000000001","","",""
"Specification-ModerateRiskAversion__Cost-1__Fee-American__Starts-50","8","35","1","D","8","15","D Offer","D Liability Signal: 8;P Files: 1;D Answers: 1;D Defaults: 2","8,1,1,2","0","true","","","1","0.05","0.10000000000000001","","",""
"Specification-ModerateRiskAversion__Cost-1__Fee-American__Starts-50","8","35","1","D","8","15","D Offer","D Liability Signal: 8;P Files: 1;D Answers: 1;D Defaults: 2","8,1,1,2","0","true","","","2","0.15","0.10000000000000001","","",""
"Specification-ModerateRiskAversion__Cost-1__Fee-American__Starts-50","8","35","1","D","8","15","D Offer","D Liability Signal: 8;P Files: 1;D Answers: 1;D Defaults: 2","8,1,1,2","0","true","","","3","0.25","0.10000000000000001","","",""
"Specification-ModerateRiskAversion__Cost-1__Fee-American__Starts-50","8","35","1","D","8","15","D Offer","D Liability Signal: 8;P Files: 1;D Answers: 1;D Defaults: 2","8,1,1,2","0","true","","","4","0.35","0.10000000000000001","","",""
"Specification-ModerateRiskAversion__Cost-1__Fee-American__Starts-50","8","35","1","D","8","15","D Offer","D Liability Signal: 8;P Files: 1;D Answers: 1;D Defaults: 2","8,1,1,2","0","true","","","5","0.45","0.10000000000000001","","",""
"Specification-ModerateRiskAversion__Cost-1__Fee-American__Starts-50","8","35","1","D","8","15","D Offer","D Liability Signal: 8;P Files: 1;D Answers: 1;D Defaults: 2","8,1,1,2","0","true","","","6","0.55","0.10000000000000001","","",""
"Specification-ModerateRiskAversion__Cost-1__Fee-American__Starts-50","8","35","1","D","8","15","D Offer","D Liability Signal: 8;P Files: 1;D Answers: 1;D Defaults: 2","8,1,1,2","0","true","","","7","0.65","0.10000000000000001","","",""
"Specification-ModerateRiskAversion__Cost-1__Fee-American__Starts-50","8","35","1","D","8","15","D Offer","D Liability Signal: 8;P Files: 1;D Answers: 1;D Defaults: 2","8,1,1,2","0","true","","","8","0.75","0.10000000000000001","","",""
"Specification-ModerateRiskAversion__Cost-1__Fee-American__Starts-50","8","35","1","D","8","15","D Offer","D Liability Signal: 8;P Files: 1;D Answers: 1;D Defaults: 2","8,1,1,2","0","true","","","9","0.85","0.10000000000000001","","",""
"Specification-ModerateRiskAversion__Cost-1__Fee-American__Starts-50","8","35","1","D","8","15","D Offer","D Liability Signal: 8;P Files: 1;D Answers: 1;D Defaults: 2","8,1,1,2","0","true","","","10","0.95","0.10000000000000001","","",""
"Specification-ModerateRiskAversion__Cost-1__Fee-American__Starts-50","8","36","1","D","3","10","D Answers","D Liability Signal: 9;P Files: 1","9,1","0.097673550799999995","false","998.80797684000004","998.80797684000004","1","Yes","0","998.33992225453096","0.4680545854690763","false"
"Specification-ModerateRiskAversion__Cost-1__Fee-American__Starts-50","8","36","1","D","3","10","D Answers","D Liability Signal: 9;P Files: 1","9,1","0.097673550799999995","false","998.80797684000004","998.80797684000004","2","No","1","998.80797684000004","0","true"
"Specification-ModerateRiskAversion__Cost-1__Fee-American__Starts-50","8","37","1","D","6","21","D Defaults","D Liability Signal: 9;P Files: 1;D Answers: 1","9,1,1","0","true","","","1","Yes","0.5","","",""
"Specification-ModerateRiskAversion__Cost-1__Fee-American__Starts-50","8","37","1","D","6","21","D Defaults","D Liability Signal: 9;P Files: 1;D Answers: 1","9,1,1","0","true","","","2","No","0.5","","",""
"Specification-ModerateRiskAversion__Cost-1__Fee-American__Starts-50","8","38","1","D","8","15","D Offer","D Liability Signal: 9;P Files: 1;D Answers: 1;D Defaults: 1","9,1,1,1","0","true","","","1","0.05","0.10000000000000001","","",""
"Specification-ModerateRiskAversion__Cost-1__Fee-American__Starts-50","8","38","1","D","8","15","D Offer","D Liability Signal: 9;P Files: 1;D Answers: 1;D Defaults: 1","9,1,1,1","0","true","","","2","0.15","0.10000000000000001","","",""
"Specification-ModerateRiskAversion__Cost-1__Fee-American__Starts-50","8","38","1","D","8","15","D Offer","D Liability Signal: 9;P Files: 1;D Answers: 1;D Defaults: 1","9,1,1,1","0","true","","","3","0.25","0.10000000000000001","","",""
"Specification-ModerateRiskAversion__Cost-1__Fee-American__Starts-50","8","38","1","D","8","15","D Offer","D Liability Signal: 9;P Files: 1;D Answers: 1;D Defaults: 1","9,1,1,1","0","true","","","4","0.35","0.10000000000000001","","",""
"Specification-ModerateRiskAversion__Cost-1__Fee-American__Starts-50","8","38","1","D","8","15","D Offer","D Liability Signal: 9;P Files: 1;D Answers: 1;D Defaults: 1","9,1,1,1","0","true","","","5","0.45","0.10000000000000001","","",""
"Specification-ModerateRiskAversion__Cost-1__Fee-American__Starts-50","8","38","1","D","8","15","D Offer","D Liability Signal: 9;P Files: 1;D Answers: 1;D Defaults: 1","9,1,1,1","0","true","","","6","0.55","0.10000000000000001","","",""
"Specification-ModerateRiskAversion__Cost-1__Fee-American__Starts-50","8","38","1","D","8","15","D Offer","D Liability Signal: 9;P Files: 1;D Answers: 1;D Defaults: 1","9,1,1,1","0","true","","","7","0.65","0.10000000000000001","","",""
"Specification-ModerateRiskAversion__Cost-1__Fee-American__Starts-50","8","38","1","D","8","15","D Offer","D Liability Signal: 9;P Files: 1;D Answers: 1;D Defaults: 1","9,1,1,1","0","true","","","8","0.75","0.10000000000000001","","",""
"Specification-ModerateRiskAversion__Cost-1__Fee-American__Starts-50","8","38","1","D","8","15","D Offer","D Liability Signal: 9;P Files: 1;D Answers: 1;D Defaults: 1","9,1,1,1","0","true","","","9","0.85","0.10000000000000001","","",""
"Specification-ModerateRiskAversion__Cost-1__Fee-American__Starts-50","8","38","1","D","8","15","D Offer","D Liability Signal: 9;P Files: 1;D Answers: 1;D Defaults: 1","9,1,1,1","0","true","","","10","0.95","0.10000000000000001","","",""
"Specification-ModerateRiskAversion__Cost-1__Fee-American__Starts-50","8","39","1","D","8","15","D Offer","D Liability Signal: 9;P Files: 1;D Answers: 1;D Defaults: 2","9,1,1,2","0","true","","","1","0.05","0.10000000000000001","","",""
"Specification-ModerateRiskAversion__Cost-1__Fee-American__Starts-50","8","39","1","D","8","15","D Offer","D Liability Signal: 9;P Files: 1;D Answers: 1;D Defaults: 2","9,1,1,2","0","true","","","2","0.15","0.10000000000000001","","",""
"Specification-ModerateRiskAversion__Cost-1__Fee-American__Starts-50","8","39","1","D","8","15","D Offer","D Liability Signal: 9;P Files: 1;D Answers: 1;D Defaults: 2","9,1,1,2","0","true","","","3","0.25","0.10000000000000001","","",""
"Specification-ModerateRiskAversion__Cost-1__Fee-American__Starts-50","8","39","1","D","8","15","D Offer","D Liability Signal: 9;P Files: 1;D Answers: 1;D Defaults: 2","9,1,1,2","0","true","","","4","0.35","0.10000000000000001","","",""
"Specification-ModerateRiskAversion__Cost-1__Fee-American__Starts-50","8","39","1","D","8","15","D Offer","D Liability Signal: 9;P Files: 1;D Answers: 1;D Defaults: 2","9,1,1,2","0","true","","","5","0.45","0.10000000000000001","","",""
"Specification-ModerateRiskAversion__Cost-1__Fee-American__Starts-50","8","39","1","D","8","15","D Offer","D Liability Signal: 9;P Files: 1;D Answers: 1;D Defaults: 2","9,1,1,2","0","true","","","6","0.55","0.10000000000000001","","",""
"Specification-ModerateRiskAversion__Cost-1__Fee-American__Starts-50","8","39","1","D","8","15","D Offer","D Liability Signal: 9;P Files: 1;D Answers: 1;D Defaults: 2","9,1,1,2","0","true","","","7","0.65","0.10000000000000001","","",""
"Specification-ModerateRiskAversion__Cost-1__Fee-American__Starts-50","8","39","1","D","8","15","D Offer","D Liability Signal: 9;P Files: 1;D Answers: 1;D Defaults: 2","9,1,1,2","0","true","","","8","0.75","0.10000000000000001","","",""
"Specification-ModerateRiskAversion__Cost-1__Fee-American__Starts-50","8","39","1","D","8","15","D Offer","D Liability Signal: 9;P Files: 1;D Answers: 1;D Defaults: 2","9,1,1,2","0","true","","","9","0.85","0.10000000000000001","","",""
"Specification-ModerateRiskAversion__Cost-1__Fee-American__Starts-50","8","39","1","D","8","15","D Offer","D Liability Signal: 9;P Files: 1;D Answers: 1;D Defaults: 2","9,1,1,2","0","true","","","10","0.95","0.10000000000000001","","",""
"Specification-ModerateRiskAversion__Cost-1__Fee-American__Starts-50","8","40","1","D","3","10","D Answers","D Liability Signal: 10;P Files: 1","10,1","0.080447596799999993","false","998.80797684000026","998.80797684000026","1","Yes","0","998.25438023572508","0.5535966042751852","false"
"Specification-ModerateRiskAversion__Cost-1__Fee-American__Starts-50","8","40","1","D","3","10","D Answers","D Liability Signal: 10;P Files: 1","10,1","0.080447596799999993","false","998.80797684000026","998.80797684000026","2","No","1","998.80797684000026","0","true"
"Specification-ModerateRiskAversion__Cost-1__Fee-American__Starts-50","8","41","1","D","6","21","D Defaults","D Liability Signal: 10;P Files: 1;D Answers: 1","10,1,1","0","true","","","1","Yes","0.5","","",""
"Specification-ModerateRiskAversion__Cost-1__Fee-American__Starts-50","8","41","1","D","6","21","D Defaults","D Liability Signal: 10;P Files: 1;D Answers: 1","10,1,1","0","true","","","2","No","0.5","","",""
"Specification-ModerateRiskAversion__Cost-1__Fee-American__Starts-50","8","42","1","D","8","15","D Offer","D Liability Signal: 10;P Files: 1;D Answers: 1;D Defaults: 1","10,1,1,1","0","true","","","1","0.05","0.10000000000000001","","",""
"Specification-ModerateRiskAversion__Cost-1__Fee-American__Starts-50","8","42","1","D","8","15","D Offer","D Liability Signal: 10;P Files: 1;D Answers: 1;D Defaults: 1","10,1,1,1","0","true","","","2","0.15","0.10000000000000001","","",""
"Specification-ModerateRiskAversion__Cost-1__Fee-American__Starts-50","8","42","1","D","8","15","D Offer","D Liability Signal: 10;P Files: 1;D Answers: 1;D Defaults: 1","10,1,1,1","0","true","","","3","0.25","0.10000000000000001","","",""
"Specification-ModerateRiskAversion__Cost-1__Fee-American__Starts-50","8","42","1","D","8","15","D Offer","D Liability Signal: 10;P Files: 1;D Answers: 1;D Defaults: 1","10,1,1,1","0","true","","","4","0.35","0.10000000000000001","","",""
"Specification-ModerateRiskAversion__Cost-1__Fee-American__Starts-50","8","42","1","D","8","15","D Offer","D Liability Signal: 10;P Files: 1;D Answers: 1;D Defaults: 1","10,1,1,1","0","true","","","5","0.45","0.10000000000000001","","",""
"Specification-ModerateRiskAversion__Cost-1__Fee-American__Starts-50","8","42","1","D","8","15","D Offer","D Liability Signal: 10;P Files: 1;D Answers: 1;D Defaults: 1","10,1,1,1","0","true","","","6","0.55","0.10000000000000001","","",""
"Specification-ModerateRiskAversion__Cost-1__Fee-American__Starts-50","8","42","1","D","8","15","D Offer","D Liability Signal: 10;P Files: 1;D Answers: 1;D Defaults: 1","10,1,1,1","0","true","","","7","0.65","0.10000000000000001","","",""
"Specification-ModerateRiskAversion__Cost-1__Fee-American__Starts-50","8","42","1","D","8","15","D Offer","D Liability Signal: 10;P Files: 1;D Answers: 1;D Defaults: 1","10,1,1,1","0","true","","","8","0.75","0.10000000000000001","","",""
"Specification-ModerateRiskAversion__Cost-1__Fee-American__Starts-50","8","42","1","D","8","15","D Offer","D Liability Signal: 10;P Files: 1;D Answers: 1;D Defaults: 1","10,1,1,1","0","true","","","9","0.85","0.10000000000000001","","",""
"Specification-ModerateRiskAversion__Cost-1__Fee-American__Starts-50","8","42","1","D","8","15","D Offer","D Liability Signal: 10;P Files: 1;D Answers: 1;D Defaults: 1","10,1,1,1","0","true","","","10","0.95","0.10000000000000001","","",""
"Specification-ModerateRiskAversion__Cost-1__Fee-American__Starts-50","8","43","1","D","8","15","D Offer","D Liability Signal: 10;P Files: 1;D Answers: 1;D Defaults: 2","10,1,1,2","0","true","","","1","0.05","0.10000000000000001","","",""
"Specification-ModerateRiskAversion__Cost-1__Fee-American__Starts-50","8","43","1","D","8","15","D Offer","D Liability Signal: 10;P Files: 1;D Answers: 1;D Defaults: 2","10,1,1,2","0","true","","","2","0.15","0.10000000000000001","","",""
"Specification-ModerateRiskAversion__Cost-1__Fee-American__Starts-50","8","43","1","D","8","15","D Offer","D Liability Signal: 10;P Files: 1;D Answers: 1;D Defaults: 2","10,1,1,2","0","true","","","3","0.25","0.10000000000000001","","",""
"Specification-ModerateRiskAversion__Cost-1__Fee-American__Starts-50","8","43","1","D","8","15","D Offer","D Liability Signal: 10;P Files: 1;D Answers: 1;D Defaults: 2","10,1,1,2","0","true","","","4","0.35","0.10000000000000001","","",""
"Specification-ModerateRiskAversion__Cost-1__Fee-American__Starts-50","8","43","1","D","8","15","D Offer","D Liability Signal: 10;P Files: 1;D Answers: 1;D Defaults: 2","10,1,1,2","0","true","","","5","0.45","0.10000000000000001","","",""
"Specification-ModerateRiskAversion__Cost-1__Fee-American__Starts-50","8","43","1","D","8","15","D Offer","D Liability Signal: 10;P Files: 1;D Answers: 1;D Defaults: 2","10,1,1,2","0","true","","","6","0.55","0.10000000000000001","","",""
"Specification-ModerateRiskAversion__Cost-1__Fee-American__Starts-50","8","43","1","D","8","15","D Offer","D Liability Signal: 10;P Files: 1;D Answers: 1;D Defaults: 2","10,1,1,2","0","true","","","7","0.65","0.10000000000000001","","",""
"Specification-ModerateRiskAversion__Cost-1__Fee-American__Starts-50","8","43","1","D","8","15","D Offer","D Liability Signal: 10;P Files: 1;D Answers: 1;D Defaults: 2","10,1,1,2","0","true","","","8","0.75","0.10000000000000001","","",""
"Specification-ModerateRiskAversion__Cost-1__Fee-American__Starts-50","8","43","1","D","8","15","D Offer","D Liability Signal: 10;P Files: 1;D Answers: 1;D Defaults: 2","10,1,1,2","0","true","","","9","0.85","0.10000000000000001","","",""
"Specification-ModerateRiskAversion__Cost-1__Fee-American__Starts-50","8","43","1","D","8","15","D Offer","D Liability Signal: 10;P Files: 1;D Answers: 1;D Defaults: 2","10,1,1,2","0","true","","","10","0.95","0.10000000000000001","","",""
