"OptionSetName","Equilibrium Number","Information Set Number","Player Index","Player","Decision Index","Decision Code","Decision","Information Set Labels","Information Set Contents","Equilibrium Reach Probability","Off Path","Conditional Information-Set Utility","Best Action Utility","Action","Action Label","Equilibrium Action Probability","Conditional Action Utility","Utility Loss from Best Action","Is Best Action"
"Specification-ModerateRiskAversion__Cost-1__Fee-British__ExitFees-AllUnilateralExits__Starts-50","4","0","0","P","2","9","P Files","P Liability Signal: 1","1","0.080450000000000008","false","1000.0149382453176","1000.0149382453176","1","Yes","1","1000.0149382453176","0","true"
"Specification-ModerateRiskAversion__Cost-1__Fee-British__ExitFees-AllUnilateralExits__Starts-50","4","0","0","P","2","9","P Files","P Liability Signal: 1","1","0.080450000000000008","false","1000.0149382453176","1000.0149382453176","2","No","0","999.99999691359983","0.014941331717750472","false"
"Specification-ModerateRiskAversion__Cost-1__Fee-British__ExitFees-AllUnilateralExits__Starts-50","4","2","0","P","5","20","P Abandons","P Liability Signal: 1;P Files: 1;D Answers: 1","1,1,1","0.080450000000000008","false","1000.0149382453176","1000.0149382453176","1","Yes","0","999.9307424481226","0.084195797194979605","false"
"Specification-ModerateRiskAversion__Cost-1__Fee-British__ExitFees-AllUnilateralExits__Starts-50","4","2","0","P","5","20","P Abandons","P Liability Signal: 1;P Files: 1;D Answers: 1","1,1,1","0.080450000000000008","false","1000.0149382453176","1000.0149382453176","2","No","1","1000.0149382453176","0","true"
"Specification-ModerateRiskAversion__Cost-1__Fee-British__ExitFees-AllUnilateralExits__Starts-50","4","4","0","P","7","14","P Offer","P Liability Signal: 1;P Files: 1;D Answers: 1;P Abandons: 1","1,1,1,1","0","true","","","1","0.05","0.10000000000000001","","",""
"Specification-ModerateRiskAversion__Cost-1__Fee-British__ExitFees-AllUnilateralExits__Starts-50","4","4","0","P","7","14","P Offer","P Liability Signal: 1;P Files: 1;D Answers: 1;P Abandons: 1","1,1,1,1","0","true","","","2","0.15","0.10000000000000001","","",""
"Specification-ModerateRiskAversion__Cost-1__Fee-British__ExitFees-AllUnilateralExits__Starts-50","4","4","0","P","7","14","P Offer","P Liability Signal: 1;P Files: 1;D Answers: 1;P Abandons: 1","1,1,1,1","0","true","","","3","0.25","0.10000000000000001","","",""
"Specification-ModerateRiskAversion__Cost-1__Fee-British__ExitFees-AllUnilateralExits__Starts-50","4","4","0","P","7","14","P Offer","P Liability Signal: 1;P Files: 1;D Answers: 1;P Abandons: 1","1,1,1,1","0","true","","","4","0.35","0.10000000000000001","","",""
"Specification-ModerateRiskAversion__Cost-1__Fee-British__ExitFees-AllUnilateralExits__Starts-50","4","4","0","P","7","14","P Offer","P Liability Signal: 1;P Files: 1;D Answers: 1;P Abandons: 1","1,1,1,1","0","true","","","5","0.45","0.10000000000000001","","",""
"Specification-ModerateRiskAversion__Cost-1__Fee-British__ExitFees-AllUnilateralExits__Starts-50","4","4","0","P","7","14","P Offer","P Liability Signal: 1;P Files: 1;D Answers: 1;P Abandons: 1","1,1,1,1","0","true","","","6","0.55","0.10000000000000001","","",""
"Specification-ModerateRiskAversion__Cost-1__Fee-British__ExitFees-AllUnilateralExits__Starts-50","4","4","0","P","7","14","P Offer","P Liability Signal: 1;P Files: 1;D Answers: 1;P Abandons: 1","1,1,1,1","0","true","","","7","0.65","0.10000000000000001","","",""
"Specification-ModerateRiskAversion__Cost-1__Fee-British__ExitFees-AllUnilateralExits__Starts-50","4","4","0","P","7","14","P Offer","P Liability Signal: 1;P Files: 1;D Answers: 1;P Abandons: 1","1,1,1,1","0","true","","","8","0.75","0.10000000000000001","","",""
"Specification-ModerateRiskAversion__Cost-1__Fee-British__ExitFees-AllUnilateralExits__Starts-50","4","4","0","P","7","14","P Offer","P Liability Signal: 1;P Files: 1;D Answers: 1;P Abandons: 1","1,1,1,1","0","true","","","9","0.85","0.10000000000000001","","",""
"Specification-ModerateRiskAversion__Cost-1__Fee-British__ExitFees-AllUnilateralExits__Starts-50","4","4","0","P","7","14","P Offer","P Liability Signal: 1;P Files: 1;D Answers: 1;P Abandons: 1","1,1,1,1","0","true","","","10","0.95","0.10000000000000001","","",""
"Specification-ModerateRiskAversion__Cost-1__Fee-British__ExitFees-AllUnilateralExits__Starts-50","4","7","0","P","7","14","P Offer","P Liability Signal: 1;P Files: 1;D Answers: 1;P Abandons: 2","1,1,1,2","0.080450000000000008","false","1000.0149382453177","1000.0149382453177","1","0.05","0","999.99688762952781","0.01805061578988898","false"
"Specification-ModerateRiskAversion__Cost-1__Fee-British__ExitFees-AllUnilateralExits__Starts-50","4","7","0","P","7","14","P Offer","P Liability Signal: 1;P Files: 1;D Answers: 1;P Abandons: 2","1,1,1,2","0.080450000000000008","false","1000.0149382453177","1000.0149382453177","2","0.15","1","1000.0149382453177","0","true"
"Specification-ModerateRiskAversion__Cost-1__Fee-British__ExitFees-AllUnilateralExits__Starts-50","4","7","0","P","7","14","P Offer","P Liability Signal: 1;P Files: 1;D Answers: 1;P Abandons: 2","1,1,1,2","0.080450000000000008","false","1000.0149382453177","1000.0149382453177","3","0.25","0","999.76137081242848","0.2535674328892128","false"
"Specification-ModerateRiskAversion__Cost-1__Fee-British__ExitFees-AllUnilateralExits__Starts-50","4","7","0","P","7","14","P Offer","P Liability Signal: 1;P Files: 1;D Answers: 1;P Abandons: 2","1,1,1,2","0.080450000000000008","false","1000.0149382453177","1000.0149382453177","4","0.35","0","999.76242102032836","0.25251722498933304","false"
"Specification-ModerateRiskAversion__Cost-1__Fee-British__ExitFees-AllUnilateralExits__Starts-50","4","7","0","P","7","14","P Offer","P Liability Signal: 1;P Files: 1;D Answers: 1;P Abandons: 2","1,1,1,2","0.080450000000000008","false","1000.0149382453177","1000.0149382453177","5","0.45","0","999.763370579867","0.25156766545069331","false"
"Specification-ModerateRiskAversion__Cost-1__Fee-British__ExitFees-AllUnilateralExits__Starts-50","4","7","0","P","7","14","P Offer","P Liability Signal: 1;P Files: 1;D Answers: 1;P Abandons: 2","1,1,1,2","0.080450000000000008","false","1000.0149382453177","1000.0149382453177","6","0.55","0","999.76423021587038","0.25070802944730985","false"
"Specification-ModerateRiskAversion__Cost-1__Fee-British__ExitFees-AllUnilateralExits__Starts-50","4","7","0","P","7","14","P Offer","P Liability Signal: 1;P Files: 1;D Answers: 1;P Abandons: 2","1,1,1,2","0.080450000000000008","false","1000.0149382453177","1000.0149382453177","7","0.65","0","999.76500817820283","0.24993006711486032","false"
"Specification-ModerateRiskAversion__Cost-1__Fee-British__ExitFees-AllUnilateralExits__Starts-50","4","7","0","P","7","14","P Offer","P Liability Signal: 1;P Files: 1;D Answers: 1;P Abandons: 2","1,1,1,2","0.080450000000000008","false","1000.0149382453177","1000.0149382453177","8","0.75","0","999.76571189174467","0.2492263535730217","false"
"Specification-ModerateRiskAversion__Cost-1__Fee-British__ExitFees-AllUnilateralExits__Starts-50","4","7","0","P","7","14","P Offer","P Liability Signal: 1;P Files: 1;D Answers: 1;P Abandons: 2","1,1,1,2","0.080450000000000008","false","1000.0149382453177","1000.0149382453177","9","0.85","0","999.76634878137463","0.24858946394306258","false"
"Specification-ModerateRiskAversion__Cost-1__Fee-British__ExitFees-AllUnilateralExits__Starts-50","4","7","0","P","7","14","P Offer","P Liability Signal: 1;P Files: 1;D Answers: 1;P Abandons: 2","1,1,1,2","0.080450000000000008","false","1000.0149382453177","1000.0149382453177","10","0.95","0","999.76692462199844","0.24801362331925247","false"
"Specification-ModerateRiskAversion__Cost-1__Fee-British__ExitFees-AllUnilateralExits__Starts-50","4","44","0","P","2","9","P Files","P Liability Signal: 2","2","0.097680000000000017","false","1000.0203481449128","1000.0203481449128","1","Yes","1","1000.0203481449128","0","true"
"Specification-ModerateRiskAversion__Cost-1__Fee-British__ExitFees-AllUnilateralExits__Starts-50","4","44","0","P","2","9","P Files","P Liability Signal: 2","2","0.097680000000000017","false","1000.0203481449128","1000.0203481449128","2","No","0","999.99999691359983","0.020351231312929485","false"
"Specification-ModerateRiskAversion__Cost-1__Fee-British__ExitFees-AllUnilateralExits__Starts-50","4","45","0","P","5","20","P Abandons","P Liability Signal: 2;P Files: 1;D Answers: 1","2,1,1","0.097680000000000017","false","1000.0203481449128","1000.0203481449128","1","Yes","0","999.94547709787855","0.07487104703420755","false"
"Specification-ModerateRiskAversion__Cost-1__Fee-British__ExitFees-AllUnilateralExits__Starts-50","4","45","0","P","5","20","P Abandons","P Liability Signal: 2;P Files: 1;D Answers: 1","2,1,1","0.097680000000000017","false","1000.0203481449128","1000.0203481449128","2","No","1","1000.0203481449128","0","true"
"Specification-ModerateRiskAversion__Cost-1__Fee-British__ExitFees-AllUnilateralExits__Starts-50","4","46","0","P","7","14","P Offer","P Liability Signal: 2;P Files: 1;D Answers: 1;P Abandons: 1","2,1,1,1","0","true","","","1","0.05","0.10000000000000001","","",""
"Specification-ModerateRiskAversion__Cost-1__Fee-British__ExitFees-AllUnilateralExits__Starts-50","4","46","0","P","7","14","P Offer","P Liability Signal: 2;P Files: 1;D Answers: 1;P Abandons: 1","2,1,1,1","0","true","","","2","0.15","0.10000000000000001","","",""
"Specification-ModerateRiskAversion__Cost-1__Fee-British__ExitFees-AllUnilateralExits__Starts-50","4","46","0","P","7","14","P Offer","P Liability Signal: 2;P Files: 1;D Answers: 1;P Abandons: 1","2,1,1,1","0","true","","","3","0.25","0.10000000000000001","","",""
"Specification-ModerateRiskAversion__Cost-1__Fee-British__ExitFees-AllUnilateralExits__Starts-50","4","46","0","P","7","14","P Offer","P Liability Signal: 2;P Files: 1;D Answers: 1;P Abandons: 1","2,1,1,1","0","true","","","4","0.35","0.10000000000000001","","",""
"Specification-ModerateRiskAversion__Cost-1__Fee-British__ExitFees-AllUnilateralExits__Starts-50","4","46","0","P","7","14","P Offer","P Liability Signal: 2;P Files: 1;D Answers: 1;P Abandons: 1","2,1,1,1","0","true","","","5","0.45","0.10000000000000001","","",""
"Specification-ModerateRiskAversion__Cost-1__Fee-British__ExitFees-AllUnilateralExits__Starts-50","4","46","0","P","7","14","P Offer","P Liability Signal: 2;P Files: 1;D Answers: 1;P Abandons: 1","2,1,1,1","0","true","","","6","0.55","0.10000000000000001","","",""
"Specification-ModerateRiskAversion__Cost-1__Fee-British__ExitFees-AllUnilateralExits__Starts-50","4","46","0","P","7","14","P Offer","P Liability Signal: 2;P Files: 1;D Answers: 1;P Abandons: 1","2,1,1,1","0","true","","","7","0.65","0.10000000000000001","","",""
"Specification-ModerateRiskAversion__Cost-1__Fee-British__ExitFees-AllUnilateralExits__Starts-50","4","46","0","P","7","14","P Offer","P Liability Signal: 2;P Files: 1;D Answers: 1;P Abandons: 1","2,1,1,1","0","true","","","8","0.75","0.10000000000000001","","",""
"Specification-ModerateRiskAversion__Cost-1__Fee-British__ExitFees-AllUnilateralExits__Starts-50","4","46","0","P","7","14","P Offer","P Liability Signal: 2;P Files: 1;D Answers: 1;P Abandons: 1","2,1,1,1","0","true","","","9","0.85","0.10000000000000001","","",""
"Specification-ModerateRiskAversion__Cost-1__Fee-British__ExitFees-AllUnilateralExits__Starts-50","4","46","0","P","7","14","P Offer","P Liability Signal: 2;P Files: 1;D Answers: 1;P Abandons: 1","2,1,1,1","0","true","","","10","0.95","0.10000000000000001","","",""
"Specification-ModerateRiskAversion__Cost-1__Fee-British__ExitFees-AllUnilateralExits__Starts-50","4","47","0","P","7","14","P Offer","P Liability Signal: 2;P Files: 1;D Answers: 1;P Abandons: 2","2,1,1,2","0.097680000000000017","false","1000.0203481449125","1000.0203481449125","1","0.05","0","1000.002866567759","0.017481577153489525","false"
"Specification-ModerateRiskAversion__Cost-1__Fee-British__ExitFees-AllUnilateralExits__Starts-50","4","47","0","P","7","14","P Offer","P Liability Signal: 2;P Files: 1;D Answers: 1;P Abandons: 2","2,1,1,2","0.097680000000000017","false","1000.0203481449125","1000.0203481449125","2","0.15","1","1000.0203481449125","0","true"
"Specification-ModerateRiskAversion__Cost-1__Fee-British__ExitFees-AllUnilateralExits__Starts-50","4","47","0","P","7","14","P Offer","P Liability Signal: 2;P Files: 1;D Answers: 1;P Abandons: 2","2,1,1,2","0.097680000000000017","false","1000.0203481449125","1000.0203481449125","3","0.25","0","999.80273179922585","0.21761634568667887","false"
"Specification-ModerateRiskAversion__Cost-1__Fee-British__ExitFees-AllUnilateralExits__Starts-50","4","47","0","P","7","14","P Offer","P Liability Signal: 2;P Files: 1;D Answers: 1;P Abandons: 2","2,1,1,2","0.097680000000000017","false","1000.0203481449125","1000.0203481449125","4","0.35","0","999.80416226234001","0.21618588257251758","false"
"Specification-ModerateRiskAversion__Cost-1__Fee-British__ExitFees-AllUnilateralExits__Starts-50","4","47","0","P","7","14","P Offer","P Liability Signal: 2;P Files: 1;D Answers: 1;P Abandons: 2","2,1,1,2","0.097680000000000017","false","1000.0203481449125","1000.0203481449125","5","0.45","0","999.80545563472378","0.21489251018874711","false"
"Specification-ModerateRiskAversion__Cost-1__Fee-British__ExitFees-AllUnilateralExits__Starts-50","4","47","0","P","7","14","P Offer","P Liability Signal: 2;P Files: 1;D Answers: 1;P Abandons: 2","2,1,1,2","0.097680000000000017","false","1000.0203481449125","1000.0203481449125","6","0.55","0","999.80662652440583","0.2137216205067034","false"
"Specification-ModerateRiskAversion__Cost-1__Fee-British__ExitFees-AllUnilateralExits__Starts-50","4","47","0","P","7","14","P Offer","P Liability Signal: 2;P Files: 1;D Answers: 1;P Abandons: 2","2,1,1,2","0.097680000000000017","false","1000.0203481449125","1000.0203481449125","7","0.65","0","999.80768616833086","0.2126619765816713","false"
"Specification-ModerateRiskAversion__Cost-1__Fee-British__ExitFees-AllUnilateralExits__Starts-50","4","47","0","P","7","14","P Offer","P Liability Signal: 2;P Files: 1;D Answers: 1;P Abandons: 2","2,1,1,2","0.097680000000000017","false","1000.0203481449125","1000.0203481449125","8","0.75","0","999.80864467974982","0.21170346516271366","false"
"Specification-ModerateRiskAversion__Cost-1__Fee-British__ExitFees-AllUnilateralExits__Starts-50","4","47","0","P","7","14","P Offer","P Liability Signal: 2;P Files: 1;D Answers: 1;P Abandons: 2","2,1,1,2","0.097680000000000017","false","1000.0203481449125","1000.0203481449125","9","0.85","0","999.8095121719133","0.2108359729992344","false"
"Specification-ModerateRiskAversion__Cost-1__Fee-British__ExitFees-AllUnilateralExits__Starts-50","4","47","0","P","7","14","P Offer","P Liability Signal: 2;P Files: 1;D Answers: 1;P Abandons: 2","2,1,1,2","0.097680000000000017","false","1000.0203481449125","1000.0203481449125","10","0.95","0","999.81029651068286","0.21005163422967144","false"
"Specification-ModerateRiskAversion__Cost-1__Fee-British__ExitFees-AllUnilateralExits__Starts-50","4","48","0","P","2","9","P Files","P Liability Signal: 3","3","0.10618","false","1000.0285186524499","1000.0285186524499","1","Yes","1","1000.0285186524499","0","true"
"Specification-ModerateRiskAversion__Cost-1__Fee-British__ExitFees-AllUnilateralExits__Starts-50","4","48","0","P","2","9","P Files","P Liability Signal: 3","3","0.10618","false","1000.0285186524499","1000.0285186524499","2","No","0","999.99999691359983","0.028521738850031397","false"
"Specification-ModerateRiskAversion__Cost-1__Fee-British__ExitFees-AllUnilateralExits__Starts-50","4","49","0","P","5","20","P Abandons","P Liability Signal: 3;P Files: 1;D Answers: 1","3,1,1","0.10618","false","1000.0285186524499","1000.0285186524499","1","Yes","0","999.9666331471866","0.06188550526326253","false"
"Specification-ModerateRiskAversion__Cost-1__Fee-British__ExitFees-AllUnilateralExits__Starts-50","4","49","0","P","5","20","P Abandons","P Liability Signal: 3;P Files: 1;D Answers: 1","3,1,1","0.10618","false","1000.0285186524499","1000.0285186524499","2","No","1","1000.0285186524499","0","true"
"Specification-ModerateRiskAversion__Cost-1__Fee-British__ExitFees-AllUnilateralExits__Starts-50","4","50","0","P","7","14","P Offer","P Liability Signal: 3;P Files: 1;D Answers: 1;P Abandons: 1","3,1,1,1","0","true","","","1","0.05","0.10000000000000001","","",""
"Specification-ModerateRiskAversion__Cost-1__Fee-British__ExitFees-AllUnilateralExits__Starts-50","4","50","0","P","7","14","P Offer","P Liability Signal: 3;P Files: 1;D Answers: 1;P Abandons: 1","3,1,1,1","0","true","","","2","0.15","0.10000000000000001","","",""
"Specification-ModerateRiskAversion__Cost-1__Fee-British__ExitFees-AllUnilateralExits__Starts-50","4","50","0","P","7","14","P Offer","P Liability Signal: 3;P Files: 1;D Answers: 1;P Abandons: 1","3,1,1,1","0","true","","","3","0.25","0.10000000000000001","","",""
"Specification-ModerateRiskAversion__Cost-1__Fee-British__ExitFees-AllUnilateralExits__Starts-50","4","50","0","P","7","14","P Offer","P Liability Signal: 3;P Files: 1;D Answers: 1;P Abandons: 1","3,1,1,1","0","true","","","4","0.35","0.10000000000000001","","",""
"Specification-ModerateRiskAversion__Cost-1__Fee-British__ExitFees-AllUnilateralExits__Starts-50","4","50","0","P","7","14","P Offer","P Liability Signal: 3;P Files: 1;D Answers: 1;P Abandons: 1","3,1,1,1","0","true","","","5","0.45","0.10000000000000001","","",""
"Specification-ModerateRiskAversion__Cost-1__Fee-British__ExitFees-AllUnilateralExits__Starts-50","4","50","0","P","7","14","P Offer","P Liability Signal: 3;P Files: 1;D Answers: 1;P Abandons: 1","3,1,1,1","0","true","","","6","0.55","0.10000000000000001","","",""
"Specification-ModerateRiskAversion__Cost-1__Fee-British__ExitFees-AllUnilateralExits__Starts-50","4","50","0","P","7","14","P Offer","P Liability Signal: 3;P Files: 1;D Answers: 1;P Abandons: 1","3,1,1,1","0","true","","","7","0.65","0.10000000000000001","","",""
"Specification-ModerateRiskAversion__Cost-1__Fee-British__ExitFees-AllUnilateralExits__Starts-50","4","50","0","P","7","14","P Offer","P Liability Signal: 3;P Files: 1;D Answers: 1;P Abandons: 1","3,1,1,1","0","true","","","8","0.75","0.10000000000000001","","",""
"Specification-ModerateRiskAversion__Cost-1__Fee-British__ExitFees-AllUnilateralExits__Starts-50","4","50","0","P","7","14","P Offer","P Liability Signal: 3;P Files: 1;D Answers: 1;P Abandons: 1","3,1,1,1","0","true","","","9","0.85","0.10000000000000001","","",""
"Specification-ModerateRiskAversion__Cost-1__Fee-British__ExitFees-AllUnilateralExits__Starts-50","4","50","0","P","7","14","P Offer","P Liability Signal: 3;P Files: 1;D Answers: 1;P Abandons: 1","3,1,1,1","0","true","","","10","0.95","0.10000000000000001","","",""
"Specification-ModerateRiskAversion__Cost-1__Fee-British__ExitFees-AllUnilateralExits__Starts-50","4","51","0","P","7","14","P Offer","P Liability Signal: 3;P Files: 1;D Answers: 1;P Abandons: 2","3,1,1,2","0.10618000000000001","false","1000.0285186524497","1000.0285186524497","1","0.05","0","1000.0118964876337","0.016622164815998985","false"
"Specification-ModerateRiskAversion__Cost-1__Fee-British__ExitFees-AllUnilateralExits__Starts-50","4","51","0","P","7","14","P Offer","P Liability Signal: 3;P Files: 1;D Answers: 1;P Abandons: 2","3,1,1,2","0.10618000000000001","false","1000.0285186524497","1000.0285186524497","2","0.15","1","1000.0285186524497","0","true"
"Specification-ModerateRiskAversion__Cost-1__Fee-British__ExitFees-AllUnilateralExits__Starts-50","4","51","0","P","7","14","P Offer","P Liability Signal: 3;P Files: 1;D Answers: 1;P Abandons: 2","3,1,1,2","0.10618000000000001","false","1000.0285186524497","1000.0285186524497","3","0.25","0","999.85756145860182","0.17095719384792574","false"
"Specification-ModerateRiskAversion__Cost-1__Fee-British__ExitFees-AllUnilateralExits__Starts-50","4","51","0","P","7","14","P Offer","P Liability Signal: 3;P Files: 1;D Answers: 1;P Abandons: 2","3,1,1,2","0.10618000000000001","false","1000.0285186524497","1000.0285186524497","4","0.35","0","999.85956621667981","0.16895243576993835","false"
"Specification-ModerateRiskAversion__Cost-1__Fee-British__ExitFees-AllUnilateralExits__Starts-50","4","51","0","P","7","14","P Offer","P Liability Signal: 3;P Files: 1;D Answers: 1;P Abandons: 2","3,1,1,2","0.10618000000000001","false","1000.0285186524497","1000.0285186524497","5","0.45","0","999.86137884554751","0.16713980690224162","false"
"Specification-ModerateRiskAversion__Cost-1__Fee-British__ExitFees-AllUnilateralExits__Starts-50","4","51","0","P","7","14","P Offer","P Liability Signal: 3;P Files: 1;D Answers: 1;P Abandons: 2","3,1,1,2","0.10618000000000001","false","1000.0285186524497","1000.0285186524497","6","0.55","0","999.86301981798852","0.16549883446123204","false"
"Specification-ModerateRiskAversion__Cost-1__Fee-British__ExitFees-AllUnilateralExits__Starts-50","4","51","0","P","7","14","P Offer","P Liability Signal: 3;P Files: 1;D Answers: 1;P Abandons: 2","3,1,1,2","0.10618000000000001","false","1000.0285186524497","1000.0285186524497","7","0.65","0","999.86450488229957","0.16401377015017715","false"
"Specification-ModerateRiskAversion__Cost-1__Fee-British__ExitFees-AllUnilateralExits__Starts-50","4","51","0","P","7","14","P Offer","P Liability Signal: 3;P Files: 1;D Answers: 1;P Abandons: 2","3,1,1,2","0.10618000000000001","false","1000.0285186524497","1000.0285186524497","8","0.75","0","999.86584821194663","0.16267044050312052","false"
"Specification-ModerateRiskAversion__Cost-1__Fee-British__ExitFees-AllUnilateralExits__Starts-50","4","51","0","P","7","14","P Offer","P Liability Signal: 3;P Files: 1;D Answers: 1;P Abandons: 2","3,1,1,2","0.10618000000000001","false","1000.0285186524497","1000.0285186524497","9","0.85","0","999.86706398039644","0.16145467205330988","false"
"Specification-ModerateRiskAversion__Cost-1__Fee-British__ExitFees-AllUnilateralExits__Starts-50","4","51","0","P","7","14","P Offer","P Liability Signal: 3;P Files: 1;D Answers: 1;P Abandons: 2","3,1,1,2","0.10618000000000001","false","1000.0285186524497","1000.0285186524497","10","0.95","0","999.86816321145557","0.16035544099418075","false"
"Specification-ModerateRiskAversion__Cost-1__Fee-British__ExitFees-AllUnilateralExits__Starts-50","4","52","0","P","2","9","P Files","P Liability Signal: 4","4","0.1081","false","1000.0398519439526","1000.0398519439526","1","Yes","1","1000.0398519439526","0","true"
"Specification-ModerateRiskAversion__Cost-1__Fee-British__ExitFees-AllUnilateralExits__Starts-50","4","52","0","P","2","9","P Files","P Liability Signal: 4","4","0.1081","false","1000.0398519439526","1000.0398519439526","2","No","0","999.99999691359983","0.039855030352782705","false"
"Specification-ModerateRiskAversion__Cost-1__Fee-British__ExitFees-AllUnilateralExits__Starts-50","4","53","0","P","5","20","P Abandons","P Liability Signal: 4;P Files: 1;D Answers: 1","4,1,1","0.1081","false","1000.0398519439526","1000.0398519439526","1","Yes","0","999.9944629776511","0.04538896630151612","false"
"Specification-ModerateRiskAversion__Cost-1__Fee-British__ExitFees-AllUnilateralExits__Starts-50","4","53","0","P","5","20","P Abandons","P Liability Signal: 4;P Files: 1;D Answers: 1","4,1,1","0.1081","false","1000.0398519439526","1000.0398519439526","2","No","1","1000.0398519439526","0","true"
"Specification-ModerateRiskAversion__Cost-1__Fee-British__ExitFees-AllUnilateralExits__Starts-50","4","54","0","P","7","14","P Offer","P Liability Signal: 4;P Files: 1;D Answers: 1;P Abandons: 1","4,1,1,1","0","true","","","1","0.05","0.10000000000000001","","",""
"Specification-ModerateRiskAversion__Cost-1__Fee-British__ExitFees-AllUnilateralExits__Starts-50","4","54","0","P","7","14","P Offer","P Liability Signal: 4;P Files: 1;D Answers: 1;P Abandons: 1","4,1,1,1","0","true","","","2","0.15","0.10000000000000001","","",""
"Specification-ModerateRiskAversion__Cost-1__Fee-British__ExitFees-AllUnilateralExits__Starts-50","4","54","0","P","7","14","P Offer","P Liability Signal: 4;P Files: 1;D Answers: 1;P Abandons: 1","4,1,1,1","0","true","","","3","0.25","0.10000000000000001","","",""
"Specification-ModerateRiskAversion__Cost-1__Fee-British__ExitFees-AllUnilateralExits__Starts-50","4","54","0","P","7","14","P Offer","P Liability Signal: 4;P Files: 1;D Answers: 1;P Abandons: 1","4,1,1,1","0","true","","","4","0.35","0.10000000000000001","","",""
"Specification-ModerateRiskAversion__Cost-1__Fee-British__ExitFees-AllUnilateralExits__Starts-50","4","54","0","P","7","14","P Offer","P Liability Signal: 4;P Files: 1;D Answers: 1;P Abandons: 1","4,1,1,1","0","true","","","5","0.45","0.10000000000000001","","",""
"Specification-ModerateRiskAversion__Cost-1__Fee-British__ExitFees-AllUnilateralExits__Starts-50","4","54","0","P","7","14","P Offer","P Liability Signal: 4;P Files: 1;D Answers: 1;P Abandons: 1","4,1,1,1","0","true","","","6","0.55","0.10000000000000001","","",""
"Specification-ModerateRiskAversion__Cost-1__Fee-British__ExitFees-AllUnilateralExits__Starts-50","4","54","0","P","7","14","P Offer","P Liability Signal: 4;P Files: 1;D Answers: 1;P Abandons: 1","4,1,1,1","0","true","","","7","0.65","0.10000000000000001","","",""
"Specification-ModerateRiskAversion__Cost-1__Fee-British__ExitFees-AllUnilateralExits__Starts-50","4","54","0","P","7","14","P Offer","P Liability Signal: 4;P Files: 1;D Answers: 1;P Abandons: 1","4,1,1,1","0","true","","","8","0.75","0.10000000000000001","","",""
"Specification-ModerateRiskAversion__Cost-1__Fee-British__ExitFees-AllUnilateralExits__Starts-50","4","54","0","P","7","14","P Offer","P Liability Signal: 4;P Files: 1;D Answers: 1;P Abandons: 1","4,1,1,1","0","true","","","9","0.85","0.10000000000000001","","",""
"Specification-ModerateRiskAversion__Cost-1__Fee-British__ExitFees-AllUnilateralExits__Starts-50","4","54","0","P","7","14","P Offer","P Liability Signal: 4;P Files: 1;D Answers: 1;P Abandons: 1","4,1,1,1","0","true","","","10","0.95","0.10000000000000001","","",""
"Specification-ModerateRiskAversion__Cost-1__Fee-British__ExitFees-AllUnilateralExits__Starts-50","4","55","0","P","7","14","P Offer","P Liability Signal: 4;P Files: 1;D Answers: 1;P Abandons: 2","4,1,1,2","0.1081","false","1000.0398519439525","1000.0398519439525","1","0.05","0","1000.0244218679401","0.015430076012421523","false"
"Specification-ModerateRiskAversion__Cost-1__Fee-British__ExitFees-AllUnilateralExits__Starts-50","4","55","0","P","7","14","P Offer","P Liability Signal: 4;P Files: 1;D Answers: 1;P Abandons: 2","4,1,1,2","0.1081","false","1000.0398519439525","1000.0398519439525","2","0.15","1","1000.0398519439525","0","true"
"Specification-ModerateRiskAversion__Cost-1__Fee-British__ExitFees-AllUnilateralExits__Starts-50","4","55","0","P","7","14","P Offer","P Liability Signal: 4;P Files: 1;D Answers: 1;P Abandons: 2","4,1,1,2","0.1081","false","1000.0398519439525","1000.0398519439525","3","0.25","0","999.92271108981004","0.11714085414246256","false"
"Specification-ModerateRiskAversion__Cost-1__Fee-British__ExitFees-AllUnilateralExits__Starts-50","4","55","0","P","7","14","P Offer","P Liability Signal: 4;P Files: 1;D Answers: 1;P Abandons: 2","4,1,1,2","0.1081","false","1000.0398519439525","1000.0398519439525","4","0.35","0","999.92551245106233","0.11433949289016709","false"
"Specification-ModerateRiskAversion__Cost-1__Fee-British__ExitFees-AllUnilateralExits__Starts-50","4","55","0","P","7","14","P Offer","P Liability Signal: 4;P Files: 1;D Answers: 1;P Abandons: 2","4,1,1,2","0.1081","false","1000.0398519439525","1000.0398519439525","5","0.45","0","999.92804533935873","0.11180660459376668","false"
"Specification-ModerateRiskAversion__Cost-1__Fee-British__ExitFees-AllUnilateralExits__Starts-50","4","55","0","P","7","14","P Offer","P Liability Signal: 4;P Files: 1;D Answers: 1;P Abandons: 2","4,1,1,2","0.1081","false","1000.0398519439525","1000.0398519439525","6","0.55","0","999.93033836247332","0.10951358147917745","false"
"Specification-ModerateRiskAversion__Cost-1__Fee-British__ExitFees-AllUnilateralExits__Starts-50","4","55","0","P","7","14","P Offer","P Liability Signal: 4;P Files: 1;D Answers: 1;P Abandons: 2","4,1,1,2","0.1081","false","1000.0398519439525","1000.0398519439525","7","0.65","0","999.93241352638586","0.10743841756664096","false"
"Specification-ModerateRiskAversion__Cost-1__Fee-British__ExitFees-AllUnilateralExits__Starts-50","4","55","0","P","7","14","P Offer","P Liability Signal: 4;P Files: 1;D Answers: 1;P Abandons: 2","4,1,1,2","0.1081","false","1000.0398519439525","1000.0398519439525","8","0.75","0","999.93429063647852","0.10556130747397674","false"
"Specification-ModerateRiskAversion__Cost-1__Fee-British__ExitFees-AllUnilateralExits__Starts-50","4","55","0","P","7","14","P Offer","P Liability Signal: 4;P Files: 1;D Answers: 1;P Abandons: 2","4,1,1,2","0.1081","false","1000.0398519439525","1000.0398519439525","9","0.85","0","999.93598949813361","0.10386244581889059","false"
"Specification-ModerateRiskAversion__Cost-1__Fee-British__ExitFees-AllUnilateralExits__Starts-50","4","55","0","P","7","14","P Offer","P Liability Signal: 4;P Files: 1;D Answers: 1;P Abandons: 2","4,1,1,2","0.1081","false","1000.0398519439525","1000.0398519439525","10","0.95","0","999.93752551553666","0.10232642841583584","false"
"Specification-ModerateRiskAversion__Cost-1__Fee-British__ExitFees-AllUnilateralExits__Starts-50","4","56","0","P","2","9","P Files","P Liability Signal: 5","5","0.1076","false","1000.053601894551","1000.053601894551","1","Yes","1","1000.053601894551","0","true"
"Specification-ModerateRiskAversion__Cost-1__Fee-British__ExitFees-AllUnilateralExits__Starts-50","4","56","0","P","2","9","P Files","P Liability Signal: 5","5","0.1076","false","1000.053601894551","1000.053601894551","2","No","0","999.99999691360006","0.053604980950922254","false"
"Specification-ModerateRiskAversion__Cost-1__Fee-British__ExitFees-AllUnilateralExits__Starts-50","4","57","0","P","5","20","P Abandons","P Liability Signal: 5;P Files: 1;D Answers: 1","5,1,1","0.1076","false","1000.053601894551","1000.053601894551","1","Yes","0","1000.0264245464085","0.027177348142458868","false"
"Specification-ModerateRiskAversion__Cost-1__Fee-British__ExitFees-AllUnilateralExits__Starts-50","4","57","0","P","5","20","P Abandons","P Liability Signal: 5;P Files: 1;D Answers: 1","5,1,1","0.1076","false","1000.053601894551","1000.053601894551","2","No","1","1000.053601894551","0","true"
"Specification-ModerateRiskAversion__Cost-1__Fee-British__ExitFees-AllUnilateralExits__Starts-50","4","58","0","P","7","14","P Offer","P Liability Signal: 5;P Files: 1;D Answers: 1;P Abandons: 1","5,1,1,1","0","true","","","1","0.05","0.10000000000000001","","",""
"Specification-ModerateRiskAversion__Cost-1__Fee-British__ExitFees-AllUnilateralExits__Starts-50","4","58","0","P","7","14","P Offer","P Liability Signal: 5;P Files: 1;D Answers: 1;P Abandons: 1","5,1,1,1","0","true","","","2","0.15","0.10000000000000001","","",""
"Specification-ModerateRiskAversion__Cost-1__Fee-British__ExitFees-AllUnilateralExits__Starts-50","4","58","0","P","7","14","P Offer","P Liability Signal: 5;P Files: 1;D Answers: 1;P Abandons: 1","5,1,1,1","0","true","","","3","0.25","0.10000000000000001","","",""
"Specification-ModerateRiskAversion__Cost-1__Fee-British__ExitFees-AllUnilateralExits__Starts-50","4","58","0","P","7","14","P Offer","P Liability Signal: 5;P Files: 1;D Answers: 1;P Abandons: 1","5,1,1,1","0","true","","","4","0.35","0.10000000000000001","","",""
"Specification-ModerateRiskAversion__Cost-1__Fee-British__ExitFees-AllUnilateralExits__Starts-50","4","58","0","P","7","14","P Offer","P Liability Signal: 5;P Files: 1;D Answers: 1;P Abandons: 1","5,1,1,1","0","true","","","5","0.45","0.10000000000000001","","",""
"Specification-ModerateRiskAversion__Cost-1__Fee-British__ExitFees-AllUnilateralExits__Starts-50","4","58","0","P","7","14","P Offer","P Liability Signal: 5;P Files: 1;D Answers: 1;P Abandons: 1","5,1,1,1","0","true","","","6","0.55","0.10000000000000001","","",""
"Specification-ModerateRiskAversion__Cost-1__Fee-British__ExitFees-AllUnilateralExits__Starts-50","4","58","0","P","7","14","P Offer","P Liability Signal: 5;P Files: 1;D Answers: 1;P Abandons: 1","5,1,1,1","0","true","","","7","0.65","0.10000000000000001","","",""
"Specification-ModerateRiskAversion__Cost-1__Fee-British__ExitFees-AllUnilateralExits__Starts-50","4","58","0","P","7","14","P Offer","P Liability Signal: 5;P Files: 1;D Answers: 1;P Abandons: 1","5,1,1,1","0","true","","","8","0.75","0.10000000000000001","","",""
"Specification-ModerateRiskAversion__Cost-1__Fee-British__ExitFees-AllUnilateralExits__Starts-50","4","58","0","P","7","14","P Offer","P Liability Signal: 5;P Files: 1;D Answers: 1;P Abandons: 1","5,1,1,1","0","true","","","9","0.85","0.10000000000000001","","",""
"Specification-ModerateRiskAversion__Cost-1__Fee-British__ExitFees-AllUnilateralExits__Starts-50","4","58","0","P","7","14","P Offer","P Liability Signal: 5;P Files: 1;D Answers: 1;P Abandons: 1","5,1,1,1","0","true","","","10","0.95","0.10000000000000001","","",""
"Specification-ModerateRiskAversion__Cost-1__Fee-British__ExitFees-AllUnilateralExits__Starts-50","4","59","0","P","7","14","P Offer","P Liability Signal: 5;P Files: 1;D Answers: 1;P Abandons: 2","5,1,1,2","0.1076","false","1000.053601894551","1000.053601894551","1","0.05","0","1000.0396181028899","0.013983791661075884","false"
"Specification-ModerateRiskAversion__Cost-1__Fee-British__ExitFees-AllUnilateralExits__Starts-50","4","59","0","P","7","14","P Offer","P Liability Signal: 5;P Files: 1;D Answers: 1;P Abandons: 2","5,1,1,2","0.1076","false","1000.053601894551","1000.053601894551","2","0.15","1","1000.053601894551","0","true"
"Specification-ModerateRiskAversion__Cost-1__Fee-British__ExitFees-AllUnilateralExits__Starts-50","4","59","0","P","7","14","P Offer","P Liability Signal: 5;P Files: 1;D Answers: 1;P Abandons: 2","5,1,1,2","0.1076","false","1000.053601894551","1000.053601894551","3","0.25","0","999.98845400036805","0.065147894182928212","false"
"Specification-ModerateRiskAversion__Cost-1__Fee-British__ExitFees-AllUnilateralExits__Starts-50","4","59","0","P","7","14","P Offer","P Liability Signal: 5;P Files: 1;D Answers: 1;P Abandons: 2","5,1,1,2","0.1076","false","1000.053601894551","1000.053601894551","4","0.35","0","999.99222182880112","0.061380065749858659","false"
"Specification-ModerateRiskAversion__Cost-1__Fee-British__ExitFees-AllUnilateralExits__Starts-50","4","59","0","P","7","14","P Offer","P Liability Signal: 5;P Files: 1;D Answers: 1;P Abandons: 2","5,1,1,2","0.1076","false","1000.053601894551","1000.053601894551","5","0.45","0","999.99562856134344","0.057973333207542055","false"
"Specification-ModerateRiskAversion__Cost-1__Fee-British__ExitFees-AllUnilateralExits__Starts-50","4","59","0","P","7","14","P Offer","P Liability Signal: 5;P Files: 1;D Answers: 1;P Abandons: 2","5,1,1,2","0.1076","false","1000.053601894551","1000.053601894551","6","0.55","0","999.99871267542619","0.054889219124788724","false"
"Specification-ModerateRiskAversion__Cost-1__Fee-British__ExitFees-AllUnilateralExits__Starts-50","4","59","0","P","7","14","P Offer","P Liability Signal: 5;P Files: 1;D Answers: 1;P Abandons: 2","5,1,1,2","0.1076","false","1000.053601894551","1000.053601894551","7","0.65","0","1000.0015037690729","0.052098125478096335","false"
"Specification-ModerateRiskAversion__Cost-1__Fee-British__ExitFees-AllUnilateralExits__Starts-50","4","59","0","P","7","14","P Offer","P Liability Signal: 5;P Files: 1;D Answers: 1;P Abandons: 2","5,1,1,2","0.1076","false","1000.053601894551","1000.053601894551","8","0.75","0","1000.0040284805053","0.049573414045653408","false"
"Specification-ModerateRiskAversion__Cost-1__Fee-British__ExitFees-AllUnilateralExits__Starts-50","4","59","0","P","7","14","P Offer","P Liability Signal: 5;P Files: 1;D Answers: 1;P Abandons: 2","5,1,1,2","0.1076","false","1000.053601894551","1000.053601894551","9","0.85","0","1000.0063134479448","0.047288446606216894","false"
"Specification-ModerateRiskAversion__Cost-1__Fee-British__ExitFees-AllUnilateralExits__Starts-50","4","59","0","P","7","14","P Offer","P Liability Signal: 5;P Files: 1;D Answers: 1;P Abandons: 2","5,1,1,2","0.1076","false","1000.053601894551","1000.053601894551","10","0.95","0","1000.0083793900076","0.045222504543403375","false"
"Specification-ModerateRiskAversion__Cost-1__Fee-British__ExitFees-AllUnilateralExits__Starts-50","4","60","0","P","2","9","P Files","P Liability Signal: 6","6","0.10759999999999999","false","1000.067666154415","1000.067666154415","1","Yes","1","1000.067666154415","0","true"
"Specification-ModerateRiskAversion__Cost-1__Fee-British__ExitFees-AllUnilateralExits__Starts-50","4","60","0","P","2","9","P Files","P Liability Signal: 6","6","0.10759999999999999","false","1000.067666154415","1000.067666154415","2","No","0","999.99999691360017","0.067669240814780096","false"
"Specification-ModerateRiskAversion__Cost-1__Fee-British__ExitFees-AllUnilateralExits__Starts-50","4","61","0","P","5","20","P Abandons","P Liability Signal: 6;P Files: 1;D Answers: 1","6,1,1","0.10759999999999999","false","1000.067666154415","1000.0676661544151","1","Yes","0.17964165417450806","1000.067666154415","1.1368683772161603E-13","true"
"Specification-ModerateRiskAversion__Cost-1__Fee-British__ExitFees-AllUnilateralExits__Starts-50","4","61","0","P","5","20","P Abandons","P Liability Signal: 6;P Files: 1;D Answers: 1","6,1,1","0.10759999999999999","false","1000.067666154415","1000.0676661544151","2","No","0.82035834582549194","1000.0676661544151","0","true"
"Specification-ModerateRiskAversion__Cost-1__Fee-British__ExitFees-AllUnilateralExits__Starts-50","4","62","0","P","7","14","P Offer","P Liability Signal: 6;P Files: 1;D Answers: 1;P Abandons: 1","6,1,1,1","0.019329441989177069","false","1000.0676661544147","1000.0676661544147","1","0.05","0","1000.0551617076289","0.01250444678578333","false"
"Specification-ModerateRiskAversion__Cost-1__Fee-British__ExitFees-AllUnilateralExits__Starts-50","4","62","0","P","7","14","P Offer","P Liability Signal: 6;P Files: 1;D Answers: 1;P Abandons: 1","6,1,1,1","0.019329441989177069","false","1000.0676661544147","1000.0676661544147","2","0.15","0","1000.0676661544147","0","true"
"Specification-ModerateRiskAversion__Cost-1__Fee-British__ExitFees-AllUnilateralExits__Starts-50","4","62","0","P","7","14","P Offer","P Liability Signal: 6;P Files: 1;D Answers: 1;P Abandons: 1","6,1,1,1","0.019329441989177069","false","1000.0676661544147","1000.0676661544147","3","0.25","0","1000.0425129696559","0.02515318475877848","false"
"Specification-ModerateRiskAversion__Cost-1__Fee-British__ExitFees-AllUnilateralExits__Starts-50","4","62","0","P","7","14","P Offer","P Liability Signal: 6;P Files: 1;D Answers: 1;P Abandons: 1","6,1,1,1","0.019329441989177069","false","1000.0676661544147","1000.0676661544147","4","0.35","0","1000.0472693576831","0.020396796731574796","false"
"Specification-ModerateRiskAversion__Cost-1__Fee-British__ExitFees-AllUnilateralExits__Starts-50","4","62","0","P","7","14","P Offer","P Liability Signal: 6;P Files: 1;D Answers: 1;P Abandons: 1","6,1,1,1","0.019329441989177069","false","1000.0676661544147","1000.0676661544147","5","0.45","0","1000.0515699096226","0.016096244792151992","false"
"Specification-ModerateRiskAversion__Cost-1__Fee-British__ExitFees-AllUnilateralExits__Starts-50","4","62","0","P","7","14","P Offer","P Liability Signal: 6;P Files: 1;D Answers: 1;P Abandons: 1","6,1,1,1","0.019329441989177069","false","1000.0676661544147","1000.0676661544147","6","0.55","0","1000.0554631981724","0.012202956242276741","false"
"Specification-ModerateRiskAversion__Cost-1__Fee-British__ExitFees-AllUnilateralExits__Starts-50","4","62","0","P","7","14","P Offer","P Liability Signal: 6;P Files: 1;D Answers: 1;P Abandons: 1","6,1,1,1","0.019329441989177069","false","1000.0676661544147","1000.0676661544147","7","0.65","0","1000.0589865869466","0.0086795674681070523","false"
"Specification-ModerateRiskAversion__Cost-1__Fee-British__ExitFees-AllUnilateralExits__Starts-50","4","62","0","P","7","14","P Offer","P Liability Signal: 6;P Files: 1;D Answers: 1;P Abandons: 1","6,1,1,1","0.019329441989177069","false","1000.0676661544147","1000.0676661544147","8","0.75","0","1000.0621737031975","0.0054924512172647155","false"
"Specification-ModerateRiskAversion__Cost-1__Fee-British__ExitFees-AllUnilateralExits__Starts-50","4","62","0","P","7","14","P Offer","P Liability Signal: 6;P Files: 1;D Answers: 1;P Abandons: 1","6,1,1,1","0.019329441989177069","false","1000.0676661544147","1000.0676661544147","9","0.85","0","1000.0650581741768","0.0026079802379399553","false"
"Specification-ModerateRiskAversion__Cost-1__Fee-British__ExitFees-AllUnilateralExits__Starts-50","4","62","0","P","7","14","P Offer","P Liability Signal: 6;P Files: 1;D Answers: 1;P Abandons: 1","6,1,1,1","0.019329441989177069","false","1000.0676661544147","1000.0676661544147","10","0.95","1","1000.0676661544147","0","true"
"Specification-ModerateRiskAversion__Cost-1__Fee-British__ExitFees-AllUnilateralExits__Starts-50","4","63","0","P","7","14","P Offer","P Liability Signal: 6;P Files: 1;D Answers: 1;P Abandons: 2","6,1,1,2","0.088270558010822939","false","1000.067666154415","1000.0676661544147","1","0.05","0","1000.0551617076293","0.012504446785442269","false"
"Specification-ModerateRiskAversion__Cost-1__Fee-British__ExitFees-AllUnilateralExits__Starts-50","4","63","0","P","7","14","P Offer","P Liability Signal: 6;P Files: 1;D Answers: 1;P Abandons: 2","6,1,1,2","0.088270558010822939","false","1000.067666154415","1000.0676661544147","2","0.15","0.64569353504365312","1000.0676661544146","1.1368683772161603E-13","true"
"Specification-ModerateRiskAversion__Cost-1__Fee-British__ExitFees-AllUnilateralExits__Starts-50","4","63","0","P","7","14","P Offer","P Liability Signal: 6;P Files: 1;D Answers: 1;P Abandons: 2","6,1,1,2","0.088270558010822939","false","1000.067666154415","1000.0676661544147","3","0.25","0","1000.0425129696561","0.025153184758664793","false"
"Specification-ModerateRiskAversion__Cost-1__Fee-British__ExitFees-AllUnilateralExits__Starts-50","4","63","0","P","7","14","P Offer","P Liability Signal: 6;P Files: 1;D Answers: 1;P Abandons: 2","6,1,1,2","0.088270558010822939","false","1000.067666154415","1000.0676661544147","4","0.35","0","1000.0472693576829","0.020396796731802169","false"
"Specification-ModerateRiskAversion__Cost-1__Fee-British__ExitFees-AllUnilateralExits__Starts-50","4","63","0","P","7","14","P Offer","P Liability Signal: 6;P Files: 1;D Answers: 1;P Abandons: 2","6,1,1,2","0.088270558010822939","false","1000.067666154415","1000.0676661544147","5","0.45","0","1000.0515699096228","0.016096244791924619","false"
"Specification-ModerateRiskAversion__Cost-1__Fee-British__ExitFees-AllUnilateralExits__Starts-50","4","63","0","P","7","14","P Offer","P Liability Signal: 6;P Files: 1;D Answers: 1;P Abandons: 2","6,1,1,2","0.088270558010822939","false","1000.067666154415","1000.0676661544147","6","0.55","0","1000.0554631981729","0.012202956241821994","false"
"Specification-ModerateRiskAversion__Cost-1__Fee-British__ExitFees-AllUnilateralExits__Starts-50","4","63","0","P","7","14","P Offer","P Liability Signal: 6;P Files: 1;D Answers: 1;P Abandons: 2","6,1,1,2","0.088270558010822939","false","1000.067666154415","1000.0676661544147","7","0.65","0","1000.0589865869468","0.0086795674678796786","false"
"Specification-ModerateRiskAversion__Cost-1__Fee-British__ExitFees-AllUnilateralExits__Starts-50","4","63","0","P","7","14","P Offer","P Liability Signal: 6;P Files: 1;D Answers: 1;P Abandons: 2","6,1,1,2","0.088270558010822939","false","1000.067666154415","1000.0676661544147","8","0.75","0","1000.0621737031976","0.0054924512171510287","false"
"Specification-ModerateRiskAversion__Cost-1__Fee-British__ExitFees-AllUnilateralExits__Starts-50","4","63","0","P","7","14","P Offer","P Liability Signal: 6;P Files: 1;D Answers: 1;P Abandons: 2","6,1,1,2","0.088270558010822939","false","1000.067666154415","1000.0676661544147","9","0.85","0","1000.0650581741768","0.0026079802379399553","false"
"Specification-ModerateRiskAversion__Cost-1__Fee-British__ExitFees-AllUnilateralExits__Starts-50","4","63","0","P","7","14","P Offer","P Liability Signal: 6;P Files: 1;D Answers: 1;P Abandons: 2","6,1,1,2","0.088270558010822939","false","1000.067666154415","1000.0676661544147","10","0.95","0.35430646495634693","1000.0676661544147","0","true"
"Specification-ModerateRiskAversion__Cost-1__Fee-British__ExitFees-AllUnilateralExits__Starts-50","4","64","0","P","2","9","P Files","P Liability Signal: 7","7","0.10809999999999999","false","1000.1078176160042","1000.1078176160042","1","Yes","1","1000.1078176160042","0","true"
"Specification-ModerateRiskAversion__Cost-1__Fee-British__ExitFees-AllUnilateralExits__Starts-50","4","64","0","P","2","9","P Files","P Liability Signal: 7","7","0.10809999999999999","false","1000.1078176160042","1000.1078176160042","2","No","0","999.99999691360006","0.10782070240418307","false"
"Specification-ModerateRiskAversion__Cost-1__Fee-British__ExitFees-AllUnilateralExits__Starts-50","4","65","0","P","5","20","P Abandons","P Liability Signal: 7;P Files: 1;D Answers: 1","7,1,1","0.10809999999999999","false","1000.1078176160042","1000.1078176160042","1","Yes","0","1000.0823239229462","0.025493693058024292","false"
"Specification-ModerateRiskAversion__Cost-1__Fee-British__ExitFees-AllUnilateralExits__Starts-50","4","65","0","P","5","20","P Abandons","P Liability Signal: 7;P Files: 1;D Answers: 1","7,1,1","0.10809999999999999","false","1000.1078176160042","1000.1078176160042","2","No","1","1000.1078176160042","0","true"
"Specification-ModerateRiskAversion__Cost-1__Fee-British__ExitFees-AllUnilateralExits__Starts-50","4","66","0","P","7","14","P Offer","P Liability Signal: 7;P Files: 1;D Answers: 1;P Abandons: 1","7,1,1,1","0","true","","","1","0.05","0.10000000000000001","","",""
"Specification-ModerateRiskAversion__Cost-1__Fee-British__ExitFees-AllUnilateralExits__Starts-50","4","66","0","P","7","14","P Offer","P Liability Signal: 7;P Files: 1;D Answers: 1;P Abandons: 1","7,1,1,1","0","true","","","2","0.15","0.10000000000000001","","",""
"Specification-ModerateRiskAversion__Cost-1__Fee-British__ExitFees-AllUnilateralExits__Starts-50","4","66","0","P","7","14","P Offer","P Liability Signal: 7;P Files: 1;D Answers: 1;P Abandons: 1","7,1,1,1","0","true","","","3","0.25","0.10000000000000001","","",""
"Specification-ModerateRiskAversion__Cost-1__Fee-British__ExitFees-AllUnilateralExits__Starts-50","4","66","0","P","7","14","P Offer","P Liability Signal: 7;P Files: 1;D Answers: 1;P Abandons: 1","7,1,1,1","0","true","","","4","0.35","0.10000000000000001","","",""
"Specification-ModerateRiskAversion__Cost-1__Fee-British__ExitFees-AllUnilateralExits__Starts-50","4","66","0","P","7","14","P Offer","P Liability Signal: 7;P Files: 1;D Answers: 1;P Abandons: 1","7,1,1,1","0","true","","","5","0.45","0.10000000000000001","","",""
"Specification-ModerateRiskAversion__Cost-1__Fee-British__ExitFees-AllUnilateralExits__Starts-50","4","66","0","P","7","14","P Offer","P Liability Signal: 7;P Files: 1;D Answers: 1;P Abandons: 1","7,1,1,1","0","true","","","6","0.55","0.10000000000000001","","",""
"Specification-ModerateRiskAversion__Cost-1__Fee-British__ExitFees-AllUnilateralExits__Starts-50","4","66","0","P","7","14","P Offer","P Liability Signal: 7;P Files: 1;D Answers: 1;P Abandons: 1","7,1,1,1","0","true","","","7","0.65","0.10000000000000001","","",""
"Specification-ModerateRiskAversion__Cost-1__Fee-British__ExitFees-AllUnilateralExits__Starts-50","4","66","0","P","7","14","P Offer","P Liability Signal: 7;P Files: 1;D Answers: 1;P Abandons: 1","7,1,1,1","0","true","","","8","0.75","0.10000000000000001","","",""
"Specification-ModerateRiskAversion__Cost-1__Fee-British__ExitFees-AllUnilateralExits__Starts-50","4","66","0","P","7","14","P Offer","P Liability Signal: 7;P Files: 1;D Answers: 1;P Abandons: 1","7,1,1,1","0","true","","","9","0.85","0.10000000000000001","","",""
"Specification-ModerateRiskAversion__Cost-1__Fee-British__ExitFees-AllUnilateralExits__Starts-50","4","66","0","P","7","14","P Offer","P Liability Signal: 7;P Files: 1;D Answers: 1;P Abandons: 1","7,1,1,1","0","true","","","10","0.95","0.10000000000000001","","",""
"Specification-ModerateRiskAversion__Cost-1__Fee-British__ExitFees-AllUnilateralExits__Starts-50","4","67","0","P","7","14","P Offer","P Liability Signal: 7;P Files: 1;D Answers: 1;P Abandons: 2","7,1,1,2","0.10809999999999999","false","1000.1078176160042","1000.1078176160042","1","0.05","0","1000.0684089499989","0.039408666005328996","false"
"Specification-ModerateRiskAversion__Cost-1__Fee-British__ExitFees-AllUnilateralExits__Starts-50","4","67","0","P","7","14","P Offer","P Liability Signal: 7;P Files: 1;D Answers: 1;P Abandons: 2","7,1,1,2","0.10809999999999999","false","1000.1078176160042","1000.1078176160042","2","0.15","0","1000.0796526055819","0.028165010422299019","false"
"Specification-ModerateRiskAversion__Cost-1__Fee-British__ExitFees-AllUnilateralExits__Starts-50","4","67","0","P","7","14","P Offer","P Liability Signal: 7;P Files: 1;D Answers: 1;P Abandons: 2","7,1,1,2","0.10809999999999999","false","1000.1078176160042","1000.1078176160042","3","0.25","0","1000.0782089738298","0.029608642174480337","false"
"Specification-ModerateRiskAversion__Cost-1__Fee-British__ExitFees-AllUnilateralExits__Starts-50","4","67","0","P","7","14","P Offer","P Liability Signal: 7;P Files: 1;D Answers: 1;P Abandons: 2","7,1,1,2","0.10809999999999999","false","1000.1078176160042","1000.1078176160042","4","0.35","0","1000.0838078748234","0.024009741180861965","false"
"Specification-ModerateRiskAversion__Cost-1__Fee-British__ExitFees-AllUnilateralExits__Starts-50","4","67","0","P","7","14","P Offer","P Liability Signal: 7;P Files: 1;D Answers: 1;P Abandons: 2","7,1,1,2","0.10809999999999999","false","1000.1078176160042","1000.1078176160042","5","0.45","0","1000.0888701961458","0.018947419858477588","false"
"Specification-ModerateRiskAversion__Cost-1__Fee-British__ExitFees-AllUnilateralExits__Starts-50","4","67","0","P","7","14","P Offer","P Liability Signal: 7;P Files: 1;D Answers: 1;P Abandons: 2","7,1,1,2","0.10809999999999999","false","1000.1078176160042","1000.1078176160042","6","0.55","0","1000.0934531143196","0.01436450168466763","false"
"Specification-ModerateRiskAversion__Cost-1__Fee-British__ExitFees-AllUnilateralExits__Starts-50","4","67","0","P","7","14","P Offer","P Liability Signal: 7;P Files: 1;D Answers: 1;P Abandons: 2","7,1,1,2","0.10809999999999999","false","1000.1078176160042","1000.1078176160042","7","0.65","0","1000.0976006112847","0.010217004719493161","false"
"Specification-ModerateRiskAversion__Cost-1__Fee-British__ExitFees-AllUnilateralExits__Starts-50","4","67","0","P","7","14","P Offer","P Liability Signal: 7;P Files: 1;D Answers: 1;P Abandons: 2","7,1,1,2","0.10809999999999999","false","1000.1078176160042","1000.1078176160042","8","0.75","0","1000.1013522707879","0.0064653452163838665","false"
"Specification-ModerateRiskAversion__Cost-1__Fee-British__ExitFees-AllUnilateralExits__Starts-50","4","67","0","P","7","14","P Offer","P Liability Signal: 7;P Files: 1;D Answers: 1;P Abandons: 2","7,1,1,2","0.10809999999999999","false","1000.1078176160042","1000.1078176160042","9","0.85","0","1000.104747676575","0.0030699394292241777","false"
"Specification-ModerateRiskAversion__Cost-1__Fee-British__ExitFees-AllUnilateralExits__Starts-50","4","67","0","P","7","14","P Offer","P Liability Signal: 7;P Files: 1;D Answers: 1;P Abandons: 2","7,1,1,2","0.10809999999999999","false","1000.1078176160042","1000.1078176160042","10","0.95","1","1000.1078176160042","0","true"
"Specification-ModerateRiskAversion__Cost-1__Fee-British__ExitFees-AllUnilateralExits__Starts-50","4","68","0","P","2","9","P Files","P Liability Signal: 8","8","0.10618","false","1000.1302453465789","1000.1302453465789","1","Yes","1","1000.1302453465789","0","true"
"Specification-ModerateRiskAversion__Cost-1__Fee-British__ExitFees-AllUnilateralExits__Starts-50","4","68","0","P","2","9","P Files","P Liability Signal: 8","8","0.10618","false","1000.1302453465789","1000.1302453465789","2","No","0","999.99999691359983","0.13024843297910138","false"
"Specification-ModerateRiskAversion__Cost-1__Fee-British__ExitFees-AllUnilateralExits__Starts-50","4","69","0","P","5","20","P Abandons","P Liability Signal: 8;P Files: 1;D Answers: 1","8,1,1","0.10618","false","1000.1302453465789","1000.1302453465789","1","Yes","0","1000.0994592671246","0.030786079454287574","false"
"Specification-ModerateRiskAversion__Cost-1__Fee-British__ExitFees-AllUnilateralExits__Starts-50","4","69","0","P","5","20","P Abandons","P Liability Signal: 8;P Files: 1;D Answers: 1","8,1,1","0.10618","false","1000.1302453465789","1000.1302453465789","2","No","1","1000.1302453465789","0","true"
"Specification-ModerateRiskAversion__Cost-1__Fee-British__ExitFees-AllUnilateralExits__Starts-50","4","70","0","P","7","14","P Offer","P Liability Signal: 8;P Files: 1;D Answers: 1;P Abandons: 1","8,1,1,1","0","true","","","1","0.05","0.10000000000000001","","",""
"Specification-ModerateRiskAversion__Cost-1__Fee-British__ExitFees-AllUnilateralExits__Starts-50","4","70","0","P","7","14","P Offer","P Liability Signal: 8;P Files: 1;D Answers: 1;P Abandons: 1","8,1,1,1","0","true","","","2","0.15","0.10000000000000001","","",""
"Specification-ModerateRiskAversion__Cost-1__Fee-British__ExitFees-AllUnilateralExits__Starts-50","4","70","0","P","7","14","P Offer","P Liability Signal: 8;P Files: 1;D Answers: 1;P Abandons: 1","8,1,1,1","0","true","","","3","0.25","0.10000000000000001","","",""
"Specification-ModerateRiskAversion__Cost-1__Fee-British__ExitFees-AllUnilateralExits__Starts-50","4","70","0","P","7","14","P Offer","P Liability Signal: 8;P Files: 1;D Answers: 1;P Abandons: 1","8,1,1,1","0","true","","","4","0.35","0.10000000000000001","","",""
"Specification-ModerateRiskAversion__Cost-1__Fee-British__ExitFees-AllUnilateralExits__Starts-50","4","70","0","P","7","14","P Offer","P Liability Signal: 8;P Files: 1;D Answers: 1;P Abandons: 1","8,1,1,1","0","true","","","5","0.45","0.10000000000000001","","",""
"Specification-ModerateRiskAversion__Cost-1__Fee-British__ExitFees-AllUnilateralExits__Starts-50","4","70","0","P","7","14","P Offer","P Liability Signal: 8;P Files: 1;D Answers: 1;P Abandons: 1","8,1,1,1","0","true","","","6","0.55","0.10000000000000001","","",""
"Specification-ModerateRiskAversion__Cost-1__Fee-British__ExitFees-AllUnilateralExits__Starts-50","4","70","0","P","7","14","P Offer","P Liability Signal: 8;P Files: 1;D Answers: 1;P Abandons: 1","8,1,1,1","0","true","","","7","0.65","0.10000000000000001","","",""
"Specification-ModerateRiskAversion__Cost-1__Fee-British__ExitFees-AllUnilateralExits__Starts-50","4","70","0","P","7","14","P Offer","P Liability Signal: 8;P Files: 1;D Answers: 1;P Abandons: 1","8,1,1,1","0","true","","","8","0.75","0.10000000000000001","","",""
"Specification-ModerateRiskAversion__Cost-1__Fee-British__ExitFees-AllUnilateralExits__Starts-50","4","70","0","P","7","14","P Offer","P Liability Signal: 8;P Files: 1;D Answers: 1;P Abandons: 1","8,1,1,1","0","true","","","9","0.85","0.10000000000000001","","",""
"Specification-ModerateRiskAversion__Cost-1__Fee-British__ExitFees-AllUnilateralExits__Starts-50","4","70","0","P","7","14","P Offer","P Liability Signal: 8;P Files: 1;D Answers: 1;P Abandons: 1","8,1,1,1","0","true","","","10","0.95","0.10000000000000001","","",""
"Specification-ModerateRiskAversion__Cost-1__Fee-British__ExitFees-AllUnilateralExits__Starts-50","4","71","0","P","7","14","P Offer","P Liability Signal: 8;P Files: 1;D Answers: 1;P Abandons: 2","8,1,1,2","0.10618","false","1000.1302453465789","1000.1302453465789","1","0.05","0","1000.0779727114023","0.052272635176677795","false"
"Specification-ModerateRiskAversion__Cost-1__Fee-British__ExitFees-AllUnilateralExits__Starts-50","4","71","0","P","7","14","P Offer","P Liability Signal: 8;P Files: 1;D Answers: 1;P Abandons: 2","8,1,1,2","0.10618","false","1000.1302453465789","1000.1302453465789","2","0.15","0","1000.0883061468875","0.041939199691455542","false"
"Specification-ModerateRiskAversion__Cost-1__Fee-British__ExitFees-AllUnilateralExits__Starts-50","4","71","0","P","7","14","P Offer","P Liability Signal: 8;P Files: 1;D Answers: 1;P Abandons: 2","8,1,1,2","0.10618","false","1000.1302453465789","1000.1302453465789","3","0.25","0","1000.0974201155873","0.032825230991647913","false"
"Specification-ModerateRiskAversion__Cost-1__Fee-British__ExitFees-AllUnilateralExits__Starts-50","4","71","0","P","7","14","P Offer","P Liability Signal: 8;P Files: 1;D Answers: 1;P Abandons: 2","8,1,1,2","0.10618","false","1000.1302453465789","1000.1302453465789","4","0.35","0","1000.1036272633966","0.026618083182370356","false"
"Specification-ModerateRiskAversion__Cost-1__Fee-British__ExitFees-AllUnilateralExits__Starts-50","4","71","0","P","7","14","P Offer","P Liability Signal: 8;P Files: 1;D Answers: 1;P Abandons: 2","8,1,1,2","0.10618","false","1000.1302453465789","1000.1302453465789","5","0.45","0","1000.1092395392243","0.021005807354640638","false"
"Specification-ModerateRiskAversion__Cost-1__Fee-British__ExitFees-AllUnilateralExits__Starts-50","4","71","0","P","7","14","P Offer","P Liability Signal: 8;P Files: 1;D Answers: 1;P Abandons: 2","8,1,1,2","0.10618","false","1000.1302453465789","1000.1302453465789","6","0.55","0","1000.1143203310679","0.015925015511015772","false"
"Specification-ModerateRiskAversion__Cost-1__Fee-British__ExitFees-AllUnilateralExits__Starts-50","4","71","0","P","7","14","P Offer","P Liability Signal: 8;P Files: 1;D Answers: 1;P Abandons: 2","8,1,1,2","0.10618","false","1000.1302453465789","1000.1302453465789","7","0.65","0","1000.1189183989268","0.01132694765215092","false"
"Specification-ModerateRiskAversion__Cost-1__Fee-British__ExitFees-AllUnilateralExits__Starts-50","4","71","0","P","7","14","P Offer","P Liability Signal: 8;P Files: 1;D Answers: 1;P Abandons: 2","8,1,1,2","0.10618","false","1000.1302453465789","1000.1302453465789","8","0.75","0","1000.1230776267992","0.0071677197797725967","false"
"Specification-ModerateRiskAversion__Cost-1__Fee-British__ExitFees-AllUnilateralExits__Starts-50","4","71","0","P","7","14","P Offer","P Liability Signal: 8;P Files: 1;D Answers: 1;P Abandons: 2","8,1,1,2","0.10618","false","1000.1302453465789","1000.1302453465789","9","0.85","0","1000.1268418986834","0.0034034478954936276","false"
"Specification-ModerateRiskAversion__Cost-1__Fee-British__ExitFees-AllUnilateralExits__Starts-50","4","71","0","P","7","14","P Offer","P Liability Signal: 8;P Files: 1;D Answers: 1;P Abandons: 2","8,1,1,2","0.10618","false","1000.1302453465789","1000.1302453465789","10","0.95","1","1000.1302453465789","0","true"
"Specification-ModerateRiskAversion__Cost-1__Fee-British__ExitFees-AllUnilateralExits__Starts-50","4","72","0","P","2","9","P Files","P Liability Signal: 9","9","0.097680000000000003","false","1000.1410169467516","1000.1410169467516","1","Yes","1","1000.1410169467516","0","true"
"Specification-ModerateRiskAversion__Cost-1__Fee-British__ExitFees-AllUnilateralExits__Starts-50","4","72","0","P","2","9","P Files","P Liability Signal: 9","9","0.097680000000000003","false","1000.1410169467516","1000.1410169467516","2","No","0","999.99999691359994","0.14102003315167622","false"
"Specification-ModerateRiskAversion__Cost-1__Fee-British__ExitFees-AllUnilateralExits__Starts-50","4","73","0","P","5","20","P Abandons","P Liability Signal: 9;P Files: 1;D Answers: 1","9,1,1","0.097680000000000003","false","1000.1410169467516","1000.1410169467516","1","Yes","0","1000.1098597542669","0.031157192484670304","false"
"Specification-ModerateRiskAversion__Cost-1__Fee-British__ExitFees-AllUnilateralExits__Starts-50","4","73","0","P","5","20","P Abandons","P Liability Signal: 9;P Files: 1;D Answers: 1","9,1,1","0.097680000000000003","false","1000.1410169467516","1000.1410169467516","2","No","1","1000.1410169467516","0","true"
"Specification-ModerateRiskAversion__Cost-1__Fee-British__ExitFees-AllUnilateralExits__Starts-50","4","74","0","P","7","14","P Offer","P Liability Signal: 9;P Files: 1;D Answers: 1;P Abandons: 1","9,1,1,1","0","true","","","1","0.05","0.10000000000000001","","",""
"Specification-ModerateRiskAversion__Cost-1__Fee-British__ExitFees-AllUnilateralExits__Starts-50","4","74","0","P","7","14","P Offer","P Liability Signal: 9;P Files: 1;D Answers: 1;P Abandons: 1","9,1,1,1","0","true","","","2","0.15","0.10000000000000001","","",""
"Specification-ModerateRiskAversion__Cost-1__Fee-British__ExitFees-AllUnilateralExits__Starts-50","4","74","0","P","7","14","P Offer","P Liability Signal: 9;P Files: 1;D Answers: 1;P Abandons: 1","9,1,1,1","0","true","","","3","0.25","0.10000000000000001","","",""
"Specification-ModerateRiskAversion__Cost-1__Fee-British__ExitFees-AllUnilateralExits__Starts-50","4","74","0","P","7","14","P Offer","P Liability Signal: 9;P Files: 1;D Answers: 1;P Abandons: 1","9,1,1,1","0","true","","","4","0.35","0.10000000000000001","","",""
"Specification-ModerateRiskAversion__Cost-1__Fee-British__ExitFees-AllUnilateralExits__Starts-50","4","74","0","P","7","14","P Offer","P Liability Signal: 9;P Files: 1;D Answers: 1;P Abandons: 1","9,1,1,1","0","true","","","5","0.45","0.10000000000000001","","",""
"Specification-ModerateRiskAversion__Cost-1__Fee-British__ExitFees-AllUnilateralExits__Starts-50","4","74","0","P","7","14","P Offer","P Liability Signal: 9;P Files: 1;D Answers: 1;P Abandons: 1","9,1,1,1","0","true","","","6","0.55","0.10000000000000001","","",""
"Specification-ModerateRiskAversion__Cost-1__Fee-British__ExitFees-AllUnilateralExits__Starts-50","4","74","0","P","7","14","P Offer","P Liability Signal: 9;P Files: 1;D Answers: 1;P Abandons: 1","9,1,1,1","0","true","","","7","0.65","0.10000000000000001","","",""
"Specification-ModerateRiskAversion__Cost-1__Fee-British__ExitFees-AllUnilateralExits__Starts-50","4","74","0","P","7","14","P Offer","P Liability Signal: 9;P Files: 1;D Answers: 1;P Abandons: 1","9,1,1,1","0","true","","","8","0.75","0.10000000000000001","","",""
"Specification-ModerateRiskAversion__Cost-1__Fee-British__ExitFees-AllUnilateralExits__Starts-50","4","74","0","P","7","14","P Offer","P Liability Signal: 9;P Files: 1;D Answers: 1;P Abandons: 1","9,1,1,1","0","true","","","9","0.85","0.10000000000000001","","",""
"Specification-ModerateRiskAversion__Cost-1__Fee-British__ExitFees-AllUnilateralExits__Starts-50","4","74","0","P","7","14","P Offer","P Liability Signal: 9;P Files: 1;D Answers: 1;P Abandons: 1","9,1,1,1","0","true","","","10","0.95","0.10000000000000001","","",""
"Specification-ModerateRiskAversion__Cost-1__Fee-British__ExitFees-AllUnilateralExits__Starts-50","4","75","0","P","7","14","P Offer","P Liability Signal: 9;P Files: 1;D Answers: 1;P Abandons: 2","9,1,1,2","0.097680000000000003","false","1000.1410169467516","1000.1410169467516","1","0.05","0","1000.084052384189","0.056964562562598076","false"
"Specification-ModerateRiskAversion__Cost-1__Fee-British__ExitFees-AllUnilateralExits__Starts-50","4","75","0","P","7","14","P Offer","P Liability Signal: 9;P Files: 1;D Answers: 1;P Abandons: 2","9,1,1,2","0.097680000000000003","false","1000.1410169467516","1000.1410169467516","2","0.15","0","1000.0938071937421","0.047209753009497035","false"
"Specification-ModerateRiskAversion__Cost-1__Fee-British__ExitFees-AllUnilateralExits__Starts-50","4","75","0","P","7","14","P Offer","P Liability Signal: 9;P Files: 1;D Answers: 1;P Abandons: 2","9,1,1,2","0.097680000000000003","false","1000.1410169467516","1000.1410169467516","3","0.25","0","1000.1061469337253","0.034870013026306879","false"
"Specification-ModerateRiskAversion__Cost-1__Fee-British__ExitFees-AllUnilateralExits__Starts-50","4","75","0","P","7","14","P Offer","P Liability Signal: 9;P Files: 1;D Answers: 1;P Abandons: 2","9,1,1,2","0.097680000000000003","false","1000.1410169467516","1000.1410169467516","4","0.35","0","1000.112740743378","0.028276203373593489","false"
"Specification-ModerateRiskAversion__Cost-1__Fee-British__ExitFees-AllUnilateralExits__Starts-50","4","75","0","P","7","14","P Offer","P Liability Signal: 9;P Files: 1;D Answers: 1;P Abandons: 2","9,1,1,2","0.097680000000000003","false","1000.1410169467516","1000.1410169467516","5","0.45","0","1000.1187026246903","0.022314322061333769","false"
"Specification-ModerateRiskAversion__Cost-1__Fee-British__ExitFees-AllUnilateralExits__Starts-50","4","75","0","P","7","14","P Offer","P Liability Signal: 9;P Files: 1;D Answers: 1;P Abandons: 2","9,1,1,2","0.097680000000000003","false","1000.1410169467516","1000.1410169467516","6","0.55","0","1000.1240999142883","0.016917032463311443","false"
"Specification-ModerateRiskAversion__Cost-1__Fee-British__ExitFees-AllUnilateralExits__Starts-50","4","75","0","P","7","14","P Offer","P Liability Signal: 9;P Files: 1;D Answers: 1;P Abandons: 2","9,1,1,2","0.097680000000000003","false","1000.1410169467516","1000.1410169467516","7","0.65","0","1000.1289844095769","0.012032537174718527","false"
"Specification-ModerateRiskAversion__Cost-1__Fee-British__ExitFees-AllUnilateralExits__Starts-50","4","75","0","P","7","14","P Offer","P Liability Signal: 9;P Files: 1;D Answers: 1;P Abandons: 2","9,1,1,2","0.097680000000000003","false","1000.1410169467516","1000.1410169467516","8","0.75","0","1000.1334027282209","0.0076142185307617183","false"
"Specification-ModerateRiskAversion__Cost-1__Fee-British__ExitFees-AllUnilateralExits__Starts-50","4","75","0","P","7","14","P Offer","P Liability Signal: 9;P Files: 1;D Answers: 1;P Abandons: 2","9,1,1,2","0.097680000000000003","false","1000.1410169467516","1000.1410169467516","9","0.85","0","1000.1374014878849","0.0036154588667614007","false"
"Specification-ModerateRiskAversion__Cost-1__Fee-British__ExitFees-AllUnilateralExits__Starts-50","4","75","0","P","7","14","P Offer","P Liability Signal: 9;P Files: 1;D Answers: 1;P Abandons: 2","9,1,1,2","0.097680000000000003","false","1000.1410169467516","1000.1410169467516","10","0.95","1","1000.1410169467516","0","true"
"Specification-ModerateRiskAversion__Cost-1__Fee-British__ExitFees-AllUnilateralExits__Starts-50","4","76","0","P","2","9","P Files","P Liability Signal: 10","10","0.080430000000000001","false","1000.1457066466681","1000.1457066466681","1","Yes","1","1000.1457066466681","0","true"
"Specification-ModerateRiskAversion__Cost-1__Fee-British__ExitFees-AllUnilateralExits__Starts-50","4","76","0","P","2","9","P Files","P Liability Signal: 10","10","0.080430000000000001","false","1000.1457066466681","1000.1457066466681","2","No","0","999.99999691359994","0.14570973306820179","false"
"Specification-ModerateRiskAversion__Cost-1__Fee-British__ExitFees-AllUnilateralExits__Starts-50","4","77","0","P","5","20","P Abandons","P Liability Signal: 10;P Files: 1;D Answers: 1","10,1,1","0.080430000000000001","false","1000.1457066466681","1000.1457066466681","1","Yes","0","1000.1157369206294","0.029969726038757472","false"
"Specification-ModerateRiskAversion__Cost-1__Fee-British__ExitFees-AllUnilateralExits__Starts-50","4","77","0","P","5","20","P Abandons","P Liability Signal: 10;P Files: 1;D Answers: 1","10,1,1","0.080430000000000001","false","1000.1457066466681","1000.1457066466681","2","No","1","1000.1457066466681","0","true"
"Specification-ModerateRiskAversion__Cost-1__Fee-British__ExitFees-AllUnilateralExits__Starts-50","4","78","0","P","7","14","P Offer","P Liability Signal: 10;P Files: 1;D Answers: 1;P Abandons: 1","10,1,1,1","0","true","","","1","0.05","0.10000000000000001","","",""
"Specification-ModerateRiskAversion__Cost-1__Fee-British__ExitFees-AllUnilateralExits__Starts-50","4","78","0","P","7","14","P Offer","P Liability Signal: 10;P Files: 1;D Answers: 1;P Abandons: 1","10,1,1,1","0","true","","","2","0.15","0.10000000000000001","","",""
"Specification-ModerateRiskAversion__Cost-1__Fee-British__ExitFees-AllUnilateralExits__Starts-50","4","78","0","P","7","14","P Offer","P Liability Signal: 10;P Files: 1;D Answers: 1;P Abandons: 1","10,1,1,1","0","true","","","3","0.25","0.10000000000000001","","",""
"Specification-ModerateRiskAversion__Cost-1__Fee-British__ExitFees-AllUnilateralExits__Starts-50","4","78","0","P","7","14","P Offer","P Liability Signal: 10;P Files: 1;D Answers: 1;P Abandons: 1","10,1,1,1","0","true","","","4","0.35","0.10000000000000001","","",""
"Specification-ModerateRiskAversion__Cost-1__Fee-British__ExitFees-AllUnilateralExits__Starts-50","4","78","0","P","7","14","P Offer","P Liability Signal: 10;P Files: 1;D Answers: 1;P Abandons: 1","10,1,1,1","0","true","","","5","0.45","0.10000000000000001","","",""
"Specification-ModerateRiskAversion__Cost-1__Fee-British__ExitFees-AllUnilateralExits__Starts-50","4","78","0","P","7","14","P Offer","P Liability Signal: 10;P Files: 1;D Answers: 1;P Abandons: 1","10,1,1,1","0","true","","","6","0.55","0.10000000000000001","","",""
"Specification-ModerateRiskAversion__Cost-1__Fee-British__ExitFees-AllUnilateralExits__Starts-50","4","78","0","P","7","14","P Offer","P Liability Signal: 10;P Files: 1;D Answers: 1;P Abandons: 1","10,1,1,1","0","true","","","7","0.65","0.10000000000000001","","",""
"Specification-ModerateRiskAversion__Cost-1__Fee-British__ExitFees-AllUnilateralExits__Starts-50","4","78","0","P","7","14","P Offer","P Liability Signal: 10;P Files: 1;D Answers: 1;P Abandons: 1","10,1,1,1","0","true","","","8","0.75","0.10000000000000001","","",""
"Specification-ModerateRiskAversion__Cost-1__Fee-British__ExitFees-AllUnilateralExits__Starts-50","4","78","0","P","7","14","P Offer","P Liability Signal: 10;P Files: 1;D Answers: 1;P Abandons: 1","10,1,1,1","0","true","","","9","0.85","0.10000000000000001","","",""
"Specification-ModerateRiskAversion__Cost-1__Fee-British__ExitFees-AllUnilateralExits__Starts-50","4","78","0","P","7","14","P Offer","P Liability Signal: 10;P Files: 1;D Answers: 1;P Abandons: 1","10,1,1,1","0","true","","","10","0.95","0.10000000000000001","","",""
"Specification-ModerateRiskAversion__Cost-1__Fee-British__ExitFees-AllUnilateralExits__Starts-50","4","79","0","P","7","14","P Offer","P Liability Signal: 10;P Files: 1;D Answers: 1;P Abandons: 2","10,1,1,2","0.080430000000000001","false","1000.1457066466681","1000.1457066466681","1","0.05","0","1000.0876325312038","0.058074115464364695","false"
"Specification-ModerateRiskAversion__Cost-1__Fee-British__ExitFees-AllUnilateralExits__Starts-50","4","79","0","P","7","14","P Offer","P Liability Signal: 10;P Files: 1;D Answers: 1;P Abandons: 2","10,1,1,2","0.080430000000000001","false","1000.1457066466681","1000.1457066466681","2","0.15","0","1000.0970466043427","0.048660042325423092","false"
"Specification-ModerateRiskAversion__Cost-1__Fee-British__ExitFees-AllUnilateralExits__Starts-50","4","79","0","P","7","14","P Offer","P Liability Signal: 10;P Files: 1;D Answers: 1;P Abandons: 2","10,1,1,2","0.080430000000000001","false","1000.1457066466681","1000.1457066466681","3","0.25","0","1000.109632519448","0.036074127220103946","false"
"Specification-ModerateRiskAversion__Cost-1__Fee-British__ExitFees-AllUnilateralExits__Starts-50","4","79","0","P","7","14","P Offer","P Liability Signal: 10;P Files: 1;D Answers: 1;P Abandons: 2","10,1,1,2","0.080430000000000001","false","1000.1457066466681","1000.1457066466681","4","0.35","0","1000.1164540233029","0.029252623365209729","false"
"Specification-ModerateRiskAversion__Cost-1__Fee-British__ExitFees-AllUnilateralExits__Starts-50","4","79","0","P","7","14","P Offer","P Liability Signal: 10;P Files: 1;D Answers: 1;P Abandons: 2","10,1,1,2","0.080430000000000001","false","1000.1457066466681","1000.1457066466681","5","0.45","0","1000.1226217773776","0.023084869290528331","false"
"Specification-ModerateRiskAversion__Cost-1__Fee-British__ExitFees-AllUnilateralExits__Starts-50","4","79","0","P","7","14","P Offer","P Liability Signal: 10;P Files: 1;D Answers: 1;P Abandons: 2","10,1,1,2","0.080430000000000001","false","1000.1457066466681","1000.1457066466681","6","0.55","0","1000.1282054435338","0.017501203134315801","false"
"Specification-ModerateRiskAversion__Cost-1__Fee-British__ExitFees-AllUnilateralExits__Starts-50","4","79","0","P","7","14","P Offer","P Liability Signal: 10;P Files: 1;D Answers: 1;P Abandons: 2","10,1,1,2","0.080430000000000001","false","1000.1457066466681","1000.1457066466681","7","0.65","0","1000.1332586078189","0.012448038849242948","false"
"Specification-ModerateRiskAversion__Cost-1__Fee-British__ExitFees-AllUnilateralExits__Starts-50","4","79","0","P","7","14","P Offer","P Liability Signal: 10;P Files: 1;D Answers: 1;P Abandons: 2","10,1,1,2","0.080430000000000001","false","1000.1457066466681","1000.1457066466681","8","0.75","0","1000.1378294976763","0.0078771489918381121","false"
"Specification-ModerateRiskAversion__Cost-1__Fee-British__ExitFees-AllUnilateralExits__Starts-50","4","79","0","P","7","14","P Offer","P Liability Signal: 10;P Files: 1;D Answers: 1;P Abandons: 2","10,1,1,2","0.080430000000000001","false","1000.1457066466681","1000.1457066466681","9","0.85","0","1000.1419663405483","0.0037403061198801879","false"
"Specification-ModerateRiskAversion__Cost-1__Fee-British__ExitFees-AllUnilateralExits__Starts-50","4","79","0","P","7","14","P Offer","P Liability Signal: 10;P Files: 1;D Answers: 1;P Abandons: 2","10,1,1,2","0.080430000000000001","false","1000.1457066466681","1000.1457066466681","10","0.95","1","1000.1457066466681","0","true"
"Specification-ModerateRiskAversion__Cost-1__Fee-British__ExitFees-AllUnilateralExits__Starts-50","4","1","1","D","3","10","D Answers","D Liability Signal: 1;P Files: 1","1,1","0.080450619999999987","false","999.79490516000124","999.79490516000124","1","Yes","1","999.79490516000124","0","true"
"Specification-ModerateRiskAversion__Cost-1__Fee-British__ExitFees-AllUnilateralExits__Starts-50","4","1","1","D","3","10","D Answers","D Liability Signal: 1;P Files: 1","1,1","0.080450619999999987","false","999.79490516000124","999.79490516000124","2","No","0","998.32565936319997","1.4692457968012604","false"
"Specification-ModerateRiskAversion__Cost-1__Fee-British__ExitFees-AllUnilateralExits__Starts-50","4","3","1","D","6","21","D Defaults","D Liability Signal: 1;P Files: 1;D Answers: 1","1,1,1","0.08045062","false","999.79490516000112","999.79490516000112","1","Yes","0","999.36837581660006","0.4265293434010573","false"
"Specification-ModerateRiskAversion__Cost-1__Fee-British__ExitFees-AllUnilateralExits__Starts-50","4","3","1","D","6","21","D Defaults","D Liability Signal: 1;P Files: 1;D Answers: 1","1,1,1","0.08045062","false","999.79490516000112","999.79490516000112","2","No","1","999.79490516000112","0","true"
"Specification-ModerateRiskAversion__Cost-1__Fee-British__ExitFees-AllUnilateralExits__Starts-50","4","5","1","D","8","15","D Offer","D Liability Signal: 1;P Files: 1;D Answers: 1;D Defaults: 1","1,1,1,1","0","true","","","1","0.05","0.10000000000000001","","",""
"Specification-ModerateRiskAversion__Cost-1__Fee-British__ExitFees-AllUnilateralExits__Starts-50","4","5","1","D","8","15","D Offer","D Liability Signal: 1;P Files: 1;D Answers: 1;D Defaults: 1","1,1,1,1","0","true","","","2","0.15","0.10000000000000001","","",""
"Specification-ModerateRiskAversion__Cost-1__Fee-British__ExitFees-AllUnilateralExits__Starts-50","4","5","1","D","8","15","D Offer","D Liability Signal: 1;P Files: 1;D Answers: 1;D Defaults: 1","1,1,1,1","0","true","","","3","0.25","0.10000000000000001","","",""
"Specification-ModerateRiskAversion__Cost-1__Fee-British__ExitFees-AllUnilateralExits__Starts-50","4","5","1","D","8","15","D Offer","D Liability Signal: 1;P Files: 1;D Answers: 1;D Defaults: 1","1,1,1,1","0","true","","","4","0.35","0.10000000000000001","","",""
"Specification-ModerateRiskAversion__Cost-1__Fee-British__ExitFees-AllUnilateralExits__Starts-50","4","5","1","D","8","15","D Offer","D Liability Signal: 1;P Files: 1;D Answers: 1;D Defaults: 1","1,1,1,1","0","true","","","5","0.45","0.10000000000000001","","",""
"Specification-ModerateRiskAversion__Cost-1__Fee-British__ExitFees-AllUnilateralExits__Starts-50","4","5","1","D","8","15","D Offer","D Liability Signal: 1;P Files: 1;D Answers: 1;D Defaults: 1","1,1,1,1","0","true","","","6","0.55","0.10000000000000001","","",""
"Specification-ModerateRiskAversion__Cost-1__Fee-British__ExitFees-AllUnilateralExits__Starts-50","4","5","1","D","8","15","D Offer","D Liability Signal: 1;P Files: 1;D Answers: 1;D Defaults: 1","1,1,1,1","0","true","","","7","0.65","0.10000000000000001","","",""
"Specification-ModerateRiskAversion__Cost-1__Fee-British__ExitFees-AllUnilateralExits__Starts-50","4","5","1","D","8","15","D Offer","D Liability Signal: 1;P Files: 1;D Answers: 1;D Defaults: 1","1,1,1,1","0","true","","","8","0.75","0.10000000000000001","","",""
"Specification-ModerateRiskAversion__Cost-1__Fee-British__ExitFees-AllUnilateralExits__Starts-50","4","5","1","D","8","15","D Offer","D Liability Signal: 1;P Files: 1;D Answers: 1;D Defaults: 1","1,1,1,1","0","true","","","9","0.85","0.10000000000000001","","",""
"Specification-ModerateRiskAversion__Cost-1__Fee-British__ExitFees-AllUnilateralExits__Starts-50","4","5","1","D","8","15","D Offer","D Liability Signal: 1;P Files: 1;D Answers: 1;D Defaults: 1","1,1,1,1","0","true","","","10","0.95","0.10000000000000001","","",""
"Specification-ModerateRiskAversion__Cost-1__Fee-British__ExitFees-AllUnilateralExits__Starts-50","4","6","1","D","8","15","D Offer","D Liability Signal: 1;P Files: 1;D Answers: 1;D Defaults: 2","1,1,1,2","0.08045062","false","999.79490516000112","999.79490516000112","1","0.05","0","999.62571093419342","0.1691942258077006","false"
"Specification-ModerateRiskAversion__Cost-1__Fee-British__ExitFees-AllUnilateralExits__Starts-50","4","6","1","D","8","15","D Offer","D Liability Signal: 1;P Files: 1;D Answers: 1;D Defaults: 2","1,1,1,2","0.08045062","false","999.79490516000112","999.79490516000112","2","0.15","1","999.79490516000112","0","true"
"Specification-ModerateRiskAversion__Cost-1__Fee-British__ExitFees-AllUnilateralExits__Starts-50","4","6","1","D","8","15","D Offer","D Liability Signal: 1;P Files: 1;D Answers: 1;D Defaults: 2","1,1,1,2","0.08045062","false","999.79490516000112","999.79490516000112","3","0.25","0","999.76133606153917","0.033569098461953217","false"
"Specification-ModerateRiskAversion__Cost-1__Fee-British__ExitFees-AllUnilateralExits__Starts-50","4","6","1","D","8","15","D Offer","D Liability Signal: 1;P Files: 1;D Answers: 1;D Defaults: 2","1,1,1,2","0.08045062","false","999.79490516000112","999.79490516000112","4","0.35","0","999.72422508867896","0.070680071322158255","false"
"Specification-ModerateRiskAversion__Cost-1__Fee-British__ExitFees-AllUnilateralExits__Starts-50","4","6","1","D","8","15","D Offer","D Liability Signal: 1;P Files: 1;D Answers: 1;D Defaults: 2","1,1,1,2","0.08045062","false","999.79490516000112","999.79490516000112","5","0.45","0","999.68321805398068","0.1116871060204403","false"
"Specification-ModerateRiskAversion__Cost-1__Fee-British__ExitFees-AllUnilateralExits__Starts-50","4","6","1","D","8","15","D Offer","D Liability Signal: 1;P Files: 1;D Answers: 1;D Defaults: 2","1,1,1,2","0.08045062","false","999.79490516000112","999.79490516000112","6","0.55","0","999.63792141584474","0.15698374415637772","false"
"Specification-ModerateRiskAversion__Cost-1__Fee-British__ExitFees-AllUnilateralExits__Starts-50","4","6","1","D","8","15","D Offer","D Liability Signal: 1;P Files: 1;D Answers: 1;D Defaults: 2","1,1,1,2","0.08045062","false","999.79490516000112","999.79490516000112","7","0.65","0","999.58782357019174","0.20708158980937696","false"
"Specification-ModerateRiskAversion__Cost-1__Fee-British__ExitFees-AllUnilateralExits__Starts-50","4","6","1","D","8","15","D Offer","D Liability Signal: 1;P Files: 1;D Answers: 1;D Defaults: 2","1,1,1,2","0.08045062","false","999.79490516000112","999.79490516000112","8","0.75","0","999.53249162126122","0.26241353873990647","false"
"Specification-ModerateRiskAversion__Cost-1__Fee-British__ExitFees-AllUnilateralExits__Starts-50","4","6","1","D","8","15","D Offer","D Liability Signal: 1;P Files: 1;D Answers: 1;D Defaults: 2","1,1,1,2","0.08045062","false","999.79490516000112","999.79490516000112","9","0.85","0","999.47133525665367","0.32356990334744751","false"
"Specification-ModerateRiskAversion__Cost-1__Fee-British__ExitFees-AllUnilateralExits__Starts-50","4","6","1","D","8","15","D Offer","D Liability Signal: 1;P Files: 1;D Answers: 1;D Defaults: 2","1,1,1,2","0.08045062","false","999.79490516000112","999.79490516000112","10","0.95","0","999.37327355193565","0.42163160806546784","false"
"Specification-ModerateRiskAversion__Cost-1__Fee-British__ExitFees-AllUnilateralExits__Starts-50","4","8","1","D","3","10","D Answers","D Liability Signal: 2;P Files: 1","2,1","0.097678261199999991","false","999.73260858711217","999.73260858711217","1","Yes","1","999.73260858711217","0","true"
"Specification-ModerateRiskAversion__Cost-1__Fee-British__ExitFees-AllUnilateralExits__Starts-50","4","8","1","D","3","10","D Answers","D Liability Signal: 2;P Files: 1","2,1","0.097678261199999991","false","999.73260858711217","999.73260858711217","2","No","0","998.32565936320009","1.4069492239120791","false"
"Specification-ModerateRiskAversion__Cost-1__Fee-British__ExitFees-AllUnilateralExits__Starts-50","4","9","1","D","6","21","D Defaults","D Liability Signal: 2;P Files: 1;D Answers: 1","2,1,1","0.097678261199999991","false","999.73260858711228","999.73260858711228","1","Yes","0","999.31437725469959","0.41823133241268806","false"
"Specification-ModerateRiskAversion__Cost-1__Fee-British__ExitFees-AllUnilateralExits__Starts-50","4","9","1","D","6","21","D Defaults","D Liability Signal: 2;P Files: 1;D Answers: 1","2,1,1","0.097678261199999991","false","999.73260858711228","999.73260858711228","2","No","1","999.73260858711228","0","true"
"Specification-ModerateRiskAversion__Cost-1__Fee-British__ExitFees-AllUnilateralExits__Starts-50","4","10","1","D","8","15","D Offer","D Liability Signal: 2;P Files: 1;D Answers: 1;D Defaults: 1","2,1,1,1","0","true","","","1","0.05","0.10000000000000001","","",""
"Specification-ModerateRiskAversion__Cost-1__Fee-British__ExitFees-AllUnilateralExits__Starts-50","4","10","1","D","8","15","D Offer","D Liability Signal: 2;P Files: 1;D Answers: 1;D Defaults: 1","2,1,1,1","0","true","","","2","0.15","0.10000000000000001","","",""
"Specification-ModerateRiskAversion__Cost-1__Fee-British__ExitFees-AllUnilateralExits__Starts-50","4","10","1","D","8","15","D Offer","D Liability Signal: 2;P Files: 1;D Answers: 1;D Defaults: 1","2,1,1,1","0","true","","","3","0.25","0.10000000000000001","","",""
"Specification-ModerateRiskAversion__Cost-1__Fee-British__ExitFees-AllUnilateralExits__Starts-50","4","10","1","D","8","15","D Offer","D Liability Signal: 2;P Files: 1;D Answers: 1;D Defaults: 1","2,1,1,1","0","true","","","4","0.35","0.10000000000000001","","",""
"Specification-ModerateRiskAversion__Cost-1__Fee-British__ExitFees-AllUnilateralExits__Starts-50","4","10","1","D","8","15","D Offer","D Liability Signal: 2;P Files: 1;D Answers: 1;D Defaults: 1","2,1,1,1","0","true","","","5","0.45","0.10000000000000001","","",""
"Specification-ModerateRiskAversion__Cost-1__Fee-British__ExitFees-AllUnilateralExits__Starts-50","4","10","1","D","8","15","D Offer","D Liability Signal: 2;P Files: 1;D Answers: 1;D Defaults: 1","2,1,1,1","0","true","","","6","0.55","0.10000000000000001","","",""
"Specification-ModerateRiskAversion__Cost-1__Fee-British__ExitFees-AllUnilateralExits__Starts-50","4","10","1","D","8","15","D Offer","D Liability Signal: 2;P Files: 1;D Answers: 1;D Defaults: 1","2,1,1,1","0","true","","","7","0.65","0.10000000000000001","","",""
"Specification-ModerateRiskAversion__Cost-1__Fee-British__ExitFees-AllUnilateralExits__Starts-50","4","10","1","D","8","15","D Offer","D Liability Signal: 2;P Files: 1;D Answers: 1;D Defaults: 1","2,1,1,1","0","true","","","8","0.75","0.10000000000000001","","",""
"Specification-ModerateRiskAversion__Cost-1__Fee-British__ExitFees-AllUnilateralExits__Starts-50","4","10","1","D","8","15","D Offer","D Liability Signal: 2;P Files: 1;D Answers: 1;D Defaults: 1","2,1,1,1","0","true","","","9","0.85","0.10000000000000001","","",""
"Specification-ModerateRiskAversion__Cost-1__Fee-British__ExitFees-AllUnilateralExits__Starts-50","4","10","1","D","8","15","D Offer","D Liability Signal: 2;P Files: 1;D Answers: 1;D Defaults: 1","2,1,1,1","0","true","","","10","0.95","0.10000000000000001","","",""
"Specification-ModerateRiskAversion__Cost-1__Fee-British__ExitFees-AllUnilateralExits__Starts-50","4","11","1","D","8","15","D Offer","D Liability Signal: 2;P Files: 1;D Answers: 1;D Defaults: 2","2,1,1,2","0.097678261199999991","false","999.73260858711228","999.73260858711228","1","0.05","0","999.44635155828587","0.28625702882641235","false"
"Specification-ModerateRiskAversion__Cost-1__Fee-British__ExitFees-AllUnilateralExits__Starts-50","4","11","1","D","8","15","D Offer","D Liability Signal: 2;P Files: 1;D Answers: 1;D Defaults: 2","2,1,1,2","0.097678261199999991","false","999.73260858711228","999.73260858711228","2","0.15","1","999.73260858711228","0","true"
"Specification-ModerateRiskAversion__Cost-1__Fee-British__ExitFees-AllUnilateralExits__Starts-50","4","11","1","D","8","15","D Offer","D Liability Signal: 2;P Files: 1;D Answers: 1;D Defaults: 2","2,1,1,2","0.097678261199999991","false","999.73260858711228","999.73260858711228","3","0.25","0","999.70023565730867","0.03237292980361417","false"
"Specification-ModerateRiskAversion__Cost-1__Fee-British__ExitFees-AllUnilateralExits__Starts-50","4","11","1","D","8","15","D Offer","D Liability Signal: 2;P Files: 1;D Answers: 1;D Defaults: 2","2,1,1,2","0.097678261199999991","false","999.73260858711228","999.73260858711228","4","0.35","0","999.66444706082007","0.068161526292215058","false"
"Specification-ModerateRiskAversion__Cost-1__Fee-British__ExitFees-AllUnilateralExits__Starts-50","4","11","1","D","8","15","D Offer","D Liability Signal: 2;P Files: 1;D Answers: 1;D Defaults: 2","2,1,1,2","0.097678261199999991","false","999.73260858711228","999.73260858711228","5","0.45","0","999.62490123097768","0.10770735613459692","false"
"Specification-ModerateRiskAversion__Cost-1__Fee-British__ExitFees-AllUnilateralExits__Starts-50","4","11","1","D","8","15","D Offer","D Liability Signal: 2;P Files: 1;D Answers: 1;D Defaults: 2","2,1,1,2","0.097678261199999991","false","999.73260858711228","999.73260858711228","6","0.55","0","999.58121864926147","0.15138993785080856","false"
"Specification-ModerateRiskAversion__Cost-1__Fee-British__ExitFees-AllUnilateralExits__Starts-50","4","11","1","D","8","15","D Offer","D Liability Signal: 2;P Files: 1;D Answers: 1;D Defaults: 2","2,1,1,2","0.097678261199999991","false","999.73260858711228","999.73260858711228","7","0.65","0","999.53290594159432","0.19970264551795935","false"
"Specification-ModerateRiskAversion__Cost-1__Fee-British__ExitFees-AllUnilateralExits__Starts-50","4","11","1","D","8","15","D Offer","D Liability Signal: 2;P Files: 1;D Answers: 1;D Defaults: 2","2,1,1,2","0.097678261199999991","false","999.73260858711228","999.73260858711228","8","0.75","0","999.47954563760379","0.25306294950848951","false"
"Specification-ModerateRiskAversion__Cost-1__Fee-British__ExitFees-AllUnilateralExits__Starts-50","4","11","1","D","8","15","D Offer","D Liability Signal: 2;P Files: 1;D Answers: 1;D Defaults: 2","2,1,1,2","0.097678261199999991","false","999.73260858711228","999.73260858711228","9","0.85","0","999.4205684595089","0.31204012760338173","false"
"Specification-ModerateRiskAversion__Cost-1__Fee-British__ExitFees-AllUnilateralExits__Starts-50","4","11","1","D","8","15","D Offer","D Liability Signal: 2;P Files: 1;D Answers: 1;D Defaults: 2","2,1,1,2","0.097678261199999991","false","999.73260858711228","999.73260858711228","10","0.95","0","999.34225450067527","0.3903540864370143","false"
"Specification-ModerateRiskAversion__Cost-1__Fee-British__ExitFees-AllUnilateralExits__Starts-50","4","12","1","D","3","10","D Answers","D Liability Signal: 3;P Files: 1","3,1","0.10618020860000001","false","999.60194635600385","999.60194635600385","1","Yes","1","999.60194635600385","0","true"
"Specification-ModerateRiskAversion__Cost-1__Fee-British__ExitFees-AllUnilateralExits__Starts-50","4","12","1","D","3","10","D Answers","D Liability Signal: 3;P Files: 1","3,1","0.10618020860000001","false","999.60194635600385","999.60194635600385","2","No","0","998.32565936319997","1.2762869928038754","false"
"Specification-ModerateRiskAversion__Cost-1__Fee-British__ExitFees-AllUnilateralExits__Starts-50","4","13","1","D","6","21","D Defaults","D Liability Signal: 3;P Files: 1;D Answers: 1","3,1,1","0.10618020860000001","false","999.60194635600385","999.60194635600385","1","Yes","0","999.22272963774628","0.37921671825756675","false"
"Specification-ModerateRiskAversion__Cost-1__Fee-British__ExitFees-AllUnilateralExits__Starts-50","4","13","1","D","6","21","D Defaults","D Liability Signal: 3;P Files: 1;D Answers: 1","3,1,1","0.10618020860000001","false","999.60194635600385","999.60194635600385","2","No","1","999.60194635600385","0","true"
"Specification-ModerateRiskAversion__Cost-1__Fee-British__ExitFees-AllUnilateralExits__Starts-50","4","14","1","D","8","15","D Offer","D Liability Signal: 3;P Files: 1;D Answers: 1;D Defaults: 1","3,1,1,1","0","true","","","1","0.05","0.10000000000000001","","",""
"Specification-ModerateRiskAversion__Cost-1__Fee-British__ExitFees-AllUnilateralExits__Starts-50","4","14","1","D","8","15","D Offer","D Liability Signal: 3;P Files: 1;D Answers: 1;D Defaults: 1","3,1,1,1","0","true","","","2","0.15","0.10000000000000001","","",""
"Specification-ModerateRiskAversion__Cost-1__Fee-British__ExitFees-AllUnilateralExits__Starts-50","4","14","1","D","8","15","D Offer","D Liability Signal: 3;P Files: 1;D Answers: 1;D Defaults: 1","3,1,1,1","0","true","","","3","0.25","0.10000000000000001","","",""
"Specification-ModerateRiskAversion__Cost-1__Fee-British__ExitFees-AllUnilateralExits__Starts-50","4","14","1","D","8","15","D Offer","D Liability Signal: 3;P Files: 1;D Answers: 1;D Defaults: 1","3,1,1,1","0","true","","","4","0.35","0.10000000000000001","","",""
"Specification-ModerateRiskAversion__Cost-1__Fee-British__ExitFees-AllUnilateralExits__Starts-50","4","14","1","D","8","15","D Offer","D Liability Signal: 3;P Files: 1;D Answers: 1;D Defaults: 1","3,1,1,1","0","true","","","5","0.45","0.10000000000000001","","",""
"Specification-ModerateRiskAversion__Cost-1__Fee-British__ExitFees-AllUnilateralExits__Starts-50","4","14","1","D","8","15","D Offer","D Liability Signal: 3;P Files: 1;D Answers: 1;D Defaults: 1","3,1,1,1","0","true","","","6","0.55","0.10000000000000001","","",""
"Specification-ModerateRiskAversion__Cost-1__Fee-British__ExitFees-AllUnilateralExits__Starts-50","4","14","1","D","8","15","D Offer","D Liability Signal: 3;P Files: 1;D Answers: 1;D Defaults: 1","3,1,1,1","0","true","","","7","0.65","0.10000000000000001","","",""
"Specification-ModerateRiskAversion__Cost-1__Fee-British__ExitFees-AllUnilateralExits__Starts-50","4","14","1","D","8","15","D Offer","D Liability Signal: 3;P Files: 1;D Answers: 1;D Defaults: 1","3,1,1,1","0","true","","","8","0.75","0.10000000000000001","","",""
"Specification-ModerateRiskAversion__Cost-1__Fee-British__ExitFees-AllUnilateralExits__Starts-50","4","14","1","D","8","15","D Offer","D Liability Signal: 3;P Files: 1;D Answers: 1;D Defaults: 1","3,1,1,1","0","true","","","9","0.85","0.10000000000000001","","",""
"Specification-ModerateRiskAversion__Cost-1__Fee-British__ExitFees-AllUnilateralExits__Starts-50","4","14","1","D","8","15","D Offer","D Liability Signal: 3;P Files: 1;D Answers: 1;D Defaults: 1","3,1,1,1","0","true","","","10","0.95","0.10000000000000001","","",""
"Specification-ModerateRiskAversion__Cost-1__Fee-British__ExitFees-AllUnilateralExits__Starts-50","4","15","1","D","8","15","D Offer","D Liability Signal: 3;P Files: 1;D Answers: 1;D Defaults: 2","3,1,1,2","0.10618020860000001","false","999.60194635600408","999.60194635600408","1","0.05","0","999.15802335049818","0.44392300550589425","false"
"Specification-ModerateRiskAversion__Cost-1__Fee-British__ExitFees-AllUnilateralExits__Starts-50","4","15","1","D","8","15","D Offer","D Liability Signal: 3;P Files: 1;D Answers: 1;D Defaults: 2","3,1,1,2","0.10618020860000001","false","999.60194635600408","999.60194635600408","2","0.15","1","999.60194635600408","0","true"
"Specification-ModerateRiskAversion__Cost-1__Fee-British__ExitFees-AllUnilateralExits__Starts-50","4","15","1","D","8","15","D Offer","D Liability Signal: 3;P Files: 1;D Answers: 1;D Defaults: 2","3,1,1,2","0.10618020860000001","false","999.60194635600408","999.60194635600408","3","0.25","0","999.57158108104841","0.030365274955670429","false"
"Specification-ModerateRiskAversion__Cost-1__Fee-British__ExitFees-AllUnilateralExits__Starts-50","4","15","1","D","8","15","D Offer","D Liability Signal: 3;P Files: 1;D Answers: 1;D Defaults: 2","3,1,1,2","0.10618020860000001","false","999.60194635600408","999.60194635600408","4","0.35","0","999.53801196700044","0.063934389003634351","false"
"Specification-ModerateRiskAversion__Cost-1__Fee-British__ExitFees-AllUnilateralExits__Starts-50","4","15","1","D","8","15","D Offer","D Liability Signal: 3;P Files: 1;D Answers: 1;D Defaults: 2","3,1,1,2","0.10618020860000001","false","999.60194635600408","999.60194635600408","5","0.45","0","999.50091862995043","0.10102772605364407","false"
"Specification-ModerateRiskAversion__Cost-1__Fee-British__ExitFees-AllUnilateralExits__Starts-50","4","15","1","D","8","15","D Offer","D Liability Signal: 3;P Files: 1;D Answers: 1;D Defaults: 2","3,1,1,2","0.10618020860000001","false","999.60194635600408","999.60194635600408","6","0.55","0","999.45994508777756","0.14200126822652237","false"
"Specification-ModerateRiskAversion__Cost-1__Fee-British__ExitFees-AllUnilateralExits__Starts-50","4","15","1","D","8","15","D Offer","D Liability Signal: 3;P Files: 1;D Answers: 1;D Defaults: 2","3,1,1,2","0.10618020860000001","false","999.60194635600408","999.60194635600408","7","0.65","0","999.41462856372334","0.18731779228073719","false"
"Specification-ModerateRiskAversion__Cost-1__Fee-British__ExitFees-AllUnilateralExits__Starts-50","4","15","1","D","8","15","D Offer","D Liability Signal: 3;P Files: 1;D Answers: 1;D Defaults: 2","3,1,1,2","0.10618020860000001","false","999.60194635600408","999.60194635600408","8","0.75","0","999.3645774774543","0.2373688785497734","false"
"Specification-ModerateRiskAversion__Cost-1__Fee-British__ExitFees-AllUnilateralExits__Starts-50","4","15","1","D","8","15","D Offer","D Liability Signal: 3;P Files: 1;D Answers: 1;D Defaults: 2","3,1,1,2","0.10618020860000001","false","999.60194635600408","999.60194635600408","9","0.85","0","999.3092578557887","0.29268850021537673","false"
"Specification-ModerateRiskAversion__Cost-1__Fee-British__ExitFees-AllUnilateralExits__Starts-50","4","15","1","D","8","15","D Offer","D Liability Signal: 3;P Files: 1;D Answers: 1;D Defaults: 2","3,1,1,2","0.10618020860000001","false","999.60194635600408","999.60194635600408","10","0.95","0","999.29019198573633","0.31175437026774944","false"
"Specification-ModerateRiskAversion__Cost-1__Fee-British__ExitFees-AllUnilateralExits__Starts-50","4","16","1","D","3","10","D Answers","D Liability Signal: 4;P Files: 1","4,1","0.1080961854","false","999.35323412055584","999.35323412055584","1","Yes","1","999.35323412055584","0","true"
"Specification-ModerateRiskAversion__Cost-1__Fee-British__ExitFees-AllUnilateralExits__Starts-50","4","16","1","D","3","10","D Answers","D Liability Signal: 4;P Files: 1","4,1","0.1080961854","false","999.35323412055584","999.35323412055584","2","No","0","998.32565936319975","1.0275747573560921","false"
"Specification-ModerateRiskAversion__Cost-1__Fee-British__ExitFees-AllUnilateralExits__Starts-50","4","17","1","D","6","21","D Defaults","D Liability Signal: 4;P Files: 1;D Answers: 1","4,1,1","0.1080961854","false","999.35323412055584","999.35323412055573","1","Yes","0.81724438632401641","999.35323412055573","0","true"
"Specification-ModerateRiskAversion__Cost-1__Fee-British__ExitFees-AllUnilateralExits__Starts-50","4","17","1","D","6","21","D Defaults","D Liability Signal: 4;P Files: 1;D Answers: 1","4,1,1","0.1080961854","false","999.35323412055584","999.35323412055573","2","No","0.18275561367598361","999.35323412055573","0","true"
"Specification-ModerateRiskAversion__Cost-1__Fee-British__ExitFees-AllUnilateralExits__Starts-50","4","18","1","D","8","15","D Offer","D Liability Signal: 4;P Files: 1;D Answers: 1;D Defaults: 1","4,1,1,1","0.088341000701190109","false","999.35323412055561","999.35323412055561","1","0.05","0","997.69807450469034","1.6551596158652728","false"
"Specification-ModerateRiskAversion__Cost-1__Fee-British__ExitFees-AllUnilateralExits__Starts-50","4","18","1","D","8","15","D Offer","D Liability Signal: 4;P Files: 1;D Answers: 1;D Defaults: 1","4,1,1,1","0.088341000701190109","false","999.35323412055561","999.35323412055561","2","0.15","1","999.35323412055561","0","true"
"Specification-ModerateRiskAversion__Cost-1__Fee-British__ExitFees-AllUnilateralExits__Starts-50","4","18","1","D","8","15","D Offer","D Liability Signal: 4;P Files: 1;D Answers: 1;D Defaults: 1","4,1,1,1","0.088341000701190109","false","999.35323412055561","999.35323412055561","3","0.25","0","999.32598724882746","0.027246871728152655","false"
"Specification-ModerateRiskAversion__Cost-1__Fee-British__ExitFees-AllUnilateralExits__Starts-50","4","18","1","D","8","15","D Offer","D Liability Signal: 4;P Files: 1;D Answers: 1;D Defaults: 1","4,1,1,1","0.088341000701190109","false","999.35323412055561","999.35323412055561","4","0.35","0","999.29586556062179","0.057368559933820507","false"
"Specification-ModerateRiskAversion__Cost-1__Fee-British__ExitFees-AllUnilateralExits__Starts-50","4","18","1","D","8","15","D Offer","D Liability Signal: 4;P Files: 1;D Answers: 1;D Defaults: 1","4,1,1,1","0.088341000701190109","false","999.35323412055561","999.35323412055561","5","0.45","0","999.26258157429027","0.090652546265346245","false"
"Specification-ModerateRiskAversion__Cost-1__Fee-British__ExitFees-AllUnilateralExits__Starts-50","4","18","1","D","8","15","D Offer","D Liability Signal: 4;P Files: 1;D Answers: 1;D Defaults: 1","4,1,1,1","0.088341000701190109","false","999.35323412055561","999.35323412055561","6","0.55","0","999.22581586578031","0.1274182547753071","false"
"Specification-ModerateRiskAversion__Cost-1__Fee-British__ExitFees-AllUnilateralExits__Starts-50","4","18","1","D","8","15","D Offer","D Liability Signal: 4;P Files: 1;D Answers: 1;D Defaults: 1","4,1,1,1","0.088341000701190109","false","999.35323412055561","999.35323412055561","7","0.65","0","999.18515318382276","0.1680809367328493","false"
"Specification-ModerateRiskAversion__Cost-1__Fee-British__ExitFees-AllUnilateralExits__Starts-50","4","18","1","D","8","15","D Offer","D Liability Signal: 4;P Files: 1;D Answers: 1;D Defaults: 1","4,1,1,1","0.088341000701190109","false","999.35323412055561","999.35323412055561","8","0.75","0","999.14024216195912","0.21299195859648989","false"
"Specification-ModerateRiskAversion__Cost-1__Fee-British__ExitFees-AllUnilateralExits__Starts-50","4","18","1","D","8","15","D Offer","D Liability Signal: 4;P Files: 1;D Answers: 1;D Defaults: 1","4,1,1,1","0.088341000701190109","false","999.35323412055561","999.35323412055561","9","0.85","0","999.09060366410995","0.26263045644566319","false"
"Specification-ModerateRiskAversion__Cost-1__Fee-British__ExitFees-AllUnilateralExits__Starts-50","4","18","1","D","8","15","D Offer","D Liability Signal: 4;P Files: 1;D Answers: 1;D Defaults: 1","4,1,1,1","0.088341000701190109","false","999.35323412055561","999.35323412055561","10","0.95","0","999.20932553862156","0.1439085819340562","false"
"Specification-ModerateRiskAversion__Cost-1__Fee-British__ExitFees-AllUnilateralExits__Starts-50","4","19","1","D","8","15","D Offer","D Liability Signal: 4;P Files: 1;D Answers: 1;D Defaults: 2","4,1,1,2","0.019755184698809904","false","999.3532341205555","999.3532341205555","1","0.05","0","998.73022373570552","0.62301038484997662","false"
"Specification-ModerateRiskAversion__Cost-1__Fee-British__ExitFees-AllUnilateralExits__Starts-50","4","19","1","D","8","15","D Offer","D Liability Signal: 4;P Files: 1;D Answers: 1;D Defaults: 2","4,1,1,2","0.019755184698809904","false","999.3532341205555","999.3532341205555","2","0.15","1","999.3532341205555","0","true"
"Specification-ModerateRiskAversion__Cost-1__Fee-British__ExitFees-AllUnilateralExits__Starts-50","4","19","1","D","8","15","D Offer","D Liability Signal: 4;P Files: 1;D Answers: 1;D Defaults: 2","4,1,1,2","0.019755184698809904","false","999.3532341205555","999.3532341205555","3","0.25","0","999.32598724882746","0.027246871728038968","false"
"Specification-ModerateRiskAversion__Cost-1__Fee-British__ExitFees-AllUnilateralExits__Starts-50","4","19","1","D","8","15","D Offer","D Liability Signal: 4;P Files: 1;D Answers: 1;D Defaults: 2","4,1,1,2","0.019755184698809904","false","999.3532341205555","999.3532341205555","4","0.35","0","999.29586556062156","0.057368559933934193","false"
"Specification-ModerateRiskAversion__Cost-1__Fee-British__ExitFees-AllUnilateralExits__Starts-50","4","19","1","D","8","15","D Offer","D Liability Signal: 4;P Files: 1;D Answers: 1;D Defaults: 2","4,1,1,2","0.019755184698809904","false","999.3532341205555","999.3532341205555","5","0.45","0","999.26258157429004","0.090652546265459932","false"
"Specification-ModerateRiskAversion__Cost-1__Fee-British__ExitFees-AllUnilateralExits__Starts-50","4","19","1","D","8","15","D Offer","D Liability Signal: 4;P Files: 1;D Answers: 1;D Defaults: 2","4,1,1,2","0.019755184698809904","false","999.3532341205555","999.3532341205555","6","0.55","0","999.22581586578031","0.12741825477519342","false"
"Specification-ModerateRiskAversion__Cost-1__Fee-British__ExitFees-AllUnilateralExits__Starts-50","4","19","1","D","8","15","D Offer","D Liability Signal: 4;P Files: 1;D Answers: 1;D Defaults: 2","4,1,1,2","0.019755184698809904","false","999.3532341205555","999.3532341205555","7","0.65","0","999.18515318382276","0.16808093673273561","false"
"Specification-ModerateRiskAversion__Cost-1__Fee-British__ExitFees-AllUnilateralExits__Starts-50","4","19","1","D","8","15","D Offer","D Liability Signal: 4;P Files: 1;D Answers: 1;D Defaults: 2","4,1,1,2","0.019755184698809904","false","999.3532341205555","999.3532341205555","8","0.75","0","999.14024216195901","0.21299195859648989","false"
"Specification-ModerateRiskAversion__Cost-1__Fee-British__ExitFees-AllUnilateralExits__Starts-50","4","19","1","D","8","15","D Offer","D Liability Signal: 4;P Files: 1;D Answers: 1;D Defaults: 2","4,1,1,2","0.019755184698809904","false","999.3532341205555","999.3532341205555","9","0.85","0","999.09060366410972","0.26263045644577687","false"
"Specification-ModerateRiskAversion__Cost-1__Fee-British__ExitFees-AllUnilateralExits__Starts-50","4","19","1","D","8","15","D Offer","D Liability Signal: 4;P Files: 1;D Answers: 1;D Defaults: 2","4,1,1,2","0.019755184698809904","false","999.3532341205555","999.3532341205555","10","0.95","0","999.2093255386219","0.14390858193360145","false"
"Specification-ModerateRiskAversion__Cost-1__Fee-British__ExitFees-AllUnilateralExits__Starts-50","4","20","1","D","3","10","D Answers","D Liability Signal: 5;P Files: 1","5,1","0.10760218790000001","false","999.09874497634576","999.09874497634576","1","Yes","1","999.09874497634576","0","true"
"Specification-ModerateRiskAversion__Cost-1__Fee-British__ExitFees-AllUnilateralExits__Starts-50","4","20","1","D","3","10","D Answers","D Liability Signal: 5;P Files: 1","5,1","0.10760218790000001","false","999.09874497634576","999.09874497634576","2","No","0","998.32565936319997","0.77308561314578128","false"
"Specification-ModerateRiskAversion__Cost-1__Fee-British__ExitFees-AllUnilateralExits__Starts-50","4","21","1","D","6","21","D Defaults","D Liability Signal: 5;P Files: 1;D Answers: 1","5,1,1","0.10760218790000001","false","999.0987449763461","999.09874497634598","1","Yes","0.35205334363875296","999.09874497634598","0","true"
"Specification-ModerateRiskAversion__Cost-1__Fee-British__ExitFees-AllUnilateralExits__Starts-50","4","21","1","D","6","21","D Defaults","D Liability Signal: 5;P Files: 1;D Answers: 1","5,1,1","0.10760218790000001","false","999.0987449763461","999.09874497634598","2","No","0.64794665636124704","999.09874497634576","2.2737367544323206E-13","true"
"Specification-ModerateRiskAversion__Cost-1__Fee-British__ExitFees-AllUnilateralExits__Starts-50","4","22","1","D","8","15","D Offer","D Liability Signal: 5;P Files: 1;D Answers: 1;D Defaults: 1","5,1,1,1","0.037881710033040375","false","999.09874497634576","999.09874497634576","1","0.05","0","997.70262482682062","1.3961201495251316","false"
"Specification-ModerateRiskAversion__Cost-1__Fee-British__ExitFees-AllUnilateralExits__Starts-50","4","22","1","D","8","15","D Offer","D Liability Signal: 5;P Files: 1;D Answers: 1;D Defaults: 1","5,1,1,1","0.037881710033040375","false","999.09874497634576","999.09874497634576","2","0.15","1","999.09874497634576","0","true"
"Specification-ModerateRiskAversion__Cost-1__Fee-British__ExitFees-AllUnilateralExits__Starts-50","4","22","1","D","8","15","D Offer","D Liability Signal: 5;P Files: 1;D Answers: 1;D Defaults: 1","5,1,1,1","0.037881710033040375","false","999.09874497634576","999.09874497634576","3","0.25","0","999.0757623550528","0.022982621292953809","false"
"Specification-ModerateRiskAversion__Cost-1__Fee-British__ExitFees-AllUnilateralExits__Starts-50","4","22","1","D","8","15","D Offer","D Liability Signal: 5;P Files: 1;D Answers: 1;D Defaults: 1","5,1,1,1","0.037881710033040375","false","999.09874497634576","999.09874497634576","4","0.35","0","999.05035483819529","0.048390138150466555","false"
"Specification-ModerateRiskAversion__Cost-1__Fee-British__ExitFees-AllUnilateralExits__Starts-50","4","22","1","D","8","15","D Offer","D Liability Signal: 5;P Files: 1;D Answers: 1;D Defaults: 1","5,1,1,1","0.037881710033040375","false","999.09874497634576","999.09874497634576","5","0.45","0","999.02227993621705","0.076465040128709916","false"
"Specification-ModerateRiskAversion__Cost-1__Fee-British__ExitFees-AllUnilateralExits__Starts-50","4","22","1","D","8","15","D Offer","D Liability Signal: 5;P Files: 1;D Answers: 1;D Defaults: 1","5,1,1,1","0.037881710033040375","false","999.09874497634576","999.09874497634576","6","0.55","0","998.99126821627749","0.10747676006826623","false"
"Specification-ModerateRiskAversion__Cost-1__Fee-British__ExitFees-AllUnilateralExits__Starts-50","4","22","1","D","8","15","D Offer","D Liability Signal: 5;P Files: 1;D Answers: 1;D Defaults: 1","5,1,1,1","0.037881710033040375","false","999.09874497634576","999.09874497634576","7","0.65","0","998.95696941568417","0.14177556066158559","false"
"Specification-ModerateRiskAversion__Cost-1__Fee-British__ExitFees-AllUnilateralExits__Starts-50","4","22","1","D","8","15","D Offer","D Liability Signal: 5;P Files: 1;D Answers: 1;D Defaults: 1","5,1,1,1","0.037881710033040375","false","999.09874497634576","999.09874497634576","8","0.75","0","998.91908715831221","0.1796578180335473","false"
"Specification-ModerateRiskAversion__Cost-1__Fee-British__ExitFees-AllUnilateralExits__Starts-50","4","22","1","D","8","15","D Offer","D Liability Signal: 5;P Files: 1;D Answers: 1;D Defaults: 1","5,1,1,1","0.037881710033040375","false","999.09874497634576","999.09874497634576","9","0.85","0","998.87721729490158","0.22152768144417223","false"
"Specification-ModerateRiskAversion__Cost-1__Fee-British__ExitFees-AllUnilateralExits__Starts-50","4","22","1","D","8","15","D Offer","D Liability Signal: 5;P Files: 1;D Answers: 1;D Defaults: 1","5,1,1,1","0.037881710033040375","false","999.09874497634576","999.09874497634576","10","0.95","0","999.09874497634576","0","true"
"Specification-ModerateRiskAversion__Cost-1__Fee-British__ExitFees-AllUnilateralExits__Starts-50","4","23","1","D","8","15","D Offer","D Liability Signal: 5;P Files: 1;D Answers: 1;D Defaults: 2","5,1,1,2","0.069720477866959632","false","999.09874497634598","999.09874497634598","1","0.05","0","998.17246132301989","0.92628365332609519","false"
"Specification-ModerateRiskAversion__Cost-1__Fee-British__ExitFees-AllUnilateralExits__Starts-50","4","23","1","D","8","15","D Offer","D Liability Signal: 5;P Files: 1;D Answers: 1;D Defaults: 2","5,1,1,2","0.069720477866959632","false","999.09874497634598","999.09874497634598","2","0.15","0","998.94545071243351","0.15329426391247125","false"
"Specification-ModerateRiskAversion__Cost-1__Fee-British__ExitFees-AllUnilateralExits__Starts-50","4","23","1","D","8","15","D Offer","D Liability Signal: 5;P Files: 1;D Answers: 1;D Defaults: 2","5,1,1,2","0.069720477866959632","false","999.09874497634598","999.09874497634598","3","0.25","0","998.92246809114022","0.17627688520576612","false"
"Specification-ModerateRiskAversion__Cost-1__Fee-British__ExitFees-AllUnilateralExits__Starts-50","4","23","1","D","8","15","D Offer","D Liability Signal: 5;P Files: 1;D Answers: 1;D Defaults: 2","5,1,1,2","0.069720477866959632","false","999.09874497634598","999.09874497634598","4","0.35","0","998.89706057428305","0.20168440206293781","false"
"Specification-ModerateRiskAversion__Cost-1__Fee-British__ExitFees-AllUnilateralExits__Starts-50","4","23","1","D","8","15","D Offer","D Liability Signal: 5;P Files: 1;D Answers: 1;D Defaults: 2","5,1,1,2","0.069720477866959632","false","999.09874497634598","999.09874497634598","5","0.45","0","998.86898567230469","0.22975930404129485","false"
"Specification-ModerateRiskAversion__Cost-1__Fee-British__ExitFees-AllUnilateralExits__Starts-50","4","23","1","D","8","15","D Offer","D Liability Signal: 5;P Files: 1;D Answers: 1;D Defaults: 2","5,1,1,2","0.069720477866959632","false","999.09874497634598","999.09874497634598","6","0.55","0","998.83797395236536","0.2607710239806238","false"
"Specification-ModerateRiskAversion__Cost-1__Fee-British__ExitFees-AllUnilateralExits__Starts-50","4","23","1","D","8","15","D Offer","D Liability Signal: 5;P Files: 1;D Answers: 1;D Defaults: 2","5,1,1,2","0.069720477866959632","false","999.09874497634598","999.09874497634598","7","0.65","0","998.80367515177181","0.29506982457417053","false"
"Specification-ModerateRiskAversion__Cost-1__Fee-British__ExitFees-AllUnilateralExits__Starts-50","4","23","1","D","8","15","D Offer","D Liability Signal: 5;P Files: 1;D Answers: 1;D Defaults: 2","5,1,1,2","0.069720477866959632","false","999.09874497634598","999.09874497634598","8","0.75","0","998.76579289439997","0.33295208194601855","false"
"Specification-ModerateRiskAversion__Cost-1__Fee-British__ExitFees-AllUnilateralExits__Starts-50","4","23","1","D","8","15","D Offer","D Liability Signal: 5;P Files: 1;D Answers: 1;D Defaults: 2","5,1,1,2","0.069720477866959632","false","999.09874497634598","999.09874497634598","9","0.85","0","998.72392303098923","0.37482194535675717","false"
"Specification-ModerateRiskAversion__Cost-1__Fee-British__ExitFees-AllUnilateralExits__Starts-50","4","23","1","D","8","15","D Offer","D Liability Signal: 5;P Files: 1;D Answers: 1;D Defaults: 2","5,1,1,2","0.069720477866959632","false","999.09874497634598","999.09874497634598","10","0.95","1","999.09874497634598","0","true"
"Specification-ModerateRiskAversion__Cost-1__Fee-British__ExitFees-AllUnilateralExits__Starts-50","4","24","1","D","3","10","D Answers","D Liability Signal: 6;P Files: 1","6,1","0.10760135250000001","false","998.9707258245644","998.9707258245644","1","Yes","1","998.9707258245644","0","true"
"Specification-ModerateRiskAversion__Cost-1__Fee-British__ExitFees-AllUnilateralExits__Starts-50","4","24","1","D","3","10","D Answers","D Liability Signal: 6;P Files: 1","6,1","0.10760135250000001","false","998.9707258245644","998.9707258245644","2","No","0","998.32565936319997","0.64506646136442214","false"
"Specification-ModerateRiskAversion__Cost-1__Fee-British__ExitFees-AllUnilateralExits__Starts-50","4","25","1","D","6","21","D Defaults","D Liability Signal: 6;P Files: 1;D Answers: 1","6,1,1","0.10760135250000001","false","998.9707258245644","998.9707258245644","1","Yes","0","998.64562985916928","0.32509596539512131","false"
"Specification-ModerateRiskAversion__Cost-1__Fee-British__ExitFees-AllUnilateralExits__Starts-50","4","25","1","D","6","21","D Defaults","D Liability Signal: 6;P Files: 1;D Answers: 1","6,1,1","0.10760135250000001","false","998.9707258245644","998.9707258245644","2","No","1","998.9707258245644","0","true"
"Specification-ModerateRiskAversion__Cost-1__Fee-British__ExitFees-AllUnilateralExits__Starts-50","4","26","1","D","8","15","D Offer","D Liability Signal: 6;P Files: 1;D Answers: 1;D Defaults: 1","6,1,1,1","0","true","","","1","0.05","0.10000000000000001","","",""
"Specification-ModerateRiskAversion__Cost-1__Fee-British__ExitFees-AllUnilateralExits__Starts-50","4","26","1","D","8","15","D Offer","D Liability Signal: 6;P Files: 1;D Answers: 1;D Defaults: 1","6,1,1,1","0","true","","","2","0.15","0.10000000000000001","","",""
"Specification-ModerateRiskAversion__Cost-1__Fee-British__ExitFees-AllUnilateralExits__Starts-50","4","26","1","D","8","15","D Offer","D Liability Signal: 6;P Files: 1;D Answers: 1;D Defaults: 1","6,1,1,1","0","true","","","3","0.25","0.10000000000000001","","",""
"Specification-ModerateRiskAversion__Cost-1__Fee-British__ExitFees-AllUnilateralExits__Starts-50","4","26","1","D","8","15","D Offer","D Liability Signal: 6;P Files: 1;D Answers: 1;D Defaults: 1","6,1,1,1","0","true","","","4","0.35","0.10000000000000001","","",""
"Specification-ModerateRiskAversion__Cost-1__Fee-British__ExitFees-AllUnilateralExits__Starts-50","4","26","1","D","8","15","D Offer","D Liability Signal: 6;P Files: 1;D Answers: 1;D Defaults: 1","6,1,1,1","0","true","","","5","0.45","0.10000000000000001","","",""
"Specification-ModerateRiskAversion__Cost-1__Fee-British__ExitFees-AllUnilateralExits__Starts-50","4","26","1","D","8","15","D Offer","D Liability Signal: 6;P Files: 1;D Answers: 1;D Defaults: 1","6,1,1,1","0","true","","","6","0.55","0.10000000000000001","","",""
"Specification-ModerateRiskAversion__Cost-1__Fee-British__ExitFees-AllUnilateralExits__Starts-50","4","26","1","D","8","15","D Offer","D Liability Signal: 6;P Files: 1;D Answers: 1;D Defaults: 1","6,1,1,1","0","true","","","7","0.65","0.10000000000000001","","",""
"Specification-ModerateRiskAversion__Cost-1__Fee-British__ExitFees-AllUnilateralExits__Starts-50","4","26","1","D","8","15","D Offer","D Liability Signal: 6;P Files: 1;D Answers: 1;D Defaults: 1","6,1,1,1","0","true","","","8","0.75","0.10000000000000001","","",""
"Specification-ModerateRiskAversion__Cost-1__Fee-British__ExitFees-AllUnilateralExits__Starts-50","4","26","1","D","8","15","D Offer","D Liability Signal: 6;P Files: 1;D Answers: 1;D Defaults: 1","6,1,1,1","0","true","","","9","0.85","0.10000000000000001","","",""
"Specification-ModerateRiskAversion__Cost-1__Fee-British__ExitFees-AllUnilateralExits__Starts-50","4","26","1","D","8","15","D Offer","D Liability Signal: 6;P Files: 1;D Answers: 1;D Defaults: 1","6,1,1,1","0","true","","","10","0.95","0.10000000000000001","","",""
"Specification-ModerateRiskAversion__Cost-1__Fee-British__ExitFees-AllUnilateralExits__Starts-50","4","27","1","D","8","15","D Offer","D Liability Signal: 6;P Files: 1;D Answers: 1;D Defaults: 2","6,1,1,2","0.1076013525","false","998.97072582456451","998.97072582456451","1","0.05","0","997.55696599143346","1.4137598331310528","false"
"Specification-ModerateRiskAversion__Cost-1__Fee-British__ExitFees-AllUnilateralExits__Starts-50","4","27","1","D","8","15","D Offer","D Liability Signal: 6;P Files: 1;D Answers: 1;D Defaults: 2","6,1,1,2","0.1076013525","false","998.97072582456451","998.97072582456451","2","0.15","0","998.3928237742731","0.57790205029141362","false"
"Specification-ModerateRiskAversion__Cost-1__Fee-British__ExitFees-AllUnilateralExits__Starts-50","4","27","1","D","8","15","D Offer","D Liability Signal: 6;P Files: 1;D Answers: 1;D Defaults: 2","6,1,1,2","0.1076013525","false","998.97072582456451","998.97072582456451","3","0.25","0","998.37477787705177","0.59594794751274094","false"
"Specification-ModerateRiskAversion__Cost-1__Fee-British__ExitFees-AllUnilateralExits__Starts-50","4","27","1","D","8","15","D Offer","D Liability Signal: 6;P Files: 1;D Answers: 1;D Defaults: 2","6,1,1,2","0.1076013525","false","998.97072582456451","998.97072582456451","4","0.35","0","998.35482795784958","0.6158978667149313","false"
"Specification-ModerateRiskAversion__Cost-1__Fee-British__ExitFees-AllUnilateralExits__Starts-50","4","27","1","D","8","15","D Offer","D Liability Signal: 6;P Files: 1;D Answers: 1;D Defaults: 2","6,1,1,2","0.1076013525","false","998.97072582456451","998.97072582456451","5","0.45","0","998.33278361446776","0.63794221009675312","false"
"Specification-ModerateRiskAversion__Cost-1__Fee-British__ExitFees-AllUnilateralExits__Starts-50","4","27","1","D","8","15","D Offer","D Liability Signal: 6;P Files: 1;D Answers: 1;D Defaults: 2","6,1,1,2","0.1076013525","false","998.97072582456451","998.97072582456451","6","0.55","0","998.30843328890921","0.66229253565529689","false"
"Specification-ModerateRiskAversion__Cost-1__Fee-British__ExitFees-AllUnilateralExits__Starts-50","4","27","1","D","8","15","D Offer","D Liability Signal: 6;P Files: 1;D Answers: 1;D Defaults: 2","6,1,1,2","0.1076013525","false","998.97072582456451","998.97072582456451","7","0.65","0","998.28150195577587","0.68922386878864472","false"
"Specification-ModerateRiskAversion__Cost-1__Fee-British__ExitFees-AllUnilateralExits__Starts-50","4","27","1","D","8","15","D Offer","D Liability Signal: 6;P Files: 1;D Answers: 1;D Defaults: 2","6,1,1,2","0.1076013525","false","998.97072582456451","998.97072582456451","8","0.75","0","998.25175690127037","0.71896892329414186","false"
"Specification-ModerateRiskAversion__Cost-1__Fee-British__ExitFees-AllUnilateralExits__Starts-50","4","27","1","D","8","15","D Offer","D Liability Signal: 6;P Files: 1;D Answers: 1;D Defaults: 2","6,1,1,2","0.1076013525","false","998.97072582456451","998.97072582456451","9","0.85","0","998.21888078839606","0.75184503616844722","false"
"Specification-ModerateRiskAversion__Cost-1__Fee-British__ExitFees-AllUnilateralExits__Starts-50","4","27","1","D","8","15","D Offer","D Liability Signal: 6;P Files: 1;D Answers: 1;D Defaults: 2","6,1,1,2","0.1076013525","false","998.97072582456451","998.97072582456451","10","0.95","1","998.97072582456451","0","true"
"Specification-ModerateRiskAversion__Cost-1__Fee-British__ExitFees-AllUnilateralExits__Starts-50","4","28","1","D","3","10","D Answers","D Liability Signal: 7;P Files: 1","7,1","0.1080937146","false","998.84714649203352","998.84714649203352","1","Yes","1","998.84714649203352","0","true"
"Specification-ModerateRiskAversion__Cost-1__Fee-British__ExitFees-AllUnilateralExits__Starts-50","4","28","1","D","3","10","D Answers","D Liability Signal: 7;P Files: 1","7,1","0.1080937146","false","998.84714649203352","998.84714649203352","2","No","0","998.32565936319975","0.52148712883376902","false"
"Specification-ModerateRiskAversion__Cost-1__Fee-British__ExitFees-AllUnilateralExits__Starts-50","4","29","1","D","6","21","D Defaults","D Liability Signal: 7;P Files: 1;D Answers: 1","7,1,1","0.1080937146","false","998.84714649203352","998.84714649203352","1","Yes","0","998.41735323848854","0.42979325354497178","false"
"Specification-ModerateRiskAversion__Cost-1__Fee-British__ExitFees-AllUnilateralExits__Starts-50","4","29","1","D","6","21","D Defaults","D Liability Signal: 7;P Files: 1;D Answers: 1","7,1,1","0.1080937146","false","998.84714649203352","998.84714649203352","2","No","1","998.84714649203352","0","true"
"Specification-ModerateRiskAversion__Cost-1__Fee-British__ExitFees-AllUnilateralExits__Starts-50","4","30","1","D","8","15","D Offer","D Liability Signal: 7;P Files: 1;D Answers: 1;D Defaults: 1","7,1,1,1","0","true","","","1","0.05","0.10000000000000001","","",""
"Specification-ModerateRiskAversion__Cost-1__Fee-British__ExitFees-AllUnilateralExits__Starts-50","4","30","1","D","8","15","D Offer","D Liability Signal: 7;P Files: 1;D Answers: 1;D Defaults: 1","7,1,1,1","0","true","","","2","0.15","0.10000000000000001","","",""
"Specification-ModerateRiskAversion__Cost-1__Fee-British__ExitFees-AllUnilateralExits__Starts-50","4","30","1","D","8","15","D Offer","D Liability Signal: 7;P Files: 1;D Answers: 1;D Defaults: 1","7,1,1,1","0","true","","","3","0.25","0.10000000000000001","","",""
"Specification-ModerateRiskAversion__Cost-1__Fee-British__ExitFees-AllUnilateralExits__Starts-50","4","30","1","D","8","15","D Offer","D Liability Signal: 7;P Files: 1;D Answers: 1;D Defaults: 1","7,1,1,1","0","true","","","4","0.35","0.10000000000000001","","",""
"Specification-ModerateRiskAversion__Cost-1__Fee-British__ExitFees-AllUnilateralExits__Starts-50","4","30","1","D","8","15","D Offer","D Liability Signal: 7;P Files: 1;D Answers: 1;D Defaults: 1","7,1,1,1","0","true","","","5","0.45","0.10000000000000001","","",""
"Specification-ModerateRiskAversion__Cost-1__Fee-British__ExitFees-AllUnilateralExits__Starts-50","4","30","1","D","8","15","D Offer","D Liability Signal: 7;P Files: 1;D Answers: 1;D Defaults: 1","7,1,1,1","0","true","","","6","0.55","0.10000000000000001","","",""
"Specification-ModerateRiskAversion__Cost-1__Fee-British__ExitFees-AllUnilateralExits__Starts-50","4","30","1","D","8","15","D Offer","D Liability Signal: 7;P Files: 1;D Answers: 1;D Defaults: 1","7,1,1,1","0","true","","","7","0.65","0.10000000000000001","","",""
"Specification-ModerateRiskAversion__Cost-1__Fee-British__ExitFees-AllUnilateralExits__Starts-50","4","30","1","D","8","15","D Offer","D Liability Signal: 7;P Files: 1;D Answers: 1;D Defaults: 1","7,1,1,1","0","true","","","8","0.75","0.10000000000000001","","",""
"Specification-ModerateRiskAversion__Cost-1__Fee-British__ExitFees-AllUnilateralExits__Starts-50","4","30","1","D","8","15","D Offer","D Liability Signal: 7;P Files: 1;D Answers: 1;D Defaults: 1","7,1,1,1","0","true","","","9","0.85","0.10000000000000001","","",""
"Specification-ModerateRiskAversion__Cost-1__Fee-British__ExitFees-AllUnilateralExits__Starts-50","4","30","1","D","8","15","D Offer","D Liability Signal: 7;P Files: 1;D Answers: 1;D Defaults: 1","7,1,1,1","0","true","","","10","0.95","0.10000000000000001","","",""
"Specification-ModerateRiskAversion__Cost-1__Fee-British__ExitFees-AllUnilateralExits__Starts-50","4","31","1","D","8","15","D Offer","D Liability Signal: 7;P Files: 1;D Answers: 1;D Defaults: 2","7,1,1,2","0.1080937146","false","998.84714649203352","998.84714649203352","1","0.05","0","996.98984501721259","1.8573014748209289","false"
"Specification-ModerateRiskAversion__Cost-1__Fee-British__ExitFees-AllUnilateralExits__Starts-50","4","31","1","D","8","15","D Offer","D Liability Signal: 7;P Files: 1;D Answers: 1;D Defaults: 2","7,1,1,2","0.1080937146","false","998.84714649203352","998.84714649203352","2","0.15","0","997.78422671440785","1.062919777625666","false"
"Specification-ModerateRiskAversion__Cost-1__Fee-British__ExitFees-AllUnilateralExits__Starts-50","4","31","1","D","8","15","D Offer","D Liability Signal: 7;P Files: 1;D Answers: 1;D Defaults: 2","7,1,1,2","0.1080937146","false","998.84714649203352","998.84714649203352","3","0.25","0","997.77094633123033","1.0762001608031824","false"
"Specification-ModerateRiskAversion__Cost-1__Fee-British__ExitFees-AllUnilateralExits__Starts-50","4","31","1","D","8","15","D Offer","D Liability Signal: 7;P Files: 1;D Answers: 1;D Defaults: 2","7,1,1,2","0.1080937146","false","998.84714649203352","998.84714649203352","4","0.35","0","997.75626473529098","1.0908817567425331","false"
"Specification-ModerateRiskAversion__Cost-1__Fee-British__ExitFees-AllUnilateralExits__Starts-50","4","31","1","D","8","15","D Offer","D Liability Signal: 7;P Files: 1;D Answers: 1;D Defaults: 2","7,1,1,2","0.1080937146","false","998.84714649203352","998.84714649203352","5","0.45","0","997.74004180531335","1.107104686720163","false"
"Specification-ModerateRiskAversion__Cost-1__Fee-British__ExitFees-AllUnilateralExits__Starts-50","4","31","1","D","8","15","D Offer","D Liability Signal: 7;P Files: 1;D Answers: 1;D Defaults: 2","7,1,1,2","0.1080937146","false","998.84714649203352","998.84714649203352","6","0.55","0","997.72212185099067","1.1250246410428417","false"
"Specification-ModerateRiskAversion__Cost-1__Fee-British__ExitFees-AllUnilateralExits__Starts-50","4","31","1","D","8","15","D Offer","D Liability Signal: 7;P Files: 1;D Answers: 1;D Defaults: 2","7,1,1,2","0.1080937146","false","998.84714649203352","998.84714649203352","7","0.65","0","997.70230247492407","1.1448440171094489","false"
"Specification-ModerateRiskAversion__Cost-1__Fee-British__ExitFees-AllUnilateralExits__Starts-50","4","31","1","D","8","15","D Offer","D Liability Signal: 7;P Files: 1;D Answers: 1;D Defaults: 2","7,1,1,2","0.1080937146","false","998.84714649203352","998.84714649203352","8","0.75","0","997.68041241777564","1.1667340742578745","false"
"Specification-ModerateRiskAversion__Cost-1__Fee-British__ExitFees-AllUnilateralExits__Starts-50","4","31","1","D","8","15","D Offer","D Liability Signal: 7;P Files: 1;D Answers: 1;D Defaults: 2","7,1,1,2","0.1080937146","false","998.84714649203352","998.84714649203352","9","0.85","0","997.65621814408541","1.1909283479481019","false"
"Specification-ModerateRiskAversion__Cost-1__Fee-British__ExitFees-AllUnilateralExits__Starts-50","4","31","1","D","8","15","D Offer","D Liability Signal: 7;P Files: 1;D Answers: 1;D Defaults: 2","7,1,1,2","0.1080937146","false","998.84714649203352","998.84714649203352","10","0.95","1","998.84714649203352","0","true"
"Specification-ModerateRiskAversion__Cost-1__Fee-British__ExitFees-AllUnilateralExits__Starts-50","4","32","1","D","3","10","D Answers","D Liability Signal: 8;P Files: 1","8,1","0.10617632220000001","false","998.74650282809296","998.74650282809296","1","Yes","1","998.74650282809296","0","true"
"Specification-ModerateRiskAversion__Cost-1__Fee-British__ExitFees-AllUnilateralExits__Starts-50","4","32","1","D","3","10","D Answers","D Liability Signal: 8;P Files: 1","8,1","0.10617632220000001","false","998.74650282809296","998.74650282809296","2","No","0","998.32565936319997","0.42084346489298241","false"
"Specification-ModerateRiskAversion__Cost-1__Fee-British__ExitFees-AllUnilateralExits__Starts-50","4","33","1","D","6","21","D Defaults","D Liability Signal: 8;P Files: 1;D Answers: 1","8,1,1","0.10617632220000001","false","998.74650282809296","998.74650282809296","1","Yes","0","998.22935116044846","0.51715166764449805","false"
"Specification-ModerateRiskAversion__Cost-1__Fee-British__ExitFees-AllUnilateralExits__Starts-50","4","33","1","D","6","21","D Defaults","D Liability Signal: 8;P Files: 1;D Answers: 1","8,1,1","0.10617632220000001","false","998.74650282809296","998.74650282809296","2","No","1","998.74650282809296","0","true"
"Specification-ModerateRiskAversion__Cost-1__Fee-British__ExitFees-AllUnilateralExits__Starts-50","4","34","1","D","8","15","D Offer","D Liability Signal: 8;P Files: 1;D Answers: 1;D Defaults: 1","8,1,1,1","0","true","","","1","0.05","0.10000000000000001","","",""
"Specification-ModerateRiskAversion__Cost-1__Fee-British__ExitFees-AllUnilateralExits__Starts-50","4","34","1","D","8","15","D Offer","D Liability Signal: 8;P Files: 1;D Answers: 1;D Defaults: 1","8,1,1,1","0","true","","","2","0.15","0.10000000000000001","","",""
"Specification-ModerateRiskAversion__Cost-1__Fee-British__ExitFees-AllUnilateralExits__Starts-50","4","34","1","D","8","15","D Offer","D Liability Signal: 8;P Files: 1;D Answers: 1;D Defaults: 1","8,1,1,1","0","true","","","3","0.25","0.10000000000000001","","",""
"Specification-ModerateRiskAversion__Cost-1__Fee-British__ExitFees-AllUnilateralExits__Starts-50","4","34","1","D","8","15","D Offer","D Liability Signal: 8;P Files: 1;D Answers: 1;D Defaults: 1","8,1,1,1","0","true","","","4","0.35","0.10000000000000001","","",""
"Specification-ModerateRiskAversion__Cost-1__Fee-British__ExitFees-AllUnilateralExits__Starts-50","4","34","1","D","8","15","D Offer","D Liability Signal: 8;P Files: 1;D Answers: 1;D Defaults: 1","8,1,1,1","0","true","","","5","0.45","0.10000000000000001","","",""
"Specification-ModerateRiskAversion__Cost-1__Fee-British__ExitFees-AllUnilateralExits__Starts-50","4","34","1","D","8","15","D Offer","D Liability Signal: 8;P Files: 1;D Answers: 1;D Defaults: 1","8,1,1,1","0","true","","","6","0.55","0.10000000000000001","","",""
"Specification-ModerateRiskAversion__Cost-1__Fee-British__ExitFees-AllUnilateralExits__Starts-50","4","34","1","D","8","15","D Offer","D Liability Signal: 8;P Files: 1;D Answers: 1;D Defaults: 1","8,1,1,1","0","true","","","7","0.65","0.10000000000000001","","",""
"Specification-ModerateRiskAversion__Cost-1__Fee-British__ExitFees-AllUnilateralExits__Starts-50","4","34","1","D","8","15","D Offer","D Liability Signal: 8;P Files: 1;D Answers: 1;D Defaults: 1","8,1,1,1","0","true","","","8","0.75","0.10000000000000001","","",""
"Specification-ModerateRiskAversion__Cost-1__Fee-British__ExitFees-AllUnilateralExits__Starts-50","4","34","1","D","8","15","D Offer","D Liability Signal: 8;P Files: 1;D Answers: 1;D Defaults: 1","8,1,1,1","0","true","","","9","0.85","0.10000000000000001","","",""
"Specification-ModerateRiskAversion__Cost-1__Fee-British__ExitFees-AllUnilateralExits__Starts-50","4","34","1","D","8","15","D Offer","D Liability Signal: 8;P Files: 1;D Answers: 1;D Defaults: 1","8,1,1,1","0","true","","","10","0.95","0.10000000000000001","","",""
"Specification-ModerateRiskAversion__Cost-1__Fee-British__ExitFees-AllUnilateralExits__Starts-50","4","35","1","D","8","15","D Offer","D Liability Signal: 8;P Files: 1;D Answers: 1;D Defaults: 2","8,1,1,2","0.10617632220000001","false","998.74650282809296","998.74650282809296","1","0.05","0","996.54751957639235","2.1989832517006107","false"
"Specification-ModerateRiskAversion__Cost-1__Fee-British__ExitFees-AllUnilateralExits__Starts-50","4","35","1","D","8","15","D Offer","D Liability Signal: 8;P Files: 1;D Answers: 1;D Defaults: 2","8,1,1,2","0.10617632220000001","false","998.74650282809296","998.74650282809296","2","0.15","0","997.23272336300124","1.5137794650917158","false"
"Specification-ModerateRiskAversion__Cost-1__Fee-British__ExitFees-AllUnilateralExits__Starts-50","4","35","1","D","8","15","D Offer","D Liability Signal: 8;P Files: 1;D Answers: 1;D Defaults: 2","8,1,1,2","0.10617632220000001","false","998.74650282809296","998.74650282809296","3","0.25","0","997.22332403973985","1.5231787883531069","false"
"Specification-ModerateRiskAversion__Cost-1__Fee-British__ExitFees-AllUnilateralExits__Starts-50","4","35","1","D","8","15","D Offer","D Liability Signal: 8;P Files: 1;D Answers: 1;D Defaults: 2","8,1,1,2","0.10617632220000001","false","998.74650282809296","998.74650282809296","4","0.35","0","997.21293299421154","1.5335698338814154","false"
"Specification-ModerateRiskAversion__Cost-1__Fee-British__ExitFees-AllUnilateralExits__Starts-50","4","35","1","D","8","15","D Offer","D Liability Signal: 8;P Files: 1;D Answers: 1;D Defaults: 2","8,1,1,2","0.10617632220000001","false","998.74650282809296","998.74650282809296","5","0.45","0","997.20145105418987","1.5450517739030829","false"
"Specification-ModerateRiskAversion__Cost-1__Fee-British__ExitFees-AllUnilateralExits__Starts-50","4","35","1","D","8","15","D Offer","D Liability Signal: 8;P Files: 1;D Answers: 1;D Defaults: 2","8,1,1,2","0.10617632220000001","false","998.74650282809296","998.74650282809296","6","0.55","0","997.18876802831187","1.5577347997810875","false"
"Specification-ModerateRiskAversion__Cost-1__Fee-British__ExitFees-AllUnilateralExits__Starts-50","4","35","1","D","8","15","D Offer","D Liability Signal: 8;P Files: 1;D Answers: 1;D Defaults: 2","8,1,1,2","0.10617632220000001","false","998.74650282809296","998.74650282809296","7","0.65","0","997.17474066780562","1.5717621602873351","false"
"Specification-ModerateRiskAversion__Cost-1__Fee-British__ExitFees-AllUnilateralExits__Starts-50","4","35","1","D","8","15","D Offer","D Liability Signal: 8;P Files: 1;D Answers: 1;D Defaults: 2","8,1,1,2","0.10617632220000001","false","998.74650282809296","998.74650282809296","8","0.75","0","997.15924776217184","1.5872550659211129","false"
"Specification-ModerateRiskAversion__Cost-1__Fee-British__ExitFees-AllUnilateralExits__Starts-50","4","35","1","D","8","15","D Offer","D Liability Signal: 8;P Files: 1;D Answers: 1;D Defaults: 2","8,1,1,2","0.10617632220000001","false","998.74650282809296","998.74650282809296","9","0.85","0","997.14212402436601","1.6043788037269451","false"
"Specification-ModerateRiskAversion__Cost-1__Fee-British__ExitFees-AllUnilateralExits__Starts-50","4","35","1","D","8","15","D Offer","D Liability Signal: 8;P Files: 1;D Answers: 1;D Defaults: 2","8,1,1,2","0.10617632220000001","false","998.74650282809296","998.74650282809296","10","0.95","1","998.74650282809296","0","true"
"Specification-ModerateRiskAversion__Cost-1__Fee-British__ExitFees-AllUnilateralExits__Starts-50","4","36","1","D","3","10","D Answers","D Liability Signal: 9;P Files: 1","9,1","0.097673550799999995","false","998.67474214614458","998.67474214614458","1","Yes","1","998.67474214614458","0","true"
"Specification-ModerateRiskAversion__Cost-1__Fee-British__ExitFees-AllUnilateralExits__Starts-50","4","36","1","D","3","10","D Answers","D Liability Signal: 9;P Files: 1","9,1","0.097673550799999995","false","998.67474214614458","998.67474214614458","2","No","0","998.32565936320009","0.34908278294449246","false"
"Specification-ModerateRiskAversion__Cost-1__Fee-British__ExitFees-AllUnilateralExits__Starts-50","4","37","1","D","6","21","D Defaults","D Liability Signal: 9;P Files: 1;D Answers: 1","9,1,1","0.097673550799999995","false","998.67474214614458","998.67474214614458","1","Yes","0","998.09391849407211","0.58082365207246767","false"
"Specification-ModerateRiskAversion__Cost-1__Fee-British__ExitFees-AllUnilateralExits__Starts-50","4","37","1","D","6","21","D Defaults","D Liability Signal: 9;P Files: 1;D Answers: 1","9,1,1","0.097673550799999995","false","998.67474214614458","998.67474214614458","2","No","1","998.67474214614458","0","true"
"Specification-ModerateRiskAversion__Cost-1__Fee-British__ExitFees-AllUnilateralExits__Starts-50","4","38","1","D","8","15","D Offer","D Liability Signal: 9;P Files: 1;D Answers: 1;D Defaults: 1","9,1,1,1","0","true","","","1","0.05","0.10000000000000001","","",""
"Specification-ModerateRiskAversion__Cost-1__Fee-British__ExitFees-AllUnilateralExits__Starts-50","4","38","1","D","8","15","D Offer","D Liability Signal: 9;P Files: 1;D Answers: 1;D Defaults: 1","9,1,1,1","0","true","","","2","0.15","0.10000000000000001","","",""
"Specification-ModerateRiskAversion__Cost-1__Fee-British__ExitFees-AllUnilateralExits__Starts-50","4","38","1","D","8","15","D Offer","D Liability Signal: 9;P Files: 1;D Answers: 1;D Defaults: 1","9,1,1,1","0","true","","","3","0.25","0.10000000000000001","","",""
"Specification-ModerateRiskAversion__Cost-1__Fee-British__ExitFees-AllUnilateralExits__Starts-50","4","38","1","D","8","15","D Offer","D Liability Signal: 9;P Files: 1;D Answers: 1;D Defaults: 1","9,1,1,1","0","true","","","4","0.35","0.10000000000000001","","",""
"Specification-ModerateRiskAversion__Cost-1__Fee-British__ExitFees-AllUnilateralExits__Starts-50","4","38","1","D","8","15","D Offer","D Liability Signal: 9;P Files: 1;D Answers: 1;D Defaults: 1","9,1,1,1","0","true","","","5","0.45","0.10000000000000001","","",""
"Specification-ModerateRiskAversion__Cost-1__Fee-British__ExitFees-AllUnilateralExits__Starts-50","4","38","1","D","8","15","D Offer","D Liability Signal: 9;P Files: 1;D Answers: 1;D Defaults: 1","9,1,1,1","0","true","","","6","0.55","0.10000000000000001","","",""
"Specification-ModerateRiskAversion__Cost-1__Fee-British__ExitFees-AllUnilateralExits__Starts-50","4","38","1","D","8","15","D Offer","D Liability Signal: 9;P Files: 1;D Answers: 1;D Defaults: 1","9,1,1,1","0","true","","","7","0.65","0.10000000000000001","","",""
"Specification-ModerateRiskAversion__Cost-1__Fee-British__ExitFees-AllUnilateralExits__Starts-50","4","38","1","D","8","15","D Offer","D Liability Signal: 9;P Files: 1;D Answers: 1;D Defaults: 1","9,1,1,1","0","true","","","8","0.75","0.10000000000000001","","",""
"Specification-ModerateRiskAversion__Cost-1__Fee-British__ExitFees-AllUnilateralExits__Starts-50","4","38","1","D","8","15","D Offer","D Liability Signal: 9;P Files: 1;D Answers: 1;D Defaults: 1","9,1,1,1","0","true","","","9","0.85","0.10000000000000001","","",""
"Specification-ModerateRiskAversion__Cost-1__Fee-British__ExitFees-AllUnilateralExits__Starts-50","4","38","1","D","8","15","D Offer","D Liability Signal: 9;P Files: 1;D Answers: 1;D Defaults: 1","9,1,1,1","0","true","","","10","0.95","0.10000000000000001","","",""
"Specification-ModerateRiskAversion__Cost-1__Fee-British__ExitFees-AllUnilateralExits__Starts-50","4","39","1","D","8","15","D Offer","D Liability Signal: 9;P Files: 1;D Answers: 1;D Defaults: 2","9,1,1,2","0.097673550799999995","false","998.67474214614447","998.67474214614447","1","0.05","0","996.24431201629204","2.4304301298524251","false"
"Specification-ModerateRiskAversion__Cost-1__Fee-British__ExitFees-AllUnilateralExits__Starts-50","4","39","1","D","8","15","D Offer","D Liability Signal: 9;P Files: 1;D Answers: 1;D Defaults: 2","9,1,1,2","0.097673550799999995","false","998.67474214614447","998.67474214614447","2","0.15","0","996.80483388489961","1.8699082612448592","false"
"Specification-ModerateRiskAversion__Cost-1__Fee-British__ExitFees-AllUnilateralExits__Starts-50","4","39","1","D","8","15","D Offer","D Liability Signal: 9;P Files: 1;D Answers: 1;D Defaults: 2","9,1,1,2","0.097673550799999995","false","998.67474214614447","998.67474214614447","3","0.25","0","996.79820182482547","1.8765403213189984","false"
"Specification-ModerateRiskAversion__Cost-1__Fee-British__ExitFees-AllUnilateralExits__Starts-50","4","39","1","D","8","15","D Offer","D Liability Signal: 9;P Files: 1;D Answers: 1;D Defaults: 2","9,1,1,2","0.097673550799999995","false","998.67474214614447","998.67474214614447","4","0.35","0","996.79087001632627","1.8838721298182008","false"
"Specification-ModerateRiskAversion__Cost-1__Fee-British__ExitFees-AllUnilateralExits__Starts-50","4","39","1","D","8","15","D Offer","D Liability Signal: 9;P Files: 1;D Answers: 1;D Defaults: 2","9,1,1,2","0.097673550799999995","false","998.67474214614447","998.67474214614447","5","0.45","0","996.78276848455914","1.8919736615853253","false"
"Specification-ModerateRiskAversion__Cost-1__Fee-British__ExitFees-AllUnilateralExits__Starts-50","4","39","1","D","8","15","D Offer","D Liability Signal: 9;P Files: 1;D Answers: 1;D Defaults: 2","9,1,1,2","0.097673550799999995","false","998.67474214614447","998.67474214614447","6","0.55","0","996.77381947969911","1.9009226664453536","false"
"Specification-ModerateRiskAversion__Cost-1__Fee-British__ExitFees-AllUnilateralExits__Starts-50","4","39","1","D","8","15","D Offer","D Liability Signal: 9;P Files: 1;D Answers: 1;D Defaults: 2","9,1,1,2","0.097673550799999995","false","998.67474214614447","998.67474214614447","7","0.65","0","996.76392192697404","1.9108202191704322","false"
"Specification-ModerateRiskAversion__Cost-1__Fee-British__ExitFees-AllUnilateralExits__Starts-50","4","39","1","D","8","15","D Offer","D Liability Signal: 9;P Files: 1;D Answers: 1;D Defaults: 2","9,1,1,2","0.097673550799999995","false","998.67474214614447","998.67474214614447","8","0.75","0","996.75299030157635","1.9217518445681208","false"
"Specification-ModerateRiskAversion__Cost-1__Fee-British__ExitFees-AllUnilateralExits__Starts-50","4","39","1","D","8","15","D Offer","D Liability Signal: 9;P Files: 1;D Answers: 1;D Defaults: 2","9,1,1,2","0.097673550799999995","false","998.67474214614447","998.67474214614447","9","0.85","0","996.74090797876829","1.9338341673761761","false"
"Specification-ModerateRiskAversion__Cost-1__Fee-British__ExitFees-AllUnilateralExits__Starts-50","4","39","1","D","8","15","D Offer","D Liability Signal: 9;P Files: 1;D Answers: 1;D Defaults: 2","9,1,1,2","0.097673550799999995","false","998.67474214614447","998.67474214614447","10","0.95","1","998.67474214614447","0","true"
"Specification-ModerateRiskAversion__Cost-1__Fee-British__ExitFees-AllUnilateralExits__Starts-50","4","40","1","D","3","10","D Answers","D Liability Signal: 10;P Files: 1","10,1","0.080447596799999993","false","998.62771869942787","998.62771869942787","1","Yes","1","998.62771869942787","0","true"
"Specification-ModerateRiskAversion__Cost-1__Fee-British__ExitFees-AllUnilateralExits__Starts-50","4","40","1","D","3","10","D Answers","D Liability Signal: 10;P Files: 1","10,1","0.080447596799999993","false","998.62771869942787","998.62771869942787","2","No","0","998.3256593632002","0.30205933622767134","false"
"Specification-ModerateRiskAversion__Cost-1__Fee-British__ExitFees-AllUnilateralExits__Starts-50","4","41","1","D","6","21","D Defaults","D Liability Signal: 10;P Files: 1;D Answers: 1","10,1,1","0.080447596799999993","false","998.62771869942787","998.62771869942787","1","Yes","0","998.00434247749968","0.62337622192819708","false"
"Specification-ModerateRiskAversion__Cost-1__Fee-British__ExitFees-AllUnilateralExits__Starts-50","4","41","1","D","6","21","D Defaults","D Liability Signal: 10;P Files: 1;D Answers: 1","10,1,1","0.080447596799999993","false","998.62771869942787","998.62771869942787","2","No","1","998.62771869942787","0","true"
"Specification-ModerateRiskAversion__Cost-1__Fee-British__ExitFees-AllUnilateralExits__Starts-50","4","42","1","D","8","15","D Offer","D Liability Signal: 10;P Files: 1;D Answers: 1;D Defaults: 1","10,1,1,1","0","true","","","1","0.05","0.10000000000000001","","",""
"Specification-ModerateRiskAversion__Cost-1__Fee-British__ExitFees-AllUnilateralExits__Starts-50","4","42","1","D","8","15","D Offer","D Liability Signal: 10;P Files: 1;D Answers: 1;D Defaults: 1","10,1,1,1","0","true","","","2","0.15","0.10000000000000001","","",""
"Specification-ModerateRiskAversion__Cost-1__Fee-British__ExitFees-AllUnilateralExits__Starts-50","4","42","1","D","8","15","D Offer","D Liability Signal: 10;P Files: 1;D Answers: 1;D Defaults: 1","10,1,1,1","0","true","","","3","0.25","0.10000000000000001","","",""
"Specification-ModerateRiskAversion__Cost-1__Fee-British__ExitFees-AllUnilateralExits__Starts-50","4","42","1","D","8","15","D Offer","D Liability Signal: 10;P Files: 1;D Answers: 1;D Defaults: 1","10,1,1,1","0","true","","","4","0.35","0.10000000000000001","","",""
"Specification-ModerateRiskAversion__Cost-1__Fee-British__ExitFees-AllUnilateralExits__Starts-50","4","42","1","D","8","15","D Offer","D Liability Signal: 10;P Files: 1;D Answers: 1;D Defaults: 1","10,1,1,1","0","true","","","5","0.45","0.10000000000000001","","",""
"Specification-ModerateRiskAversion__Cost-1__Fee-British__ExitFees-AllUnilateralExits__Starts-50","4","42","1","D","8","15","D Offer","D Liability Signal: 10;P Files: 1;D Answers: 1;D Defaults: 1","10,1,1,1","0","true","","","6","0.55","0.10000000000000001","","",""
"Specification-ModerateRiskAversion__Cost-1__Fee-British__ExitFees-AllUnilateralExits__Starts-50","4","42","1","D","8","15","D Offer","D Liability Signal: 10;P Files: 1;D Answers: 1;D Defaults: 1","10,1,1,1","0","true","","","7","0.65","0.10000000000000001","","",""
"Specification-ModerateRiskAversion__Cost-1__Fee-British__ExitFees-AllUnilateralExits__Starts-50","4","42","1","D","8","15","D Offer","D Liability Signal: 10;P Files: 1;D Answers: 1;D Defaults: 1","10,1,1,1","0","true","","","8","0.75","0.10000000000000001","","",""
"Specification-ModerateRiskAversion__Cost-1__Fee-British__ExitFees-AllUnilateralExits__Starts-50","4","42","1","D","8","15","D Offer","D Liability Signal: 10;P Files: 1;D Answers: 1;D Defaults: 1","10,1,1,1","0","true","","","9","0.85","0.10000000000000001","","",""
"Specification-ModerateRiskAversion__Cost-1__Fee-British__ExitFees-AllUnilateralExits__Starts-50","4","42","1","D","8","15","D Offer","D Liability Signal: 10;P Files: 1;D Answers: 1;D Defaults: 1","10,1,1,1","0","true","","","10","0.95","0.10000000000000001","","",""
"Specification-ModerateRiskAversion__Cost-1__Fee-British__ExitFees-AllUnilateralExits__Starts-50","4","43","1","D","8","15","D Offer","D Liability Signal: 10;P Files: 1;D Answers: 1;D Defaults: 2","10,1,1,2","0.080447596799999993","false","998.62771869942799","998.62771869942799","1","0.05","0","996.05244619822486","2.5752725012031306","false"
"Specification-ModerateRiskAversion__Cost-1__Fee-British__ExitFees-AllUnilateralExits__Starts-50","4","43","1","D","8","15","D Offer","D Liability Signal: 10;P Files: 1;D Answers: 1;D Defaults: 2","10,1,1,2","0.080447596799999993","false","998.62771869942799","998.62771869942799","2","0.15","0","996.50535079375402","2.1223679056739684","false"
"Specification-ModerateRiskAversion__Cost-1__Fee-British__ExitFees-AllUnilateralExits__Starts-50","4","43","1","D","8","15","D Offer","D Liability Signal: 10;P Files: 1;D Answers: 1;D Defaults: 2","10,1,1,2","0.080447596799999993","false","998.62771869942799","998.62771869942799","3","0.25","0","996.50053207002941","2.1271866293985795","false"
"Specification-ModerateRiskAversion__Cost-1__Fee-British__ExitFees-AllUnilateralExits__Starts-50","4","43","1","D","8","15","D Offer","D Liability Signal: 10;P Files: 1;D Answers: 1;D Defaults: 2","10,1,1,2","0.080447596799999993","false","998.62771869942799","998.62771869942799","4","0.35","0","996.49520492293379","2.1325137764941928","false"
"Specification-ModerateRiskAversion__Cost-1__Fee-British__ExitFees-AllUnilateralExits__Starts-50","4","43","1","D","8","15","D Offer","D Liability Signal: 10;P Files: 1;D Answers: 1;D Defaults: 2","10,1,1,2","0.080447596799999993","false","998.62771869942799","998.62771869942799","5","0.45","0","996.4893185101306","2.1384001892973856","false"
"Specification-ModerateRiskAversion__Cost-1__Fee-British__ExitFees-AllUnilateralExits__Starts-50","4","43","1","D","8","15","D Offer","D Liability Signal: 10;P Files: 1;D Answers: 1;D Defaults: 2","10,1,1,2","0.080447596799999993","false","998.62771869942799","998.62771869942799","6","0.55","0","996.48281634013381","2.1449023592941785","false"
"Specification-ModerateRiskAversion__Cost-1__Fee-British__ExitFees-AllUnilateralExits__Starts-50","4","43","1","D","8","15","D Offer","D Liability Signal: 10;P Files: 1;D Answers: 1;D Defaults: 2","10,1,1,2","0.080447596799999993","false","998.62771869942799","998.62771869942799","7","0.65","0","996.47562497401213","2.1520937254158525","false"
"Specification-ModerateRiskAversion__Cost-1__Fee-British__ExitFees-AllUnilateralExits__Starts-50","4","43","1","D","8","15","D Offer","D Liability Signal: 10;P Files: 1;D Answers: 1;D Defaults: 2","10,1,1,2","0.080447596799999993","false","998.62771869942799","998.62771869942799","8","0.75","0","996.46768227113182","2.1600364282961664","false"
"Specification-ModerateRiskAversion__Cost-1__Fee-British__ExitFees-AllUnilateralExits__Starts-50","4","43","1","D","8","15","D Offer","D Liability Signal: 10;P Files: 1;D Answers: 1;D Defaults: 2","10,1,1,2","0.080447596799999993","false","998.62771869942799","998.62771869942799","9","0.85","0","996.45890349426384","2.1688152051641509","false"
"Specification-ModerateRiskAversion__Cost-1__Fee-British__ExitFees-AllUnilateralExits__Starts-50","4","43","1","D","8","15","D Offer","D Liability Signal: 10;P Files: 1;D Answers: 1;D Defaults: 2","10,1,1,2","0.080447596799999993","false","998.62771869942799","998.62771869942799","10","0.95","1","998.62771869942799","0","true"
