"OptionSetName","Equilibrium Number","Information Set Number","Player Index","Player","Decision Index","Decision Code","Decision","Information Set Labels","Information Set Contents","Equilibrium Reach Probability","Off Path","Conditional Information-Set Utility","Best Action Utility","Action","Action Label","Equilibrium Action Probability","Conditional Action Utility","Utility Loss from Best Action","Is Best Action"
"Specification-ModerateRiskAversion__Cost-1__Fee-American__Starts-50","2","0","0","P","2","9","P Files","P Liability Signal: 1","1","0.080450000000000008","false","1000.039809439847","1000.039809439847","1","Yes","1","1000.039809439847","0","true"
"Specification-ModerateRiskAversion__Cost-1__Fee-American__Starts-50","2","0","0","P","2","9","P Files","P Liability Signal: 1","1","0.080450000000000008","false","1000.039809439847","1000.039809439847","2","No","0","1000.0000018767998","0.039807563047133954","false"
"Specification-ModerateRiskAversion__Cost-1__Fee-American__Starts-50","2","2","0","P","5","20","P Abandons","P Liability Signal: 1;P Files: 1;D Answers: 1","1,1,1","0.080450000000000008","false","1000.039809439847","1000.039809439847","1","Yes","0","999.97146368418157","0.068345755665404795","false"
"Specification-ModerateRiskAversion__Cost-1__Fee-American__Starts-50","2","2","0","P","5","20","P Abandons","P Liability Signal: 1;P Files: 1;D Answers: 1","1,1,1","0.080450000000000008","false","1000.039809439847","1000.039809439847","2","No","1","1000.039809439847","0","true"
"Specification-ModerateRiskAversion__Cost-1__Fee-American__Starts-50","2","4","0","P","7","14","P Offer","P Liability Signal: 1;P Files: 1;D Answers: 1;P Abandons: 1","1,1,1,1","0","true","","","1","0.05","0.10000000000000001","","",""
"Specification-ModerateRiskAversion__Cost-1__Fee-American__Starts-50","2","4","0","P","7","14","P Offer","P Liability Signal: 1;P Files: 1;D Answers: 1;P Abandons: 1","1,1,1,1","0","true","","","2","0.15","0.10000000000000001","","",""
"Specification-ModerateRiskAversion__Cost-1__Fee-American__Starts-50","2","4","0","P","7","14","P Offer","P Liability Signal: 1;P Files: 1;D Answers: 1;P Abandons: 1","1,1,1,1","0","true","","","3","0.25","0.10000000000000001","","",""
"Specification-ModerateRiskAversion__Cost-1__Fee-American__Starts-50","2","4","0","P","7","14","P Offer","P Liability Signal: 1;P Files: 1;D Answers: 1;P Abandons: 1","1,1,1,1","0","true","","","4","0.35","0.10000000000000001","","",""
"Specification-ModerateRiskAversion__Cost-1__Fee-American__Starts-50","2","4","0","P","7","14","P Offer","P Liability Signal: 1;P Files: 1;D Answers: 1;P Abandons: 1","1,1,1,1","0","true","","","5","0.45","0.10000000000000001","","",""
"Specification-ModerateRiskAversion__Cost-1__Fee-American__Starts-50","2","4","0","P","7","14","P Offer","P Liability Signal: 1;P Files: 1;D Answers: 1;P Abandons: 1","1,1,1,1","0","true","","","6","0.55","0.10000000000000001","","",""
"Specification-ModerateRiskAversion__Cost-1__Fee-American__Starts-50","2","4","0","P","7","14","P Offer","P Liability Signal: 1;P Files: 1;D Answers: 1;P Abandons: 1","1,1,1,1","0","true","","","7","0.65","0.10000000000000001","","",""
"Specification-ModerateRiskAversion__Cost-1__Fee-American__Starts-50","2","4","0","P","7","14","P Offer","P Liability Signal: 1;P Files: 1;D Answers: 1;P Abandons: 1","1,1,1,1","0","true","","","8","0.75","0.10000000000000001","","",""
"Specification-ModerateRiskAversion__Cost-1__Fee-American__Starts-50","2","4","0","P","7","14","P Offer","P Liability Signal: 1;P Files: 1;D Answers: 1;P Abandons: 1","1,1,1,1","0","true","","","9","0.85","0.10000000000000001","","",""
"Specification-ModerateRiskAversion__Cost-1__Fee-American__Starts-50","2","4","0","P","7","14","P Offer","P Liability Signal: 1;P Files: 1;D Answers: 1;P Abandons: 1","1,1,1,1","0","true","","","10","0.95","0.10000000000000001","","",""
"Specification-ModerateRiskAversion__Cost-1__Fee-American__Starts-50","2","7","0","P","7","14","P Offer","P Liability Signal: 1;P Files: 1;D Answers: 1;P Abandons: 2","1,1,1,2","0.080450000000000008","false","1000.039809439847","1000.039809439847","1","0.05","0","1000.0073152865308","0.032494153316179109","false"
"Specification-ModerateRiskAversion__Cost-1__Fee-American__Starts-50","2","7","0","P","7","14","P Offer","P Liability Signal: 1;P Files: 1;D Answers: 1;P Abandons: 2","1,1,1,2","0.080450000000000008","false","1000.039809439847","1000.039809439847","2","0.15","0","1000.0243748186924","0.015434621154554407","false"
"Specification-ModerateRiskAversion__Cost-1__Fee-American__Starts-50","2","7","0","P","7","14","P Offer","P Liability Signal: 1;P Files: 1;D Answers: 1;P Abandons: 2","1,1,1,2","0.080450000000000008","false","1000.039809439847","1000.039809439847","3","0.25","1","1000.039809439847","0","true"
"Specification-ModerateRiskAversion__Cost-1__Fee-American__Starts-50","2","7","0","P","7","14","P Offer","P Liability Signal: 1;P Files: 1;D Answers: 1;P Abandons: 2","1,1,1,2","0.080450000000000008","false","1000.039809439847","1000.039809439847","4","0.35","0","999.88912002766119","0.15068941218578402","false"
"Specification-ModerateRiskAversion__Cost-1__Fee-American__Starts-50","2","7","0","P","7","14","P Offer","P Liability Signal: 1;P Files: 1;D Answers: 1;P Abandons: 2","1,1,1,2","0.080450000000000008","false","1000.039809439847","1000.039809439847","5","0.45","0","999.8897473343452","0.15006210550177457","false"
"Specification-ModerateRiskAversion__Cost-1__Fee-American__Starts-50","2","7","0","P","7","14","P Offer","P Liability Signal: 1;P Files: 1;D Answers: 1;P Abandons: 2","1,1,1,2","0.080450000000000008","false","1000.039809439847","1000.039809439847","6","0.55","0","999.89031465546304","0.14949478438393271","false"
"Specification-ModerateRiskAversion__Cost-1__Fee-American__Starts-50","2","7","0","P","7","14","P Offer","P Liability Signal: 1;P Files: 1;D Answers: 1;P Abandons: 2","1,1,1,2","0.080450000000000008","false","1000.039809439847","1000.039809439847","7","0.65","0","999.89082809124136","0.1489813486056164","false"
"Specification-ModerateRiskAversion__Cost-1__Fee-American__Starts-50","2","7","0","P","7","14","P Offer","P Liability Signal: 1;P Files: 1;D Answers: 1;P Abandons: 2","1,1,1,2","0.080450000000000008","false","1000.039809439847","1000.039809439847","8","0.75","0","999.89129272520347","0.14851671464350602","false"
"Specification-ModerateRiskAversion__Cost-1__Fee-American__Starts-50","2","7","0","P","7","14","P Offer","P Liability Signal: 1;P Files: 1;D Answers: 1;P Abandons: 2","1,1,1,2","0.080450000000000008","false","1000.039809439847","1000.039809439847","9","0.85","0","999.89171313251938","0.1480963073275916","false"
"Specification-ModerateRiskAversion__Cost-1__Fee-American__Starts-50","2","7","0","P","7","14","P Offer","P Liability Signal: 1;P Files: 1;D Answers: 1;P Abandons: 2","1,1,1,2","0.080450000000000008","false","1000.039809439847","1000.039809439847","10","0.95","0","999.87215631995855","0.16765311988842768","false"
"Specification-ModerateRiskAversion__Cost-1__Fee-American__Starts-50","2","44","0","P","2","9","P Files","P Liability Signal: 2","2","0.097680000000000017","false","1000.042713659504","1000.042713659504","1","Yes","1","1000.042713659504","0","true"
"Specification-ModerateRiskAversion__Cost-1__Fee-American__Starts-50","2","44","0","P","2","9","P Files","P Liability Signal: 2","2","0.097680000000000017","false","1000.042713659504","1000.042713659504","2","No","0","1000.0000018767998","0.042711782704145662","false"
"Specification-ModerateRiskAversion__Cost-1__Fee-American__Starts-50","2","45","0","P","5","20","P Abandons","P Liability Signal: 2;P Files: 1;D Answers: 1","2,1,1","0.097680000000000017","false","1000.042713659504","1000.042713659504","1","Yes","0","999.97728189997815","0.065431759525836242","false"
"Specification-ModerateRiskAversion__Cost-1__Fee-American__Starts-50","2","45","0","P","5","20","P Abandons","P Liability Signal: 2;P Files: 1;D Answers: 1","2,1,1","0.097680000000000017","false","1000.042713659504","1000.042713659504","2","No","1","1000.042713659504","0","true"
"Specification-ModerateRiskAversion__Cost-1__Fee-American__Starts-50","2","46","0","P","7","14","P Offer","P Liability Signal: 2;P Files: 1;D Answers: 1;P Abandons: 1","2,1,1,1","0","true","","","1","0.05","0.10000000000000001","","",""
"Specification-ModerateRiskAversion__Cost-1__Fee-American__Starts-50","2","46","0","P","7","14","P Offer","P Liability Signal: 2;P Files: 1;D Answers: 1;P Abandons: 1","2,1,1,1","0","true","","","2","0.15","0.10000000000000001","","",""
"Specification-ModerateRiskAversion__Cost-1__Fee-American__Starts-50","2","46","0","P","7","14","P Offer","P Liability Signal: 2;P Files: 1;D Answers: 1;P Abandons: 1","2,1,1,1","0","true","","","3","0.25","0.10000000000000001","","",""
"Specification-ModerateRiskAversion__Cost-1__Fee-American__Starts-50","2","46","0","P","7","14","P Offer","P Liability Signal: 2;P Files: 1;D Answers: 1;P Abandons: 1","2,1,1,1","0","true","","","4","0.35","0.10000000000000001","","",""
"Specification-ModerateRiskAversion__Cost-1__Fee-American__Starts-50","2","46","0","P","7","14","P Offer","P Liability Signal: 2;P Files: 1;D Answers: 1;P Abandons: 1","2,1,1,1","0","true","","","5","0.45","0.10000000000000001","","",""
"Specification-ModerateRiskAversion__Cost-1__Fee-American__Starts-50","2","46","0","P","7","14","P Offer","P Liability Signal: 2;P Files: 1;D Answers: 1;P Abandons: 1","2,1,1,1","0","true","","","6","0.55","0.10000000000000001","","",""
"Specification-ModerateRiskAversion__Cost-1__Fee-American__Starts-50","2","46","0","P","7","14","P Offer","P Liability Signal: 2;P Files: 1;D Answers: 1;P Abandons: 1","2,1,1,1","0","true","","","7","0.65","0.10000000000000001","","",""
"Specification-ModerateRiskAversion__Cost-1__Fee-American__Starts-50","2","46","0","P","7","14","P Offer","P Liability Signal: 2;P Files: 1;D Answers: 1;P Abandons: 1","2,1,1,1","0","true","","","8","0.75","0.10000000000000001","","",""
"Specification-ModerateRiskAversion__Cost-1__Fee-American__Starts-50","2","46","0","P","7","14","P Offer","P Liability Signal: 2;P Files: 1;D Answers: 1;P Abandons: 1","2,1,1,1","0","true","","","9","0.85","0.10000000000000001","","",""
"Specification-ModerateRiskAversion__Cost-1__Fee-American__Starts-50","2","46","0","P","7","14","P Offer","P Liability Signal: 2;P Files: 1;D Answers: 1;P Abandons: 1","2,1,1,1","0","true","","","10","0.95","0.10000000000000001","","",""
"Specification-ModerateRiskAversion__Cost-1__Fee-American__Starts-50","2","47","0","P","7","14","P Offer","P Liability Signal: 2;P Files: 1;D Answers: 1;P Abandons: 2","2,1,1,2","0.097680000000000017","false","1000.042713659504","1000.042713659504","1","0.05","0","1000.0108625596207","0.031851099883283496","false"
"Specification-ModerateRiskAversion__Cost-1__Fee-American__Starts-50","2","47","0","P","7","14","P Offer","P Liability Signal: 2;P Files: 1;D Answers: 1;P Abandons: 2","2,1,1,2","0.097680000000000017","false","1000.042713659504","1000.042713659504","2","0.15","0","1000.0275845380437","0.015129121460290662","false"
"Specification-ModerateRiskAversion__Cost-1__Fee-American__Starts-50","2","47","0","P","7","14","P Offer","P Liability Signal: 2;P Files: 1;D Answers: 1;P Abandons: 2","2,1,1,2","0.097680000000000017","false","1000.042713659504","1000.042713659504","3","0.25","1","1000.042713659504","0","true"
"Specification-ModerateRiskAversion__Cost-1__Fee-American__Starts-50","2","47","0","P","7","14","P Offer","P Liability Signal: 2;P Files: 1;D Answers: 1;P Abandons: 2","2,1,1,2","0.097680000000000017","false","1000.042713659504","1000.042713659504","4","0.35","0","999.90662347050204","0.13609018900194769","false"
"Specification-ModerateRiskAversion__Cost-1__Fee-American__Starts-50","2","47","0","P","7","14","P Offer","P Liability Signal: 2;P Files: 1;D Answers: 1;P Abandons: 2","2,1,1,2","0.097680000000000017","false","1000.042713659504","1000.042713659504","5","0.45","0","999.90755504403285","0.13515861547114127","false"
"Specification-ModerateRiskAversion__Cost-1__Fee-American__Starts-50","2","47","0","P","7","14","P Offer","P Liability Signal: 2;P Files: 1;D Answers: 1;P Abandons: 2","2,1,1,2","0.097680000000000017","false","1000.042713659504","1000.042713659504","6","0.55","0","999.90839753678836","0.13431612271563154","false"
"Specification-ModerateRiskAversion__Cost-1__Fee-American__Starts-50","2","47","0","P","7","14","P Offer","P Liability Signal: 2;P Files: 1;D Answers: 1;P Abandons: 2","2,1,1,2","0.097680000000000017","false","1000.042713659504","1000.042713659504","7","0.65","0","999.90916000783068","0.13355365167331001","false"
"Specification-ModerateRiskAversion__Cost-1__Fee-American__Starts-50","2","47","0","P","7","14","P Offer","P Liability Signal: 2;P Files: 1;D Answers: 1;P Abandons: 2","2,1,1,2","0.097680000000000017","false","1000.042713659504","1000.042713659504","8","0.75","0","999.90985000637784","0.13286365312615089","false"
"Specification-ModerateRiskAversion__Cost-1__Fee-American__Starts-50","2","47","0","P","7","14","P Offer","P Liability Signal: 2;P Files: 1;D Answers: 1;P Abandons: 2","2,1,1,2","0.097680000000000017","false","1000.042713659504","1000.042713659504","9","0.85","0","999.91047432672622","0.13223933277777178","false"
"Specification-ModerateRiskAversion__Cost-1__Fee-American__Starts-50","2","47","0","P","7","14","P Offer","P Liability Signal: 2;P Files: 1;D Answers: 1;P Abandons: 2","2,1,1,2","0.097680000000000017","false","1000.042713659504","1000.042713659504","10","0.95","0","999.88454283199371","0.15817082751027556","false"
"Specification-ModerateRiskAversion__Cost-1__Fee-American__Starts-50","2","48","0","P","2","9","P Files","P Liability Signal: 3","3","0.10618","false","1000.0473897701756","1000.0473897701756","1","Yes","1","1000.0473897701756","0","true"
"Specification-ModerateRiskAversion__Cost-1__Fee-American__Starts-50","2","48","0","P","2","9","P Files","P Liability Signal: 3","3","0.10618","false","1000.0473897701756","1000.0473897701756","2","No","0","1000.0000018767998","0.04738789337579874","false"
"Specification-ModerateRiskAversion__Cost-1__Fee-American__Starts-50","2","49","0","P","5","20","P Abandons","P Liability Signal: 3;P Files: 1;D Answers: 1","3,1,1","0.10618","false","1000.0473897701756","1000.0473897701756","1","Yes","0","999.9866498625272","0.060739907648439839","false"
"Specification-ModerateRiskAversion__Cost-1__Fee-American__Starts-50","2","49","0","P","5","20","P Abandons","P Liability Signal: 3;P Files: 1;D Answers: 1","3,1,1","0.10618","false","1000.0473897701756","1000.0473897701756","2","No","1","1000.0473897701756","0","true"
"Specification-ModerateRiskAversion__Cost-1__Fee-American__Starts-50","2","50","0","P","7","14","P Offer","P Liability Signal: 3;P Files: 1;D Answers: 1;P Abandons: 1","3,1,1,1","0","true","","","1","0.05","0.10000000000000001","","",""
"Specification-ModerateRiskAversion__Cost-1__Fee-American__Starts-50","2","50","0","P","7","14","P Offer","P Liability Signal: 3;P Files: 1;D Answers: 1;P Abandons: 1","3,1,1,1","0","true","","","2","0.15","0.10000000000000001","","",""
"Specification-ModerateRiskAversion__Cost-1__Fee-American__Starts-50","2","50","0","P","7","14","P Offer","P Liability Signal: 3;P Files: 1;D Answers: 1;P Abandons: 1","3,1,1,1","0","true","","","3","0.25","0.10000000000000001","","",""
"Specification-ModerateRiskAversion__Cost-1__Fee-American__Starts-50","2","50","0","P","7","14","P Offer","P Liability Signal: 3;P Files: 1;D Answers: 1;P Abandons: 1","3,1,1,1","0","true","","","4","0.35","0.10000000000000001","","",""
"Specification-ModerateRiskAversion__Cost-1__Fee-American__Starts-50","2","50","0","P","7","14","P Offer","P Liability Signal: 3;P Files: 1;D Answers: 1;P Abandons: 1","3,1,1,1","0","true","","","5","0.45","0.10000000000000001","","",""
"Specification-ModerateRiskAversion__Cost-1__Fee-American__Starts-50","2","50","0","P","7","14","P Offer","P Liability Signal: 3;P Files: 1;D Answers: 1;P Abandons: 1","3,1,1,1","0","true","","","6","0.55","0.10000000000000001","","",""
"Specification-ModerateRiskAversion__Cost-1__Fee-American__Starts-50","2","50","0","P","7","14","P Offer","P Liability Signal: 3;P Files: 1;D Answers: 1;P Abandons: 1","3,1,1,1","0","true","","","7","0.65","0.10000000000000001","","",""
"Specification-ModerateRiskAversion__Cost-1__Fee-American__Starts-50","2","50","0","P","7","14","P Offer","P Liability Signal: 3;P Files: 1;D Answers: 1;P Abandons: 1","3,1,1,1","0","true","","","8","0.75","0.10000000000000001","","",""
"Specification-ModerateRiskAversion__Cost-1__Fee-American__Starts-50","2","50","0","P","7","14","P Offer","P Liability Signal: 3;P Files: 1;D Answers: 1;P Abandons: 1","3,1,1,1","0","true","","","9","0.85","0.10000000000000001","","",""
"Specification-ModerateRiskAversion__Cost-1__Fee-American__Starts-50","2","50","0","P","7","14","P Offer","P Liability Signal: 3;P Files: 1;D Answers: 1;P Abandons: 1","3,1,1,1","0","true","","","10","0.95","0.10000000000000001","","",""
"Specification-ModerateRiskAversion__Cost-1__Fee-American__Starts-50","2","51","0","P","7","14","P Offer","P Liability Signal: 3;P Files: 1;D Answers: 1;P Abandons: 2","3,1,1,2","0.10618","false","1000.0473897701756","1000.0473897701756","1","0.05","0","1000.016574056516","0.030815713659649191","false"
"Specification-ModerateRiskAversion__Cost-1__Fee-American__Starts-50","2","51","0","P","7","14","P Offer","P Liability Signal: 3;P Files: 1;D Answers: 1;P Abandons: 2","3,1,1,2","0.10618","false","1000.0473897701756","1000.0473897701756","2","0.15","0","1000.0327525365724","0.014637233603252753","false"
"Specification-ModerateRiskAversion__Cost-1__Fee-American__Starts-50","2","51","0","P","7","14","P Offer","P Liability Signal: 3;P Files: 1;D Answers: 1;P Abandons: 2","3,1,1,2","0.10618","false","1000.0473897701756","1000.0473897701756","3","0.25","1","1000.0473897701756","0","true"
"Specification-ModerateRiskAversion__Cost-1__Fee-American__Starts-50","2","51","0","P","7","14","P Offer","P Liability Signal: 3;P Files: 1;D Answers: 1;P Abandons: 2","3,1,1,2","0.10618","false","1000.0473897701756","1000.0473897701756","4","0.35","0","999.93263505286188","0.11475471731375819","false"
"Specification-ModerateRiskAversion__Cost-1__Fee-American__Starts-50","2","51","0","P","7","14","P Offer","P Liability Signal: 3;P Files: 1;D Answers: 1;P Abandons: 2","3,1,1,2","0.10618","false","1000.0473897701756","1000.0473897701756","5","0.45","0","999.93405652923013","0.1133332409455079","false"
"Specification-ModerateRiskAversion__Cost-1__Fee-American__Starts-50","2","51","0","P","7","14","P Offer","P Liability Signal: 3;P Files: 1;D Answers: 1;P Abandons: 2","3,1,1,2","0.10618","false","1000.0473897701756","1000.0473897701756","6","0.55","0","999.93534207836046","0.11204769181517804","false"
"Specification-ModerateRiskAversion__Cost-1__Fee-American__Starts-50","2","51","0","P","7","14","P Offer","P Liability Signal: 3;P Files: 1;D Answers: 1;P Abandons: 2","3,1,1,2","0.10618","false","1000.0473897701756","1000.0473897701756","7","0.65","0","999.9365055233618","0.11088424681383913","false"
"Specification-ModerateRiskAversion__Cost-1__Fee-American__Starts-50","2","51","0","P","7","14","P Offer","P Liability Signal: 3;P Files: 1;D Answers: 1;P Abandons: 2","3,1,1,2","0.10618","false","1000.0473897701756","1000.0473897701756","8","0.75","0","999.93755838349193","0.10983138668370884","false"
"Specification-ModerateRiskAversion__Cost-1__Fee-American__Starts-50","2","51","0","P","7","14","P Offer","P Liability Signal: 3;P Files: 1;D Answers: 1;P Abandons: 2","3,1,1,2","0.10618","false","1000.0473897701756","1000.0473897701756","9","0.85","0","999.9385110260821","0.10887874409354481","false"
"Specification-ModerateRiskAversion__Cost-1__Fee-American__Starts-50","2","51","0","P","7","14","P Offer","P Liability Signal: 3;P Files: 1;D Answers: 1;P Abandons: 2","3,1,1,2","0.10618","false","1000.0473897701756","1000.0473897701756","10","0.95","0","999.90448795754082","0.14290181263481827","false"
"Specification-ModerateRiskAversion__Cost-1__Fee-American__Starts-50","2","52","0","P","2","9","P Files","P Liability Signal: 4","4","0.1081","false","1000.0543250246621","1000.0543250246621","1","Yes","1","1000.0543250246621","0","true"
"Specification-ModerateRiskAversion__Cost-1__Fee-American__Starts-50","2","52","0","P","2","9","P Files","P Liability Signal: 4","4","0.1081","false","1000.0543250246621","1000.0543250246621","2","No","0","1000.0000018768001","0.054323147862078258","false"
"Specification-ModerateRiskAversion__Cost-1__Fee-American__Starts-50","2","53","0","P","5","20","P Abandons","P Liability Signal: 4;P Files: 1;D Answers: 1","4,1,1","0.1081","false","1000.0543250246621","1000.0543250246621","1","Yes","0","1000.0005437176679","0.053781306994210354","false"
"Specification-ModerateRiskAversion__Cost-1__Fee-American__Starts-50","2","53","0","P","5","20","P Abandons","P Liability Signal: 4;P Files: 1;D Answers: 1","4,1,1","0.1081","false","1000.0543250246621","1000.0543250246621","2","No","1","1000.0543250246621","0","true"
"Specification-ModerateRiskAversion__Cost-1__Fee-American__Starts-50","2","54","0","P","7","14","P Offer","P Liability Signal: 4;P Files: 1;D Answers: 1;P Abandons: 1","4,1,1,1","0","true","","","1","0.05","0.10000000000000001","","",""
"Specification-ModerateRiskAversion__Cost-1__Fee-American__Starts-50","2","54","0","P","7","14","P Offer","P Liability Signal: 4;P Files: 1;D Answers: 1;P Abandons: 1","4,1,1,1","0","true","","","2","0.15","0.10000000000000001","","",""
"Specification-ModerateRiskAversion__Cost-1__Fee-American__Starts-50","2","54","0","P","7","14","P Offer","P Liability Signal: 4;P Files: 1;D Answers: 1;P Abandons: 1","4,1,1,1","0","true","","","3","0.25","0.10000000000000001","","",""
"Specification-ModerateRiskAversion__Cost-1__Fee-American__Starts-50","2","54","0","P","7","14","P Offer","P Liability Signal: 4;P Files: 1;D Answers: 1;P Abandons: 1","4,1,1,1","0","true","","","4","0.35","0.10000000000000001","","",""
"Specification-ModerateRiskAversion__Cost-1__Fee-American__Starts-50","2","54","0","P","7","14","P Offer","P Liability Signal: 4;P Files: 1;D Answers: 1;P Abandons: 1","4,1,1,1","0","true","","","5","0.45","0.10000000000000001","","",""
"Specification-ModerateRiskAversion__Cost-1__Fee-American__Starts-50","2","54","0","P","7","14","P Offer","P Liability Signal: 4;P Files: 1;D Answers: 1;P Abandons: 1","4,1,1,1","0","true","","","6","0.55","0.10000000000000001","","",""
"Specification-ModerateRiskAversion__Cost-1__Fee-American__Starts-50","2","54","0","P","7","14","P Offer","P Liability Signal: 4;P Files: 1;D Answers: 1;P Abandons: 1","4,1,1,1","0","true","","","7","0.65","0.10000000000000001","","",""
"Specification-ModerateRiskAversion__Cost-1__Fee-American__Starts-50","2","54","0","P","7","14","P Offer","P Liability Signal: 4;P Files: 1;D Answers: 1;P Abandons: 1","4,1,1,1","0","true","","","8","0.75","0.10000000000000001","","",""
"Specification-ModerateRiskAversion__Cost-1__Fee-American__Starts-50","2","54","0","P","7","14","P Offer","P Liability Signal: 4;P Files: 1;D Answers: 1;P Abandons: 1","4,1,1,1","0","true","","","9","0.85","0.10000000000000001","","",""
"Specification-ModerateRiskAversion__Cost-1__Fee-American__Starts-50","2","54","0","P","7","14","P Offer","P Liability Signal: 4;P Files: 1;D Answers: 1;P Abandons: 1","4,1,1,1","0","true","","","10","0.95","0.10000000000000001","","",""
"Specification-ModerateRiskAversion__Cost-1__Fee-American__Starts-50","2","55","0","P","7","14","P Offer","P Liability Signal: 4;P Files: 1;D Answers: 1;P Abandons: 2","4,1,1,2","0.1081","false","1000.0543250246621","1000.0543250246621","1","0.05","0","1000.0250449177179","0.029280106944270301","false"
"Specification-ModerateRiskAversion__Cost-1__Fee-American__Starts-50","2","55","0","P","7","14","P Offer","P Liability Signal: 4;P Files: 1;D Answers: 1;P Abandons: 2","4,1,1,2","0.1081","false","1000.0543250246621","1000.0543250246621","2","0.15","0","1000.0404173220099","0.013907702652204534","false"
"Specification-ModerateRiskAversion__Cost-1__Fee-American__Starts-50","2","55","0","P","7","14","P Offer","P Liability Signal: 4;P Files: 1;D Answers: 1;P Abandons: 2","4,1,1,2","0.1081","false","1000.0543250246621","1000.0543250246621","3","0.25","1","1000.0543250246621","0","true"
"Specification-ModerateRiskAversion__Cost-1__Fee-American__Starts-50","2","55","0","P","7","14","P Offer","P Liability Signal: 4;P Files: 1;D Answers: 1;P Abandons: 2","4,1,1,2","0.1081","false","1000.0543250246621","1000.0543250246621","4","0.35","0","999.96753786538466","0.08678715927749181","false"
"Specification-ModerateRiskAversion__Cost-1__Fee-American__Starts-50","2","55","0","P","7","14","P Offer","P Liability Signal: 4;P Files: 1;D Answers: 1;P Abandons: 2","4,1,1,2","0.1081","false","1000.0543250246621","1000.0543250246621","5","0.45","0","999.96968592867267","0.08463909598947339","false"
"Specification-ModerateRiskAversion__Cost-1__Fee-American__Starts-50","2","55","0","P","7","14","P Offer","P Liability Signal: 4;P Files: 1;D Answers: 1;P Abandons: 2","4,1,1,2","0.1081","false","1000.0543250246621","1000.0543250246621","6","0.55","0","999.97162858558465","0.082696439077494688","false"
"Specification-ModerateRiskAversion__Cost-1__Fee-American__Starts-50","2","55","0","P","7","14","P Offer","P Liability Signal: 4;P Files: 1;D Answers: 1;P Abandons: 2","4,1,1,2","0.1081","false","1000.0543250246621","1000.0543250246621","7","0.65","0","999.97338672490469","0.080938299757463028","false"
"Specification-ModerateRiskAversion__Cost-1__Fee-American__Starts-50","2","55","0","P","7","14","P Offer","P Liability Signal: 4;P Files: 1;D Answers: 1;P Abandons: 2","4,1,1,2","0.1081","false","1000.0543250246621","1000.0543250246621","8","0.75","0","999.97497775395254","0.079347270709604345","false"
"Specification-ModerateRiskAversion__Cost-1__Fee-American__Starts-50","2","55","0","P","7","14","P Offer","P Liability Signal: 4;P Files: 1;D Answers: 1;P Abandons: 2","4,1,1,2","0.1081","false","1000.0543250246621","1000.0543250246621","9","0.85","0","999.97641733931664","0.077907685345508071","false"
"Specification-ModerateRiskAversion__Cost-1__Fee-American__Starts-50","2","55","0","P","7","14","P Offer","P Liability Signal: 4;P Files: 1;D Answers: 1;P Abandons: 2","4,1,1,2","0.1081","false","1000.0543250246621","1000.0543250246621","10","0.95","0","999.93406730804747","0.12025771661467388","false"
"Specification-ModerateRiskAversion__Cost-1__Fee-American__Starts-50","2","56","0","P","2","9","P Files","P Liability Signal: 5","5","0.1076","false","1000.0633395460454","1000.0633395460454","1","Yes","1","1000.0633395460454","0","true"
"Specification-ModerateRiskAversion__Cost-1__Fee-American__Starts-50","2","56","0","P","2","9","P Files","P Liability Signal: 5","5","0.1076","false","1000.0633395460454","1000.0633395460454","2","No","0","1000.0000018767997","0.063337669245697725","false"
"Specification-ModerateRiskAversion__Cost-1__Fee-American__Starts-50","2","57","0","P","5","20","P Abandons","P Liability Signal: 5;P Files: 1;D Answers: 1","5,1,1","0.1076","false","1000.0633395460454","1000.0633395460454","1","Yes","0","1000.0186031060449","0.044736440000519906","false"
"Specification-ModerateRiskAversion__Cost-1__Fee-American__Starts-50","2","57","0","P","5","20","P Abandons","P Liability Signal: 5;P Files: 1;D Answers: 1","5,1,1","0.1076","false","1000.0633395460454","1000.0633395460454","2","No","1","1000.0633395460454","0","true"
"Specification-ModerateRiskAversion__Cost-1__Fee-American__Starts-50","2","58","0","P","7","14","P Offer","P Liability Signal: 5;P Files: 1;D Answers: 1;P Abandons: 1","5,1,1,1","0","true","","","1","0.05","0.10000000000000001","","",""
"Specification-ModerateRiskAversion__Cost-1__Fee-American__Starts-50","2","58","0","P","7","14","P Offer","P Liability Signal: 5;P Files: 1;D Answers: 1;P Abandons: 1","5,1,1,1","0","true","","","2","0.15","0.10000000000000001","","",""
"Specification-ModerateRiskAversion__Cost-1__Fee-American__Starts-50","2","58","0","P","7","14","P Offer","P Liability Signal: 5;P Files: 1;D Answers: 1;P Abandons: 1","5,1,1,1","0","true","","","3","0.25","0.10000000000000001","","",""
"Specification-ModerateRiskAversion__Cost-1__Fee-American__Starts-50","2","58","0","P","7","14","P Offer","P Liability Signal: 5;P Files: 1;D Answers: 1;P Abandons: 1","5,1,1,1","0","true","","","4","0.35","0.10000000000000001","","",""
"Specification-ModerateRiskAversion__Cost-1__Fee-American__Starts-50","2","58","0","P","7","14","P Offer","P Liability Signal: 5;P Files: 1;D Answers: 1;P Abandons: 1","5,1,1,1","0","true","","","5","0.45","0.10000000000000001","","",""
"Specification-ModerateRiskAversion__Cost-1__Fee-American__Starts-50","2","58","0","P","7","14","P Offer","P Liability Signal: 5;P Files: 1;D Answers: 1;P Abandons: 1","5,1,1,1","0","true","","","6","0.55","0.10000000000000001","","",""
"Specification-ModerateRiskAversion__Cost-1__Fee-American__Starts-50","2","58","0","P","7","14","P Offer","P Liability Signal: 5;P Files: 1;D Answers: 1;P Abandons: 1","5,1,1,1","0","true","","","7","0.65","0.10000000000000001","","",""
"Specification-ModerateRiskAversion__Cost-1__Fee-American__Starts-50","2","58","0","P","7","14","P Offer","P Liability Signal: 5;P Files: 1;D Answers: 1;P Abandons: 1","5,1,1,1","0","true","","","8","0.75","0.10000000000000001","","",""
"Specification-ModerateRiskAversion__Cost-1__Fee-American__Starts-50","2","58","0","P","7","14","P Offer","P Liability Signal: 5;P Files: 1;D Answers: 1;P Abandons: 1","5,1,1,1","0","true","","","9","0.85","0.10000000000000001","","",""
"Specification-ModerateRiskAversion__Cost-1__Fee-American__Starts-50","2","58","0","P","7","14","P Offer","P Liability Signal: 5;P Files: 1;D Answers: 1;P Abandons: 1","5,1,1,1","0","true","","","10","0.95","0.10000000000000001","","",""
"Specification-ModerateRiskAversion__Cost-1__Fee-American__Starts-50","2","59","0","P","7","14","P Offer","P Liability Signal: 5;P Files: 1;D Answers: 1;P Abandons: 2","5,1,1,2","0.1076","false","1000.0633395460454","1000.0633395460454","1","0.05","0","1000.0360554378929","0.027284108152571207","false"
"Specification-ModerateRiskAversion__Cost-1__Fee-American__Starts-50","2","59","0","P","7","14","P Offer","P Liability Signal: 5;P Files: 1;D Answers: 1;P Abandons: 2","5,1,1,2","0.1076","false","1000.0633395460454","1000.0633395460454","2","0.15","0","1000.0503800958868","0.012959450158632535","false"
"Specification-ModerateRiskAversion__Cost-1__Fee-American__Starts-50","2","59","0","P","7","14","P Offer","P Liability Signal: 5;P Files: 1;D Answers: 1;P Abandons: 2","5,1,1,2","0.1076","false","1000.0633395460454","1000.0633395460454","3","0.25","1","1000.0633395460454","0","true"
"Specification-ModerateRiskAversion__Cost-1__Fee-American__Starts-50","2","59","0","P","7","14","P Offer","P Liability Signal: 5;P Files: 1;D Answers: 1;P Abandons: 2","5,1,1,2","0.1076","false","1000.0633395460454","1000.0633395460454","4","0.35","0","1000.0076384379212","0.055701108124253551","false"
"Specification-ModerateRiskAversion__Cost-1__Fee-American__Starts-50","2","59","0","P","7","14","P Offer","P Liability Signal: 5;P Files: 1;D Answers: 1;P Abandons: 2","5,1,1,2","0.1076","false","1000.0633395460454","1000.0633395460454","5","0.45","0","1000.0107309270176","0.052608619027864734","false"
"Specification-ModerateRiskAversion__Cost-1__Fee-American__Starts-50","2","59","0","P","7","14","P Offer","P Liability Signal: 5;P Files: 1;D Answers: 1;P Abandons: 2","5,1,1,2","0.1076","false","1000.0633395460454","1000.0633395460454","6","0.55","0","1000.0135276999771","0.049811846068337218","false"
"Specification-ModerateRiskAversion__Cost-1__Fee-American__Starts-50","2","59","0","P","7","14","P Offer","P Liability Signal: 5;P Files: 1;D Answers: 1;P Abandons: 2","5,1,1,2","0.1076","false","1000.0633395460454","1000.0633395460454","7","0.65","0","1000.0160588296268","0.047280716418640623","false"
"Specification-ModerateRiskAversion__Cost-1__Fee-American__Starts-50","2","59","0","P","7","14","P Offer","P Liability Signal: 5;P Files: 1;D Answers: 1;P Abandons: 2","5,1,1,2","0.1076","false","1000.0633395460454","1000.0633395460454","8","0.75","0","1000.0183493766561","0.044990169389279799","false"
"Specification-ModerateRiskAversion__Cost-1__Fee-American__Starts-50","2","59","0","P","7","14","P Offer","P Liability Signal: 5;P Files: 1;D Answers: 1;P Abandons: 2","5,1,1,2","0.1076","false","1000.0633395460454","1000.0633395460454","9","0.85","0","1000.020421895686","0.042917650359413528","false"
"Specification-ModerateRiskAversion__Cost-1__Fee-American__Starts-50","2","59","0","P","7","14","P Offer","P Liability Signal: 5;P Files: 1;D Answers: 1;P Abandons: 2","5,1,1,2","0.1076","false","1000.0633395460454","1000.0633395460454","10","0.95","0","999.97251531314896","0.090824232896466128","false"
"Specification-ModerateRiskAversion__Cost-1__Fee-American__Starts-50","2","60","0","P","2","9","P Files","P Liability Signal: 6","6","0.10759999999999999","false","1000.0732231279385","1000.0732231279385","1","Yes","1","1000.0732231279385","0","true"
"Specification-ModerateRiskAversion__Cost-1__Fee-American__Starts-50","2","60","0","P","2","9","P Files","P Liability Signal: 6","6","0.10759999999999999","false","1000.0732231279385","1000.0732231279385","2","No","0","1000.0000018768002","0.073221251138306798","false"
"Specification-ModerateRiskAversion__Cost-1__Fee-American__Starts-50","2","61","0","P","5","20","P Abandons","P Liability Signal: 6;P Files: 1;D Answers: 1","6,1,1","0.10759999999999999","false","1000.0732231279385","1000.0732231279385","1","Yes","0","1000.0384035409623","0.034819586976141181","false"
"Specification-ModerateRiskAversion__Cost-1__Fee-American__Starts-50","2","61","0","P","5","20","P Abandons","P Liability Signal: 6;P Files: 1;D Answers: 1","6,1,1","0.10759999999999999","false","1000.0732231279385","1000.0732231279385","2","No","1","1000.0732231279385","0","true"
"Specification-ModerateRiskAversion__Cost-1__Fee-American__Starts-50","2","62","0","P","7","14","P Offer","P Liability Signal: 6;P Files: 1;D Answers: 1;P Abandons: 1","6,1,1,1","0","true","","","1","0.05","0.10000000000000001","","",""
"Specification-ModerateRiskAversion__Cost-1__Fee-American__Starts-50","2","62","0","P","7","14","P Offer","P Liability Signal: 6;P Files: 1;D Answers: 1;P Abandons: 1","6,1,1,1","0","true","","","2","0.15","0.10000000000000001","","",""
"Specification-ModerateRiskAversion__Cost-1__Fee-American__Starts-50","2","62","0","P","7","14","P Offer","P Liability Signal: 6;P Files: 1;D Answers: 1;P Abandons: 1","6,1,1,1","0","true","","","3","0.25","0.10000000000000001","","",""
"Specification-ModerateRiskAversion__Cost-1__Fee-American__Starts-50","2","62","0","P","7","14","P Offer","P Liability Signal: 6;P Files: 1;D Answers: 1;P Abandons: 1","6,1,1,1","0","true","","","4","0.35","0.10000000000000001","","",""
"Specification-ModerateRiskAversion__Cost-1__Fee-American__Starts-50","2","62","0","P","7","14","P Offer","P Liability Signal: 6;P Files: 1;D Answers: 1;P Abandons: 1","6,1,1,1","0","true","","","5","0.45","0.10000000000000001","","",""
"Specification-ModerateRiskAversion__Cost-1__Fee-American__Starts-50","2","62","0","P","7","14","P Offer","P Liability Signal: 6;P Files: 1;D Answers: 1;P Abandons: 1","6,1,1,1","0","true","","","6","0.55","0.10000000000000001","","",""
"Specification-ModerateRiskAversion__Cost-1__Fee-American__Starts-50","2","62","0","P","7","14","P Offer","P Liability Signal: 6;P Files: 1;D Answers: 1;P Abandons: 1","6,1,1,1","0","true","","","7","0.65","0.10000000000000001","","",""
"Specification-ModerateRiskAversion__Cost-1__Fee-American__Starts-50","2","62","0","P","7","14","P Offer","P Liability Signal: 6;P Files: 1;D Answers: 1;P Abandons: 1","6,1,1,1","0","true","","","8","0.75","0.10000000000000001","","",""
"Specification-ModerateRiskAversion__Cost-1__Fee-American__Starts-50","2","62","0","P","7","14","P Offer","P Liability Signal: 6;P Files: 1;D Answers: 1;P Abandons: 1","6,1,1,1","0","true","","","9","0.85","0.10000000000000001","","",""
"Specification-ModerateRiskAversion__Cost-1__Fee-American__Starts-50","2","62","0","P","7","14","P Offer","P Liability Signal: 6;P Files: 1;D Answers: 1;P Abandons: 1","6,1,1,1","0","true","","","10","0.95","0.10000000000000001","","",""
"Specification-ModerateRiskAversion__Cost-1__Fee-American__Starts-50","2","63","0","P","7","14","P Offer","P Liability Signal: 6;P Files: 1;D Answers: 1;P Abandons: 2","6,1,1,2","0.10759999999999999","false","1000.0732231279385","1000.0732231279385","1","0.05","0","1000.0481274462899","0.025095681648622303","false"
"Specification-ModerateRiskAversion__Cost-1__Fee-American__Starts-50","2","63","0","P","7","14","P Offer","P Liability Signal: 6;P Files: 1;D Answers: 1;P Abandons: 2","6,1,1,2","0.10759999999999999","false","1000.0732231279385","1000.0732231279385","2","0.15","0","1000.0613033481933","0.011919779745198866","false"
"Specification-ModerateRiskAversion__Cost-1__Fee-American__Starts-50","2","63","0","P","7","14","P Offer","P Liability Signal: 6;P Files: 1;D Answers: 1;P Abandons: 2","6,1,1,2","0.10759999999999999","false","1000.0732231279385","1000.0732231279385","3","0.25","1","1000.0732231279385","0","true"
"Specification-ModerateRiskAversion__Cost-1__Fee-American__Starts-50","2","63","0","P","7","14","P Offer","P Liability Signal: 6;P Files: 1;D Answers: 1;P Abandons: 2","6,1,1,2","0.10759999999999999","false","1000.0732231279385","1000.0732231279385","4","0.35","0","1000.0455130296062","0.0277100983322498","false"
"Specification-ModerateRiskAversion__Cost-1__Fee-American__Starts-50","2","63","0","P","7","14","P Offer","P Liability Signal: 6;P Files: 1;D Answers: 1;P Abandons: 2","6,1,1,2","0.10759999999999999","false","1000.0732231279385","1000.0732231279385","5","0.45","0","1000.0496409935134","0.023582134425055301","false"
"Specification-ModerateRiskAversion__Cost-1__Fee-American__Starts-50","2","63","0","P","7","14","P Offer","P Liability Signal: 6;P Files: 1;D Answers: 1;P Abandons: 2","6,1,1,2","0.10759999999999999","false","1000.0732231279385","1000.0732231279385","6","0.55","0","1000.0533742250535","0.01984890288497354","false"
"Specification-ModerateRiskAversion__Cost-1__Fee-American__Starts-50","2","63","0","P","7","14","P Offer","P Liability Signal: 6;P Files: 1;D Answers: 1;P Abandons: 2","6,1,1,2","0.10759999999999999","false","1000.0732231279385","1000.0732231279385","7","0.65","0","1000.0567528665011","0.016470261437348199","false"
"Specification-ModerateRiskAversion__Cost-1__Fee-American__Starts-50","2","63","0","P","7","14","P Offer","P Liability Signal: 6;P Files: 1;D Answers: 1;P Abandons: 2","6,1,1,2","0.10759999999999999","false","1000.0732231279385","1000.0732231279385","8","0.75","0","1000.0598103697516","0.013412758186859719","false"
"Specification-ModerateRiskAversion__Cost-1__Fee-American__Starts-50","2","63","0","P","7","14","P Offer","P Liability Signal: 6;P Files: 1;D Answers: 1;P Abandons: 2","6,1,1,2","0.10759999999999999","false","1000.0732231279385","1000.0732231279385","9","0.85","0","1000.062576841511","0.010646286427459017","false"
"Specification-ModerateRiskAversion__Cost-1__Fee-American__Starts-50","2","63","0","P","7","14","P Offer","P Liability Signal: 6;P Files: 1;D Answers: 1;P Abandons: 2","6,1,1,2","0.10759999999999999","false","1000.0732231279385","1000.0732231279385","10","0.95","0","1000.014670449723","0.058552678215505694","false"
"Specification-ModerateRiskAversion__Cost-1__Fee-American__Starts-50","2","64","0","P","2","9","P Files","P Liability Signal: 7","7","0.10809999999999999","false","1000.0954640856114","1000.0954640856114","1","Yes","1","1000.0954640856114","0","true"
"Specification-ModerateRiskAversion__Cost-1__Fee-American__Starts-50","2","64","0","P","2","9","P Files","P Liability Signal: 7","7","0.10809999999999999","false","1000.0954640856114","1000.0954640856114","2","No","0","1000.0000018768001","0.095462208811341043","false"
"Specification-ModerateRiskAversion__Cost-1__Fee-American__Starts-50","2","65","0","P","5","20","P Abandons","P Liability Signal: 7;P Files: 1;D Answers: 1","7,1,1","0.10809999999999999","false","1000.0954640856114","1000.0954640856114","1","Yes","0","1000.0564601679652","0.039003917646255104","false"
"Specification-ModerateRiskAversion__Cost-1__Fee-American__Starts-50","2","65","0","P","5","20","P Abandons","P Liability Signal: 7;P Files: 1;D Answers: 1","7,1,1","0.10809999999999999","false","1000.0954640856114","1000.0954640856114","2","No","1","1000.0954640856114","0","true"
"Specification-ModerateRiskAversion__Cost-1__Fee-American__Starts-50","2","66","0","P","7","14","P Offer","P Liability Signal: 7;P Files: 1;D Answers: 1;P Abandons: 1","7,1,1,1","0","true","","","1","0.05","0.10000000000000001","","",""
"Specification-ModerateRiskAversion__Cost-1__Fee-American__Starts-50","2","66","0","P","7","14","P Offer","P Liability Signal: 7;P Files: 1;D Answers: 1;P Abandons: 1","7,1,1,1","0","true","","","2","0.15","0.10000000000000001","","",""
"Specification-ModerateRiskAversion__Cost-1__Fee-American__Starts-50","2","66","0","P","7","14","P Offer","P Liability Signal: 7;P Files: 1;D Answers: 1;P Abandons: 1","7,1,1,1","0","true","","","3","0.25","0.10000000000000001","","",""
"Specification-ModerateRiskAversion__Cost-1__Fee-American__Starts-50","2","66","0","P","7","14","P Offer","P Liability Signal: 7;P Files: 1;D Answers: 1;P Abandons: 1","7,1,1,1","0","true","","","4","0.35","0.10000000000000001","","",""
"Specification-ModerateRiskAversion__Cost-1__Fee-American__Starts-50","2","66","0","P","7","14","P Offer","P Liability Signal: 7;P Files: 1;D Answers: 1;P Abandons: 1","7,1,1,1","0","true","","","5","0.45","0.10000000000000001","","",""
"Specification-ModerateRiskAversion__Cost-1__Fee-American__Starts-50","2","66","0","P","7","14","P Offer","P Liability Signal: 7;P Files: 1;D Answers: 1;P Abandons: 1","7,1,1,1","0","true","","","6","0.55","0.10000000000000001","","",""
"Specification-ModerateRiskAversion__Cost-1__Fee-American__Starts-50","2","66","0","P","7","14","P Offer","P Liability Signal: 7;P Files: 1;D Answers: 1;P Abandons: 1","7,1,1,1","0","true","","","7","0.65","0.10000000000000001","","",""
"Specification-ModerateRiskAversion__Cost-1__Fee-American__Starts-50","2","66","0","P","7","14","P Offer","P Liability Signal: 7;P Files: 1;D Answers: 1;P Abandons: 1","7,1,1,1","0","true","","","8","0.75","0.10000000000000001","","",""
"Specification-ModerateRiskAversion__Cost-1__Fee-American__Starts-50","2","66","0","P","7","14","P Offer","P Liability Signal: 7;P Files: 1;D Answers: 1;P Abandons: 1","7,1,1,1","0","true","","","9","0.85","0.10000000000000001","","",""
"Specification-ModerateRiskAversion__Cost-1__Fee-American__Starts-50","2","66","0","P","7","14","P Offer","P Liability Signal: 7;P Files: 1;D Answers: 1;P Abandons: 1","7,1,1,1","0","true","","","10","0.95","0.10000000000000001","","",""
"Specification-ModerateRiskAversion__Cost-1__Fee-American__Starts-50","2","67","0","P","7","14","P Offer","P Liability Signal: 7;P Files: 1;D Answers: 1;P Abandons: 2","7,1,1,2","0.10809999999999999","false","1000.0954640856114","1000.0954640856114","1","0.05","0","1000.0591362828992","0.036327802712207813","false"
"Specification-ModerateRiskAversion__Cost-1__Fee-American__Starts-50","2","67","0","P","7","14","P Offer","P Liability Signal: 7;P Files: 1;D Answers: 1;P Abandons: 2","7,1,1,2","0.10809999999999999","false","1000.0954640856114","1000.0954640856114","2","0.15","0","1000.0712645987101","0.024199486901352429","false"
"Specification-ModerateRiskAversion__Cost-1__Fee-American__Starts-50","2","67","0","P","7","14","P Offer","P Liability Signal: 7;P Files: 1;D Answers: 1;P Abandons: 2","7,1,1,2","0.10809999999999999","false","1000.0954640856114","1000.0954640856114","3","0.25","0","1000.0822362709545","0.013227814656943337","false"
"Specification-ModerateRiskAversion__Cost-1__Fee-American__Starts-50","2","67","0","P","7","14","P Offer","P Liability Signal: 7;P Files: 1;D Answers: 1;P Abandons: 2","7,1,1,2","0.10809999999999999","false","1000.0954640856114","1000.0954640856114","4","0.35","0","1000.0744968868129","0.020967198798530262","false"
"Specification-ModerateRiskAversion__Cost-1__Fee-American__Starts-50","2","67","0","P","7","14","P Offer","P Liability Signal: 7;P Files: 1;D Answers: 1;P Abandons: 2","7,1,1,2","0.10809999999999999","false","1000.0954640856114","1000.0954640856114","5","0.45","0","1000.0795691321212","0.015894953490260377","false"
"Specification-ModerateRiskAversion__Cost-1__Fee-American__Starts-50","2","67","0","P","7","14","P Offer","P Liability Signal: 7;P Files: 1;D Answers: 1;P Abandons: 2","7,1,1,2","0.10809999999999999","false","1000.0954640856114","1000.0954640856114","6","0.55","0","1000.0841563491094","0.011307736501976251","false"
"Specification-ModerateRiskAversion__Cost-1__Fee-American__Starts-50","2","67","0","P","7","14","P Offer","P Liability Signal: 7;P Files: 1;D Answers: 1;P Abandons: 2","7,1,1,2","0.10809999999999999","false","1000.0954640856114","1000.0954640856114","7","0.65","0","1000.0883078626925","0.0071562229188657511","false"
"Specification-ModerateRiskAversion__Cost-1__Fee-American__Starts-50","2","67","0","P","7","14","P Offer","P Liability Signal: 7;P Files: 1;D Answers: 1;P Abandons: 2","7,1,1,2","0.10809999999999999","false","1000.0954640856114","1000.0954640856114","8","0.75","0","1000.0920647769644","0.0033993086469763512","false"
"Specification-ModerateRiskAversion__Cost-1__Fee-American__Starts-50","2","67","0","P","7","14","P Offer","P Liability Signal: 7;P Files: 1;D Answers: 1;P Abandons: 2","7,1,1,2","0.10809999999999999","false","1000.0954640856114","1000.0954640856114","9","0.85","1","1000.0954640856114","0","true"
"Specification-ModerateRiskAversion__Cost-1__Fee-American__Starts-50","2","67","0","P","7","14","P Offer","P Liability Signal: 7;P Files: 1;D Answers: 1;P Abandons: 2","7,1,1,2","0.10809999999999999","false","1000.0954640856114","1000.0954640856114","10","0.95","0","1000.0531147146792","0.042349370932242891","false"
"Specification-ModerateRiskAversion__Cost-1__Fee-American__Starts-50","2","68","0","P","2","9","P Files","P Liability Signal: 8","8","0.10618","false","1000.1167191898968","1000.1167191898968","1","Yes","1","1000.1167191898968","0","true"
"Specification-ModerateRiskAversion__Cost-1__Fee-American__Starts-50","2","68","0","P","2","9","P Files","P Liability Signal: 8","8","0.10618","false","1000.1167191898968","1000.1167191898968","2","No","0","1000.0000018767998","0.11671731309695588","false"
"Specification-ModerateRiskAversion__Cost-1__Fee-American__Starts-50","2","69","0","P","5","20","P Abandons","P Liability Signal: 8;P Files: 1;D Answers: 1","8,1,1","0.10618","false","1000.1167191898968","1000.1167191898968","1","Yes","0","1000.0703554037927","0.046363786104052451","false"
"Specification-ModerateRiskAversion__Cost-1__Fee-American__Starts-50","2","69","0","P","5","20","P Abandons","P Liability Signal: 8;P Files: 1;D Answers: 1","8,1,1","0.10618","false","1000.1167191898968","1000.1167191898968","2","No","1","1000.1167191898968","0","true"
"Specification-ModerateRiskAversion__Cost-1__Fee-American__Starts-50","2","70","0","P","7","14","P Offer","P Liability Signal: 8;P Files: 1;D Answers: 1;P Abandons: 1","8,1,1,1","0","true","","","1","0.05","0.10000000000000001","","",""
"Specification-ModerateRiskAversion__Cost-1__Fee-American__Starts-50","2","70","0","P","7","14","P Offer","P Liability Signal: 8;P Files: 1;D Answers: 1;P Abandons: 1","8,1,1,1","0","true","","","2","0.15","0.10000000000000001","","",""
"Specification-ModerateRiskAversion__Cost-1__Fee-American__Starts-50","2","70","0","P","7","14","P Offer","P Liability Signal: 8;P Files: 1;D Answers: 1;P Abandons: 1","8,1,1,1","0","true","","","3","0.25","0.10000000000000001","","",""
"Specification-ModerateRiskAversion__Cost-1__Fee-American__Starts-50","2","70","0","P","7","14","P Offer","P Liability Signal: 8;P Files: 1;D Answers: 1;P Abandons: 1","8,1,1,1","0","true","","","4","0.35","0.10000000000000001","","",""
"Specification-ModerateRiskAversion__Cost-1__Fee-American__Starts-50","2","70","0","P","7","14","P Offer","P Liability Signal: 8;P Files: 1;D Answers: 1;P Abandons: 1","8,1,1,1","0","true","","","5","0.45","0.10000000000000001","","",""
"Specification-ModerateRiskAversion__Cost-1__Fee-American__Starts-50","2","70","0","P","7","14","P Offer","P Liability Signal: 8;P Files: 1;D Answers: 1;P Abandons: 1","8,1,1,1","0","true","","","6","0.55","0.10000000000000001","","",""
"Specification-ModerateRiskAversion__Cost-1__Fee-American__Starts-50","2","70","0","P","7","14","P Offer","P Liability Signal: 8;P Files: 1;D Answers: 1;P Abandons: 1","8,1,1,1","0","true","","","7","0.65","0.10000000000000001","","",""
"Specification-ModerateRiskAversion__Cost-1__Fee-American__Starts-50","2","70","0","P","7","14","P Offer","P Liability Signal: 8;P Files: 1;D Answers: 1;P Abandons: 1","8,1,1,1","0","true","","","8","0.75","0.10000000000000001","","",""
"Specification-ModerateRiskAversion__Cost-1__Fee-American__Starts-50","2","70","0","P","7","14","P Offer","P Liability Signal: 8;P Files: 1;D Answers: 1;P Abandons: 1","8,1,1,1","0","true","","","9","0.85","0.10000000000000001","","",""
"Specification-ModerateRiskAversion__Cost-1__Fee-American__Starts-50","2","70","0","P","7","14","P Offer","P Liability Signal: 8;P Files: 1;D Answers: 1;P Abandons: 1","8,1,1,1","0","true","","","10","0.95","0.10000000000000001","","",""
"Specification-ModerateRiskAversion__Cost-1__Fee-American__Starts-50","2","71","0","P","7","14","P Offer","P Liability Signal: 8;P Files: 1;D Answers: 1;P Abandons: 2","8,1,1,2","0.10618","false","1000.1167191898968","1000.1167191898968","1","0.05","0","1000.0676079858839","0.049111204012888265","false"
"Specification-ModerateRiskAversion__Cost-1__Fee-American__Starts-50","2","71","0","P","7","14","P Offer","P Liability Signal: 8;P Files: 1;D Answers: 1;P Abandons: 2","8,1,1,2","0.10618","false","1000.1167191898968","1000.1167191898968","2","0.15","0","1000.0789301458275","0.037789044069313604","false"
"Specification-ModerateRiskAversion__Cost-1__Fee-American__Starts-50","2","71","0","P","7","14","P Offer","P Liability Signal: 8;P Files: 1;D Answers: 1;P Abandons: 2","8,1,1,2","0.10618","false","1000.1167191898968","1000.1167191898968","3","0.25","0","1000.0891722146243","0.02754697527245753","false"
"Specification-ModerateRiskAversion__Cost-1__Fee-American__Starts-50","2","71","0","P","7","14","P Offer","P Liability Signal: 8;P Files: 1;D Answers: 1;P Abandons: 2","8,1,1,2","0.10618","false","1000.1167191898968","1000.1167191898968","4","0.35","0","1000.0927481919168","0.023970997979972708","false"
"Specification-ModerateRiskAversion__Cost-1__Fee-American__Starts-50","2","71","0","P","7","14","P Offer","P Liability Signal: 8;P Files: 1;D Answers: 1;P Abandons: 2","8,1,1,2","0.10618","false","1000.1167191898968","1000.1167191898968","5","0.45","0","1000.0985470963487","0.01817209354805982","false"
"Specification-ModerateRiskAversion__Cost-1__Fee-American__Starts-50","2","71","0","P","7","14","P Offer","P Liability Signal: 8;P Files: 1;D Answers: 1;P Abandons: 2","8,1,1,2","0.10618","false","1000.1167191898968","1000.1167191898968","6","0.55","0","1000.1037914864185","0.012927703478339936","false"
"Specification-ModerateRiskAversion__Cost-1__Fee-American__Starts-50","2","71","0","P","7","14","P Offer","P Liability Signal: 8;P Files: 1;D Answers: 1;P Abandons: 2","8,1,1,2","0.10618","false","1000.1167191898968","1000.1167191898968","7","0.65","0","1000.1085377534167","0.0081814364800720796","false"
"Specification-ModerateRiskAversion__Cost-1__Fee-American__Starts-50","2","71","0","P","7","14","P Offer","P Liability Signal: 8;P Files: 1;D Answers: 1;P Abandons: 2","8,1,1,2","0.10618","false","1000.1167191898968","1000.1167191898968","8","0.75","0","1000.1128328900871","0.0038862998096647061","false"
"Specification-ModerateRiskAversion__Cost-1__Fee-American__Starts-50","2","71","0","P","7","14","P Offer","P Liability Signal: 8;P Files: 1;D Answers: 1;P Abandons: 2","8,1,1,2","0.10618","false","1000.1167191898968","1000.1167191898968","9","0.85","1","1000.1167191898968","0","true"
"Specification-ModerateRiskAversion__Cost-1__Fee-American__Starts-50","2","71","0","P","7","14","P Offer","P Liability Signal: 8;P Files: 1;D Answers: 1;P Abandons: 2","8,1,1,2","0.10618","false","1000.1167191898968","1000.1167191898968","10","0.95","0","1000.0826959774159","0.034023212480860821","false"
"Specification-ModerateRiskAversion__Cost-1__Fee-American__Starts-50","2","72","0","P","2","9","P Files","P Liability Signal: 9","9","0.097680000000000003","false","1000.1285717414603","1000.1285717414603","1","Yes","1","1000.1285717414603","0","true"
"Specification-ModerateRiskAversion__Cost-1__Fee-American__Starts-50","2","72","0","P","2","9","P Files","P Liability Signal: 9","9","0.097680000000000003","false","1000.1285717414603","1000.1285717414603","2","No","0","1000.0000018767998","0.12856986466044873","false"
"Specification-ModerateRiskAversion__Cost-1__Fee-American__Starts-50","2","73","0","P","5","20","P Abandons","P Liability Signal: 9;P Files: 1;D Answers: 1","9,1,1","0.097680000000000003","false","1000.1285717414603","1000.1285717414603","1","Yes","0","1000.0797233663417","0.048848375118609511","false"
"Specification-ModerateRiskAversion__Cost-1__Fee-American__Starts-50","2","73","0","P","5","20","P Abandons","P Liability Signal: 9;P Files: 1;D Answers: 1","9,1,1","0.097680000000000003","false","1000.1285717414603","1000.1285717414603","2","No","1","1000.1285717414603","0","true"
"Specification-ModerateRiskAversion__Cost-1__Fee-American__Starts-50","2","74","0","P","7","14","P Offer","P Liability Signal: 9;P Files: 1;D Answers: 1;P Abandons: 1","9,1,1,1","0","true","","","1","0.05","0.10000000000000001","","",""
"Specification-ModerateRiskAversion__Cost-1__Fee-American__Starts-50","2","74","0","P","7","14","P Offer","P Liability Signal: 9;P Files: 1;D Answers: 1;P Abandons: 1","9,1,1,1","0","true","","","2","0.15","0.10000000000000001","","",""
"Specification-ModerateRiskAversion__Cost-1__Fee-American__Starts-50","2","74","0","P","7","14","P Offer","P Liability Signal: 9;P Files: 1;D Answers: 1;P Abandons: 1","9,1,1,1","0","true","","","3","0.25","0.10000000000000001","","",""
"Specification-ModerateRiskAversion__Cost-1__Fee-American__Starts-50","2","74","0","P","7","14","P Offer","P Liability Signal: 9;P Files: 1;D Answers: 1;P Abandons: 1","9,1,1,1","0","true","","","4","0.35","0.10000000000000001","","",""
"Specification-ModerateRiskAversion__Cost-1__Fee-American__Starts-50","2","74","0","P","7","14","P Offer","P Liability Signal: 9;P Files: 1;D Answers: 1;P Abandons: 1","9,1,1,1","0","true","","","5","0.45","0.10000000000000001","","",""
"Specification-ModerateRiskAversion__Cost-1__Fee-American__Starts-50","2","74","0","P","7","14","P Offer","P Liability Signal: 9;P Files: 1;D Answers: 1;P Abandons: 1","9,1,1,1","0","true","","","6","0.55","0.10000000000000001","","",""
"Specification-ModerateRiskAversion__Cost-1__Fee-American__Starts-50","2","74","0","P","7","14","P Offer","P Liability Signal: 9;P Files: 1;D Answers: 1;P Abandons: 1","9,1,1,1","0","true","","","7","0.65","0.10000000000000001","","",""
"Specification-ModerateRiskAversion__Cost-1__Fee-American__Starts-50","2","74","0","P","7","14","P Offer","P Liability Signal: 9;P Files: 1;D Answers: 1;P Abandons: 1","9,1,1,1","0","true","","","8","0.75","0.10000000000000001","","",""
"Specification-ModerateRiskAversion__Cost-1__Fee-American__Starts-50","2","74","0","P","7","14","P Offer","P Liability Signal: 9;P Files: 1;D Answers: 1;P Abandons: 1","9,1,1,1","0","true","","","9","0.85","0.10000000000000001","","",""
"Specification-ModerateRiskAversion__Cost-1__Fee-American__Starts-50","2","74","0","P","7","14","P Offer","P Liability Signal: 9;P Files: 1;D Answers: 1;P Abandons: 1","9,1,1,1","0","true","","","10","0.95","0.10000000000000001","","",""
"Specification-ModerateRiskAversion__Cost-1__Fee-American__Starts-50","2","75","0","P","7","14","P Offer","P Liability Signal: 9;P Files: 1;D Answers: 1;P Abandons: 2","9,1,1,2","0.097680000000000003","false","1000.1285717414603","1000.1285717414603","1","0.05","0","1000.0733194827791","0.055252258681207422","false"
"Specification-ModerateRiskAversion__Cost-1__Fee-American__Starts-50","2","75","0","P","7","14","P Offer","P Liability Signal: 9;P Files: 1;D Answers: 1;P Abandons: 2","9,1,1,2","0.097680000000000003","false","1000.1285717414603","1000.1285717414603","2","0.15","0","1000.0840981443562","0.04447359710411547","false"
"Specification-ModerateRiskAversion__Cost-1__Fee-American__Starts-50","2","75","0","P","7","14","P Offer","P Liability Signal: 9;P Files: 1;D Answers: 1;P Abandons: 2","9,1,1,2","0.097680000000000003","false","1000.1285717414603","1000.1285717414603","3","0.25","0","1000.093848325296","0.034723416164297305","false"
"Specification-ModerateRiskAversion__Cost-1__Fee-American__Starts-50","2","75","0","P","7","14","P Offer","P Liability Signal: 9;P Files: 1;D Answers: 1;P Abandons: 2","9,1,1,2","0.097680000000000003","false","1000.1285717414603","1000.1285717414603","4","0.35","0","1000.1025756264844","0.025996114975896489","false"
"Specification-ModerateRiskAversion__Cost-1__Fee-American__Starts-50","2","75","0","P","7","14","P Offer","P Liability Signal: 9;P Files: 1;D Answers: 1;P Abandons: 2","9,1,1,2","0.097680000000000003","false","1000.1285717414603","1000.1285717414603","5","0.45","0","1000.1088644337538","0.019707307706539723","false"
"Specification-ModerateRiskAversion__Cost-1__Fee-American__Starts-50","2","75","0","P","7","14","P Offer","P Liability Signal: 9;P Files: 1;D Answers: 1;P Abandons: 2","9,1,1,2","0.097680000000000003","false","1000.1285717414603","1000.1285717414603","6","0.55","0","1000.1145518801981","0.014019861262227096","false"
"Specification-ModerateRiskAversion__Cost-1__Fee-American__Starts-50","2","75","0","P","7","14","P Offer","P Liability Signal: 9;P Files: 1;D Answers: 1;P Abandons: 2","9,1,1,2","0.097680000000000003","false","1000.1285717414603","1000.1285717414603","7","0.65","0","1000.1196991211559","0.0088726203043734131","false"
"Specification-ModerateRiskAversion__Cost-1__Fee-American__Starts-50","2","75","0","P","7","14","P Offer","P Liability Signal: 9;P Files: 1;D Answers: 1;P Abandons: 2","9,1,1,2","0.097680000000000003","false","1000.1285717414603","1000.1285717414603","8","0.75","0","1000.1243571194087","0.0042146220515633104","false"
"Specification-ModerateRiskAversion__Cost-1__Fee-American__Starts-50","2","75","0","P","7","14","P Offer","P Liability Signal: 9;P Files: 1;D Answers: 1;P Abandons: 2","9,1,1,2","0.097680000000000003","false","1000.1285717414603","1000.1285717414603","9","0.85","1","1000.1285717414603","0","true"
"Specification-ModerateRiskAversion__Cost-1__Fee-American__Starts-50","2","75","0","P","7","14","P Offer","P Liability Signal: 9;P Files: 1;D Answers: 1;P Abandons: 2","9,1,1,2","0.097680000000000003","false","1000.1285717414603","1000.1285717414603","10","0.95","0","1000.1026409424061","0.025930799054208364","false"
"Specification-ModerateRiskAversion__Cost-1__Fee-American__Starts-50","2","76","0","P","2","9","P Files","P Liability Signal: 10","10","0.080430000000000001","false","1000.1345854444097","1000.1345854444097","1","Yes","1","1000.1345854444097","0","true"
"Specification-ModerateRiskAversion__Cost-1__Fee-American__Starts-50","2","76","0","P","2","9","P Files","P Liability Signal: 10","10","0.080430000000000001","false","1000.1345854444097","1000.1345854444097","2","No","0","1000.0000018767998","0.1345835676098659","false"
"Specification-ModerateRiskAversion__Cost-1__Fee-American__Starts-50","2","77","0","P","5","20","P Abandons","P Liability Signal: 10;P Files: 1;D Answers: 1","10,1,1","0.080430000000000001","false","1000.1345854444097","1000.1345854444097","1","Yes","0","1000.0855429628257","0.049042481584024245","false"
"Specification-ModerateRiskAversion__Cost-1__Fee-American__Starts-50","2","77","0","P","5","20","P Abandons","P Liability Signal: 10;P Files: 1;D Answers: 1","10,1,1","0.080430000000000001","false","1000.1345854444097","1000.1345854444097","2","No","1","1000.1345854444097","0","true"
"Specification-ModerateRiskAversion__Cost-1__Fee-American__Starts-50","2","78","0","P","7","14","P Offer","P Liability Signal: 10;P Files: 1;D Answers: 1;P Abandons: 1","10,1,1,1","0","true","","","1","0.05","0.10000000000000001","","",""
"Specification-ModerateRiskAversion__Cost-1__Fee-American__Starts-50","2","78","0","P","7","14","P Offer","P Liability Signal: 10;P Files: 1;D Answers: 1;P Abandons: 1","10,1,1,1","0","true","","","2","0.15","0.10000000000000001","","",""
"Specification-ModerateRiskAversion__Cost-1__Fee-American__Starts-50","2","78","0","P","7","14","P Offer","P Liability Signal: 10;P Files: 1;D Answers: 1;P Abandons: 1","10,1,1,1","0","true","","","3","0.25","0.10000000000000001","","",""
"Specification-ModerateRiskAversion__Cost-1__Fee-American__Starts-50","2","78","0","P","7","14","P Offer","P Liability Signal: 10;P Files: 1;D Answers: 1;P Abandons: 1","10,1,1,1","0","true","","","4","0.35","0.10000000000000001","","",""
"Specification-ModerateRiskAversion__Cost-1__Fee-American__Starts-50","2","78","0","P","7","14","P Offer","P Liability Signal: 10;P Files: 1;D Answers: 1;P Abandons: 1","10,1,1,1","0","true","","","5","0.45","0.10000000000000001","","",""
"Specification-ModerateRiskAversion__Cost-1__Fee-American__Starts-50","2","78","0","P","7","14","P Offer","P Liability Signal: 10;P Files: 1;D Answers: 1;P Abandons: 1","10,1,1,1","0","true","","","6","0.55","0.10000000000000001","","",""
"Specification-ModerateRiskAversion__Cost-1__Fee-American__Starts-50","2","78","0","P","7","14","P Offer","P Liability Signal: 10;P Files: 1;D Answers: 1;P Abandons: 1","10,1,1,1","0","true","","","7","0.65","0.10000000000000001","","",""
"Specification-ModerateRiskAversion__Cost-1__Fee-American__Starts-50","2","78","0","P","7","14","P Offer","P Liability Signal: 10;P Files: 1;D Answers: 1;P Abandons: 1","10,1,1,1","0","true","","","8","0.75","0.10000000000000001","","",""
"Specification-ModerateRiskAversion__Cost-1__Fee-American__Starts-50","2","78","0","P","7","14","P Offer","P Liability Signal: 10;P Files: 1;D Answers: 1;P Abandons: 1","10,1,1,1","0","true","","","9","0.85","0.10000000000000001","","",""
"Specification-ModerateRiskAversion__Cost-1__Fee-American__Starts-50","2","78","0","P","7","14","P Offer","P Liability Signal: 10;P Files: 1;D Answers: 1;P Abandons: 1","10,1,1,1","0","true","","","10","0.95","0.10000000000000001","","",""
"Specification-ModerateRiskAversion__Cost-1__Fee-American__Starts-50","2","79","0","P","7","14","P Offer","P Liability Signal: 10;P Files: 1;D Answers: 1;P Abandons: 2","10,1,1,2","0.080430000000000001","false","1000.1345854444097","1000.1345854444097","1","0.05","0","1000.0768675976518","0.057717846757896041","false"
"Specification-ModerateRiskAversion__Cost-1__Fee-American__Starts-50","2","79","0","P","7","14","P Offer","P Liability Signal: 10;P Files: 1;D Answers: 1;P Abandons: 2","10,1,1,2","0.080430000000000001","false","1000.1345854444097","1000.1345854444097","2","0.15","0","1000.0873086253877","0.047276819022044947","false"
"Specification-ModerateRiskAversion__Cost-1__Fee-American__Starts-50","2","79","0","P","7","14","P Offer","P Liability Signal: 10;P Files: 1;D Answers: 1;P Abandons: 2","10,1,1,2","0.080430000000000001","false","1000.1345854444097","1000.1345854444097","3","0.25","0","1000.0967532341364","0.037832210273336386","false"
"Specification-ModerateRiskAversion__Cost-1__Fee-American__Starts-50","2","79","0","P","7","14","P Offer","P Liability Signal: 10;P Files: 1;D Answers: 1;P Abandons: 2","10,1,1,2","0.080430000000000001","false","1000.1345854444097","1000.1345854444097","4","0.35","0","1000.1073312795978","0.027254164811893133","false"
"Specification-ModerateRiskAversion__Cost-1__Fee-American__Starts-50","2","79","0","P","7","14","P Offer","P Liability Signal: 10;P Files: 1;D Answers: 1;P Abandons: 2","10,1,1,2","0.080430000000000001","false","1000.1345854444097","1000.1345854444097","5","0.45","0","1000.1139244259178","0.020661018491864525","false"
"Specification-ModerateRiskAversion__Cost-1__Fee-American__Starts-50","2","79","0","P","7","14","P Offer","P Liability Signal: 10;P Files: 1;D Answers: 1;P Abandons: 2","10,1,1,2","0.080430000000000001","false","1000.1345854444097","1000.1345854444097","6","0.55","0","1000.1198871092994","0.014698335110324479","false"
"Specification-ModerateRiskAversion__Cost-1__Fee-American__Starts-50","2","79","0","P","7","14","P Offer","P Liability Signal: 10;P Files: 1;D Answers: 1;P Abandons: 2","10,1,1,2","0.080430000000000001","false","1000.1345854444097","1000.1345854444097","7","0.65","0","1000.1252834446178","0.0093019997918872832","false"
"Specification-ModerateRiskAversion__Cost-1__Fee-American__Starts-50","2","79","0","P","7","14","P Offer","P Liability Signal: 10;P Files: 1;D Answers: 1;P Abandons: 2","10,1,1,2","0.080430000000000001","false","1000.1345854444097","1000.1345854444097","8","0.75","0","1000.1301668609358","0.0044185834739209895","false"
"Specification-ModerateRiskAversion__Cost-1__Fee-American__Starts-50","2","79","0","P","7","14","P Offer","P Liability Signal: 10;P Files: 1;D Answers: 1;P Abandons: 2","10,1,1,2","0.080430000000000001","false","1000.1345854444097","1000.1345854444097","9","0.85","1","1000.1345854444097","0","true"
"Specification-ModerateRiskAversion__Cost-1__Fee-American__Starts-50","2","79","0","P","7","14","P Offer","P Liability Signal: 10;P Files: 1;D Answers: 1;P Abandons: 2","10,1,1,2","0.080430000000000001","false","1000.1345854444097","1000.1345854444097","10","0.95","0","1000.1150287910601","0.01955665334958212","false"
"Specification-ModerateRiskAversion__Cost-1__Fee-American__Starts-50","2","1","1","D","3","10","D Answers","D Liability Signal: 1;P Files: 1","1,1","0.080450619999999987","false","999.7497308975353","999.7497308975353","1","Yes","1","999.7497308975353","0","true"
"Specification-ModerateRiskAversion__Cost-1__Fee-American__Starts-50","2","1","1","D","3","10","D Answers","D Liability Signal: 1;P Files: 1","1,1","0.080450619999999987","false","999.7497308975353","999.7497308975353","2","No","0","998.80797684000004","0.9417540575352632","false"
"Specification-ModerateRiskAversion__Cost-1__Fee-American__Starts-50","2","3","1","D","6","21","D Defaults","D Liability Signal: 1;P Files: 1;D Answers: 1","1,1,1","0.080450619999999987","false","999.7497308975353","999.7497308975353","1","Yes","0","999.29519709320016","0.45453380433514212","false"
"Specification-ModerateRiskAversion__Cost-1__Fee-American__Starts-50","2","3","1","D","6","21","D Defaults","D Liability Signal: 1;P Files: 1;D Answers: 1","1,1,1","0.080450619999999987","false","999.7497308975353","999.7497308975353","2","No","1","999.7497308975353","0","true"
"Specification-ModerateRiskAversion__Cost-1__Fee-American__Starts-50","2","5","1","D","8","15","D Offer","D Liability Signal: 1;P Files: 1;D Answers: 1;D Defaults: 1","1,1,1,1","0","true","","","1","0.05","0.10000000000000001","","",""
"Specification-ModerateRiskAversion__Cost-1__Fee-American__Starts-50","2","5","1","D","8","15","D Offer","D Liability Signal: 1;P Files: 1;D Answers: 1;D Defaults: 1","1,1,1,1","0","true","","","2","0.15","0.10000000000000001","","",""
"Specification-ModerateRiskAversion__Cost-1__Fee-American__Starts-50","2","5","1","D","8","15","D Offer","D Liability Signal: 1;P Files: 1;D Answers: 1;D Defaults: 1","1,1,1,1","0","true","","","3","0.25","0.10000000000000001","","",""
"Specification-ModerateRiskAversion__Cost-1__Fee-American__Starts-50","2","5","1","D","8","15","D Offer","D Liability Signal: 1;P Files: 1;D Answers: 1;D Defaults: 1","1,1,1,1","0","true","","","4","0.35","0.10000000000000001","","",""
"Specification-ModerateRiskAversion__Cost-1__Fee-American__Starts-50","2","5","1","D","8","15","D Offer","D Liability Signal: 1;P Files: 1;D Answers: 1;D Defaults: 1","1,1,1,1","0","true","","","5","0.45","0.10000000000000001","","",""
"Specification-ModerateRiskAversion__Cost-1__Fee-American__Starts-50","2","5","1","D","8","15","D Offer","D Liability Signal: 1;P Files: 1;D Answers: 1;D Defaults: 1","1,1,1,1","0","true","","","6","0.55","0.10000000000000001","","",""
"Specification-ModerateRiskAversion__Cost-1__Fee-American__Starts-50","2","5","1","D","8","15","D Offer","D Liability Signal: 1;P Files: 1;D Answers: 1;D Defaults: 1","1,1,1,1","0","true","","","7","0.65","0.10000000000000001","","",""
"Specification-ModerateRiskAversion__Cost-1__Fee-American__Starts-50","2","5","1","D","8","15","D Offer","D Liability Signal: 1;P Files: 1;D Answers: 1;D Defaults: 1","1,1,1,1","0","true","","","8","0.75","0.10000000000000001","","",""
"Specification-ModerateRiskAversion__Cost-1__Fee-American__Starts-50","2","5","1","D","8","15","D Offer","D Liability Signal: 1;P Files: 1;D Answers: 1;D Defaults: 1","1,1,1,1","0","true","","","9","0.85","0.10000000000000001","","",""
"Specification-ModerateRiskAversion__Cost-1__Fee-American__Starts-50","2","5","1","D","8","15","D Offer","D Liability Signal: 1;P Files: 1;D Answers: 1;D Defaults: 1","1,1,1,1","0","true","","","10","0.95","0.10000000000000001","","",""
"Specification-ModerateRiskAversion__Cost-1__Fee-American__Starts-50","2","6","1","D","8","15","D Offer","D Liability Signal: 1;P Files: 1;D Answers: 1;D Defaults: 2","1,1,1,2","0.080450619999999987","false","999.7497308975353","999.7497308975353","1","0.05","0","999.65790772929688","0.091823168238420294","false"
"Specification-ModerateRiskAversion__Cost-1__Fee-American__Starts-50","2","6","1","D","8","15","D Offer","D Liability Signal: 1;P Files: 1;D Answers: 1;D Defaults: 2","1,1,1,2","0.080450619999999987","false","999.7497308975353","999.7497308975353","2","0.15","0","999.65790772929688","0.091823168238420294","false"
"Specification-ModerateRiskAversion__Cost-1__Fee-American__Starts-50","2","6","1","D","8","15","D Offer","D Liability Signal: 1;P Files: 1;D Answers: 1;D Defaults: 2","1,1,1,2","0.080450619999999987","false","999.7497308975353","999.7497308975353","3","0.25","1","999.7497308975353","0","true"
"Specification-ModerateRiskAversion__Cost-1__Fee-American__Starts-50","2","6","1","D","8","15","D Offer","D Liability Signal: 1;P Files: 1;D Answers: 1;D Defaults: 2","1,1,1,2","0.080450619999999987","false","999.7497308975353","999.7497308975353","4","0.35","0","999.7077310005202","0.041999897015102761","false"
"Specification-ModerateRiskAversion__Cost-1__Fee-American__Starts-50","2","6","1","D","8","15","D Offer","D Liability Signal: 1;P Files: 1;D Answers: 1;D Defaults: 2","1,1,1,2","0.080450619999999987","false","999.7497308975353","999.7497308975353","5","0.45","0","999.66131907964711","0.088411817888186306","false"
"Specification-ModerateRiskAversion__Cost-1__Fee-American__Starts-50","2","6","1","D","8","15","D Offer","D Liability Signal: 1;P Files: 1;D Answers: 1;D Defaults: 2","1,1,1,2","0.080450619999999987","false","999.7497308975353","999.7497308975353","6","0.55","0","999.61002394790216","0.1397069496331369","false"
"Specification-ModerateRiskAversion__Cost-1__Fee-American__Starts-50","2","6","1","D","8","15","D Offer","D Liability Signal: 1;P Files: 1;D Answers: 1;D Defaults: 2","1,1,1,2","0.080450619999999987","false","999.7497308975353","999.7497308975353","7","0.65","0","999.55333158308872","0.19639931444658032","false"
"Specification-ModerateRiskAversion__Cost-1__Fee-American__Starts-50","2","6","1","D","8","15","D Offer","D Liability Signal: 1;P Files: 1;D Answers: 1;D Defaults: 2","1,1,1,2","0.080450619999999987","false","999.7497308975353","999.7497308975353","8","0.75","0","999.49068512782662","0.25904576970867765","false"
"Specification-ModerateRiskAversion__Cost-1__Fee-American__Starts-50","2","6","1","D","8","15","D Offer","D Liability Signal: 1;P Files: 1;D Answers: 1;D Defaults: 2","1,1,1,2","0.080450619999999987","false","999.7497308975353","999.7497308975353","9","0.85","0","999.40617017178761","0.34356072574769314","false"
"Specification-ModerateRiskAversion__Cost-1__Fee-American__Starts-50","2","6","1","D","8","15","D Offer","D Liability Signal: 1;P Files: 1;D Answers: 1;D Defaults: 2","1,1,1,2","0.080450619999999987","false","999.7497308975353","999.7497308975353","10","0.95","0","999.3240924813399","0.42563841619539744","false"
"Specification-ModerateRiskAversion__Cost-1__Fee-American__Starts-50","2","8","1","D","3","10","D Answers","D Liability Signal: 2;P Files: 1","2,1","0.097678261199999991","false","999.72284703575292","999.72284703575292","1","Yes","1","999.72284703575292","0","true"
"Specification-ModerateRiskAversion__Cost-1__Fee-American__Starts-50","2","8","1","D","3","10","D Answers","D Liability Signal: 2;P Files: 1","2,1","0.097678261199999991","false","999.72284703575292","999.72284703575292","2","No","0","998.80797684000015","0.91487019575276918","false"
"Specification-ModerateRiskAversion__Cost-1__Fee-American__Starts-50","2","9","1","D","6","21","D Defaults","D Liability Signal: 2;P Files: 1;D Answers: 1","2,1,1","0.097678261199999991","false","999.72284703575292","999.72284703575292","1","Yes","0","999.27143183517308","0.45141520057984508","false"
"Specification-ModerateRiskAversion__Cost-1__Fee-American__Starts-50","2","9","1","D","6","21","D Defaults","D Liability Signal: 2;P Files: 1;D Answers: 1","2,1,1","0.097678261199999991","false","999.72284703575292","999.72284703575292","2","No","1","999.72284703575292","0","true"
"Specification-ModerateRiskAversion__Cost-1__Fee-American__Starts-50","2","10","1","D","8","15","D Offer","D Liability Signal: 2;P Files: 1;D Answers: 1;D Defaults: 1","2,1,1,1","0","true","","","1","0.05","0.10000000000000001","","",""
"Specification-ModerateRiskAversion__Cost-1__Fee-American__Starts-50","2","10","1","D","8","15","D Offer","D Liability Signal: 2;P Files: 1;D Answers: 1;D Defaults: 1","2,1,1,1","0","true","","","2","0.15","0.10000000000000001","","",""
"Specification-ModerateRiskAversion__Cost-1__Fee-American__Starts-50","2","10","1","D","8","15","D Offer","D Liability Signal: 2;P Files: 1;D Answers: 1;D Defaults: 1","2,1,1,1","0","true","","","3","0.25","0.10000000000000001","","",""
"Specification-ModerateRiskAversion__Cost-1__Fee-American__Starts-50","2","10","1","D","8","15","D Offer","D Liability Signal: 2;P Files: 1;D Answers: 1;D Defaults: 1","2,1,1,1","0","true","","","4","0.35","0.10000000000000001","","",""
"Specification-ModerateRiskAversion__Cost-1__Fee-American__Starts-50","2","10","1","D","8","15","D Offer","D Liability Signal: 2;P Files: 1;D Answers: 1;D Defaults: 1","2,1,1,1","0","true","","","5","0.45","0.10000000000000001","","",""
"Specification-ModerateRiskAversion__Cost-1__Fee-American__Starts-50","2","10","1","D","8","15","D Offer","D Liability Signal: 2;P Files: 1;D Answers: 1;D Defaults: 1","2,1,1,1","0","true","","","6","0.55","0.10000000000000001","","",""
"Specification-ModerateRiskAversion__Cost-1__Fee-American__Starts-50","2","10","1","D","8","15","D Offer","D Liability Signal: 2;P Files: 1;D Answers: 1;D Defaults: 1","2,1,1,1","0","true","","","7","0.65","0.10000000000000001","","",""
"Specification-ModerateRiskAversion__Cost-1__Fee-American__Starts-50","2","10","1","D","8","15","D Offer","D Liability Signal: 2;P Files: 1;D Answers: 1;D Defaults: 1","2,1,1,1","0","true","","","8","0.75","0.10000000000000001","","",""
"Specification-ModerateRiskAversion__Cost-1__Fee-American__Starts-50","2","10","1","D","8","15","D Offer","D Liability Signal: 2;P Files: 1;D Answers: 1;D Defaults: 1","2,1,1,1","0","true","","","9","0.85","0.10000000000000001","","",""
"Specification-ModerateRiskAversion__Cost-1__Fee-American__Starts-50","2","10","1","D","8","15","D Offer","D Liability Signal: 2;P Files: 1;D Answers: 1;D Defaults: 1","2,1,1,1","0","true","","","10","0.95","0.10000000000000001","","",""
"Specification-ModerateRiskAversion__Cost-1__Fee-American__Starts-50","2","11","1","D","8","15","D Offer","D Liability Signal: 2;P Files: 1;D Answers: 1;D Defaults: 2","2,1,1,2","0.097678261199999991","false","999.72284703575292","999.72284703575292","1","0.05","0","999.56638248446075","0.15646455129217429","false"
"Specification-ModerateRiskAversion__Cost-1__Fee-American__Starts-50","2","11","1","D","8","15","D Offer","D Liability Signal: 2;P Files: 1;D Answers: 1;D Defaults: 2","2,1,1,2","0.097678261199999991","false","999.72284703575292","999.72284703575292","2","0.15","0","999.56638248446075","0.15646455129217429","false"
"Specification-ModerateRiskAversion__Cost-1__Fee-American__Starts-50","2","11","1","D","8","15","D Offer","D Liability Signal: 2;P Files: 1;D Answers: 1;D Defaults: 2","2,1,1,2","0.097678261199999991","false","999.72284703575292","999.72284703575292","3","0.25","1","999.72284703575292","0","true"
"Specification-ModerateRiskAversion__Cost-1__Fee-American__Starts-50","2","11","1","D","8","15","D Offer","D Liability Signal: 2;P Files: 1;D Answers: 1;D Defaults: 2","2,1,1,2","0.097678261199999991","false","999.72284703575292","999.72284703575292","4","0.35","0","999.68197171484667","0.040875320906252455","false"
"Specification-ModerateRiskAversion__Cost-1__Fee-American__Starts-50","2","11","1","D","8","15","D Offer","D Liability Signal: 2;P Files: 1;D Answers: 1;D Defaults: 2","2,1,1,2","0.097678261199999991","false","999.72284703575292","999.72284703575292","5","0.45","0","999.63680250505388","0.086044530699041388","false"
"Specification-ModerateRiskAversion__Cost-1__Fee-American__Starts-50","2","11","1","D","8","15","D Offer","D Liability Signal: 2;P Files: 1;D Answers: 1;D Defaults: 2","2,1,1,2","0.097678261199999991","false","999.72284703575292","999.72284703575292","6","0.55","0","999.58688083571656","0.13596620003636417","false"
"Specification-ModerateRiskAversion__Cost-1__Fee-American__Starts-50","2","11","1","D","8","15","D Offer","D Liability Signal: 2;P Files: 1;D Answers: 1;D Defaults: 2","2,1,1,2","0.097678261199999991","false","999.72284703575292","999.72284703575292","7","0.65","0","999.53170644793545","0.1911405878174719","false"
"Specification-ModerateRiskAversion__Cost-1__Fee-American__Starts-50","2","11","1","D","8","15","D Offer","D Liability Signal: 2;P Files: 1;D Answers: 1;D Defaults: 2","2,1,1,2","0.097678261199999991","false","999.72284703575292","999.72284703575292","8","0.75","0","999.47073739456948","0.25210964118343782","false"
"Specification-ModerateRiskAversion__Cost-1__Fee-American__Starts-50","2","11","1","D","8","15","D Offer","D Liability Signal: 2;P Files: 1;D Answers: 1;D Defaults: 2","2,1,1,2","0.097678261199999991","false","999.72284703575292","999.72284703575292","9","0.85","0","999.39015313419202","0.33269390156090139","false"
"Specification-ModerateRiskAversion__Cost-1__Fee-American__Starts-50","2","11","1","D","8","15","D Offer","D Liability Signal: 2;P Files: 1;D Answers: 1;D Defaults: 2","2,1,1,2","0.097678261199999991","false","999.72284703575292","999.72284703575292","10","0.95","0","999.30639058672841","0.4164564490245084","false"
"Specification-ModerateRiskAversion__Cost-1__Fee-American__Starts-50","2","12","1","D","3","10","D Answers","D Liability Signal: 3;P Files: 1","3,1","0.10618020860000001","false","999.6650455923608","999.6650455923608","1","Yes","1","999.6650455923608","0","true"
"Specification-ModerateRiskAversion__Cost-1__Fee-American__Starts-50","2","12","1","D","3","10","D Answers","D Liability Signal: 3;P Files: 1","3,1","0.10618020860000001","false","999.6650455923608","999.6650455923608","2","No","0","998.80797683999992","0.85706875236087399","false"
"Specification-ModerateRiskAversion__Cost-1__Fee-American__Starts-50","2","13","1","D","6","21","D Defaults","D Liability Signal: 3;P Files: 1;D Answers: 1","3,1,1","0.10618020860000001","false","999.6650455923608","999.6650455923608","1","Yes","0","999.22919777711479","0.43584781524600658","false"
"Specification-ModerateRiskAversion__Cost-1__Fee-American__Starts-50","2","13","1","D","6","21","D Defaults","D Liability Signal: 3;P Files: 1;D Answers: 1","3,1,1","0.10618020860000001","false","999.6650455923608","999.6650455923608","2","No","1","999.6650455923608","0","true"
"Specification-ModerateRiskAversion__Cost-1__Fee-American__Starts-50","2","14","1","D","8","15","D Offer","D Liability Signal: 3;P Files: 1;D Answers: 1;D Defaults: 1","3,1,1,1","0","true","","","1","0.05","0.10000000000000001","","",""
"Specification-ModerateRiskAversion__Cost-1__Fee-American__Starts-50","2","14","1","D","8","15","D Offer","D Liability Signal: 3;P Files: 1;D Answers: 1;D Defaults: 1","3,1,1,1","0","true","","","2","0.15","0.10000000000000001","","",""
"Specification-ModerateRiskAversion__Cost-1__Fee-American__Starts-50","2","14","1","D","8","15","D Offer","D Liability Signal: 3;P Files: 1;D Answers: 1;D Defaults: 1","3,1,1,1","0","true","","","3","0.25","0.10000000000000001","","",""
"Specification-ModerateRiskAversion__Cost-1__Fee-American__Starts-50","2","14","1","D","8","15","D Offer","D Liability Signal: 3;P Files: 1;D Answers: 1;D Defaults: 1","3,1,1,1","0","true","","","4","0.35","0.10000000000000001","","",""
"Specification-ModerateRiskAversion__Cost-1__Fee-American__Starts-50","2","14","1","D","8","15","D Offer","D Liability Signal: 3;P Files: 1;D Answers: 1;D Defaults: 1","3,1,1,1","0","true","","","5","0.45","0.10000000000000001","","",""
"Specification-ModerateRiskAversion__Cost-1__Fee-American__Starts-50","2","14","1","D","8","15","D Offer","D Liability Signal: 3;P Files: 1;D Answers: 1;D Defaults: 1","3,1,1,1","0","true","","","6","0.55","0.10000000000000001","","",""
"Specification-ModerateRiskAversion__Cost-1__Fee-American__Starts-50","2","14","1","D","8","15","D Offer","D Liability Signal: 3;P Files: 1;D Answers: 1;D Defaults: 1","3,1,1,1","0","true","","","7","0.65","0.10000000000000001","","",""
"Specification-ModerateRiskAversion__Cost-1__Fee-American__Starts-50","2","14","1","D","8","15","D Offer","D Liability Signal: 3;P Files: 1;D Answers: 1;D Defaults: 1","3,1,1,1","0","true","","","8","0.75","0.10000000000000001","","",""
"Specification-ModerateRiskAversion__Cost-1__Fee-American__Starts-50","2","14","1","D","8","15","D Offer","D Liability Signal: 3;P Files: 1;D Answers: 1;D Defaults: 1","3,1,1,1","0","true","","","9","0.85","0.10000000000000001","","",""
"Specification-ModerateRiskAversion__Cost-1__Fee-American__Starts-50","2","14","1","D","8","15","D Offer","D Liability Signal: 3;P Files: 1;D Answers: 1;D Defaults: 1","3,1,1,1","0","true","","","10","0.95","0.10000000000000001","","",""
"Specification-ModerateRiskAversion__Cost-1__Fee-American__Starts-50","2","15","1","D","8","15","D Offer","D Liability Signal: 3;P Files: 1;D Answers: 1;D Defaults: 2","3,1,1,2","0.10618020860000001","false","999.6650455923608","999.6650455923608","1","0.05","0","999.41901530051484","0.24603029184595471","false"
"Specification-ModerateRiskAversion__Cost-1__Fee-American__Starts-50","2","15","1","D","8","15","D Offer","D Liability Signal: 3;P Files: 1;D Answers: 1;D Defaults: 2","3,1,1,2","0.10618020860000001","false","999.6650455923608","999.6650455923608","2","0.15","0","999.41901530051484","0.24603029184595471","false"
"Specification-ModerateRiskAversion__Cost-1__Fee-American__Starts-50","2","15","1","D","8","15","D Offer","D Liability Signal: 3;P Files: 1;D Answers: 1;D Defaults: 2","3,1,1,2","0.10618020860000001","false","999.6650455923608","999.6650455923608","3","0.25","1","999.6650455923608","0","true"
"Specification-ModerateRiskAversion__Cost-1__Fee-American__Starts-50","2","15","1","D","8","15","D Offer","D Liability Signal: 3;P Files: 1;D Answers: 1;D Defaults: 2","3,1,1,2","0.10618020860000001","false","999.6650455923608","999.6650455923608","4","0.35","0","999.62616879436678","0.038876797994021217","false"
"Specification-ModerateRiskAversion__Cost-1__Fee-American__Starts-50","2","15","1","D","8","15","D Offer","D Liability Signal: 3;P Files: 1;D Answers: 1;D Defaults: 2","3,1,1,2","0.10618020860000001","false","999.6650455923608","999.6650455923608","5","0.45","0","999.58320804920959","0.081837543151209502","false"
"Specification-ModerateRiskAversion__Cost-1__Fee-American__Starts-50","2","15","1","D","8","15","D Offer","D Liability Signal: 3;P Files: 1;D Answers: 1;D Defaults: 2","3,1,1,2","0.10618020860000001","false","999.6650455923608","999.6650455923608","6","0.55","0","999.53572720719217","0.12931838516863081","false"
"Specification-ModerateRiskAversion__Cost-1__Fee-American__Starts-50","2","15","1","D","8","15","D Offer","D Liability Signal: 3;P Files: 1;D Answers: 1;D Defaults: 2","3,1,1,2","0.10618020860000001","false","999.6650455923608","999.6650455923608","7","0.65","0","999.48325046864534","0.18179512371546025","false"
"Specification-ModerateRiskAversion__Cost-1__Fee-American__Starts-50","2","15","1","D","8","15","D Offer","D Liability Signal: 3;P Files: 1;D Answers: 1;D Defaults: 2","3,1,1,2","0.10618020860000001","false","999.6650455923608","999.6650455923608","8","0.75","0","999.42526238392691","0.23978320843389156","false"
"Specification-ModerateRiskAversion__Cost-1__Fee-American__Starts-50","2","15","1","D","8","15","D Offer","D Liability Signal: 3;P Files: 1;D Answers: 1;D Defaults: 2","3,1,1,2","0.10618020860000001","false","999.6650455923608","999.6650455923608","9","0.85","0","999.36168870536267","0.3033568869981309","false"
"Specification-ModerateRiskAversion__Cost-1__Fee-American__Starts-50","2","15","1","D","8","15","D Offer","D Liability Signal: 3;P Files: 1;D Answers: 1;D Defaults: 2","3,1,1,2","0.10618020860000001","false","999.6650455923608","999.6650455923608","10","0.95","0","999.27493194050192","0.3901136518588828","false"
"Specification-ModerateRiskAversion__Cost-1__Fee-American__Starts-50","2","16","1","D","3","10","D Answers","D Liability Signal: 4;P Files: 1","4,1","0.1080961854","false","999.55228108318772","999.55228108318772","1","Yes","1","999.55228108318772","0","true"
"Specification-ModerateRiskAversion__Cost-1__Fee-American__Starts-50","2","16","1","D","3","10","D Answers","D Liability Signal: 4;P Files: 1","4,1","0.1080961854","false","999.55228108318772","999.55228108318772","2","No","0","998.80797684000004","0.74430424318768473","false"
"Specification-ModerateRiskAversion__Cost-1__Fee-American__Starts-50","2","17","1","D","6","21","D Defaults","D Liability Signal: 4;P Files: 1;D Answers: 1","4,1,1","0.1080961854","false","999.55228108318772","999.55228108318772","1","Yes","0","999.15969754578396","0.39258353740376606","false"
"Specification-ModerateRiskAversion__Cost-1__Fee-American__Starts-50","2","17","1","D","6","21","D Defaults","D Liability Signal: 4;P Files: 1;D Answers: 1","4,1,1","0.1080961854","false","999.55228108318772","999.55228108318772","2","No","1","999.55228108318772","0","true"
"Specification-ModerateRiskAversion__Cost-1__Fee-American__Starts-50","2","18","1","D","8","15","D Offer","D Liability Signal: 4;P Files: 1;D Answers: 1;D Defaults: 1","4,1,1,1","0","true","","","1","0.05","0.10000000000000001","","",""
"Specification-ModerateRiskAversion__Cost-1__Fee-American__Starts-50","2","18","1","D","8","15","D Offer","D Liability Signal: 4;P Files: 1;D Answers: 1;D Defaults: 1","4,1,1,1","0","true","","","2","0.15","0.10000000000000001","","",""
"Specification-ModerateRiskAversion__Cost-1__Fee-American__Starts-50","2","18","1","D","8","15","D Offer","D Liability Signal: 4;P Files: 1;D Answers: 1;D Defaults: 1","4,1,1,1","0","true","","","3","0.25","0.10000000000000001","","",""
"Specification-ModerateRiskAversion__Cost-1__Fee-American__Starts-50","2","18","1","D","8","15","D Offer","D Liability Signal: 4;P Files: 1;D Answers: 1;D Defaults: 1","4,1,1,1","0","true","","","4","0.35","0.10000000000000001","","",""
"Specification-ModerateRiskAversion__Cost-1__Fee-American__Starts-50","2","18","1","D","8","15","D Offer","D Liability Signal: 4;P Files: 1;D Answers: 1;D Defaults: 1","4,1,1,1","0","true","","","5","0.45","0.10000000000000001","","",""
"Specification-ModerateRiskAversion__Cost-1__Fee-American__Starts-50","2","18","1","D","8","15","D Offer","D Liability Signal: 4;P Files: 1;D Answers: 1;D Defaults: 1","4,1,1,1","0","true","","","6","0.55","0.10000000000000001","","",""
"Specification-ModerateRiskAversion__Cost-1__Fee-American__Starts-50","2","18","1","D","8","15","D Offer","D Liability Signal: 4;P Files: 1;D Answers: 1;D Defaults: 1","4,1,1,1","0","true","","","7","0.65","0.10000000000000001","","",""
"Specification-ModerateRiskAversion__Cost-1__Fee-American__Starts-50","2","18","1","D","8","15","D Offer","D Liability Signal: 4;P Files: 1;D Answers: 1;D Defaults: 1","4,1,1,1","0","true","","","8","0.75","0.10000000000000001","","",""
"Specification-ModerateRiskAversion__Cost-1__Fee-American__Starts-50","2","18","1","D","8","15","D Offer","D Liability Signal: 4;P Files: 1;D Answers: 1;D Defaults: 1","4,1,1,1","0","true","","","9","0.85","0.10000000000000001","","",""
"Specification-ModerateRiskAversion__Cost-1__Fee-American__Starts-50","2","18","1","D","8","15","D Offer","D Liability Signal: 4;P Files: 1;D Answers: 1;D Defaults: 1","4,1,1,1","0","true","","","10","0.95","0.10000000000000001","","",""
"Specification-ModerateRiskAversion__Cost-1__Fee-American__Starts-50","2","19","1","D","8","15","D Offer","D Liability Signal: 4;P Files: 1;D Answers: 1;D Defaults: 2","4,1,1,2","0.1080961854","false","999.55228108318772","999.55228108318772","1","0.05","0","999.20044480379352","0.35183627939420603","false"
"Specification-ModerateRiskAversion__Cost-1__Fee-American__Starts-50","2","19","1","D","8","15","D Offer","D Liability Signal: 4;P Files: 1;D Answers: 1;D Defaults: 2","4,1,1,2","0.1080961854","false","999.55228108318772","999.55228108318772","2","0.15","0","999.20044480379352","0.35183627939420603","false"
"Specification-ModerateRiskAversion__Cost-1__Fee-American__Starts-50","2","19","1","D","8","15","D Offer","D Liability Signal: 4;P Files: 1;D Answers: 1;D Defaults: 2","4,1,1,2","0.1080961854","false","999.55228108318772","999.55228108318772","3","0.25","1","999.55228108318772","0","true"
"Specification-ModerateRiskAversion__Cost-1__Fee-American__Starts-50","2","19","1","D","8","15","D Offer","D Liability Signal: 4;P Files: 1;D Answers: 1;D Defaults: 2","4,1,1,2","0.1080961854","false","999.55228108318772","999.55228108318772","4","0.35","0","999.51669304812788","0.035588035059845424","false"
"Specification-ModerateRiskAversion__Cost-1__Fee-American__Starts-50","2","19","1","D","8","15","D Offer","D Liability Signal: 4;P Files: 1;D Answers: 1;D Defaults: 2","4,1,1,2","0.1080961854","false","999.55228108318772","999.55228108318772","5","0.45","0","999.47736654533639","0.074914537851327623","false"
"Specification-ModerateRiskAversion__Cost-1__Fee-American__Starts-50","2","19","1","D","8","15","D Offer","D Liability Signal: 4;P Files: 1;D Answers: 1;D Defaults: 2","4,1,1,2","0.1080961854","false","999.55228108318772","999.55228108318772","6","0.55","0","999.43390232097727","0.11837876221045462","false"
"Specification-ModerateRiskAversion__Cost-1__Fee-American__Starts-50","2","19","1","D","8","15","D Offer","D Liability Signal: 4;P Files: 1;D Answers: 1;D Defaults: 2","4,1,1,2","0.1080961854","false","999.55228108318772","999.55228108318772","7","0.65","0","999.38586482541211","0.16641625777560876","false"
"Specification-ModerateRiskAversion__Cost-1__Fee-American__Starts-50","2","19","1","D","8","15","D Offer","D Liability Signal: 4;P Files: 1;D Answers: 1;D Defaults: 2","4,1,1,2","0.1080961854","false","999.55228108318772","999.55228108318772","8","0.75","0","999.33278221319904","0.21949886998868351","false"
"Specification-ModerateRiskAversion__Cost-1__Fee-American__Starts-50","2","19","1","D","8","15","D Offer","D Liability Signal: 4;P Files: 1;D Answers: 1;D Defaults: 2","4,1,1,2","0.1080961854","false","999.55228108318772","999.55228108318772","9","0.85","0","999.31484773200339","0.23743335118433606","false"
"Specification-ModerateRiskAversion__Cost-1__Fee-American__Starts-50","2","19","1","D","8","15","D Offer","D Liability Signal: 4;P Files: 1;D Answers: 1;D Defaults: 2","4,1,1,2","0.1080961854","false","999.55228108318772","999.55228108318772","10","0.95","0","999.22316369253736","0.32911739065036727","false"
"Specification-ModerateRiskAversion__Cost-1__Fee-American__Starts-50","2","20","1","D","3","10","D Answers","D Liability Signal: 5;P Files: 1","5,1","0.10760218790000001","false","999.36292290900587","999.36292290900587","1","Yes","1","999.36292290900587","0","true"
"Specification-ModerateRiskAversion__Cost-1__Fee-American__Starts-50","2","20","1","D","3","10","D Answers","D Liability Signal: 5;P Files: 1","5,1","0.10760218790000001","false","999.36292290900587","999.36292290900587","2","No","0","998.80797684000004","0.55494606900583676","false"
"Specification-ModerateRiskAversion__Cost-1__Fee-American__Starts-50","2","21","1","D","6","21","D Defaults","D Liability Signal: 5;P Files: 1;D Answers: 1","5,1,1","0.10760218790000001","false","999.36292290900587","999.36292290900587","1","Yes","0","999.05908551975654","0.30383738924933823","false"
"Specification-ModerateRiskAversion__Cost-1__Fee-American__Starts-50","2","21","1","D","6","21","D Defaults","D Liability Signal: 5;P Files: 1;D Answers: 1","5,1,1","0.10760218790000001","false","999.36292290900587","999.36292290900587","2","No","1","999.36292290900587","0","true"
"Specification-ModerateRiskAversion__Cost-1__Fee-American__Starts-50","2","22","1","D","8","15","D Offer","D Liability Signal: 5;P Files: 1;D Answers: 1;D Defaults: 1","5,1,1,1","0","true","","","1","0.05","0.10000000000000001","","",""
"Specification-ModerateRiskAversion__Cost-1__Fee-American__Starts-50","2","22","1","D","8","15","D Offer","D Liability Signal: 5;P Files: 1;D Answers: 1;D Defaults: 1","5,1,1,1","0","true","","","2","0.15","0.10000000000000001","","",""
"Specification-ModerateRiskAversion__Cost-1__Fee-American__Starts-50","2","22","1","D","8","15","D Offer","D Liability Signal: 5;P Files: 1;D Answers: 1;D Defaults: 1","5,1,1,1","0","true","","","3","0.25","0.10000000000000001","","",""
"Specification-ModerateRiskAversion__Cost-1__Fee-American__Starts-50","2","22","1","D","8","15","D Offer","D Liability Signal: 5;P Files: 1;D Answers: 1;D Defaults: 1","5,1,1,1","0","true","","","4","0.35","0.10000000000000001","","",""
"Specification-ModerateRiskAversion__Cost-1__Fee-American__Starts-50","2","22","1","D","8","15","D Offer","D Liability Signal: 5;P Files: 1;D Answers: 1;D Defaults: 1","5,1,1,1","0","true","","","5","0.45","0.10000000000000001","","",""
"Specification-ModerateRiskAversion__Cost-1__Fee-American__Starts-50","2","22","1","D","8","15","D Offer","D Liability Signal: 5;P Files: 1;D Answers: 1;D Defaults: 1","5,1,1,1","0","true","","","6","0.55","0.10000000000000001","","",""
"Specification-ModerateRiskAversion__Cost-1__Fee-American__Starts-50","2","22","1","D","8","15","D Offer","D Liability Signal: 5;P Files: 1;D Answers: 1;D Defaults: 1","5,1,1,1","0","true","","","7","0.65","0.10000000000000001","","",""
"Specification-ModerateRiskAversion__Cost-1__Fee-American__Starts-50","2","22","1","D","8","15","D Offer","D Liability Signal: 5;P Files: 1;D Answers: 1;D Defaults: 1","5,1,1,1","0","true","","","8","0.75","0.10000000000000001","","",""
"Specification-ModerateRiskAversion__Cost-1__Fee-American__Starts-50","2","22","1","D","8","15","D Offer","D Liability Signal: 5;P Files: 1;D Answers: 1;D Defaults: 1","5,1,1,1","0","true","","","9","0.85","0.10000000000000001","","",""
"Specification-ModerateRiskAversion__Cost-1__Fee-American__Starts-50","2","22","1","D","8","15","D Offer","D Liability Signal: 5;P Files: 1;D Answers: 1;D Defaults: 1","5,1,1,1","0","true","","","10","0.95","0.10000000000000001","","",""
"Specification-ModerateRiskAversion__Cost-1__Fee-American__Starts-50","2","23","1","D","8","15","D Offer","D Liability Signal: 5;P Files: 1;D Answers: 1;D Defaults: 2","5,1,1,2","0.10760218790000001","false","999.36292290900587","999.36292290900587","1","0.05","0","998.91635575170847","0.44656715729740881","false"
"Specification-ModerateRiskAversion__Cost-1__Fee-American__Starts-50","2","23","1","D","8","15","D Offer","D Liability Signal: 5;P Files: 1;D Answers: 1;D Defaults: 2","5,1,1,2","0.10760218790000001","false","999.36292290900587","999.36292290900587","2","0.15","0","998.91635575170847","0.44656715729740881","false"
"Specification-ModerateRiskAversion__Cost-1__Fee-American__Starts-50","2","23","1","D","8","15","D Offer","D Liability Signal: 5;P Files: 1;D Answers: 1;D Defaults: 2","5,1,1,2","0.10760218790000001","false","999.36292290900587","999.36292290900587","3","0.25","1","999.36292290900587","0","true"
"Specification-ModerateRiskAversion__Cost-1__Fee-American__Starts-50","2","23","1","D","8","15","D Offer","D Liability Signal: 5;P Files: 1;D Answers: 1;D Defaults: 2","5,1,1,2","0.10760218790000001","false","999.36292290900587","999.36292290900587","4","0.35","0","999.33209585237194","0.03082705663393881","false"
"Specification-ModerateRiskAversion__Cost-1__Fee-American__Starts-50","2","23","1","D","8","15","D Offer","D Liability Signal: 5;P Files: 1;D Answers: 1;D Defaults: 2","5,1,1,2","0.10760218790000001","false","999.36292290900587","999.36292290900587","5","0.45","0","999.29803046138466","0.064892447621218707","false"
"Specification-ModerateRiskAversion__Cost-1__Fee-American__Starts-50","2","23","1","D","8","15","D Offer","D Liability Signal: 5;P Files: 1;D Answers: 1;D Defaults: 2","5,1,1,2","0.10760218790000001","false","999.36292290900587","999.36292290900587","6","0.55","0","999.2603808945114","0.10254201449447464","false"
"Specification-ModerateRiskAversion__Cost-1__Fee-American__Starts-50","2","23","1","D","8","15","D Offer","D Liability Signal: 5;P Files: 1;D Answers: 1;D Defaults: 2","5,1,1,2","0.10760218790000001","false","999.36292290900587","999.36292290900587","7","0.65","0","999.21876987008","0.14415303892587872","false"
"Specification-ModerateRiskAversion__Cost-1__Fee-American__Starts-50","2","23","1","D","8","15","D Offer","D Liability Signal: 5;P Files: 1;D Answers: 1;D Defaults: 2","5,1,1,2","0.10760218790000001","false","999.36292290900587","999.36292290900587","8","0.75","0","999.17278866627862","0.19013424272725388","false"
"Specification-ModerateRiskAversion__Cost-1__Fee-American__Starts-50","2","23","1","D","8","15","D Offer","D Liability Signal: 5;P Files: 1;D Answers: 1;D Defaults: 2","5,1,1,2","0.10760218790000001","false","999.36292290900587","999.36292290900587","9","0.85","0","999.24703838604182","0.11588452296405194","false"
"Specification-ModerateRiskAversion__Cost-1__Fee-American__Starts-50","2","23","1","D","8","15","D Offer","D Liability Signal: 5;P Files: 1;D Answers: 1;D Defaults: 2","5,1,1,2","0.10760218790000001","false","999.36292290900587","999.36292290900587","10","0.95","0","999.14822137634883","0.21470153265704539","false"
"Specification-ModerateRiskAversion__Cost-1__Fee-American__Starts-50","2","24","1","D","3","10","D Answers","D Liability Signal: 6;P Files: 1","6,1","0.10760135250000001","false","999.16410064393267","999.16410064393267","1","Yes","1","999.16410064393267","0","true"
"Specification-ModerateRiskAversion__Cost-1__Fee-American__Starts-50","2","24","1","D","3","10","D Answers","D Liability Signal: 6;P Files: 1","6,1","0.10760135250000001","false","999.16410064393267","999.16410064393267","2","No","0","998.80797684000004","0.35612380393263265","false"
"Specification-ModerateRiskAversion__Cost-1__Fee-American__Starts-50","2","25","1","D","6","21","D Defaults","D Liability Signal: 6;P Files: 1;D Answers: 1","6,1,1","0.10760135250000001","false","999.16410064393267","999.16410064393267","1","Yes","0","998.93602675625834","0.22807388767432712","false"
"Specification-ModerateRiskAversion__Cost-1__Fee-American__Starts-50","2","25","1","D","6","21","D Defaults","D Liability Signal: 6;P Files: 1;D Answers: 1","6,1,1","0.10760135250000001","false","999.16410064393267","999.16410064393267","2","No","1","999.16410064393267","0","true"
"Specification-ModerateRiskAversion__Cost-1__Fee-American__Starts-50","2","26","1","D","8","15","D Offer","D Liability Signal: 6;P Files: 1;D Answers: 1;D Defaults: 1","6,1,1,1","0","true","","","1","0.05","0.10000000000000001","","",""
"Specification-ModerateRiskAversion__Cost-1__Fee-American__Starts-50","2","26","1","D","8","15","D Offer","D Liability Signal: 6;P Files: 1;D Answers: 1;D Defaults: 1","6,1,1,1","0","true","","","2","0.15","0.10000000000000001","","",""
"Specification-ModerateRiskAversion__Cost-1__Fee-American__Starts-50","2","26","1","D","8","15","D Offer","D Liability Signal: 6;P Files: 1;D Answers: 1;D Defaults: 1","6,1,1,1","0","true","","","3","0.25","0.10000000000000001","","",""
"Specification-ModerateRiskAversion__Cost-1__Fee-American__Starts-50","2","26","1","D","8","15","D Offer","D Liability Signal: 6;P Files: 1;D Answers: 1;D Defaults: 1","6,1,1,1","0","true","","","4","0.35","0.10000000000000001","","",""
"Specification-ModerateRiskAversion__Cost-1__Fee-American__Starts-50","2","26","1","D","8","15","D Offer","D Liability Signal: 6;P Files: 1;D Answers: 1;D Defaults: 1","6,1,1,1","0","true","","","5","0.45","0.10000000000000001","","",""
"Specification-ModerateRiskAversion__Cost-1__Fee-American__Starts-50","2","26","1","D","8","15","D Offer","D Liability Signal: 6;P Files: 1;D Answers: 1;D Defaults: 1","6,1,1,1","0","true","","","6","0.55","0.10000000000000001","","",""
"Specification-ModerateRiskAversion__Cost-1__Fee-American__Starts-50","2","26","1","D","8","15","D Offer","D Liability Signal: 6;P Files: 1;D Answers: 1;D Defaults: 1","6,1,1,1","0","true","","","7","0.65","0.10000000000000001","","",""
"Specification-ModerateRiskAversion__Cost-1__Fee-American__Starts-50","2","26","1","D","8","15","D Offer","D Liability Signal: 6;P Files: 1;D Answers: 1;D Defaults: 1","6,1,1,1","0","true","","","8","0.75","0.10000000000000001","","",""
"Specification-ModerateRiskAversion__Cost-1__Fee-American__Starts-50","2","26","1","D","8","15","D Offer","D Liability Signal: 6;P Files: 1;D Answers: 1;D Defaults: 1","6,1,1,1","0","true","","","9","0.85","0.10000000000000001","","",""
"Specification-ModerateRiskAversion__Cost-1__Fee-American__Starts-50","2","26","1","D","8","15","D Offer","D Liability Signal: 6;P Files: 1;D Answers: 1;D Defaults: 1","6,1,1,1","0","true","","","10","0.95","0.10000000000000001","","",""
"Specification-ModerateRiskAversion__Cost-1__Fee-American__Starts-50","2","27","1","D","8","15","D Offer","D Liability Signal: 6;P Files: 1;D Answers: 1;D Defaults: 2","6,1,1,2","0.10760135250000001","false","999.16410064393267","999.16410064393267","1","0.05","0","998.60487783042868","0.55922281350399317","false"
"Specification-ModerateRiskAversion__Cost-1__Fee-American__Starts-50","2","27","1","D","8","15","D Offer","D Liability Signal: 6;P Files: 1;D Answers: 1;D Defaults: 2","6,1,1,2","0.10760135250000001","false","999.16410064393267","999.16410064393267","2","0.15","0","998.60487783042868","0.55922281350399317","false"
"Specification-ModerateRiskAversion__Cost-1__Fee-American__Starts-50","2","27","1","D","8","15","D Offer","D Liability Signal: 6;P Files: 1;D Answers: 1;D Defaults: 2","6,1,1,2","0.10760135250000001","false","999.16410064393267","999.16410064393267","3","0.25","0","999.10040866003385","0.063691983898820581","false"
"Specification-ModerateRiskAversion__Cost-1__Fee-American__Starts-50","2","27","1","D","8","15","D Offer","D Liability Signal: 6;P Files: 1;D Answers: 1;D Defaults: 2","6,1,1,2","0.10760135250000001","false","999.16410064393267","999.16410064393267","4","0.35","0","999.0754047653146","0.088695878618068491","false"
"Specification-ModerateRiskAversion__Cost-1__Fee-American__Starts-50","2","27","1","D","8","15","D Offer","D Liability Signal: 6;P Files: 1;D Answers: 1;D Defaults: 2","6,1,1,2","0.10760135250000001","false","999.16410064393267","999.16410064393267","5","0.45","0","999.0477742503441","0.11632639358856522","false"
"Specification-ModerateRiskAversion__Cost-1__Fee-American__Starts-50","2","27","1","D","8","15","D Offer","D Liability Signal: 6;P Files: 1;D Answers: 1;D Defaults: 2","6,1,1,2","0.10760135250000001","false","999.16410064393267","999.16410064393267","6","0.55","0","999.01723660228038","0.14686404165229305","false"
"Specification-ModerateRiskAversion__Cost-1__Fee-American__Starts-50","2","27","1","D","8","15","D Offer","D Liability Signal: 6;P Files: 1;D Answers: 1;D Defaults: 2","6,1,1,2","0.10760135250000001","false","999.16410064393267","999.16410064393267","7","0.65","0","998.98348580711354","0.1806148368191316","false"
"Specification-ModerateRiskAversion__Cost-1__Fee-American__Starts-50","2","27","1","D","8","15","D Offer","D Liability Signal: 6;P Files: 1;D Answers: 1;D Defaults: 2","6,1,1,2","0.10760135250000001","false","999.16410064393267","999.16410064393267","8","0.75","0","998.94619034966627","0.21791029426640307","false"
"Specification-ModerateRiskAversion__Cost-1__Fee-American__Starts-50","2","27","1","D","8","15","D Offer","D Liability Signal: 6;P Files: 1;D Answers: 1;D Defaults: 2","6,1,1,2","0.10760135250000001","false","999.16410064393267","999.16410064393267","9","0.85","1","999.16410064393267","0","true"
"Specification-ModerateRiskAversion__Cost-1__Fee-American__Starts-50","2","27","1","D","8","15","D Offer","D Liability Signal: 6;P Files: 1;D Answers: 1;D Defaults: 2","6,1,1,2","0.10760135250000001","false","999.16410064393267","999.16410064393267","10","0.95","0","999.05655928456861","0.10754135936406328","false"
"Specification-ModerateRiskAversion__Cost-1__Fee-American__Starts-50","2","28","1","D","3","10","D Answers","D Liability Signal: 7;P Files: 1","7,1","0.1080937146","false","999.07982957262539","999.07982957262539","1","Yes","1","999.07982957262539","0","true"
"Specification-ModerateRiskAversion__Cost-1__Fee-American__Starts-50","2","28","1","D","3","10","D Answers","D Liability Signal: 7;P Files: 1","7,1","0.1080937146","false","999.07982957262539","999.07982957262539","2","No","0","998.80797684000004","0.27185273262534793","false"
"Specification-ModerateRiskAversion__Cost-1__Fee-American__Starts-50","2","29","1","D","6","21","D Defaults","D Liability Signal: 7;P Files: 1;D Answers: 1","7,1,1","0.1080937146","false","999.07982957262539","999.07982957262539","1","Yes","0","998.81098966735215","0.26883990527323931","false"
"Specification-ModerateRiskAversion__Cost-1__Fee-American__Starts-50","2","29","1","D","6","21","D Defaults","D Liability Signal: 7;P Files: 1;D Answers: 1","7,1,1","0.1080937146","false","999.07982957262539","999.07982957262539","2","No","1","999.07982957262539","0","true"
"Specification-ModerateRiskAversion__Cost-1__Fee-American__Starts-50","2","30","1","D","8","15","D Offer","D Liability Signal: 7;P Files: 1;D Answers: 1;D Defaults: 1","7,1,1,1","0","true","","","1","0.05","0.10000000000000001","","",""
"Specification-ModerateRiskAversion__Cost-1__Fee-American__Starts-50","2","30","1","D","8","15","D Offer","D Liability Signal: 7;P Files: 1;D Answers: 1;D Defaults: 1","7,1,1,1","0","true","","","2","0.15","0.10000000000000001","","",""
"Specification-ModerateRiskAversion__Cost-1__Fee-American__Starts-50","2","30","1","D","8","15","D Offer","D Liability Signal: 7;P Files: 1;D Answers: 1;D Defaults: 1","7,1,1,1","0","true","","","3","0.25","0.10000000000000001","","",""
"Specification-ModerateRiskAversion__Cost-1__Fee-American__Starts-50","2","30","1","D","8","15","D Offer","D Liability Signal: 7;P Files: 1;D Answers: 1;D Defaults: 1","7,1,1,1","0","true","","","4","0.35","0.10000000000000001","","",""
"Specification-ModerateRiskAversion__Cost-1__Fee-American__Starts-50","2","30","1","D","8","15","D Offer","D Liability Signal: 7;P Files: 1;D Answers: 1;D Defaults: 1","7,1,1,1","0","true","","","5","0.45","0.10000000000000001","","",""
"Specification-ModerateRiskAversion__Cost-1__Fee-American__Starts-50","2","30","1","D","8","15","D Offer","D Liability Signal: 7;P Files: 1;D Answers: 1;D Defaults: 1","7,1,1,1","0","true","","","6","0.55","0.10000000000000001","","",""
"Specification-ModerateRiskAversion__Cost-1__Fee-American__Starts-50","2","30","1","D","8","15","D Offer","D Liability Signal: 7;P Files: 1;D Answers: 1;D Defaults: 1","7,1,1,1","0","true","","","7","0.65","0.10000000000000001","","",""
"Specification-ModerateRiskAversion__Cost-1__Fee-American__Starts-50","2","30","1","D","8","15","D Offer","D Liability Signal: 7;P Files: 1;D Answers: 1;D Defaults: 1","7,1,1,1","0","true","","","8","0.75","0.10000000000000001","","",""
"Specification-ModerateRiskAversion__Cost-1__Fee-American__Starts-50","2","30","1","D","8","15","D Offer","D Liability Signal: 7;P Files: 1;D Answers: 1;D Defaults: 1","7,1,1,1","0","true","","","9","0.85","0.10000000000000001","","",""
"Specification-ModerateRiskAversion__Cost-1__Fee-American__Starts-50","2","30","1","D","8","15","D Offer","D Liability Signal: 7;P Files: 1;D Answers: 1;D Defaults: 1","7,1,1,1","0","true","","","10","0.95","0.10000000000000001","","",""
"Specification-ModerateRiskAversion__Cost-1__Fee-American__Starts-50","2","31","1","D","8","15","D Offer","D Liability Signal: 7;P Files: 1;D Answers: 1;D Defaults: 2","7,1,1,2","0.1080937146","false","999.07982957262539","999.07982957262539","1","0.05","0","998.32078293687164","0.75904663575374798","false"
"Specification-ModerateRiskAversion__Cost-1__Fee-American__Starts-50","2","31","1","D","8","15","D Offer","D Liability Signal: 7;P Files: 1;D Answers: 1;D Defaults: 2","7,1,1,2","0.1080937146","false","999.07982957262539","999.07982957262539","2","0.15","0","998.32078293687164","0.75904663575374798","false"
"Specification-ModerateRiskAversion__Cost-1__Fee-American__Starts-50","2","31","1","D","8","15","D Offer","D Liability Signal: 7;P Files: 1;D Answers: 1;D Defaults: 2","7,1,1,2","0.1080937146","false","999.07982957262539","999.07982957262539","3","0.25","0","998.80514246452458","0.27468710810080665","false"
"Specification-ModerateRiskAversion__Cost-1__Fee-American__Starts-50","2","31","1","D","8","15","D Offer","D Liability Signal: 7;P Files: 1;D Answers: 1;D Defaults: 2","7,1,1,2","0.1080937146","false","999.07982957262539","999.07982957262539","4","0.35","0","998.7860553464194","0.29377422620598281","false"
"Specification-ModerateRiskAversion__Cost-1__Fee-American__Starts-50","2","31","1","D","8","15","D Offer","D Liability Signal: 7;P Files: 1;D Answers: 1;D Defaults: 2","7,1,1,2","0.1080937146","false","999.07982957262539","999.07982957262539","5","0.45","0","998.76496315624388","0.31486641638150559","false"
"Specification-ModerateRiskAversion__Cost-1__Fee-American__Starts-50","2","31","1","D","8","15","D Offer","D Liability Signal: 7;P Files: 1;D Answers: 1;D Defaults: 2","7,1,1,2","0.1080937146","false","999.07982957262539","999.07982957262539","6","0.55","0","998.74165176008785","0.33817781253753765","false"
"Specification-ModerateRiskAversion__Cost-1__Fee-American__Starts-50","2","31","1","D","8","15","D Offer","D Liability Signal: 7;P Files: 1;D Answers: 1;D Defaults: 2","7,1,1,2","0.1080937146","false","999.07982957262539","999.07982957262539","7","0.65","0","998.71588755732159","0.36394201530379178","false"
"Specification-ModerateRiskAversion__Cost-1__Fee-American__Starts-50","2","31","1","D","8","15","D Offer","D Liability Signal: 7;P Files: 1;D Answers: 1;D Defaults: 2","7,1,1,2","0.1080937146","false","999.07982957262539","999.07982957262539","8","0.75","0","998.68741748059665","0.39241209202873506","false"
"Specification-ModerateRiskAversion__Cost-1__Fee-American__Starts-50","2","31","1","D","8","15","D Offer","D Liability Signal: 7;P Files: 1;D Answers: 1;D Defaults: 2","7,1,1,2","0.1080937146","false","999.07982957262539","999.07982957262539","9","0.85","1","999.07982957262539","0","true"
"Specification-ModerateRiskAversion__Cost-1__Fee-American__Starts-50","2","31","1","D","8","15","D Offer","D Liability Signal: 7;P Files: 1;D Answers: 1;D Defaults: 2","7,1,1,2","0.1080937146","false","999.07982957262539","999.07982957262539","10","0.95","0","998.96342360862491","0.11640596400047798","false"
"Specification-ModerateRiskAversion__Cost-1__Fee-American__Starts-50","2","32","1","D","3","10","D Answers","D Liability Signal: 8;P Files: 1","8,1","0.10617632220000001","false","999.00794265593242","999.00794265593242","1","Yes","1","999.00794265593242","0","true"
"Specification-ModerateRiskAversion__Cost-1__Fee-American__Starts-50","2","32","1","D","3","10","D Answers","D Liability Signal: 8;P Files: 1","8,1","0.10617632220000001","false","999.00794265593242","999.00794265593242","2","No","0","998.80797683999992","0.19996581593250085","false"
"Specification-ModerateRiskAversion__Cost-1__Fee-American__Starts-50","2","33","1","D","6","21","D Defaults","D Liability Signal: 8;P Files: 1;D Answers: 1","8,1,1","0.10617632220000001","false","999.00794265593242","999.00794265593242","1","Yes","0","998.70432755122761","0.3036151047048179","false"
"Specification-ModerateRiskAversion__Cost-1__Fee-American__Starts-50","2","33","1","D","6","21","D Defaults","D Liability Signal: 8;P Files: 1;D Answers: 1","8,1,1","0.10617632220000001","false","999.00794265593242","999.00794265593242","2","No","1","999.00794265593242","0","true"
"Specification-ModerateRiskAversion__Cost-1__Fee-American__Starts-50","2","34","1","D","8","15","D Offer","D Liability Signal: 8;P Files: 1;D Answers: 1;D Defaults: 1","8,1,1,1","0","true","","","1","0.05","0.10000000000000001","","",""
"Specification-ModerateRiskAversion__Cost-1__Fee-American__Starts-50","2","34","1","D","8","15","D Offer","D Liability Signal: 8;P Files: 1;D Answers: 1;D Defaults: 1","8,1,1,1","0","true","","","2","0.15","0.10000000000000001","","",""
"Specification-ModerateRiskAversion__Cost-1__Fee-American__Starts-50","2","34","1","D","8","15","D Offer","D Liability Signal: 8;P Files: 1;D Answers: 1;D Defaults: 1","8,1,1,1","0","true","","","3","0.25","0.10000000000000001","","",""
"Specification-ModerateRiskAversion__Cost-1__Fee-American__Starts-50","2","34","1","D","8","15","D Offer","D Liability Signal: 8;P Files: 1;D Answers: 1;D Defaults: 1","8,1,1,1","0","true","","","4","0.35","0.10000000000000001","","",""
"Specification-ModerateRiskAversion__Cost-1__Fee-American__Starts-50","2","34","1","D","8","15","D Offer","D Liability Signal: 8;P Files: 1;D Answers: 1;D Defaults: 1","8,1,1,1","0","true","","","5","0.45","0.10000000000000001","","",""
"Specification-ModerateRiskAversion__Cost-1__Fee-American__Starts-50","2","34","1","D","8","15","D Offer","D Liability Signal: 8;P Files: 1;D Answers: 1;D Defaults: 1","8,1,1,1","0","true","","","6","0.55","0.10000000000000001","","",""
"Specification-ModerateRiskAversion__Cost-1__Fee-American__Starts-50","2","34","1","D","8","15","D Offer","D Liability Signal: 8;P Files: 1;D Answers: 1;D Defaults: 1","8,1,1,1","0","true","","","7","0.65","0.10000000000000001","","",""
"Specification-ModerateRiskAversion__Cost-1__Fee-American__Starts-50","2","34","1","D","8","15","D Offer","D Liability Signal: 8;P Files: 1;D Answers: 1;D Defaults: 1","8,1,1,1","0","true","","","8","0.75","0.10000000000000001","","",""
"Specification-ModerateRiskAversion__Cost-1__Fee-American__Starts-50","2","34","1","D","8","15","D Offer","D Liability Signal: 8;P Files: 1;D Answers: 1;D Defaults: 1","8,1,1,1","0","true","","","9","0.85","0.10000000000000001","","",""
"Specification-ModerateRiskAversion__Cost-1__Fee-American__Starts-50","2","34","1","D","8","15","D Offer","D Liability Signal: 8;P Files: 1;D Answers: 1;D Defaults: 1","8,1,1,1","0","true","","","10","0.95","0.10000000000000001","","",""
"Specification-ModerateRiskAversion__Cost-1__Fee-American__Starts-50","2","35","1","D","8","15","D Offer","D Liability Signal: 8;P Files: 1;D Answers: 1;D Defaults: 2","8,1,1,2","0.10617632220000001","false","999.00794265593242","999.00794265593242","1","0.05","0","998.10220523863029","0.90573741730213442","false"
"Specification-ModerateRiskAversion__Cost-1__Fee-American__Starts-50","2","35","1","D","8","15","D Offer","D Liability Signal: 8;P Files: 1;D Answers: 1;D Defaults: 2","8,1,1,2","0.10617632220000001","false","999.00794265593242","999.00794265593242","2","0.15","0","998.10220523863029","0.90573741730213442","false"
"Specification-ModerateRiskAversion__Cost-1__Fee-American__Starts-50","2","35","1","D","8","15","D Offer","D Liability Signal: 8;P Files: 1;D Answers: 1;D Defaults: 2","8,1,1,2","0.10617632220000001","false","999.00794265593242","999.00794265593242","3","0.25","0","998.53237531355296","0.4755673423794633","false"
"Specification-ModerateRiskAversion__Cost-1__Fee-American__Starts-50","2","35","1","D","8","15","D Offer","D Liability Signal: 8;P Files: 1;D Answers: 1;D Defaults: 2","8,1,1,2","0.10617632220000001","false","999.00794265593242","999.00794265593242","4","0.35","0","998.51833546518026","0.4896071907521673","false"
"Specification-ModerateRiskAversion__Cost-1__Fee-American__Starts-50","2","35","1","D","8","15","D Offer","D Liability Signal: 8;P Files: 1;D Answers: 1;D Defaults: 2","8,1,1,2","0.10617632220000001","false","999.00794265593242","999.00794265593242","5","0.45","0","998.50282075257292","0.50512190335950891","false"
"Specification-ModerateRiskAversion__Cost-1__Fee-American__Starts-50","2","35","1","D","8","15","D Offer","D Liability Signal: 8;P Files: 1;D Answers: 1;D Defaults: 2","8,1,1,2","0.10617632220000001","false","999.00794265593242","999.00794265593242","6","0.55","0","998.48567366595785","0.52226898997457738","false"
"Specification-ModerateRiskAversion__Cost-1__Fee-American__Starts-50","2","35","1","D","8","15","D Offer","D Liability Signal: 8;P Files: 1;D Answers: 1;D Defaults: 2","8,1,1,2","0.10617632220000001","false","999.00794265593242","999.00794265593242","7","0.65","0","998.46672237649227","0.54122027944015372","false"
"Specification-ModerateRiskAversion__Cost-1__Fee-American__Starts-50","2","35","1","D","8","15","D Offer","D Liability Signal: 8;P Files: 1;D Answers: 1;D Defaults: 2","8,1,1,2","0.10617632220000001","false","999.00794265593242","999.00794265593242","8","0.75","0","998.44578073626303","0.56216191966939277","false"
"Specification-ModerateRiskAversion__Cost-1__Fee-American__Starts-50","2","35","1","D","8","15","D Offer","D Liability Signal: 8;P Files: 1;D Answers: 1;D Defaults: 2","8,1,1,2","0.10617632220000001","false","999.00794265593242","999.00794265593242","9","0.85","1","999.00794265593242","0","true"
"Specification-ModerateRiskAversion__Cost-1__Fee-American__Starts-50","2","35","1","D","8","15","D Offer","D Liability Signal: 8;P Files: 1;D Answers: 1;D Defaults: 2","8,1,1,2","0.10617632220000001","false","999.00794265593242","999.00794265593242","10","0.95","0","998.88397479571836","0.12396786021406569","false"
"Specification-ModerateRiskAversion__Cost-1__Fee-American__Starts-50","2","36","1","D","3","10","D Answers","D Liability Signal: 9;P Files: 1","9,1","0.097673550799999995","false","998.95453242594886","998.95453242594886","1","Yes","1","998.95453242594886","0","true"
"Specification-ModerateRiskAversion__Cost-1__Fee-American__Starts-50","2","36","1","D","3","10","D Answers","D Liability Signal: 9;P Files: 1","9,1","0.097673550799999995","false","998.95453242594886","998.95453242594886","2","No","0","998.80797684000004","0.14655558594881768","false"
"Specification-ModerateRiskAversion__Cost-1__Fee-American__Starts-50","2","37","1","D","6","21","D Defaults","D Liability Signal: 9;P Files: 1;D Answers: 1","9,1,1","0.097673550799999995","false","998.95453242594886","998.95453242594886","1","Yes","0","998.6250801942","0.32945223174885996","false"
"Specification-ModerateRiskAversion__Cost-1__Fee-American__Starts-50","2","37","1","D","6","21","D Defaults","D Liability Signal: 9;P Files: 1;D Answers: 1","9,1,1","0.097673550799999995","false","998.95453242594886","998.95453242594886","2","No","1","998.95453242594886","0","true"
"Specification-ModerateRiskAversion__Cost-1__Fee-American__Starts-50","2","38","1","D","8","15","D Offer","D Liability Signal: 9;P Files: 1;D Answers: 1;D Defaults: 1","9,1,1,1","0","true","","","1","0.05","0.10000000000000001","","",""
"Specification-ModerateRiskAversion__Cost-1__Fee-American__Starts-50","2","38","1","D","8","15","D Offer","D Liability Signal: 9;P Files: 1;D Answers: 1;D Defaults: 1","9,1,1,1","0","true","","","2","0.15","0.10000000000000001","","",""
"Specification-ModerateRiskAversion__Cost-1__Fee-American__Starts-50","2","38","1","D","8","15","D Offer","D Liability Signal: 9;P Files: 1;D Answers: 1;D Defaults: 1","9,1,1,1","0","true","","","3","0.25","0.10000000000000001","","",""
"Specification-ModerateRiskAversion__Cost-1__Fee-American__Starts-50","2","38","1","D","8","15","D Offer","D Liability Signal: 9;P Files: 1;D Answers: 1;D Defaults: 1","9,1,1,1","0","true","","","4","0.35","0.10000000000000001","","",""
"Specification-ModerateRiskAversion__Cost-1__Fee-American__Starts-50","2","38","1","D","8","15","D Offer","D Liability Signal: 9;P Files: 1;D Answers: 1;D Defaults: 1","9,1,1,1","0","true","","","5","0.45","0.10000000000000001","","",""
"Specification-ModerateRiskAversion__Cost-1__Fee-American__Starts-50","2","38","1","D","8","15","D Offer","D Liability Signal: 9;P Files: 1;D Answers: 1;D Defaults: 1","9,1,1,1","0","true","","","6","0.55","0.10000000000000001","","",""
"Specification-ModerateRiskAversion__Cost-1__Fee-American__Starts-50","2","38","1","D","8","15","D Offer","D Liability Signal: 9;P Files: 1;D Answers: 1;D Defaults: 1","9,1,1,1","0","true","","","7","0.65","0.10000000000000001","","",""
"Specification-ModerateRiskAversion__Cost-1__Fee-American__Starts-50","2","38","1","D","8","15","D Offer","D Liability Signal: 9;P Files: 1;D Answers: 1;D Defaults: 1","9,1,1,1","0","true","","","8","0.75","0.10000000000000001","","",""
"Specification-ModerateRiskAversion__Cost-1__Fee-American__Starts-50","2","38","1","D","8","15","D Offer","D Liability Signal: 9;P Files: 1;D Answers: 1;D Defaults: 1","9,1,1,1","0","true","","","9","0.85","0.10000000000000001","","",""
"Specification-ModerateRiskAversion__Cost-1__Fee-American__Starts-50","2","38","1","D","8","15","D Offer","D Liability Signal: 9;P Files: 1;D Answers: 1;D Defaults: 1","9,1,1,1","0","true","","","10","0.95","0.10000000000000001","","",""
"Specification-ModerateRiskAversion__Cost-1__Fee-American__Starts-50","2","39","1","D","8","15","D Offer","D Liability Signal: 9;P Files: 1;D Answers: 1;D Defaults: 2","9,1,1,2","0.097673550799999995","false","998.95453242594886","998.95453242594886","1","0.05","0","997.95483689252819","0.9996955334206632","false"
"Specification-ModerateRiskAversion__Cost-1__Fee-American__Starts-50","2","39","1","D","8","15","D Offer","D Liability Signal: 9;P Files: 1;D Answers: 1;D Defaults: 2","9,1,1,2","0.097673550799999995","false","998.95453242594886","998.95453242594886","2","0.15","0","997.95483689252819","0.9996955334206632","false"
"Specification-ModerateRiskAversion__Cost-1__Fee-American__Starts-50","2","39","1","D","8","15","D Offer","D Liability Signal: 9;P Files: 1;D Answers: 1;D Defaults: 2","9,1,1,2","0.097673550799999995","false","998.95453242594886","998.95453242594886","3","0.25","0","998.31703435933503","0.63749806661382991","false"
"Specification-ModerateRiskAversion__Cost-1__Fee-American__Starts-50","2","39","1","D","8","15","D Offer","D Liability Signal: 9;P Files: 1;D Answers: 1;D Defaults: 2","9,1,1,2","0.097673550799999995","false","998.95453242594886","998.95453242594886","4","0.35","0","998.30674450956576","0.64778791638309485","false"
"Specification-ModerateRiskAversion__Cost-1__Fee-American__Starts-50","2","39","1","D","8","15","D Offer","D Liability Signal: 9;P Files: 1;D Answers: 1;D Defaults: 2","9,1,1,2","0.097673550799999995","false","998.95453242594886","998.95453242594886","5","0.45","0","998.29537372708285","0.65915869886600831","false"
"Specification-ModerateRiskAversion__Cost-1__Fee-American__Starts-50","2","39","1","D","8","15","D Offer","D Liability Signal: 9;P Files: 1;D Answers: 1;D Defaults: 2","9,1,1,2","0.097673550799999995","false","998.95453242594886","998.95453242594886","6","0.55","0","998.28280657246978","0.67172585347907443","false"
"Specification-ModerateRiskAversion__Cost-1__Fee-American__Starts-50","2","39","1","D","8","15","D Offer","D Liability Signal: 9;P Files: 1;D Answers: 1;D Defaults: 2","9,1,1,2","0.097673550799999995","false","998.95453242594886","998.95453242594886","7","0.65","0","998.26891711181781","0.68561531413104149","false"
"Specification-ModerateRiskAversion__Cost-1__Fee-American__Starts-50","2","39","1","D","8","15","D Offer","D Liability Signal: 9;P Files: 1;D Answers: 1;D Defaults: 2","9,1,1,2","0.097673550799999995","false","998.95453242594886","998.95453242594886","8","0.75","0","998.25356891672664","0.70096350922221973","false"
"Specification-ModerateRiskAversion__Cost-1__Fee-American__Starts-50","2","39","1","D","8","15","D Offer","D Liability Signal: 9;P Files: 1;D Answers: 1;D Defaults: 2","9,1,1,2","0.097673550799999995","false","998.95453242594886","998.95453242594886","9","0.85","1","998.95453242594886","0","true"
"Specification-ModerateRiskAversion__Cost-1__Fee-American__Starts-50","2","39","1","D","8","15","D Offer","D Liability Signal: 9;P Files: 1;D Answers: 1;D Defaults: 2","9,1,1,2","0.097673550799999995","false","998.95453242594886","998.95453242594886","10","0.95","0","998.82494626084076","0.12958616510809406","false"
"Specification-ModerateRiskAversion__Cost-1__Fee-American__Starts-50","2","40","1","D","3","10","D Answers","D Liability Signal: 10;P Files: 1","10,1","0.080447596799999993","false","998.9182428529823","998.9182428529823","1","Yes","1","998.9182428529823","0","true"
"Specification-ModerateRiskAversion__Cost-1__Fee-American__Starts-50","2","40","1","D","3","10","D Answers","D Liability Signal: 10;P Files: 1","10,1","0.080447596799999993","false","998.9182428529823","998.9182428529823","2","No","0","998.80797684000026","0.11026601298203786","false"
"Specification-ModerateRiskAversion__Cost-1__Fee-American__Starts-50","2","41","1","D","6","21","D Defaults","D Liability Signal: 10;P Files: 1;D Answers: 1","10,1,1","0.080447596799999993","false","998.9182428529823","998.9182428529823","1","Yes","0","998.57123558903481","0.34700726394748926","false"
"Specification-ModerateRiskAversion__Cost-1__Fee-American__Starts-50","2","41","1","D","6","21","D Defaults","D Liability Signal: 10;P Files: 1;D Answers: 1","10,1,1","0.080447596799999993","false","998.9182428529823","998.9182428529823","2","No","1","998.9182428529823","0","true"
"Specification-ModerateRiskAversion__Cost-1__Fee-American__Starts-50","2","42","1","D","8","15","D Offer","D Liability Signal: 10;P Files: 1;D Answers: 1;D Defaults: 1","10,1,1,1","0","true","","","1","0.05","0.10000000000000001","","",""
"Specification-ModerateRiskAversion__Cost-1__Fee-American__Starts-50","2","42","1","D","8","15","D Offer","D Liability Signal: 10;P Files: 1;D Answers: 1;D Defaults: 1","10,1,1,1","0","true","","","2","0.15","0.10000000000000001","","",""
"Specification-ModerateRiskAversion__Cost-1__Fee-American__Starts-50","2","42","1","D","8","15","D Offer","D Liability Signal: 10;P Files: 1;D Answers: 1;D Defaults: 1","10,1,1,1","0","true","","","3","0.25","0.10000000000000001","","",""
"Specification-ModerateRiskAversion__Cost-1__Fee-American__Starts-50","2","42","1","D","8","15","D Offer","D Liability Signal: 10;P Files: 1;D Answers: 1;D Defaults: 1","10,1,1,1","0","true","","","4","0.35","0.10000000000000001","","",""
"Specification-ModerateRiskAversion__Cost-1__Fee-American__Starts-50","2","42","1","D","8","15","D Offer","D Liability Signal: 10;P Files: 1;D Answers: 1;D Defaults: 1","10,1,1,1","0","true","","","5","0.45","0.10000000000000001","","",""
"Specification-ModerateRiskAversion__Cost-1__Fee-American__Starts-50","2","42","1","D","8","15","D Offer","D Liability Signal: 10;P Files: 1;D Answers: 1;D Defaults: 1","10,1,1,1","0","true","","","6","0.55","0.10000000000000001","","",""
"Specification-ModerateRiskAversion__Cost-1__Fee-American__Starts-50","2","42","1","D","8","15","D Offer","D Liability Signal: 10;P Files: 1;D Answers: 1;D Defaults: 1","10,1,1,1","0","true","","","7","0.65","0.10000000000000001","","",""
"Specification-ModerateRiskAversion__Cost-1__Fee-American__Starts-50","2","42","1","D","8","15","D Offer","D Liability Signal: 10;P Files: 1;D Answers: 1;D Defaults: 1","10,1,1,1","0","true","","","8","0.75","0.10000000000000001","","",""
"Specification-ModerateRiskAversion__Cost-1__Fee-American__Starts-50","2","42","1","D","8","15","D Offer","D Liability Signal: 10;P Files: 1;D Answers: 1;D Defaults: 1","10,1,1,1","0","true","","","9","0.85","0.10000000000000001","","",""
"Specification-ModerateRiskAversion__Cost-1__Fee-American__Starts-50","2","42","1","D","8","15","D Offer","D Liability Signal: 10;P Files: 1;D Answers: 1;D Defaults: 1","10,1,1,1","0","true","","","10","0.95","0.10000000000000001","","",""
"Specification-ModerateRiskAversion__Cost-1__Fee-American__Starts-50","2","43","1","D","8","15","D Offer","D Liability Signal: 10;P Files: 1;D Answers: 1;D Defaults: 2","10,1,1,2","0.080447596799999993","false","998.9182428529823","998.9182428529823","1","0.05","0","997.86331048872091","1.0549323642613899","false"
"Specification-ModerateRiskAversion__Cost-1__Fee-American__Starts-50","2","43","1","D","8","15","D Offer","D Liability Signal: 10;P Files: 1;D Answers: 1;D Defaults: 2","10,1,1,2","0.080447596799999993","false","998.9182428529823","998.9182428529823","2","0.15","0","997.86331048872091","1.0549323642613899","false"
"Specification-ModerateRiskAversion__Cost-1__Fee-American__Starts-50","2","43","1","D","8","15","D Offer","D Liability Signal: 10;P Files: 1;D Answers: 1;D Defaults: 2","10,1,1,2","0.080447596799999993","false","998.9182428529823","998.9182428529823","3","0.25","0","998.16392546868758","0.75431738429472261","false"
"Specification-ModerateRiskAversion__Cost-1__Fee-American__Starts-50","2","43","1","D","8","15","D Offer","D Liability Signal: 10;P Files: 1;D Answers: 1;D Defaults: 2","10,1,1,2","0.080447596799999993","false","998.9182428529823","998.9182428529823","4","0.35","0","998.15618355492234","0.76205929805996675","false"
"Specification-ModerateRiskAversion__Cost-1__Fee-American__Starts-50","2","43","1","D","8","15","D Offer","D Liability Signal: 10;P Files: 1;D Answers: 1;D Defaults: 2","10,1,1,2","0.080447596799999993","false","998.9182428529823","998.9182428529823","5","0.45","0","998.14762836515763","0.77061448782467323","false"
"Specification-ModerateRiskAversion__Cost-1__Fee-American__Starts-50","2","43","1","D","8","15","D Offer","D Liability Signal: 10;P Files: 1;D Answers: 1;D Defaults: 2","10,1,1,2","0.080447596799999993","false","998.9182428529823","998.9182428529823","6","0.55","0","998.13817304467443","0.78006980830787143","false"
"Specification-ModerateRiskAversion__Cost-1__Fee-American__Starts-50","2","43","1","D","8","15","D Offer","D Liability Signal: 10;P Files: 1;D Answers: 1;D Defaults: 2","10,1,1,2","0.080447596799999993","false","998.9182428529823","998.9182428529823","7","0.65","0","998.12772284287121","0.79052001011109496","false"
"Specification-ModerateRiskAversion__Cost-1__Fee-American__Starts-50","2","43","1","D","8","15","D Offer","D Liability Signal: 10;P Files: 1;D Answers: 1;D Defaults: 2","10,1,1,2","0.080447596799999993","false","998.9182428529823","998.9182428529823","8","0.75","0","998.11617511326222","0.80206773972008705","false"
"Specification-ModerateRiskAversion__Cost-1__Fee-American__Starts-50","2","43","1","D","8","15","D Offer","D Liability Signal: 10;P Files: 1;D Answers: 1;D Defaults: 2","10,1,1,2","0.080447596799999993","false","998.9182428529823","998.9182428529823","9","0.85","1","998.9182428529823","0","true"
"Specification-ModerateRiskAversion__Cost-1__Fee-American__Starts-50","2","43","1","D","8","15","D Offer","D Liability Signal: 10;P Files: 1;D Answers: 1;D Defaults: 2","10,1,1,2","0.080447596799999993","false","998.9182428529823","998.9182428529823","10","0.95","0","998.78483933143377","0.13340352154853008","false"
