"OptionSetName","Equilibrium Number","Information Set Number","Player Index","Player","Decision Index","Decision Code","Decision","Information Set Labels","Information Set Contents","Equilibrium Reach Probability","Off Path","Conditional Information-Set Utility","Best Action Utility","Action","Action Label","Equilibrium Action Probability","Conditional Action Utility","Utility Loss from Best Action","Is Best Action"
"Specification-ModerateRiskAversion__Cost-1__Fee-American__Starts-50","9","0","0","P","2","9","P Files","P Liability Signal: 1","1","0.080450000000000008","false","1000.0000018767998","1000.0000018767998","1","Yes","0","999.92581827533513","0.074183601464710591","false"
"Specification-ModerateRiskAversion__Cost-1__Fee-American__Starts-50","9","0","0","P","2","9","P Files","P Liability Signal: 1","1","0.080450000000000008","false","1000.0000018767998","1000.0000018767998","2","No","1","1000.0000018767998","0","true"
"Specification-ModerateRiskAversion__Cost-1__Fee-American__Starts-50","9","2","0","P","5","20","P Abandons","P Liability Signal: 1;P Files: 1;D Answers: 1","1,1,1","0","true","","","1","Yes","0.5","","",""
"Specification-ModerateRiskAversion__Cost-1__Fee-American__Starts-50","9","2","0","P","5","20","P Abandons","P Liability Signal: 1;P Files: 1;D Answers: 1","1,1,1","0","true","","","2","No","0.5","","",""
"Specification-ModerateRiskAversion__Cost-1__Fee-American__Starts-50","9","4","0","P","7","14","P Offer","P Liability Signal: 1;P Files: 1;D Answers: 1;P Abandons: 1","1,1,1,1","0","true","","","1","0.05","0.10000000000000001","","",""
"Specification-ModerateRiskAversion__Cost-1__Fee-American__Starts-50","9","4","0","P","7","14","P Offer","P Liability Signal: 1;P Files: 1;D Answers: 1;P Abandons: 1","1,1,1,1","0","true","","","2","0.15","0.10000000000000001","","",""
"Specification-ModerateRiskAversion__Cost-1__Fee-American__Starts-50","9","4","0","P","7","14","P Offer","P Liability Signal: 1;P Files: 1;D Answers: 1;P Abandons: 1","1,1,1,1","0","true","","","3","0.25","0.10000000000000001","","",""
"Specification-ModerateRiskAversion__Cost-1__Fee-American__Starts-50","9","4","0","P","7","14","P Offer","P Liability Signal: 1;P Files: 1;D Answers: 1;P Abandons: 1","1,1,1,1","0","true","","","4","0.35","0.10000000000000001","","",""
"Specification-ModerateRiskAversion__Cost-1__Fee-American__Starts-50","9","4","0","P","7","14","P Offer","P Liability Signal: 1;P Files: 1;D Answers: 1;P Abandons: 1","1,1,1,1","0","true","","","5","0.45","0.10000000000000001","","",""
"Specification-ModerateRiskAversion__Cost-1__Fee-American__Starts-50","9","4","0","P","7","14","P Offer","P Liability Signal: 1;P Files: 1;D Answers: 1;P Abandons: 1","1,1,1,1","0","true","","","6","0.55","0.10000000000000001","","",""
"Specification-ModerateRiskAversion__Cost-1__Fee-American__Starts-50","9","4","0","P","7","14","P Offer","P Liability Signal: 1;P Files: 1;D Answers: 1;P Abandons: 1","1,1,1,1","0","true","","","7","0.65","0.10000000000000001","","",""
"Specification-ModerateRiskAversion__Cost-1__Fee-American__Starts-50","9","4","0","P","7","14","P Offer","P Liability Signal: 1;P Files: 1;D Answers: 1;P Abandons: 1","1,1,1,1","0","true","","","8","0.75","0.10000000000000001","","",""
"Specification-ModerateRiskAversion__Cost-1__Fee-American__Starts-50","9","4","0","P","7","14","P Offer","P Liability Signal: 1;P Files: 1;D Answers: 1;P Abandons: 1","1,1,1,1","0","true","","","9","0.85","0.10000000000000001","","",""
"Specification-ModerateRiskAversion__Cost-1__Fee-American__Starts-50","9","4","0","P","7","14","P Offer","P Liability Signal: 1;P Files: 1;D Answers: 1;P Abandons: 1","1,1,1,1","0","true","","","10","0.95","0.10000000000000001","","",""
"Specification-ModerateRiskAversion__Cost-1__Fee-American__Starts-50","9","7","0","P","7","14","P Offer","P Liability Signal: 1;P Files: 1;D Answers: 1;P Abandons: 2","1,1,1,2","0","true","","","1","0.05","0.10000000000000001","","",""
"Specification-ModerateRiskAversion__Cost-1__Fee-American__Starts-50","9","7","0","P","7","14","P Offer","P Liability Signal: 1;P Files: 1;D Answers: 1;P Abandons: 2","1,1,1,2","0","true","","","2","0.15","0.10000000000000001","","",""
"Specification-ModerateRiskAversion__Cost-1__Fee-American__Starts-50","9","7","0","P","7","14","P Offer","P Liability Signal: 1;P Files: 1;D Answers: 1;P Abandons: 2","1,1,1,2","0","true","","","3","0.25","0.10000000000000001","","",""
"Specification-ModerateRiskAversion__Cost-1__Fee-American__Starts-50","9","7","0","P","7","14","P Offer","P Liability Signal: 1;P Files: 1;D Answers: 1;P Abandons: 2","1,1,1,2","0","true","","","4","0.35","0.10000000000000001","","",""
"Specification-ModerateRiskAversion__Cost-1__Fee-American__Starts-50","9","7","0","P","7","14","P Offer","P Liability Signal: 1;P Files: 1;D Answers: 1;P Abandons: 2","1,1,1,2","0","true","","","5","0.45","0.10000000000000001","","",""
"Specification-ModerateRiskAversion__Cost-1__Fee-American__Starts-50","9","7","0","P","7","14","P Offer","P Liability Signal: 1;P Files: 1;D Answers: 1;P Abandons: 2","1,1,1,2","0","true","","","6","0.55","0.10000000000000001","","",""
"Specification-ModerateRiskAversion__Cost-1__Fee-American__Starts-50","9","7","0","P","7","14","P Offer","P Liability Signal: 1;P Files: 1;D Answers: 1;P Abandons: 2","1,1,1,2","0","true","","","7","0.65","0.10000000000000001","","",""
"Specification-ModerateRiskAversion__Cost-1__Fee-American__Starts-50","9","7","0","P","7","14","P Offer","P Liability Signal: 1;P Files: 1;D Answers: 1;P Abandons: 2","1,1,1,2","0","true","","","8","0.75","0.10000000000000001","","",""
"Specification-ModerateRiskAversion__Cost-1__Fee-American__Starts-50","9","7","0","P","7","14","P Offer","P Liability Signal: 1;P Files: 1;D Answers: 1;P Abandons: 2","1,1,1,2","0","true","","","9","0.85","0.10000000000000001","","",""
"Specification-ModerateRiskAversion__Cost-1__Fee-American__Starts-50","9","7","0","P","7","14","P Offer","P Liability Signal: 1;P Files: 1;D Answers: 1;P Abandons: 2","1,1,1,2","0","true","","","10","0.95","0.10000000000000001","","",""
"Specification-ModerateRiskAversion__Cost-1__Fee-American__Starts-50","9","44","0","P","2","9","P Files","P Liability Signal: 2","2","0.097680000000000017","false","1000.0000018767998","1000.0000018767998","1","Yes","0","999.93678684406564","0.063215032734206034","false"
"Specification-ModerateRiskAversion__Cost-1__Fee-American__Starts-50","9","44","0","P","2","9","P Files","P Liability Signal: 2","2","0.097680000000000017","false","1000.0000018767998","1000.0000018767998","2","No","1","1000.0000018767998","0","true"
"Specification-ModerateRiskAversion__Cost-1__Fee-American__Starts-50","9","45","0","P","5","20","P Abandons","P Liability Signal: 2;P Files: 1;D Answers: 1","2,1,1","0","true","","","1","Yes","0.5","","",""
"Specification-ModerateRiskAversion__Cost-1__Fee-American__Starts-50","9","45","0","P","5","20","P Abandons","P Liability Signal: 2;P Files: 1;D Answers: 1","2,1,1","0","true","","","2","No","0.5","","",""
"Specification-ModerateRiskAversion__Cost-1__Fee-American__Starts-50","9","46","0","P","7","14","P Offer","P Liability Signal: 2;P Files: 1;D Answers: 1;P Abandons: 1","2,1,1,1","0","true","","","1","0.05","0.10000000000000001","","",""
"Specification-ModerateRiskAversion__Cost-1__Fee-American__Starts-50","9","46","0","P","7","14","P Offer","P Liability Signal: 2;P Files: 1;D Answers: 1;P Abandons: 1","2,1,1,1","0","true","","","2","0.15","0.10000000000000001","","",""
"Specification-ModerateRiskAversion__Cost-1__Fee-American__Starts-50","9","46","0","P","7","14","P Offer","P Liability Signal: 2;P Files: 1;D Answers: 1;P Abandons: 1","2,1,1,1","0","true","","","3","0.25","0.10000000000000001","","",""
"Specification-ModerateRiskAversion__Cost-1__Fee-American__Starts-50","9","46","0","P","7","14","P Offer","P Liability Signal: 2;P Files: 1;D Answers: 1;P Abandons: 1","2,1,1,1","0","true","","","4","0.35","0.10000000000000001","","",""
"Specification-ModerateRiskAversion__Cost-1__Fee-American__Starts-50","9","46","0","P","7","14","P Offer","P Liability Signal: 2;P Files: 1;D Answers: 1;P Abandons: 1","2,1,1,1","0","true","","","5","0.45","0.10000000000000001","","",""
"Specification-ModerateRiskAversion__Cost-1__Fee-American__Starts-50","9","46","0","P","7","14","P Offer","P Liability Signal: 2;P Files: 1;D Answers: 1;P Abandons: 1","2,1,1,1","0","true","","","6","0.55","0.10000000000000001","","",""
"Specification-ModerateRiskAversion__Cost-1__Fee-American__Starts-50","9","46","0","P","7","14","P Offer","P Liability Signal: 2;P Files: 1;D Answers: 1;P Abandons: 1","2,1,1,1","0","true","","","7","0.65","0.10000000000000001","","",""
"Specification-ModerateRiskAversion__Cost-1__Fee-American__Starts-50","9","46","0","P","7","14","P Offer","P Liability Signal: 2;P Files: 1;D Answers: 1;P Abandons: 1","2,1,1,1","0","true","","","8","0.75","0.10000000000000001","","",""
"Specification-ModerateRiskAversion__Cost-1__Fee-American__Starts-50","9","46","0","P","7","14","P Offer","P Liability Signal: 2;P Files: 1;D Answers: 1;P Abandons: 1","2,1,1,1","0","true","","","9","0.85","0.10000000000000001","","",""
"Specification-ModerateRiskAversion__Cost-1__Fee-American__Starts-50","9","46","0","P","7","14","P Offer","P Liability Signal: 2;P Files: 1;D Answers: 1;P Abandons: 1","2,1,1,1","0","true","","","10","0.95","0.10000000000000001","","",""
"Specification-ModerateRiskAversion__Cost-1__Fee-American__Starts-50","9","47","0","P","7","14","P Offer","P Liability Signal: 2;P Files: 1;D Answers: 1;P Abandons: 2","2,1,1,2","0","true","","","1","0.05","0.10000000000000001","","",""
"Specification-ModerateRiskAversion__Cost-1__Fee-American__Starts-50","9","47","0","P","7","14","P Offer","P Liability Signal: 2;P Files: 1;D Answers: 1;P Abandons: 2","2,1,1,2","0","true","","","2","0.15","0.10000000000000001","","",""
"Specification-ModerateRiskAversion__Cost-1__Fee-American__Starts-50","9","47","0","P","7","14","P Offer","P Liability Signal: 2;P Files: 1;D Answers: 1;P Abandons: 2","2,1,1,2","0","true","","","3","0.25","0.10000000000000001","","",""
"Specification-ModerateRiskAversion__Cost-1__Fee-American__Starts-50","9","47","0","P","7","14","P Offer","P Liability Signal: 2;P Files: 1;D Answers: 1;P Abandons: 2","2,1,1,2","0","true","","","4","0.35","0.10000000000000001","","",""
"Specification-ModerateRiskAversion__Cost-1__Fee-American__Starts-50","9","47","0","P","7","14","P Offer","P Liability Signal: 2;P Files: 1;D Answers: 1;P Abandons: 2","2,1,1,2","0","true","","","5","0.45","0.10000000000000001","","",""
"Specification-ModerateRiskAversion__Cost-1__Fee-American__Starts-50","9","47","0","P","7","14","P Offer","P Liability Signal: 2;P Files: 1;D Answers: 1;P Abandons: 2","2,1,1,2","0","true","","","6","0.55","0.10000000000000001","","",""
"Specification-ModerateRiskAversion__Cost-1__Fee-American__Starts-50","9","47","0","P","7","14","P Offer","P Liability Signal: 2;P Files: 1;D Answers: 1;P Abandons: 2","2,1,1,2","0","true","","","7","0.65","0.10000000000000001","","",""
"Specification-ModerateRiskAversion__Cost-1__Fee-American__Starts-50","9","47","0","P","7","14","P Offer","P Liability Signal: 2;P Files: 1;D Answers: 1;P Abandons: 2","2,1,1,2","0","true","","","8","0.75","0.10000000000000001","","",""
"Specification-ModerateRiskAversion__Cost-1__Fee-American__Starts-50","9","47","0","P","7","14","P Offer","P Liability Signal: 2;P Files: 1;D Answers: 1;P Abandons: 2","2,1,1,2","0","true","","","9","0.85","0.10000000000000001","","",""
"Specification-ModerateRiskAversion__Cost-1__Fee-American__Starts-50","9","47","0","P","7","14","P Offer","P Liability Signal: 2;P Files: 1;D Answers: 1;P Abandons: 2","2,1,1,2","0","true","","","10","0.95","0.10000000000000001","","",""
"Specification-ModerateRiskAversion__Cost-1__Fee-American__Starts-50","9","48","0","P","2","9","P Files","P Liability Signal: 3","3","0.10618","false","1000.0000018767998","1000.0000018767998","1","Yes","0","999.95327476978457","0.04672710701527194","false"
"Specification-ModerateRiskAversion__Cost-1__Fee-American__Starts-50","9","48","0","P","2","9","P Files","P Liability Signal: 3","3","0.10618","false","1000.0000018767998","1000.0000018767998","2","No","1","1000.0000018767998","0","true"
"Specification-ModerateRiskAversion__Cost-1__Fee-American__Starts-50","9","49","0","P","5","20","P Abandons","P Liability Signal: 3;P Files: 1;D Answers: 1","3,1,1","0","true","","","1","Yes","0.5","","",""
"Specification-ModerateRiskAversion__Cost-1__Fee-American__Starts-50","9","49","0","P","5","20","P Abandons","P Liability Signal: 3;P Files: 1;D Answers: 1","3,1,1","0","true","","","2","No","0.5","","",""
"Specification-ModerateRiskAversion__Cost-1__Fee-American__Starts-50","9","50","0","P","7","14","P Offer","P Liability Signal: 3;P Files: 1;D Answers: 1;P Abandons: 1","3,1,1,1","0","true","","","1","0.05","0.10000000000000001","","",""
"Specification-ModerateRiskAversion__Cost-1__Fee-American__Starts-50","9","50","0","P","7","14","P Offer","P Liability Signal: 3;P Files: 1;D Answers: 1;P Abandons: 1","3,1,1,1","0","true","","","2","0.15","0.10000000000000001","","",""
"Specification-ModerateRiskAversion__Cost-1__Fee-American__Starts-50","9","50","0","P","7","14","P Offer","P Liability Signal: 3;P Files: 1;D Answers: 1;P Abandons: 1","3,1,1,1","0","true","","","3","0.25","0.10000000000000001","","",""
"Specification-ModerateRiskAversion__Cost-1__Fee-American__Starts-50","9","50","0","P","7","14","P Offer","P Liability Signal: 3;P Files: 1;D Answers: 1;P Abandons: 1","3,1,1,1","0","true","","","4","0.35","0.10000000000000001","","",""
"Specification-ModerateRiskAversion__Cost-1__Fee-American__Starts-50","9","50","0","P","7","14","P Offer","P Liability Signal: 3;P Files: 1;D Answers: 1;P Abandons: 1","3,1,1,1","0","true","","","5","0.45","0.10000000000000001","","",""
"Specification-ModerateRiskAversion__Cost-1__Fee-American__Starts-50","9","50","0","P","7","14","P Offer","P Liability Signal: 3;P Files: 1;D Answers: 1;P Abandons: 1","3,1,1,1","0","true","","","6","0.55","0.10000000000000001","","",""
"Specification-ModerateRiskAversion__Cost-1__Fee-American__Starts-50","9","50","0","P","7","14","P Offer","P Liability Signal: 3;P Files: 1;D Answers: 1;P Abandons: 1","3,1,1,1","0","true","","","7","0.65","0.10000000000000001","","",""
"Specification-ModerateRiskAversion__Cost-1__Fee-American__Starts-50","9","50","0","P","7","14","P Offer","P Liability Signal: 3;P Files: 1;D Answers: 1;P Abandons: 1","3,1,1,1","0","true","","","8","0.75","0.10000000000000001","","",""
"Specification-ModerateRiskAversion__Cost-1__Fee-American__Starts-50","9","50","0","P","7","14","P Offer","P Liability Signal: 3;P Files: 1;D Answers: 1;P Abandons: 1","3,1,1,1","0","true","","","9","0.85","0.10000000000000001","","",""
"Specification-ModerateRiskAversion__Cost-1__Fee-American__Starts-50","9","50","0","P","7","14","P Offer","P Liability Signal: 3;P Files: 1;D Answers: 1;P Abandons: 1","3,1,1,1","0","true","","","10","0.95","0.10000000000000001","","",""
"Specification-ModerateRiskAversion__Cost-1__Fee-American__Starts-50","9","51","0","P","7","14","P Offer","P Liability Signal: 3;P Files: 1;D Answers: 1;P Abandons: 2","3,1,1,2","0","true","","","1","0.05","0.10000000000000001","","",""
"Specification-ModerateRiskAversion__Cost-1__Fee-American__Starts-50","9","51","0","P","7","14","P Offer","P Liability Signal: 3;P Files: 1;D Answers: 1;P Abandons: 2","3,1,1,2","0","true","","","2","0.15","0.10000000000000001","","",""
"Specification-ModerateRiskAversion__Cost-1__Fee-American__Starts-50","9","51","0","P","7","14","P Offer","P Liability Signal: 3;P Files: 1;D Answers: 1;P Abandons: 2","3,1,1,2","0","true","","","3","0.25","0.10000000000000001","","",""
"Specification-ModerateRiskAversion__Cost-1__Fee-American__Starts-50","9","51","0","P","7","14","P Offer","P Liability Signal: 3;P Files: 1;D Answers: 1;P Abandons: 2","3,1,1,2","0","true","","","4","0.35","0.10000000000000001","","",""
"Specification-ModerateRiskAversion__Cost-1__Fee-American__Starts-50","9","51","0","P","7","14","P Offer","P Liability Signal: 3;P Files: 1;D Answers: 1;P Abandons: 2","3,1,1,2","0","true","","","5","0.45","0.10000000000000001","","",""
"Specification-ModerateRiskAversion__Cost-1__Fee-American__Starts-50","9","51","0","P","7","14","P Offer","P Liability Signal: 3;P Files: 1;D Answers: 1;P Abandons: 2","3,1,1,2","0","true","","","6","0.55","0.10000000000000001","","",""
"Specification-ModerateRiskAversion__Cost-1__Fee-American__Starts-50","9","51","0","P","7","14","P Offer","P Liability Signal: 3;P Files: 1;D Answers: 1;P Abandons: 2","3,1,1,2","0","true","","","7","0.65","0.10000000000000001","","",""
"Specification-ModerateRiskAversion__Cost-1__Fee-American__Starts-50","9","51","0","P","7","14","P Offer","P Liability Signal: 3;P Files: 1;D Answers: 1;P Abandons: 2","3,1,1,2","0","true","","","8","0.75","0.10000000000000001","","",""
"Specification-ModerateRiskAversion__Cost-1__Fee-American__Starts-50","9","51","0","P","7","14","P Offer","P Liability Signal: 3;P Files: 1;D Answers: 1;P Abandons: 2","3,1,1,2","0","true","","","9","0.85","0.10000000000000001","","",""
"Specification-ModerateRiskAversion__Cost-1__Fee-American__Starts-50","9","51","0","P","7","14","P Offer","P Liability Signal: 3;P Files: 1;D Answers: 1;P Abandons: 2","3,1,1,2","0","true","","","10","0.95","0.10000000000000001","","",""
"Specification-ModerateRiskAversion__Cost-1__Fee-American__Starts-50","9","52","0","P","2","9","P Files","P Liability Signal: 4","4","0.1081","false","1000.0000018768","1000.0000018768001","1","Yes","0.91101101498635118","1000.0000018768001","0","true"
"Specification-ModerateRiskAversion__Cost-1__Fee-American__Starts-50","9","52","0","P","2","9","P Files","P Liability Signal: 4","4","0.1081","false","1000.0000018768","1000.0000018768001","2","No","0.088988985013648839","1000.0000018768001","0","true"
"Specification-ModerateRiskAversion__Cost-1__Fee-American__Starts-50","9","53","0","P","5","20","P Abandons","P Liability Signal: 4;P Files: 1;D Answers: 1","4,1,1","0.098480290720024566","false","1000.0000018768001","1000.0000018768001","1","Yes","1","1000.0000018768001","0","true"
"Specification-ModerateRiskAversion__Cost-1__Fee-American__Starts-50","9","53","0","P","5","20","P Abandons","P Liability Signal: 4;P Files: 1;D Answers: 1","4,1,1","0.098480290720024566","false","1000.0000018768001","1000.0000018768001","2","No","0","999.96887689683604","0.031124979964033628","false"
"Specification-ModerateRiskAversion__Cost-1__Fee-American__Starts-50","9","54","0","P","7","14","P Offer","P Liability Signal: 4;P Files: 1;D Answers: 1;P Abandons: 1","4,1,1,1","0.098480290720024566","false","1000.0000018768001","1000.0000018768001","1","0.05","0","1000.0000018767997","3.4106051316484809E-13","true"
"Specification-ModerateRiskAversion__Cost-1__Fee-American__Starts-50","9","54","0","P","7","14","P Offer","P Liability Signal: 4;P Files: 1;D Answers: 1;P Abandons: 1","4,1,1,1","0.098480290720024566","false","1000.0000018768001","1000.0000018768001","2","0.15","0","999.99372429219","0.0062775846100748822","false"
"Specification-ModerateRiskAversion__Cost-1__Fee-American__Starts-50","9","54","0","P","7","14","P Offer","P Liability Signal: 4;P Files: 1;D Answers: 1;P Abandons: 1","4,1,1,1","0.098480290720024566","false","1000.0000018768001","1000.0000018768001","3","0.25","0","999.98784034636958","0.01216153043048962","false"
"Specification-ModerateRiskAversion__Cost-1__Fee-American__Starts-50","9","54","0","P","7","14","P Offer","P Liability Signal: 4;P Files: 1;D Answers: 1;P Abandons: 1","4,1,1,1","0.098480290720024566","false","1000.0000018768001","1000.0000018768001","4","0.35","0","999.99078117230749","0.0092207044925771697","false"
"Specification-ModerateRiskAversion__Cost-1__Fee-American__Starts-50","9","54","0","P","7","14","P Offer","P Liability Signal: 4;P Files: 1;D Answers: 1;P Abandons: 1","4,1,1,1","0.098480290720024566","false","1000.0000018768001","1000.0000018768001","5","0.45","0","999.99344284915207","0.0065590276479952081","false"
"Specification-ModerateRiskAversion__Cost-1__Fee-American__Starts-50","9","54","0","P","7","14","P Offer","P Liability Signal: 4;P Files: 1;D Answers: 1;P Abandons: 1","4,1,1,1","0.098480290720024566","false","1000.0000018768001","1000.0000018768001","6","0.55","0","999.99585173013941","0.0041501466606632675","false"
"Specification-ModerateRiskAversion__Cost-1__Fee-American__Starts-50","9","54","0","P","7","14","P Offer","P Liability Signal: 4;P Files: 1;D Answers: 1;P Abandons: 1","4,1,1,1","0.098480290720024566","false","1000.0000018768001","1000.0000018768001","7","0.65","0","999.99803026432244","0.001971612477632334","false"
"Specification-ModerateRiskAversion__Cost-1__Fee-American__Starts-50","9","54","0","P","7","14","P Offer","P Liability Signal: 4;P Files: 1;D Answers: 1;P Abandons: 1","4,1,1,1","0.098480290720024566","false","1000.0000018768001","1000.0000018768001","8","0.75","1","1000.0000018768001","0","true"
"Specification-ModerateRiskAversion__Cost-1__Fee-American__Starts-50","9","54","0","P","7","14","P Offer","P Liability Signal: 4;P Files: 1;D Answers: 1;P Abandons: 1","4,1,1,1","0.098480290720024566","false","1000.0000018768001","1000.0000018768001","9","0.85","0","999.93472881519983","0.06527306160023727","false"
"Specification-ModerateRiskAversion__Cost-1__Fee-American__Starts-50","9","54","0","P","7","14","P Offer","P Liability Signal: 4;P Files: 1;D Answers: 1;P Abandons: 1","4,1,1,1","0.098480290720024566","false","1000.0000018768001","1000.0000018768001","10","0.95","0","999.93472881519983","0.06527306160023727","false"
"Specification-ModerateRiskAversion__Cost-1__Fee-American__Starts-50","9","55","0","P","7","14","P Offer","P Liability Signal: 4;P Files: 1;D Answers: 1;P Abandons: 2","4,1,1,2","0","true","","","1","0.05","0.10000000000000001","","",""
"Specification-ModerateRiskAversion__Cost-1__Fee-American__Starts-50","9","55","0","P","7","14","P Offer","P Liability Signal: 4;P Files: 1;D Answers: 1;P Abandons: 2","4,1,1,2","0","true","","","2","0.15","0.10000000000000001","","",""
"Specification-ModerateRiskAversion__Cost-1__Fee-American__Starts-50","9","55","0","P","7","14","P Offer","P Liability Signal: 4;P Files: 1;D Answers: 1;P Abandons: 2","4,1,1,2","0","true","","","3","0.25","0.10000000000000001","","",""
"Specification-ModerateRiskAversion__Cost-1__Fee-American__Starts-50","9","55","0","P","7","14","P Offer","P Liability Signal: 4;P Files: 1;D Answers: 1;P Abandons: 2","4,1,1,2","0","true","","","4","0.35","0.10000000000000001","","",""
"Specification-ModerateRiskAversion__Cost-1__Fee-American__Starts-50","9","55","0","P","7","14","P Offer","P Liability Signal: 4;P Files: 1;D Answers: 1;P Abandons: 2","4,1,1,2","0","true","","","5","0.45","0.10000000000000001","","",""
"Specification-ModerateRiskAversion__Cost-1__Fee-American__Starts-50","9","55","0","P","7","14","P Offer","P Liability Signal: 4;P Files: 1;D Answers: 1;P Abandons: 2","4,1,1,2","0","true","","","6","0.55","0.10000000000000001","","",""
"Specification-ModerateRiskAversion__Cost-1__Fee-American__Starts-50","9","55","0","P","7","14","P Offer","P Liability Signal: 4;P Files: 1;D Answers: 1;P Abandons: 2","4,1,1,2","0","true","","","7","0.65","0.10000000000000001","","",""
"Specification-ModerateRiskAversion__Cost-1__Fee-American__Starts-50","9","55","0","P","7","14","P Offer","P Liability Signal: 4;P Files: 1;D Answers: 1;P Abandons: 2","4,1,1,2","0","true","","","8","0.75","0.10000000000000001","","",""
"Specification-ModerateRiskAversion__Cost-1__Fee-American__Starts-50","9","55","0","P","7","14","P Offer","P Liability Signal: 4;P Files: 1;D Answers: 1;P Abandons: 2","4,1,1,2","0","true","","","9","0.85","0.10000000000000001","","",""
"Specification-ModerateRiskAversion__Cost-1__Fee-American__Starts-50","9","55","0","P","7","14","P Offer","P Liability Signal: 4;P Files: 1;D Answers: 1;P Abandons: 2","4,1,1,2","0","true","","","10","0.95","0.10000000000000001","","",""
"Specification-ModerateRiskAversion__Cost-1__Fee-American__Starts-50","9","56","0","P","2","9","P Files","P Liability Signal: 5","5","0.1076","false","1000.0258298441512","1000.0258298441512","1","Yes","1","1000.0258298441512","0","true"
"Specification-ModerateRiskAversion__Cost-1__Fee-American__Starts-50","9","56","0","P","2","9","P Files","P Liability Signal: 5","5","0.1076","false","1000.0258298441512","1000.0258298441512","2","No","0","1000.0000018767997","0.025827967351460757","false"
"Specification-ModerateRiskAversion__Cost-1__Fee-American__Starts-50","9","57","0","P","5","20","P Abandons","P Liability Signal: 5;P Files: 1;D Answers: 1","5,1,1","0.1076","false","1000.0258298441512","1000.0258298441512","1","Yes","1","1000.0258298441512","0","true"
"Specification-ModerateRiskAversion__Cost-1__Fee-American__Starts-50","9","57","0","P","5","20","P Abandons","P Liability Signal: 5;P Files: 1;D Answers: 1","5,1,1","0.1076","false","1000.0258298441512","1000.0258298441512","2","No","0","1000.00515189704","0.020677947111153117","false"
"Specification-ModerateRiskAversion__Cost-1__Fee-American__Starts-50","9","58","0","P","7","14","P Offer","P Liability Signal: 5;P Files: 1;D Answers: 1;P Abandons: 1","5,1,1,1","0.1076","false","1000.0258298441512","1000.0258298441512","1","0.05","0","1000.0151389651109","0.010690879040339496","false"
"Specification-ModerateRiskAversion__Cost-1__Fee-American__Starts-50","9","58","0","P","7","14","P Offer","P Liability Signal: 5;P Files: 1;D Answers: 1;P Abandons: 1","5,1,1,1","0.1076","false","1000.0258298441512","1000.0258298441512","2","0.15","0","1000.0134334273442","0.012396416806950583","false"
"Specification-ModerateRiskAversion__Cost-1__Fee-American__Starts-50","9","58","0","P","7","14","P Offer","P Liability Signal: 5;P Files: 1;D Answers: 1;P Abandons: 1","5,1,1,1","0.1076","false","1000.0258298441512","1000.0258298441512","3","0.25","0","1000.0088561047759","0.016973739375316654","false"
"Specification-ModerateRiskAversion__Cost-1__Fee-American__Starts-50","9","58","0","P","7","14","P Offer","P Liability Signal: 5;P Files: 1;D Answers: 1;P Abandons: 1","5,1,1,1","0.1076","false","1000.0258298441512","1000.0258298441512","4","0.35","0","1000.0129605892654","0.012869254885799819","false"
"Specification-ModerateRiskAversion__Cost-1__Fee-American__Starts-50","9","58","0","P","7","14","P Offer","P Liability Signal: 5;P Files: 1;D Answers: 1;P Abandons: 1","5,1,1,1","0.1076","false","1000.0258298441512","1000.0258298441512","5","0.45","0","1000.0166754678588","0.0091543762923720351","false"
"Specification-ModerateRiskAversion__Cost-1__Fee-American__Starts-50","9","58","0","P","7","14","P Offer","P Liability Signal: 5;P Files: 1;D Answers: 1;P Abandons: 1","5,1,1,1","0.1076","false","1000.0258298441512","1000.0258298441512","6","0.55","0","1000.0200375215328","0.0057923226183902443","false"
"Specification-ModerateRiskAversion__Cost-1__Fee-American__Starts-50","9","58","0","P","7","14","P Offer","P Liability Signal: 5;P Files: 1;D Answers: 1;P Abandons: 1","5,1,1,1","0.1076","false","1000.0258298441512","1000.0258298441512","7","0.65","0","1000.02307808223","0.0027517619212176214","false"
"Specification-ModerateRiskAversion__Cost-1__Fee-American__Starts-50","9","58","0","P","7","14","P Offer","P Liability Signal: 5;P Files: 1;D Answers: 1;P Abandons: 1","5,1,1,1","0.1076","false","1000.0258298441512","1000.0258298441512","8","0.75","1","1000.0258298441512","0","true"
"Specification-ModerateRiskAversion__Cost-1__Fee-American__Starts-50","9","58","0","P","7","14","P Offer","P Liability Signal: 5;P Files: 1;D Answers: 1;P Abandons: 1","5,1,1,1","0.1076","false","1000.0258298441512","1000.0258298441512","9","0.85","0","999.93472881519983","0.091101028951356966","false"
"Specification-ModerateRiskAversion__Cost-1__Fee-American__Starts-50","9","58","0","P","7","14","P Offer","P Liability Signal: 5;P Files: 1;D Answers: 1;P Abandons: 1","5,1,1,1","0.1076","false","1000.0258298441512","1000.0258298441512","10","0.95","0","999.93472881519983","0.091101028951356966","false"
"Specification-ModerateRiskAversion__Cost-1__Fee-American__Starts-50","9","59","0","P","7","14","P Offer","P Liability Signal: 5;P Files: 1;D Answers: 1;P Abandons: 2","5,1,1,2","0","true","","","1","0.05","0.10000000000000001","","",""
"Specification-ModerateRiskAversion__Cost-1__Fee-American__Starts-50","9","59","0","P","7","14","P Offer","P Liability Signal: 5;P Files: 1;D Answers: 1;P Abandons: 2","5,1,1,2","0","true","","","2","0.15","0.10000000000000001","","",""
"Specification-ModerateRiskAversion__Cost-1__Fee-American__Starts-50","9","59","0","P","7","14","P Offer","P Liability Signal: 5;P Files: 1;D Answers: 1;P Abandons: 2","5,1,1,2","0","true","","","3","0.25","0.10000000000000001","","",""
"Specification-ModerateRiskAversion__Cost-1__Fee-American__Starts-50","9","59","0","P","7","14","P Offer","P Liability Signal: 5;P Files: 1;D Answers: 1;P Abandons: 2","5,1,1,2","0","true","","","4","0.35","0.10000000000000001","","",""
"Specification-ModerateRiskAversion__Cost-1__Fee-American__Starts-50","9","59","0","P","7","14","P Offer","P Liability Signal: 5;P Files: 1;D Answers: 1;P Abandons: 2","5,1,1,2","0","true","","","5","0.45","0.10000000000000001","","",""
"Specification-ModerateRiskAversion__Cost-1__Fee-American__Starts-50","9","59","0","P","7","14","P Offer","P Liability Signal: 5;P Files: 1;D Answers: 1;P Abandons: 2","5,1,1,2","0","true","","","6","0.55","0.10000000000000001","","",""
"Specification-ModerateRiskAversion__Cost-1__Fee-American__Starts-50","9","59","0","P","7","14","P Offer","P Liability Signal: 5;P Files: 1;D Answers: 1;P Abandons: 2","5,1,1,2","0","true","","","7","0.65","0.10000000000000001","","",""
"Specification-ModerateRiskAversion__Cost-1__Fee-American__Starts-50","9","59","0","P","7","14","P Offer","P Liability Signal: 5;P Files: 1;D Answers: 1;P Abandons: 2","5,1,1,2","0","true","","","8","0.75","0.10000000000000001","","",""
"Specification-ModerateRiskAversion__Cost-1__Fee-American__Starts-50","9","59","0","P","7","14","P Offer","P Liability Signal: 5;P Files: 1;D Answers: 1;P Abandons: 2","5,1,1,2","0","true","","","9","0.85","0.10000000000000001","","",""
"Specification-ModerateRiskAversion__Cost-1__Fee-American__Starts-50","9","59","0","P","7","14","P Offer","P Liability Signal: 5;P Files: 1;D Answers: 1;P Abandons: 2","5,1,1,2","0","true","","","10","0.95","0.10000000000000001","","",""
"Specification-ModerateRiskAversion__Cost-1__Fee-American__Starts-50","9","60","0","P","2","9","P Files","P Liability Signal: 6","6","0.10759999999999999","false","1000.0615034345628","1000.0615034345628","1","Yes","1","1000.0615034345628","0","true"
"Specification-ModerateRiskAversion__Cost-1__Fee-American__Starts-50","9","60","0","P","2","9","P Files","P Liability Signal: 6","6","0.10759999999999999","false","1000.0615034345628","1000.0615034345628","2","No","0","1000.0000018768002","0.061501557762653647","false"
"Specification-ModerateRiskAversion__Cost-1__Fee-American__Starts-50","9","61","0","P","5","20","P Abandons","P Liability Signal: 6;P Files: 1;D Answers: 1","6,1,1","0.10759999999999999","false","1000.0615034345628","1000.0615034345628","1","Yes","0","1000.019237658344","0.042265776218869178","false"
"Specification-ModerateRiskAversion__Cost-1__Fee-American__Starts-50","9","61","0","P","5","20","P Abandons","P Liability Signal: 6;P Files: 1;D Answers: 1","6,1,1","0.10759999999999999","false","1000.0615034345628","1000.0615034345628","2","No","1","1000.0615034345628","0","true"
"Specification-ModerateRiskAversion__Cost-1__Fee-American__Starts-50","9","62","0","P","7","14","P Offer","P Liability Signal: 6;P Files: 1;D Answers: 1;P Abandons: 1","6,1,1,1","0","true","","","1","0.05","0.10000000000000001","","",""
"Specification-ModerateRiskAversion__Cost-1__Fee-American__Starts-50","9","62","0","P","7","14","P Offer","P Liability Signal: 6;P Files: 1;D Answers: 1;P Abandons: 1","6,1,1,1","0","true","","","2","0.15","0.10000000000000001","","",""
"Specification-ModerateRiskAversion__Cost-1__Fee-American__Starts-50","9","62","0","P","7","14","P Offer","P Liability Signal: 6;P Files: 1;D Answers: 1;P Abandons: 1","6,1,1,1","0","true","","","3","0.25","0.10000000000000001","","",""
"Specification-ModerateRiskAversion__Cost-1__Fee-American__Starts-50","9","62","0","P","7","14","P Offer","P Liability Signal: 6;P Files: 1;D Answers: 1;P Abandons: 1","6,1,1,1","0","true","","","4","0.35","0.10000000000000001","","",""
"Specification-ModerateRiskAversion__Cost-1__Fee-American__Starts-50","9","62","0","P","7","14","P Offer","P Liability Signal: 6;P Files: 1;D Answers: 1;P Abandons: 1","6,1,1,1","0","true","","","5","0.45","0.10000000000000001","","",""
"Specification-ModerateRiskAversion__Cost-1__Fee-American__Starts-50","9","62","0","P","7","14","P Offer","P Liability Signal: 6;P Files: 1;D Answers: 1;P Abandons: 1","6,1,1,1","0","true","","","6","0.55","0.10000000000000001","","",""
"Specification-ModerateRiskAversion__Cost-1__Fee-American__Starts-50","9","62","0","P","7","14","P Offer","P Liability Signal: 6;P Files: 1;D Answers: 1;P Abandons: 1","6,1,1,1","0","true","","","7","0.65","0.10000000000000001","","",""
"Specification-ModerateRiskAversion__Cost-1__Fee-American__Starts-50","9","62","0","P","7","14","P Offer","P Liability Signal: 6;P Files: 1;D Answers: 1;P Abandons: 1","6,1,1,1","0","true","","","8","0.75","0.10000000000000001","","",""
"Specification-ModerateRiskAversion__Cost-1__Fee-American__Starts-50","9","62","0","P","7","14","P Offer","P Liability Signal: 6;P Files: 1;D Answers: 1;P Abandons: 1","6,1,1,1","0","true","","","9","0.85","0.10000000000000001","","",""
"Specification-ModerateRiskAversion__Cost-1__Fee-American__Starts-50","9","62","0","P","7","14","P Offer","P Liability Signal: 6;P Files: 1;D Answers: 1;P Abandons: 1","6,1,1,1","0","true","","","10","0.95","0.10000000000000001","","",""
"Specification-ModerateRiskAversion__Cost-1__Fee-American__Starts-50","9","63","0","P","7","14","P Offer","P Liability Signal: 6;P Files: 1;D Answers: 1;P Abandons: 2","6,1,1,2","0.10759999999999999","false","1000.0615034345628","1000.0615034345628","1","0.05","0","1000.0309917055181","0.030511729044746971","false"
"Specification-ModerateRiskAversion__Cost-1__Fee-American__Starts-50","9","63","0","P","7","14","P Offer","P Liability Signal: 6;P Files: 1;D Answers: 1;P Abandons: 2","6,1,1,2","0.10759999999999999","false","1000.0615034345628","1000.0615034345628","2","0.15","0","1000.0349862181434","0.026517216419392753","false"
"Specification-ModerateRiskAversion__Cost-1__Fee-American__Starts-50","9","63","0","P","7","14","P Offer","P Liability Signal: 6;P Files: 1;D Answers: 1;P Abandons: 2","6,1,1,2","0.10759999999999999","false","1000.0615034345628","1000.0615034345628","3","0.25","0","1000.0393968983486","0.022106536214209882","false"
"Specification-ModerateRiskAversion__Cost-1__Fee-American__Starts-50","9","63","0","P","7","14","P Offer","P Liability Signal: 6;P Files: 1;D Answers: 1;P Abandons: 2","6,1,1,2","0.10759999999999999","false","1000.0615034345628","1000.0615034345628","4","0.35","0","1000.0447425639676","0.016760870595248889","false"
"Specification-ModerateRiskAversion__Cost-1__Fee-American__Starts-50","9","63","0","P","7","14","P Offer","P Liability Signal: 6;P Files: 1;D Answers: 1;P Abandons: 2","6,1,1,2","0.10759999999999999","false","1000.0615034345628","1000.0615034345628","5","0.45","0","1000.0495808082899","0.011922626272962589","false"
"Specification-ModerateRiskAversion__Cost-1__Fee-American__Starts-50","9","63","0","P","7","14","P Offer","P Liability Signal: 6;P Files: 1;D Answers: 1;P Abandons: 2","6,1,1,2","0.10759999999999999","false","1000.0615034345628","1000.0615034345628","6","0.55","0","1000.0539595347246","0.0075438998381969213","false"
"Specification-ModerateRiskAversion__Cost-1__Fee-American__Starts-50","9","63","0","P","7","14","P Offer","P Liability Signal: 6;P Files: 1;D Answers: 1;P Abandons: 2","6,1,1,2","0.10759999999999999","false","1000.0615034345628","1000.0615034345628","7","0.65","0","1000.0579195498794","0.0035838846833939897","false"
"Specification-ModerateRiskAversion__Cost-1__Fee-American__Starts-50","9","63","0","P","7","14","P Offer","P Liability Signal: 6;P Files: 1;D Answers: 1;P Abandons: 2","6,1,1,2","0.10759999999999999","false","1000.0615034345628","1000.0615034345628","8","0.75","1","1000.0615034345628","0","true"
"Specification-ModerateRiskAversion__Cost-1__Fee-American__Starts-50","9","63","0","P","7","14","P Offer","P Liability Signal: 6;P Files: 1;D Answers: 1;P Abandons: 2","6,1,1,2","0.10759999999999999","false","1000.0615034345628","1000.0615034345628","9","0.85","0","1000.014670449723","0.046832984839852543","false"
"Specification-ModerateRiskAversion__Cost-1__Fee-American__Starts-50","9","63","0","P","7","14","P Offer","P Liability Signal: 6;P Files: 1;D Answers: 1;P Abandons: 2","6,1,1,2","0.10759999999999999","false","1000.0615034345628","1000.0615034345628","10","0.95","0","1000.014670449723","0.046832984839852543","false"
"Specification-ModerateRiskAversion__Cost-1__Fee-American__Starts-50","9","64","0","P","2","9","P Files","P Liability Signal: 7","7","0.10809999999999999","false","1000.0915231308604","1000.0915231308604","1","Yes","1","1000.0915231308604","0","true"
"Specification-ModerateRiskAversion__Cost-1__Fee-American__Starts-50","9","64","0","P","2","9","P Files","P Liability Signal: 7","7","0.10809999999999999","false","1000.0915231308604","1000.0915231308604","2","No","0","1000.0000018768001","0.091521254060353385","false"
"Specification-ModerateRiskAversion__Cost-1__Fee-American__Starts-50","9","65","0","P","5","20","P Abandons","P Liability Signal: 7;P Files: 1;D Answers: 1","7,1,1","0.10809999999999999","false","1000.0915231308604","1000.0915231308604","1","Yes","0","1000.0357527463613","0.055770384499169268","false"
"Specification-ModerateRiskAversion__Cost-1__Fee-American__Starts-50","9","65","0","P","5","20","P Abandons","P Liability Signal: 7;P Files: 1;D Answers: 1","7,1,1","0.10809999999999999","false","1000.0915231308604","1000.0915231308604","2","No","1","1000.0915231308604","0","true"
"Specification-ModerateRiskAversion__Cost-1__Fee-American__Starts-50","9","66","0","P","7","14","P Offer","P Liability Signal: 7;P Files: 1;D Answers: 1;P Abandons: 1","7,1,1,1","0","true","","","1","0.05","0.10000000000000001","","",""
"Specification-ModerateRiskAversion__Cost-1__Fee-American__Starts-50","9","66","0","P","7","14","P Offer","P Liability Signal: 7;P Files: 1;D Answers: 1;P Abandons: 1","7,1,1,1","0","true","","","2","0.15","0.10000000000000001","","",""
"Specification-ModerateRiskAversion__Cost-1__Fee-American__Starts-50","9","66","0","P","7","14","P Offer","P Liability Signal: 7;P Files: 1;D Answers: 1;P Abandons: 1","7,1,1,1","0","true","","","3","0.25","0.10000000000000001","","",""
"Specification-ModerateRiskAversion__Cost-1__Fee-American__Starts-50","9","66","0","P","7","14","P Offer","P Liability Signal: 7;P Files: 1;D Answers: 1;P Abandons: 1","7,1,1,1","0","true","","","4","0.35","0.10000000000000001","","",""
"Specification-ModerateRiskAversion__Cost-1__Fee-American__Starts-50","9","66","0","P","7","14","P Offer","P Liability Signal: 7;P Files: 1;D Answers: 1;P Abandons: 1","7,1,1,1","0","true","","","5","0.45","0.10000000000000001","","",""
"Specification-ModerateRiskAversion__Cost-1__Fee-American__Starts-50","9","66","0","P","7","14","P Offer","P Liability Signal: 7;P Files: 1;D Answers: 1;P Abandons: 1","7,1,1,1","0","true","","","6","0.55","0.10000000000000001","","",""
"Specification-ModerateRiskAversion__Cost-1__Fee-American__Starts-50","9","66","0","P","7","14","P Offer","P Liability Signal: 7;P Files: 1;D Answers: 1;P Abandons: 1","7,1,1,1","0","true","","","7","0.65","0.10000000000000001","","",""
"Specification-ModerateRiskAversion__Cost-1__Fee-American__Starts-50","9","66","0","P","7","14","P Offer","P Liability Signal: 7;P Files: 1;D Answers: 1;P Abandons: 1","7,1,1,1","0","true","","","8","0.75","0.10000000000000001","","",""
"Specification-ModerateRiskAversion__Cost-1__Fee-American__Starts-50","9","66","0","P","7","14","P Offer","P Liability Signal: 7;P Files: 1;D Answers: 1;P Abandons: 1","7,1,1,1","0","true","","","9","0.85","0.10000000000000001","","",""
"Specification-ModerateRiskAversion__Cost-1__Fee-American__Starts-50","9","66","0","P","7","14","P Offer","P Liability Signal: 7;P Files: 1;D Answers: 1;P Abandons: 1","7,1,1,1","0","true","","","10","0.95","0.10000000000000001","","",""
"Specification-ModerateRiskAversion__Cost-1__Fee-American__Starts-50","9","67","0","P","7","14","P Offer","P Liability Signal: 7;P Files: 1;D Answers: 1;P Abandons: 2","7,1,1,2","0.10809999999999999","false","1000.0915231308604","1000.0915231308604","1","0.05","0","1000.0448401169633","0.046683013897109049","false"
"Specification-ModerateRiskAversion__Cost-1__Fee-American__Starts-50","9","67","0","P","7","14","P Offer","P Liability Signal: 7;P Files: 1;D Answers: 1;P Abandons: 2","7,1,1,2","0.10809999999999999","false","1000.0915231308604","1000.0915231308604","2","0.15","0","1000.0561939688552","0.035329162005268699","false"
"Specification-ModerateRiskAversion__Cost-1__Fee-American__Starts-50","9","67","0","P","7","14","P Offer","P Liability Signal: 7;P Files: 1;D Answers: 1;P Abandons: 2","7,1,1,2","0.10809999999999999","false","1000.0915231308604","1000.0915231308604","3","0.25","0","1000.0648547868213","0.026668344039080694","false"
"Specification-ModerateRiskAversion__Cost-1__Fee-American__Starts-50","9","67","0","P","7","14","P Offer","P Liability Signal: 7;P Files: 1;D Answers: 1;P Abandons: 2","7,1,1,2","0.10809999999999999","false","1000.0915231308604","1000.0915231308604","4","0.35","0","1000.0713035605446","0.020219570315816782","false"
"Specification-ModerateRiskAversion__Cost-1__Fee-American__Starts-50","9","67","0","P","7","14","P Offer","P Liability Signal: 7;P Files: 1;D Answers: 1;P Abandons: 2","7,1,1,2","0.10809999999999999","false","1000.0915231308604","1000.0915231308604","5","0.45","0","1000.0771402037383","0.014382927122142064","false"
"Specification-ModerateRiskAversion__Cost-1__Fee-American__Starts-50","9","67","0","P","7","14","P Offer","P Liability Signal: 7;P Files: 1;D Answers: 1;P Abandons: 2","7,1,1,2","0.10809999999999999","false","1000.0915231308604","1000.0915231308604","6","0.55","0","1000.0824225049491","0.0091006259112873522","false"
"Specification-ModerateRiskAversion__Cost-1__Fee-American__Starts-50","9","67","0","P","7","14","P Offer","P Liability Signal: 7;P Files: 1;D Answers: 1;P Abandons: 2","7,1,1,2","0.10809999999999999","false","1000.0915231308604","1000.0915231308604","7","0.65","0","1000.0871996914575","0.004323439402924123","false"
"Specification-ModerateRiskAversion__Cost-1__Fee-American__Starts-50","9","67","0","P","7","14","P Offer","P Liability Signal: 7;P Files: 1;D Answers: 1;P Abandons: 2","7,1,1,2","0.10809999999999999","false","1000.0915231308604","1000.0915231308604","8","0.75","1","1000.0915231308604","0","true"
"Specification-ModerateRiskAversion__Cost-1__Fee-American__Starts-50","9","67","0","P","7","14","P Offer","P Liability Signal: 7;P Files: 1;D Answers: 1;P Abandons: 2","7,1,1,2","0.10809999999999999","false","1000.0915231308604","1000.0915231308604","9","0.85","0","1000.0531147146792","0.038408416181255234","false"
"Specification-ModerateRiskAversion__Cost-1__Fee-American__Starts-50","9","67","0","P","7","14","P Offer","P Liability Signal: 7;P Files: 1;D Answers: 1;P Abandons: 2","7,1,1,2","0.10809999999999999","false","1000.0915231308604","1000.0915231308604","10","0.95","0","1000.0531147146792","0.038408416181255234","false"
"Specification-ModerateRiskAversion__Cost-1__Fee-American__Starts-50","9","68","0","P","2","9","P Files","P Liability Signal: 8","8","0.10618","false","1000.1104669866404","1000.1104669866404","1","Yes","1","1000.1104669866404","0","true"
"Specification-ModerateRiskAversion__Cost-1__Fee-American__Starts-50","9","68","0","P","2","9","P Files","P Liability Signal: 8","8","0.10618","false","1000.1104669866404","1000.1104669866404","2","No","0","1000.0000018767998","0.11046510984056113","false"
"Specification-ModerateRiskAversion__Cost-1__Fee-American__Starts-50","9","69","0","P","5","20","P Abandons","P Liability Signal: 8;P Files: 1;D Answers: 1","8,1,1","0.10618","false","1000.1104669866404","1000.1104669866404","1","Yes","0","1000.0481039256313","0.0623630610091368","false"
"Specification-ModerateRiskAversion__Cost-1__Fee-American__Starts-50","9","69","0","P","5","20","P Abandons","P Liability Signal: 8;P Files: 1;D Answers: 1","8,1,1","0.10618","false","1000.1104669866404","1000.1104669866404","2","No","1","1000.1104669866404","0","true"
"Specification-ModerateRiskAversion__Cost-1__Fee-American__Starts-50","9","70","0","P","7","14","P Offer","P Liability Signal: 8;P Files: 1;D Answers: 1;P Abandons: 1","8,1,1,1","0","true","","","1","0.05","0.10000000000000001","","",""
"Specification-ModerateRiskAversion__Cost-1__Fee-American__Starts-50","9","70","0","P","7","14","P Offer","P Liability Signal: 8;P Files: 1;D Answers: 1;P Abandons: 1","8,1,1,1","0","true","","","2","0.15","0.10000000000000001","","",""
"Specification-ModerateRiskAversion__Cost-1__Fee-American__Starts-50","9","70","0","P","7","14","P Offer","P Liability Signal: 8;P Files: 1;D Answers: 1;P Abandons: 1","8,1,1,1","0","true","","","3","0.25","0.10000000000000001","","",""
"Specification-ModerateRiskAversion__Cost-1__Fee-American__Starts-50","9","70","0","P","7","14","P Offer","P Liability Signal: 8;P Files: 1;D Answers: 1;P Abandons: 1","8,1,1,1","0","true","","","4","0.35","0.10000000000000001","","",""
"Specification-ModerateRiskAversion__Cost-1__Fee-American__Starts-50","9","70","0","P","7","14","P Offer","P Liability Signal: 8;P Files: 1;D Answers: 1;P Abandons: 1","8,1,1,1","0","true","","","5","0.45","0.10000000000000001","","",""
"Specification-ModerateRiskAversion__Cost-1__Fee-American__Starts-50","9","70","0","P","7","14","P Offer","P Liability Signal: 8;P Files: 1;D Answers: 1;P Abandons: 1","8,1,1,1","0","true","","","6","0.55","0.10000000000000001","","",""
"Specification-ModerateRiskAversion__Cost-1__Fee-American__Starts-50","9","70","0","P","7","14","P Offer","P Liability Signal: 8;P Files: 1;D Answers: 1;P Abandons: 1","8,1,1,1","0","true","","","7","0.65","0.10000000000000001","","",""
"Specification-ModerateRiskAversion__Cost-1__Fee-American__Starts-50","9","70","0","P","7","14","P Offer","P Liability Signal: 8;P Files: 1;D Answers: 1;P Abandons: 1","8,1,1,1","0","true","","","8","0.75","0.10000000000000001","","",""
"Specification-ModerateRiskAversion__Cost-1__Fee-American__Starts-50","9","70","0","P","7","14","P Offer","P Liability Signal: 8;P Files: 1;D Answers: 1;P Abandons: 1","8,1,1,1","0","true","","","9","0.85","0.10000000000000001","","",""
"Specification-ModerateRiskAversion__Cost-1__Fee-American__Starts-50","9","70","0","P","7","14","P Offer","P Liability Signal: 8;P Files: 1;D Answers: 1;P Abandons: 1","8,1,1,1","0","true","","","10","0.95","0.10000000000000001","","",""
"Specification-ModerateRiskAversion__Cost-1__Fee-American__Starts-50","9","71","0","P","7","14","P Offer","P Liability Signal: 8;P Files: 1;D Answers: 1;P Abandons: 2","8,1,1,2","0.10618","false","1000.1104669866404","1000.1104669866404","1","0.05","0","1000.0550892976548","0.055377688985572604","false"
"Specification-ModerateRiskAversion__Cost-1__Fee-American__Starts-50","9","71","0","P","7","14","P Offer","P Liability Signal: 8;P Files: 1;D Answers: 1;P Abandons: 2","8,1,1,2","0.10618","false","1000.1104669866404","1000.1104669866404","2","0.15","0","1000.0691795770407","0.041287409599704006","false"
"Specification-ModerateRiskAversion__Cost-1__Fee-American__Starts-50","9","71","0","P","7","14","P Offer","P Liability Signal: 8;P Files: 1;D Answers: 1;P Abandons: 2","8,1,1,2","0.10618","false","1000.1104669866404","1000.1104669866404","3","0.25","0","1000.0803690246696","0.03009796197079595","false"
"Specification-ModerateRiskAversion__Cost-1__Fee-American__Starts-50","9","71","0","P","7","14","P Offer","P Liability Signal: 8;P Files: 1;D Answers: 1;P Abandons: 2","8,1,1,2","0.10618","false","1000.1104669866404","1000.1104669866404","4","0.35","0","1000.0876471273517","0.022819859288688349","false"
"Specification-ModerateRiskAversion__Cost-1__Fee-American__Starts-50","9","71","0","P","7","14","P Offer","P Liability Signal: 8;P Files: 1;D Answers: 1;P Abandons: 2","8,1,1,2","0.10618","false","1000.1104669866404","1000.1104669866404","5","0.45","0","1000.094234377937","0.016232608703376172","false"
"Specification-ModerateRiskAversion__Cost-1__Fee-American__Starts-50","9","71","0","P","7","14","P Offer","P Liability Signal: 8;P Files: 1;D Answers: 1;P Abandons: 2","8,1,1,2","0.10618","false","1000.1104669866404","1000.1104669866404","6","0.55","0","1000.1001959967288","0.010270989911646211","false"
"Specification-ModerateRiskAversion__Cost-1__Fee-American__Starts-50","9","71","0","P","7","14","P Offer","P Liability Signal: 8;P Files: 1;D Answers: 1;P Abandons: 2","8,1,1,2","0.10618","false","1000.1104669866404","1000.1104669866404","7","0.65","0","1000.1055875417625","0.0048794448779290178","false"
"Specification-ModerateRiskAversion__Cost-1__Fee-American__Starts-50","9","71","0","P","7","14","P Offer","P Liability Signal: 8;P Files: 1;D Answers: 1;P Abandons: 2","8,1,1,2","0.10618","false","1000.1104669866404","1000.1104669866404","8","0.75","1","1000.1104669866404","0","true"
"Specification-ModerateRiskAversion__Cost-1__Fee-American__Starts-50","9","71","0","P","7","14","P Offer","P Liability Signal: 8;P Files: 1;D Answers: 1;P Abandons: 2","8,1,1,2","0.10618","false","1000.1104669866404","1000.1104669866404","9","0.85","0","1000.0826959774163","0.027771009224125009","false"
"Specification-ModerateRiskAversion__Cost-1__Fee-American__Starts-50","9","71","0","P","7","14","P Offer","P Liability Signal: 8;P Files: 1;D Answers: 1;P Abandons: 2","8,1,1,2","0.10618","false","1000.1104669866404","1000.1104669866404","10","0.95","0","1000.0826959774163","0.027771009224125009","false"
"Specification-ModerateRiskAversion__Cost-1__Fee-American__Starts-50","9","72","0","P","2","9","P Files","P Liability Signal: 9","9","0.097680000000000003","false","1000.120764341587","1000.120764341587","1","Yes","1","1000.120764341587","0","true"
"Specification-ModerateRiskAversion__Cost-1__Fee-American__Starts-50","9","72","0","P","2","9","P Files","P Liability Signal: 9","9","0.097680000000000003","false","1000.120764341587","1000.120764341587","2","No","0","1000.0000018767998","0.12076246478716257","false"
"Specification-ModerateRiskAversion__Cost-1__Fee-American__Starts-50","9","73","0","P","5","20","P Abandons","P Liability Signal: 9;P Files: 1;D Answers: 1","9,1,1","0.097680000000000003","false","1000.120764341587","1000.120764341587","1","Yes","0","1000.0562232738795","0.064541067707523325","false"
"Specification-ModerateRiskAversion__Cost-1__Fee-American__Starts-50","9","73","0","P","5","20","P Abandons","P Liability Signal: 9;P Files: 1;D Answers: 1","9,1,1","0.097680000000000003","false","1000.120764341587","1000.120764341587","2","No","1","1000.120764341587","0","true"
"Specification-ModerateRiskAversion__Cost-1__Fee-American__Starts-50","9","74","0","P","7","14","P Offer","P Liability Signal: 9;P Files: 1;D Answers: 1;P Abandons: 1","9,1,1,1","0","true","","","1","0.05","0.10000000000000001","","",""
"Specification-ModerateRiskAversion__Cost-1__Fee-American__Starts-50","9","74","0","P","7","14","P Offer","P Liability Signal: 9;P Files: 1;D Answers: 1;P Abandons: 1","9,1,1,1","0","true","","","2","0.15","0.10000000000000001","","",""
"Specification-ModerateRiskAversion__Cost-1__Fee-American__Starts-50","9","74","0","P","7","14","P Offer","P Liability Signal: 9;P Files: 1;D Answers: 1;P Abandons: 1","9,1,1,1","0","true","","","3","0.25","0.10000000000000001","","",""
"Specification-ModerateRiskAversion__Cost-1__Fee-American__Starts-50","9","74","0","P","7","14","P Offer","P Liability Signal: 9;P Files: 1;D Answers: 1;P Abandons: 1","9,1,1,1","0","true","","","4","0.35","0.10000000000000001","","",""
"Specification-ModerateRiskAversion__Cost-1__Fee-American__Starts-50","9","74","0","P","7","14","P Offer","P Liability Signal: 9;P Files: 1;D Answers: 1;P Abandons: 1","9,1,1,1","0","true","","","5","0.45","0.10000000000000001","","",""
"Specification-ModerateRiskAversion__Cost-1__Fee-American__Starts-50","9","74","0","P","7","14","P Offer","P Liability Signal: 9;P Files: 1;D Answers: 1;P Abandons: 1","9,1,1,1","0","true","","","6","0.55","0.10000000000000001","","",""
"Specification-ModerateRiskAversion__Cost-1__Fee-American__Starts-50","9","74","0","P","7","14","P Offer","P Liability Signal: 9;P Files: 1;D Answers: 1;P Abandons: 1","9,1,1,1","0","true","","","7","0.65","0.10000000000000001","","",""
"Specification-ModerateRiskAversion__Cost-1__Fee-American__Starts-50","9","74","0","P","7","14","P Offer","P Liability Signal: 9;P Files: 1;D Answers: 1;P Abandons: 1","9,1,1,1","0","true","","","8","0.75","0.10000000000000001","","",""
"Specification-ModerateRiskAversion__Cost-1__Fee-American__Starts-50","9","74","0","P","7","14","P Offer","P Liability Signal: 9;P Files: 1;D Answers: 1;P Abandons: 1","9,1,1,1","0","true","","","9","0.85","0.10000000000000001","","",""
"Specification-ModerateRiskAversion__Cost-1__Fee-American__Starts-50","9","74","0","P","7","14","P Offer","P Liability Signal: 9;P Files: 1;D Answers: 1;P Abandons: 1","9,1,1,1","0","true","","","10","0.95","0.10000000000000001","","",""
"Specification-ModerateRiskAversion__Cost-1__Fee-American__Starts-50","9","75","0","P","7","14","P Offer","P Liability Signal: 9;P Files: 1;D Answers: 1;P Abandons: 2","9,1,1,2","0.097680000000000003","false","1000.120764341587","1000.120764341587","1","0.05","0","1000.0617642368489","0.059000104738061054","false"
"Specification-ModerateRiskAversion__Cost-1__Fee-American__Starts-50","9","75","0","P","7","14","P Offer","P Liability Signal: 9;P Files: 1;D Answers: 1;P Abandons: 2","9,1,1,2","0.097680000000000003","false","1000.120764341587","1000.120764341587","2","0.15","0","1000.0761491326801","0.044615208906861881","false"
"Specification-ModerateRiskAversion__Cost-1__Fee-American__Starts-50","9","75","0","P","7","14","P Offer","P Liability Signal: 9;P Files: 1;D Answers: 1;P Abandons: 2","9,1,1,2","0.097680000000000003","false","1000.120764341587","1000.120764341587","3","0.25","0","1000.0884013883199","0.032362953267124794","false"
"Specification-ModerateRiskAversion__Cost-1__Fee-American__Starts-50","9","75","0","P","7","14","P Offer","P Liability Signal: 9;P Files: 1;D Answers: 1;P Abandons: 2","9,1,1,2","0.097680000000000003","false","1000.120764341587","1000.120764341587","4","0.35","0","1000.0962271971636","0.024537144423447899","false"
"Specification-ModerateRiskAversion__Cost-1__Fee-American__Starts-50","9","75","0","P","7","14","P Offer","P Liability Signal: 9;P Files: 1;D Answers: 1;P Abandons: 2","9,1,1,2","0.097680000000000003","false","1000.120764341587","1000.120764341587","5","0.45","0","1000.1033101645439","0.017454177043077834","false"
"Specification-ModerateRiskAversion__Cost-1__Fee-American__Starts-50","9","75","0","P","7","14","P Offer","P Liability Signal: 9;P Files: 1;D Answers: 1;P Abandons: 2","9,1,1,2","0.097680000000000003","false","1000.120764341587","1000.120764341587","6","0.55","0","1000.1097204188508","0.01104392273623489","false"
"Specification-ModerateRiskAversion__Cost-1__Fee-American__Starts-50","9","75","0","P","7","14","P Offer","P Liability Signal: 9;P Files: 1;D Answers: 1;P Abandons: 2","9,1,1,2","0.097680000000000003","false","1000.120764341587","1000.120764341587","7","0.65","0","1000.1155176990828","0.0052466425041757248","false"
"Specification-ModerateRiskAversion__Cost-1__Fee-American__Starts-50","9","75","0","P","7","14","P Offer","P Liability Signal: 9;P Files: 1;D Answers: 1;P Abandons: 2","9,1,1,2","0.097680000000000003","false","1000.120764341587","1000.120764341587","8","0.75","1","1000.120764341587","0","true"
"Specification-ModerateRiskAversion__Cost-1__Fee-American__Starts-50","9","75","0","P","7","14","P Offer","P Liability Signal: 9;P Files: 1;D Answers: 1;P Abandons: 2","9,1,1,2","0.097680000000000003","false","1000.120764341587","1000.120764341587","9","0.85","0","1000.1026409424061","0.018123399180922206","false"
"Specification-ModerateRiskAversion__Cost-1__Fee-American__Starts-50","9","75","0","P","7","14","P Offer","P Liability Signal: 9;P Files: 1;D Answers: 1;P Abandons: 2","9,1,1,2","0.097680000000000003","false","1000.120764341587","1000.120764341587","10","0.95","0","1000.1026409424061","0.018123399180922206","false"
"Specification-ModerateRiskAversion__Cost-1__Fee-American__Starts-50","9","76","0","P","2","9","P Files","P Liability Signal: 10","10","0.080430000000000001","false","1000.1258452567506","1000.1258452567506","1","Yes","1","1000.1258452567506","0","true"
"Specification-ModerateRiskAversion__Cost-1__Fee-American__Starts-50","9","76","0","P","2","9","P Files","P Liability Signal: 10","10","0.080430000000000001","false","1000.1258452567506","1000.1258452567506","2","No","0","1000.0000018767998","0.12584337995076567","false"
"Specification-ModerateRiskAversion__Cost-1__Fee-American__Starts-50","9","77","0","P","5","20","P Abandons","P Liability Signal: 10;P Files: 1;D Answers: 1","10,1,1","0.080430000000000001","false","1000.1258452567506","1000.1258452567506","1","Yes","0","1000.0611568743986","0.064688382351960172","false"
"Specification-ModerateRiskAversion__Cost-1__Fee-American__Starts-50","9","77","0","P","5","20","P Abandons","P Liability Signal: 10;P Files: 1;D Answers: 1","10,1,1","0.080430000000000001","false","1000.1258452567506","1000.1258452567506","2","No","1","1000.1258452567506","0","true"
"Specification-ModerateRiskAversion__Cost-1__Fee-American__Starts-50","9","78","0","P","7","14","P Offer","P Liability Signal: 10;P Files: 1;D Answers: 1;P Abandons: 1","10,1,1,1","0","true","","","1","0.05","0.10000000000000001","","",""
"Specification-ModerateRiskAversion__Cost-1__Fee-American__Starts-50","9","78","0","P","7","14","P Offer","P Liability Signal: 10;P Files: 1;D Answers: 1;P Abandons: 1","10,1,1,1","0","true","","","2","0.15","0.10000000000000001","","",""
"Specification-ModerateRiskAversion__Cost-1__Fee-American__Starts-50","9","78","0","P","7","14","P Offer","P Liability Signal: 10;P Files: 1;D Answers: 1;P Abandons: 1","10,1,1,1","0","true","","","3","0.25","0.10000000000000001","","",""
"Specification-ModerateRiskAversion__Cost-1__Fee-American__Starts-50","9","78","0","P","7","14","P Offer","P Liability Signal: 10;P Files: 1;D Answers: 1;P Abandons: 1","10,1,1,1","0","true","","","4","0.35","0.10000000000000001","","",""
"Specification-ModerateRiskAversion__Cost-1__Fee-American__Starts-50","9","78","0","P","7","14","P Offer","P Liability Signal: 10;P Files: 1;D Answers: 1;P Abandons: 1","10,1,1,1","0","true","","","5","0.45","0.10000000000000001","","",""
"Specification-ModerateRiskAversion__Cost-1__Fee-American__Starts-50","9","78","0","P","7","14","P Offer","P Liability Signal: 10;P Files: 1;D Answers: 1;P Abandons: 1","10,1,1,1","0","true","","","6","0.55","0.10000000000000001","","",""
"Specification-ModerateRiskAversion__Cost-1__Fee-American__Starts-50","9","78","0","P","7","14","P Offer","P Liability Signal: 10;P Files: 1;D Answers: 1;P Abandons: 1","10,1,1,1","0","true","","","7","0.65","0.10000000000000001","","",""
"Specification-ModerateRiskAversion__Cost-1__Fee-American__Starts-50","9","78","0","P","7","14","P Offer","P Liability Signal: 10;P Files: 1;D Answers: 1;P Abandons: 1","10,1,1,1","0","true","","","8","0.75","0.10000000000000001","","",""
"Specification-ModerateRiskAversion__Cost-1__Fee-American__Starts-50","9","78","0","P","7","14","P Offer","P Liability Signal: 10;P Files: 1;D Answers: 1;P Abandons: 1","10,1,1,1","0","true","","","9","0.85","0.10000000000000001","","",""
"Specification-ModerateRiskAversion__Cost-1__Fee-American__Starts-50","9","78","0","P","7","14","P Offer","P Liability Signal: 10;P Files: 1;D Answers: 1;P Abandons: 1","10,1,1,1","0","true","","","10","0.95","0.10000000000000001","","",""
"Specification-ModerateRiskAversion__Cost-1__Fee-American__Starts-50","9","79","0","P","7","14","P Offer","P Liability Signal: 10;P Files: 1;D Answers: 1;P Abandons: 2","10,1,1,2","0.080430000000000001","false","1000.1258452567506","1000.1258452567506","1","0.05","0","1000.065786897665","0.060058359085587654","false"
"Specification-ModerateRiskAversion__Cost-1__Fee-American__Starts-50","9","79","0","P","7","14","P Offer","P Liability Signal: 10;P Files: 1;D Answers: 1;P Abandons: 2","10,1,1,2","0.080430000000000001","false","1000.1258452567506","1000.1258452567506","2","0.15","0","1000.0796295131238","0.04621574362681713","false"
"Specification-ModerateRiskAversion__Cost-1__Fee-American__Starts-50","9","79","0","P","7","14","P Offer","P Liability Signal: 10;P Files: 1;D Answers: 1;P Abandons: 2","10,1,1,2","0.080430000000000001","false","1000.1258452567506","1000.1258452567506","3","0.25","0","1000.0921004637983","0.03374479295234778","false"
"Specification-ModerateRiskAversion__Cost-1__Fee-American__Starts-50","9","79","0","P","7","14","P Offer","P Liability Signal: 10;P Files: 1;D Answers: 1;P Abandons: 2","10,1,1,2","0.080430000000000001","false","1000.1258452567506","1000.1258452567506","4","0.35","0","1000.1002604205531","0.025584836197481309","false"
"Specification-ModerateRiskAversion__Cost-1__Fee-American__Starts-50","9","79","0","P","7","14","P Offer","P Liability Signal: 10;P Files: 1;D Answers: 1;P Abandons: 2","10,1,1,2","0.080430000000000001","false","1000.1258452567506","1000.1258452567506","5","0.45","0","1000.107645817855","0.018199438895635467","false"
"Specification-ModerateRiskAversion__Cost-1__Fee-American__Starts-50","9","79","0","P","7","14","P Offer","P Liability Signal: 10;P Files: 1;D Answers: 1;P Abandons: 2","10,1,1,2","0.080430000000000001","false","1000.1258452567506","1000.1258452567506","6","0.55","0","1000.1143297784495","0.011515478301134863","false"
"Specification-ModerateRiskAversion__Cost-1__Fee-American__Starts-50","9","79","0","P","7","14","P Offer","P Liability Signal: 10;P Files: 1;D Answers: 1;P Abandons: 2","10,1,1,2","0.080430000000000001","false","1000.1258452567506","1000.1258452567506","7","0.65","0","1000.1203745920825","0.0054706646681097482","false"
"Specification-ModerateRiskAversion__Cost-1__Fee-American__Starts-50","9","79","0","P","7","14","P Offer","P Liability Signal: 10;P Files: 1;D Answers: 1;P Abandons: 2","10,1,1,2","0.080430000000000001","false","1000.1258452567506","1000.1258452567506","8","0.75","1","1000.1258452567506","0","true"
"Specification-ModerateRiskAversion__Cost-1__Fee-American__Starts-50","9","79","0","P","7","14","P Offer","P Liability Signal: 10;P Files: 1;D Answers: 1;P Abandons: 2","10,1,1,2","0.080430000000000001","false","1000.1258452567506","1000.1258452567506","9","0.85","0","1000.1150287910601","0.010816465690481891","false"
"Specification-ModerateRiskAversion__Cost-1__Fee-American__Starts-50","9","79","0","P","7","14","P Offer","P Liability Signal: 10;P Files: 1;D Answers: 1;P Abandons: 2","10,1,1,2","0.080430000000000001","false","1000.1258452567506","1000.1258452567506","10","0.95","0","1000.1150287910601","0.010816465690481891","false"
"Specification-ModerateRiskAversion__Cost-1__Fee-American__Starts-50","9","1","1","D","3","10","D Answers","D Liability Signal: 1;P Files: 1","1,1","0.025013336346626683","false","999.76795440037301","999.76795440037301","1","Yes","1","999.76795440037301","0","true"
"Specification-ModerateRiskAversion__Cost-1__Fee-American__Starts-50","9","1","1","D","3","10","D Answers","D Liability Signal: 1;P Files: 1","1,1","0.025013336346626683","false","999.76795440037301","999.76795440037301","2","No","0","998.80797684000015","0.95997756037286308","false"
"Specification-ModerateRiskAversion__Cost-1__Fee-American__Starts-50","9","3","1","D","6","21","D Defaults","D Liability Signal: 1;P Files: 1;D Answers: 1","1,1,1","0.025013336346626683","false","999.76795440037301","999.76795440037301","1","Yes","0","998.91425907136488","0.85369532900813283","false"
"Specification-ModerateRiskAversion__Cost-1__Fee-American__Starts-50","9","3","1","D","6","21","D Defaults","D Liability Signal: 1;P Files: 1;D Answers: 1","1,1,1","0.025013336346626683","false","999.76795440037301","999.76795440037301","2","No","1","999.76795440037301","0","true"
"Specification-ModerateRiskAversion__Cost-1__Fee-American__Starts-50","9","5","1","D","8","15","D Offer","D Liability Signal: 1;P Files: 1;D Answers: 1;D Defaults: 1","1,1,1,1","0","true","","","1","0.05","0.10000000000000001","","",""
"Specification-ModerateRiskAversion__Cost-1__Fee-American__Starts-50","9","5","1","D","8","15","D Offer","D Liability Signal: 1;P Files: 1;D Answers: 1;D Defaults: 1","1,1,1,1","0","true","","","2","0.15","0.10000000000000001","","",""
"Specification-ModerateRiskAversion__Cost-1__Fee-American__Starts-50","9","5","1","D","8","15","D Offer","D Liability Signal: 1;P Files: 1;D Answers: 1;D Defaults: 1","1,1,1,1","0","true","","","3","0.25","0.10000000000000001","","",""
"Specification-ModerateRiskAversion__Cost-1__Fee-American__Starts-50","9","5","1","D","8","15","D Offer","D Liability Signal: 1;P Files: 1;D Answers: 1;D Defaults: 1","1,1,1,1","0","true","","","4","0.35","0.10000000000000001","","",""
"Specification-ModerateRiskAversion__Cost-1__Fee-American__Starts-50","9","5","1","D","8","15","D Offer","D Liability Signal: 1;P Files: 1;D Answers: 1;D Defaults: 1","1,1,1,1","0","true","","","5","0.45","0.10000000000000001","","",""
"Specification-ModerateRiskAversion__Cost-1__Fee-American__Starts-50","9","5","1","D","8","15","D Offer","D Liability Signal: 1;P Files: 1;D Answers: 1;D Defaults: 1","1,1,1,1","0","true","","","6","0.55","0.10000000000000001","","",""
"Specification-ModerateRiskAversion__Cost-1__Fee-American__Starts-50","9","5","1","D","8","15","D Offer","D Liability Signal: 1;P Files: 1;D Answers: 1;D Defaults: 1","1,1,1,1","0","true","","","7","0.65","0.10000000000000001","","",""
"Specification-ModerateRiskAversion__Cost-1__Fee-American__Starts-50","9","5","1","D","8","15","D Offer","D Liability Signal: 1;P Files: 1;D Answers: 1;D Defaults: 1","1,1,1,1","0","true","","","8","0.75","0.10000000000000001","","",""
"Specification-ModerateRiskAversion__Cost-1__Fee-American__Starts-50","9","5","1","D","8","15","D Offer","D Liability Signal: 1;P Files: 1;D Answers: 1;D Defaults: 1","1,1,1,1","0","true","","","9","0.85","0.10000000000000001","","",""
"Specification-ModerateRiskAversion__Cost-1__Fee-American__Starts-50","9","5","1","D","8","15","D Offer","D Liability Signal: 1;P Files: 1;D Answers: 1;D Defaults: 1","1,1,1,1","0","true","","","10","0.95","0.10000000000000001","","",""
"Specification-ModerateRiskAversion__Cost-1__Fee-American__Starts-50","9","6","1","D","8","15","D Offer","D Liability Signal: 1;P Files: 1;D Answers: 1;D Defaults: 2","1,1,1,2","0.025013336346626683","false","999.76795440037301","999.76795440037301","1","0.05","1","999.76795440037301","0","true"
"Specification-ModerateRiskAversion__Cost-1__Fee-American__Starts-50","9","6","1","D","8","15","D Offer","D Liability Signal: 1;P Files: 1;D Answers: 1;D Defaults: 2","1,1,1,2","0.025013336346626683","false","999.76795440037301","999.76795440037301","2","0.15","0","999.76795440037301","0","true"
"Specification-ModerateRiskAversion__Cost-1__Fee-American__Starts-50","9","6","1","D","8","15","D Offer","D Liability Signal: 1;P Files: 1;D Answers: 1;D Defaults: 2","1,1,1,2","0.025013336346626683","false","999.76795440037301","999.76795440037301","3","0.25","0","999.76795440037301","0","true"
"Specification-ModerateRiskAversion__Cost-1__Fee-American__Starts-50","9","6","1","D","8","15","D Offer","D Liability Signal: 1;P Files: 1;D Answers: 1;D Defaults: 2","1,1,1,2","0.025013336346626683","false","999.76795440037301","999.76795440037301","4","0.35","0","999.76795440037301","0","true"
"Specification-ModerateRiskAversion__Cost-1__Fee-American__Starts-50","9","6","1","D","8","15","D Offer","D Liability Signal: 1;P Files: 1;D Answers: 1;D Defaults: 2","1,1,1,2","0.025013336346626683","false","999.76795440037301","999.76795440037301","5","0.45","0","999.76795440037301","0","true"
"Specification-ModerateRiskAversion__Cost-1__Fee-American__Starts-50","9","6","1","D","8","15","D Offer","D Liability Signal: 1;P Files: 1;D Answers: 1;D Defaults: 2","1,1,1,2","0.025013336346626683","false","999.76795440037301","999.76795440037301","6","0.55","0","999.76795440037301","0","true"
"Specification-ModerateRiskAversion__Cost-1__Fee-American__Starts-50","9","6","1","D","8","15","D Offer","D Liability Signal: 1;P Files: 1;D Answers: 1;D Defaults: 2","1,1,1,2","0.025013336346626683","false","999.76795440037301","999.76795440037301","7","0.65","0","999.76795440037301","0","true"
"Specification-ModerateRiskAversion__Cost-1__Fee-American__Starts-50","9","6","1","D","8","15","D Offer","D Liability Signal: 1;P Files: 1;D Answers: 1;D Defaults: 2","1,1,1,2","0.025013336346626683","false","999.76795440037301","999.76795440037301","8","0.75","0","999.05787299840006","0.71008140197295688","false"
"Specification-ModerateRiskAversion__Cost-1__Fee-American__Starts-50","9","6","1","D","8","15","D Offer","D Liability Signal: 1;P Files: 1;D Answers: 1;D Defaults: 2","1,1,1,2","0.025013336346626683","false","999.76795440037301","999.76795440037301","9","0.85","0","998.93917176640014","0.8287826339728781","false"
"Specification-ModerateRiskAversion__Cost-1__Fee-American__Starts-50","9","6","1","D","8","15","D Offer","D Liability Signal: 1;P Files: 1;D Answers: 1;D Defaults: 2","1,1,1,2","0.025013336346626683","false","999.76795440037301","999.76795440037301","10","0.95","0","998.80797684000015","0.95997756037286308","false"
"Specification-ModerateRiskAversion__Cost-1__Fee-American__Starts-50","9","8","1","D","3","10","D Answers","D Liability Signal: 2;P Files: 1","2,1","0.036820239658947443","false","999.66948127184833","999.66948127184833","1","Yes","1","999.66948127184833","0","true"
"Specification-ModerateRiskAversion__Cost-1__Fee-American__Starts-50","9","8","1","D","3","10","D Answers","D Liability Signal: 2;P Files: 1","2,1","0.036820239658947443","false","999.66948127184833","999.66948127184833","2","No","0","998.80797684000026","0.86150443184806136","false"
"Specification-ModerateRiskAversion__Cost-1__Fee-American__Starts-50","9","9","1","D","6","21","D Defaults","D Liability Signal: 2;P Files: 1;D Answers: 1","2,1,1","0.036820239658947443","false","999.66948127184833","999.66948127184833","1","Yes","0","998.87888614665599","0.79059512519233976","false"
"Specification-ModerateRiskAversion__Cost-1__Fee-American__Starts-50","9","9","1","D","6","21","D Defaults","D Liability Signal: 2;P Files: 1;D Answers: 1","2,1,1","0.036820239658947443","false","999.66948127184833","999.66948127184833","2","No","1","999.66948127184833","0","true"
"Specification-ModerateRiskAversion__Cost-1__Fee-American__Starts-50","9","10","1","D","8","15","D Offer","D Liability Signal: 2;P Files: 1;D Answers: 1;D Defaults: 1","2,1,1,1","0","true","","","1","0.05","0.10000000000000001","","",""
"Specification-ModerateRiskAversion__Cost-1__Fee-American__Starts-50","9","10","1","D","8","15","D Offer","D Liability Signal: 2;P Files: 1;D Answers: 1;D Defaults: 1","2,1,1,1","0","true","","","2","0.15","0.10000000000000001","","",""
"Specification-ModerateRiskAversion__Cost-1__Fee-American__Starts-50","9","10","1","D","8","15","D Offer","D Liability Signal: 2;P Files: 1;D Answers: 1;D Defaults: 1","2,1,1,1","0","true","","","3","0.25","0.10000000000000001","","",""
"Specification-ModerateRiskAversion__Cost-1__Fee-American__Starts-50","9","10","1","D","8","15","D Offer","D Liability Signal: 2;P Files: 1;D Answers: 1;D Defaults: 1","2,1,1,1","0","true","","","4","0.35","0.10000000000000001","","",""
"Specification-ModerateRiskAversion__Cost-1__Fee-American__Starts-50","9","10","1","D","8","15","D Offer","D Liability Signal: 2;P Files: 1;D Answers: 1;D Defaults: 1","2,1,1,1","0","true","","","5","0.45","0.10000000000000001","","",""
"Specification-ModerateRiskAversion__Cost-1__Fee-American__Starts-50","9","10","1","D","8","15","D Offer","D Liability Signal: 2;P Files: 1;D Answers: 1;D Defaults: 1","2,1,1,1","0","true","","","6","0.55","0.10000000000000001","","",""
"Specification-ModerateRiskAversion__Cost-1__Fee-American__Starts-50","9","10","1","D","8","15","D Offer","D Liability Signal: 2;P Files: 1;D Answers: 1;D Defaults: 1","2,1,1,1","0","true","","","7","0.65","0.10000000000000001","","",""
"Specification-ModerateRiskAversion__Cost-1__Fee-American__Starts-50","9","10","1","D","8","15","D Offer","D Liability Signal: 2;P Files: 1;D Answers: 1;D Defaults: 1","2,1,1,1","0","true","","","8","0.75","0.10000000000000001","","",""
"Specification-ModerateRiskAversion__Cost-1__Fee-American__Starts-50","9","10","1","D","8","15","D Offer","D Liability Signal: 2;P Files: 1;D Answers: 1;D Defaults: 1","2,1,1,1","0","true","","","9","0.85","0.10000000000000001","","",""
"Specification-ModerateRiskAversion__Cost-1__Fee-American__Starts-50","9","10","1","D","8","15","D Offer","D Liability Signal: 2;P Files: 1;D Answers: 1;D Defaults: 1","2,1,1,1","0","true","","","10","0.95","0.10000000000000001","","",""
"Specification-ModerateRiskAversion__Cost-1__Fee-American__Starts-50","9","11","1","D","8","15","D Offer","D Liability Signal: 2;P Files: 1;D Answers: 1;D Defaults: 2","2,1,1,2","0.036820239658947443","false","999.66948127184833","999.66948127184833","1","0.05","1","999.66948127184833","0","true"
"Specification-ModerateRiskAversion__Cost-1__Fee-American__Starts-50","9","11","1","D","8","15","D Offer","D Liability Signal: 2;P Files: 1;D Answers: 1;D Defaults: 2","2,1,1,2","0.036820239658947443","false","999.66948127184833","999.66948127184833","2","0.15","0","999.66948127184833","0","true"
"Specification-ModerateRiskAversion__Cost-1__Fee-American__Starts-50","9","11","1","D","8","15","D Offer","D Liability Signal: 2;P Files: 1;D Answers: 1;D Defaults: 2","2,1,1,2","0.036820239658947443","false","999.66948127184833","999.66948127184833","3","0.25","0","999.66948127184833","0","true"
"Specification-ModerateRiskAversion__Cost-1__Fee-American__Starts-50","9","11","1","D","8","15","D Offer","D Liability Signal: 2;P Files: 1;D Answers: 1;D Defaults: 2","2,1,1,2","0.036820239658947443","false","999.66948127184833","999.66948127184833","4","0.35","0","999.66948127184833","0","true"
"Specification-ModerateRiskAversion__Cost-1__Fee-American__Starts-50","9","11","1","D","8","15","D Offer","D Liability Signal: 2;P Files: 1;D Answers: 1;D Defaults: 2","2,1,1,2","0.036820239658947443","false","999.66948127184833","999.66948127184833","5","0.45","0","999.66948127184833","0","true"
"Specification-ModerateRiskAversion__Cost-1__Fee-American__Starts-50","9","11","1","D","8","15","D Offer","D Liability Signal: 2;P Files: 1;D Answers: 1;D Defaults: 2","2,1,1,2","0.036820239658947443","false","999.66948127184833","999.66948127184833","6","0.55","0","999.66948127184833","0","true"
"Specification-ModerateRiskAversion__Cost-1__Fee-American__Starts-50","9","11","1","D","8","15","D Offer","D Liability Signal: 2;P Files: 1;D Answers: 1;D Defaults: 2","2,1,1,2","0.036820239658947443","false","999.66948127184833","999.66948127184833","7","0.65","0","999.66948127184833","0","true"
"Specification-ModerateRiskAversion__Cost-1__Fee-American__Starts-50","9","11","1","D","8","15","D Offer","D Liability Signal: 2;P Files: 1;D Answers: 1;D Defaults: 2","2,1,1,2","0.036820239658947443","false","999.66948127184833","999.66948127184833","8","0.75","0","999.05787299840006","0.61160827344826885","false"
"Specification-ModerateRiskAversion__Cost-1__Fee-American__Starts-50","9","11","1","D","8","15","D Offer","D Liability Signal: 2;P Files: 1;D Answers: 1;D Defaults: 2","2,1,1,2","0.036820239658947443","false","999.66948127184833","999.66948127184833","9","0.85","0","998.93917176640025","0.73030950544807638","false"
"Specification-ModerateRiskAversion__Cost-1__Fee-American__Starts-50","9","11","1","D","8","15","D Offer","D Liability Signal: 2;P Files: 1;D Answers: 1;D Defaults: 2","2,1,1,2","0.036820239658947443","false","999.66948127184833","999.66948127184833","10","0.95","0","998.80797684000026","0.86150443184806136","false"
"Specification-ModerateRiskAversion__Cost-1__Fee-American__Starts-50","9","12","1","D","3","10","D Answers","D Liability Signal: 3;P Files: 1","3,1","0.049613706298280665","false","999.52052388342793","999.52052388342793","1","Yes","1","999.52052388342793","0","true"
"Specification-ModerateRiskAversion__Cost-1__Fee-American__Starts-50","9","12","1","D","3","10","D Answers","D Liability Signal: 3;P Files: 1","3,1","0.049613706298280665","false","999.52052388342793","999.52052388342793","2","No","0","998.80797683999981","0.71254704342811692","false"
"Specification-ModerateRiskAversion__Cost-1__Fee-American__Starts-50","9","13","1","D","6","21","D Defaults","D Liability Signal: 3;P Files: 1;D Answers: 1","3,1,1","0.049613706298280665","false","999.52052388342793","999.52052388342793","1","Yes","0","998.8343616664306","0.6861622169973316","false"
"Specification-ModerateRiskAversion__Cost-1__Fee-American__Starts-50","9","13","1","D","6","21","D Defaults","D Liability Signal: 3;P Files: 1;D Answers: 1","3,1,1","0.049613706298280665","false","999.52052388342793","999.52052388342793","2","No","1","999.52052388342793","0","true"
"Specification-ModerateRiskAversion__Cost-1__Fee-American__Starts-50","9","14","1","D","8","15","D Offer","D Liability Signal: 3;P Files: 1;D Answers: 1;D Defaults: 1","3,1,1,1","0","true","","","1","0.05","0.10000000000000001","","",""
"Specification-ModerateRiskAversion__Cost-1__Fee-American__Starts-50","9","14","1","D","8","15","D Offer","D Liability Signal: 3;P Files: 1;D Answers: 1;D Defaults: 1","3,1,1,1","0","true","","","2","0.15","0.10000000000000001","","",""
"Specification-ModerateRiskAversion__Cost-1__Fee-American__Starts-50","9","14","1","D","8","15","D Offer","D Liability Signal: 3;P Files: 1;D Answers: 1;D Defaults: 1","3,1,1,1","0","true","","","3","0.25","0.10000000000000001","","",""
"Specification-ModerateRiskAversion__Cost-1__Fee-American__Starts-50","9","14","1","D","8","15","D Offer","D Liability Signal: 3;P Files: 1;D Answers: 1;D Defaults: 1","3,1,1,1","0","true","","","4","0.35","0.10000000000000001","","",""
"Specification-ModerateRiskAversion__Cost-1__Fee-American__Starts-50","9","14","1","D","8","15","D Offer","D Liability Signal: 3;P Files: 1;D Answers: 1;D Defaults: 1","3,1,1,1","0","true","","","5","0.45","0.10000000000000001","","",""
"Specification-ModerateRiskAversion__Cost-1__Fee-American__Starts-50","9","14","1","D","8","15","D Offer","D Liability Signal: 3;P Files: 1;D Answers: 1;D Defaults: 1","3,1,1,1","0","true","","","6","0.55","0.10000000000000001","","",""
"Specification-ModerateRiskAversion__Cost-1__Fee-American__Starts-50","9","14","1","D","8","15","D Offer","D Liability Signal: 3;P Files: 1;D Answers: 1;D Defaults: 1","3,1,1,1","0","true","","","7","0.65","0.10000000000000001","","",""
"Specification-ModerateRiskAversion__Cost-1__Fee-American__Starts-50","9","14","1","D","8","15","D Offer","D Liability Signal: 3;P Files: 1;D Answers: 1;D Defaults: 1","3,1,1,1","0","true","","","8","0.75","0.10000000000000001","","",""
"Specification-ModerateRiskAversion__Cost-1__Fee-American__Starts-50","9","14","1","D","8","15","D Offer","D Liability Signal: 3;P Files: 1;D Answers: 1;D Defaults: 1","3,1,1,1","0","true","","","9","0.85","0.10000000000000001","","",""
"Specification-ModerateRiskAversion__Cost-1__Fee-American__Starts-50","9","14","1","D","8","15","D Offer","D Liability Signal: 3;P Files: 1;D Answers: 1;D Defaults: 1","3,1,1,1","0","true","","","10","0.95","0.10000000000000001","","",""
"Specification-ModerateRiskAversion__Cost-1__Fee-American__Starts-50","9","15","1","D","8","15","D Offer","D Liability Signal: 3;P Files: 1;D Answers: 1;D Defaults: 2","3,1,1,2","0.049613706298280665","false","999.52052388342793","999.52052388342793","1","0.05","1","999.52052388342793","0","true"
"Specification-ModerateRiskAversion__Cost-1__Fee-American__Starts-50","9","15","1","D","8","15","D Offer","D Liability Signal: 3;P Files: 1;D Answers: 1;D Defaults: 2","3,1,1,2","0.049613706298280665","false","999.52052388342793","999.52052388342793","2","0.15","0","999.52052388342793","0","true"
"Specification-ModerateRiskAversion__Cost-1__Fee-American__Starts-50","9","15","1","D","8","15","D Offer","D Liability Signal: 3;P Files: 1;D Answers: 1;D Defaults: 2","3,1,1,2","0.049613706298280665","false","999.52052388342793","999.52052388342793","3","0.25","0","999.52052388342793","0","true"
"Specification-ModerateRiskAversion__Cost-1__Fee-American__Starts-50","9","15","1","D","8","15","D Offer","D Liability Signal: 3;P Files: 1;D Answers: 1;D Defaults: 2","3,1,1,2","0.049613706298280665","false","999.52052388342793","999.52052388342793","4","0.35","0","999.52052388342793","0","true"
"Specification-ModerateRiskAversion__Cost-1__Fee-American__Starts-50","9","15","1","D","8","15","D Offer","D Liability Signal: 3;P Files: 1;D Answers: 1;D Defaults: 2","3,1,1,2","0.049613706298280665","false","999.52052388342793","999.52052388342793","5","0.45","0","999.52052388342793","0","true"
"Specification-ModerateRiskAversion__Cost-1__Fee-American__Starts-50","9","15","1","D","8","15","D Offer","D Liability Signal: 3;P Files: 1;D Answers: 1;D Defaults: 2","3,1,1,2","0.049613706298280665","false","999.52052388342793","999.52052388342793","6","0.55","0","999.52052388342793","0","true"
"Specification-ModerateRiskAversion__Cost-1__Fee-American__Starts-50","9","15","1","D","8","15","D Offer","D Liability Signal: 3;P Files: 1;D Answers: 1;D Defaults: 2","3,1,1,2","0.049613706298280665","false","999.52052388342793","999.52052388342793","7","0.65","0","999.52052388342793","0","true"
"Specification-ModerateRiskAversion__Cost-1__Fee-American__Starts-50","9","15","1","D","8","15","D Offer","D Liability Signal: 3;P Files: 1;D Answers: 1;D Defaults: 2","3,1,1,2","0.049613706298280665","false","999.52052388342793","999.52052388342793","8","0.75","0","999.05787299839983","0.46265088502809704","false"
"Specification-ModerateRiskAversion__Cost-1__Fee-American__Starts-50","9","15","1","D","8","15","D Offer","D Liability Signal: 3;P Files: 1;D Answers: 1;D Defaults: 2","3,1,1,2","0.049613706298280665","false","999.52052388342793","999.52052388342793","9","0.85","0","998.93917176640002","0.58135211702790457","false"
"Specification-ModerateRiskAversion__Cost-1__Fee-American__Starts-50","9","15","1","D","8","15","D Offer","D Liability Signal: 3;P Files: 1;D Answers: 1;D Defaults: 2","3,1,1,2","0.049613706298280665","false","999.52052388342793","999.52052388342793","10","0.95","0","998.80797683999981","0.71254704342811692","false"
"Specification-ModerateRiskAversion__Cost-1__Fee-American__Starts-50","9","16","1","D","3","10","D Answers","D Liability Signal: 4;P Files: 1","4,1","0.062640666756983029","false","999.31444045137471","999.31444045137471","1","Yes","1","999.31444045137471","0","true"
"Specification-ModerateRiskAversion__Cost-1__Fee-American__Starts-50","9","16","1","D","3","10","D Answers","D Liability Signal: 4;P Files: 1","4,1","0.062640666756983029","false","999.31444045137471","999.31444045137471","2","No","0","998.80797684000015","0.50646361137455642","false"
"Specification-ModerateRiskAversion__Cost-1__Fee-American__Starts-50","9","17","1","D","6","21","D Defaults","D Liability Signal: 4;P Files: 1;D Answers: 1","4,1,1","0.062640666756983029","false","999.31444045137471","999.31444045137471","1","Yes","0","998.78252074707575","0.53191970429895719","false"
"Specification-ModerateRiskAversion__Cost-1__Fee-American__Starts-50","9","17","1","D","6","21","D Defaults","D Liability Signal: 4;P Files: 1;D Answers: 1","4,1,1","0.062640666756983029","false","999.31444045137471","999.31444045137471","2","No","1","999.31444045137471","0","true"
"Specification-ModerateRiskAversion__Cost-1__Fee-American__Starts-50","9","18","1","D","8","15","D Offer","D Liability Signal: 4;P Files: 1;D Answers: 1;D Defaults: 1","4,1,1,1","0","true","","","1","0.05","0.10000000000000001","","",""
"Specification-ModerateRiskAversion__Cost-1__Fee-American__Starts-50","9","18","1","D","8","15","D Offer","D Liability Signal: 4;P Files: 1;D Answers: 1;D Defaults: 1","4,1,1,1","0","true","","","2","0.15","0.10000000000000001","","",""
"Specification-ModerateRiskAversion__Cost-1__Fee-American__Starts-50","9","18","1","D","8","15","D Offer","D Liability Signal: 4;P Files: 1;D Answers: 1;D Defaults: 1","4,1,1,1","0","true","","","3","0.25","0.10000000000000001","","",""
"Specification-ModerateRiskAversion__Cost-1__Fee-American__Starts-50","9","18","1","D","8","15","D Offer","D Liability Signal: 4;P Files: 1;D Answers: 1;D Defaults: 1","4,1,1,1","0","true","","","4","0.35","0.10000000000000001","","",""
"Specification-ModerateRiskAversion__Cost-1__Fee-American__Starts-50","9","18","1","D","8","15","D Offer","D Liability Signal: 4;P Files: 1;D Answers: 1;D Defaults: 1","4,1,1,1","0","true","","","5","0.45","0.10000000000000001","","",""
"Specification-ModerateRiskAversion__Cost-1__Fee-American__Starts-50","9","18","1","D","8","15","D Offer","D Liability Signal: 4;P Files: 1;D Answers: 1;D Defaults: 1","4,1,1,1","0","true","","","6","0.55","0.10000000000000001","","",""
"Specification-ModerateRiskAversion__Cost-1__Fee-American__Starts-50","9","18","1","D","8","15","D Offer","D Liability Signal: 4;P Files: 1;D Answers: 1;D Defaults: 1","4,1,1,1","0","true","","","7","0.65","0.10000000000000001","","",""
"Specification-ModerateRiskAversion__Cost-1__Fee-American__Starts-50","9","18","1","D","8","15","D Offer","D Liability Signal: 4;P Files: 1;D Answers: 1;D Defaults: 1","4,1,1,1","0","true","","","8","0.75","0.10000000000000001","","",""
"Specification-ModerateRiskAversion__Cost-1__Fee-American__Starts-50","9","18","1","D","8","15","D Offer","D Liability Signal: 4;P Files: 1;D Answers: 1;D Defaults: 1","4,1,1,1","0","true","","","9","0.85","0.10000000000000001","","",""
"Specification-ModerateRiskAversion__Cost-1__Fee-American__Starts-50","9","18","1","D","8","15","D Offer","D Liability Signal: 4;P Files: 1;D Answers: 1;D Defaults: 1","4,1,1,1","0","true","","","10","0.95","0.10000000000000001","","",""
"Specification-ModerateRiskAversion__Cost-1__Fee-American__Starts-50","9","19","1","D","8","15","D Offer","D Liability Signal: 4;P Files: 1;D Answers: 1;D Defaults: 2","4,1,1,2","0.062640666756983029","false","999.31444045137471","999.31444045137459","1","0.05","0.76640233605655461","999.31444045137459","0","true"
"Specification-ModerateRiskAversion__Cost-1__Fee-American__Starts-50","9","19","1","D","8","15","D Offer","D Liability Signal: 4;P Files: 1;D Answers: 1;D Defaults: 2","4,1,1,2","0.062640666756983029","false","999.31444045137471","999.31444045137459","2","0.15","0.23359766394344547","999.31444045137459","0","true"
"Specification-ModerateRiskAversion__Cost-1__Fee-American__Starts-50","9","19","1","D","8","15","D Offer","D Liability Signal: 4;P Files: 1;D Answers: 1;D Defaults: 2","4,1,1,2","0.062640666756983029","false","999.31444045137471","999.31444045137459","3","0.25","0","999.31444045137459","0","true"
"Specification-ModerateRiskAversion__Cost-1__Fee-American__Starts-50","9","19","1","D","8","15","D Offer","D Liability Signal: 4;P Files: 1;D Answers: 1;D Defaults: 2","4,1,1,2","0.062640666756983029","false","999.31444045137471","999.31444045137459","4","0.35","0","999.31444045137459","0","true"
"Specification-ModerateRiskAversion__Cost-1__Fee-American__Starts-50","9","19","1","D","8","15","D Offer","D Liability Signal: 4;P Files: 1;D Answers: 1;D Defaults: 2","4,1,1,2","0.062640666756983029","false","999.31444045137471","999.31444045137459","5","0.45","0","999.31444045137459","0","true"
"Specification-ModerateRiskAversion__Cost-1__Fee-American__Starts-50","9","19","1","D","8","15","D Offer","D Liability Signal: 4;P Files: 1;D Answers: 1;D Defaults: 2","4,1,1,2","0.062640666756983029","false","999.31444045137471","999.31444045137459","6","0.55","0","999.31444045137459","0","true"
"Specification-ModerateRiskAversion__Cost-1__Fee-American__Starts-50","9","19","1","D","8","15","D Offer","D Liability Signal: 4;P Files: 1;D Answers: 1;D Defaults: 2","4,1,1,2","0.062640666756983029","false","999.31444045137471","999.31444045137459","7","0.65","0","999.31444045137459","0","true"
"Specification-ModerateRiskAversion__Cost-1__Fee-American__Starts-50","9","19","1","D","8","15","D Offer","D Liability Signal: 4;P Files: 1;D Answers: 1;D Defaults: 2","4,1,1,2","0.062640666756983029","false","999.31444045137471","999.31444045137459","8","0.75","0","999.05787299840017","0.25656745297442285","false"
"Specification-ModerateRiskAversion__Cost-1__Fee-American__Starts-50","9","19","1","D","8","15","D Offer","D Liability Signal: 4;P Files: 1;D Answers: 1;D Defaults: 2","4,1,1,2","0.062640666756983029","false","999.31444045137471","999.31444045137459","9","0.85","0","998.93917176640014","0.37526868497445776","false"
"Specification-ModerateRiskAversion__Cost-1__Fee-American__Starts-50","9","19","1","D","8","15","D Offer","D Liability Signal: 4;P Files: 1;D Answers: 1;D Defaults: 2","4,1,1,2","0.062640666756983029","false","999.31444045137471","999.31444045137459","10","0.95","0","998.80797684000015","0.50646361137444273","false"
"Specification-ModerateRiskAversion__Cost-1__Fee-American__Starts-50","9","20","1","D","3","10","D Answers","D Liability Signal: 5;P Files: 1","5,1","0.075347494469979431","false","999.05787299840017","999.05787299840017","1","Yes","1","999.05787299840017","0","true"
"Specification-ModerateRiskAversion__Cost-1__Fee-American__Starts-50","9","20","1","D","3","10","D Answers","D Liability Signal: 5;P Files: 1","5,1","0.075347494469979431","false","999.05787299840017","999.05787299840017","2","No","0","998.80797684000015","0.24989615840001989","false"
"Specification-ModerateRiskAversion__Cost-1__Fee-American__Starts-50","9","21","1","D","6","21","D Defaults","D Liability Signal: 5;P Files: 1;D Answers: 1","5,1,1","0.075347494469979431","false","999.05787299840017","999.05787299840017","1","Yes","0","998.72717968727341","0.33069331112676537","false"
"Specification-ModerateRiskAversion__Cost-1__Fee-American__Starts-50","9","21","1","D","6","21","D Defaults","D Liability Signal: 5;P Files: 1;D Answers: 1","5,1,1","0.075347494469979431","false","999.05787299840017","999.05787299840017","2","No","1","999.05787299840017","0","true"
"Specification-ModerateRiskAversion__Cost-1__Fee-American__Starts-50","9","22","1","D","8","15","D Offer","D Liability Signal: 5;P Files: 1;D Answers: 1;D Defaults: 1","5,1,1,1","0","true","","","1","0.05","0.10000000000000001","","",""
"Specification-ModerateRiskAversion__Cost-1__Fee-American__Starts-50","9","22","1","D","8","15","D Offer","D Liability Signal: 5;P Files: 1;D Answers: 1;D Defaults: 1","5,1,1,1","0","true","","","2","0.15","0.10000000000000001","","",""
"Specification-ModerateRiskAversion__Cost-1__Fee-American__Starts-50","9","22","1","D","8","15","D Offer","D Liability Signal: 5;P Files: 1;D Answers: 1;D Defaults: 1","5,1,1,1","0","true","","","3","0.25","0.10000000000000001","","",""
"Specification-ModerateRiskAversion__Cost-1__Fee-American__Starts-50","9","22","1","D","8","15","D Offer","D Liability Signal: 5;P Files: 1;D Answers: 1;D Defaults: 1","5,1,1,1","0","true","","","4","0.35","0.10000000000000001","","",""
"Specification-ModerateRiskAversion__Cost-1__Fee-American__Starts-50","9","22","1","D","8","15","D Offer","D Liability Signal: 5;P Files: 1;D Answers: 1;D Defaults: 1","5,1,1,1","0","true","","","5","0.45","0.10000000000000001","","",""
"Specification-ModerateRiskAversion__Cost-1__Fee-American__Starts-50","9","22","1","D","8","15","D Offer","D Liability Signal: 5;P Files: 1;D Answers: 1;D Defaults: 1","5,1,1,1","0","true","","","6","0.55","0.10000000000000001","","",""
"Specification-ModerateRiskAversion__Cost-1__Fee-American__Starts-50","9","22","1","D","8","15","D Offer","D Liability Signal: 5;P Files: 1;D Answers: 1;D Defaults: 1","5,1,1,1","0","true","","","7","0.65","0.10000000000000001","","",""
"Specification-ModerateRiskAversion__Cost-1__Fee-American__Starts-50","9","22","1","D","8","15","D Offer","D Liability Signal: 5;P Files: 1;D Answers: 1;D Defaults: 1","5,1,1,1","0","true","","","8","0.75","0.10000000000000001","","",""
"Specification-ModerateRiskAversion__Cost-1__Fee-American__Starts-50","9","22","1","D","8","15","D Offer","D Liability Signal: 5;P Files: 1;D Answers: 1;D Defaults: 1","5,1,1,1","0","true","","","9","0.85","0.10000000000000001","","",""
"Specification-ModerateRiskAversion__Cost-1__Fee-American__Starts-50","9","22","1","D","8","15","D Offer","D Liability Signal: 5;P Files: 1;D Answers: 1;D Defaults: 1","5,1,1,1","0","true","","","10","0.95","0.10000000000000001","","",""
"Specification-ModerateRiskAversion__Cost-1__Fee-American__Starts-50","9","23","1","D","8","15","D Offer","D Liability Signal: 5;P Files: 1;D Answers: 1;D Defaults: 2","5,1,1,2","0.075347494469979431","false","999.05787299840017","999.05787299840017","1","0.05","0","999.05787299839972","4.5474735088646412E-13","true"
"Specification-ModerateRiskAversion__Cost-1__Fee-American__Starts-50","9","23","1","D","8","15","D Offer","D Liability Signal: 5;P Files: 1;D Answers: 1;D Defaults: 2","5,1,1,2","0.075347494469979431","false","999.05787299840017","999.05787299840017","2","0.15","0.74115062768511608","999.05787299839972","4.5474735088646412E-13","true"
"Specification-ModerateRiskAversion__Cost-1__Fee-American__Starts-50","9","23","1","D","8","15","D Offer","D Liability Signal: 5;P Files: 1;D Answers: 1;D Defaults: 2","5,1,1,2","0.075347494469979431","false","999.05787299840017","999.05787299840017","3","0.25","0","999.05787299839972","4.5474735088646412E-13","true"
"Specification-ModerateRiskAversion__Cost-1__Fee-American__Starts-50","9","23","1","D","8","15","D Offer","D Liability Signal: 5;P Files: 1;D Answers: 1;D Defaults: 2","5,1,1,2","0.075347494469979431","false","999.05787299840017","999.05787299840017","4","0.35","0","999.05787299839972","4.5474735088646412E-13","true"
"Specification-ModerateRiskAversion__Cost-1__Fee-American__Starts-50","9","23","1","D","8","15","D Offer","D Liability Signal: 5;P Files: 1;D Answers: 1;D Defaults: 2","5,1,1,2","0.075347494469979431","false","999.05787299840017","999.05787299840017","5","0.45","0","999.05787299839972","4.5474735088646412E-13","true"
"Specification-ModerateRiskAversion__Cost-1__Fee-American__Starts-50","9","23","1","D","8","15","D Offer","D Liability Signal: 5;P Files: 1;D Answers: 1;D Defaults: 2","5,1,1,2","0.075347494469979431","false","999.05787299840017","999.05787299840017","6","0.55","0","999.05787299839972","4.5474735088646412E-13","true"
"Specification-ModerateRiskAversion__Cost-1__Fee-American__Starts-50","9","23","1","D","8","15","D Offer","D Liability Signal: 5;P Files: 1;D Answers: 1;D Defaults: 2","5,1,1,2","0.075347494469979431","false","999.05787299840017","999.05787299840017","7","0.65","0","999.05787299839972","4.5474735088646412E-13","true"
"Specification-ModerateRiskAversion__Cost-1__Fee-American__Starts-50","9","23","1","D","8","15","D Offer","D Liability Signal: 5;P Files: 1;D Answers: 1;D Defaults: 2","5,1,1,2","0.075347494469979431","false","999.05787299840017","999.05787299840017","8","0.75","0.25884937231488397","999.05787299840017","0","true"
"Specification-ModerateRiskAversion__Cost-1__Fee-American__Starts-50","9","23","1","D","8","15","D Offer","D Liability Signal: 5;P Files: 1;D Answers: 1;D Defaults: 2","5,1,1,2","0.075347494469979431","false","999.05787299840017","999.05787299840017","9","0.85","0","998.93917176640002","0.11870123200014859","false"
"Specification-ModerateRiskAversion__Cost-1__Fee-American__Starts-50","9","23","1","D","8","15","D Offer","D Liability Signal: 5;P Files: 1;D Answers: 1;D Defaults: 2","5,1,1,2","0.075347494469979431","false","999.05787299840017","999.05787299840017","10","0.95","0","998.80797684000015","0.24989615840001989","false"
"Specification-ModerateRiskAversion__Cost-1__Fee-American__Starts-50","9","24","1","D","3","10","D Answers","D Liability Signal: 6;P Files: 1","6,1","0.087019850674023569","false","999.05787299839983","999.05787299839983","1","Yes","1","999.05787299839983","0","true"
"Specification-ModerateRiskAversion__Cost-1__Fee-American__Starts-50","9","24","1","D","3","10","D Answers","D Liability Signal: 6;P Files: 1","6,1","0.087019850674023569","false","999.05787299839983","999.05787299839983","2","No","0","998.80797683999992","0.2498961583999062","false"
"Specification-ModerateRiskAversion__Cost-1__Fee-American__Starts-50","9","25","1","D","6","21","D Defaults","D Liability Signal: 6;P Files: 1;D Answers: 1","6,1,1","0.087019850674023569","false","999.05787299839983","999.05787299839983","1","Yes","0","998.67352785703542","0.38434514136440612","false"
"Specification-ModerateRiskAversion__Cost-1__Fee-American__Starts-50","9","25","1","D","6","21","D Defaults","D Liability Signal: 6;P Files: 1;D Answers: 1","6,1,1","0.087019850674023569","false","999.05787299839983","999.05787299839983","2","No","1","999.05787299839983","0","true"
"Specification-ModerateRiskAversion__Cost-1__Fee-American__Starts-50","9","26","1","D","8","15","D Offer","D Liability Signal: 6;P Files: 1;D Answers: 1;D Defaults: 1","6,1,1,1","0","true","","","1","0.05","0.10000000000000001","","",""
"Specification-ModerateRiskAversion__Cost-1__Fee-American__Starts-50","9","26","1","D","8","15","D Offer","D Liability Signal: 6;P Files: 1;D Answers: 1;D Defaults: 1","6,1,1,1","0","true","","","2","0.15","0.10000000000000001","","",""
"Specification-ModerateRiskAversion__Cost-1__Fee-American__Starts-50","9","26","1","D","8","15","D Offer","D Liability Signal: 6;P Files: 1;D Answers: 1;D Defaults: 1","6,1,1,1","0","true","","","3","0.25","0.10000000000000001","","",""
"Specification-ModerateRiskAversion__Cost-1__Fee-American__Starts-50","9","26","1","D","8","15","D Offer","D Liability Signal: 6;P Files: 1;D Answers: 1;D Defaults: 1","6,1,1,1","0","true","","","4","0.35","0.10000000000000001","","",""
"Specification-ModerateRiskAversion__Cost-1__Fee-American__Starts-50","9","26","1","D","8","15","D Offer","D Liability Signal: 6;P Files: 1;D Answers: 1;D Defaults: 1","6,1,1,1","0","true","","","5","0.45","0.10000000000000001","","",""
"Specification-ModerateRiskAversion__Cost-1__Fee-American__Starts-50","9","26","1","D","8","15","D Offer","D Liability Signal: 6;P Files: 1;D Answers: 1;D Defaults: 1","6,1,1,1","0","true","","","6","0.55","0.10000000000000001","","",""
"Specification-ModerateRiskAversion__Cost-1__Fee-American__Starts-50","9","26","1","D","8","15","D Offer","D Liability Signal: 6;P Files: 1;D Answers: 1;D Defaults: 1","6,1,1,1","0","true","","","7","0.65","0.10000000000000001","","",""
"Specification-ModerateRiskAversion__Cost-1__Fee-American__Starts-50","9","26","1","D","8","15","D Offer","D Liability Signal: 6;P Files: 1;D Answers: 1;D Defaults: 1","6,1,1,1","0","true","","","8","0.75","0.10000000000000001","","",""
"Specification-ModerateRiskAversion__Cost-1__Fee-American__Starts-50","9","26","1","D","8","15","D Offer","D Liability Signal: 6;P Files: 1;D Answers: 1;D Defaults: 1","6,1,1,1","0","true","","","9","0.85","0.10000000000000001","","",""
"Specification-ModerateRiskAversion__Cost-1__Fee-American__Starts-50","9","26","1","D","8","15","D Offer","D Liability Signal: 6;P Files: 1;D Answers: 1;D Defaults: 1","6,1,1,1","0","true","","","10","0.95","0.10000000000000001","","",""
"Specification-ModerateRiskAversion__Cost-1__Fee-American__Starts-50","9","27","1","D","8","15","D Offer","D Liability Signal: 6;P Files: 1;D Answers: 1;D Defaults: 2","6,1,1,2","0.087019850674023569","false","999.05787299839983","999.05787299839983","1","0.05","0","998.77473570470045","0.28313729369938301","false"
"Specification-ModerateRiskAversion__Cost-1__Fee-American__Starts-50","9","27","1","D","8","15","D Offer","D Liability Signal: 6;P Files: 1;D Answers: 1;D Defaults: 2","6,1,1,2","0.087019850674023569","false","999.05787299839983","999.05787299839983","2","0.15","0","998.77473570470045","0.28313729369938301","false"
"Specification-ModerateRiskAversion__Cost-1__Fee-American__Starts-50","9","27","1","D","8","15","D Offer","D Liability Signal: 6;P Files: 1;D Answers: 1;D Defaults: 2","6,1,1,2","0.087019850674023569","false","999.05787299839983","999.05787299839983","3","0.25","0","998.77473570470045","0.28313729369938301","false"
"Specification-ModerateRiskAversion__Cost-1__Fee-American__Starts-50","9","27","1","D","8","15","D Offer","D Liability Signal: 6;P Files: 1;D Answers: 1;D Defaults: 2","6,1,1,2","0.087019850674023569","false","999.05787299839983","999.05787299839983","4","0.35","0","998.77473570470045","0.28313729369938301","false"
"Specification-ModerateRiskAversion__Cost-1__Fee-American__Starts-50","9","27","1","D","8","15","D Offer","D Liability Signal: 6;P Files: 1;D Answers: 1;D Defaults: 2","6,1,1,2","0.087019850674023569","false","999.05787299839983","999.05787299839983","5","0.45","0","998.77473570470045","0.28313729369938301","false"
"Specification-ModerateRiskAversion__Cost-1__Fee-American__Starts-50","9","27","1","D","8","15","D Offer","D Liability Signal: 6;P Files: 1;D Answers: 1;D Defaults: 2","6,1,1,2","0.087019850674023569","false","999.05787299839983","999.05787299839983","6","0.55","0","998.77473570470045","0.28313729369938301","false"
"Specification-ModerateRiskAversion__Cost-1__Fee-American__Starts-50","9","27","1","D","8","15","D Offer","D Liability Signal: 6;P Files: 1;D Answers: 1;D Defaults: 2","6,1,1,2","0.087019850674023569","false","999.05787299839983","999.05787299839983","7","0.65","0","998.77473570470045","0.28313729369938301","false"
"Specification-ModerateRiskAversion__Cost-1__Fee-American__Starts-50","9","27","1","D","8","15","D Offer","D Liability Signal: 6;P Files: 1;D Answers: 1;D Defaults: 2","6,1,1,2","0.087019850674023569","false","999.05787299839983","999.05787299839983","8","0.75","1","999.05787299839983","0","true"
"Specification-ModerateRiskAversion__Cost-1__Fee-American__Starts-50","9","27","1","D","8","15","D Offer","D Liability Signal: 6;P Files: 1;D Answers: 1;D Defaults: 2","6,1,1,2","0.087019850674023569","false","999.05787299839983","999.05787299839983","9","0.85","0","998.93917176640014","0.11870123199969385","false"
"Specification-ModerateRiskAversion__Cost-1__Fee-American__Starts-50","9","27","1","D","8","15","D Offer","D Liability Signal: 6;P Files: 1;D Answers: 1;D Defaults: 2","6,1,1,2","0.087019850674023569","false","999.05787299839983","999.05787299839983","10","0.95","0","998.80797683999992","0.2498961583999062","false"
"Specification-ModerateRiskAversion__Cost-1__Fee-American__Starts-50","9","28","1","D","3","10","D Answers","D Liability Signal: 7;P Files: 1","7,1","0.096143073292526818","false","999.05787299839972","999.05787299839972","1","Yes","1","999.05787299839972","0","true"
"Specification-ModerateRiskAversion__Cost-1__Fee-American__Starts-50","9","28","1","D","3","10","D Answers","D Liability Signal: 7;P Files: 1","7,1","0.096143073292526818","false","999.05787299839972","999.05787299839972","2","No","0","998.80797683999992","0.24989615839979251","false"
"Specification-ModerateRiskAversion__Cost-1__Fee-American__Starts-50","9","29","1","D","6","21","D Defaults","D Liability Signal: 7;P Files: 1;D Answers: 1","7,1,1","0.096143073292526818","false","999.05787299839972","999.05787299839972","1","Yes","0","998.62683630630772","0.43103669209199325","false"
"Specification-ModerateRiskAversion__Cost-1__Fee-American__Starts-50","9","29","1","D","6","21","D Defaults","D Liability Signal: 7;P Files: 1;D Answers: 1","7,1,1","0.096143073292526818","false","999.05787299839972","999.05787299839972","2","No","1","999.05787299839972","0","true"
"Specification-ModerateRiskAversion__Cost-1__Fee-American__Starts-50","9","30","1","D","8","15","D Offer","D Liability Signal: 7;P Files: 1;D Answers: 1;D Defaults: 1","7,1,1,1","0","true","","","1","0.05","0.10000000000000001","","",""
"Specification-ModerateRiskAversion__Cost-1__Fee-American__Starts-50","9","30","1","D","8","15","D Offer","D Liability Signal: 7;P Files: 1;D Answers: 1;D Defaults: 1","7,1,1,1","0","true","","","2","0.15","0.10000000000000001","","",""
"Specification-ModerateRiskAversion__Cost-1__Fee-American__Starts-50","9","30","1","D","8","15","D Offer","D Liability Signal: 7;P Files: 1;D Answers: 1;D Defaults: 1","7,1,1,1","0","true","","","3","0.25","0.10000000000000001","","",""
"Specification-ModerateRiskAversion__Cost-1__Fee-American__Starts-50","9","30","1","D","8","15","D Offer","D Liability Signal: 7;P Files: 1;D Answers: 1;D Defaults: 1","7,1,1,1","0","true","","","4","0.35","0.10000000000000001","","",""
"Specification-ModerateRiskAversion__Cost-1__Fee-American__Starts-50","9","30","1","D","8","15","D Offer","D Liability Signal: 7;P Files: 1;D Answers: 1;D Defaults: 1","7,1,1,1","0","true","","","5","0.45","0.10000000000000001","","",""
"Specification-ModerateRiskAversion__Cost-1__Fee-American__Starts-50","9","30","1","D","8","15","D Offer","D Liability Signal: 7;P Files: 1;D Answers: 1;D Defaults: 1","7,1,1,1","0","true","","","6","0.55","0.10000000000000001","","",""
"Specification-ModerateRiskAversion__Cost-1__Fee-American__Starts-50","9","30","1","D","8","15","D Offer","D Liability Signal: 7;P Files: 1;D Answers: 1;D Defaults: 1","7,1,1,1","0","true","","","7","0.65","0.10000000000000001","","",""
"Specification-ModerateRiskAversion__Cost-1__Fee-American__Starts-50","9","30","1","D","8","15","D Offer","D Liability Signal: 7;P Files: 1;D Answers: 1;D Defaults: 1","7,1,1,1","0","true","","","8","0.75","0.10000000000000001","","",""
"Specification-ModerateRiskAversion__Cost-1__Fee-American__Starts-50","9","30","1","D","8","15","D Offer","D Liability Signal: 7;P Files: 1;D Answers: 1;D Defaults: 1","7,1,1,1","0","true","","","9","0.85","0.10000000000000001","","",""
"Specification-ModerateRiskAversion__Cost-1__Fee-American__Starts-50","9","30","1","D","8","15","D Offer","D Liability Signal: 7;P Files: 1;D Answers: 1;D Defaults: 1","7,1,1,1","0","true","","","10","0.95","0.10000000000000001","","",""
"Specification-ModerateRiskAversion__Cost-1__Fee-American__Starts-50","9","31","1","D","8","15","D Offer","D Liability Signal: 7;P Files: 1;D Answers: 1;D Defaults: 2","7,1,1,2","0.096143073292526818","false","999.05787299839972","999.05787299839972","1","0.05","0","998.50146959785945","0.55640340054026183","false"
"Specification-ModerateRiskAversion__Cost-1__Fee-American__Starts-50","9","31","1","D","8","15","D Offer","D Liability Signal: 7;P Files: 1;D Answers: 1;D Defaults: 2","7,1,1,2","0.096143073292526818","false","999.05787299839972","999.05787299839972","2","0.15","0","998.50146959785945","0.55640340054026183","false"
"Specification-ModerateRiskAversion__Cost-1__Fee-American__Starts-50","9","31","1","D","8","15","D Offer","D Liability Signal: 7;P Files: 1;D Answers: 1;D Defaults: 2","7,1,1,2","0.096143073292526818","false","999.05787299839972","999.05787299839972","3","0.25","0","998.50146959785945","0.55640340054026183","false"
"Specification-ModerateRiskAversion__Cost-1__Fee-American__Starts-50","9","31","1","D","8","15","D Offer","D Liability Signal: 7;P Files: 1;D Answers: 1;D Defaults: 2","7,1,1,2","0.096143073292526818","false","999.05787299839972","999.05787299839972","4","0.35","0","998.50146959785945","0.55640340054026183","false"
"Specification-ModerateRiskAversion__Cost-1__Fee-American__Starts-50","9","31","1","D","8","15","D Offer","D Liability Signal: 7;P Files: 1;D Answers: 1;D Defaults: 2","7,1,1,2","0.096143073292526818","false","999.05787299839972","999.05787299839972","5","0.45","0","998.50146959785945","0.55640340054026183","false"
"Specification-ModerateRiskAversion__Cost-1__Fee-American__Starts-50","9","31","1","D","8","15","D Offer","D Liability Signal: 7;P Files: 1;D Answers: 1;D Defaults: 2","7,1,1,2","0.096143073292526818","false","999.05787299839972","999.05787299839972","6","0.55","0","998.50146959785945","0.55640340054026183","false"
"Specification-ModerateRiskAversion__Cost-1__Fee-American__Starts-50","9","31","1","D","8","15","D Offer","D Liability Signal: 7;P Files: 1;D Answers: 1;D Defaults: 2","7,1,1,2","0.096143073292526818","false","999.05787299839972","999.05787299839972","7","0.65","0","998.50146959785945","0.55640340054026183","false"
"Specification-ModerateRiskAversion__Cost-1__Fee-American__Starts-50","9","31","1","D","8","15","D Offer","D Liability Signal: 7;P Files: 1;D Answers: 1;D Defaults: 2","7,1,1,2","0.096143073292526818","false","999.05787299839972","999.05787299839972","8","0.75","1","999.05787299839972","0","true"
"Specification-ModerateRiskAversion__Cost-1__Fee-American__Starts-50","9","31","1","D","8","15","D Offer","D Liability Signal: 7;P Files: 1;D Answers: 1;D Defaults: 2","7,1,1,2","0.096143073292526818","false","999.05787299839972","999.05787299839972","9","0.85","0","998.93917176639991","0.11870123199980753","false"
"Specification-ModerateRiskAversion__Cost-1__Fee-American__Starts-50","9","31","1","D","8","15","D Offer","D Liability Signal: 7;P Files: 1;D Answers: 1;D Defaults: 2","7,1,1,2","0.096143073292526818","false","999.05787299839972","999.05787299839972","10","0.95","0","998.80797683999992","0.24989615839979251","false"
"Specification-ModerateRiskAversion__Cost-1__Fee-American__Starts-50","9","32","1","D","3","10","D Answers","D Liability Signal: 8;P Files: 1","8,1","0.099826018872716527","false","999.05787299839994","999.05787299839994","1","Yes","1","999.05787299839994","0","true"
"Specification-ModerateRiskAversion__Cost-1__Fee-American__Starts-50","9","32","1","D","3","10","D Answers","D Liability Signal: 8;P Files: 1","8,1","0.099826018872716527","false","999.05787299839994","999.05787299839994","2","No","0","998.80797683999992","0.24989615840001989","false"
"Specification-ModerateRiskAversion__Cost-1__Fee-American__Starts-50","9","33","1","D","6","21","D Defaults","D Liability Signal: 8;P Files: 1;D Answers: 1","8,1,1","0.099826018872716527","false","999.05787299839994","999.05787299839994","1","Yes","0","998.59056875839394","0.46730424000600124","false"
"Specification-ModerateRiskAversion__Cost-1__Fee-American__Starts-50","9","33","1","D","6","21","D Defaults","D Liability Signal: 8;P Files: 1;D Answers: 1","8,1,1","0.099826018872716527","false","999.05787299839994","999.05787299839994","2","No","1","999.05787299839994","0","true"
"Specification-ModerateRiskAversion__Cost-1__Fee-American__Starts-50","9","34","1","D","8","15","D Offer","D Liability Signal: 8;P Files: 1;D Answers: 1;D Defaults: 1","8,1,1,1","0","true","","","1","0.05","0.10000000000000001","","",""
"Specification-ModerateRiskAversion__Cost-1__Fee-American__Starts-50","9","34","1","D","8","15","D Offer","D Liability Signal: 8;P Files: 1;D Answers: 1;D Defaults: 1","8,1,1,1","0","true","","","2","0.15","0.10000000000000001","","",""
"Specification-ModerateRiskAversion__Cost-1__Fee-American__Starts-50","9","34","1","D","8","15","D Offer","D Liability Signal: 8;P Files: 1;D Answers: 1;D Defaults: 1","8,1,1,1","0","true","","","3","0.25","0.10000000000000001","","",""
"Specification-ModerateRiskAversion__Cost-1__Fee-American__Starts-50","9","34","1","D","8","15","D Offer","D Liability Signal: 8;P Files: 1;D Answers: 1;D Defaults: 1","8,1,1,1","0","true","","","4","0.35","0.10000000000000001","","",""
"Specification-ModerateRiskAversion__Cost-1__Fee-American__Starts-50","9","34","1","D","8","15","D Offer","D Liability Signal: 8;P Files: 1;D Answers: 1;D Defaults: 1","8,1,1,1","0","true","","","5","0.45","0.10000000000000001","","",""
"Specification-ModerateRiskAversion__Cost-1__Fee-American__Starts-50","9","34","1","D","8","15","D Offer","D Liability Signal: 8;P Files: 1;D Answers: 1;D Defaults: 1","8,1,1,1","0","true","","","6","0.55","0.10000000000000001","","",""
"Specification-ModerateRiskAversion__Cost-1__Fee-American__Starts-50","9","34","1","D","8","15","D Offer","D Liability Signal: 8;P Files: 1;D Answers: 1;D Defaults: 1","8,1,1,1","0","true","","","7","0.65","0.10000000000000001","","",""
"Specification-ModerateRiskAversion__Cost-1__Fee-American__Starts-50","9","34","1","D","8","15","D Offer","D Liability Signal: 8;P Files: 1;D Answers: 1;D Defaults: 1","8,1,1,1","0","true","","","8","0.75","0.10000000000000001","","",""
"Specification-ModerateRiskAversion__Cost-1__Fee-American__Starts-50","9","34","1","D","8","15","D Offer","D Liability Signal: 8;P Files: 1;D Answers: 1;D Defaults: 1","8,1,1,1","0","true","","","9","0.85","0.10000000000000001","","",""
"Specification-ModerateRiskAversion__Cost-1__Fee-American__Starts-50","9","34","1","D","8","15","D Offer","D Liability Signal: 8;P Files: 1;D Answers: 1;D Defaults: 1","8,1,1,1","0","true","","","10","0.95","0.10000000000000001","","",""
"Specification-ModerateRiskAversion__Cost-1__Fee-American__Starts-50","9","35","1","D","8","15","D Offer","D Liability Signal: 8;P Files: 1;D Answers: 1;D Defaults: 2","8,1,1,2","0.099826018872716527","false","999.05787299839994","999.05787299839994","1","0.05","0","998.2714838490599","0.78638914934003878","false"
"Specification-ModerateRiskAversion__Cost-1__Fee-American__Starts-50","9","35","1","D","8","15","D Offer","D Liability Signal: 8;P Files: 1;D Answers: 1;D Defaults: 2","8,1,1,2","0.099826018872716527","false","999.05787299839994","999.05787299839994","2","0.15","0","998.2714838490599","0.78638914934003878","false"
"Specification-ModerateRiskAversion__Cost-1__Fee-American__Starts-50","9","35","1","D","8","15","D Offer","D Liability Signal: 8;P Files: 1;D Answers: 1;D Defaults: 2","8,1,1,2","0.099826018872716527","false","999.05787299839994","999.05787299839994","3","0.25","0","998.2714838490599","0.78638914934003878","false"
"Specification-ModerateRiskAversion__Cost-1__Fee-American__Starts-50","9","35","1","D","8","15","D Offer","D Liability Signal: 8;P Files: 1;D Answers: 1;D Defaults: 2","8,1,1,2","0.099826018872716527","false","999.05787299839994","999.05787299839994","4","0.35","0","998.2714838490599","0.78638914934003878","false"
"Specification-ModerateRiskAversion__Cost-1__Fee-American__Starts-50","9","35","1","D","8","15","D Offer","D Liability Signal: 8;P Files: 1;D Answers: 1;D Defaults: 2","8,1,1,2","0.099826018872716527","false","999.05787299839994","999.05787299839994","5","0.45","0","998.2714838490599","0.78638914934003878","false"
"Specification-ModerateRiskAversion__Cost-1__Fee-American__Starts-50","9","35","1","D","8","15","D Offer","D Liability Signal: 8;P Files: 1;D Answers: 1;D Defaults: 2","8,1,1,2","0.099826018872716527","false","999.05787299839994","999.05787299839994","6","0.55","0","998.2714838490599","0.78638914934003878","false"
"Specification-ModerateRiskAversion__Cost-1__Fee-American__Starts-50","9","35","1","D","8","15","D Offer","D Liability Signal: 8;P Files: 1;D Answers: 1;D Defaults: 2","8,1,1,2","0.099826018872716527","false","999.05787299839994","999.05787299839994","7","0.65","0","998.2714838490599","0.78638914934003878","false"
"Specification-ModerateRiskAversion__Cost-1__Fee-American__Starts-50","9","35","1","D","8","15","D Offer","D Liability Signal: 8;P Files: 1;D Answers: 1;D Defaults: 2","8,1,1,2","0.099826018872716527","false","999.05787299839994","999.05787299839994","8","0.75","1","999.05787299839994","0","true"
"Specification-ModerateRiskAversion__Cost-1__Fee-American__Starts-50","9","35","1","D","8","15","D Offer","D Liability Signal: 8;P Files: 1;D Answers: 1;D Defaults: 2","8,1,1,2","0.099826018872716527","false","999.05787299839994","999.05787299839994","9","0.85","0","998.93917176640014","0.11870123199980753","false"
"Specification-ModerateRiskAversion__Cost-1__Fee-American__Starts-50","9","35","1","D","8","15","D Offer","D Liability Signal: 8;P Files: 1;D Answers: 1;D Defaults: 2","8,1,1,2","0.099826018872716527","false","999.05787299839994","999.05787299839994","10","0.95","0","998.80797683999992","0.24989615840001989","false"
"Specification-ModerateRiskAversion__Cost-1__Fee-American__Starts-50","9","36","1","D","3","10","D Answers","D Liability Signal: 9;P Files: 1","9,1","0.094579997435020005","false","999.05787299839972","999.05787299839972","1","Yes","1","999.05787299839972","0","true"
"Specification-ModerateRiskAversion__Cost-1__Fee-American__Starts-50","9","36","1","D","3","10","D Answers","D Liability Signal: 9;P Files: 1","9,1","0.094579997435020005","false","999.05787299839972","999.05787299839972","2","No","0","998.8079768399997","0.24989615840001989","false"
"Specification-ModerateRiskAversion__Cost-1__Fee-American__Starts-50","9","37","1","D","6","21","D Defaults","D Liability Signal: 9;P Files: 1;D Answers: 1","9,1,1","0.094579997435020005","false","999.05787299839972","999.05787299839972","1","Yes","0","998.56508558498581","0.49278741341390742","false"
"Specification-ModerateRiskAversion__Cost-1__Fee-American__Starts-50","9","37","1","D","6","21","D Defaults","D Liability Signal: 9;P Files: 1;D Answers: 1","9,1,1","0.094579997435020005","false","999.05787299839972","999.05787299839972","2","No","1","999.05787299839972","0","true"
"Specification-ModerateRiskAversion__Cost-1__Fee-American__Starts-50","9","38","1","D","8","15","D Offer","D Liability Signal: 9;P Files: 1;D Answers: 1;D Defaults: 1","9,1,1,1","0","true","","","1","0.05","0.10000000000000001","","",""
"Specification-ModerateRiskAversion__Cost-1__Fee-American__Starts-50","9","38","1","D","8","15","D Offer","D Liability Signal: 9;P Files: 1;D Answers: 1;D Defaults: 1","9,1,1,1","0","true","","","2","0.15","0.10000000000000001","","",""
"Specification-ModerateRiskAversion__Cost-1__Fee-American__Starts-50","9","38","1","D","8","15","D Offer","D Liability Signal: 9;P Files: 1;D Answers: 1;D Defaults: 1","9,1,1,1","0","true","","","3","0.25","0.10000000000000001","","",""
"Specification-ModerateRiskAversion__Cost-1__Fee-American__Starts-50","9","38","1","D","8","15","D Offer","D Liability Signal: 9;P Files: 1;D Answers: 1;D Defaults: 1","9,1,1,1","0","true","","","4","0.35","0.10000000000000001","","",""
"Specification-ModerateRiskAversion__Cost-1__Fee-American__Starts-50","9","38","1","D","8","15","D Offer","D Liability Signal: 9;P Files: 1;D Answers: 1;D Defaults: 1","9,1,1,1","0","true","","","5","0.45","0.10000000000000001","","",""
"Specification-ModerateRiskAversion__Cost-1__Fee-American__Starts-50","9","38","1","D","8","15","D Offer","D Liability Signal: 9;P Files: 1;D Answers: 1;D Defaults: 1","9,1,1,1","0","true","","","6","0.55","0.10000000000000001","","",""
"Specification-ModerateRiskAversion__Cost-1__Fee-American__Starts-50","9","38","1","D","8","15","D Offer","D Liability Signal: 9;P Files: 1;D Answers: 1;D Defaults: 1","9,1,1,1","0","true","","","7","0.65","0.10000000000000001","","",""
"Specification-ModerateRiskAversion__Cost-1__Fee-American__Starts-50","9","38","1","D","8","15","D Offer","D Liability Signal: 9;P Files: 1;D Answers: 1;D Defaults: 1","9,1,1,1","0","true","","","8","0.75","0.10000000000000001","","",""
"Specification-ModerateRiskAversion__Cost-1__Fee-American__Starts-50","9","38","1","D","8","15","D Offer","D Liability Signal: 9;P Files: 1;D Answers: 1;D Defaults: 1","9,1,1,1","0","true","","","9","0.85","0.10000000000000001","","",""
"Specification-ModerateRiskAversion__Cost-1__Fee-American__Starts-50","9","38","1","D","8","15","D Offer","D Liability Signal: 9;P Files: 1;D Answers: 1;D Defaults: 1","9,1,1,1","0","true","","","10","0.95","0.10000000000000001","","",""
"Specification-ModerateRiskAversion__Cost-1__Fee-American__Starts-50","9","39","1","D","8","15","D Offer","D Liability Signal: 9;P Files: 1;D Answers: 1;D Defaults: 2","9,1,1,2","0.094579997435020005","false","999.05787299839972","999.05787299839972","1","0.05","0","998.09969975157526","0.95817324682445815","false"
"Specification-ModerateRiskAversion__Cost-1__Fee-American__Starts-50","9","39","1","D","8","15","D Offer","D Liability Signal: 9;P Files: 1;D Answers: 1;D Defaults: 2","9,1,1,2","0.094579997435020005","false","999.05787299839972","999.05787299839972","2","0.15","0","998.09969975157526","0.95817324682445815","false"
"Specification-ModerateRiskAversion__Cost-1__Fee-American__Starts-50","9","39","1","D","8","15","D Offer","D Liability Signal: 9;P Files: 1;D Answers: 1;D Defaults: 2","9,1,1,2","0.094579997435020005","false","999.05787299839972","999.05787299839972","3","0.25","0","998.09969975157526","0.95817324682445815","false"
"Specification-ModerateRiskAversion__Cost-1__Fee-American__Starts-50","9","39","1","D","8","15","D Offer","D Liability Signal: 9;P Files: 1;D Answers: 1;D Defaults: 2","9,1,1,2","0.094579997435020005","false","999.05787299839972","999.05787299839972","4","0.35","0","998.09969975157526","0.95817324682445815","false"
"Specification-ModerateRiskAversion__Cost-1__Fee-American__Starts-50","9","39","1","D","8","15","D Offer","D Liability Signal: 9;P Files: 1;D Answers: 1;D Defaults: 2","9,1,1,2","0.094579997435020005","false","999.05787299839972","999.05787299839972","5","0.45","0","998.09969975157526","0.95817324682445815","false"
"Specification-ModerateRiskAversion__Cost-1__Fee-American__Starts-50","9","39","1","D","8","15","D Offer","D Liability Signal: 9;P Files: 1;D Answers: 1;D Defaults: 2","9,1,1,2","0.094579997435020005","false","999.05787299839972","999.05787299839972","6","0.55","0","998.09969975157526","0.95817324682445815","false"
"Specification-ModerateRiskAversion__Cost-1__Fee-American__Starts-50","9","39","1","D","8","15","D Offer","D Liability Signal: 9;P Files: 1;D Answers: 1;D Defaults: 2","9,1,1,2","0.094579997435020005","false","999.05787299839972","999.05787299839972","7","0.65","0","998.09969975157526","0.95817324682445815","false"
"Specification-ModerateRiskAversion__Cost-1__Fee-American__Starts-50","9","39","1","D","8","15","D Offer","D Liability Signal: 9;P Files: 1;D Answers: 1;D Defaults: 2","9,1,1,2","0.094579997435020005","false","999.05787299839972","999.05787299839972","8","0.75","1","999.05787299839972","0","true"
"Specification-ModerateRiskAversion__Cost-1__Fee-American__Starts-50","9","39","1","D","8","15","D Offer","D Liability Signal: 9;P Files: 1;D Answers: 1;D Defaults: 2","9,1,1,2","0.094579997435020005","false","999.05787299839972","999.05787299839972","9","0.85","0","998.9391717663998","0.11870123199992122","false"
"Specification-ModerateRiskAversion__Cost-1__Fee-American__Starts-50","9","39","1","D","8","15","D Offer","D Liability Signal: 9;P Files: 1;D Answers: 1;D Defaults: 2","9,1,1,2","0.094579997435020005","false","999.05787299839972","999.05787299839972","10","0.95","0","998.8079768399997","0.24989615840001989","false"
"Specification-ModerateRiskAversion__Cost-1__Fee-American__Starts-50","9","40","1","D","3","10","D Answers","D Liability Signal: 10;P Files: 1","10,1","0.079065906914920422","false","999.05787299839994","999.05787299839994","1","Yes","1","999.05787299839994","0","true"
"Specification-ModerateRiskAversion__Cost-1__Fee-American__Starts-50","9","40","1","D","3","10","D Answers","D Liability Signal: 10;P Files: 1","10,1","0.079065906914920422","false","999.05787299839994","999.05787299839994","2","No","0","998.80797684000004","0.2498961583999062","false"
"Specification-ModerateRiskAversion__Cost-1__Fee-American__Starts-50","9","41","1","D","6","21","D Defaults","D Liability Signal: 10;P Files: 1;D Answers: 1","10,1,1","0.079065906914920422","false","999.05787299839994","999.05787299839994","1","Yes","0","998.54841991546448","0.50945308293546532","false"
"Specification-ModerateRiskAversion__Cost-1__Fee-American__Starts-50","9","41","1","D","6","21","D Defaults","D Liability Signal: 10;P Files: 1;D Answers: 1","10,1,1","0.079065906914920422","false","999.05787299839994","999.05787299839994","2","No","1","999.05787299839994","0","true"
"Specification-ModerateRiskAversion__Cost-1__Fee-American__Starts-50","9","42","1","D","8","15","D Offer","D Liability Signal: 10;P Files: 1;D Answers: 1;D Defaults: 1","10,1,1,1","0","true","","","1","0.05","0.10000000000000001","","",""
"Specification-ModerateRiskAversion__Cost-1__Fee-American__Starts-50","9","42","1","D","8","15","D Offer","D Liability Signal: 10;P Files: 1;D Answers: 1;D Defaults: 1","10,1,1,1","0","true","","","2","0.15","0.10000000000000001","","",""
"Specification-ModerateRiskAversion__Cost-1__Fee-American__Starts-50","9","42","1","D","8","15","D Offer","D Liability Signal: 10;P Files: 1;D Answers: 1;D Defaults: 1","10,1,1,1","0","true","","","3","0.25","0.10000000000000001","","",""
"Specification-ModerateRiskAversion__Cost-1__Fee-American__Starts-50","9","42","1","D","8","15","D Offer","D Liability Signal: 10;P Files: 1;D Answers: 1;D Defaults: 1","10,1,1,1","0","true","","","4","0.35","0.10000000000000001","","",""
"Specification-ModerateRiskAversion__Cost-1__Fee-American__Starts-50","9","42","1","D","8","15","D Offer","D Liability Signal: 10;P Files: 1;D Answers: 1;D Defaults: 1","10,1,1,1","0","true","","","5","0.45","0.10000000000000001","","",""
"Specification-ModerateRiskAversion__Cost-1__Fee-American__Starts-50","9","42","1","D","8","15","D Offer","D Liability Signal: 10;P Files: 1;D Answers: 1;D Defaults: 1","10,1,1,1","0","true","","","6","0.55","0.10000000000000001","","",""
"Specification-ModerateRiskAversion__Cost-1__Fee-American__Starts-50","9","42","1","D","8","15","D Offer","D Liability Signal: 10;P Files: 1;D Answers: 1;D Defaults: 1","10,1,1,1","0","true","","","7","0.65","0.10000000000000001","","",""
"Specification-ModerateRiskAversion__Cost-1__Fee-American__Starts-50","9","42","1","D","8","15","D Offer","D Liability Signal: 10;P Files: 1;D Answers: 1;D Defaults: 1","10,1,1,1","0","true","","","8","0.75","0.10000000000000001","","",""
"Specification-ModerateRiskAversion__Cost-1__Fee-American__Starts-50","9","42","1","D","8","15","D Offer","D Liability Signal: 10;P Files: 1;D Answers: 1;D Defaults: 1","10,1,1,1","0","true","","","9","0.85","0.10000000000000001","","",""
"Specification-ModerateRiskAversion__Cost-1__Fee-American__Starts-50","9","42","1","D","8","15","D Offer","D Liability Signal: 10;P Files: 1;D Answers: 1;D Defaults: 1","10,1,1,1","0","true","","","10","0.95","0.10000000000000001","","",""
"Specification-ModerateRiskAversion__Cost-1__Fee-American__Starts-50","9","43","1","D","8","15","D Offer","D Liability Signal: 10;P Files: 1;D Answers: 1;D Defaults: 2","10,1,1,2","0.079065906914920422","false","999.05787299839994","999.05787299839994","1","0.05","0","997.98196266876494","1.0759103296350077","false"
"Specification-ModerateRiskAversion__Cost-1__Fee-American__Starts-50","9","43","1","D","8","15","D Offer","D Liability Signal: 10;P Files: 1;D Answers: 1;D Defaults: 2","10,1,1,2","0.079065906914920422","false","999.05787299839994","999.05787299839994","2","0.15","0","997.98196266876494","1.0759103296350077","false"
"Specification-ModerateRiskAversion__Cost-1__Fee-American__Starts-50","9","43","1","D","8","15","D Offer","D Liability Signal: 10;P Files: 1;D Answers: 1;D Defaults: 2","10,1,1,2","0.079065906914920422","false","999.05787299839994","999.05787299839994","3","0.25","0","997.98196266876494","1.0759103296350077","false"
"Specification-ModerateRiskAversion__Cost-1__Fee-American__Starts-50","9","43","1","D","8","15","D Offer","D Liability Signal: 10;P Files: 1;D Answers: 1;D Defaults: 2","10,1,1,2","0.079065906914920422","false","999.05787299839994","999.05787299839994","4","0.35","0","997.98196266876494","1.0759103296350077","false"
"Specification-ModerateRiskAversion__Cost-1__Fee-American__Starts-50","9","43","1","D","8","15","D Offer","D Liability Signal: 10;P Files: 1;D Answers: 1;D Defaults: 2","10,1,1,2","0.079065906914920422","false","999.05787299839994","999.05787299839994","5","0.45","0","997.98196266876494","1.0759103296350077","false"
"Specification-ModerateRiskAversion__Cost-1__Fee-American__Starts-50","9","43","1","D","8","15","D Offer","D Liability Signal: 10;P Files: 1;D Answers: 1;D Defaults: 2","10,1,1,2","0.079065906914920422","false","999.05787299839994","999.05787299839994","6","0.55","0","997.98196266876494","1.0759103296350077","false"
"Specification-ModerateRiskAversion__Cost-1__Fee-American__Starts-50","9","43","1","D","8","15","D Offer","D Liability Signal: 10;P Files: 1;D Answers: 1;D Defaults: 2","10,1,1,2","0.079065906914920422","false","999.05787299839994","999.05787299839994","7","0.65","0","997.98196266876494","1.0759103296350077","false"
"Specification-ModerateRiskAversion__Cost-1__Fee-American__Starts-50","9","43","1","D","8","15","D Offer","D Liability Signal: 10;P Files: 1;D Answers: 1;D Defaults: 2","10,1,1,2","0.079065906914920422","false","999.05787299839994","999.05787299839994","8","0.75","1","999.05787299839994","0","true"
"Specification-ModerateRiskAversion__Cost-1__Fee-American__Starts-50","9","43","1","D","8","15","D Offer","D Liability Signal: 10;P Files: 1;D Answers: 1;D Defaults: 2","10,1,1,2","0.079065906914920422","false","999.05787299839994","999.05787299839994","9","0.85","0","998.93917176640002","0.11870123199992122","false"
"Specification-ModerateRiskAversion__Cost-1__Fee-American__Starts-50","9","43","1","D","8","15","D Offer","D Liability Signal: 10;P Files: 1;D Answers: 1;D Defaults: 2","10,1,1,2","0.079065906914920422","false","999.05787299839994","999.05787299839994","10","0.95","0","998.80797684000004","0.2498961583999062","false"
