Worker 3 starting; PID 31032; plan 16B054AA16DE00EC8C466C8C264591F8C4B06C51D639FFB899A302721D979CE0.
Starting participation in distributed processing
Starting participation in CS004ME

Percentage Complete 0.00% of 6; pending 3; failed 0; unstarted 3
Updated status (total 13 milliseconds)
Task to do: Optimize ID 2 Repetition 0 Started:2026-09-16T07:07:10.9520399Z Complete:False Failed:False
Beginning task Optimize (ID 2) time 9/16/2026 3:07:10 AM
Using SequenceForm
Game: LitigationGame: Specification-Baseline__Cost-1__Fee-British__Starts-50
CollapseChanceDecisions True
NumOffers 10   
NumPotentialBargainingRounds 1  BargainingRoundsSimultaneous True SimultaneousOffersUltimatelyRevealed True 
NumLiabilityStrengthPoints 2 NumLiabilitySignals 10 PLiabilityNoiseStdev 0.2 DLiabilityNoiseStdev 0.2 CourtLiabilityNoiseStdev 0.2 
NumDamagesStrengthPoints 1 NumDamagesSignals 1 PDamagesNoiseStdev 0.1 DDamagesNoiseStdev 0.1 CourtDamagesNoiseStdev 0.15 
SkipFileAndAnswerDecisions False AllowAbandonAndDefaults True PredeterminedAbandonAndDefaults True IncludeAgreementToBargainDecisions False DeltaOffersOptions N/A 
CostsMultiplier 1 PTrialCosts 0.15 DTrialCosts 0.15 PFilingCost 0.15 DAnswerCost 0.15 PerPartyCostsLeadingUpToBargainingRound 0 
LoserPays True Multiple 1 AfterAbandonment False Rule68 False Margin False (0.7)
PInitialWealth 10 DInitialWealth 10 
DamagesMin 0 DamagesMax 1 DamagesMultiplier 1
RegretAversion 0 
PUtilityCalculator Risk neutral DUtilityCalculator Risk neutral 
LitigGameDisputeGenerator LitigGameUniformQualityDisputeGenerator QualityDistribution=Uniform(0,1);TruthGivenQuality=Bernoulli(q);GaussLegendreOrder=64
WarmStartOptions NoWarmStart for  iterations
Initializing all game paths...
... Chance nodes 111 decision nodes 4900 (80 information sets) final nodes 40200 total nodes 45211 Initialization milliseconds 996
Prepping accelerated best response...
... 188 milliseconds. Chance nodes 111 decision nodes 4900 (80 information sets) final nodes 40200 total nodes 45211
Calculating min-max...
... complete 89 milliseconds
Option set Specification-Baseline__Cost-1__Fee-British__Starts-50
Using exact arithmetic for initial prior

Game tree has 45211 nodes, of which 40200 are terminal nodes.
    Player 0 has 111 information sets, 210 moves in total
    Player 1 has  40 information sets, 240 moves in total
    Player 2 has  40 information sets, 240 moves in total
Sequence form LCP dimension is 564
    Player 1 has 241 sequences, subject to  41 constraints
    Player 2 has 241 sequences, subject to  41 constraints
Prior 1 of 1
... 100 steps (38337 ms) ...... 200 steps (168080 ms) ...Complete after 235 pivoting steps
Equilibrium 1
Equilibrium behavior strategies player 1, 2:
0,1,0,0,0,0,0,0,0,0,0,0,0,0,0,0,0,0,0,0,0,0,0,0,0,1,0,0,0,0,0,0,0,0,0,0,0,0,0,0,0,0,0,0,0,0,0,0,1,0,0,1,0,0,0,0,0,0,0,0,0,0,1,0,0,0,0,0,0,0,0,0,1,0,0,1,0,0,0,0,0,0,0,0,0,0,1,0,0,0,0,0,0,0,0,0,1,0,0,1,0,0,0,0,0,0,0,0,0,0,0,0,0,0,0,0,0,1,0,0,1,0,0,1,0,0,0,0,0,0,0,0,0,0,0,0,0,0,0,0,0,0,1,0,1,0,0,1,0,0,0,0,0,0,0,0,0,0,0,0,0,0,0,0,0,0,0,1,1,0,0,1,0,0,0,0,0,0,0,0,0,0,0,0,0,0,0,0,0,0,0,1,1,0,0,1,0,0,0,0,0,0,0,0,0,0,0,0,0,0,0,0,0,0,0,1,1,0,0,1,0,0,0,0,0,0,0,0,0,0,0,0,0,0,0,0,0,0,0,1
1,0,0,1,0,0,0,0,0,0,0,0,0,0,1,0,0,0,0,0,0,0,0,0,1,0,0,1,0,0,0,0,0,0,0,0,0,0,1,0,0,0,0,0,0,0,0,0,1,0,0,1,0,0,0,0,0,0,0,0,0,0,1,0,0,0,0,0,0,0,0,0,1,0,0,1,0,0,0,0,0,0,0,0,0,0,1,0,0,0,0,0,0,0,0,0,1,0,0,1,0,0,0,0,0,0,0,0,0,0,1,0,0,0,0,0,0,0,0,0,1,0,0,1,0,0,0,0,0,0,0,0,0,0,1,0,0,0,0,0,0,0,0,0,0,1,0,0,0,0,0,0,0,0,0,0,0,0,0,0,0,0,0,0,0,0,0,0,0,1,0,0,0,0,0,0,0,0,0,0,0,0,0,0,0,0,0,0,0,0,0,0,0,1,0,0,0,0,0,0,0,0,0,0,0,0,0,0,0,0,0,0,0,0,0,0,0,1,0,0,0,0,0,0,0,0,0,0,0,0,0,0,0,0,0,0,0,0,0,0
Elapsed milliseconds prior 1: 253443
Changed to original form:
0,1,0,0,0,0,0,0,0,0,0,0,0,0,0,0,0,0,0,0,0,0,0,0,0,1,0,0,0,0,0,0,0,0,0,0,0,0,0,0,0,0,0,0,0,0,0,0,1,0,0,1,0,0,0,0,0,0,0,0,0,0,1,0,0,0,0,0,0,0,0,0,1,0,0,1,0,0,0,0,0,0,0,0,0,0,1,0,0,0,0,0,0,0,0,0,1,0,0,1,0,0,0,0,0,0,0,0,0,0,0,0,0,0,0,0,0,1,0,0,1,0,0,1,0,0,0,0,0,0,0,0,0,0,0,0,0,0,0,0,0,0,1,0,1,0,0,1,0,0,0,0,0,0,0,0,0,0,0,0,0,0,0,0,0,0,0,1,1,0,0,1,0,0,0,0,0,0,0,0,0,0,0,0,0,0,0,0,0,0,0,1,1,0,0,1,0,0,0,0,0,0,0,0,0,0,0,0,0,0,0,0,0,0,0,1,1,0,0,1,0,0,0,0,0,0,0,0,0,0,0,0,0,0,0,0,0,0,0,1,1,0,0,1,0,0,0,0,0,0,0,0,0,0,1,0,0,0,0,0,0,0,0,0,1,0,0,1,0,0,0,0,0,0,0,0,0,0,1,0,0,0,0,0,0,0,0,0,1,0,0,1,0,0,0,0,0,0,0,0,0,0,1,0,0,0,0,0,0,0,0,0,1,0,0,1,0,0,0,0,0,0,0,0,0,0,1,0,0,0,0,0,0,0,0,0,1,0,0,1,0,0,0,0,0,0,0,0,0,0,1,0,0,0,0,0,0,0,0,0,1,0,0,1,0,0,0,0,0,0,0,0,0,0,1,0,0,0,0,0,0,0,0,0,0,1,0,0,0,0,0,0,0,0,0,0,0,0,0,0,0,0,0,0,0,0,0,0,0,1,0,0,0,0,0,0,0,0,0,0,0,0,0,0,0,0,0,0,0,0,0,0,0,1,0,0,0,0,0,0,0,0,0,0,0,0,0,0,0,0,0,0,0,0,0,0,0,1,0,0,0,0,0,0,0,0,0,0,0,0,0,0,0,0,0,0,0,0,0,0
Perfect equilibrium confirmed 258 ms
Trying inexact arithmetic for up to 49 random priors

Game tree has 45211 nodes, of which 40200 are terminal nodes.
    Player 0 has 111 information sets, 210 moves in total
    Player 1 has  40 information sets, 240 moves in total
    Player 2 has  40 information sets, 240 moves in total
Sequence form LCP dimension is 564
    Player 1 has 241 sequences, subject to  41 constraints
    Player 2 has 241 sequences, subject to  41 constraints
Prior 1 of 49
... 100 steps (6529 ms) ...... 200 steps (13219 ms) ...... 300 steps (20630 ms) ...... 400 steps (28040 ms) ...Complete after 473 pivoting steps
Equilibrium 1
Equilibrium behavior strategies player 1, 2:
3.6986343033937026E-16,0.9999999999999996,0,1,0,0,0,0,0,0,0,0,0,0,0,0,0,0,0,0,0,0,0,0,0,1,1,0,1,0,0,0,0,0,0,0,0,0,1,0,0,0,0,0,0,0,0,0,1,0,1.0426876138562623E-14,0.9999999999999897,0,0,0,0,0,0,0,0,0,0,1,0,0,0,0,0,0,0,0,0,1,0,6.556642854655224E-16,0.9999999999999993,0,0,0,0,0,0,0,0,0,0,1,0,0,0,0,0,0,0,0,0,1,0,0,1,0,0,0,0,0,0,0,0,0,0,0,0,0,0,0,0,0,0,0,1,1,0,0,1,0,0,0,0,0,0,0,0,0,0,0,0,0,0,0,0,0,0,0,1,1,0,0,1,0,0,0,0,0,0,0,0,0,0,0,0,0,0,0,0,0,0,0,1,1,0,0,1,0,0,0,0,0,0,0,0,0,0,0,0.11616227189964107,0,0,0.045960306718376906,0.1845264519730766,0,0,0,0.6533509694089054,1,0,0,1,0,0,0,0,0,0,0,0,0,0,0,0,0,0,0,0,0,0,0,1,1,0,0,1,0,0,0,0,0,0,0,0,0,0,0,0,0,0,0,0,0.2960361719563644,0.0015903304532995854,0,0.702373497590336
1,0,0,1,0,0,0,0,0,0,0,0,0,0,1,0,0,0,0,0,0,0,0,0,1,0,0,1,0,0,0,0,0,0,0,0,0,0,1,0,0,0,0,0,0,0,0,0,1,0,0,1,0,0,0,0,0,0,0,0,0,0,1,0,0,0,0,0,0,0,0,0,1,0,0,1,0,0,0,0,0,0,0,0,0,0,1,0,0,0,0,0,0,0,0,0,1,0,0,1,0,0,0,0,0,0,0,0,0,0,1,0,0,0,0,0,0,0,0,0,1,0,0,1,0,0,0,0,0,0,0,0,0,0,0.7436582000021921,0.256341799997808,0,0,0,0,0,0,0,0,0.0006375177457334575,0.9993624822542666,0,1,0,0.8632931034206995,0,0,0.020089306417655328,0.019002488364445257,0.014603405301038867,0,0,0.08301169649616105,0,0,0,0,0,0,0,0,0,0,1.2534133880330318E-14,0.9999999999999873,0,0,0,0,0,0,0,0,0,0,0,1,0,0,0,0,0,0,0,0,0,0,0,1,0,1,0,0,0,0,0,0,0,0,0,1,0,0,0,0,0,0,0,0,0,1,0,1,0,0,0,0,0,0,0,0,0,0,0,0,0,0,0,0,0,0,0,0,0,0
Elapsed milliseconds prior 1: 33761
Prior 2 of 49
... 100 steps (6872 ms) ...... 200 steps (13956 ms) ...... 300 steps (21929 ms) ...Complete after 351 pivoting steps
Equilibrium 2
Equilibrium behavior strategies player 1, 2:
0,1,0,0,1,0,0,0,0,0,0,0,0,0,1,0,0,0,0,0,0,0,0,0,0,1,0,1,1,0,0,0,0,0,0,0,0,0,1,0,0,0,0,0,0,0,0,0,1,0,0,1,1,0,0,0,0,0,0,0,0,0,1,0,0,0,0,0,0,0,0,0,1,0,1.2640141146158005E-14,0.9999999999999873,0,0,0,0,0,0,0,0,0,0,1,0,0,0,0,0,0,0,0,0,1,0,0,1,0,0,0,0,0,0,0,0,0,0,0,0,0,0,0,0,0,0,0,1,1,0,0,1,0,0,0,0,0,0,0,0,0,0,0,0.10718841658370097,0,0,0,0,0,0,0,0.892811583416299,1,0,0,1,0,0,0,0,0,0,0,0,0,0,0,0,0,0,0,0,0,0,0,1,1,0,0,1,0,0,0,0,0,0,0,0,0,0,0,0,0,0,0.10694152036235685,0.14258351460438565,0,0,0,0.7504749650332575,1,0,0,1,0,0,0,0,0,0,0,0,0,0,0,0,0.07639726966252047,0.08014180344060881,0,0,0,0,0,0.8434609268968707,1,0,0,1,0,0,0,0,0,0,0,0,0,0,0,0,0,0.11221215499249362,0,0,0.29326576804652316,0,0,0.5945220769609834
1,0,0,1,0,0,0,0,0,0,0,0,0,0,1,0,0,0,0,0,0,0,0,0,1,0,0,1,0,0,0,0,0,0,0,0,0,0,1,0,0,0,0,0,0,0,0,0,1,0,0,1,0,0,0,0,0,0,0,0,0,0,1,0,0,0,0,0,0,0,0,0,1,0,0,1,0,0,0,0,0,0,0,0,0,0,1,0,0,0,0,0,0,0,0,0,1,0,0,1,0,0,0,0,0,0,0,0,0,0,1,0,0,0,0,0,0,0,0,0,1,0,0,1,0,0,0,0,0,0,0,0,0,0,0.9999999999999821,1.7795261253692374E-14,0,0,0,0,0,0,0,0,2.832874696475519E-14,0.9999999999999717,1,0,0,0,0,0.02063536983905122,0.8359670738351265,0.0709467265450574,0.07245082978076471,0,0,0,0,0,0,0,0,0,0,0,0,1,0,1,1,0,0,0,0,0,0,0,0,0,0,0,0,0,0,0,0,0,0,0,0,1,3.692960725871708E-16,0.9999999999999996,1,0,0,0,0,0,0,0,0,0,0,0,0,0,0,0,0,0,0,0,0,0,0,1,0,0,0,0,0,0,0,0,0,0,0,0,0,0,0,0,0,0,0,0,0,0
Elapsed milliseconds prior 2: 26303
Prior 3 of 49
... 100 steps (6372 ms) ...... 200 steps (13197 ms) ...Complete after 291 pivoting steps
Equilibrium 3
Equilibrium behavior strategies player 1, 2:
1.0006179466315126E-14,0.99999999999999,0,0,0,0,0,0,0,0,0,0,0,0,1,0,0,0,0,0,0,0,0,0,5.88803807519371E-15,0.999999999999994,0,1,1,0,0,0,0,0,0,0,0,0,0,0,0,0,0,0,0,0,0,0,1,0,0,1,1,0,0,0,0,0,0,0,0,0,1,0,0,0,0,0,0,0,0,0,1,0,1,0,1,0,0,0,0,0,0,0,0,0,1,0,0,0,0,0,0,0,0,0,1,0,0,1,0,0,0,0,0,0,0,0,0,0,0,0,0,0,0,0,0,0,0,1,1,0,0,1,0,0,0,0,0,0,0,0,0,0,0,0,0.05189122646548226,0,0,0,0,0,0,0.9481087735345176,1,0,0,1,0,0,0,0,0,0,0,0,0,0,0,0,0,0,0,0,0,0,0,1,1,0,0,1,0,0,0,0,0,0,0,0,0,0,0,0,0.05525725546004206,0,0,0,0,0,0,0.9447427445399579,1,0,0,1,0,0,0,0,0,0,0,0,0,0,0,0,0,0,0,0,0,0,0,1,1,0,0,1,0,0,0,0,0,0,0,0,0,0,0,0.1361504072937502,0,0.0008975121147233137,0,0,0,0,0,0.8629520805915265
1,0,0,1,0,0,0,0,0,0,0,0,0,0,1,0,0,0,0,0,0,0,0,0,1,0,0,1,0,0,0,0,0,0,0,0,0,0,1,0,0,0,0,0,0,0,0,0,1,0,0,1,0,0,0,0,0,0,0,0,0,0,1,0,0,0,0,0,0,0,0,0,1,0,0,1,0,0,0,0,0,0,0,0,0,0,1,0,0,0,0,0,0,0,0,0,1,0,0,1,0,0,0,0,0,0,0,0,0,0,1,0,0,0,0,0,0,0,0,0,1,0,0,1,0,0,0,0,0,0,0,0,0,0,0.9999999999999771,2.2865134852246583E-14,0,0,0,0,0,0,0,0,3.1565463423872775E-15,0.9999999999999969,0,0,0,0,1,0,0,0,0,0,0,0,0,0,0,0,0,0,0,0,0,1,6.175755023380222E-16,0.9999999999999993,1,0,0,0,0,0,0,0,0,0,0,0,0,0,0,0,0,0,0,0,0,0,0,1,0,0,0,0,0,0,0,0,0,0,0,1,0,0,0,0,0,0,0,0,0,0,0,1,0,0,0,0,0,0,0,0,0,0,0,0,0,0,0,0,0,0,0,0,0,0
Elapsed milliseconds prior 3: 20445
Prior 4 of 49
... 100 steps (6147 ms) ...... 200 steps (12652 ms) ...... 300 steps (19855 ms) ...Complete after 343 pivoting steps
Equilibrium 4
Equilibrium behavior strategies player 1, 2:
7.024982564250572E-15,0.9999999999999929,0,0,0,0,0,0,0,0,0,0,0,0,1,0,0,0,0,0,0,0,0,0,0,1,0,1,0,0,0,0,0,0,0,0,0,0,1,0,0,0,0,0,0,0,0,0,1,0,0,1,1,0,0,0,0,0,0,0,0,0,1,0,0,0,0,0,0,0,0,0,1,0,6.149954922870828E-16,0.9999999999999993,0,0,0,0,0,0,0,0,0,0,1,0,0,0,0,0,0,0,0,0,1,0,0,1,0,0,0,0,0,0,0,0,0,0,0,0,0,0,0,0,0,0,0,1,1,0,0,1,0,0,0,0,0,0,0,0,0,0,0,0,0,0,0,0,0,0,0,1,1,0,0,1,0,0,0,0,0,0,0,0,0,0,0,0,0,0,0,0,0,0.3409212732845678,0,0.6590787267154322,1,0,0,1,0,0,0,0,0,0,0,0,0,0,0,0,0,0,0,0,0,0,0,1,1,0,0,1,0,0,0,0,0,0,0,0,0,0,0,0,0,0,0,0,0.15393789601301264,0,0,0.8460621039869873,1,0,0,1,0,0,0,0,0,0,0,0,0,0,0,0,0,0,0.6789837125323385,0.21358448802956753,0.10743179943809407,0,0,0
1,0,0,1,0,0,0,0,0,0,0,0,0,0,1,0,0,0,0,0,0,0,0,0,1,0,0,1,0,0,0,0,0,0,0,0,0,0,1,0,0,0,0,0,0,0,0,0,1,0,0,1,0,0,0,0,0,0,0,0,0,0,1,0,0,0,0,0,0,0,0,0,1,0,0,1,0,0,0,0,0,0,0,0,0,0,1,0,0,0,0,0,0,0,0,0,1,0,0,1,0,0,0,0,0,0,0,0,0,0,1,0,0,0,0,0,0,0,0,0,1,0,0,1,0,0,0,0,0,0,0,0,0,0,1,0,0,0,0,0,0,0,0,0,1.4055952851466251E-14,0.9999999999999859,1,0,0,0,0,0,0.8065087631056379,0.10169843944395646,0.0856275514891036,0.006165245961301916,0,0,0,0,0,0,0,0,0,0,0,1,0,1,0,1,0,0,0,0,0,0,0,0,0,1,0,0,0,0,0,0,0,0,0,1,0,1,0,0,0,0,0,0,0,0,0,0,0,0,0,0,0,0,0,0,0,0,0,0,0,1,0,0,0,0,0,0,0,0,0,0,0,0,0,0,0,0,0,0,0,0,0,0
Elapsed milliseconds prior 4: 23186
Prior 5 of 49
... 100 steps (5978 ms) ...... 200 steps (12564 ms) ...... 300 steps (19933 ms) ...... 400 steps (27289 ms) ...Complete after 429 pivoting steps
Equilibrium 5
Equilibrium behavior strategies player 1, 2:
0,1,0,1,1,0,0,0,0,0,0,0,0,0,1,0,0,0,0,0,0,0,0,0,0,1,0.9570876969967055,0.042912303003294475,0,0,0,0,0,0,0,0,0,0,0,0,0,0,0,0,0,0,0,0,1,0,7.354384404644207E-14,0.9999999999999265,0,0,0,0,0,0,0,0,0,0,1,0,0,0,0,0,0,0,0,0,1,0,6.929129065049969E-12,0.9999999999930709,1,0,0,0,0,0,0,0,0,0,1,0,0,0,0,0,0,0,0,0,1,0,0,1,0,0,0,0,0,0,0,0,0,0,0,0,0,0,0,0,0,0,0,1,1,0,0,1,0,0,0,0,0,0,0,0,0,0,0,0,0,0,0,0,0,0,0,1,1,0,0,1,0,0,0,0,0,0,0,0,0,0,0,0,0,0,0,0,0,0,0,1,1,0,0,1,0,0,0,0,0,0,0,0,0,0,0,0,0,0,0,0,0,0,0,1,1,0,0,1,0,0,0,0,0,0,0,0,0,0,0,0,0,0,0.4796716555027793,0.16086367211720012,0.22980925784475592,0,0,0.12965541453526466,1,0,0,1,0,0,0,0,0,0,0,0,0,0,0,0,0,0,0,0,0,0,0,1
1,0,0,1,0,0,0,0,0,0,0,0,0,0,1,0,0,0,0,0,0,0,0,0,1,0,0,1,0,0,0,0,0,0,0,0,0,0,1,0,0,0,0,0,0,0,0,0,1,0,0,1,0,0,0,0,0,0,0,0,0,0,1,0,0,0,0,0,0,0,0,0,1,0,0,1,0,0,0,0,0,0,0,0,0,0,1,0,0,0,0,0,0,0,0,0,1,0,0,1,0,0,0,0,0,0,0,0,0,0,1,0,0,0,0,0,0,0,0,0,1,0,0,1,0,0,0,0,0,0,0,0,0,0,1,0,0,0,0,0,0,0,0,0,6.951330239588259E-14,0.9999999999999304,0,0,0,0,0,0,0.2405190007194842,0.3431760220530056,0.41630497722751014,0,0,0,0,0,0,0,0,0,0,0,0,1,0,1,0,1,0,0,0,0,0,0,0.4212055353156862,0,0,0.5787944646843137,0,0,0,0,0,0,0,0,0,1,3.077730995644467E-15,0.9999999999999969,0,0,0,0,0,0,0,0,0,0,0,0,0,0,0,0,0,0,0,0,0,1,0,1,0,0,0,0,0,0,0,0,0,0,0,0,0,0,0,0,0,0,0,0,0,0
Elapsed milliseconds prior 5: 29648
Prior 6 of 49
... 100 steps (6087 ms) ...... 200 steps (12654 ms) ...... 300 steps (19928 ms) ...... 400 steps (27314 ms) ...... 500 steps (34743 ms) ...------- stop after 500 pivoting steps --------
ECTA algorithm failed Max (500) pivoting steps reached.
Elapsed milliseconds prior 6: 34929
Prior 7 of 49
... 100 steps (6170 ms) ...... 200 steps (12592 ms) ...... 300 steps (19750 ms) ...Complete after 333 pivoting steps
Equilibrium 6
Equilibrium behavior strategies player 1, 2:
2.864380405268406E-15,0.9999999999999971,9.804143670225042E-16,0.9999999999999991,0,0,0,0,0,0,0,0,0,0,0,0,0,0,0,0,0,0,0,0,0,1,0,1,0,0,0,0,0,0,0,0,0,0,1,0,0,0,0,0,0,0,0,0,0.8753173812121489,0.12468261878785099,2.7246025896555428E-15,0.9999999999999973,0,0,0,0,0,0,0,0,0,0,1,0,0,0,0,0,0,0,0,0,1,0,0.0375614278610725,0.9624385721389275,0,0,0,0,1,0,0,0,0,0,0.7156519801085063,0,0,0.2843480198914937,0,0,0,0,0,0,1,0,0,1,0,0,0,0,0,0,0,0,0,0,0,0,0,0,0,0,0,0.3936018923467548,0.6063981076532451,0,1,0,0.19735097399336662,0.8026490260066335,0,0,1,0,0,0,0,0,0,0,0,0,0,0,0,0,0,0,0,1,1,0,0,1,0,0,0,0,0,0,0,0,0,0,0,0,0,0,0,0,0.11337023450845721,0,0,0.8866297654915428,1,0,0.3475084778720898,0.6524915221279103,0,0,0,0,0,0,0,0,0,1,0,0,0,0,0,0,0,0,0,1,1,0,0,1,0,0,0,0,0,0,0,0,0,0,0,0,0,0,0,0,0,0,0,1,1,0,0,1,0,0,0,0,0,0,0,0,0,0,0,0,0,0,0,0.00629940723230999,0,0.13049698128917298,0,0.8632036114785171
0.8318714201344857,0.16812857986551433,0,1,0,0,0,0,0,0,0,0,0,0,0,1,0,0,0,0,0,0,0,0,1,0,0,1,0,0,0,0,0,0,0,0,0,0,0.9919212253427853,0,0,0,0,0,0,0.008078774657214646,0,0,1,0,0,1,0,0,0,0,0,0,0,0,0,0,1,0,0,0,0,0,0,0,0,0,1,0,0,1,0,0,0,0,0,0,0,0,0,0,1,0,0,0,0,0,0,0,0,0,1,0,0,1,0,0,0,0,0,0,0,0,0,0,1,0,0,0,0,0,0,0,0,0,1,0,0,1,0,0,0,0,0,0,0,0,0,0,1,0,0,0,0,0,0,0,0,0,0.7766373032675782,0.22336269673242184,0.19365468840496333,0.8063453115950366,0.6281243368110218,0,0,0.13231468873905186,0,0,0.1049939279613791,0,0.13456704648854728,0,0.01952952989633684,0,0,0,0.9702610490642259,0,0,0,0.010209421039437172,0,1.4404918052157285E-15,0.9999999999999986,0,0,0,0,0,0,0,0,0,0,1,0,0,0,0,0,0,0,0,0,0,0,0,1,0,0,0,0,0,0,0,0,0,0,0,0,0,0,0,0,0,0,0,0,0,0,1.1038613200441153E-17,1,1,0,0,0,0,0,0,0,0,0,0,0,0,0,0,0,0,0,0,0,0,0
Elapsed milliseconds prior 7: 22420
Prior 8 of 49
... 100 steps (6415 ms) ...... 200 steps (13363 ms) ...... 300 steps (20748 ms) ...... 400 steps (28510 ms) ...... 500 steps (36284 ms) ...------- stop after 500 pivoting steps --------
ECTA algorithm failed Max (500) pivoting steps reached.
Elapsed milliseconds prior 8: 36529
Prior 9 of 49
... 100 steps (6071 ms) ...... 200 steps (12538 ms) ...Cycling detected after 255 steps
ECTA algorithm failed Cycling detected after 255 steps
Elapsed milliseconds prior 9: 16782
Prior 10 of 49
... 100 steps (6360 ms) ...... 200 steps (12995 ms) ...... 300 steps (20661 ms) ...Complete after 347 pivoting steps
Equilibrium 7
Equilibrium behavior strategies player 1, 2:
1.1142871183145497E-15,0.9999999999999989,0,0,0,0,0,0,0,0,0,0,0,0,1,0,0,0,0,0,0,0,0,0,1.4104448638298378E-13,0.999999999999859,0,0,0,0,0,0,0,0,0,0,0,0,1,0,0,0,0,0,0,0,0,0,1,0,0,1,1,0,0,0,0,0,0,0,0,0,1,0,0,0,0,0,0,0,0,0,1,0,0.9999999999992661,7.338881129603643E-13,1,0,0,0,0,0,0,0,0,0,0,0,0,0,0,0,0,0,0,0,1,0,0,1,0,0,0,0,0,0,0,0,0,0,0,0,0,0,0,0,0,0,0.8975521155656091,0.10244788443439103,1,0,0,1,0,0,0,0,0,0,0,0,0,0,0,0,0,0,0,0,0,0,0,1,1,0,0,1,0,0,0,0,0,0,0,0,0,0,0,0,0,0,0,0,0,0,0,1,1,0,0,1,0,0,0,0,0,0,0,0,0,0,0,0,0,0,0,0.47409829012171467,0,0,0,0.5259017098782853,1,0,0,1,0,0,0,0,0,0,0,0,0,0,0,0,0,0,0,0,0,1,0,0,1,0,0,1,0,0,0,0,0,0,0,0,0,0,0,0,0,0,0,0,0,0,0,1
1,0,0,1,0,0,0,0,0,0,0,0,0,0,1,0,0,0,0,0,0,0,0,0,1,0,0,1,0,0,0,0,0,0,0,0,0,0,1,0,0,0,0,0,0,0,0,0,1,0,0,1,0,0,0,0,0,0,0,0,0,0,1,0,0,0,0,0,0,0,0,0,1,0,0,1,0,0,0,0,0,0,0,0,0,0,1,0,0,0,0,0,0,0,0,0,1,0,0,1,0,0,0,0,0,0,0,0,0,0,1,0,0,0,0,0,0,0,0,0,1,0,0,1,0,0,0,0,0,0,0,0,0,0,1,0,0,0,0,0,0,0,0,0,1.2063469471738886E-13,0.9999999999998793,1,0,0,0,0,0,0,0,0,0.3154095689490343,0,0.6845904310509656,0,0,0,0,0,0,0,0,0,1,1.2889973998823457E-14,0.999999999999987,1,0,0,0,0,0,0,0,0,0,0,0,0,0,0,0,0,0,0,0,0,0,3.5273875445185128E-15,0.9999999999999964,1,0,0,0,0,0,0,0,0,0,0,0,0,0,0,0,0,0,0,0,0,0,0,1,0,0,0,0,0,0,0,0,0,0,0,0,0,0,0,0,0,0,0,0,0,0
Elapsed milliseconds prior 10: 24536
Prior 11 of 49
... 100 steps (6250 ms) ...... 200 steps (12851 ms) ...... 300 steps (20418 ms) ...... 400 steps (27964 ms) ...... 500 steps (35252 ms) ...------- stop after 500 pivoting steps --------
ECTA algorithm failed Max (500) pivoting steps reached.
Elapsed milliseconds prior 11: 35429
Prior 12 of 49
... 100 steps (6236 ms) ...... 200 steps (13282 ms) ...... 300 steps (20936 ms) ...... 400 steps (28398 ms) ...... 500 steps (35999 ms) ...------- stop after 500 pivoting steps --------
ECTA algorithm failed Max (500) pivoting steps reached.
Elapsed milliseconds prior 12: 36243
Prior 13 of 49
... 100 steps (6154 ms) ...... 200 steps (12762 ms) ...... 300 steps (20045 ms) ...Complete after 367 pivoting steps
Equilibrium 8
Equilibrium behavior strategies player 1, 2:
4.4307698031008734E-15,0.9999999999999957,0,1,0,0,0,0,0,0,0,0,0,0,0,0,0,0,0,0,0,0,0,0,0,1,0,1,1,0,0,0,0,0,0,0,0,0,1,0,0,0,0,0,0,0,0,0,1,0,0.9999999999999998,1.6028789682676322E-16,1,0,0,0,0,0,0,0,0,0,0,0,0,0,0,0,0,0,0,0,1,0,0.9999999999999468,5.315566855178657E-14,1,0,0,0,0,0,0,0,0,0,0,0,0,0,0,0,0,0,0,0,1,0,0,1,0,0,0,0,0,0,0,0,0,0,0,0,0,0,0,0,0,0,0,1,1,0,0,1,0,0,0,0,0,0,0,0,0,0,0,0,0.25386158888525645,0,0,0,0.41111189942894777,0,0,0.33502651168579584,1,0,0,1,0,0,0,0,0,0,0,0,0,0,0,0,0,0,0,0,0,0,0,1,1,0,0,1,0,0,0,0,0,0,0,0,0,0,0,0,0,0,0,0,0,0,0.8753169076718682,0.12468309232813181,1,0,0,1,0,0,0,0,0,0,0,0,0,0,0,0,0,0,0,0,0,0,0,1,1,0,0,1,0,0,0,0,0,0,0,0,0,0,0,0,0,0,0,0,0,0,1,0
1,0,0,1,0,0,0,0,0,0,0,0,0,0,1,0,0,0,0,0,0,0,0,0,1,0,0,1,0,0,0,0,0,0,0,0,0,0,1,0,0,0,0,0,0,0,0,0,1,0,0,1,0,0,0,0,0,0,0,0,0,0,1,0,0,0,0,0,0,0,0,0,1,0,0,1,0,0,0,0,0,0,0,0,0,0,1,0,0,0,0,0,0,0,0,0,1,0,0,1,0,0,0,0,0,0,0,0,0,0,1,0,0,0,0,0,0,0,0,0,1,0,0,1,0,0,0,0,0,0,0,0,0,0,0.9999999999999367,0,6.331896133586426E-14,0,0,0,0,0,0,0,3.390124034489707E-14,0.9999999999999661,0,1,0,0,0.6932191006365938,0,0,0,0,0,0.12926383050964,0.17751706885376628,0,0,0,0,0,0,0,0,0,0,8.035217740244095E-14,0.9999999999999196,1,0,0,0,0,0,0,0,0,0,0,0,0,0,0,0,0,0,0,0,0,0,3.9553399672159695E-15,0.999999999999996,1,0,0,0,0,0,0,0,0,0,0,0,0,0,0,0,0,0,0,0,0,0,0,1,0,0,0,0,0,0,0,0,0,0,0,0,0,0,0,0,0,0,0,0,0,0
Elapsed milliseconds prior 13: 25226
Prior 14 of 49
... 100 steps (6296 ms) ...... 200 steps (13138 ms) ...... 300 steps (20690 ms) ...... 400 steps (28502 ms) ...... 500 steps (36244 ms) ...------- stop after 500 pivoting steps --------
ECTA algorithm failed Max (500) pivoting steps reached.
Elapsed milliseconds prior 14: 36429
Prior 15 of 49
... 100 steps (6192 ms) ...... 200 steps (12803 ms) ...Complete after 289 pivoting steps
Equilibrium 9
Equilibrium behavior strategies player 1, 2:
9.134719372629537E-15,0.9999999999999908,0,1,0,0,0,0,0,0,0,0,0,0,0,0,0,0,0,0,0,0,0,0,1.458653200880737E-14,0.9999999999999853,0,0,0,0,0,0,0,0,0,0,0,0,1,0,0,0,0,0,0,0,0,0,1,0,3.7790836040720195E-15,0.9999999999999962,0,0,0,0,0,0,0,0,0,0,1,0,0,0,0,0,0,0,0,0,1,0,1,0,1,0,0,0,0,0,0,0,0,0,1,0,0,0,0,0,0,0,0,0,1,0,0,1,0,0,0,0,0,0,0,0,0,0,0,0,0,0,0,0,0,0,0,1,1,0,0,1,0,0,0,0,0,0,0,0,0,0,0,0.10718841658370074,0,0,0,0,0,0,0,0.8928115834162993,1,0,0,1,0,0,0,0,0,0,0,0,0,0,0,0,0,0,0,0,0,0,0,1,1,0,0,1,0,0,0,0,0,0,0,0,0,0,0,0,0,0,0,0,0,0,0,1,1,0,0,1,0,0,0,0,0,0,0,0,0,0,0,0,0,0.24979123263027242,0,0,0,0,0,0.7502087673697275,1,0,0,1,0,0,0,0,0,0,0,0,0,0,0,0,0,0,0,0,0,0,0,1
1,0,0,1,0,0,0,0,0,0,0,0,0,0,1,0,0,0,0,0,0,0,0,0,1,0,0,1,0,0,0,0,0,0,0,0,0,0,1,0,0,0,0,0,0,0,0,0,1,0,0,1,0,0,0,0,0,0,0,0,0,0,1,0,0,0,0,0,0,0,0,0,1,0,0,1,0,0,0,0,0,0,0,0,0,0,1,0,0,0,0,0,0,0,0,0,1,0,0,1,0,0,0,0,0,0,0,0,0,0,1,0,0,0,0,0,0,0,0,0,1,0,0,1,0,0,0,0,0,0,0,0,0,0,0.9999999999999754,2.466732945958453E-14,0,0,0,0,0,0,0,0,6.249808341980957E-15,0.9999999999999938,1,0,0,0,0,1,0,0,0,0,0,0,0,0,0,0,0,0,0,0,0,1,1.3381316821132945E-15,0.9999999999999987,1,0,0,0,0,0,0,0,0,0,0,0,0,0,0,0,0,0,0,0,0,0,0,1,0,1,0,0,0,0,0,0,0,0,0,0,0,0,0,0,0,0,0,0,0,1,1.376848677221998E-16,0.9999999999999998,0,0,0,0,0,0,0,0,0,0,0,0,0,0,0,0,0,0,0,0,0,0
Elapsed milliseconds prior 15: 19746
Prior 16 of 49
... 100 steps (6075 ms) ...... 200 steps (12616 ms) ...... 300 steps (20110 ms) ...Cycling detected after 317 steps
ECTA algorithm failed Cycling detected after 317 steps
Elapsed milliseconds prior 16: 21503
Prior 17 of 49
... 100 steps (6112 ms) ...... 200 steps (12694 ms) ...... 300 steps (19926 ms) ...Complete after 332 pivoting steps
Equilibrium 10
Equilibrium behavior strategies player 1, 2:
0,1,0,1,0,0,0,0,0,0,0,0,0,0,1,0,0,0,0,0,0,0,0,0,1.6005394017012179E-15,0.9999999999999984,0,0,0,0,0,0,0,0,0,0,0,0,1,0,0,0,0,0,0,0,0,0,1,0,0.9999999999999621,3.7861365418357376E-14,1,0,0,0,0,0,0,0,0,0,1,0,0,0,0,0,0,0,0,0,1,0,0,1,1,0,0,0,0,0,0,0,0,0,1,0,0,0,0,0,0,0,0,0,1,0,0,1,0,0,0,0,0,0,0,0,0,0,0,0,0,0.11194051469298742,0,0,0,0,0,0.8880594853070126,1,0,0,1,0,0,0,0,0,0,0,0,0,0,0,0,0,0,0,0,0,0,0,1,1,0,0,1,0,0,0,0,0,0,0,0,0,0,0,0.09106761481342815,0,0,0,0,0,0,0,0.9089323851865718,1,0,0,1,0,0,0,0,0,0,0,0,0,0,0,0,0.0860212743112912,0,0,0,0.003532421283754853,0,0,0.910446304404954,1,0,0,1,0,0,0,0,0,0,0,0,0,0,0,0,0,0,0,0,0,1,0,0,1,0,0,1,0,0,0,0,0,0,0,0,0,0,0,0,0,0,0,0,0,0,0,1
1,0,0,1,0,0,0,0,0,0,0,0,0,0,1,0,0,0,0,0,0,0,0,0,1,0,0,1,0,0,0,0,0,0,0,0,0,0,1,0,0,0,0,0,0,0,0,0,1,0,0,1,0,0,0,0,0,0,0,0,0,0,1,0,0,0,0,0,0,0,0,0,1,0,0,1,0,0,0,0,0,0,0,0,0,0,1,0,0,0,0,0,0,0,0,0,1,0,0,1,0,0,0,0,0,0,0,0,0,0,1,0,0,0,0,0,0,0,0,0,1,0,0,1,0,0,0,0,0,0,0,0,0,0,0.9999999999999883,1.1614904894217742E-14,0,0,0,0,0,0,0,0,0,1,0.26731337928273347,0.7326866207172665,0,0,0.2781997928341667,0.42972274519584047,0,0,0,0.285306815136344,0,0.00677064683364885,0,0,0,0,0,0,0,0,0,0,0,1,1,0,0,0,0,0,0,0,0,0,0,1,0,0,0,0,0,0,0,0,0,0,5.5620463226461475E-15,0.9999999999999943,1,0,0,0,0,0,0,0,0,0,0,0,0,0,0,0,0,0,0,0,0,0,0,1,0,0,0,0,0,0,0,0,0,0,0,1,0,0,0,0,0,0,0,0,0,0
Elapsed milliseconds prior 17: 22695
Prior 18 of 49
... 100 steps (6445 ms) ...... 200 steps (13338 ms) ...... 300 steps (21254 ms) ...... 400 steps (28928 ms) ...Complete after 492 pivoting steps
Equilibrium 11
Equilibrium behavior strategies player 1, 2:
0,1,1,0,0,0,0,0,0,0,0,0,0,0,1,0,0,0,0,0,0,0,0,0,0,1,0,1,0,0,0,0,0,0,0,0,0,0,1,0,0,0,0,0,0,0,0,0,0.856340347446969,0.14365965255303118,0,1,1,0,0,0,0,0,0,0,0,0,1,0,0,0,0,0,0,0,0,0,1,0,1,0,1,0,0,0,0,0,0,0,0,0,1,0,0,0,0,0,0,0,0,0,1,0,0,1,0,0,0,0,0,0,0,0,0,0,0,0,0,0,0,0,0,0,0,1,1,0,0,1,0,0,0,0,0,0,0,0,0,0,0,0,0,0.4573702955660082,0,0,0,0,0,0.5426297044339917,1,0,0,1,0,0,0,0,0,0,0,0,0,0,0,0,0,0,0,0,0,0,0,1,1,0,0,1,0,0,0,0,0,0,0,0,0,0,0,0,0,0,0,0,0.5300887217709388,0,0,0.46991127822906126,1,0,0,1,0,0,0,0,0,0,0,0,0,0,0,0,0,0,0,0,0,0.3902025680449643,0.46535643425861783,0.14444099769641786,1,0,0,1,0,0,0,0,0,0,0,0,0,0,0,0,0,0,0,0,0,0,0,1
1,0,0,1,0,0,0,0,0,0,0,0,0,0,1,0,0,0,0,0,0,0,0,0,1,0,0,1,0,0,0,0,0,0,0,0,0,0,1,0,0,0,0,0,0,0,0,0,1,0,0,1,0,0,0,0,0,0,0,0,0,0,1,0,0,0,0,0,0,0,0,0,1,0,0,1,0,0,0,0,0,0,0,0,0,0,1,0,0,0,0,0,0,0,0,0,1,0,0,1,0,0,0,0,0,0,0,0,0,0,1,0,0,0,0,0,0,0,0,0,1,0,0,1,0,0,0,0,0,0,0,0,0,0,0.7885032638209069,0,0,0.21149673617909315,0,0,0,0,0,0,0.07050092531258788,0.9294990746874121,0,1,0,0,0,0.7315212574684337,0,0,0.09876387446427554,0.15550768354790798,0,0.014207184519382843,0,0,0,0,0,0,0,0,0,1,1.5016125779602026E-15,0.9999999999999984,0,0,0,0,0,0,0,0,0,0,0,1,0,0,0,0,0,0,0,0,0,1,0,1,0,0,0,0,0,0,0,0,0,0,0,1,0,0,0,0,0,0,0,0,0,0,3.045660338493194E-16,0.9999999999999998,1,0,0,0,0,0,0,0,0,0,0,0,0,0,0,0,0,0,0,0,0,0
Elapsed milliseconds prior 18: 36364
Prior 19 of 49
... 100 steps (6321 ms) ...... 200 steps (12931 ms) ...... 300 steps (20304 ms) ...... 400 steps (27655 ms) ...... 500 steps (34972 ms) ...------- stop after 500 pivoting steps --------
ECTA algorithm failed Max (500) pivoting steps reached.
Elapsed milliseconds prior 19: 35169
Prior 20 of 49
... 100 steps (5975 ms) ...... 200 steps (12504 ms) ...Ray termination when trying to enter w455 on pivot 249
ECTA algorithm failed Ray termination on pivot 249
Elapsed milliseconds prior 20: 16232
Prior 21 of 49
... 100 steps (6500 ms) ...... 200 steps (13511 ms) ...... 300 steps (21285 ms) ...... 400 steps (28923 ms) ...... 500 steps (36598 ms) ...------- stop after 500 pivoting steps --------
ECTA algorithm failed Max (500) pivoting steps reached.
Elapsed milliseconds prior 21: 36783
Prior 22 of 49
... 100 steps (5997 ms) ...... 200 steps (12573 ms) ...... 300 steps (20171 ms) ...Complete after 315 pivoting steps
Equilibrium 12
Equilibrium behavior strategies player 1, 2:
2.8300765139880675E-14,0.9999999999999717,0,1,1,0,0,0,0,0,0,0,0,0,0,0,0,0,0,0,0,0,0,0,3.3039973982169713E-15,0.9999999999999967,0,0,0,0,0,0,0,0,0,0,0,0,1,0,0,0,0,0,0,0,0,0,1,0,0,1,1,0,0,0,0,0,0,0,0,0,1,0,0,0,0,0,0,0,0,0,1,0,4.487261461577305E-15,0.9999999999999956,0,0,0,0,0,0,0,0,0,0,1,0,0,0,0,0,0,0,0,0,1,0,0,1,0,0,0,0,0,0,0,0,0,0,0,0,0,0,0,0,0,0,0,1,1,0,0,1,0,0,0,0,0,0,0,0,0,0,0,0,0,0,0,0,0,0,0,1,1,0,0,1,0,0,0,0,0,0,0,0,0,0,0,0,0,0,0,0,0,0,0,1,1,0,0,1,0,0,0,0,0,0,0,0,0,0,0,0,0,0,0.10875385903545837,0,0,0,0,0.8912461409645417,1,0,0,1,0,0,0,0,0,0,0,0,0,0,0,0,0,0.37288485860574355,0,0,0,0,0,0.6271151413942564,1,0,0,1,0,0,0,0,0,0,0,0,0,0,0,0,0,0,0,0,0,0,0.4239754872737423,0.5760245127262577
1,0,0,1,0,0,0,0,0,0,0,0,0,0,1,0,0,0,0,0,0,0,0,0,1,0,0,1,0,0,0,0,0,0,0,0,0,0,1,0,0,0,0,0,0,0,0,0,1,0,0,1,0,0,0,0,0,0,0,0,0,0,1,0,0,0,0,0,0,0,0,0,1,0,0,1,0,0,0,0,0,0,0,0,0,0,1,0,0,0,0,0,0,0,0,0,1,0,0,1,0,0,0,0,0,0,0,0,0,0,1,0,0,0,0,0,0,0,0,0,1,0,0,1,0,0,0,0,0,0,0,0,0,0,1,0,0,0,0,0,0,0,0,0,3.9649874959625913E-14,0.9999999999999604,0.4493568694381215,0.5506431305618786,0,0,0,0.721494777590515,0.27850522240948505,0,0,0,0,0,0,0,0,0,0,0,0,0,0,0,1.8681026061318888E-14,0.9999999999999813,0,0,0,0,0,0,0.23254059325841828,0,0,0,0,0.7674594067415818,0,0,0,0,0,0,0,0,0,0,9.570459169911798E-17,1,0,0,0,0,0,0,0,0,0,0,0,0,0,0,0,0,0,0,0,0,0,0,1.6361903654130995E-16,0.9999999999999998,0,0,0,0,0,0,0,0,0,0,0,0,0,0,0,0,0,0,0,0,0,0
Elapsed milliseconds prior 22: 21563
Prior 23 of 49
... 100 steps (6213 ms) ...... 200 steps (12785 ms) ...Complete after 277 pivoting steps
Equilibrium 13
Equilibrium behavior strategies player 1, 2:
4.936522666815325E-15,0.9999999999999951,0,1,0,0,0,0,0,0,0,0,0,0,0,0,0,0,0,0,0,0,0,0,1.9853221336338168E-16,0.9999999999999998,0,0,0,0,0,0,0,0,0,0,0,0,0,0,0,0,0,0,0,0,0,0,1,0,1,0,1,0,0,0,0,0,0,0,0,0,0,0,0,0,0,0,0,0,0,0,1,0,1.943915582533831E-15,0.999999999999998,0,0,0,0,0,0,0,0,0,0,1,0,0,0,0,0,0,0,0,0,1,0,0,1,0,0,0,0,0,0,0,0,0,0,0,0,0,0,0,0,0,0,0,1,1,0,0,1,0,0,0,0,0,0,0,0,0,0,0,0,0,0,0,0,0,0,0,1,1,0,0,1,0,0,0,0,0,0,0,0,0,0,0,0,0,0,0,0,0,0,0,1,1,0,0,1,0,0,0,0,0,0,0,0,0,0,0,0,0,0,0,0,0,0,0,1,1,0,0,1,0,0,0,0,0,0,0,0,0,0,0,0.1025851328480907,0,0,0,0,0,0,0,0.8974148671519093,1,0,0,1,0,0,0,0,0,0,0,0,0,0,0,0,0.15752384850973597,0,0,0,0,0,0,0.8424761514902641
1,0,0,1,0,0,0,0,0,0,0,0,0,0,1,0,0,0,0,0,0,0,0,0,1,0,0,1,0,0,0,0,0,0,0,0,0,0,1,0,0,0,0,0,0,0,0,0,1,0,0,1,0,0,0,0,0,0,0,0,0,0,1,0,0,0,0,0,0,0,0,0,1,0,0,1,0,0,0,0,0,0,0,0,0,0,1,0,0,0,0,0,0,0,0,0,1,0,0,1,0,0,0,0,0,0,0,0,0,0,1,0,0,0,0,0,0,0,0,0,1,0,0,1,0,0,0,0,0,0,0,0,0,0,0.9999999999999515,3.170502915262022E-14,1.6966480742890278E-14,0,0,0,0,0,0,0,3.133290913105228E-15,0.9999999999999969,1,0,0,0,0,0,0,0,0,0,0,0,0,0,0,0,0,0,0,0,0,1,0,1,0,0,0,0,1,0,0,0,0,0,0,0,0,0,0,0,0,0,0,0,0,0,0,1,0,0,0,0,0,0,0,0,0,0,0,0,0,0,0,0,0,0,0,0,0,0,0,1,0,0,0,0,0,0,0,0,0,0,0,0,0,0,0,0,0,0,0,0,0,0
Elapsed milliseconds prior 23: 18774
Prior 24 of 49
... 100 steps (6221 ms) ...... 200 steps (12978 ms) ...Cycling detected after 272 steps
ECTA algorithm failed Cycling detected after 272 steps
Elapsed milliseconds prior 24: 18422
Prior 25 of 49
... 100 steps (6249 ms) ...... 200 steps (12986 ms) ...Ray termination when trying to enter w28 on pivot 286
ECTA algorithm failed Ray termination on pivot 286
Elapsed milliseconds prior 25: 19422
Prior 26 of 49
... 100 steps (6669 ms) ...... 200 steps (13722 ms) ...... 300 steps (21671 ms) ...... 400 steps (29436 ms) ...... 500 steps (37355 ms) ...------- stop after 500 pivoting steps --------
ECTA algorithm failed Max (500) pivoting steps reached.
Elapsed milliseconds prior 26: 37563
Prior 27 of 49
... 100 steps (6115 ms) ...... 200 steps (12703 ms) ...... 300 steps (19885 ms) ...... 400 steps (27262 ms) ...Complete after 463 pivoting steps
Equilibrium 14
Equilibrium behavior strategies player 1, 2:
0,1,1,0,0,0,0,0,0,0,0,0,0,0,1,0,0,0,0,0,0,0,0,0,6.459772271652225E-15,0.9999999999999936,3.388903590082221E-18,1,0,0,0,0,0,0,0,0,0,0,0,0,0,0,0,0,0,0,0,0,1,0,0.9999999999999896,1.0457590139177646E-14,1,0,0,0,0,0,0,0,0,0,0,0,0,0,0,0,0,0,0,0,1,0,5.86648662829024E-13,0.9999999999994134,0,0,0,0,0,0,0,0,0,0,1,0,0,0,0,0,0,0,0,0,1,0,0,1,0,0,0,0,0,0,0,0,0,0,0,0,0.16104837522488938,0,0,0,0,0,0.8389516247751105,0,1,0,0,1,0,0,0,0,0,0,0,0,0,0,0,0,0,0.08482398807554262,0,0,0,0,0,0.9151760119244574,1,0,0,1,0,0,0,0,0,0,0,0,0,0,0,0,0,0,0,0,0,0,0,1,1,0,0,1,0,0,0,0,0,0,0,0,0,0,0,0,0,0,0,0,0,0,0,1,1,0,0,1,0,0,0,0,0,0,0,0,0,0,0,0,0,0,0,0,0,0,0,1,1,0,0,1,0,0,0,0,0,0,0,0,0,0,0,0,0,0,0.030086771161787332,0,0,0.45127058372666284,0,0.5186426451115498
1,0,0,1,0,0,0,0,0,0,0,0,0,0,1,0,0,0,0,0,0,0,0,0,1,0,0,1,0,0,0,0,0,0,0,0,0,0,1,0,0,0,0,0,0,0,0,0,1,0,0,1,0,0,0,0,0,0,0,0,0,0,1,0,0,0,0,0,0,0,0,0,1,0,0,1,0,0,0,0,0,0,0,0,0,0,1,0,0,0,0,0,0,0,0,0,1,0,0,1,0,0,0,0,0,0,0,0,0,0,1,0,0,0,0,0,0,0,0,0,1,0,0,1,0,0,0,0,0,0,0,0,0,0,1,0,0,0,0,0,0,0,0,0,0,1,0.9556809587275327,0.04431904127246721,0.7959592526605562,0,0.0026098278231246747,0.06765282823076983,0,0,0,0,0,0.1337780912855492,0,0,0,0,0,0,0,0,0,0,0,1,0.9999999999999997,3.6723669106128375E-16,0,0,0,0,0,0,0,0,0,1,0,0,0,0,0,0,0,0,0,0,0,1,0,0,0,0,0,0,0,0,0,0,0,0,0,0,0,0,0,0,0,0,0,0,0,1,0,0,0,0,0,0,0,0,0,0,0,0,0,0,0,0,0,0,0,0,0,0
Elapsed milliseconds prior 27: 32182
Prior 28 of 49
... 100 steps (6168 ms) ...... 200 steps (12676 ms) ...Complete after 297 pivoting steps
Equilibrium 15
Equilibrium behavior strategies player 1, 2:
3.3194394937240236E-15,0.9999999999999967,0,1,0,0,0,0,0,0,0,0,0,0,0,0,0,0,0,0,0,0,0,0,0.5514069997478347,0.44859300025216525,0,1,0,0,0,0,0,0,0,0,0,0,1,0,0,0,0,0,0,0,0,0,1,0,1,0,0,0,0,0,0,1,0,0,0,0,1,0,0,0,0,0,0,0,0,0,1,0,1,0,0,0,0,0,0.5877381537448945,0.4122618462551054,0,0,0,0,1,0,0,0,0,0,0,0,0,0,1,0,0,1,0,0,0,0,0,0,0,0,0,0,0,0,0,0,0,0.9636016384517071,0,0,0.036398361548292936,0,1,0,0,1,0,0,0,0,0,0,0,0,0,0,0,0,0,0,0,0,0,0,0,1,1,0,0,1,0,0,0,0,0,0,0,0,0,0,0,0,0,0,0,0,0,0,0,1,1,0,0,1,0,0,0,0,0,0,0,0,0,0,0,0,0,0,0,0,0,0,0,1,1,0,0,1,0,0,0,0,0,0,0,0,0,0,0,0,0,0,0,0,0,0,0,1,1,0,0,1,0,0,0,0,0,0,0,0,0,0,0,0,0,0,0,0,0,0,0,1
1,0,0,1,0,0,0,0,0,0,0,0,0,0,1,0,0,0,0,0,0,0,0,0,1,0,0,1,0,0,0,0,0,0,0,0,0,0,0,0.3127047106426205,0,0,0,0.6872952893573796,0,0,0,0,1,0,0,1,0,0,0,0,0,0,0,0,0,0,1,0,0,0,0,0,0,0,0,0,1,0,0,1,0,0,0,0,0,0,0,0,0,0,0,1,0,0,0,0,0,0,0,0,1,0,0,1,0,0,0,0,0,0,0,0,0,0,0.8460220904317542,0,0,0,0.15397790956824575,0,0,0,0,0,1,0,0.35173071630155595,0.648269283698444,0,0,0,0,0,0,1,0,0,0,1,0,0,0,0,0,0,0,0,0,0.8224954284730319,0.17750457152696808,1,0,0.14561487389285022,0,0,0,0,0,0,0.8543851261071497,0,0,0,0,0,0,0,0,0,0,0,1,0,1,0,0,0,0,0,0,0,1,0,0,0,0,0,0,0,0,0,0,0,0,0,0,3.144195541912419E-16,0.9999999999999998,0,0,0,0,0,0,0,0,0,0,0,1,0,0,0,0,0,0,0,0,0,0,0,1,0,0,0,0,0,0,0,0,0,0,0,0,0,0,0,0,0,0,0,0,0,0
Elapsed milliseconds prior 28: 20364
Prior 29 of 49
... 100 steps (6147 ms) ...... 200 steps (12908 ms) ...Complete after 281 pivoting steps
Equilibrium 16
Equilibrium behavior strategies player 1, 2:
0,1,0,1,0,0,0,0,0,0,0,0,0,0,0,0,0,0,0,0,0,0,0,0,4.258395039889561E-15,0.9999999999999958,0,1,0,0,0,0,0,0,0,0,0,0,0,0,0,0,0,0,0,0,0,0,1,0,1.3447412940732204E-15,0.9999999999999987,0,0,0,0,0,0,0,0,0,0,1,0,0,0,0,0,0,0,0,0,1,0,0.999999999999998,2.052865733154436E-15,1,0,0,0,0,0,0,0,0,0,0,0,0,0,0,0,0,0,0,0,1,0,0,1,0,0,0,0,0,0,0,0,0,0,0,0,0,0,0,0,0,0,0,1,1,0,0,1,0,0,0,0,0,0,0,0,0,0,0,0,0,0,0,0,0,0,0.6631246341423522,0.3368753658576479,1,0,0,1,0,0,0,0,0,0,0,0,0,0,0,0.09106761481342487,0,0,0,0,0,0,0,0.9089323851865752,1,0,0,1,0,0,0,0,0,0,0,0,0,0,0,0,0,0,0,0,0,0,0,1,1,0,0,1,0,0,0,0,0,0,0,0,0,0,0,0,0,0,0.25250455318224874,0,0.413304494516377,0,0,0.3341909523013743,1,0,0,1,0,0,0,0,0,0,0,0,0,0,0,0,0.15966837073374188,0,0,0,0,0,0,0.840331629266258
1,0,0,1,0,0,0,0,0,0,0,0,0,0,1,0,0,0,0,0,0,0,0,0,1,0,0,1,0,0,0,0,0,0,0,0,0,0,1,0,0,0,0,0,0,0,0,0,1,0,0,1,0,0,0,0,0,0,0,0,0,0,1,0,0,0,0,0,0,0,0,0,1,0,0,1,0,0,0,0,0,0,0,0,0,0,1,0,0,0,0,0,0,0,0,0,1,0,0,1,0,0,0,0,0,0,0,0,0,0,1,0,0,0,0,0,0,0,0,0,1,0,0,1,0,0,0,0,0,0,0,0,0,0,0.999999999999967,3.158297195835297E-14,1.4123928464913951E-15,0,0,0,0,0,0,0,3.665860585443547E-15,0.9999999999999963,0.18157760770829187,0.8184223922917081,0,0,0,0,0.8841526649160806,0,0.0296485113345312,0,0,0.08619882374938823,0,0,0,0,0,0,0,0,0,0,0,1,0,0,0,0,0,0,0,0,0,0,0,0,0,0,0,0,0,0,0,0,0,0,4.8388459526781586E-32,1,0,0,0,0,0,0,0,0,0,0,0,1,0,0,0,0,0,0,0,0,0,0,0,1,0.03273014454147889,0.9672698554585212,0,0,0,0,0,0,0,0,0,0,0,0,0,0,0,0,0,0,0,1
Elapsed milliseconds prior 29: 19122
Prior 30 of 49
... 100 steps (6189 ms) ...... 200 steps (12856 ms) ...... 300 steps (20230 ms) ...Complete after 314 pivoting steps
Equilibrium 17
Equilibrium behavior strategies player 1, 2:
2.3234929758458043E-14,0.9999999999999768,0,0,1,0,0,0,0,0,0,0,0,0,0,0,0,0,0,0,0,0,0,0,6.977106149633574E-15,0.999999999999993,1,0,0,0,0,0,0,0,0,0,0,0,0,0,0,0,0,0,0,0,0,0,1,0,5.703047690482372E-14,0.999999999999943,0,0,0,0,0,0,0,0,0,0,1,0,0,0,0,0,0,0,0,0,1,0,0,1,1,0,0,0,0,0,0,0,0,0,1,0,0,0,0,0,0,0,0,0,1,0,0,1,0,0,0,0,0,0,0,0,0,0,0,0,0,0,0,0,0,0,0,1,1,0,0,1,0,0,0,0,0,0,0,0,0,0,0,0,0,0.12718032051440775,0,0,0,0,0,0.8728196794855922,1,0,0,1,0,0,0,0,0,0,0,0,0,0,0,0,0,0,0,0,0.5059854046833131,0,0.49401459531668696,0,1,0,0,1,0,0,0,0,0,0,0,0,0,0,0,0,0.11316977743512163,0,0,0,0,0,0,0.8868302225648783,1,0,0,1,0,0,0,0,0,0,0,0,0,0,0,0.0950531850085943,0,0,0,0,0,0,0,0.9049468149914057,1,0,0,1,0,0,0,0,0,0,0,0,0,0,0,0,0,0,0,0,0,0,0.24837156422568288,0.7516284357743171
1,0,0,1,0,0,0,0,0,0,0,0,0,0,1,0,0,0,0,0,0,0,0,0,1,0,0,1,0,0,0,0,0,0,0,0,0,0,1,0,0,0,0,0,0,0,0,0,1,0,0,1,0,0,0,0,0,0,0,0,0,0,1,0,0,0,0,0,0,0,0,0,1,0,0,1,0,0,0,0,0,0,0,0,0,0,1,0,0,0,0,0,0,0,0,0,1,0,0,1,0,0,0,0,0,0,0,0,0,0,1,0,0,0,0,0,0,0,0,0,1,0,0,1,0,0,0,0,0,0,0,0,0,0,0.9999999999998334,0,1.6661243693715088E-13,0,0,0,0,0,0,0,4.732807983447388E-14,0.9999999999999527,0.931562773147236,0.06843722685276397,0,0,0,0.7572403107858506,0,0,0.2427596892141494,0,0,0,0,0,0,0,0,0,0,0,0,1,2.916575140736774E-14,0.9999999999999708,1,0,0,0,0,0,0,0,0,0,0,0,0,0,0,0,0,0,0,0,0,0,2.974362069263273E-14,0.9999999999999702,1,0,0,0,0,0,0,0,0,0,0,0,0,0,0,0,0,0,0,0,0,0,0,1,0,0,0,0,0,0,0,0,0,0,0,0,0,0,0,0,0,0,0,0,0,0
Elapsed milliseconds prior 30: 21539
Prior 31 of 49
... 100 steps (6098 ms) ...... 200 steps (12564 ms) ...... 300 steps (20022 ms) ...Complete after 363 pivoting steps
Equilibrium 18
Equilibrium behavior strategies player 1, 2:
2.8453278560246836E-14,0.9999999999999716,0,1,1,0,0,0,0,0,0,0,0,0,0,0,0,0,0,0,0,0,0,0,5.472652115955469E-15,0.9999999999999946,0,0,1,0,0,0,0,0,0,0,0,0,0,0,0,0,0,0,0,0,0,0,1,0,0.9999999999999762,2.3711489469497044E-14,1,0,0,0,0,0,0,0,0,0,1,0,0,0,0,0,0,0,0,0,1,0,1,0,1,0,0,0,0,0,0,0,0,0,1,0,0,0,0,0,0,0,0,0,1,0,0,1,0,0,0,0,0,0,0,0,0,0,0,0,0,0,0.14917972302825974,0,0,0,0.8508202769717402,0,1,0,0,1,0,0,0,0,0,0,0,0,0,0,0,0,0.1339854979753959,0,0,0,0,0,0,0.8660145020246042,1,0,0,1,0,0,0,0,0,0,0,0,0,0,0,0,0,0,0,0,0,0,0,1,1,0,0,1,0,0,0,0,0,0,0,0,0,0,0,0.08983862306050294,0,0,0,0,0,0,0,0.910161376939497,1,0,0,1,0,0,0,0,0,0,0,0,0,0,0,0,0,0,0,0.14864611773297765,0.10851621664531298,0,0,0.7428376656217093,1,0,0,1,0,0,0,0,0,0,0,0,0,0,0,0,0,0.14520510550618432,0,0,0,0,0,0.8547948944938156
1,0,0,1,0,0,0,0,0,0,0,0,0,0,1,0,0,0,0,0,0,0,0,0,1,0,0,1,0,0,0,0,0,0,0,0,0,0,1,0,0,0,0,0,0,0,0,0,1,0,0,1,0,0,0,0,0,0,0,0,0,0,1,0,0,0,0,0,0,0,0,0,1,0,0,1,0,0,0,0,0,0,0,0,0,0,1,0,0,0,0,0,0,0,0,0,1,0,0,1,0,0,0,0,0,0,0,0,0,0,1,0,0,0,0,0,0,0,0,0,1,0,0,1,0,0,0,0,0,0,0,0,0,0,0.9999999999997825,1.6103758267485413E-13,5.6446579467250505E-14,0,0,0,0,0,0,0,6.072158079366818E-14,0.9999999999999393,1,0,0,0,0,0.4586958585810185,0.5413041414189814,0,0,0,0,0,0,0,0,0,0,0,0,0,0,1,9.062619869957333E-15,0.999999999999991,0,0,0,0,0,0,0,0,0,0,0,1,0,0,0,0,0,0,0,0,0,0,0,1,0,0,0,0,0,0,0,0,0,0,0,1,0,0,0,0,0,0,0,0,0,0,0,1,0,0,0,0,0,0,0,0,0,0,0,0,0,0,0,0,0,0,0,0,0,0
Elapsed milliseconds prior 31: 25096
Prior 32 of 49
... 100 steps (6396 ms) ...... 200 steps (13397 ms) ...... 300 steps (21091 ms) ...... 400 steps (28800 ms) ...... 500 steps (36452 ms) ...------- stop after 500 pivoting steps --------
ECTA algorithm failed Max (500) pivoting steps reached.
Elapsed milliseconds prior 32: 36635
Prior 33 of 49
... 100 steps (6162 ms) ...... 200 steps (12752 ms) ...... 300 steps (20111 ms) ...Complete after 311 pivoting steps
Equilibrium 19
Equilibrium behavior strategies player 1, 2:
3.814712155032407E-15,0.9999999999999962,0,1,1,0,0,0,0,0,0,0,0,0,0,0,0,0,0,0,0,0,0,0,4.4379821944735734E-16,0.9999999999999996,0,1,1,0,0,0,0,0,0,0,0,0,0,0,0,0,0,0,0,0,0,0,1,0,4.984066908534102E-17,1,0,0,0,0,0,0,0,0,0,0,1,0,0,0,0,0,0,0,0,0,1,0,1,0,1,0,0,0,0,0,0,0,0,0,1,0,0,0,0,0,0,0,0,0,1,0,0,1,0,0,0,0,0,0,0,0,0,0,0,0.14817403517643807,0,0,0,0,0,0,0,0.851825964823562,1,0,0,1,0,0,0,0,0,0,0,0,0,0,0,0,0,0,0,0,0,0,0,1,1,0,0,1,0,0,0,0,0,0,0,0,0,0,0,0,0,0,0,0,0,0,0,1,1,0,0,1,0,0,0,0,0,0,0,0,0,0,0,0,0.06463697998494865,0,0,0,0,0,0,0.9353630200150512,1,0,0,1,0,0,0,0,0,0,0,0,0,0,0,0,0,0.0892032567197828,0,0,0,0,0,0.9107967432802172,1,0,0,1,0,0,0,0,0,0,0,0,0,0,0,0,0,0,0,0,0,0,0,1
1,0,0,1,0,0,0,0,0,0,0,0,0,0,1,0,0,0,0,0,0,0,0,0,1,0,0,1,0,0,0,0,0,0,0,0,0,0,1,0,0,0,0,0,0,0,0,0,1,0,0,1,0,0,0,0,0,0,0,0,0,0,1,0,0,0,0,0,0,0,0,0,1,0,0,1,0,0,0,0,0,0,0,0,0,0,1,0,0,0,0,0,0,0,0,0,1,0,0,1,0,0,0,0,0,0,0,0,0,0,1,0,0,0,0,0,0,0,0,0,1,0,0,1,0,0,0,0,0,0,0,0,0,0,0.9999999999999113,8.860689151338655E-14,0,0,0,0,0,0,0,0,0,1,1,0,0,0.3132119963481571,0.3620698670508225,0.32471813660102045,0,0,0,0,0,0,0,0,0,0,0,0,0,0,0,1,0,1,1,0,0,0,0,0,0,0,0,0,0,1,0,0,0,0,0,0,0,0,0,0,0,1,0,0,0,0,0,0,0,0,0,0,0,0,0,0,0,0,0,0,0,0,0,0,0,1,0,0,0,0,0,0,0,0,0,0,0,0,0,0,0,0,0,0,0,0,0,0
Elapsed milliseconds prior 33: 21192
Prior 34 of 49
... 100 steps (6350 ms) ...... 200 steps (12978 ms) ...... 300 steps (20427 ms) ...Complete after 355 pivoting steps
Equilibrium 20
Equilibrium behavior strategies player 1, 2:
0,1,1.6844991040802147E-17,1,0,0,0,0,0,0,0,0,0,0,1,0,0,0,0,0,0,0,0,0,0,1,0.10618750254380273,0.8938124974561972,0,0,0,0,0,0,0,0,0,0,1,0,0,0,0,0,0,0,0,0,1,0,0,1,1,0,0,0,0,0,0,0,0,0,1,0,0,0,0,0,0,0,0,0,1,0,0.999999999999952,4.7931396322775186E-14,1,0,0,0,0,0,0,0,0,0,1,0,0,0,0,0,0,0,0,0,1,0,0,1,0,0,0,0,0,0,0,0,0,0,0,0,0,0,0,0.45844420695107146,0,0,0,0.5415557930489285,1,0,0,1,0,0,0,0,0,0,0,0,0,0,0,0,0,0,0,0,0,0,0,1,1,0,0,1,0,0,0,0,0,0,0,0,0,0,0,0,0.0352439805509903,0,0,0,0,0.255281872261516,0,0.7094741471874937,1,0,0,1,0,0,0,0,0,0,0,0,0,0,0,0,0.07451533941226221,0,0,0,0,0,0,0.9254846605877377,1,0,0,1,0,0,0,0,0,0,0,0,0,0,0,0,0.011293840977505245,0,0,0,0,0,0,0.9887061590224948,1,0,0,1,0,0,0,0,0,0,0,0,0,0,0,0,0,0,0,0,0,0,0,1
1,0,0,1,0,0,0,0,0,0,0,0,0,0,1,0,0,0,0,0,0,0,0,0,1,0,0,1,0,0,0,0,0,0,0,0,0,0,1,0,0,0,0,0,0,0,0,0,1,0,0,1,0,0,0,0,0,0,0,0,0,0,1,0,0,0,0,0,0,0,0,0,1,0,0,1,0,0,0,0,0,0,0,0,0,0,1,0,0,0,0,0,0,0,0,0,1,0,0,1,0,0,0,0,0,0,0,0,0,0,1,0,0,0,0,0,0,0,0,0,1,0,0,1,0,0,0,0,0,0,0,0,0,0,1,0,0,0,0,0,0,0,0,0,7.47218269176757E-15,0.9999999999999926,0,0,0,0,0.6842563820996678,0,0,0.26245400572160754,0,0,0,0.05328961217872482,0,0,0,0,0,0,0,0,0,1,2.3153055360836272E-15,0.9999999999999977,1,0,0,0,0,0,0,0,0,0,0,0,0,0,0,0,0,0,0,0,0,0,2.2747065677171027E-33,1,1,0,0,0,0,0,0,0,0,0,0,0,0,0,0,0,0,0,0,0,0,0,0,1,0,0,0,0,0,0,0,0,0,0,0,0,0,0,0,0,0,0,0,0,0,0
Elapsed milliseconds prior 34: 24814
Prior 35 of 49
... 100 steps (6333 ms) ...... 200 steps (12924 ms) ...... 300 steps (20413 ms) ...Complete after 356 pivoting steps
Equilibrium 21
Equilibrium behavior strategies player 1, 2:
3.826806008562534E-15,0.9999999999999961,0,1,0,0,0,0,0,0,0,0,0,0,0,0,0,0,0,0,0,0,0,0,1.0798437067580151E-14,0.9999999999999892,0,0,1,0,0,0,0,0,0,0,0,0,1,0,0,0,0,0,0,0,0,0,1,0,0,1,1,0,0,0,0,0,0,0,0,0,1,0,0,0,0,0,0,0,0,0,1,0,0.9999999999999993,5.97871305080745E-16,1,0,0,0,0,0,0,0,0,0,0,0,0,0,0,0,0,0,0,0,1,0,0,1,0,0,0,0,0,0,0,0,0,0,0,0,0,0,0,0.28842520017473394,0,0,0,0.7115747998252661,1,0,0,1,0,0,0,0,0,0,0,0,0,0,0,0,0,0,0,0,0,0,0,1,1,0,0,1,0,0,0,0,0,0,0,0,0,0,0,0,0,0,0,0,0,0,0,1,1,0,0,1,0,0,0,0,0,0,0,0,0,0,0,0,0,0,0,0,0,0,0,1,1,0,0,1,0,0,0,0,0,0,0,0,0,0,0,0,0,0.372884858605719,0,0,0,0,0,0.627115141394281,1,0,0,1,0,0,0,0,0,0,0,0,0,0,0,0,0,0,0,0,0,0,0,1
1,0,0,1,0,0,0,0,0,0,0,0,0,0,1,0,0,0,0,0,0,0,0,0,1,0,0,1,0,0,0,0,0,0,0,0,0,0,1,0,0,0,0,0,0,0,0,0,1,0,0,1,0,0,0,0,0,0,0,0,0,0,1,0,0,0,0,0,0,0,0,0,1,0,0,1,0,0,0,0,0,0,0,0,0,0,1,0,0,0,0,0,0,0,0,0,1,0,0,1,0,0,0,0,0,0,0,0,0,0,1,0,0,0,0,0,0,0,0,0,1,0,0,1,0,0,0,0,0,0,0,0,0,0,1,0,0,0,0,0,0,0,0,0,6.980905801637045E-14,0.9999999999999302,0.28382338818457653,0.7161766118154234,0,0,0,1,0,0,0,0,0,0,0,0,0,0,0,0,0,0,0,0,0,1,1,0,0,0,0,0.18977208480369614,0,0,0,0,0,0.8102279151963038,0,0,0,0,0,0,0,0,0,1,4.476767726724131E-48,1,0,1,0,0,0,0,0,0,0,0,0,1,0,0,0,0,0,0,0,0,0,0,3.9572227138363E-16,0.9999999999999996,1,0,0,0,0,0,0,0,0,0,0,0,0,0,0,0,0,0,0,0,0,0
Elapsed milliseconds prior 35: 24849
Prior 36 of 49
... 100 steps (6297 ms) ...... 200 steps (12879 ms) ...... 300 steps (20283 ms) ...... 400 steps (27702 ms) ...Complete after 430 pivoting steps
Equilibrium 22
Equilibrium behavior strategies player 1, 2:
6.046505708135359E-15,0.999999999999994,0,0,0,0,0,0,0,0,0,0,0,0,1,0,0,0,0,0,0,0,0,0,0,1,1,0,0,0,0,0,0,0,0,0,0,0,0,0,0,0,0,0,0,0,0,0,3.35578847000034E-13,0.9999999999996645,0,0,1,0,0,0,0,0,0,0,0,0,1,0,0,0,0,0,0,0,0,0,1,0,1.0597063801567438E-15,0.9999999999999989,0,0,0,0,0,0,0,0,0,0,1,0,0,0,0,0,0,0,0,0,1,0,0.9999999999984894,1.5105930779580581E-12,0,0,0,0,0,0,0,0,1,0,0,0,0,0,0,0,0,0,0,0,1,0,0,1,0,0,0,0,0,0,0,0,0,0,0,0,0,0,0,0,0,0,0,1,1,0,0,1,0,0,0,0,0,0,0,0,0,0,0,0,0,0,0,0,0,0,0.4242262115029143,0.5757737884970856,1,0,0,1,0,0,0,0,0,0,0,0,0,0,0,0.0510195763192628,0,0,0,0,0,0.17923982580078066,0.7697405978799566,0,1,0,0,1,0,0,0,0,0,0,0,0,0,0,0,0,0,0,0.06378989781876558,0,0,0,0.9362101021812345,0,1,0,0.010178087169045131,0.9898219128309548,0,0,0,0,1,0,0,0,0,0,0,0,0,0.08915321242039757,0,0,0.2896365848786817,0,0,0.6212102027009208
1,0,0,1,0,0,0,0,0,0,0,0,0,0,1,0,0,0,0,0,0,0,0,0,1,0,0,1,0,0,0,0,0,0,0,0,0,0,1,0,0,0,0,0,0,0,0,0,1,0,0,1,0,0,0,0,0,0,0,0,0,0,1,0,0,0,0,0,0,0,0,0,1,0,0,1,0,0,0,0,0,0,0,0,0,0,1,0,0,0,0,0,0,0,0,0,1,0,0,1,0,0,0,0,0,0,0,0,0,0,1,0,0,0,0,0,0,0,0,0,1,0,0,1,0,0,0,0,0,0,0,0,0,0,0.9999999999990915,9.084525192463249E-13,0,0,0,0,0,0,0,0,0.2755249380754626,0.7244750619245375,0.9999999999999822,1.772440085054418E-14,0.9999999999985687,0,0,4.77467489353419E-13,4.006246586899899E-13,0,3.29347573890137E-13,2.0655760391757813E-13,1.7236449318374482E-14,0,0,0,0,0,0,0,0,0,0,0,0,1,1,0,0,0,0,0,0,0,0,0,1,0,0,0,0,0,0,0,0,0,0,1,0,1,0,0,0,0,0,0,0,0,0,0,1,0,0,0,0,0,0,0,0,0,0,1,0,1,0,0,0,0,0,0,0,0,0,0,0,0,0,0,0,0,0,0,0,0,0,0
Elapsed milliseconds prior 36: 30242
Prior 37 of 49
... 100 steps (6807 ms) ...... 200 steps (13839 ms) ...... 300 steps (21843 ms) ...... 400 steps (29607 ms) ...... 500 steps (37749 ms) ...------- stop after 500 pivoting steps --------
ECTA algorithm failed Max (500) pivoting steps reached.
Elapsed milliseconds prior 37: 37910
Prior 38 of 49
... 100 steps (6456 ms) ...... 200 steps (13084 ms) ...... 300 steps (20824 ms) ...Complete after 391 pivoting steps
Equilibrium 23
Equilibrium behavior strategies player 1, 2:
0,1,0,0,0,0,0,0,0,0,0,0,0,0,1,0,0,0,0,0,0,0,0,0,0,1,0.6610369627366456,0.33896303726335436,0,0,0,0,0,0,0,0,0,0,0,0,0,0,0,0,0,0,0,0,1,0,3.921175231685366E-14,0.9999999999999608,0,0,0,0,0,0,0,0,0,0,1,0,0,0,0,0,0,0,0,0,1,0,1,0,1,0,0,0,0,0,0,0,0,0,1,0,0,0,0,0,0,0,0,0,1,0,0,1,0,0,0,0,0,0,0,0,0,0,0,0,0,0,0,0,0,0.19427484842967133,0.8057251515703286,0,1,0,0,1,0,0,0,0,0,0,0,0,0,0,0,0,0,0,0,0,0,0,0.010547494910086747,0.9894525050899132,1,0,0,1,0,0,0,0,0,0,0,0,0,0,0,0,0,0,0,0,0,0,0,1,1,0,0,1,0,0,0,0,0,0,0,0,0,0,0,0,0,0,0,0,0,1,0,0,1,0,0,1,0,0,0,0,0,0,0,0,0,0,0,0,0,0,0,0,0,0,0,1,1,0,0,1,0,0,0,0,0,0,0,0,0,0,0,0,0.3000622085045672,0,0,0,0,0,0,0.6999377914954329
1,0,0,1,0,0,0,0,0,0,0,0,0,0,1,0,0,0,0,0,0,0,0,0,1,0,0,1,0,0,0,0,0,0,0,0,0,0,1,0,0,0,0,0,0,0,0,0,1,0,0,1,0,0,0,0,0,0,0,0,0,0,1,0,0,0,0,0,0,0,0,0,1,0,0,1,0,0,0,0,0,0,0,0,0,0,1,0,0,0,0,0,0,0,0,0,1,0,0,1,0,0,0,0,0,0,0,0,0,0,1,0,0,0,0,0,0,0,0,0,1,0,0,1,0,0,0,0,0,0,0,0,0,0,0.9999999999434567,0,5.654333295794127E-11,0,0,0,0,0,0,0,1.1702371534182698E-12,0.9999999999988298,0.03725973017399229,0.9627402698260077,0,0,0,0,0,0,0,1,0,0,0,0,0,0,0,0,0,0,0,1,5.291296676977055E-15,0.9999999999999947,1,0,0,0,0,0,0,0,0,0,0,0,0,0,0,0,0,0,0,0,0,0,1.3887092170258068E-16,0.9999999999999999,0,1,0,0,0,0,0,0,0,0,0,1,0,0,0,0,0,0,0,0,0,0,0,1,0.9999999999999483,5.163338120897371E-14,0,0,0,0,0,0,0,0,0,1,0,0,0,0,0,0,0,0,0,0
Elapsed milliseconds prior 38: 28014
Prior 39 of 49
... 100 steps (6341 ms) ...... 200 steps (13233 ms) ...... 300 steps (20945 ms) ...Cycling detected after 350 steps
ECTA algorithm failed Cycling detected after 350 steps
Elapsed milliseconds prior 39: 25039
Prior 40 of 49
... 100 steps (6349 ms) ...... 200 steps (13018 ms) ...... 300 steps (20553 ms) ...... 400 steps (27812 ms) ...... 500 steps (35387 ms) ...------- stop after 500 pivoting steps --------
ECTA algorithm failed Max (500) pivoting steps reached.
Elapsed milliseconds prior 40: 35624
Prior 41 of 49
... 100 steps (5998 ms) ...... 200 steps (12632 ms) ...Complete after 297 pivoting steps
Equilibrium 24
Equilibrium behavior strategies player 1, 2:
0,1,0,1,0,0,0,0,0,0,0,0,0,0,1,0,0,0,0,0,0,0,0,0,4.796734563277369E-14,0.999999999999952,0,0,0,0,0,0,0,0,0,0,0,0,1,0,0,0,0,0,0,0,0,0,1,0,0,1,1,0,0,0,0,0,0,0,0,0,1,0,0,0,0,0,0,0,0,0,1,0,0.9999999999992197,7.802830218188126E-13,1,0,0,0,0,0,0,0,0,0,0,0,0,0,0,0,0,0,0,0,1,0,0,1,0,0,0,0,0,0,0,0,0,0,0,0,0,0.46521526568197913,0,0,0,0,0.5347847343180209,0,1,0,0,1,0,0,0,0,0,0,0,0,0,0,0,0,0,0,0.036066695894926094,0,0,0,0,0.9639333041050738,1,0,0,1,0,0,0,0,0,0,0,0,0,0,0,0,0,0,0,0,0,0,0,1,1,0,0,1,0,0,0,0,0,0,0,0,0,0,0,0,0,0,0,0,0,0,0,1,1,0,0,1,0,0,0,0,0,0,0,0,0,0,0,0,0,0,0,0,0,1,0,0,1,0,0,1,0,0,0,0,0,0,0,0,0,0,0,0,0,0,0,0,0,0,0,1
1,0,0,1,0,0,0,0,0,0,0,0,0,0,1,0,0,0,0,0,0,0,0,0,1,0,0,1,0,0,0,0,0,0,0,0,0,0,1,0,0,0,0,0,0,0,0,0,1,0,0,1,0,0,0,0,0,0,0,0,0,0,1,0,0,0,0,0,0,0,0,0,1,0,0,1,0,0,0,0,0,0,0,0,0,0,1,0,0,0,0,0,0,0,0,0,1,0,0,1,0,0,0,0,0,0,0,0,0,0,1,0,0,0,0,0,0,0,0,0,1,0,0,1,0,0,0,0,0,0,0,0,0,0,1,0,0,0,0,0,0,0,0,0,2.449805402652241E-12,0.9999999999975502,0.025661590860031412,0.9743384091399686,0,0,0,1,0,0,0,0,0,0,0,0,0,0,0,0,0,0,0,1,0,1,1,0,0,0,0,0,0,0,0,0,0,1,0,0,0,0,0,0,0,0,0,0,8.866097719339815E-16,0.9999999999999991,0,0,0,0,0,0,0,0,0,0,0,0,0,0,0,0,0,0,0,0,0,0,0,1,0,1,0,0,0,0,0,0,0,0,0,0,0,0,0,0,0,0,0,0,0,1
Elapsed milliseconds prior 41: 20099
Prior 42 of 49
... 100 steps (6216 ms) ...... 200 steps (12711 ms) ...... 300 steps (20096 ms) ...... 400 steps (27541 ms) ...... 500 steps (34968 ms) ...------- stop after 500 pivoting steps --------
ECTA algorithm failed Max (500) pivoting steps reached.
Elapsed milliseconds prior 42: 35144
Prior 43 of 49
... 100 steps (5987 ms) ...... 200 steps (12551 ms) ...Complete after 299 pivoting steps
Equilibrium 25
Equilibrium behavior strategies player 1, 2:
0,1,0,0,0,0,0,0,0,0,0,0,0,0,1,0,0,0,0,0,0,0,0,0,1.6634957604360783E-14,0.9999999999999833,1,0,0,0,0,0,0,0,0,0,0,0,1,0,0,0,0,0,0,0,0,0,1,0,1,0,1,0,0,0,0,0,0,0,0,0,1,0,0,0,0,0,0,0,0,0,1,0,2.054727252899462E-15,0.9999999999999979,0,0,0,0,0,0,0,0,0,0,1,0,0,0,0,0,0,0,0,0,1,0,0,1,0,0,0,0,0,0,0,0,0,0,0,0,0,0,0,0,0,0,0,1,1,0,0,1,0,0,0,0,0,0,0,0,0,0,0,0,0,0,0,0,0,0,0.10886886381928217,0.8911311361807178,1,0,0,1,0,0,0,0,0,0,0,0,0,0,0,0,0,0,0,0,0,0,0,1,1,0,0,1,0,0,0,0,0,0,0,0,0,0,0,0,0,0,0,0,0,0,0,1,1,0,0,1,0,0,0,0,0,0,0,0,0,0,0,0,0,0.12126474035386853,0,0,0.4279112367235729,0,0,0.4508240229225587,1,0,0,1,0,0,0,0,0,0,0,0,0,0,0,0,0.300062208503512,0,0,0,0,0.6999377914964879,0,0
1,0,0,1,0,0,0,0,0,0,0,0,0,0,1,0,0,0,0,0,0,0,0,0,1,0,0,1,0,0,0,0,0,0,0,0,0,0,1,0,0,0,0,0,0,0,0,0,1,0,0,1,0,0,0,0,0,0,0,0,0,0,1,0,0,0,0,0,0,0,0,0,1,0,0,1,0,0,0,0,0,0,0,0,0,0,1,0,0,0,0,0,0,0,0,0,1,0,0,1,0,0,0,0,0,0,0,0,0,0,1,0,0,0,0,0,0,0,0,0,1,0,0,1,0,0,0,0,0,0,0,0,0,0,0.9999999999999938,0,6.249414760512625E-15,0,0,0,0,0,0,0,1.0082055354774243E-14,0.9999999999999899,0.39294964467992705,0.6070503553200729,0,0,0,0.8345220627534662,0,0,0,0.16547793724653373,0,0,0,0,0,0,0,0,0,0,0,1,1.600540832563383E-14,0.999999999999984,1,0,0,0,0,0,0,0,0,0,0,0,0,0,0,0,0,0,0,0,0,0,1.7258280947470674E-16,0.9999999999999998,0,0,0,0,0,0,0,0,0,1,0,0,0,0,0,0,0,0,0,0,0,0,3.7414869892385283E-16,0.9999999999999996,1,0,0,0,0,0,0,0,0,0,0,0,0,0,0,0,0,0,0,0,0,0
Elapsed milliseconds prior 43: 20149
Prior 44 of 49
... 100 steps (6075 ms) ...... 200 steps (12622 ms) ...... 300 steps (20045 ms) ...Complete after 341 pivoting steps
Equilibrium 26
Equilibrium behavior strategies player 1, 2:
6.145694608632327E-16,0.9999999999999993,0,1,1,0,0,0,0,0,0,0,0,0,0,0,0,0,0,0,0,0,0,0,2.4639948973030636E-15,0.9999999999999974,1,0,0,0,0,0,0,0,0,0,0,0,1,0,0,0,0,0,0,0,0,0,1,0,0,1,1,0,0,0,0,0,0,0,0,0,1,0,0,0,0,0,0,0,0,0,1,0,0.41529339053395814,0.5847066094660418,0,0,0,0,0,0,0,0,0,0,1,0,0,0,0,0,0,0,0,0,1,0,0,1,0,0,0,0,0,0,0,0,0,0,0,0,0,0,0,0,0,0,0,1,1,0,0,1,0,0,0,0,0,0,0,0,0,0,0,0,0,0,0,0,0,0,0,1,1,0,0,1,0,0,0,0,0,0,0,0,0,0,0,0,0,0,0,0,0,0,0,1,1,0,0,1,0,0,0,0,0,0,0,0,0,0,0,0,0,0,0,0,0,0,0,1,1,0,0,1,0,0,0,0,0,0,0,0,0,0,0,0,0,0,0,0,0,0,0.12447111402031706,0.8755288859796829,1,0,0,1,0,0,0,0,0,0,0,0,0,0,0,0,0,0,0,0,0.9879061431671656,0,0.012093856832834324,0
1,0,0,1,0,0,0,0,0,0,0,0,0,0,1,0,0,0,0,0,0,0,0,0,1,0,0,1,0,0,0,0,0,0,0,0,0,0,1,0,0,0,0,0,0,0,0,0,1,0,0,1,0,0,0,0,0,0,0,0,0,0,1,0,0,0,0,0,0,0,0,0,1,0,0,1,0,0,0,0,0,0,0,0,0,0,1,0,0,0,0,0,0,0,0,0,1,0,0,1,0,0,0,0,0,0,0,0,0,0,1,0,0,0,0,0,0,0,0,0,1,0,0,1,0,0,0,0,0,0,0,0,0,0,1,0,0,0,0,0,0,0,0,0,0,1,1,0,0.19468483235498393,0,0,0,0,0,0.2776546582367968,0,0,0.5276605094082193,0,0,0,0,0,0,0,0,0,1,1.2430919930494468E-15,0.9999999999999988,1,0,0,0,0,0,0,0,0,0,0,0,0,0,0,0,0,0,0,0,0,0,2.247683669239332E-16,0.9999999999999998,0,0,0,0,0,0,0,0,0,0,0,0,0,0,0,0,0,0,0,0,0,0,0,1,0,0,0,0,0,0,0,0,0,0,0,0,0,0,0,0,0,0,0,0,0,0
Elapsed milliseconds prior 44: 23157
Prior 45 of 49
... 100 steps (6443 ms) ...... 200 steps (13284 ms) ...... 300 steps (21096 ms) ...... 400 steps (28800 ms) ...Complete after 439 pivoting steps
Equilibrium 27
Equilibrium behavior strategies player 1, 2:
0.01482560377548795,0.985174396224512,1,0,0,0,0,0,0,0,0,0,0,0,1,0,0,0,0,0,0,0,0,0,0.01977165455569206,0.9802283454443079,1,0,0,0,0,0,0,0,0,0,0,0,0,0,0,0,0,0,0,0,0,0,1,0,1,0,0,0,0,0,0,0,0,0,0,0,1,0,0,0,0,0,0,0,0,0,1,0,0.9417215662485997,0.05827843375140035,0,0.25295764865145004,0,0,0,0.7470423513485499,0,0,0,0,0,0,0,0,0,0,0,0,0,0,1,0,0,1,0,0,0,0,0,0,0,0,0,0,0,0.03051504811386516,0,0,0,0.9694849518861348,0,0,0,0,1,0,0,1,0,0,0,0,0,0,0,0,0,0,0,0,0,0,0,0.3279349655815583,0,0,0.6720650344184417,0,1,0,0,1,0,0,0,0,0,0,0,0,0,0,0,0,0,0,0,0,0,0,0,1,1,0,0,1,0,0,0,0,0,0,0,0,0,0,0,0,0,0,0,0,0,0,0,1,1,0,0,1,0,0,0,0,0,0,0,0,0,0,0,0,0,0,0,0,0,0,0,1,1,0,0,1,0,0,0,0,0,0,0,0,0,0,0,0,0,0,0,0,0,0,0,1
1,0,6.291057692252432E-16,0.9999999999999993,0,0,0,0,0,0,1,0,0,0,1,0,0,0,0,0,0,0,0,0,1,0,0,1,0,0,0,0,0,0,0,0,0,0,0,1,0,0,0,0,0,0,0,0,1,0,0,1,0,0,0,0,0,0,0,0,0,0,0.3139089632457582,0,0,0,0,0.6860910367542418,0,0,0,0,1,0,0,1,0,0,0,0,0,0,0,0,0,0,1,0,0,0,0,0,0,0,0,0,1,0,0,1,0,0,0,0,0,0,0,0,0,0,0.7030961321218627,0,0.29690386787813733,0,0,0,0,0,0,0,1,0,0.01382889825544746,0.9861711017445526,0,1,0,0,0,0,0,0,0,0,1,0,0,0,0,0,0,0,0,0,0.7266886472237892,0.2733113527762107,0.9751124404686319,0.024887559531368182,0.36507941618680123,0,0,0,0,0.6349205838131988,0,0,0,0,0,0,0,0,0,0,0,0,0,0,0.0013158776454409726,0.9986841223545591,1,0,0,0,0,0,0,0,0,0,0,0,0,0,0,0,0,0,0,0,0,1,6.396018851966701E-15,0.9999999999999937,0,0,0,0,0,0,0,0,0,0,0,1,0,0,0,0,0,0,0,0,0,0,2.6810441712039284E-16,0.9999999999999998,1,0,0,0,0,0,0,0,0,0,0,0,0,0,0,0,0,0,0,0,0,0
Elapsed milliseconds prior 45: 32179
Prior 46 of 49
... 100 steps (6230 ms) ...... 200 steps (12862 ms) ...Complete after 281 pivoting steps
Equilibrium 28
Equilibrium behavior strategies player 1, 2:
0,1,0,1,1,0,0,0,0,0,0,0,0,0,0,0,0,0,0,0,0,0,0,0,1.8697314306041545E-15,0.9999999999999981,0,0,1,0,0,0,0,0,0,0,0,0,1,0,0,0,0,0,0,0,0,0,1,0,0,1,1,0,0,0,0,0,0,0,0,0,1,0,0,0,0,0,0,0,0,0,1,0,2.1726267376943223E-14,0.9999999999999782,0,0,0,0,0,0,0,0,0,0,1,0,0,0,0,0,0,0,0,0,1,0,0,1,0,0,0,0,0,0,0,0,0,0,0,0,0,0,0,0,0,0,0,1,1,0,0,1,0,0,0,0,0,0,0,0,0,0,0,0,0,0,0,0,0,0,0,1,1,0,0,1,0,0,0,0,0,0,0,0,0,0,0,0,0,0,0,0,0,0,0,1,1,0,0,1,0,0,0,0,0,0,0,0,0,0,0,0,0,0,0,0,0,0,0,1,1,0,0,1,0,0,0,0,0,0,0,0,0,0,0,0,0.11923951107776183,0,0,0,0,0,0,0.8807604889222381,1,0,0,1,0,0,0,0,0,0,0,0,0,0,0,0.13615040729375197,0,0,0.2188029108800542,0,0,0,0,0.6450466818261938
1,0,0,1,0,0,0,0,0,0,0,0,0,0,1,0,0,0,0,0,0,0,0,0,1,0,0,1,0,0,0,0,0,0,0,0,0,0,1,0,0,0,0,0,0,0,0,0,1,0,0,1,0,0,0,0,0,0,0,0,0,0,1,0,0,0,0,0,0,0,0,0,1,0,0,1,0,0,0,0,0,0,0,0,0,0,1,0,0,0,0,0,0,0,0,0,1,0,0,1,0,0,0,0,0,0,0,0,0,0,1,0,0,0,0,0,0,0,0,0,1,0,0,1,0,0,0,0,0,0,0,0,0,0,0.9999999999999835,9.655459928887534E-15,6.954748929137872E-15,0,0,0,0,0,0,0,2.1760115360442524E-15,0.9999999999999978,0,0,0,0,1,0,0,0,0,0,0,0,0,0,0,0,0,0,0,0,0,1,0,1,0.4914064962386816,0.5085935037613183,0,0,0,0,1,0,0,0,0,0,0,0,0,0,0,0,0,0,0,1,4.3217566424665504E-16,0.9999999999999996,1,0,0,0,0,0,0,0,0,0,0,0,0,0,0,0,0,0,0,0,0,0,0,1,0,0,0,0,0,0,0,0,0,0,0,0,0,0,0,0,0,0,0,0,0,0
Elapsed milliseconds prior 46: 18972
Prior 47 of 49
... 100 steps (6303 ms) ...... 200 steps (12608 ms) ...... 300 steps (19768 ms) ...... 400 steps (26820 ms) ...... 500 steps (34073 ms) ...------- stop after 500 pivoting steps --------
ECTA algorithm failed Max (500) pivoting steps reached.
Elapsed milliseconds prior 47: 34261
Prior 48 of 49
... 100 steps (6328 ms) ...... 200 steps (13047 ms) ...Complete after 280 pivoting steps
Equilibrium 29
Equilibrium behavior strategies player 1, 2:
0,1,0.7562740459709902,0.24372595402900982,0,0,0,0,0,0,0,0,0,0,0,0,0,0,0,0,0,0,0,0,0.00043732548020350296,0.9995626745197964,0,1,0,0,0,0,0,0,0,0,0,0,0,0,0,0,0,0,0,0,0,0,1,0,0,1,1,0,0,0,0,0,0,0,0,0,1,0,0,0,0,0,0,0,0,0,1,0,0.7830455304666019,0.2169544695333982,1,0,0,0,0,0,0,0,0,0,1,0,0,0,0,0,0,0,0,0,1,0,0,1,0,0,0,0,0,0,0,0,0,0,0,0,0,0,0,0.18333008204338136,0,0,0.667579430629109,0.14909048732750968,1,0,0,1,0,0,0,0,0,0,0,0,0,0,0,0,0,0,0,0,0,0,0,1,1,0,0,1,0,0,0,0,0,0,0,0,0,0,0,0,0,0,0,0,0,0,0,1,1,0,0,1,0,0,0,0,0,0,0,0,0,0,0,0,0,0,0,0,0,0,0,1,1,0,0,1,0,0,0,0,0,0,0,0,0,0,0,0,0,0,0.3270032758820041,0,0,0,0,0.6729967241179959,1,0,0,1,0,0,0,0,0,0,0,0,0,0,0,0,0.02656776526820582,0,0,0,0,0,0,0.9734322347317942
1,0,0,1,0,0,0,0,0,0,0,0,0,0,1,0,0,0,0,0,0,0,0,0,1,0,0,1,0,0,0,0,0,0,0,0,0,0,1,0,0,0,0,0,0,0,0,0,1,0,0,1,0,0,0,0,0,0,0,0,0,0,1,0,0,0,0,0,0,0,0,0,1,0,0,1,0,0,0,0,0,0,0,0,0,0,1,0,0,0,0,0,0,0,0,0,1,0,0,1,0,0,0,0,0,0,0,0,0,0,1,0,0,0,0,0,0,0,0,0,1,0,0,1,0,0,0,0,0,0,0,0,0,0,1,0,0,0,0,0,0,0,0,0,0,1,0.9925450713635644,0.007454928636435623,0.9767843781126373,0,0,0,0.007952084746559306,0.015263537140803396,0,0,0,0,0,0,0,0,0,0,0,0,0,1,0,1,0,0,0,0,0,0,0,0,0,0,0,0,0,0,0,0,0,0,0,0,0,0,0,1,0,0,0,0,0,0,0,0,0,0,0,0,0,0,0,0,0,0,0,0,0,0,0,1,0,0,0,0,0,0,0,0,0,0,0,0,0,0,0,0,0,0,0,0,0,0
Elapsed milliseconds prior 48: 19096
Prior 49 of 49
... 100 steps (5970 ms) ...... 200 steps (12524 ms) ...Cycling detected after 218 steps
ECTA algorithm failed Cycling detected after 218 steps
Elapsed milliseconds prior 49: 13866
Changed to original form:
3.6986343033937026E-16,0.9999999999999996,0,1,0,0,0,0,0,0,0,0,0,0,0,0,0,0,0,0,0,0,0,0,0,1,1,0,1,0,0,0,0,0,0,0,0,0,1,0,0,0,0,0,0,0,0,0,1,0,1.0426876138562623E-14,0.9999999999999897,0,0,0,0,0,0,0,0,0,0,1,0,0,0,0,0,0,0,0,0,1,0,6.556642854655224E-16,0.9999999999999993,0,0,0,0,0,0,0,0,0,0,1,0,0,0,0,0,0,0,0,0,1,0,0,1,0,0,0,0,0,0,0,0,0,0,0,0,0,0,0,0,0,0,0,1,1,0,0,1,0,0,0,0,0,0,0,0,0,0,0,0,0,0,0,0,0,0,0,1,1,0,0,1,0,0,0,0,0,0,0,0,0,0,0,0,0,0,0,0,0,0,0,1,1,0,0,1,0,0,0,0,0,0,0,0,0,0,0,0.11616227189964107,0,0,0.045960306718376906,0.1845264519730766,0,0,0,0.6533509694089054,1,0,0,1,0,0,0,0,0,0,0,0,0,0,0,0,0,0,0,0,0,0,0,1,1,0,0,1,0,0,0,0,0,0,0,0,0,0,0,0,0,0,0,0,0.2960361719563644,0.0015903304532995854,0,0.702373497590336,1,0,0,1,0,0,0,0,0,0,0,0,0,0,1,0,0,0,0,0,0,0,0,0,1,0,0,1,0,0,0,0,0,0,0,0,0,0,1,0,0,0,0,0,0,0,0,0,1,0,0,1,0,0,0,0,0,0,0,0,0,0,1,0,0,0,0,0,0,0,0,0,1,0,0,1,0,0,0,0,0,0,0,0,0,0,1,0,0,0,0,0,0,0,0,0,1,0,0,1,0,0,0,0,0,0,0,0,0,0,1,0,0,0,0,0,0,0,0,0,1,0,0,1,0,0,0,0,0,0,0,0,0,0,0.7436582000021921,0.256341799997808,0,0,0,0,0,0,0,0,0.0006375177457334575,0.9993624822542666,0,1,0,0.8632931034206995,0,0,0.020089306417655328,0.019002488364445257,0.014603405301038867,0,0,0.08301169649616105,0,0,0,0,0,0,0,0,0,0,1.2534133880330318E-14,0.9999999999999873,0,0,0,0,0,0,0,0,0,0,0,1,0,0,0,0,0,0,0,0,0,0,0,1,0,1,0,0,0,0,0,0,0,0,0,1,0,0,0,0,0,0,0,0,0,1,0,1,0,0,0,0,0,0,0,0,0,0,0,0,0,0,0,0,0,0,0,0,0,0
Changed to original form:
0,1,0,0,1,0,0,0,0,0,0,0,0,0,1,0,0,0,0,0,0,0,0,0,0,1,0,1,1,0,0,0,0,0,0,0,0,0,1,0,0,0,0,0,0,0,0,0,1,0,0,1,1,0,0,0,0,0,0,0,0,0,1,0,0,0,0,0,0,0,0,0,1,0,1.2640141146158005E-14,0.9999999999999873,0,0,0,0,0,0,0,0,0,0,1,0,0,0,0,0,0,0,0,0,1,0,0,1,0,0,0,0,0,0,0,0,0,0,0,0,0,0,0,0,0,0,0,1,1,0,0,1,0,0,0,0,0,0,0,0,0,0,0,0.10718841658370097,0,0,0,0,0,0,0,0.892811583416299,1,0,0,1,0,0,0,0,0,0,0,0,0,0,0,0,0,0,0,0,0,0,0,1,1,0,0,1,0,0,0,0,0,0,0,0,0,0,0,0,0,0,0.10694152036235685,0.14258351460438565,0,0,0,0.7504749650332575,1,0,0,1,0,0,0,0,0,0,0,0,0,0,0,0,0.07639726966252047,0.08014180344060881,0,0,0,0,0,0.8434609268968707,1,0,0,1,0,0,0,0,0,0,0,0,0,0,0,0,0,0.11221215499249362,0,0,0.29326576804652316,0,0,0.5945220769609834,1,0,0,1,0,0,0,0,0,0,0,0,0,0,1,0,0,0,0,0,0,0,0,0,1,0,0,1,0,0,0,0,0,0,0,0,0,0,1,0,0,0,0,0,0,0,0,0,1,0,0,1,0,0,0,0,0,0,0,0,0,0,1,0,0,0,0,0,0,0,0,0,1,0,0,1,0,0,0,0,0,0,0,0,0,0,1,0,0,0,0,0,0,0,0,0,1,0,0,1,0,0,0,0,0,0,0,0,0,0,1,0,0,0,0,0,0,0,0,0,1,0,0,1,0,0,0,0,0,0,0,0,0,0,0.9999999999999821,1.7795261253692374E-14,0,0,0,0,0,0,0,0,2.832874696475519E-14,0.9999999999999717,1,0,0,0,0,0.02063536983905122,0.8359670738351265,0.0709467265450574,0.07245082978076471,0,0,0,0,0,0,0,0,0,0,0,0,1,0,1,1,0,0,0,0,0,0,0,0,0,0,0,0,0,0,0,0,0,0,0,0,1,3.692960725871708E-16,0.9999999999999996,1,0,0,0,0,0,0,0,0,0,0,0,0,0,0,0,0,0,0,0,0,0,0,1,0,0,0,0,0,0,0,0,0,0,0,0,0,0,0,0,0,0,0,0,0,0
Changed to original form:
1.0006179466315126E-14,0.99999999999999,0,0,0,0,0,0,0,0,0,0,0,0,1,0,0,0,0,0,0,0,0,0,5.88803807519371E-15,0.999999999999994,0,1,1,0,0,0,0,0,0,0,0,0,0,0,0,0,0,0,0,0,0,0,1,0,0,1,1,0,0,0,0,0,0,0,0,0,1,0,0,0,0,0,0,0,0,0,1,0,1,0,1,0,0,0,0,0,0,0,0,0,1,0,0,0,0,0,0,0,0,0,1,0,0,1,0,0,0,0,0,0,0,0,0,0,0,0,0,0,0,0,0,0,0,1,1,0,0,1,0,0,0,0,0,0,0,0,0,0,0,0,0.05189122646548226,0,0,0,0,0,0,0.9481087735345176,1,0,0,1,0,0,0,0,0,0,0,0,0,0,0,0,0,0,0,0,0,0,0,1,1,0,0,1,0,0,0,0,0,0,0,0,0,0,0,0,0.05525725546004206,0,0,0,0,0,0,0.9447427445399579,1,0,0,1,0,0,0,0,0,0,0,0,0,0,0,0,0,0,0,0,0,0,0,1,1,0,0,1,0,0,0,0,0,0,0,0,0,0,0,0.1361504072937502,0,0.0008975121147233137,0,0,0,0,0,0.8629520805915265,1,0,0,1,0,0,0,0,0,0,0,0,0,0,1,0,0,0,0,0,0,0,0,0,1,0,0,1,0,0,0,0,0,0,0,0,0,0,1,0,0,0,0,0,0,0,0,0,1,0,0,1,0,0,0,0,0,0,0,0,0,0,1,0,0,0,0,0,0,0,0,0,1,0,0,1,0,0,0,0,0,0,0,0,0,0,1,0,0,0,0,0,0,0,0,0,1,0,0,1,0,0,0,0,0,0,0,0,0,0,1,0,0,0,0,0,0,0,0,0,1,0,0,1,0,0,0,0,0,0,0,0,0,0,0.9999999999999771,2.2865134852246583E-14,0,0,0,0,0,0,0,0,3.1565463423872775E-15,0.9999999999999969,0,0,0,0,1,0,0,0,0,0,0,0,0,0,0,0,0,0,0,0,0,1,6.175755023380222E-16,0.9999999999999993,1,0,0,0,0,0,0,0,0,0,0,0,0,0,0,0,0,0,0,0,0,0,0,1,0,0,0,0,0,0,0,0,0,0,0,1,0,0,0,0,0,0,0,0,0,0,0,1,0,0,0,0,0,0,0,0,0,0,0,0,0,0,0,0,0,0,0,0,0,0
Changed to original form:
7.024982564250572E-15,0.9999999999999929,0,0,0,0,0,0,0,0,0,0,0,0,1,0,0,0,0,0,0,0,0,0,0,1,0,1,0,0,0,0,0,0,0,0,0,0,1,0,0,0,0,0,0,0,0,0,1,0,0,1,1,0,0,0,0,0,0,0,0,0,1,0,0,0,0,0,0,0,0,0,1,0,6.149954922870828E-16,0.9999999999999993,0,0,0,0,0,0,0,0,0,0,1,0,0,0,0,0,0,0,0,0,1,0,0,1,0,0,0,0,0,0,0,0,0,0,0,0,0,0,0,0,0,0,0,1,1,0,0,1,0,0,0,0,0,0,0,0,0,0,0,0,0,0,0,0,0,0,0,1,1,0,0,1,0,0,0,0,0,0,0,0,0,0,0,0,0,0,0,0,0,0.3409212732845678,0,0.6590787267154322,1,0,0,1,0,0,0,0,0,0,0,0,0,0,0,0,0,0,0,0,0,0,0,1,1,0,0,1,0,0,0,0,0,0,0,0,0,0,0,0,0,0,0,0,0.15393789601301264,0,0,0.8460621039869873,1,0,0,1,0,0,0,0,0,0,0,0,0,0,0,0,0,0,0.6789837125323385,0.21358448802956753,0.10743179943809407,0,0,0,1,0,0,1,0,0,0,0,0,0,0,0,0,0,1,0,0,0,0,0,0,0,0,0,1,0,0,1,0,0,0,0,0,0,0,0,0,0,1,0,0,0,0,0,0,0,0,0,1,0,0,1,0,0,0,0,0,0,0,0,0,0,1,0,0,0,0,0,0,0,0,0,1,0,0,1,0,0,0,0,0,0,0,0,0,0,1,0,0,0,0,0,0,0,0,0,1,0,0,1,0,0,0,0,0,0,0,0,0,0,1,0,0,0,0,0,0,0,0,0,1,0,0,1,0,0,0,0,0,0,0,0,0,0,1,0,0,0,0,0,0,0,0,0,1.4055952851466251E-14,0.9999999999999859,1,0,0,0,0,0,0.8065087631056379,0.10169843944395646,0.0856275514891036,0.006165245961301916,0,0,0,0,0,0,0,0,0,0,0,1,0,1,0,1,0,0,0,0,0,0,0,0,0,1,0,0,0,0,0,0,0,0,0,1,0,1,0,0,0,0,0,0,0,0,0,0,0,0,0,0,0,0,0,0,0,0,0,0,0,1,0,0,0,0,0,0,0,0,0,0,0,0,0,0,0,0,0,0,0,0,0,0
Changed to original form:
0,1,0,1,1,0,0,0,0,0,0,0,0,0,1,0,0,0,0,0,0,0,0,0,0,1,0.9570876969967055,0.042912303003294475,0,0,0,0,0,0,0,0,0,0,0,0,0,0,0,0,0,0,0,0,1,0,7.354384404644207E-14,0.9999999999999265,0,0,0,0,0,0,0,0,0,0,1,0,0,0,0,0,0,0,0,0,1,0,6.929129065049969E-12,0.9999999999930709,1,0,0,0,0,0,0,0,0,0,1,0,0,0,0,0,0,0,0,0,1,0,0,1,0,0,0,0,0,0,0,0,0,0,0,0,0,0,0,0,0,0,0,1,1,0,0,1,0,0,0,0,0,0,0,0,0,0,0,0,0,0,0,0,0,0,0,1,1,0,0,1,0,0,0,0,0,0,0,0,0,0,0,0,0,0,0,0,0,0,0,1,1,0,0,1,0,0,0,0,0,0,0,0,0,0,0,0,0,0,0,0,0,0,0,1,1,0,0,1,0,0,0,0,0,0,0,0,0,0,0,0,0,0,0.4796716555027793,0.16086367211720012,0.22980925784475592,0,0,0.12965541453526466,1,0,0,1,0,0,0,0,0,0,0,0,0,0,0,0,0,0,0,0,0,0,0,1,1,0,0,1,0,0,0,0,0,0,0,0,0,0,1,0,0,0,0,0,0,0,0,0,1,0,0,1,0,0,0,0,0,0,0,0,0,0,1,0,0,0,0,0,0,0,0,0,1,0,0,1,0,0,0,0,0,0,0,0,0,0,1,0,0,0,0,0,0,0,0,0,1,0,0,1,0,0,0,0,0,0,0,0,0,0,1,0,0,0,0,0,0,0,0,0,1,0,0,1,0,0,0,0,0,0,0,0,0,0,1,0,0,0,0,0,0,0,0,0,1,0,0,1,0,0,0,0,0,0,0,0,0,0,1,0,0,0,0,0,0,0,0,0,6.951330239588259E-14,0.9999999999999304,0,0,0,0,0,0,0.2405190007194842,0.3431760220530056,0.41630497722751014,0,0,0,0,0,0,0,0,0,0,0,0,1,0,1,0,1,0,0,0,0,0,0,0.4212055353156862,0,0,0.5787944646843137,0,0,0,0,0,0,0,0,0,1,3.077730995644467E-15,0.9999999999999969,0,0,0,0,0,0,0,0,0,0,0,0,0,0,0,0,0,0,0,0,0,1,0,1,0,0,0,0,0,0,0,0,0,0,0,0,0,0,0,0,0,0,0,0,0,0
Changed to original form:
2.864380405268406E-15,0.9999999999999971,9.804143670225042E-16,0.9999999999999991,0,0,0,0,0,0,0,0,0,0,0,0,0,0,0,0,0,0,0,0,0,1,0,1,0,0,0,0,0,0,0,0,0,0,1,0,0,0,0,0,0,0,0,0,0.8753173812121489,0.12468261878785099,2.7246025896555428E-15,0.9999999999999973,0,0,0,0,0,0,0,0,0,0,1,0,0,0,0,0,0,0,0,0,1,0,0.0375614278610725,0.9624385721389275,0,0,0,0,1,0,0,0,0,0,0.7156519801085063,0,0,0.2843480198914937,0,0,0,0,0,0,1,0,0,1,0,0,0,0,0,0,0,0,0,0,0,0,0,0,0,0,0,0.3936018923467548,0.6063981076532451,0,1,0,0.19735097399336662,0.8026490260066335,0,0,1,0,0,0,0,0,0,0,0,0,0,0,0,0,0,0,0,1,1,0,0,1,0,0,0,0,0,0,0,0,0,0,0,0,0,0,0,0,0.11337023450845721,0,0,0.8866297654915428,1,0,0.3475084778720898,0.6524915221279103,0,0,0,0,0,0,0,0,0,1,0,0,0,0,0,0,0,0,0,1,1,0,0,1,0,0,0,0,0,0,0,0,0,0,0,0,0,0,0,0,0,0,0,1,1,0,0,1,0,0,0,0,0,0,0,0,0,0,0,0,0,0,0,0.00629940723230999,0,0.13049698128917298,0,0.8632036114785171,0.8318714201344857,0.16812857986551433,0,1,0,0,0,0,0,0,0,0,0,0,0,1,0,0,0,0,0,0,0,0,1,0,0,1,0,0,0,0,0,0,0,0,0,0,0.9919212253427853,0,0,0,0,0,0,0.008078774657214646,0,0,1,0,0,1,0,0,0,0,0,0,0,0,0,0,1,0,0,0,0,0,0,0,0,0,1,0,0,1,0,0,0,0,0,0,0,0,0,0,1,0,0,0,0,0,0,0,0,0,1,0,0,1,0,0,0,0,0,0,0,0,0,0,1,0,0,0,0,0,0,0,0,0,1,0,0,1,0,0,0,0,0,0,0,0,0,0,1,0,0,0,0,0,0,0,0,0,0.7766373032675782,0.22336269673242184,0.19365468840496333,0.8063453115950366,0.6281243368110218,0,0,0.13231468873905186,0,0,0.1049939279613791,0,0.13456704648854728,0,0.01952952989633684,0,0,0,0.9702610490642259,0,0,0,0.010209421039437172,0,1.4404918052157285E-15,0.9999999999999986,0,0,0,0,0,0,0,0,0,0,1,0,0,0,0,0,0,0,0,0,0,0,0,1,0,0,0,0,0,0,0,0,0,0,0,0,0,0,0,0,0,0,0,0,0,0,1.1038613200441153E-17,1,1,0,0,0,0,0,0,0,0,0,0,0,0,0,0,0,0,0,0,0,0,0
Changed to original form:
1.1142871183145497E-15,0.9999999999999989,0,0,0,0,0,0,0,0,0,0,0,0,1,0,0,0,0,0,0,0,0,0,1.4104448638298378E-13,0.999999999999859,0,0,0,0,0,0,0,0,0,0,0,0,1,0,0,0,0,0,0,0,0,0,1,0,0,1,1,0,0,0,0,0,0,0,0,0,1,0,0,0,0,0,0,0,0,0,1,0,0.9999999999992661,7.338881129603643E-13,1,0,0,0,0,0,0,0,0,0,0,0,0,0,0,0,0,0,0,0,1,0,0,1,0,0,0,0,0,0,0,0,0,0,0,0,0,0,0,0,0,0,0.8975521155656091,0.10244788443439103,1,0,0,1,0,0,0,0,0,0,0,0,0,0,0,0,0,0,0,0,0,0,0,1,1,0,0,1,0,0,0,0,0,0,0,0,0,0,0,0,0,0,0,0,0,0,0,1,1,0,0,1,0,0,0,0,0,0,0,0,0,0,0,0,0,0,0,0.47409829012171467,0,0,0,0.5259017098782853,1,0,0,1,0,0,0,0,0,0,0,0,0,0,0,0,0,0,0,0,0,1,0,0,1,0,0,1,0,0,0,0,0,0,0,0,0,0,0,0,0,0,0,0,0,0,0,1,1,0,0,1,0,0,0,0,0,0,0,0,0,0,1,0,0,0,0,0,0,0,0,0,1,0,0,1,0,0,0,0,0,0,0,0,0,0,1,0,0,0,0,0,0,0,0,0,1,0,0,1,0,0,0,0,0,0,0,0,0,0,1,0,0,0,0,0,0,0,0,0,1,0,0,1,0,0,0,0,0,0,0,0,0,0,1,0,0,0,0,0,0,0,0,0,1,0,0,1,0,0,0,0,0,0,0,0,0,0,1,0,0,0,0,0,0,0,0,0,1,0,0,1,0,0,0,0,0,0,0,0,0,0,1,0,0,0,0,0,0,0,0,0,1.2063469471738886E-13,0.9999999999998793,1,0,0,0,0,0,0,0,0,0.3154095689490343,0,0.6845904310509656,0,0,0,0,0,0,0,0,0,1,1.2889973998823457E-14,0.999999999999987,1,0,0,0,0,0,0,0,0,0,0,0,0,0,0,0,0,0,0,0,0,0,3.5273875445185128E-15,0.9999999999999964,1,0,0,0,0,0,0,0,0,0,0,0,0,0,0,0,0,0,0,0,0,0,0,1,0,0,0,0,0,0,0,0,0,0,0,0,0,0,0,0,0,0,0,0,0,0
Changed to original form:
4.4307698031008734E-15,0.9999999999999957,0,1,0,0,0,0,0,0,0,0,0,0,0,0,0,0,0,0,0,0,0,0,0,1,0,1,1,0,0,0,0,0,0,0,0,0,1,0,0,0,0,0,0,0,0,0,1,0,0.9999999999999998,1.6028789682676322E-16,1,0,0,0,0,0,0,0,0,0,0,0,0,0,0,0,0,0,0,0,1,0,0.9999999999999468,5.315566855178657E-14,1,0,0,0,0,0,0,0,0,0,0,0,0,0,0,0,0,0,0,0,1,0,0,1,0,0,0,0,0,0,0,0,0,0,0,0,0,0,0,0,0,0,0,1,1,0,0,1,0,0,0,0,0,0,0,0,0,0,0,0,0.25386158888525645,0,0,0,0.41111189942894777,0,0,0.33502651168579584,1,0,0,1,0,0,0,0,0,0,0,0,0,0,0,0,0,0,0,0,0,0,0,1,1,0,0,1,0,0,0,0,0,0,0,0,0,0,0,0,0,0,0,0,0,0,0.8753169076718682,0.12468309232813181,1,0,0,1,0,0,0,0,0,0,0,0,0,0,0,0,0,0,0,0,0,0,0,1,1,0,0,1,0,0,0,0,0,0,0,0,0,0,0,0,0,0,0,0,0,0,1,0,1,0,0,1,0,0,0,0,0,0,0,0,0,0,1,0,0,0,0,0,0,0,0,0,1,0,0,1,0,0,0,0,0,0,0,0,0,0,1,0,0,0,0,0,0,0,0,0,1,0,0,1,0,0,0,0,0,0,0,0,0,0,1,0,0,0,0,0,0,0,0,0,1,0,0,1,0,0,0,0,0,0,0,0,0,0,1,0,0,0,0,0,0,0,0,0,1,0,0,1,0,0,0,0,0,0,0,0,0,0,1,0,0,0,0,0,0,0,0,0,1,0,0,1,0,0,0,0,0,0,0,0,0,0,0.9999999999999367,0,6.331896133586426E-14,0,0,0,0,0,0,0,3.390124034489707E-14,0.9999999999999661,0,1,0,0,0.6932191006365938,0,0,0,0,0,0.12926383050964,0.17751706885376628,0,0,0,0,0,0,0,0,0,0,8.035217740244095E-14,0.9999999999999196,1,0,0,0,0,0,0,0,0,0,0,0,0,0,0,0,0,0,0,0,0,0,3.9553399672159695E-15,0.999999999999996,1,0,0,0,0,0,0,0,0,0,0,0,0,0,0,0,0,0,0,0,0,0,0,1,0,0,0,0,0,0,0,0,0,0,0,0,0,0,0,0,0,0,0,0,0,0
Changed to original form:
9.134719372629537E-15,0.9999999999999908,0,1,0,0,0,0,0,0,0,0,0,0,0,0,0,0,0,0,0,0,0,0,1.458653200880737E-14,0.9999999999999853,0,0,0,0,0,0,0,0,0,0,0,0,1,0,0,0,0,0,0,0,0,0,1,0,3.7790836040720195E-15,0.9999999999999962,0,0,0,0,0,0,0,0,0,0,1,0,0,0,0,0,0,0,0,0,1,0,1,0,1,0,0,0,0,0,0,0,0,0,1,0,0,0,0,0,0,0,0,0,1,0,0,1,0,0,0,0,0,0,0,0,0,0,0,0,0,0,0,0,0,0,0,1,1,0,0,1,0,0,0,0,0,0,0,0,0,0,0,0.10718841658370074,0,0,0,0,0,0,0,0.8928115834162993,1,0,0,1,0,0,0,0,0,0,0,0,0,0,0,0,0,0,0,0,0,0,0,1,1,0,0,1,0,0,0,0,0,0,0,0,0,0,0,0,0,0,0,0,0,0,0,1,1,0,0,1,0,0,0,0,0,0,0,0,0,0,0,0,0,0.24979123263027242,0,0,0,0,0,0.7502087673697275,1,0,0,1,0,0,0,0,0,0,0,0,0,0,0,0,0,0,0,0,0,0,0,1,1,0,0,1,0,0,0,0,0,0,0,0,0,0,1,0,0,0,0,0,0,0,0,0,1,0,0,1,0,0,0,0,0,0,0,0,0,0,1,0,0,0,0,0,0,0,0,0,1,0,0,1,0,0,0,0,0,0,0,0,0,0,1,0,0,0,0,0,0,0,0,0,1,0,0,1,0,0,0,0,0,0,0,0,0,0,1,0,0,0,0,0,0,0,0,0,1,0,0,1,0,0,0,0,0,0,0,0,0,0,1,0,0,0,0,0,0,0,0,0,1,0,0,1,0,0,0,0,0,0,0,0,0,0,0.9999999999999754,2.466732945958453E-14,0,0,0,0,0,0,0,0,6.249808341980957E-15,0.9999999999999938,1,0,0,0,0,1,0,0,0,0,0,0,0,0,0,0,0,0,0,0,0,1,1.3381316821132945E-15,0.9999999999999987,1,0,0,0,0,0,0,0,0,0,0,0,0,0,0,0,0,0,0,0,0,0,0,1,0,1,0,0,0,0,0,0,0,0,0,0,0,0,0,0,0,0,0,0,0,1,1.376848677221998E-16,0.9999999999999998,0,0,0,0,0,0,0,0,0,0,0,0,0,0,0,0,0,0,0,0,0,0
Changed to original form:
0,1,0,1,0,0,0,0,0,0,0,0,0,0,1,0,0,0,0,0,0,0,0,0,1.6005394017012179E-15,0.9999999999999984,0,0,0,0,0,0,0,0,0,0,0,0,1,0,0,0,0,0,0,0,0,0,1,0,0.9999999999999621,3.7861365418357376E-14,1,0,0,0,0,0,0,0,0,0,1,0,0,0,0,0,0,0,0,0,1,0,0,1,1,0,0,0,0,0,0,0,0,0,1,0,0,0,0,0,0,0,0,0,1,0,0,1,0,0,0,0,0,0,0,0,0,0,0,0,0,0.11194051469298742,0,0,0,0,0,0.8880594853070126,1,0,0,1,0,0,0,0,0,0,0,0,0,0,0,0,0,0,0,0,0,0,0,1,1,0,0,1,0,0,0,0,0,0,0,0,0,0,0,0.09106761481342815,0,0,0,0,0,0,0,0.9089323851865718,1,0,0,1,0,0,0,0,0,0,0,0,0,0,0,0,0.0860212743112912,0,0,0,0.003532421283754853,0,0,0.910446304404954,1,0,0,1,0,0,0,0,0,0,0,0,0,0,0,0,0,0,0,0,0,1,0,0,1,0,0,1,0,0,0,0,0,0,0,0,0,0,0,0,0,0,0,0,0,0,0,1,1,0,0,1,0,0,0,0,0,0,0,0,0,0,1,0,0,0,0,0,0,0,0,0,1,0,0,1,0,0,0,0,0,0,0,0,0,0,1,0,0,0,0,0,0,0,0,0,1,0,0,1,0,0,0,0,0,0,0,0,0,0,1,0,0,0,0,0,0,0,0,0,1,0,0,1,0,0,0,0,0,0,0,0,0,0,1,0,0,0,0,0,0,0,0,0,1,0,0,1,0,0,0,0,0,0,0,0,0,0,1,0,0,0,0,0,0,0,0,0,1,0,0,1,0,0,0,0,0,0,0,0,0,0,0.9999999999999883,1.1614904894217742E-14,0,0,0,0,0,0,0,0,0,1,0.26731337928273347,0.7326866207172665,0,0,0.2781997928341667,0.42972274519584047,0,0,0,0.285306815136344,0,0.00677064683364885,0,0,0,0,0,0,0,0,0,0,0,1,1,0,0,0,0,0,0,0,0,0,0,1,0,0,0,0,0,0,0,0,0,0,5.5620463226461475E-15,0.9999999999999943,1,0,0,0,0,0,0,0,0,0,0,0,0,0,0,0,0,0,0,0,0,0,0,1,0,0,0,0,0,0,0,0,0,0,0,1,0,0,0,0,0,0,0,0,0,0
Changed to original form:
0,1,1,0,0,0,0,0,0,0,0,0,0,0,1,0,0,0,0,0,0,0,0,0,0,1,0,1,0,0,0,0,0,0,0,0,0,0,1,0,0,0,0,0,0,0,0,0,0.856340347446969,0.14365965255303118,0,1,1,0,0,0,0,0,0,0,0,0,1,0,0,0,0,0,0,0,0,0,1,0,1,0,1,0,0,0,0,0,0,0,0,0,1,0,0,0,0,0,0,0,0,0,1,0,0,1,0,0,0,0,0,0,0,0,0,0,0,0,0,0,0,0,0,0,0,1,1,0,0,1,0,0,0,0,0,0,0,0,0,0,0,0,0,0.4573702955660082,0,0,0,0,0,0.5426297044339917,1,0,0,1,0,0,0,0,0,0,0,0,0,0,0,0,0,0,0,0,0,0,0,1,1,0,0,1,0,0,0,0,0,0,0,0,0,0,0,0,0,0,0,0,0.5300887217709388,0,0,0.46991127822906126,1,0,0,1,0,0,0,0,0,0,0,0,0,0,0,0,0,0,0,0,0,0.3902025680449643,0.46535643425861783,0.14444099769641786,1,0,0,1,0,0,0,0,0,0,0,0,0,0,0,0,0,0,0,0,0,0,0,1,1,0,0,1,0,0,0,0,0,0,0,0,0,0,1,0,0,0,0,0,0,0,0,0,1,0,0,1,0,0,0,0,0,0,0,0,0,0,1,0,0,0,0,0,0,0,0,0,1,0,0,1,0,0,0,0,0,0,0,0,0,0,1,0,0,0,0,0,0,0,0,0,1,0,0,1,0,0,0,0,0,0,0,0,0,0,1,0,0,0,0,0,0,0,0,0,1,0,0,1,0,0,0,0,0,0,0,0,0,0,1,0,0,0,0,0,0,0,0,0,1,0,0,1,0,0,0,0,0,0,0,0,0,0,0.7885032638209069,0,0,0.21149673617909315,0,0,0,0,0,0,0.07050092531258788,0.9294990746874121,0,1,0,0,0,0.7315212574684337,0,0,0.09876387446427554,0.15550768354790798,0,0.014207184519382843,0,0,0,0,0,0,0,0,0,1,1.5016125779602026E-15,0.9999999999999984,0,0,0,0,0,0,0,0,0,0,0,1,0,0,0,0,0,0,0,0,0,1,0,1,0,0,0,0,0,0,0,0,0,0,0,1,0,0,0,0,0,0,0,0,0,0,3.045660338493194E-16,0.9999999999999998,1,0,0,0,0,0,0,0,0,0,0,0,0,0,0,0,0,0,0,0,0,0
Changed to original form:
2.8300765139880675E-14,0.9999999999999717,0,1,1,0,0,0,0,0,0,0,0,0,0,0,0,0,0,0,0,0,0,0,3.3039973982169713E-15,0.9999999999999967,0,0,0,0,0,0,0,0,0,0,0,0,1,0,0,0,0,0,0,0,0,0,1,0,0,1,1,0,0,0,0,0,0,0,0,0,1,0,0,0,0,0,0,0,0,0,1,0,4.487261461577305E-15,0.9999999999999956,0,0,0,0,0,0,0,0,0,0,1,0,0,0,0,0,0,0,0,0,1,0,0,1,0,0,0,0,0,0,0,0,0,0,0,0,0,0,0,0,0,0,0,1,1,0,0,1,0,0,0,0,0,0,0,0,0,0,0,0,0,0,0,0,0,0,0,1,1,0,0,1,0,0,0,0,0,0,0,0,0,0,0,0,0,0,0,0,0,0,0,1,1,0,0,1,0,0,0,0,0,0,0,0,0,0,0,0,0,0,0.10875385903545837,0,0,0,0,0.8912461409645417,1,0,0,1,0,0,0,0,0,0,0,0,0,0,0,0,0,0.37288485860574355,0,0,0,0,0,0.6271151413942564,1,0,0,1,0,0,0,0,0,0,0,0,0,0,0,0,0,0,0,0,0,0,0.4239754872737423,0.5760245127262577,1,0,0,1,0,0,0,0,0,0,0,0,0,0,1,0,0,0,0,0,0,0,0,0,1,0,0,1,0,0,0,0,0,0,0,0,0,0,1,0,0,0,0,0,0,0,0,0,1,0,0,1,0,0,0,0,0,0,0,0,0,0,1,0,0,0,0,0,0,0,0,0,1,0,0,1,0,0,0,0,0,0,0,0,0,0,1,0,0,0,0,0,0,0,0,0,1,0,0,1,0,0,0,0,0,0,0,0,0,0,1,0,0,0,0,0,0,0,0,0,1,0,0,1,0,0,0,0,0,0,0,0,0,0,1,0,0,0,0,0,0,0,0,0,3.9649874959625913E-14,0.9999999999999604,0.4493568694381215,0.5506431305618786,0,0,0,0.721494777590515,0.27850522240948505,0,0,0,0,0,0,0,0,0,0,0,0,0,0,0,1.8681026061318888E-14,0.9999999999999813,0,0,0,0,0,0,0.23254059325841828,0,0,0,0,0.7674594067415818,0,0,0,0,0,0,0,0,0,0,9.570459169911798E-17,1,0,0,0,0,0,0,0,0,0,0,0,0,0,0,0,0,0,0,0,0,0,0,1.6361903654130995E-16,0.9999999999999998,0,0,0,0,0,0,0,0,0,0,0,0,0,0,0,0,0,0,0,0,0,0
Changed to original form:
4.936522666815325E-15,0.9999999999999951,0,1,0,0,0,0,0,0,0,0,0,0,0,0,0,0,0,0,0,0,0,0,1.9853221336338168E-16,0.9999999999999998,0,0,0,0,0,0,0,0,0,0,0,0,0,0,0,0,0,0,0,0,0,0,1,0,1,0,1,0,0,0,0,0,0,0,0,0,0,0,0,0,0,0,0,0,0,0,1,0,1.943915582533831E-15,0.999999999999998,0,0,0,0,0,0,0,0,0,0,1,0,0,0,0,0,0,0,0,0,1,0,0,1,0,0,0,0,0,0,0,0,0,0,0,0,0,0,0,0,0,0,0,1,1,0,0,1,0,0,0,0,0,0,0,0,0,0,0,0,0,0,0,0,0,0,0,1,1,0,0,1,0,0,0,0,0,0,0,0,0,0,0,0,0,0,0,0,0,0,0,1,1,0,0,1,0,0,0,0,0,0,0,0,0,0,0,0,0,0,0,0,0,0,0,1,1,0,0,1,0,0,0,0,0,0,0,0,0,0,0,0.1025851328480907,0,0,0,0,0,0,0,0.8974148671519093,1,0,0,1,0,0,0,0,0,0,0,0,0,0,0,0,0.15752384850973597,0,0,0,0,0,0,0.8424761514902641,1,0,0,1,0,0,0,0,0,0,0,0,0,0,1,0,0,0,0,0,0,0,0,0,1,0,0,1,0,0,0,0,0,0,0,0,0,0,1,0,0,0,0,0,0,0,0,0,1,0,0,1,0,0,0,0,0,0,0,0,0,0,1,0,0,0,0,0,0,0,0,0,1,0,0,1,0,0,0,0,0,0,0,0,0,0,1,0,0,0,0,0,0,0,0,0,1,0,0,1,0,0,0,0,0,0,0,0,0,0,1,0,0,0,0,0,0,0,0,0,1,0,0,1,0,0,0,0,0,0,0,0,0,0,0.9999999999999515,3.170502915262022E-14,1.6966480742890278E-14,0,0,0,0,0,0,0,3.133290913105228E-15,0.9999999999999969,1,0,0,0,0,0,0,0,0,0,0,0,0,0,0,0,0,0,0,0,0,1,0,1,0,0,0,0,1,0,0,0,0,0,0,0,0,0,0,0,0,0,0,0,0,0,0,1,0,0,0,0,0,0,0,0,0,0,0,0,0,0,0,0,0,0,0,0,0,0,0,1,0,0,0,0,0,0,0,0,0,0,0,0,0,0,0,0,0,0,0,0,0,0
Changed to original form:
0,1,1,0,0,0,0,0,0,0,0,0,0,0,1,0,0,0,0,0,0,0,0,0,6.459772271652225E-15,0.9999999999999936,3.388903590082221E-18,1,0,0,0,0,0,0,0,0,0,0,0,0,0,0,0,0,0,0,0,0,1,0,0.9999999999999896,1.0457590139177646E-14,1,0,0,0,0,0,0,0,0,0,0,0,0,0,0,0,0,0,0,0,1,0,5.86648662829024E-13,0.9999999999994134,0,0,0,0,0,0,0,0,0,0,1,0,0,0,0,0,0,0,0,0,1,0,0,1,0,0,0,0,0,0,0,0,0,0,0,0,0.16104837522488938,0,0,0,0,0,0.8389516247751105,0,1,0,0,1,0,0,0,0,0,0,0,0,0,0,0,0,0,0.08482398807554262,0,0,0,0,0,0.9151760119244574,1,0,0,1,0,0,0,0,0,0,0,0,0,0,0,0,0,0,0,0,0,0,0,1,1,0,0,1,0,0,0,0,0,0,0,0,0,0,0,0,0,0,0,0,0,0,0,1,1,0,0,1,0,0,0,0,0,0,0,0,0,0,0,0,0,0,0,0,0,0,0,1,1,0,0,1,0,0,0,0,0,0,0,0,0,0,0,0,0,0,0.030086771161787332,0,0,0.45127058372666284,0,0.5186426451115498,1,0,0,1,0,0,0,0,0,0,0,0,0,0,1,0,0,0,0,0,0,0,0,0,1,0,0,1,0,0,0,0,0,0,0,0,0,0,1,0,0,0,0,0,0,0,0,0,1,0,0,1,0,0,0,0,0,0,0,0,0,0,1,0,0,0,0,0,0,0,0,0,1,0,0,1,0,0,0,0,0,0,0,0,0,0,1,0,0,0,0,0,0,0,0,0,1,0,0,1,0,0,0,0,0,0,0,0,0,0,1,0,0,0,0,0,0,0,0,0,1,0,0,1,0,0,0,0,0,0,0,0,0,0,1,0,0,0,0,0,0,0,0,0,0,1,0.9556809587275327,0.04431904127246721,0.7959592526605562,0,0.0026098278231246747,0.06765282823076983,0,0,0,0,0,0.1337780912855492,0,0,0,0,0,0,0,0,0,0,0,1,0.9999999999999997,3.6723669106128375E-16,0,0,0,0,0,0,0,0,0,1,0,0,0,0,0,0,0,0,0,0,0,1,0,0,0,0,0,0,0,0,0,0,0,0,0,0,0,0,0,0,0,0,0,0,0,1,0,0,0,0,0,0,0,0,0,0,0,0,0,0,0,0,0,0,0,0,0,0
Changed to original form:
3.3194394937240236E-15,0.9999999999999967,0,1,0,0,0,0,0,0,0,0,0,0,0,0,0,0,0,0,0,0,0,0,0.5514069997478347,0.44859300025216525,0,1,0,0,0,0,0,0,0,0,0,0,1,0,0,0,0,0,0,0,0,0,1,0,1,0,0,0,0,0,0,1,0,0,0,0,1,0,0,0,0,0,0,0,0,0,1,0,1,0,0,0,0,0,0.5877381537448945,0.4122618462551054,0,0,0,0,1,0,0,0,0,0,0,0,0,0,1,0,0,1,0,0,0,0,0,0,0,0,0,0,0,0,0,0,0,0.9636016384517071,0,0,0.036398361548292936,0,1,0,0,1,0,0,0,0,0,0,0,0,0,0,0,0,0,0,0,0,0,0,0,1,1,0,0,1,0,0,0,0,0,0,0,0,0,0,0,0,0,0,0,0,0,0,0,1,1,0,0,1,0,0,0,0,0,0,0,0,0,0,0,0,0,0,0,0,0,0,0,1,1,0,0,1,0,0,0,0,0,0,0,0,0,0,0,0,0,0,0,0,0,0,0,1,1,0,0,1,0,0,0,0,0,0,0,0,0,0,0,0,0,0,0,0,0,0,0,1,1,0,0,1,0,0,0,0,0,0,0,0,0,0,1,0,0,0,0,0,0,0,0,0,1,0,0,1,0,0,0,0,0,0,0,0,0,0,0,0.3127047106426205,0,0,0,0.6872952893573796,0,0,0,0,1,0,0,1,0,0,0,0,0,0,0,0,0,0,1,0,0,0,0,0,0,0,0,0,1,0,0,1,0,0,0,0,0,0,0,0,0,0,0,1,0,0,0,0,0,0,0,0,1,0,0,1,0,0,0,0,0,0,0,0,0,0,0.8460220904317542,0,0,0,0.15397790956824575,0,0,0,0,0,1,0,0.35173071630155595,0.648269283698444,0,0,0,0,0,0,1,0,0,0,1,0,0,0,0,0,0,0,0,0,0.8224954284730319,0.17750457152696808,1,0,0.14561487389285022,0,0,0,0,0,0,0.8543851261071497,0,0,0,0,0,0,0,0,0,0,0,1,0,1,0,0,0,0,0,0,0,1,0,0,0,0,0,0,0,0,0,0,0,0,0,0,3.144195541912419E-16,0.9999999999999998,0,0,0,0,0,0,0,0,0,0,0,1,0,0,0,0,0,0,0,0,0,0,0,1,0,0,0,0,0,0,0,0,0,0,0,0,0,0,0,0,0,0,0,0,0,0
Changed to original form:
0,1,0,1,0,0,0,0,0,0,0,0,0,0,0,0,0,0,0,0,0,0,0,0,4.258395039889561E-15,0.9999999999999958,0,1,0,0,0,0,0,0,0,0,0,0,0,0,0,0,0,0,0,0,0,0,1,0,1.3447412940732204E-15,0.9999999999999987,0,0,0,0,0,0,0,0,0,0,1,0,0,0,0,0,0,0,0,0,1,0,0.999999999999998,2.052865733154436E-15,1,0,0,0,0,0,0,0,0,0,0,0,0,0,0,0,0,0,0,0,1,0,0,1,0,0,0,0,0,0,0,0,0,0,0,0,0,0,0,0,0,0,0,1,1,0,0,1,0,0,0,0,0,0,0,0,0,0,0,0,0,0,0,0,0,0,0.6631246341423522,0.3368753658576479,1,0,0,1,0,0,0,0,0,0,0,0,0,0,0,0.09106761481342487,0,0,0,0,0,0,0,0.9089323851865752,1,0,0,1,0,0,0,0,0,0,0,0,0,0,0,0,0,0,0,0,0,0,0,1,1,0,0,1,0,0,0,0,0,0,0,0,0,0,0,0,0,0,0.25250455318224874,0,0.413304494516377,0,0,0.3341909523013743,1,0,0,1,0,0,0,0,0,0,0,0,0,0,0,0,0.15966837073374188,0,0,0,0,0,0,0.840331629266258,1,0,0,1,0,0,0,0,0,0,0,0,0,0,1,0,0,0,0,0,0,0,0,0,1,0,0,1,0,0,0,0,0,0,0,0,0,0,1,0,0,0,0,0,0,0,0,0,1,0,0,1,0,0,0,0,0,0,0,0,0,0,1,0,0,0,0,0,0,0,0,0,1,0,0,1,0,0,0,0,0,0,0,0,0,0,1,0,0,0,0,0,0,0,0,0,1,0,0,1,0,0,0,0,0,0,0,0,0,0,1,0,0,0,0,0,0,0,0,0,1,0,0,1,0,0,0,0,0,0,0,0,0,0,0.999999999999967,3.158297195835297E-14,1.4123928464913951E-15,0,0,0,0,0,0,0,3.665860585443547E-15,0.9999999999999963,0.18157760770829187,0.8184223922917081,0,0,0,0,0.8841526649160806,0,0.0296485113345312,0,0,0.08619882374938823,0,0,0,0,0,0,0,0,0,0,0,1,0,0,0,0,0,0,0,0,0,0,0,0,0,0,0,0,0,0,0,0,0,0,4.8388459526781586E-32,1,0,0,0,0,0,0,0,0,0,0,0,1,0,0,0,0,0,0,0,0,0,0,0,1,0.03273014454147889,0.9672698554585212,0,0,0,0,0,0,0,0,0,0,0,0,0,0,0,0,0,0,0,1
Changed to original form:
2.3234929758458043E-14,0.9999999999999768,0,0,1,0,0,0,0,0,0,0,0,0,0,0,0,0,0,0,0,0,0,0,6.977106149633574E-15,0.999999999999993,1,0,0,0,0,0,0,0,0,0,0,0,0,0,0,0,0,0,0,0,0,0,1,0,5.703047690482372E-14,0.999999999999943,0,0,0,0,0,0,0,0,0,0,1,0,0,0,0,0,0,0,0,0,1,0,0,1,1,0,0,0,0,0,0,0,0,0,1,0,0,0,0,0,0,0,0,0,1,0,0,1,0,0,0,0,0,0,0,0,0,0,0,0,0,0,0,0,0,0,0,1,1,0,0,1,0,0,0,0,0,0,0,0,0,0,0,0,0,0.12718032051440775,0,0,0,0,0,0.8728196794855922,1,0,0,1,0,0,0,0,0,0,0,0,0,0,0,0,0,0,0,0,0.5059854046833131,0,0.49401459531668696,0,1,0,0,1,0,0,0,0,0,0,0,0,0,0,0,0,0.11316977743512163,0,0,0,0,0,0,0.8868302225648783,1,0,0,1,0,0,0,0,0,0,0,0,0,0,0,0.0950531850085943,0,0,0,0,0,0,0,0.9049468149914057,1,0,0,1,0,0,0,0,0,0,0,0,0,0,0,0,0,0,0,0,0,0,0.24837156422568288,0.7516284357743171,1,0,0,1,0,0,0,0,0,0,0,0,0,0,1,0,0,0,0,0,0,0,0,0,1,0,0,1,0,0,0,0,0,0,0,0,0,0,1,0,0,0,0,0,0,0,0,0,1,0,0,1,0,0,0,0,0,0,0,0,0,0,1,0,0,0,0,0,0,0,0,0,1,0,0,1,0,0,0,0,0,0,0,0,0,0,1,0,0,0,0,0,0,0,0,0,1,0,0,1,0,0,0,0,0,0,0,0,0,0,1,0,0,0,0,0,0,0,0,0,1,0,0,1,0,0,0,0,0,0,0,0,0,0,0.9999999999998334,0,1.6661243693715088E-13,0,0,0,0,0,0,0,4.732807983447388E-14,0.9999999999999527,0.931562773147236,0.06843722685276397,0,0,0,0.7572403107858506,0,0,0.2427596892141494,0,0,0,0,0,0,0,0,0,0,0,0,1,2.916575140736774E-14,0.9999999999999708,1,0,0,0,0,0,0,0,0,0,0,0,0,0,0,0,0,0,0,0,0,0,2.974362069263273E-14,0.9999999999999702,1,0,0,0,0,0,0,0,0,0,0,0,0,0,0,0,0,0,0,0,0,0,0,1,0,0,0,0,0,0,0,0,0,0,0,0,0,0,0,0,0,0,0,0,0,0
Changed to original form:
2.8453278560246836E-14,0.9999999999999716,0,1,1,0,0,0,0,0,0,0,0,0,0,0,0,0,0,0,0,0,0,0,5.472652115955469E-15,0.9999999999999946,0,0,1,0,0,0,0,0,0,0,0,0,0,0,0,0,0,0,0,0,0,0,1,0,0.9999999999999762,2.3711489469497044E-14,1,0,0,0,0,0,0,0,0,0,1,0,0,0,0,0,0,0,0,0,1,0,1,0,1,0,0,0,0,0,0,0,0,0,1,0,0,0,0,0,0,0,0,0,1,0,0,1,0,0,0,0,0,0,0,0,0,0,0,0,0,0,0.14917972302825974,0,0,0,0.8508202769717402,0,1,0,0,1,0,0,0,0,0,0,0,0,0,0,0,0,0.1339854979753959,0,0,0,0,0,0,0.8660145020246042,1,0,0,1,0,0,0,0,0,0,0,0,0,0,0,0,0,0,0,0,0,0,0,1,1,0,0,1,0,0,0,0,0,0,0,0,0,0,0,0.08983862306050294,0,0,0,0,0,0,0,0.910161376939497,1,0,0,1,0,0,0,0,0,0,0,0,0,0,0,0,0,0,0,0.14864611773297765,0.10851621664531298,0,0,0.7428376656217093,1,0,0,1,0,0,0,0,0,0,0,0,0,0,0,0,0,0.14520510550618432,0,0,0,0,0,0.8547948944938156,1,0,0,1,0,0,0,0,0,0,0,0,0,0,1,0,0,0,0,0,0,0,0,0,1,0,0,1,0,0,0,0,0,0,0,0,0,0,1,0,0,0,0,0,0,0,0,0,1,0,0,1,0,0,0,0,0,0,0,0,0,0,1,0,0,0,0,0,0,0,0,0,1,0,0,1,0,0,0,0,0,0,0,0,0,0,1,0,0,0,0,0,0,0,0,0,1,0,0,1,0,0,0,0,0,0,0,0,0,0,1,0,0,0,0,0,0,0,0,0,1,0,0,1,0,0,0,0,0,0,0,0,0,0,0.9999999999997825,1.6103758267485413E-13,5.6446579467250505E-14,0,0,0,0,0,0,0,6.072158079366818E-14,0.9999999999999393,1,0,0,0,0,0.4586958585810185,0.5413041414189814,0,0,0,0,0,0,0,0,0,0,0,0,0,0,1,9.062619869957333E-15,0.999999999999991,0,0,0,0,0,0,0,0,0,0,0,1,0,0,0,0,0,0,0,0,0,0,0,1,0,0,0,0,0,0,0,0,0,0,0,1,0,0,0,0,0,0,0,0,0,0,0,1,0,0,0,0,0,0,0,0,0,0,0,0,0,0,0,0,0,0,0,0,0,0
Changed to original form:
3.814712155032407E-15,0.9999999999999962,0,1,1,0,0,0,0,0,0,0,0,0,0,0,0,0,0,0,0,0,0,0,4.4379821944735734E-16,0.9999999999999996,0,1,1,0,0,0,0,0,0,0,0,0,0,0,0,0,0,0,0,0,0,0,1,0,4.984066908534102E-17,1,0,0,0,0,0,0,0,0,0,0,1,0,0,0,0,0,0,0,0,0,1,0,1,0,1,0,0,0,0,0,0,0,0,0,1,0,0,0,0,0,0,0,0,0,1,0,0,1,0,0,0,0,0,0,0,0,0,0,0,0.14817403517643807,0,0,0,0,0,0,0,0.851825964823562,1,0,0,1,0,0,0,0,0,0,0,0,0,0,0,0,0,0,0,0,0,0,0,1,1,0,0,1,0,0,0,0,0,0,0,0,0,0,0,0,0,0,0,0,0,0,0,1,1,0,0,1,0,0,0,0,0,0,0,0,0,0,0,0,0.06463697998494865,0,0,0,0,0,0,0.9353630200150512,1,0,0,1,0,0,0,0,0,0,0,0,0,0,0,0,0,0.0892032567197828,0,0,0,0,0,0.9107967432802172,1,0,0,1,0,0,0,0,0,0,0,0,0,0,0,0,0,0,0,0,0,0,0,1,1,0,0,1,0,0,0,0,0,0,0,0,0,0,1,0,0,0,0,0,0,0,0,0,1,0,0,1,0,0,0,0,0,0,0,0,0,0,1,0,0,0,0,0,0,0,0,0,1,0,0,1,0,0,0,0,0,0,0,0,0,0,1,0,0,0,0,0,0,0,0,0,1,0,0,1,0,0,0,0,0,0,0,0,0,0,1,0,0,0,0,0,0,0,0,0,1,0,0,1,0,0,0,0,0,0,0,0,0,0,1,0,0,0,0,0,0,0,0,0,1,0,0,1,0,0,0,0,0,0,0,0,0,0,0.9999999999999113,8.860689151338655E-14,0,0,0,0,0,0,0,0,0,1,1,0,0,0.3132119963481571,0.3620698670508225,0.32471813660102045,0,0,0,0,0,0,0,0,0,0,0,0,0,0,0,1,0,1,1,0,0,0,0,0,0,0,0,0,0,1,0,0,0,0,0,0,0,0,0,0,0,1,0,0,0,0,0,0,0,0,0,0,0,0,0,0,0,0,0,0,0,0,0,0,0,1,0,0,0,0,0,0,0,0,0,0,0,0,0,0,0,0,0,0,0,0,0,0
Changed to original form:
0,1,1.6844991040802147E-17,1,0,0,0,0,0,0,0,0,0,0,1,0,0,0,0,0,0,0,0,0,0,1,0.10618750254380273,0.8938124974561972,0,0,0,0,0,0,0,0,0,0,1,0,0,0,0,0,0,0,0,0,1,0,0,1,1,0,0,0,0,0,0,0,0,0,1,0,0,0,0,0,0,0,0,0,1,0,0.999999999999952,4.7931396322775186E-14,1,0,0,0,0,0,0,0,0,0,1,0,0,0,0,0,0,0,0,0,1,0,0,1,0,0,0,0,0,0,0,0,0,0,0,0,0,0,0,0.45844420695107146,0,0,0,0.5415557930489285,1,0,0,1,0,0,0,0,0,0,0,0,0,0,0,0,0,0,0,0,0,0,0,1,1,0,0,1,0,0,0,0,0,0,0,0,0,0,0,0,0.0352439805509903,0,0,0,0,0.255281872261516,0,0.7094741471874937,1,0,0,1,0,0,0,0,0,0,0,0,0,0,0,0,0.07451533941226221,0,0,0,0,0,0,0.9254846605877377,1,0,0,1,0,0,0,0,0,0,0,0,0,0,0,0,0.011293840977505245,0,0,0,0,0,0,0.9887061590224948,1,0,0,1,0,0,0,0,0,0,0,0,0,0,0,0,0,0,0,0,0,0,0,1,1,0,0,1,0,0,0,0,0,0,0,0,0,0,1,0,0,0,0,0,0,0,0,0,1,0,0,1,0,0,0,0,0,0,0,0,0,0,1,0,0,0,0,0,0,0,0,0,1,0,0,1,0,0,0,0,0,0,0,0,0,0,1,0,0,0,0,0,0,0,0,0,1,0,0,1,0,0,0,0,0,0,0,0,0,0,1,0,0,0,0,0,0,0,0,0,1,0,0,1,0,0,0,0,0,0,0,0,0,0,1,0,0,0,0,0,0,0,0,0,1,0,0,1,0,0,0,0,0,0,0,0,0,0,1,0,0,0,0,0,0,0,0,0,7.47218269176757E-15,0.9999999999999926,0,0,0,0,0.6842563820996678,0,0,0.26245400572160754,0,0,0,0.05328961217872482,0,0,0,0,0,0,0,0,0,1,2.3153055360836272E-15,0.9999999999999977,1,0,0,0,0,0,0,0,0,0,0,0,0,0,0,0,0,0,0,0,0,0,2.2747065677171027E-33,1,1,0,0,0,0,0,0,0,0,0,0,0,0,0,0,0,0,0,0,0,0,0,0,1,0,0,0,0,0,0,0,0,0,0,0,0,0,0,0,0,0,0,0,0,0,0
Changed to original form:
3.826806008562534E-15,0.9999999999999961,0,1,0,0,0,0,0,0,0,0,0,0,0,0,0,0,0,0,0,0,0,0,1.0798437067580151E-14,0.9999999999999892,0,0,1,0,0,0,0,0,0,0,0,0,1,0,0,0,0,0,0,0,0,0,1,0,0,1,1,0,0,0,0,0,0,0,0,0,1,0,0,0,0,0,0,0,0,0,1,0,0.9999999999999993,5.97871305080745E-16,1,0,0,0,0,0,0,0,0,0,0,0,0,0,0,0,0,0,0,0,1,0,0,1,0,0,0,0,0,0,0,0,0,0,0,0,0,0,0,0.28842520017473394,0,0,0,0.7115747998252661,1,0,0,1,0,0,0,0,0,0,0,0,0,0,0,0,0,0,0,0,0,0,0,1,1,0,0,1,0,0,0,0,0,0,0,0,0,0,0,0,0,0,0,0,0,0,0,1,1,0,0,1,0,0,0,0,0,0,0,0,0,0,0,0,0,0,0,0,0,0,0,1,1,0,0,1,0,0,0,0,0,0,0,0,0,0,0,0,0,0.372884858605719,0,0,0,0,0,0.627115141394281,1,0,0,1,0,0,0,0,0,0,0,0,0,0,0,0,0,0,0,0,0,0,0,1,1,0,0,1,0,0,0,0,0,0,0,0,0,0,1,0,0,0,0,0,0,0,0,0,1,0,0,1,0,0,0,0,0,0,0,0,0,0,1,0,0,0,0,0,0,0,0,0,1,0,0,1,0,0,0,0,0,0,0,0,0,0,1,0,0,0,0,0,0,0,0,0,1,0,0,1,0,0,0,0,0,0,0,0,0,0,1,0,0,0,0,0,0,0,0,0,1,0,0,1,0,0,0,0,0,0,0,0,0,0,1,0,0,0,0,0,0,0,0,0,1,0,0,1,0,0,0,0,0,0,0,0,0,0,1,0,0,0,0,0,0,0,0,0,6.980905801637045E-14,0.9999999999999302,0.28382338818457653,0.7161766118154234,0,0,0,1,0,0,0,0,0,0,0,0,0,0,0,0,0,0,0,0,0,1,1,0,0,0,0,0.18977208480369614,0,0,0,0,0,0.8102279151963038,0,0,0,0,0,0,0,0,0,1,4.476767726724131E-48,1,0,1,0,0,0,0,0,0,0,0,0,1,0,0,0,0,0,0,0,0,0,0,3.9572227138363E-16,0.9999999999999996,1,0,0,0,0,0,0,0,0,0,0,0,0,0,0,0,0,0,0,0,0,0
Changed to original form:
6.046505708135359E-15,0.999999999999994,0,0,0,0,0,0,0,0,0,0,0,0,1,0,0,0,0,0,0,0,0,0,0,1,1,0,0,0,0,0,0,0,0,0,0,0,0,0,0,0,0,0,0,0,0,0,3.35578847000034E-13,0.9999999999996645,0,0,1,0,0,0,0,0,0,0,0,0,1,0,0,0,0,0,0,0,0,0,1,0,1.0597063801567438E-15,0.9999999999999989,0,0,0,0,0,0,0,0,0,0,1,0,0,0,0,0,0,0,0,0,1,0,0.9999999999984894,1.5105930779580581E-12,0,0,0,0,0,0,0,0,1,0,0,0,0,0,0,0,0,0,0,0,1,0,0,1,0,0,0,0,0,0,0,0,0,0,0,0,0,0,0,0,0,0,0,1,1,0,0,1,0,0,0,0,0,0,0,0,0,0,0,0,0,0,0,0,0,0,0.4242262115029143,0.5757737884970856,1,0,0,1,0,0,0,0,0,0,0,0,0,0,0,0.0510195763192628,0,0,0,0,0,0.17923982580078066,0.7697405978799566,0,1,0,0,1,0,0,0,0,0,0,0,0,0,0,0,0,0,0,0.06378989781876558,0,0,0,0.9362101021812345,0,1,0,0.010178087169045131,0.9898219128309548,0,0,0,0,1,0,0,0,0,0,0,0,0,0.08915321242039757,0,0,0.2896365848786817,0,0,0.6212102027009208,1,0,0,1,0,0,0,0,0,0,0,0,0,0,1,0,0,0,0,0,0,0,0,0,1,0,0,1,0,0,0,0,0,0,0,0,0,0,1,0,0,0,0,0,0,0,0,0,1,0,0,1,0,0,0,0,0,0,0,0,0,0,1,0,0,0,0,0,0,0,0,0,1,0,0,1,0,0,0,0,0,0,0,0,0,0,1,0,0,0,0,0,0,0,0,0,1,0,0,1,0,0,0,0,0,0,0,0,0,0,1,0,0,0,0,0,0,0,0,0,1,0,0,1,0,0,0,0,0,0,0,0,0,0,0.9999999999990915,9.084525192463249E-13,0,0,0,0,0,0,0,0,0.2755249380754626,0.7244750619245375,0.9999999999999822,1.772440085054418E-14,0.9999999999985687,0,0,4.77467489353419E-13,4.006246586899899E-13,0,3.29347573890137E-13,2.0655760391757813E-13,1.7236449318374482E-14,0,0,0,0,0,0,0,0,0,0,0,0,1,1,0,0,0,0,0,0,0,0,0,1,0,0,0,0,0,0,0,0,0,0,1,0,1,0,0,0,0,0,0,0,0,0,0,1,0,0,0,0,0,0,0,0,0,0,1,0,1,0,0,0,0,0,0,0,0,0,0,0,0,0,0,0,0,0,0,0,0,0,0
Changed to original form:
0,1,0,0,0,0,0,0,0,0,0,0,0,0,1,0,0,0,0,0,0,0,0,0,0,1,0.6610369627366456,0.33896303726335436,0,0,0,0,0,0,0,0,0,0,0,0,0,0,0,0,0,0,0,0,1,0,3.921175231685366E-14,0.9999999999999608,0,0,0,0,0,0,0,0,0,0,1,0,0,0,0,0,0,0,0,0,1,0,1,0,1,0,0,0,0,0,0,0,0,0,1,0,0,0,0,0,0,0,0,0,1,0,0,1,0,0,0,0,0,0,0,0,0,0,0,0,0,0,0,0,0,0.19427484842967133,0.8057251515703286,0,1,0,0,1,0,0,0,0,0,0,0,0,0,0,0,0,0,0,0,0,0,0,0.010547494910086747,0.9894525050899132,1,0,0,1,0,0,0,0,0,0,0,0,0,0,0,0,0,0,0,0,0,0,0,1,1,0,0,1,0,0,0,0,0,0,0,0,0,0,0,0,0,0,0,0,0,1,0,0,1,0,0,1,0,0,0,0,0,0,0,0,0,0,0,0,0,0,0,0,0,0,0,1,1,0,0,1,0,0,0,0,0,0,0,0,0,0,0,0,0.3000622085045672,0,0,0,0,0,0,0.6999377914954329,1,0,0,1,0,0,0,0,0,0,0,0,0,0,1,0,0,0,0,0,0,0,0,0,1,0,0,1,0,0,0,0,0,0,0,0,0,0,1,0,0,0,0,0,0,0,0,0,1,0,0,1,0,0,0,0,0,0,0,0,0,0,1,0,0,0,0,0,0,0,0,0,1,0,0,1,0,0,0,0,0,0,0,0,0,0,1,0,0,0,0,0,0,0,0,0,1,0,0,1,0,0,0,0,0,0,0,0,0,0,1,0,0,0,0,0,0,0,0,0,1,0,0,1,0,0,0,0,0,0,0,0,0,0,0.9999999999434567,0,5.654333295794127E-11,0,0,0,0,0,0,0,1.1702371534182698E-12,0.9999999999988298,0.03725973017399229,0.9627402698260077,0,0,0,0,0,0,0,1,0,0,0,0,0,0,0,0,0,0,0,1,5.291296676977055E-15,0.9999999999999947,1,0,0,0,0,0,0,0,0,0,0,0,0,0,0,0,0,0,0,0,0,0,1.3887092170258068E-16,0.9999999999999999,0,1,0,0,0,0,0,0,0,0,0,1,0,0,0,0,0,0,0,0,0,0,0,1,0.9999999999999483,5.163338120897371E-14,0,0,0,0,0,0,0,0,0,1,0,0,0,0,0,0,0,0,0,0
Changed to original form:
0,1,0,1,0,0,0,0,0,0,0,0,0,0,1,0,0,0,0,0,0,0,0,0,4.796734563277369E-14,0.999999999999952,0,0,0,0,0,0,0,0,0,0,0,0,1,0,0,0,0,0,0,0,0,0,1,0,0,1,1,0,0,0,0,0,0,0,0,0,1,0,0,0,0,0,0,0,0,0,1,0,0.9999999999992197,7.802830218188126E-13,1,0,0,0,0,0,0,0,0,0,0,0,0,0,0,0,0,0,0,0,1,0,0,1,0,0,0,0,0,0,0,0,0,0,0,0,0,0.46521526568197913,0,0,0,0,0.5347847343180209,0,1,0,0,1,0,0,0,0,0,0,0,0,0,0,0,0,0,0,0.036066695894926094,0,0,0,0,0.9639333041050738,1,0,0,1,0,0,0,0,0,0,0,0,0,0,0,0,0,0,0,0,0,0,0,1,1,0,0,1,0,0,0,0,0,0,0,0,0,0,0,0,0,0,0,0,0,0,0,1,1,0,0,1,0,0,0,0,0,0,0,0,0,0,0,0,0,0,0,0,0,1,0,0,1,0,0,1,0,0,0,0,0,0,0,0,0,0,0,0,0,0,0,0,0,0,0,1,1,0,0,1,0,0,0,0,0,0,0,0,0,0,1,0,0,0,0,0,0,0,0,0,1,0,0,1,0,0,0,0,0,0,0,0,0,0,1,0,0,0,0,0,0,0,0,0,1,0,0,1,0,0,0,0,0,0,0,0,0,0,1,0,0,0,0,0,0,0,0,0,1,0,0,1,0,0,0,0,0,0,0,0,0,0,1,0,0,0,0,0,0,0,0,0,1,0,0,1,0,0,0,0,0,0,0,0,0,0,1,0,0,0,0,0,0,0,0,0,1,0,0,1,0,0,0,0,0,0,0,0,0,0,1,0,0,0,0,0,0,0,0,0,2.449805402652241E-12,0.9999999999975502,0.025661590860031412,0.9743384091399686,0,0,0,1,0,0,0,0,0,0,0,0,0,0,0,0,0,0,0,1,0,1,1,0,0,0,0,0,0,0,0,0,0,1,0,0,0,0,0,0,0,0,0,0,8.866097719339815E-16,0.9999999999999991,0,0,0,0,0,0,0,0,0,0,0,0,0,0,0,0,0,0,0,0,0,0,0,1,0,1,0,0,0,0,0,0,0,0,0,0,0,0,0,0,0,0,0,0,0,1
Changed to original form:
0,1,0,0,0,0,0,0,0,0,0,0,0,0,1,0,0,0,0,0,0,0,0,0,1.6634957604360783E-14,0.9999999999999833,1,0,0,0,0,0,0,0,0,0,0,0,1,0,0,0,0,0,0,0,0,0,1,0,1,0,1,0,0,0,0,0,0,0,0,0,1,0,0,0,0,0,0,0,0,0,1,0,2.054727252899462E-15,0.9999999999999979,0,0,0,0,0,0,0,0,0,0,1,0,0,0,0,0,0,0,0,0,1,0,0,1,0,0,0,0,0,0,0,0,0,0,0,0,0,0,0,0,0,0,0,1,1,0,0,1,0,0,0,0,0,0,0,0,0,0,0,0,0,0,0,0,0,0,0.10886886381928217,0.8911311361807178,1,0,0,1,0,0,0,0,0,0,0,0,0,0,0,0,0,0,0,0,0,0,0,1,1,0,0,1,0,0,0,0,0,0,0,0,0,0,0,0,0,0,0,0,0,0,0,1,1,0,0,1,0,0,0,0,0,0,0,0,0,0,0,0,0,0.12126474035386853,0,0,0.4279112367235729,0,0,0.4508240229225587,1,0,0,1,0,0,0,0,0,0,0,0,0,0,0,0,0.300062208503512,0,0,0,0,0.6999377914964879,0,0,1,0,0,1,0,0,0,0,0,0,0,0,0,0,1,0,0,0,0,0,0,0,0,0,1,0,0,1,0,0,0,0,0,0,0,0,0,0,1,0,0,0,0,0,0,0,0,0,1,0,0,1,0,0,0,0,0,0,0,0,0,0,1,0,0,0,0,0,0,0,0,0,1,0,0,1,0,0,0,0,0,0,0,0,0,0,1,0,0,0,0,0,0,0,0,0,1,0,0,1,0,0,0,0,0,0,0,0,0,0,1,0,0,0,0,0,0,0,0,0,1,0,0,1,0,0,0,0,0,0,0,0,0,0,0.9999999999999938,0,6.249414760512625E-15,0,0,0,0,0,0,0,1.0082055354774243E-14,0.9999999999999899,0.39294964467992705,0.6070503553200729,0,0,0,0.8345220627534662,0,0,0,0.16547793724653373,0,0,0,0,0,0,0,0,0,0,0,1,1.600540832563383E-14,0.999999999999984,1,0,0,0,0,0,0,0,0,0,0,0,0,0,0,0,0,0,0,0,0,0,1.7258280947470674E-16,0.9999999999999998,0,0,0,0,0,0,0,0,0,1,0,0,0,0,0,0,0,0,0,0,0,0,3.7414869892385283E-16,0.9999999999999996,1,0,0,0,0,0,0,0,0,0,0,0,0,0,0,0,0,0,0,0,0,0
Changed to original form:
6.145694608632327E-16,0.9999999999999993,0,1,1,0,0,0,0,0,0,0,0,0,0,0,0,0,0,0,0,0,0,0,2.4639948973030636E-15,0.9999999999999974,1,0,0,0,0,0,0,0,0,0,0,0,1,0,0,0,0,0,0,0,0,0,1,0,0,1,1,0,0,0,0,0,0,0,0,0,1,0,0,0,0,0,0,0,0,0,1,0,0.41529339053395814,0.5847066094660418,0,0,0,0,0,0,0,0,0,0,1,0,0,0,0,0,0,0,0,0,1,0,0,1,0,0,0,0,0,0,0,0,0,0,0,0,0,0,0,0,0,0,0,1,1,0,0,1,0,0,0,0,0,0,0,0,0,0,0,0,0,0,0,0,0,0,0,1,1,0,0,1,0,0,0,0,0,0,0,0,0,0,0,0,0,0,0,0,0,0,0,1,1,0,0,1,0,0,0,0,0,0,0,0,0,0,0,0,0,0,0,0,0,0,0,1,1,0,0,1,0,0,0,0,0,0,0,0,0,0,0,0,0,0,0,0,0,0,0.12447111402031706,0.8755288859796829,1,0,0,1,0,0,0,0,0,0,0,0,0,0,0,0,0,0,0,0,0.9879061431671656,0,0.012093856832834324,0,1,0,0,1,0,0,0,0,0,0,0,0,0,0,1,0,0,0,0,0,0,0,0,0,1,0,0,1,0,0,0,0,0,0,0,0,0,0,1,0,0,0,0,0,0,0,0,0,1,0,0,1,0,0,0,0,0,0,0,0,0,0,1,0,0,0,0,0,0,0,0,0,1,0,0,1,0,0,0,0,0,0,0,0,0,0,1,0,0,0,0,0,0,0,0,0,1,0,0,1,0,0,0,0,0,0,0,0,0,0,1,0,0,0,0,0,0,0,0,0,1,0,0,1,0,0,0,0,0,0,0,0,0,0,1,0,0,0,0,0,0,0,0,0,0,1,1,0,0.19468483235498393,0,0,0,0,0,0.2776546582367968,0,0,0.5276605094082193,0,0,0,0,0,0,0,0,0,1,1.2430919930494468E-15,0.9999999999999988,1,0,0,0,0,0,0,0,0,0,0,0,0,0,0,0,0,0,0,0,0,0,2.247683669239332E-16,0.9999999999999998,0,0,0,0,0,0,0,0,0,0,0,0,0,0,0,0,0,0,0,0,0,0,0,1,0,0,0,0,0,0,0,0,0,0,0,0,0,0,0,0,0,0,0,0,0,0
Changed to original form:
0.01482560377548795,0.985174396224512,1,0,0,0,0,0,0,0,0,0,0,0,1,0,0,0,0,0,0,0,0,0,0.01977165455569206,0.9802283454443079,1,0,0,0,0,0,0,0,0,0,0,0,0,0,0,0,0,0,0,0,0,0,1,0,1,0,0,0,0,0,0,0,0,0,0,0,1,0,0,0,0,0,0,0,0,0,1,0,0.9417215662485997,0.05827843375140035,0,0.25295764865145004,0,0,0,0.7470423513485499,0,0,0,0,0,0,0,0,0,0,0,0,0,0,1,0,0,1,0,0,0,0,0,0,0,0,0,0,0,0.03051504811386516,0,0,0,0.9694849518861348,0,0,0,0,1,0,0,1,0,0,0,0,0,0,0,0,0,0,0,0,0,0,0,0.3279349655815583,0,0,0.6720650344184417,0,1,0,0,1,0,0,0,0,0,0,0,0,0,0,0,0,0,0,0,0,0,0,0,1,1,0,0,1,0,0,0,0,0,0,0,0,0,0,0,0,0,0,0,0,0,0,0,1,1,0,0,1,0,0,0,0,0,0,0,0,0,0,0,0,0,0,0,0,0,0,0,1,1,0,0,1,0,0,0,0,0,0,0,0,0,0,0,0,0,0,0,0,0,0,0,1,1,0,6.291057692252432E-16,0.9999999999999993,0,0,0,0,0,0,1,0,0,0,1,0,0,0,0,0,0,0,0,0,1,0,0,1,0,0,0,0,0,0,0,0,0,0,0,1,0,0,0,0,0,0,0,0,1,0,0,1,0,0,0,0,0,0,0,0,0,0,0.3139089632457582,0,0,0,0,0.6860910367542418,0,0,0,0,1,0,0,1,0,0,0,0,0,0,0,0,0,0,1,0,0,0,0,0,0,0,0,0,1,0,0,1,0,0,0,0,0,0,0,0,0,0,0.7030961321218627,0,0.29690386787813733,0,0,0,0,0,0,0,1,0,0.01382889825544746,0.9861711017445526,0,1,0,0,0,0,0,0,0,0,1,0,0,0,0,0,0,0,0,0,0.7266886472237892,0.2733113527762107,0.9751124404686319,0.024887559531368182,0.36507941618680123,0,0,0,0,0.6349205838131988,0,0,0,0,0,0,0,0,0,0,0,0,0,0,0.0013158776454409726,0.9986841223545591,1,0,0,0,0,0,0,0,0,0,0,0,0,0,0,0,0,0,0,0,0,1,6.396018851966701E-15,0.9999999999999937,0,0,0,0,0,0,0,0,0,0,0,1,0,0,0,0,0,0,0,0,0,0,2.6810441712039284E-16,0.9999999999999998,1,0,0,0,0,0,0,0,0,0,0,0,0,0,0,0,0,0,0,0,0,0
Changed to original form:
0,1,0,1,1,0,0,0,0,0,0,0,0,0,0,0,0,0,0,0,0,0,0,0,1.8697314306041545E-15,0.9999999999999981,0,0,1,0,0,0,0,0,0,0,0,0,1,0,0,0,0,0,0,0,0,0,1,0,0,1,1,0,0,0,0,0,0,0,0,0,1,0,0,0,0,0,0,0,0,0,1,0,2.1726267376943223E-14,0.9999999999999782,0,0,0,0,0,0,0,0,0,0,1,0,0,0,0,0,0,0,0,0,1,0,0,1,0,0,0,0,0,0,0,0,0,0,0,0,0,0,0,0,0,0,0,1,1,0,0,1,0,0,0,0,0,0,0,0,0,0,0,0,0,0,0,0,0,0,0,1,1,0,0,1,0,0,0,0,0,0,0,0,0,0,0,0,0,0,0,0,0,0,0,1,1,0,0,1,0,0,0,0,0,0,0,0,0,0,0,0,0,0,0,0,0,0,0,1,1,0,0,1,0,0,0,0,0,0,0,0,0,0,0,0,0.11923951107776183,0,0,0,0,0,0,0.8807604889222381,1,0,0,1,0,0,0,0,0,0,0,0,0,0,0,0.13615040729375197,0,0,0.2188029108800542,0,0,0,0,0.6450466818261938,1,0,0,1,0,0,0,0,0,0,0,0,0,0,1,0,0,0,0,0,0,0,0,0,1,0,0,1,0,0,0,0,0,0,0,0,0,0,1,0,0,0,0,0,0,0,0,0,1,0,0,1,0,0,0,0,0,0,0,0,0,0,1,0,0,0,0,0,0,0,0,0,1,0,0,1,0,0,0,0,0,0,0,0,0,0,1,0,0,0,0,0,0,0,0,0,1,0,0,1,0,0,0,0,0,0,0,0,0,0,1,0,0,0,0,0,0,0,0,0,1,0,0,1,0,0,0,0,0,0,0,0,0,0,0.9999999999999835,9.655459928887534E-15,6.954748929137872E-15,0,0,0,0,0,0,0,2.1760115360442524E-15,0.9999999999999978,0,0,0,0,1,0,0,0,0,0,0,0,0,0,0,0,0,0,0,0,0,1,0,1,0.4914064962386816,0.5085935037613183,0,0,0,0,1,0,0,0,0,0,0,0,0,0,0,0,0,0,0,1,4.3217566424665504E-16,0.9999999999999996,1,0,0,0,0,0,0,0,0,0,0,0,0,0,0,0,0,0,0,0,0,0,0,1,0,0,0,0,0,0,0,0,0,0,0,0,0,0,0,0,0,0,0,0,0,0
Changed to original form:
0,1,0.7562740459709902,0.24372595402900982,0,0,0,0,0,0,0,0,0,0,0,0,0,0,0,0,0,0,0,0,0.00043732548020350296,0.9995626745197964,0,1,0,0,0,0,0,0,0,0,0,0,0,0,0,0,0,0,0,0,0,0,1,0,0,1,1,0,0,0,0,0,0,0,0,0,1,0,0,0,0,0,0,0,0,0,1,0,0.7830455304666019,0.2169544695333982,1,0,0,0,0,0,0,0,0,0,1,0,0,0,0,0,0,0,0,0,1,0,0,1,0,0,0,0,0,0,0,0,0,0,0,0,0,0,0,0.18333008204338136,0,0,0.667579430629109,0.14909048732750968,1,0,0,1,0,0,0,0,0,0,0,0,0,0,0,0,0,0,0,0,0,0,0,1,1,0,0,1,0,0,0,0,0,0,0,0,0,0,0,0,0,0,0,0,0,0,0,1,1,0,0,1,0,0,0,0,0,0,0,0,0,0,0,0,0,0,0,0,0,0,0,1,1,0,0,1,0,0,0,0,0,0,0,0,0,0,0,0,0,0,0.3270032758820041,0,0,0,0,0.6729967241179959,1,0,0,1,0,0,0,0,0,0,0,0,0,0,0,0,0.02656776526820582,0,0,0,0,0,0,0.9734322347317942,1,0,0,1,0,0,0,0,0,0,0,0,0,0,1,0,0,0,0,0,0,0,0,0,1,0,0,1,0,0,0,0,0,0,0,0,0,0,1,0,0,0,0,0,0,0,0,0,1,0,0,1,0,0,0,0,0,0,0,0,0,0,1,0,0,0,0,0,0,0,0,0,1,0,0,1,0,0,0,0,0,0,0,0,0,0,1,0,0,0,0,0,0,0,0,0,1,0,0,1,0,0,0,0,0,0,0,0,0,0,1,0,0,0,0,0,0,0,0,0,1,0,0,1,0,0,0,0,0,0,0,0,0,0,1,0,0,0,0,0,0,0,0,0,0,1,0.9925450713635644,0.007454928636435623,0.9767843781126373,0,0,0,0.007952084746559306,0.015263537140803396,0,0,0,0,0,0,0,0,0,0,0,0,0,1,0,1,0,0,0,0,0,0,0,0,0,0,0,0,0,0,0,0,0,0,0,0,0,0,0,1,0,0,0,0,0,0,0,0,0,0,0,0,0,0,0,0,0,0,0,0,0,0,0,1,0,0,0,0,0,0,0,0,0,0,0,0,0,0,0,0,0,0,0,0,0,0
Verification of equal utilities failed. 9.999999253999999 != 9.612895722847453 (i.e., 9.999999253999999 != 9.612895722847453) at Information set 0 (alt 111) P Files (PF): DecisionByteCode 9 (index 2) PlayerIndex 0 Probabilities 3.7000000000000005E-16, 1 BestResponse 1 Average 3.7000000000000005E-16, 1 Regrets 0.00, 0.00 Strategies 0.00, 1.00 InformationSetContents (index 0, info 1)
Perfect equilibrium not confirmed 133 ms
Verification of equal utilities failed. 8.999995939 != 8.937919206335776 (i.e., 8.999995939 != 8.937919206335776) at Information set 36 (alt 183) D Answers (DA): DecisionByteCode 10 (index 3) PlayerIndex 1 Probabilities 3.6900000000000003E-16, 1 BestResponse 1 Average 3.6900000000000003E-16, 1 Regrets 0.00, 0.00 Strategies 0.00, 1.00 InformationSetContents (index 1, info 9);(index 2, info 1)
Perfect equilibrium not confirmed 111 ms
Verification of equal utilities failed. 9.999999253999999 != 9.914738095649673 (i.e., 9.999999253999999 != 9.914738095649673) at Information set 0 (alt 111) P Files (PF): DecisionByteCode 9 (index 2) PlayerIndex 0 Probabilities 1.0000000000000002E-14, 1 BestResponse 1 Average 1.0000000000000002E-14, 1 Regrets 0.00, 0.00 Strategies 0.00, 1.00 InformationSetContents (index 0, info 1)
Perfect equilibrium not confirmed 102 ms
Verification of equal utilities failed. 9.999999253999999 != 9.914738095649673 (i.e., 9.999999253999999 != 9.914738095649673) at Information set 0 (alt 111) P Files (PF): DecisionByteCode 9 (index 2) PlayerIndex 0 Probabilities 7.02E-15, 1 BestResponse 1 Average 7.02E-15, 1 Regrets 0.00, 0.00 Strategies 0.00, 1.00 InformationSetContents (index 0, info 1)
Perfect equilibrium not confirmed 97 ms
Verification of equal utilities failed. 8.999995939 != 8.993899678782393 (i.e., 8.999995939 != 8.993899678782393) at Information set 28 (alt 175) D Answers (DA): DecisionByteCode 10 (index 3) PlayerIndex 1 Probabilities 6.95E-14, 1 BestResponse 1 Average 6.95E-14, 1 Regrets 0.00, 0.00 Strategies 0.00, 1.00 InformationSetContents (index 1, info 7);(index 2, info 1)
Perfect equilibrium not confirmed 81 ms
Best response improvement average was 0.013249638619512005; equilibrium rejected
Verification of equal utilities failed. 9.999999253999999 != 9.914738095649671 (i.e., 9.999999253999999 != 9.914738095649671) at Information set 0 (alt 111) P Files (PF): DecisionByteCode 9 (index 2) PlayerIndex 0 Probabilities 1.11E-15, 1 BestResponse 1 Average 1.11E-15, 1 Regrets 0.00, 0.00 Strategies 0.00, 1.00 InformationSetContents (index 0, info 1)
Perfect equilibrium not confirmed 75 ms
Verification of equal utilities failed. 9.999999253999999 != 9.612469060885903 (i.e., 9.999999253999999 != 9.612469060885903) at Information set 0 (alt 111) P Files (PF): DecisionByteCode 9 (index 2) PlayerIndex 0 Probabilities 4.43E-15, 1 BestResponse 1 Average 4.43E-15, 1 Regrets 0.00, 0.00 Strategies 0.00, 1.00 InformationSetContents (index 0, info 1)
Perfect equilibrium not confirmed 74 ms
Verification of equal utilities failed. 9.999999253999995 != 9.612469060885903 (i.e., 9.999999253999995 != 9.612469060885903) at Information set 0 (alt 111) P Files (PF): DecisionByteCode 9 (index 2) PlayerIndex 0 Probabilities 9.13E-15, 1 BestResponse 1 Average 9.13E-15, 1 Regrets 0.00, 0.00 Strategies 0.00, 1.00 InformationSetContents (index 0, info 1)
Perfect equilibrium not confirmed 76 ms
Verification of equal utilities failed. 8.999995938999998 != 8.924295367377665 (i.e., 8.999995938999998 != 8.924295367377665) at Information set 36 (alt 183) D Answers (DA): DecisionByteCode 10 (index 3) PlayerIndex 1 Probabilities 5.5600000000000004E-15, 1 BestResponse 1 Average 5.5600000000000004E-15, 1 Regrets 0.00, 0.00 Strategies 0.00, 1.00 InformationSetContents (index 1, info 9);(index 2, info 1)
Perfect equilibrium not confirmed 76 ms
Verification of equal utilities failed. 9.105368654691267 != 9.105072568847595 (i.e., 9.105368654691267 != 9.105072568847595) at Information set 27 (alt 174) D Offer (DO1): DecisionByteCode 15 (index 8) PlayerIndex 1 Probabilities 0.789, 0, 0, 0.211, 0, 0, 0, 0, 0, 0 BestResponse 1 Average 0.789, 0, 0, 0.211, 0, 0, 0, 0, 0, 0 Regrets 0.00, 0.00, 0.00, 0.00, 0.00, 0.00, 0.00, 0.00, 0.00, 0.00 Strategies 0.79, 0.00, 0.00, 0.21, 0.00, 0.00, 0.00, 0.00, 0.00, 0.00 InformationSetContents (index 1, info 6);(index 2, info 1);(index 3, info 1);(index 6, info 2)
Verification of equal utilities failed. 9.105368654691267 != 9.106472523518395 (i.e., 9.105368654691267 != 9.106472523518395) at Information set 27 (alt 174) D Offer (DO1): DecisionByteCode 15 (index 8) PlayerIndex 1 Probabilities 0.789, 0, 0, 0.211, 0, 0, 0, 0, 0, 0 BestResponse 1 Average 0.789, 0, 0, 0.211, 0, 0, 0, 0, 0, 0 Regrets 0.00, 0.00, 0.00, 0.00, 0.00, 0.00, 0.00, 0.00, 0.00, 0.00 Strategies 0.79, 0.00, 0.00, 0.21, 0.00, 0.00, 0.00, 0.00, 0.00, 0.00 InformationSetContents (index 1, info 6);(index 2, info 1);(index 3, info 1);(index 6, info 2)
Perfect equilibrium not confirmed 76 ms
Verification of equal utilities failed. 9.99999925399999 != 9.612469060885903 (i.e., 9.99999925399999 != 9.612469060885903) at Information set 0 (alt 111) P Files (PF): DecisionByteCode 9 (index 2) PlayerIndex 0 Probabilities 2.8299999999999997E-14, 1 BestResponse 1 Average 2.8299999999999997E-14, 1 Regrets 0.00, 0.00 Strategies 0.00, 1.00 InformationSetContents (index 0, info 1)
Perfect equilibrium not confirmed 75 ms
Verification of equal utilities failed. 9.999999253999999 != 9.612469060885903 (i.e., 9.999999253999999 != 9.612469060885903) at Information set 0 (alt 111) P Files (PF): DecisionByteCode 9 (index 2) PlayerIndex 0 Probabilities 4.94E-15, 1 BestResponse 1 Average 4.94E-15, 1 Regrets 0.00, 0.00 Strategies 0.00, 1.00 InformationSetContents (index 0, info 1)
Perfect equilibrium not confirmed 78 ms
Verification of equal utilities failed. 9.999999253999997 != 9.690091677357891 (i.e., 9.999999253999997 != 9.690091677357891) at Information set 44 (alt 115) P Files (PF): DecisionByteCode 9 (index 2) PlayerIndex 0 Probabilities 6.46E-15, 1 BestResponse 1 Average 6.46E-15, 1 Regrets 0.00, 0.00 Strategies 0.00, 1.00 InformationSetContents (index 0, info 2)
Perfect equilibrium not confirmed 78 ms
Best response improvement average was 0.013950098805310951; equilibrium rejected
Verification of equal utilities failed. 8.999995939 != 8.95550284466077 (i.e., 8.999995939 != 8.95550284466077) at Information set 28 (alt 175) D Answers (DA): DecisionByteCode 10 (index 3) PlayerIndex 1 Probabilities 3.67E-15, 1 BestResponse 1 Average 3.67E-15, 1 Regrets 0.00, 0.00 Strategies 0.00, 1.00 InformationSetContents (index 1, info 7);(index 2, info 1)
Perfect equilibrium not confirmed 77 ms
Verification of equal utilities failed. 9.999999253999993 != 9.774425217551961 (i.e., 9.999999253999993 != 9.774425217551961) at Information set 0 (alt 111) P Files (PF): DecisionByteCode 9 (index 2) PlayerIndex 0 Probabilities 2.32E-14, 1 BestResponse 1 Average 2.32E-14, 1 Regrets 0.00, 0.00 Strategies 0.00, 1.00 InformationSetContents (index 0, info 1)
Perfect equilibrium not confirmed 76 ms
Verification of equal utilities failed. 9.99999925399999 != 9.612469060885905 (i.e., 9.99999925399999 != 9.612469060885905) at Information set 0 (alt 111) P Files (PF): DecisionByteCode 9 (index 2) PlayerIndex 0 Probabilities 2.85E-14, 1 BestResponse 1 Average 2.85E-14, 1 Regrets 0.00, 0.00 Strategies 0.00, 1.00 InformationSetContents (index 0, info 1)
Perfect equilibrium not confirmed 77 ms
Verification of equal utilities failed. 9.999999253999999 != 9.612469060885903 (i.e., 9.999999253999999 != 9.612469060885903) at Information set 0 (alt 111) P Files (PF): DecisionByteCode 9 (index 2) PlayerIndex 0 Probabilities 3.81E-15, 1 BestResponse 1 Average 3.81E-15, 1 Regrets 0.00, 0.00 Strategies 0.00, 1.00 InformationSetContents (index 0, info 1)
Perfect equilibrium not confirmed 75 ms
Verification of equal utilities failed. 8.999995939 != 8.986227052493286 (i.e., 8.999995939 != 8.986227052493286) at Information set 28 (alt 175) D Answers (DA): DecisionByteCode 10 (index 3) PlayerIndex 1 Probabilities 7.47E-15, 1 BestResponse 1 Average 7.47E-15, 1 Regrets 0.00, 0.00 Strategies 0.00, 1.00 InformationSetContents (index 1, info 7);(index 2, info 1)
Perfect equilibrium not confirmed 79 ms
Verification of equal utilities failed. 9.999999253999999 != 9.612469060885903 (i.e., 9.999999253999999 != 9.612469060885903) at Information set 0 (alt 111) P Files (PF): DecisionByteCode 9 (index 2) PlayerIndex 0 Probabilities 3.83E-15, 1 BestResponse 1 Average 3.83E-15, 1 Regrets 0.00, 0.00 Strategies 0.00, 1.00 InformationSetContents (index 0, info 1)
Perfect equilibrium not confirmed 75 ms
Best response improvement average was 0.003768940686464717; equilibrium rejected
Verification of equal utilities failed. 8.999995939 != 8.952871047378792 (i.e., 8.999995939 != 8.952871047378792) at Information set 32 (alt 179) D Answers (DA): DecisionByteCode 10 (index 3) PlayerIndex 1 Probabilities 5.29E-15, 1 BestResponse 1 Average 5.29E-15, 1 Regrets 0.00, 0.00 Strategies 0.00, 1.00 InformationSetContents (index 1, info 8);(index 2, info 1)
Perfect equilibrium not confirmed 77 ms
Verification of equal utilities failed. 8.999995938999998 != 8.81010443539335 (i.e., 8.999995938999998 != 8.81010443539335) at Information set 36 (alt 183) D Answers (DA): DecisionByteCode 10 (index 3) PlayerIndex 1 Probabilities 8.870000000000001E-16, 1 BestResponse 1 Average 8.870000000000001E-16, 1 Regrets 0.00, 0.00 Strategies 0.00, 1.00 InformationSetContents (index 1, info 9);(index 2, info 1)
Perfect equilibrium not confirmed 76 ms
Verification of equal utilities failed. 8.999995939 != 8.962684395965692 (i.e., 8.999995939 != 8.962684395965692) at Information set 32 (alt 179) D Answers (DA): DecisionByteCode 10 (index 3) PlayerIndex 1 Probabilities 1.6E-14, 1 BestResponse 1 Average 1.6E-14, 1 Regrets 0.00, 0.00 Strategies 0.00, 1.00 InformationSetContents (index 1, info 8);(index 2, info 1)
Perfect equilibrium not confirmed 76 ms
Verification of equal utilities failed. 9.999999253999999 != 9.612469060885903 (i.e., 9.999999253999999 != 9.612469060885903) at Information set 0 (alt 111) P Files (PF): DecisionByteCode 9 (index 2) PlayerIndex 0 Probabilities 6.15E-16, 1 BestResponse 1 Average 6.15E-16, 1 Regrets 0.00, 0.00 Strategies 0.00, 1.00 InformationSetContents (index 0, info 1)
Perfect equilibrium not confirmed 76 ms
Best response improvement average was 0.010188120121966016; equilibrium rejected
Verification of equal utilities failed. 8.999995939 != 8.990022452573891 (i.e., 8.999995939 != 8.990022452573891) at Information set 28 (alt 175) D Answers (DA): DecisionByteCode 10 (index 3) PlayerIndex 1 Probabilities 2.18E-15, 1 BestResponse 1 Average 2.18E-15, 1 Regrets 0.00, 0.00 Strategies 0.00, 1.00 InformationSetContents (index 1, info 7);(index 2, info 1)
Perfect equilibrium not confirmed 78 ms
Verification of equal utilities failed. 9.999863723520225 != 9.690091677357891 (i.e., 9.999863723520225 != 9.690091677357891) at Information set 44 (alt 115) P Files (PF): DecisionByteCode 9 (index 2) PlayerIndex 0 Probabilities 0.000437, 1 BestResponse 1 Average 0.000437, 1 Regrets 0.00, 0.00 Strategies 0.00, 1.00 InformationSetContents (index 0, info 2)
Verification of equal utilities failed. 9.999863723520225 != 9.999999253999999 (i.e., 9.999863723520225 != 9.999999253999999) at Information set 44 (alt 115) P Files (PF): DecisionByteCode 9 (index 2) PlayerIndex 0 Probabilities 0.000437, 1 BestResponse 1 Average 0.000437, 1 Regrets 0.00, 0.00 Strategies 0.00, 1.00 InformationSetContents (index 0, info 2)
Perfect equilibrium not confirmed 76 ms
Using exact arithmetic for 49 remaining random priors

Game tree has 45211 nodes, of which 40200 are terminal nodes.
    Player 0 has 111 information sets, 210 moves in total
    Player 1 has  40 information sets, 240 moves in total
    Player 2 has  40 information sets, 240 moves in total
Sequence form LCP dimension is 564
    Player 1 has 241 sequences, subject to  41 constraints
    Player 2 has 241 sequences, subject to  41 constraints
Prior 1 of 49
... 100 steps (37757 ms) ...... 200 steps (168471 ms) ...Complete after 235 pivoting steps
Equilibrium 1
Equilibrium behavior strategies player 1, 2:
0,1,0,0,0,0,0,0,0,0,0,0,0,0,0,0,0,0,0,0,0,0,0,0,0,1,0,0,0,0,0,0,0,0,0,0,0,0,0,0,0,0,0,0,0,0,0,0,1,0,0,1,0,0,0,0,0,0,0,0,0,0,1,0,0,0,0,0,0,0,0,0,1,0,0,1,0,0,0,0,0,0,0,0,0,0,1,0,0,0,0,0,0,0,0,0,1,0,0,1,0,0,0,0,0,0,0,0,0,0,0,0,0,0,0,0,0,1,0,0,1,0,0,1,0,0,0,0,0,0,0,0,0,0,0,0,0,0,0,0,0,0,1,0,1,0,0,1,0,0,0,0,0,0,0,0,0,0,0,0,0,0,0,0,0,0,0,1,1,0,0,1,0,0,0,0,0,0,0,0,0,0,0,0,0,0,0,0,0,0,0,1,1,0,0,1,0,0,0,0,0,0,0,0,0,0,0,0,0,0,0,0,0,0,0,1,1,0,0,1,0,0,0,0,0,0,0,0,0,0,0,0,0,0,0,0,0,0,0,1
1,0,0,1,0,0,0,0,0,0,0,0,0,0,1,0,0,0,0,0,0,0,0,0,1,0,0,1,0,0,0,0,0,0,0,0,0,0,1,0,0,0,0,0,0,0,0,0,1,0,0,1,0,0,0,0,0,0,0,0,0,0,1,0,0,0,0,0,0,0,0,0,1,0,0,1,0,0,0,0,0,0,0,0,0,0,1,0,0,0,0,0,0,0,0,0,1,0,0,1,0,0,0,0,0,0,0,0,0,0,1,0,0,0,0,0,0,0,0,0,1,0,0,1,0,0,0,0,0,0,0,0,0,0,1,0,0,0,0,0,0,0,0,0,0,1,0,0,0,0,0,0,0,0,0,0,0,0,0,0,0,0,0,0,0,0,0,0,0,1,0,0,0,0,0,0,0,0,0,0,0,0,0,0,0,0,0,0,0,0,0,0,0,1,0,0,0,0,0,0,0,0,0,0,0,0,0,0,0,0,0,0,0,0,0,0,0,1,0,0,0,0,0,0,0,0,0,0,0,0,0,0,0,0,0,0,0,0,0,0
Elapsed milliseconds prior 1: 253379
Prior 2 of 49
... 100 steps (44939 ms) ...... 200 steps (199204 ms) ...Complete after 243 pivoting steps
Same as equilibrium 1
Elapsed milliseconds prior 2: 326742
Prior 3 of 49
... 100 steps (44299 ms) ...... 200 steps (186579 ms) ...Complete after 227 pivoting steps
Equilibrium 2
Equilibrium behavior strategies player 1, 2:
0,1,0,0,0,0,0,0,0,0,0,0,0,0,0,0,0,0,0,0,0,0,0,0,0,1,0,0,0,0,0,0,0,0,0,0,0,0,0,0,0,0,0,0,0,0,0,0,1,0,0,1,0,0,0,0,0,0,0,0,0,0,1,0,0,0,0,0,0,0,0,0,1,0,0,1,0,0,0,0,0,0,0,0,0,0,1,0,0,0,0,0,0,0,0,0,1,0,0,1,0,0,0,0,0,0,0,0,0,0,0,0,0,0,0,0,0,0,1,0,1,0,0,1,0,0,0,0,0,0,0,0,0,0,0,0,0,0,0,0,0,0,1,0,1,0,0,1,0,0,0,0,0,0,0,0,0,0,0,0,0,0,0,0,0,0,0,1,1,0,0,1,0,0,0,0,0,0,0,0,0,0,0,0,0,0,0,0,0,0,0,1,1,0,0,1,0,0,0,0,0,0,0,0,0,0,0,0,0,0,0,0,0,0,0,1,1,0,0,1,0,0,0,0,0,0,0,0,0,0,0,0,0,0,0,0,0,0,0,1
1,0,0,1,0,0,0,0,0,0,0,0,0,0,1,0,0,0,0,0,0,0,0,0,1,0,0,1,0,0,0,0,0,0,0,0,0,0,1,0,0,0,0,0,0,0,0,0,1,0,0,1,0,0,0,0,0,0,0,0,0,0,1,0,0,0,0,0,0,0,0,0,1,0,0,1,0,0,0,0,0,0,0,0,0,0,1,0,0,0,0,0,0,0,0,0,1,0,0,1,0,0,0,0,0,0,0,0,0,0,1,0,0,0,0,0,0,0,0,0,1,0,0,1,0,0,0,0,0,0,0,0,0,0,1,0,0,0,0,0,0,0,0,0,0,1,0,0,0,0,0,0,0,0,0,0,0,0,0,0,0,0,0,0,0,0,0,0,0,1,0,0,0,0,0,0,0,0,0,0,0,0,0,0,0,0,0,0,0,0,0,0,0,1,0,0,0,0,0,0,0,0,0,0,0,0,0,0,0,0,0,0,0,0,0,0,0,1,0,0,0,0,0,0,0,0,0,0,0,0,0,0,0,0,0,0,0,0,0,0
Elapsed milliseconds prior 3: 264260
Prior 4 of 49
... 100 steps (44570 ms) ...... 200 steps (203294 ms) ...Complete after 293 pivoting steps
Same as equilibrium 1
Elapsed milliseconds prior 4: 528276
Prior 5 of 49
... 100 steps (45575 ms) ...... 200 steps (190169 ms) ...Complete after 249 pivoting steps
Same as equilibrium 2
Elapsed milliseconds prior 5: 320705
Prior 6 of 49
... 100 steps (45044 ms) ...... 200 steps (190384 ms) ...Complete after 255 pivoting steps
Same as equilibrium 2
Elapsed milliseconds prior 6: 349939
Prior 7 of 49
... 100 steps (44725 ms) ...... 200 steps (203368 ms) ...Complete after 247 pivoting steps
Equilibrium 3
Equilibrium behavior strategies player 1, 2:
0,1,0,0,0,0,0,0,0,0,0,0,0,0,0,0,0,0,0,0,0,0,0,0,0,1,0,0,0,0,0,0,0,0,0,0,0,0,0,0,0,0,0,0,0,0,0,0,1,0,0,1,0,0,0,0,0,0,0,0,0,0,1,0,0,0,0,0,0,0,0,0,1,0,0,1,0,0,0,0,0,0,0,0,0,0,1,0,0,0,0,0,0,0,0,0,1,0,0,1,0,0,0,0,0,0,0,0,0,0,0,0,0,0,0,0,0,1,0,0,1,0,0,1,0,0,0,0,0,0,0,0,0,0,0,0,0,0,0,0,0,0,0,1,1,0,0,1,0,0,0,0,0,0,0,0,0,0,0,0,0,0,0,0,0,0,0,1,1,0,0,1,0,0,0,0,0,0,0,0,0,0,0,0,0,0,0,0,0,0,0,1,1,0,0,1,0,0,0,0,0,0,0,0,0,0,0,0,0,0,0,0,0,0,0,1,1,0,0,1,0,0,0,0,0,0,0,0,0,0,0,0,0,0,0,0,0,0,0,1
1,0,0,1,0,0,0,0,0,0,0,0,0,0,1,0,0,0,0,0,0,0,0,0,1,0,0,1,0,0,0,0,0,0,0,0,0,0,1,0,0,0,0,0,0,0,0,0,1,0,0,1,0,0,0,0,0,0,0,0,0,0,1,0,0,0,0,0,0,0,0,0,1,0,0,1,0,0,0,0,0,0,0,0,0,0,1,0,0,0,0,0,0,0,0,0,1,0,0,1,0,0,0,0,0,0,0,0,0,0,1,0,0,0,0,0,0,0,0,0,1,0,0,1,0,0,0,0,0,0,0,0,0,0,1,0,0,0,0,0,0,0,0,0,0,1,0,0,0,0,0,0,0,0,0,0,0,0,0,0,0,0,0,0,0,0,0,0,0,1,0,0,0,0,0,0,0,0,0,0,0,0,0,0,0,0,0,0,0,0,0,0,0,1,0,0,0,0,0,0,0,0,0,0,0,0,0,0,0,0,0,0,0,0,0,0,0,1,0,0,0,0,0,0,0,0,0,0,0,0,0,0,0,0,0,0,0,0,0,0
Elapsed milliseconds prior 7: 344880
Prior 8 of 49
... 100 steps (45916 ms) ...... 200 steps (200004 ms) ...Complete after 249 pivoting steps
Same as equilibrium 1
Elapsed milliseconds prior 8: 334363
Prior 9 of 49
... 100 steps (44984 ms) ...... 200 steps (201989 ms) ...Complete after 229 pivoting steps
Same as equilibrium 1
Elapsed milliseconds prior 9: 282258
Prior 10 of 49
... 100 steps (44050 ms) ...... 200 steps (183519 ms) ...Complete after 219 pivoting steps
Equilibrium 4
Equilibrium behavior strategies player 1, 2:
0,1,0,0,0,0,0,0,0,0,0,0,0,0,0,0,0,0,0,0,0,0,0,0,0,1,0,0,0,0,0,0,0,0,0,0,0,0,0,0,0,0,0,0,0,0,0,0,1,0,0,1,0,0,0,0,0,0,0,0,0,0,1,0,0,0,0,0,0,0,0,0,1,0,0,1,0,0,0,0,0,0,0,0,0,0,1,0,0,0,0,0,0,0,0,0,1,0,0,1,0,0,0,0,0,0,0,0,0,0,0,0,0,0,0,0,0,0,1,0,1,0,0,1,0,0,0,0,0,0,0,0,0,0,0,0,0,0,0,0,0,0,0,1,1,0,0,1,0,0,0,0,0,0,0,0,0,0,0,0,0,0,0,0,0,0,0,1,1,0,0,1,0,0,0,0,0,0,0,0,0,0,0,0,0,0,0,0,0,0,0,1,1,0,0,1,0,0,0,0,0,0,0,0,0,0,0,0,0,0,0,0,0,0,0,1,1,0,0,1,0,0,0,0,0,0,0,0,0,0,0,0,0,0,0,0,0,0,0,1
1,0,0,1,0,0,0,0,0,0,0,0,0,0,1,0,0,0,0,0,0,0,0,0,1,0,0,1,0,0,0,0,0,0,0,0,0,0,1,0,0,0,0,0,0,0,0,0,1,0,0,1,0,0,0,0,0,0,0,0,0,0,1,0,0,0,0,0,0,0,0,0,1,0,0,1,0,0,0,0,0,0,0,0,0,0,1,0,0,0,0,0,0,0,0,0,1,0,0,1,0,0,0,0,0,0,0,0,0,0,1,0,0,0,0,0,0,0,0,0,1,0,0,1,0,0,0,0,0,0,0,0,0,0,1,0,0,0,0,0,0,0,0,0,0,1,0,0,0,0,0,0,0,0,0,0,0,0,0,0,0,0,0,0,0,0,0,0,0,1,0,0,0,0,0,0,0,0,0,0,0,0,0,0,0,0,0,0,0,0,0,0,0,1,0,0,0,0,0,0,0,0,0,0,0,0,0,0,0,0,0,0,0,0,0,0,0,1,0,0,0,0,0,0,0,0,0,0,0,0,0,0,0,0,0,0,0,0,0,0
Elapsed milliseconds prior 10: 235797
Prior 11 of 49
... 100 steps (46127 ms) ...... 200 steps (201972 ms) ...Complete after 277 pivoting steps
Equilibrium 5
Equilibrium behavior strategies player 1, 2:
0,1,0,0,0,0,0,0,0,0,0,0,0,0,0,0,0,0,0,0,0,0,0,0,0,1,0,0,0,0,0,0,0,0,0,0,0,0,0,0,0,0,0,0,0,0,0,0,1,0,0,1,0,0,0,0,0,0,0,0,0,0,1,0,0,0,0,0,0,0,0,0,1,0,0,1,0,0,0,0,0,0,0,0,0,0,1,0,0,0,0,0,0,0,0,0,1,0,0,1,0,0,0,0,0,0,0,0,0,0,0,0,0,0,0,0,75021132533/397605349200,322584216667/397605349200,0,0,1,0,0,1,0,0,0,0,0,0,0,0,0,0,0,0,0,0,0,0,0,0,1,0,1,0,0,1,0,0,0,0,0,0,0,0,0,0,0,0,0,0,0,0,0,0,1,0,1,0,0,1,0,0,0,0,0,0,0,0,0,0,0,0,0,0,0,0,0,0,0,1,1,0,0,1,0,0,0,0,0,0,0,0,0,0,0,0,0,0,0,0,0,0,0,1,1,0,0,1,0,0,0,0,0,0,0,0,0,0,0,0,0,0,0,0,0,0,0,1
1,0,0,1,0,0,0,0,0,0,0,0,0,0,1,0,0,0,0,0,0,0,0,0,1,0,0,1,0,0,0,0,0,0,0,0,0,0,1,0,0,0,0,0,0,0,0,0,1,0,0,1,0,0,0,0,0,0,0,0,0,0,1,0,0,0,0,0,0,0,0,0,1,0,0,1,0,0,0,0,0,0,0,0,0,0,1,0,0,0,0,0,0,0,0,0,1,0,0,1,0,0,0,0,0,0,0,0,0,0,1,0,0,0,0,0,0,0,0,0,1,0,0,1,0,0,0,0,0,0,0,0,0,0,1,0,0,0,0,0,0,0,0,0,0,1,0,0,0,0,0,0,0,0,0,0,0,0,0,0,0,0,0,0,0,0,0,0,0,1,0,0,0,0,0,0,0,0,0,0,0,0,0,0,0,0,0,0,0,0,0,0,0,1,0,0,0,0,0,0,0,0,0,0,0,0,0,0,0,0,0,0,0,0,0,0,0,1,0,0,0,0,0,0,0,0,0,0,0,0,0,0,0,0,0,0,0,0,0,0
Elapsed milliseconds prior 11: 450404
Prior 12 of 49
... 100 steps (45108 ms) ...... 200 steps (192764 ms) ...Complete after 233 pivoting steps
Same as equilibrium 4
Elapsed milliseconds prior 12: 279947
Prior 13 of 49
... 100 steps (44435 ms) ...... 200 steps (190592 ms) ...Complete after 233 pivoting steps
Same as equilibrium 2
Elapsed milliseconds prior 13: 276828
Prior 14 of 49
... 100 steps (45842 ms) ...... 200 steps (192406 ms) ...Complete after 211 pivoting steps
Same as equilibrium 2
Elapsed milliseconds prior 14: 225690
Prior 15 of 49
... 100 steps (46381 ms) ...... 200 steps (194773 ms) ...... 300 steps (554112 ms) ...Complete after 307 pivoting steps
Same as equilibrium 1
Elapsed milliseconds prior 15: 575802
Prior 16 of 49
... 100 steps (46562 ms) ...... 200 steps (208712 ms) ...Complete after 259 pivoting steps
Equilibrium 6
Equilibrium behavior strategies player 1, 2:
0,1,0,0,0,0,0,0,0,0,0,0,0,0,0,0,0,0,0,0,0,0,0,0,0,1,0,0,0,0,0,0,0,0,0,0,0,0,0,0,0,0,0,0,0,0,0,0,1,0,0,1,0,0,0,0,0,0,0,0,0,0,1,0,0,0,0,0,0,0,0,0,1,0,0,1,0,0,0,0,0,0,0,0,0,0,1,0,0,0,0,0,0,0,0,0,1,0,0,1,0,0,0,0,0,0,0,0,0,0,0,0,0,0,0,0,0,0,1,0,1,0,0,1,0,0,0,0,0,0,0,0,0,0,0,0,0,0,0,0,0,0,1,0,1,0,0,1,0,0,0,0,0,0,0,0,0,0,0,0,0,0,0,0,0,0,1,0,1,0,0,1,0,0,0,0,0,0,0,0,0,0,0,0,0,0,0,0,0,0,0,1,1,0,0,1,0,0,0,0,0,0,0,0,0,0,0,0,0,0,0,0,0,0,0,1,1,0,0,1,0,0,0,0,0,0,0,0,0,0,0,0,0,0,0,0,0,0,0,1
1,0,0,1,0,0,0,0,0,0,0,0,0,0,1,0,0,0,0,0,0,0,0,0,1,0,0,1,0,0,0,0,0,0,0,0,0,0,1,0,0,0,0,0,0,0,0,0,1,0,0,1,0,0,0,0,0,0,0,0,0,0,1,0,0,0,0,0,0,0,0,0,1,0,0,1,0,0,0,0,0,0,0,0,0,0,1,0,0,0,0,0,0,0,0,0,1,0,0,1,0,0,0,0,0,0,0,0,0,0,1,0,0,0,0,0,0,0,0,0,1,0,0,1,0,0,0,0,0,0,0,0,0,0,1,0,0,0,0,0,0,0,0,0,0,1,0,0,0,0,0,0,0,0,0,0,0,0,0,0,0,0,0,0,0,0,0,0,0,1,0,0,0,0,0,0,0,0,0,0,0,0,0,0,0,0,0,0,0,0,0,0,0,1,0,0,0,0,0,0,0,0,0,0,0,0,0,0,0,0,0,0,0,0,0,0,0,1,0,0,0,0,0,0,0,0,0,0,0,0,0,0,0,0,0,0,0,0,0,0
Elapsed milliseconds prior 16: 392870
Prior 17 of 49
... 100 steps (44799 ms) ...... 200 steps (185932 ms) ...Complete after 209 pivoting steps
Same as equilibrium 2
Elapsed milliseconds prior 17: 211569
Prior 18 of 49
... 100 steps (44502 ms) ...... 200 steps (193080 ms) ...Complete after 251 pivoting steps
Same as equilibrium 6
Elapsed milliseconds prior 18: 352977
Prior 19 of 49
... 100 steps (45412 ms) ...... 200 steps (202543 ms) ...Complete after 223 pivoting steps
Same as equilibrium 3
Elapsed milliseconds prior 19: 271346
Prior 20 of 49
... 100 steps (44400 ms) ...... 200 steps (196453 ms) ...Complete after 249 pivoting steps
Same as equilibrium 1
Elapsed milliseconds prior 20: 338759
Prior 21 of 49
... 100 steps (45178 ms) ...... 200 steps (198601 ms) ...Complete after 279 pivoting steps
Equilibrium 7
Equilibrium behavior strategies player 1, 2:
0,1,0,0,0,0,0,0,0,0,0,0,0,0,0,0,0,0,0,0,0,0,0,0,0,1,0,0,0,0,0,0,0,0,0,0,0,0,0,0,0,0,0,0,0,0,0,0,1,0,0,1,0,0,0,0,0,0,0,0,0,0,1,0,0,0,0,0,0,0,0,0,1,0,0,1,0,0,0,0,0,0,0,0,0,0,1,0,0,0,0,0,0,0,0,0,1,0,0,1,0,0,0,0,0,0,0,0,0,0,0,0,0,0,0,0,0,1,0,0,1,0,0,1,0,0,0,0,0,0,0,0,0,0,0,0,0,0,0,0,0,0,1,0,1,0,0,1,0,0,0,0,0,0,0,0,0,0,0,0,0,0,0,0,0,0,1,0,1,0,0,1,0,0,0,0,0,0,0,0,0,0,0,0,0,0,0,0,0,0,0,1,1,0,0,1,0,0,0,0,0,0,0,0,0,0,0,0,0,0,0,0,0,0,0,1,1,0,0,1,0,0,0,0,0,0,0,0,0,0,0,0,0,0,0,0,0,0,0,1
1,0,0,1,0,0,0,0,0,0,0,0,0,0,1,0,0,0,0,0,0,0,0,0,1,0,0,1,0,0,0,0,0,0,0,0,0,0,1,0,0,0,0,0,0,0,0,0,1,0,0,1,0,0,0,0,0,0,0,0,0,0,1,0,0,0,0,0,0,0,0,0,1,0,0,1,0,0,0,0,0,0,0,0,0,0,1,0,0,0,0,0,0,0,0,0,1,0,0,1,0,0,0,0,0,0,0,0,0,0,1,0,0,0,0,0,0,0,0,0,1,0,0,1,0,0,0,0,0,0,0,0,0,0,1,0,0,0,0,0,0,0,0,0,0,1,0,0,0,0,0,0,0,0,0,0,0,0,0,0,0,0,0,0,0,0,0,0,0,1,0,0,0,0,0,0,0,0,0,0,0,0,0,0,0,0,0,0,0,0,0,0,0,1,0,0,0,0,0,0,0,0,0,0,0,0,0,0,0,0,0,0,0,0,0,0,0,1,0,0,0,0,0,0,0,0,0,0,0,0,0,0,0,0,0,0,0,0,0,0
Elapsed milliseconds prior 21: 469218
Prior 22 of 49
... 100 steps (46621 ms) ...... 200 steps (192709 ms) ...Complete after 227 pivoting steps
Same as equilibrium 3
Elapsed milliseconds prior 22: 272864
Prior 23 of 49
... 100 steps (44446 ms) ...... 200 steps (192102 ms) ...Complete after 265 pivoting steps
Same as equilibrium 1
Elapsed milliseconds prior 23: 387873
Prior 24 of 49
... 100 steps (44846 ms) ...... 200 steps (194247 ms) ...Complete after 253 pivoting steps
Same as equilibrium 1
Elapsed milliseconds prior 24: 348609
Prior 25 of 49
... 100 steps (44598 ms) ...... 200 steps (188368 ms) ...Complete after 219 pivoting steps
Same as equilibrium 2
Elapsed milliseconds prior 25: 240593
Prior 26 of 49
... 100 steps (45924 ms) ...... 200 steps (197027 ms) ...Complete after 273 pivoting steps
Same as equilibrium 7
Elapsed milliseconds prior 26: 460266
Prior 27 of 49
... 100 steps (45055 ms) ...... 200 steps (189779 ms) ...Complete after 223 pivoting steps
Same as equilibrium 2
Elapsed milliseconds prior 27: 250209
Prior 28 of 49
... 100 steps (46712 ms) ...... 200 steps (208524 ms) ...Complete after 273 pivoting steps
Same as equilibrium 7
Elapsed milliseconds prior 28: 431561
Prior 29 of 49
... 100 steps (44923 ms) ...... 200 steps (187137 ms) ...Complete after 219 pivoting steps
Same as equilibrium 2
Elapsed milliseconds prior 29: 241839
Prior 30 of 49
... 100 steps (44341 ms) ...... 200 steps (189397 ms) ...Complete after 239 pivoting steps
Same as equilibrium 1
Elapsed milliseconds prior 30: 297605
Prior 31 of 49
... 100 steps (45047 ms) ...... 200 steps (208802 ms) ...Complete after 253 pivoting steps
Same as equilibrium 1
Elapsed milliseconds prior 31: 366017
Prior 32 of 49
... 100 steps (44423 ms) ...... 200 steps (201608 ms) ...Complete after 245 pivoting steps
Same as equilibrium 3
Elapsed milliseconds prior 32: 322060
Prior 33 of 49
... 100 steps (44300 ms) ...... 200 steps (187396 ms) ...Complete after 241 pivoting steps
Same as equilibrium 2
Elapsed milliseconds prior 33: 299214
Prior 34 of 49
... 100 steps (43821 ms) ...... 200 steps (199851 ms) ...Complete after 285 pivoting steps
Same as equilibrium 1
Elapsed milliseconds prior 34: 475210
Prior 35 of 49
... 100 steps (46892 ms) ...... 200 steps (196534 ms) ...Complete after 243 pivoting steps
Same as equilibrium 1
Elapsed milliseconds prior 35: 315749
Prior 36 of 49
... 100 steps (43727 ms) ...... 200 steps (193882 ms) ...Complete after 233 pivoting steps
Same as equilibrium 7
Elapsed milliseconds prior 36: 300903
Prior 37 of 49
... 100 steps (46414 ms) ...... 200 steps (205515 ms) ...... 300 steps (598817 ms) ...Complete after 303 pivoting steps
Equilibrium 8
Equilibrium behavior strategies player 1, 2:
0,1,0,0,0,0,0,0,0,0,0,0,0,0,0,0,0,0,0,0,0,0,0,0,0,1,0,0,0,0,0,0,0,0,0,0,0,0,0,0,0,0,0,0,0,0,0,0,1,0,0,1,0,0,0,0,0,0,0,0,0,0,1,0,0,0,0,0,0,0,0,0,1,0,0,1,0,0,0,0,0,0,0,0,0,0,1,0,0,0,0,0,0,0,0,0,1,0,0,1,0,0,0,0,0,0,0,0,0,0,0,0,0,0,0,0,0,1,0,0,1,0,0,1,0,0,0,0,0,0,0,0,0,0,0,0,0,0,0,0,0,2337933323381/2468720105040,130786781659/2468720105040,0,1,0,0,1,0,0,0,0,0,0,0,0,0,0,0,0,0,0,0,0,0,0,1583819564297/2074699326420,490879762123/2074699326420,1,0,0,1,0,0,0,0,0,0,0,0,0,0,0,0,0,0,0,0,0,0,0,1,1,0,0,1,0,0,0,0,0,0,0,0,0,0,0,0,0,0,0,0,0,0,0,1,1,0,0,1,0,0,0,0,0,0,0,0,0,0,0,0,0,0,0,0,0,0,0,1
1,0,0,1,0,0,0,0,0,0,0,0,0,0,1,0,0,0,0,0,0,0,0,0,1,0,0,1,0,0,0,0,0,0,0,0,0,0,1,0,0,0,0,0,0,0,0,0,1,0,0,1,0,0,0,0,0,0,0,0,0,0,1,0,0,0,0,0,0,0,0,0,1,0,0,1,0,0,0,0,0,0,0,0,0,0,1,0,0,0,0,0,0,0,0,0,1,0,0,1,0,0,0,0,0,0,0,0,0,0,1,0,0,0,0,0,0,0,0,0,1,0,0,1,0,0,0,0,0,0,0,0,0,0,1,0,0,0,0,0,0,0,0,0,0,1,0,0,0,0,0,0,0,0,0,0,0,0,0,0,0,0,0,0,0,0,0,0,0,1,0,0,0,0,0,0,0,0,0,0,0,0,0,0,0,0,0,0,0,0,0,0,0,1,0,0,0,0,0,0,0,0,0,0,0,0,0,0,0,0,0,0,0,0,0,0,0,1,0,0,0,0,0,0,0,0,0,0,0,0,0,0,0,0,0,0,0,0,0,0
Elapsed milliseconds prior 37: 611322
Prior 38 of 49
... 100 steps (45949 ms) ...... 200 steps (201189 ms) ...Complete after 239 pivoting steps
Equilibrium 9
Equilibrium behavior strategies player 1, 2:
0,1,0,0,0,0,0,0,0,0,0,0,0,0,0,0,0,0,0,0,0,0,0,0,0,1,0,0,0,0,0,0,0,0,0,0,0,0,0,0,0,0,0,0,0,0,0,0,1,0,0,1,0,0,0,0,0,0,0,0,0,0,1,0,0,0,0,0,0,0,0,0,1,0,0,1,0,0,0,0,0,0,0,0,0,0,1,0,0,0,0,0,0,0,0,0,1,0,0,1,0,0,0,0,0,0,0,0,0,0,0,0,0,0,0,0,0,1,0,0,1,0,0,1,0,0,0,0,0,0,0,0,0,0,0,0,0,0,0,0,0,2337933323381/2468720105040,130786781659/2468720105040,0,1,0,0,1,0,0,0,0,0,0,0,0,0,0,0,0,0,0,0,0,0,0,0,1,1,0,0,1,0,0,0,0,0,0,0,0,0,0,0,0,0,0,0,0,0,0,0,1,1,0,0,1,0,0,0,0,0,0,0,0,0,0,0,0,0,0,0,0,0,0,0,1,1,0,0,1,0,0,0,0,0,0,0,0,0,0,0,0,0,0,0,0,0,0,0,1
1,0,0,1,0,0,0,0,0,0,0,0,0,0,1,0,0,0,0,0,0,0,0,0,1,0,0,1,0,0,0,0,0,0,0,0,0,0,1,0,0,0,0,0,0,0,0,0,1,0,0,1,0,0,0,0,0,0,0,0,0,0,1,0,0,0,0,0,0,0,0,0,1,0,0,1,0,0,0,0,0,0,0,0,0,0,1,0,0,0,0,0,0,0,0,0,1,0,0,1,0,0,0,0,0,0,0,0,0,0,1,0,0,0,0,0,0,0,0,0,1,0,0,1,0,0,0,0,0,0,0,0,0,0,1,0,0,0,0,0,0,0,0,0,0,1,0,0,0,0,0,0,0,0,0,0,0,0,0,0,0,0,0,0,0,0,0,0,0,1,0,0,0,0,0,0,0,0,0,0,0,0,0,0,0,0,0,0,0,0,0,0,0,1,0,0,0,0,0,0,0,0,0,0,0,0,0,0,0,0,0,0,0,0,0,0,0,1,0,0,0,0,0,0,0,0,0,0,0,0,0,0,0,0,0,0,0,0,0,0
Elapsed milliseconds prior 38: 318004
Prior 39 of 49
... 100 steps (44561 ms) ...... 200 steps (195864 ms) ...Complete after 275 pivoting steps
Same as equilibrium 7
Elapsed milliseconds prior 39: 442149
Prior 40 of 49
... 100 steps (43878 ms) ...... 200 steps (194027 ms) ...Complete after 249 pivoting steps
Equilibrium 10
Equilibrium behavior strategies player 1, 2:
0,1,0,0,0,0,0,0,0,0,0,0,0,0,0,0,0,0,0,0,0,0,0,0,0,1,0,0,0,0,0,0,0,0,0,0,0,0,0,0,0,0,0,0,0,0,0,0,1,0,0,1,0,0,0,0,0,0,0,0,0,0,1,0,0,0,0,0,0,0,0,0,1,0,0,1,0,0,0,0,0,0,0,0,0,0,1,0,0,0,0,0,0,0,0,0,1,0,0,1,0,0,0,0,0,0,0,0,0,0,0,0,0,0,0,0,1,0,0,0,1,0,0,1,0,0,0,0,0,0,0,0,0,0,0,0,0,0,0,0,0,0,1,0,1,0,0,1,0,0,0,0,0,0,0,0,0,0,0,0,0,0,0,0,0,0,1337073829373/1659658046040,322584216667/1659658046040,1,0,0,1,0,0,0,0,0,0,0,0,0,0,0,0,0,0,0,0,0,0,0,1,1,0,0,1,0,0,0,0,0,0,0,0,0,0,0,0,0,0,0,0,0,0,0,1,1,0,0,1,0,0,0,0,0,0,0,0,0,0,0,0,0,0,0,0,0,0,0,1
1,0,0,1,0,0,0,0,0,0,0,0,0,0,1,0,0,0,0,0,0,0,0,0,1,0,0,1,0,0,0,0,0,0,0,0,0,0,1,0,0,0,0,0,0,0,0,0,1,0,0,1,0,0,0,0,0,0,0,0,0,0,1,0,0,0,0,0,0,0,0,0,1,0,0,1,0,0,0,0,0,0,0,0,0,0,1,0,0,0,0,0,0,0,0,0,1,0,0,1,0,0,0,0,0,0,0,0,0,0,1,0,0,0,0,0,0,0,0,0,1,0,0,1,0,0,0,0,0,0,0,0,0,0,1,0,0,0,0,0,0,0,0,0,0,1,0,0,0,0,0,0,0,0,0,0,0,0,0,0,0,0,0,0,0,0,0,0,0,1,0,0,0,0,0,0,0,0,0,0,0,0,0,0,0,0,0,0,0,0,0,0,0,1,0,0,0,0,0,0,0,0,0,0,0,0,0,0,0,0,0,0,0,0,0,0,0,1,0,0,0,0,0,0,0,0,0,0,0,0,0,0,0,0,0,0,0,0,0,0
Elapsed milliseconds prior 40: 352846
Prior 41 of 49
... 100 steps (48756 ms) ...... 200 steps (195850 ms) ...Complete after 233 pivoting steps
Same as equilibrium 1
Elapsed milliseconds prior 41: 284899
Prior 42 of 49
... 100 steps (44224 ms) ...... 200 steps (194556 ms) ...Complete after 247 pivoting steps
Equilibrium 11
Equilibrium behavior strategies player 1, 2:
0,1,0,0,0,0,0,0,0,0,0,0,0,0,0,0,0,0,0,0,0,0,0,0,0,1,0,0,0,0,0,0,0,0,0,0,0,0,0,0,0,0,0,0,0,0,0,0,1,0,0,1,0,0,0,0,0,0,0,0,0,0,1,0,0,0,0,0,0,0,0,0,1,0,0,1,0,0,0,0,0,0,0,0,0,0,1,0,0,0,0,0,0,0,0,0,1,0,0,1,0,0,0,0,0,0,0,0,0,0,0,0,0,0,0,0,0,1,0,0,1,0,0,1,0,0,0,0,0,0,0,0,0,0,0,0,0,0,0,0,0,75021132533/493864696560,418843564027/493864696560,0,1,0,0,1,0,0,0,0,0,0,0,0,0,0,0,0,0,0,0,0,0,0,1,0,1,0,0,1,0,0,0,0,0,0,0,0,0,0,0,0,0,0,0,0,0,0,0,1,1,0,0,1,0,0,0,0,0,0,0,0,0,0,0,0,0,0,0,0,0,0,0,1,1,0,0,1,0,0,0,0,0,0,0,0,0,0,0,0,0,0,0,0,0,0,0,1
1,0,0,1,0,0,0,0,0,0,0,0,0,0,1,0,0,0,0,0,0,0,0,0,1,0,0,1,0,0,0,0,0,0,0,0,0,0,1,0,0,0,0,0,0,0,0,0,1,0,0,1,0,0,0,0,0,0,0,0,0,0,1,0,0,0,0,0,0,0,0,0,1,0,0,1,0,0,0,0,0,0,0,0,0,0,1,0,0,0,0,0,0,0,0,0,1,0,0,1,0,0,0,0,0,0,0,0,0,0,1,0,0,0,0,0,0,0,0,0,1,0,0,1,0,0,0,0,0,0,0,0,0,0,1,0,0,0,0,0,0,0,0,0,0,1,0,0,0,0,0,0,0,0,0,0,0,0,0,0,0,0,0,0,0,0,0,0,0,1,0,0,0,0,0,0,0,0,0,0,0,0,0,0,0,0,0,0,0,0,0,0,0,1,0,0,0,0,0,0,0,0,0,0,0,0,0,0,0,0,0,0,0,0,0,0,0,1,0,0,0,0,0,0,0,0,0,0,0,0,0,0,0,0,0,0,0,0,0,0
Elapsed milliseconds prior 42: 343291
Prior 43 of 49
... 100 steps (45428 ms) ...... 200 steps (197346 ms) ...... 300 steps (520253 ms) ...Complete after 329 pivoting steps
Same as equilibrium 1
Elapsed milliseconds prior 43: 594283
Prior 44 of 49
... 100 steps (44787 ms) ...... 200 steps (196934 ms) ...Complete after 233 pivoting steps
Same as equilibrium 2
Elapsed milliseconds prior 44: 285984
Prior 45 of 49
... 100 steps (45829 ms) ...... 200 steps (189200 ms) ...Complete after 227 pivoting steps
Same as equilibrium 4
Elapsed milliseconds prior 45: 261813
Prior 46 of 49
... 100 steps (49151 ms) ...... 200 steps (202723 ms) ...Complete after 225 pivoting steps
Same as equilibrium 1
Elapsed milliseconds prior 46: 272012
Prior 47 of 49
... 100 steps (44462 ms) ...... 200 steps (188387 ms) ...Complete after 247 pivoting steps
Same as equilibrium 2
Elapsed milliseconds prior 47: 312264
Prior 48 of 49
... 100 steps (43711 ms) ...... 200 steps (180415 ms) ...Complete after 235 pivoting steps
Same as equilibrium 1
Elapsed milliseconds prior 48: 281489
Prior 49 of 49
... 100 steps (45443 ms) ...... 200 steps (186785 ms) ...Complete after 217 pivoting steps
Same as equilibrium 3
Elapsed milliseconds prior 49: 234520
Changed to original form:
0,1,0,0,0,0,0,0,0,0,0,0,0,0,0,0,0,0,0,0,0,0,0,0,0,1,0,0,0,0,0,0,0,0,0,0,0,0,0,0,0,0,0,0,0,0,0,0,1,0,0,1,0,0,0,0,0,0,0,0,0,0,1,0,0,0,0,0,0,0,0,0,1,0,0,1,0,0,0,0,0,0,0,0,0,0,1,0,0,0,0,0,0,0,0,0,1,0,0,1,0,0,0,0,0,0,0,0,0,0,0,0,0,0,0,0,0,1,0,0,1,0,0,1,0,0,0,0,0,0,0,0,0,0,0,0,0,0,0,0,0,0,1,0,1,0,0,1,0,0,0,0,0,0,0,0,0,0,0,0,0,0,0,0,0,0,0,1,1,0,0,1,0,0,0,0,0,0,0,0,0,0,0,0,0,0,0,0,0,0,0,1,1,0,0,1,0,0,0,0,0,0,0,0,0,0,0,0,0,0,0,0,0,0,0,1,1,0,0,1,0,0,0,0,0,0,0,0,0,0,0,0,0,0,0,0,0,0,0,1,1,0,0,1,0,0,0,0,0,0,0,0,0,0,1,0,0,0,0,0,0,0,0,0,1,0,0,1,0,0,0,0,0,0,0,0,0,0,1,0,0,0,0,0,0,0,0,0,1,0,0,1,0,0,0,0,0,0,0,0,0,0,1,0,0,0,0,0,0,0,0,0,1,0,0,1,0,0,0,0,0,0,0,0,0,0,1,0,0,0,0,0,0,0,0,0,1,0,0,1,0,0,0,0,0,0,0,0,0,0,1,0,0,0,0,0,0,0,0,0,1,0,0,1,0,0,0,0,0,0,0,0,0,0,1,0,0,0,0,0,0,0,0,0,0,1,0,0,0,0,0,0,0,0,0,0,0,0,0,0,0,0,0,0,0,0,0,0,0,1,0,0,0,0,0,0,0,0,0,0,0,0,0,0,0,0,0,0,0,0,0,0,0,1,0,0,0,0,0,0,0,0,0,0,0,0,0,0,0,0,0,0,0,0,0,0,0,1,0,0,0,0,0,0,0,0,0,0,0,0,0,0,0,0,0,0,0,0,0,0
Changed to original form:
0,1,0,0,0,0,0,0,0,0,0,0,0,0,0,0,0,0,0,0,0,0,0,0,0,1,0,0,0,0,0,0,0,0,0,0,0,0,0,0,0,0,0,0,0,0,0,0,1,0,0,1,0,0,0,0,0,0,0,0,0,0,1,0,0,0,0,0,0,0,0,0,1,0,0,1,0,0,0,0,0,0,0,0,0,0,1,0,0,0,0,0,0,0,0,0,1,0,0,1,0,0,0,0,0,0,0,0,0,0,0,0,0,0,0,0,0,0,1,0,1,0,0,1,0,0,0,0,0,0,0,0,0,0,0,0,0,0,0,0,0,0,1,0,1,0,0,1,0,0,0,0,0,0,0,0,0,0,0,0,0,0,0,0,0,0,0,1,1,0,0,1,0,0,0,0,0,0,0,0,0,0,0,0,0,0,0,0,0,0,0,1,1,0,0,1,0,0,0,0,0,0,0,0,0,0,0,0,0,0,0,0,0,0,0,1,1,0,0,1,0,0,0,0,0,0,0,0,0,0,0,0,0,0,0,0,0,0,0,1,1,0,0,1,0,0,0,0,0,0,0,0,0,0,1,0,0,0,0,0,0,0,0,0,1,0,0,1,0,0,0,0,0,0,0,0,0,0,1,0,0,0,0,0,0,0,0,0,1,0,0,1,0,0,0,0,0,0,0,0,0,0,1,0,0,0,0,0,0,0,0,0,1,0,0,1,0,0,0,0,0,0,0,0,0,0,1,0,0,0,0,0,0,0,0,0,1,0,0,1,0,0,0,0,0,0,0,0,0,0,1,0,0,0,0,0,0,0,0,0,1,0,0,1,0,0,0,0,0,0,0,0,0,0,1,0,0,0,0,0,0,0,0,0,0,1,0,0,0,0,0,0,0,0,0,0,0,0,0,0,0,0,0,0,0,0,0,0,0,1,0,0,0,0,0,0,0,0,0,0,0,0,0,0,0,0,0,0,0,0,0,0,0,1,0,0,0,0,0,0,0,0,0,0,0,0,0,0,0,0,0,0,0,0,0,0,0,1,0,0,0,0,0,0,0,0,0,0,0,0,0,0,0,0,0,0,0,0,0,0
Changed to original form:
0,1,0,0,0,0,0,0,0,0,0,0,0,0,0,0,0,0,0,0,0,0,0,0,0,1,0,0,0,0,0,0,0,0,0,0,0,0,0,0,0,0,0,0,0,0,0,0,1,0,0,1,0,0,0,0,0,0,0,0,0,0,1,0,0,0,0,0,0,0,0,0,1,0,0,1,0,0,0,0,0,0,0,0,0,0,1,0,0,0,0,0,0,0,0,0,1,0,0,1,0,0,0,0,0,0,0,0,0,0,0,0,0,0,0,0,0,1,0,0,1,0,0,1,0,0,0,0,0,0,0,0,0,0,0,0,0,0,0,0,0,0,0,1,1,0,0,1,0,0,0,0,0,0,0,0,0,0,0,0,0,0,0,0,0,0,0,1,1,0,0,1,0,0,0,0,0,0,0,0,0,0,0,0,0,0,0,0,0,0,0,1,1,0,0,1,0,0,0,0,0,0,0,0,0,0,0,0,0,0,0,0,0,0,0,1,1,0,0,1,0,0,0,0,0,0,0,0,0,0,0,0,0,0,0,0,0,0,0,1,1,0,0,1,0,0,0,0,0,0,0,0,0,0,1,0,0,0,0,0,0,0,0,0,1,0,0,1,0,0,0,0,0,0,0,0,0,0,1,0,0,0,0,0,0,0,0,0,1,0,0,1,0,0,0,0,0,0,0,0,0,0,1,0,0,0,0,0,0,0,0,0,1,0,0,1,0,0,0,0,0,0,0,0,0,0,1,0,0,0,0,0,0,0,0,0,1,0,0,1,0,0,0,0,0,0,0,0,0,0,1,0,0,0,0,0,0,0,0,0,1,0,0,1,0,0,0,0,0,0,0,0,0,0,1,0,0,0,0,0,0,0,0,0,0,1,0,0,0,0,0,0,0,0,0,0,0,0,0,0,0,0,0,0,0,0,0,0,0,1,0,0,0,0,0,0,0,0,0,0,0,0,0,0,0,0,0,0,0,0,0,0,0,1,0,0,0,0,0,0,0,0,0,0,0,0,0,0,0,0,0,0,0,0,0,0,0,1,0,0,0,0,0,0,0,0,0,0,0,0,0,0,0,0,0,0,0,0,0,0
Changed to original form:
0,1,0,0,0,0,0,0,0,0,0,0,0,0,0,0,0,0,0,0,0,0,0,0,0,1,0,0,0,0,0,0,0,0,0,0,0,0,0,0,0,0,0,0,0,0,0,0,1,0,0,1,0,0,0,0,0,0,0,0,0,0,1,0,0,0,0,0,0,0,0,0,1,0,0,1,0,0,0,0,0,0,0,0,0,0,1,0,0,0,0,0,0,0,0,0,1,0,0,1,0,0,0,0,0,0,0,0,0,0,0,0,0,0,0,0,0,0,1,0,1,0,0,1,0,0,0,0,0,0,0,0,0,0,0,0,0,0,0,0,0,0,0,1,1,0,0,1,0,0,0,0,0,0,0,0,0,0,0,0,0,0,0,0,0,0,0,1,1,0,0,1,0,0,0,0,0,0,0,0,0,0,0,0,0,0,0,0,0,0,0,1,1,0,0,1,0,0,0,0,0,0,0,0,0,0,0,0,0,0,0,0,0,0,0,1,1,0,0,1,0,0,0,0,0,0,0,0,0,0,0,0,0,0,0,0,0,0,0,1,1,0,0,1,0,0,0,0,0,0,0,0,0,0,1,0,0,0,0,0,0,0,0,0,1,0,0,1,0,0,0,0,0,0,0,0,0,0,1,0,0,0,0,0,0,0,0,0,1,0,0,1,0,0,0,0,0,0,0,0,0,0,1,0,0,0,0,0,0,0,0,0,1,0,0,1,0,0,0,0,0,0,0,0,0,0,1,0,0,0,0,0,0,0,0,0,1,0,0,1,0,0,0,0,0,0,0,0,0,0,1,0,0,0,0,0,0,0,0,0,1,0,0,1,0,0,0,0,0,0,0,0,0,0,1,0,0,0,0,0,0,0,0,0,0,1,0,0,0,0,0,0,0,0,0,0,0,0,0,0,0,0,0,0,0,0,0,0,0,1,0,0,0,0,0,0,0,0,0,0,0,0,0,0,0,0,0,0,0,0,0,0,0,1,0,0,0,0,0,0,0,0,0,0,0,0,0,0,0,0,0,0,0,0,0,0,0,1,0,0,0,0,0,0,0,0,0,0,0,0,0,0,0,0,0,0,0,0,0,0
Changed to original form:
0,1,0,0,0,0,0,0,0,0,0,0,0,0,0,0,0,0,0,0,0,0,0,0,0,1,0,0,0,0,0,0,0,0,0,0,0,0,0,0,0,0,0,0,0,0,0,0,1,0,0,1,0,0,0,0,0,0,0,0,0,0,1,0,0,0,0,0,0,0,0,0,1,0,0,1,0,0,0,0,0,0,0,0,0,0,1,0,0,0,0,0,0,0,0,0,1,0,0,1,0,0,0,0,0,0,0,0,0,0,0,0,0,0,0,0,75021132533/397605349200,322584216667/397605349200,0,0,1,0,0,1,0,0,0,0,0,0,0,0,0,0,0,0,0,0,0,0,0,0,1,0,1,0,0,1,0,0,0,0,0,0,0,0,0,0,0,0,0,0,0,0,0,0,1,0,1,0,0,1,0,0,0,0,0,0,0,0,0,0,0,0,0,0,0,0,0,0,0,1,1,0,0,1,0,0,0,0,0,0,0,0,0,0,0,0,0,0,0,0,0,0,0,1,1,0,0,1,0,0,0,0,0,0,0,0,0,0,0,0,0,0,0,0,0,0,0,1,1,0,0,1,0,0,0,0,0,0,0,0,0,0,1,0,0,0,0,0,0,0,0,0,1,0,0,1,0,0,0,0,0,0,0,0,0,0,1,0,0,0,0,0,0,0,0,0,1,0,0,1,0,0,0,0,0,0,0,0,0,0,1,0,0,0,0,0,0,0,0,0,1,0,0,1,0,0,0,0,0,0,0,0,0,0,1,0,0,0,0,0,0,0,0,0,1,0,0,1,0,0,0,0,0,0,0,0,0,0,1,0,0,0,0,0,0,0,0,0,1,0,0,1,0,0,0,0,0,0,0,0,0,0,1,0,0,0,0,0,0,0,0,0,0,1,0,0,0,0,0,0,0,0,0,0,0,0,0,0,0,0,0,0,0,0,0,0,0,1,0,0,0,0,0,0,0,0,0,0,0,0,0,0,0,0,0,0,0,0,0,0,0,1,0,0,0,0,0,0,0,0,0,0,0,0,0,0,0,0,0,0,0,0,0,0,0,1,0,0,0,0,0,0,0,0,0,0,0,0,0,0,0,0,0,0,0,0,0,0
Changed to original form:
0,1,0,0,0,0,0,0,0,0,0,0,0,0,0,0,0,0,0,0,0,0,0,0,0,1,0,0,0,0,0,0,0,0,0,0,0,0,0,0,0,0,0,0,0,0,0,0,1,0,0,1,0,0,0,0,0,0,0,0,0,0,1,0,0,0,0,0,0,0,0,0,1,0,0,1,0,0,0,0,0,0,0,0,0,0,1,0,0,0,0,0,0,0,0,0,1,0,0,1,0,0,0,0,0,0,0,0,0,0,0,0,0,0,0,0,0,0,1,0,1,0,0,1,0,0,0,0,0,0,0,0,0,0,0,0,0,0,0,0,0,0,1,0,1,0,0,1,0,0,0,0,0,0,0,0,0,0,0,0,0,0,0,0,0,0,1,0,1,0,0,1,0,0,0,0,0,0,0,0,0,0,0,0,0,0,0,0,0,0,0,1,1,0,0,1,0,0,0,0,0,0,0,0,0,0,0,0,0,0,0,0,0,0,0,1,1,0,0,1,0,0,0,0,0,0,0,0,0,0,0,0,0,0,0,0,0,0,0,1,1,0,0,1,0,0,0,0,0,0,0,0,0,0,1,0,0,0,0,0,0,0,0,0,1,0,0,1,0,0,0,0,0,0,0,0,0,0,1,0,0,0,0,0,0,0,0,0,1,0,0,1,0,0,0,0,0,0,0,0,0,0,1,0,0,0,0,0,0,0,0,0,1,0,0,1,0,0,0,0,0,0,0,0,0,0,1,0,0,0,0,0,0,0,0,0,1,0,0,1,0,0,0,0,0,0,0,0,0,0,1,0,0,0,0,0,0,0,0,0,1,0,0,1,0,0,0,0,0,0,0,0,0,0,1,0,0,0,0,0,0,0,0,0,0,1,0,0,0,0,0,0,0,0,0,0,0,0,0,0,0,0,0,0,0,0,0,0,0,1,0,0,0,0,0,0,0,0,0,0,0,0,0,0,0,0,0,0,0,0,0,0,0,1,0,0,0,0,0,0,0,0,0,0,0,0,0,0,0,0,0,0,0,0,0,0,0,1,0,0,0,0,0,0,0,0,0,0,0,0,0,0,0,0,0,0,0,0,0,0
Changed to original form:
0,1,0,0,0,0,0,0,0,0,0,0,0,0,0,0,0,0,0,0,0,0,0,0,0,1,0,0,0,0,0,0,0,0,0,0,0,0,0,0,0,0,0,0,0,0,0,0,1,0,0,1,0,0,0,0,0,0,0,0,0,0,1,0,0,0,0,0,0,0,0,0,1,0,0,1,0,0,0,0,0,0,0,0,0,0,1,0,0,0,0,0,0,0,0,0,1,0,0,1,0,0,0,0,0,0,0,0,0,0,0,0,0,0,0,0,0,1,0,0,1,0,0,1,0,0,0,0,0,0,0,0,0,0,0,0,0,0,0,0,0,0,1,0,1,0,0,1,0,0,0,0,0,0,0,0,0,0,0,0,0,0,0,0,0,0,1,0,1,0,0,1,0,0,0,0,0,0,0,0,0,0,0,0,0,0,0,0,0,0,0,1,1,0,0,1,0,0,0,0,0,0,0,0,0,0,0,0,0,0,0,0,0,0,0,1,1,0,0,1,0,0,0,0,0,0,0,0,0,0,0,0,0,0,0,0,0,0,0,1,1,0,0,1,0,0,0,0,0,0,0,0,0,0,1,0,0,0,0,0,0,0,0,0,1,0,0,1,0,0,0,0,0,0,0,0,0,0,1,0,0,0,0,0,0,0,0,0,1,0,0,1,0,0,0,0,0,0,0,0,0,0,1,0,0,0,0,0,0,0,0,0,1,0,0,1,0,0,0,0,0,0,0,0,0,0,1,0,0,0,0,0,0,0,0,0,1,0,0,1,0,0,0,0,0,0,0,0,0,0,1,0,0,0,0,0,0,0,0,0,1,0,0,1,0,0,0,0,0,0,0,0,0,0,1,0,0,0,0,0,0,0,0,0,0,1,0,0,0,0,0,0,0,0,0,0,0,0,0,0,0,0,0,0,0,0,0,0,0,1,0,0,0,0,0,0,0,0,0,0,0,0,0,0,0,0,0,0,0,0,0,0,0,1,0,0,0,0,0,0,0,0,0,0,0,0,0,0,0,0,0,0,0,0,0,0,0,1,0,0,0,0,0,0,0,0,0,0,0,0,0,0,0,0,0,0,0,0,0,0
Changed to original form:
0,1,0,0,0,0,0,0,0,0,0,0,0,0,0,0,0,0,0,0,0,0,0,0,0,1,0,0,0,0,0,0,0,0,0,0,0,0,0,0,0,0,0,0,0,0,0,0,1,0,0,1,0,0,0,0,0,0,0,0,0,0,1,0,0,0,0,0,0,0,0,0,1,0,0,1,0,0,0,0,0,0,0,0,0,0,1,0,0,0,0,0,0,0,0,0,1,0,0,1,0,0,0,0,0,0,0,0,0,0,0,0,0,0,0,0,0,1,0,0,1,0,0,1,0,0,0,0,0,0,0,0,0,0,0,0,0,0,0,0,0,2337933323381/2468720105040,130786781659/2468720105040,0,1,0,0,1,0,0,0,0,0,0,0,0,0,0,0,0,0,0,0,0,0,0,1583819564297/2074699326420,490879762123/2074699326420,1,0,0,1,0,0,0,0,0,0,0,0,0,0,0,0,0,0,0,0,0,0,0,1,1,0,0,1,0,0,0,0,0,0,0,0,0,0,0,0,0,0,0,0,0,0,0,1,1,0,0,1,0,0,0,0,0,0,0,0,0,0,0,0,0,0,0,0,0,0,0,1,1,0,0,1,0,0,0,0,0,0,0,0,0,0,1,0,0,0,0,0,0,0,0,0,1,0,0,1,0,0,0,0,0,0,0,0,0,0,1,0,0,0,0,0,0,0,0,0,1,0,0,1,0,0,0,0,0,0,0,0,0,0,1,0,0,0,0,0,0,0,0,0,1,0,0,1,0,0,0,0,0,0,0,0,0,0,1,0,0,0,0,0,0,0,0,0,1,0,0,1,0,0,0,0,0,0,0,0,0,0,1,0,0,0,0,0,0,0,0,0,1,0,0,1,0,0,0,0,0,0,0,0,0,0,1,0,0,0,0,0,0,0,0,0,0,1,0,0,0,0,0,0,0,0,0,0,0,0,0,0,0,0,0,0,0,0,0,0,0,1,0,0,0,0,0,0,0,0,0,0,0,0,0,0,0,0,0,0,0,0,0,0,0,1,0,0,0,0,0,0,0,0,0,0,0,0,0,0,0,0,0,0,0,0,0,0,0,1,0,0,0,0,0,0,0,0,0,0,0,0,0,0,0,0,0,0,0,0,0,0
Changed to original form:
0,1,0,0,0,0,0,0,0,0,0,0,0,0,0,0,0,0,0,0,0,0,0,0,0,1,0,0,0,0,0,0,0,0,0,0,0,0,0,0,0,0,0,0,0,0,0,0,1,0,0,1,0,0,0,0,0,0,0,0,0,0,1,0,0,0,0,0,0,0,0,0,1,0,0,1,0,0,0,0,0,0,0,0,0,0,1,0,0,0,0,0,0,0,0,0,1,0,0,1,0,0,0,0,0,0,0,0,0,0,0,0,0,0,0,0,0,1,0,0,1,0,0,1,0,0,0,0,0,0,0,0,0,0,0,0,0,0,0,0,0,2337933323381/2468720105040,130786781659/2468720105040,0,1,0,0,1,0,0,0,0,0,0,0,0,0,0,0,0,0,0,0,0,0,0,0,1,1,0,0,1,0,0,0,0,0,0,0,0,0,0,0,0,0,0,0,0,0,0,0,1,1,0,0,1,0,0,0,0,0,0,0,0,0,0,0,0,0,0,0,0,0,0,0,1,1,0,0,1,0,0,0,0,0,0,0,0,0,0,0,0,0,0,0,0,0,0,0,1,1,0,0,1,0,0,0,0,0,0,0,0,0,0,1,0,0,0,0,0,0,0,0,0,1,0,0,1,0,0,0,0,0,0,0,0,0,0,1,0,0,0,0,0,0,0,0,0,1,0,0,1,0,0,0,0,0,0,0,0,0,0,1,0,0,0,0,0,0,0,0,0,1,0,0,1,0,0,0,0,0,0,0,0,0,0,1,0,0,0,0,0,0,0,0,0,1,0,0,1,0,0,0,0,0,0,0,0,0,0,1,0,0,0,0,0,0,0,0,0,1,0,0,1,0,0,0,0,0,0,0,0,0,0,1,0,0,0,0,0,0,0,0,0,0,1,0,0,0,0,0,0,0,0,0,0,0,0,0,0,0,0,0,0,0,0,0,0,0,1,0,0,0,0,0,0,0,0,0,0,0,0,0,0,0,0,0,0,0,0,0,0,0,1,0,0,0,0,0,0,0,0,0,0,0,0,0,0,0,0,0,0,0,0,0,0,0,1,0,0,0,0,0,0,0,0,0,0,0,0,0,0,0,0,0,0,0,0,0,0
Changed to original form:
0,1,0,0,0,0,0,0,0,0,0,0,0,0,0,0,0,0,0,0,0,0,0,0,0,1,0,0,0,0,0,0,0,0,0,0,0,0,0,0,0,0,0,0,0,0,0,0,1,0,0,1,0,0,0,0,0,0,0,0,0,0,1,0,0,0,0,0,0,0,0,0,1,0,0,1,0,0,0,0,0,0,0,0,0,0,1,0,0,0,0,0,0,0,0,0,1,0,0,1,0,0,0,0,0,0,0,0,0,0,0,0,0,0,0,0,1,0,0,0,1,0,0,1,0,0,0,0,0,0,0,0,0,0,0,0,0,0,0,0,0,0,1,0,1,0,0,1,0,0,0,0,0,0,0,0,0,0,0,0,0,0,0,0,0,0,1337073829373/1659658046040,322584216667/1659658046040,1,0,0,1,0,0,0,0,0,0,0,0,0,0,0,0,0,0,0,0,0,0,0,1,1,0,0,1,0,0,0,0,0,0,0,0,0,0,0,0,0,0,0,0,0,0,0,1,1,0,0,1,0,0,0,0,0,0,0,0,0,0,0,0,0,0,0,0,0,0,0,1,1,0,0,1,0,0,0,0,0,0,0,0,0,0,1,0,0,0,0,0,0,0,0,0,1,0,0,1,0,0,0,0,0,0,0,0,0,0,1,0,0,0,0,0,0,0,0,0,1,0,0,1,0,0,0,0,0,0,0,0,0,0,1,0,0,0,0,0,0,0,0,0,1,0,0,1,0,0,0,0,0,0,0,0,0,0,1,0,0,0,0,0,0,0,0,0,1,0,0,1,0,0,0,0,0,0,0,0,0,0,1,0,0,0,0,0,0,0,0,0,1,0,0,1,0,0,0,0,0,0,0,0,0,0,1,0,0,0,0,0,0,0,0,0,0,1,0,0,0,0,0,0,0,0,0,0,0,0,0,0,0,0,0,0,0,0,0,0,0,1,0,0,0,0,0,0,0,0,0,0,0,0,0,0,0,0,0,0,0,0,0,0,0,1,0,0,0,0,0,0,0,0,0,0,0,0,0,0,0,0,0,0,0,0,0,0,0,1,0,0,0,0,0,0,0,0,0,0,0,0,0,0,0,0,0,0,0,0,0,0
Changed to original form:
0,1,0,0,0,0,0,0,0,0,0,0,0,0,0,0,0,0,0,0,0,0,0,0,0,1,0,0,0,0,0,0,0,0,0,0,0,0,0,0,0,0,0,0,0,0,0,0,1,0,0,1,0,0,0,0,0,0,0,0,0,0,1,0,0,0,0,0,0,0,0,0,1,0,0,1,0,0,0,0,0,0,0,0,0,0,1,0,0,0,0,0,0,0,0,0,1,0,0,1,0,0,0,0,0,0,0,0,0,0,0,0,0,0,0,0,0,1,0,0,1,0,0,1,0,0,0,0,0,0,0,0,0,0,0,0,0,0,0,0,0,75021132533/493864696560,418843564027/493864696560,0,1,0,0,1,0,0,0,0,0,0,0,0,0,0,0,0,0,0,0,0,0,0,1,0,1,0,0,1,0,0,0,0,0,0,0,0,0,0,0,0,0,0,0,0,0,0,0,1,1,0,0,1,0,0,0,0,0,0,0,0,0,0,0,0,0,0,0,0,0,0,0,1,1,0,0,1,0,0,0,0,0,0,0,0,0,0,0,0,0,0,0,0,0,0,0,1,1,0,0,1,0,0,0,0,0,0,0,0,0,0,1,0,0,0,0,0,0,0,0,0,1,0,0,1,0,0,0,0,0,0,0,0,0,0,1,0,0,0,0,0,0,0,0,0,1,0,0,1,0,0,0,0,0,0,0,0,0,0,1,0,0,0,0,0,0,0,0,0,1,0,0,1,0,0,0,0,0,0,0,0,0,0,1,0,0,0,0,0,0,0,0,0,1,0,0,1,0,0,0,0,0,0,0,0,0,0,1,0,0,0,0,0,0,0,0,0,1,0,0,1,0,0,0,0,0,0,0,0,0,0,1,0,0,0,0,0,0,0,0,0,0,1,0,0,0,0,0,0,0,0,0,0,0,0,0,0,0,0,0,0,0,0,0,0,0,1,0,0,0,0,0,0,0,0,0,0,0,0,0,0,0,0,0,0,0,0,0,0,0,1,0,0,0,0,0,0,0,0,0,0,0,0,0,0,0,0,0,0,0,0,0,0,0,1,0,0,0,0,0,0,0,0,0,0,0,0,0,0,0,0,0,0,0,0,0,0
Perfect equilibrium confirmed 189 ms
Perfect equilibrium confirmed 144 ms
Perfect equilibrium confirmed 152 ms
Perfect equilibrium confirmed 154 ms
Perfect equilibrium confirmed 149 ms
Perfect equilibrium confirmed 145 ms
Perfect equilibrium confirmed 149 ms
Perfect equilibrium confirmed 149 ms
Perfect equilibrium confirmed 148 ms
Perfect equilibrium confirmed 149 ms
Perfect equilibrium confirmed 151 ms
Verified recoveries: 50; requested: 50; distinct profiles: 11.

Specification-Baseline__Cost-1__Fee-British__Starts-50-Eq1
Result using all paths playing CurrentProbability
Best iteration 1000 best exploitability 8.881784197001252E-16
Scenario index 0 Name: Option set Specification-Baseline__Cost-1__Fee-British__Starts-50
Avg BR: 8.881784197001252E-16 Perturbed refinement: 1 Custom: 0.822, 0.439, 0.256, 0
U(P0): 10.358576437355264 BR score 10.35857643735526 BRimp: -3.5499999999999997E-15
U(P1): 9.375457883906705 BR score 9.37545788390671 BRimp: 5.33E-15
Total best response calculation time: 22 milliseconds


Elapsed milliseconds report for eq 1 of 11: 304

Specification-Baseline__Cost-1__Fee-British__Starts-50-Eq2
Result using all paths playing CurrentProbability
Exploitability over time:
8.882000000000001E-16
Best iteration 1000 best exploitability 8.881784197001252E-16
Scenario index 0 Name: Option set Specification-Baseline__Cost-1__Fee-British__Starts-50
Avg BR: 8.881784197001252E-16 Perturbed refinement: 1 Custom: 0.822, 0.439, 0.256, 0
U(P0): 10.358576437355264 BR score 10.35857643735526 BRimp: -3.5499999999999997E-15
U(P1): 9.375457883906705 BR score 9.37545788390671 BRimp: 5.33E-15
Total best response calculation time: 22 milliseconds


Elapsed milliseconds report for eq 2 of 11: 198

Specification-Baseline__Cost-1__Fee-British__Starts-50-Eq3
Result using all paths playing CurrentProbability
Exploitability over time:
8.882000000000001E-16,8.882000000000001E-16
Best iteration 1000 best exploitability 8.881784197001252E-16
Scenario index 0 Name: Option set Specification-Baseline__Cost-1__Fee-British__Starts-50
Avg BR: 8.881784197001252E-16 Perturbed refinement: ∞ Custom: 0.822, 0.439, 0.256, 0
U(P0): 10.358576437355264 BR score 10.35857643735526 BRimp: -3.5499999999999997E-15
U(P1): 9.375457883906707 BR score 9.37545788390671 BRimp: 5.33E-15
Total best response calculation time: 14 milliseconds


Elapsed milliseconds report for eq 3 of 11: 184

Specification-Baseline__Cost-1__Fee-British__Starts-50-Eq4
Result using all paths playing CurrentProbability
Exploitability over time:
8.882000000000001E-16,8.882000000000001E-16,8.882000000000001E-16
Best iteration 1000 best exploitability 8.881784197001252E-16
Scenario index 0 Name: Option set Specification-Baseline__Cost-1__Fee-British__Starts-50
Avg BR: 8.881784197001252E-16 Perturbed refinement: 1 Custom: 0.822, 0.439, 0.256, 0
U(P0): 10.358576437355264 BR score 10.35857643735526 BRimp: -3.5499999999999997E-15
U(P1): 9.375457883906705 BR score 9.37545788390671 BRimp: 5.33E-15
Total best response calculation time: 15 milliseconds


Elapsed milliseconds report for eq 4 of 11: 260

Specification-Baseline__Cost-1__Fee-British__Starts-50-Eq5
Result using all paths playing CurrentProbability
Exploitability over time:
8.882000000000001E-16,8.882000000000001E-16,8.882000000000001E-16,8.882000000000001E-16
Best iteration 1000 best exploitability 8.881784197001252E-16
Scenario index 0 Name: Option set Specification-Baseline__Cost-1__Fee-British__Starts-50
Avg BR: 8.881784197001252E-16 Perturbed refinement: 0.5 Custom: 0.822, 0.439, 0.256, 0
U(P0): 10.358576437355264 BR score 10.35857643735526 BRimp: -3.5499999999999997E-15
U(P1): 9.375457883906705 BR score 9.37545788390671 BRimp: 5.33E-15
Total best response calculation time: 14 milliseconds


Elapsed milliseconds report for eq 5 of 11: 236

Specification-Baseline__Cost-1__Fee-British__Starts-50-Eq6
Result using all paths playing CurrentProbability
Exploitability over time:
8.882000000000001E-16,8.882000000000001E-16,8.882000000000001E-16,8.882000000000001E-16,8.882000000000001E-16
Best iteration 1000 best exploitability 8.881784197001252E-16
Scenario index 0 Name: Option set Specification-Baseline__Cost-1__Fee-British__Starts-50
Avg BR: 8.881784197001252E-16 Perturbed refinement: 1 Custom: 0.822, 0.439, 0.256, 0
U(P0): 10.358576437355264 BR score 10.35857643735526 BRimp: -3.5499999999999997E-15
U(P1): 9.375457883906705 BR score 9.37545788390671 BRimp: 5.33E-15
Total best response calculation time: 15 milliseconds


Elapsed milliseconds report for eq 6 of 11: 117

Specification-Baseline__Cost-1__Fee-British__Starts-50-Eq7
Result using all paths playing CurrentProbability
Exploitability over time:
8.882000000000001E-16,8.882000000000001E-16,8.882000000000001E-16,8.882000000000001E-16,8.882000000000001E-16,8.882000000000001E-16
Best iteration 1000 best exploitability 8.881784197001252E-16
Scenario index 0 Name: Option set Specification-Baseline__Cost-1__Fee-British__Starts-50
Avg BR: 8.881784197001252E-16 Perturbed refinement: -1 Custom: 0.822, 0.439, 0.256, 0
U(P0): 10.358576437355264 BR score 10.35857643735526 BRimp: -3.5499999999999997E-15
U(P1): 9.375457883906707 BR score 9.37545788390671 BRimp: 5.33E-15
Total best response calculation time: 15 milliseconds


Elapsed milliseconds report for eq 7 of 11: 133

Specification-Baseline__Cost-1__Fee-British__Starts-50-Eq8
Result using all paths playing CurrentProbability
Exploitability over time:
8.882000000000001E-16,8.882000000000001E-16,8.882000000000001E-16,8.882000000000001E-16,8.882000000000001E-16,8.882000000000001E-16,8.882000000000001E-16
Best iteration 1000 best exploitability 8.881784197001252E-16
Scenario index 0 Name: Option set Specification-Baseline__Cost-1__Fee-British__Starts-50
Avg BR: 8.881784197001252E-16 Perturbed refinement: 1 Custom: 0.822, 0.439, 0.256, 0
U(P0): 10.358576437355264 BR score 10.35857643735526 BRimp: -3.5499999999999997E-15
U(P1): 9.375457883906705 BR score 9.37545788390671 BRimp: 5.33E-15
Total best response calculation time: 14 milliseconds


Elapsed milliseconds report for eq 8 of 11: 131

Specification-Baseline__Cost-1__Fee-British__Starts-50-Eq9
Result using all paths playing CurrentProbability
Exploitability over time:
8.882000000000001E-16,8.882000000000001E-16,8.882000000000001E-16,8.882000000000001E-16,8.882000000000001E-16,8.882000000000001E-16,8.882000000000001E-16,8.882000000000001E-16
Best iteration 1000 best exploitability 8.881784197001252E-16
Scenario index 0 Name: Option set Specification-Baseline__Cost-1__Fee-British__Starts-50
Avg BR: 8.881784197001252E-16 Perturbed refinement: 1 Custom: 0.822, 0.439, 0.256, 0
U(P0): 10.358576437355264 BR score 10.35857643735526 BRimp: -3.5499999999999997E-15
U(P1): 9.375457883906705 BR score 9.37545788390671 BRimp: 5.33E-15
Total best response calculation time: 14 milliseconds


Elapsed milliseconds report for eq 9 of 11: 123

Specification-Baseline__Cost-1__Fee-British__Starts-50-Eq10
Result using all paths playing CurrentProbability
Exploitability over time:
8.882000000000001E-16,8.882000000000001E-16,8.882000000000001E-16,8.882000000000001E-16,8.882000000000001E-16,8.882000000000001E-16,8.882000000000001E-16,8.882000000000001E-16,8.882000000000001E-16
Best iteration 1000 best exploitability 0
Scenario index 0 Name: Option set Specification-Baseline__Cost-1__Fee-British__Starts-50
Avg BR: 0 Custom: 0.822, 0.439, 0.256, 0
U(P0): 10.358576437355264 BR score 10.35857643735526 BRimp: -3.5499999999999997E-15
U(P1): 9.375457883906705 BR score 9.37545788390671 BRimp: 3.5499999999999997E-15
Total best response calculation time: 15 milliseconds


Elapsed milliseconds report for eq 10 of 11: 132

Specification-Baseline__Cost-1__Fee-British__Starts-50-Eq11
Result using all paths playing CurrentProbability
Exploitability over time:
8.882000000000001E-16,8.882000000000001E-16,8.882000000000001E-16,8.882000000000001E-16,8.882000000000001E-16,8.882000000000001E-16,8.882000000000001E-16,8.882000000000001E-16,8.882000000000001E-16,0
Best iteration 1000 best exploitability 0
Scenario index 0 Name: Option set Specification-Baseline__Cost-1__Fee-British__Starts-50
Avg BR: 0 Perturbed refinement: 1 Custom: 0.822, 0.439, 0.256, 0
U(P0): 10.358576437355264 BR score 10.35857643735526 BRimp: -3.5499999999999997E-15
U(P1): 9.375457883906705 BR score 9.37545788390671 BRimp: 3.5499999999999997E-15
Total best response calculation time: 14 milliseconds


Elapsed milliseconds report for eq 11 of 11: 131
Elapsed milliseconds generating correlated equilibrium report: 580

Specification-Baseline__Cost-1__Fee-British__Starts-50-Avg
Result using all paths playing AverageStrategy
Exploitability over time:
8.882000000000001E-16,8.882000000000001E-16,8.882000000000001E-16,8.882000000000001E-16,8.882000000000001E-16,8.882000000000001E-16,8.882000000000001E-16,8.882000000000001E-16,8.882000000000001E-16,0,8.882000000000001E-16
Best iteration 1000 best exploitability 0
Scenario index 0 Name: Option set Specification-Baseline__Cost-1__Fee-British__Starts-50
Avg BR: 0 Perturbed refinement: ∞ Custom: 0.822, 0.439, 0.256, 0
U(P0): 10.358576437355264 BR score 10.35857643735526 BRimp: -3.5499999999999997E-15
U(P1): 9.375457883906705 BR score 9.37545788390671 BRimp: 3.5499999999999997E-15
Total best response calculation time: 14 milliseconds


Elapsed milliseconds generating average equilibrium report: 120
Writing report to blob
Report written to blob
