Worker 5 starting; PID 72476; plan 16B054AA16DE00EC8C466C8C264591F8C4B06C51D639FFB899A302721D979CE0.
Starting participation in distributed processing
Starting participation in CS004ME

Percentage Complete 0.00% of 6; pending 6; failed 0; unstarted 0
Updated status (total 75 milliseconds)
Task to do: Optimize ID 5 Repetition 0 Started:2026-09-16T07:07:11.0139970Z Complete:False Failed:False
Beginning task Optimize (ID 5) time 9/16/2026 3:07:11 AM
Using SequenceForm
Game: LitigationGame: Specification-ModerateRiskAversion__Cost-1__Fee-British__Starts-50
CollapseChanceDecisions True
NumOffers 10   
NumPotentialBargainingRounds 1  BargainingRoundsSimultaneous True SimultaneousOffersUltimatelyRevealed True 
NumLiabilityStrengthPoints 2 NumLiabilitySignals 10 PLiabilityNoiseStdev 0.2 DLiabilityNoiseStdev 0.2 CourtLiabilityNoiseStdev 0.2 
NumDamagesStrengthPoints 1 NumDamagesSignals 1 PDamagesNoiseStdev 0.1 DDamagesNoiseStdev 0.1 CourtDamagesNoiseStdev 0.15 
SkipFileAndAnswerDecisions False AllowAbandonAndDefaults True PredeterminedAbandonAndDefaults True IncludeAgreementToBargainDecisions False DeltaOffersOptions N/A 
CostsMultiplier 1 PTrialCosts 0.15 DTrialCosts 0.15 PFilingCost 0.15 DAnswerCost 0.15 PerPartyCostsLeadingUpToBargainingRound 0 
LoserPays True Multiple 1 AfterAbandonment False Rule68 False Margin False (0.7)
PInitialWealth 10 DInitialWealth 10 
DamagesMin 0 DamagesMax 1 DamagesMultiplier 1
RegretAversion 0 
PUtilityCalculator CARA Alpha=2 DUtilityCalculator CARA Alpha=2 
LitigGameDisputeGenerator LitigGameUniformQualityDisputeGenerator QualityDistribution=Uniform(0,1);TruthGivenQuality=Bernoulli(q);GaussLegendreOrder=64
WarmStartOptions NoWarmStart for  iterations
Initializing all game paths...
... Chance nodes 111 decision nodes 4900 (80 information sets) final nodes 40200 total nodes 45211 Initialization milliseconds 1074
Prepping accelerated best response...
... 193 milliseconds. Chance nodes 111 decision nodes 4900 (80 information sets) final nodes 40200 total nodes 45211
Calculating min-max...
... complete 93 milliseconds
Option set Specification-ModerateRiskAversion__Cost-1__Fee-British__Starts-50
Using exact arithmetic for initial prior

Game tree has 45211 nodes, of which 40200 are terminal nodes.
    Player 0 has 111 information sets, 210 moves in total
    Player 1 has  40 information sets, 240 moves in total
    Player 2 has  40 information sets, 240 moves in total
Sequence form LCP dimension is 564
    Player 1 has 241 sequences, subject to  41 constraints
    Player 2 has 241 sequences, subject to  41 constraints
Prior 1 of 1
... 100 steps (40411 ms) ...... 200 steps (192483 ms) ...... 300 steps (588810 ms) ...... 400 steps (969156 ms) ...... 500 steps (1386875 ms) ...... 600 steps (1813248 ms) ...... 700 steps (2198140 ms) ...... 800 steps (2595780 ms) ...... 900 steps (2967824 ms) ...Complete after 975 pivoting steps
Equilibrium 1
Equilibrium behavior strategies player 1, 2:
0,1,0,0,0,0,0,0,0,0,0,0,0,0,0,0,0,0,0,0,0,0,0,0,0,1,0,0,0,0,0,0,0,0,0,0,0,0,0,0,0,0,0,0,0,0,0,0,0,1,0,0,0,0,0,0,0,0,0,0,0,0,0,0,0,0,0,0,0,0,0,0,1,0,1,0,0,0,0,0,0,1,0,0,0,0,0,0,0,0,0,0,0,0,0,0,1,0,1,0,0,0,0,0,0,1,0,0,0,0,0,0,0,0,0,0,0,0,0,0,1,0,1,0,0,0,0,0,0,1,0,0,0,0,0,0,0,0,0,0,0,0,0,0,1,0,185884905077/203482062025,17597156948/203482062025,0,0,0,0,0,1,0,0,0,0,0,0,0,0,0,0,1,0,0,0,1,0,0,1,0,0,0,0,0,0,0,0,0,0,0,0,0,0,0,0,0,436159783235888/1012417321658105,576257538422217/1012417321658105,0,1,0,0,1,0,0,0,0,0,0,0,0,0,0,0,0,0,0,0,0,0,0,4849101231867748/482954732407033315,478105631175165567/482954732407033315,1,0,0,1,0,0,0,0,0,0,0,0,0,0,0,0,0,0,0,0,0,0,0,1
1,0,0,1,0,0,0,0,0,0,0,0,0,0,1,0,0,0,0,0,0,0,0,0,1,0,0,1,0,0,0,0,0,0,0,0,0,0,1,0,0,0,0,0,0,0,0,0,1,0,0,1,0,0,0,0,0,0,0,0,0,0,1,0,0,0,0,0,0,0,0,0,1,0,0,1,0,0,0,0,0,0,0,0,0,0,0,344978551505095/854606958018704,509628406513609/854606958018704,0,0,0,0,0,0,0,1,0,1,0,0,0,0,0,0,1,0,0,0,0,0,0,0,0,0,0,0,0,0,0,1,0,1,0,0,0,0,0,0,1,0,0,0,0,0,0,0,0,0,0,0,0,0,0,1,0,1,0,0,0,0,0,0,1,0,0,0,0,0,0,0,0,0,0,0,0,0,0,26615865/140024852,113408987/140024852,1,0,0,0,0,0,0,1,0,0,0,0,0,0,0,0,0,0,0,0,0,0,0,1,0,0,0,0,0,0,0,0,0,0,0,0,0,0,0,0,0,0,0,0,0,0,0,1,0,0,0,0,0,0,0,0,0,0,0,0,0,0,0,0,0,0,0,0,0,0
Elapsed milliseconds prior 1: 3237824
Changed to original form:
0,1,0,0,0,0,0,0,0,0,0,0,0,0,0,0,0,0,0,0,0,0,0,0,0,1,0,0,0,0,0,0,0,0,0,0,0,0,0,0,0,0,0,0,0,0,0,0,0,1,0,0,0,0,0,0,0,0,0,0,0,0,0,0,0,0,0,0,0,0,0,0,1,0,1,0,0,0,0,0,0,1,0,0,0,0,0,0,0,0,0,0,0,0,0,0,1,0,1,0,0,0,0,0,0,1,0,0,0,0,0,0,0,0,0,0,0,0,0,0,1,0,1,0,0,0,0,0,0,1,0,0,0,0,0,0,0,0,0,0,0,0,0,0,1,0,185884905077/203482062025,17597156948/203482062025,0,0,0,0,0,1,0,0,0,0,0,0,0,0,0,0,1,0,0,0,1,0,0,1,0,0,0,0,0,0,0,0,0,0,0,0,0,0,0,0,0,436159783235888/1012417321658105,576257538422217/1012417321658105,0,1,0,0,1,0,0,0,0,0,0,0,0,0,0,0,0,0,0,0,0,0,0,4849101231867748/482954732407033315,478105631175165567/482954732407033315,1,0,0,1,0,0,0,0,0,0,0,0,0,0,0,0,0,0,0,0,0,0,0,1,1,0,0,1,0,0,0,0,0,0,0,0,0,0,1,0,0,0,0,0,0,0,0,0,1,0,0,1,0,0,0,0,0,0,0,0,0,0,1,0,0,0,0,0,0,0,0,0,1,0,0,1,0,0,0,0,0,0,0,0,0,0,1,0,0,0,0,0,0,0,0,0,1,0,0,1,0,0,0,0,0,0,0,0,0,0,0,344978551505095/854606958018704,509628406513609/854606958018704,0,0,0,0,0,0,0,1,0,1,0,0,0,0,0,0,1,0,0,0,0,0,0,0,0,0,0,0,0,0,0,1,0,1,0,0,0,0,0,0,1,0,0,0,0,0,0,0,0,0,0,0,0,0,0,1,0,1,0,0,0,0,0,0,1,0,0,0,0,0,0,0,0,0,0,0,0,0,0,26615865/140024852,113408987/140024852,1,0,0,0,0,0,0,1,0,0,0,0,0,0,0,0,0,0,0,0,0,0,0,1,0,0,0,0,0,0,0,0,0,0,0,0,0,0,0,0,0,0,0,0,0,0,0,1,0,0,0,0,0,0,0,0,0,0,0,0,0,0,0,0,0,0,0,0,0,0
Perfect equilibrium confirmed 262 ms
Trying inexact arithmetic for up to 49 random priors

Game tree has 45211 nodes, of which 40200 are terminal nodes.
    Player 0 has 111 information sets, 210 moves in total
    Player 1 has  40 information sets, 240 moves in total
    Player 2 has  40 information sets, 240 moves in total
Sequence form LCP dimension is 564
    Player 1 has 241 sequences, subject to  41 constraints
    Player 2 has 241 sequences, subject to  41 constraints
Prior 1 of 49
... 100 steps (6930 ms) ...... 200 steps (14310 ms) ...... 300 steps (22351 ms) ...... 400 steps (30435 ms) ...... 500 steps (38396 ms) ...------- stop after 500 pivoting steps --------
ECTA algorithm failed Max (500) pivoting steps reached.
Elapsed milliseconds prior 1: 38657
Prior 2 of 49
... 100 steps (6375 ms) ...... 200 steps (13247 ms) ...... 300 steps (20867 ms) ...... 400 steps (28434 ms) ...... 500 steps (35906 ms) ...------- stop after 500 pivoting steps --------
ECTA algorithm failed Max (500) pivoting steps reached.
Elapsed milliseconds prior 2: 36126
Prior 3 of 49
... 100 steps (6309 ms) ...... 200 steps (12954 ms) ...... 300 steps (20556 ms) ...... 400 steps (28075 ms) ...Complete after 467 pivoting steps
Equilibrium 1
Equilibrium behavior strategies player 1, 2:
4.569496989875646E-15,0.9999999999999954,0.5083391396473239,0.49166086035267603,0,0,0,0,0,0,0,0,0,0,0,0,0,0,0,0,0,0,0,0,1.3732428277408969E-14,0.9999999999999862,0,0,1,0,0,0,0,0,0,0,0,0,1,0,0,0,0,0,0,0,0,0,0.36857106076518065,0.6314289392348192,0.22883489803323884,0.7711651019667611,0,0,0,0,1,0,0,0,0,0,1,0,0,0,0,0,0,0,0,0,1,0,1,0,0,0,0,0,1,0,0,0,0,0,1,0,0,0,0,0,0,0,0,0,1,0,1,0,0,0,0,0,1,0,0,0,0,0,0,0,0,0,0,0,0,0,0,0,1,0,1,0,0,0,0,0,1,0,0,0,0,0,0,0,0,0,0,0,0,0,0,0,1,0,0,1,0,0,0,0,0,0,0,0,0,0,0,0,0,0,0,0,0,0,0,1,1,0,0,1,0,0,0,0,0,0,0,0,0,0,0,0,0,0,0,0,0,0,0.3531318601354927,0.6468681398645072,1,0,0,1,0,0,0,0,0,0,0,0,0,0,0,0,0,0,0,0,0,0,0,1,1,0,0,1,0,0,0,0,0,0,0,0,0,0,0,0,0,0,0,0,0,0.9450303241309299,0,0.05496967586907011
1,0,0,1,0,0,0,0,0,0,0,0,0,0,1,0,0,0,0,0,0,0,0,0,1,0,0,1,0,0,0,0,0,0,0,0,0,0,1,0,0,0,0,0,0,0,0,0,1,0,0,1,0,0,0,0,0,0,0,0,0,0,1,0,0,0,0,0,0,0,0,0,1,0,0.4339140960376804,0.5660859039623196,0,0,0,0,1,0,0,0,0,0,1,0,0,0,0,0,0,0,0,0,1,0,1,0,0,0,0,0,1,0,0,0,0,0,0,0,0,0,0,0,0,0,0,0,1,0,1,0,0,0,0,0,1,0,0,0,0,0,0,0,0,0,0,0,0,0,0,0,0.16718999736758006,0.8328100026324199,0.9999999999999996,4.774367707455189E-16,0,0,0,0,0.9993516770426898,0,0,0.0006483229572305924,0,7.96510117214652E-14,0,0,0,0,0,0,0,0,0,0,4.713592153756195E-15,0.9999999999999953,0,1,0,0,0,0,0,0,0,0,0,1,0,0,0,0,0,0,0,0,0,0,1.3835435516881544E-14,0.9999999999999861,0.7273475514444352,0.2726524485555648,0,0,0,0,0,0,0,0,0,0,0,0,0,0,0,0,0,0,0,0,7.111939668464014E-15,0.9999999999999928,0.07058041027535458,0.9294195897246454,0,0,0,0,0,0,0,0,0,0,0,0,0,0,0,0,0,0,0,0
Elapsed milliseconds prior 3: 33414
Prior 4 of 49
... 100 steps (6031 ms) ...... 200 steps (12358 ms) ...... 300 steps (19237 ms) ...... 400 steps (26243 ms) ...... 500 steps (33106 ms) ...------- stop after 500 pivoting steps --------
ECTA algorithm failed Max (500) pivoting steps reached.
Elapsed milliseconds prior 4: 33348
Prior 5 of 49
... 100 steps (5791 ms) ...... 200 steps (11966 ms) ...... 300 steps (18711 ms) ...... 400 steps (25422 ms) ...... 500 steps (32213 ms) ...------- stop after 500 pivoting steps --------
ECTA algorithm failed Max (500) pivoting steps reached.
Elapsed milliseconds prior 5: 32365
Prior 6 of 49
... 100 steps (6163 ms) ...... 200 steps (12659 ms) ...... 300 steps (19829 ms) ...... 400 steps (27030 ms) ...... 500 steps (34244 ms) ...------- stop after 500 pivoting steps --------
ECTA algorithm failed Max (500) pivoting steps reached.
Elapsed milliseconds prior 6: 34553
Prior 7 of 49
... 100 steps (5776 ms) ...... 200 steps (11970 ms) ...... 300 steps (18651 ms) ...... 400 steps (25404 ms) ...... 500 steps (32193 ms) ...------- stop after 500 pivoting steps --------
ECTA algorithm failed Max (500) pivoting steps reached.
Elapsed milliseconds prior 7: 32358
Prior 8 of 49
... 100 steps (6077 ms) ...... 200 steps (12474 ms) ...Cycling detected after 216 steps
ECTA algorithm failed Cycling detected after 216 steps
Elapsed milliseconds prior 8: 13760
Prior 9 of 49
... 100 steps (5719 ms) ...... 200 steps (11882 ms) ...... 300 steps (18752 ms) ...... 400 steps (25563 ms) ...... 500 steps (32403 ms) ...------- stop after 500 pivoting steps --------
ECTA algorithm failed Max (500) pivoting steps reached.
Elapsed milliseconds prior 9: 32612
Prior 10 of 49
... 100 steps (6250 ms) ...... 200 steps (12893 ms) ...... 300 steps (20161 ms) ...... 400 steps (27479 ms) ...... 500 steps (34618 ms) ...------- stop after 500 pivoting steps --------
ECTA algorithm failed Max (500) pivoting steps reached.
Elapsed milliseconds prior 10: 34803
Prior 11 of 49
... 100 steps (5803 ms) ...... 200 steps (12037 ms) ...... 300 steps (18979 ms) ...... 400 steps (25970 ms) ...... 500 steps (32850 ms) ...------- stop after 500 pivoting steps --------
ECTA algorithm failed Max (500) pivoting steps reached.
Elapsed milliseconds prior 11: 33068
Prior 12 of 49
... 100 steps (6452 ms) ...... 200 steps (13183 ms) ...... 300 steps (20717 ms) ...... 400 steps (28167 ms) ...... 500 steps (35636 ms) ...------- stop after 500 pivoting steps --------
ECTA algorithm failed Max (500) pivoting steps reached.
Elapsed milliseconds prior 12: 35822
Prior 13 of 49
... 100 steps (6146 ms) ...... 200 steps (12558 ms) ...... 300 steps (19786 ms) ...... 400 steps (27070 ms) ...... 500 steps (34302 ms) ...------- stop after 500 pivoting steps --------
ECTA algorithm failed Max (500) pivoting steps reached.
Elapsed milliseconds prior 13: 34533
Prior 14 of 49
... 100 steps (6112 ms) ...... 200 steps (12440 ms) ...... 300 steps (19533 ms) ...... 400 steps (26561 ms) ...Complete after 476 pivoting steps
Equilibrium 2
Equilibrium behavior strategies player 1, 2:
0,1,0.2345414437396502,0.7654585562603499,0,0,0,0,0,0,0,0,0,0,0,0,0,0,0,0,0,0,0,0,0,1,0,1,1,0,0,0,0,0,0,0,0,0,1,0,0,0,0,0,0,0,0,0,0,1,0.21086200632262458,0.7891379936773754,0,0,0,0,0,0,0,0,0,0,1,0,0,0,0,0,0,0,0,0,1,0,1,0,0,0,3.264031739300445E-14,0,0,0.9999999999999674,0,0,0,0,1,0,0,0,0,0,0,0,0,0,1,0,1,0,0,0,0,0,0,1,0,0,0,0,0,0,0,0,0,0,0,0,0,0,1,0,1,0,0,0,0,0,0,1,0,0,0,0,0,0,0,0,0,0,0,0,0,0,1,0,0.9135198612945595,0.08648013870544044,0,0,0,0,0,1,0,0,0,0,0,0,0,0,0,0,0,0,0,1,1,0,0,1,0,0,0,0,0,0,0,0,0,0,0,0,0,0,0,0,0.08704749287286767,0,0,0.9129525071271324,1,0,0,1,0,0,0,0,0,0,0,0,0,0,0,0,0,0,0,0,0,0,0,1,1,0,0,1,0,0,0,0,0,0,0,0,0,0,0,0,0,0,0,0,0,0,0,1
1,0,0,1,0,0,0,0,0,0,0,0,0,0,1,0,0,0,0,0,0,0,0,0,1,0,0,1,0,0,0,0,0,0,0,0,0,0,1,0,0,0,0,0,0,0,0,0,1,0,0,1,0,0,0,0,0,0,0,0,0,0,1,0,0,0,0,0,0,0,0,0,1,0,0,1,0,0,0,0,0,0,0,0,0,0,0.34876115831512844,0,0.6512388416848715,0,0,0,0,0,0,0,1,0,1,0,0,0,0,0,0,1,0,0,0,0,0,0,0,0,0,0,0,0,0,0,1,0,1,0,0,0,0,0,0,1,0,0,0,0,0,0,0,0,0,0,0,0,0,0,1,0,1,0,0,0,0,0,0,1,0,0,0,0,0,0,0,0,0,0,0,0,0,0,0.19007957958775984,0.8099204204122401,1,0,0,0,0,0,0,1,0,0,0,0,0,0,0,0,0,0,0,0,0,0,1.2090715921648166E-15,0.9999999999999989,1,0,0,0,0,0,0,0,0,0,0,0,0,0,0,0,0,0,0,0,0,0,2.864461997740886E-15,0.9999999999999971,1,0,0,0,0,0,0,0,0,0,0,0,0,0,0,0,0,0,0,0,0,0
Elapsed milliseconds prior 14: 32117
Prior 15 of 49
... 100 steps (6361 ms) ...... 200 steps (13015 ms) ...... 300 steps (20332 ms) ...... 400 steps (27699 ms) ...... 500 steps (35381 ms) ...------- stop after 500 pivoting steps --------
ECTA algorithm failed Max (500) pivoting steps reached.
Elapsed milliseconds prior 15: 35593
Prior 16 of 49
... 100 steps (6117 ms) ...... 200 steps (12562 ms) ...... 300 steps (19722 ms) ...... 400 steps (26853 ms) ...... 500 steps (34041 ms) ...------- stop after 500 pivoting steps --------
ECTA algorithm failed Max (500) pivoting steps reached.
Elapsed milliseconds prior 16: 34235
Prior 17 of 49
... 100 steps (5872 ms) ...... 200 steps (12092 ms) ...... 300 steps (19131 ms) ...... 400 steps (25902 ms) ...... 500 steps (32835 ms) ...------- stop after 500 pivoting steps --------
ECTA algorithm failed Max (500) pivoting steps reached.
Elapsed milliseconds prior 17: 33064
Prior 18 of 49
... 100 steps (6101 ms) ...... 200 steps (12545 ms) ...... 300 steps (19428 ms) ...... 400 steps (27035 ms) ...... 500 steps (34361 ms) ...------- stop after 500 pivoting steps --------
ECTA algorithm failed Max (500) pivoting steps reached.
Elapsed milliseconds prior 18: 34516
Prior 19 of 49
... 100 steps (6585 ms) ...... 200 steps (13431 ms) ...... 300 steps (21202 ms) ...... 400 steps (28836 ms) ...... 500 steps (36391 ms) ...------- stop after 500 pivoting steps --------
ECTA algorithm failed Max (500) pivoting steps reached.
Elapsed milliseconds prior 19: 36629
Prior 20 of 49
... 100 steps (6250 ms) ...... 200 steps (12830 ms) ...... 300 steps (20267 ms) ...... 400 steps (27698 ms) ...... 500 steps (35101 ms) ...------- stop after 500 pivoting steps --------
ECTA algorithm failed Max (500) pivoting steps reached.
Elapsed milliseconds prior 20: 35310
Prior 21 of 49
... 100 steps (5845 ms) ...... 200 steps (12200 ms) ...... 300 steps (19169 ms) ...... 400 steps (26152 ms) ...... 500 steps (33119 ms) ...------- stop after 500 pivoting steps --------
ECTA algorithm failed Max (500) pivoting steps reached.
Elapsed milliseconds prior 21: 33346
Prior 22 of 49
... 100 steps (6158 ms) ...... 200 steps (12747 ms) ...... 300 steps (20034 ms) ...... 400 steps (27243 ms) ...... 500 steps (34411 ms) ...------- stop after 500 pivoting steps --------
ECTA algorithm failed Max (500) pivoting steps reached.
Elapsed milliseconds prior 22: 34600
Prior 23 of 49
... 100 steps (5779 ms) ...... 200 steps (12028 ms) ...... 300 steps (18940 ms) ...... 400 steps (25794 ms) ...... 500 steps (32667 ms) ...------- stop after 500 pivoting steps --------
ECTA algorithm failed Max (500) pivoting steps reached.
Elapsed milliseconds prior 23: 32864
Prior 24 of 49
... 100 steps (6244 ms) ...... 200 steps (12957 ms) ...... 300 steps (20251 ms) ...... 400 steps (27639 ms) ...... 500 steps (35037 ms) ...------- stop after 500 pivoting steps --------
ECTA algorithm failed Max (500) pivoting steps reached.
Elapsed milliseconds prior 24: 35226
Prior 25 of 49
... 100 steps (5756 ms) ...... 200 steps (11922 ms) ...... 300 steps (18742 ms) ...... 400 steps (25590 ms) ...... 500 steps (32463 ms) ...------- stop after 500 pivoting steps --------
ECTA algorithm failed Max (500) pivoting steps reached.
Elapsed milliseconds prior 25: 32699
Prior 26 of 49
... 100 steps (6140 ms) ...... 200 steps (12538 ms) ...... 300 steps (19636 ms) ...... 400 steps (26756 ms) ...Complete after 443 pivoting steps
Equilibrium 3
Equilibrium behavior strategies player 1, 2:
6.2831251915742974E-15,0.9999999999999937,0.7745988477659875,0.22540115223401244,0,0,0,0,0,0,0,0,0,0,0,0,0,0,0,0,0,0,0,0,5.422088232528335E-15,0.9999999999999946,0.36457306917965726,0.6354269308203429,0,0,0,0,0,0,0,0,0,0,0,0,0,0,0,0,0,0,0,0,0.3667767572168792,0.6332232427831207,0.2308143138361581,0.769185686163842,0,0,0,0,1,0,0,0,0,0,1,0,0,0,0,0,0,0,0,0,1,0,1,0,0,0,0,0,1,0,0,0,0,0,1,0,0,0,0,0,0,0,0,0,1,0,1,0,0,0,0,0,1,0,0,0,0,0,0,0,0,0,0,0,0,0,0,0,1,0,1,0,0,0,0,0,1,0,0,0,0,0,0,0,0,0,0,0,0,0,0,0,1,0,0,1,0,0,0,0,0,0,0,0,0,0,0,0,0,0,0,0,0,0,0,1,1,0,0,1,0,0,0,0,0,0,0,0,0,0,0,0,0,0,0,0,0,0,0.6191402826015691,0.38085971739843094,1,0,0,1,0,0,0,0,0,0,0,0,0,0,0,0,0,0,0,0,0,0,0,1,1,0,0,1,0,0,0,0,0,0,0,0,0,0,0,0,0,0,0,0.16890663052170654,0,0,0.8310933694782935,0
1,0,0,1,0,0,0,0,0,0,0,0,0,0,1,0,0,0,0,0,0,0,0,0,1,0,0,1,0,0,0,0,0,0,0,0,0,0,1,0,0,0,0,0,0,0,0,0,1,0,0,1,0,0,0,0,0,0,0,0,0,0,1,0,0,0,0,0,0,0,0,0,1,0,0.43248114410501304,0.567518855894987,0,0,0,0,1,0,0,0,0,0,1,0,0,0,0,0,0,0,0,0,1,0,0.9999999999999987,1.3704997025088316E-15,0,0,0,0,1,0,0,0,0,0,0,0,0,0,0,0,0,0,0,0,1,0,1,0,0,0,0,0,1,0,0,0,0,0,0,0,0,0,0,0,0,0,0,0,0.16494281979068084,0.8350571802093191,0.9999999999995232,4.768758582211645E-13,0,0,0,0,0.9999999999999396,0,0,0,6.048298257418896E-14,0,0,0,0,0,0,0,0,0,0,1,2.4858553162467467E-15,0.9999999999999976,0,0,0,0,0,0,0,0,0,0,0,1,0,0,0,0,0,0,0,0,0,1,3.1004770975465242E-15,0.9999999999999969,0.03362204911735646,0.9663779508826436,0,0,0,0,0,0,0,0,0,0,0,0,0,0,0,0,0,0,0,0,3.716904981521805E-15,0.9999999999999963,1,0,0,0,0,0,0,0,0,0,0,0,0,0,0,0,0,0,0,0,0,1
Elapsed milliseconds prior 26: 30148
Prior 27 of 49
... 100 steps (5816 ms) ...... 200 steps (11983 ms) ...... 300 steps (18903 ms) ...... 400 steps (25716 ms) ...... 500 steps (32895 ms) ...------- stop after 500 pivoting steps --------
ECTA algorithm failed Max (500) pivoting steps reached.
Elapsed milliseconds prior 27: 33070
Prior 28 of 49
... 100 steps (6218 ms) ...... 200 steps (12796 ms) ...... 300 steps (19978 ms) ...... 400 steps (27222 ms) ...... 500 steps (34468 ms) ...------- stop after 500 pivoting steps --------
ECTA algorithm failed Max (500) pivoting steps reached.
Elapsed milliseconds prior 28: 34680
Prior 29 of 49
... 100 steps (5869 ms) ...... 200 steps (11984 ms) ...... 300 steps (18849 ms) ...... 400 steps (25618 ms) ...... 500 steps (32623 ms) ...------- stop after 500 pivoting steps --------
ECTA algorithm failed Max (500) pivoting steps reached.
Elapsed milliseconds prior 29: 32790
Prior 30 of 49
... 100 steps (5756 ms) ...... 200 steps (11951 ms) ...... 300 steps (18634 ms) ...... 400 steps (25519 ms) ...Complete after 491 pivoting steps
Equilibrium 4
Equilibrium behavior strategies player 1, 2:
0,1,0,1,1,0,0,0,0,0,0,0,0,0,1,0,0,0,0,0,0,0,0,0,1,0,0.9999999999999998,2.645872117169275E-16,1,0,0,0,0,0,0,0,0,0,0,0,0,0,0,0,0,0,0,0,1,0,0.23781561142699523,0.7621843885730047,0,0,0,0,0,0,0,0,0,0,1,0,0,0,0,0,0,0,0,0,1,0,1,0,0,0,0,0,0,0,0,1,0,0,0,0,0,0,0,0,0,0,0,0,1,0,1,0,0,0,0,0,1,0,0,0,0,0,1,0,0,0,0,0,0,0,0,0,1,0,1,0,0,0,0,0,0,0,0,1,0,0,0,0,0,0,0,0,0,0,0,0,1,0,0.8023141257531164,0.19768587424688347,0,0,1,0,0,0,0,0,0,0,0,0,0,0,0,0,0,0,0,1,1,0,0,1,0,0,0,0,0,0,0,0,0,0,0,0,0,0,0,0,0.13577551495097875,0,0,0.8642244850490212,1,0,0.09444725998512618,0.9055527400148738,0,0,0,0,0,0,0,1,0,0,0,0,0,0,0,0,0,0,0.11733179993361052,0.8826682000663895,1,0,0,1,0,0,0,0,0,0,0,0,0,0,0,0,0,0,0,0,0,0,0,1
1,0,0,1,0,0,0,0,0,0,0,0,0,0,1,0,0,0,0,0,0,0,0,0,1,0,0,1,0,0,0,0,0,0,0,0,0,0,1,0,0,0,0,0,0,0,0,0,1,0,0,1,0,0,0,0,0,0,0,0,0,0,1,0,0,0,0,0,0,0,0,0,1,0,0,1,0,0,0,0,0,0,0,0,0,0,0,0,1,0,0,0,0,0,0,0,1,0,0.33905327851423467,0.6609467214857653,0,0,0,0,1,0,0,0,0,0,0,1,0,0,0,0,0,0,0,0,1,0,0.9999999999999998,1.8590580966626092E-16,0,0,0,0,0,1,0,0,0,0,0,0,0,0,0,0,0,0,0,0,1,0,1,0,0,0,0,0,0.13959769763347932,0,0.8604023023665207,0,0,0,0,0,0,0,0,0,0,0,0,0,0.9084258900145197,0.09157410998548027,1,0,0,0,0,0,1,0,0,0,0,0,0,0,0,0,0,0,0,0,0,0,1,0,1,0,0,0,0,0,0.9897607641526055,0,0,0,0,0.010239235847394543,0,0,0,0,0,0,0,0,0,1,0.14268936685610312,0.8573106331438969,1,0,0,0,0,0,0,0,0,0,0,0,0,0,0,0,0,0,0,0,0,0
Elapsed milliseconds prior 30: 32035
Prior 31 of 49
... 100 steps (5727 ms) ...... 200 steps (11933 ms) ...... 300 steps (18788 ms) ...... 400 steps (25632 ms) ...... 500 steps (32434 ms) ...------- stop after 500 pivoting steps --------
ECTA algorithm failed Max (500) pivoting steps reached.
Elapsed milliseconds prior 31: 32703
Prior 32 of 49
... 100 steps (5749 ms) ...... 200 steps (11890 ms) ...... 300 steps (18617 ms) ...... 400 steps (25484 ms) ...Complete after 492 pivoting steps
Equilibrium 5
Equilibrium behavior strategies player 1, 2:
0,1,0,1,1,0,0,0,0,0,0,0,0,0,1,0,0,0,0,0,0,0,0,0,4.7047469184184E-14,0.9999999999999529,0.9478439749286021,0.05215602507139799,0,0,0,0,0,0,0,0,0,0,0,0,0,0,0,0,0,0,0,0,0.36677675721685404,0.6332232427831459,0.9999999999999996,4.921073738219245E-16,0.7691856861640198,0,0,0,0.2308143138359802,0,0,0,0,0,0,0,0,0,0,0,0,0,0,0,1,0,1,7.117360922824343E-18,0,0,0,0,1,0,0,0,0,0,0,0,0,0,0,0,0,0,0,0,1,0,1,0,0,0,0,0,1,0,0,0,0,0,0,0,0,0,0,0,0,0,0,0,1,0,1,0,0,0,0,0,1,0,0,0,0,0,0,0,0,0,0,0,0,0,0,0,1,0,0,1,0,0,0,0,0,0,0,0,0,0,0,0,0,0,0,0,0,0,0.3545377116453028,0.6454622883546972,1,0,0,1,0,0,0,0,0,0,0,0,0,0,0,0,0,0,0,0,0,0,0,1,1,0,0,1,0,0,0,0,0,0,0,0,0,0,0,0,0,0,0,0,0,0,0,1,1,0,0,1,0,0,0,0,0,0,0,0,0,0,0,0,0,0,0,0,0,0.944847079513252,0,0.055152920486747935
1,0,0,1,0,0,0,0,0,0,0,0,0,0,1,0,0,0,0,0,0,0,0,0,1,0,0,1,0,0,0,0,0,0,0,0,0,0,1,0,0,0,0,0,0,0,0,0,1,0,0,1,0,0,0,0,0,0,0,0,0,0,1,0,0,0,0,0,0,0,0,0,1,0,0.4324811441050222,0.5675188558949776,0,0,0,0,1,0,0,0,0,0,1,0,0,0,0,0,0,0,0,0,1,0,1,0,0,0,0,0,1,0,0,0,0,0,0,0,0,0,0,0,0,0,0,1,1,0,1,0,0,0,0,0,1,0,0,0,0,0,0,0,0,0,0,0,0,0,0,0,0.16494281979059874,0.8350571802094012,1,7.275632157338308E-17,0,0,0,0,0.9999999999997441,0,0,6.883942445840352E-14,0,1.871882401543864E-13,0,0,0,0,0,0,0,0,0,0,3.8954948724876454E-14,0.999999999999961,0.959890132047646,0.04010986795235402,0,0,0,0,0,0,0,0,0,0,0,0,0,0,0,0,0,0,0,0,2.4595839747169444E-14,0.9999999999999754,0,1,0,0,0,0,0,0,0,0,0,0,0,0,0,0,0,0,0,0,0,0,7.417820513940466E-16,0.9999999999999993,0,1,0,0,0,0,0,0,0,0,0,1,0,0,0,0,0,0,0,0,0,0
Elapsed milliseconds prior 32: 31811
Prior 33 of 49
... 100 steps (6063 ms) ...... 200 steps (12566 ms) ...... 300 steps (19691 ms) ...... 400 steps (26781 ms) ...... 500 steps (33995 ms) ...------- stop after 500 pivoting steps --------
ECTA algorithm failed Max (500) pivoting steps reached.
Elapsed milliseconds prior 33: 34138
Prior 34 of 49
... 100 steps (5797 ms) ...... 200 steps (11893 ms) ...... 300 steps (18796 ms) ...... 400 steps (25606 ms) ...... 500 steps (32399 ms) ...------- stop after 500 pivoting steps --------
ECTA algorithm failed Max (500) pivoting steps reached.
Elapsed milliseconds prior 34: 32647
Prior 35 of 49
... 100 steps (5832 ms) ...... 200 steps (12021 ms) ...... 300 steps (18895 ms) ...... 400 steps (25809 ms) ...... 500 steps (32614 ms) ...------- stop after 500 pivoting steps --------
ECTA algorithm failed Max (500) pivoting steps reached.
Elapsed milliseconds prior 35: 32906
Prior 36 of 49
... 100 steps (5729 ms) ...... 200 steps (11942 ms) ...... 300 steps (18855 ms) ...... 400 steps (25794 ms) ...... 500 steps (32698 ms) ...------- stop after 500 pivoting steps --------
ECTA algorithm failed Max (500) pivoting steps reached.
Elapsed milliseconds prior 36: 32875
Prior 37 of 49
... 100 steps (6244 ms) ...... 200 steps (12827 ms) ...... 300 steps (20304 ms) ...... 400 steps (27698 ms) ...... 500 steps (35122 ms) ...------- stop after 500 pivoting steps --------
ECTA algorithm failed Max (500) pivoting steps reached.
Elapsed milliseconds prior 37: 35312
Prior 38 of 49
... 100 steps (5845 ms) ...... 200 steps (11921 ms) ...... 300 steps (18654 ms) ...... 400 steps (25565 ms) ...... 500 steps (32396 ms) ...------- stop after 500 pivoting steps --------
ECTA algorithm failed Max (500) pivoting steps reached.
Elapsed milliseconds prior 38: 32623
Prior 39 of 49
... 100 steps (5837 ms) ...... 200 steps (11908 ms) ...... 300 steps (18655 ms) ...... 400 steps (25463 ms) ...... 500 steps (32499 ms) ...------- stop after 500 pivoting steps --------
ECTA algorithm failed Max (500) pivoting steps reached.
Elapsed milliseconds prior 39: 32660
Prior 40 of 49
... 100 steps (5913 ms) ...... 200 steps (12145 ms) ...... 300 steps (19035 ms) ...... 400 steps (25876 ms) ...... 500 steps (32671 ms) ...------- stop after 500 pivoting steps --------
ECTA algorithm failed Max (500) pivoting steps reached.
Elapsed milliseconds prior 40: 32872
Prior 41 of 49
... 100 steps (5895 ms) ...... 200 steps (12119 ms) ...... 300 steps (18973 ms) ...... 400 steps (25837 ms) ...... 500 steps (32640 ms) ...------- stop after 500 pivoting steps --------
ECTA algorithm failed Max (500) pivoting steps reached.
Elapsed milliseconds prior 41: 32836
Prior 42 of 49
... 100 steps (6456 ms) ...... 200 steps (13203 ms) ...... 300 steps (20728 ms) ...... 400 steps (28160 ms) ...Complete after 478 pivoting steps
Equilibrium 6
Equilibrium behavior strategies player 1, 2:
0,1,0,1,1,0,0,0,0,0,0,0,0,0,1,0,0,0,0,0,0,0,0,0,8.330878306020858E-15,0.9999999999999916,0,0,1,0,0,0,0,0,0,0,0,0,0,0,0,0,0,0,0,0,0,0,0.36677675721687086,0.6332232427831291,0.2308143138361577,0.7691856861638423,0,0,0,0,1,0,0,0,0,0,1,0,0,0,0,0,0,0,0,0,1,0,1,3.3541760294406615E-17,0,0,0,0,1,0,0,0,0,0,0,0,0,0,0,0,0,0,0,0,1,0,1,0,0,0,0,0,1,0,0,0,0,0,0,0,0,0,0,0,0,0,0,0,1,0,1,0,0,0,0,0,1,0,0,0,0,0,0,0,0,0,0,0,0,0,0,0,1,0,0,1,0,0,0,0,0,0,0,0,0,0,0,0,0,0,0,0,0,0,0.35453771164537734,0.6454622883546227,1,0,0,1,0,0,0,0,0,0,0,0,0,0,0,0,0,0,0,0,0,0,0,1,1,0,0,1,0,0,0,0,0,0,0,0,0,0,0,0,0,0,0,0,0,0,0,1,1,0,0,1,0,0,0,0,0,0,0,0,0,0,0,0,0,0,0,0,0,0.9448470795132575,0,0.05515292048674253
1,0,0,1,0,0,0,0,0,0,0,0,0,0,1,0,0,0,0,0,0,0,0,0,1,0,0,1,0,0,0,0,0,0,0,0,0,0,1,0,0,0,0,0,0,0,0,0,1,0,0,1,0,0,0,0,0,0,0,0,0,0,1,0,0,0,0,0,0,0,0,0,1,0,0.432481144105013,0.5675188558949871,0,0,0,0,1,0,0,0,0,0,1,0,0,0,0,0,0,0,0,0,1,0,1,0,0,0,0,0,1,0,0,0,0,0,0,0,0,0,0,0,0,0,0,0,1,0,1,0,0,0,0,0,1,0,0,0,0,0,0,0,0,0,0,0,0,0,0,0,0.16494281979064288,0.8350571802093572,0.999999999999486,5.139947515941373E-13,0,0,0,0,0.9999999999999954,0,0,4.4677175060687405E-15,0,0,0,0,0,0,0,0,0,0,0,1,1.1403601820423404E-14,0.9999999999999886,0,0,0,0,0,0,0,0,0,0,0,1,0,0,0,0,0,0,0,0,0,1,2.4183274442414685E-15,0.9999999999999977,0,0,0,0,0,0,0,0,0,0,0,1,0,0,0,0,0,0,0,0,0,1,0,1,0,1,0,0,0,0,0,0,0,0,0,1,0,0,0,0,0,0,0,0,0,1
Elapsed milliseconds prior 42: 34186
Prior 43 of 49
... 100 steps (6047 ms) ...... 200 steps (12394 ms) ...... 300 steps (19471 ms) ...... 400 steps (26603 ms) ...... 500 steps (33824 ms) ...------- stop after 500 pivoting steps --------
ECTA algorithm failed Max (500) pivoting steps reached.
Elapsed milliseconds prior 43: 34043
Prior 44 of 49
... 100 steps (5865 ms) ...... 200 steps (12004 ms) ...... 300 steps (18828 ms) ...... 400 steps (25578 ms) ...... 500 steps (32320 ms) ...------- stop after 500 pivoting steps --------
ECTA algorithm failed Max (500) pivoting steps reached.
Elapsed milliseconds prior 44: 32551
Prior 45 of 49
... 100 steps (5706 ms) ...... 200 steps (11865 ms) ...... 300 steps (18606 ms) ...... 400 steps (25499 ms) ...... 500 steps (32437 ms) ...------- stop after 500 pivoting steps --------
ECTA algorithm failed Max (500) pivoting steps reached.
Elapsed milliseconds prior 45: 32661
Prior 46 of 49
... 100 steps (5921 ms) ...... 200 steps (12098 ms) ...... 300 steps (18882 ms) ...... 400 steps (25738 ms) ...... 500 steps (32606 ms) ...------- stop after 500 pivoting steps --------
ECTA algorithm failed Max (500) pivoting steps reached.
Elapsed milliseconds prior 46: 32832
Prior 47 of 49
... 100 steps (5845 ms) ...... 200 steps (11996 ms) ...... 300 steps (18849 ms) ...... 400 steps (25839 ms) ...... 500 steps (32789 ms) ...------- stop after 500 pivoting steps --------
ECTA algorithm failed Max (500) pivoting steps reached.
Elapsed milliseconds prior 47: 33002
Prior 48 of 49
... 100 steps (5801 ms) ...... 200 steps (11948 ms) ...... 300 steps (18975 ms) ...... 400 steps (25832 ms) ...... 500 steps (32652 ms) ...------- stop after 500 pivoting steps --------
ECTA algorithm failed Max (500) pivoting steps reached.
Elapsed milliseconds prior 48: 32835
Prior 49 of 49
... 100 steps (6397 ms) ...... 200 steps (13065 ms) ...... 300 steps (20457 ms) ...... 400 steps (27892 ms) ...... 500 steps (35269 ms) ...------- stop after 500 pivoting steps --------
ECTA algorithm failed Max (500) pivoting steps reached.
Elapsed milliseconds prior 49: 35445
Changed to original form:
4.569496989875646E-15,0.9999999999999954,0.5083391396473239,0.49166086035267603,0,0,0,0,0,0,0,0,0,0,0,0,0,0,0,0,0,0,0,0,1.3732428277408969E-14,0.9999999999999862,0,0,1,0,0,0,0,0,0,0,0,0,1,0,0,0,0,0,0,0,0,0,0.36857106076518065,0.6314289392348192,0.22883489803323884,0.7711651019667611,0,0,0,0,1,0,0,0,0,0,1,0,0,0,0,0,0,0,0,0,1,0,1,0,0,0,0,0,1,0,0,0,0,0,1,0,0,0,0,0,0,0,0,0,1,0,1,0,0,0,0,0,1,0,0,0,0,0,0,0,0,0,0,0,0,0,0,0,1,0,1,0,0,0,0,0,1,0,0,0,0,0,0,0,0,0,0,0,0,0,0,0,1,0,0,1,0,0,0,0,0,0,0,0,0,0,0,0,0,0,0,0,0,0,0,1,1,0,0,1,0,0,0,0,0,0,0,0,0,0,0,0,0,0,0,0,0,0,0.3531318601354927,0.6468681398645072,1,0,0,1,0,0,0,0,0,0,0,0,0,0,0,0,0,0,0,0,0,0,0,1,1,0,0,1,0,0,0,0,0,0,0,0,0,0,0,0,0,0,0,0,0,0.9450303241309299,0,0.05496967586907011,1,0,0,1,0,0,0,0,0,0,0,0,0,0,1,0,0,0,0,0,0,0,0,0,1,0,0,1,0,0,0,0,0,0,0,0,0,0,1,0,0,0,0,0,0,0,0,0,1,0,0,1,0,0,0,0,0,0,0,0,0,0,1,0,0,0,0,0,0,0,0,0,1,0,0.4339140960376804,0.5660859039623196,0,0,0,0,1,0,0,0,0,0,1,0,0,0,0,0,0,0,0,0,1,0,1,0,0,0,0,0,1,0,0,0,0,0,0,0,0,0,0,0,0,0,0,0,1,0,1,0,0,0,0,0,1,0,0,0,0,0,0,0,0,0,0,0,0,0,0,0,0.16718999736758006,0.8328100026324199,0.9999999999999996,4.774367707455189E-16,0,0,0,0,0.9993516770426898,0,0,0.0006483229572305924,0,7.96510117214652E-14,0,0,0,0,0,0,0,0,0,0,4.713592153756195E-15,0.9999999999999953,0,1,0,0,0,0,0,0,0,0,0,1,0,0,0,0,0,0,0,0,0,0,1.3835435516881544E-14,0.9999999999999861,0.7273475514444352,0.2726524485555648,0,0,0,0,0,0,0,0,0,0,0,0,0,0,0,0,0,0,0,0,7.111939668464014E-15,0.9999999999999928,0.07058041027535458,0.9294195897246454,0,0,0,0,0,0,0,0,0,0,0,0,0,0,0,0,0,0,0,0
Changed to original form:
0,1,0.2345414437396502,0.7654585562603499,0,0,0,0,0,0,0,0,0,0,0,0,0,0,0,0,0,0,0,0,0,1,0,1,1,0,0,0,0,0,0,0,0,0,1,0,0,0,0,0,0,0,0,0,0,1,0.21086200632262458,0.7891379936773754,0,0,0,0,0,0,0,0,0,0,1,0,0,0,0,0,0,0,0,0,1,0,1,0,0,0,3.264031739300445E-14,0,0,0.9999999999999674,0,0,0,0,1,0,0,0,0,0,0,0,0,0,1,0,1,0,0,0,0,0,0,1,0,0,0,0,0,0,0,0,0,0,0,0,0,0,1,0,1,0,0,0,0,0,0,1,0,0,0,0,0,0,0,0,0,0,0,0,0,0,1,0,0.9135198612945595,0.08648013870544044,0,0,0,0,0,1,0,0,0,0,0,0,0,0,0,0,0,0,0,1,1,0,0,1,0,0,0,0,0,0,0,0,0,0,0,0,0,0,0,0,0.08704749287286767,0,0,0.9129525071271324,1,0,0,1,0,0,0,0,0,0,0,0,0,0,0,0,0,0,0,0,0,0,0,1,1,0,0,1,0,0,0,0,0,0,0,0,0,0,0,0,0,0,0,0,0,0,0,1,1,0,0,1,0,0,0,0,0,0,0,0,0,0,1,0,0,0,0,0,0,0,0,0,1,0,0,1,0,0,0,0,0,0,0,0,0,0,1,0,0,0,0,0,0,0,0,0,1,0,0,1,0,0,0,0,0,0,0,0,0,0,1,0,0,0,0,0,0,0,0,0,1,0,0,1,0,0,0,0,0,0,0,0,0,0,0.34876115831512844,0,0.6512388416848715,0,0,0,0,0,0,0,1,0,1,0,0,0,0,0,0,1,0,0,0,0,0,0,0,0,0,0,0,0,0,0,1,0,1,0,0,0,0,0,0,1,0,0,0,0,0,0,0,0,0,0,0,0,0,0,1,0,1,0,0,0,0,0,0,1,0,0,0,0,0,0,0,0,0,0,0,0,0,0,0.19007957958775984,0.8099204204122401,1,0,0,0,0,0,0,1,0,0,0,0,0,0,0,0,0,0,0,0,0,0,1.2090715921648166E-15,0.9999999999999989,1,0,0,0,0,0,0,0,0,0,0,0,0,0,0,0,0,0,0,0,0,0,2.864461997740886E-15,0.9999999999999971,1,0,0,0,0,0,0,0,0,0,0,0,0,0,0,0,0,0,0,0,0,0
Changed to original form:
6.2831251915742974E-15,0.9999999999999937,0.7745988477659875,0.22540115223401244,0,0,0,0,0,0,0,0,0,0,0,0,0,0,0,0,0,0,0,0,5.422088232528335E-15,0.9999999999999946,0.36457306917965726,0.6354269308203429,0,0,0,0,0,0,0,0,0,0,0,0,0,0,0,0,0,0,0,0,0.3667767572168792,0.6332232427831207,0.2308143138361581,0.769185686163842,0,0,0,0,1,0,0,0,0,0,1,0,0,0,0,0,0,0,0,0,1,0,1,0,0,0,0,0,1,0,0,0,0,0,1,0,0,0,0,0,0,0,0,0,1,0,1,0,0,0,0,0,1,0,0,0,0,0,0,0,0,0,0,0,0,0,0,0,1,0,1,0,0,0,0,0,1,0,0,0,0,0,0,0,0,0,0,0,0,0,0,0,1,0,0,1,0,0,0,0,0,0,0,0,0,0,0,0,0,0,0,0,0,0,0,1,1,0,0,1,0,0,0,0,0,0,0,0,0,0,0,0,0,0,0,0,0,0,0.6191402826015691,0.38085971739843094,1,0,0,1,0,0,0,0,0,0,0,0,0,0,0,0,0,0,0,0,0,0,0,1,1,0,0,1,0,0,0,0,0,0,0,0,0,0,0,0,0,0,0,0.16890663052170654,0,0,0.8310933694782935,0,1,0,0,1,0,0,0,0,0,0,0,0,0,0,1,0,0,0,0,0,0,0,0,0,1,0,0,1,0,0,0,0,0,0,0,0,0,0,1,0,0,0,0,0,0,0,0,0,1,0,0,1,0,0,0,0,0,0,0,0,0,0,1,0,0,0,0,0,0,0,0,0,1,0,0.43248114410501304,0.567518855894987,0,0,0,0,1,0,0,0,0,0,1,0,0,0,0,0,0,0,0,0,1,0,0.9999999999999987,1.3704997025088316E-15,0,0,0,0,1,0,0,0,0,0,0,0,0,0,0,0,0,0,0,0,1,0,1,0,0,0,0,0,1,0,0,0,0,0,0,0,0,0,0,0,0,0,0,0,0.16494281979068084,0.8350571802093191,0.9999999999995232,4.768758582211645E-13,0,0,0,0,0.9999999999999396,0,0,0,6.048298257418896E-14,0,0,0,0,0,0,0,0,0,0,1,2.4858553162467467E-15,0.9999999999999976,0,0,0,0,0,0,0,0,0,0,0,1,0,0,0,0,0,0,0,0,0,1,3.1004770975465242E-15,0.9999999999999969,0.03362204911735646,0.9663779508826436,0,0,0,0,0,0,0,0,0,0,0,0,0,0,0,0,0,0,0,0,3.716904981521805E-15,0.9999999999999963,1,0,0,0,0,0,0,0,0,0,0,0,0,0,0,0,0,0,0,0,0,1
Changed to original form:
0,1,0,1,1,0,0,0,0,0,0,0,0,0,1,0,0,0,0,0,0,0,0,0,1,0,0.9999999999999998,2.645872117169275E-16,1,0,0,0,0,0,0,0,0,0,0,0,0,0,0,0,0,0,0,0,1,0,0.23781561142699523,0.7621843885730047,0,0,0,0,0,0,0,0,0,0,1,0,0,0,0,0,0,0,0,0,1,0,1,0,0,0,0,0,0,0,0,1,0,0,0,0,0,0,0,0,0,0,0,0,1,0,1,0,0,0,0,0,1,0,0,0,0,0,1,0,0,0,0,0,0,0,0,0,1,0,1,0,0,0,0,0,0,0,0,1,0,0,0,0,0,0,0,0,0,0,0,0,1,0,0.8023141257531164,0.19768587424688347,0,0,1,0,0,0,0,0,0,0,0,0,0,0,0,0,0,0,0,1,1,0,0,1,0,0,0,0,0,0,0,0,0,0,0,0,0,0,0,0,0.13577551495097875,0,0,0.8642244850490212,1,0,0.09444725998512618,0.9055527400148738,0,0,0,0,0,0,0,1,0,0,0,0,0,0,0,0,0,0,0.11733179993361052,0.8826682000663895,1,0,0,1,0,0,0,0,0,0,0,0,0,0,0,0,0,0,0,0,0,0,0,1,1,0,0,1,0,0,0,0,0,0,0,0,0,0,1,0,0,0,0,0,0,0,0,0,1,0,0,1,0,0,0,0,0,0,0,0,0,0,1,0,0,0,0,0,0,0,0,0,1,0,0,1,0,0,0,0,0,0,0,0,0,0,1,0,0,0,0,0,0,0,0,0,1,0,0,1,0,0,0,0,0,0,0,0,0,0,0,0,1,0,0,0,0,0,0,0,1,0,0.33905327851423467,0.6609467214857653,0,0,0,0,1,0,0,0,0,0,0,1,0,0,0,0,0,0,0,0,1,0,0.9999999999999998,1.8590580966626092E-16,0,0,0,0,0,1,0,0,0,0,0,0,0,0,0,0,0,0,0,0,1,0,1,0,0,0,0,0,0.13959769763347932,0,0.8604023023665207,0,0,0,0,0,0,0,0,0,0,0,0,0,0.9084258900145197,0.09157410998548027,1,0,0,0,0,0,1,0,0,0,0,0,0,0,0,0,0,0,0,0,0,0,1,0,1,0,0,0,0,0,0.9897607641526055,0,0,0,0,0.010239235847394543,0,0,0,0,0,0,0,0,0,1,0.14268936685610312,0.8573106331438969,1,0,0,0,0,0,0,0,0,0,0,0,0,0,0,0,0,0,0,0,0,0
Changed to original form:
0,1,0,1,1,0,0,0,0,0,0,0,0,0,1,0,0,0,0,0,0,0,0,0,4.7047469184184E-14,0.9999999999999529,0.9478439749286021,0.05215602507139799,0,0,0,0,0,0,0,0,0,0,0,0,0,0,0,0,0,0,0,0,0.36677675721685404,0.6332232427831459,0.9999999999999996,4.921073738219245E-16,0.7691856861640198,0,0,0,0.2308143138359802,0,0,0,0,0,0,0,0,0,0,0,0,0,0,0,1,0,1,7.117360922824343E-18,0,0,0,0,1,0,0,0,0,0,0,0,0,0,0,0,0,0,0,0,1,0,1,0,0,0,0,0,1,0,0,0,0,0,0,0,0,0,0,0,0,0,0,0,1,0,1,0,0,0,0,0,1,0,0,0,0,0,0,0,0,0,0,0,0,0,0,0,1,0,0,1,0,0,0,0,0,0,0,0,0,0,0,0,0,0,0,0,0,0,0.3545377116453028,0.6454622883546972,1,0,0,1,0,0,0,0,0,0,0,0,0,0,0,0,0,0,0,0,0,0,0,1,1,0,0,1,0,0,0,0,0,0,0,0,0,0,0,0,0,0,0,0,0,0,0,1,1,0,0,1,0,0,0,0,0,0,0,0,0,0,0,0,0,0,0,0,0,0.944847079513252,0,0.055152920486747935,1,0,0,1,0,0,0,0,0,0,0,0,0,0,1,0,0,0,0,0,0,0,0,0,1,0,0,1,0,0,0,0,0,0,0,0,0,0,1,0,0,0,0,0,0,0,0,0,1,0,0,1,0,0,0,0,0,0,0,0,0,0,1,0,0,0,0,0,0,0,0,0,1,0,0.4324811441050222,0.5675188558949776,0,0,0,0,1,0,0,0,0,0,1,0,0,0,0,0,0,0,0,0,1,0,1,0,0,0,0,0,1,0,0,0,0,0,0,0,0,0,0,0,0,0,0,1,1,0,1,0,0,0,0,0,1,0,0,0,0,0,0,0,0,0,0,0,0,0,0,0,0.16494281979059874,0.8350571802094012,1,7.275632157338308E-17,0,0,0,0,0.9999999999997441,0,0,6.883942445840352E-14,0,1.871882401543864E-13,0,0,0,0,0,0,0,0,0,0,3.8954948724876454E-14,0.999999999999961,0.959890132047646,0.04010986795235402,0,0,0,0,0,0,0,0,0,0,0,0,0,0,0,0,0,0,0,0,2.4595839747169444E-14,0.9999999999999754,0,1,0,0,0,0,0,0,0,0,0,0,0,0,0,0,0,0,0,0,0,0,7.417820513940466E-16,0.9999999999999993,0,1,0,0,0,0,0,0,0,0,0,1,0,0,0,0,0,0,0,0,0,0
Changed to original form:
0,1,0,1,1,0,0,0,0,0,0,0,0,0,1,0,0,0,0,0,0,0,0,0,8.330878306020858E-15,0.9999999999999916,0,0,1,0,0,0,0,0,0,0,0,0,0,0,0,0,0,0,0,0,0,0,0.36677675721687086,0.6332232427831291,0.2308143138361577,0.7691856861638423,0,0,0,0,1,0,0,0,0,0,1,0,0,0,0,0,0,0,0,0,1,0,1,3.3541760294406615E-17,0,0,0,0,1,0,0,0,0,0,0,0,0,0,0,0,0,0,0,0,1,0,1,0,0,0,0,0,1,0,0,0,0,0,0,0,0,0,0,0,0,0,0,0,1,0,1,0,0,0,0,0,1,0,0,0,0,0,0,0,0,0,0,0,0,0,0,0,1,0,0,1,0,0,0,0,0,0,0,0,0,0,0,0,0,0,0,0,0,0,0.35453771164537734,0.6454622883546227,1,0,0,1,0,0,0,0,0,0,0,0,0,0,0,0,0,0,0,0,0,0,0,1,1,0,0,1,0,0,0,0,0,0,0,0,0,0,0,0,0,0,0,0,0,0,0,1,1,0,0,1,0,0,0,0,0,0,0,0,0,0,0,0,0,0,0,0,0,0.9448470795132575,0,0.05515292048674253,1,0,0,1,0,0,0,0,0,0,0,0,0,0,1,0,0,0,0,0,0,0,0,0,1,0,0,1,0,0,0,0,0,0,0,0,0,0,1,0,0,0,0,0,0,0,0,0,1,0,0,1,0,0,0,0,0,0,0,0,0,0,1,0,0,0,0,0,0,0,0,0,1,0,0.432481144105013,0.5675188558949871,0,0,0,0,1,0,0,0,0,0,1,0,0,0,0,0,0,0,0,0,1,0,1,0,0,0,0,0,1,0,0,0,0,0,0,0,0,0,0,0,0,0,0,0,1,0,1,0,0,0,0,0,1,0,0,0,0,0,0,0,0,0,0,0,0,0,0,0,0.16494281979064288,0.8350571802093572,0.999999999999486,5.139947515941373E-13,0,0,0,0,0.9999999999999954,0,0,4.4677175060687405E-15,0,0,0,0,0,0,0,0,0,0,0,1,1.1403601820423404E-14,0.9999999999999886,0,0,0,0,0,0,0,0,0,0,0,1,0,0,0,0,0,0,0,0,0,1,2.4183274442414685E-15,0.9999999999999977,0,0,0,0,0,0,0,0,0,0,0,1,0,0,0,0,0,0,0,0,0,1,0,1,0,1,0,0,0,0,0,0,0,0,0,1,0,0,0,0,0,0,0,0,0,1
Verification of equal utilities failed. 999.9999996429998 != 999.8628573347418 (i.e., 999.9999996429998 != 999.8628573347418) at Information set 0 (alt 111) P Files (PF): DecisionByteCode 9 (index 2) PlayerIndex 0 Probabilities 4.5700000000000005E-15, 1 BestResponse 1 Average 4.5700000000000005E-15, 1 Regrets 0.00, 0.00 Strategies 0.00, 1.00 InformationSetContents (index 0, info 1)
Perfect equilibrium not confirmed 134 ms
Verification of equal utilities failed. 998.8079586663998 != 998.6531956644319 (i.e., 998.8079586663998 != 998.6531956644319) at Information set 36 (alt 183) D Answers (DA): DecisionByteCode 10 (index 3) PlayerIndex 1 Probabilities 1.21E-15, 1 BestResponse 1 Average 1.21E-15, 1 Regrets 0.00, 0.00 Strategies 0.00, 1.00 InformationSetContents (index 1, info 9);(index 2, info 1)
Perfect equilibrium not confirmed 116 ms
Verification of equal utilities failed. 999.9999996429998 != 999.9198938578683 (i.e., 999.9999996429998 != 999.9198938578683) at Information set 0 (alt 111) P Files (PF): DecisionByteCode 9 (index 2) PlayerIndex 0 Probabilities 6.28E-15, 1 BestResponse 1 Average 6.28E-15, 1 Regrets 0.00, 0.00 Strategies 0.00, 1.00 InformationSetContents (index 0, info 1)
Perfect equilibrium not confirmed 103 ms
Best response improvement average was 0.014909647767808565; equilibrium rejected
Verification of equal utilities failed. 998.8079586663999 != 997.8379390717714 (i.e., 998.8079586663999 != 997.8379390717714) at Information set 29 (alt 176) D Defaults (DD1): DecisionByteCode 21 (index 6) PlayerIndex 1 Probabilities 1, 7.28E-17 BestResponse 1 Average 1, 7.28E-17 Regrets 0.00, 0.00 Strategies 1.00, 0.00 InformationSetContents (index 1, info 7);(index 2, info 1);(index 3, info 1)
Perfect equilibrium not confirmed 74 ms
Verification of equal utilities failed. 998.8079586663999 != 998.7545729915433 (i.e., 998.8079586663999 != 998.7545729915433) at Information set 32 (alt 179) D Answers (DA): DecisionByteCode 10 (index 3) PlayerIndex 1 Probabilities 1.14E-14, 1 BestResponse 1 Average 1.14E-14, 1 Regrets 0.00, 0.00 Strategies 0.00, 1.00 InformationSetContents (index 1, info 8);(index 2, info 1)
Perfect equilibrium not confirmed 75 ms
Using exact arithmetic for 49 remaining random priors

Game tree has 45211 nodes, of which 40200 are terminal nodes.
    Player 0 has 111 information sets, 210 moves in total
    Player 1 has  40 information sets, 240 moves in total
    Player 2 has  40 information sets, 240 moves in total
Sequence form LCP dimension is 564
    Player 1 has 241 sequences, subject to  41 constraints
    Player 2 has 241 sequences, subject to  41 constraints
Prior 1 of 49
... 100 steps (38277 ms) ...... 200 steps (189706 ms) ...... 300 steps (582298 ms) ...... 400 steps (957250 ms) ...... 500 steps (1371388 ms) ...... 600 steps (1801558 ms) ...... 700 steps (2187377 ms) ...... 800 steps (2586190 ms) ...... 900 steps (2955221 ms) ...Complete after 975 pivoting steps
Equilibrium 1
Equilibrium behavior strategies player 1, 2:
0,1,0,0,0,0,0,0,0,0,0,0,0,0,0,0,0,0,0,0,0,0,0,0,0,1,0,0,0,0,0,0,0,0,0,0,0,0,0,0,0,0,0,0,0,0,0,0,0,1,0,0,0,0,0,0,0,0,0,0,0,0,0,0,0,0,0,0,0,0,0,0,1,0,1,0,0,0,0,0,0,1,0,0,0,0,0,0,0,0,0,0,0,0,0,0,1,0,1,0,0,0,0,0,0,1,0,0,0,0,0,0,0,0,0,0,0,0,0,0,1,0,1,0,0,0,0,0,0,1,0,0,0,0,0,0,0,0,0,0,0,0,0,0,1,0,185884905077/203482062025,17597156948/203482062025,0,0,0,0,0,1,0,0,0,0,0,0,0,0,0,0,1,0,0,0,1,0,0,1,0,0,0,0,0,0,0,0,0,0,0,0,0,0,0,0,0,436159783235888/1012417321658105,576257538422217/1012417321658105,0,1,0,0,1,0,0,0,0,0,0,0,0,0,0,0,0,0,0,0,0,0,0,4849101231867748/482954732407033315,478105631175165567/482954732407033315,1,0,0,1,0,0,0,0,0,0,0,0,0,0,0,0,0,0,0,0,0,0,0,1
1,0,0,1,0,0,0,0,0,0,0,0,0,0,1,0,0,0,0,0,0,0,0,0,1,0,0,1,0,0,0,0,0,0,0,0,0,0,1,0,0,0,0,0,0,0,0,0,1,0,0,1,0,0,0,0,0,0,0,0,0,0,1,0,0,0,0,0,0,0,0,0,1,0,0,1,0,0,0,0,0,0,0,0,0,0,0,344978551505095/854606958018704,509628406513609/854606958018704,0,0,0,0,0,0,0,1,0,1,0,0,0,0,0,0,1,0,0,0,0,0,0,0,0,0,0,0,0,0,0,1,0,1,0,0,0,0,0,0,1,0,0,0,0,0,0,0,0,0,0,0,0,0,0,1,0,1,0,0,0,0,0,0,1,0,0,0,0,0,0,0,0,0,0,0,0,0,0,26615865/140024852,113408987/140024852,1,0,0,0,0,0,0,1,0,0,0,0,0,0,0,0,0,0,0,0,0,0,0,1,0,0,0,0,0,0,0,0,0,0,0,0,0,0,0,0,0,0,0,0,0,0,0,1,0,0,0,0,0,0,0,0,0,0,0,0,0,0,0,0,0,0,0,0,0,0
Elapsed milliseconds prior 1: 3225302
Prior 2 of 49
... 100 steps (46739 ms) ...... 200 steps (210853 ms) ...... 300 steps (599710 ms) ...Complete after 399 pivoting steps
Equilibrium 2
Equilibrium behavior strategies player 1, 2:
0,1,0,0,0,0,0,0,0,0,0,0,0,0,0,0,0,0,0,0,0,0,0,0,0,1,0,0,0,0,0,0,0,0,0,0,0,0,0,0,0,0,0,0,0,0,0,0,0,1,0,0,0,0,0,0,0,0,0,0,0,0,0,0,0,0,0,0,0,0,0,0,1,0,1,0,0,0,0,0,0,1,0,0,0,0,0,0,0,0,0,0,0,0,0,0,1,0,1,0,0,0,0,0,0,1,0,0,0,0,0,0,0,0,0,0,0,0,0,0,1,0,1,0,0,0,0,0,0,1,0,0,0,0,0,0,0,0,0,0,0,0,0,0,1,0,185884905077/203482062025,17597156948/203482062025,0,0,0,0,0,1,0,0,0,0,0,0,0,0,0,0,1,0,0,0,1,0,0,1,0,0,0,0,0,0,0,0,0,0,0,0,0,0,0,0,38792809854941984/800797990737388295,300509520216693312/800797990737388295,461495660665752999/800797990737388295,0,1,0,0,1,0,0,0,0,0,0,0,0,0,0,0,0,0,0,0,0,0,0,0,1,1,0,0,1,0,0,0,0,0,0,0,0,0,0,0,0,0,0,0,0,0,0,0,1
1,0,0,1,0,0,0,0,0,0,0,0,0,0,1,0,0,0,0,0,0,0,0,0,1,0,0,1,0,0,0,0,0,0,0,0,0,0,1,0,0,0,0,0,0,0,0,0,1,0,0,1,0,0,0,0,0,0,0,0,0,0,14243608279218117817/21063191895132913504,6819583615914795687/21063191895132913504,0,0,0,0,0,0,0,0,1,0,0,1,0,0,0,0,0,0,0,0,0,0,0,121192816985002003/158727070536283168,37534253551281165/158727070536283168,0,0,0,0,0,0,0,1,0,1,0,0,0,0,0,0,1,0,0,0,0,0,0,0,0,0,0,0,0,0,0,1,0,1,0,0,0,0,0,0,1,0,0,0,0,0,0,0,0,0,0,0,0,0,0,1,0,1,0,0,0,0,0,0,1,0,0,0,0,0,0,0,0,0,0,0,0,0,0,26615865/140024852,113408987/140024852,1,0,0,0,0,0,0,1,0,0,0,0,0,0,0,0,0,0,0,0,0,0,0,1,0,0,0,0,0,0,0,0,0,0,0,0,0,0,0,0,0,0,0,0,0,0,0,1,0,0,0,0,0,0,0,0,0,0,0,0,0,0,0,0,0,0,0,0,0,0
Elapsed milliseconds prior 2: 968528
Prior 3 of 49
... 100 steps (46327 ms) ...... 200 steps (220624 ms) ...... 300 steps (582276 ms) ...... 400 steps (1004905 ms) ...... 500 steps (1462129 ms) ...... 600 steps (1917519 ms) ...... 700 steps (2374673 ms) ...... 800 steps (2776126 ms) ...... 900 steps (3183395 ms) ...Complete after 991 pivoting steps
Equilibrium 3
Equilibrium behavior strategies player 1, 2:
0,1,0,0,0,0,0,0,0,0,0,0,0,0,0,0,0,0,0,0,0,0,0,0,0,1,0,0,0,0,0,0,0,0,0,0,0,0,0,0,0,0,0,0,0,0,0,0,0,1,0,0,0,0,0,0,0,0,0,0,0,0,0,0,0,0,0,0,0,0,0,0,1,0,1,0,0,0,0,0,0,1,0,0,0,0,0,0,0,0,0,0,0,0,0,0,1,0,1,0,0,0,0,0,0,1,0,0,0,0,0,0,0,0,0,0,0,0,0,0,1,0,1,0,0,0,0,0,0,1,0,0,0,0,0,0,0,0,0,0,0,0,0,0,1,0,185884905077/203482062025,17597156948/203482062025,0,0,0,0,0,1,0,0,0,0,0,0,0,0,0,0,1,0,0,0,1,0,0,1,0,0,0,0,0,0,0,0,0,0,0,0,0,0,0,0,0,436159783235888/1012417321658105,576257538422217/1012417321658105,0,1,0,0,1,0,0,0,0,0,0,0,0,0,0,0,0,0,0,0,0,0,0,4849101231867748/482954732407033315,478105631175165567/482954732407033315,1,0,0,1,0,0,0,0,0,0,0,0,0,0,0,0,0,0,0,0,0,0,0,1
1,0,0,1,0,0,0,0,0,0,0,0,0,0,1,0,0,0,0,0,0,0,0,0,1,0,0,1,0,0,0,0,0,0,0,0,0,0,1,0,0,0,0,0,0,0,0,0,1,0,0,1,0,0,0,0,0,0,0,0,0,0,14243608279218117817/21063191895132913504,6819583615914795687/21063191895132913504,0,0,0,0,0,0,0,0,1,0,0,1,0,0,0,0,0,0,0,0,0,0,0,121192816985002003/158727070536283168,37534253551281165/158727070536283168,0,0,0,0,0,0,0,1,0,1,0,0,0,0,0,0,1,0,0,0,0,0,0,0,0,0,0,0,0,0,0,1,0,1,0,0,0,0,0,0,1,0,0,0,0,0,0,0,0,0,0,0,0,0,0,1,0,1,0,0,0,0,0,0,1,0,0,0,0,0,0,0,0,0,0,0,0,0,0,26615865/140024852,113408987/140024852,1,0,0,0,0,0,0,1,0,0,0,0,0,0,0,0,0,0,0,0,0,0,0,1,0,0,0,0,0,0,0,0,0,0,0,0,0,0,0,0,0,0,0,0,0,0,0,1,0,0,0,0,0,0,0,0,0,0,0,0,0,0,0,0,0,0,0,0,0,0
Elapsed milliseconds prior 3: 3544717
Prior 4 of 49
... 100 steps (45118 ms) ...... 200 steps (215209 ms) ...... 300 steps (539355 ms) ...... 400 steps (944103 ms) ...... 500 steps (1375049 ms) ...Complete after 525 pivoting steps
Equilibrium 4
Equilibrium behavior strategies player 1, 2:
0,1,0,0,0,0,0,0,0,0,0,0,0,0,0,0,0,0,0,0,0,0,0,0,0,1,0,0,0,0,0,0,0,0,0,0,0,0,0,0,0,0,0,0,0,0,0,0,0,1,0,0,0,0,0,0,0,0,0,0,0,0,0,0,0,0,0,0,0,0,0,0,1,0,1,0,0,0,0,0,0,1,0,0,0,0,0,0,0,0,0,0,0,0,0,0,1,0,1,0,0,0,0,0,0,1,0,0,0,0,0,0,0,0,0,0,0,0,0,0,1,0,1,0,0,0,0,0,0,1,0,0,0,0,0,0,0,0,0,0,0,0,0,0,1,0,185884905077/203482062025,17597156948/203482062025,0,0,0,0,0,1,0,0,0,0,0,0,0,0,0,0,1,0,0,0,1,0,0,1,0,0,0,0,0,0,0,0,0,0,0,0,0,0,0,0,0,436159783235888/1012417321658105,576257538422217/1012417321658105,0,1,0,0,1,0,0,0,0,0,0,0,0,0,0,0,0,0,0,0,0,0,0,4849101231867748/482954732407033315,478105631175165567/482954732407033315,1,0,0,1,0,0,0,0,0,0,0,0,0,0,0,0,0,0,0,0,0,0,0,1
1,0,0,1,0,0,0,0,0,0,0,0,0,0,1,0,0,0,0,0,0,0,0,0,1,0,0,1,0,0,0,0,0,0,0,0,0,0,1,0,0,0,0,0,0,0,0,0,1,0,0,1,0,0,0,0,0,0,0,0,0,0,1,0,0,0,0,0,0,0,0,0,1,0,0,1,0,0,0,0,0,0,0,0,0,0,624475756378234161/12574197807903032576,3760916035989627571/12574197807903032576,2108343464349941/3237435068976064,0,0,0,0,0,0,0,1,0,1,0,0,0,0,0,0,1,0,0,0,0,0,0,0,0,0,0,0,0,0,0,1,0,1,0,0,0,0,0,0,1,0,0,0,0,0,0,0,0,0,0,0,0,0,0,1,0,1,0,0,0,0,0,0,1,0,0,0,0,0,0,0,0,0,0,0,0,0,0,26615865/140024852,113408987/140024852,1,0,0,0,0,0,0,1,0,0,0,0,0,0,0,0,0,0,0,0,0,0,0,1,0,0,0,0,0,0,0,0,0,0,0,0,0,0,0,0,0,0,0,0,0,0,0,1,0,0,0,0,0,0,0,0,0,0,0,0,0,0,0,0,0,0,0,0,0,0
Elapsed milliseconds prior 4: 1476987
Prior 5 of 49
... 100 steps (47669 ms) ...... 200 steps (209101 ms) ...... 300 steps (600430 ms) ...... 400 steps (1019327 ms) ...... 500 steps (1355706 ms) ...... 600 steps (1770646 ms) ...... 700 steps (2202577 ms) ...Complete after 737 pivoting steps
Equilibrium 5
Equilibrium behavior strategies player 1, 2:
0,1,0,0,0,0,0,0,0,0,0,0,0,0,0,0,0,0,0,0,0,0,0,0,0,1,0,0,0,0,0,0,0,0,0,0,0,0,0,0,0,0,0,0,0,0,0,0,287610501850367/784156837071048,496546335220681/784156837071048,1062153930186505/4601768029605872,3539614099419367/4601768029605872,0,0,0,0,1,0,0,0,0,0,1,0,0,0,0,0,0,0,0,0,1,0,1,0,0,0,0,0,1,0,0,0,0,0,0,0,0,0,0,0,0,0,0,0,1,0,1,0,0,0,0,0,1,0,0,0,0,0,0,0,0,0,0,0,0,0,0,0,1,0,1,0,0,0,0,0,1,0,0,0,0,0,0,0,0,0,0,0,0,0,0,0,1,0,0,1,0,0,0,0,0,0,0,0,0,0,0,0,0,0,0,0,1138931436447126826303399/6754241288007283490402400,0,5615309851560156664099001/6754241288007283490402400,0,1,0,0,1,0,0,0,0,0,0,0,0,0,0,0,0,0,0,0,0,0,0,21871493731230724684993/68581504479729556554960,46710010748498831869967/68581504479729556554960,1,0,0,1,0,0,0,0,0,0,0,0,0,0,0,0,0,0,0,0,0,0,0,1,1,0,0,1,0,0,0,0,0,0,0,0,0,0,0,0,0,0,0,0,0,0,0,1
1,0,0,1,0,0,0,0,0,0,0,0,0,0,1,0,0,0,0,0,0,0,0,0,1,0,0,1,0,0,0,0,0,0,0,0,0,0,1,0,0,0,0,0,0,0,0,0,1,0,0,1,0,0,0,0,0,0,0,0,0,0,1,0,0,0,0,0,0,0,0,0,1,0,349605579026/808371841851,458766262825/808371841851,0,0,0,0,1,0,0,0,0,0,1,0,0,0,0,0,0,0,0,0,1,0,1,0,0,0,0,0,1,0,0,0,0,0,0,0,0,0,0,0,0,0,0,0,1,0,1,0,0,0,0,0,1,0,0,0,0,0,0,0,0,0,0,0,0,0,0,0,91456467831/554473774288,463017306457/554473774288,1,0,0,0,0,0,1,0,0,0,0,0,0,0,0,0,0,0,0,0,0,0,0,1,0,0,0,0,0,0,0,0,0,0,0,0,0,0,0,0,0,0,0,0,0,0,0,1,0,0,0,0,0,0,0,0,0,0,0,0,0,0,0,0,0,0,0,0,0,0,0,1,0,0,0,0,0,0,0,0,0,0,0,0,0,0,0,0,0,0,0,0,0,0
Elapsed milliseconds prior 5: 2336173
Prior 6 of 49
... 100 steps (45428 ms) ...... 200 steps (210655 ms) ...... 300 steps (582321 ms) ...... 400 steps (994310 ms) ...... 500 steps (1350669 ms) ...... 600 steps (1645251 ms) ...... 700 steps (2050395 ms) ...... 800 steps (2471354 ms) ...Complete after 819 pivoting steps
Equilibrium 6
Equilibrium behavior strategies player 1, 2:
0,1,0,0,0,0,0,0,0,0,0,0,0,0,0,0,0,0,0,0,0,0,0,0,0,1,0,0,0,0,0,0,0,0,0,0,0,0,0,0,0,0,0,0,0,0,0,0,0,1,0,0,0,0,0,0,0,0,0,0,0,0,0,0,0,0,0,0,0,0,0,0,1,0,1,0,0,0,0,0,0,1,0,0,0,0,0,0,0,0,0,0,0,0,0,0,1,0,1,0,0,0,0,0,0,1,0,0,0,0,0,0,0,0,0,0,0,0,0,0,1,0,1,0,0,0,0,0,0,1,0,0,0,0,0,0,0,0,0,0,0,0,0,0,1,0,185884905077/203482062025,17597156948/203482062025,0,0,0,0,0,1,0,0,0,0,0,0,0,0,0,0,1,0,0,0,1,0,0,1,0,0,0,0,0,0,0,0,0,0,0,0,0,0,0,0,602795997774944/5181249077567435,6729234036680828832/22626514721736988645,142428318422355176247/248891661939106875095,3485257768147596768/248891661939106875095,1,0,0,1,0,0,0,0,0,0,0,0,0,0,0,0,0,0,0,0,0,0,0,1,1,0,0,1,0,0,0,0,0,0,0,0,0,0,0,0,0,0,0,0,0,0,0,1
1,0,0,1,0,0,0,0,0,0,0,0,0,0,1,0,0,0,0,0,0,0,0,0,1,0,0,1,0,0,0,0,0,0,0,0,0,0,1,0,0,0,0,0,0,0,0,0,1,0,0,1,0,0,0,0,0,0,0,0,0,0,1,0,0,0,0,0,0,0,0,0,1,0,0,1,0,0,0,0,0,0,0,0,0,0,0,1118576651846535/1628205058360144,0,509628406513609/1628205058360144,0,0,0,0,0,0,1,0,1,0,0,0,0,0,0,1,0,0,0,0,0,0,0,0,0,0,0,0,0,0,1,0,1,0,0,0,0,0,0,1,0,0,0,0,0,0,0,0,0,0,0,0,0,0,1,0,1,0,0,0,0,0,0,1,0,0,0,0,0,0,0,0,0,0,0,0,0,0,26615865/140024852,113408987/140024852,1,0,0,0,0,0,0,1,0,0,0,0,0,0,0,0,0,0,0,0,0,0,0,1,0,0,0,0,0,0,0,0,0,0,0,0,0,0,0,0,0,0,0,0,0,0,0,1,0,0,0,0,0,0,0,0,0,0,0,0,0,0,0,0,0,0,0,0,0,0
Elapsed milliseconds prior 6: 2554627
Prior 7 of 49
... 100 steps (44789 ms) ...... 200 steps (203875 ms) ...... 300 steps (549454 ms) ...... 400 steps (918904 ms) ...Complete after 485 pivoting steps
Equilibrium 7
Equilibrium behavior strategies player 1, 2:
0,1,0,0,0,0,0,0,0,0,0,0,0,0,0,0,0,0,0,0,0,0,0,0,0,1,0,0,0,0,0,0,0,0,0,0,0,0,0,0,0,0,0,0,0,0,0,0,0,1,0,0,0,0,0,0,0,0,0,0,0,0,0,0,0,0,0,0,0,0,0,0,1,0,1,0,0,0,0,0,0,1,0,0,0,0,0,0,0,0,0,0,0,0,0,0,1,0,1,0,0,0,0,0,0,1,0,0,0,0,0,0,0,0,0,0,0,0,0,0,1,0,1,0,0,0,0,0,0,1,0,0,0,0,0,0,0,0,0,0,0,0,0,0,1,0,185884905077/203482062025,17597156948/203482062025,0,0,0,0,0,1,0,0,0,0,0,0,0,0,0,0,1,0,0,0,1,0,0,1,0,0,0,0,0,0,0,0,0,0,0,0,0,0,0,0,0,436159783235888/1012417321658105,576257538422217/1012417321658105,0,1,0,0,1,0,0,0,0,0,0,0,0,0,0,0,0,0,0,0,0,0,0,4849101231867748/482954732407033315,478105631175165567/482954732407033315,1,0,0,1,0,0,0,0,0,0,0,0,0,0,0,0,0,0,0,0,0,0,0,1
1,0,0,1,0,0,0,0,0,0,0,0,0,0,1,0,0,0,0,0,0,0,0,0,1,0,0,1,0,0,0,0,0,0,0,0,0,0,1,0,0,0,0,0,0,0,0,0,1,0,0,1,0,0,0,0,0,0,0,0,0,0,1,0,0,0,0,0,0,0,0,0,1,0,0,1,0,0,0,0,0,0,0,0,0,0,0,1118576651846535/1628205058360144,0,509628406513609/1628205058360144,0,0,0,0,0,0,1,0,1,0,0,0,0,0,0,1,0,0,0,0,0,0,0,0,0,0,0,0,0,0,1,0,1,0,0,0,0,0,0,1,0,0,0,0,0,0,0,0,0,0,0,0,0,0,1,0,1,0,0,0,0,0,0,1,0,0,0,0,0,0,0,0,0,0,0,0,0,0,26615865/140024852,113408987/140024852,1,0,0,0,0,0,0,1,0,0,0,0,0,0,0,0,0,0,0,0,0,0,0,1,0,0,0,0,0,0,0,0,0,0,0,0,0,0,0,0,0,0,0,0,0,0,0,1,0,0,0,0,0,0,0,0,0,0,0,0,0,0,0,0,0,0,0,0,0,0
Elapsed milliseconds prior 7: 1254410
Prior 8 of 49
... 100 steps (46313 ms) ...... 200 steps (211696 ms) ...... 300 steps (509200 ms) ...... 400 steps (908221 ms) ...... 500 steps (1320062 ms) ...Complete after 553 pivoting steps
Equilibrium 8
Equilibrium behavior strategies player 1, 2:
0,1,0,0,0,0,0,0,0,0,0,0,0,0,0,0,0,0,0,0,0,0,0,0,0,1,0,0,0,0,0,0,0,0,0,0,0,0,0,0,0,0,0,0,0,0,0,0,287610501850367/784156837071048,496546335220681/784156837071048,1062153930186505/4601768029605872,3539614099419367/4601768029605872,0,0,0,0,1,0,0,0,0,0,1,0,0,0,0,0,0,0,0,0,1,0,1,0,0,0,0,0,1,0,0,0,0,0,0,0,0,0,0,0,0,0,0,0,1,0,1,0,0,0,0,0,1,0,0,0,0,0,0,0,0,0,0,0,0,0,0,0,1,0,1,0,0,0,0,0,1,0,0,0,0,0,0,0,0,0,0,0,0,0,0,0,1,0,0,1,0,0,0,0,0,0,0,0,0,0,0,0,0,0,0,0,0,366957560441213839063/556248284194377749040,189290723753163909977/556248284194377749040,0,1,0,0,1,0,0,0,0,0,0,0,0,0,0,0,0,0,0,0,0,0,0,60542544122857011257899/4274201516960173062360096,4213658972837316051102197/4274201516960173062360096,1,0,0,1,0,0,0,0,0,0,0,0,0,0,0,0,0,0,0,0,0,0,0,1,1,0,0,1,0,0,0,0,0,0,0,0,0,0,0,0,0,0,0,0,0,0,0,1
1,0,0,1,0,0,0,0,0,0,0,0,0,0,1,0,0,0,0,0,0,0,0,0,1,0,0,1,0,0,0,0,0,0,0,0,0,0,1,0,0,0,0,0,0,0,0,0,1,0,0,1,0,0,0,0,0,0,0,0,0,0,1,0,0,0,0,0,0,0,0,0,1,0,349605579026/808371841851,458766262825/808371841851,0,0,0,0,1,0,0,0,0,0,1,0,0,0,0,0,0,0,0,0,1,0,1,0,0,0,0,0,1,0,0,0,0,0,0,0,0,0,0,0,0,0,0,0,1,0,1,0,0,0,0,0,1,0,0,0,0,0,0,0,0,0,0,0,0,0,0,0,91456467831/554473774288,463017306457/554473774288,1,0,0,0,0,0,1,0,0,0,0,0,0,0,0,0,0,0,0,0,0,0,0,1,0,0,0,0,0,0,0,0,0,0,0,0,0,0,0,0,0,0,0,0,0,0,0,1,0,0,0,0,0,0,0,0,0,0,0,0,0,0,0,0,0,0,0,0,0,0,0,1,0,0,0,0,0,0,0,0,0,0,0,0,0,0,0,0,0,0,0,0,0,0
Elapsed milliseconds prior 8: 1500087
Prior 9 of 49
... 100 steps (45091 ms) ...... 200 steps (203051 ms) ...... 300 steps (578938 ms) ...... 400 steps (957872 ms) ...Complete after 473 pivoting steps
Same as equilibrium 8
Elapsed milliseconds prior 9: 1211444
Prior 10 of 49
... 100 steps (44294 ms) ...... 200 steps (195867 ms) ...... 300 steps (558863 ms) ...... 400 steps (967202 ms) ...Complete after 481 pivoting steps
Equilibrium 9
Equilibrium behavior strategies player 1, 2:
0,1,0,0,0,0,0,0,0,0,0,0,0,0,0,0,0,0,0,0,0,0,0,0,0,1,0,0,0,0,0,0,0,0,0,0,0,0,0,0,0,0,0,0,0,0,0,0,287610501850367/784156837071048,496546335220681/784156837071048,1062153930186505/4601768029605872,3539614099419367/4601768029605872,0,0,0,0,1,0,0,0,0,0,1,0,0,0,0,0,0,0,0,0,1,0,1,0,0,0,0,0,1,0,0,0,0,0,0,0,0,0,0,0,0,0,0,0,1,0,1,0,0,0,0,0,1,0,0,0,0,0,0,0,0,0,0,0,0,0,0,0,1,0,1,0,0,0,0,0,1,0,0,0,0,0,0,0,0,0,0,0,0,0,0,0,1,0,0,1,0,0,0,0,0,0,0,0,0,0,0,0,0,0,0,0,60542544122857011257899/2917716625429298474947920,3710796848204896857799943/5835433250858596949895840,2003551314407986069580099/5835433250858596949895840,0,1,0,0,1,0,0,0,0,0,0,0,0,0,0,0,0,0,0,0,0,0,0,0,1,1,0,0,1,0,0,0,0,0,0,0,0,0,0,0,0,0,0,0,0,0,0,0,1,1,0,0,1,0,0,0,0,0,0,0,0,0,0,0,0,0,0,0,0,0,0,0,1
1,0,0,1,0,0,0,0,0,0,0,0,0,0,1,0,0,0,0,0,0,0,0,0,1,0,0,1,0,0,0,0,0,0,0,0,0,0,1,0,0,0,0,0,0,0,0,0,1,0,0,1,0,0,0,0,0,0,0,0,0,0,1,0,0,0,0,0,0,0,0,0,1,0,349605579026/808371841851,458766262825/808371841851,0,0,0,0,1,0,0,0,0,0,1,0,0,0,0,0,0,0,0,0,1,0,1,0,0,0,0,0,1,0,0,0,0,0,0,0,0,0,0,0,0,0,0,0,1,0,1,0,0,0,0,0,1,0,0,0,0,0,0,0,0,0,0,0,0,0,0,0,91456467831/554473774288,463017306457/554473774288,1,0,0,0,0,0,1,0,0,0,0,0,0,0,0,0,0,0,0,0,0,0,0,1,0,0,0,0,0,0,0,0,0,0,0,0,0,0,0,0,0,0,0,0,0,0,0,1,0,0,0,0,0,0,0,0,0,0,0,0,0,0,0,0,0,0,0,0,0,0,0,1,0,0,0,0,0,0,0,0,0,0,0,0,0,0,0,0,0,0,0,0,0,0
Elapsed milliseconds prior 10: 1277822
Prior 11 of 49
... 100 steps (46591 ms) ...... 200 steps (212286 ms) ...... 300 steps (558798 ms) ...... 400 steps (931010 ms) ...Complete after 421 pivoting steps
Equilibrium 10
Equilibrium behavior strategies player 1, 2:
0,1,0,0,0,0,0,0,0,0,0,0,0,0,0,0,0,0,0,0,0,0,0,0,0,1,0,0,0,0,0,0,0,0,0,0,0,0,0,0,0,0,0,0,0,0,0,0,0,1,0,0,0,0,0,0,0,0,0,0,0,0,0,0,0,0,0,0,0,0,0,0,1,0,1,0,0,0,0,0,0,1,0,0,0,0,0,0,0,0,0,0,0,0,0,0,1,0,1,0,0,0,0,0,0,1,0,0,0,0,0,0,0,0,0,0,0,0,0,0,1,0,1,0,0,0,0,0,0,1,0,0,0,0,0,0,0,0,0,0,0,0,0,0,1,0,185884905077/203482062025,17597156948/203482062025,0,0,0,0,0,1,0,0,0,0,0,0,0,0,0,0,1,0,0,0,1,0,0,1,0,0,0,0,0,0,0,0,0,0,0,0,0,0,0,0,602795997774944/5181249077567435,6729234036680828832/22626514721736988645,142428318422355176247/248891661939106875095,3485257768147596768/248891661939106875095,1,0,0,1,0,0,0,0,0,0,0,0,0,0,0,0,0,0,0,0,0,0,0,1,1,0,0,1,0,0,0,0,0,0,0,0,0,0,0,0,0,0,0,0,0,0,0,1
1,0,0,1,0,0,0,0,0,0,0,0,0,0,1,0,0,0,0,0,0,0,0,0,1,0,0,1,0,0,0,0,0,0,0,0,0,0,1,0,0,0,0,0,0,0,0,0,1,0,0,1,0,0,0,0,0,0,0,0,0,0,1,0,0,0,0,0,0,0,0,0,1,0,0,1,0,0,0,0,0,0,0,0,0,0,0,344978551505095/854606958018704,509628406513609/854606958018704,0,0,0,0,0,0,0,1,0,1,0,0,0,0,0,0,1,0,0,0,0,0,0,0,0,0,0,0,0,0,0,1,0,1,0,0,0,0,0,0,1,0,0,0,0,0,0,0,0,0,0,0,0,0,0,1,0,1,0,0,0,0,0,0,1,0,0,0,0,0,0,0,0,0,0,0,0,0,0,26615865/140024852,113408987/140024852,1,0,0,0,0,0,0,1,0,0,0,0,0,0,0,0,0,0,0,0,0,0,0,1,0,0,0,0,0,0,0,0,0,0,0,0,0,0,0,0,0,0,0,0,0,0,0,1,0,0,0,0,0,0,0,0,0,0,0,0,0,0,0,0,0,0,0,0,0,0
Elapsed milliseconds prior 11: 1023406
Prior 12 of 49
... 100 steps (44960 ms) ...... 200 steps (211481 ms) ...... 300 steps (553776 ms) ...... 400 steps (979361 ms) ...... 500 steps (1348905 ms) ...... 600 steps (1740123 ms) ...Complete after 673 pivoting steps
Equilibrium 11
Equilibrium behavior strategies player 1, 2:
0,1,0,0,0,0,0,0,0,0,0,0,0,0,0,0,0,0,0,0,0,0,0,0,0,1,0,0,0,0,0,0,0,0,0,0,0,0,0,0,0,0,0,0,0,0,0,0,287610501850367/784156837071048,496546335220681/784156837071048,1062153930186505/4601768029605872,3539614099419367/4601768029605872,0,0,0,0,1,0,0,0,0,0,1,0,0,0,0,0,0,0,0,0,1,0,1,0,0,0,0,0,1,0,0,0,0,0,0,0,0,0,0,0,0,0,0,0,1,0,1,0,0,0,0,0,1,0,0,0,0,0,0,0,0,0,0,0,0,0,0,0,1,0,1,0,0,0,0,0,1,0,0,0,0,0,0,0,0,0,0,0,0,0,0,0,1,0,0,1,0,0,0,0,0,0,0,0,0,0,0,0,0,0,0,0,0,1138931436447126826303399/3545671261886574675317280,2406739825439447849013881/3545671261886574675317280,0,1,0,0,1,0,0,0,0,0,0,0,0,0,0,0,0,0,0,0,0,0,0,1136651240444068622479271/3564216683565356907457488,2427565443121288284978217/3564216683565356907457488,1,0,0,1,0,0,0,0,0,0,0,0,0,0,0,0,0,0,0,0,0,0,0,1,1,0,0,1,0,0,0,0,0,0,0,0,0,0,0,0,0,0,0,0,0,0,0,1
1,0,0,1,0,0,0,0,0,0,0,0,0,0,1,0,0,0,0,0,0,0,0,0,1,0,0,1,0,0,0,0,0,0,0,0,0,0,1,0,0,0,0,0,0,0,0,0,1,0,0,1,0,0,0,0,0,0,0,0,0,0,1,0,0,0,0,0,0,0,0,0,1,0,349605579026/808371841851,458766262825/808371841851,0,0,0,0,1,0,0,0,0,0,1,0,0,0,0,0,0,0,0,0,1,0,1,0,0,0,0,0,1,0,0,0,0,0,0,0,0,0,0,0,0,0,0,0,1,0,1,0,0,0,0,0,1,0,0,0,0,0,0,0,0,0,0,0,0,0,0,0,91456467831/554473774288,463017306457/554473774288,1,0,0,0,0,0,1,0,0,0,0,0,0,0,0,0,0,0,0,0,0,0,0,1,0,0,0,0,0,0,0,0,0,0,0,0,0,0,0,0,0,0,0,0,0,0,0,1,0,0,0,0,0,0,0,0,0,0,0,0,0,0,0,0,0,0,0,0,0,0,0,1,0,0,0,0,0,0,0,0,0,0,0,0,0,0,0,0,0,0,0,0,0,0
Elapsed milliseconds prior 12: 2001450
Prior 13 of 49
... 100 steps (43983 ms) ...... 200 steps (196182 ms) ...... 300 steps (525170 ms) ...... 400 steps (935925 ms) ...... 500 steps (1290256 ms) ...Complete after 547 pivoting steps
Equilibrium 12
Equilibrium behavior strategies player 1, 2:
1,0,1,0,0,1,0,0,0,0,0,0,0,0,0,0,0,0,0,0,0,0,0,0,1,0,0,1,0,0,0,0,0,0,0,0,0,0,0,1,0,0,0,0,0,0,0,0,1,0,0,1,0,0,0,0,0,0,0,0,0,0,0,1,0,0,0,0,0,0,0,0,1,0,0,1,0,0,0,0,0,0,0,0,0,0,0,1,0,0,0,0,0,0,0,0,1,0,1821647642519/2895308181360,1073660538841/2895308181360,0,0,0,0,0,1,0,0,0,0,0,1,0,0,0,0,0,0,0,0,1,0,1,0,0,0,0,0,0,1,0,0,0,0,0,0,0,0,0,0,0,0,0,0,1,0,0,1,0,0,0,0,0,0,0,0,0,0,0,0,0,0,0,0,0,1857951772283109018421/9043130980021236277896,7185179207738127259475/9043130980021236277896,0,1,0,0,1,0,0,0,0,0,0,0,0,0,0,0,0,0,0,0,0,0,0,136536512867888279828993/636330137539486821859512,499793624671598542030519/636330137539486821859512,1,0,0,1,0,0,0,0,0,0,0,0,0,0,0,0,0,0,0,0,0,0,0,1,1,0,0,1,0,0,0,0,0,0,0,0,0,0,0,0,0,0,0,0,0,0,0,1
1,0,0,1,0,0,0,0,0,0,0,0,0,0,0,1,0,0,0,0,0,0,0,0,1,0,0,1,0,0,0,0,0,0,0,0,0,0,0,1,0,0,0,0,0,0,0,0,1,0,0,1,0,0,0,0,0,0,0,0,0,0,0,1,0,0,0,0,0,0,0,0,1,0,22731772/30369827,7638055/30369827,0,1,0,0,0,0,0,0,0,0,0,1,0,0,0,0,0,0,0,0,1,0,1,0,0,1,0,0,0,0,0,0,0,0,0,0,0,0,0,0,0,0,0,0,1,0,1,0,0,0,0,0,0,1,0,0,0,0,0,0,0,0,0,0,0,0,0,0,1,0,1,0,0,0,0,0,0,1,0,0,0,0,0,0,0,0,0,0,0,0,0,0,0,1,0,0,0,0,0,0,0,0,0,0,0,0,0,0,0,0,0,0,0,0,0,0,0,1,0,0,0,0,0,0,0,0,0,0,0,0,0,0,0,0,0,0,0,0,0,0,0,1,0,0,0,0,0,0,0,0,0,0,0,0,0,0,0,0,0,0,0,0,0,0
Elapsed milliseconds prior 13: 1432318
Prior 14 of 49
... 100 steps (45223 ms) ...... 200 steps (213382 ms) ...... 300 steps (592483 ms) ...... 400 steps (1034110 ms) ...Complete after 445 pivoting steps
Same as equilibrium 3
Elapsed milliseconds prior 14: 1199240
Prior 15 of 49
... 100 steps (47969 ms) ...... 200 steps (218074 ms) ...... 300 steps (568353 ms) ...... 400 steps (941642 ms) ...Complete after 447 pivoting steps
Same as equilibrium 1
Elapsed milliseconds prior 15: 1115977
Prior 16 of 49
... 100 steps (48448 ms) ...... 200 steps (227499 ms) ...... 300 steps (601992 ms) ...... 400 steps (927370 ms) ...... 500 steps (1340601 ms) ...Complete after 545 pivoting steps
Equilibrium 13
Equilibrium behavior strategies player 1, 2:
0,1,0,0,0,0,0,0,0,0,0,0,0,0,0,0,0,0,0,0,0,0,0,0,0,1,0,0,0,0,0,0,0,0,0,0,0,0,0,0,0,0,0,0,0,0,0,0,0,1,0,0,0,0,0,0,0,0,0,0,0,0,0,0,0,0,0,0,0,0,0,0,1,0,1,0,0,0,0,0,0,1,0,0,0,0,0,0,0,0,0,0,0,0,0,0,1,0,1,0,0,0,0,0,0,1,0,0,0,0,0,0,0,0,0,0,0,0,0,0,1,0,1,0,0,0,0,0,0,1,0,0,0,0,0,0,0,0,0,0,0,0,0,0,1,0,185884905077/203482062025,17597156948/203482062025,0,0,0,0,0,1,0,0,0,0,0,0,0,0,0,0,1,0,0,0,1,0,0,1,0,0,0,0,0,0,0,0,0,0,0,0,0,0,0,0,0,0,1,0,1,0,0,1,0,0,0,0,0,0,0,0,0,0,0,0,0,0,0,0,0,0,3262137691544/25521202677795,22259064986251/25521202677795,1,0,0,1,0,0,0,0,0,0,0,0,0,0,0,0,0,0,0,0,0,0,0,1
1,0,0,1,0,0,0,0,0,0,0,0,0,0,1,0,0,0,0,0,0,0,0,0,1,0,0,1,0,0,0,0,0,0,0,0,0,0,1,0,0,0,0,0,0,0,0,0,1,0,0,1,0,0,0,0,0,0,0,0,0,0,1,0,0,0,0,0,0,0,0,0,1,0,0,1,0,0,0,0,0,0,0,0,0,0,0,344978551505095/854606958018704,509628406513609/854606958018704,0,0,0,0,0,0,0,1,0,1,0,0,0,0,0,0,1,0,0,0,0,0,0,0,0,0,0,0,0,0,0,1,0,1,0,0,0,0,0,0,1,0,0,0,0,0,0,0,0,0,0,0,0,0,0,1,0,1,0,0,0,0,0,0,1,0,0,0,0,0,0,0,0,0,0,0,0,0,0,26615865/140024852,113408987/140024852,1,0,0,0,0,0,0,1,0,0,0,0,0,0,0,0,0,0,0,0,0,0,0,1,0,0,0,0,0,0,0,0,0,0,0,0,0,0,0,0,0,0,0,0,0,0,0,1,0,0,0,0,0,0,0,0,0,0,0,0,0,0,0,0,0,0,0,0,0,0
Elapsed milliseconds prior 16: 1504941
Prior 17 of 49
... 100 steps (46274 ms) ...... 200 steps (210642 ms) ...... 300 steps (619418 ms) ...... 400 steps (1033510 ms) ...... 500 steps (1496261 ms) ...Complete after 537 pivoting steps
Same as equilibrium 8
Elapsed milliseconds prior 17: 1645989
Prior 18 of 49
... 100 steps (45964 ms) ...... 200 steps (224542 ms) ...... 300 steps (553821 ms) ...... 400 steps (924727 ms) ...Complete after 405 pivoting steps
Same as equilibrium 11
Elapsed milliseconds prior 18: 947503
Prior 19 of 49
... 100 steps (47083 ms) ...... 200 steps (216011 ms) ...... 300 steps (630333 ms) ...... 400 steps (1024326 ms) ...... 500 steps (1382596 ms) ...Complete after 575 pivoting steps
Same as equilibrium 4
Elapsed milliseconds prior 19: 1682219
Prior 20 of 49
... 100 steps (45934 ms) ...... 200 steps (218905 ms) ...... 300 steps (608346 ms) ...... 400 steps (999760 ms) ...... 500 steps (1374165 ms) ...... 600 steps (1765404 ms) ...Complete after 691 pivoting steps
Same as equilibrium 1
Elapsed milliseconds prior 20: 2137675
Prior 21 of 49
... 100 steps (46416 ms) ...... 200 steps (210339 ms) ...... 300 steps (634718 ms) ...... 400 steps (1109845 ms) ...... 500 steps (1607794 ms) ...... 600 steps (2009036 ms) ...... 700 steps (2455288 ms) ...... 800 steps (2892561 ms) ...... 900 steps (3290084 ms) ...Complete after 949 pivoting steps
Same as equilibrium 8
Elapsed milliseconds prior 21: 3475981
Prior 22 of 49
... 100 steps (49531 ms) ...... 200 steps (213260 ms) ...... 300 steps (620890 ms) ...... 400 steps (1089306 ms) ...... 500 steps (1482445 ms) ...Complete after 535 pivoting steps
Same as equilibrium 8
Elapsed milliseconds prior 22: 1613687
Prior 23 of 49
... 100 steps (45631 ms) ...... 200 steps (214136 ms) ...... 300 steps (602075 ms) ...... 400 steps (963970 ms) ...... 500 steps (1350958 ms) ...Complete after 589 pivoting steps
Equilibrium 14
Equilibrium behavior strategies player 1, 2:
0,1,0,0,0,0,0,0,0,0,0,0,0,0,0,0,0,0,0,0,0,0,0,0,0,1,0,0,0,0,0,0,0,0,0,0,0,0,0,0,0,0,0,0,0,0,0,0,0,1,0,0,0,0,0,0,0,0,0,0,0,0,0,0,0,0,0,0,0,0,0,0,1,0,1,0,0,0,0,0,0,1,0,0,0,0,0,0,0,0,0,0,0,0,0,0,1,0,1,0,0,0,0,0,0,1,0,0,0,0,0,0,0,0,0,0,0,0,0,0,1,0,1,0,0,0,0,0,0,1,0,0,0,0,0,0,0,0,0,0,0,0,0,0,1,0,185884905077/203482062025,17597156948/203482062025,0,0,0,0,0,1,0,0,0,0,0,0,0,0,0,0,0,1,0,0,1,0,0,1,0,0,0,0,0,0,0,0,0,0,0,0,0,0,0,0,0,447430762261082/1012417321658105,564986559397023/1012417321658105,0,1,0,0,1,0,0,0,0,0,0,0,0,0,0,0,0,0,0,0,0,0,0,1160947467759/45045444425410,43884496957651/45045444425410,1,0,0,1,0,0,0,0,0,0,0,0,0,0,0,0,0,0,0,0,0,0,0,1
1,0,0,1,0,0,0,0,0,0,0,0,0,0,1,0,0,0,0,0,0,0,0,0,1,0,0,1,0,0,0,0,0,0,0,0,0,0,1,0,0,0,0,0,0,0,0,0,1,0,0,1,0,0,0,0,0,0,0,0,0,0,1,0,0,0,0,0,0,0,0,0,1,0,0,1,0,0,0,0,0,0,0,0,0,0,624475756378234161/12574197807903032576,3760916035989627571/12574197807903032576,2108343464349941/3237435068976064,0,0,0,0,0,0,0,1,0,1,0,0,0,0,0,0,1,0,0,0,0,0,0,0,0,0,0,0,0,0,0,1,0,1,0,0,0,0,0,0,1,0,0,0,0,0,0,0,0,0,0,0,0,0,0,1,0,1,0,0,0,0,0,0,1,0,0,0,0,0,0,0,0,0,0,0,0,0,0,26615865/140024852,113408987/140024852,1,0,0,0,0,0,0,1,0,0,0,0,0,0,0,0,0,0,0,0,0,0,0,1,0,0,0,0,0,0,0,0,0,0,0,0,0,0,0,0,0,0,0,0,0,0,0,1,0,0,0,0,0,0,0,0,0,0,0,0,0,0,0,0,0,0,0,0,0,0
Elapsed milliseconds prior 23: 1686724
Prior 24 of 49
... 100 steps (45889 ms) ...... 200 steps (210866 ms) ...... 300 steps (535697 ms) ...... 400 steps (893040 ms) ...Complete after 411 pivoting steps
Same as equilibrium 14
Elapsed milliseconds prior 24: 940395
Prior 25 of 49
... 100 steps (45833 ms) ...... 200 steps (209023 ms) ...... 300 steps (594046 ms) ...... 400 steps (1004096 ms) ...Complete after 475 pivoting steps
Equilibrium 15
Equilibrium behavior strategies player 1, 2:
0,1,0,0,0,0,0,0,0,0,0,0,0,0,0,0,0,0,0,0,0,0,0,0,0,1,0,0,0,0,0,0,0,0,0,0,0,0,0,0,0,0,0,0,0,0,0,0,0,1,0,0,0,0,0,0,0,0,0,0,0,0,0,0,0,0,0,0,0,0,0,0,1,0,1,0,0,0,0,0,0,1,0,0,0,0,0,0,0,0,0,0,0,0,0,0,1,0,1,0,0,0,0,0,0,1,0,0,0,0,0,0,0,0,0,0,0,0,0,0,1,0,1,0,0,0,0,0,0,1,0,0,0,0,0,0,0,0,0,0,0,0,0,0,1,0,185884905077/203482062025,17597156948/203482062025,0,0,0,0,0,1,0,0,0,0,0,0,0,0,0,0,0,1,0,0,1,0,0,1,0,0,0,0,0,0,0,0,0,0,0,0,0,0,0,0,0,0,1,0,1,0,0,1,0,0,0,0,0,0,0,0,0,0,0,0,0,0,0,0,0,0,1186272769504/8092088653935,6905815884431/8092088653935,1,0,0,1,0,0,0,0,0,0,0,0,0,0,0,0,0,0,0,0,0,0,0,1
1,0,0,1,0,0,0,0,0,0,0,0,0,0,1,0,0,0,0,0,0,0,0,0,1,0,0,1,0,0,0,0,0,0,0,0,0,0,1,0,0,0,0,0,0,0,0,0,1,0,0,1,0,0,0,0,0,0,0,0,0,0,7312198113356005/10813766778252064,3501568664896059/10813766778252064,0,0,0,0,0,0,0,0,1,0,0,1,0,0,0,0,0,0,0,0,0,0,0,158957467958197477/181478020088966176,0,22520552130768699/181478020088966176,0,0,0,0,0,0,1,0,1,0,0,0,0,0,0,1,0,0,0,0,0,0,0,0,0,0,0,0,0,0,1,0,1,0,0,0,0,0,0,1,0,0,0,0,0,0,0,0,0,0,0,0,0,0,1,0,1,0,0,0,0,0,0,1,0,0,0,0,0,0,0,0,0,0,0,0,0,0,26615865/140024852,113408987/140024852,1,0,0,0,0,0,0,1,0,0,0,0,0,0,0,0,0,0,0,0,0,0,0,1,0,0,0,0,0,0,0,0,0,0,0,0,0,0,0,0,0,0,0,0,0,0,0,1,0,0,0,0,0,0,0,0,0,0,0,0,0,0,0,0,0,0,0,0,0,0
Elapsed milliseconds prior 25: 1289308
Prior 26 of 49
... 100 steps (45420 ms) ...... 200 steps (203048 ms) ...... 300 steps (519925 ms) ...Complete after 383 pivoting steps
Same as equilibrium 1
Elapsed milliseconds prior 26: 818543
Prior 27 of 49
... 100 steps (45973 ms) ...... 200 steps (209399 ms) ...... 300 steps (555431 ms) ...... 400 steps (926770 ms) ...Complete after 403 pivoting steps
Same as equilibrium 3
Elapsed milliseconds prior 27: 942612
Prior 28 of 49
... 100 steps (47656 ms) ...... 200 steps (229350 ms) ...... 300 steps (602753 ms) ...... 400 steps (1045274 ms) ...... 500 steps (1551791 ms) ...... 600 steps (1914509 ms) ...... 700 steps (2351162 ms) ...... 800 steps (2759401 ms) ...Complete after 841 pivoting steps
Same as equilibrium 5
Elapsed milliseconds prior 28: 2920296
Prior 29 of 49
... 100 steps (46393 ms) ...... 200 steps (210216 ms) ...... 300 steps (582092 ms) ...... 400 steps (973111 ms) ...Complete after 467 pivoting steps
Same as equilibrium 11
Elapsed milliseconds prior 29: 1213073
Prior 30 of 49
... 100 steps (45494 ms) ...... 200 steps (203598 ms) ...... 300 steps (553074 ms) ...... 400 steps (861642 ms) ...Complete after 401 pivoting steps
Equilibrium 16
Equilibrium behavior strategies player 1, 2:
0,1,0,0,0,0,0,0,0,0,0,0,0,0,0,0,0,0,0,0,0,0,0,0,0,1,0,0,0,0,0,0,0,0,0,0,0,0,0,0,0,0,0,0,0,0,0,0,0,1,0,0,0,0,0,0,0,0,0,0,0,0,0,0,0,0,0,0,0,0,0,0,1,0,1,0,0,0,0,0,0,1,0,0,0,0,0,0,0,0,0,0,0,0,0,0,1,0,1,0,0,0,0,0,0,1,0,0,0,0,0,0,0,0,0,0,0,0,0,0,1,0,1,0,0,0,0,0,0,1,0,0,0,0,0,0,0,0,0,0,0,0,0,0,1,0,1,0,0,0,0,0,0,1,0,0,0,0,0,0,0,0,0,0,0,0,0,0,1,0,0,1,0,0,0,0,0,0,0,0,0,0,0,0,0,0,0,0,0,0,1,0,1,0,0,1,0,0,0,0,0,0,0,0,0,0,0,0,0,0,0,0,0,0,1,0,1,0,0,1,0,0,0,0,0,0,0,0,0,0,0,0,0,0,0,0,0,0,1,0
1,0,0,1,0,0,0,0,0,0,0,0,0,0,1,0,0,0,0,0,0,0,0,0,1,0,0,1,0,0,0,0,0,0,0,0,0,0,1,0,0,0,0,0,0,0,0,0,1,0,0,1,0,0,0,0,0,0,0,0,0,0,1631215569541075/2312863042343172,681647472802097/2312863042343172,0,0,0,0,0,0,0,0,1,0,0,1,0,0,0,0,0,0,0,0,0,0,0,166385553111/524903167696,501894034787/1574709503088,64659469/177492054,0,0,0,0,0,0,1,0,1,0,0,0,0,0,0,1,0,0,0,0,0,0,0,0,0,0,0,0,0,0,1,0,1,0,0,0,0,0,0,1,0,0,0,0,0,0,0,0,0,0,0,0,0,0,1,0,0,1,0,0,0,0,0,0,0,0,0,0,0,0,0,0,0,0,0,0,1,0,1,0,0,1,0,0,0,0,0,0,0,0,0,0,0,0,0,0,0,0,0,0,1,0,1,0,0,1,0,0,0,0,0,0,0,0,0,0,0,0,0,0,0,0,0,0,1,0,1,0,0,1,0,0,0,0,0,0,0,0,0,0,0,0,0,0,0,0,0,0,1,0
Elapsed milliseconds prior 30: 867939
Prior 31 of 49
... 100 steps (47007 ms) ...... 200 steps (213728 ms) ...... 300 steps (544902 ms) ...... 400 steps (936214 ms) ...Complete after 471 pivoting steps
Same as equilibrium 8
Elapsed milliseconds prior 31: 1211421
Prior 32 of 49
... 100 steps (46416 ms) ...... 200 steps (208070 ms) ...... 300 steps (578849 ms) ...... 400 steps (950330 ms) ...Complete after 459 pivoting steps
Equilibrium 17
Equilibrium behavior strategies player 1, 2:
0,1,0,0,0,0,0,0,0,0,0,0,0,0,0,0,0,0,0,0,0,0,0,0,0,1,0,0,0,0,0,0,0,0,0,0,0,0,0,0,0,0,0,0,0,0,0,0,0,1,0,0,0,0,0,0,0,0,0,0,0,0,0,0,0,0,0,0,0,0,0,0,1,0,1,0,0,0,0,0,0,1,0,0,0,0,0,0,0,0,0,0,0,0,0,0,1,0,1,0,0,0,0,0,0,1,0,0,0,0,0,0,0,0,0,0,0,0,0,0,1,0,1,0,0,0,0,0,0,1,0,0,0,0,0,0,0,0,0,0,0,0,0,0,1,0,185884905077/203482062025,17597156948/203482062025,0,0,0,0,0,1,0,0,0,0,0,0,0,0,0,0,0,1,0,0,1,0,0,1,0,0,0,0,0,0,0,0,0,0,0,0,0,0,0,0,0,447430762261082/1012417321658105,564986559397023/1012417321658105,0,1,0,0,1,0,0,0,0,0,0,0,0,0,0,0,0,0,0,0,0,0,0,1160947467759/45045444425410,43884496957651/45045444425410,1,0,0,1,0,0,0,0,0,0,0,0,0,0,0,0,0,0,0,0,0,0,0,1
1,0,0,1,0,0,0,0,0,0,0,0,0,0,1,0,0,0,0,0,0,0,0,0,1,0,0,1,0,0,0,0,0,0,0,0,0,0,1,0,0,0,0,0,0,0,0,0,1,0,0,1,0,0,0,0,0,0,0,0,0,0,14243608279218117817/21063191895132913504,6819583615914795687/21063191895132913504,0,0,0,0,0,0,0,0,1,0,0,1,0,0,0,0,0,0,0,0,0,0,0,121192816985002003/158727070536283168,37534253551281165/158727070536283168,0,0,0,0,0,0,0,1,0,1,0,0,0,0,0,0,1,0,0,0,0,0,0,0,0,0,0,0,0,0,0,1,0,1,0,0,0,0,0,0,1,0,0,0,0,0,0,0,0,0,0,0,0,0,0,1,0,1,0,0,0,0,0,0,1,0,0,0,0,0,0,0,0,0,0,0,0,0,0,26615865/140024852,113408987/140024852,1,0,0,0,0,0,0,1,0,0,0,0,0,0,0,0,0,0,0,0,0,0,0,1,0,0,0,0,0,0,0,0,0,0,0,0,0,0,0,0,0,0,0,0,0,0,0,1,0,0,0,0,0,0,0,0,0,0,0,0,0,0,0,0,0,0,0,0,0,0
Elapsed milliseconds prior 32: 1162272
Prior 33 of 49
... 100 steps (45939 ms) ...... 200 steps (209516 ms) ...... 300 steps (621011 ms) ...... 400 steps (1109460 ms) ...... 500 steps (1474533 ms) ...... 600 steps (1920435 ms) ...... 700 steps (2286566 ms) ...Complete after 711 pivoting steps
Same as equilibrium 4
Elapsed milliseconds prior 33: 2330851
Prior 34 of 49
... 100 steps (46337 ms) ...... 200 steps (210708 ms) ...... 300 steps (561538 ms) ...... 400 steps (932739 ms) ...Complete after 485 pivoting steps
Same as equilibrium 1
Elapsed milliseconds prior 34: 1263006
Prior 35 of 49
... 100 steps (48853 ms) ...... 200 steps (219424 ms) ...... 300 steps (558449 ms) ...... 400 steps (934687 ms) ...Complete after 449 pivoting steps
Same as equilibrium 8
Elapsed milliseconds prior 35: 1116430
Prior 36 of 49
... 100 steps (45359 ms) ...... 200 steps (208540 ms) ...... 300 steps (630033 ms) ...... 400 steps (1003717 ms) ...Complete after 463 pivoting steps
Equilibrium 18
Equilibrium behavior strategies player 1, 2:
0,1,0,0,0,0,0,0,0,0,0,0,0,0,0,0,0,0,0,0,0,0,0,0,0,1,0,0,0,0,0,0,0,0,0,0,0,0,0,0,0,0,0,0,0,0,0,0,0,1,0,0,0,0,0,0,0,0,0,0,0,0,0,0,0,0,0,0,0,0,0,0,1,0,1,0,0,0,0,0,0,1,0,0,0,0,0,0,0,0,0,0,0,0,0,0,1,0,1,0,0,0,0,0,0,1,0,0,0,0,0,0,0,0,0,0,0,0,0,0,1,0,1,0,0,0,0,0,0,1,0,0,0,0,0,0,0,0,0,0,0,0,0,0,1,0,185884905077/203482062025,17597156948/203482062025,0,0,0,0,0,1,0,0,0,0,0,0,0,0,0,0,0,1,0,0,1,0,0,1,0,0,0,0,0,0,0,0,0,0,0,0,0,0,0,0,0,447430762261082/1012417321658105,564986559397023/1012417321658105,0,1,0,0,1,0,0,0,0,0,0,0,0,0,0,0,0,0,0,0,0,0,0,1160947467759/45045444425410,43884496957651/45045444425410,1,0,0,1,0,0,0,0,0,0,0,0,0,0,0,0,0,0,0,0,0,0,0,1
1,0,0,1,0,0,0,0,0,0,0,0,0,0,1,0,0,0,0,0,0,0,0,0,1,0,0,1,0,0,0,0,0,0,0,0,0,0,1,0,0,0,0,0,0,0,0,0,1,0,0,1,0,0,0,0,0,0,0,0,0,0,7312198113356005/10813766778252064,3501568664896059/10813766778252064,0,0,0,0,0,0,0,0,1,0,0,1,0,0,0,0,0,0,0,0,0,0,0,158957467958197477/181478020088966176,0,22520552130768699/181478020088966176,0,0,0,0,0,0,1,0,1,0,0,0,0,0,0,1,0,0,0,0,0,0,0,0,0,0,0,0,0,0,1,0,1,0,0,0,0,0,0,1,0,0,0,0,0,0,0,0,0,0,0,0,0,0,1,0,1,0,0,0,0,0,0,1,0,0,0,0,0,0,0,0,0,0,0,0,0,0,26615865/140024852,113408987/140024852,1,0,0,0,0,0,0,1,0,0,0,0,0,0,0,0,0,0,0,0,0,0,0,1,0,0,0,0,0,0,0,0,0,0,0,0,0,0,0,0,0,0,0,0,0,0,0,1,0,0,0,0,0,0,0,0,0,0,0,0,0,0,0,0,0,0,0,0,0,0
Elapsed milliseconds prior 36: 1235373
Prior 37 of 49
... 100 steps (45884 ms) ...... 200 steps (201748 ms) ...... 300 steps (523225 ms) ...... 400 steps (899943 ms) ...Complete after 441 pivoting steps
Same as equilibrium 4
Elapsed milliseconds prior 37: 1056625
Prior 38 of 49
... 100 steps (45604 ms) ...... 200 steps (212154 ms) ...... 300 steps (549986 ms) ...... 400 steps (910097 ms) ...Complete after 423 pivoting steps
Same as equilibrium 1
Elapsed milliseconds prior 38: 999033
Prior 39 of 49
... 100 steps (45519 ms) ...... 200 steps (204200 ms) ...... 300 steps (621995 ms) ...... 400 steps (965297 ms) ...... 500 steps (1324833 ms) ...Complete after 569 pivoting steps
Same as equilibrium 1
Elapsed milliseconds prior 39: 1592940
Prior 40 of 49
... 100 steps (44527 ms) ...... 200 steps (206929 ms) ...... 300 steps (599287 ms) ...... 400 steps (947043 ms) ...... 500 steps (1299171 ms) ...Complete after 549 pivoting steps
Equilibrium 19
Equilibrium behavior strategies player 1, 2:
0,1,0,0,0,0,0,0,0,0,0,0,0,0,0,0,0,0,0,0,0,0,0,0,0,1,0,0,0,0,0,0,0,0,0,0,0,0,0,0,0,0,0,0,0,0,0,0,287610501850367/784156837071048,496546335220681/784156837071048,1062153930186505/4601768029605872,3539614099419367/4601768029605872,0,0,0,0,1,0,0,0,0,0,1,0,0,0,0,0,0,0,0,0,1,0,1,0,0,0,0,0,1,0,0,0,0,0,0,0,0,0,0,0,0,0,0,0,1,0,1,0,0,0,0,0,1,0,0,0,0,0,0,0,0,0,0,0,0,0,0,0,1,0,1,0,0,0,0,0,1,0,0,0,0,0,0,0,0,0,0,0,0,0,0,0,1,0,0,1,0,0,0,0,0,0,0,0,0,0,0,0,0,0,0,0,1857912612629874276377/5693424732521249513760,0,3835512119891375237383/5693424732521249513760,0,1,0,0,1,0,0,0,0,0,0,0,0,0,0,0,0,0,0,0,0,0,0,529955754595606875182149/10937042558111164159684656,10407086803515557284502507/10937042558111164159684656,1,0,0,1,0,0,0,0,0,0,0,0,0,0,0,0,0,0,0,0,0,0,0,1,1,0,0,1,0,0,0,0,0,0,0,0,0,0,0,0,0,0,0,0,0,0,0,1
1,0,0,1,0,0,0,0,0,0,0,0,0,0,1,0,0,0,0,0,0,0,0,0,1,0,0,1,0,0,0,0,0,0,0,0,0,0,1,0,0,0,0,0,0,0,0,0,1,0,0,1,0,0,0,0,0,0,0,0,0,0,1,0,0,0,0,0,0,0,0,0,1,0,349605579026/808371841851,458766262825/808371841851,0,0,0,0,1,0,0,0,0,0,1,0,0,0,0,0,0,0,0,0,1,0,1,0,0,0,0,0,1,0,0,0,0,0,0,0,0,0,0,0,0,0,0,0,1,0,1,0,0,0,0,0,1,0,0,0,0,0,0,0,0,0,0,0,0,0,0,0,91456467831/554473774288,463017306457/554473774288,1,0,0,0,0,0,1,0,0,0,0,0,0,0,0,0,0,0,0,0,0,0,0,1,0,0,0,0,0,0,0,0,0,0,0,0,0,0,0,0,0,0,0,0,0,0,0,1,0,0,0,0,0,0,0,0,0,0,0,0,0,0,0,0,0,0,0,0,0,0,0,1,0,0,0,0,0,0,0,0,0,0,0,0,0,0,0,0,0,0,0,0,0,0
Elapsed milliseconds prior 40: 1474887
Prior 41 of 49
... 100 steps (46357 ms) ...... 200 steps (210128 ms) ...... 300 steps (578759 ms) ...... 400 steps (951391 ms) ...Complete after 443 pivoting steps
Same as equilibrium 8
Elapsed milliseconds prior 41: 1098463
Prior 42 of 49
... 100 steps (45780 ms) ...... 200 steps (205452 ms) ...... 300 steps (588009 ms) ...... 400 steps (934656 ms) ...Complete after 407 pivoting steps
Same as equilibrium 8
Elapsed milliseconds prior 42: 963417
Prior 43 of 49
... 100 steps (47288 ms) ...... 200 steps (219274 ms) ...... 300 steps (577960 ms) ...... 400 steps (989033 ms) ...Complete after 425 pivoting steps
Same as equilibrium 8
Elapsed milliseconds prior 43: 1087761
Prior 44 of 49
... 100 steps (46380 ms) ...... 200 steps (206948 ms) ...... 300 steps (597132 ms) ...... 400 steps (1049909 ms) ...... 500 steps (1417530 ms) ...Complete after 541 pivoting steps
Same as equilibrium 1
Elapsed milliseconds prior 44: 1554042
Prior 45 of 49
... 100 steps (47470 ms) ...... 200 steps (218536 ms) ...... 300 steps (635682 ms) ...... 400 steps (1059113 ms) ...Complete after 457 pivoting steps
Same as equilibrium 17
Elapsed milliseconds prior 45: 1259827
Prior 46 of 49
... 100 steps (46715 ms) ...... 200 steps (231663 ms) ...... 300 steps (620058 ms) ...... 400 steps (981456 ms) ...Complete after 407 pivoting steps
Same as equilibrium 4
Elapsed milliseconds prior 46: 1015469
Prior 47 of 49
... 100 steps (46579 ms) ...... 200 steps (213150 ms) ...... 300 steps (591535 ms) ...... 400 steps (988571 ms) ...Complete after 447 pivoting steps
Same as equilibrium 1
Elapsed milliseconds prior 47: 1160124
Prior 48 of 49
... 100 steps (44620 ms) ...... 200 steps (209759 ms) ...... 300 steps (597690 ms) ...... 400 steps (987507 ms) ...Complete after 471 pivoting steps
Same as equilibrium 8
Elapsed milliseconds prior 48: 1247324
Prior 49 of 49
... 100 steps (47364 ms) ...... 200 steps (206032 ms) ...... 300 steps (586787 ms) ...... 400 steps (991982 ms) ...... 500 steps (1386045 ms) ...Complete after 501 pivoting steps
Same as equilibrium 8
Elapsed milliseconds prior 49: 1393685
Changed to original form:
0,1,0,0,0,0,0,0,0,0,0,0,0,0,0,0,0,0,0,0,0,0,0,0,0,1,0,0,0,0,0,0,0,0,0,0,0,0,0,0,0,0,0,0,0,0,0,0,0,1,0,0,0,0,0,0,0,0,0,0,0,0,0,0,0,0,0,0,0,0,0,0,1,0,1,0,0,0,0,0,0,1,0,0,0,0,0,0,0,0,0,0,0,0,0,0,1,0,1,0,0,0,0,0,0,1,0,0,0,0,0,0,0,0,0,0,0,0,0,0,1,0,1,0,0,0,0,0,0,1,0,0,0,0,0,0,0,0,0,0,0,0,0,0,1,0,185884905077/203482062025,17597156948/203482062025,0,0,0,0,0,1,0,0,0,0,0,0,0,0,0,0,1,0,0,0,1,0,0,1,0,0,0,0,0,0,0,0,0,0,0,0,0,0,0,0,0,436159783235888/1012417321658105,576257538422217/1012417321658105,0,1,0,0,1,0,0,0,0,0,0,0,0,0,0,0,0,0,0,0,0,0,0,4849101231867748/482954732407033315,478105631175165567/482954732407033315,1,0,0,1,0,0,0,0,0,0,0,0,0,0,0,0,0,0,0,0,0,0,0,1,1,0,0,1,0,0,0,0,0,0,0,0,0,0,1,0,0,0,0,0,0,0,0,0,1,0,0,1,0,0,0,0,0,0,0,0,0,0,1,0,0,0,0,0,0,0,0,0,1,0,0,1,0,0,0,0,0,0,0,0,0,0,1,0,0,0,0,0,0,0,0,0,1,0,0,1,0,0,0,0,0,0,0,0,0,0,0,344978551505095/854606958018704,509628406513609/854606958018704,0,0,0,0,0,0,0,1,0,1,0,0,0,0,0,0,1,0,0,0,0,0,0,0,0,0,0,0,0,0,0,1,0,1,0,0,0,0,0,0,1,0,0,0,0,0,0,0,0,0,0,0,0,0,0,1,0,1,0,0,0,0,0,0,1,0,0,0,0,0,0,0,0,0,0,0,0,0,0,26615865/140024852,113408987/140024852,1,0,0,0,0,0,0,1,0,0,0,0,0,0,0,0,0,0,0,0,0,0,0,1,0,0,0,0,0,0,0,0,0,0,0,0,0,0,0,0,0,0,0,0,0,0,0,1,0,0,0,0,0,0,0,0,0,0,0,0,0,0,0,0,0,0,0,0,0,0
Changed to original form:
0,1,0,0,0,0,0,0,0,0,0,0,0,0,0,0,0,0,0,0,0,0,0,0,0,1,0,0,0,0,0,0,0,0,0,0,0,0,0,0,0,0,0,0,0,0,0,0,0,1,0,0,0,0,0,0,0,0,0,0,0,0,0,0,0,0,0,0,0,0,0,0,1,0,1,0,0,0,0,0,0,1,0,0,0,0,0,0,0,0,0,0,0,0,0,0,1,0,1,0,0,0,0,0,0,1,0,0,0,0,0,0,0,0,0,0,0,0,0,0,1,0,1,0,0,0,0,0,0,1,0,0,0,0,0,0,0,0,0,0,0,0,0,0,1,0,185884905077/203482062025,17597156948/203482062025,0,0,0,0,0,1,0,0,0,0,0,0,0,0,0,0,1,0,0,0,1,0,0,1,0,0,0,0,0,0,0,0,0,0,0,0,0,0,0,0,38792809854941984/800797990737388295,300509520216693312/800797990737388295,461495660665752999/800797990737388295,0,1,0,0,1,0,0,0,0,0,0,0,0,0,0,0,0,0,0,0,0,0,0,0,1,1,0,0,1,0,0,0,0,0,0,0,0,0,0,0,0,0,0,0,0,0,0,0,1,1,0,0,1,0,0,0,0,0,0,0,0,0,0,1,0,0,0,0,0,0,0,0,0,1,0,0,1,0,0,0,0,0,0,0,0,0,0,1,0,0,0,0,0,0,0,0,0,1,0,0,1,0,0,0,0,0,0,0,0,0,0,14243608279218117817/21063191895132913504,6819583615914795687/21063191895132913504,0,0,0,0,0,0,0,0,1,0,0,1,0,0,0,0,0,0,0,0,0,0,0,121192816985002003/158727070536283168,37534253551281165/158727070536283168,0,0,0,0,0,0,0,1,0,1,0,0,0,0,0,0,1,0,0,0,0,0,0,0,0,0,0,0,0,0,0,1,0,1,0,0,0,0,0,0,1,0,0,0,0,0,0,0,0,0,0,0,0,0,0,1,0,1,0,0,0,0,0,0,1,0,0,0,0,0,0,0,0,0,0,0,0,0,0,26615865/140024852,113408987/140024852,1,0,0,0,0,0,0,1,0,0,0,0,0,0,0,0,0,0,0,0,0,0,0,1,0,0,0,0,0,0,0,0,0,0,0,0,0,0,0,0,0,0,0,0,0,0,0,1,0,0,0,0,0,0,0,0,0,0,0,0,0,0,0,0,0,0,0,0,0,0
Changed to original form:
0,1,0,0,0,0,0,0,0,0,0,0,0,0,0,0,0,0,0,0,0,0,0,0,0,1,0,0,0,0,0,0,0,0,0,0,0,0,0,0,0,0,0,0,0,0,0,0,0,1,0,0,0,0,0,0,0,0,0,0,0,0,0,0,0,0,0,0,0,0,0,0,1,0,1,0,0,0,0,0,0,1,0,0,0,0,0,0,0,0,0,0,0,0,0,0,1,0,1,0,0,0,0,0,0,1,0,0,0,0,0,0,0,0,0,0,0,0,0,0,1,0,1,0,0,0,0,0,0,1,0,0,0,0,0,0,0,0,0,0,0,0,0,0,1,0,185884905077/203482062025,17597156948/203482062025,0,0,0,0,0,1,0,0,0,0,0,0,0,0,0,0,1,0,0,0,1,0,0,1,0,0,0,0,0,0,0,0,0,0,0,0,0,0,0,0,0,436159783235888/1012417321658105,576257538422217/1012417321658105,0,1,0,0,1,0,0,0,0,0,0,0,0,0,0,0,0,0,0,0,0,0,0,4849101231867748/482954732407033315,478105631175165567/482954732407033315,1,0,0,1,0,0,0,0,0,0,0,0,0,0,0,0,0,0,0,0,0,0,0,1,1,0,0,1,0,0,0,0,0,0,0,0,0,0,1,0,0,0,0,0,0,0,0,0,1,0,0,1,0,0,0,0,0,0,0,0,0,0,1,0,0,0,0,0,0,0,0,0,1,0,0,1,0,0,0,0,0,0,0,0,0,0,14243608279218117817/21063191895132913504,6819583615914795687/21063191895132913504,0,0,0,0,0,0,0,0,1,0,0,1,0,0,0,0,0,0,0,0,0,0,0,121192816985002003/158727070536283168,37534253551281165/158727070536283168,0,0,0,0,0,0,0,1,0,1,0,0,0,0,0,0,1,0,0,0,0,0,0,0,0,0,0,0,0,0,0,1,0,1,0,0,0,0,0,0,1,0,0,0,0,0,0,0,0,0,0,0,0,0,0,1,0,1,0,0,0,0,0,0,1,0,0,0,0,0,0,0,0,0,0,0,0,0,0,26615865/140024852,113408987/140024852,1,0,0,0,0,0,0,1,0,0,0,0,0,0,0,0,0,0,0,0,0,0,0,1,0,0,0,0,0,0,0,0,0,0,0,0,0,0,0,0,0,0,0,0,0,0,0,1,0,0,0,0,0,0,0,0,0,0,0,0,0,0,0,0,0,0,0,0,0,0
Changed to original form:
0,1,0,0,0,0,0,0,0,0,0,0,0,0,0,0,0,0,0,0,0,0,0,0,0,1,0,0,0,0,0,0,0,0,0,0,0,0,0,0,0,0,0,0,0,0,0,0,0,1,0,0,0,0,0,0,0,0,0,0,0,0,0,0,0,0,0,0,0,0,0,0,1,0,1,0,0,0,0,0,0,1,0,0,0,0,0,0,0,0,0,0,0,0,0,0,1,0,1,0,0,0,0,0,0,1,0,0,0,0,0,0,0,0,0,0,0,0,0,0,1,0,1,0,0,0,0,0,0,1,0,0,0,0,0,0,0,0,0,0,0,0,0,0,1,0,185884905077/203482062025,17597156948/203482062025,0,0,0,0,0,1,0,0,0,0,0,0,0,0,0,0,1,0,0,0,1,0,0,1,0,0,0,0,0,0,0,0,0,0,0,0,0,0,0,0,0,436159783235888/1012417321658105,576257538422217/1012417321658105,0,1,0,0,1,0,0,0,0,0,0,0,0,0,0,0,0,0,0,0,0,0,0,4849101231867748/482954732407033315,478105631175165567/482954732407033315,1,0,0,1,0,0,0,0,0,0,0,0,0,0,0,0,0,0,0,0,0,0,0,1,1,0,0,1,0,0,0,0,0,0,0,0,0,0,1,0,0,0,0,0,0,0,0,0,1,0,0,1,0,0,0,0,0,0,0,0,0,0,1,0,0,0,0,0,0,0,0,0,1,0,0,1,0,0,0,0,0,0,0,0,0,0,1,0,0,0,0,0,0,0,0,0,1,0,0,1,0,0,0,0,0,0,0,0,0,0,624475756378234161/12574197807903032576,3760916035989627571/12574197807903032576,2108343464349941/3237435068976064,0,0,0,0,0,0,0,1,0,1,0,0,0,0,0,0,1,0,0,0,0,0,0,0,0,0,0,0,0,0,0,1,0,1,0,0,0,0,0,0,1,0,0,0,0,0,0,0,0,0,0,0,0,0,0,1,0,1,0,0,0,0,0,0,1,0,0,0,0,0,0,0,0,0,0,0,0,0,0,26615865/140024852,113408987/140024852,1,0,0,0,0,0,0,1,0,0,0,0,0,0,0,0,0,0,0,0,0,0,0,1,0,0,0,0,0,0,0,0,0,0,0,0,0,0,0,0,0,0,0,0,0,0,0,1,0,0,0,0,0,0,0,0,0,0,0,0,0,0,0,0,0,0,0,0,0,0
Changed to original form:
0,1,0,0,0,0,0,0,0,0,0,0,0,0,0,0,0,0,0,0,0,0,0,0,0,1,0,0,0,0,0,0,0,0,0,0,0,0,0,0,0,0,0,0,0,0,0,0,287610501850367/784156837071048,496546335220681/784156837071048,1062153930186505/4601768029605872,3539614099419367/4601768029605872,0,0,0,0,1,0,0,0,0,0,1,0,0,0,0,0,0,0,0,0,1,0,1,0,0,0,0,0,1,0,0,0,0,0,0,0,0,0,0,0,0,0,0,0,1,0,1,0,0,0,0,0,1,0,0,0,0,0,0,0,0,0,0,0,0,0,0,0,1,0,1,0,0,0,0,0,1,0,0,0,0,0,0,0,0,0,0,0,0,0,0,0,1,0,0,1,0,0,0,0,0,0,0,0,0,0,0,0,0,0,0,0,1138931436447126826303399/6754241288007283490402400,0,5615309851560156664099001/6754241288007283490402400,0,1,0,0,1,0,0,0,0,0,0,0,0,0,0,0,0,0,0,0,0,0,0,21871493731230724684993/68581504479729556554960,46710010748498831869967/68581504479729556554960,1,0,0,1,0,0,0,0,0,0,0,0,0,0,0,0,0,0,0,0,0,0,0,1,1,0,0,1,0,0,0,0,0,0,0,0,0,0,0,0,0,0,0,0,0,0,0,1,1,0,0,1,0,0,0,0,0,0,0,0,0,0,1,0,0,0,0,0,0,0,0,0,1,0,0,1,0,0,0,0,0,0,0,0,0,0,1,0,0,0,0,0,0,0,0,0,1,0,0,1,0,0,0,0,0,0,0,0,0,0,1,0,0,0,0,0,0,0,0,0,1,0,349605579026/808371841851,458766262825/808371841851,0,0,0,0,1,0,0,0,0,0,1,0,0,0,0,0,0,0,0,0,1,0,1,0,0,0,0,0,1,0,0,0,0,0,0,0,0,0,0,0,0,0,0,0,1,0,1,0,0,0,0,0,1,0,0,0,0,0,0,0,0,0,0,0,0,0,0,0,91456467831/554473774288,463017306457/554473774288,1,0,0,0,0,0,1,0,0,0,0,0,0,0,0,0,0,0,0,0,0,0,0,1,0,0,0,0,0,0,0,0,0,0,0,0,0,0,0,0,0,0,0,0,0,0,0,1,0,0,0,0,0,0,0,0,0,0,0,0,0,0,0,0,0,0,0,0,0,0,0,1,0,0,0,0,0,0,0,0,0,0,0,0,0,0,0,0,0,0,0,0,0,0
Changed to original form:
0,1,0,0,0,0,0,0,0,0,0,0,0,0,0,0,0,0,0,0,0,0,0,0,0,1,0,0,0,0,0,0,0,0,0,0,0,0,0,0,0,0,0,0,0,0,0,0,0,1,0,0,0,0,0,0,0,0,0,0,0,0,0,0,0,0,0,0,0,0,0,0,1,0,1,0,0,0,0,0,0,1,0,0,0,0,0,0,0,0,0,0,0,0,0,0,1,0,1,0,0,0,0,0,0,1,0,0,0,0,0,0,0,0,0,0,0,0,0,0,1,0,1,0,0,0,0,0,0,1,0,0,0,0,0,0,0,0,0,0,0,0,0,0,1,0,185884905077/203482062025,17597156948/203482062025,0,0,0,0,0,1,0,0,0,0,0,0,0,0,0,0,1,0,0,0,1,0,0,1,0,0,0,0,0,0,0,0,0,0,0,0,0,0,0,0,602795997774944/5181249077567435,6729234036680828832/22626514721736988645,142428318422355176247/248891661939106875095,3485257768147596768/248891661939106875095,1,0,0,1,0,0,0,0,0,0,0,0,0,0,0,0,0,0,0,0,0,0,0,1,1,0,0,1,0,0,0,0,0,0,0,0,0,0,0,0,0,0,0,0,0,0,0,1,1,0,0,1,0,0,0,0,0,0,0,0,0,0,1,0,0,0,0,0,0,0,0,0,1,0,0,1,0,0,0,0,0,0,0,0,0,0,1,0,0,0,0,0,0,0,0,0,1,0,0,1,0,0,0,0,0,0,0,0,0,0,1,0,0,0,0,0,0,0,0,0,1,0,0,1,0,0,0,0,0,0,0,0,0,0,0,1118576651846535/1628205058360144,0,509628406513609/1628205058360144,0,0,0,0,0,0,1,0,1,0,0,0,0,0,0,1,0,0,0,0,0,0,0,0,0,0,0,0,0,0,1,0,1,0,0,0,0,0,0,1,0,0,0,0,0,0,0,0,0,0,0,0,0,0,1,0,1,0,0,0,0,0,0,1,0,0,0,0,0,0,0,0,0,0,0,0,0,0,26615865/140024852,113408987/140024852,1,0,0,0,0,0,0,1,0,0,0,0,0,0,0,0,0,0,0,0,0,0,0,1,0,0,0,0,0,0,0,0,0,0,0,0,0,0,0,0,0,0,0,0,0,0,0,1,0,0,0,0,0,0,0,0,0,0,0,0,0,0,0,0,0,0,0,0,0,0
Changed to original form:
0,1,0,0,0,0,0,0,0,0,0,0,0,0,0,0,0,0,0,0,0,0,0,0,0,1,0,0,0,0,0,0,0,0,0,0,0,0,0,0,0,0,0,0,0,0,0,0,0,1,0,0,0,0,0,0,0,0,0,0,0,0,0,0,0,0,0,0,0,0,0,0,1,0,1,0,0,0,0,0,0,1,0,0,0,0,0,0,0,0,0,0,0,0,0,0,1,0,1,0,0,0,0,0,0,1,0,0,0,0,0,0,0,0,0,0,0,0,0,0,1,0,1,0,0,0,0,0,0,1,0,0,0,0,0,0,0,0,0,0,0,0,0,0,1,0,185884905077/203482062025,17597156948/203482062025,0,0,0,0,0,1,0,0,0,0,0,0,0,0,0,0,1,0,0,0,1,0,0,1,0,0,0,0,0,0,0,0,0,0,0,0,0,0,0,0,0,436159783235888/1012417321658105,576257538422217/1012417321658105,0,1,0,0,1,0,0,0,0,0,0,0,0,0,0,0,0,0,0,0,0,0,0,4849101231867748/482954732407033315,478105631175165567/482954732407033315,1,0,0,1,0,0,0,0,0,0,0,0,0,0,0,0,0,0,0,0,0,0,0,1,1,0,0,1,0,0,0,0,0,0,0,0,0,0,1,0,0,0,0,0,0,0,0,0,1,0,0,1,0,0,0,0,0,0,0,0,0,0,1,0,0,0,0,0,0,0,0,0,1,0,0,1,0,0,0,0,0,0,0,0,0,0,1,0,0,0,0,0,0,0,0,0,1,0,0,1,0,0,0,0,0,0,0,0,0,0,0,1118576651846535/1628205058360144,0,509628406513609/1628205058360144,0,0,0,0,0,0,1,0,1,0,0,0,0,0,0,1,0,0,0,0,0,0,0,0,0,0,0,0,0,0,1,0,1,0,0,0,0,0,0,1,0,0,0,0,0,0,0,0,0,0,0,0,0,0,1,0,1,0,0,0,0,0,0,1,0,0,0,0,0,0,0,0,0,0,0,0,0,0,26615865/140024852,113408987/140024852,1,0,0,0,0,0,0,1,0,0,0,0,0,0,0,0,0,0,0,0,0,0,0,1,0,0,0,0,0,0,0,0,0,0,0,0,0,0,0,0,0,0,0,0,0,0,0,1,0,0,0,0,0,0,0,0,0,0,0,0,0,0,0,0,0,0,0,0,0,0
Changed to original form:
0,1,0,0,0,0,0,0,0,0,0,0,0,0,0,0,0,0,0,0,0,0,0,0,0,1,0,0,0,0,0,0,0,0,0,0,0,0,0,0,0,0,0,0,0,0,0,0,287610501850367/784156837071048,496546335220681/784156837071048,1062153930186505/4601768029605872,3539614099419367/4601768029605872,0,0,0,0,1,0,0,0,0,0,1,0,0,0,0,0,0,0,0,0,1,0,1,0,0,0,0,0,1,0,0,0,0,0,0,0,0,0,0,0,0,0,0,0,1,0,1,0,0,0,0,0,1,0,0,0,0,0,0,0,0,0,0,0,0,0,0,0,1,0,1,0,0,0,0,0,1,0,0,0,0,0,0,0,0,0,0,0,0,0,0,0,1,0,0,1,0,0,0,0,0,0,0,0,0,0,0,0,0,0,0,0,0,366957560441213839063/556248284194377749040,189290723753163909977/556248284194377749040,0,1,0,0,1,0,0,0,0,0,0,0,0,0,0,0,0,0,0,0,0,0,0,60542544122857011257899/4274201516960173062360096,4213658972837316051102197/4274201516960173062360096,1,0,0,1,0,0,0,0,0,0,0,0,0,0,0,0,0,0,0,0,0,0,0,1,1,0,0,1,0,0,0,0,0,0,0,0,0,0,0,0,0,0,0,0,0,0,0,1,1,0,0,1,0,0,0,0,0,0,0,0,0,0,1,0,0,0,0,0,0,0,0,0,1,0,0,1,0,0,0,0,0,0,0,0,0,0,1,0,0,0,0,0,0,0,0,0,1,0,0,1,0,0,0,0,0,0,0,0,0,0,1,0,0,0,0,0,0,0,0,0,1,0,349605579026/808371841851,458766262825/808371841851,0,0,0,0,1,0,0,0,0,0,1,0,0,0,0,0,0,0,0,0,1,0,1,0,0,0,0,0,1,0,0,0,0,0,0,0,0,0,0,0,0,0,0,0,1,0,1,0,0,0,0,0,1,0,0,0,0,0,0,0,0,0,0,0,0,0,0,0,91456467831/554473774288,463017306457/554473774288,1,0,0,0,0,0,1,0,0,0,0,0,0,0,0,0,0,0,0,0,0,0,0,1,0,0,0,0,0,0,0,0,0,0,0,0,0,0,0,0,0,0,0,0,0,0,0,1,0,0,0,0,0,0,0,0,0,0,0,0,0,0,0,0,0,0,0,0,0,0,0,1,0,0,0,0,0,0,0,0,0,0,0,0,0,0,0,0,0,0,0,0,0,0
Changed to original form:
0,1,0,0,0,0,0,0,0,0,0,0,0,0,0,0,0,0,0,0,0,0,0,0,0,1,0,0,0,0,0,0,0,0,0,0,0,0,0,0,0,0,0,0,0,0,0,0,287610501850367/784156837071048,496546335220681/784156837071048,1062153930186505/4601768029605872,3539614099419367/4601768029605872,0,0,0,0,1,0,0,0,0,0,1,0,0,0,0,0,0,0,0,0,1,0,1,0,0,0,0,0,1,0,0,0,0,0,0,0,0,0,0,0,0,0,0,0,1,0,1,0,0,0,0,0,1,0,0,0,0,0,0,0,0,0,0,0,0,0,0,0,1,0,1,0,0,0,0,0,1,0,0,0,0,0,0,0,0,0,0,0,0,0,0,0,1,0,0,1,0,0,0,0,0,0,0,0,0,0,0,0,0,0,0,0,60542544122857011257899/2917716625429298474947920,3710796848204896857799943/5835433250858596949895840,2003551314407986069580099/5835433250858596949895840,0,1,0,0,1,0,0,0,0,0,0,0,0,0,0,0,0,0,0,0,0,0,0,0,1,1,0,0,1,0,0,0,0,0,0,0,0,0,0,0,0,0,0,0,0,0,0,0,1,1,0,0,1,0,0,0,0,0,0,0,0,0,0,0,0,0,0,0,0,0,0,0,1,1,0,0,1,0,0,0,0,0,0,0,0,0,0,1,0,0,0,0,0,0,0,0,0,1,0,0,1,0,0,0,0,0,0,0,0,0,0,1,0,0,0,0,0,0,0,0,0,1,0,0,1,0,0,0,0,0,0,0,0,0,0,1,0,0,0,0,0,0,0,0,0,1,0,349605579026/808371841851,458766262825/808371841851,0,0,0,0,1,0,0,0,0,0,1,0,0,0,0,0,0,0,0,0,1,0,1,0,0,0,0,0,1,0,0,0,0,0,0,0,0,0,0,0,0,0,0,0,1,0,1,0,0,0,0,0,1,0,0,0,0,0,0,0,0,0,0,0,0,0,0,0,91456467831/554473774288,463017306457/554473774288,1,0,0,0,0,0,1,0,0,0,0,0,0,0,0,0,0,0,0,0,0,0,0,1,0,0,0,0,0,0,0,0,0,0,0,0,0,0,0,0,0,0,0,0,0,0,0,1,0,0,0,0,0,0,0,0,0,0,0,0,0,0,0,0,0,0,0,0,0,0,0,1,0,0,0,0,0,0,0,0,0,0,0,0,0,0,0,0,0,0,0,0,0,0
Changed to original form:
0,1,0,0,0,0,0,0,0,0,0,0,0,0,0,0,0,0,0,0,0,0,0,0,0,1,0,0,0,0,0,0,0,0,0,0,0,0,0,0,0,0,0,0,0,0,0,0,0,1,0,0,0,0,0,0,0,0,0,0,0,0,0,0,0,0,0,0,0,0,0,0,1,0,1,0,0,0,0,0,0,1,0,0,0,0,0,0,0,0,0,0,0,0,0,0,1,0,1,0,0,0,0,0,0,1,0,0,0,0,0,0,0,0,0,0,0,0,0,0,1,0,1,0,0,0,0,0,0,1,0,0,0,0,0,0,0,0,0,0,0,0,0,0,1,0,185884905077/203482062025,17597156948/203482062025,0,0,0,0,0,1,0,0,0,0,0,0,0,0,0,0,1,0,0,0,1,0,0,1,0,0,0,0,0,0,0,0,0,0,0,0,0,0,0,0,602795997774944/5181249077567435,6729234036680828832/22626514721736988645,142428318422355176247/248891661939106875095,3485257768147596768/248891661939106875095,1,0,0,1,0,0,0,0,0,0,0,0,0,0,0,0,0,0,0,0,0,0,0,1,1,0,0,1,0,0,0,0,0,0,0,0,0,0,0,0,0,0,0,0,0,0,0,1,1,0,0,1,0,0,0,0,0,0,0,0,0,0,1,0,0,0,0,0,0,0,0,0,1,0,0,1,0,0,0,0,0,0,0,0,0,0,1,0,0,0,0,0,0,0,0,0,1,0,0,1,0,0,0,0,0,0,0,0,0,0,1,0,0,0,0,0,0,0,0,0,1,0,0,1,0,0,0,0,0,0,0,0,0,0,0,344978551505095/854606958018704,509628406513609/854606958018704,0,0,0,0,0,0,0,1,0,1,0,0,0,0,0,0,1,0,0,0,0,0,0,0,0,0,0,0,0,0,0,1,0,1,0,0,0,0,0,0,1,0,0,0,0,0,0,0,0,0,0,0,0,0,0,1,0,1,0,0,0,0,0,0,1,0,0,0,0,0,0,0,0,0,0,0,0,0,0,26615865/140024852,113408987/140024852,1,0,0,0,0,0,0,1,0,0,0,0,0,0,0,0,0,0,0,0,0,0,0,1,0,0,0,0,0,0,0,0,0,0,0,0,0,0,0,0,0,0,0,0,0,0,0,1,0,0,0,0,0,0,0,0,0,0,0,0,0,0,0,0,0,0,0,0,0,0
Changed to original form:
0,1,0,0,0,0,0,0,0,0,0,0,0,0,0,0,0,0,0,0,0,0,0,0,0,1,0,0,0,0,0,0,0,0,0,0,0,0,0,0,0,0,0,0,0,0,0,0,287610501850367/784156837071048,496546335220681/784156837071048,1062153930186505/4601768029605872,3539614099419367/4601768029605872,0,0,0,0,1,0,0,0,0,0,1,0,0,0,0,0,0,0,0,0,1,0,1,0,0,0,0,0,1,0,0,0,0,0,0,0,0,0,0,0,0,0,0,0,1,0,1,0,0,0,0,0,1,0,0,0,0,0,0,0,0,0,0,0,0,0,0,0,1,0,1,0,0,0,0,0,1,0,0,0,0,0,0,0,0,0,0,0,0,0,0,0,1,0,0,1,0,0,0,0,0,0,0,0,0,0,0,0,0,0,0,0,0,1138931436447126826303399/3545671261886574675317280,2406739825439447849013881/3545671261886574675317280,0,1,0,0,1,0,0,0,0,0,0,0,0,0,0,0,0,0,0,0,0,0,0,1136651240444068622479271/3564216683565356907457488,2427565443121288284978217/3564216683565356907457488,1,0,0,1,0,0,0,0,0,0,0,0,0,0,0,0,0,0,0,0,0,0,0,1,1,0,0,1,0,0,0,0,0,0,0,0,0,0,0,0,0,0,0,0,0,0,0,1,1,0,0,1,0,0,0,0,0,0,0,0,0,0,1,0,0,0,0,0,0,0,0,0,1,0,0,1,0,0,0,0,0,0,0,0,0,0,1,0,0,0,0,0,0,0,0,0,1,0,0,1,0,0,0,0,0,0,0,0,0,0,1,0,0,0,0,0,0,0,0,0,1,0,349605579026/808371841851,458766262825/808371841851,0,0,0,0,1,0,0,0,0,0,1,0,0,0,0,0,0,0,0,0,1,0,1,0,0,0,0,0,1,0,0,0,0,0,0,0,0,0,0,0,0,0,0,0,1,0,1,0,0,0,0,0,1,0,0,0,0,0,0,0,0,0,0,0,0,0,0,0,91456467831/554473774288,463017306457/554473774288,1,0,0,0,0,0,1,0,0,0,0,0,0,0,0,0,0,0,0,0,0,0,0,1,0,0,0,0,0,0,0,0,0,0,0,0,0,0,0,0,0,0,0,0,0,0,0,1,0,0,0,0,0,0,0,0,0,0,0,0,0,0,0,0,0,0,0,0,0,0,0,1,0,0,0,0,0,0,0,0,0,0,0,0,0,0,0,0,0,0,0,0,0,0
Changed to original form:
1,0,1,0,0,1,0,0,0,0,0,0,0,0,0,0,0,0,0,0,0,0,0,0,1,0,0,1,0,0,0,0,0,0,0,0,0,0,0,1,0,0,0,0,0,0,0,0,1,0,0,1,0,0,0,0,0,0,0,0,0,0,0,1,0,0,0,0,0,0,0,0,1,0,0,1,0,0,0,0,0,0,0,0,0,0,0,1,0,0,0,0,0,0,0,0,1,0,1821647642519/2895308181360,1073660538841/2895308181360,0,0,0,0,0,1,0,0,0,0,0,1,0,0,0,0,0,0,0,0,1,0,1,0,0,0,0,0,0,1,0,0,0,0,0,0,0,0,0,0,0,0,0,0,1,0,0,1,0,0,0,0,0,0,0,0,0,0,0,0,0,0,0,0,0,1857951772283109018421/9043130980021236277896,7185179207738127259475/9043130980021236277896,0,1,0,0,1,0,0,0,0,0,0,0,0,0,0,0,0,0,0,0,0,0,0,136536512867888279828993/636330137539486821859512,499793624671598542030519/636330137539486821859512,1,0,0,1,0,0,0,0,0,0,0,0,0,0,0,0,0,0,0,0,0,0,0,1,1,0,0,1,0,0,0,0,0,0,0,0,0,0,0,0,0,0,0,0,0,0,0,1,1,0,0,1,0,0,0,0,0,0,0,0,0,0,0,1,0,0,0,0,0,0,0,0,1,0,0,1,0,0,0,0,0,0,0,0,0,0,0,1,0,0,0,0,0,0,0,0,1,0,0,1,0,0,0,0,0,0,0,0,0,0,0,1,0,0,0,0,0,0,0,0,1,0,22731772/30369827,7638055/30369827,0,1,0,0,0,0,0,0,0,0,0,1,0,0,0,0,0,0,0,0,1,0,1,0,0,1,0,0,0,0,0,0,0,0,0,0,0,0,0,0,0,0,0,0,1,0,1,0,0,0,0,0,0,1,0,0,0,0,0,0,0,0,0,0,0,0,0,0,1,0,1,0,0,0,0,0,0,1,0,0,0,0,0,0,0,0,0,0,0,0,0,0,0,1,0,0,0,0,0,0,0,0,0,0,0,0,0,0,0,0,0,0,0,0,0,0,0,1,0,0,0,0,0,0,0,0,0,0,0,0,0,0,0,0,0,0,0,0,0,0,0,1,0,0,0,0,0,0,0,0,0,0,0,0,0,0,0,0,0,0,0,0,0,0
Changed to original form:
0,1,0,0,0,0,0,0,0,0,0,0,0,0,0,0,0,0,0,0,0,0,0,0,0,1,0,0,0,0,0,0,0,0,0,0,0,0,0,0,0,0,0,0,0,0,0,0,0,1,0,0,0,0,0,0,0,0,0,0,0,0,0,0,0,0,0,0,0,0,0,0,1,0,1,0,0,0,0,0,0,1,0,0,0,0,0,0,0,0,0,0,0,0,0,0,1,0,1,0,0,0,0,0,0,1,0,0,0,0,0,0,0,0,0,0,0,0,0,0,1,0,1,0,0,0,0,0,0,1,0,0,0,0,0,0,0,0,0,0,0,0,0,0,1,0,185884905077/203482062025,17597156948/203482062025,0,0,0,0,0,1,0,0,0,0,0,0,0,0,0,0,1,0,0,0,1,0,0,1,0,0,0,0,0,0,0,0,0,0,0,0,0,0,0,0,0,0,1,0,1,0,0,1,0,0,0,0,0,0,0,0,0,0,0,0,0,0,0,0,0,0,3262137691544/25521202677795,22259064986251/25521202677795,1,0,0,1,0,0,0,0,0,0,0,0,0,0,0,0,0,0,0,0,0,0,0,1,1,0,0,1,0,0,0,0,0,0,0,0,0,0,1,0,0,0,0,0,0,0,0,0,1,0,0,1,0,0,0,0,0,0,0,0,0,0,1,0,0,0,0,0,0,0,0,0,1,0,0,1,0,0,0,0,0,0,0,0,0,0,1,0,0,0,0,0,0,0,0,0,1,0,0,1,0,0,0,0,0,0,0,0,0,0,0,344978551505095/854606958018704,509628406513609/854606958018704,0,0,0,0,0,0,0,1,0,1,0,0,0,0,0,0,1,0,0,0,0,0,0,0,0,0,0,0,0,0,0,1,0,1,0,0,0,0,0,0,1,0,0,0,0,0,0,0,0,0,0,0,0,0,0,1,0,1,0,0,0,0,0,0,1,0,0,0,0,0,0,0,0,0,0,0,0,0,0,26615865/140024852,113408987/140024852,1,0,0,0,0,0,0,1,0,0,0,0,0,0,0,0,0,0,0,0,0,0,0,1,0,0,0,0,0,0,0,0,0,0,0,0,0,0,0,0,0,0,0,0,0,0,0,1,0,0,0,0,0,0,0,0,0,0,0,0,0,0,0,0,0,0,0,0,0,0
Changed to original form:
0,1,0,0,0,0,0,0,0,0,0,0,0,0,0,0,0,0,0,0,0,0,0,0,0,1,0,0,0,0,0,0,0,0,0,0,0,0,0,0,0,0,0,0,0,0,0,0,0,1,0,0,0,0,0,0,0,0,0,0,0,0,0,0,0,0,0,0,0,0,0,0,1,0,1,0,0,0,0,0,0,1,0,0,0,0,0,0,0,0,0,0,0,0,0,0,1,0,1,0,0,0,0,0,0,1,0,0,0,0,0,0,0,0,0,0,0,0,0,0,1,0,1,0,0,0,0,0,0,1,0,0,0,0,0,0,0,0,0,0,0,0,0,0,1,0,185884905077/203482062025,17597156948/203482062025,0,0,0,0,0,1,0,0,0,0,0,0,0,0,0,0,0,1,0,0,1,0,0,1,0,0,0,0,0,0,0,0,0,0,0,0,0,0,0,0,0,447430762261082/1012417321658105,564986559397023/1012417321658105,0,1,0,0,1,0,0,0,0,0,0,0,0,0,0,0,0,0,0,0,0,0,0,1160947467759/45045444425410,43884496957651/45045444425410,1,0,0,1,0,0,0,0,0,0,0,0,0,0,0,0,0,0,0,0,0,0,0,1,1,0,0,1,0,0,0,0,0,0,0,0,0,0,1,0,0,0,0,0,0,0,0,0,1,0,0,1,0,0,0,0,0,0,0,0,0,0,1,0,0,0,0,0,0,0,0,0,1,0,0,1,0,0,0,0,0,0,0,0,0,0,1,0,0,0,0,0,0,0,0,0,1,0,0,1,0,0,0,0,0,0,0,0,0,0,624475756378234161/12574197807903032576,3760916035989627571/12574197807903032576,2108343464349941/3237435068976064,0,0,0,0,0,0,0,1,0,1,0,0,0,0,0,0,1,0,0,0,0,0,0,0,0,0,0,0,0,0,0,1,0,1,0,0,0,0,0,0,1,0,0,0,0,0,0,0,0,0,0,0,0,0,0,1,0,1,0,0,0,0,0,0,1,0,0,0,0,0,0,0,0,0,0,0,0,0,0,26615865/140024852,113408987/140024852,1,0,0,0,0,0,0,1,0,0,0,0,0,0,0,0,0,0,0,0,0,0,0,1,0,0,0,0,0,0,0,0,0,0,0,0,0,0,0,0,0,0,0,0,0,0,0,1,0,0,0,0,0,0,0,0,0,0,0,0,0,0,0,0,0,0,0,0,0,0
Changed to original form:
0,1,0,0,0,0,0,0,0,0,0,0,0,0,0,0,0,0,0,0,0,0,0,0,0,1,0,0,0,0,0,0,0,0,0,0,0,0,0,0,0,0,0,0,0,0,0,0,0,1,0,0,0,0,0,0,0,0,0,0,0,0,0,0,0,0,0,0,0,0,0,0,1,0,1,0,0,0,0,0,0,1,0,0,0,0,0,0,0,0,0,0,0,0,0,0,1,0,1,0,0,0,0,0,0,1,0,0,0,0,0,0,0,0,0,0,0,0,0,0,1,0,1,0,0,0,0,0,0,1,0,0,0,0,0,0,0,0,0,0,0,0,0,0,1,0,185884905077/203482062025,17597156948/203482062025,0,0,0,0,0,1,0,0,0,0,0,0,0,0,0,0,0,1,0,0,1,0,0,1,0,0,0,0,0,0,0,0,0,0,0,0,0,0,0,0,0,0,1,0,1,0,0,1,0,0,0,0,0,0,0,0,0,0,0,0,0,0,0,0,0,0,1186272769504/8092088653935,6905815884431/8092088653935,1,0,0,1,0,0,0,0,0,0,0,0,0,0,0,0,0,0,0,0,0,0,0,1,1,0,0,1,0,0,0,0,0,0,0,0,0,0,1,0,0,0,0,0,0,0,0,0,1,0,0,1,0,0,0,0,0,0,0,0,0,0,1,0,0,0,0,0,0,0,0,0,1,0,0,1,0,0,0,0,0,0,0,0,0,0,7312198113356005/10813766778252064,3501568664896059/10813766778252064,0,0,0,0,0,0,0,0,1,0,0,1,0,0,0,0,0,0,0,0,0,0,0,158957467958197477/181478020088966176,0,22520552130768699/181478020088966176,0,0,0,0,0,0,1,0,1,0,0,0,0,0,0,1,0,0,0,0,0,0,0,0,0,0,0,0,0,0,1,0,1,0,0,0,0,0,0,1,0,0,0,0,0,0,0,0,0,0,0,0,0,0,1,0,1,0,0,0,0,0,0,1,0,0,0,0,0,0,0,0,0,0,0,0,0,0,26615865/140024852,113408987/140024852,1,0,0,0,0,0,0,1,0,0,0,0,0,0,0,0,0,0,0,0,0,0,0,1,0,0,0,0,0,0,0,0,0,0,0,0,0,0,0,0,0,0,0,0,0,0,0,1,0,0,0,0,0,0,0,0,0,0,0,0,0,0,0,0,0,0,0,0,0,0
Changed to original form:
0,1,0,0,0,0,0,0,0,0,0,0,0,0,0,0,0,0,0,0,0,0,0,0,0,1,0,0,0,0,0,0,0,0,0,0,0,0,0,0,0,0,0,0,0,0,0,0,0,1,0,0,0,0,0,0,0,0,0,0,0,0,0,0,0,0,0,0,0,0,0,0,1,0,1,0,0,0,0,0,0,1,0,0,0,0,0,0,0,0,0,0,0,0,0,0,1,0,1,0,0,0,0,0,0,1,0,0,0,0,0,0,0,0,0,0,0,0,0,0,1,0,1,0,0,0,0,0,0,1,0,0,0,0,0,0,0,0,0,0,0,0,0,0,1,0,1,0,0,0,0,0,0,1,0,0,0,0,0,0,0,0,0,0,0,0,0,0,1,0,0,1,0,0,0,0,0,0,0,0,0,0,0,0,0,0,0,0,0,0,1,0,1,0,0,1,0,0,0,0,0,0,0,0,0,0,0,0,0,0,0,0,0,0,1,0,1,0,0,1,0,0,0,0,0,0,0,0,0,0,0,0,0,0,0,0,0,0,1,0,1,0,0,1,0,0,0,0,0,0,0,0,0,0,1,0,0,0,0,0,0,0,0,0,1,0,0,1,0,0,0,0,0,0,0,0,0,0,1,0,0,0,0,0,0,0,0,0,1,0,0,1,0,0,0,0,0,0,0,0,0,0,1631215569541075/2312863042343172,681647472802097/2312863042343172,0,0,0,0,0,0,0,0,1,0,0,1,0,0,0,0,0,0,0,0,0,0,0,166385553111/524903167696,501894034787/1574709503088,64659469/177492054,0,0,0,0,0,0,1,0,1,0,0,0,0,0,0,1,0,0,0,0,0,0,0,0,0,0,0,0,0,0,1,0,1,0,0,0,0,0,0,1,0,0,0,0,0,0,0,0,0,0,0,0,0,0,1,0,0,1,0,0,0,0,0,0,0,0,0,0,0,0,0,0,0,0,0,0,1,0,1,0,0,1,0,0,0,0,0,0,0,0,0,0,0,0,0,0,0,0,0,0,1,0,1,0,0,1,0,0,0,0,0,0,0,0,0,0,0,0,0,0,0,0,0,0,1,0,1,0,0,1,0,0,0,0,0,0,0,0,0,0,0,0,0,0,0,0,0,0,1,0
Changed to original form:
0,1,0,0,0,0,0,0,0,0,0,0,0,0,0,0,0,0,0,0,0,0,0,0,0,1,0,0,0,0,0,0,0,0,0,0,0,0,0,0,0,0,0,0,0,0,0,0,0,1,0,0,0,0,0,0,0,0,0,0,0,0,0,0,0,0,0,0,0,0,0,0,1,0,1,0,0,0,0,0,0,1,0,0,0,0,0,0,0,0,0,0,0,0,0,0,1,0,1,0,0,0,0,0,0,1,0,0,0,0,0,0,0,0,0,0,0,0,0,0,1,0,1,0,0,0,0,0,0,1,0,0,0,0,0,0,0,0,0,0,0,0,0,0,1,0,185884905077/203482062025,17597156948/203482062025,0,0,0,0,0,1,0,0,0,0,0,0,0,0,0,0,0,1,0,0,1,0,0,1,0,0,0,0,0,0,0,0,0,0,0,0,0,0,0,0,0,447430762261082/1012417321658105,564986559397023/1012417321658105,0,1,0,0,1,0,0,0,0,0,0,0,0,0,0,0,0,0,0,0,0,0,0,1160947467759/45045444425410,43884496957651/45045444425410,1,0,0,1,0,0,0,0,0,0,0,0,0,0,0,0,0,0,0,0,0,0,0,1,1,0,0,1,0,0,0,0,0,0,0,0,0,0,1,0,0,0,0,0,0,0,0,0,1,0,0,1,0,0,0,0,0,0,0,0,0,0,1,0,0,0,0,0,0,0,0,0,1,0,0,1,0,0,0,0,0,0,0,0,0,0,14243608279218117817/21063191895132913504,6819583615914795687/21063191895132913504,0,0,0,0,0,0,0,0,1,0,0,1,0,0,0,0,0,0,0,0,0,0,0,121192816985002003/158727070536283168,37534253551281165/158727070536283168,0,0,0,0,0,0,0,1,0,1,0,0,0,0,0,0,1,0,0,0,0,0,0,0,0,0,0,0,0,0,0,1,0,1,0,0,0,0,0,0,1,0,0,0,0,0,0,0,0,0,0,0,0,0,0,1,0,1,0,0,0,0,0,0,1,0,0,0,0,0,0,0,0,0,0,0,0,0,0,26615865/140024852,113408987/140024852,1,0,0,0,0,0,0,1,0,0,0,0,0,0,0,0,0,0,0,0,0,0,0,1,0,0,0,0,0,0,0,0,0,0,0,0,0,0,0,0,0,0,0,0,0,0,0,1,0,0,0,0,0,0,0,0,0,0,0,0,0,0,0,0,0,0,0,0,0,0
Changed to original form:
0,1,0,0,0,0,0,0,0,0,0,0,0,0,0,0,0,0,0,0,0,0,0,0,0,1,0,0,0,0,0,0,0,0,0,0,0,0,0,0,0,0,0,0,0,0,0,0,0,1,0,0,0,0,0,0,0,0,0,0,0,0,0,0,0,0,0,0,0,0,0,0,1,0,1,0,0,0,0,0,0,1,0,0,0,0,0,0,0,0,0,0,0,0,0,0,1,0,1,0,0,0,0,0,0,1,0,0,0,0,0,0,0,0,0,0,0,0,0,0,1,0,1,0,0,0,0,0,0,1,0,0,0,0,0,0,0,0,0,0,0,0,0,0,1,0,185884905077/203482062025,17597156948/203482062025,0,0,0,0,0,1,0,0,0,0,0,0,0,0,0,0,0,1,0,0,1,0,0,1,0,0,0,0,0,0,0,0,0,0,0,0,0,0,0,0,0,447430762261082/1012417321658105,564986559397023/1012417321658105,0,1,0,0,1,0,0,0,0,0,0,0,0,0,0,0,0,0,0,0,0,0,0,1160947467759/45045444425410,43884496957651/45045444425410,1,0,0,1,0,0,0,0,0,0,0,0,0,0,0,0,0,0,0,0,0,0,0,1,1,0,0,1,0,0,0,0,0,0,0,0,0,0,1,0,0,0,0,0,0,0,0,0,1,0,0,1,0,0,0,0,0,0,0,0,0,0,1,0,0,0,0,0,0,0,0,0,1,0,0,1,0,0,0,0,0,0,0,0,0,0,7312198113356005/10813766778252064,3501568664896059/10813766778252064,0,0,0,0,0,0,0,0,1,0,0,1,0,0,0,0,0,0,0,0,0,0,0,158957467958197477/181478020088966176,0,22520552130768699/181478020088966176,0,0,0,0,0,0,1,0,1,0,0,0,0,0,0,1,0,0,0,0,0,0,0,0,0,0,0,0,0,0,1,0,1,0,0,0,0,0,0,1,0,0,0,0,0,0,0,0,0,0,0,0,0,0,1,0,1,0,0,0,0,0,0,1,0,0,0,0,0,0,0,0,0,0,0,0,0,0,26615865/140024852,113408987/140024852,1,0,0,0,0,0,0,1,0,0,0,0,0,0,0,0,0,0,0,0,0,0,0,1,0,0,0,0,0,0,0,0,0,0,0,0,0,0,0,0,0,0,0,0,0,0,0,1,0,0,0,0,0,0,0,0,0,0,0,0,0,0,0,0,0,0,0,0,0,0
Changed to original form:
0,1,0,0,0,0,0,0,0,0,0,0,0,0,0,0,0,0,0,0,0,0,0,0,0,1,0,0,0,0,0,0,0,0,0,0,0,0,0,0,0,0,0,0,0,0,0,0,287610501850367/784156837071048,496546335220681/784156837071048,1062153930186505/4601768029605872,3539614099419367/4601768029605872,0,0,0,0,1,0,0,0,0,0,1,0,0,0,0,0,0,0,0,0,1,0,1,0,0,0,0,0,1,0,0,0,0,0,0,0,0,0,0,0,0,0,0,0,1,0,1,0,0,0,0,0,1,0,0,0,0,0,0,0,0,0,0,0,0,0,0,0,1,0,1,0,0,0,0,0,1,0,0,0,0,0,0,0,0,0,0,0,0,0,0,0,1,0,0,1,0,0,0,0,0,0,0,0,0,0,0,0,0,0,0,0,1857912612629874276377/5693424732521249513760,0,3835512119891375237383/5693424732521249513760,0,1,0,0,1,0,0,0,0,0,0,0,0,0,0,0,0,0,0,0,0,0,0,529955754595606875182149/10937042558111164159684656,10407086803515557284502507/10937042558111164159684656,1,0,0,1,0,0,0,0,0,0,0,0,0,0,0,0,0,0,0,0,0,0,0,1,1,0,0,1,0,0,0,0,0,0,0,0,0,0,0,0,0,0,0,0,0,0,0,1,1,0,0,1,0,0,0,0,0,0,0,0,0,0,1,0,0,0,0,0,0,0,0,0,1,0,0,1,0,0,0,0,0,0,0,0,0,0,1,0,0,0,0,0,0,0,0,0,1,0,0,1,0,0,0,0,0,0,0,0,0,0,1,0,0,0,0,0,0,0,0,0,1,0,349605579026/808371841851,458766262825/808371841851,0,0,0,0,1,0,0,0,0,0,1,0,0,0,0,0,0,0,0,0,1,0,1,0,0,0,0,0,1,0,0,0,0,0,0,0,0,0,0,0,0,0,0,0,1,0,1,0,0,0,0,0,1,0,0,0,0,0,0,0,0,0,0,0,0,0,0,0,91456467831/554473774288,463017306457/554473774288,1,0,0,0,0,0,1,0,0,0,0,0,0,0,0,0,0,0,0,0,0,0,0,1,0,0,0,0,0,0,0,0,0,0,0,0,0,0,0,0,0,0,0,0,0,0,0,1,0,0,0,0,0,0,0,0,0,0,0,0,0,0,0,0,0,0,0,0,0,0,0,1,0,0,0,0,0,0,0,0,0,0,0,0,0,0,0,0,0,0,0,0,0,0
Perfect equilibrium confirmed 195 ms
Perfect equilibrium confirmed 218 ms
Perfect equilibrium confirmed 152 ms
Perfect equilibrium confirmed 158 ms
Perfect equilibrium confirmed 163 ms
Perfect equilibrium confirmed 150 ms
Perfect equilibrium confirmed 149 ms
Perfect equilibrium confirmed 160 ms
Perfect equilibrium confirmed 161 ms
Perfect equilibrium confirmed 151 ms
Perfect equilibrium confirmed 162 ms
Perfect equilibrium confirmed 161 ms
Perfect equilibrium confirmed 151 ms
Perfect equilibrium confirmed 149 ms
Perfect equilibrium confirmed 151 ms
Perfect equilibrium confirmed 142 ms
Perfect equilibrium confirmed 153 ms
Perfect equilibrium confirmed 152 ms
Perfect equilibrium confirmed 164 ms
Verified recoveries: 50; requested: 50; distinct profiles: 19.

Specification-ModerateRiskAversion__Cost-1__Fee-British__Starts-50-Eq1
Result using all paths playing CurrentProbability
Best iteration 1000 best exploitability -5.115907697472721E-13
Scenario index 0 Name: Option set Specification-ModerateRiskAversion__Cost-1__Fee-British__Starts-50
Avg BR: -5.115907697472721E-13 Perturbed refinement: -8.93E-08 Custom: 0.716, 0.46, 0.0227, 0
U(P0): 1000.0607562676807 BR score 1000.0607576185878 BRimp: -6.82E-13
U(P1): 999.3486484010299 BR score 999.3487211453979 BRimp: -3.41E-13
Total best response calculation time: 15 milliseconds


Elapsed milliseconds report for eq 1 of 19: 327

Specification-ModerateRiskAversion__Cost-1__Fee-British__Starts-50-Eq2
Result using all paths playing CurrentProbability
Exploitability over time:
-5.116000000000001E-13
Best iteration 1000 best exploitability -5.115907697472721E-13
Scenario index 0 Name: Option set Specification-ModerateRiskAversion__Cost-1__Fee-British__Starts-50
Avg BR: -5.115907697472721E-13 Perturbed refinement: -2.01E-07 Custom: 0.716, 0.46, 0.0227, 0
U(P0): 1000.0607562676807 BR score 1000.0607576185878 BRimp: -6.82E-13
U(P1): 999.3486484010299 BR score 999.3487211453979 BRimp: -3.41E-13
Total best response calculation time: 14 milliseconds


Elapsed milliseconds report for eq 2 of 19: 237

Specification-ModerateRiskAversion__Cost-1__Fee-British__Starts-50-Eq3
Result using all paths playing CurrentProbability
Exploitability over time:
-5.116000000000001E-13,-5.116000000000001E-13
Best iteration 1000 best exploitability -5.115907697472721E-13
Scenario index 0 Name: Option set Specification-ModerateRiskAversion__Cost-1__Fee-British__Starts-50
Avg BR: -5.115907697472721E-13 Perturbed refinement: -7.26E-08 Custom: 0.716, 0.46, 0.0227, 0
U(P0): 1000.0607562676807 BR score 1000.0607576185878 BRimp: -6.82E-13
U(P1): 999.3486484010299 BR score 999.3487211453979 BRimp: -3.41E-13
Total best response calculation time: 15 milliseconds


Elapsed milliseconds report for eq 3 of 19: 304

Specification-ModerateRiskAversion__Cost-1__Fee-British__Starts-50-Eq4
Result using all paths playing CurrentProbability
Exploitability over time:
-5.116000000000001E-13,-5.116000000000001E-13,-5.116000000000001E-13
Best iteration 1000 best exploitability -5.115907697472721E-13
Scenario index 0 Name: Option set Specification-ModerateRiskAversion__Cost-1__Fee-British__Starts-50
Avg BR: -5.115907697472721E-13 Perturbed refinement: 0.421 Custom: 0.716, 0.46, 0.0227, 0
U(P0): 1000.0607562676807 BR score 1000.0607576185878 BRimp: -6.82E-13
U(P1): 999.3486484010299 BR score 999.3487314763147 BRimp: -3.41E-13
Total best response calculation time: 15 milliseconds


Elapsed milliseconds report for eq 4 of 19: 178

Specification-ModerateRiskAversion__Cost-1__Fee-British__Starts-50-Eq5
Result using all paths playing CurrentProbability
Exploitability over time:
-5.116000000000001E-13,-5.116000000000001E-13,-5.116000000000001E-13,5.165E-06
Best iteration 1000 best exploitability -5.115907697472721E-13
Scenario index 0 Name: Option set Specification-ModerateRiskAversion__Cost-1__Fee-British__Starts-50
Avg BR: -5.115907697472721E-13 Perturbed refinement: 0.994 Custom: 0.724, 0.448, 0.0282, 0
U(P0): 1000.0592461807028 BR score 1000.0608333043424 BRimp: -6.82E-13
U(P1): 999.3177374216541 BR score 999.3309185202132 BRimp: -3.41E-13
Total best response calculation time: 15 milliseconds


Elapsed milliseconds report for eq 5 of 19: 190

Specification-ModerateRiskAversion__Cost-1__Fee-British__Starts-50-Eq6
Result using all paths playing CurrentProbability
Exploitability over time:
-5.116000000000001E-13,-5.116000000000001E-13,-5.116000000000001E-13,5.165E-06,0.007314
Best iteration 1000 best exploitability -5.115907697472721E-13
Scenario index 0 Name: Option set Specification-ModerateRiskAversion__Cost-1__Fee-British__Starts-50
Avg BR: -5.115907697472721E-13 Perturbed refinement: 0.993 Custom: 0.723, 0.45, 0.0273, 0
U(P0): 1000.0593902047561 BR score 1000.0606598741141 BRimp: -6.82E-13
U(P1): 999.3225791169344 BR score 999.3341083804563 BRimp: -3.41E-13
Total best response calculation time: 14 milliseconds


Elapsed milliseconds report for eq 6 of 19: 141

Specification-ModerateRiskAversion__Cost-1__Fee-British__Starts-50-Eq7
Result using all paths playing CurrentProbability
Exploitability over time:
-5.116000000000001E-13,-5.116000000000001E-13,-5.116000000000001E-13,5.165E-06,0.007314,0.006323
Best iteration 1000 best exploitability -5.115907697472721E-13
Scenario index 0 Name: Option set Specification-ModerateRiskAversion__Cost-1__Fee-British__Starts-50
Avg BR: -5.115907697472721E-13 Perturbed refinement: 0.993 Custom: 0.722, 0.452, 0.0266, 0
U(P0): 1000.059532869716 BR score 1000.0606293205002 BRimp: -6.82E-13
U(P1): 999.3263204710971 BR score 999.3364757474055 BRimp: -3.41E-13
Total best response calculation time: 15 milliseconds


Elapsed milliseconds report for eq 7 of 19: 140

Specification-ModerateRiskAversion__Cost-1__Fee-British__Starts-50-Eq8
Result using all paths playing CurrentProbability
Exploitability over time:
-5.116000000000001E-13,-5.116000000000001E-13,-5.116000000000001E-13,5.165E-06,0.007314,0.006323,0.005543
Best iteration 1000 best exploitability -5.115907697472721E-13
Scenario index 0 Name: Option set Specification-ModerateRiskAversion__Cost-1__Fee-British__Starts-50
Avg BR: -5.115907697472721E-13 Perturbed refinement: 0.996 Custom: 0.726, 0.444, 0.0294, 0
U(P0): 1000.0591537413213 BR score 1000.0610703262038 BRimp: -6.82E-13
U(P1): 999.3117041733885 BR score 999.3271325608873 BRimp: -3.41E-13
Total best response calculation time: 14 milliseconds


Elapsed milliseconds report for eq 8 of 19: 143

Specification-ModerateRiskAversion__Cost-1__Fee-British__Starts-50-Eq9
Result using all paths playing CurrentProbability
Exploitability over time:
-5.116000000000001E-13,-5.116000000000001E-13,-5.116000000000001E-13,5.165E-06,0.007314,0.006323,0.005543,0.008613
Best iteration 1000 best exploitability -5.115907697472721E-13
Scenario index 0 Name: Option set Specification-ModerateRiskAversion__Cost-1__Fee-British__Starts-50
Avg BR: -5.115907697472721E-13 Perturbed refinement: 0.997 Custom: 0.73, 0.438, 0.0313, 0
U(P0): 1000.0591604092923 BR score 1000.061538153839 BRimp: -6.82E-13
U(P1): 999.3020050036253 BR score 999.320251152635 BRimp: -3.41E-13
Total best response calculation time: 14 milliseconds


Elapsed milliseconds report for eq 9 of 19: 149

Specification-ModerateRiskAversion__Cost-1__Fee-British__Starts-50-Eq10
Result using all paths playing CurrentProbability
Exploitability over time:
-5.116000000000001E-13,-5.116000000000001E-13,-5.116000000000001E-13,5.165E-06,0.007314,0.006323,0.005543,0.008613,0.01026
Best iteration 1000 best exploitability -5.115907697472721E-13
Scenario index 0 Name: Option set Specification-ModerateRiskAversion__Cost-1__Fee-British__Starts-50
Avg BR: -5.115907697472721E-13 Perturbed refinement: 0.996 Custom: 0.728, 0.441, 0.0305, 0
U(P0): 1000.0591281021121 BR score 1000.0613209109878 BRimp: -6.82E-13
U(P1): 999.305802127795 BR score 999.3233631413601 BRimp: -3.41E-13
Total best response calculation time: 17 milliseconds


Elapsed milliseconds report for eq 10 of 19: 159

Specification-ModerateRiskAversion__Cost-1__Fee-British__Starts-50-Eq11
Result using all paths playing CurrentProbability
Exploitability over time:
-5.116000000000001E-13,-5.116000000000001E-13,-5.116000000000001E-13,5.165E-06,0.007314,0.006323,0.005543,0.008613,0.01026,0.009825
Best iteration 1000 best exploitability -5.115907697472721E-13
Scenario index 0 Name: Option set Specification-ModerateRiskAversion__Cost-1__Fee-British__Starts-50
Avg BR: -5.115907697472721E-13 Perturbed refinement: 0.997 Custom: 0.731, 0.436, 0.0318, 0
U(P0): 1000.0592440683595 BR score 1000.061722642176 BRimp: -6.82E-13
U(P1): 999.2992173751529 BR score 999.3180314649635 BRimp: -3.41E-13
Total best response calculation time: 16 milliseconds


Elapsed milliseconds report for eq 11 of 19: 159

Specification-ModerateRiskAversion__Cost-1__Fee-British__Starts-50-Eq12
Result using all paths playing CurrentProbability
Exploitability over time:
-5.116000000000001E-13,-5.116000000000001E-13,-5.116000000000001E-13,5.165E-06,0.007314,0.006323,0.005543,0.008613,0.01026,0.009825,0.0106
Best iteration 1000 best exploitability -5.115907697472721E-13
Scenario index 0 Name: Option set Specification-ModerateRiskAversion__Cost-1__Fee-British__Starts-50
Avg BR: -5.115907697472721E-13 Perturbed refinement: 0.995 Custom: 0.756, 0.462, 0.0451, 0
U(P0): 1000.0556206539444 BR score 1000.0621271264398 BRimp: -6.82E-13
U(P1): 999.2776966604108 BR score 999.2996954926474 BRimp: -3.41E-13
Total best response calculation time: 14 milliseconds


Elapsed milliseconds report for eq 12 of 19: 158

Specification-ModerateRiskAversion__Cost-1__Fee-British__Starts-50-Eq13
Result using all paths playing CurrentProbability
Exploitability over time:
-5.116000000000001E-13,-5.116000000000001E-13,-5.116000000000001E-13,5.165E-06,0.007314,0.006323,0.005543,0.008613,0.01026,0.009825,0.0106,0.01411
Best iteration 1000 best exploitability -5.115907697472721E-13
Scenario index 0 Name: Option set Specification-ModerateRiskAversion__Cost-1__Fee-British__Starts-50
Avg BR: -5.115907697472721E-13 Perturbed refinement: 0.996 Custom: 0.753, 0.462, 0.0435, 0
U(P0): 1000.0558063869025 BR score 1000.0619044685143 BRimp: -6.82E-13
U(P1): 999.2824278309495 BR score 999.3036021936354 BRimp: -3.41E-13
Total best response calculation time: 15 milliseconds


Elapsed milliseconds report for eq 13 of 19: 159

Specification-ModerateRiskAversion__Cost-1__Fee-British__Starts-50-Eq14
Result using all paths playing CurrentProbability
Exploitability over time:
-5.116000000000001E-13,-5.116000000000001E-13,-5.116000000000001E-13,5.165E-06,0.007314,0.006323,0.005543,0.008613,0.01026,0.009825,0.0106,0.01411,0.01349
Best iteration 1000 best exploitability -5.115907697472721E-13
Scenario index 0 Name: Option set Specification-ModerateRiskAversion__Cost-1__Fee-British__Starts-50
Avg BR: -5.115907697472721E-13 Perturbed refinement: 0.995 Custom: 0.75, 0.462, 0.0421, 0
U(P0): 1000.0560088676061 BR score 1000.0617082246544 BRimp: -6.82E-13
U(P1): 999.2870387678598 BR score 999.3062389515828 BRimp: -3.41E-13
Total best response calculation time: 14 milliseconds


Elapsed milliseconds report for eq 14 of 19: 183

Specification-ModerateRiskAversion__Cost-1__Fee-British__Starts-50-Eq15
Result using all paths playing CurrentProbability
Exploitability over time:
-5.116000000000001E-13,-5.116000000000001E-13,-5.116000000000001E-13,5.165E-06,0.007314,0.006323,0.005543,0.008613,0.01026,0.009825,0.0106,0.01411,0.01349,0.0123
Best iteration 1000 best exploitability -5.115907697472721E-13
Scenario index 0 Name: Option set Specification-ModerateRiskAversion__Cost-1__Fee-British__Starts-50
Avg BR: -5.115907697472721E-13 Perturbed refinement: 0.995 Custom: 0.747, 0.462, 0.0408, 0
U(P0): 1000.0562126635651 BR score 1000.0615419312135 BRimp: -6.82E-13
U(P1): 999.2911840699346 BR score 999.3089608329101 BRimp: -3.41E-13
Total best response calculation time: 15 milliseconds


Elapsed milliseconds report for eq 15 of 19: 192

Specification-ModerateRiskAversion__Cost-1__Fee-British__Starts-50-Eq16
Result using all paths playing CurrentProbability
Exploitability over time:
-5.116000000000001E-13,-5.116000000000001E-13,-5.116000000000001E-13,5.165E-06,0.007314,0.006323,0.005543,0.008613,0.01026,0.009825,0.0106,0.01411,0.01349,0.0123,0.0114
Best iteration 1000 best exploitability -5.115907697472721E-13
Scenario index 0 Name: Option set Specification-ModerateRiskAversion__Cost-1__Fee-British__Starts-50
Avg BR: -5.115907697472721E-13 Perturbed refinement: 0.992 Custom: 0.745, 0.48, 0.0464, 0
U(P0): 1000.0552833010349 BR score 1000.0605076933202 BRimp: -6.82E-13
U(P1): 999.2792753202516 BR score 999.3131472628306 BRimp: -3.41E-13
Total best response calculation time: 15 milliseconds


Elapsed milliseconds report for eq 16 of 19: 231

Specification-ModerateRiskAversion__Cost-1__Fee-British__Starts-50-Eq17
Result using all paths playing CurrentProbability
Exploitability over time:
-5.116000000000001E-13,-5.116000000000001E-13,-5.116000000000001E-13,5.165E-06,0.007314,0.006323,0.005543,0.008613,0.01026,0.009825,0.0106,0.01411,0.01349,0.0123,0.0114,0.01934
Best iteration 1000 best exploitability -5.115907697472721E-13
Scenario index 0 Name: Option set Specification-ModerateRiskAversion__Cost-1__Fee-British__Starts-50
Avg BR: -5.115907697472721E-13 Perturbed refinement: 0.991 Custom: 0.743, 0.479, 0.0449, 0
U(P0): 1000.055523691401 BR score 1000.0604530261935 BRimp: -6.82E-13
U(P1): 999.2835103019275 BR score 999.3156381922544 BRimp: -3.41E-13
Total best response calculation time: 14 milliseconds


Elapsed milliseconds report for eq 17 of 19: 185

Specification-ModerateRiskAversion__Cost-1__Fee-British__Starts-50-Eq18
Result using all paths playing CurrentProbability
Exploitability over time:
-5.116000000000001E-13,-5.116000000000001E-13,-5.116000000000001E-13,5.165E-06,0.007314,0.006323,0.005543,0.008613,0.01026,0.009825,0.0106,0.01411,0.01349,0.0123,0.0114,0.01934,0.01832
Best iteration 1000 best exploitability -5.115907697472721E-13
Scenario index 0 Name: Option set Specification-ModerateRiskAversion__Cost-1__Fee-British__Starts-50
Avg BR: -5.115907697472721E-13 Perturbed refinement: 0.991 Custom: 0.741, 0.478, 0.0436, 0
U(P0): 1000.0557545397196 BR score 1000.0604114852906 BRimp: -6.82E-13
U(P1): 999.2873334210047 BR score 999.3177923904223 BRimp: -3.41E-13
Total best response calculation time: 15 milliseconds


Elapsed milliseconds report for eq 18 of 19: 199

Specification-ModerateRiskAversion__Cost-1__Fee-British__Starts-50-Eq19
Result using all paths playing CurrentProbability
Exploitability over time:
-5.116000000000001E-13,-5.116000000000001E-13,-5.116000000000001E-13,5.165E-06,0.007314,0.006323,0.005543,0.008613,0.01026,0.009825,0.0106,0.01411,0.01349,0.0123,0.0114,0.01934,0.01832,0.01734
Best iteration 1000 best exploitability -5.115907697472721E-13
Scenario index 0 Name: Option set Specification-ModerateRiskAversion__Cost-1__Fee-British__Starts-50
Avg BR: -5.115907697472721E-13 Perturbed refinement: 0.995 Custom: 0.742, 0.473, 0.0437, 0
U(P0): 1000.0559185907367 BR score 1000.0606616952624 BRimp: -6.82E-13
U(P1): 999.283698799782 BR score 999.3147367838721 BRimp: -3.41E-13
Total best response calculation time: 14 milliseconds


Elapsed milliseconds report for eq 19 of 19: 203
Elapsed milliseconds generating correlated equilibrium report: 1247

Specification-ModerateRiskAversion__Cost-1__Fee-British__Starts-50-Avg
Result using all paths playing AverageStrategy
Exploitability over time:
-5.116000000000001E-13,-5.116000000000001E-13,-5.116000000000001E-13,5.165E-06,0.007314,0.006323,0.005543,0.008613,0.01026,0.009825,0.0106,0.01411,0.01349,0.0123,0.0114,0.01934,0.01832,0.01734,0.01767
Best iteration 1000 best exploitability -5.115907697472721E-13
Scenario index 0 Name: Option set Specification-ModerateRiskAversion__Cost-1__Fee-British__Starts-50
Avg BR: -5.115907697472721E-13 Perturbed refinement: 0.991 Custom: 0.743, 0.474, 0.044, 0
U(P0): 1000.0558457693569 BR score 1000.060652723152 BRimp: -6.82E-13
U(P1): 999.2833585827823 BR score 999.314481334141 BRimp: -3.41E-13
Total best response calculation time: 14 milliseconds


Elapsed milliseconds generating average equilibrium report: 7874
Writing report to blob
Report written to blob
