"OptionSetName","Equilibrium Number","Information Set Number","Player Index","Player","Decision Index","Decision Code","Decision","Information Set Labels","Information Set Contents","Equilibrium Reach Probability","Off Path","Conditional Information-Set Utility","Best Action Utility","Action","Action Label","Equilibrium Action Probability","Conditional Action Utility","Utility Loss from Best Action","Is Best Action"
"Specification-ModerateRiskAversion__Cost-1__Fee-British__ExitFees-AllUnilateralExits__Starts-50","3","0","0","P","2","9","P Files","P Liability Signal: 1","1","0.080450000000000008","false","1000.0166441007706","1000.0166441007706","1","Yes","1","1000.0166441007706","0","true"
"Specification-ModerateRiskAversion__Cost-1__Fee-British__ExitFees-AllUnilateralExits__Starts-50","3","0","0","P","2","9","P Files","P Liability Signal: 1","1","0.080450000000000008","false","1000.0166441007706","1000.0166441007706","2","No","0","999.99999691359983","0.016647187170747202","false"
"Specification-ModerateRiskAversion__Cost-1__Fee-British__ExitFees-AllUnilateralExits__Starts-50","3","2","0","P","5","20","P Abandons","P Liability Signal: 1;P Files: 1;D Answers: 1","1,1,1","0.080450000000000008","false","1000.0166441007706","1000.0166441007706","1","Yes","0","999.92584578937317","0.090798311397406906","false"
"Specification-ModerateRiskAversion__Cost-1__Fee-British__ExitFees-AllUnilateralExits__Starts-50","3","2","0","P","5","20","P Abandons","P Liability Signal: 1;P Files: 1;D Answers: 1","1,1,1","0.080450000000000008","false","1000.0166441007706","1000.0166441007706","2","No","1","1000.0166441007706","0","true"
"Specification-ModerateRiskAversion__Cost-1__Fee-British__ExitFees-AllUnilateralExits__Starts-50","3","4","0","P","7","14","P Offer","P Liability Signal: 1;P Files: 1;D Answers: 1;P Abandons: 1","1,1,1,1","0","true","","","1","0.05","0.10000000000000001","","",""
"Specification-ModerateRiskAversion__Cost-1__Fee-British__ExitFees-AllUnilateralExits__Starts-50","3","4","0","P","7","14","P Offer","P Liability Signal: 1;P Files: 1;D Answers: 1;P Abandons: 1","1,1,1,1","0","true","","","2","0.15","0.10000000000000001","","",""
"Specification-ModerateRiskAversion__Cost-1__Fee-British__ExitFees-AllUnilateralExits__Starts-50","3","4","0","P","7","14","P Offer","P Liability Signal: 1;P Files: 1;D Answers: 1;P Abandons: 1","1,1,1,1","0","true","","","3","0.25","0.10000000000000001","","",""
"Specification-ModerateRiskAversion__Cost-1__Fee-British__ExitFees-AllUnilateralExits__Starts-50","3","4","0","P","7","14","P Offer","P Liability Signal: 1;P Files: 1;D Answers: 1;P Abandons: 1","1,1,1,1","0","true","","","4","0.35","0.10000000000000001","","",""
"Specification-ModerateRiskAversion__Cost-1__Fee-British__ExitFees-AllUnilateralExits__Starts-50","3","4","0","P","7","14","P Offer","P Liability Signal: 1;P Files: 1;D Answers: 1;P Abandons: 1","1,1,1,1","0","true","","","5","0.45","0.10000000000000001","","",""
"Specification-ModerateRiskAversion__Cost-1__Fee-British__ExitFees-AllUnilateralExits__Starts-50","3","4","0","P","7","14","P Offer","P Liability Signal: 1;P Files: 1;D Answers: 1;P Abandons: 1","1,1,1,1","0","true","","","6","0.55","0.10000000000000001","","",""
"Specification-ModerateRiskAversion__Cost-1__Fee-British__ExitFees-AllUnilateralExits__Starts-50","3","4","0","P","7","14","P Offer","P Liability Signal: 1;P Files: 1;D Answers: 1;P Abandons: 1","1,1,1,1","0","true","","","7","0.65","0.10000000000000001","","",""
"Specification-ModerateRiskAversion__Cost-1__Fee-British__ExitFees-AllUnilateralExits__Starts-50","3","4","0","P","7","14","P Offer","P Liability Signal: 1;P Files: 1;D Answers: 1;P Abandons: 1","1,1,1,1","0","true","","","8","0.75","0.10000000000000001","","",""
"Specification-ModerateRiskAversion__Cost-1__Fee-British__ExitFees-AllUnilateralExits__Starts-50","3","4","0","P","7","14","P Offer","P Liability Signal: 1;P Files: 1;D Answers: 1;P Abandons: 1","1,1,1,1","0","true","","","9","0.85","0.10000000000000001","","",""
"Specification-ModerateRiskAversion__Cost-1__Fee-British__ExitFees-AllUnilateralExits__Starts-50","3","4","0","P","7","14","P Offer","P Liability Signal: 1;P Files: 1;D Answers: 1;P Abandons: 1","1,1,1,1","0","true","","","10","0.95","0.10000000000000001","","",""
"Specification-ModerateRiskAversion__Cost-1__Fee-British__ExitFees-AllUnilateralExits__Starts-50","3","7","0","P","7","14","P Offer","P Liability Signal: 1;P Files: 1;D Answers: 1;P Abandons: 2","1,1,1,2","0.080450000000000008","false","1000.0166441007706","1000.0166441007706","1","0.05","0","999.99877236892348","0.017871731847094452","false"
"Specification-ModerateRiskAversion__Cost-1__Fee-British__ExitFees-AllUnilateralExits__Starts-50","3","7","0","P","7","14","P Offer","P Liability Signal: 1;P Files: 1;D Answers: 1;P Abandons: 2","1,1,1,2","0.080450000000000008","false","1000.0166441007706","1000.0166441007706","2","0.15","1","1000.0166441007706","0","true"
"Specification-ModerateRiskAversion__Cost-1__Fee-British__ExitFees-AllUnilateralExits__Starts-50","3","7","0","P","7","14","P Offer","P Liability Signal: 1;P Files: 1;D Answers: 1;P Abandons: 2","1,1,1,2","0.080450000000000008","false","1000.0166441007706","1000.0166441007706","3","0.25","0","999.74806217991602","0.26858192085455812","false"
"Specification-ModerateRiskAversion__Cost-1__Fee-British__ExitFees-AllUnilateralExits__Starts-50","3","7","0","P","7","14","P Offer","P Liability Signal: 1;P Files: 1;D Answers: 1;P Abandons: 2","1,1,1,2","0.080450000000000008","false","1000.0166441007706","1000.0166441007706","4","0.35","0","999.74947583849917","0.26716826227141155","false"
"Specification-ModerateRiskAversion__Cost-1__Fee-British__ExitFees-AllUnilateralExits__Starts-50","3","7","0","P","7","14","P Offer","P Liability Signal: 1;P Files: 1;D Answers: 1;P Abandons: 2","1,1,1,2","0.080450000000000008","false","1000.0166441007706","1000.0166441007706","5","0.45","0","999.7507557726218","0.26588832814877605","false"
"Specification-ModerateRiskAversion__Cost-1__Fee-British__ExitFees-AllUnilateralExits__Starts-50","3","7","0","P","7","14","P Offer","P Liability Signal: 1;P Files: 1;D Answers: 1;P Abandons: 2","1,1,1,2","0.080450000000000008","false","1000.0166441007706","1000.0166441007706","6","0.55","0","999.75191304220152","0.26473105856905477","false"
"Specification-ModerateRiskAversion__Cost-1__Fee-British__ExitFees-AllUnilateralExits__Starts-50","3","7","0","P","7","14","P Offer","P Liability Signal: 1;P Files: 1;D Answers: 1;P Abandons: 2","1,1,1,2","0.080450000000000008","false","1000.0166441007706","1000.0166441007706","7","0.65","0","999.75296071805076","0.26368338271981884","false"
"Specification-ModerateRiskAversion__Cost-1__Fee-British__ExitFees-AllUnilateralExits__Starts-50","3","7","0","P","7","14","P Offer","P Liability Signal: 1;P Files: 1;D Answers: 1;P Abandons: 2","1,1,1,2","0.080450000000000008","false","1000.0166441007706","1000.0166441007706","8","0.75","0","999.75390885463946","0.26273524613111476","false"
"Specification-ModerateRiskAversion__Cost-1__Fee-British__ExitFees-AllUnilateralExits__Starts-50","3","7","0","P","7","14","P Offer","P Liability Signal: 1;P Files: 1;D Answers: 1;P Abandons: 2","1,1,1,2","0.080450000000000008","false","1000.0166441007706","1000.0166441007706","9","0.85","0","999.75476650099188","0.26187759977869973","false"
"Specification-ModerateRiskAversion__Cost-1__Fee-British__ExitFees-AllUnilateralExits__Starts-50","3","7","0","P","7","14","P Offer","P Liability Signal: 1;P Files: 1;D Answers: 1;P Abandons: 2","1,1,1,2","0.080450000000000008","false","1000.0166441007706","1000.0166441007706","10","0.95","0","999.67297388089105","0.34367021987952739","false"
"Specification-ModerateRiskAversion__Cost-1__Fee-British__ExitFees-AllUnilateralExits__Starts-50","3","44","0","P","2","9","P Files","P Liability Signal: 2","2","0.097680000000000017","false","1000.0221264767314","1000.0221264767314","1","Yes","1","1000.0221264767314","0","true"
"Specification-ModerateRiskAversion__Cost-1__Fee-British__ExitFees-AllUnilateralExits__Starts-50","3","44","0","P","2","9","P Files","P Liability Signal: 2","2","0.097680000000000017","false","1000.0221264767314","1000.0221264767314","2","No","0","999.99999691359983","0.022129563131557006","false"
"Specification-ModerateRiskAversion__Cost-1__Fee-British__ExitFees-AllUnilateralExits__Starts-50","3","45","0","P","5","20","P Abandons","P Liability Signal: 2;P Files: 1;D Answers: 1","2,1,1","0.097680000000000017","false","1000.0221264767314","1000.0221264767314","1","Yes","0","999.93905809522016","0.083068381511225198","false"
"Specification-ModerateRiskAversion__Cost-1__Fee-British__ExitFees-AllUnilateralExits__Starts-50","3","45","0","P","5","20","P Abandons","P Liability Signal: 2;P Files: 1;D Answers: 1","2,1,1","0.097680000000000017","false","1000.0221264767314","1000.0221264767314","2","No","1","1000.0221264767314","0","true"
"Specification-ModerateRiskAversion__Cost-1__Fee-British__ExitFees-AllUnilateralExits__Starts-50","3","46","0","P","7","14","P Offer","P Liability Signal: 2;P Files: 1;D Answers: 1;P Abandons: 1","2,1,1,1","0","true","","","1","0.05","0.10000000000000001","","",""
"Specification-ModerateRiskAversion__Cost-1__Fee-British__ExitFees-AllUnilateralExits__Starts-50","3","46","0","P","7","14","P Offer","P Liability Signal: 2;P Files: 1;D Answers: 1;P Abandons: 1","2,1,1,1","0","true","","","2","0.15","0.10000000000000001","","",""
"Specification-ModerateRiskAversion__Cost-1__Fee-British__ExitFees-AllUnilateralExits__Starts-50","3","46","0","P","7","14","P Offer","P Liability Signal: 2;P Files: 1;D Answers: 1;P Abandons: 1","2,1,1,1","0","true","","","3","0.25","0.10000000000000001","","",""
"Specification-ModerateRiskAversion__Cost-1__Fee-British__ExitFees-AllUnilateralExits__Starts-50","3","46","0","P","7","14","P Offer","P Liability Signal: 2;P Files: 1;D Answers: 1;P Abandons: 1","2,1,1,1","0","true","","","4","0.35","0.10000000000000001","","",""
"Specification-ModerateRiskAversion__Cost-1__Fee-British__ExitFees-AllUnilateralExits__Starts-50","3","46","0","P","7","14","P Offer","P Liability Signal: 2;P Files: 1;D Answers: 1;P Abandons: 1","2,1,1,1","0","true","","","5","0.45","0.10000000000000001","","",""
"Specification-ModerateRiskAversion__Cost-1__Fee-British__ExitFees-AllUnilateralExits__Starts-50","3","46","0","P","7","14","P Offer","P Liability Signal: 2;P Files: 1;D Answers: 1;P Abandons: 1","2,1,1,1","0","true","","","6","0.55","0.10000000000000001","","",""
"Specification-ModerateRiskAversion__Cost-1__Fee-British__ExitFees-AllUnilateralExits__Starts-50","3","46","0","P","7","14","P Offer","P Liability Signal: 2;P Files: 1;D Answers: 1;P Abandons: 1","2,1,1,1","0","true","","","7","0.65","0.10000000000000001","","",""
"Specification-ModerateRiskAversion__Cost-1__Fee-British__ExitFees-AllUnilateralExits__Starts-50","3","46","0","P","7","14","P Offer","P Liability Signal: 2;P Files: 1;D Answers: 1;P Abandons: 1","2,1,1,1","0","true","","","8","0.75","0.10000000000000001","","",""
"Specification-ModerateRiskAversion__Cost-1__Fee-British__ExitFees-AllUnilateralExits__Starts-50","3","46","0","P","7","14","P Offer","P Liability Signal: 2;P Files: 1;D Answers: 1;P Abandons: 1","2,1,1,1","0","true","","","9","0.85","0.10000000000000001","","",""
"Specification-ModerateRiskAversion__Cost-1__Fee-British__ExitFees-AllUnilateralExits__Starts-50","3","46","0","P","7","14","P Offer","P Liability Signal: 2;P Files: 1;D Answers: 1;P Abandons: 1","2,1,1,1","0","true","","","10","0.95","0.10000000000000001","","",""
"Specification-ModerateRiskAversion__Cost-1__Fee-British__ExitFees-AllUnilateralExits__Starts-50","3","47","0","P","7","14","P Offer","P Liability Signal: 2;P Files: 1;D Answers: 1;P Abandons: 2","2,1,1,2","0.097680000000000017","false","1000.0221264767314","1000.0221264767314","1","0.05","0","1000.0048312271293","0.017295249602057083","false"
"Specification-ModerateRiskAversion__Cost-1__Fee-British__ExitFees-AllUnilateralExits__Starts-50","3","47","0","P","7","14","P Offer","P Liability Signal: 2;P Files: 1;D Answers: 1;P Abandons: 2","2,1,1,2","0.097680000000000017","false","1000.0221264767314","1000.0221264767314","2","0.15","1","1000.0221264767314","0","true"
"Specification-ModerateRiskAversion__Cost-1__Fee-British__ExitFees-AllUnilateralExits__Starts-50","3","47","0","P","7","14","P Offer","P Liability Signal: 2;P Files: 1;D Answers: 1;P Abandons: 2","2,1,1,2","0.097680000000000017","false","1000.0221264767314","1000.0221264767314","3","0.25","0","999.78851992660771","0.2336065501236817","false"
"Specification-ModerateRiskAversion__Cost-1__Fee-British__ExitFees-AllUnilateralExits__Starts-50","3","47","0","P","7","14","P Offer","P Liability Signal: 2;P Files: 1;D Answers: 1;P Abandons: 2","2,1,1,2","0.097680000000000017","false","1000.0221264767314","1000.0221264767314","4","0.35","0","999.79039914178941","0.23172733494197928","false"
"Specification-ModerateRiskAversion__Cost-1__Fee-British__ExitFees-AllUnilateralExits__Starts-50","3","47","0","P","7","14","P Offer","P Liability Signal: 2;P Files: 1;D Answers: 1;P Abandons: 2","2,1,1,2","0.097680000000000017","false","1000.0221264767314","1000.0221264767314","5","0.45","0","999.79210059337288","0.2300258833585076","false"
"Specification-ModerateRiskAversion__Cost-1__Fee-British__ExitFees-AllUnilateralExits__Starts-50","3","47","0","P","7","14","P Offer","P Liability Signal: 2;P Files: 1;D Answers: 1;P Abandons: 2","2,1,1,2","0.097680000000000017","false","1000.0221264767314","1000.0221264767314","6","0.55","0","999.79363898361021","0.22848749312117889","false"
"Specification-ModerateRiskAversion__Cost-1__Fee-British__ExitFees-AllUnilateralExits__Starts-50","3","47","0","P","7","14","P Offer","P Liability Signal: 2;P Files: 1;D Answers: 1;P Abandons: 2","2,1,1,2","0.097680000000000017","false","1000.0221264767314","1000.0221264767314","7","0.65","0","999.79503168789176","0.2270947888396222","false"
"Specification-ModerateRiskAversion__Cost-1__Fee-British__ExitFees-AllUnilateralExits__Starts-50","3","47","0","P","7","14","P Offer","P Liability Signal: 2;P Files: 1;D Answers: 1;P Abandons: 2","2,1,1,2","0.097680000000000017","false","1000.0221264767314","1000.0221264767314","8","0.75","0","999.79629207190044","0.22583440483094819","false"
"Specification-ModerateRiskAversion__Cost-1__Fee-British__ExitFees-AllUnilateralExits__Starts-50","3","47","0","P","7","14","P Offer","P Liability Signal: 2;P Files: 1;D Answers: 1;P Abandons: 2","2,1,1,2","0.097680000000000017","false","1000.0221264767314","1000.0221264767314","9","0.85","0","999.79743216475231","0.22469431197907852","false"
"Specification-ModerateRiskAversion__Cost-1__Fee-British__ExitFees-AllUnilateralExits__Starts-50","3","47","0","P","7","14","P Offer","P Liability Signal: 2;P Files: 1;D Answers: 1;P Abandons: 2","2,1,1,2","0.097680000000000017","false","1000.0221264767314","1000.0221264767314","10","0.95","0","999.69916067915688","0.32296579757451127","false"
"Specification-ModerateRiskAversion__Cost-1__Fee-British__ExitFees-AllUnilateralExits__Starts-50","3","48","0","P","2","9","P Files","P Liability Signal: 3","3","0.10618","false","1000.030191777805","1000.030191777805","1","Yes","1","1000.030191777805","0","true"
"Specification-ModerateRiskAversion__Cost-1__Fee-British__ExitFees-AllUnilateralExits__Starts-50","3","48","0","P","2","9","P Files","P Liability Signal: 3","3","0.10618","false","1000.030191777805","1000.030191777805","2","No","0","999.99999691359983","0.030194864205213889","false"
"Specification-ModerateRiskAversion__Cost-1__Fee-British__ExitFees-AllUnilateralExits__Starts-50","3","49","0","P","5","20","P Abandons","P Liability Signal: 3;P Files: 1;D Answers: 1","3,1,1","0.10618","false","1000.030191777805","1000.030191777805","1","Yes","0","999.95787048059458","0.072321297210464763","false"
"Specification-ModerateRiskAversion__Cost-1__Fee-British__ExitFees-AllUnilateralExits__Starts-50","3","49","0","P","5","20","P Abandons","P Liability Signal: 3;P Files: 1;D Answers: 1","3,1,1","0.10618","false","1000.030191777805","1000.030191777805","2","No","1","1000.030191777805","0","true"
"Specification-ModerateRiskAversion__Cost-1__Fee-British__ExitFees-AllUnilateralExits__Starts-50","3","50","0","P","7","14","P Offer","P Liability Signal: 3;P Files: 1;D Answers: 1;P Abandons: 1","3,1,1,1","0","true","","","1","0.05","0.10000000000000001","","",""
"Specification-ModerateRiskAversion__Cost-1__Fee-British__ExitFees-AllUnilateralExits__Starts-50","3","50","0","P","7","14","P Offer","P Liability Signal: 3;P Files: 1;D Answers: 1;P Abandons: 1","3,1,1,1","0","true","","","2","0.15","0.10000000000000001","","",""
"Specification-ModerateRiskAversion__Cost-1__Fee-British__ExitFees-AllUnilateralExits__Starts-50","3","50","0","P","7","14","P Offer","P Liability Signal: 3;P Files: 1;D Answers: 1;P Abandons: 1","3,1,1,1","0","true","","","3","0.25","0.10000000000000001","","",""
"Specification-ModerateRiskAversion__Cost-1__Fee-British__ExitFees-AllUnilateralExits__Starts-50","3","50","0","P","7","14","P Offer","P Liability Signal: 3;P Files: 1;D Answers: 1;P Abandons: 1","3,1,1,1","0","true","","","4","0.35","0.10000000000000001","","",""
"Specification-ModerateRiskAversion__Cost-1__Fee-British__ExitFees-AllUnilateralExits__Starts-50","3","50","0","P","7","14","P Offer","P Liability Signal: 3;P Files: 1;D Answers: 1;P Abandons: 1","3,1,1,1","0","true","","","5","0.45","0.10000000000000001","","",""
"Specification-ModerateRiskAversion__Cost-1__Fee-British__ExitFees-AllUnilateralExits__Starts-50","3","50","0","P","7","14","P Offer","P Liability Signal: 3;P Files: 1;D Answers: 1;P Abandons: 1","3,1,1,1","0","true","","","6","0.55","0.10000000000000001","","",""
"Specification-ModerateRiskAversion__Cost-1__Fee-British__ExitFees-AllUnilateralExits__Starts-50","3","50","0","P","7","14","P Offer","P Liability Signal: 3;P Files: 1;D Answers: 1;P Abandons: 1","3,1,1,1","0","true","","","7","0.65","0.10000000000000001","","",""
"Specification-ModerateRiskAversion__Cost-1__Fee-British__ExitFees-AllUnilateralExits__Starts-50","3","50","0","P","7","14","P Offer","P Liability Signal: 3;P Files: 1;D Answers: 1;P Abandons: 1","3,1,1,1","0","true","","","8","0.75","0.10000000000000001","","",""
"Specification-ModerateRiskAversion__Cost-1__Fee-British__ExitFees-AllUnilateralExits__Starts-50","3","50","0","P","7","14","P Offer","P Liability Signal: 3;P Files: 1;D Answers: 1;P Abandons: 1","3,1,1,1","0","true","","","9","0.85","0.10000000000000001","","",""
"Specification-ModerateRiskAversion__Cost-1__Fee-British__ExitFees-AllUnilateralExits__Starts-50","3","50","0","P","7","14","P Offer","P Liability Signal: 3;P Files: 1;D Answers: 1;P Abandons: 1","3,1,1,1","0","true","","","10","0.95","0.10000000000000001","","",""
"Specification-ModerateRiskAversion__Cost-1__Fee-British__ExitFees-AllUnilateralExits__Starts-50","3","51","0","P","7","14","P Offer","P Liability Signal: 3;P Files: 1;D Answers: 1;P Abandons: 2","3,1,1,2","0.10618","false","1000.030191777805","1000.030191777805","1","0.05","0","1000.0137446099318","0.016447167873252511","false"
"Specification-ModerateRiskAversion__Cost-1__Fee-British__ExitFees-AllUnilateralExits__Starts-50","3","51","0","P","7","14","P Offer","P Liability Signal: 3;P Files: 1;D Answers: 1;P Abandons: 2","3,1,1,2","0.10618","false","1000.030191777805","1000.030191777805","2","0.15","1","1000.030191777805","0","true"
"Specification-ModerateRiskAversion__Cost-1__Fee-British__ExitFees-AllUnilateralExits__Starts-50","3","51","0","P","7","14","P Offer","P Liability Signal: 3;P Files: 1;D Answers: 1;P Abandons: 2","3,1,1,2","0.10618","false","1000.030191777805","1000.030191777805","3","0.25","0","999.84263649507261","0.18755528273243272","false"
"Specification-ModerateRiskAversion__Cost-1__Fee-British__ExitFees-AllUnilateralExits__Starts-50","3","51","0","P","7","14","P Offer","P Liability Signal: 3;P Files: 1;D Answers: 1;P Abandons: 2","3,1,1,2","0.10618","false","1000.030191777805","1000.030191777805","4","0.35","0","999.84520060566456","0.18499117214048511","false"
"Specification-ModerateRiskAversion__Cost-1__Fee-British__ExitFees-AllUnilateralExits__Starts-50","3","51","0","P","7","14","P Offer","P Liability Signal: 3;P Files: 1;D Answers: 1;P Abandons: 2","3,1,1,2","0.10618","false","1000.030191777805","1000.030191777805","5","0.45","0","999.8475221652543","0.18266961255073966","false"
"Specification-ModerateRiskAversion__Cost-1__Fee-British__ExitFees-AllUnilateralExits__Starts-50","3","51","0","P","7","14","P Offer","P Liability Signal: 3;P Files: 1;D Answers: 1;P Abandons: 2","3,1,1,2","0.10618","false","1000.030191777805","1000.030191777805","6","0.55","0","999.849621234452","0.18057054335304201","false"
"Specification-ModerateRiskAversion__Cost-1__Fee-British__ExitFees-AllUnilateralExits__Starts-50","3","51","0","P","7","14","P Offer","P Liability Signal: 3;P Files: 1;D Answers: 1;P Abandons: 2","3,1,1,2","0.10618","false","1000.030191777805","1000.030191777805","7","0.65","0","999.85152152124908","0.1786702565559608","false"
"Specification-ModerateRiskAversion__Cost-1__Fee-British__ExitFees-AllUnilateralExits__Starts-50","3","51","0","P","7","14","P Offer","P Liability Signal: 3;P Files: 1;D Answers: 1;P Abandons: 2","3,1,1,2","0.10618","false","1000.030191777805","1000.030191777805","8","0.75","0","999.85324126256398","0.1769505152410602","false"
"Specification-ModerateRiskAversion__Cost-1__Fee-British__ExitFees-AllUnilateralExits__Starts-50","3","51","0","P","7","14","P Offer","P Liability Signal: 3;P Files: 1;D Answers: 1;P Abandons: 2","3,1,1,2","0.10618","false","1000.030191777805","1000.030191777805","9","0.85","0","999.85479687162137","0.17539490618366926","false"
"Specification-ModerateRiskAversion__Cost-1__Fee-British__ExitFees-AllUnilateralExits__Starts-50","3","51","0","P","7","14","P Offer","P Liability Signal: 3;P Files: 1;D Answers: 1;P Abandons: 2","3,1,1,2","0.10618","false","1000.030191777805","1000.030191777805","10","0.95","0","999.73862765023318","0.2915641275718599","false"
"Specification-ModerateRiskAversion__Cost-1__Fee-British__ExitFees-AllUnilateralExits__Starts-50","3","52","0","P","2","9","P Files","P Liability Signal: 4","4","0.1081","false","1000.0410466380026","1000.0410466380026","1","Yes","1","1000.0410466380026","0","true"
"Specification-ModerateRiskAversion__Cost-1__Fee-British__ExitFees-AllUnilateralExits__Starts-50","3","52","0","P","2","9","P Files","P Liability Signal: 4","4","0.1081","false","1000.0410466380026","1000.0410466380026","2","No","0","999.99999691359983","0.041049724402796528","false"
"Specification-ModerateRiskAversion__Cost-1__Fee-British__ExitFees-AllUnilateralExits__Starts-50","3","53","0","P","5","20","P Abandons","P Liability Signal: 4;P Files: 1;D Answers: 1","4,1,1","0.1081","false","1000.0410466380026","1000.0410466380026","1","Yes","0","999.98236925042738","0.058677387575244211","false"
"Specification-ModerateRiskAversion__Cost-1__Fee-British__ExitFees-AllUnilateralExits__Starts-50","3","53","0","P","5","20","P Abandons","P Liability Signal: 4;P Files: 1;D Answers: 1","4,1,1","0.1081","false","1000.0410466380026","1000.0410466380026","2","No","1","1000.0410466380026","0","true"
"Specification-ModerateRiskAversion__Cost-1__Fee-British__ExitFees-AllUnilateralExits__Starts-50","3","54","0","P","7","14","P Offer","P Liability Signal: 4;P Files: 1;D Answers: 1;P Abandons: 1","4,1,1,1","0","true","","","1","0.05","0.10000000000000001","","",""
"Specification-ModerateRiskAversion__Cost-1__Fee-British__ExitFees-AllUnilateralExits__Starts-50","3","54","0","P","7","14","P Offer","P Liability Signal: 4;P Files: 1;D Answers: 1;P Abandons: 1","4,1,1,1","0","true","","","2","0.15","0.10000000000000001","","",""
"Specification-ModerateRiskAversion__Cost-1__Fee-British__ExitFees-AllUnilateralExits__Starts-50","3","54","0","P","7","14","P Offer","P Liability Signal: 4;P Files: 1;D Answers: 1;P Abandons: 1","4,1,1,1","0","true","","","3","0.25","0.10000000000000001","","",""
"Specification-ModerateRiskAversion__Cost-1__Fee-British__ExitFees-AllUnilateralExits__Starts-50","3","54","0","P","7","14","P Offer","P Liability Signal: 4;P Files: 1;D Answers: 1;P Abandons: 1","4,1,1,1","0","true","","","4","0.35","0.10000000000000001","","",""
"Specification-ModerateRiskAversion__Cost-1__Fee-British__ExitFees-AllUnilateralExits__Starts-50","3","54","0","P","7","14","P Offer","P Liability Signal: 4;P Files: 1;D Answers: 1;P Abandons: 1","4,1,1,1","0","true","","","5","0.45","0.10000000000000001","","",""
"Specification-ModerateRiskAversion__Cost-1__Fee-British__ExitFees-AllUnilateralExits__Starts-50","3","54","0","P","7","14","P Offer","P Liability Signal: 4;P Files: 1;D Answers: 1;P Abandons: 1","4,1,1,1","0","true","","","6","0.55","0.10000000000000001","","",""
"Specification-ModerateRiskAversion__Cost-1__Fee-British__ExitFees-AllUnilateralExits__Starts-50","3","54","0","P","7","14","P Offer","P Liability Signal: 4;P Files: 1;D Answers: 1;P Abandons: 1","4,1,1,1","0","true","","","7","0.65","0.10000000000000001","","",""
"Specification-ModerateRiskAversion__Cost-1__Fee-British__ExitFees-AllUnilateralExits__Starts-50","3","54","0","P","7","14","P Offer","P Liability Signal: 4;P Files: 1;D Answers: 1;P Abandons: 1","4,1,1,1","0","true","","","8","0.75","0.10000000000000001","","",""
"Specification-ModerateRiskAversion__Cost-1__Fee-British__ExitFees-AllUnilateralExits__Starts-50","3","54","0","P","7","14","P Offer","P Liability Signal: 4;P Files: 1;D Answers: 1;P Abandons: 1","4,1,1,1","0","true","","","9","0.85","0.10000000000000001","","",""
"Specification-ModerateRiskAversion__Cost-1__Fee-British__ExitFees-AllUnilateralExits__Starts-50","3","54","0","P","7","14","P Offer","P Liability Signal: 4;P Files: 1;D Answers: 1;P Abandons: 1","4,1,1,1","0","true","","","10","0.95","0.10000000000000001","","",""
"Specification-ModerateRiskAversion__Cost-1__Fee-British__ExitFees-AllUnilateralExits__Starts-50","3","55","0","P","7","14","P Offer","P Liability Signal: 4;P Files: 1;D Answers: 1;P Abandons: 2","4,1,1,2","0.1081","false","1000.0410466380026","1000.0410466380026","1","0.05","0","1000.0257408792975","0.015305758705153494","false"
"Specification-ModerateRiskAversion__Cost-1__Fee-British__ExitFees-AllUnilateralExits__Starts-50","3","55","0","P","7","14","P Offer","P Liability Signal: 4;P Files: 1;D Answers: 1;P Abandons: 2","4,1,1,2","0.1081","false","1000.0410466380026","1000.0410466380026","2","0.15","1","1000.0410466380026","0","true"
"Specification-ModerateRiskAversion__Cost-1__Fee-British__ExitFees-AllUnilateralExits__Starts-50","3","55","0","P","7","14","P Offer","P Liability Signal: 4;P Files: 1;D Answers: 1;P Abandons: 2","4,1,1,2","0.1081","false","1000.0410466380026","1000.0410466380026","3","0.25","0","999.90760354442091","0.13344309358171813","false"
"Specification-ModerateRiskAversion__Cost-1__Fee-British__ExitFees-AllUnilateralExits__Starts-50","3","55","0","P","7","14","P Offer","P Liability Signal: 4;P Files: 1;D Answers: 1;P Abandons: 2","4,1,1,2","0.1081","false","1000.0410466380026","1000.0410466380026","4","0.35","0","999.91108943634049","0.12995720166213687","false"
"Specification-ModerateRiskAversion__Cost-1__Fee-British__ExitFees-AllUnilateralExits__Starts-50","3","55","0","P","7","14","P Offer","P Liability Signal: 4;P Files: 1;D Answers: 1;P Abandons: 2","4,1,1,2","0.1081","false","1000.0410466380026","1000.0410466380026","5","0.45","0","999.91424558172707","0.12680105627555349","false"
"Specification-ModerateRiskAversion__Cost-1__Fee-British__ExitFees-AllUnilateralExits__Starts-50","3","55","0","P","7","14","P Offer","P Liability Signal: 4;P Files: 1;D Answers: 1;P Abandons: 2","4,1,1,2","0.1081","false","1000.0410466380026","1000.0410466380026","6","0.55","0","999.91709925285033","0.12394738515229164","false"
"Specification-ModerateRiskAversion__Cost-1__Fee-British__ExitFees-AllUnilateralExits__Starts-50","3","55","0","P","7","14","P Offer","P Liability Signal: 4;P Files: 1;D Answers: 1;P Abandons: 2","4,1,1,2","0.1081","false","1000.0410466380026","1000.0410466380026","7","0.65","0","999.9196826805744","0.1213639574282297","false"
"Specification-ModerateRiskAversion__Cost-1__Fee-British__ExitFees-AllUnilateralExits__Starts-50","3","55","0","P","7","14","P Offer","P Liability Signal: 4;P Files: 1;D Answers: 1;P Abandons: 2","4,1,1,2","0.1081","false","1000.0410466380026","1000.0410466380026","8","0.75","0","999.92202065787171","0.11902598013091392","false"
"Specification-ModerateRiskAversion__Cost-1__Fee-British__ExitFees-AllUnilateralExits__Starts-50","3","55","0","P","7","14","P Offer","P Liability Signal: 4;P Files: 1;D Answers: 1;P Abandons: 2","4,1,1,2","0.1081","false","1000.0410466380026","1000.0410466380026","9","0.85","0","999.92413549841729","0.11691113958534061","false"
"Specification-ModerateRiskAversion__Cost-1__Fee-British__ExitFees-AllUnilateralExits__Starts-50","3","55","0","P","7","14","P Offer","P Liability Signal: 4;P Files: 1;D Answers: 1;P Abandons: 2","4,1,1,2","0.1081","false","1000.0410466380026","1000.0410466380026","10","0.95","0","999.79426667951782","0.24677995848480805","false"
"Specification-ModerateRiskAversion__Cost-1__Fee-British__ExitFees-AllUnilateralExits__Starts-50","3","56","0","P","2","9","P Files","P Liability Signal: 5","5","0.1076","false","1000.0537715359825","1000.0537715359825","1","Yes","1","1000.0537715359825","0","true"
"Specification-ModerateRiskAversion__Cost-1__Fee-British__ExitFees-AllUnilateralExits__Starts-50","3","56","0","P","2","9","P Files","P Liability Signal: 5","5","0.1076","false","1000.0537715359825","1000.0537715359825","2","No","0","999.99999691360006","0.053774622382434245","false"
"Specification-ModerateRiskAversion__Cost-1__Fee-British__ExitFees-AllUnilateralExits__Starts-50","3","57","0","P","5","20","P Abandons","P Liability Signal: 5;P Files: 1;D Answers: 1","5,1,1","0.1076","false","1000.0537715359825","1000.0537715359825","1","Yes","0","1000.0101834580846","0.043588077897879884","false"
"Specification-ModerateRiskAversion__Cost-1__Fee-British__ExitFees-AllUnilateralExits__Starts-50","3","57","0","P","5","20","P Abandons","P Liability Signal: 5;P Files: 1;D Answers: 1","5,1,1","0.1076","false","1000.0537715359825","1000.0537715359825","2","No","1","1000.0537715359825","0","true"
"Specification-ModerateRiskAversion__Cost-1__Fee-British__ExitFees-AllUnilateralExits__Starts-50","3","58","0","P","7","14","P Offer","P Liability Signal: 5;P Files: 1;D Answers: 1;P Abandons: 1","5,1,1,1","0","true","","","1","0.05","0.10000000000000001","","",""
"Specification-ModerateRiskAversion__Cost-1__Fee-British__ExitFees-AllUnilateralExits__Starts-50","3","58","0","P","7","14","P Offer","P Liability Signal: 5;P Files: 1;D Answers: 1;P Abandons: 1","5,1,1,1","0","true","","","2","0.15","0.10000000000000001","","",""
"Specification-ModerateRiskAversion__Cost-1__Fee-British__ExitFees-AllUnilateralExits__Starts-50","3","58","0","P","7","14","P Offer","P Liability Signal: 5;P Files: 1;D Answers: 1;P Abandons: 1","5,1,1,1","0","true","","","3","0.25","0.10000000000000001","","",""
"Specification-ModerateRiskAversion__Cost-1__Fee-British__ExitFees-AllUnilateralExits__Starts-50","3","58","0","P","7","14","P Offer","P Liability Signal: 5;P Files: 1;D Answers: 1;P Abandons: 1","5,1,1,1","0","true","","","4","0.35","0.10000000000000001","","",""
"Specification-ModerateRiskAversion__Cost-1__Fee-British__ExitFees-AllUnilateralExits__Starts-50","3","58","0","P","7","14","P Offer","P Liability Signal: 5;P Files: 1;D Answers: 1;P Abandons: 1","5,1,1,1","0","true","","","5","0.45","0.10000000000000001","","",""
"Specification-ModerateRiskAversion__Cost-1__Fee-British__ExitFees-AllUnilateralExits__Starts-50","3","58","0","P","7","14","P Offer","P Liability Signal: 5;P Files: 1;D Answers: 1;P Abandons: 1","5,1,1,1","0","true","","","6","0.55","0.10000000000000001","","",""
"Specification-ModerateRiskAversion__Cost-1__Fee-British__ExitFees-AllUnilateralExits__Starts-50","3","58","0","P","7","14","P Offer","P Liability Signal: 5;P Files: 1;D Answers: 1;P Abandons: 1","5,1,1,1","0","true","","","7","0.65","0.10000000000000001","","",""
"Specification-ModerateRiskAversion__Cost-1__Fee-British__ExitFees-AllUnilateralExits__Starts-50","3","58","0","P","7","14","P Offer","P Liability Signal: 5;P Files: 1;D Answers: 1;P Abandons: 1","5,1,1,1","0","true","","","8","0.75","0.10000000000000001","","",""
"Specification-ModerateRiskAversion__Cost-1__Fee-British__ExitFees-AllUnilateralExits__Starts-50","3","58","0","P","7","14","P Offer","P Liability Signal: 5;P Files: 1;D Answers: 1;P Abandons: 1","5,1,1,1","0","true","","","9","0.85","0.10000000000000001","","",""
"Specification-ModerateRiskAversion__Cost-1__Fee-British__ExitFees-AllUnilateralExits__Starts-50","3","58","0","P","7","14","P Offer","P Liability Signal: 5;P Files: 1;D Answers: 1;P Abandons: 1","5,1,1,1","0","true","","","10","0.95","0.10000000000000001","","",""
"Specification-ModerateRiskAversion__Cost-1__Fee-British__ExitFees-AllUnilateralExits__Starts-50","3","59","0","P","7","14","P Offer","P Liability Signal: 5;P Files: 1;D Answers: 1;P Abandons: 2","5,1,1,2","0.1076","false","1000.0537715359825","1000.0537715359825","1","0.05","0","1000.0398038244707","0.013967711511781999","false"
"Specification-ModerateRiskAversion__Cost-1__Fee-British__ExitFees-AllUnilateralExits__Starts-50","3","59","0","P","7","14","P Offer","P Liability Signal: 5;P Files: 1;D Answers: 1;P Abandons: 2","5,1,1,2","0.1076","false","1000.0537715359825","1000.0537715359825","2","0.15","1","1000.0537715359825","0","true"
"Specification-ModerateRiskAversion__Cost-1__Fee-British__ExitFees-AllUnilateralExits__Starts-50","3","59","0","P","7","14","P Offer","P Liability Signal: 5;P Files: 1;D Answers: 1;P Abandons: 2","5,1,1,2","0.1076","false","1000.0537715359825","1000.0537715359825","3","0.25","0","999.97395498942126","0.079816546561232826","false"
"Specification-ModerateRiskAversion__Cost-1__Fee-British__ExitFees-AllUnilateralExits__Starts-50","3","59","0","P","7","14","P Offer","P Liability Signal: 5;P Files: 1;D Answers: 1;P Abandons: 2","5,1,1,2","0.1076","false","1000.0537715359825","1000.0537715359825","4","0.35","0","999.97852146396815","0.07525007201434164","false"
"Specification-ModerateRiskAversion__Cost-1__Fee-British__ExitFees-AllUnilateralExits__Starts-50","3","59","0","P","7","14","P Offer","P Liability Signal: 5;P Files: 1;D Answers: 1;P Abandons: 2","5,1,1,2","0.1076","false","1000.0537715359825","1000.0537715359825","5","0.45","0","999.9826559747064","0.071115561276087647","false"
"Specification-ModerateRiskAversion__Cost-1__Fee-British__ExitFees-AllUnilateralExits__Starts-50","3","59","0","P","7","14","P Offer","P Liability Signal: 5;P Files: 1;D Answers: 1;P Abandons: 2","5,1,1,2","0.1076","false","1000.0537715359825","1000.0537715359825","6","0.55","0","999.98639424796602","0.067377288016473358","false"
"Specification-ModerateRiskAversion__Cost-1__Fee-British__ExitFees-AllUnilateralExits__Starts-50","3","59","0","P","7","14","P Offer","P Liability Signal: 5;P Files: 1;D Answers: 1;P Abandons: 2","5,1,1,2","0.1076","false","1000.0537715359825","1000.0537715359825","7","0.65","0","999.98977850577376","0.063993030208735036","false"
"Specification-ModerateRiskAversion__Cost-1__Fee-British__ExitFees-AllUnilateralExits__Starts-50","3","59","0","P","7","14","P Offer","P Liability Signal: 5;P Files: 1;D Answers: 1;P Abandons: 2","5,1,1,2","0.1076","false","1000.0537715359825","1000.0537715359825","8","0.75","0","999.9928412266114","0.060930309371087787","false"
"Specification-ModerateRiskAversion__Cost-1__Fee-British__ExitFees-AllUnilateralExits__Starts-50","3","59","0","P","7","14","P Offer","P Liability Signal: 5;P Files: 1;D Answers: 1;P Abandons: 2","5,1,1,2","0.1076","false","1000.0537715359825","1000.0537715359825","9","0.85","0","999.9956116411123","0.05815989487018669","false"
"Specification-ModerateRiskAversion__Cost-1__Fee-British__ExitFees-AllUnilateralExits__Starts-50","3","59","0","P","7","14","P Offer","P Liability Signal: 5;P Files: 1;D Answers: 1;P Abandons: 2","5,1,1,2","0.1076","false","1000.0537715359825","1000.0537715359825","10","0.95","0","999.86417713134142","0.18959440464107047","false"
"Specification-ModerateRiskAversion__Cost-1__Fee-British__ExitFees-AllUnilateralExits__Starts-50","3","60","0","P","2","9","P Files","P Liability Signal: 6","6","0.10759999999999999","false","1000.0662963746717","1000.0662963746717","1","Yes","1","1000.0662963746717","0","true"
"Specification-ModerateRiskAversion__Cost-1__Fee-British__ExitFees-AllUnilateralExits__Starts-50","3","60","0","P","2","9","P Files","P Liability Signal: 6","6","0.10759999999999999","false","1000.0662963746717","1000.0662963746717","2","No","0","999.99999691360017","0.066299461071480437","false"
"Specification-ModerateRiskAversion__Cost-1__Fee-British__ExitFees-AllUnilateralExits__Starts-50","3","61","0","P","5","20","P Abandons","P Liability Signal: 6;P Files: 1;D Answers: 1","6,1,1","0.10759999999999999","false","1000.0662963746717","1000.0662963746718","1","Yes","0.31024820912719325","1000.0662963746718","0","true"
"Specification-ModerateRiskAversion__Cost-1__Fee-British__ExitFees-AllUnilateralExits__Starts-50","3","61","0","P","5","20","P Abandons","P Liability Signal: 6;P Files: 1;D Answers: 1","6,1,1","0.10759999999999999","false","1000.0662963746717","1000.0662963746718","2","No","0.68975179087280669","1000.0662963746717","1.1368683772161603E-13","true"
"Specification-ModerateRiskAversion__Cost-1__Fee-British__ExitFees-AllUnilateralExits__Starts-50","3","62","0","P","7","14","P Offer","P Liability Signal: 6;P Files: 1;D Answers: 1;P Abandons: 1","6,1,1,1","0.033382707302085993","false","1000.0662963746715","1000.0662963746718","1","0.05","0","1000.0536456737391","0.012650700932681502","false"
"Specification-ModerateRiskAversion__Cost-1__Fee-British__ExitFees-AllUnilateralExits__Starts-50","3","62","0","P","7","14","P Offer","P Liability Signal: 6;P Files: 1;D Answers: 1;P Abandons: 1","6,1,1,1","0.033382707302085993","false","1000.0662963746715","1000.0662963746718","2","0.15","0","1000.0662963746718","0","true"
"Specification-ModerateRiskAversion__Cost-1__Fee-British__ExitFees-AllUnilateralExits__Starts-50","3","62","0","P","7","14","P Offer","P Liability Signal: 6;P Files: 1;D Answers: 1;P Abandons: 1","6,1,1,1","0.033382707302085993","false","1000.0662963746715","1000.0662963746718","3","0.25","0","1000.039595595157","0.026700779514726491","false"
"Specification-ModerateRiskAversion__Cost-1__Fee-British__ExitFees-AllUnilateralExits__Starts-50","3","62","0","P","7","14","P Offer","P Liability Signal: 6;P Files: 1;D Answers: 1;P Abandons: 1","6,1,1,1","0.033382707302085993","false","1000.0662963746715","1000.0662963746718","4","0.35","0","1000.0452256635427","0.021070711129027586","false"
"Specification-ModerateRiskAversion__Cost-1__Fee-British__ExitFees-AllUnilateralExits__Starts-50","3","62","0","P","7","14","P Offer","P Liability Signal: 6;P Files: 1;D Answers: 1;P Abandons: 1","6,1,1,1","0.033382707302085993","false","1000.0662963746715","1000.0662963746718","5","0.45","0","1000.0503231578922","0.015973216779570976","false"
"Specification-ModerateRiskAversion__Cost-1__Fee-British__ExitFees-AllUnilateralExits__Starts-50","3","62","0","P","7","14","P Offer","P Liability Signal: 6;P Files: 1;D Answers: 1;P Abandons: 1","6,1,1,1","0.033382707302085993","false","1000.0662963746715","1000.0662963746718","6","0.55","0","1000.0549321256822","0.011364248989593762","false"
"Specification-ModerateRiskAversion__Cost-1__Fee-British__ExitFees-AllUnilateralExits__Starts-50","3","62","0","P","7","14","P Offer","P Liability Signal: 6;P Files: 1;D Answers: 1;P Abandons: 1","6,1,1,1","0.033382707302085993","false","1000.0662963746715","1000.0662963746718","7","0.65","0","1000.0591046230206","0.0071917516511348367","false"
"Specification-ModerateRiskAversion__Cost-1__Fee-British__ExitFees-AllUnilateralExits__Starts-50","3","62","0","P","7","14","P Offer","P Liability Signal: 6;P Files: 1;D Answers: 1;P Abandons: 1","6,1,1,1","0.033382707302085993","false","1000.0662963746715","1000.0662963746718","8","0.75","0","1000.062880693069","0.00341568160274619","false"
"Specification-ModerateRiskAversion__Cost-1__Fee-British__ExitFees-AllUnilateralExits__Starts-50","3","62","0","P","7","14","P Offer","P Liability Signal: 6;P Files: 1;D Answers: 1;P Abandons: 1","6,1,1,1","0.033382707302085993","false","1000.0662963746715","1000.0662963746718","9","0.85","1","1000.0662963746715","2.2737367544323206E-13","true"
"Specification-ModerateRiskAversion__Cost-1__Fee-British__ExitFees-AllUnilateralExits__Starts-50","3","62","0","P","7","14","P Offer","P Liability Signal: 6;P Files: 1;D Answers: 1;P Abandons: 1","6,1,1,1","0.033382707302085993","false","1000.0662963746715","1000.0662963746718","10","0.95","0","999.86943701236441","0.19685936230735024","false"
"Specification-ModerateRiskAversion__Cost-1__Fee-British__ExitFees-AllUnilateralExits__Starts-50","3","63","0","P","7","14","P Offer","P Liability Signal: 6;P Files: 1;D Answers: 1;P Abandons: 2","6,1,1,2","0.074217292697914009","false","1000.0662963746714","1000.0662963746714","1","0.05","0","1000.0536456737391","0.012650700932340442","false"
"Specification-ModerateRiskAversion__Cost-1__Fee-British__ExitFees-AllUnilateralExits__Starts-50","3","63","0","P","7","14","P Offer","P Liability Signal: 6;P Files: 1;D Answers: 1;P Abandons: 2","6,1,1,2","0.074217292697914009","false","1000.0662963746714","1000.0662963746714","2","0.15","1","1000.0662963746714","0","true"
"Specification-ModerateRiskAversion__Cost-1__Fee-British__ExitFees-AllUnilateralExits__Starts-50","3","63","0","P","7","14","P Offer","P Liability Signal: 6;P Files: 1;D Answers: 1;P Abandons: 2","6,1,1,2","0.074217292697914009","false","1000.0662963746714","1000.0662963746714","3","0.25","0","1000.0293082857403","0.036988088931138918","false"
"Specification-ModerateRiskAversion__Cost-1__Fee-British__ExitFees-AllUnilateralExits__Starts-50","3","63","0","P","7","14","P Offer","P Liability Signal: 6;P Files: 1;D Answers: 1;P Abandons: 2","6,1,1,2","0.074217292697914009","false","1000.0662963746714","1000.0662963746714","4","0.35","0","1000.0349383541263","0.031358020545098952","false"
"Specification-ModerateRiskAversion__Cost-1__Fee-British__ExitFees-AllUnilateralExits__Starts-50","3","63","0","P","7","14","P Offer","P Liability Signal: 6;P Files: 1;D Answers: 1;P Abandons: 2","6,1,1,2","0.074217292697914009","false","1000.0662963746714","1000.0662963746714","5","0.45","0","1000.0400358484759","0.026260526195528655","false"
"Specification-ModerateRiskAversion__Cost-1__Fee-British__ExitFees-AllUnilateralExits__Starts-50","3","63","0","P","7","14","P Offer","P Liability Signal: 6;P Files: 1;D Answers: 1;P Abandons: 2","6,1,1,2","0.074217292697914009","false","1000.0662963746714","1000.0662963746714","6","0.55","0","1000.0446448162655","0.021651558405892501","false"
"Specification-ModerateRiskAversion__Cost-1__Fee-British__ExitFees-AllUnilateralExits__Starts-50","3","63","0","P","7","14","P Offer","P Liability Signal: 6;P Files: 1;D Answers: 1;P Abandons: 2","6,1,1,2","0.074217292697914009","false","1000.0662963746714","1000.0662963746714","7","0.65","0","1000.0488173136042","0.017479061067206203","false"
"Specification-ModerateRiskAversion__Cost-1__Fee-British__ExitFees-AllUnilateralExits__Starts-50","3","63","0","P","7","14","P Offer","P Liability Signal: 6;P Files: 1;D Answers: 1;P Abandons: 2","6,1,1,2","0.074217292697914009","false","1000.0662963746714","1000.0662963746714","8","0.75","0","1000.0525933836525","0.013702991018931243","false"
"Specification-ModerateRiskAversion__Cost-1__Fee-British__ExitFees-AllUnilateralExits__Starts-50","3","63","0","P","7","14","P Offer","P Liability Signal: 6;P Files: 1;D Answers: 1;P Abandons: 2","6,1,1,2","0.074217292697914009","false","1000.0662963746714","1000.0662963746714","9","0.85","0","1000.0560090652551","0.01028730941629874","false"
"Specification-ModerateRiskAversion__Cost-1__Fee-British__ExitFees-AllUnilateralExits__Starts-50","3","63","0","P","7","14","P Offer","P Liability Signal: 6;P Files: 1;D Answers: 1;P Abandons: 2","6,1,1,2","0.074217292697914009","false","1000.0662963746714","1000.0662963746714","10","0.95","0","999.93945709653417","0.12683927813725404","false"
"Specification-ModerateRiskAversion__Cost-1__Fee-British__ExitFees-AllUnilateralExits__Starts-50","3","64","0","P","2","9","P Files","P Liability Signal: 7","7","0.10809999999999999","false","1000.0973428112048","1000.0973428112048","1","Yes","1","1000.0973428112048","0","true"
"Specification-ModerateRiskAversion__Cost-1__Fee-British__ExitFees-AllUnilateralExits__Starts-50","3","64","0","P","2","9","P Files","P Liability Signal: 7","7","0.10809999999999999","false","1000.0973428112048","1000.0973428112048","2","No","0","999.99999691360006","0.097345897604782294","false"
"Specification-ModerateRiskAversion__Cost-1__Fee-British__ExitFees-AllUnilateralExits__Starts-50","3","65","0","P","5","20","P Abandons","P Liability Signal: 7;P Files: 1;D Answers: 1","7,1,1","0.10809999999999999","false","1000.0973428112048","1000.0973428112048","1","Yes","0","1000.0580057648199","0.03933704638495783","false"
"Specification-ModerateRiskAversion__Cost-1__Fee-British__ExitFees-AllUnilateralExits__Starts-50","3","65","0","P","5","20","P Abandons","P Liability Signal: 7;P Files: 1;D Answers: 1","7,1,1","0.10809999999999999","false","1000.0973428112048","1000.0973428112048","2","No","1","1000.0973428112048","0","true"
"Specification-ModerateRiskAversion__Cost-1__Fee-British__ExitFees-AllUnilateralExits__Starts-50","3","66","0","P","7","14","P Offer","P Liability Signal: 7;P Files: 1;D Answers: 1;P Abandons: 1","7,1,1,1","0","true","","","1","0.05","0.10000000000000001","","",""
"Specification-ModerateRiskAversion__Cost-1__Fee-British__ExitFees-AllUnilateralExits__Starts-50","3","66","0","P","7","14","P Offer","P Liability Signal: 7;P Files: 1;D Answers: 1;P Abandons: 1","7,1,1,1","0","true","","","2","0.15","0.10000000000000001","","",""
"Specification-ModerateRiskAversion__Cost-1__Fee-British__ExitFees-AllUnilateralExits__Starts-50","3","66","0","P","7","14","P Offer","P Liability Signal: 7;P Files: 1;D Answers: 1;P Abandons: 1","7,1,1,1","0","true","","","3","0.25","0.10000000000000001","","",""
"Specification-ModerateRiskAversion__Cost-1__Fee-British__ExitFees-AllUnilateralExits__Starts-50","3","66","0","P","7","14","P Offer","P Liability Signal: 7;P Files: 1;D Answers: 1;P Abandons: 1","7,1,1,1","0","true","","","4","0.35","0.10000000000000001","","",""
"Specification-ModerateRiskAversion__Cost-1__Fee-British__ExitFees-AllUnilateralExits__Starts-50","3","66","0","P","7","14","P Offer","P Liability Signal: 7;P Files: 1;D Answers: 1;P Abandons: 1","7,1,1,1","0","true","","","5","0.45","0.10000000000000001","","",""
"Specification-ModerateRiskAversion__Cost-1__Fee-British__ExitFees-AllUnilateralExits__Starts-50","3","66","0","P","7","14","P Offer","P Liability Signal: 7;P Files: 1;D Answers: 1;P Abandons: 1","7,1,1,1","0","true","","","6","0.55","0.10000000000000001","","",""
"Specification-ModerateRiskAversion__Cost-1__Fee-British__ExitFees-AllUnilateralExits__Starts-50","3","66","0","P","7","14","P Offer","P Liability Signal: 7;P Files: 1;D Answers: 1;P Abandons: 1","7,1,1,1","0","true","","","7","0.65","0.10000000000000001","","",""
"Specification-ModerateRiskAversion__Cost-1__Fee-British__ExitFees-AllUnilateralExits__Starts-50","3","66","0","P","7","14","P Offer","P Liability Signal: 7;P Files: 1;D Answers: 1;P Abandons: 1","7,1,1,1","0","true","","","8","0.75","0.10000000000000001","","",""
"Specification-ModerateRiskAversion__Cost-1__Fee-British__ExitFees-AllUnilateralExits__Starts-50","3","66","0","P","7","14","P Offer","P Liability Signal: 7;P Files: 1;D Answers: 1;P Abandons: 1","7,1,1,1","0","true","","","9","0.85","0.10000000000000001","","",""
"Specification-ModerateRiskAversion__Cost-1__Fee-British__ExitFees-AllUnilateralExits__Starts-50","3","66","0","P","7","14","P Offer","P Liability Signal: 7;P Files: 1;D Answers: 1;P Abandons: 1","7,1,1,1","0","true","","","10","0.95","0.10000000000000001","","",""
"Specification-ModerateRiskAversion__Cost-1__Fee-British__ExitFees-AllUnilateralExits__Starts-50","3","67","0","P","7","14","P Offer","P Liability Signal: 7;P Files: 1;D Answers: 1;P Abandons: 2","7,1,1,2","0.10809999999999999","false","1000.0973428112048","1000.0973428112048","1","0.05","0","1000.0649599712287","0.032382839976094147","false"
"Specification-ModerateRiskAversion__Cost-1__Fee-British__ExitFees-AllUnilateralExits__Starts-50","3","67","0","P","7","14","P Offer","P Liability Signal: 7;P Files: 1;D Answers: 1;P Abandons: 2","7,1,1,2","0.10809999999999999","false","1000.0973428112048","1000.0973428112048","2","0.15","0","1000.0765341505781","0.020808660626698838","false"
"Specification-ModerateRiskAversion__Cost-1__Fee-British__ExitFees-AllUnilateralExits__Starts-50","3","67","0","P","7","14","P Offer","P Liability Signal: 7;P Files: 1;D Answers: 1;P Abandons: 2","7,1,1,2","0.10809999999999999","false","1000.0973428112048","1000.0973428112048","3","0.25","0","1000.0665189725767","0.030823838628180056","false"
"Specification-ModerateRiskAversion__Cost-1__Fee-British__ExitFees-AllUnilateralExits__Starts-50","3","67","0","P","7","14","P Offer","P Liability Signal: 7;P Files: 1;D Answers: 1;P Abandons: 2","7,1,1,2","0.10809999999999999","false","1000.0973428112048","1000.0973428112048","4","0.35","0","1000.0730184202539","0.024324390950937413","false"
"Specification-ModerateRiskAversion__Cost-1__Fee-British__ExitFees-AllUnilateralExits__Starts-50","3","67","0","P","7","14","P Offer","P Liability Signal: 7;P Files: 1;D Answers: 1;P Abandons: 2","7,1,1,2","0.10809999999999999","false","1000.0973428112048","1000.0973428112048","5","0.45","0","1000.0789030553127","0.01843975589213187","false"
"Specification-ModerateRiskAversion__Cost-1__Fee-British__ExitFees-AllUnilateralExits__Starts-50","3","67","0","P","7","14","P Offer","P Liability Signal: 7;P Files: 1;D Answers: 1;P Abandons: 2","7,1,1,2","0.10809999999999999","false","1000.0973428112048","1000.0973428112048","6","0.55","0","1000.0842237269177","0.013119084287154692","false"
"Specification-ModerateRiskAversion__Cost-1__Fee-British__ExitFees-AllUnilateralExits__Starts-50","3","67","0","P","7","14","P Offer","P Liability Signal: 7;P Files: 1;D Answers: 1;P Abandons: 2","7,1,1,2","0.10809999999999999","false","1000.0973428112048","1000.0973428112048","7","0.65","0","1000.0890405295349","0.008302281669898548","false"
"Specification-ModerateRiskAversion__Cost-1__Fee-British__ExitFees-AllUnilateralExits__Starts-50","3","67","0","P","7","14","P Offer","P Liability Signal: 7;P Files: 1;D Answers: 1;P Abandons: 2","7,1,1,2","0.10809999999999999","false","1000.0973428112048","1000.0973428112048","8","0.75","0","1000.0933996896767","0.0039431215280956167","false"
"Specification-ModerateRiskAversion__Cost-1__Fee-British__ExitFees-AllUnilateralExits__Starts-50","3","67","0","P","7","14","P Offer","P Liability Signal: 7;P Files: 1;D Answers: 1;P Abandons: 2","7,1,1,2","0.10809999999999999","false","1000.0973428112048","1000.0973428112048","9","0.85","1","1000.0973428112048","0","true"
"Specification-ModerateRiskAversion__Cost-1__Fee-British__ExitFees-AllUnilateralExits__Starts-50","3","67","0","P","7","14","P Offer","P Liability Signal: 7;P Files: 1;D Answers: 1;P Abandons: 2","7,1,1,2","0.10809999999999999","false","1000.0973428112048","1000.0973428112048","10","0.95","0","1000.0077371232535","0.089605687951348045","false"
"Specification-ModerateRiskAversion__Cost-1__Fee-British__ExitFees-AllUnilateralExits__Starts-50","3","68","0","P","2","9","P Files","P Liability Signal: 8","8","0.10618","false","1000.1206856144604","1000.1206856144604","1","Yes","1","1000.1206856144604","0","true"
"Specification-ModerateRiskAversion__Cost-1__Fee-British__ExitFees-AllUnilateralExits__Starts-50","3","68","0","P","2","9","P Files","P Liability Signal: 8","8","0.10618","false","1000.1206856144604","1000.1206856144604","2","No","0","999.99999691359983","0.12068870086056904","false"
"Specification-ModerateRiskAversion__Cost-1__Fee-British__ExitFees-AllUnilateralExits__Starts-50","3","69","0","P","5","20","P Abandons","P Liability Signal: 8;P Files: 1;D Answers: 1","8,1,1","0.10618","false","1000.1206856144604","1000.1206856144604","1","Yes","0","1000.0724647183306","0.048220896129805624","false"
"Specification-ModerateRiskAversion__Cost-1__Fee-British__ExitFees-AllUnilateralExits__Starts-50","3","69","0","P","5","20","P Abandons","P Liability Signal: 8;P Files: 1;D Answers: 1","8,1,1","0.10618","false","1000.1206856144604","1000.1206856144604","2","No","1","1000.1206856144604","0","true"
"Specification-ModerateRiskAversion__Cost-1__Fee-British__ExitFees-AllUnilateralExits__Starts-50","3","70","0","P","7","14","P Offer","P Liability Signal: 8;P Files: 1;D Answers: 1;P Abandons: 1","8,1,1,1","0","true","","","1","0.05","0.10000000000000001","","",""
"Specification-ModerateRiskAversion__Cost-1__Fee-British__ExitFees-AllUnilateralExits__Starts-50","3","70","0","P","7","14","P Offer","P Liability Signal: 8;P Files: 1;D Answers: 1;P Abandons: 1","8,1,1,1","0","true","","","2","0.15","0.10000000000000001","","",""
"Specification-ModerateRiskAversion__Cost-1__Fee-British__ExitFees-AllUnilateralExits__Starts-50","3","70","0","P","7","14","P Offer","P Liability Signal: 8;P Files: 1;D Answers: 1;P Abandons: 1","8,1,1,1","0","true","","","3","0.25","0.10000000000000001","","",""
"Specification-ModerateRiskAversion__Cost-1__Fee-British__ExitFees-AllUnilateralExits__Starts-50","3","70","0","P","7","14","P Offer","P Liability Signal: 8;P Files: 1;D Answers: 1;P Abandons: 1","8,1,1,1","0","true","","","4","0.35","0.10000000000000001","","",""
"Specification-ModerateRiskAversion__Cost-1__Fee-British__ExitFees-AllUnilateralExits__Starts-50","3","70","0","P","7","14","P Offer","P Liability Signal: 8;P Files: 1;D Answers: 1;P Abandons: 1","8,1,1,1","0","true","","","5","0.45","0.10000000000000001","","",""
"Specification-ModerateRiskAversion__Cost-1__Fee-British__ExitFees-AllUnilateralExits__Starts-50","3","70","0","P","7","14","P Offer","P Liability Signal: 8;P Files: 1;D Answers: 1;P Abandons: 1","8,1,1,1","0","true","","","6","0.55","0.10000000000000001","","",""
"Specification-ModerateRiskAversion__Cost-1__Fee-British__ExitFees-AllUnilateralExits__Starts-50","3","70","0","P","7","14","P Offer","P Liability Signal: 8;P Files: 1;D Answers: 1;P Abandons: 1","8,1,1,1","0","true","","","7","0.65","0.10000000000000001","","",""
"Specification-ModerateRiskAversion__Cost-1__Fee-British__ExitFees-AllUnilateralExits__Starts-50","3","70","0","P","7","14","P Offer","P Liability Signal: 8;P Files: 1;D Answers: 1;P Abandons: 1","8,1,1,1","0","true","","","8","0.75","0.10000000000000001","","",""
"Specification-ModerateRiskAversion__Cost-1__Fee-British__ExitFees-AllUnilateralExits__Starts-50","3","70","0","P","7","14","P Offer","P Liability Signal: 8;P Files: 1;D Answers: 1;P Abandons: 1","8,1,1,1","0","true","","","9","0.85","0.10000000000000001","","",""
"Specification-ModerateRiskAversion__Cost-1__Fee-British__ExitFees-AllUnilateralExits__Starts-50","3","70","0","P","7","14","P Offer","P Liability Signal: 8;P Files: 1;D Answers: 1;P Abandons: 1","8,1,1,1","0","true","","","10","0.95","0.10000000000000001","","",""
"Specification-ModerateRiskAversion__Cost-1__Fee-British__ExitFees-AllUnilateralExits__Starts-50","3","71","0","P","7","14","P Offer","P Liability Signal: 8;P Files: 1;D Answers: 1;P Abandons: 2","8,1,1,2","0.10618","false","1000.1206856144604","1000.1206856144604","1","0.05","0","1000.0727772165858","0.047908397874607545","false"
"Specification-ModerateRiskAversion__Cost-1__Fee-British__ExitFees-AllUnilateralExits__Starts-50","3","71","0","P","7","14","P Offer","P Liability Signal: 8;P Files: 1;D Answers: 1;P Abandons: 2","8,1,1,2","0.10618","false","1000.1206856144604","1000.1206856144604","2","0.15","0","1000.0836076084084","0.037078006051956436","false"
"Specification-ModerateRiskAversion__Cost-1__Fee-British__ExitFees-AllUnilateralExits__Starts-50","3","71","0","P","7","14","P Offer","P Liability Signal: 8;P Files: 1;D Answers: 1;P Abandons: 2","8,1,1,2","0.10618","false","1000.1206856144604","1000.1206856144604","3","0.25","0","1000.0870130824205","0.033672532039872749","false"
"Specification-ModerateRiskAversion__Cost-1__Fee-British__ExitFees-AllUnilateralExits__Starts-50","3","71","0","P","7","14","P Offer","P Liability Signal: 8;P Files: 1;D Answers: 1;P Abandons: 2","8,1,1,2","0.10618","false","1000.1206856144604","1000.1206856144604","4","0.35","0","1000.0941131994045","0.026572415055852616","false"
"Specification-ModerateRiskAversion__Cost-1__Fee-British__ExitFees-AllUnilateralExits__Starts-50","3","71","0","P","7","14","P Offer","P Liability Signal: 8;P Files: 1;D Answers: 1;P Abandons: 2","8,1,1,2","0.10618","false","1000.1206856144604","1000.1206856144604","5","0.45","0","1000.1005416837006","0.020143930759786599","false"
"Specification-ModerateRiskAversion__Cost-1__Fee-British__ExitFees-AllUnilateralExits__Starts-50","3","71","0","P","7","14","P Offer","P Liability Signal: 8;P Files: 1;D Answers: 1;P Abandons: 2","8,1,1,2","0.10618","false","1000.1206856144604","1000.1206856144604","6","0.55","0","1000.1063540838774","0.014331530583035601","false"
"Specification-ModerateRiskAversion__Cost-1__Fee-British__ExitFees-AllUnilateralExits__Starts-50","3","71","0","P","7","14","P Offer","P Liability Signal: 8;P Files: 1;D Answers: 1;P Abandons: 2","8,1,1,2","0.10618","false","1000.1206856144604","1000.1206856144604","7","0.65","0","1000.1116160482421","0.0090695662182724845","false"
"Specification-ModerateRiskAversion__Cost-1__Fee-British__ExitFees-AllUnilateralExits__Starts-50","3","71","0","P","7","14","P Offer","P Liability Signal: 8;P Files: 1;D Answers: 1;P Abandons: 2","8,1,1,2","0.10618","false","1000.1206856144604","1000.1206856144604","8","0.75","0","1000.1163780754938","0.0043075389666000774","false"
"Specification-ModerateRiskAversion__Cost-1__Fee-British__ExitFees-AllUnilateralExits__Starts-50","3","71","0","P","7","14","P Offer","P Liability Signal: 8;P Files: 1;D Answers: 1;P Abandons: 2","8,1,1,2","0.10618","false","1000.1206856144604","1000.1206856144604","9","0.85","1","1000.1206856144604","0","true"
"Specification-ModerateRiskAversion__Cost-1__Fee-British__ExitFees-AllUnilateralExits__Starts-50","3","71","0","P","7","14","P Offer","P Liability Signal: 8;P Files: 1;D Answers: 1;P Abandons: 2","8,1,1,2","0.10618","false","1000.1206856144604","1000.1206856144604","10","0.95","0","1000.0603925093773","0.060293105083133014","false"
"Specification-ModerateRiskAversion__Cost-1__Fee-British__ExitFees-AllUnilateralExits__Starts-50","3","72","0","P","2","9","P Files","P Liability Signal: 9","9","0.097680000000000003","false","1000.1320257252332","1000.1320257252332","1","Yes","1","1000.1320257252332","0","true"
"Specification-ModerateRiskAversion__Cost-1__Fee-British__ExitFees-AllUnilateralExits__Starts-50","3","72","0","P","2","9","P Files","P Liability Signal: 9","9","0.097680000000000003","false","1000.1320257252332","1000.1320257252332","2","No","0","999.99999691359994","0.13202881163329039","false"
"Specification-ModerateRiskAversion__Cost-1__Fee-British__ExitFees-AllUnilateralExits__Starts-50","3","73","0","P","5","20","P Abandons","P Liability Signal: 9;P Files: 1;D Answers: 1","9,1,1","0.097680000000000003","false","1000.1320257252332","1000.1320257252332","1","Yes","0","1000.0812272935109","0.050798431722341775","false"
"Specification-ModerateRiskAversion__Cost-1__Fee-British__ExitFees-AllUnilateralExits__Starts-50","3","73","0","P","5","20","P Abandons","P Liability Signal: 9;P Files: 1;D Answers: 1","9,1,1","0.097680000000000003","false","1000.1320257252332","1000.1320257252332","2","No","1","1000.1320257252332","0","true"
"Specification-ModerateRiskAversion__Cost-1__Fee-British__ExitFees-AllUnilateralExits__Starts-50","3","74","0","P","7","14","P Offer","P Liability Signal: 9;P Files: 1;D Answers: 1;P Abandons: 1","9,1,1,1","0","true","","","1","0.05","0.10000000000000001","","",""
"Specification-ModerateRiskAversion__Cost-1__Fee-British__ExitFees-AllUnilateralExits__Starts-50","3","74","0","P","7","14","P Offer","P Liability Signal: 9;P Files: 1;D Answers: 1;P Abandons: 1","9,1,1,1","0","true","","","2","0.15","0.10000000000000001","","",""
"Specification-ModerateRiskAversion__Cost-1__Fee-British__ExitFees-AllUnilateralExits__Starts-50","3","74","0","P","7","14","P Offer","P Liability Signal: 9;P Files: 1;D Answers: 1;P Abandons: 1","9,1,1,1","0","true","","","3","0.25","0.10000000000000001","","",""
"Specification-ModerateRiskAversion__Cost-1__Fee-British__ExitFees-AllUnilateralExits__Starts-50","3","74","0","P","7","14","P Offer","P Liability Signal: 9;P Files: 1;D Answers: 1;P Abandons: 1","9,1,1,1","0","true","","","4","0.35","0.10000000000000001","","",""
"Specification-ModerateRiskAversion__Cost-1__Fee-British__ExitFees-AllUnilateralExits__Starts-50","3","74","0","P","7","14","P Offer","P Liability Signal: 9;P Files: 1;D Answers: 1;P Abandons: 1","9,1,1,1","0","true","","","5","0.45","0.10000000000000001","","",""
"Specification-ModerateRiskAversion__Cost-1__Fee-British__ExitFees-AllUnilateralExits__Starts-50","3","74","0","P","7","14","P Offer","P Liability Signal: 9;P Files: 1;D Answers: 1;P Abandons: 1","9,1,1,1","0","true","","","6","0.55","0.10000000000000001","","",""
"Specification-ModerateRiskAversion__Cost-1__Fee-British__ExitFees-AllUnilateralExits__Starts-50","3","74","0","P","7","14","P Offer","P Liability Signal: 9;P Files: 1;D Answers: 1;P Abandons: 1","9,1,1,1","0","true","","","7","0.65","0.10000000000000001","","",""
"Specification-ModerateRiskAversion__Cost-1__Fee-British__ExitFees-AllUnilateralExits__Starts-50","3","74","0","P","7","14","P Offer","P Liability Signal: 9;P Files: 1;D Answers: 1;P Abandons: 1","9,1,1,1","0","true","","","8","0.75","0.10000000000000001","","",""
"Specification-ModerateRiskAversion__Cost-1__Fee-British__ExitFees-AllUnilateralExits__Starts-50","3","74","0","P","7","14","P Offer","P Liability Signal: 9;P Files: 1;D Answers: 1;P Abandons: 1","9,1,1,1","0","true","","","9","0.85","0.10000000000000001","","",""
"Specification-ModerateRiskAversion__Cost-1__Fee-British__ExitFees-AllUnilateralExits__Starts-50","3","74","0","P","7","14","P Offer","P Liability Signal: 9;P Files: 1;D Answers: 1;P Abandons: 1","9,1,1,1","0","true","","","10","0.95","0.10000000000000001","","",""
"Specification-ModerateRiskAversion__Cost-1__Fee-British__ExitFees-AllUnilateralExits__Starts-50","3","75","0","P","7","14","P Offer","P Liability Signal: 9;P Files: 1;D Answers: 1;P Abandons: 2","9,1,1,2","0.097680000000000003","false","1000.1320257252332","1000.1320257252332","1","0.05","0","1000.0775281835226","0.054497541710588848","false"
"Specification-ModerateRiskAversion__Cost-1__Fee-British__ExitFees-AllUnilateralExits__Starts-50","3","75","0","P","7","14","P Offer","P Liability Signal: 9;P Files: 1;D Answers: 1;P Abandons: 2","9,1,1,2","0.097680000000000003","false","1000.1320257252332","1000.1320257252332","2","0.15","0","1000.0879065350435","0.044119190189690016","false"
"Specification-ModerateRiskAversion__Cost-1__Fee-British__ExitFees-AllUnilateralExits__Starts-50","3","75","0","P","7","14","P Offer","P Liability Signal: 9;P Files: 1;D Answers: 1;P Abandons: 2","9,1,1,2","0.097680000000000003","false","1000.1320257252332","1000.1320257252332","3","0.25","0","1000.0966218866281","0.035403838605134297","false"
"Specification-ModerateRiskAversion__Cost-1__Fee-British__ExitFees-AllUnilateralExits__Starts-50","3","75","0","P","7","14","P Offer","P Liability Signal: 9;P Files: 1;D Answers: 1;P Abandons: 2","9,1,1,2","0.097680000000000003","false","1000.1320257252332","1000.1320257252332","4","0.35","0","1000.1040870631548","0.027938662078440757","false"
"Specification-ModerateRiskAversion__Cost-1__Fee-British__ExitFees-AllUnilateralExits__Starts-50","3","75","0","P","7","14","P Offer","P Liability Signal: 9;P Files: 1;D Answers: 1;P Abandons: 2","9,1,1,2","0.097680000000000003","false","1000.1320257252332","1000.1320257252332","5","0.45","0","1000.1108460743343","0.021179650898943692","false"
"Specification-ModerateRiskAversion__Cost-1__Fee-British__ExitFees-AllUnilateralExits__Starts-50","3","75","0","P","7","14","P Offer","P Liability Signal: 9;P Files: 1;D Answers: 1;P Abandons: 2","9,1,1,2","0.097680000000000003","false","1000.1320257252332","1000.1320257252332","6","0.55","0","1000.1169573248193","0.015068400413952077","false"
"Specification-ModerateRiskAversion__Cost-1__Fee-British__ExitFees-AllUnilateralExits__Starts-50","3","75","0","P","7","14","P Offer","P Liability Signal: 9;P Files: 1;D Answers: 1;P Abandons: 2","9,1,1,2","0.097680000000000003","false","1000.1320257252332","1000.1320257252332","7","0.65","0","1000.1224898382907","0.0095358869425581361","false"
"Specification-ModerateRiskAversion__Cost-1__Fee-British__ExitFees-AllUnilateralExits__Starts-50","3","75","0","P","7","14","P Offer","P Liability Signal: 9;P Files: 1;D Answers: 1;P Abandons: 2","9,1,1,2","0.097680000000000003","false","1000.1320257252332","1000.1320257252332","8","0.75","0","1000.1274967098869","0.0045290153462929084","false"
"Specification-ModerateRiskAversion__Cost-1__Fee-British__ExitFees-AllUnilateralExits__Starts-50","3","75","0","P","7","14","P Offer","P Liability Signal: 9;P Files: 1;D Answers: 1;P Abandons: 2","9,1,1,2","0.097680000000000003","false","1000.1320257252332","1000.1320257252332","9","0.85","1","1000.1320257252332","0","true"
"Specification-ModerateRiskAversion__Cost-1__Fee-British__ExitFees-AllUnilateralExits__Starts-50","3","75","0","P","7","14","P Offer","P Liability Signal: 9;P Files: 1;D Answers: 1;P Abandons: 2","9,1,1,2","0.097680000000000003","false","1000.1320257252332","1000.1320257252332","10","0.95","0","1000.0960672210067","0.035958504226528021","false"
"Specification-ModerateRiskAversion__Cost-1__Fee-British__ExitFees-AllUnilateralExits__Starts-50","3","76","0","P","2","9","P Files","P Liability Signal: 10","10","0.080430000000000001","false","1000.1370225404396","1000.1370225404396","1","Yes","1","1000.1370225404396","0","true"
"Specification-ModerateRiskAversion__Cost-1__Fee-British__ExitFees-AllUnilateralExits__Starts-50","3","76","0","P","2","9","P Files","P Liability Signal: 10","10","0.080430000000000001","false","1000.1370225404396","1000.1370225404396","2","No","0","999.99999691359994","0.1370256268396588","false"
"Specification-ModerateRiskAversion__Cost-1__Fee-British__ExitFees-AllUnilateralExits__Starts-50","3","77","0","P","5","20","P Abandons","P Liability Signal: 10;P Files: 1;D Answers: 1","10,1,1","0.080430000000000001","false","1000.1370225404396","1000.1370225404396","1","Yes","0","1000.0862142469848","0.050808293454792874","false"
"Specification-ModerateRiskAversion__Cost-1__Fee-British__ExitFees-AllUnilateralExits__Starts-50","3","77","0","P","5","20","P Abandons","P Liability Signal: 10;P Files: 1;D Answers: 1","10,1,1","0.080430000000000001","false","1000.1370225404396","1000.1370225404396","2","No","1","1000.1370225404396","0","true"
"Specification-ModerateRiskAversion__Cost-1__Fee-British__ExitFees-AllUnilateralExits__Starts-50","3","78","0","P","7","14","P Offer","P Liability Signal: 10;P Files: 1;D Answers: 1;P Abandons: 1","10,1,1,1","0","true","","","1","0.05","0.10000000000000001","","",""
"Specification-ModerateRiskAversion__Cost-1__Fee-British__ExitFees-AllUnilateralExits__Starts-50","3","78","0","P","7","14","P Offer","P Liability Signal: 10;P Files: 1;D Answers: 1;P Abandons: 1","10,1,1,1","0","true","","","2","0.15","0.10000000000000001","","",""
"Specification-ModerateRiskAversion__Cost-1__Fee-British__ExitFees-AllUnilateralExits__Starts-50","3","78","0","P","7","14","P Offer","P Liability Signal: 10;P Files: 1;D Answers: 1;P Abandons: 1","10,1,1,1","0","true","","","3","0.25","0.10000000000000001","","",""
"Specification-ModerateRiskAversion__Cost-1__Fee-British__ExitFees-AllUnilateralExits__Starts-50","3","78","0","P","7","14","P Offer","P Liability Signal: 10;P Files: 1;D Answers: 1;P Abandons: 1","10,1,1,1","0","true","","","4","0.35","0.10000000000000001","","",""
"Specification-ModerateRiskAversion__Cost-1__Fee-British__ExitFees-AllUnilateralExits__Starts-50","3","78","0","P","7","14","P Offer","P Liability Signal: 10;P Files: 1;D Answers: 1;P Abandons: 1","10,1,1,1","0","true","","","5","0.45","0.10000000000000001","","",""
"Specification-ModerateRiskAversion__Cost-1__Fee-British__ExitFees-AllUnilateralExits__Starts-50","3","78","0","P","7","14","P Offer","P Liability Signal: 10;P Files: 1;D Answers: 1;P Abandons: 1","10,1,1,1","0","true","","","6","0.55","0.10000000000000001","","",""
"Specification-ModerateRiskAversion__Cost-1__Fee-British__ExitFees-AllUnilateralExits__Starts-50","3","78","0","P","7","14","P Offer","P Liability Signal: 10;P Files: 1;D Answers: 1;P Abandons: 1","10,1,1,1","0","true","","","7","0.65","0.10000000000000001","","",""
"Specification-ModerateRiskAversion__Cost-1__Fee-British__ExitFees-AllUnilateralExits__Starts-50","3","78","0","P","7","14","P Offer","P Liability Signal: 10;P Files: 1;D Answers: 1;P Abandons: 1","10,1,1,1","0","true","","","8","0.75","0.10000000000000001","","",""
"Specification-ModerateRiskAversion__Cost-1__Fee-British__ExitFees-AllUnilateralExits__Starts-50","3","78","0","P","7","14","P Offer","P Liability Signal: 10;P Files: 1;D Answers: 1;P Abandons: 1","10,1,1,1","0","true","","","9","0.85","0.10000000000000001","","",""
"Specification-ModerateRiskAversion__Cost-1__Fee-British__ExitFees-AllUnilateralExits__Starts-50","3","78","0","P","7","14","P Offer","P Liability Signal: 10;P Files: 1;D Answers: 1;P Abandons: 1","10,1,1,1","0","true","","","10","0.95","0.10000000000000001","","",""
"Specification-ModerateRiskAversion__Cost-1__Fee-British__ExitFees-AllUnilateralExits__Starts-50","3","79","0","P","7","14","P Offer","P Liability Signal: 10;P Files: 1;D Answers: 1;P Abandons: 2","10,1,1,2","0.080430000000000001","false","1000.1370225404396","1000.1370225404396","1","0.05","0","1000.0802020945624","0.056820445877178827","false"
"Specification-ModerateRiskAversion__Cost-1__Fee-British__ExitFees-AllUnilateralExits__Starts-50","3","79","0","P","7","14","P Offer","P Liability Signal: 10;P Files: 1;D Answers: 1;P Abandons: 2","10,1,1,2","0.080430000000000001","false","1000.1370225404396","1000.1370225404396","2","0.15","0","1000.0903260314415","0.046696508998138597","false"
"Specification-ModerateRiskAversion__Cost-1__Fee-British__ExitFees-AllUnilateralExits__Starts-50","3","79","0","P","7","14","P Offer","P Liability Signal: 10;P Files: 1;D Answers: 1;P Abandons: 2","10,1,1,2","0.080430000000000001","false","1000.1370225404396","1000.1370225404396","3","0.25","0","1000.1006442981392","0.03637824230042952","false"
"Specification-ModerateRiskAversion__Cost-1__Fee-British__ExitFees-AllUnilateralExits__Starts-50","3","79","0","P","7","14","P Offer","P Liability Signal: 10;P Files: 1;D Answers: 1;P Abandons: 2","10,1,1,2","0.080430000000000001","false","1000.1370225404396","1000.1370225404396","4","0.35","0","1000.1083149353129","0.028707605126669478","false"
"Specification-ModerateRiskAversion__Cost-1__Fee-British__ExitFees-AllUnilateralExits__Starts-50","3","79","0","P","7","14","P Offer","P Liability Signal: 10;P Files: 1;D Answers: 1;P Abandons: 2","10,1,1,2","0.080430000000000001","false","1000.1370225404396","1000.1370225404396","5","0.45","0","1000.1152599716729","0.021762568766689583","false"
"Specification-ModerateRiskAversion__Cost-1__Fee-British__ExitFees-AllUnilateralExits__Starts-50","3","79","0","P","7","14","P Offer","P Liability Signal: 10;P Files: 1;D Answers: 1;P Abandons: 2","10,1,1,2","0.080430000000000001","false","1000.1370225404396","1000.1370225404396","6","0.55","0","1000.1215394193166","0.015483121122997545","false"
"Specification-ModerateRiskAversion__Cost-1__Fee-British__ExitFees-AllUnilateralExits__Starts-50","3","79","0","P","7","14","P Offer","P Liability Signal: 10;P Files: 1;D Answers: 1;P Abandons: 2","10,1,1,2","0.080430000000000001","false","1000.1370225404396","1000.1370225404396","7","0.65","0","1000.1272242016317","0.0097983388078546341","false"
"Specification-ModerateRiskAversion__Cost-1__Fee-British__ExitFees-AllUnilateralExits__Starts-50","3","79","0","P","7","14","P Offer","P Liability Signal: 10;P Files: 1;D Answers: 1;P Abandons: 2","10,1,1,2","0.080430000000000001","false","1000.1370225404396","1000.1370225404396","8","0.75","0","1000.1323688750703","0.0046536653693465269","false"
"Specification-ModerateRiskAversion__Cost-1__Fee-British__ExitFees-AllUnilateralExits__Starts-50","3","79","0","P","7","14","P Offer","P Liability Signal: 10;P Files: 1;D Answers: 1;P Abandons: 2","10,1,1,2","0.080430000000000001","false","1000.1370225404396","1000.1370225404396","9","0.85","1","1000.1370225404396","0","true"
"Specification-ModerateRiskAversion__Cost-1__Fee-British__ExitFees-AllUnilateralExits__Starts-50","3","79","0","P","7","14","P Offer","P Liability Signal: 10;P Files: 1;D Answers: 1;P Abandons: 2","10,1,1,2","0.080430000000000001","false","1000.1370225404396","1000.1370225404396","10","0.95","0","1000.118319614279","0.018702926160585776","false"
"Specification-ModerateRiskAversion__Cost-1__Fee-British__ExitFees-AllUnilateralExits__Starts-50","3","1","1","D","3","10","D Answers","D Liability Signal: 1;P Files: 1","1,1","0.080450619999999987","false","999.80528364420047","999.80528364420047","1","Yes","1","999.80528364420047","0","true"
"Specification-ModerateRiskAversion__Cost-1__Fee-British__ExitFees-AllUnilateralExits__Starts-50","3","1","1","D","3","10","D Answers","D Liability Signal: 1;P Files: 1","1,1","0.080450619999999987","false","999.80528364420047","999.80528364420047","2","No","0","998.32565936319997","1.4796242810004969","false"
"Specification-ModerateRiskAversion__Cost-1__Fee-British__ExitFees-AllUnilateralExits__Starts-50","3","3","1","D","6","21","D Defaults","D Liability Signal: 1;P Files: 1;D Answers: 1","1,1,1","0.08045062","false","999.80528364420036","999.80528364420036","1","Yes","0","999.39343603433258","0.41184760986777746","false"
"Specification-ModerateRiskAversion__Cost-1__Fee-British__ExitFees-AllUnilateralExits__Starts-50","3","3","1","D","6","21","D Defaults","D Liability Signal: 1;P Files: 1;D Answers: 1","1,1,1","0.08045062","false","999.80528364420036","999.80528364420036","2","No","1","999.80528364420036","0","true"
"Specification-ModerateRiskAversion__Cost-1__Fee-British__ExitFees-AllUnilateralExits__Starts-50","3","5","1","D","8","15","D Offer","D Liability Signal: 1;P Files: 1;D Answers: 1;D Defaults: 1","1,1,1,1","0","true","","","1","0.05","0.10000000000000001","","",""
"Specification-ModerateRiskAversion__Cost-1__Fee-British__ExitFees-AllUnilateralExits__Starts-50","3","5","1","D","8","15","D Offer","D Liability Signal: 1;P Files: 1;D Answers: 1;D Defaults: 1","1,1,1,1","0","true","","","2","0.15","0.10000000000000001","","",""
"Specification-ModerateRiskAversion__Cost-1__Fee-British__ExitFees-AllUnilateralExits__Starts-50","3","5","1","D","8","15","D Offer","D Liability Signal: 1;P Files: 1;D Answers: 1;D Defaults: 1","1,1,1,1","0","true","","","3","0.25","0.10000000000000001","","",""
"Specification-ModerateRiskAversion__Cost-1__Fee-British__ExitFees-AllUnilateralExits__Starts-50","3","5","1","D","8","15","D Offer","D Liability Signal: 1;P Files: 1;D Answers: 1;D Defaults: 1","1,1,1,1","0","true","","","4","0.35","0.10000000000000001","","",""
"Specification-ModerateRiskAversion__Cost-1__Fee-British__ExitFees-AllUnilateralExits__Starts-50","3","5","1","D","8","15","D Offer","D Liability Signal: 1;P Files: 1;D Answers: 1;D Defaults: 1","1,1,1,1","0","true","","","5","0.45","0.10000000000000001","","",""
"Specification-ModerateRiskAversion__Cost-1__Fee-British__ExitFees-AllUnilateralExits__Starts-50","3","5","1","D","8","15","D Offer","D Liability Signal: 1;P Files: 1;D Answers: 1;D Defaults: 1","1,1,1,1","0","true","","","6","0.55","0.10000000000000001","","",""
"Specification-ModerateRiskAversion__Cost-1__Fee-British__ExitFees-AllUnilateralExits__Starts-50","3","5","1","D","8","15","D Offer","D Liability Signal: 1;P Files: 1;D Answers: 1;D Defaults: 1","1,1,1,1","0","true","","","7","0.65","0.10000000000000001","","",""
"Specification-ModerateRiskAversion__Cost-1__Fee-British__ExitFees-AllUnilateralExits__Starts-50","3","5","1","D","8","15","D Offer","D Liability Signal: 1;P Files: 1;D Answers: 1;D Defaults: 1","1,1,1,1","0","true","","","8","0.75","0.10000000000000001","","",""
"Specification-ModerateRiskAversion__Cost-1__Fee-British__ExitFees-AllUnilateralExits__Starts-50","3","5","1","D","8","15","D Offer","D Liability Signal: 1;P Files: 1;D Answers: 1;D Defaults: 1","1,1,1,1","0","true","","","9","0.85","0.10000000000000001","","",""
"Specification-ModerateRiskAversion__Cost-1__Fee-British__ExitFees-AllUnilateralExits__Starts-50","3","5","1","D","8","15","D Offer","D Liability Signal: 1;P Files: 1;D Answers: 1;D Defaults: 1","1,1,1,1","0","true","","","10","0.95","0.10000000000000001","","",""
"Specification-ModerateRiskAversion__Cost-1__Fee-British__ExitFees-AllUnilateralExits__Starts-50","3","6","1","D","8","15","D Offer","D Liability Signal: 1;P Files: 1;D Answers: 1;D Defaults: 2","1,1,1,2","0.08045062","false","999.80528364420036","999.80528364420036","1","0.05","0","999.63091045603812","0.17437318816223524","false"
"Specification-ModerateRiskAversion__Cost-1__Fee-British__ExitFees-AllUnilateralExits__Starts-50","3","6","1","D","8","15","D Offer","D Liability Signal: 1;P Files: 1;D Answers: 1;D Defaults: 2","1,1,1,2","0.08045062","false","999.80528364420036","999.80528364420036","2","0.15","1","999.80528364420036","0","true"
"Specification-ModerateRiskAversion__Cost-1__Fee-British__ExitFees-AllUnilateralExits__Starts-50","3","6","1","D","8","15","D Offer","D Liability Signal: 1;P Files: 1;D Answers: 1;D Defaults: 2","1,1,1,2","0.08045062","false","999.80528364420036","999.80528364420036","3","0.25","0","999.77143647845764","0.033847165742713514","false"
"Specification-ModerateRiskAversion__Cost-1__Fee-British__ExitFees-AllUnilateralExits__Starts-50","3","6","1","D","8","15","D Offer","D Liability Signal: 1;P Files: 1;D Answers: 1;D Defaults: 2","1,1,1,2","0.08045062","false","999.80528364420036","999.80528364420036","4","0.35","0","999.73401809944767","0.071265544752691312","false"
"Specification-ModerateRiskAversion__Cost-1__Fee-British__ExitFees-AllUnilateralExits__Starts-50","3","6","1","D","8","15","D Offer","D Liability Signal: 1;P Files: 1;D Answers: 1;D Defaults: 2","1,1,1,2","0.08045062","false","999.80528364420036","999.80528364420036","5","0.45","0","999.69267138584382","0.11261225835653477","false"
"Specification-ModerateRiskAversion__Cost-1__Fee-British__ExitFees-AllUnilateralExits__Starts-50","3","6","1","D","8","15","D Offer","D Liability Signal: 1;P Files: 1;D Answers: 1;D Defaults: 2","1,1,1,2","0.08045062","false","999.80528364420036","999.80528364420036","6","0.55","0","999.64699953617207","0.1582841080282833","false"
"Specification-ModerateRiskAversion__Cost-1__Fee-British__ExitFees-AllUnilateralExits__Starts-50","3","6","1","D","8","15","D Offer","D Liability Signal: 1;P Files: 1;D Answers: 1;D Defaults: 2","1,1,1,2","0.08045062","false","999.80528364420036","999.80528364420036","7","0.65","0","999.59648670851618","0.20879693568417679","false"
"Specification-ModerateRiskAversion__Cost-1__Fee-British__ExitFees-AllUnilateralExits__Starts-50","3","6","1","D","8","15","D Offer","D Liability Signal: 1;P Files: 1;D Answers: 1;D Defaults: 2","1,1,1,2","0.08045062","false","999.80528364420036","999.80528364420036","8","0.75","0","999.54069642125432","0.26458722294603376","false"
"Specification-ModerateRiskAversion__Cost-1__Fee-British__ExitFees-AllUnilateralExits__Starts-50","3","6","1","D","8","15","D Offer","D Liability Signal: 1;P Files: 1;D Answers: 1;D Defaults: 2","1,1,1,2","0.08045062","false","999.80528364420036","999.80528364420036","9","0.85","0","999.4649428671072","0.3403407770931608","false"
"Specification-ModerateRiskAversion__Cost-1__Fee-British__ExitFees-AllUnilateralExits__Starts-50","3","6","1","D","8","15","D Offer","D Liability Signal: 1;P Files: 1;D Answers: 1;D Defaults: 2","1,1,1,2","0.08045062","false","999.80528364420036","999.80528364420036","10","0.95","0","999.38903440895263","0.41624923524773294","false"
"Specification-ModerateRiskAversion__Cost-1__Fee-British__ExitFees-AllUnilateralExits__Starts-50","3","8","1","D","3","10","D Answers","D Liability Signal: 2;P Files: 1","2,1","0.097678261199999991","false","999.75175067010935","999.75175067010935","1","Yes","1","999.75175067010935","0","true"
"Specification-ModerateRiskAversion__Cost-1__Fee-British__ExitFees-AllUnilateralExits__Starts-50","3","8","1","D","3","10","D Answers","D Liability Signal: 2;P Files: 1","2,1","0.097678261199999991","false","999.75175067010935","999.75175067010935","2","No","0","998.32565936320009","1.4260913069092567","false"
"Specification-ModerateRiskAversion__Cost-1__Fee-British__ExitFees-AllUnilateralExits__Starts-50","3","9","1","D","6","21","D Defaults","D Liability Signal: 2;P Files: 1;D Answers: 1","2,1,1","0.097678261199999991","false","999.75175067010935","999.75175067010935","1","Yes","0","999.34954685499076","0.4022038151185825","false"
"Specification-ModerateRiskAversion__Cost-1__Fee-British__ExitFees-AllUnilateralExits__Starts-50","3","9","1","D","6","21","D Defaults","D Liability Signal: 2;P Files: 1;D Answers: 1","2,1,1","0.097678261199999991","false","999.75175067010935","999.75175067010935","2","No","1","999.75175067010935","0","true"
"Specification-ModerateRiskAversion__Cost-1__Fee-British__ExitFees-AllUnilateralExits__Starts-50","3","10","1","D","8","15","D Offer","D Liability Signal: 2;P Files: 1;D Answers: 1;D Defaults: 1","2,1,1,1","0","true","","","1","0.05","0.10000000000000001","","",""
"Specification-ModerateRiskAversion__Cost-1__Fee-British__ExitFees-AllUnilateralExits__Starts-50","3","10","1","D","8","15","D Offer","D Liability Signal: 2;P Files: 1;D Answers: 1;D Defaults: 1","2,1,1,1","0","true","","","2","0.15","0.10000000000000001","","",""
"Specification-ModerateRiskAversion__Cost-1__Fee-British__ExitFees-AllUnilateralExits__Starts-50","3","10","1","D","8","15","D Offer","D Liability Signal: 2;P Files: 1;D Answers: 1;D Defaults: 1","2,1,1,1","0","true","","","3","0.25","0.10000000000000001","","",""
"Specification-ModerateRiskAversion__Cost-1__Fee-British__ExitFees-AllUnilateralExits__Starts-50","3","10","1","D","8","15","D Offer","D Liability Signal: 2;P Files: 1;D Answers: 1;D Defaults: 1","2,1,1,1","0","true","","","4","0.35","0.10000000000000001","","",""
"Specification-ModerateRiskAversion__Cost-1__Fee-British__ExitFees-AllUnilateralExits__Starts-50","3","10","1","D","8","15","D Offer","D Liability Signal: 2;P Files: 1;D Answers: 1;D Defaults: 1","2,1,1,1","0","true","","","5","0.45","0.10000000000000001","","",""
"Specification-ModerateRiskAversion__Cost-1__Fee-British__ExitFees-AllUnilateralExits__Starts-50","3","10","1","D","8","15","D Offer","D Liability Signal: 2;P Files: 1;D Answers: 1;D Defaults: 1","2,1,1,1","0","true","","","6","0.55","0.10000000000000001","","",""
"Specification-ModerateRiskAversion__Cost-1__Fee-British__ExitFees-AllUnilateralExits__Starts-50","3","10","1","D","8","15","D Offer","D Liability Signal: 2;P Files: 1;D Answers: 1;D Defaults: 1","2,1,1,1","0","true","","","7","0.65","0.10000000000000001","","",""
"Specification-ModerateRiskAversion__Cost-1__Fee-British__ExitFees-AllUnilateralExits__Starts-50","3","10","1","D","8","15","D Offer","D Liability Signal: 2;P Files: 1;D Answers: 1;D Defaults: 1","2,1,1,1","0","true","","","8","0.75","0.10000000000000001","","",""
"Specification-ModerateRiskAversion__Cost-1__Fee-British__ExitFees-AllUnilateralExits__Starts-50","3","10","1","D","8","15","D Offer","D Liability Signal: 2;P Files: 1;D Answers: 1;D Defaults: 1","2,1,1,1","0","true","","","9","0.85","0.10000000000000001","","",""
"Specification-ModerateRiskAversion__Cost-1__Fee-British__ExitFees-AllUnilateralExits__Starts-50","3","10","1","D","8","15","D Offer","D Liability Signal: 2;P Files: 1;D Answers: 1;D Defaults: 1","2,1,1,1","0","true","","","10","0.95","0.10000000000000001","","",""
"Specification-ModerateRiskAversion__Cost-1__Fee-British__ExitFees-AllUnilateralExits__Starts-50","3","11","1","D","8","15","D Offer","D Liability Signal: 2;P Files: 1;D Answers: 1;D Defaults: 2","2,1,1,2","0.097678261199999991","false","999.75175067010935","999.75175067010935","1","0.05","0","999.45566967012132","0.29608099998802118","false"
"Specification-ModerateRiskAversion__Cost-1__Fee-British__ExitFees-AllUnilateralExits__Starts-50","3","11","1","D","8","15","D Offer","D Liability Signal: 2;P Files: 1;D Answers: 1;D Defaults: 2","2,1,1,2","0.097678261199999991","false","999.75175067010935","999.75175067010935","2","0.15","1","999.75175067010935","0","true"
"Specification-ModerateRiskAversion__Cost-1__Fee-British__ExitFees-AllUnilateralExits__Starts-50","3","11","1","D","8","15","D Offer","D Liability Signal: 2;P Files: 1;D Answers: 1;D Defaults: 2","2,1,1,2","0.097678261199999991","false","999.75175067010935","999.75175067010935","3","0.25","0","999.71900593058865","0.032744739520694566","false"
"Specification-ModerateRiskAversion__Cost-1__Fee-British__ExitFees-AllUnilateralExits__Starts-50","3","11","1","D","8","15","D Offer","D Liability Signal: 2;P Files: 1;D Answers: 1;D Defaults: 2","2,1,1,2","0.097678261199999991","false","999.75175067010935","999.75175067010935","4","0.35","0","999.68280629475305","0.068944375356295495","false"
"Specification-ModerateRiskAversion__Cost-1__Fee-British__ExitFees-AllUnilateralExits__Starts-50","3","11","1","D","8","15","D Offer","D Liability Signal: 2;P Files: 1;D Answers: 1;D Defaults: 2","2,1,1,2","0.097678261199999991","false","999.75175067010935","999.75175067010935","5","0.45","0","999.64280627297035","0.10894439713899828","false"
"Specification-ModerateRiskAversion__Cost-1__Fee-British__ExitFees-AllUnilateralExits__Starts-50","3","11","1","D","8","15","D Offer","D Liability Signal: 2;P Files: 1;D Answers: 1;D Defaults: 2","2,1,1,2","0.097678261199999991","false","999.75175067010935","999.75175067010935","6","0.55","0","999.59862198787289","0.15312868223645637","false"
"Specification-ModerateRiskAversion__Cost-1__Fee-British__ExitFees-AllUnilateralExits__Starts-50","3","11","1","D","8","15","D Offer","D Liability Signal: 2;P Files: 1;D Answers: 1;D Defaults: 2","2,1,1,2","0.097678261199999991","false","999.75175067010935","999.75175067010935","7","0.65","0","999.5497543988813","0.20199627122804031","false"
"Specification-ModerateRiskAversion__Cost-1__Fee-British__ExitFees-AllUnilateralExits__Starts-50","3","11","1","D","8","15","D Offer","D Liability Signal: 2;P Files: 1;D Answers: 1;D Defaults: 2","2,1,1,2","0.097678261199999991","false","999.75175067010935","999.75175067010935","8","0.75","0","999.49578124089066","0.25596942921868049","false"
"Specification-ModerateRiskAversion__Cost-1__Fee-British__ExitFees-AllUnilateralExits__Starts-50","3","11","1","D","8","15","D Offer","D Liability Signal: 2;P Files: 1;D Answers: 1;D Defaults: 2","2,1,1,2","0.097678261199999991","false","999.75175067010935","999.75175067010935","9","0.85","0","999.44354442518375","0.3082062449256","false"
"Specification-ModerateRiskAversion__Cost-1__Fee-British__ExitFees-AllUnilateralExits__Starts-50","3","11","1","D","8","15","D Offer","D Liability Signal: 2;P Files: 1;D Answers: 1;D Defaults: 2","2,1,1,2","0.097678261199999991","false","999.75175067010935","999.75175067010935","10","0.95","0","999.36538588021415","0.38636478989519674","false"
"Specification-ModerateRiskAversion__Cost-1__Fee-British__ExitFees-AllUnilateralExits__Starts-50","3","12","1","D","3","10","D Answers","D Liability Signal: 3;P Files: 1","3,1","0.10618020860000001","false","999.63601686418292","999.63601686418292","1","Yes","1","999.63601686418292","0","true"
"Specification-ModerateRiskAversion__Cost-1__Fee-British__ExitFees-AllUnilateralExits__Starts-50","3","12","1","D","3","10","D Answers","D Liability Signal: 3;P Files: 1","3,1","0.10618020860000001","false","999.63601686418292","999.63601686418292","2","No","0","998.32565936319997","1.3103575009829456","false"
"Specification-ModerateRiskAversion__Cost-1__Fee-British__ExitFees-AllUnilateralExits__Starts-50","3","13","1","D","6","21","D Defaults","D Liability Signal: 3;P Files: 1;D Answers: 1","3,1,1","0.10618020859999999","false","999.63601686418303","999.63601686418303","1","Yes","0","999.27295881941461","0.36305804476842241","false"
"Specification-ModerateRiskAversion__Cost-1__Fee-British__ExitFees-AllUnilateralExits__Starts-50","3","13","1","D","6","21","D Defaults","D Liability Signal: 3;P Files: 1;D Answers: 1","3,1,1","0.10618020859999999","false","999.63601686418303","999.63601686418303","2","No","1","999.63601686418303","0","true"
"Specification-ModerateRiskAversion__Cost-1__Fee-British__ExitFees-AllUnilateralExits__Starts-50","3","14","1","D","8","15","D Offer","D Liability Signal: 3;P Files: 1;D Answers: 1;D Defaults: 1","3,1,1,1","0","true","","","1","0.05","0.10000000000000001","","",""
"Specification-ModerateRiskAversion__Cost-1__Fee-British__ExitFees-AllUnilateralExits__Starts-50","3","14","1","D","8","15","D Offer","D Liability Signal: 3;P Files: 1;D Answers: 1;D Defaults: 1","3,1,1,1","0","true","","","2","0.15","0.10000000000000001","","",""
"Specification-ModerateRiskAversion__Cost-1__Fee-British__ExitFees-AllUnilateralExits__Starts-50","3","14","1","D","8","15","D Offer","D Liability Signal: 3;P Files: 1;D Answers: 1;D Defaults: 1","3,1,1,1","0","true","","","3","0.25","0.10000000000000001","","",""
"Specification-ModerateRiskAversion__Cost-1__Fee-British__ExitFees-AllUnilateralExits__Starts-50","3","14","1","D","8","15","D Offer","D Liability Signal: 3;P Files: 1;D Answers: 1;D Defaults: 1","3,1,1,1","0","true","","","4","0.35","0.10000000000000001","","",""
"Specification-ModerateRiskAversion__Cost-1__Fee-British__ExitFees-AllUnilateralExits__Starts-50","3","14","1","D","8","15","D Offer","D Liability Signal: 3;P Files: 1;D Answers: 1;D Defaults: 1","3,1,1,1","0","true","","","5","0.45","0.10000000000000001","","",""
"Specification-ModerateRiskAversion__Cost-1__Fee-British__ExitFees-AllUnilateralExits__Starts-50","3","14","1","D","8","15","D Offer","D Liability Signal: 3;P Files: 1;D Answers: 1;D Defaults: 1","3,1,1,1","0","true","","","6","0.55","0.10000000000000001","","",""
"Specification-ModerateRiskAversion__Cost-1__Fee-British__ExitFees-AllUnilateralExits__Starts-50","3","14","1","D","8","15","D Offer","D Liability Signal: 3;P Files: 1;D Answers: 1;D Defaults: 1","3,1,1,1","0","true","","","7","0.65","0.10000000000000001","","",""
"Specification-ModerateRiskAversion__Cost-1__Fee-British__ExitFees-AllUnilateralExits__Starts-50","3","14","1","D","8","15","D Offer","D Liability Signal: 3;P Files: 1;D Answers: 1;D Defaults: 1","3,1,1,1","0","true","","","8","0.75","0.10000000000000001","","",""
"Specification-ModerateRiskAversion__Cost-1__Fee-British__ExitFees-AllUnilateralExits__Starts-50","3","14","1","D","8","15","D Offer","D Liability Signal: 3;P Files: 1;D Answers: 1;D Defaults: 1","3,1,1,1","0","true","","","9","0.85","0.10000000000000001","","",""
"Specification-ModerateRiskAversion__Cost-1__Fee-British__ExitFees-AllUnilateralExits__Starts-50","3","14","1","D","8","15","D Offer","D Liability Signal: 3;P Files: 1;D Answers: 1;D Defaults: 1","3,1,1,1","0","true","","","10","0.95","0.10000000000000001","","",""
"Specification-ModerateRiskAversion__Cost-1__Fee-British__ExitFees-AllUnilateralExits__Starts-50","3","15","1","D","8","15","D Offer","D Liability Signal: 3;P Files: 1;D Answers: 1;D Defaults: 2","3,1,1,2","0.10618020859999999","false","999.63601686418303","999.63601686418303","1","0.05","0","999.17429315314223","0.46172371104080412","false"
"Specification-ModerateRiskAversion__Cost-1__Fee-British__ExitFees-AllUnilateralExits__Starts-50","3","15","1","D","8","15","D Offer","D Liability Signal: 3;P Files: 1;D Answers: 1;D Defaults: 2","3,1,1,2","0.10618020859999999","false","999.63601686418303","999.63601686418303","2","0.15","1","999.63601686418303","0","true"
"Specification-ModerateRiskAversion__Cost-1__Fee-British__ExitFees-AllUnilateralExits__Starts-50","3","15","1","D","8","15","D Offer","D Liability Signal: 3;P Files: 1;D Answers: 1;D Defaults: 2","3,1,1,2","0.10618020859999999","false","999.63601686418303","999.63601686418303","3","0.25","0","999.60515337740151","0.030863486781527172","false"
"Specification-ModerateRiskAversion__Cost-1__Fee-British__ExitFees-AllUnilateralExits__Starts-50","3","15","1","D","8","15","D Offer","D Liability Signal: 3;P Files: 1;D Answers: 1;D Defaults: 2","3,1,1,2","0.10618020859999999","false","999.63601686418303","999.63601686418303","4","0.35","0","999.57103348521525","0.064983378967781391","false"
"Specification-ModerateRiskAversion__Cost-1__Fee-British__ExitFees-AllUnilateralExits__Starts-50","3","15","1","D","8","15","D Offer","D Liability Signal: 3;P Files: 1;D Answers: 1;D Defaults: 2","3,1,1,2","0.10618020859999999","false","999.63601686418303","999.63601686418303","5","0.45","0","999.53333154708343","0.10268531709959916","false"
"Specification-ModerateRiskAversion__Cost-1__Fee-British__ExitFees-AllUnilateralExits__Starts-50","3","15","1","D","8","15","D Offer","D Liability Signal: 3;P Files: 1;D Answers: 1;D Defaults: 2","3,1,1,2","0.10618020859999999","false","999.63601686418303","999.63601686418303","6","0.55","0","999.49168574018404","0.14433112399899528","false"
"Specification-ModerateRiskAversion__Cost-1__Fee-British__ExitFees-AllUnilateralExits__Starts-50","3","15","1","D","8","15","D Offer","D Liability Signal: 3;P Files: 1;D Answers: 1;D Defaults: 2","3,1,1,2","0.10618020859999999","false","999.63601686418303","999.63601686418303","7","0.65","0","999.44562569484674","0.1903911693362943","false"
"Specification-ModerateRiskAversion__Cost-1__Fee-British__ExitFees-AllUnilateralExits__Starts-50","3","15","1","D","8","15","D Offer","D Liability Signal: 3;P Files: 1;D Answers: 1;D Defaults: 2","3,1,1,2","0.10618020859999999","false","999.63601686418303","999.63601686418303","8","0.75","0","999.39475340596641","0.24126345821662198","false"
"Specification-ModerateRiskAversion__Cost-1__Fee-British__ExitFees-AllUnilateralExits__Starts-50","3","15","1","D","8","15","D Offer","D Liability Signal: 3;P Files: 1;D Answers: 1;D Defaults: 2","3,1,1,2","0.10618020859999999","false","999.63601686418303","999.63601686418303","9","0.85","0","999.40702871404392","0.22898815013911644","false"
"Specification-ModerateRiskAversion__Cost-1__Fee-British__ExitFees-AllUnilateralExits__Starts-50","3","15","1","D","8","15","D Offer","D Liability Signal: 3;P Files: 1;D Answers: 1;D Defaults: 2","3,1,1,2","0.10618020859999999","false","999.63601686418303","999.63601686418303","10","0.95","0","999.32503047268619","0.31098639149684004","false"
"Specification-ModerateRiskAversion__Cost-1__Fee-British__ExitFees-AllUnilateralExits__Starts-50","3","16","1","D","3","10","D Answers","D Liability Signal: 4;P Files: 1","4,1","0.1080961854","false","999.40936793894332","999.40936793894332","1","Yes","1","999.40936793894332","0","true"
"Specification-ModerateRiskAversion__Cost-1__Fee-British__ExitFees-AllUnilateralExits__Starts-50","3","16","1","D","3","10","D Answers","D Liability Signal: 4;P Files: 1","4,1","0.1080961854","false","999.40936793894332","999.40936793894332","2","No","0","998.32565936319975","1.0837085757435716","false"
"Specification-ModerateRiskAversion__Cost-1__Fee-British__ExitFees-AllUnilateralExits__Starts-50","3","17","1","D","6","21","D Defaults","D Liability Signal: 4;P Files: 1;D Answers: 1","4,1,1","0.1080961854","false","999.40936793894332","999.40936793894343","1","Yes","0.68612126080934077","999.40936793894343","0","true"
"Specification-ModerateRiskAversion__Cost-1__Fee-British__ExitFees-AllUnilateralExits__Starts-50","3","17","1","D","6","21","D Defaults","D Liability Signal: 4;P Files: 1;D Answers: 1","4,1,1","0.1080961854","false","999.40936793894332","999.40936793894343","2","No","0.31387873919065917","999.40936793894343","0","true"
"Specification-ModerateRiskAversion__Cost-1__Fee-British__ExitFees-AllUnilateralExits__Starts-50","3","18","1","D","8","15","D Offer","D Liability Signal: 4;P Files: 1;D Answers: 1;D Defaults: 1","4,1,1,1","0.074167091015328243","false","999.40936793894321","999.40936793894321","1","0.05","0","997.71514036661426","1.6942275723289413","false"
"Specification-ModerateRiskAversion__Cost-1__Fee-British__ExitFees-AllUnilateralExits__Starts-50","3","18","1","D","8","15","D Offer","D Liability Signal: 4;P Files: 1;D Answers: 1;D Defaults: 1","4,1,1,1","0.074167091015328243","false","999.40936793894321","999.40936793894321","2","0.15","1","999.40936793894321","0","true"
"Specification-ModerateRiskAversion__Cost-1__Fee-British__ExitFees-AllUnilateralExits__Starts-50","3","18","1","D","8","15","D Offer","D Liability Signal: 4;P Files: 1;D Answers: 1;D Defaults: 1","4,1,1,1","0.074167091015328243","false","999.40936793894321","999.40936793894321","3","0.25","0","999.38147793915198","0.027889999791227638","false"
"Specification-ModerateRiskAversion__Cost-1__Fee-British__ExitFees-AllUnilateralExits__Starts-50","3","18","1","D","8","15","D Offer","D Liability Signal: 4;P Files: 1;D Answers: 1;D Defaults: 1","4,1,1,1","0.074167091015328243","false","999.40936793894321","999.40936793894321","4","0.35","0","999.35064526646318","0.058722672480030269","false"
"Specification-ModerateRiskAversion__Cost-1__Fee-British__ExitFees-AllUnilateralExits__Starts-50","3","18","1","D","8","15","D Offer","D Liability Signal: 4;P Files: 1;D Answers: 1;D Defaults: 1","4,1,1,1","0.074167091015328243","false","999.40936793894321","999.40936793894321","5","0.45","0","999.31657565358796","0.09279228535524453","false"
"Specification-ModerateRiskAversion__Cost-1__Fee-British__ExitFees-AllUnilateralExits__Starts-50","3","18","1","D","8","15","D Offer","D Liability Signal: 4;P Files: 1;D Answers: 1;D Defaults: 1","4,1,1,1","0.074167091015328243","false","999.40936793894321","999.40936793894321","6","0.55","0","999.27894213687034","0.13042580207286392","false"
"Specification-ModerateRiskAversion__Cost-1__Fee-British__ExitFees-AllUnilateralExits__Starts-50","3","18","1","D","8","15","D Offer","D Liability Signal: 4;P Files: 1;D Answers: 1;D Defaults: 1","4,1,1,1","0.074167091015328243","false","999.40936793894321","999.40936793894321","7","0.65","0","999.23731966355922","0.17204827538398604","false"
"Specification-ModerateRiskAversion__Cost-1__Fee-British__ExitFees-AllUnilateralExits__Starts-50","3","18","1","D","8","15","D Offer","D Liability Signal: 4;P Files: 1;D Answers: 1;D Defaults: 1","4,1,1,1","0.074167091015328243","false","999.40936793894321","999.40936793894321","8","0.75","0","999.19134857363292","0.21801936531028332","false"
"Specification-ModerateRiskAversion__Cost-1__Fee-British__ExitFees-AllUnilateralExits__Starts-50","3","18","1","D","8","15","D Offer","D Liability Signal: 4;P Files: 1;D Answers: 1;D Defaults: 1","4,1,1,1","0.074167091015328243","false","999.40936793894321","999.40936793894321","9","0.85","0","999.34931239037201","0.060055548571199324","false"
"Specification-ModerateRiskAversion__Cost-1__Fee-British__ExitFees-AllUnilateralExits__Starts-50","3","18","1","D","8","15","D Offer","D Liability Signal: 4;P Files: 1;D Answers: 1;D Defaults: 1","4,1,1,1","0.074167091015328243","false","999.40936793894321","999.40936793894321","10","0.95","0","999.26124516794857","0.14812277099463245","false"
"Specification-ModerateRiskAversion__Cost-1__Fee-British__ExitFees-AllUnilateralExits__Starts-50","3","19","1","D","8","15","D Offer","D Liability Signal: 4;P Files: 1;D Answers: 1;D Defaults: 2","4,1,1,2","0.033929094384671739","false","999.40936793894343","999.40936793894343","1","0.05","0","998.75668695775016","0.65268098119327078","false"
"Specification-ModerateRiskAversion__Cost-1__Fee-British__ExitFees-AllUnilateralExits__Starts-50","3","19","1","D","8","15","D Offer","D Liability Signal: 4;P Files: 1;D Answers: 1;D Defaults: 2","4,1,1,2","0.033929094384671739","false","999.40936793894343","999.40936793894343","2","0.15","1","999.40936793894343","0","true"
"Specification-ModerateRiskAversion__Cost-1__Fee-British__ExitFees-AllUnilateralExits__Starts-50","3","19","1","D","8","15","D Offer","D Liability Signal: 4;P Files: 1;D Answers: 1;D Defaults: 2","4,1,1,2","0.033929094384671739","false","999.40936793894343","999.40936793894343","3","0.25","0","999.38147793915186","0.027889999791568698","false"
"Specification-ModerateRiskAversion__Cost-1__Fee-British__ExitFees-AllUnilateralExits__Starts-50","3","19","1","D","8","15","D Offer","D Liability Signal: 4;P Files: 1;D Answers: 1;D Defaults: 2","4,1,1,2","0.033929094384671739","false","999.40936793894343","999.40936793894343","4","0.35","0","999.35064526646329","0.058722672480143956","false"
"Specification-ModerateRiskAversion__Cost-1__Fee-British__ExitFees-AllUnilateralExits__Starts-50","3","19","1","D","8","15","D Offer","D Liability Signal: 4;P Files: 1;D Answers: 1;D Defaults: 2","4,1,1,2","0.033929094384671739","false","999.40936793894343","999.40936793894343","5","0.45","0","999.31657565358796","0.092792285355471904","false"
"Specification-ModerateRiskAversion__Cost-1__Fee-British__ExitFees-AllUnilateralExits__Starts-50","3","19","1","D","8","15","D Offer","D Liability Signal: 4;P Files: 1;D Answers: 1;D Defaults: 2","4,1,1,2","0.033929094384671739","false","999.40936793894343","999.40936793894343","6","0.55","0","999.27894213687034","0.13042580207309129","false"
"Specification-ModerateRiskAversion__Cost-1__Fee-British__ExitFees-AllUnilateralExits__Starts-50","3","19","1","D","8","15","D Offer","D Liability Signal: 4;P Files: 1;D Answers: 1;D Defaults: 2","4,1,1,2","0.033929094384671739","false","999.40936793894343","999.40936793894343","7","0.65","0","999.23731966355911","0.1720482753843271","false"
"Specification-ModerateRiskAversion__Cost-1__Fee-British__ExitFees-AllUnilateralExits__Starts-50","3","19","1","D","8","15","D Offer","D Liability Signal: 4;P Files: 1;D Answers: 1;D Defaults: 2","4,1,1,2","0.033929094384671739","false","999.40936793894343","999.40936793894343","8","0.75","0","999.19134857363292","0.21801936531051069","false"
"Specification-ModerateRiskAversion__Cost-1__Fee-British__ExitFees-AllUnilateralExits__Starts-50","3","19","1","D","8","15","D Offer","D Liability Signal: 4;P Files: 1;D Answers: 1;D Defaults: 2","4,1,1,2","0.033929094384671739","false","999.40936793894343","999.40936793894343","9","0.85","0","999.34931239037201","0.060055548571426698","false"
"Specification-ModerateRiskAversion__Cost-1__Fee-British__ExitFees-AllUnilateralExits__Starts-50","3","19","1","D","8","15","D Offer","D Liability Signal: 4;P Files: 1;D Answers: 1;D Defaults: 2","4,1,1,2","0.033929094384671739","false","999.40936793894343","999.40936793894343","10","0.95","0","999.26124516794835","0.14812277099508719","false"
"Specification-ModerateRiskAversion__Cost-1__Fee-British__ExitFees-AllUnilateralExits__Starts-50","3","20","1","D","3","10","D Answers","D Liability Signal: 5;P Files: 1","5,1","0.10760218790000001","false","999.26896186475585","999.26896186475585","1","Yes","1","999.26896186475585","0","true"
"Specification-ModerateRiskAversion__Cost-1__Fee-British__ExitFees-AllUnilateralExits__Starts-50","3","20","1","D","3","10","D Answers","D Liability Signal: 5;P Files: 1","5,1","0.10760218790000001","false","999.26896186475585","999.26896186475585","2","No","0","998.32565936319997","0.94330250155587692","false"
"Specification-ModerateRiskAversion__Cost-1__Fee-British__ExitFees-AllUnilateralExits__Starts-50","3","21","1","D","6","21","D Defaults","D Liability Signal: 5;P Files: 1;D Answers: 1","5,1,1","0.10760218790000001","false","999.26896186475585","999.26896186475585","1","Yes","0","998.97287140037122","0.29609046438463338","false"
"Specification-ModerateRiskAversion__Cost-1__Fee-British__ExitFees-AllUnilateralExits__Starts-50","3","21","1","D","6","21","D Defaults","D Liability Signal: 5;P Files: 1;D Answers: 1","5,1,1","0.10760218790000001","false","999.26896186475585","999.26896186475585","2","No","1","999.26896186475585","0","true"
"Specification-ModerateRiskAversion__Cost-1__Fee-British__ExitFees-AllUnilateralExits__Starts-50","3","22","1","D","8","15","D Offer","D Liability Signal: 5;P Files: 1;D Answers: 1;D Defaults: 1","5,1,1,1","0","true","","","1","0.05","0.10000000000000001","","",""
"Specification-ModerateRiskAversion__Cost-1__Fee-British__ExitFees-AllUnilateralExits__Starts-50","3","22","1","D","8","15","D Offer","D Liability Signal: 5;P Files: 1;D Answers: 1;D Defaults: 1","5,1,1,1","0","true","","","2","0.15","0.10000000000000001","","",""
"Specification-ModerateRiskAversion__Cost-1__Fee-British__ExitFees-AllUnilateralExits__Starts-50","3","22","1","D","8","15","D Offer","D Liability Signal: 5;P Files: 1;D Answers: 1;D Defaults: 1","5,1,1,1","0","true","","","3","0.25","0.10000000000000001","","",""
"Specification-ModerateRiskAversion__Cost-1__Fee-British__ExitFees-AllUnilateralExits__Starts-50","3","22","1","D","8","15","D Offer","D Liability Signal: 5;P Files: 1;D Answers: 1;D Defaults: 1","5,1,1,1","0","true","","","4","0.35","0.10000000000000001","","",""
"Specification-ModerateRiskAversion__Cost-1__Fee-British__ExitFees-AllUnilateralExits__Starts-50","3","22","1","D","8","15","D Offer","D Liability Signal: 5;P Files: 1;D Answers: 1;D Defaults: 1","5,1,1,1","0","true","","","5","0.45","0.10000000000000001","","",""
"Specification-ModerateRiskAversion__Cost-1__Fee-British__ExitFees-AllUnilateralExits__Starts-50","3","22","1","D","8","15","D Offer","D Liability Signal: 5;P Files: 1;D Answers: 1;D Defaults: 1","5,1,1,1","0","true","","","6","0.55","0.10000000000000001","","",""
"Specification-ModerateRiskAversion__Cost-1__Fee-British__ExitFees-AllUnilateralExits__Starts-50","3","22","1","D","8","15","D Offer","D Liability Signal: 5;P Files: 1;D Answers: 1;D Defaults: 1","5,1,1,1","0","true","","","7","0.65","0.10000000000000001","","",""
"Specification-ModerateRiskAversion__Cost-1__Fee-British__ExitFees-AllUnilateralExits__Starts-50","3","22","1","D","8","15","D Offer","D Liability Signal: 5;P Files: 1;D Answers: 1;D Defaults: 1","5,1,1,1","0","true","","","8","0.75","0.10000000000000001","","",""
"Specification-ModerateRiskAversion__Cost-1__Fee-British__ExitFees-AllUnilateralExits__Starts-50","3","22","1","D","8","15","D Offer","D Liability Signal: 5;P Files: 1;D Answers: 1;D Defaults: 1","5,1,1,1","0","true","","","9","0.85","0.10000000000000001","","",""
"Specification-ModerateRiskAversion__Cost-1__Fee-British__ExitFees-AllUnilateralExits__Starts-50","3","22","1","D","8","15","D Offer","D Liability Signal: 5;P Files: 1;D Answers: 1;D Defaults: 1","5,1,1,1","0","true","","","10","0.95","0.10000000000000001","","",""
"Specification-ModerateRiskAversion__Cost-1__Fee-British__ExitFees-AllUnilateralExits__Starts-50","3","23","1","D","8","15","D Offer","D Liability Signal: 5;P Files: 1;D Answers: 1;D Defaults: 2","5,1,1,2","0.10760218790000001","false","999.26896186475585","999.26896186475585","1","0.05","0","998.21092962238868","1.058032242367176","false"
"Specification-ModerateRiskAversion__Cost-1__Fee-British__ExitFees-AllUnilateralExits__Starts-50","3","23","1","D","8","15","D Offer","D Liability Signal: 5;P Files: 1;D Answers: 1;D Defaults: 2","5,1,1,2","0.10760218790000001","false","999.26896186475585","999.26896186475585","2","0.15","0","999.02776643240929","0.24119543234655794","false"
"Specification-ModerateRiskAversion__Cost-1__Fee-British__ExitFees-AllUnilateralExits__Starts-50","3","23","1","D","8","15","D Offer","D Liability Signal: 5;P Files: 1;D Answers: 1;D Defaults: 2","5,1,1,2","0.10760218790000001","false","999.26896186475585","999.26896186475585","3","0.25","0","999.00401601094416","0.264945853811696","false"
"Specification-ModerateRiskAversion__Cost-1__Fee-British__ExitFees-AllUnilateralExits__Starts-50","3","23","1","D","8","15","D Offer","D Liability Signal: 5;P Files: 1;D Answers: 1;D Defaults: 2","5,1,1,2","0.10760218790000001","false","999.26896186475585","999.26896186475585","4","0.35","0","998.97775968334554","0.29120218141031273","false"
"Specification-ModerateRiskAversion__Cost-1__Fee-British__ExitFees-AllUnilateralExits__Starts-50","3","23","1","D","8","15","D Offer","D Liability Signal: 5;P Files: 1;D Answers: 1;D Defaults: 2","5,1,1,2","0.10760218790000001","false","999.26896186475585","999.26896186475585","5","0.45","0","998.94874685900027","0.32021500575558548","false"
"Specification-ModerateRiskAversion__Cost-1__Fee-British__ExitFees-AllUnilateralExits__Starts-50","3","23","1","D","8","15","D Offer","D Liability Signal: 5;P Files: 1;D Answers: 1;D Defaults: 2","5,1,1,2","0.10760218790000001","false","999.26896186475585","999.26896186475585","6","0.55","0","998.91669910389305","0.35226276086279995","false"
"Specification-ModerateRiskAversion__Cost-1__Fee-British__ExitFees-AllUnilateralExits__Starts-50","3","23","1","D","8","15","D Offer","D Liability Signal: 5;P Files: 1;D Answers: 1;D Defaults: 2","5,1,1,2","0.10760218790000001","false","999.26896186475585","999.26896186475585","7","0.65","0","998.88125445380513","0.38770741095072481","false"
"Specification-ModerateRiskAversion__Cost-1__Fee-British__ExitFees-AllUnilateralExits__Starts-50","3","23","1","D","8","15","D Offer","D Liability Signal: 5;P Files: 1;D Answers: 1;D Defaults: 2","5,1,1,2","0.10760218790000001","false","999.26896186475585","999.26896186475585","8","0.75","0","998.84210663131978","0.42685523343607201","false"
"Specification-ModerateRiskAversion__Cost-1__Fee-British__ExitFees-AllUnilateralExits__Starts-50","3","23","1","D","8","15","D Offer","D Liability Signal: 5;P Files: 1;D Answers: 1;D Defaults: 2","5,1,1,2","0.10760218790000001","false","999.26896186475585","999.26896186475585","9","0.85","1","999.26896186475585","0","true"
"Specification-ModerateRiskAversion__Cost-1__Fee-British__ExitFees-AllUnilateralExits__Starts-50","3","23","1","D","8","15","D Offer","D Liability Signal: 5;P Files: 1;D Answers: 1;D Defaults: 2","5,1,1,2","0.10760218790000001","false","999.26896186475585","999.26896186475585","10","0.95","0","999.17244563193776","0.09651623281808952","false"
"Specification-ModerateRiskAversion__Cost-1__Fee-British__ExitFees-AllUnilateralExits__Starts-50","3","24","1","D","3","10","D Answers","D Liability Signal: 6;P Files: 1","6,1","0.10760135250000001","false","999.17425605014739","999.17425605014739","1","Yes","1","999.17425605014739","0","true"
"Specification-ModerateRiskAversion__Cost-1__Fee-British__ExitFees-AllUnilateralExits__Starts-50","3","24","1","D","3","10","D Answers","D Liability Signal: 6;P Files: 1","6,1","0.10760135250000001","false","999.17425605014739","999.17425605014739","2","No","0","998.32565936319997","0.84859668694741686","false"
"Specification-ModerateRiskAversion__Cost-1__Fee-British__ExitFees-AllUnilateralExits__Starts-50","3","25","1","D","6","21","D Defaults","D Liability Signal: 6;P Files: 1;D Answers: 1","6,1,1","0.1076013525","false","999.17425605014751","999.17425605014751","1","Yes","0","998.76060719836801","0.41364885177949873","false"
"Specification-ModerateRiskAversion__Cost-1__Fee-British__ExitFees-AllUnilateralExits__Starts-50","3","25","1","D","6","21","D Defaults","D Liability Signal: 6;P Files: 1;D Answers: 1","6,1,1","0.1076013525","false","999.17425605014751","999.17425605014751","2","No","1","999.17425605014751","0","true"
"Specification-ModerateRiskAversion__Cost-1__Fee-British__ExitFees-AllUnilateralExits__Starts-50","3","26","1","D","8","15","D Offer","D Liability Signal: 6;P Files: 1;D Answers: 1;D Defaults: 1","6,1,1,1","0","true","","","1","0.05","0.10000000000000001","","",""
"Specification-ModerateRiskAversion__Cost-1__Fee-British__ExitFees-AllUnilateralExits__Starts-50","3","26","1","D","8","15","D Offer","D Liability Signal: 6;P Files: 1;D Answers: 1;D Defaults: 1","6,1,1,1","0","true","","","2","0.15","0.10000000000000001","","",""
"Specification-ModerateRiskAversion__Cost-1__Fee-British__ExitFees-AllUnilateralExits__Starts-50","3","26","1","D","8","15","D Offer","D Liability Signal: 6;P Files: 1;D Answers: 1;D Defaults: 1","6,1,1,1","0","true","","","3","0.25","0.10000000000000001","","",""
"Specification-ModerateRiskAversion__Cost-1__Fee-British__ExitFees-AllUnilateralExits__Starts-50","3","26","1","D","8","15","D Offer","D Liability Signal: 6;P Files: 1;D Answers: 1;D Defaults: 1","6,1,1,1","0","true","","","4","0.35","0.10000000000000001","","",""
"Specification-ModerateRiskAversion__Cost-1__Fee-British__ExitFees-AllUnilateralExits__Starts-50","3","26","1","D","8","15","D Offer","D Liability Signal: 6;P Files: 1;D Answers: 1;D Defaults: 1","6,1,1,1","0","true","","","5","0.45","0.10000000000000001","","",""
"Specification-ModerateRiskAversion__Cost-1__Fee-British__ExitFees-AllUnilateralExits__Starts-50","3","26","1","D","8","15","D Offer","D Liability Signal: 6;P Files: 1;D Answers: 1;D Defaults: 1","6,1,1,1","0","true","","","6","0.55","0.10000000000000001","","",""
"Specification-ModerateRiskAversion__Cost-1__Fee-British__ExitFees-AllUnilateralExits__Starts-50","3","26","1","D","8","15","D Offer","D Liability Signal: 6;P Files: 1;D Answers: 1;D Defaults: 1","6,1,1,1","0","true","","","7","0.65","0.10000000000000001","","",""
"Specification-ModerateRiskAversion__Cost-1__Fee-British__ExitFees-AllUnilateralExits__Starts-50","3","26","1","D","8","15","D Offer","D Liability Signal: 6;P Files: 1;D Answers: 1;D Defaults: 1","6,1,1,1","0","true","","","8","0.75","0.10000000000000001","","",""
"Specification-ModerateRiskAversion__Cost-1__Fee-British__ExitFees-AllUnilateralExits__Starts-50","3","26","1","D","8","15","D Offer","D Liability Signal: 6;P Files: 1;D Answers: 1;D Defaults: 1","6,1,1,1","0","true","","","9","0.85","0.10000000000000001","","",""
"Specification-ModerateRiskAversion__Cost-1__Fee-British__ExitFees-AllUnilateralExits__Starts-50","3","26","1","D","8","15","D Offer","D Liability Signal: 6;P Files: 1;D Answers: 1;D Defaults: 1","6,1,1,1","0","true","","","10","0.95","0.10000000000000001","","",""
"Specification-ModerateRiskAversion__Cost-1__Fee-British__ExitFees-AllUnilateralExits__Starts-50","3","27","1","D","8","15","D Offer","D Liability Signal: 6;P Files: 1;D Answers: 1;D Defaults: 2","6,1,1,2","0.1076013525","false","999.17425605014751","999.17425605014751","1","0.05","0","997.6057096059983","1.5685464441492059","false"
"Specification-ModerateRiskAversion__Cost-1__Fee-British__ExitFees-AllUnilateralExits__Starts-50","3","27","1","D","8","15","D Offer","D Liability Signal: 6;P Files: 1;D Answers: 1;D Defaults: 2","6,1,1,2","0.1076013525","false","999.17425605014751","999.17425605014751","2","0.15","0","998.49775971248823","0.67649633765927319","false"
"Specification-ModerateRiskAversion__Cost-1__Fee-British__ExitFees-AllUnilateralExits__Starts-50","3","27","1","D","8","15","D Offer","D Liability Signal: 6;P Files: 1;D Answers: 1;D Defaults: 2","6,1,1,2","0.1076013525","false","999.17425605014751","999.17425605014751","3","0.25","0","998.47888843941098","0.69536761073652542","false"
"Specification-ModerateRiskAversion__Cost-1__Fee-British__ExitFees-AllUnilateralExits__Starts-50","3","27","1","D","8","15","D Offer","D Liability Signal: 6;P Files: 1;D Answers: 1;D Defaults: 2","6,1,1,2","0.1076013525","false","999.17425605014751","999.17425605014751","4","0.35","0","998.45802605897552","0.7162299911719856","false"
"Specification-ModerateRiskAversion__Cost-1__Fee-British__ExitFees-AllUnilateralExits__Starts-50","3","27","1","D","8","15","D Offer","D Liability Signal: 6;P Files: 1;D Answers: 1;D Defaults: 2","6,1,1,2","0.1076013525","false","999.17425605014751","999.17425605014751","5","0.45","0","998.43497346044524","0.73928258970227034","false"
"Specification-ModerateRiskAversion__Cost-1__Fee-British__ExitFees-AllUnilateralExits__Starts-50","3","27","1","D","8","15","D Offer","D Liability Signal: 6;P Files: 1;D Answers: 1;D Defaults: 2","6,1,1,2","0.1076013525","false","999.17425605014751","999.17425605014751","6","0.55","0","998.40950940966945","0.76474664047805163","false"
"Specification-ModerateRiskAversion__Cost-1__Fee-British__ExitFees-AllUnilateralExits__Starts-50","3","27","1","D","8","15","D Offer","D Liability Signal: 6;P Files: 1;D Answers: 1;D Defaults: 2","6,1,1,2","0.1076013525","false","999.17425605014751","999.17425605014751","7","0.65","0","998.38134630225204","0.79290974789546453","false"
"Specification-ModerateRiskAversion__Cost-1__Fee-British__ExitFees-AllUnilateralExits__Starts-50","3","27","1","D","8","15","D Offer","D Liability Signal: 6;P Files: 1;D Answers: 1;D Defaults: 2","6,1,1,2","0.1076013525","false","999.17425605014751","999.17425605014751","8","0.75","0","998.35024078062668","0.82401526952082804","false"
"Specification-ModerateRiskAversion__Cost-1__Fee-British__ExitFees-AllUnilateralExits__Starts-50","3","27","1","D","8","15","D Offer","D Liability Signal: 6;P Files: 1;D Answers: 1;D Defaults: 2","6,1,1,2","0.1076013525","false","999.17425605014751","999.17425605014751","9","0.85","1","999.17425605014751","0","true"
"Specification-ModerateRiskAversion__Cost-1__Fee-British__ExitFees-AllUnilateralExits__Starts-50","3","27","1","D","8","15","D Offer","D Liability Signal: 6;P Files: 1;D Answers: 1;D Defaults: 2","6,1,1,2","0.1076013525","false","999.17425605014751","999.17425605014751","10","0.95","0","999.06778132103011","0.10647472911739442","false"
"Specification-ModerateRiskAversion__Cost-1__Fee-British__ExitFees-AllUnilateralExits__Starts-50","3","28","1","D","3","10","D Answers","D Liability Signal: 7;P Files: 1","7,1","0.1080937146","false","999.08123622825849","999.08123622825849","1","Yes","1","999.08123622825849","0","true"
"Specification-ModerateRiskAversion__Cost-1__Fee-British__ExitFees-AllUnilateralExits__Starts-50","3","28","1","D","3","10","D Answers","D Liability Signal: 7;P Files: 1","7,1","0.1080937146","false","999.08123622825849","999.08123622825849","2","No","0","998.32565936319975","0.75557686505874244","false"
"Specification-ModerateRiskAversion__Cost-1__Fee-British__ExitFees-AllUnilateralExits__Starts-50","3","29","1","D","6","21","D Defaults","D Liability Signal: 7;P Files: 1;D Answers: 1","7,1,1","0.1080937146","false","999.08123622825849","999.08123622825849","1","Yes","0","998.5479199951584","0.53331623310009491","false"
"Specification-ModerateRiskAversion__Cost-1__Fee-British__ExitFees-AllUnilateralExits__Starts-50","3","29","1","D","6","21","D Defaults","D Liability Signal: 7;P Files: 1;D Answers: 1","7,1,1","0.1080937146","false","999.08123622825849","999.08123622825849","2","No","1","999.08123622825849","0","true"
"Specification-ModerateRiskAversion__Cost-1__Fee-British__ExitFees-AllUnilateralExits__Starts-50","3","30","1","D","8","15","D Offer","D Liability Signal: 7;P Files: 1;D Answers: 1;D Defaults: 1","7,1,1,1","0","true","","","1","0.05","0.10000000000000001","","",""
"Specification-ModerateRiskAversion__Cost-1__Fee-British__ExitFees-AllUnilateralExits__Starts-50","3","30","1","D","8","15","D Offer","D Liability Signal: 7;P Files: 1;D Answers: 1;D Defaults: 1","7,1,1,1","0","true","","","2","0.15","0.10000000000000001","","",""
"Specification-ModerateRiskAversion__Cost-1__Fee-British__ExitFees-AllUnilateralExits__Starts-50","3","30","1","D","8","15","D Offer","D Liability Signal: 7;P Files: 1;D Answers: 1;D Defaults: 1","7,1,1,1","0","true","","","3","0.25","0.10000000000000001","","",""
"Specification-ModerateRiskAversion__Cost-1__Fee-British__ExitFees-AllUnilateralExits__Starts-50","3","30","1","D","8","15","D Offer","D Liability Signal: 7;P Files: 1;D Answers: 1;D Defaults: 1","7,1,1,1","0","true","","","4","0.35","0.10000000000000001","","",""
"Specification-ModerateRiskAversion__Cost-1__Fee-British__ExitFees-AllUnilateralExits__Starts-50","3","30","1","D","8","15","D Offer","D Liability Signal: 7;P Files: 1;D Answers: 1;D Defaults: 1","7,1,1,1","0","true","","","5","0.45","0.10000000000000001","","",""
"Specification-ModerateRiskAversion__Cost-1__Fee-British__ExitFees-AllUnilateralExits__Starts-50","3","30","1","D","8","15","D Offer","D Liability Signal: 7;P Files: 1;D Answers: 1;D Defaults: 1","7,1,1,1","0","true","","","6","0.55","0.10000000000000001","","",""
"Specification-ModerateRiskAversion__Cost-1__Fee-British__ExitFees-AllUnilateralExits__Starts-50","3","30","1","D","8","15","D Offer","D Liability Signal: 7;P Files: 1;D Answers: 1;D Defaults: 1","7,1,1,1","0","true","","","7","0.65","0.10000000000000001","","",""
"Specification-ModerateRiskAversion__Cost-1__Fee-British__ExitFees-AllUnilateralExits__Starts-50","3","30","1","D","8","15","D Offer","D Liability Signal: 7;P Files: 1;D Answers: 1;D Defaults: 1","7,1,1,1","0","true","","","8","0.75","0.10000000000000001","","",""
"Specification-ModerateRiskAversion__Cost-1__Fee-British__ExitFees-AllUnilateralExits__Starts-50","3","30","1","D","8","15","D Offer","D Liability Signal: 7;P Files: 1;D Answers: 1;D Defaults: 1","7,1,1,1","0","true","","","9","0.85","0.10000000000000001","","",""
"Specification-ModerateRiskAversion__Cost-1__Fee-British__ExitFees-AllUnilateralExits__Starts-50","3","30","1","D","8","15","D Offer","D Liability Signal: 7;P Files: 1;D Answers: 1;D Defaults: 1","7,1,1,1","0","true","","","10","0.95","0.10000000000000001","","",""
"Specification-ModerateRiskAversion__Cost-1__Fee-British__ExitFees-AllUnilateralExits__Starts-50","3","31","1","D","8","15","D Offer","D Liability Signal: 7;P Files: 1;D Answers: 1;D Defaults: 2","7,1,1,2","0.1080937146","false","999.08123622825849","999.08123622825849","1","0.05","0","997.0437886281768","2.0374476000816912","false"
"Specification-ModerateRiskAversion__Cost-1__Fee-British__ExitFees-AllUnilateralExits__Starts-50","3","31","1","D","8","15","D Offer","D Liability Signal: 7;P Files: 1;D Answers: 1;D Defaults: 2","7,1,1,2","0.1080937146","false","999.08123622825849","999.08123622825849","2","0.15","0","997.90084982847134","1.1803863997871531","false"
"Specification-ModerateRiskAversion__Cost-1__Fee-British__ExitFees-AllUnilateralExits__Starts-50","3","31","1","D","8","15","D Offer","D Liability Signal: 7;P Files: 1;D Answers: 1;D Defaults: 2","7,1,1,2","0.1080937146","false","999.08123622825849","999.08123622825849","3","0.25","0","997.88677084313179","1.1944653851267049","false"
"Specification-ModerateRiskAversion__Cost-1__Fee-British__ExitFees-AllUnilateralExits__Starts-50","3","31","1","D","8","15","D Offer","D Liability Signal: 7;P Files: 1;D Answers: 1;D Defaults: 2","7,1,1,2","0.1080937146","false","999.08123622825849","999.08123622825849","4","0.35","0","997.87120638454439","1.2100298437140964","false"
"Specification-ModerateRiskAversion__Cost-1__Fee-British__ExitFees-AllUnilateralExits__Starts-50","3","31","1","D","8","15","D Offer","D Liability Signal: 7;P Files: 1;D Answers: 1;D Defaults: 2","7,1,1,2","0.1080937146","false","999.08123622825849","999.08123622825849","5","0.45","0","997.85400790538415","1.227228322874339","false"
"Specification-ModerateRiskAversion__Cost-1__Fee-British__ExitFees-AllUnilateralExits__Starts-50","3","31","1","D","8","15","D Offer","D Liability Signal: 7;P Files: 1;D Answers: 1;D Defaults: 2","7,1,1,2","0.1080937146","false","999.08123622825849","999.08123622825849","6","0.55","0","997.8350103530679","1.2462258751905892","false"
"Specification-ModerateRiskAversion__Cost-1__Fee-British__ExitFees-AllUnilateralExits__Starts-50","3","31","1","D","8","15","D Offer","D Liability Signal: 7;P Files: 1;D Answers: 1;D Defaults: 2","7,1,1,2","0.1080937146","false","999.08123622825849","999.08123622825849","7","0.65","0","997.81399915923771","1.2672370690207799","false"
"Specification-ModerateRiskAversion__Cost-1__Fee-British__ExitFees-AllUnilateralExits__Starts-50","3","31","1","D","8","15","D Offer","D Liability Signal: 7;P Files: 1;D Answers: 1;D Defaults: 2","7,1,1,2","0.1080937146","false","999.08123622825849","999.08123622825849","8","0.75","0","997.79079276605228","1.2904434622062126","false"
"Specification-ModerateRiskAversion__Cost-1__Fee-British__ExitFees-AllUnilateralExits__Starts-50","3","31","1","D","8","15","D Offer","D Liability Signal: 7;P Files: 1;D Answers: 1;D Defaults: 2","7,1,1,2","0.1080937146","false","999.08123622825849","999.08123622825849","9","0.85","1","999.08123622825849","0","true"
"Specification-ModerateRiskAversion__Cost-1__Fee-British__ExitFees-AllUnilateralExits__Starts-50","3","31","1","D","8","15","D Offer","D Liability Signal: 7;P Files: 1;D Answers: 1;D Defaults: 2","7,1,1,2","0.1080937146","false","999.08123622825849","999.08123622825849","10","0.95","0","998.96498028817803","0.11625594008046392","false"
"Specification-ModerateRiskAversion__Cost-1__Fee-British__ExitFees-AllUnilateralExits__Starts-50","3","32","1","D","3","10","D Answers","D Liability Signal: 8;P Files: 1","8,1","0.10617632220000001","false","999.00424399091582","999.00424399091582","1","Yes","1","999.00424399091582","0","true"
"Specification-ModerateRiskAversion__Cost-1__Fee-British__ExitFees-AllUnilateralExits__Starts-50","3","32","1","D","3","10","D Answers","D Liability Signal: 8;P Files: 1","8,1","0.10617632220000001","false","999.00424399091582","999.00424399091582","2","No","0","998.32565936319997","0.67858462771584982","false"
"Specification-ModerateRiskAversion__Cost-1__Fee-British__ExitFees-AllUnilateralExits__Starts-50","3","33","1","D","6","21","D Defaults","D Liability Signal: 8;P Files: 1;D Answers: 1","8,1,1","0.10617632219999999","false","999.00424399091594","999.00424399091594","1","Yes","0","998.36868523806845","0.63555875284748709","false"
"Specification-ModerateRiskAversion__Cost-1__Fee-British__ExitFees-AllUnilateralExits__Starts-50","3","33","1","D","6","21","D Defaults","D Liability Signal: 8;P Files: 1;D Answers: 1","8,1,1","0.10617632219999999","false","999.00424399091594","999.00424399091594","2","No","1","999.00424399091594","0","true"
"Specification-ModerateRiskAversion__Cost-1__Fee-British__ExitFees-AllUnilateralExits__Starts-50","3","34","1","D","8","15","D Offer","D Liability Signal: 8;P Files: 1;D Answers: 1;D Defaults: 1","8,1,1,1","0","true","","","1","0.05","0.10000000000000001","","",""
"Specification-ModerateRiskAversion__Cost-1__Fee-British__ExitFees-AllUnilateralExits__Starts-50","3","34","1","D","8","15","D Offer","D Liability Signal: 8;P Files: 1;D Answers: 1;D Defaults: 1","8,1,1,1","0","true","","","2","0.15","0.10000000000000001","","",""
"Specification-ModerateRiskAversion__Cost-1__Fee-British__ExitFees-AllUnilateralExits__Starts-50","3","34","1","D","8","15","D Offer","D Liability Signal: 8;P Files: 1;D Answers: 1;D Defaults: 1","8,1,1,1","0","true","","","3","0.25","0.10000000000000001","","",""
"Specification-ModerateRiskAversion__Cost-1__Fee-British__ExitFees-AllUnilateralExits__Starts-50","3","34","1","D","8","15","D Offer","D Liability Signal: 8;P Files: 1;D Answers: 1;D Defaults: 1","8,1,1,1","0","true","","","4","0.35","0.10000000000000001","","",""
"Specification-ModerateRiskAversion__Cost-1__Fee-British__ExitFees-AllUnilateralExits__Starts-50","3","34","1","D","8","15","D Offer","D Liability Signal: 8;P Files: 1;D Answers: 1;D Defaults: 1","8,1,1,1","0","true","","","5","0.45","0.10000000000000001","","",""
"Specification-ModerateRiskAversion__Cost-1__Fee-British__ExitFees-AllUnilateralExits__Starts-50","3","34","1","D","8","15","D Offer","D Liability Signal: 8;P Files: 1;D Answers: 1;D Defaults: 1","8,1,1,1","0","true","","","6","0.55","0.10000000000000001","","",""
"Specification-ModerateRiskAversion__Cost-1__Fee-British__ExitFees-AllUnilateralExits__Starts-50","3","34","1","D","8","15","D Offer","D Liability Signal: 8;P Files: 1;D Answers: 1;D Defaults: 1","8,1,1,1","0","true","","","7","0.65","0.10000000000000001","","",""
"Specification-ModerateRiskAversion__Cost-1__Fee-British__ExitFees-AllUnilateralExits__Starts-50","3","34","1","D","8","15","D Offer","D Liability Signal: 8;P Files: 1;D Answers: 1;D Defaults: 1","8,1,1,1","0","true","","","8","0.75","0.10000000000000001","","",""
"Specification-ModerateRiskAversion__Cost-1__Fee-British__ExitFees-AllUnilateralExits__Starts-50","3","34","1","D","8","15","D Offer","D Liability Signal: 8;P Files: 1;D Answers: 1;D Defaults: 1","8,1,1,1","0","true","","","9","0.85","0.10000000000000001","","",""
"Specification-ModerateRiskAversion__Cost-1__Fee-British__ExitFees-AllUnilateralExits__Starts-50","3","34","1","D","8","15","D Offer","D Liability Signal: 8;P Files: 1;D Answers: 1;D Defaults: 1","8,1,1,1","0","true","","","10","0.95","0.10000000000000001","","",""
"Specification-ModerateRiskAversion__Cost-1__Fee-British__ExitFees-AllUnilateralExits__Starts-50","3","35","1","D","8","15","D Offer","D Liability Signal: 8;P Files: 1;D Answers: 1;D Defaults: 2","8,1,1,2","0.10617632219999999","false","999.00424399091594","999.00424399091594","1","0.05","0","996.60110291381716","2.4031410770987804","false"
"Specification-ModerateRiskAversion__Cost-1__Fee-British__ExitFees-AllUnilateralExits__Starts-50","3","35","1","D","8","15","D Offer","D Liability Signal: 8;P Files: 1;D Answers: 1;D Defaults: 2","8,1,1,2","0.10617632219999999","false","999.00424399091594","999.00424399091594","2","0.15","0","997.34891147638223","1.6553325145337112","false"
"Specification-ModerateRiskAversion__Cost-1__Fee-British__ExitFees-AllUnilateralExits__Starts-50","3","35","1","D","8","15","D Offer","D Liability Signal: 8;P Files: 1;D Answers: 1;D Defaults: 2","8,1,1,2","0.10617632219999999","false","999.00424399091594","999.00424399091594","3","0.25","0","997.33879905373249","1.6654449371834517","false"
"Specification-ModerateRiskAversion__Cost-1__Fee-British__ExitFees-AllUnilateralExits__Starts-50","3","35","1","D","8","15","D Offer","D Liability Signal: 8;P Files: 1;D Answers: 1;D Defaults: 2","8,1,1,2","0.10617632219999999","false","999.00424399091594","999.00424399091594","4","0.35","0","997.32761966972441","1.6766243211915253","false"
"Specification-ModerateRiskAversion__Cost-1__Fee-British__ExitFees-AllUnilateralExits__Starts-50","3","35","1","D","8","15","D Offer","D Liability Signal: 8;P Files: 1;D Answers: 1;D Defaults: 2","8,1,1,2","0.10617632219999999","false","999.00424399091594","999.00424399091594","5","0.45","0","997.31526662822273","1.6889773626932083","false"
"Specification-ModerateRiskAversion__Cost-1__Fee-British__ExitFees-AllUnilateralExits__Starts-50","3","35","1","D","8","15","D Offer","D Liability Signal: 8;P Files: 1;D Answers: 1;D Defaults: 2","8,1,1,2","0.10617632219999999","false","999.00424399091594","999.00424399091594","6","0.55","0","997.30162137796503","1.7026226129509041","false"
"Specification-ModerateRiskAversion__Cost-1__Fee-British__ExitFees-AllUnilateralExits__Starts-50","3","35","1","D","8","15","D Offer","D Liability Signal: 8;P Files: 1;D Answers: 1;D Defaults: 2","8,1,1,2","0.10617632219999999","false","999.00424399091594","999.00424399091594","7","0.65","0","997.2865298023105","1.7177141886054414","false"
"Specification-ModerateRiskAversion__Cost-1__Fee-British__ExitFees-AllUnilateralExits__Starts-50","3","35","1","D","8","15","D Offer","D Liability Signal: 8;P Files: 1;D Answers: 1;D Defaults: 2","8,1,1,2","0.10617632219999999","false","999.00424399091594","999.00424399091594","8","0.75","0","997.26986149487163","1.7343824960443044","false"
"Specification-ModerateRiskAversion__Cost-1__Fee-British__ExitFees-AllUnilateralExits__Starts-50","3","35","1","D","8","15","D Offer","D Liability Signal: 8;P Files: 1;D Answers: 1;D Defaults: 2","8,1,1,2","0.10617632219999999","false","999.00424399091594","999.00424399091594","9","0.85","1","999.00424399091594","0","true"
"Specification-ModerateRiskAversion__Cost-1__Fee-British__ExitFees-AllUnilateralExits__Starts-50","3","35","1","D","8","15","D Offer","D Liability Signal: 8;P Files: 1;D Answers: 1;D Defaults: 2","8,1,1,2","0.10617632219999999","false","999.00424399091594","999.00424399091594","10","0.95","0","998.87989217083236","0.12435182008357515","false"
"Specification-ModerateRiskAversion__Cost-1__Fee-British__ExitFees-AllUnilateralExits__Starts-50","3","36","1","D","3","10","D Answers","D Liability Signal: 9;P Files: 1","9,1","0.097673550799999995","false","998.9485294248077","998.9485294248077","1","Yes","1","998.9485294248077","0","true"
"Specification-ModerateRiskAversion__Cost-1__Fee-British__ExitFees-AllUnilateralExits__Starts-50","3","36","1","D","3","10","D Answers","D Liability Signal: 9;P Files: 1","9,1","0.097673550799999995","false","998.9485294248077","998.9485294248077","2","No","0","998.32565936320009","0.62287006160761393","false"
"Specification-ModerateRiskAversion__Cost-1__Fee-British__ExitFees-AllUnilateralExits__Starts-50","3","37","1","D","6","21","D Defaults","D Liability Signal: 9;P Files: 1;D Answers: 1","9,1,1","0.097673550799999995","false","998.9485294248077","998.9485294248077","1","Yes","0","998.23690530480985","0.71162411999785036","false"
"Specification-ModerateRiskAversion__Cost-1__Fee-British__ExitFees-AllUnilateralExits__Starts-50","3","37","1","D","6","21","D Defaults","D Liability Signal: 9;P Files: 1;D Answers: 1","9,1,1","0.097673550799999995","false","998.9485294248077","998.9485294248077","2","No","1","998.9485294248077","0","true"
"Specification-ModerateRiskAversion__Cost-1__Fee-British__ExitFees-AllUnilateralExits__Starts-50","3","38","1","D","8","15","D Offer","D Liability Signal: 9;P Files: 1;D Answers: 1;D Defaults: 1","9,1,1,1","0","true","","","1","0.05","0.10000000000000001","","",""
"Specification-ModerateRiskAversion__Cost-1__Fee-British__ExitFees-AllUnilateralExits__Starts-50","3","38","1","D","8","15","D Offer","D Liability Signal: 9;P Files: 1;D Answers: 1;D Defaults: 1","9,1,1,1","0","true","","","2","0.15","0.10000000000000001","","",""
"Specification-ModerateRiskAversion__Cost-1__Fee-British__ExitFees-AllUnilateralExits__Starts-50","3","38","1","D","8","15","D Offer","D Liability Signal: 9;P Files: 1;D Answers: 1;D Defaults: 1","9,1,1,1","0","true","","","3","0.25","0.10000000000000001","","",""
"Specification-ModerateRiskAversion__Cost-1__Fee-British__ExitFees-AllUnilateralExits__Starts-50","3","38","1","D","8","15","D Offer","D Liability Signal: 9;P Files: 1;D Answers: 1;D Defaults: 1","9,1,1,1","0","true","","","4","0.35","0.10000000000000001","","",""
"Specification-ModerateRiskAversion__Cost-1__Fee-British__ExitFees-AllUnilateralExits__Starts-50","3","38","1","D","8","15","D Offer","D Liability Signal: 9;P Files: 1;D Answers: 1;D Defaults: 1","9,1,1,1","0","true","","","5","0.45","0.10000000000000001","","",""
"Specification-ModerateRiskAversion__Cost-1__Fee-British__ExitFees-AllUnilateralExits__Starts-50","3","38","1","D","8","15","D Offer","D Liability Signal: 9;P Files: 1;D Answers: 1;D Defaults: 1","9,1,1,1","0","true","","","6","0.55","0.10000000000000001","","",""
"Specification-ModerateRiskAversion__Cost-1__Fee-British__ExitFees-AllUnilateralExits__Starts-50","3","38","1","D","8","15","D Offer","D Liability Signal: 9;P Files: 1;D Answers: 1;D Defaults: 1","9,1,1,1","0","true","","","7","0.65","0.10000000000000001","","",""
"Specification-ModerateRiskAversion__Cost-1__Fee-British__ExitFees-AllUnilateralExits__Starts-50","3","38","1","D","8","15","D Offer","D Liability Signal: 9;P Files: 1;D Answers: 1;D Defaults: 1","9,1,1,1","0","true","","","8","0.75","0.10000000000000001","","",""
"Specification-ModerateRiskAversion__Cost-1__Fee-British__ExitFees-AllUnilateralExits__Starts-50","3","38","1","D","8","15","D Offer","D Liability Signal: 9;P Files: 1;D Answers: 1;D Defaults: 1","9,1,1,1","0","true","","","9","0.85","0.10000000000000001","","",""
"Specification-ModerateRiskAversion__Cost-1__Fee-British__ExitFees-AllUnilateralExits__Starts-50","3","38","1","D","8","15","D Offer","D Liability Signal: 9;P Files: 1;D Answers: 1;D Defaults: 1","9,1,1,1","0","true","","","10","0.95","0.10000000000000001","","",""
"Specification-ModerateRiskAversion__Cost-1__Fee-British__ExitFees-AllUnilateralExits__Starts-50","3","39","1","D","8","15","D Offer","D Liability Signal: 9;P Files: 1;D Answers: 1;D Defaults: 2","9,1,1,2","0.097673550799999995","false","998.9485294248077","998.9485294248077","1","0.05","0","996.2940293235248","2.6545001012829061","false"
"Specification-ModerateRiskAversion__Cost-1__Fee-British__ExitFees-AllUnilateralExits__Starts-50","3","39","1","D","8","15","D Offer","D Liability Signal: 9;P Files: 1;D Answers: 1;D Defaults: 2","9,1,1,2","0.097673550799999995","false","998.9485294248077","998.9485294248077","2","0.15","0","996.91286057808645","2.0356688467212507","false"
"Specification-ModerateRiskAversion__Cost-1__Fee-British__ExitFees-AllUnilateralExits__Starts-50","3","39","1","D","8","15","D Offer","D Liability Signal: 9;P Files: 1;D Answers: 1;D Defaults: 2","9,1,1,2","0.097673550799999995","false","998.9485294248077","998.9485294248077","3","0.25","0","996.90561851388873","2.0429109109189767","false"
"Specification-ModerateRiskAversion__Cost-1__Fee-British__ExitFees-AllUnilateralExits__Starts-50","3","39","1","D","8","15","D Offer","D Liability Signal: 9;P Files: 1;D Answers: 1;D Defaults: 2","9,1,1,2","0.097673550799999995","false","998.9485294248077","998.9485294248077","4","0.35","0","996.89761233975207","2.0509170850556302","false"
"Specification-ModerateRiskAversion__Cost-1__Fee-British__ExitFees-AllUnilateralExits__Starts-50","3","39","1","D","8","15","D Offer","D Liability Signal: 9;P Files: 1;D Answers: 1;D Defaults: 2","9,1,1,2","0.097673550799999995","false","998.9485294248077","998.9485294248077","5","0.45","0","996.88876564468296","2.0597637801247402","false"
"Specification-ModerateRiskAversion__Cost-1__Fee-British__ExitFees-AllUnilateralExits__Starts-50","3","39","1","D","8","15","D Offer","D Liability Signal: 9;P Files: 1;D Answers: 1;D Defaults: 2","9,1,1,2","0.097673550799999995","false","998.9485294248077","998.9485294248077","6","0.55","0","996.87899352757665","2.0695358972310487","false"
"Specification-ModerateRiskAversion__Cost-1__Fee-British__ExitFees-AllUnilateralExits__Starts-50","3","39","1","D","8","15","D Offer","D Liability Signal: 9;P Files: 1;D Answers: 1;D Defaults: 2","9,1,1,2","0.097673550799999995","false","998.9485294248077","998.9485294248077","7","0.65","0","996.86818561699806","2.0803438078096406","false"
"Specification-ModerateRiskAversion__Cost-1__Fee-British__ExitFees-AllUnilateralExits__Starts-50","3","39","1","D","8","15","D Offer","D Liability Signal: 9;P Files: 1;D Answers: 1;D Defaults: 2","9,1,1,2","0.097673550799999995","false","998.9485294248077","998.9485294248077","8","0.75","0","996.85624852173191","2.092280903075789","false"
"Specification-ModerateRiskAversion__Cost-1__Fee-British__ExitFees-AllUnilateralExits__Starts-50","3","39","1","D","8","15","D Offer","D Liability Signal: 9;P Files: 1;D Answers: 1;D Defaults: 2","9,1,1,2","0.097673550799999995","false","998.9485294248077","998.9485294248077","9","0.85","1","998.9485294248077","0","true"
"Specification-ModerateRiskAversion__Cost-1__Fee-British__ExitFees-AllUnilateralExits__Starts-50","3","39","1","D","8","15","D Offer","D Liability Signal: 9;P Files: 1;D Answers: 1;D Defaults: 2","9,1,1,2","0.097673550799999995","false","998.9485294248077","998.9485294248077","10","0.95","0","998.81831911226823","0.13021031253947513","false"
"Specification-ModerateRiskAversion__Cost-1__Fee-British__ExitFees-AllUnilateralExits__Starts-50","3","40","1","D","3","10","D Answers","D Liability Signal: 10;P Files: 1","10,1","0.080447596799999993","false","998.91153054738572","998.91153054738572","1","Yes","1","998.91153054738572","0","true"
"Specification-ModerateRiskAversion__Cost-1__Fee-British__ExitFees-AllUnilateralExits__Starts-50","3","40","1","D","3","10","D Answers","D Liability Signal: 10;P Files: 1","10,1","0.080447596799999993","false","998.91153054738572","998.91153054738572","2","No","0","998.3256593632002","0.58587118418552109","false"
"Specification-ModerateRiskAversion__Cost-1__Fee-British__ExitFees-AllUnilateralExits__Starts-50","3","41","1","D","6","21","D Defaults","D Liability Signal: 10;P Files: 1;D Answers: 1","10,1,1","0.080447596799999993","false","998.91153054738572","998.91153054738572","1","Yes","1","998.91153054738572","0","true"
"Specification-ModerateRiskAversion__Cost-1__Fee-British__ExitFees-AllUnilateralExits__Starts-50","3","41","1","D","6","21","D Defaults","D Liability Signal: 10;P Files: 1;D Answers: 1","10,1,1","0.080447596799999993","false","998.91153054738572","998.91153054738572","2","No","0","996.98709582440392","1.9244347229818004","false"
"Specification-ModerateRiskAversion__Cost-1__Fee-British__ExitFees-AllUnilateralExits__Starts-50","3","42","1","D","8","15","D Offer","D Liability Signal: 10;P Files: 1;D Answers: 1;D Defaults: 1","10,1,1,1","0.080447596799999993","false","998.91153054738572","998.91153054738572","1","0.05","0","997.70720232912629","1.2043282182594339","false"
"Specification-ModerateRiskAversion__Cost-1__Fee-British__ExitFees-AllUnilateralExits__Starts-50","3","42","1","D","8","15","D Offer","D Liability Signal: 10;P Files: 1;D Answers: 1;D Defaults: 1","10,1,1,1","0.080447596799999993","false","998.91153054738572","998.91153054738572","2","0.15","0","998.0313422190236","0.88018832836212368","false"
"Specification-ModerateRiskAversion__Cost-1__Fee-British__ExitFees-AllUnilateralExits__Starts-50","3","42","1","D","8","15","D Offer","D Liability Signal: 10;P Files: 1;D Answers: 1;D Defaults: 1","10,1,1,1","0.080447596799999993","false","998.91153054738572","998.91153054738572","3","0.25","0","998.02600629980645","0.88552424757926929","false"
"Specification-ModerateRiskAversion__Cost-1__Fee-British__ExitFees-AllUnilateralExits__Starts-50","3","42","1","D","8","15","D Offer","D Liability Signal: 10;P Files: 1;D Answers: 1;D Defaults: 1","10,1,1,1","0.080447596799999993","false","998.91153054738572","998.91153054738572","4","0.35","0","998.0201073879399","0.89142315944582151","false"
"Specification-ModerateRiskAversion__Cost-1__Fee-British__ExitFees-AllUnilateralExits__Starts-50","3","42","1","D","8","15","D Offer","D Liability Signal: 10;P Files: 1;D Answers: 1;D Defaults: 1","10,1,1,1","0.080447596799999993","false","998.91153054738572","998.91153054738572","5","0.45","0","998.01358918415985","0.89794136322586837","false"
"Specification-ModerateRiskAversion__Cost-1__Fee-British__ExitFees-AllUnilateralExits__Starts-50","3","42","1","D","8","15","D Offer","D Liability Signal: 10;P Files: 1;D Answers: 1;D Defaults: 1","10,1,1,1","0.080447596799999993","false","998.91153054738572","998.91153054738572","6","0.55","0","998.00638913372745","0.90514141365827072","false"
"Specification-ModerateRiskAversion__Cost-1__Fee-British__ExitFees-AllUnilateralExits__Starts-50","3","42","1","D","8","15","D Offer","D Liability Signal: 10;P Files: 1;D Answers: 1;D Defaults: 1","10,1,1,1","0.080447596799999993","false","998.91153054738572","998.91153054738572","7","0.65","0","997.99842591548179","0.91310463190393421","false"
"Specification-ModerateRiskAversion__Cost-1__Fee-British__ExitFees-AllUnilateralExits__Starts-50","3","42","1","D","8","15","D Offer","D Liability Signal: 10;P Files: 1;D Answers: 1;D Defaults: 1","10,1,1,1","0.080447596799999993","false","998.91153054738572","998.91153054738572","8","0.75","0","997.98963071921003","0.92189982817569671","false"
"Specification-ModerateRiskAversion__Cost-1__Fee-British__ExitFees-AllUnilateralExits__Starts-50","3","42","1","D","8","15","D Offer","D Liability Signal: 10;P Files: 1;D Answers: 1;D Defaults: 1","10,1,1,1","0.080447596799999993","false","998.91153054738572","998.91153054738572","9","0.85","1","998.91153054738572","0","true"
"Specification-ModerateRiskAversion__Cost-1__Fee-British__ExitFees-AllUnilateralExits__Starts-50","3","42","1","D","8","15","D Offer","D Liability Signal: 10;P Files: 1;D Answers: 1;D Defaults: 1","10,1,1,1","0.080447596799999993","false","998.91153054738572","998.91153054738572","10","0.95","0","998.77742973260592","0.13410081477979929","false"
"Specification-ModerateRiskAversion__Cost-1__Fee-British__ExitFees-AllUnilateralExits__Starts-50","3","43","1","D","8","15","D Offer","D Liability Signal: 10;P Files: 1;D Answers: 1;D Defaults: 2","10,1,1,2","0","true","","","1","0.05","0.10000000000000001","","",""
"Specification-ModerateRiskAversion__Cost-1__Fee-British__ExitFees-AllUnilateralExits__Starts-50","3","43","1","D","8","15","D Offer","D Liability Signal: 10;P Files: 1;D Answers: 1;D Defaults: 2","10,1,1,2","0","true","","","2","0.15","0.10000000000000001","","",""
"Specification-ModerateRiskAversion__Cost-1__Fee-British__ExitFees-AllUnilateralExits__Starts-50","3","43","1","D","8","15","D Offer","D Liability Signal: 10;P Files: 1;D Answers: 1;D Defaults: 2","10,1,1,2","0","true","","","3","0.25","0.10000000000000001","","",""
"Specification-ModerateRiskAversion__Cost-1__Fee-British__ExitFees-AllUnilateralExits__Starts-50","3","43","1","D","8","15","D Offer","D Liability Signal: 10;P Files: 1;D Answers: 1;D Defaults: 2","10,1,1,2","0","true","","","4","0.35","0.10000000000000001","","",""
"Specification-ModerateRiskAversion__Cost-1__Fee-British__ExitFees-AllUnilateralExits__Starts-50","3","43","1","D","8","15","D Offer","D Liability Signal: 10;P Files: 1;D Answers: 1;D Defaults: 2","10,1,1,2","0","true","","","5","0.45","0.10000000000000001","","",""
"Specification-ModerateRiskAversion__Cost-1__Fee-British__ExitFees-AllUnilateralExits__Starts-50","3","43","1","D","8","15","D Offer","D Liability Signal: 10;P Files: 1;D Answers: 1;D Defaults: 2","10,1,1,2","0","true","","","6","0.55","0.10000000000000001","","",""
"Specification-ModerateRiskAversion__Cost-1__Fee-British__ExitFees-AllUnilateralExits__Starts-50","3","43","1","D","8","15","D Offer","D Liability Signal: 10;P Files: 1;D Answers: 1;D Defaults: 2","10,1,1,2","0","true","","","7","0.65","0.10000000000000001","","",""
"Specification-ModerateRiskAversion__Cost-1__Fee-British__ExitFees-AllUnilateralExits__Starts-50","3","43","1","D","8","15","D Offer","D Liability Signal: 10;P Files: 1;D Answers: 1;D Defaults: 2","10,1,1,2","0","true","","","8","0.75","0.10000000000000001","","",""
"Specification-ModerateRiskAversion__Cost-1__Fee-British__ExitFees-AllUnilateralExits__Starts-50","3","43","1","D","8","15","D Offer","D Liability Signal: 10;P Files: 1;D Answers: 1;D Defaults: 2","10,1,1,2","0","true","","","9","0.85","0.10000000000000001","","",""
"Specification-ModerateRiskAversion__Cost-1__Fee-British__ExitFees-AllUnilateralExits__Starts-50","3","43","1","D","8","15","D Offer","D Liability Signal: 10;P Files: 1;D Answers: 1;D Defaults: 2","10,1,1,2","0","true","","","10","0.95","0.10000000000000001","","",""
