"OptionSetName","Equilibrium Number","Information Set Number","Player Index","Player","Decision Index","Decision Code","Decision","Information Set Labels","Information Set Contents","Equilibrium Reach Probability","Off Path","Conditional Information-Set Utility","Best Action Utility","Action","Action Label","Equilibrium Action Probability","Conditional Action Utility","Utility Loss from Best Action","Is Best Action"
"Specification-DirectBinaryStateSignalsModerateRiskAversion__Cost-0.25__Fee-American","1","0","0","P","2","9","P Files","P Liability Signal: 1","1","0.11591999999999998","false","1000.0773918127459","1000.0773918127459","1","Yes","1","1000.0773918127459","0","true"
"Specification-DirectBinaryStateSignalsModerateRiskAversion__Cost-0.25__Fee-American","1","0","0","P","2","9","P Files","P Liability Signal: 1","1","0.11591999999999998","false","1000.0773918127459","1000.0773918127459","2","No","0","1000.0000019873002","0.077389825445720817","false"
"Specification-DirectBinaryStateSignalsModerateRiskAversion__Cost-0.25__Fee-American","1","2","0","P","5","20","P Abandons","P Liability Signal: 1;P Files: 1;D Answers: 1","1,1,1","0.11591999999999998","false","1000.0773918127459","1000.0773918127459","1","Yes","0","1000.0289056576565","0.048486155089335625","false"
"Specification-DirectBinaryStateSignalsModerateRiskAversion__Cost-0.25__Fee-American","1","2","0","P","5","20","P Abandons","P Liability Signal: 1;P Files: 1;D Answers: 1","1,1,1","0.11591999999999998","false","1000.0773918127459","1000.0773918127459","2","No","1","1000.0773918127459","0","true"
"Specification-DirectBinaryStateSignalsModerateRiskAversion__Cost-0.25__Fee-American","1","4","0","P","7","14","P Offer","P Liability Signal: 1;P Files: 1;D Answers: 1;P Abandons: 1","1,1,1,1","0","true","","","1","0.05","0.10000000000000001","","",""
"Specification-DirectBinaryStateSignalsModerateRiskAversion__Cost-0.25__Fee-American","1","4","0","P","7","14","P Offer","P Liability Signal: 1;P Files: 1;D Answers: 1;P Abandons: 1","1,1,1,1","0","true","","","2","0.15","0.10000000000000001","","",""
"Specification-DirectBinaryStateSignalsModerateRiskAversion__Cost-0.25__Fee-American","1","4","0","P","7","14","P Offer","P Liability Signal: 1;P Files: 1;D Answers: 1;P Abandons: 1","1,1,1,1","0","true","","","3","0.25","0.10000000000000001","","",""
"Specification-DirectBinaryStateSignalsModerateRiskAversion__Cost-0.25__Fee-American","1","4","0","P","7","14","P Offer","P Liability Signal: 1;P Files: 1;D Answers: 1;P Abandons: 1","1,1,1,1","0","true","","","4","0.35","0.10000000000000001","","",""
"Specification-DirectBinaryStateSignalsModerateRiskAversion__Cost-0.25__Fee-American","1","4","0","P","7","14","P Offer","P Liability Signal: 1;P Files: 1;D Answers: 1;P Abandons: 1","1,1,1,1","0","true","","","5","0.45","0.10000000000000001","","",""
"Specification-DirectBinaryStateSignalsModerateRiskAversion__Cost-0.25__Fee-American","1","4","0","P","7","14","P Offer","P Liability Signal: 1;P Files: 1;D Answers: 1;P Abandons: 1","1,1,1,1","0","true","","","6","0.55","0.10000000000000001","","",""
"Specification-DirectBinaryStateSignalsModerateRiskAversion__Cost-0.25__Fee-American","1","4","0","P","7","14","P Offer","P Liability Signal: 1;P Files: 1;D Answers: 1;P Abandons: 1","1,1,1,1","0","true","","","7","0.65","0.10000000000000001","","",""
"Specification-DirectBinaryStateSignalsModerateRiskAversion__Cost-0.25__Fee-American","1","4","0","P","7","14","P Offer","P Liability Signal: 1;P Files: 1;D Answers: 1;P Abandons: 1","1,1,1,1","0","true","","","8","0.75","0.10000000000000001","","",""
"Specification-DirectBinaryStateSignalsModerateRiskAversion__Cost-0.25__Fee-American","1","4","0","P","7","14","P Offer","P Liability Signal: 1;P Files: 1;D Answers: 1;P Abandons: 1","1,1,1,1","0","true","","","9","0.85","0.10000000000000001","","",""
"Specification-DirectBinaryStateSignalsModerateRiskAversion__Cost-0.25__Fee-American","1","4","0","P","7","14","P Offer","P Liability Signal: 1;P Files: 1;D Answers: 1;P Abandons: 1","1,1,1,1","0","true","","","10","0.95","0.10000000000000001","","",""
"Specification-DirectBinaryStateSignalsModerateRiskAversion__Cost-0.25__Fee-American","1","7","0","P","7","14","P Offer","P Liability Signal: 1;P Files: 1;D Answers: 1;P Abandons: 2","1,1,1,2","0.11591999999999998","false","1000.0773918127459","1000.0773918127459","1","0.05","0","1000.0532187039333","0.024173108812533428","false"
"Specification-DirectBinaryStateSignalsModerateRiskAversion__Cost-0.25__Fee-American","1","7","0","P","7","14","P Offer","P Liability Signal: 1;P Files: 1;D Answers: 1;P Abandons: 2","1,1,1,2","0.11591999999999998","false","1000.0773918127459","1000.0773918127459","2","0.15","0","1000.0659090354591","0.011482777286801138","false"
"Specification-DirectBinaryStateSignalsModerateRiskAversion__Cost-0.25__Fee-American","1","7","0","P","7","14","P Offer","P Liability Signal: 1;P Files: 1;D Answers: 1;P Abandons: 2","1,1,1,2","0.11591999999999998","false","1000.0773918127459","1000.0773918127459","3","0.25","1","1000.0773918127459","0","true"
"Specification-DirectBinaryStateSignalsModerateRiskAversion__Cost-0.25__Fee-American","1","7","0","P","7","14","P Offer","P Liability Signal: 1;P Files: 1;D Answers: 1;P Abandons: 2","1,1,1,2","0.11591999999999998","false","1000.0773918127459","1000.0773918127459","4","0.35","0","1000.0239858446353","0.053405968110610047","false"
"Specification-DirectBinaryStateSignalsModerateRiskAversion__Cost-0.25__Fee-American","1","7","0","P","7","14","P Offer","P Liability Signal: 1;P Files: 1;D Answers: 1;P Abandons: 2","1,1,1,2","0.11591999999999998","false","1000.0773918127459","1000.0773918127459","5","0.45","0","1000.0256836590363","0.05170815370956916","false"
"Specification-DirectBinaryStateSignalsModerateRiskAversion__Cost-0.25__Fee-American","1","7","0","P","7","14","P Offer","P Liability Signal: 1;P Files: 1;D Answers: 1;P Abandons: 2","1,1,1,2","0.11591999999999998","false","1000.0773918127459","1000.0773918127459","6","0.55","0","1000.0272201741167","0.050171638629194604","false"
"Specification-DirectBinaryStateSignalsModerateRiskAversion__Cost-0.25__Fee-American","1","7","0","P","7","14","P Offer","P Liability Signal: 1;P Files: 1;D Answers: 1;P Abandons: 2","1,1,1,2","0.11591999999999998","false","1000.0773918127459","1000.0773918127459","7","0.65","0","1000.0286102219981","0.048781590747807968","false"
"Specification-DirectBinaryStateSignalsModerateRiskAversion__Cost-0.25__Fee-American","1","7","0","P","7","14","P Offer","P Liability Signal: 1;P Files: 1;D Answers: 1;P Abandons: 2","1,1,1,2","0.11591999999999998","false","1000.0773918127459","1000.0773918127459","8","0.75","0","1000.0298681712977","0.047523641448151466","false"
"Specification-DirectBinaryStateSignalsModerateRiskAversion__Cost-0.25__Fee-American","1","7","0","P","7","14","P Offer","P Liability Signal: 1;P Files: 1;D Answers: 1;P Abandons: 2","1,1,1,2","0.11591999999999998","false","1000.0773918127459","1000.0773918127459","9","0.85","0","999.99257760667399","0.084814206071882836","false"
"Specification-DirectBinaryStateSignalsModerateRiskAversion__Cost-0.25__Fee-American","1","7","0","P","7","14","P Offer","P Liability Signal: 1;P Files: 1;D Answers: 1;P Abandons: 2","1,1,1,2","0.11591999999999998","false","1000.0773918127459","1000.0773918127459","10","0.95","0","999.99257760667399","0.084814206071882836","false"
"Specification-DirectBinaryStateSignalsModerateRiskAversion__Cost-0.25__Fee-American","1","44","0","P","2","9","P Files","P Liability Signal: 2","2","0.11026000000000001","false","1000.0783502804621","1000.0783502804621","1","Yes","1","1000.0783502804621","0","true"
"Specification-DirectBinaryStateSignalsModerateRiskAversion__Cost-0.25__Fee-American","1","44","0","P","2","9","P Files","P Liability Signal: 2","2","0.11026000000000001","false","1000.0783502804621","1000.0783502804621","2","No","0","1000.0000019872999","0.078348293162207483","false"
"Specification-DirectBinaryStateSignalsModerateRiskAversion__Cost-0.25__Fee-American","1","45","0","P","5","20","P Abandons","P Liability Signal: 2;P Files: 1;D Answers: 1","2,1,1","0.11026000000000001","false","1000.0783502804621","1000.0783502804621","1","Yes","0","1000.0306797969915","0.047670483470596992","false"
"Specification-DirectBinaryStateSignalsModerateRiskAversion__Cost-0.25__Fee-American","1","45","0","P","5","20","P Abandons","P Liability Signal: 2;P Files: 1;D Answers: 1","2,1,1","0.11026000000000001","false","1000.0783502804621","1000.0783502804621","2","No","1","1000.0783502804621","0","true"
"Specification-DirectBinaryStateSignalsModerateRiskAversion__Cost-0.25__Fee-American","1","46","0","P","7","14","P Offer","P Liability Signal: 2;P Files: 1;D Answers: 1;P Abandons: 1","2,1,1,1","0","true","","","1","0.05","0.10000000000000001","","",""
"Specification-DirectBinaryStateSignalsModerateRiskAversion__Cost-0.25__Fee-American","1","46","0","P","7","14","P Offer","P Liability Signal: 2;P Files: 1;D Answers: 1;P Abandons: 1","2,1,1,1","0","true","","","2","0.15","0.10000000000000001","","",""
"Specification-DirectBinaryStateSignalsModerateRiskAversion__Cost-0.25__Fee-American","1","46","0","P","7","14","P Offer","P Liability Signal: 2;P Files: 1;D Answers: 1;P Abandons: 1","2,1,1,1","0","true","","","3","0.25","0.10000000000000001","","",""
"Specification-DirectBinaryStateSignalsModerateRiskAversion__Cost-0.25__Fee-American","1","46","0","P","7","14","P Offer","P Liability Signal: 2;P Files: 1;D Answers: 1;P Abandons: 1","2,1,1,1","0","true","","","4","0.35","0.10000000000000001","","",""
"Specification-DirectBinaryStateSignalsModerateRiskAversion__Cost-0.25__Fee-American","1","46","0","P","7","14","P Offer","P Liability Signal: 2;P Files: 1;D Answers: 1;P Abandons: 1","2,1,1,1","0","true","","","5","0.45","0.10000000000000001","","",""
"Specification-DirectBinaryStateSignalsModerateRiskAversion__Cost-0.25__Fee-American","1","46","0","P","7","14","P Offer","P Liability Signal: 2;P Files: 1;D Answers: 1;P Abandons: 1","2,1,1,1","0","true","","","6","0.55","0.10000000000000001","","",""
"Specification-DirectBinaryStateSignalsModerateRiskAversion__Cost-0.25__Fee-American","1","46","0","P","7","14","P Offer","P Liability Signal: 2;P Files: 1;D Answers: 1;P Abandons: 1","2,1,1,1","0","true","","","7","0.65","0.10000000000000001","","",""
"Specification-DirectBinaryStateSignalsModerateRiskAversion__Cost-0.25__Fee-American","1","46","0","P","7","14","P Offer","P Liability Signal: 2;P Files: 1;D Answers: 1;P Abandons: 1","2,1,1,1","0","true","","","8","0.75","0.10000000000000001","","",""
"Specification-DirectBinaryStateSignalsModerateRiskAversion__Cost-0.25__Fee-American","1","46","0","P","7","14","P Offer","P Liability Signal: 2;P Files: 1;D Answers: 1;P Abandons: 1","2,1,1,1","0","true","","","9","0.85","0.10000000000000001","","",""
"Specification-DirectBinaryStateSignalsModerateRiskAversion__Cost-0.25__Fee-American","1","46","0","P","7","14","P Offer","P Liability Signal: 2;P Files: 1;D Answers: 1;P Abandons: 1","2,1,1,1","0","true","","","10","0.95","0.10000000000000001","","",""
"Specification-DirectBinaryStateSignalsModerateRiskAversion__Cost-0.25__Fee-American","1","47","0","P","7","14","P Offer","P Liability Signal: 2;P Files: 1;D Answers: 1;P Abandons: 2","2,1,1,2","0.11026000000000001","false","1000.0783502804621","1000.0783502804621","1","0.05","0","1000.0543893464894","0.023960933972716703","false"
"Specification-DirectBinaryStateSignalsModerateRiskAversion__Cost-0.25__Fee-American","1","47","0","P","7","14","P Offer","P Liability Signal: 2;P Files: 1;D Answers: 1;P Abandons: 2","2,1,1,2","0.11026000000000001","false","1000.0783502804621","1000.0783502804621","2","0.15","0","1000.0669682775425","0.011382002919617662","false"
"Specification-DirectBinaryStateSignalsModerateRiskAversion__Cost-0.25__Fee-American","1","47","0","P","7","14","P Offer","P Liability Signal: 2;P Files: 1;D Answers: 1;P Abandons: 2","2,1,1,2","0.11026000000000001","false","1000.0783502804621","1000.0783502804621","3","0.25","1","1000.0783502804621","0","true"
"Specification-DirectBinaryStateSignalsModerateRiskAversion__Cost-0.25__Fee-American","1","47","0","P","7","14","P Offer","P Liability Signal: 2;P Files: 1;D Answers: 1;P Abandons: 2","2,1,1,2","0.11026000000000001","false","1000.0783502804621","1000.0783502804621","4","0.35","0","1000.0269669433784","0.051383337083734659","false"
"Specification-DirectBinaryStateSignalsModerateRiskAversion__Cost-0.25__Fee-American","1","47","0","P","7","14","P Offer","P Liability Signal: 2;P Files: 1;D Answers: 1;P Abandons: 2","2,1,1,2","0.11026000000000001","false","1000.0783502804621","1000.0783502804621","5","0.45","0","1000.0287919585057","0.049558321956396867","false"
"Specification-DirectBinaryStateSignalsModerateRiskAversion__Cost-0.25__Fee-American","1","47","0","P","7","14","P Offer","P Liability Signal: 2;P Files: 1;D Answers: 1;P Abandons: 2","2,1,1,2","0.11026000000000001","false","1000.0783502804621","1000.0783502804621","6","0.55","0","1000.0304435897226","0.047906690739523583","false"
"Specification-DirectBinaryStateSignalsModerateRiskAversion__Cost-0.25__Fee-American","1","47","0","P","7","14","P Offer","P Liability Signal: 2;P Files: 1;D Answers: 1;P Abandons: 2","2,1,1,2","0.11026000000000001","false","1000.0783502804621","1000.0783502804621","7","0.65","0","1000.031937780377","0.04641250008512543","false"
"Specification-DirectBinaryStateSignalsModerateRiskAversion__Cost-0.25__Fee-American","1","47","0","P","7","14","P Offer","P Liability Signal: 2;P Files: 1;D Answers: 1;P Abandons: 2","2,1,1,2","0.11026000000000001","false","1000.0783502804621","1000.0783502804621","8","0.75","0","1000.0332899755873","0.045060304874823487","false"
"Specification-DirectBinaryStateSignalsModerateRiskAversion__Cost-0.25__Fee-American","1","47","0","P","7","14","P Offer","P Liability Signal: 2;P Files: 1;D Answers: 1;P Abandons: 2","2,1,1,2","0.11026000000000001","false","1000.0783502804621","1000.0783502804621","9","0.85","0","999.99704468509026","0.081305595371873096","false"
"Specification-DirectBinaryStateSignalsModerateRiskAversion__Cost-0.25__Fee-American","1","47","0","P","7","14","P Offer","P Liability Signal: 2;P Files: 1;D Answers: 1;P Abandons: 2","2,1,1,2","0.11026000000000001","false","1000.0783502804621","1000.0783502804621","10","0.95","0","999.99704468509026","0.081305595371873096","false"
"Specification-DirectBinaryStateSignalsModerateRiskAversion__Cost-0.25__Fee-American","1","48","0","P","2","9","P Files","P Liability Signal: 3","3","0.10020999999999999","false","1000.0803065721066","1000.0803065721066","1","Yes","1","1000.0803065721066","0","true"
"Specification-DirectBinaryStateSignalsModerateRiskAversion__Cost-0.25__Fee-American","1","48","0","P","2","9","P Files","P Liability Signal: 3","3","0.10020999999999999","false","1000.0803065721066","1000.0803065721066","2","No","0","1000.0000019873","0.080304584806526691","false"
"Specification-DirectBinaryStateSignalsModerateRiskAversion__Cost-0.25__Fee-American","1","49","0","P","5","20","P Abandons","P Liability Signal: 3;P Files: 1;D Answers: 1","3,1,1","0.10020999999999999","false","1000.0803065721066","1000.0803065721066","1","Yes","0","1000.0343009246487","0.04600564745783231","false"
"Specification-DirectBinaryStateSignalsModerateRiskAversion__Cost-0.25__Fee-American","1","49","0","P","5","20","P Abandons","P Liability Signal: 3;P Files: 1;D Answers: 1","3,1,1","0.10020999999999999","false","1000.0803065721066","1000.0803065721066","2","No","1","1000.0803065721066","0","true"
"Specification-DirectBinaryStateSignalsModerateRiskAversion__Cost-0.25__Fee-American","1","50","0","P","7","14","P Offer","P Liability Signal: 3;P Files: 1;D Answers: 1;P Abandons: 1","3,1,1,1","0","true","","","1","0.05","0.10000000000000001","","",""
"Specification-DirectBinaryStateSignalsModerateRiskAversion__Cost-0.25__Fee-American","1","50","0","P","7","14","P Offer","P Liability Signal: 3;P Files: 1;D Answers: 1;P Abandons: 1","3,1,1,1","0","true","","","2","0.15","0.10000000000000001","","",""
"Specification-DirectBinaryStateSignalsModerateRiskAversion__Cost-0.25__Fee-American","1","50","0","P","7","14","P Offer","P Liability Signal: 3;P Files: 1;D Answers: 1;P Abandons: 1","3,1,1,1","0","true","","","3","0.25","0.10000000000000001","","",""
"Specification-DirectBinaryStateSignalsModerateRiskAversion__Cost-0.25__Fee-American","1","50","0","P","7","14","P Offer","P Liability Signal: 3;P Files: 1;D Answers: 1;P Abandons: 1","3,1,1,1","0","true","","","4","0.35","0.10000000000000001","","",""
"Specification-DirectBinaryStateSignalsModerateRiskAversion__Cost-0.25__Fee-American","1","50","0","P","7","14","P Offer","P Liability Signal: 3;P Files: 1;D Answers: 1;P Abandons: 1","3,1,1,1","0","true","","","5","0.45","0.10000000000000001","","",""
"Specification-DirectBinaryStateSignalsModerateRiskAversion__Cost-0.25__Fee-American","1","50","0","P","7","14","P Offer","P Liability Signal: 3;P Files: 1;D Answers: 1;P Abandons: 1","3,1,1,1","0","true","","","6","0.55","0.10000000000000001","","",""
"Specification-DirectBinaryStateSignalsModerateRiskAversion__Cost-0.25__Fee-American","1","50","0","P","7","14","P Offer","P Liability Signal: 3;P Files: 1;D Answers: 1;P Abandons: 1","3,1,1,1","0","true","","","7","0.65","0.10000000000000001","","",""
"Specification-DirectBinaryStateSignalsModerateRiskAversion__Cost-0.25__Fee-American","1","50","0","P","7","14","P Offer","P Liability Signal: 3;P Files: 1;D Answers: 1;P Abandons: 1","3,1,1,1","0","true","","","8","0.75","0.10000000000000001","","",""
"Specification-DirectBinaryStateSignalsModerateRiskAversion__Cost-0.25__Fee-American","1","50","0","P","7","14","P Offer","P Liability Signal: 3;P Files: 1;D Answers: 1;P Abandons: 1","3,1,1,1","0","true","","","9","0.85","0.10000000000000001","","",""
"Specification-DirectBinaryStateSignalsModerateRiskAversion__Cost-0.25__Fee-American","1","50","0","P","7","14","P Offer","P Liability Signal: 3;P Files: 1;D Answers: 1;P Abandons: 1","3,1,1,1","0","true","","","10","0.95","0.10000000000000001","","",""
"Specification-DirectBinaryStateSignalsModerateRiskAversion__Cost-0.25__Fee-American","1","51","0","P","7","14","P Offer","P Liability Signal: 3;P Files: 1;D Answers: 1;P Abandons: 2","3,1,1,2","0.10020999999999999","false","1000.0803065721066","1000.0803065721066","1","0.05","0","1000.0567787000494","0.023527872057115928","false"
"Specification-DirectBinaryStateSignalsModerateRiskAversion__Cost-0.25__Fee-American","1","51","0","P","7","14","P Offer","P Liability Signal: 3;P Files: 1;D Answers: 1;P Abandons: 2","3,1,1,2","0.10020999999999999","false","1000.0803065721066","1000.0803065721066","2","0.15","0","1000.0691302558777","0.011176316228898031","false"
"Specification-DirectBinaryStateSignalsModerateRiskAversion__Cost-0.25__Fee-American","1","51","0","P","7","14","P Offer","P Liability Signal: 3;P Files: 1;D Answers: 1;P Abandons: 2","3,1,1,2","0.10020999999999999","false","1000.0803065721066","1000.0803065721066","3","0.25","1","1000.0803065721066","0","true"
"Specification-DirectBinaryStateSignalsModerateRiskAversion__Cost-0.25__Fee-American","1","51","0","P","7","14","P Offer","P Liability Signal: 3;P Files: 1;D Answers: 1;P Abandons: 2","3,1,1,2","0.10020999999999999","false","1000.0803065721066","1000.0803065721066","4","0.35","0","1000.0330515816657","0.047254990440819711","false"
"Specification-DirectBinaryStateSignalsModerateRiskAversion__Cost-0.25__Fee-American","1","51","0","P","7","14","P Offer","P Liability Signal: 3;P Files: 1;D Answers: 1;P Abandons: 2","3,1,1,2","0.10020999999999999","false","1000.0803065721066","1000.0803065721066","5","0.45","0","1000.03513622131","0.045170350796524872","false"
"Specification-DirectBinaryStateSignalsModerateRiskAversion__Cost-0.25__Fee-American","1","51","0","P","7","14","P Offer","P Liability Signal: 3;P Files: 1;D Answers: 1;P Abandons: 2","3,1,1,2","0.10020999999999999","false","1000.0803065721066","1000.0803065721066","6","0.55","0","1000.0370228116518","0.043283760454755793","false"
"Specification-DirectBinaryStateSignalsModerateRiskAversion__Cost-0.25__Fee-American","1","51","0","P","7","14","P Offer","P Liability Signal: 3;P Files: 1;D Answers: 1;P Abandons: 2","3,1,1,2","0.10020999999999999","false","1000.0803065721066","1000.0803065721066","7","0.65","0","1000.0387295641204","0.041577007986120407","false"
"Specification-DirectBinaryStateSignalsModerateRiskAversion__Cost-0.25__Fee-American","1","51","0","P","7","14","P Offer","P Liability Signal: 3;P Files: 1;D Answers: 1;P Abandons: 2","3,1,1,2","0.10020999999999999","false","1000.0803065721066","1000.0803065721066","8","0.75","0","1000.0402741210394","0.040032451067190777","false"
"Specification-DirectBinaryStateSignalsModerateRiskAversion__Cost-0.25__Fee-American","1","51","0","P","7","14","P Offer","P Liability Signal: 3;P Files: 1;D Answers: 1;P Abandons: 2","3,1,1,2","0.10020999999999999","false","1000.0803065721066","1000.0803065721066","9","0.85","0","1000.0061656544016","0.074140917704994536","false"
"Specification-DirectBinaryStateSignalsModerateRiskAversion__Cost-0.25__Fee-American","1","51","0","P","7","14","P Offer","P Liability Signal: 3;P Files: 1;D Answers: 1;P Abandons: 2","3,1,1,2","0.10020999999999999","false","1000.0803065721066","1000.0803065721066","10","0.95","0","1000.0061656544016","0.074140917704994536","false"
"Specification-DirectBinaryStateSignalsModerateRiskAversion__Cost-0.25__Fee-American","1","52","0","P","2","9","P Files","P Liability Signal: 4","4","0.089980000000000004","false","1000.0839033458011","1000.0839033458011","1","Yes","1","1000.0839033458011","0","true"
"Specification-DirectBinaryStateSignalsModerateRiskAversion__Cost-0.25__Fee-American","1","52","0","P","2","9","P Files","P Liability Signal: 4","4","0.089980000000000004","false","1000.0839033458011","1000.0839033458011","2","No","0","1000.0000019873","0.08390135850106617","false"
"Specification-DirectBinaryStateSignalsModerateRiskAversion__Cost-0.25__Fee-American","1","53","0","P","5","20","P Abandons","P Liability Signal: 4;P Files: 1;D Answers: 1","4,1,1","0.089980000000000004","false","1000.0839033458011","1000.0839033458011","1","Yes","0","1000.0409586112684","0.042944734532738948","false"
"Specification-DirectBinaryStateSignalsModerateRiskAversion__Cost-0.25__Fee-American","1","53","0","P","5","20","P Abandons","P Liability Signal: 4;P Files: 1;D Answers: 1","4,1,1","0.089980000000000004","false","1000.0839033458011","1000.0839033458011","2","No","1","1000.0839033458011","0","true"
"Specification-DirectBinaryStateSignalsModerateRiskAversion__Cost-0.25__Fee-American","1","54","0","P","7","14","P Offer","P Liability Signal: 4;P Files: 1;D Answers: 1;P Abandons: 1","4,1,1,1","0","true","","","1","0.05","0.10000000000000001","","",""
"Specification-DirectBinaryStateSignalsModerateRiskAversion__Cost-0.25__Fee-American","1","54","0","P","7","14","P Offer","P Liability Signal: 4;P Files: 1;D Answers: 1;P Abandons: 1","4,1,1,1","0","true","","","2","0.15","0.10000000000000001","","",""
"Specification-DirectBinaryStateSignalsModerateRiskAversion__Cost-0.25__Fee-American","1","54","0","P","7","14","P Offer","P Liability Signal: 4;P Files: 1;D Answers: 1;P Abandons: 1","4,1,1,1","0","true","","","3","0.25","0.10000000000000001","","",""
"Specification-DirectBinaryStateSignalsModerateRiskAversion__Cost-0.25__Fee-American","1","54","0","P","7","14","P Offer","P Liability Signal: 4;P Files: 1;D Answers: 1;P Abandons: 1","4,1,1,1","0","true","","","4","0.35","0.10000000000000001","","",""
"Specification-DirectBinaryStateSignalsModerateRiskAversion__Cost-0.25__Fee-American","1","54","0","P","7","14","P Offer","P Liability Signal: 4;P Files: 1;D Answers: 1;P Abandons: 1","4,1,1,1","0","true","","","5","0.45","0.10000000000000001","","",""
"Specification-DirectBinaryStateSignalsModerateRiskAversion__Cost-0.25__Fee-American","1","54","0","P","7","14","P Offer","P Liability Signal: 4;P Files: 1;D Answers: 1;P Abandons: 1","4,1,1,1","0","true","","","6","0.55","0.10000000000000001","","",""
"Specification-DirectBinaryStateSignalsModerateRiskAversion__Cost-0.25__Fee-American","1","54","0","P","7","14","P Offer","P Liability Signal: 4;P Files: 1;D Answers: 1;P Abandons: 1","4,1,1,1","0","true","","","7","0.65","0.10000000000000001","","",""
"Specification-DirectBinaryStateSignalsModerateRiskAversion__Cost-0.25__Fee-American","1","54","0","P","7","14","P Offer","P Liability Signal: 4;P Files: 1;D Answers: 1;P Abandons: 1","4,1,1,1","0","true","","","8","0.75","0.10000000000000001","","",""
"Specification-DirectBinaryStateSignalsModerateRiskAversion__Cost-0.25__Fee-American","1","54","0","P","7","14","P Offer","P Liability Signal: 4;P Files: 1;D Answers: 1;P Abandons: 1","4,1,1,1","0","true","","","9","0.85","0.10000000000000001","","",""
"Specification-DirectBinaryStateSignalsModerateRiskAversion__Cost-0.25__Fee-American","1","54","0","P","7","14","P Offer","P Liability Signal: 4;P Files: 1;D Answers: 1;P Abandons: 1","4,1,1,1","0","true","","","10","0.95","0.10000000000000001","","",""
"Specification-DirectBinaryStateSignalsModerateRiskAversion__Cost-0.25__Fee-American","1","55","0","P","7","14","P Offer","P Liability Signal: 4;P Files: 1;D Answers: 1;P Abandons: 2","4,1,1,2","0.089980000000000004","false","1000.0839033458011","1000.0839033458011","1","0.05","0","1000.0611716871882","0.022731658612883621","false"
"Specification-DirectBinaryStateSignalsModerateRiskAversion__Cost-0.25__Fee-American","1","55","0","P","7","14","P Offer","P Liability Signal: 4;P Files: 1;D Answers: 1;P Abandons: 2","4,1,1,2","0.089980000000000004","false","1000.0839033458011","1000.0839033458011","2","0.15","0","1000.0731051983799","0.010798147421155591","false"
"Specification-DirectBinaryStateSignalsModerateRiskAversion__Cost-0.25__Fee-American","1","55","0","P","7","14","P Offer","P Liability Signal: 4;P Files: 1;D Answers: 1;P Abandons: 2","4,1,1,2","0.089980000000000004","false","1000.0839033458011","1000.0839033458011","3","0.25","1","1000.0839033458011","0","true"
"Specification-DirectBinaryStateSignalsModerateRiskAversion__Cost-0.25__Fee-American","1","55","0","P","7","14","P Offer","P Liability Signal: 4;P Files: 1;D Answers: 1;P Abandons: 2","4,1,1,2","0.089980000000000004","false","1000.0839033458011","1000.0839033458011","4","0.35","0","1000.0442381366596","0.03966520914150351","false"
"Specification-DirectBinaryStateSignalsModerateRiskAversion__Cost-0.25__Fee-American","1","55","0","P","7","14","P Offer","P Liability Signal: 4;P Files: 1;D Answers: 1;P Abandons: 2","4,1,1,2","0.089980000000000004","false","1000.0839033458011","1000.0839033458011","5","0.45","0","1000.0468001134309","0.037103232370213846","false"
"Specification-DirectBinaryStateSignalsModerateRiskAversion__Cost-0.25__Fee-American","1","55","0","P","7","14","P Offer","P Liability Signal: 4;P Files: 1;D Answers: 1;P Abandons: 2","4,1,1,2","0.089980000000000004","false","1000.0839033458011","1000.0839033458011","6","0.55","0","1000.0491186919174","0.034784653883662031","false"
"Specification-DirectBinaryStateSignalsModerateRiskAversion__Cost-0.25__Fee-American","1","55","0","P","7","14","P Offer","P Liability Signal: 4;P Files: 1;D Answers: 1;P Abandons: 2","4,1,1,2","0.089980000000000004","false","1000.0839033458011","1000.0839033458011","7","0.65","0","1000.0512162535713","0.032687092229821246","false"
"Specification-DirectBinaryStateSignalsModerateRiskAversion__Cost-0.25__Fee-American","1","55","0","P","7","14","P Offer","P Liability Signal: 4;P Files: 1;D Answers: 1;P Abandons: 2","4,1,1,2","0.089980000000000004","false","1000.0839033458011","1000.0839033458011","8","0.75","0","1000.0531144804229","0.030788865378212904","false"
"Specification-DirectBinaryStateSignalsModerateRiskAversion__Cost-0.25__Fee-American","1","55","0","P","7","14","P Offer","P Liability Signal: 4;P Files: 1;D Answers: 1;P Abandons: 2","4,1,1,2","0.089980000000000004","false","1000.0839033458011","1000.0839033458011","9","0.85","0","1000.0229340731091","0.060969272691977494","false"
"Specification-DirectBinaryStateSignalsModerateRiskAversion__Cost-0.25__Fee-American","1","55","0","P","7","14","P Offer","P Liability Signal: 4;P Files: 1;D Answers: 1;P Abandons: 2","4,1,1,2","0.089980000000000004","false","1000.0839033458011","1000.0839033458011","10","0.95","0","1000.0229340731091","0.060969272691977494","false"
"Specification-DirectBinaryStateSignalsModerateRiskAversion__Cost-0.25__Fee-American","1","56","0","P","2","9","P Files","P Liability Signal: 5","5","0.083629999999999996","false","1000.0894021763617","1000.0894021763617","1","Yes","1","1000.0894021763617","0","true"
"Specification-DirectBinaryStateSignalsModerateRiskAversion__Cost-0.25__Fee-American","1","56","0","P","2","9","P Files","P Liability Signal: 5","5","0.083629999999999996","false","1000.0894021763617","1000.0894021763617","2","No","0","1000.0000019873","0.089400189061620949","false"
"Specification-DirectBinaryStateSignalsModerateRiskAversion__Cost-0.25__Fee-American","1","57","0","P","5","20","P Abandons","P Liability Signal: 5;P Files: 1;D Answers: 1","5,1,1","0.083629999999999996","false","1000.0894021763617","1000.0894021763617","1","Yes","0","1000.0511370360884","0.038265140273210818","false"
"Specification-DirectBinaryStateSignalsModerateRiskAversion__Cost-0.25__Fee-American","1","57","0","P","5","20","P Abandons","P Liability Signal: 5;P Files: 1;D Answers: 1","5,1,1","0.083629999999999996","false","1000.0894021763617","1000.0894021763617","2","No","1","1000.0894021763617","0","true"
"Specification-DirectBinaryStateSignalsModerateRiskAversion__Cost-0.25__Fee-American","1","58","0","P","7","14","P Offer","P Liability Signal: 5;P Files: 1;D Answers: 1;P Abandons: 1","5,1,1,1","0","true","","","1","0.05","0.10000000000000001","","",""
"Specification-DirectBinaryStateSignalsModerateRiskAversion__Cost-0.25__Fee-American","1","58","0","P","7","14","P Offer","P Liability Signal: 5;P Files: 1;D Answers: 1;P Abandons: 1","5,1,1,1","0","true","","","2","0.15","0.10000000000000001","","",""
"Specification-DirectBinaryStateSignalsModerateRiskAversion__Cost-0.25__Fee-American","1","58","0","P","7","14","P Offer","P Liability Signal: 5;P Files: 1;D Answers: 1;P Abandons: 1","5,1,1,1","0","true","","","3","0.25","0.10000000000000001","","",""
"Specification-DirectBinaryStateSignalsModerateRiskAversion__Cost-0.25__Fee-American","1","58","0","P","7","14","P Offer","P Liability Signal: 5;P Files: 1;D Answers: 1;P Abandons: 1","5,1,1,1","0","true","","","4","0.35","0.10000000000000001","","",""
"Specification-DirectBinaryStateSignalsModerateRiskAversion__Cost-0.25__Fee-American","1","58","0","P","7","14","P Offer","P Liability Signal: 5;P Files: 1;D Answers: 1;P Abandons: 1","5,1,1,1","0","true","","","5","0.45","0.10000000000000001","","",""
"Specification-DirectBinaryStateSignalsModerateRiskAversion__Cost-0.25__Fee-American","1","58","0","P","7","14","P Offer","P Liability Signal: 5;P Files: 1;D Answers: 1;P Abandons: 1","5,1,1,1","0","true","","","6","0.55","0.10000000000000001","","",""
"Specification-DirectBinaryStateSignalsModerateRiskAversion__Cost-0.25__Fee-American","1","58","0","P","7","14","P Offer","P Liability Signal: 5;P Files: 1;D Answers: 1;P Abandons: 1","5,1,1,1","0","true","","","7","0.65","0.10000000000000001","","",""
"Specification-DirectBinaryStateSignalsModerateRiskAversion__Cost-0.25__Fee-American","1","58","0","P","7","14","P Offer","P Liability Signal: 5;P Files: 1;D Answers: 1;P Abandons: 1","5,1,1,1","0","true","","","8","0.75","0.10000000000000001","","",""
"Specification-DirectBinaryStateSignalsModerateRiskAversion__Cost-0.25__Fee-American","1","58","0","P","7","14","P Offer","P Liability Signal: 5;P Files: 1;D Answers: 1;P Abandons: 1","5,1,1,1","0","true","","","9","0.85","0.10000000000000001","","",""
"Specification-DirectBinaryStateSignalsModerateRiskAversion__Cost-0.25__Fee-American","1","58","0","P","7","14","P Offer","P Liability Signal: 5;P Files: 1;D Answers: 1;P Abandons: 1","5,1,1,1","0","true","","","10","0.95","0.10000000000000001","","",""
"Specification-DirectBinaryStateSignalsModerateRiskAversion__Cost-0.25__Fee-American","1","59","0","P","7","14","P Offer","P Liability Signal: 5;P Files: 1;D Answers: 1;P Abandons: 2","5,1,1,2","0.083629999999999996","false","1000.0894021763617","1000.0894021763617","1","0.05","0","1000.0678877872223","0.021514389139383638","false"
"Specification-DirectBinaryStateSignalsModerateRiskAversion__Cost-0.25__Fee-American","1","59","0","P","7","14","P Offer","P Liability Signal: 5;P Files: 1;D Answers: 1;P Abandons: 2","5,1,1,2","0.083629999999999996","false","1000.0894021763617","1000.0894021763617","2","0.15","0","1000.079182182134","0.010219994227668394","false"
"Specification-DirectBinaryStateSignalsModerateRiskAversion__Cost-0.25__Fee-American","1","59","0","P","7","14","P Offer","P Liability Signal: 5;P Files: 1;D Answers: 1;P Abandons: 2","5,1,1,2","0.083629999999999996","false","1000.0894021763617","1000.0894021763617","3","0.25","1","1000.0894021763617","0","true"
"Specification-DirectBinaryStateSignalsModerateRiskAversion__Cost-0.25__Fee-American","1","59","0","P","7","14","P Offer","P Liability Signal: 5;P Files: 1;D Answers: 1;P Abandons: 2","5,1,1,2","0.083629999999999996","false","1000.0894021763617","1000.0894021763617","4","0.35","0","1000.0613404205154","0.028061755846238157","false"
"Specification-DirectBinaryStateSignalsModerateRiskAversion__Cost-0.25__Fee-American","1","59","0","P","7","14","P Offer","P Liability Signal: 5;P Files: 1;D Answers: 1;P Abandons: 2","5,1,1,2","0.083629999999999996","false","1000.0894021763617","1000.0894021763617","5","0.45","0","1000.0646321612932","0.024770015068497742","false"
"Specification-DirectBinaryStateSignalsModerateRiskAversion__Cost-0.25__Fee-American","1","59","0","P","7","14","P Offer","P Liability Signal: 5;P Files: 1;D Answers: 1;P Abandons: 2","5,1,1,2","0.083629999999999996","false","1000.0894021763617","1000.0894021763617","6","0.55","0","1000.0676111732174","0.021791003144244314","false"
"Specification-DirectBinaryStateSignalsModerateRiskAversion__Cost-0.25__Fee-American","1","59","0","P","7","14","P Offer","P Liability Signal: 5;P Files: 1;D Answers: 1;P Abandons: 2","5,1,1,2","0.083629999999999996","false","1000.0894021763617","1000.0894021763617","7","0.65","0","1000.0703062129644","0.019095963397262494","false"
"Specification-DirectBinaryStateSignalsModerateRiskAversion__Cost-0.25__Fee-American","1","59","0","P","7","14","P Offer","P Liability Signal: 5;P Files: 1;D Answers: 1;P Abandons: 2","5,1,1,2","0.083629999999999996","false","1000.0894021763617","1000.0894021763617","8","0.75","0","1000.0727451385637","0.016657037797926932","false"
"Specification-DirectBinaryStateSignalsModerateRiskAversion__Cost-0.25__Fee-American","1","59","0","P","7","14","P Offer","P Liability Signal: 5;P Files: 1;D Answers: 1;P Abandons: 2","5,1,1,2","0.083629999999999996","false","1000.0894021763617","1000.0894021763617","9","0.85","0","1000.0485676712161","0.040834505145539879","false"
"Specification-DirectBinaryStateSignalsModerateRiskAversion__Cost-0.25__Fee-American","1","59","0","P","7","14","P Offer","P Liability Signal: 5;P Files: 1;D Answers: 1;P Abandons: 2","5,1,1,2","0.083629999999999996","false","1000.0894021763617","1000.0894021763617","10","0.95","0","1000.0485676712161","0.040834505145539879","false"
"Specification-DirectBinaryStateSignalsModerateRiskAversion__Cost-0.25__Fee-American","1","60","0","P","2","9","P Files","P Liability Signal: 6","6","0.083629999999999982","false","1000.0958177186594","1000.0958177186594","1","Yes","1","1000.0958177186594","0","true"
"Specification-DirectBinaryStateSignalsModerateRiskAversion__Cost-0.25__Fee-American","1","60","0","P","2","9","P Files","P Liability Signal: 6","6","0.083629999999999982","false","1000.0958177186594","1000.0958177186594","2","No","0","1000.0000019873","0.095815731359380152","false"
"Specification-DirectBinaryStateSignalsModerateRiskAversion__Cost-0.25__Fee-American","1","61","0","P","5","20","P Abandons","P Liability Signal: 6;P Files: 1;D Answers: 1","6,1,1","0.083629999999999982","false","1000.0958177186594","1000.0958177186594","1","Yes","0","1000.0630123092463","0.032805409413072084","false"
"Specification-DirectBinaryStateSignalsModerateRiskAversion__Cost-0.25__Fee-American","1","61","0","P","5","20","P Abandons","P Liability Signal: 6;P Files: 1;D Answers: 1","6,1,1","0.083629999999999982","false","1000.0958177186594","1000.0958177186594","2","No","1","1000.0958177186594","0","true"
"Specification-DirectBinaryStateSignalsModerateRiskAversion__Cost-0.25__Fee-American","1","62","0","P","7","14","P Offer","P Liability Signal: 6;P Files: 1;D Answers: 1;P Abandons: 1","6,1,1,1","0","true","","","1","0.05","0.10000000000000001","","",""
"Specification-DirectBinaryStateSignalsModerateRiskAversion__Cost-0.25__Fee-American","1","62","0","P","7","14","P Offer","P Liability Signal: 6;P Files: 1;D Answers: 1;P Abandons: 1","6,1,1,1","0","true","","","2","0.15","0.10000000000000001","","",""
"Specification-DirectBinaryStateSignalsModerateRiskAversion__Cost-0.25__Fee-American","1","62","0","P","7","14","P Offer","P Liability Signal: 6;P Files: 1;D Answers: 1;P Abandons: 1","6,1,1,1","0","true","","","3","0.25","0.10000000000000001","","",""
"Specification-DirectBinaryStateSignalsModerateRiskAversion__Cost-0.25__Fee-American","1","62","0","P","7","14","P Offer","P Liability Signal: 6;P Files: 1;D Answers: 1;P Abandons: 1","6,1,1,1","0","true","","","4","0.35","0.10000000000000001","","",""
"Specification-DirectBinaryStateSignalsModerateRiskAversion__Cost-0.25__Fee-American","1","62","0","P","7","14","P Offer","P Liability Signal: 6;P Files: 1;D Answers: 1;P Abandons: 1","6,1,1,1","0","true","","","5","0.45","0.10000000000000001","","",""
"Specification-DirectBinaryStateSignalsModerateRiskAversion__Cost-0.25__Fee-American","1","62","0","P","7","14","P Offer","P Liability Signal: 6;P Files: 1;D Answers: 1;P Abandons: 1","6,1,1,1","0","true","","","6","0.55","0.10000000000000001","","",""
"Specification-DirectBinaryStateSignalsModerateRiskAversion__Cost-0.25__Fee-American","1","62","0","P","7","14","P Offer","P Liability Signal: 6;P Files: 1;D Answers: 1;P Abandons: 1","6,1,1,1","0","true","","","7","0.65","0.10000000000000001","","",""
"Specification-DirectBinaryStateSignalsModerateRiskAversion__Cost-0.25__Fee-American","1","62","0","P","7","14","P Offer","P Liability Signal: 6;P Files: 1;D Answers: 1;P Abandons: 1","6,1,1,1","0","true","","","8","0.75","0.10000000000000001","","",""
"Specification-DirectBinaryStateSignalsModerateRiskAversion__Cost-0.25__Fee-American","1","62","0","P","7","14","P Offer","P Liability Signal: 6;P Files: 1;D Answers: 1;P Abandons: 1","6,1,1,1","0","true","","","9","0.85","0.10000000000000001","","",""
"Specification-DirectBinaryStateSignalsModerateRiskAversion__Cost-0.25__Fee-American","1","62","0","P","7","14","P Offer","P Liability Signal: 6;P Files: 1;D Answers: 1;P Abandons: 1","6,1,1,1","0","true","","","10","0.95","0.10000000000000001","","",""
"Specification-DirectBinaryStateSignalsModerateRiskAversion__Cost-0.25__Fee-American","1","63","0","P","7","14","P Offer","P Liability Signal: 6;P Files: 1;D Answers: 1;P Abandons: 2","6,1,1,2","0.083629999999999982","false","1000.0958177186594","1000.0958177186594","1","0.05","0","1000.0757235303618","0.020094188297662186","false"
"Specification-DirectBinaryStateSignalsModerateRiskAversion__Cost-0.25__Fee-American","1","63","0","P","7","14","P Offer","P Liability Signal: 6;P Files: 1;D Answers: 1;P Abandons: 2","6,1,1,2","0.083629999999999982","false","1000.0958177186594","1000.0958177186594","2","0.15","0","1000.0862722617218","0.0095454569376443033","false"
"Specification-DirectBinaryStateSignalsModerateRiskAversion__Cost-0.25__Fee-American","1","63","0","P","7","14","P Offer","P Liability Signal: 6;P Files: 1;D Answers: 1;P Abandons: 2","6,1,1,2","0.083629999999999982","false","1000.0958177186594","1000.0958177186594","3","0.25","1","1000.0958177186594","0","true"
"Specification-DirectBinaryStateSignalsModerateRiskAversion__Cost-0.25__Fee-American","1","63","0","P","7","14","P Offer","P Liability Signal: 6;P Files: 1;D Answers: 1;P Abandons: 2","6,1,1,2","0.083629999999999982","false","1000.0958177186594","1000.0958177186594","4","0.35","0","1000.0812944265377","0.014523292121680242","false"
"Specification-DirectBinaryStateSignalsModerateRiskAversion__Cost-0.25__Fee-American","1","63","0","P","7","14","P Offer","P Liability Signal: 6;P Files: 1;D Answers: 1;P Abandons: 2","6,1,1,2","0.083629999999999982","false","1000.0958177186594","1000.0958177186594","5","0.45","0","1000.0854375905044","0.010380128155020429","false"
"Specification-DirectBinaryStateSignalsModerateRiskAversion__Cost-0.25__Fee-American","1","63","0","P","7","14","P Offer","P Liability Signal: 6;P Files: 1;D Answers: 1;P Abandons: 2","6,1,1,2","0.083629999999999982","false","1000.0958177186594","1000.0958177186594","6","0.55","0","1000.0891871369279","0.0066305817315424065","false"
"Specification-DirectBinaryStateSignalsModerateRiskAversion__Cost-0.25__Fee-American","1","63","0","P","7","14","P Offer","P Liability Signal: 6;P Files: 1;D Answers: 1;P Abandons: 2","6,1,1,2","0.083629999999999982","false","1000.0958177186594","1000.0958177186594","7","0.65","0","1000.0925792605251","0.0032384581343194441","false"
"Specification-DirectBinaryStateSignalsModerateRiskAversion__Cost-0.25__Fee-American","1","63","0","P","7","14","P Offer","P Liability Signal: 6;P Files: 1;D Answers: 1;P Abandons: 2","6,1,1,2","0.083629999999999982","false","1000.0958177186594","1000.0958177186594","8","0.75","0","1000.0956490249274","0.00016869373200734117","false"
"Specification-DirectBinaryStateSignalsModerateRiskAversion__Cost-0.25__Fee-American","1","63","0","P","7","14","P Offer","P Liability Signal: 6;P Files: 1;D Answers: 1;P Abandons: 2","6,1,1,2","0.083629999999999982","false","1000.0958177186594","1000.0958177186594","9","0.85","0","1000.0784784703272","0.017339248332177704","false"
"Specification-DirectBinaryStateSignalsModerateRiskAversion__Cost-0.25__Fee-American","1","63","0","P","7","14","P Offer","P Liability Signal: 6;P Files: 1;D Answers: 1;P Abandons: 2","6,1,1,2","0.083629999999999982","false","1000.0958177186594","1000.0958177186594","10","0.95","0","1000.0784784703272","0.017339248332177704","false"
"Specification-DirectBinaryStateSignalsModerateRiskAversion__Cost-0.25__Fee-American","1","64","0","P","2","9","P Files","P Liability Signal: 7","7","0.089979999999999991","false","1000.1152797015354","1000.1152797015354","1","Yes","1","1000.1152797015354","0","true"
"Specification-DirectBinaryStateSignalsModerateRiskAversion__Cost-0.25__Fee-American","1","64","0","P","2","9","P Files","P Liability Signal: 7","7","0.089979999999999991","false","1000.1152797015354","1000.1152797015354","2","No","0","1000.0000019873003","0.11527771423516242","false"
"Specification-DirectBinaryStateSignalsModerateRiskAversion__Cost-0.25__Fee-American","1","65","0","P","5","20","P Abandons","P Liability Signal: 7;P Files: 1;D Answers: 1","7,1,1","0.089979999999999991","false","1000.1152797015354","1000.1152797015354","1","Yes","0","1000.0731907340663","0.042088967469112504","false"
"Specification-DirectBinaryStateSignalsModerateRiskAversion__Cost-0.25__Fee-American","1","65","0","P","5","20","P Abandons","P Liability Signal: 7;P Files: 1;D Answers: 1","7,1,1","0.089979999999999991","false","1000.1152797015354","1000.1152797015354","2","No","1","1000.1152797015354","0","true"
"Specification-DirectBinaryStateSignalsModerateRiskAversion__Cost-0.25__Fee-American","1","66","0","P","7","14","P Offer","P Liability Signal: 7;P Files: 1;D Answers: 1;P Abandons: 1","7,1,1,1","0","true","","","1","0.05","0.10000000000000001","","",""
"Specification-DirectBinaryStateSignalsModerateRiskAversion__Cost-0.25__Fee-American","1","66","0","P","7","14","P Offer","P Liability Signal: 7;P Files: 1;D Answers: 1;P Abandons: 1","7,1,1,1","0","true","","","2","0.15","0.10000000000000001","","",""
"Specification-DirectBinaryStateSignalsModerateRiskAversion__Cost-0.25__Fee-American","1","66","0","P","7","14","P Offer","P Liability Signal: 7;P Files: 1;D Answers: 1;P Abandons: 1","7,1,1,1","0","true","","","3","0.25","0.10000000000000001","","",""
"Specification-DirectBinaryStateSignalsModerateRiskAversion__Cost-0.25__Fee-American","1","66","0","P","7","14","P Offer","P Liability Signal: 7;P Files: 1;D Answers: 1;P Abandons: 1","7,1,1,1","0","true","","","4","0.35","0.10000000000000001","","",""
"Specification-DirectBinaryStateSignalsModerateRiskAversion__Cost-0.25__Fee-American","1","66","0","P","7","14","P Offer","P Liability Signal: 7;P Files: 1;D Answers: 1;P Abandons: 1","7,1,1,1","0","true","","","5","0.45","0.10000000000000001","","",""
"Specification-DirectBinaryStateSignalsModerateRiskAversion__Cost-0.25__Fee-American","1","66","0","P","7","14","P Offer","P Liability Signal: 7;P Files: 1;D Answers: 1;P Abandons: 1","7,1,1,1","0","true","","","6","0.55","0.10000000000000001","","",""
"Specification-DirectBinaryStateSignalsModerateRiskAversion__Cost-0.25__Fee-American","1","66","0","P","7","14","P Offer","P Liability Signal: 7;P Files: 1;D Answers: 1;P Abandons: 1","7,1,1,1","0","true","","","7","0.65","0.10000000000000001","","",""
"Specification-DirectBinaryStateSignalsModerateRiskAversion__Cost-0.25__Fee-American","1","66","0","P","7","14","P Offer","P Liability Signal: 7;P Files: 1;D Answers: 1;P Abandons: 1","7,1,1,1","0","true","","","8","0.75","0.10000000000000001","","",""
"Specification-DirectBinaryStateSignalsModerateRiskAversion__Cost-0.25__Fee-American","1","66","0","P","7","14","P Offer","P Liability Signal: 7;P Files: 1;D Answers: 1;P Abandons: 1","7,1,1,1","0","true","","","9","0.85","0.10000000000000001","","",""
"Specification-DirectBinaryStateSignalsModerateRiskAversion__Cost-0.25__Fee-American","1","66","0","P","7","14","P Offer","P Liability Signal: 7;P Files: 1;D Answers: 1;P Abandons: 1","7,1,1,1","0","true","","","10","0.95","0.10000000000000001","","",""
"Specification-DirectBinaryStateSignalsModerateRiskAversion__Cost-0.25__Fee-American","1","67","0","P","7","14","P Offer","P Liability Signal: 7;P Files: 1;D Answers: 1;P Abandons: 2","7,1,1,2","0.089979999999999991","false","1000.1152797015354","1000.1152797015354","1","0.05","0","1000.0824396303954","0.032840071140071814","false"
"Specification-DirectBinaryStateSignalsModerateRiskAversion__Cost-0.25__Fee-American","1","67","0","P","7","14","P Offer","P Liability Signal: 7;P Files: 1;D Answers: 1;P Abandons: 2","7,1,1,2","0.089979999999999991","false","1000.1152797015354","1000.1152797015354","2","0.15","0","1000.0923492454756","0.022930456059839344","false"
"Specification-DirectBinaryStateSignalsModerateRiskAversion__Cost-0.25__Fee-American","1","67","0","P","7","14","P Offer","P Liability Signal: 7;P Files: 1;D Answers: 1;P Abandons: 2","7,1,1,2","0.089979999999999991","false","1000.1152797015354","1000.1152797015354","3","0.25","0","1000.1013165492201","0.013963152315341176","false"
"Specification-DirectBinaryStateSignalsModerateRiskAversion__Cost-0.25__Fee-American","1","67","0","P","7","14","P Offer","P Liability Signal: 7;P Files: 1;D Answers: 1;P Abandons: 2","7,1,1,2","0.089979999999999991","false","1000.1152797015354","1000.1152797015354","4","0.35","0","1000.0983967288604","0.01688297267503458","false"
"Specification-DirectBinaryStateSignalsModerateRiskAversion__Cost-0.25__Fee-American","1","67","0","P","7","14","P Offer","P Liability Signal: 7;P Files: 1;D Answers: 1;P Abandons: 2","7,1,1,2","0.089979999999999991","false","1000.1152797015354","1000.1152797015354","5","0.45","0","1000.1032696568337","0.012010044701696643","false"
"Specification-DirectBinaryStateSignalsModerateRiskAversion__Cost-0.25__Fee-American","1","67","0","P","7","14","P Offer","P Liability Signal: 7;P Files: 1;D Answers: 1;P Abandons: 2","7,1,1,2","0.089979999999999991","false","1000.1152797015354","1000.1152797015354","6","0.55","0","1000.1076796366948","0.0076000648406306937","false"
"Specification-DirectBinaryStateSignalsModerateRiskAversion__Cost-0.25__Fee-American","1","67","0","P","7","14","P Offer","P Liability Signal: 7;P Files: 1;D Answers: 1;P Abandons: 2","7,1,1,2","0.089979999999999991","false","1000.1152797015354","1000.1152797015354","7","0.65","0","1000.1116692383852","0.0036104631502666962","false"
"Specification-DirectBinaryStateSignalsModerateRiskAversion__Cost-0.25__Fee-American","1","67","0","P","7","14","P Offer","P Liability Signal: 7;P Files: 1;D Answers: 1;P Abandons: 2","7,1,1,2","0.089979999999999991","false","1000.1152797015354","1000.1152797015354","8","0.75","1","1000.1152797015354","0","true"
"Specification-DirectBinaryStateSignalsModerateRiskAversion__Cost-0.25__Fee-American","1","67","0","P","7","14","P Offer","P Liability Signal: 7;P Files: 1;D Answers: 1;P Abandons: 2","7,1,1,2","0.089979999999999991","false","1000.1152797015354","1000.1152797015354","9","0.85","0","1000.1041134012837","0.011166300251716166","false"
"Specification-DirectBinaryStateSignalsModerateRiskAversion__Cost-0.25__Fee-American","1","67","0","P","7","14","P Offer","P Liability Signal: 7;P Files: 1;D Answers: 1;P Abandons: 2","7,1,1,2","0.089979999999999991","false","1000.1152797015354","1000.1152797015354","10","0.95","0","1000.1041134012837","0.011166300251716166","false"
"Specification-DirectBinaryStateSignalsModerateRiskAversion__Cost-0.25__Fee-American","1","68","0","P","2","9","P Files","P Liability Signal: 8","8","0.10020999999999999","false","1000.1281211162919","1000.1281211162919","1","Yes","1","1000.1281211162919","0","true"
"Specification-DirectBinaryStateSignalsModerateRiskAversion__Cost-0.25__Fee-American","1","68","0","P","2","9","P Files","P Liability Signal: 8","8","0.10020999999999999","false","1000.1281211162919","1000.1281211162919","2","No","0","1000.0000019873","0.12811912899189792","false"
"Specification-DirectBinaryStateSignalsModerateRiskAversion__Cost-0.25__Fee-American","1","69","0","P","5","20","P Abandons","P Liability Signal: 8;P Files: 1;D Answers: 1","8,1,1","0.10020999999999999","false","1000.1281211162919","1000.1281211162919","1","Yes","0","1000.0798493090881","0.048271807203832395","false"
"Specification-DirectBinaryStateSignalsModerateRiskAversion__Cost-0.25__Fee-American","1","69","0","P","5","20","P Abandons","P Liability Signal: 8;P Files: 1;D Answers: 1","8,1,1","0.10020999999999999","false","1000.1281211162919","1000.1281211162919","2","No","1","1000.1281211162919","0","true"
"Specification-DirectBinaryStateSignalsModerateRiskAversion__Cost-0.25__Fee-American","1","70","0","P","7","14","P Offer","P Liability Signal: 8;P Files: 1;D Answers: 1;P Abandons: 1","8,1,1,1","0","true","","","1","0.05","0.10000000000000001","","",""
"Specification-DirectBinaryStateSignalsModerateRiskAversion__Cost-0.25__Fee-American","1","70","0","P","7","14","P Offer","P Liability Signal: 8;P Files: 1;D Answers: 1;P Abandons: 1","8,1,1,1","0","true","","","2","0.15","0.10000000000000001","","",""
"Specification-DirectBinaryStateSignalsModerateRiskAversion__Cost-0.25__Fee-American","1","70","0","P","7","14","P Offer","P Liability Signal: 8;P Files: 1;D Answers: 1;P Abandons: 1","8,1,1,1","0","true","","","3","0.25","0.10000000000000001","","",""
"Specification-DirectBinaryStateSignalsModerateRiskAversion__Cost-0.25__Fee-American","1","70","0","P","7","14","P Offer","P Liability Signal: 8;P Files: 1;D Answers: 1;P Abandons: 1","8,1,1,1","0","true","","","4","0.35","0.10000000000000001","","",""
"Specification-DirectBinaryStateSignalsModerateRiskAversion__Cost-0.25__Fee-American","1","70","0","P","7","14","P Offer","P Liability Signal: 8;P Files: 1;D Answers: 1;P Abandons: 1","8,1,1,1","0","true","","","5","0.45","0.10000000000000001","","",""
"Specification-DirectBinaryStateSignalsModerateRiskAversion__Cost-0.25__Fee-American","1","70","0","P","7","14","P Offer","P Liability Signal: 8;P Files: 1;D Answers: 1;P Abandons: 1","8,1,1,1","0","true","","","6","0.55","0.10000000000000001","","",""
"Specification-DirectBinaryStateSignalsModerateRiskAversion__Cost-0.25__Fee-American","1","70","0","P","7","14","P Offer","P Liability Signal: 8;P Files: 1;D Answers: 1;P Abandons: 1","8,1,1,1","0","true","","","7","0.65","0.10000000000000001","","",""
"Specification-DirectBinaryStateSignalsModerateRiskAversion__Cost-0.25__Fee-American","1","70","0","P","7","14","P Offer","P Liability Signal: 8;P Files: 1;D Answers: 1;P Abandons: 1","8,1,1,1","0","true","","","8","0.75","0.10000000000000001","","",""
"Specification-DirectBinaryStateSignalsModerateRiskAversion__Cost-0.25__Fee-American","1","70","0","P","7","14","P Offer","P Liability Signal: 8;P Files: 1;D Answers: 1;P Abandons: 1","8,1,1,1","0","true","","","9","0.85","0.10000000000000001","","",""
"Specification-DirectBinaryStateSignalsModerateRiskAversion__Cost-0.25__Fee-American","1","70","0","P","7","14","P Offer","P Liability Signal: 8;P Files: 1;D Answers: 1;P Abandons: 1","8,1,1,1","0","true","","","10","0.95","0.10000000000000001","","",""
"Specification-DirectBinaryStateSignalsModerateRiskAversion__Cost-0.25__Fee-American","1","71","0","P","7","14","P Offer","P Liability Signal: 8;P Files: 1;D Answers: 1;P Abandons: 2","8,1,1,2","0.10020999999999999","false","1000.1281211162919","1000.1281211162919","1","0.05","0","1000.0868332037348","0.041287912557095297","false"
"Specification-DirectBinaryStateSignalsModerateRiskAversion__Cost-0.25__Fee-American","1","71","0","P","7","14","P Offer","P Liability Signal: 8;P Files: 1;D Answers: 1;P Abandons: 2","8,1,1,2","0.10020999999999999","false","1000.1281211162919","1000.1281211162919","2","0.15","0","1000.0963247183947","0.031796397897210227","false"
"Specification-DirectBinaryStateSignalsModerateRiskAversion__Cost-0.25__Fee-American","1","71","0","P","7","14","P Offer","P Liability Signal: 8;P Files: 1;D Answers: 1;P Abandons: 2","8,1,1,2","0.10020999999999999","false","1000.1281211162919","1000.1281211162919","3","0.25","0","1000.1049138028683","0.023207313423654341","false"
"Specification-DirectBinaryStateSignalsModerateRiskAversion__Cost-0.25__Fee-American","1","71","0","P","7","14","P Offer","P Liability Signal: 8;P Files: 1;D Answers: 1;P Abandons: 2","8,1,1,2","0.10020999999999999","false","1000.1281211162919","1000.1281211162919","4","0.35","0","1000.1095841185435","0.01853699774846973","false"
"Specification-DirectBinaryStateSignalsModerateRiskAversion__Cost-0.25__Fee-American","1","71","0","P","7","14","P Offer","P Liability Signal: 8;P Files: 1;D Answers: 1;P Abandons: 2","8,1,1,2","0.10020999999999999","false","1000.1281211162919","1000.1281211162919","5","0.45","0","1000.1149344473396","0.01318666895235765","false"
"Specification-DirectBinaryStateSignalsModerateRiskAversion__Cost-0.25__Fee-American","1","71","0","P","7","14","P Offer","P Liability Signal: 8;P Files: 1;D Answers: 1;P Abandons: 2","8,1,1,2","0.10020999999999999","false","1000.1281211162919","1000.1281211162919","6","0.55","0","1000.1197764729906","0.0083446433013705246","false"
"Specification-DirectBinaryStateSignalsModerateRiskAversion__Cost-0.25__Fee-American","1","71","0","P","7","14","P Offer","P Liability Signal: 8;P Files: 1;D Answers: 1;P Abandons: 2","8,1,1,2","0.10020999999999999","false","1000.1281211162919","1000.1281211162919","7","0.65","0","1000.1241569360153","0.0039641802766254841","false"
"Specification-DirectBinaryStateSignalsModerateRiskAversion__Cost-0.25__Fee-American","1","71","0","P","7","14","P Offer","P Liability Signal: 8;P Files: 1;D Answers: 1;P Abandons: 2","8,1,1,2","0.10020999999999999","false","1000.1281211162919","1000.1281211162919","8","0.75","1","1000.1281211162919","0","true"
"Specification-DirectBinaryStateSignalsModerateRiskAversion__Cost-0.25__Fee-American","1","71","0","P","7","14","P Offer","P Liability Signal: 8;P Files: 1;D Answers: 1;P Abandons: 2","8,1,1,2","0.10020999999999999","false","1000.1281211162919","1000.1281211162919","9","0.85","0","1000.1208819768572","0.0072391394347732785","false"
"Specification-DirectBinaryStateSignalsModerateRiskAversion__Cost-0.25__Fee-American","1","71","0","P","7","14","P Offer","P Liability Signal: 8;P Files: 1;D Answers: 1;P Abandons: 2","8,1,1,2","0.10020999999999999","false","1000.1281211162919","1000.1281211162919","10","0.95","0","1000.1208819768572","0.0072391394347732785","false"
"Specification-DirectBinaryStateSignalsModerateRiskAversion__Cost-0.25__Fee-American","1","72","0","P","2","9","P Files","P Liability Signal: 9","9","0.11026","false","1000.1351047321097","1000.1351047321097","1","Yes","1","1000.1351047321097","0","true"
"Specification-DirectBinaryStateSignalsModerateRiskAversion__Cost-0.25__Fee-American","1","72","0","P","2","9","P Files","P Liability Signal: 9","9","0.11026","false","1000.1351047321097","1000.1351047321097","2","No","0","1000.0000019873","0.13510274480961471","false"
"Specification-DirectBinaryStateSignalsModerateRiskAversion__Cost-0.25__Fee-American","1","73","0","P","5","20","P Abandons","P Liability Signal: 9;P Files: 1;D Answers: 1","9,1,1","0.11026","false","1000.1351047321097","1000.1351047321097","1","Yes","0","1000.0834695483426","0.051635183767075432","false"
"Specification-DirectBinaryStateSignalsModerateRiskAversion__Cost-0.25__Fee-American","1","73","0","P","5","20","P Abandons","P Liability Signal: 9;P Files: 1;D Answers: 1","9,1,1","0.11026","false","1000.1351047321097","1000.1351047321097","2","No","1","1000.1351047321097","0","true"
"Specification-DirectBinaryStateSignalsModerateRiskAversion__Cost-0.25__Fee-American","1","74","0","P","7","14","P Offer","P Liability Signal: 9;P Files: 1;D Answers: 1;P Abandons: 1","9,1,1,1","0","true","","","1","0.05","0.10000000000000001","","",""
"Specification-DirectBinaryStateSignalsModerateRiskAversion__Cost-0.25__Fee-American","1","74","0","P","7","14","P Offer","P Liability Signal: 9;P Files: 1;D Answers: 1;P Abandons: 1","9,1,1,1","0","true","","","2","0.15","0.10000000000000001","","",""
"Specification-DirectBinaryStateSignalsModerateRiskAversion__Cost-0.25__Fee-American","1","74","0","P","7","14","P Offer","P Liability Signal: 9;P Files: 1;D Answers: 1;P Abandons: 1","9,1,1,1","0","true","","","3","0.25","0.10000000000000001","","",""
"Specification-DirectBinaryStateSignalsModerateRiskAversion__Cost-0.25__Fee-American","1","74","0","P","7","14","P Offer","P Liability Signal: 9;P Files: 1;D Answers: 1;P Abandons: 1","9,1,1,1","0","true","","","4","0.35","0.10000000000000001","","",""
"Specification-DirectBinaryStateSignalsModerateRiskAversion__Cost-0.25__Fee-American","1","74","0","P","7","14","P Offer","P Liability Signal: 9;P Files: 1;D Answers: 1;P Abandons: 1","9,1,1,1","0","true","","","5","0.45","0.10000000000000001","","",""
"Specification-DirectBinaryStateSignalsModerateRiskAversion__Cost-0.25__Fee-American","1","74","0","P","7","14","P Offer","P Liability Signal: 9;P Files: 1;D Answers: 1;P Abandons: 1","9,1,1,1","0","true","","","6","0.55","0.10000000000000001","","",""
"Specification-DirectBinaryStateSignalsModerateRiskAversion__Cost-0.25__Fee-American","1","74","0","P","7","14","P Offer","P Liability Signal: 9;P Files: 1;D Answers: 1;P Abandons: 1","9,1,1,1","0","true","","","7","0.65","0.10000000000000001","","",""
"Specification-DirectBinaryStateSignalsModerateRiskAversion__Cost-0.25__Fee-American","1","74","0","P","7","14","P Offer","P Liability Signal: 9;P Files: 1;D Answers: 1;P Abandons: 1","9,1,1,1","0","true","","","8","0.75","0.10000000000000001","","",""
"Specification-DirectBinaryStateSignalsModerateRiskAversion__Cost-0.25__Fee-American","1","74","0","P","7","14","P Offer","P Liability Signal: 9;P Files: 1;D Answers: 1;P Abandons: 1","9,1,1,1","0","true","","","9","0.85","0.10000000000000001","","",""
"Specification-DirectBinaryStateSignalsModerateRiskAversion__Cost-0.25__Fee-American","1","74","0","P","7","14","P Offer","P Liability Signal: 9;P Files: 1;D Answers: 1;P Abandons: 1","9,1,1,1","0","true","","","10","0.95","0.10000000000000001","","",""
"Specification-DirectBinaryStateSignalsModerateRiskAversion__Cost-0.25__Fee-American","1","75","0","P","7","14","P Offer","P Liability Signal: 9;P Files: 1;D Answers: 1;P Abandons: 2","9,1,1,2","0.11026","false","1000.1351047321097","1000.1351047321097","1","0.05","0","1000.0892219710944","0.045882761015263895","false"
"Specification-DirectBinaryStateSignalsModerateRiskAversion__Cost-0.25__Fee-American","1","75","0","P","7","14","P Offer","P Liability Signal: 9;P Files: 1;D Answers: 1;P Abandons: 2","9,1,1,2","0.11026","false","1000.1351047321097","1000.1351047321097","2","0.15","0","1000.0984861663128","0.036618565796857183","false"
"Specification-DirectBinaryStateSignalsModerateRiskAversion__Cost-0.25__Fee-American","1","75","0","P","7","14","P Offer","P Liability Signal: 9;P Files: 1;D Answers: 1;P Abandons: 2","9,1,1,2","0.11026","false","1000.1351047321097","1000.1351047321097","3","0.25","0","1000.1068696145587","0.028235117550934774","false"
"Specification-DirectBinaryStateSignalsModerateRiskAversion__Cost-0.25__Fee-American","1","75","0","P","7","14","P Offer","P Liability Signal: 9;P Files: 1;D Answers: 1;P Abandons: 2","9,1,1,2","0.11026","false","1000.1351047321097","1000.1351047321097","4","0.35","0","1000.1156684478805","0.01943628422918664","false"
"Specification-DirectBinaryStateSignalsModerateRiskAversion__Cost-0.25__Fee-American","1","75","0","P","7","14","P Offer","P Liability Signal: 9;P Files: 1;D Answers: 1;P Abandons: 2","9,1,1,2","0.11026","false","1000.1351047321097","1000.1351047321097","5","0.45","0","1000.1212783374976","0.013826394612010517","false"
"Specification-DirectBinaryStateSignalsModerateRiskAversion__Cost-0.25__Fee-American","1","75","0","P","7","14","P Offer","P Liability Signal: 9;P Files: 1;D Answers: 1;P Abandons: 2","9,1,1,2","0.11026","false","1000.1351047321097","1000.1351047321097","6","0.55","0","1000.1263552646287","0.0087494674809249773","false"
"Specification-DirectBinaryStateSignalsModerateRiskAversion__Cost-0.25__Fee-American","1","75","0","P","7","14","P Offer","P Liability Signal: 9;P Files: 1;D Answers: 1;P Abandons: 2","9,1,1,2","0.11026","false","1000.1351047321097","1000.1351047321097","7","0.65","0","1000.1309482373184","0.0041564947912320349","false"
"Specification-DirectBinaryStateSignalsModerateRiskAversion__Cost-0.25__Fee-American","1","75","0","P","7","14","P Offer","P Liability Signal: 9;P Files: 1;D Answers: 1;P Abandons: 2","9,1,1,2","0.11026","false","1000.1351047321097","1000.1351047321097","8","0.75","1","1000.1351047321097","0","true"
"Specification-DirectBinaryStateSignalsModerateRiskAversion__Cost-0.25__Fee-American","1","75","0","P","7","14","P Offer","P Liability Signal: 9;P Files: 1;D Answers: 1;P Abandons: 2","9,1,1,2","0.11026","false","1000.1351047321097","1000.1351047321097","9","0.85","0","1000.1300015449804","0.0051031871292934738","false"
"Specification-DirectBinaryStateSignalsModerateRiskAversion__Cost-0.25__Fee-American","1","75","0","P","7","14","P Offer","P Liability Signal: 9;P Files: 1;D Answers: 1;P Abandons: 2","9,1,1,2","0.11026","false","1000.1351047321097","1000.1351047321097","10","0.95","0","1000.1300015449804","0.0051031871292934738","false"
"Specification-DirectBinaryStateSignalsModerateRiskAversion__Cost-0.25__Fee-American","1","76","0","P","2","9","P Files","P Liability Signal: 10","10","0.11592","false","1000.1385255363061","1000.1385255363061","1","Yes","1","1000.1385255363061","0","true"
"Specification-DirectBinaryStateSignalsModerateRiskAversion__Cost-0.25__Fee-American","1","76","0","P","2","9","P Files","P Liability Signal: 10","10","0.11592","false","1000.1385255363061","1000.1385255363061","2","No","0","1000.0000019873","0.13852354900609498","false"
"Specification-DirectBinaryStateSignalsModerateRiskAversion__Cost-0.25__Fee-American","1","77","0","P","5","20","P Abandons","P Liability Signal: 10;P Files: 1;D Answers: 1","10,1,1","0.11592","false","1000.1385255363061","1000.1385255363061","1","Yes","0","1000.0852436876783","0.053281848627875661","false"
"Specification-DirectBinaryStateSignalsModerateRiskAversion__Cost-0.25__Fee-American","1","77","0","P","5","20","P Abandons","P Liability Signal: 10;P Files: 1;D Answers: 1","10,1,1","0.11592","false","1000.1385255363061","1000.1385255363061","2","No","1","1000.1385255363061","0","true"
"Specification-DirectBinaryStateSignalsModerateRiskAversion__Cost-0.25__Fee-American","1","78","0","P","7","14","P Offer","P Liability Signal: 10;P Files: 1;D Answers: 1;P Abandons: 1","10,1,1,1","0","true","","","1","0.05","0.10000000000000001","","",""
"Specification-DirectBinaryStateSignalsModerateRiskAversion__Cost-0.25__Fee-American","1","78","0","P","7","14","P Offer","P Liability Signal: 10;P Files: 1;D Answers: 1;P Abandons: 1","10,1,1,1","0","true","","","2","0.15","0.10000000000000001","","",""
"Specification-DirectBinaryStateSignalsModerateRiskAversion__Cost-0.25__Fee-American","1","78","0","P","7","14","P Offer","P Liability Signal: 10;P Files: 1;D Answers: 1;P Abandons: 1","10,1,1,1","0","true","","","3","0.25","0.10000000000000001","","",""
"Specification-DirectBinaryStateSignalsModerateRiskAversion__Cost-0.25__Fee-American","1","78","0","P","7","14","P Offer","P Liability Signal: 10;P Files: 1;D Answers: 1;P Abandons: 1","10,1,1,1","0","true","","","4","0.35","0.10000000000000001","","",""
"Specification-DirectBinaryStateSignalsModerateRiskAversion__Cost-0.25__Fee-American","1","78","0","P","7","14","P Offer","P Liability Signal: 10;P Files: 1;D Answers: 1;P Abandons: 1","10,1,1,1","0","true","","","5","0.45","0.10000000000000001","","",""
"Specification-DirectBinaryStateSignalsModerateRiskAversion__Cost-0.25__Fee-American","1","78","0","P","7","14","P Offer","P Liability Signal: 10;P Files: 1;D Answers: 1;P Abandons: 1","10,1,1,1","0","true","","","6","0.55","0.10000000000000001","","",""
"Specification-DirectBinaryStateSignalsModerateRiskAversion__Cost-0.25__Fee-American","1","78","0","P","7","14","P Offer","P Liability Signal: 10;P Files: 1;D Answers: 1;P Abandons: 1","10,1,1,1","0","true","","","7","0.65","0.10000000000000001","","",""
"Specification-DirectBinaryStateSignalsModerateRiskAversion__Cost-0.25__Fee-American","1","78","0","P","7","14","P Offer","P Liability Signal: 10;P Files: 1;D Answers: 1;P Abandons: 1","10,1,1,1","0","true","","","8","0.75","0.10000000000000001","","",""
"Specification-DirectBinaryStateSignalsModerateRiskAversion__Cost-0.25__Fee-American","1","78","0","P","7","14","P Offer","P Liability Signal: 10;P Files: 1;D Answers: 1;P Abandons: 1","10,1,1,1","0","true","","","9","0.85","0.10000000000000001","","",""
"Specification-DirectBinaryStateSignalsModerateRiskAversion__Cost-0.25__Fee-American","1","78","0","P","7","14","P Offer","P Liability Signal: 10;P Files: 1;D Answers: 1;P Abandons: 1","10,1,1,1","0","true","","","10","0.95","0.10000000000000001","","",""
"Specification-DirectBinaryStateSignalsModerateRiskAversion__Cost-0.25__Fee-American","1","79","0","P","7","14","P Offer","P Liability Signal: 10;P Files: 1;D Answers: 1;P Abandons: 2","10,1,1,2","0.11592","false","1000.1385255363061","1000.1385255363061","1","0.05","0","1000.0903926136507","0.04813292265544078","false"
"Specification-DirectBinaryStateSignalsModerateRiskAversion__Cost-0.25__Fee-American","1","79","0","P","7","14","P Offer","P Liability Signal: 10;P Files: 1;D Answers: 1;P Abandons: 2","10,1,1,2","0.11592","false","1000.1385255363061","1000.1385255363061","2","0.15","0","1000.0995454083967","0.038980127909439943","false"
"Specification-DirectBinaryStateSignalsModerateRiskAversion__Cost-0.25__Fee-American","1","79","0","P","7","14","P Offer","P Liability Signal: 10;P Files: 1;D Answers: 1;P Abandons: 2","10,1,1,2","0.11592","false","1000.1385255363061","1000.1385255363061","3","0.25","0","1000.1078280822753","0.030697454030814697","false"
"Specification-DirectBinaryStateSignalsModerateRiskAversion__Cost-0.25__Fee-American","1","79","0","P","7","14","P Offer","P Liability Signal: 10;P Files: 1;D Answers: 1;P Abandons: 2","10,1,1,2","0.11592","false","1000.1385255363061","1000.1385255363061","4","0.35","0","1000.1186485465305","0.019876989775639231","false"
"Specification-DirectBinaryStateSignalsModerateRiskAversion__Cost-0.25__Fee-American","1","79","0","P","7","14","P Offer","P Liability Signal: 10;P Files: 1;D Answers: 1;P Abandons: 2","10,1,1,2","0.11592","false","1000.1385255363061","1000.1385255363061","5","0.45","0","1000.1243856368739","0.01413989943227989","false"
"Specification-DirectBinaryStateSignalsModerateRiskAversion__Cost-0.25__Fee-American","1","79","0","P","7","14","P Offer","P Liability Signal: 10;P Files: 1;D Answers: 1;P Abandons: 2","10,1,1,2","0.11592","false","1000.1385255363061","1000.1385255363061","6","0.55","0","1000.1295776801412","0.008947856164922996","false"
"Specification-DirectBinaryStateSignalsModerateRiskAversion__Cost-0.25__Fee-American","1","79","0","P","7","14","P Offer","P Liability Signal: 10;P Files: 1;D Answers: 1;P Abandons: 2","10,1,1,2","0.11592","false","1000.1385255363061","1000.1385255363061","7","0.65","0","1000.134274795604","0.0042507407021048493","false"
"Specification-DirectBinaryStateSignalsModerateRiskAversion__Cost-0.25__Fee-American","1","79","0","P","7","14","P Offer","P Liability Signal: 10;P Files: 1;D Answers: 1;P Abandons: 2","10,1,1,2","0.11592","false","1000.1385255363061","1000.1385255363061","8","0.75","1","1000.1385255363061","0","true"
"Specification-DirectBinaryStateSignalsModerateRiskAversion__Cost-0.25__Fee-American","1","79","0","P","7","14","P Offer","P Liability Signal: 10;P Files: 1;D Answers: 1;P Abandons: 2","10,1,1,2","0.11592","false","1000.1385255363061","1000.1385255363061","9","0.85","0","1000.134468516524","0.0040570197821807596","false"
"Specification-DirectBinaryStateSignalsModerateRiskAversion__Cost-0.25__Fee-American","1","79","0","P","7","14","P Offer","P Liability Signal: 10;P Files: 1;D Answers: 1;P Abandons: 2","10,1,1,2","0.11592","false","1000.1385255363061","1000.1385255363061","10","0.95","0","1000.134468516524","0.0040570197821807596","false"
"Specification-DirectBinaryStateSignalsModerateRiskAversion__Cost-0.25__Fee-American","1","1","1","D","3","10","D Answers","D Liability Signal: 1;P Files: 1","1,1","0.1159160021","false","999.83153500620108","999.83153500620108","1","Yes","1","999.83153500620108","0","true"
"Specification-DirectBinaryStateSignalsModerateRiskAversion__Cost-0.25__Fee-American","1","1","1","D","3","10","D Answers","D Liability Signal: 1;P Files: 1","1,1","0.1159160021","false","999.83153500620108","999.83153500620108","2","No","0","998.80796942200004","1.0235655842010374","false"
"Specification-DirectBinaryStateSignalsModerateRiskAversion__Cost-0.25__Fee-American","1","3","1","D","6","21","D Defaults","D Liability Signal: 1;P Files: 1;D Answers: 1","1,1,1","0.1159160021","false","999.83153500620108","999.83153500620108","1","Yes","0","999.43783094258151","0.39370406361956611","false"
"Specification-DirectBinaryStateSignalsModerateRiskAversion__Cost-0.25__Fee-American","1","3","1","D","6","21","D Defaults","D Liability Signal: 1;P Files: 1;D Answers: 1","1,1,1","0.1159160021","false","999.83153500620108","999.83153500620108","2","No","1","999.83153500620108","0","true"
"Specification-DirectBinaryStateSignalsModerateRiskAversion__Cost-0.25__Fee-American","1","5","1","D","8","15","D Offer","D Liability Signal: 1;P Files: 1;D Answers: 1;D Defaults: 1","1,1,1,1","0","true","","","1","0.05","0.10000000000000001","","",""
"Specification-DirectBinaryStateSignalsModerateRiskAversion__Cost-0.25__Fee-American","1","5","1","D","8","15","D Offer","D Liability Signal: 1;P Files: 1;D Answers: 1;D Defaults: 1","1,1,1,1","0","true","","","2","0.15","0.10000000000000001","","",""
"Specification-DirectBinaryStateSignalsModerateRiskAversion__Cost-0.25__Fee-American","1","5","1","D","8","15","D Offer","D Liability Signal: 1;P Files: 1;D Answers: 1;D Defaults: 1","1,1,1,1","0","true","","","3","0.25","0.10000000000000001","","",""
"Specification-DirectBinaryStateSignalsModerateRiskAversion__Cost-0.25__Fee-American","1","5","1","D","8","15","D Offer","D Liability Signal: 1;P Files: 1;D Answers: 1;D Defaults: 1","1,1,1,1","0","true","","","4","0.35","0.10000000000000001","","",""
"Specification-DirectBinaryStateSignalsModerateRiskAversion__Cost-0.25__Fee-American","1","5","1","D","8","15","D Offer","D Liability Signal: 1;P Files: 1;D Answers: 1;D Defaults: 1","1,1,1,1","0","true","","","5","0.45","0.10000000000000001","","",""
"Specification-DirectBinaryStateSignalsModerateRiskAversion__Cost-0.25__Fee-American","1","5","1","D","8","15","D Offer","D Liability Signal: 1;P Files: 1;D Answers: 1;D Defaults: 1","1,1,1,1","0","true","","","6","0.55","0.10000000000000001","","",""
"Specification-DirectBinaryStateSignalsModerateRiskAversion__Cost-0.25__Fee-American","1","5","1","D","8","15","D Offer","D Liability Signal: 1;P Files: 1;D Answers: 1;D Defaults: 1","1,1,1,1","0","true","","","7","0.65","0.10000000000000001","","",""
"Specification-DirectBinaryStateSignalsModerateRiskAversion__Cost-0.25__Fee-American","1","5","1","D","8","15","D Offer","D Liability Signal: 1;P Files: 1;D Answers: 1;D Defaults: 1","1,1,1,1","0","true","","","8","0.75","0.10000000000000001","","",""
"Specification-DirectBinaryStateSignalsModerateRiskAversion__Cost-0.25__Fee-American","1","5","1","D","8","15","D Offer","D Liability Signal: 1;P Files: 1;D Answers: 1;D Defaults: 1","1,1,1,1","0","true","","","9","0.85","0.10000000000000001","","",""
"Specification-DirectBinaryStateSignalsModerateRiskAversion__Cost-0.25__Fee-American","1","5","1","D","8","15","D Offer","D Liability Signal: 1;P Files: 1;D Answers: 1;D Defaults: 1","1,1,1,1","0","true","","","10","0.95","0.10000000000000001","","",""
"Specification-DirectBinaryStateSignalsModerateRiskAversion__Cost-0.25__Fee-American","1","6","1","D","8","15","D Offer","D Liability Signal: 1;P Files: 1;D Answers: 1;D Defaults: 2","1,1,1,2","0.1159160021","false","999.83153500620108","999.83153500620108","1","0.05","0","999.80155032890639","0.029984677294692119","false"
"Specification-DirectBinaryStateSignalsModerateRiskAversion__Cost-0.25__Fee-American","1","6","1","D","8","15","D Offer","D Liability Signal: 1;P Files: 1;D Answers: 1;D Defaults: 2","1,1,1,2","0.1159160021","false","999.83153500620108","999.83153500620108","2","0.15","0","999.80155032890639","0.029984677294692119","false"
"Specification-DirectBinaryStateSignalsModerateRiskAversion__Cost-0.25__Fee-American","1","6","1","D","8","15","D Offer","D Liability Signal: 1;P Files: 1;D Answers: 1;D Defaults: 2","1,1,1,2","0.1159160021","false","999.83153500620108","999.83153500620108","3","0.25","1","999.83153500620108","0","true"
"Specification-DirectBinaryStateSignalsModerateRiskAversion__Cost-0.25__Fee-American","1","6","1","D","8","15","D Offer","D Liability Signal: 1;P Files: 1;D Answers: 1;D Defaults: 2","1,1,1,2","0.1159160021","false","999.83153500620108","999.83153500620108","4","0.35","0","999.80012204813977","0.031412958061309837","false"
"Specification-DirectBinaryStateSignalsModerateRiskAversion__Cost-0.25__Fee-American","1","6","1","D","8","15","D Offer","D Liability Signal: 1;P Files: 1;D Answers: 1;D Defaults: 2","1,1,1,2","0.1159160021","false","999.83153500620108","999.83153500620108","5","0.45","0","999.76540862280103","0.066126383400046507","false"
"Specification-DirectBinaryStateSignalsModerateRiskAversion__Cost-0.25__Fee-American","1","6","1","D","8","15","D Offer","D Liability Signal: 1;P Files: 1;D Answers: 1;D Defaults: 2","1,1,1,2","0.1159160021","false","999.83153500620108","999.83153500620108","6","0.55","0","999.72704361664432","0.10449138955675608","false"
"Specification-DirectBinaryStateSignalsModerateRiskAversion__Cost-0.25__Fee-American","1","6","1","D","8","15","D Offer","D Liability Signal: 1;P Files: 1;D Answers: 1;D Defaults: 2","1,1,1,2","0.1159160021","false","999.83153500620108","999.83153500620108","7","0.65","0","999.68465250856013","0.14688249764094508","false"
"Specification-DirectBinaryStateSignalsModerateRiskAversion__Cost-0.25__Fee-American","1","6","1","D","8","15","D Offer","D Liability Signal: 1;P Files: 1;D Answers: 1;D Defaults: 2","1,1,1,2","0.1159160021","false","999.83153500620108","999.83153500620108","8","0.75","0","999.60469900549936","0.22683600070172361","false"
"Specification-DirectBinaryStateSignalsModerateRiskAversion__Cost-0.25__Fee-American","1","6","1","D","8","15","D Offer","D Liability Signal: 1;P Files: 1;D Answers: 1;D Defaults: 2","1,1,1,2","0.1159160021","false","999.83153500620108","999.83153500620108","9","0.85","0","999.54350934129423","0.28802566490685422","false"
"Specification-DirectBinaryStateSignalsModerateRiskAversion__Cost-0.25__Fee-American","1","6","1","D","8","15","D Offer","D Liability Signal: 1;P Files: 1;D Answers: 1;D Defaults: 2","1,1,1,2","0.1159160021","false","999.83153500620108","999.83153500620108","10","0.95","0","999.47587611827566","0.355658887925415","false"
"Specification-DirectBinaryStateSignalsModerateRiskAversion__Cost-0.25__Fee-American","1","8","1","D","3","10","D Answers","D Liability Signal: 2;P Files: 1","2,1","0.11026289529999998","false","999.80625221959872","999.80625221959872","1","Yes","1","999.80625221959872","0","true"
"Specification-DirectBinaryStateSignalsModerateRiskAversion__Cost-0.25__Fee-American","1","8","1","D","3","10","D Answers","D Liability Signal: 2;P Files: 1","2,1","0.11026289529999998","false","999.80625221959872","999.80625221959872","2","No","0","998.80796942200004","0.99828279759867655","false"
"Specification-DirectBinaryStateSignalsModerateRiskAversion__Cost-0.25__Fee-American","1","9","1","D","6","21","D Defaults","D Liability Signal: 2;P Files: 1;D Answers: 1","2,1,1","0.11026289529999998","false","999.80625221959872","999.80625221959872","1","Yes","0","999.42471779424739","0.38153442535133308","false"
"Specification-DirectBinaryStateSignalsModerateRiskAversion__Cost-0.25__Fee-American","1","9","1","D","6","21","D Defaults","D Liability Signal: 2;P Files: 1;D Answers: 1","2,1,1","0.11026289529999998","false","999.80625221959872","999.80625221959872","2","No","1","999.80625221959872","0","true"
"Specification-DirectBinaryStateSignalsModerateRiskAversion__Cost-0.25__Fee-American","1","10","1","D","8","15","D Offer","D Liability Signal: 2;P Files: 1;D Answers: 1;D Defaults: 1","2,1,1,1","0","true","","","1","0.05","0.10000000000000001","","",""
"Specification-DirectBinaryStateSignalsModerateRiskAversion__Cost-0.25__Fee-American","1","10","1","D","8","15","D Offer","D Liability Signal: 2;P Files: 1;D Answers: 1;D Defaults: 1","2,1,1,1","0","true","","","2","0.15","0.10000000000000001","","",""
"Specification-DirectBinaryStateSignalsModerateRiskAversion__Cost-0.25__Fee-American","1","10","1","D","8","15","D Offer","D Liability Signal: 2;P Files: 1;D Answers: 1;D Defaults: 1","2,1,1,1","0","true","","","3","0.25","0.10000000000000001","","",""
"Specification-DirectBinaryStateSignalsModerateRiskAversion__Cost-0.25__Fee-American","1","10","1","D","8","15","D Offer","D Liability Signal: 2;P Files: 1;D Answers: 1;D Defaults: 1","2,1,1,1","0","true","","","4","0.35","0.10000000000000001","","",""
"Specification-DirectBinaryStateSignalsModerateRiskAversion__Cost-0.25__Fee-American","1","10","1","D","8","15","D Offer","D Liability Signal: 2;P Files: 1;D Answers: 1;D Defaults: 1","2,1,1,1","0","true","","","5","0.45","0.10000000000000001","","",""
"Specification-DirectBinaryStateSignalsModerateRiskAversion__Cost-0.25__Fee-American","1","10","1","D","8","15","D Offer","D Liability Signal: 2;P Files: 1;D Answers: 1;D Defaults: 1","2,1,1,1","0","true","","","6","0.55","0.10000000000000001","","",""
"Specification-DirectBinaryStateSignalsModerateRiskAversion__Cost-0.25__Fee-American","1","10","1","D","8","15","D Offer","D Liability Signal: 2;P Files: 1;D Answers: 1;D Defaults: 1","2,1,1,1","0","true","","","7","0.65","0.10000000000000001","","",""
"Specification-DirectBinaryStateSignalsModerateRiskAversion__Cost-0.25__Fee-American","1","10","1","D","8","15","D Offer","D Liability Signal: 2;P Files: 1;D Answers: 1;D Defaults: 1","2,1,1,1","0","true","","","8","0.75","0.10000000000000001","","",""
"Specification-DirectBinaryStateSignalsModerateRiskAversion__Cost-0.25__Fee-American","1","10","1","D","8","15","D Offer","D Liability Signal: 2;P Files: 1;D Answers: 1;D Defaults: 1","2,1,1,1","0","true","","","9","0.85","0.10000000000000001","","",""
"Specification-DirectBinaryStateSignalsModerateRiskAversion__Cost-0.25__Fee-American","1","10","1","D","8","15","D Offer","D Liability Signal: 2;P Files: 1;D Answers: 1;D Defaults: 1","2,1,1,1","0","true","","","10","0.95","0.10000000000000001","","",""
"Specification-DirectBinaryStateSignalsModerateRiskAversion__Cost-0.25__Fee-American","1","11","1","D","8","15","D Offer","D Liability Signal: 2;P Files: 1;D Answers: 1;D Defaults: 2","2,1,1,2","0.11026289529999998","false","999.80625221959872","999.80625221959872","1","0.05","0","999.76853741601417","0.037714803584549372","false"
"Specification-DirectBinaryStateSignalsModerateRiskAversion__Cost-0.25__Fee-American","1","11","1","D","8","15","D Offer","D Liability Signal: 2;P Files: 1;D Answers: 1;D Defaults: 2","2,1,1,2","0.11026289529999998","false","999.80625221959872","999.80625221959872","2","0.15","0","999.76853741601417","0.037714803584549372","false"
"Specification-DirectBinaryStateSignalsModerateRiskAversion__Cost-0.25__Fee-American","1","11","1","D","8","15","D Offer","D Liability Signal: 2;P Files: 1;D Answers: 1;D Defaults: 2","2,1,1,2","0.11026289529999998","false","999.80625221959872","999.80625221959872","3","0.25","1","999.80625221959872","0","true"
"Specification-DirectBinaryStateSignalsModerateRiskAversion__Cost-0.25__Fee-American","1","11","1","D","8","15","D Offer","D Liability Signal: 2;P Files: 1;D Answers: 1;D Defaults: 2","2,1,1,2","0.11026289529999998","false","999.80625221959872","999.80625221959872","4","0.35","0","999.77553595067354","0.030716268925175427","false"
"Specification-DirectBinaryStateSignalsModerateRiskAversion__Cost-0.25__Fee-American","1","11","1","D","8","15","D Offer","D Liability Signal: 2;P Files: 1;D Answers: 1;D Defaults: 2","2,1,1,2","0.11026289529999998","false","999.80625221959872","999.80625221959872","5","0.45","0","999.74159241355324","0.064659806045483492","false"
"Specification-DirectBinaryStateSignalsModerateRiskAversion__Cost-0.25__Fee-American","1","11","1","D","8","15","D Offer","D Liability Signal: 2;P Files: 1;D Answers: 1;D Defaults: 2","2,1,1,2","0.11026289529999998","false","999.80625221959872","999.80625221959872","6","0.55","0","999.7040782818334","0.1021739377653148","false"
"Specification-DirectBinaryStateSignalsModerateRiskAversion__Cost-0.25__Fee-American","1","11","1","D","8","15","D Offer","D Liability Signal: 2;P Files: 1;D Answers: 1;D Defaults: 2","2,1,1,2","0.11026289529999998","false","999.80625221959872","999.80625221959872","7","0.65","0","999.66262734068357","0.14362487891514775","false"
"Specification-DirectBinaryStateSignalsModerateRiskAversion__Cost-0.25__Fee-American","1","11","1","D","8","15","D Offer","D Liability Signal: 2;P Files: 1;D Answers: 1;D Defaults: 2","2,1,1,2","0.11026289529999998","false","999.80625221959872","999.80625221959872","8","0.75","0","999.59761504751987","0.20863717207885202","false"
"Specification-DirectBinaryStateSignalsModerateRiskAversion__Cost-0.25__Fee-American","1","11","1","D","8","15","D Offer","D Liability Signal: 2;P Files: 1;D Answers: 1;D Defaults: 2","2,1,1,2","0.11026289529999998","false","999.80625221959872","999.80625221959872","9","0.85","0","999.53568015436178","0.27057206523693367","false"
"Specification-DirectBinaryStateSignalsModerateRiskAversion__Cost-0.25__Fee-American","1","11","1","D","8","15","D Offer","D Liability Signal: 2;P Files: 1;D Answers: 1;D Defaults: 2","2,1,1,2","0.11026289529999998","false","999.80625221959872","999.80625221959872","10","0.95","0","999.46722357145518","0.33902864814353961","false"
"Specification-DirectBinaryStateSignalsModerateRiskAversion__Cost-0.25__Fee-American","1","12","1","D","3","10","D Answers","D Liability Signal: 3;P Files: 1","3,1","0.10021399789999999","false","999.7546489650947","999.7546489650947","1","Yes","1","999.7546489650947","0","true"
"Specification-DirectBinaryStateSignalsModerateRiskAversion__Cost-0.25__Fee-American","1","12","1","D","3","10","D Answers","D Liability Signal: 3;P Files: 1","3,1","0.10021399789999999","false","999.7546489650947","999.7546489650947","2","No","0","998.80796942200016","0.94667954309454672","false"
"Specification-DirectBinaryStateSignalsModerateRiskAversion__Cost-0.25__Fee-American","1","13","1","D","6","21","D Defaults","D Liability Signal: 3;P Files: 1;D Answers: 1","3,1,1","0.10021399789999999","false","999.7546489650947","999.7546489650947","1","Yes","0","999.39796299292595","0.35668597216874787","false"
"Specification-DirectBinaryStateSignalsModerateRiskAversion__Cost-0.25__Fee-American","1","13","1","D","6","21","D Defaults","D Liability Signal: 3;P Files: 1;D Answers: 1","3,1,1","0.10021399789999999","false","999.7546489650947","999.7546489650947","2","No","1","999.7546489650947","0","true"
"Specification-DirectBinaryStateSignalsModerateRiskAversion__Cost-0.25__Fee-American","1","14","1","D","8","15","D Offer","D Liability Signal: 3;P Files: 1;D Answers: 1;D Defaults: 1","3,1,1,1","0","true","","","1","0.05","0.10000000000000001","","",""
"Specification-DirectBinaryStateSignalsModerateRiskAversion__Cost-0.25__Fee-American","1","14","1","D","8","15","D Offer","D Liability Signal: 3;P Files: 1;D Answers: 1;D Defaults: 1","3,1,1,1","0","true","","","2","0.15","0.10000000000000001","","",""
"Specification-DirectBinaryStateSignalsModerateRiskAversion__Cost-0.25__Fee-American","1","14","1","D","8","15","D Offer","D Liability Signal: 3;P Files: 1;D Answers: 1;D Defaults: 1","3,1,1,1","0","true","","","3","0.25","0.10000000000000001","","",""
"Specification-DirectBinaryStateSignalsModerateRiskAversion__Cost-0.25__Fee-American","1","14","1","D","8","15","D Offer","D Liability Signal: 3;P Files: 1;D Answers: 1;D Defaults: 1","3,1,1,1","0","true","","","4","0.35","0.10000000000000001","","",""
"Specification-DirectBinaryStateSignalsModerateRiskAversion__Cost-0.25__Fee-American","1","14","1","D","8","15","D Offer","D Liability Signal: 3;P Files: 1;D Answers: 1;D Defaults: 1","3,1,1,1","0","true","","","5","0.45","0.10000000000000001","","",""
"Specification-DirectBinaryStateSignalsModerateRiskAversion__Cost-0.25__Fee-American","1","14","1","D","8","15","D Offer","D Liability Signal: 3;P Files: 1;D Answers: 1;D Defaults: 1","3,1,1,1","0","true","","","6","0.55","0.10000000000000001","","",""
"Specification-DirectBinaryStateSignalsModerateRiskAversion__Cost-0.25__Fee-American","1","14","1","D","8","15","D Offer","D Liability Signal: 3;P Files: 1;D Answers: 1;D Defaults: 1","3,1,1,1","0","true","","","7","0.65","0.10000000000000001","","",""
"Specification-DirectBinaryStateSignalsModerateRiskAversion__Cost-0.25__Fee-American","1","14","1","D","8","15","D Offer","D Liability Signal: 3;P Files: 1;D Answers: 1;D Defaults: 1","3,1,1,1","0","true","","","8","0.75","0.10000000000000001","","",""
"Specification-DirectBinaryStateSignalsModerateRiskAversion__Cost-0.25__Fee-American","1","14","1","D","8","15","D Offer","D Liability Signal: 3;P Files: 1;D Answers: 1;D Defaults: 1","3,1,1,1","0","true","","","9","0.85","0.10000000000000001","","",""
"Specification-DirectBinaryStateSignalsModerateRiskAversion__Cost-0.25__Fee-American","1","14","1","D","8","15","D Offer","D Liability Signal: 3;P Files: 1;D Answers: 1;D Defaults: 1","3,1,1,1","0","true","","","10","0.95","0.10000000000000001","","",""
"Specification-DirectBinaryStateSignalsModerateRiskAversion__Cost-0.25__Fee-American","1","15","1","D","8","15","D Offer","D Liability Signal: 3;P Files: 1;D Answers: 1;D Defaults: 2","3,1,1,2","0.10021399789999999","false","999.7546489650947","999.7546489650947","1","0.05","0","999.70115185866985","0.053497106424856611","false"
"Specification-DirectBinaryStateSignalsModerateRiskAversion__Cost-0.25__Fee-American","1","15","1","D","8","15","D Offer","D Liability Signal: 3;P Files: 1;D Answers: 1;D Defaults: 2","3,1,1,2","0.10021399789999999","false","999.7546489650947","999.7546489650947","2","0.15","0","999.70115185866985","0.053497106424856611","false"
"Specification-DirectBinaryStateSignalsModerateRiskAversion__Cost-0.25__Fee-American","1","15","1","D","8","15","D Offer","D Liability Signal: 3;P Files: 1;D Answers: 1;D Defaults: 2","3,1,1,2","0.10021399789999999","false","999.7546489650947","999.7546489650947","3","0.25","1","999.7546489650947","0","true"
"Specification-DirectBinaryStateSignalsModerateRiskAversion__Cost-0.25__Fee-American","1","15","1","D","8","15","D Offer","D Liability Signal: 3;P Files: 1;D Answers: 1;D Defaults: 2","3,1,1,2","0.10021399789999999","false","999.7546489650947","999.7546489650947","4","0.35","0","999.72535415339291","0.029294811701788603","false"
"Specification-DirectBinaryStateSignalsModerateRiskAversion__Cost-0.25__Fee-American","1","15","1","D","8","15","D Offer","D Liability Signal: 3;P Files: 1;D Answers: 1;D Defaults: 2","3,1,1,2","0.10021399789999999","false","999.7546489650947","999.7546489650947","5","0.45","0","999.69298142183334","0.061667543261364699","false"
"Specification-DirectBinaryStateSignalsModerateRiskAversion__Cost-0.25__Fee-American","1","15","1","D","8","15","D Offer","D Liability Signal: 3;P Files: 1;D Answers: 1;D Defaults: 2","3,1,1,2","0.10021399789999999","false","999.7546489650947","999.7546489650947","6","0.55","0","999.65720333213244","0.097445632962262607","false"
"Specification-DirectBinaryStateSignalsModerateRiskAversion__Cost-0.25__Fee-American","1","15","1","D","8","15","D Offer","D Liability Signal: 3;P Files: 1;D Answers: 1;D Defaults: 2","3,1,1,2","0.10021399789999999","false","999.7546489650947","999.7546489650947","7","0.65","0","999.61767061678881","0.13697834830588818","false"
"Specification-DirectBinaryStateSignalsModerateRiskAversion__Cost-0.25__Fee-American","1","15","1","D","8","15","D Offer","D Liability Signal: 3;P Files: 1;D Answers: 1;D Defaults: 2","3,1,1,2","0.10021399789999999","false","999.7546489650947","999.7546489650947","8","0.75","0","999.58316162386564","0.17148734122906717","false"
"Specification-DirectBinaryStateSignalsModerateRiskAversion__Cost-0.25__Fee-American","1","15","1","D","8","15","D Offer","D Liability Signal: 3;P Files: 1;D Answers: 1;D Defaults: 2","3,1,1,2","0.10021399789999999","false","999.7546489650947","999.7546489650947","9","0.85","0","999.51970623753004","0.23494272756465762","false"
"Specification-DirectBinaryStateSignalsModerateRiskAversion__Cost-0.25__Fee-American","1","15","1","D","8","15","D Offer","D Liability Signal: 3;P Files: 1;D Answers: 1;D Defaults: 2","3,1,1,2","0.10021399789999999","false","999.7546489650947","999.7546489650947","10","0.95","0","999.44956975063189","0.30507921446280761","false"
"Specification-DirectBinaryStateSignalsModerateRiskAversion__Cost-0.25__Fee-American","1","16","1","D","3","10","D Answers","D Liability Signal: 4;P Files: 1","4,1","0.089981102600000001","false","999.65977441147584","999.65977441147584","1","Yes","1","999.65977441147584","0","true"
"Specification-DirectBinaryStateSignalsModerateRiskAversion__Cost-0.25__Fee-American","1","16","1","D","3","10","D Answers","D Liability Signal: 4;P Files: 1","4,1","0.089981102600000001","false","999.65977441147584","999.65977441147584","2","No","0","998.80796942199993","0.85180498947590877","false"
"Specification-DirectBinaryStateSignalsModerateRiskAversion__Cost-0.25__Fee-American","1","17","1","D","6","21","D Defaults","D Liability Signal: 4;P Files: 1;D Answers: 1","4,1,1","0.089981102600000001","false","999.65977441147584","999.65977441147584","1","Yes","0","999.34877260619203","0.31100180528380861","false"
"Specification-DirectBinaryStateSignalsModerateRiskAversion__Cost-0.25__Fee-American","1","17","1","D","6","21","D Defaults","D Liability Signal: 4;P Files: 1;D Answers: 1","4,1,1","0.089981102600000001","false","999.65977441147584","999.65977441147584","2","No","1","999.65977441147584","0","true"
"Specification-DirectBinaryStateSignalsModerateRiskAversion__Cost-0.25__Fee-American","1","18","1","D","8","15","D Offer","D Liability Signal: 4;P Files: 1;D Answers: 1;D Defaults: 1","4,1,1,1","0","true","","","1","0.05","0.10000000000000001","","",""
"Specification-DirectBinaryStateSignalsModerateRiskAversion__Cost-0.25__Fee-American","1","18","1","D","8","15","D Offer","D Liability Signal: 4;P Files: 1;D Answers: 1;D Defaults: 1","4,1,1,1","0","true","","","2","0.15","0.10000000000000001","","",""
"Specification-DirectBinaryStateSignalsModerateRiskAversion__Cost-0.25__Fee-American","1","18","1","D","8","15","D Offer","D Liability Signal: 4;P Files: 1;D Answers: 1;D Defaults: 1","4,1,1,1","0","true","","","3","0.25","0.10000000000000001","","",""
"Specification-DirectBinaryStateSignalsModerateRiskAversion__Cost-0.25__Fee-American","1","18","1","D","8","15","D Offer","D Liability Signal: 4;P Files: 1;D Answers: 1;D Defaults: 1","4,1,1,1","0","true","","","4","0.35","0.10000000000000001","","",""
"Specification-DirectBinaryStateSignalsModerateRiskAversion__Cost-0.25__Fee-American","1","18","1","D","8","15","D Offer","D Liability Signal: 4;P Files: 1;D Answers: 1;D Defaults: 1","4,1,1,1","0","true","","","5","0.45","0.10000000000000001","","",""
"Specification-DirectBinaryStateSignalsModerateRiskAversion__Cost-0.25__Fee-American","1","18","1","D","8","15","D Offer","D Liability Signal: 4;P Files: 1;D Answers: 1;D Defaults: 1","4,1,1,1","0","true","","","6","0.55","0.10000000000000001","","",""
"Specification-DirectBinaryStateSignalsModerateRiskAversion__Cost-0.25__Fee-American","1","18","1","D","8","15","D Offer","D Liability Signal: 4;P Files: 1;D Answers: 1;D Defaults: 1","4,1,1,1","0","true","","","7","0.65","0.10000000000000001","","",""
"Specification-DirectBinaryStateSignalsModerateRiskAversion__Cost-0.25__Fee-American","1","18","1","D","8","15","D Offer","D Liability Signal: 4;P Files: 1;D Answers: 1;D Defaults: 1","4,1,1,1","0","true","","","8","0.75","0.10000000000000001","","",""
"Specification-DirectBinaryStateSignalsModerateRiskAversion__Cost-0.25__Fee-American","1","18","1","D","8","15","D Offer","D Liability Signal: 4;P Files: 1;D Answers: 1;D Defaults: 1","4,1,1,1","0","true","","","9","0.85","0.10000000000000001","","",""
"Specification-DirectBinaryStateSignalsModerateRiskAversion__Cost-0.25__Fee-American","1","18","1","D","8","15","D Offer","D Liability Signal: 4;P Files: 1;D Answers: 1;D Defaults: 1","4,1,1,1","0","true","","","10","0.95","0.10000000000000001","","",""
"Specification-DirectBinaryStateSignalsModerateRiskAversion__Cost-0.25__Fee-American","1","19","1","D","8","15","D Offer","D Liability Signal: 4;P Files: 1;D Answers: 1;D Defaults: 2","4,1,1,2","0.089981102600000001","false","999.65977441147584","999.65977441147584","1","0.05","0","999.57725418299412","0.082520228481712365","false"
"Specification-DirectBinaryStateSignalsModerateRiskAversion__Cost-0.25__Fee-American","1","19","1","D","8","15","D Offer","D Liability Signal: 4;P Files: 1;D Answers: 1;D Defaults: 2","4,1,1,2","0.089981102600000001","false","999.65977441147584","999.65977441147584","2","0.15","0","999.57725418299412","0.082520228481712365","false"
"Specification-DirectBinaryStateSignalsModerateRiskAversion__Cost-0.25__Fee-American","1","19","1","D","8","15","D Offer","D Liability Signal: 4;P Files: 1;D Answers: 1;D Defaults: 2","4,1,1,2","0.089981102600000001","false","999.65977441147584","999.65977441147584","3","0.25","1","999.65977441147584","0","true"
"Specification-DirectBinaryStateSignalsModerateRiskAversion__Cost-0.25__Fee-American","1","19","1","D","8","15","D Offer","D Liability Signal: 4;P Files: 1;D Answers: 1;D Defaults: 2","4,1,1,2","0.089981102600000001","false","999.65977441147584","999.65977441147584","4","0.35","0","999.63309303837616","0.02668137309967733","false"
"Specification-DirectBinaryStateSignalsModerateRiskAversion__Cost-0.25__Fee-American","1","19","1","D","8","15","D Offer","D Liability Signal: 4;P Files: 1;D Answers: 1;D Defaults: 2","4,1,1,2","0.089981102600000001","false","999.65977441147584","999.65977441147584","5","0.45","0","999.603608331739","0.056166079736840402","false"
"Specification-DirectBinaryStateSignalsModerateRiskAversion__Cost-0.25__Fee-American","1","19","1","D","8","15","D Offer","D Liability Signal: 4;P Files: 1;D Answers: 1;D Defaults: 2","4,1,1,2","0.089981102600000001","false","999.65977441147584","999.65977441147584","6","0.55","0","999.57102206459228","0.088752346883552491","false"
"Specification-DirectBinaryStateSignalsModerateRiskAversion__Cost-0.25__Fee-American","1","19","1","D","8","15","D Offer","D Liability Signal: 4;P Files: 1;D Answers: 1;D Defaults: 2","4,1,1,2","0.089981102600000001","false","999.65977441147584","999.65977441147584","7","0.65","0","999.53501612816626","0.12475828330957484","false"
"Specification-DirectBinaryStateSignalsModerateRiskAversion__Cost-0.25__Fee-American","1","19","1","D","8","15","D Offer","D Liability Signal: 4;P Files: 1;D Answers: 1;D Defaults: 2","4,1,1,2","0.089981102600000001","false","999.65977441147584","999.65977441147584","8","0.75","0","999.55658809447823","0.10318631699760772","false"
"Specification-DirectBinaryStateSignalsModerateRiskAversion__Cost-0.25__Fee-American","1","19","1","D","8","15","D Offer","D Liability Signal: 4;P Files: 1;D Answers: 1;D Defaults: 2","4,1,1,2","0.089981102600000001","false","999.65977441147584","999.65977441147584","9","0.85","0","999.49033718570388","0.16943722577195786","false"
"Specification-DirectBinaryStateSignalsModerateRiskAversion__Cost-0.25__Fee-American","1","19","1","D","8","15","D Offer","D Liability Signal: 4;P Files: 1;D Answers: 1;D Defaults: 2","4,1,1,2","0.089981102600000001","false","999.65977441147584","999.65977441147584","10","0.95","0","999.41711208954928","0.24266232192655934","false"
"Specification-DirectBinaryStateSignalsModerateRiskAversion__Cost-0.25__Fee-American","1","20","1","D","3","10","D Answers","D Liability Signal: 5;P Files: 1","5,1","0.083629100200000001","false","999.51596068328229","999.51596068328229","1","Yes","1","999.51596068328229","0","true"
"Specification-DirectBinaryStateSignalsModerateRiskAversion__Cost-0.25__Fee-American","1","20","1","D","3","10","D Answers","D Liability Signal: 5;P Files: 1","5,1","0.083629100200000001","false","999.51596068328229","999.51596068328229","2","No","0","998.80796942199981","0.70799126128247281","false"
"Specification-DirectBinaryStateSignalsModerateRiskAversion__Cost-0.25__Fee-American","1","21","1","D","6","21","D Defaults","D Liability Signal: 5;P Files: 1;D Answers: 1","5,1,1","0.083629100200000001","false","999.51596068328229","999.51596068328229","1","Yes","0","999.27356701194822","0.24239367133407086","false"
"Specification-DirectBinaryStateSignalsModerateRiskAversion__Cost-0.25__Fee-American","1","21","1","D","6","21","D Defaults","D Liability Signal: 5;P Files: 1;D Answers: 1","5,1,1","0.083629100200000001","false","999.51596068328229","999.51596068328229","2","No","1","999.51596068328229","0","true"
"Specification-DirectBinaryStateSignalsModerateRiskAversion__Cost-0.25__Fee-American","1","22","1","D","8","15","D Offer","D Liability Signal: 5;P Files: 1;D Answers: 1;D Defaults: 1","5,1,1,1","0","true","","","1","0.05","0.10000000000000001","","",""
"Specification-DirectBinaryStateSignalsModerateRiskAversion__Cost-0.25__Fee-American","1","22","1","D","8","15","D Offer","D Liability Signal: 5;P Files: 1;D Answers: 1;D Defaults: 1","5,1,1,1","0","true","","","2","0.15","0.10000000000000001","","",""
"Specification-DirectBinaryStateSignalsModerateRiskAversion__Cost-0.25__Fee-American","1","22","1","D","8","15","D Offer","D Liability Signal: 5;P Files: 1;D Answers: 1;D Defaults: 1","5,1,1,1","0","true","","","3","0.25","0.10000000000000001","","",""
"Specification-DirectBinaryStateSignalsModerateRiskAversion__Cost-0.25__Fee-American","1","22","1","D","8","15","D Offer","D Liability Signal: 5;P Files: 1;D Answers: 1;D Defaults: 1","5,1,1,1","0","true","","","4","0.35","0.10000000000000001","","",""
"Specification-DirectBinaryStateSignalsModerateRiskAversion__Cost-0.25__Fee-American","1","22","1","D","8","15","D Offer","D Liability Signal: 5;P Files: 1;D Answers: 1;D Defaults: 1","5,1,1,1","0","true","","","5","0.45","0.10000000000000001","","",""
"Specification-DirectBinaryStateSignalsModerateRiskAversion__Cost-0.25__Fee-American","1","22","1","D","8","15","D Offer","D Liability Signal: 5;P Files: 1;D Answers: 1;D Defaults: 1","5,1,1,1","0","true","","","6","0.55","0.10000000000000001","","",""
"Specification-DirectBinaryStateSignalsModerateRiskAversion__Cost-0.25__Fee-American","1","22","1","D","8","15","D Offer","D Liability Signal: 5;P Files: 1;D Answers: 1;D Defaults: 1","5,1,1,1","0","true","","","7","0.65","0.10000000000000001","","",""
"Specification-DirectBinaryStateSignalsModerateRiskAversion__Cost-0.25__Fee-American","1","22","1","D","8","15","D Offer","D Liability Signal: 5;P Files: 1;D Answers: 1;D Defaults: 1","5,1,1,1","0","true","","","8","0.75","0.10000000000000001","","",""
"Specification-DirectBinaryStateSignalsModerateRiskAversion__Cost-0.25__Fee-American","1","22","1","D","8","15","D Offer","D Liability Signal: 5;P Files: 1;D Answers: 1;D Defaults: 1","5,1,1,1","0","true","","","9","0.85","0.10000000000000001","","",""
"Specification-DirectBinaryStateSignalsModerateRiskAversion__Cost-0.25__Fee-American","1","22","1","D","8","15","D Offer","D Liability Signal: 5;P Files: 1;D Answers: 1;D Defaults: 1","5,1,1,1","0","true","","","10","0.95","0.10000000000000001","","",""
"Specification-DirectBinaryStateSignalsModerateRiskAversion__Cost-0.25__Fee-American","1","23","1","D","8","15","D Offer","D Liability Signal: 5;P Files: 1;D Answers: 1;D Defaults: 2","5,1,1,2","0.083629100200000001","false","999.51596068328229","999.51596068328229","1","0.05","0","999.3878429557376","0.12811772754469075","false"
"Specification-DirectBinaryStateSignalsModerateRiskAversion__Cost-0.25__Fee-American","1","23","1","D","8","15","D Offer","D Liability Signal: 5;P Files: 1;D Answers: 1;D Defaults: 2","5,1,1,2","0.083629100200000001","false","999.51596068328229","999.51596068328229","2","0.15","0","999.3878429557376","0.12811772754469075","false"
"Specification-DirectBinaryStateSignalsModerateRiskAversion__Cost-0.25__Fee-American","1","23","1","D","8","15","D Offer","D Liability Signal: 5;P Files: 1;D Answers: 1;D Defaults: 2","5,1,1,2","0.083629100200000001","false","999.51596068328229","999.51596068328229","3","0.25","0","999.51472482073677","0.0012358625455135552","false"
"Specification-DirectBinaryStateSignalsModerateRiskAversion__Cost-0.25__Fee-American","1","23","1","D","8","15","D Offer","D Liability Signal: 5;P Files: 1;D Answers: 1;D Defaults: 2","5,1,1,2","0.083629100200000001","false","999.51596068328229","999.51596068328229","4","0.35","0","999.49203904954402","0.023921633738268611","false"
"Specification-DirectBinaryStateSignalsModerateRiskAversion__Cost-0.25__Fee-American","1","23","1","D","8","15","D Offer","D Liability Signal: 5;P Files: 1;D Answers: 1;D Defaults: 2","5,1,1,2","0.083629100200000001","false","999.51596068328229","999.51596068328229","5","0.45","0","999.46696975097575","0.048990932306537616","false"
"Specification-DirectBinaryStateSignalsModerateRiskAversion__Cost-0.25__Fee-American","1","23","1","D","8","15","D Offer","D Liability Signal: 5;P Files: 1;D Answers: 1;D Defaults: 2","5,1,1,2","0.083629100200000001","false","999.51596068328229","999.51596068328229","6","0.55","0","999.43926335828985","0.076697324992437643","false"
"Specification-DirectBinaryStateSignalsModerateRiskAversion__Cost-0.25__Fee-American","1","23","1","D","8","15","D Offer","D Liability Signal: 5;P Files: 1;D Answers: 1;D Defaults: 2","5,1,1,2","0.083629100200000001","false","999.51596068328229","999.51596068328229","7","0.65","0","999.40864940029428","0.10731128298800741","false"
"Specification-DirectBinaryStateSignalsModerateRiskAversion__Cost-0.25__Fee-American","1","23","1","D","8","15","D Offer","D Liability Signal: 5;P Files: 1;D Answers: 1;D Defaults: 2","5,1,1,2","0.083629100200000001","false","999.51596068328229","999.51596068328229","8","0.75","1","999.51596068328229","0","true"
"Specification-DirectBinaryStateSignalsModerateRiskAversion__Cost-0.25__Fee-American","1","23","1","D","8","15","D Offer","D Liability Signal: 5;P Files: 1;D Answers: 1;D Defaults: 2","5,1,1,2","0.083629100200000001","false","999.51596068328229","999.51596068328229","9","0.85","0","999.4454357905006","0.070524892781691051","false"
"Specification-DirectBinaryStateSignalsModerateRiskAversion__Cost-0.25__Fee-American","1","23","1","D","8","15","D Offer","D Liability Signal: 5;P Files: 1;D Answers: 1;D Defaults: 2","5,1,1,2","0.083629100200000001","false","999.51596068328229","999.51596068328229","10","0.95","0","999.36748861936474","0.14847206391755208","false"
"Specification-DirectBinaryStateSignalsModerateRiskAversion__Cost-0.25__Fee-American","1","24","1","D","3","10","D Answers","D Liability Signal: 6;P Files: 1","6,1","0.083629100200000001","false","999.46855486132108","999.46855486132108","1","Yes","1","999.46855486132108","0","true"
"Specification-DirectBinaryStateSignalsModerateRiskAversion__Cost-0.25__Fee-American","1","24","1","D","3","10","D Answers","D Liability Signal: 6;P Files: 1","6,1","0.083629100200000001","false","999.46855486132108","999.46855486132108","2","No","0","998.80796942199981","0.66058543932126668","false"
"Specification-DirectBinaryStateSignalsModerateRiskAversion__Cost-0.25__Fee-American","1","25","1","D","6","21","D Defaults","D Liability Signal: 6;P Files: 1;D Answers: 1","6,1,1","0.083629100200000001","false","999.46855486132108","999.46855486132108","1","Yes","0","999.18581386927337","0.28274099204770664","false"
"Specification-DirectBinaryStateSignalsModerateRiskAversion__Cost-0.25__Fee-American","1","25","1","D","6","21","D Defaults","D Liability Signal: 6;P Files: 1;D Answers: 1","6,1,1","0.083629100200000001","false","999.46855486132108","999.46855486132108","2","No","1","999.46855486132108","0","true"
"Specification-DirectBinaryStateSignalsModerateRiskAversion__Cost-0.25__Fee-American","1","26","1","D","8","15","D Offer","D Liability Signal: 6;P Files: 1;D Answers: 1;D Defaults: 1","6,1,1,1","0","true","","","1","0.05","0.10000000000000001","","",""
"Specification-DirectBinaryStateSignalsModerateRiskAversion__Cost-0.25__Fee-American","1","26","1","D","8","15","D Offer","D Liability Signal: 6;P Files: 1;D Answers: 1;D Defaults: 1","6,1,1,1","0","true","","","2","0.15","0.10000000000000001","","",""
"Specification-DirectBinaryStateSignalsModerateRiskAversion__Cost-0.25__Fee-American","1","26","1","D","8","15","D Offer","D Liability Signal: 6;P Files: 1;D Answers: 1;D Defaults: 1","6,1,1,1","0","true","","","3","0.25","0.10000000000000001","","",""
"Specification-DirectBinaryStateSignalsModerateRiskAversion__Cost-0.25__Fee-American","1","26","1","D","8","15","D Offer","D Liability Signal: 6;P Files: 1;D Answers: 1;D Defaults: 1","6,1,1,1","0","true","","","4","0.35","0.10000000000000001","","",""
"Specification-DirectBinaryStateSignalsModerateRiskAversion__Cost-0.25__Fee-American","1","26","1","D","8","15","D Offer","D Liability Signal: 6;P Files: 1;D Answers: 1;D Defaults: 1","6,1,1,1","0","true","","","5","0.45","0.10000000000000001","","",""
"Specification-DirectBinaryStateSignalsModerateRiskAversion__Cost-0.25__Fee-American","1","26","1","D","8","15","D Offer","D Liability Signal: 6;P Files: 1;D Answers: 1;D Defaults: 1","6,1,1,1","0","true","","","6","0.55","0.10000000000000001","","",""
"Specification-DirectBinaryStateSignalsModerateRiskAversion__Cost-0.25__Fee-American","1","26","1","D","8","15","D Offer","D Liability Signal: 6;P Files: 1;D Answers: 1;D Defaults: 1","6,1,1,1","0","true","","","7","0.65","0.10000000000000001","","",""
"Specification-DirectBinaryStateSignalsModerateRiskAversion__Cost-0.25__Fee-American","1","26","1","D","8","15","D Offer","D Liability Signal: 6;P Files: 1;D Answers: 1;D Defaults: 1","6,1,1,1","0","true","","","8","0.75","0.10000000000000001","","",""
"Specification-DirectBinaryStateSignalsModerateRiskAversion__Cost-0.25__Fee-American","1","26","1","D","8","15","D Offer","D Liability Signal: 6;P Files: 1;D Answers: 1;D Defaults: 1","6,1,1,1","0","true","","","9","0.85","0.10000000000000001","","",""
"Specification-DirectBinaryStateSignalsModerateRiskAversion__Cost-0.25__Fee-American","1","26","1","D","8","15","D Offer","D Liability Signal: 6;P Files: 1;D Answers: 1;D Defaults: 1","6,1,1,1","0","true","","","10","0.95","0.10000000000000001","","",""
"Specification-DirectBinaryStateSignalsModerateRiskAversion__Cost-0.25__Fee-American","1","27","1","D","8","15","D Offer","D Liability Signal: 6;P Files: 1;D Answers: 1;D Defaults: 2","6,1,1,2","0.083629100200000001","false","999.46855486132108","999.46855486132108","1","0.05","0","999.16682926791987","0.30172559340121552","false"
"Specification-DirectBinaryStateSignalsModerateRiskAversion__Cost-0.25__Fee-American","1","27","1","D","8","15","D Offer","D Liability Signal: 6;P Files: 1;D Answers: 1;D Defaults: 2","6,1,1,2","0.083629100200000001","false","999.46855486132108","999.46855486132108","2","0.15","0","999.16682926791987","0.30172559340121552","false"
"Specification-DirectBinaryStateSignalsModerateRiskAversion__Cost-0.25__Fee-American","1","27","1","D","8","15","D Offer","D Liability Signal: 6;P Files: 1;D Answers: 1;D Defaults: 2","6,1,1,2","0.083629100200000001","false","999.46855486132108","999.46855486132108","3","0.25","0","999.345477340652","0.12307752066908506","false"
"Specification-DirectBinaryStateSignalsModerateRiskAversion__Cost-0.25__Fee-American","1","27","1","D","8","15","D Offer","D Liability Signal: 6;P Files: 1;D Answers: 1;D Defaults: 2","6,1,1,2","0.083629100200000001","false","999.46855486132108","999.46855486132108","4","0.35","0","999.32745381071629","0.14110105060478872","false"
"Specification-DirectBinaryStateSignalsModerateRiskAversion__Cost-0.25__Fee-American","1","27","1","D","8","15","D Offer","D Liability Signal: 6;P Files: 1;D Answers: 1;D Defaults: 2","6,1,1,2","0.083629100200000001","false","999.46855486132108","999.46855486132108","5","0.45","0","999.3075366014059","0.16101825991518126","false"
"Specification-DirectBinaryStateSignalsModerateRiskAversion__Cost-0.25__Fee-American","1","27","1","D","8","15","D Offer","D Liability Signal: 6;P Files: 1;D Answers: 1;D Defaults: 2","6,1,1,2","0.083629100200000001","false","999.46855486132108","999.46855486132108","6","0.55","0","999.28552425746818","0.18303060385289882","false"
"Specification-DirectBinaryStateSignalsModerateRiskAversion__Cost-0.25__Fee-American","1","27","1","D","8","15","D Offer","D Liability Signal: 6;P Files: 1;D Answers: 1;D Defaults: 2","6,1,1,2","0.083629100200000001","false","999.46855486132108","999.46855486132108","7","0.65","0","999.26120189329993","0.20735296802115499","false"
"Specification-DirectBinaryStateSignalsModerateRiskAversion__Cost-0.25__Fee-American","1","27","1","D","8","15","D Offer","D Liability Signal: 6;P Files: 1;D Answers: 1;D Defaults: 2","6,1,1,2","0.083629100200000001","false","999.46855486132108","999.46855486132108","8","0.75","1","999.46855486132108","0","true"
"Specification-DirectBinaryStateSignalsModerateRiskAversion__Cost-0.25__Fee-American","1","27","1","D","8","15","D Offer","D Liability Signal: 6;P Files: 1;D Answers: 1;D Defaults: 2","6,1,1,2","0.083629100200000001","false","999.46855486132108","999.46855486132108","9","0.85","0","999.39304289899837","0.075511962322707404","false"
"Specification-DirectBinaryStateSignalsModerateRiskAversion__Cost-0.25__Fee-American","1","27","1","D","8","15","D Offer","D Liability Signal: 6;P Files: 1;D Answers: 1;D Defaults: 2","6,1,1,2","0.083629100200000001","false","999.46855486132108","999.46855486132108","10","0.95","0","999.30958580637684","0.15896905494423663","false"
"Specification-DirectBinaryStateSignalsModerateRiskAversion__Cost-0.25__Fee-American","1","28","1","D","3","10","D Answers","D Liability Signal: 7;P Files: 1","7,1","0.089981102600000001","false","999.42792608513537","999.42792608513537","1","Yes","1","999.42792608513537","0","true"
"Specification-DirectBinaryStateSignalsModerateRiskAversion__Cost-0.25__Fee-American","1","28","1","D","3","10","D Answers","D Liability Signal: 7;P Files: 1","7,1","0.089981102600000001","false","999.42792608513537","999.42792608513537","2","No","0","998.80796942200016","0.61995666313521269","false"
"Specification-DirectBinaryStateSignalsModerateRiskAversion__Cost-0.25__Fee-American","1","29","1","D","6","21","D Defaults","D Liability Signal: 7;P Files: 1;D Answers: 1","7,1,1","0.089981102600000001","false","999.42792608513537","999.42792608513537","1","Yes","0","999.11060574829014","0.31732033684522776","false"
"Specification-DirectBinaryStateSignalsModerateRiskAversion__Cost-0.25__Fee-American","1","29","1","D","6","21","D Defaults","D Liability Signal: 7;P Files: 1;D Answers: 1","7,1,1","0.089981102600000001","false","999.42792608513537","999.42792608513537","2","No","1","999.42792608513537","0","true"
"Specification-DirectBinaryStateSignalsModerateRiskAversion__Cost-0.25__Fee-American","1","30","1","D","8","15","D Offer","D Liability Signal: 7;P Files: 1;D Answers: 1;D Defaults: 1","7,1,1,1","0","true","","","1","0.05","0.10000000000000001","","",""
"Specification-DirectBinaryStateSignalsModerateRiskAversion__Cost-0.25__Fee-American","1","30","1","D","8","15","D Offer","D Liability Signal: 7;P Files: 1;D Answers: 1;D Defaults: 1","7,1,1,1","0","true","","","2","0.15","0.10000000000000001","","",""
"Specification-DirectBinaryStateSignalsModerateRiskAversion__Cost-0.25__Fee-American","1","30","1","D","8","15","D Offer","D Liability Signal: 7;P Files: 1;D Answers: 1;D Defaults: 1","7,1,1,1","0","true","","","3","0.25","0.10000000000000001","","",""
"Specification-DirectBinaryStateSignalsModerateRiskAversion__Cost-0.25__Fee-American","1","30","1","D","8","15","D Offer","D Liability Signal: 7;P Files: 1;D Answers: 1;D Defaults: 1","7,1,1,1","0","true","","","4","0.35","0.10000000000000001","","",""
"Specification-DirectBinaryStateSignalsModerateRiskAversion__Cost-0.25__Fee-American","1","30","1","D","8","15","D Offer","D Liability Signal: 7;P Files: 1;D Answers: 1;D Defaults: 1","7,1,1,1","0","true","","","5","0.45","0.10000000000000001","","",""
"Specification-DirectBinaryStateSignalsModerateRiskAversion__Cost-0.25__Fee-American","1","30","1","D","8","15","D Offer","D Liability Signal: 7;P Files: 1;D Answers: 1;D Defaults: 1","7,1,1,1","0","true","","","6","0.55","0.10000000000000001","","",""
"Specification-DirectBinaryStateSignalsModerateRiskAversion__Cost-0.25__Fee-American","1","30","1","D","8","15","D Offer","D Liability Signal: 7;P Files: 1;D Answers: 1;D Defaults: 1","7,1,1,1","0","true","","","7","0.65","0.10000000000000001","","",""
"Specification-DirectBinaryStateSignalsModerateRiskAversion__Cost-0.25__Fee-American","1","30","1","D","8","15","D Offer","D Liability Signal: 7;P Files: 1;D Answers: 1;D Defaults: 1","7,1,1,1","0","true","","","8","0.75","0.10000000000000001","","",""
"Specification-DirectBinaryStateSignalsModerateRiskAversion__Cost-0.25__Fee-American","1","30","1","D","8","15","D Offer","D Liability Signal: 7;P Files: 1;D Answers: 1;D Defaults: 1","7,1,1,1","0","true","","","9","0.85","0.10000000000000001","","",""
"Specification-DirectBinaryStateSignalsModerateRiskAversion__Cost-0.25__Fee-American","1","30","1","D","8","15","D Offer","D Liability Signal: 7;P Files: 1;D Answers: 1;D Defaults: 1","7,1,1,1","0","true","","","10","0.95","0.10000000000000001","","",""
"Specification-DirectBinaryStateSignalsModerateRiskAversion__Cost-0.25__Fee-American","1","31","1","D","8","15","D Offer","D Liability Signal: 7;P Files: 1;D Answers: 1;D Defaults: 2","7,1,1,2","0.089981102600000001","false","999.42792608513537","999.42792608513537","1","0.05","0","998.97741538127445","0.45051070386091396","false"
"Specification-DirectBinaryStateSignalsModerateRiskAversion__Cost-0.25__Fee-American","1","31","1","D","8","15","D Offer","D Liability Signal: 7;P Files: 1;D Answers: 1;D Defaults: 2","7,1,1,2","0.089981102600000001","false","999.42792608513537","999.42792608513537","2","0.15","0","998.97741538127445","0.45051070386091396","false"
"Specification-DirectBinaryStateSignalsModerateRiskAversion__Cost-0.25__Fee-American","1","31","1","D","8","15","D Offer","D Liability Signal: 7;P Files: 1;D Answers: 1;D Defaults: 2","7,1,1,2","0.089981102600000001","false","999.42792608513537","999.42792608513537","3","0.25","0","999.2004248887838","0.22750119635156807","false"
"Specification-DirectBinaryStateSignalsModerateRiskAversion__Cost-0.25__Fee-American","1","31","1","D","8","15","D Offer","D Liability Signal: 7;P Files: 1;D Answers: 1;D Defaults: 2","7,1,1,2","0.089981102600000001","false","999.42792608513537","999.42792608513537","4","0.35","0","999.18639709499871","0.24152899013665774","false"
"Specification-DirectBinaryStateSignalsModerateRiskAversion__Cost-0.25__Fee-American","1","31","1","D","8","15","D Offer","D Liability Signal: 7;P Files: 1;D Answers: 1;D Defaults: 2","7,1,1,2","0.089981102600000001","false","999.42792608513537","999.42792608513537","5","0.45","0","999.17089544210501","0.25703064303036172","false"
"Specification-DirectBinaryStateSignalsModerateRiskAversion__Cost-0.25__Fee-American","1","31","1","D","8","15","D Offer","D Liability Signal: 7;P Files: 1;D Answers: 1;D Defaults: 2","7,1,1,2","0.089981102600000001","false","999.42792608513537","999.42792608513537","6","0.55","0","999.15376313658032","0.27416294855504475","false"
"Specification-DirectBinaryStateSignalsModerateRiskAversion__Cost-0.25__Fee-American","1","31","1","D","8","15","D Offer","D Liability Signal: 7;P Files: 1;D Answers: 1;D Defaults: 2","7,1,1,2","0.089981102600000001","false","999.42792608513537","999.42792608513537","7","0.65","0","999.13483293200147","0.29309315313389561","false"
"Specification-DirectBinaryStateSignalsModerateRiskAversion__Cost-0.25__Fee-American","1","31","1","D","8","15","D Offer","D Liability Signal: 7;P Files: 1;D Answers: 1;D Defaults: 2","7,1,1,2","0.089981102600000001","false","999.42792608513537","999.42792608513537","8","0.75","1","999.42792608513537","0","true"
"Specification-DirectBinaryStateSignalsModerateRiskAversion__Cost-0.25__Fee-American","1","31","1","D","8","15","D Offer","D Liability Signal: 7;P Files: 1;D Answers: 1;D Defaults: 2","7,1,1,2","0.089981102600000001","false","999.42792608513537","999.42792608513537","9","0.85","0","999.34813999520884","0.079786089926528803","false"
"Specification-DirectBinaryStateSignalsModerateRiskAversion__Cost-0.25__Fee-American","1","31","1","D","8","15","D Offer","D Liability Signal: 7;P Files: 1;D Answers: 1;D Defaults: 2","7,1,1,2","0.089981102600000001","false","999.42792608513537","999.42792608513537","10","0.95","0","999.25996066895493","0.16796541618043648","false"
"Specification-DirectBinaryStateSignalsModerateRiskAversion__Cost-0.25__Fee-American","1","32","1","D","3","10","D Answers","D Liability Signal: 8;P Files: 1","8,1","0.10021399789999999","false","999.40135387567079","999.40135387567079","1","Yes","1","999.40135387567079","0","true"
"Specification-DirectBinaryStateSignalsModerateRiskAversion__Cost-0.25__Fee-American","1","32","1","D","3","10","D Answers","D Liability Signal: 8;P Files: 1","8,1","0.10021399789999999","false","999.40135387567079","999.40135387567079","2","No","0","998.80796942200004","0.5933844536707511","false"
"Specification-DirectBinaryStateSignalsModerateRiskAversion__Cost-0.25__Fee-American","1","33","1","D","6","21","D Defaults","D Liability Signal: 8;P Files: 1;D Answers: 1","8,1,1","0.10021399789999999","false","999.40135387567079","999.40135387567079","1","Yes","0","999.06141780487167","0.33993607079912636","false"
"Specification-DirectBinaryStateSignalsModerateRiskAversion__Cost-0.25__Fee-American","1","33","1","D","6","21","D Defaults","D Liability Signal: 8;P Files: 1;D Answers: 1","8,1,1","0.10021399789999999","false","999.40135387567079","999.40135387567079","2","No","1","999.40135387567079","0","true"
"Specification-DirectBinaryStateSignalsModerateRiskAversion__Cost-0.25__Fee-American","1","34","1","D","8","15","D Offer","D Liability Signal: 8;P Files: 1;D Answers: 1;D Defaults: 1","8,1,1,1","0","true","","","1","0.05","0.10000000000000001","","",""
"Specification-DirectBinaryStateSignalsModerateRiskAversion__Cost-0.25__Fee-American","1","34","1","D","8","15","D Offer","D Liability Signal: 8;P Files: 1;D Answers: 1;D Defaults: 1","8,1,1,1","0","true","","","2","0.15","0.10000000000000001","","",""
"Specification-DirectBinaryStateSignalsModerateRiskAversion__Cost-0.25__Fee-American","1","34","1","D","8","15","D Offer","D Liability Signal: 8;P Files: 1;D Answers: 1;D Defaults: 1","8,1,1,1","0","true","","","3","0.25","0.10000000000000001","","",""
"Specification-DirectBinaryStateSignalsModerateRiskAversion__Cost-0.25__Fee-American","1","34","1","D","8","15","D Offer","D Liability Signal: 8;P Files: 1;D Answers: 1;D Defaults: 1","8,1,1,1","0","true","","","4","0.35","0.10000000000000001","","",""
"Specification-DirectBinaryStateSignalsModerateRiskAversion__Cost-0.25__Fee-American","1","34","1","D","8","15","D Offer","D Liability Signal: 8;P Files: 1;D Answers: 1;D Defaults: 1","8,1,1,1","0","true","","","5","0.45","0.10000000000000001","","",""
"Specification-DirectBinaryStateSignalsModerateRiskAversion__Cost-0.25__Fee-American","1","34","1","D","8","15","D Offer","D Liability Signal: 8;P Files: 1;D Answers: 1;D Defaults: 1","8,1,1,1","0","true","","","6","0.55","0.10000000000000001","","",""
"Specification-DirectBinaryStateSignalsModerateRiskAversion__Cost-0.25__Fee-American","1","34","1","D","8","15","D Offer","D Liability Signal: 8;P Files: 1;D Answers: 1;D Defaults: 1","8,1,1,1","0","true","","","7","0.65","0.10000000000000001","","",""
"Specification-DirectBinaryStateSignalsModerateRiskAversion__Cost-0.25__Fee-American","1","34","1","D","8","15","D Offer","D Liability Signal: 8;P Files: 1;D Answers: 1;D Defaults: 1","8,1,1,1","0","true","","","8","0.75","0.10000000000000001","","",""
"Specification-DirectBinaryStateSignalsModerateRiskAversion__Cost-0.25__Fee-American","1","34","1","D","8","15","D Offer","D Liability Signal: 8;P Files: 1;D Answers: 1;D Defaults: 1","8,1,1,1","0","true","","","9","0.85","0.10000000000000001","","",""
"Specification-DirectBinaryStateSignalsModerateRiskAversion__Cost-0.25__Fee-American","1","34","1","D","8","15","D Offer","D Liability Signal: 8;P Files: 1;D Answers: 1;D Defaults: 1","8,1,1,1","0","true","","","10","0.95","0.10000000000000001","","",""
"Specification-DirectBinaryStateSignalsModerateRiskAversion__Cost-0.25__Fee-American","1","35","1","D","8","15","D Offer","D Liability Signal: 8;P Files: 1;D Answers: 1;D Defaults: 2","8,1,1,2","0.10021399789999999","false","999.40135387567079","999.40135387567079","1","0.05","0","998.85352104496314","0.5478328307076481","false"
"Specification-DirectBinaryStateSignalsModerateRiskAversion__Cost-0.25__Fee-American","1","35","1","D","8","15","D Offer","D Liability Signal: 8;P Files: 1;D Answers: 1;D Defaults: 2","8,1,1,2","0.10021399789999999","false","999.40135387567079","999.40135387567079","2","0.15","0","998.85352104496314","0.5478328307076481","false"
"Specification-DirectBinaryStateSignalsModerateRiskAversion__Cost-0.25__Fee-American","1","35","1","D","8","15","D Offer","D Liability Signal: 8;P Files: 1;D Answers: 1;D Defaults: 2","8,1,1,2","0.10021399789999999","false","999.40135387567079","999.40135387567079","3","0.25","0","999.10555613703661","0.29579773863417813","false"
"Specification-DirectBinaryStateSignalsModerateRiskAversion__Cost-0.25__Fee-American","1","35","1","D","8","15","D Offer","D Liability Signal: 8;P Files: 1;D Answers: 1;D Defaults: 2","8,1,1,2","0.10021399789999999","false","999.40135387567079","999.40135387567079","4","0.35","0","999.09414165204203","0.30721222362876688","false"
"Specification-DirectBinaryStateSignalsModerateRiskAversion__Cost-0.25__Fee-American","1","35","1","D","8","15","D Offer","D Liability Signal: 8;P Files: 1;D Answers: 1;D Defaults: 2","8,1,1,2","0.10021399789999999","false","999.40135387567079","999.40135387567079","5","0.45","0","999.08152788062091","0.31982599504988229","false"
"Specification-DirectBinaryStateSignalsModerateRiskAversion__Cost-0.25__Fee-American","1","35","1","D","8","15","D Offer","D Liability Signal: 8;P Files: 1;D Answers: 1;D Defaults: 2","8,1,1,2","0.10021399789999999","false","999.40135387567079","999.40135387567079","6","0.55","0","999.06758723911105","0.33376663655974426","false"
"Specification-DirectBinaryStateSignalsModerateRiskAversion__Cost-0.25__Fee-American","1","35","1","D","8","15","D Offer","D Liability Signal: 8;P Files: 1;D Answers: 1;D Defaults: 2","8,1,1,2","0.10021399789999999","false","999.40135387567079","999.40135387567079","7","0.65","0","999.0521836382726","0.34917023739819797","false"
"Specification-DirectBinaryStateSignalsModerateRiskAversion__Cost-0.25__Fee-American","1","35","1","D","8","15","D Offer","D Liability Signal: 8;P Files: 1;D Answers: 1;D Defaults: 2","8,1,1,2","0.10021399789999999","false","999.40135387567079","999.40135387567079","8","0.75","1","999.40135387567079","0","true"
"Specification-DirectBinaryStateSignalsModerateRiskAversion__Cost-0.25__Fee-American","1","35","1","D","8","15","D Offer","D Liability Signal: 8;P Files: 1;D Answers: 1;D Defaults: 2","8,1,1,2","0.10021399789999999","false","999.40135387567079","999.40135387567079","9","0.85","0","999.31877240216102","0.082581473509776515","false"
"Specification-DirectBinaryStateSignalsModerateRiskAversion__Cost-0.25__Fee-American","1","35","1","D","8","15","D Offer","D Liability Signal: 8;P Files: 1;D Answers: 1;D Defaults: 2","8,1,1,2","0.10021399789999999","false","999.40135387567079","999.40135387567079","10","0.95","0","999.22750462006366","0.17384925560713782","false"
"Specification-DirectBinaryStateSignalsModerateRiskAversion__Cost-0.25__Fee-American","1","36","1","D","3","10","D Answers","D Liability Signal: 9;P Files: 1","9,1","0.1102628953","false","999.38690099108339","999.38690099108339","1","Yes","1","999.38690099108339","0","true"
"Specification-DirectBinaryStateSignalsModerateRiskAversion__Cost-0.25__Fee-American","1","36","1","D","3","10","D Answers","D Liability Signal: 9;P Files: 1","9,1","0.1102628953","false","999.38690099108339","999.38690099108339","2","No","0","998.80796942200004","0.57893156908335186","false"
"Specification-DirectBinaryStateSignalsModerateRiskAversion__Cost-0.25__Fee-American","1","37","1","D","6","21","D Defaults","D Liability Signal: 9;P Files: 1;D Answers: 1","9,1,1","0.1102628953","false","999.38690099108339","999.38690099108339","1","Yes","0","999.03466400141906","0.35223698966433403","false"
"Specification-DirectBinaryStateSignalsModerateRiskAversion__Cost-0.25__Fee-American","1","37","1","D","6","21","D Defaults","D Liability Signal: 9;P Files: 1;D Answers: 1","9,1,1","0.1102628953","false","999.38690099108339","999.38690099108339","2","No","1","999.38690099108339","0","true"
"Specification-DirectBinaryStateSignalsModerateRiskAversion__Cost-0.25__Fee-American","1","38","1","D","8","15","D Offer","D Liability Signal: 9;P Files: 1;D Answers: 1;D Defaults: 1","9,1,1,1","0","true","","","1","0.05","0.10000000000000001","","",""
"Specification-DirectBinaryStateSignalsModerateRiskAversion__Cost-0.25__Fee-American","1","38","1","D","8","15","D Offer","D Liability Signal: 9;P Files: 1;D Answers: 1;D Defaults: 1","9,1,1,1","0","true","","","2","0.15","0.10000000000000001","","",""
"Specification-DirectBinaryStateSignalsModerateRiskAversion__Cost-0.25__Fee-American","1","38","1","D","8","15","D Offer","D Liability Signal: 9;P Files: 1;D Answers: 1;D Defaults: 1","9,1,1,1","0","true","","","3","0.25","0.10000000000000001","","",""
"Specification-DirectBinaryStateSignalsModerateRiskAversion__Cost-0.25__Fee-American","1","38","1","D","8","15","D Offer","D Liability Signal: 9;P Files: 1;D Answers: 1;D Defaults: 1","9,1,1,1","0","true","","","4","0.35","0.10000000000000001","","",""
"Specification-DirectBinaryStateSignalsModerateRiskAversion__Cost-0.25__Fee-American","1","38","1","D","8","15","D Offer","D Liability Signal: 9;P Files: 1;D Answers: 1;D Defaults: 1","9,1,1,1","0","true","","","5","0.45","0.10000000000000001","","",""
"Specification-DirectBinaryStateSignalsModerateRiskAversion__Cost-0.25__Fee-American","1","38","1","D","8","15","D Offer","D Liability Signal: 9;P Files: 1;D Answers: 1;D Defaults: 1","9,1,1,1","0","true","","","6","0.55","0.10000000000000001","","",""
"Specification-DirectBinaryStateSignalsModerateRiskAversion__Cost-0.25__Fee-American","1","38","1","D","8","15","D Offer","D Liability Signal: 9;P Files: 1;D Answers: 1;D Defaults: 1","9,1,1,1","0","true","","","7","0.65","0.10000000000000001","","",""
"Specification-DirectBinaryStateSignalsModerateRiskAversion__Cost-0.25__Fee-American","1","38","1","D","8","15","D Offer","D Liability Signal: 9;P Files: 1;D Answers: 1;D Defaults: 1","9,1,1,1","0","true","","","8","0.75","0.10000000000000001","","",""
"Specification-DirectBinaryStateSignalsModerateRiskAversion__Cost-0.25__Fee-American","1","38","1","D","8","15","D Offer","D Liability Signal: 9;P Files: 1;D Answers: 1;D Defaults: 1","9,1,1,1","0","true","","","9","0.85","0.10000000000000001","","",""
"Specification-DirectBinaryStateSignalsModerateRiskAversion__Cost-0.25__Fee-American","1","38","1","D","8","15","D Offer","D Liability Signal: 9;P Files: 1;D Answers: 1;D Defaults: 1","9,1,1,1","0","true","","","10","0.95","0.10000000000000001","","",""
"Specification-DirectBinaryStateSignalsModerateRiskAversion__Cost-0.25__Fee-American","1","39","1","D","8","15","D Offer","D Liability Signal: 9;P Files: 1;D Answers: 1;D Defaults: 2","9,1,1,2","0.1102628953","false","999.38690099108339","999.38690099108339","1","0.05","0","998.78613649242993","0.60076449865346149","false"
"Specification-DirectBinaryStateSignalsModerateRiskAversion__Cost-0.25__Fee-American","1","39","1","D","8","15","D Offer","D Liability Signal: 9;P Files: 1;D Answers: 1;D Defaults: 2","9,1,1,2","0.1102628953","false","999.38690099108339","999.38690099108339","2","0.15","0","998.78613649242993","0.60076449865346149","false"
"Specification-DirectBinaryStateSignalsModerateRiskAversion__Cost-0.25__Fee-American","1","39","1","D","8","15","D Offer","D Liability Signal: 9;P Files: 1;D Answers: 1;D Defaults: 2","9,1,1,2","0.1102628953","false","999.38690099108339","999.38690099108339","3","0.25","0","999.05395805422006","0.33294293686333276","false"
"Specification-DirectBinaryStateSignalsModerateRiskAversion__Cost-0.25__Fee-American","1","39","1","D","8","15","D Offer","D Liability Signal: 9;P Files: 1;D Answers: 1;D Defaults: 2","9,1,1,2","0.1102628953","false","999.38690099108339","999.38690099108339","4","0.35","0","999.04396497343328","0.34293601765011772","false"
"Specification-DirectBinaryStateSignalsModerateRiskAversion__Cost-0.25__Fee-American","1","39","1","D","8","15","D Offer","D Liability Signal: 9;P Files: 1;D Answers: 1;D Defaults: 2","9,1,1,2","0.1102628953","false","999.38690099108339","999.38690099108339","5","0.45","0","999.03292194898688","0.35397904209651188","false"
"Specification-DirectBinaryStateSignalsModerateRiskAversion__Cost-0.25__Fee-American","1","39","1","D","8","15","D Offer","D Liability Signal: 9;P Files: 1;D Answers: 1;D Defaults: 2","9,1,1,2","0.1102628953","false","999.38690099108339","999.38690099108339","6","0.55","0","999.02071728474709","0.36618370633630093","false"
"Specification-DirectBinaryStateSignalsModerateRiskAversion__Cost-0.25__Fee-American","1","39","1","D","8","15","D Offer","D Liability Signal: 9;P Files: 1;D Answers: 1;D Defaults: 2","9,1,1,2","0.1102628953","false","999.38690099108339","999.38690099108339","7","0.65","0","999.00723183817104","0.37966915291235637","false"
"Specification-DirectBinaryStateSignalsModerateRiskAversion__Cost-0.25__Fee-American","1","39","1","D","8","15","D Offer","D Liability Signal: 9;P Files: 1;D Answers: 1;D Defaults: 2","9,1,1,2","0.1102628953","false","999.38690099108339","999.38690099108339","8","0.75","1","999.38690099108339","0","true"
"Specification-DirectBinaryStateSignalsModerateRiskAversion__Cost-0.25__Fee-American","1","39","1","D","8","15","D Offer","D Liability Signal: 9;P Files: 1;D Answers: 1;D Defaults: 2","9,1,1,2","0.1102628953","false","999.38690099108339","999.38690099108339","9","0.85","0","999.30279908110549","0.084101909977903233","false"
"Specification-DirectBinaryStateSignalsModerateRiskAversion__Cost-0.25__Fee-American","1","39","1","D","8","15","D Offer","D Liability Signal: 9;P Files: 1;D Answers: 1;D Defaults: 2","9,1,1,2","0.1102628953","false","999.38690099108339","999.38690099108339","10","0.95","0","999.2098514576719","0.17704953341149121","false"
"Specification-DirectBinaryStateSignalsModerateRiskAversion__Cost-0.25__Fee-American","1","40","1","D","3","10","D Answers","D Liability Signal: 10;P Files: 1","10,1","0.1159098059","false","999.37980840408625","999.37980840408625","1","Yes","1","999.37980840408625","0","true"
"Specification-DirectBinaryStateSignalsModerateRiskAversion__Cost-0.25__Fee-American","1","40","1","D","3","10","D Answers","D Liability Signal: 10;P Files: 1","10,1","0.1159098059","false","999.37980840408625","999.37980840408625","2","No","0","998.80796942200004","0.57183898208620576","false"
"Specification-DirectBinaryStateSignalsModerateRiskAversion__Cost-0.25__Fee-American","1","41","1","D","6","21","D Defaults","D Liability Signal: 10;P Files: 1;D Answers: 1","10,1,1","0.1159098059","false","999.37980840408625","999.37980840408625","1","Yes","0","999.02153487986914","0.35827352421711112","false"
"Specification-DirectBinaryStateSignalsModerateRiskAversion__Cost-0.25__Fee-American","1","41","1","D","6","21","D Defaults","D Liability Signal: 10;P Files: 1;D Answers: 1","10,1,1","0.1159098059","false","999.37980840408625","999.37980840408625","2","No","1","999.37980840408625","0","true"
"Specification-DirectBinaryStateSignalsModerateRiskAversion__Cost-0.25__Fee-American","1","42","1","D","8","15","D Offer","D Liability Signal: 10;P Files: 1;D Answers: 1;D Defaults: 1","10,1,1,1","0","true","","","1","0.05","0.10000000000000001","","",""
"Specification-DirectBinaryStateSignalsModerateRiskAversion__Cost-0.25__Fee-American","1","42","1","D","8","15","D Offer","D Liability Signal: 10;P Files: 1;D Answers: 1;D Defaults: 1","10,1,1,1","0","true","","","2","0.15","0.10000000000000001","","",""
"Specification-DirectBinaryStateSignalsModerateRiskAversion__Cost-0.25__Fee-American","1","42","1","D","8","15","D Offer","D Liability Signal: 10;P Files: 1;D Answers: 1;D Defaults: 1","10,1,1,1","0","true","","","3","0.25","0.10000000000000001","","",""
"Specification-DirectBinaryStateSignalsModerateRiskAversion__Cost-0.25__Fee-American","1","42","1","D","8","15","D Offer","D Liability Signal: 10;P Files: 1;D Answers: 1;D Defaults: 1","10,1,1,1","0","true","","","4","0.35","0.10000000000000001","","",""
"Specification-DirectBinaryStateSignalsModerateRiskAversion__Cost-0.25__Fee-American","1","42","1","D","8","15","D Offer","D Liability Signal: 10;P Files: 1;D Answers: 1;D Defaults: 1","10,1,1,1","0","true","","","5","0.45","0.10000000000000001","","",""
"Specification-DirectBinaryStateSignalsModerateRiskAversion__Cost-0.25__Fee-American","1","42","1","D","8","15","D Offer","D Liability Signal: 10;P Files: 1;D Answers: 1;D Defaults: 1","10,1,1,1","0","true","","","6","0.55","0.10000000000000001","","",""
"Specification-DirectBinaryStateSignalsModerateRiskAversion__Cost-0.25__Fee-American","1","42","1","D","8","15","D Offer","D Liability Signal: 10;P Files: 1;D Answers: 1;D Defaults: 1","10,1,1,1","0","true","","","7","0.65","0.10000000000000001","","",""
"Specification-DirectBinaryStateSignalsModerateRiskAversion__Cost-0.25__Fee-American","1","42","1","D","8","15","D Offer","D Liability Signal: 10;P Files: 1;D Answers: 1;D Defaults: 1","10,1,1,1","0","true","","","8","0.75","0.10000000000000001","","",""
"Specification-DirectBinaryStateSignalsModerateRiskAversion__Cost-0.25__Fee-American","1","42","1","D","8","15","D Offer","D Liability Signal: 10;P Files: 1;D Answers: 1;D Defaults: 1","10,1,1,1","0","true","","","9","0.85","0.10000000000000001","","",""
"Specification-DirectBinaryStateSignalsModerateRiskAversion__Cost-0.25__Fee-American","1","42","1","D","8","15","D Offer","D Liability Signal: 10;P Files: 1;D Answers: 1;D Defaults: 1","10,1,1,1","0","true","","","10","0.95","0.10000000000000001","","",""
"Specification-DirectBinaryStateSignalsModerateRiskAversion__Cost-0.25__Fee-American","1","43","1","D","8","15","D Offer","D Liability Signal: 10;P Files: 1;D Answers: 1;D Defaults: 2","10,1,1,2","0.1159098059","false","999.37980840408625","999.37980840408625","1","0.05","0","998.75311434416687","0.6266940599193731","false"
"Specification-DirectBinaryStateSignalsModerateRiskAversion__Cost-0.25__Fee-American","1","43","1","D","8","15","D Offer","D Liability Signal: 10;P Files: 1;D Answers: 1;D Defaults: 2","10,1,1,2","0.1159098059","false","999.37980840408625","999.37980840408625","2","0.15","0","998.75311434416687","0.6266940599193731","false"
"Specification-DirectBinaryStateSignalsModerateRiskAversion__Cost-0.25__Fee-American","1","43","1","D","8","15","D Offer","D Liability Signal: 10;P Files: 1;D Answers: 1;D Defaults: 2","10,1,1,2","0.1159098059","false","999.37980840408625","999.37980840408625","3","0.25","0","999.02864063372681","0.35116777035943869","false"
"Specification-DirectBinaryStateSignalsModerateRiskAversion__Cost-0.25__Fee-American","1","43","1","D","8","15","D Offer","D Liability Signal: 10;P Files: 1;D Answers: 1;D Defaults: 2","10,1,1,2","0.1159098059","false","999.37980840408625","999.37980840408625","4","0.35","0","999.01934509071793","0.36046331336831372","false"
"Specification-DirectBinaryStateSignalsModerateRiskAversion__Cost-0.25__Fee-American","1","43","1","D","8","15","D Offer","D Liability Signal: 10;P Files: 1;D Answers: 1;D Defaults: 2","10,1,1,2","0.1159098059","false","999.37980840408625","999.37980840408625","5","0.45","0","999.0090728922961","0.3707355117901443","false"
"Specification-DirectBinaryStateSignalsModerateRiskAversion__Cost-0.25__Fee-American","1","43","1","D","8","15","D Offer","D Liability Signal: 10;P Files: 1;D Answers: 1;D Defaults: 2","10,1,1,2","0.1159098059","false","999.37980840408625","999.37980840408625","6","0.55","0","998.99772013894915","0.38208826513709937","false"
"Specification-DirectBinaryStateSignalsModerateRiskAversion__Cost-0.25__Fee-American","1","43","1","D","8","15","D Offer","D Liability Signal: 10;P Files: 1;D Answers: 1;D Defaults: 2","10,1,1,2","0.1159098059","false","999.37980840408625","999.37980840408625","7","0.65","0","998.9851760045309","0.39463239955534846","false"
"Specification-DirectBinaryStateSignalsModerateRiskAversion__Cost-0.25__Fee-American","1","43","1","D","8","15","D Offer","D Liability Signal: 10;P Files: 1;D Answers: 1;D Defaults: 2","10,1,1,2","0.1159098059","false","999.37980840408625","999.37980840408625","8","0.75","1","999.37980840408625","0","true"
"Specification-DirectBinaryStateSignalsModerateRiskAversion__Cost-0.25__Fee-American","1","43","1","D","8","15","D Offer","D Liability Signal: 10;P Files: 1;D Answers: 1;D Defaults: 2","10,1,1,2","0.1159098059","false","999.37980840408625","999.37980840408625","9","0.85","0","999.2949603573868","0.084848046699448787","false"
"Specification-DirectBinaryStateSignalsModerateRiskAversion__Cost-0.25__Fee-American","1","43","1","D","8","15","D Offer","D Liability Signal: 10;P Files: 1;D Answers: 1;D Defaults: 2","10,1,1,2","0.1159098059","false","999.37980840408625","999.37980840408625","10","0.95","0","999.20118837112443","0.17862003296181683","false"
