Worker 0 starting; PID 88348; plan 04D44E76D810691A9DE25A379FF6F01E4D77F10AC71FA0FE1C7D7C8B7F47434B.
Starting participation in distributed processing
Starting participation in CS004ME

Percentage Complete 0.00% of 2; pending 1; failed 0; unstarted 1
Updated status (total 14 milliseconds)
Task to do: Optimize ID 0 Repetition 0 Started:2026-09-05T02:51:07.4817062Z Complete:False Failed:False
Beginning task Optimize (ID 0) time 9/4/2026 10:51:07 PM
Using SequenceForm
Game: LitigationGame: Specification-Baseline__Cost-1__Fee-American__Starts-50
CollapseChanceDecisions True
NumOffers 10   
NumPotentialBargainingRounds 1  BargainingRoundsSimultaneous True SimultaneousOffersUltimatelyRevealed True 
NumLiabilityStrengthPoints 2 NumLiabilitySignals 10 PLiabilityNoiseStdev 0.2 DLiabilityNoiseStdev 0.2 CourtLiabilityNoiseStdev 0.2 
NumDamagesStrengthPoints 1 NumDamagesSignals 1 PDamagesNoiseStdev 0.1 DDamagesNoiseStdev 0.1 CourtDamagesNoiseStdev 0.15 
SkipFileAndAnswerDecisions False AllowAbandonAndDefaults True PredeterminedAbandonAndDefaults True IncludeAgreementToBargainDecisions False DeltaOffersOptions N/A 
CostsMultiplier 1 PTrialCosts 0.15 DTrialCosts 0.15 PFilingCost 0.15 DAnswerCost 0.15 PerPartyCostsLeadingUpToBargainingRound 0 
LoserPays True Multiple 0 AfterAbandonment False Rule68 False Margin False (0.7)
PInitialWealth 10 DInitialWealth 10 
DamagesMin 0 DamagesMax 1 DamagesMultiplier 1
RegretAversion 0 
PUtilityCalculator Risk neutral DUtilityCalculator Risk neutral 
LitigGameDisputeGenerator LitigGameUniformQualityDisputeGenerator QualityDistribution=Uniform(0,1);TruthGivenQuality=Bernoulli(q);GaussLegendreOrder=64
WarmStartOptions NoWarmStart for  iterations
Initializing all game paths...
... Chance nodes 111 decision nodes 4900 (80 information sets) final nodes 40200 total nodes 45211 Initialization milliseconds 1025
Prepping accelerated best response...
... 238 milliseconds. Chance nodes 111 decision nodes 4900 (80 information sets) final nodes 40200 total nodes 45211
Calculating min-max...
... complete 97 milliseconds
Option set Specification-Baseline__Cost-1__Fee-American__Starts-50
Using exact arithmetic for initial prior

Game tree has 45211 nodes, of which 40200 are terminal nodes.
    Player 0 has 111 information sets, 210 moves in total
    Player 1 has  40 information sets, 240 moves in total
    Player 2 has  40 information sets, 240 moves in total
Sequence form LCP dimension is 564
    Player 1 has 241 sequences, subject to  41 constraints
    Player 2 has 241 sequences, subject to  41 constraints
Prior 1 of 1
... 100 steps (35510 ms) ...... 200 steps (156578 ms) ...Complete after 209 pivoting steps
Equilibrium 1
Equilibrium behavior strategies player 1, 2:
0,1,0,0,0,0,0,0,0,0,0,0,0,0,0,0,0,0,0,0,0,0,0,0,0,1,0,0,0,0,0,0,0,0,0,0,0,0,0,0,0,0,0,0,0,0,0,0,1087719513327/1238445974752,150726461425/1238445974752,0,1,0,0,0,0,0,0,0,0,0,0,1,0,0,0,0,0,0,0,0,0,1,0,0,1,0,0,0,0,0,0,0,0,0,0,0,0,0,0,0,0,0,1,0,0,1,0,0,1,0,0,0,0,0,0,0,0,0,0,0,0,0,0,0,0,0,1,0,0,1,0,0,1,0,0,0,0,0,0,0,0,0,0,0,0,0,0,0,0,0,0,1,0,1,0,0,1,0,0,0,0,0,0,0,0,0,0,0,0,0,0,0,0,0,0,1,0,1,0,0,1,0,0,0,0,0,0,0,0,0,0,0,0,0,0,0,0,0,0,0,1,1,0,0,1,0,0,0,0,0,0,0,0,0,0,0,0,0,0,0,0,0,0,0,1,1,0,0,1,0,0,0,0,0,0,0,0,0,0,0,0,0,0,0,0,0,0,0,1
1,0,0,1,0,0,0,0,0,0,0,0,0,0,1,0,0,0,0,0,0,0,0,0,1,0,0,1,0,0,0,0,0,0,0,0,0,0,1,0,0,0,0,0,0,0,0,0,1,0,0,1,0,0,0,0,0,0,0,0,0,0,1,0,0,0,0,0,0,0,0,0,1,0,0,1,0,0,0,0,0,0,0,0,0,0,1,0,0,0,0,0,0,0,0,0,1,0,0,1,0,0,0,0,0,0,0,0,0,0,1,0,0,0,0,0,0,0,0,0,1,0,0,1,0,0,0,0,0,0,0,0,0,0,1,0,0,0,0,0,0,0,0,0,7822219/94388112,86565893/94388112,0,1,0,0,0,0,0,0,0,0,0,0,1,0,0,0,0,0,0,0,0,0,0,1,0,0,0,0,0,0,0,0,0,0,0,0,0,0,0,0,0,0,0,0,0,0,0,1,0,0,0,0,0,0,0,0,0,0,0,0,0,0,0,0,0,0,0,0,0,0,0,1,0,0,0,0,0,0,0,0,0,0,0,0,0,0,0,0,0,0,0,0,0,0
Elapsed milliseconds prior 1: 177999
Changed to original form:
0,1,0,0,0,0,0,0,0,0,0,0,0,0,0,0,0,0,0,0,0,0,0,0,0,1,0,0,0,0,0,0,0,0,0,0,0,0,0,0,0,0,0,0,0,0,0,0,1087719513327/1238445974752,150726461425/1238445974752,0,1,0,0,0,0,0,0,0,0,0,0,1,0,0,0,0,0,0,0,0,0,1,0,0,1,0,0,0,0,0,0,0,0,0,0,0,0,0,0,0,0,0,1,0,0,1,0,0,1,0,0,0,0,0,0,0,0,0,0,0,0,0,0,0,0,0,1,0,0,1,0,0,1,0,0,0,0,0,0,0,0,0,0,0,0,0,0,0,0,0,0,1,0,1,0,0,1,0,0,0,0,0,0,0,0,0,0,0,0,0,0,0,0,0,0,1,0,1,0,0,1,0,0,0,0,0,0,0,0,0,0,0,0,0,0,0,0,0,0,0,1,1,0,0,1,0,0,0,0,0,0,0,0,0,0,0,0,0,0,0,0,0,0,0,1,1,0,0,1,0,0,0,0,0,0,0,0,0,0,0,0,0,0,0,0,0,0,0,1,1,0,0,1,0,0,0,0,0,0,0,0,0,0,1,0,0,0,0,0,0,0,0,0,1,0,0,1,0,0,0,0,0,0,0,0,0,0,1,0,0,0,0,0,0,0,0,0,1,0,0,1,0,0,0,0,0,0,0,0,0,0,1,0,0,0,0,0,0,0,0,0,1,0,0,1,0,0,0,0,0,0,0,0,0,0,1,0,0,0,0,0,0,0,0,0,1,0,0,1,0,0,0,0,0,0,0,0,0,0,1,0,0,0,0,0,0,0,0,0,1,0,0,1,0,0,0,0,0,0,0,0,0,0,1,0,0,0,0,0,0,0,0,0,7822219/94388112,86565893/94388112,0,1,0,0,0,0,0,0,0,0,0,0,1,0,0,0,0,0,0,0,0,0,0,1,0,0,0,0,0,0,0,0,0,0,0,0,0,0,0,0,0,0,0,0,0,0,0,1,0,0,0,0,0,0,0,0,0,0,0,0,0,0,0,0,0,0,0,0,0,0,0,1,0,0,0,0,0,0,0,0,0,0,0,0,0,0,0,0,0,0,0,0,0,0
Perfect equilibrium confirmed 246 ms
Trying inexact arithmetic for up to 49 random priors

Game tree has 45211 nodes, of which 40200 are terminal nodes.
    Player 0 has 111 information sets, 210 moves in total
    Player 1 has  40 information sets, 240 moves in total
    Player 2 has  40 information sets, 240 moves in total
Sequence form LCP dimension is 564
    Player 1 has 241 sequences, subject to  41 constraints
    Player 2 has 241 sequences, subject to  41 constraints
Prior 1 of 49
... 100 steps (6982 ms) ...... 200 steps (14098 ms) ...... 300 steps (22106 ms) ...Complete after 344 pivoting steps
Equilibrium 1
Equilibrium behavior strategies player 1, 2:
3.2634703205900393E-15,0.9999999999999968,0,0,0,0,0,0,0,0,0,0,0,0,1,0,0,0,0,0,0,0,0,0,0,1,0.9680164701119699,0.031983529888030146,1,0,0,0,0,0,0,0,0,0,0,0,0,0,0,0,0,0,0,0,1.3997409474684409E-14,0.9999999999999859,0.008540766178971471,0.9914592338210284,0,0,0,0,0,0,0,0,0,0,1,0,0,0,0,0,0,0,0,0,1,0,0,1,0,0,0,0,0,0,0,0,0,0,0,0,0,0,0,0,1,0,0,0,1,0,0,1,0,0,0,0,0,0,0,0,0,0,0,0,0,0,0,0,1,0,0,0,1,0,0,1,0,0,0,0,0,0,0,0,0,0,0,0,0,0,0,0,1,0,0,0,1,0,0,1,0,0,0,0,0,0,0,0,0,0,0,0,0,0,0,0,0.8653535741874441,0,0.13464642581255584,0,1,0,0,1,0,0,0,0,0,0,0,0,0,0,0,0,0,0,0,0,0,0,0,1,1,0,0,1,0,0,0,0,0,0,0,0,0,0,0,0,0,0,0,0,0,0,0,1,1,0,0,1,0,0,0,0,0,0,0,0,0,0,0,0,0,0,0,0,0,0,0,1
1,0,0,1,0,0,0,0,0,0,0,0,0,0,1,0,0,0,0,0,0,0,0,0,1,0,0,1,0,0,0,0,0,0,0,0,0,0,1,0,0,0,0,0,0,0,0,0,1,0,0,1,0,0,0,0,0,0,0,0,0,0,1,0,0,0,0,0,0,0,0,0,1,0,0,1,0,0,0,0,0,0,0,0,0,0,1,0,0,0,0,0,0,0,0,0,1,0,0,1,0,0,0,0,0,0,0,0,0,0,0,0.32645275162326426,0,0.6735472483767356,0,0,0,0,0,0,1,0,0,1,0,0,0,0,0,0,0,0,0,0,0,0,0,0,0,0,1,0,0,0,1,0,0,1,0,0,0,0,0,0,0,0,0,0,0,0,0,0,0,0,1,0,0,0,0.4618099304872918,0.5381900695127082,1,0,0,0,0,0,0,0,1,0,0,0,0,0,0,0,0,0,0,0,0,0,4.003438189366083E-14,0.9999999999999599,0,0,0,0,0,0,0,0,1,0,0,0,0,0,0,0,0,0,0,0,0,0,5.941796944023385E-15,0.999999999999994,0,0,0,0,0,0,0,0,1,0,0,0,0,0,0,0,0,0,0,0,0,0
Elapsed milliseconds prior 1: 25904
Prior 2 of 49
... 100 steps (6413 ms) ...... 200 steps (13955 ms) ...... 300 steps (22136 ms) ...... 400 steps (30221 ms) ...... 500 steps (38203 ms) ...------- stop after 500 pivoting steps --------
ECTA algorithm failed Max (500) pivoting steps reached.
Equilibrium 2
Equilibrium behavior strategies player 1, 2:
0,0,0,0,0,0,0,0,0,0,0,0,0,0,0,0,0,0,0,0,0,0,0,0,0,0,0,0,0,0,0,0,0,0,0,0,0,0,0,0,0,0,0,0,0,0,0,0,0,0,0,0,0,0,0,0,0,0,0,0,0,0,0,0,0,0,0,0,0,0,0,0,0,0,0,0,0,0,0,0,0,0,0,0,0,0,0,0,0,0,0,0,0,0,0,0,0,0,0,0,0,0,0,0,0,0,0,0,0,0,0,0,0,0,0,0,0,0,0,0,0,0,0,0,0,0,0,0,0,0,0,0,0,0,0,0,0,0,0,0,0,0,0,0,0,0,0,0,0,0,0,0,0,0,0,0,0,0,0,0,0,0,0,0,0,0,0,0,0,0,0,0,0,0,0,0,0,0,0,0,0,0,0,0,0,0,0,0,0,0,0,0,0,0,0,0,0,0,0,0,0,0,0,0,0,0,0,0,0,0,0,0,0,0,0,0,0,0,0,0,0,0,0,0,0,0,0,0,0,0,0,0,0,0,0,0,0,0,0,0
0,0,0,0,0,0,0,0,0,0,0,0,0,0,0,0,0,0,0,0,0,0,0,0,0,0,0,0,0,0,0,0,0,0,0,0,0,0,0,0,0,0,0,0,0,0,0,0,0,0,0,0,0,0,0,0,0,0,0,0,0,0,0,0,0,0,0,0,0,0,0,0,0,0,0,0,0,0,0,0,0,0,0,0,0,0,0,0,0,0,0,0,0,0,0,0,0,0,0,0,0,0,0,0,0,0,0,0,0,0,0,0,0,0,0,0,0,0,0,0,0,0,0,0,0,0,0,0,0,0,0,0,0,0,0,0,0,0,0,0,0,0,0,0,0,0,0,0,0,0,0,0,0,0,0,0,0,0,0,0,0,0,0,0,0,0,0,0,0,0,0,0,0,0,0,0,0,0,0,0,0,0,0,0,0,0,0,0,0,0,0,0,0,0,0,0,0,0,0,0,0,0,0,0,0,0,0,0,0,0,0,0,0,0,0,0,0,0,0,0,0,0,0,0,0,0,0,0,0,0,0,0,0,0,0,0,0,0,0,0
Elapsed milliseconds prior 2: 38484
Prior 3 of 49
... 100 steps (6641 ms) ...... 200 steps (13813 ms) ...... 300 steps (21781 ms) ...Complete after 302 pivoting steps
Equilibrium 3
Equilibrium behavior strategies player 1, 2:
0,1,0,1,1,0,0,0,0,0,0,0,0,0,1,0,0,0,0,0,0,0,0,0,0,1,1,0,1,0,0,0,0,0,0,0,0,0,1,0,0,0,0,0,0,0,0,0,0.6107846285331572,0.3892153714668428,0,1,0,0,0,0,0,0,0,0,0,0,1,0,0,0,0,0,0,0,0,0,1,0,0,1,0,0,0,0,0,0,0,0,0,0,0,0,0,0,0,1,0,0,0,0,1,0,0,1,0,0,0,0,0,0,0,0,0,0,0,0.022754172673241816,0,0,0,0.8167499329167559,0,0,0.1604958944100023,0,1,0,0,1,0,0,0,0,0,0,0,0,0,0,0,0,0,0,0,0,0,0,1,0,1,0,0,1,0,0,0,0,0,0,0,0,0,0,0,0,0,0,0,0,0,0,1,0,1,0,0,1,0,0,0,0,0,0,0,0,0,0,0,0,0,0,0,0,0,0,0.20746394240182517,0.7925360575981748,1,0,0,1,0,0,0,0,0,0,0,0,0,0,0,0,0,0,0,0,0,0.4126532545782927,0,0.5873467454217072,1,0,0,1,0,0,0,0,0,0,0,0,0,0,0,0,0,0,0,0,0,0,0,1
1,0,0,1,0,0,0,0,0,0,0,0,0,0,1,0,0,0,0,0,0,0,0,0,1,0,0,1,0,0,0,0,0,0,0,0,0,0,1,0,0,0,0,0,0,0,0,0,1,0,0,1,0,0,0,0,0,0,0,0,0,0,1,0,0,0,0,0,0,0,0,0,1,0,0,1,0,0,0,0,0,0,0,0,0,0,1,0,0,0,0,0,0,0,0,0,1,0,0,1,0,0,0,0,0,0,0,0,0,0,1,0,0,0,0,0,0,0,0,0,1,0,0,1,0,0,0,0,0,0,0,0,0,0,0.917796722910527,0,0,0,0,0.08220327708947302,0,0,0,0,0.15165417653122495,0.848345823468775,0.5209071716210604,0.4790928283789397,0,0,0,0,0,0,0.9845455853852565,0,0.0154544146147435,0,0,0,0,0,0,0.9820742569885514,0,0.004419882858993413,0.013505860152455196,0,0,1,0,0,0,0,0,0,0,0,0,0,0,0,0,0,0,0,0,0,0,0,0,0,0,1,0,0,0,0,0,0,0,0,0,0,0,0,0,0,0,0,0,0,0,0,0,0,0,1,0,0,0,0,0,0,0,0,0,0,0,1,0,0,0,0,0,0,0,0,0,0
Elapsed milliseconds prior 3: 22457
Prior 4 of 49
... 100 steps (6756 ms) ...... 200 steps (14192 ms) ...... 300 steps (22258 ms) ...... 400 steps (30177 ms) ...... 500 steps (37858 ms) ...------- stop after 500 pivoting steps --------
ECTA algorithm failed Max (500) pivoting steps reached.
Same as equilibrium 2
Elapsed milliseconds prior 4: 38045
Prior 5 of 49
... 100 steps (6446 ms) ...... 200 steps (13404 ms) ...... 300 steps (20950 ms) ...... 400 steps (28467 ms) ...... 500 steps (35919 ms) ...------- stop after 500 pivoting steps --------
ECTA algorithm failed Max (500) pivoting steps reached.
Same as equilibrium 2
Elapsed milliseconds prior 5: 36149
Prior 6 of 49
... 100 steps (6389 ms) ...... 200 steps (13269 ms) ...... 300 steps (21978 ms) ...Complete after 356 pivoting steps
Equilibrium 4
Equilibrium behavior strategies player 1, 2:
3.3326194367616677E-16,0.9999999999999997,0,0,1,0,0,0,0,0,0,0,0,0,0,0,0,0,0,0,0,0,0,0,0,1,0,0,0,0,0,0,0,0,0,0,0,0,0,0,0,0,0,0,0,0,0,0,0.8782938743410369,0.12170612565896298,1,0,1,0,0,0,0,0,0,0,0,0,1,0,0,0,0,0,0,0,0,0,1,0,0,1,0,0,0,0,0,0,0,0,0,0,0,0,0,0,0,0,0,0,1,0,1,0,0,1,0,0,0,0,0,0,0,0,0,0,0,0,0,0.11622877730661581,0,0,0,0,0.8837712226933842,0,1,0,0,1,0,0,0,0,0,0,0,0,0,0,0,0.025166294354787035,0,0,0,0,0,0,0.974833705645213,0,1,0,0,1,0,0,0,0,0,0,0,0,0,0,0,0,0,0,0,0,0,0,0,1,1,0,0,1,0,0,0,0,0,0,0,0,0,0,0,0,0,0,0,0,0,0,0,1,1,0,0,1,0,0,0,0,0,0,0,0,0,0,0,0,0,0,0,0,0,0,0,1,1,0,0,1,0,0,0,0,0,0,0,0,0,0,0,0,0,0,0.0488164731011621,0,0,0,0,0.9511835268988378
1,0,0,1,0,0,0,0,0,0,0,0,0,0,1,0,0,0,0,0,0,0,0,0,1,0,0,1,0,0,0,0,0,0,0,0,0,0,1,0,0,0,0,0,0,0,0,0,1,0,0,1,0,0,0,0,0,0,0,0,0,0,1,0,0,0,0,0,0,0,0,0,1,0,0,1,0,0,0,0,0,0,0,0,0,0,1,0,0,0,0,0,0,0,0,0,1,0,0,1,0,0,0,0,0,0,0,0,0,0,1,0,0,0,0,0,0,0,0,0,1,0,0,1,0,0,0,0,0,0,0,0,0,0,1,0,0,0,0,0,0,0,0,0,0.08287292577692638,0.9171270742230735,0,1,0,0,0,0,0,0,0,0,0,0,0.9999999999998779,8.840900265174666E-14,0,2.971345453883473E-14,4.096723324187329E-15,0,0,0,0,0,0,1,0,0,0,0,0,0,0,0,0,0,0,0,0,0,0,0,0,0,0,0,0,0,0,1,0,0,0,0,0,0,0,0,0,0,0,0,0,0,0,0,0,0,0,0,0,0,0,1,0,0,0,0,0,0,0,0,0,0,0,0,0,0,0,0,0,0,0,0,0,0
Elapsed milliseconds prior 6: 26684
Prior 7 of 49
... 100 steps (6352 ms) ...... 200 steps (12950 ms) ...... 300 steps (21158 ms) ...Cycling detected after 351 steps
ECTA algorithm failed Cycling detected after 351 steps
Same as equilibrium 2
Elapsed milliseconds prior 7: 25292
Prior 8 of 49
... 100 steps (6554 ms) ...... 200 steps (13438 ms) ...Complete after 247 pivoting steps
Equilibrium 5
Equilibrium behavior strategies player 1, 2:
1.1108094524220066E-15,0.9999999999999988,1,0,0,0,0,0,0,0,0,0,0,0,0,0,0,0,0,0,0,0,0,0,2.2048876856956363E-15,0.9999999999999978,0,1,0,0,0,0,0,0,0,0,0,0,0,0,0,0,0,0,0,0,0,0,0.8782938743410459,0.12170612565895411,0,1,0,0,0,0,0,0,0,0,0,0,1,0,0,0,0,0,0,0,0,0,1,0,0,1,0,0,0,0,0,0,0,0,0,0,0,0,0,0,0,0,0,0,0,1,1,0,0,1,0,0,0,0,0,0,0,0,0,0,0,0,0,0,0,0,0,0,0,1,1,0,0,1,0,0,0,0,0,0,0,0,0,0,0,0,0,0,0,0,0,0,0,1,1,0,0,1,0,0,0,0,0,0,0,0,0,0,0,0,0,0,0,0,0,0,0,1,1,0,0,1,0,0,0,0,0,0,0,0,0,0,0,0,0,0,0,0,0,0,0,1,1,0,0,1,0,0,0,0,0,0,0,0,0,0,0,0.019562898981122033,0,0,0,0,0,0,0,0.980437101018878,1,0,0,1,0,0,0,0,0,0,0,0,0,0,0,0,0.028686316303600558,0,0,0,0,0,0,0.9713136836963994
1,0,0,1,0,0,0,0,0,0,0,0,0,0,1,0,0,0,0,0,0,0,0,0,1,0,0,1,0,0,0,0,0,0,0,0,0,0,1,0,0,0,0,0,0,0,0,0,1,0,0,1,0,0,0,0,0,0,0,0,0,0,1,0,0,0,0,0,0,0,0,0,1,0,0,1,0,0,0,0,0,0,0,0,0,0,1,0,0,0,0,0,0,0,0,0,1,0,0,1,0,0,0,0,0,0,0,0,0,0,1,0,0,0,0,0,0,0,0,0,1,0,0,1,0,0,0,0,0,0,0,0,0,0,1,0,0,0,0,0,0,0,0,0,0.08287292577691645,0.9171270742230835,0,1,0,0,0,0,0,0,0,0,0,0,0.999999999999322,3.812999447758941E-14,6.397782375823011E-13,0,0,0,0,0,0,0,1.17916510865821E-16,0.9999999999999998,0,0,0,0,0,0,0,0,0,0,0,1,0,0,0,0,0,0,0,0,0,1,0,1,0,1,0,0,0,0,0,0,0,0,0,0,0,0,0,0,0,0,0,0,0,1,0,1,0.0020702157574137322,0.9979297842425863,0,0,0,0,0,0,0,0,0,0,0,0,0,0,0,0,0,0,0,1
Elapsed milliseconds prior 8: 17335
Prior 9 of 49
... 100 steps (6494 ms) ...... 200 steps (13857 ms) ...Complete after 223 pivoting steps
Equilibrium 6
Equilibrium behavior strategies player 1, 2:
8.32798914012084E-16,0.9999999999999991,1,0,0,0,0,0,0,0,0,0,0,0,1,0,0,0,0,0,0,0,0,0,2.348691715393634E-14,0.9999999999999766,0,1,0,0,0,0,0,0,0,0,0,0,0,0,0,0,0,0,0,0,0,0,0.8782938743410225,0.12170612565897762,0,1,0,0,0,0,0,0,0,0,0,0,1,0,0,0,0,0,0,0,0,0,1,0,0,1,0,0,0,0,0,0,0,0,0,0,0,0,0,0,0,0,0,0,0,1,1,0,0,1,0,0,0,0,0,0,0,0,0,0,0,0,0,0,0,0,0,0,0,1,1,0,0,1,0,0,0,0,0,0,0,0,0,0,0,0,0,0,0,0,0,0,0,1,1,0,0,1,0,0,0,0,0,0,0,0,0,0,0,0,0,0,0,0,0,0,0,1,1,0,0,1,0,0,0,0,0,0,0,0,0,0,0,0,0.022285434074975134,0,0,0,0,0,0,0.9777145659250249,1,0,0,1,0,0,0,0,0,0,0,0,0,0,0,0,0,0,0,0,0,0,0,1,1,0,0,1,0,0,0,0,0,0,0,0,0,0,0,0.024101531135556048,0,0,0,0,0,0,0,0.975898468864444
1,0,0,1,0,0,0,0,0,0,0,0,0,0,1,0,0,0,0,0,0,0,0,0,1,0,0,1,0,0,0,0,0,0,0,0,0,0,1,0,0,0,0,0,0,0,0,0,1,0,0,1,0,0,0,0,0,0,0,0,0,0,1,0,0,0,0,0,0,0,0,0,1,0,0,1,0,0,0,0,0,0,0,0,0,0,1,0,0,0,0,0,0,0,0,0,1,0,0,1,0,0,0,0,0,0,0,0,0,0,1,0,0,0,0,0,0,0,0,0,1,0,0,1,0,0,0,0,0,0,0,0,0,0,1,0,0,0,0,0,0,0,0,0,0.08287292577692211,0.9171270742230778,0,1,0,0,0,0,0,0,0,0,0,0,0.9999999999997935,1.343290866461839E-13,7.214410931576488E-14,0,0,0,0,0,0,0,0,1,0,0,0,0,0,0,0,0,0,0,0,0,0,0,0,0,0,0,0,0,0,0,0,1,0,0,0,0,0,0,0,0,0,0,0,0,0,0,0,0,0,0,0,0,0,1,0,1,0,0,0,0,0,0,0,0,0,0,0,0,0,0,0,0,0,0,0,0,0,0
Elapsed milliseconds prior 9: 16369
Prior 10 of 49
... 100 steps (6697 ms) ...... 200 steps (13894 ms) ...Complete after 260 pivoting steps
Equilibrium 7
Equilibrium behavior strategies player 1, 2:
0,1,0.8220745482578229,0.17792545174217722,1,0,0,0,0,0,0,0,0,0,1,0,0,0,0,0,0,0,0,0,2.75040984332182E-15,0.9999999999999972,0,1,0,0,0,0,0,0,0,0,0,0,0,0,0,0,0,0,0,0,0,0,0.8782938743410399,0.12170612565896002,0,1,0,0,0,0,0,0,0,0,0,0,1,0,0,0,0,0,0,0,0,0,1,0,0,1,0,0,0,0,0,0,0,0,0,0,0,0,0,0,0,0,0,0,0,1,1,0,0,1,0,0,0,0,0,0,0,0,0,0,0,0,0,0,0,0,0,0,0,1,1,0,0,1,0,0,0,0,0,0,0,0,0,0,0,0,0,0,0,0,0,0,0,1,1,0,0,1,0,0,0,0,0,0,0,0,0,0,0,0,0,0,0,0,0,0,0,1,1,0,0,1,0,0,0,0,0,0,0,0,0,0,0,0,0.04222422716410532,0,0,0,0,0,0,0.9577757728358947,1,0,0,1,0,0,0,0,0,0,0,0,0,0,0,0,0,0,0,0,0,0,0,1,1,0,0,1,0,0,0,0,0,0,0,0,0,0,0,0,0,0.011404110810060993,0,0,0,0,0,0.988595889189939
1,0,0,1,0,0,0,0,0,0,0,0,0,0,1,0,0,0,0,0,0,0,0,0,1,0,0,1,0,0,0,0,0,0,0,0,0,0,1,0,0,0,0,0,0,0,0,0,1,0,0,1,0,0,0,0,0,0,0,0,0,0,1,0,0,0,0,0,0,0,0,0,1,0,0,1,0,0,0,0,0,0,0,0,0,0,1,0,0,0,0,0,0,0,0,0,1,0,0,1,0,0,0,0,0,0,0,0,0,0,1,0,0,0,0,0,0,0,0,0,1,0,0,1,0,0,0,0,0,0,0,0,0,0,1,0,0,0,0,0,0,0,0,0,0.08287292577692171,0.9171270742230784,0,1,0,0,0,0,0,0,0,0,0,0,0.9999999999998557,0,1.4442264529255115E-13,0,0,0,0,0,0,0,0,1,0,0,0,0,0,0,0,0,0,0,0,0,0,0,0,0,0,0,0,0,0,1,0,1,0,0,0,0,0,0,0,0,0,0,0,0,0,0,0,0,0,0,0,0,0,0,9.328066509663604E-15,0.9999999999999907,1,0,0,0,0,0,0,0,0,0,0,0,0,0,0,0,0,0,0,0,0,0
Elapsed milliseconds prior 10: 19129
Prior 11 of 49
... 100 steps (6916 ms) ...... 200 steps (14700 ms) ...Cycling detected after 257 steps
ECTA algorithm failed Cycling detected after 257 steps
Same as equilibrium 2
Elapsed milliseconds prior 11: 19444
Prior 12 of 49
... 100 steps (6903 ms) ...... 200 steps (14900 ms) ...... 300 steps (23775 ms) ...Complete after 303 pivoting steps
Equilibrium 8
Equilibrium behavior strategies player 1, 2:
2.7371922455367076E-16,0.9999999999999998,0.13345067847612901,0.8665493215238711,0,0,0,0,0,0,0,0,0,0,0,0,0,0,0,0,0,0,0,0,0,1,0,0,1,0,0,0,0,0,0,0,0,0,1,0,0,0,0,0,0,0,0,0,0.6484032839304674,0.3515967160695326,0.9999999999999997,3.0554886089488984E-16,1,0,0,0,0,0,0,0,0,0,0,0,0,0,0,0,0,0,0,0,1,0,0,1,0,0,0,0,0,0,0,0,0,0,0,0,0,0,0,0,0,1,0,0,1,0,0,1,0,0,0,0,0,0,0,0,0,0,0,0,0,0,0,0,0,1,0,0,1,0,0,1,0,0,0,0,0,0,0,0,0,0,0,0,0,0,0,0,0,1,0,0,1,0,0,1,0,0,0,0,0,0,0,0,0,0,0,0,0,0,0,0,0,0.9038881697826299,0.09611183021737014,0,1,0,0,1,0,0,0,0,0,0,0,0,0,0,0,0,0,0,0,0,0,0,0.7044709669734293,0.2955290330265708,1,0,0,1,0,0,0,0,0,0,0,0,0,0,0,0,0,0,0,0,0,0,0,1,1,0,0,1,0,0,0,0,0,0,0,0,0,0,0,0,0,0,0,0,0,0,0,1
1,0,0,1,0,0,0,0,0,0,0,0,0,0,1,0,0,0,0,0,0,0,0,0,1,0,0,1,0,0,0,0,0,0,0,0,0,0,1,0,0,0,0,0,0,0,0,0,1,0,0,1,0,0,0,0,0,0,0,0,0,0,1,0,0,0,0,0,0,0,0,0,1,0,0,1,0,0,0,0,0,0,0,0,0,0,1,0,0,0,0,0,0,0,0,0,1,0,0,1,0,0,0,0,0,0,0,0,0,0,1,0,0,0,0,0,0,0,0,0,1,0,0,1,0,0,0,0,0,0,0,0,0,0,1,0,0,0,0,0,0,0,0,0,0.13121457574037973,0.8687854242596204,0.3751898174990679,0.6248101825009322,0,0,0,0,0,0,0,1,0,0,0,0,0,0,0,0,0,1,0,0,3.3073044875359895E-16,0.9999999999999997,0,0,0,0,0,0,0,0,0,0.9613765259599013,0.03862347404009866,0,0,0,0,0,0,0,0,0,0,0,1.02952712129752E-16,0.9999999999999999,1,0,0,0,0,0,0,0,0,0,0,0,0,0,0,0,0,0,0,0,0,0,0,1,1,0,0,0,0,0,0,0,0,0,0,1,0,0,0,0,0,0,0,0,0,0
Elapsed milliseconds prior 12: 24358
Prior 13 of 49
... 100 steps (6892 ms) ...... 200 steps (13994 ms) ...... 300 steps (21855 ms) ...Complete after 396 pivoting steps
Equilibrium 9
Equilibrium behavior strategies player 1, 2:
0,1,0.9656148871025059,0.034385112897494165,1,0,0,0,0,0,0,0,0,0,0,0,0,0,0,0,0,0,0,0,5.860697966375932E-15,0.9999999999999941,0,0,1,0,0,0,0,0,0,0,0,0,1,0,0,0,0,0,0,0,0,0,3.037720077833233E-14,0.9999999999999696,0.9284340805945424,0.07156591940545763,0.9331781906596465,0,0,0,0.06682180934035353,0,0,0,0,0,0,0,0,0,0,0,0,0,0,0,1,0,0,1,0,0,0,0,0,0,0,0,0,0,0,0,0,0,0,0,1,0,0,0,1,0,0,1,0,0,0,0,0,0,0,0,0,0,0,0,0,0,0,0,1,0,0,0,1,0,0,1,0,0,0,0,0,0,0,0,0,0,0,0,0,0,0,0,1,0,0,0,1,0,0,1,0,0,0,0,0,0,0,0,0,0,0,0,0,0,0,0,0.8653535741874382,0,0,0.1346464258125619,1,0,0,1,0,0,0,0,0,0,0,0,0,0,0,0,0,0,0,0,0,0.283112246389331,0,0.716887753610669,1,0,0,1,0,0,0,0,0,0,0,0,0,0,0,0,0,0,0,0,0,0,0.23353328544951188,0.7664667145504882,1,0,0,1,0,0,0,0,0,0,0,0,0,0,0,0,0,0,0,0,0,0,0,1
1,0,0,1,0,0,0,0,0,0,0,0,0,0,0.39252434618994786,0,0.2699708706559712,0,0.3375047831540809,0,0,0,0,0,1,0,0,1,0,0,0,0,0,0,0,0,0,0,1,0,0,0,0,0,0,0,0,0,1,0,0,1,0,0,0,0,0,0,0,0,0,0,1,0,0,0,0,0,0,0,0,0,1,0,0,1,0,0,0,0,0,0,0,0,0,0,1,0,0,0,0,0,0,0,0,0,1,0,0,1,0,0,0,0,0,0,0,0,0,0,1,0,0,0,0,0,0,0,0,0,1,0,0,1,0,0,0,0,0,0,0,0,0,0,0,0,0,0,0,0,1,0,0,0,1,0,0,1,0,0,0,0,0,0,0,0,0,0,0,0,0,0,0,0,1,0,0,0,0.4618099304872887,0.5381900695127114,0.9999999999999852,1.4815962069262156E-14,0,0,0,0,0,0,1,0,0,0,0,0,0,0,0,0,0,0,0,0,6.808824546781984E-16,0.9999999999999993,1,0,0,0,0,0,0,0,0,0,0,0,0,0,0,0,0,0,0,0,0,0,0,1,0,0,0,0,0,0,0,0,0.9616416049592104,0.001788450094172166,0,0.03656994494661745,0,0,0,0,0,0,0,0,0,0
Elapsed milliseconds prior 13: 29531
Prior 14 of 49
... 100 steps (6421 ms) ...... 200 steps (13014 ms) ...... 300 steps (20747 ms) ...... 400 steps (28424 ms) ...... 500 steps (36026 ms) ...------- stop after 500 pivoting steps --------
ECTA algorithm failed Max (500) pivoting steps reached.
Same as equilibrium 2
Elapsed milliseconds prior 14: 36241
Prior 15 of 49
... 100 steps (6400 ms) ...... 200 steps (13036 ms) ...... 300 steps (20523 ms) ...Complete after 339 pivoting steps
Equilibrium 10
Equilibrium behavior strategies player 1, 2:
0,1,0.5023080427955319,0.49769195720446824,0,0,0,0,0,0,0,0,0,0,0,0,0,0,0,0,0,0,0,0,4.2294044819457447E-16,0.9999999999999996,0,1,0,0,0,0,0,0,0,0,0,0,0,0,0,0,0,0,0,0,0,0,0.8772407533239936,0.12275924667600634,0,1,0,0,0,0,0,0,0,0,0,0,1,0,0,0,0,0,0,0,0,0,1,0,0,1,0,0,0,0,0,0,0,0,0,0,0,0,0,0,0,0,1,0,0,0,1,0,0,1,0,0,0,0,0,0,0,0,0,0,0,0,0,0,0,0,1,0,0,0,1,0,0,1,0,0,0,0,0,0,0,0,0,0,0,0,0,0,0,0,0.5930945449008096,0,0.4069054550991904,0,1,0,0,1,0,0,0,0,0,0,0,0,0,0,0,0,0,0,0,0,0,0,1,0,1,0,0,1,0,0,0,0,0,0,0,0,0,0,0,0,0,0,0,0,0,0,0,1,1,0,0,1,0,0,0,0,0,0,0,0,0,0,0,0,0,0,0,0,0,0,0,1,1,0,0,1,0,0,0,0,0,0,0,0,0,0,0,0,0,0,0,0,0,0,0,1
1,0,0,1,0,0,0,0,0,0,0,0,0,0,1,0,0,0,0,0,0,0,0,0,1,0,0,1,0,0,0,0,0,0,0,0,0,0,1,0,0,0,0,0,0,0,0,0,1,0,0,1,0,0,0,0,0,0,0,0,0,0,1,0,0,0,0,0,0,0,0,0,1,0,0,1,0,0,0,0,0,0,0,0,0,0,1,0,0,0,0,0,0,0,0,0,1,0,0,1,0,0,0,0,0,0,0,0,0,0,1,0,0,0,0,0,0,0,0,0,1,0,0,1,0,0,0,0,0,0,0,0,0,0,1,0,0,0,0,0,0,0,0,0,0.09625458522591626,0.9037454147740837,0.10222106312660444,0.8977789368733955,0,0,0,0,0,0,1,0,0,0,0.6798933290040625,0,0,0,0,0,0.3201066709959375,0,0,0,0,1,0,0,0,0,0,0,0,0,0,0,0,0,0,0,0,0,0,0,0,0,0,0,0,1,0,0,0,0,0,0,0,0,0,0,0,0,0,0,0,0,0,0,0,0,0,0,0,1,0,0,0,0,0,0,0,0,0,0,0,0,0,0,0,0,0,0,0,0,0,0
Elapsed milliseconds prior 15: 23707
Prior 16 of 49
... 100 steps (6504 ms) ...... 200 steps (13377 ms) ...... 300 steps (21005 ms) ...Complete after 327 pivoting steps
Equilibrium 11
Equilibrium behavior strategies player 1, 2:
0,1,1,0,1,0,0,0,0,0,0,0,0,0,0,0,0,0,0,0,0,0,0,0,0.003903789108891551,0.9960962108911084,0,0,0,0,0,0,0,0,0,0,0,0,1,0,0,0,0,0,0,0,0,0,0.12958406898709732,0.8704159310129027,1.3364154009044665E-14,0.9999999999999867,0,0,0,0,0,0,0,0,0,0,1,0,0,0,0,0,0,0,0,0,1,0,0,1,0,0,0,0,0,0,0,0,0,0,0,0,0,0,0,1,0,0,0,0,1,0,0,1,0,0,0,0,0,0,0,0,0,0,0,0,0,0,0,1,0,0,0,0,1,0,0,1,0,0,0,0,0,0,0,0,0,0,0,0,0,0,0,1,0,0,0,0,1,0,0,1,0,0,0,0,0,0,0,0,0,0,0,0,0,0,0,0,0,0,0,1,1,0,0,1,0,0,0,0,0,0,0,0,0,0,0,0,0,0,0,0,0,0,0,1,1,0,0,1,0,0,0,0,0,0,0,0,0,0,0,0,0,0,0,0,0,0,0,1,1,0,0,1,0,0,0,0,0,0,0,0,0,0,0,0,0,0,0,0,0,0,0,1
1,0,0,1,0,0,0,0,0,0,0,0,0,0,0,0.6935695615846548,0.3064304384153452,0,0,0,0,0,0,0,1,0,0,1,0,0,0,0,0,0,0,0,0,0,1,0,0,0,0,0,0,0,0,0,1,0,0,1,0,0,0,0,0,0,0,0,0,0,1,0,0,0,0,0,0,0,0,0,1,0,0,1,0,0,0,0,0,0,0,0,0,0,1,0,0,0,0,0,0,0,0,0,1,0,0,1,0,0,0,0,0,0,0,0,0,0,0.9286610173969732,0,0,0,0,0.07133898260302692,0,0,0,0,1,0,0,1,0,0,0,0,0,0,0,0,0,0,0,0,0,0,0,1,0,0,0,0,1,0,0,1,0,0,0,0,0,0,0,0,0,0,0,0,0,0,0,1,0,0,0,0,1.945979714381301E-16,0.9999999999999998,0,0,0,0,0,0,0,1,0,0,0,0,0,0,0,0,0,1,0,0,0,0,0,1,0,0,0,0,0,0,0,0,0,0,0,0,0,0,0,0,0,0,0,0,0,0,0,1,0,0,0,0,0,0,0,0,0,0,0,0,0,0,0,0,0,0,0,0,0,0
Elapsed milliseconds prior 16: 23439
Prior 17 of 49
... 100 steps (6584 ms) ...... 200 steps (13349 ms) ...... 300 steps (20971 ms) ...Complete after 304 pivoting steps
Equilibrium 12
Equilibrium behavior strategies player 1, 2:
0,1,0.05315326018716226,0.9468467398128378,1,0,0,0,0,0,0,0,0,0,1,0,0,0,0,0,0,0,0,0,6.490288445740119E-16,0.9999999999999993,0,1,0,0,0,0,0,0,0,0,0,0,0,0,0,0,0,0,0,0,0,0,0.8782938743410437,0.12170612565895625,0,1,0,0,0,0,0,0,0,0,0,0,1,0,0,0,0,0,0,0,0,0,1,0,0,1,0,0,0,0,0,0,0,0,0,0,0,0,0,0,0,0,0,0,0,1,1,0,0,1,0,0,0,0,0,0,0,0,0,0,0,0,0,0,0,0,0,0,0,1,1,0,0,1,0,0,0,0,0,0,0,0,0,0,0,0,0.05909995253899899,0,0,0,0,0,0,0.940900047461001,1,0,0,1,0,0,0,0,0,0,0,0,0,0,0,0,0,0,0,0,0,0,0,1,1,0,0,1,0,0,0,0,0,0,0,0,0,0,0,0,0,0,0,0,0,0,0,1,1,0,0,1,0,0,0,0,0,0,0,0,0,0,0,0,0,0,0,0,0,0,0,1,1,0,0,1,0,0,0,0,0,0,0,0,0,0,0,0,0,0,0,0,0,0,0,1
1,0,0,1,0,0,0,0,0,0,0,0,0,0,1,0,0,0,0,0,0,0,0,0,1,0,0,1,0,0,0,0,0,0,0,0,0,0,1,0,0,0,0,0,0,0,0,0,1,0,0,1,0,0,0,0,0,0,0,0,0,0,1,0,0,0,0,0,0,0,0,0,1,0,0,1,0,0,0,0,0,0,0,0,0,0,1,0,0,0,0,0,0,0,0,0,1,0,0,1,0,0,0,0,0,0,0,0,0,0,1,0,0,0,0,0,0,0,0,0,1,0,0,1,0,0,0,0,0,0,0,0,0,0,1,0,0,0,0,0,0,0,0,0,0.08287292577689571,0.9171270742231044,0,1,0,0,0,0,0,0,0,0,0,0,0.9999999999993794,0,6.206289061277478E-13,0,0,0,0,0,0,0,0,1,0,0,0,0,0,0,0,0,0,0,0,0,0,0,0,0,0,0,0,0,0,1,2.802607754854051E-17,1,1,0,0,0,0,0,0,0,0,0,0,0,0,0,0,0,0,0,0,0,0,0,0,1,0,1,0,0,0,0,0,0,0,0,0,1,0,0,0,0,0,0,0,0,0,1
Elapsed milliseconds prior 17: 21618
Prior 18 of 49
... 100 steps (6483 ms) ...... 200 steps (13379 ms) ...... 300 steps (20957 ms) ...... 400 steps (28688 ms) ...... 500 steps (36312 ms) ...------- stop after 500 pivoting steps --------
ECTA algorithm failed Max (500) pivoting steps reached.
Same as equilibrium 2
Elapsed milliseconds prior 18: 36485
Prior 19 of 49
... 100 steps (6500 ms) ...... 200 steps (13310 ms) ...... 300 steps (21480 ms) ...... 400 steps (29131 ms) ...... 500 steps (37529 ms) ...------- stop after 500 pivoting steps --------
ECTA algorithm failed Max (500) pivoting steps reached.
Same as equilibrium 2
Elapsed milliseconds prior 19: 37819
Prior 20 of 49
... 100 steps (7090 ms) ...... 200 steps (14934 ms) ...... 300 steps (22388 ms) ...... 400 steps (29825 ms) ...... 500 steps (37152 ms) ...------- stop after 500 pivoting steps --------
ECTA algorithm failed Max (500) pivoting steps reached.
Same as equilibrium 2
Elapsed milliseconds prior 20: 37437
Prior 21 of 49
... 100 steps (6472 ms) ...... 200 steps (13383 ms) ...Complete after 291 pivoting steps
Equilibrium 13
Equilibrium behavior strategies player 1, 2:
8.169506417562115E-16,0.9999999999999992,1,0,0,0,0,0,0,0,0,0,0,0,1,0,0,0,0,0,0,0,0,0,1.0464195361542986E-14,0.9999999999999896,0,1,1,0,0,0,0,0,0,0,0,0,0,0,0,0,0,0,0,0,0,0,0.6484032839304861,0.35159671606951404,0,1,0,0,0,0,0,0,0,0,0,0,1,0,0,0,0,0,0,0,0,0,1,0,0,1,0,0,0,0,0,0,0,0,0,0,0,0,0,0,0,0,0,1,0,0,1,0,0,1,0,0,0,0,0,0,0,0,0,0,0,0,0,0,0,0,0,1,0,0,1,0,0,1,0,0,0,0,0,0,0,0,0,0,0,0,0,0,0,0,0,1,0,0,1,0,0,1,0,0,0,0,0,0,0,0,0,0,0,0,0,0,0,0,0,0.9038881697826185,0.09611183021738141,0,1,0,0,1,0,0,0,0,0,0,0,0,0,0,0,0,0,0,0,0,0,0,0,1,1,0,0,1,0,0,0,0,0,0,0,0,0,0,0,0,0,0,0,0,0,0,0,1,1,0,0,1,0,0,0,0,0,0,0,0,0,0,0,0,0,0,0,0,0,0,0,1
1,0,0,1,0,0,0,0,0,0,0,0,0,0,1,0,0,0,0,0,0,0,0,0,1,0,0,1,0,0,0,0,0,0,0,0,0,0,1,0,0,0,0,0,0,0,0,0,1,0,0,1,0,0,0,0,0,0,0,0,0,0,1,0,0,0,0,0,0,0,0,0,1,0,0,1,0,0,0,0,0,0,0,0,0,0,1,0,0,0,0,0,0,0,0,0,1,0,0,1,0,0,0,0,0,0,0,0,0,0,1,0,0,0,0,0,0,0,0,0,1,0,0,1,0,0,0,0,0,0,0,0,0,0,1,0,0,0,0,0,0,0,0,0,0.13121457574038373,0.8687854242596164,0.37518981749909736,0.6248101825009025,0,0,0,0,0,0,0,1,0,0,0,0,0,0,0,0,0,1,0,0,2.2993196606352493E-15,0.9999999999999978,1,0,0,0,0,0,0,0,0,0,0,0,0,0,0,0,0,0,0,0,0,0,0,1,0,0,0,0,0,0,0,0,0,0,0,0,0,0,0,0,0,0,0,0,0,0,0,1,0,0,0,0,0,0,0,0,0,0,0,0,0,0,0,0,0,0,0,0,0,0
Elapsed milliseconds prior 21: 20400
Prior 22 of 49
... 100 steps (6425 ms) ...... 200 steps (13355 ms) ...... 300 steps (22051 ms) ...... 400 steps (29797 ms) ...Complete after 451 pivoting steps
Equilibrium 14
Equilibrium behavior strategies player 1, 2:
0.021798274948151085,0.978201725051849,5.008921143450124E-12,0.999999999994991,0,0,0,0,0,0,0,0,0,0,0,0,0,0,0,0,0,0,0,0,0,1,0.9858682715833703,0.01413172841662959,1,0,0,0,0,0,0,0,0,0,0,0,0,0,0,0,0,0,0,0,1,0,0,1,1,0,0,0,0,0,0,0,0,0,1,0,0,0,0,0,0,0,0,0,1,0,0,1,0,0,0,0,0,0,0,0,0,0,0,0,0,0,0,1,0,0,0,0,1,0,0,1,0,0,0,0,0,0,0,0,0,0,0,0,0,0,0,0.24552881413383887,0,0.7544711858661611,0,0,1,0,0,1,0,0,0,0,0,0,0,0,0,0,0,0,0,0,0,0,0,0.7075689838667603,0,0.2924310161332398,1,0,0,1,0,0,0,0,0,0,0,0,0,0,0,0,0,0,0,0,0,0,0,1,1,0,0,1,0,0,0,0,0,0,0,0,0,0,0,0,0,0,0,0,0,0,0,1,1,0,0,1,0,0,0,0,0,0,0,0,0,0,0,0,0,0,0,0,0,0,0,1,1,0,0,1,0,0,0,0,0,0,0,0,0,0,0,0,0,0,0,0,0,0,0,1
1,0,0,1,0,0,0,0,0,0,0,0,0,0,1,0,0,0,0,0,0,0,0,0,1,0,0,1,0,0,0,0,0,0,0,0,0,0,1,0,0,0,0,0,0,0,0,0,1,0,0,1,0,0,0,0,0,0,0,0,0,0,1,0,0,0,0,0,0,0,0,0,1,0,0,1,0,0,0,0,0,0,0,0,0,0,0.9793274614392619,0,0,0,0,0,0,0.020672538560738214,0,0,1,0,0,1,0,0,0,0,0,0,0,0,0,0,1,0,0,0,0,0,0,0,0,0,1,0,0,1,0,0,0,0,0,0,0,0,0,0,1,0,0,0,0,0,0,0,0,0,0.20933950335675752,0.7906604966432426,1,0,0,0,0,0,0,0,0,0,1,0,0,0.7301423308914146,0,0,0,0.2698576691085854,0,0,0,0,0.00024564234490098827,0.9997543576550991,1,0,0,0,0,0,0,0,1,0,0,0,0,0,0,0,0,0,0,0,0,0,0.001748841400317397,0.9982511585996826,1,0,0,0,0,1,0,0,0,0,0,0,0,0,0,0,0,0,0,0,0,0,0.04140175493009292,0.9585982450699072,0,1,0,1,0,0,0,0,0,0,0,0,0,0,0,0,0,0,0,0,1,0
Elapsed milliseconds prior 22: 33974
Prior 23 of 49
... 100 steps (6512 ms) ...... 200 steps (13263 ms) ...... 300 steps (20830 ms) ...Complete after 305 pivoting steps
Equilibrium 15
Equilibrium behavior strategies player 1, 2:
0.20721366500025903,0.7927863349997409,0,0,0,0,0,0,0,0,0,0,0,0,0,0,0,0,0,0,0,0,0,0,0.012138076554067317,0.9878619234459326,1,0,0,0,0,0,0,0,0,0,0,0,1,0,0,0,0,0,0,0,0,0,0.07989128409749949,0.9201087159025005,0.9845170390026434,0.01548296099735664,1,0,0,0,0,0,0,0,0,0,0,0,0,0,0,0,0,0,0,0,1,0,0,1,0,0,0,0,0,0,0,0,0,0,0,0.013439665102064131,0,0,0,0,0.22366673515476346,0.7628935997431725,0,0,1,0,0,1,0,0,0,0,0,0,0,0,0,0,0,0,0,0,0,0,0,1,0,0,1,0,0,1,0,0,0,0,0,0,0,0,0,0,0,0,0,0,0,0,0,1,0,0,1,0,0,1,0,0,0,0,0,0,0,0,0,0,0,0,0,0,0,0,0,1,0,0,1,0,0,1,0,0,0,0,0,0,0,0,0,0,0,0,0,0,0,0,0,0.24407120406439214,0.7559287959356078,0,1,0,0,1,0,0,0,0,0,0,0,0,0,0,0,0,0,0,0,0,0,0,0,1,1,0,0,1,0,0,0,0,0,0,0,0,0,0,0,0,0,0,0,0,0,0,0,1
1,0,0,1,0,0,0,0,0,0,0,0,0,0,0,1,0,0,0,0,0,0,0,0,1,0,0,1,0,0,0,0,0,0,0,0,0,0,0.9450585678347192,0,0,0,0,0,0.05494143216528082,0,0,0,1,0,0,1,0,0,0,0,0,0,0,0,0,0,0.993857803611882,0,0,0,0,0.006142196388117891,0,0,0,0,1,0,0,1,0,0,0,0,0,0,0,0,0,0,1,0,0,0,0,0,0,0,0,0,1,0,0,1,0,0,0,0,0,0,0,0,0,0,0,0,1,0,0,0,0,0,0,0,1,0,0,1,0,0,0,0,0,0,0,0,0,0,0.3978634138609951,0.6021365861390049,0,0,0,0,0,0,0,0,1,0,0.28195650713743137,0.7180434928625686,0,0,0,0,0,0,0,1,0,0,0,0,0,0,0,0,0,1,0,0,1.3103874911737911E-15,0.9999999999999987,1,0,0,0,0,0,0,0,0,0,0,0,0,0,0,0,0,0,0,0,0,0,0,1,0,0,0,0,0,0,0,0,0,0,0,0,0,0,0,0,0,0,0,0,0,0,0,1,0,0,0,0,0,0,0,0,0,0,0,0,0,0,0,0,0,0,0,0,0,0
Elapsed milliseconds prior 23: 21389
Prior 24 of 49
... 100 steps (6444 ms) ...... 200 steps (13209 ms) ...... 300 steps (20803 ms) ...... 400 steps (28516 ms) ...Cycling detected after 400 steps
ECTA algorithm failed Cycling detected after 400 steps
Same as equilibrium 2
Elapsed milliseconds prior 24: 28710
Prior 25 of 49
... 100 steps (6401 ms) ...... 200 steps (13092 ms) ...... 300 steps (20585 ms) ...... 400 steps (28053 ms) ...... 500 steps (35459 ms) ...------- stop after 500 pivoting steps --------
ECTA algorithm failed Max (500) pivoting steps reached.
Same as equilibrium 2
Elapsed milliseconds prior 25: 35669
Prior 26 of 49
... 100 steps (6489 ms) ...... 200 steps (13231 ms) ...... 300 steps (20864 ms) ...... 400 steps (28545 ms) ...... 500 steps (36250 ms) ...------- stop after 500 pivoting steps --------
ECTA algorithm failed Max (500) pivoting steps reached.
Same as equilibrium 2
Elapsed milliseconds prior 26: 36493
Prior 27 of 49
... 100 steps (6375 ms) ...... 200 steps (13662 ms) ...... 300 steps (21041 ms) ...... 400 steps (28641 ms) ...... 500 steps (36025 ms) ...------- stop after 500 pivoting steps --------
ECTA algorithm failed Max (500) pivoting steps reached.
Same as equilibrium 2
Elapsed milliseconds prior 27: 36332
Prior 28 of 49
... 100 steps (6591 ms) ...... 200 steps (13279 ms) ...Complete after 288 pivoting steps
Equilibrium 16
Equilibrium behavior strategies player 1, 2:
7.077211760914586E-16,0.9999999999999993,0,0,0,0,0,0,0,0,0,0,0,0,1,0,0,0,0,0,0,0,0,0,0.00041305679921650236,0.9995869432007835,0,1,0,0,0,0,0,0,0,0,0,0,0,0,0,0,0,0,0,0,0,0,0.35394780960592787,0.6460521903940721,1,0,0.0007136530540661879,0,0,0,0.9992863469459338,0,0,0,0,0,1,0,0,0,0,0,0,0,0,0,1,0,0,1,0,0,0,0,0,0,0,0,0,0,0,0,0,0,1,0,0,0,0,0,1,0,0,1,0,0,0,0,0,0,0,0,0,0,0,0,0,0,1,0,0,0,0,0,1,0,0,1,0,0,0,0,0,0,0,0,0,0,0,0,0,0,0,0,0,0,0,1,1,0,0,1,0,0,0,0,0,0,0,0,0,0,0,0,0,0,0,0,0,0,1,0,1,0,0,1,0,0,0,0,0,0,0,0,0,0,0,0,0,0,0,0,0,0,1,0,1,0,0,1,0,0,0,0,0,0,0,0,0,0,0,0,0,0,0,0,0,0,0,1,1,0,0,1,0,0,0,0,0,0,0,0,0,0,0,0,0,0,0,0,0,0,0,1
1,0,0,1,0,0,0,0,0,0,0,0,0,0,1,0,0,0,0,0,0,0,0,0,1,0,0,1,0,0,0,0,0,0,0,0,0,0,0.6974209885096115,0,0.3025790114903884,0,0,0,0,0,0,0,1,0,0,1,0,0,0,0,0,0,0,0,0,0,1,0,0,0,0,0,0,0,0,0,1,0,0,1,0,0,0,0,0,0,0,0,0,0,1,0,0,0,0,0,0,0,0,0,1,0,0,1,0,0,0,0,0,0,0,0,0,0,0.4439654806487951,0,0,0,0.556034519351205,0,0,0,0,0,1,0,0,1,0,0,0,0,0,0,0,0,0,0,0,0,0,0,1,0,0,0,0,0,1,0,0,1,0,0,0,0,0,0,0,0,0,0,0,0,0,0,1,0,0,0,0,0,0,1,1,0,0,0,0,0,0,0,0,0,1,0,0,0,0,0,0,0,0,0,0,1,9.485881439408912E-17,0.9999999999999999,0,0,0,0,0,0,0,0,0,0,0,1,0,0,0,0,0,0,0,0,0,0,0,1,0,1,0,0,0,0,0,0,0,0,0,1,0,0,0,0,0,0,0,0,0,1
Elapsed milliseconds prior 28: 20840
Prior 29 of 49
... 100 steps (6451 ms) ...... 200 steps (13290 ms) ...Complete after 219 pivoting steps
Equilibrium 17
Equilibrium behavior strategies player 1, 2:
0,1,0,1,0,0,0,0,0,0,0,0,0,0,1,0,0,0,0,0,0,0,0,0,0,1,0,0,0,0,0,0,0,0,0,0,0,0,1,0,0,0,0,0,0,0,0,0,0.8782938743410371,0.12170612565896284,0,1,0,0,0,0,0,0,0,0,0,0,1,0,0,0,0,0,0,0,0,0,1,0,0,1,0,0,0,0,0,0,0,0,0,0,0,0,0,0,0,0,0,1,0,0,1,0,0,1,0,0,0,0,0,0,0,0,0,0,0,0,0,0,0,0,0,0,1,0,1,0,0,1,0,0,0,0,0,0,0,0,0,0,0,0,0,0,0,0,0,1,0,0,1,0,0,1,0,0,0,0,0,0,0,0,0,0,0,0,0,0,0,0,0,0,1,0,1,0,0,1,0,0,0,0,0,0,0,0,0,0,0,0,0,0,0,0,0,0,0,1,1,0,0,1,0,0,0,0,0,0,0,0,0,0,0,0,0,0,0,0,0,0,0,1,1,0,0,1,0,0,0,0,0,0,0,0,0,0,0,0,0,0,0,0,0,0,0,1
1,0,0,1,0,0,0,0,0,0,0,0,0,0,1,0,0,0,0,0,0,0,0,0,1,0,0,1,0,0,0,0,0,0,0,0,0,0,1,0,0,0,0,0,0,0,0,0,1,0,0,1,0,0,0,0,0,0,0,0,0,0,1,0,0,0,0,0,0,0,0,0,1,0,0,1,0,0,0,0,0,0,0,0,0,0,1,0,0,0,0,0,0,0,0,0,1,0,0,1,0,0,0,0,0,0,0,0,0,0,1,0,0,0,0,0,0,0,0,0,1,0,0,1,0,0,0,0,0,0,0,0,0,0,1,0,0,0,0,0,0,0,0,0,0.08287292577692407,0.9171270742230759,0,1,0,0,0,0,0,0,0,0,0,0,1,0,0,0,0,0,0,0,0,0,1.9958827137314924E-16,0.9999999999999998,0,1,0,0,0,0,0,0,0,0,0,0,0,0,0,0,0,0,0,0,0,0,0,1,0,0,0,0,0,0,0,0,0,0,0,0,0,0,0,0,0,0,0,0,0,0,0,1,0,0,0,0,0,0,0,0,0,0,0,1,0,0,0,0,0,0,0,0,0,0
Elapsed milliseconds prior 29: 14969
Prior 30 of 49
... 100 steps (6602 ms) ...... 200 steps (13488 ms) ...... 300 steps (20749 ms) ...... 400 steps (27994 ms) ...... 500 steps (35593 ms) ...------- stop after 500 pivoting steps --------
ECTA algorithm failed Max (500) pivoting steps reached.
Same as equilibrium 2
Elapsed milliseconds prior 30: 35760
Prior 31 of 49
... 100 steps (6518 ms) ...... 200 steps (13311 ms) ...... 300 steps (20936 ms) ...... 400 steps (28759 ms) ...... 500 steps (36604 ms) ...------- stop after 500 pivoting steps --------
ECTA algorithm failed Max (500) pivoting steps reached.
Same as equilibrium 2
Elapsed milliseconds prior 31: 36869
Prior 32 of 49
... 100 steps (6566 ms) ...... 200 steps (13273 ms) ...... 300 steps (20827 ms) ...... 400 steps (28366 ms) ...... 500 steps (36003 ms) ...------- stop after 500 pivoting steps --------
ECTA algorithm failed Max (500) pivoting steps reached.
Same as equilibrium 2
Elapsed milliseconds prior 32: 36234
Prior 33 of 49
... 100 steps (6493 ms) ...... 200 steps (13389 ms) ...... 300 steps (21907 ms) ...Complete after 350 pivoting steps
Equilibrium 18
Equilibrium behavior strategies player 1, 2:
9.03288286571509E-16,0.9999999999999991,1,0,0,0,0,0,0,0,0,0,0,0,1,0,0,0,0,0,0,0,0,0,0,1,1,0,0,0,0,0,0,0,0,0,0,0,1,0,0,0,0,0,0,0,0,0,0.06566202449684945,0.9343379755031506,0.5341149030246823,0.4658850969753176,0,0,0,1,0,0,0,0,0,0,0,0,0,0,0,0,0,0,0,0,1,0,0,1,0,0,0,0,0,0,0,0,0,0,0,0,0,0,0,0,1,0,0,0,1,0,0,1,0,0,0,0,0,0,0,0,0,0,0,0,0,0,0,0,1,0,0,0,1,0,0,1,0,0,0,0,0,0,0,0,0,0,0,0,0,0,0,0,1,0,0,0,1,0,0,1,0,0,0,0,0,0,0,0,0,0,0,0,0,0,0,0,0.4884504602883117,0,0.5115495397116884,0,1,0,0,1,0,0,0,0,0,0,0,0,0,0,0,0,0,0,0,0,0,0.5570508775909307,0,0.44294912240906925,1,0,0,1,0,0,0,0,0,0,0,0,0,0,0,0,0,0,0,0,0,0,0,1,1,0,0,1,0,0,0,0,0,0,0,0,0,0,0,0,0,0,0,0,0,0,0,1
1,0,0,1,0,0,0,0,0,0,0,0,0,0,1,0,0,0,0,0,0,0,0,0,1,0,0,1,0,0,0,0,0,0,0,0,0,0,0.5110064135867693,0,0,0.48899358641323065,0,0,0,0,0,0,1,0,0,1,0,0,0,0,0,0,0,0,0,0,1,0,0,0,0,0,0,0,0,0,1,0,0,1,0,0,0,0,0,0,0,0,0,0,1,0,0,0,0,0,0,0,0,0,1,0,0,1,0,0,0,0,0,0,0,0,0,0,1,0,0,0,0,0,0,0,0,0,1,0,0,1,0,0,0,0,0,0,0,0,0,0,0,0,0,0,0,0,1,0,0,0,1,0,1.4887043572098801E-05,0.9999851129564279,0,0,0,0,0,0,0,1,0,0,0,0,0,0,0,0,1,0,0,0,0.4608286178307832,0.5391713821692168,0.9999999999999992,7.00058510057209E-16,0,0,0,0,0,0,1,0,0,0,0,0,0,0,0,0,0,0,0,0,0,1,0,0,0,0,0,0,0,0,0,0,0,0,0,0,0,0,0,0,0,0,0,0,7.104951635223538E-16,0.9999999999999993,0,0,0,0,0,0,0,0,0,0,0,1,0,0,0,0,0,0,0,0,0,0
Elapsed milliseconds prior 33: 26543
Prior 34 of 49
... 100 steps (6752 ms) ...... 200 steps (14461 ms) ...... 300 steps (22172 ms) ...... 400 steps (30581 ms) ...... 500 steps (38240 ms) ...------- stop after 500 pivoting steps --------
ECTA algorithm failed Max (500) pivoting steps reached.
Same as equilibrium 2
Elapsed milliseconds prior 34: 38428
Prior 35 of 49
... 100 steps (6449 ms) ...... 200 steps (13784 ms) ...... 300 steps (21418 ms) ...... 400 steps (29638 ms) ...... 500 steps (37571 ms) ...------- stop after 500 pivoting steps --------
ECTA algorithm failed Max (500) pivoting steps reached.
Same as equilibrium 2
Elapsed milliseconds prior 35: 37784
Prior 36 of 49
... 100 steps (6450 ms) ...... 200 steps (13275 ms) ...Complete after 263 pivoting steps
Equilibrium 19
Equilibrium behavior strategies player 1, 2:
1.34802136980866E-15,0.9999999999999987,0,0,0,0,0,0,0,0,0,0,0,0,1,0,0,0,0,0,0,0,0,0,1.146062200292339E-16,0.9999999999999998,1,0,0,0,0,0,0,0,0,0,0,0,1,0,0,0,0,0,0,0,0,0,3.223491979096628E-14,0.9999999999999678,1,0,1,0,0,0,0,0,0,0,0,0,1,0,0,0,0,0,0,0,0,0,1,0,0,1,0,0,0,0,0,0,0,0,0,0,0,0,0,0,0,0,1,0,0,0,1,0,0,1,0,0,0,0,0,0,0,0,0,0,0,0,0,0,0,0,1,0,0,0,1,0,0,1,0,0,0,0,0,0,0,0,0,0,0,0,0,0,0,0,1,0,0,0,1,0,0,1,0,0,0,0,0,0,0,0,0,0,0,0,0,0,0,0,0.8653535741874517,0,0.1346464258125483,0,1,0,0,1,0,0,0,0,0,0,0,0,0,0,0,0,0,0,0,0,0,0,0,1,1,0,0,1,0,0,0,0,0,0,0,0,0,0,0,0,0,0,0,0,0,0,0,1,1,0,0,1,0,0,0,0,0,0,0,0,0,0,0,0,0,0,0,0,0,0,1,0
1,0,0,1,0,0,0,0,0,0,0,0,0,0,1,0,0,0,0,0,0,0,0,0,1,0,0,1,0,0,0,0,0,0,0,0,0,0,0.19393825035723536,0,0.8060617496427646,0,0,0,0,0,0,0,1,0,0,1,0,0,0,0,0,0,0,0,0,0,1,0,0,0,0,0,0,0,0,0,1,0,0,1,0,0,0,0,0,0,0,0,0,0,1,0,0,0,0,0,0,0,0,0,1,0,0,1,0,0,0,0,0,0,0,0,0,0,1,0,0,0,0,0,0,0,0,0,1,0,0,1,0,0,0,0,0,0,0,0,0,0,0,0,0,0,0,0,1,0,0,0,1,0,0,1,0,0,0,0,0,0,0,0,0,0,0,0,0,0,0,0,1,0,0,0,0.4618099304872912,0.5381900695127089,0.9999999999999986,1.3823677626016414E-15,0,0,0,0,0,0,1,0,0,0,0,0,0,0,0,0,0,0,0,0,5.326075384978295E-17,1,1,0,0,0,0,0,0,0,0,0,0,0,0,0,0,0,0,0,0,0,0,0,1.435906153859219E-15,0.9999999999999986,1,0,0,0,0,0,0,0,0,0,0,0,0,0,0,0,0,0,0,0,0,0
Elapsed milliseconds prior 36: 18347
Prior 37 of 49
... 100 steps (6562 ms) ...... 200 steps (13412 ms) ...... 300 steps (21213 ms) ...Complete after 314 pivoting steps
Equilibrium 20
Equilibrium behavior strategies player 1, 2:
4.709515871586294E-15,0.9999999999999952,0.2353793599605887,0.7646206400394113,0,0,0,0,0,0,0,0,0,0,0,0,0,0,0,0,0,0,0,0,0,1,0,0,0,0,0,0,0,0,0,0,0,0,1,0,0,0,0,0,0,0,0,0,0.878293874341066,0.12170612565893389,0,1,0,0,0,0,0,0,0,0,0,0,1,0,0,0,0,0,0,0,0,0,1,0,0,1,0,0,0,0,0,0,0,0,0,0,0,0,0,0,0,0,0,1,0,0,1,0,0,1,0,0,0,0,0,0,0,0,0,0,0,0.03574207302112005,0,0,0,0,0,0,0,0.9642579269788799,1,0,0,1,0,0,0,0,0,0,0,0,0,0,0,0,0,0,0,0,0,0,0,1,1,0,0,1,0,0,0,0,0,0,0,0,0,0,0,0,0,0,0,0,0,0,0,1,1,0,0,1,0,0,0,0,0,0,0,0,0,0,0,0,0,0,0,0,0,0,0,1,1,0,0,1,0,0,0,0,0,0,0,0,0,0,0,0,0.024003766176652928,0,0,0,0,0,0,0.975996233823347,1,0,0,1,0,0,0,0,0,0,0,0,0,0,0,0,0,0.03582302981449398,0,0,0,0,0,0.9641769701855061
1,0,0,1,0,0,0,0,0,0,0,0,0,0,1,0,0,0,0,0,0,0,0,0,1,0,0,1,0,0,0,0,0,0,0,0,0,0,1,0,0,0,0,0,0,0,0,0,1,0,0,1,0,0,0,0,0,0,0,0,0,0,1,0,0,0,0,0,0,0,0,0,1,0,0,1,0,0,0,0,0,0,0,0,0,0,1,0,0,0,0,0,0,0,0,0,1,0,0,1,0,0,0,0,0,0,0,0,0,0,1,0,0,0,0,0,0,0,0,0,1,0,0,1,0,0,0,0,0,0,0,0,0,0,1,0,0,0,0,0,0,0,0,0,0.08287292577691671,0.9171270742230834,0,1,0,0,0,0,0,0,0,0,0,0,0.9999999999990552,5.4586440490671106E-14,4.558599981373835E-13,4.343457783990812E-13,0,0,0,0,0,0,0,1,0.007776841653763186,0.9922231583462369,0,0,0,0,0,0,0,0,0,0,0,0,0,0,0,0,0,0,0,1,1.253871267670887E-14,0.9999999999999876,0,0,0,0,0,0,0,0,0,0,0,0,0,0,0,0,0,0,0,0,0,1,9.536875259847823E-17,0.9999999999999999,1,0,0,0,0,0,0,0,0,0,0,0,0,0,0,0,0,0,0,0,0,0
Elapsed milliseconds prior 37: 22580
Prior 38 of 49
... 100 steps (6558 ms) ...... 200 steps (13098 ms) ...... 300 steps (20747 ms) ...... 400 steps (28428 ms) ...... 500 steps (36265 ms) ...------- stop after 500 pivoting steps --------
ECTA algorithm failed Max (500) pivoting steps reached.
Same as equilibrium 2
Elapsed milliseconds prior 38: 36505
Prior 39 of 49
... 100 steps (6885 ms) ...... 200 steps (13898 ms) ...Cycling detected after 240 steps
ECTA algorithm failed Cycling detected after 240 steps
Same as equilibrium 2
Elapsed milliseconds prior 39: 17022
Prior 40 of 49
... 100 steps (6462 ms) ...... 200 steps (13321 ms) ...... 300 steps (20835 ms) ...... 400 steps (28392 ms) ...... 500 steps (36003 ms) ...------- stop after 500 pivoting steps --------
ECTA algorithm failed Max (500) pivoting steps reached.
Same as equilibrium 2
Elapsed milliseconds prior 40: 36201
Prior 41 of 49
... 100 steps (6618 ms) ...... 200 steps (13416 ms) ...... 300 steps (21475 ms) ...... 400 steps (29526 ms) ...... 500 steps (37222 ms) ...------- stop after 500 pivoting steps --------
ECTA algorithm failed Max (500) pivoting steps reached.
Same as equilibrium 2
Elapsed milliseconds prior 41: 37437
Prior 42 of 49
... 100 steps (6438 ms) ...... 200 steps (13228 ms) ...... 300 steps (20972 ms) ...Complete after 332 pivoting steps
Equilibrium 21
Equilibrium behavior strategies player 1, 2:
2.1546470112844416E-15,0.9999999999999978,0,0,1,0,0,0,0,0,0,0,0,0,1,0,0,0,0,0,0,0,0,0,0,1,0,1,1,0,0,0,0,0,0,0,0,0,0,0,0,0,0,0,0,0,0,0,0.8782938743410427,0.1217061256589573,2.39881244956759E-15,0.9999999999999976,0,0,0,0,0,0,0,0,0,0,1,0,0,0,0,0,0,0,0,0,1,0,0,1,0,0,0,0,0,0,0,0,0,0,0,0,0,0,0.5193111662974687,0,0,0,0.48068883370253146,0,1,0,0,1,0,0,0,0,0,0,0,0,0,0,0,0,0,0,0,0,0,0,0.19662741279884868,0.8033725872011513,1,0,0,1,0,0,0,0,0,0,0,0,0,0,0,0,0,0,0,0,0,0,1,0,1,0,0,1,0,0,0,0,0,0,0,0,0,0,0,0,0,0,0,0,0,0,0,1,1,0,0,1,0,0,0,0,0,0,0,0,0,0,0,0,0,0,0,0,0,0,0,1,1,0,0,1,0,0,0,0,0,0,0,0,0,0,0,0.012674950308600793,0,0,0,0,0,0,0,0.9873250496913991,1,0,0,1,0,0,0,0,0,0,0,0,0,0,0,0,0,0,0,0,0,0,0,1
1,0,0,1,0,0,0,0,0,0,0,0,0,0,1,0,0,0,0,0,0,0,0,0,1,0,0,1,0,0,0,0,0,0,0,0,0,0,1,0,0,0,0,0,0,0,0,0,1,0,0,1,0,0,0,0,0,0,0,0,0,0,1,0,0,0,0,0,0,0,0,0,1,0,0,1,0,0,0,0,0,0,0,0,0,0,1,0,0,0,0,0,0,0,0,0,1,0,0,1,0,0,0,0,0,0,0,0,0,0,1,0,0,0,0,0,0,0,0,0,1,0,0,1,0,0,0,0,0,0,0,0,0,0,0.9999999999999923,0,0,0,0,0,0,0,7.64024903008603E-15,0,0.08287292577698496,0.9171270742230151,3.1963264874781873E-13,0.9999999999996804,0,0,0,0,0,0,0,0,1,0,0.9999999999990085,0,0,0,9.915323516405868E-13,0,0,0,0,0,1.0582306248314809E-29,1,0,0,0,0,0,0,0,0,0,0,0,0,0,0,0,0,0,0,0,0,0,1,0,1,0,0,0,0,0,0,0,0,0,0,0,0,0,0,0,0,0,0,0,0,0,0,1.2171616984174996E-15,0.9999999999999988,1,0,0,0,0,0,0,0,0,0,0,0,0,0,0,0,0,0,0,0,0,0
Elapsed milliseconds prior 42: 23744
Prior 43 of 49
... 100 steps (6650 ms) ...... 200 steps (13510 ms) ...Cycling detected after 225 steps
ECTA algorithm failed Cycling detected after 225 steps
Same as equilibrium 2
Elapsed milliseconds prior 43: 15443
Prior 44 of 49
... 100 steps (6502 ms) ...... 200 steps (13432 ms) ...... 300 steps (21183 ms) ...Complete after 303 pivoting steps
Equilibrium 22
Equilibrium behavior strategies player 1, 2:
9.314879464587011E-17,0.9999999999999999,0,1,0,0,0,0,0,0,0,0,0,0,0,0,0,0,0,0,0,0,0,0,0.37684155874500674,0.6231584412549932,1,0,0,0,0,0,0,0,0,0,0,0,1,0,0,0,0,0,0,0,0,0,0.5384528390884552,0.4615471609115448,0.7324285561319535,0.2675714438680466,0,0,0,1,0,0,0,0,0,0,1,0,0,0,0,0,0,0,0,0,1,0,0,1,0,0,0,0,0,0,0,0,0,0,0,0,0,1,0,0,0,0,0,0,1,0,0,1,0,0,0,0,0,0,0,0,0,0,0,0,0,0,0,1,0,0,0,0,1,0,0,1,0,0,0,0,0,0,0,0,0,0,0,0,0,0,0,0.7807033547248986,0,0,0,0.21929664527510145,1,0,0,1,0,0,0,0,0,0,0,0,0,0,0,0,0,0,0,0,0,1,0,0,1,0,0,1,0,0,0,0,0,0,0,0,0,0,0,0,0,0,0,0,0,0,0,1,1,0,0,1,0,0,0,0,0,0,0,0,0,0,0,0,0,0,0,0,0,0,1,0,1,0,0,1,0,0,0,0,0,0,0,0,0,0,0,0,0,0,0,0,0,0,0,1
1,0,0,1,0,0,0,0,0,0,0,0,0,0,1,0,0,0,0,0,0,0,0,0,1,0,0,1,0,0,0,0,0,0,0,0,0,0,0.5517612053042352,0.4482387946957649,0,0,0,0,0,0,0,0,1,0,0,1,0,0,0,0,0,0,0,0,0,0,1,0,0,0,0,0,0,0,0,0,1,0,0,1,0,0,0,0,0,0,0,0,0,0,0.2748893440502999,0,0,0.7251106559497001,0,0,0,0,0,0,1,0,0,1,0,0,0,0,0,0,0,0,0,0,1,0,0,0,0,0,0,0,0,0,1,0,0,1,0,0,0,0,0,0,0,0,0,0,0,0,0,0,0,1,0,0,0,0,1,0,0,1,0,0,0,0,0,0,0,0,0,0,0,0,0,0,0,1,0,0,0,0,0.33351381191882457,0.6664861880811754,1,0,0,0,0,0,0,0,1,0,0,0,0,0,0,0,0,0,0,0,0,1,0,1,0,0,0,0,0,0,0,0,0,0,0,0,0,0,0,0,0,0,0,0,0,0,0,1,0,0,0,0,0,0,0,0,0,0,0,0,0,0,0,0,0,0,0,0,0,0
Elapsed milliseconds prior 44: 21721
Prior 45 of 49
... 100 steps (6531 ms) ...... 200 steps (13241 ms) ...... 300 steps (20805 ms) ...... 400 steps (28404 ms) ...... 500 steps (36092 ms) ...------- stop after 500 pivoting steps --------
ECTA algorithm failed Max (500) pivoting steps reached.
Same as equilibrium 2
Elapsed milliseconds prior 45: 36268
Prior 46 of 49
... 100 steps (6471 ms) ...... 200 steps (13434 ms) ...... 300 steps (21090 ms) ...... 400 steps (28812 ms) ...Ray termination when trying to enter w52 on pivot 416
ECTA algorithm failed Ray termination on pivot 416
Same as equilibrium 2
Elapsed milliseconds prior 46: 30336
Prior 47 of 49
... 100 steps (6586 ms) ...... 200 steps (13567 ms) ...Complete after 207 pivoting steps
Equilibrium 23
Equilibrium behavior strategies player 1, 2:
1.1844343691241394E-15,0.9999999999999988,0,0,0,0,0,0,0,0,0,0,0,0,1,0,0,0,0,0,0,0,0,0,5.678591933240223E-16,0.9999999999999994,0,1,0,0,0,0,0,0,0,0,0,0,0,0,0,0,0,0,0,0,0,0,0.8782938743410418,0.12170612565895811,0,1,0,0,0,0,0,0,0,0,0,0,1,0,0,0,0,0,0,0,0,0,1,0,0,1,0,0,0,0,0,0,0,0,0,0,0,0,0,0,0,0,0,1,0,0,1,0,0,1,0,0,0,0,0,0,0,0,0,0,0,0,0,0,0,0,0,1,0,0,1,0,0,1,0,0,0,0,0,0,0,0,0,0,0,0,0,0,0,0,0,0,1,0,1,0,0,1,0,0,0,0,0,0,0,0,0,0,0,0,0,0,0,0,0,0,0,1,1,0,0,1,0,0,0,0,0,0,0,0,0,0,0,0,0.042224227164105066,0,0,0,0,0,0.957775772835895,0,1,0,0,1,0,0,0,0,0,0,0,0,0,0,0,0,0,0,0,0.0890862087731288,0,0,0,0.9109137912268712,1,0,0,1,0,0,0,0,0,0,0,0,0,0,0,0,0,0.035335156641253904,0,0,0,0,0,0.9646648433587461
1,0,0,1,0,0,0,0,0,0,0,0,0,0,1,0,0,0,0,0,0,0,0,0,1,0,0,1,0,0,0,0,0,0,0,0,0,0,1,0,0,0,0,0,0,0,0,0,1,0,0,1,0,0,0,0,0,0,0,0,0,0,1,0,0,0,0,0,0,0,0,0,1,0,0,1,0,0,0,0,0,0,0,0,0,0,1,0,0,0,0,0,0,0,0,0,1,0,0,1,0,0,0,0,0,0,0,0,0,0,1,0,0,0,0,0,0,0,0,0,1,0,0,1,0,0,0,0,0,0,0,0,0,0,1,0,0,0,0,0,0,0,0,0,0.08287292577693228,0.9171270742230677,0,1,0,0,0,0,0,0,0,0,0,0,0.9999999999994749,0,2.2606610747000367E-13,2.9782543056423793E-13,0,1.1456217470238695E-15,0,0,0,0,0,1,0,0,0,0,0,0,0,0,0,0,0,0,0,0,0,0,0,0,0,0,0,0,0,1,0,0,0,0,0,0,0,0,0,0,0,0,0,0,0,0,0,0,0,0,0,0,0,1,0,0,0,0,0,0,0,0,0,0,0,0,0,0,0,0,0,0,0,0,0,0
Elapsed milliseconds prior 47: 14426
Prior 48 of 49
... 100 steps (6641 ms) ...... 200 steps (13502 ms) ...... 300 steps (21862 ms) ...... 400 steps (29339 ms) ...Complete after 408 pivoting steps
Equilibrium 24
Equilibrium behavior strategies player 1, 2:
0.05211902307098842,0.9478809769290115,1,0,0,0,0,0,0,0,0,0,0,0,0,0,0,0,0,0,0,0,0,0,0.5971352610848027,0.4028647389151973,0.37492906311765944,0.6250709368823405,0,0,0,0,0,0,0,0,0,0,0,0,0,0,0,0,0,0,0,0,1,0,0,1,1,0,0,0,0,0,0,0,0,0,1,0,0,0,0,0,0,0,0,0,1,0,0,1,0,0,0,0,0,0,0,0,0,0,0,0,0,0,0,0,0,0,1,0,1,0,0,1,0,0,0,0,0,0,0,0,0,0,0,0,0,0,0,0,0,1,0,0,1,0,0,1,0,0,0,0,0,0,0,0,0,0,0,0,0,0,0,0,0,0,0,1,1,0,0,1,0,0,0,0,0,0,0,0,0,0,0,0,0,0,0,0,0,0,0,1,1,0,0,1,0,0,0,0,0,0,0,0,0,0,0,0,0,0,0,0,0,0,0,1,1,0,0,1,0,0,0,0,0,0,0,0,0,0,0,0,0,0.13682011285616602,0,0,0,0,0,0.863179887143834,1,0,0,1,0,0,0,0,0,0,0,0,0,0,0,0,0,0,0,0,0,0,0,1
1,0,0,1,0,0,0,0,0,0,0,0,0,0,1,0,0,0,0,0,0,0,0,0,1,0,0,1,0,0,0,0,0,0,0,0,0,0,1,0,0,0,0,0,0,0,0,0,1,0,0,1,0,0,0,0,0,0,0,0,0,0,1,0,0,0,0,0,0,0,0,0,1,0,0,1,0,0,0,0,0,0,0,0,0,0,1,0,0,0,0,0,0,0,0,0,1,0,0,1,0,0,0,0,0,0,0,0,0,0,1,0,0,0,0,0,0,0,0,0,1,0,0,1,0,0,0,0,0,0,0,0,0,0,0.6169754081438693,0,0,0.38302459185613075,0,0,0,0,0,0,1,0,0,1,0,0,0,0,0,0,0,0,0,0,0,0,0,0,0,0,0,0,0,0,2.834902554079548E-16,0.9999999999999998,0,1,0,0,0,0,0,0,0,0,0,0,0,0,0,0,0,0,0,0,0,0,0,1,0,0,0,0,0,0,0,0,0,0,0,0,0,0,0,0,0,0,0,0,0,0,3.322628662215283E-17,1,1,0,0,0,0,0,0,0,0,0,0,0,0,0,0,0,0,0,0,0,0,0
Elapsed milliseconds prior 48: 30248
Prior 49 of 49
... 100 steps (6339 ms) ...Ray termination when trying to enter w4 on pivot 194
ECTA algorithm failed Ray termination on pivot 194
Same as equilibrium 2
Elapsed milliseconds prior 49: 12856
Changed to original form:
3.2634703205900393E-15,0.9999999999999968,0,0,0,0,0,0,0,0,0,0,0,0,1,0,0,0,0,0,0,0,0,0,0,1,0.9680164701119699,0.031983529888030146,1,0,0,0,0,0,0,0,0,0,0,0,0,0,0,0,0,0,0,0,1.3997409474684409E-14,0.9999999999999859,0.008540766178971471,0.9914592338210284,0,0,0,0,0,0,0,0,0,0,1,0,0,0,0,0,0,0,0,0,1,0,0,1,0,0,0,0,0,0,0,0,0,0,0,0,0,0,0,0,1,0,0,0,1,0,0,1,0,0,0,0,0,0,0,0,0,0,0,0,0,0,0,0,1,0,0,0,1,0,0,1,0,0,0,0,0,0,0,0,0,0,0,0,0,0,0,0,1,0,0,0,1,0,0,1,0,0,0,0,0,0,0,0,0,0,0,0,0,0,0,0,0.8653535741874441,0,0.13464642581255584,0,1,0,0,1,0,0,0,0,0,0,0,0,0,0,0,0,0,0,0,0,0,0,0,1,1,0,0,1,0,0,0,0,0,0,0,0,0,0,0,0,0,0,0,0,0,0,0,1,1,0,0,1,0,0,0,0,0,0,0,0,0,0,0,0,0,0,0,0,0,0,0,1,1,0,0,1,0,0,0,0,0,0,0,0,0,0,1,0,0,0,0,0,0,0,0,0,1,0,0,1,0,0,0,0,0,0,0,0,0,0,1,0,0,0,0,0,0,0,0,0,1,0,0,1,0,0,0,0,0,0,0,0,0,0,1,0,0,0,0,0,0,0,0,0,1,0,0,1,0,0,0,0,0,0,0,0,0,0,1,0,0,0,0,0,0,0,0,0,1,0,0,1,0,0,0,0,0,0,0,0,0,0,0,0.32645275162326426,0,0.6735472483767356,0,0,0,0,0,0,1,0,0,1,0,0,0,0,0,0,0,0,0,0,0,0,0,0,0,0,1,0,0,0,1,0,0,1,0,0,0,0,0,0,0,0,0,0,0,0,0,0,0,0,1,0,0,0,0.4618099304872918,0.5381900695127082,1,0,0,0,0,0,0,0,1,0,0,0,0,0,0,0,0,0,0,0,0,0,4.003438189366083E-14,0.9999999999999599,0,0,0,0,0,0,0,0,1,0,0,0,0,0,0,0,0,0,0,0,0,0,5.941796944023385E-15,0.999999999999994,0,0,0,0,0,0,0,0,1,0,0,0,0,0,0,0,0,0,0,0,0,0
Changed to original form:
0,0,0,0,0,0,0,0,0,0,0,0,0,0,0,0,0,0,0,0,0,0,0,0,0,0,0,0,0,0,0,0,0,0,0,0,0,0,0,0,0,0,0,0,0,0,0,0,0,0,0,0,0,0,0,0,0,0,0,0,0,0,0,0,0,0,0,0,0,0,0,0,0,0,0,0,0,0,0,0,0,0,0,0,0,0,0,0,0,0,0,0,0,0,0,0,0,0,0,0,0,0,0,0,0,0,0,0,0,0,0,0,0,0,0,0,0,0,0,0,0,0,0,0,0,0,0,0,0,0,0,0,0,0,0,0,0,0,0,0,0,0,0,0,0,0,0,0,0,0,0,0,0,0,0,0,0,0,0,0,0,0,0,0,0,0,0,0,0,0,0,0,0,0,0,0,0,0,0,0,0,0,0,0,0,0,0,0,0,0,0,0,0,0,0,0,0,0,0,0,0,0,0,0,0,0,0,0,0,0,0,0,0,0,0,0,0,0,0,0,0,0,0,0,0,0,0,0,0,0,0,0,0,0,0,0,0,0,0,0,0,0,0,0,0,0,0,0,0,0,0,0,0,0,0,0,0,0,0,0,0,0,0,0,0,0,0,0,0,0,0,0,0,0,0,0,0,0,0,0,0,0,0,0,0,0,0,0,0,0,0,0,0,0,0,0,0,0,0,0,0,0,0,0,0,0,0,0,0,0,0,0,0,0,0,0,0,0,0,0,0,0,0,0,0,0,0,0,0,0,0,0,0,0,0,0,0,0,0,0,0,0,0,0,0,0,0,0,0,0,0,0,0,0,0,0,0,0,0,0,0,0,0,0,0,0,0,0,0,0,0,0,0,0,0,0,0,0,0,0,0,0,0,0,0,0,0,0,0,0,0,0,0,0,0,0,0,0,0,0,0,0,0,0,0,0,0,0,0,0,0,0,0,0,0,0,0,0,0,0,0,0,0,0,0,0,0,0,0,0,0,0,0,0,0,0,0,0,0,0,0,0,0,0,0,0,0,0,0,0,0,0,0,0,0,0,0,0,0,0,0,0,0,0,0,0,0,0,0,0,0,0,0,0,0,0,0,0,0,0
Changed to original form:
0,1,0,1,1,0,0,0,0,0,0,0,0,0,1,0,0,0,0,0,0,0,0,0,0,1,1,0,1,0,0,0,0,0,0,0,0,0,1,0,0,0,0,0,0,0,0,0,0.6107846285331572,0.3892153714668428,0,1,0,0,0,0,0,0,0,0,0,0,1,0,0,0,0,0,0,0,0,0,1,0,0,1,0,0,0,0,0,0,0,0,0,0,0,0,0,0,0,1,0,0,0,0,1,0,0,1,0,0,0,0,0,0,0,0,0,0,0,0.022754172673241816,0,0,0,0.8167499329167559,0,0,0.1604958944100023,0,1,0,0,1,0,0,0,0,0,0,0,0,0,0,0,0,0,0,0,0,0,0,1,0,1,0,0,1,0,0,0,0,0,0,0,0,0,0,0,0,0,0,0,0,0,0,1,0,1,0,0,1,0,0,0,0,0,0,0,0,0,0,0,0,0,0,0,0,0,0,0.20746394240182517,0.7925360575981748,1,0,0,1,0,0,0,0,0,0,0,0,0,0,0,0,0,0,0,0,0,0.4126532545782927,0,0.5873467454217072,1,0,0,1,0,0,0,0,0,0,0,0,0,0,0,0,0,0,0,0,0,0,0,1,1,0,0,1,0,0,0,0,0,0,0,0,0,0,1,0,0,0,0,0,0,0,0,0,1,0,0,1,0,0,0,0,0,0,0,0,0,0,1,0,0,0,0,0,0,0,0,0,1,0,0,1,0,0,0,0,0,0,0,0,0,0,1,0,0,0,0,0,0,0,0,0,1,0,0,1,0,0,0,0,0,0,0,0,0,0,1,0,0,0,0,0,0,0,0,0,1,0,0,1,0,0,0,0,0,0,0,0,0,0,1,0,0,0,0,0,0,0,0,0,1,0,0,1,0,0,0,0,0,0,0,0,0,0,0.917796722910527,0,0,0,0,0.08220327708947302,0,0,0,0,0.15165417653122495,0.848345823468775,0.5209071716210604,0.4790928283789397,0,0,0,0,0,0,0.9845455853852565,0,0.0154544146147435,0,0,0,0,0,0,0.9820742569885514,0,0.004419882858993413,0.013505860152455196,0,0,1,0,0,0,0,0,0,0,0,0,0,0,0,0,0,0,0,0,0,0,0,0,0,0,1,0,0,0,0,0,0,0,0,0,0,0,0,0,0,0,0,0,0,0,0,0,0,0,1,0,0,0,0,0,0,0,0,0,0,0,1,0,0,0,0,0,0,0,0,0,0
Changed to original form:
3.3326194367616677E-16,0.9999999999999997,0,0,1,0,0,0,0,0,0,0,0,0,0,0,0,0,0,0,0,0,0,0,0,1,0,0,0,0,0,0,0,0,0,0,0,0,0,0,0,0,0,0,0,0,0,0,0.8782938743410369,0.12170612565896298,1,0,1,0,0,0,0,0,0,0,0,0,1,0,0,0,0,0,0,0,0,0,1,0,0,1,0,0,0,0,0,0,0,0,0,0,0,0,0,0,0,0,0,0,1,0,1,0,0,1,0,0,0,0,0,0,0,0,0,0,0,0,0,0.11622877730661581,0,0,0,0,0.8837712226933842,0,1,0,0,1,0,0,0,0,0,0,0,0,0,0,0,0.025166294354787035,0,0,0,0,0,0,0.974833705645213,0,1,0,0,1,0,0,0,0,0,0,0,0,0,0,0,0,0,0,0,0,0,0,0,1,1,0,0,1,0,0,0,0,0,0,0,0,0,0,0,0,0,0,0,0,0,0,0,1,1,0,0,1,0,0,0,0,0,0,0,0,0,0,0,0,0,0,0,0,0,0,0,1,1,0,0,1,0,0,0,0,0,0,0,0,0,0,0,0,0,0,0.0488164731011621,0,0,0,0,0.9511835268988378,1,0,0,1,0,0,0,0,0,0,0,0,0,0,1,0,0,0,0,0,0,0,0,0,1,0,0,1,0,0,0,0,0,0,0,0,0,0,1,0,0,0,0,0,0,0,0,0,1,0,0,1,0,0,0,0,0,0,0,0,0,0,1,0,0,0,0,0,0,0,0,0,1,0,0,1,0,0,0,0,0,0,0,0,0,0,1,0,0,0,0,0,0,0,0,0,1,0,0,1,0,0,0,0,0,0,0,0,0,0,1,0,0,0,0,0,0,0,0,0,1,0,0,1,0,0,0,0,0,0,0,0,0,0,1,0,0,0,0,0,0,0,0,0,0.08287292577692638,0.9171270742230735,0,1,0,0,0,0,0,0,0,0,0,0,0.9999999999998779,8.840900265174666E-14,0,2.971345453883473E-14,4.096723324187329E-15,0,0,0,0,0,0,1,0,0,0,0,0,0,0,0,0,0,0,0,0,0,0,0,0,0,0,0,0,0,0,1,0,0,0,0,0,0,0,0,0,0,0,0,0,0,0,0,0,0,0,0,0,0,0,1,0,0,0,0,0,0,0,0,0,0,0,0,0,0,0,0,0,0,0,0,0,0
Changed to original form:
1.1108094524220066E-15,0.9999999999999988,1,0,0,0,0,0,0,0,0,0,0,0,0,0,0,0,0,0,0,0,0,0,2.2048876856956363E-15,0.9999999999999978,0,1,0,0,0,0,0,0,0,0,0,0,0,0,0,0,0,0,0,0,0,0,0.8782938743410459,0.12170612565895411,0,1,0,0,0,0,0,0,0,0,0,0,1,0,0,0,0,0,0,0,0,0,1,0,0,1,0,0,0,0,0,0,0,0,0,0,0,0,0,0,0,0,0,0,0,1,1,0,0,1,0,0,0,0,0,0,0,0,0,0,0,0,0,0,0,0,0,0,0,1,1,0,0,1,0,0,0,0,0,0,0,0,0,0,0,0,0,0,0,0,0,0,0,1,1,0,0,1,0,0,0,0,0,0,0,0,0,0,0,0,0,0,0,0,0,0,0,1,1,0,0,1,0,0,0,0,0,0,0,0,0,0,0,0,0,0,0,0,0,0,0,1,1,0,0,1,0,0,0,0,0,0,0,0,0,0,0,0.019562898981122033,0,0,0,0,0,0,0,0.980437101018878,1,0,0,1,0,0,0,0,0,0,0,0,0,0,0,0,0.028686316303600558,0,0,0,0,0,0,0.9713136836963994,1,0,0,1,0,0,0,0,0,0,0,0,0,0,1,0,0,0,0,0,0,0,0,0,1,0,0,1,0,0,0,0,0,0,0,0,0,0,1,0,0,0,0,0,0,0,0,0,1,0,0,1,0,0,0,0,0,0,0,0,0,0,1,0,0,0,0,0,0,0,0,0,1,0,0,1,0,0,0,0,0,0,0,0,0,0,1,0,0,0,0,0,0,0,0,0,1,0,0,1,0,0,0,0,0,0,0,0,0,0,1,0,0,0,0,0,0,0,0,0,1,0,0,1,0,0,0,0,0,0,0,0,0,0,1,0,0,0,0,0,0,0,0,0,0.08287292577691645,0.9171270742230835,0,1,0,0,0,0,0,0,0,0,0,0,0.999999999999322,3.812999447758941E-14,6.397782375823011E-13,0,0,0,0,0,0,0,1.17916510865821E-16,0.9999999999999998,0,0,0,0,0,0,0,0,0,0,0,1,0,0,0,0,0,0,0,0,0,1,0,1,0,1,0,0,0,0,0,0,0,0,0,0,0,0,0,0,0,0,0,0,0,1,0,1,0.0020702157574137322,0.9979297842425863,0,0,0,0,0,0,0,0,0,0,0,0,0,0,0,0,0,0,0,1
Changed to original form:
8.32798914012084E-16,0.9999999999999991,1,0,0,0,0,0,0,0,0,0,0,0,1,0,0,0,0,0,0,0,0,0,2.348691715393634E-14,0.9999999999999766,0,1,0,0,0,0,0,0,0,0,0,0,0,0,0,0,0,0,0,0,0,0,0.8782938743410225,0.12170612565897762,0,1,0,0,0,0,0,0,0,0,0,0,1,0,0,0,0,0,0,0,0,0,1,0,0,1,0,0,0,0,0,0,0,0,0,0,0,0,0,0,0,0,0,0,0,1,1,0,0,1,0,0,0,0,0,0,0,0,0,0,0,0,0,0,0,0,0,0,0,1,1,0,0,1,0,0,0,0,0,0,0,0,0,0,0,0,0,0,0,0,0,0,0,1,1,0,0,1,0,0,0,0,0,0,0,0,0,0,0,0,0,0,0,0,0,0,0,1,1,0,0,1,0,0,0,0,0,0,0,0,0,0,0,0,0.022285434074975134,0,0,0,0,0,0,0.9777145659250249,1,0,0,1,0,0,0,0,0,0,0,0,0,0,0,0,0,0,0,0,0,0,0,1,1,0,0,1,0,0,0,0,0,0,0,0,0,0,0,0.024101531135556048,0,0,0,0,0,0,0,0.975898468864444,1,0,0,1,0,0,0,0,0,0,0,0,0,0,1,0,0,0,0,0,0,0,0,0,1,0,0,1,0,0,0,0,0,0,0,0,0,0,1,0,0,0,0,0,0,0,0,0,1,0,0,1,0,0,0,0,0,0,0,0,0,0,1,0,0,0,0,0,0,0,0,0,1,0,0,1,0,0,0,0,0,0,0,0,0,0,1,0,0,0,0,0,0,0,0,0,1,0,0,1,0,0,0,0,0,0,0,0,0,0,1,0,0,0,0,0,0,0,0,0,1,0,0,1,0,0,0,0,0,0,0,0,0,0,1,0,0,0,0,0,0,0,0,0,0.08287292577692211,0.9171270742230778,0,1,0,0,0,0,0,0,0,0,0,0,0.9999999999997935,1.343290866461839E-13,7.214410931576488E-14,0,0,0,0,0,0,0,0,1,0,0,0,0,0,0,0,0,0,0,0,0,0,0,0,0,0,0,0,0,0,0,0,1,0,0,0,0,0,0,0,0,0,0,0,0,0,0,0,0,0,0,0,0,0,1,0,1,0,0,0,0,0,0,0,0,0,0,0,0,0,0,0,0,0,0,0,0,0,0
Changed to original form:
0,1,0.8220745482578229,0.17792545174217722,1,0,0,0,0,0,0,0,0,0,1,0,0,0,0,0,0,0,0,0,2.75040984332182E-15,0.9999999999999972,0,1,0,0,0,0,0,0,0,0,0,0,0,0,0,0,0,0,0,0,0,0,0.8782938743410399,0.12170612565896002,0,1,0,0,0,0,0,0,0,0,0,0,1,0,0,0,0,0,0,0,0,0,1,0,0,1,0,0,0,0,0,0,0,0,0,0,0,0,0,0,0,0,0,0,0,1,1,0,0,1,0,0,0,0,0,0,0,0,0,0,0,0,0,0,0,0,0,0,0,1,1,0,0,1,0,0,0,0,0,0,0,0,0,0,0,0,0,0,0,0,0,0,0,1,1,0,0,1,0,0,0,0,0,0,0,0,0,0,0,0,0,0,0,0,0,0,0,1,1,0,0,1,0,0,0,0,0,0,0,0,0,0,0,0,0.04222422716410532,0,0,0,0,0,0,0.9577757728358947,1,0,0,1,0,0,0,0,0,0,0,0,0,0,0,0,0,0,0,0,0,0,0,1,1,0,0,1,0,0,0,0,0,0,0,0,0,0,0,0,0,0.011404110810060993,0,0,0,0,0,0.988595889189939,1,0,0,1,0,0,0,0,0,0,0,0,0,0,1,0,0,0,0,0,0,0,0,0,1,0,0,1,0,0,0,0,0,0,0,0,0,0,1,0,0,0,0,0,0,0,0,0,1,0,0,1,0,0,0,0,0,0,0,0,0,0,1,0,0,0,0,0,0,0,0,0,1,0,0,1,0,0,0,0,0,0,0,0,0,0,1,0,0,0,0,0,0,0,0,0,1,0,0,1,0,0,0,0,0,0,0,0,0,0,1,0,0,0,0,0,0,0,0,0,1,0,0,1,0,0,0,0,0,0,0,0,0,0,1,0,0,0,0,0,0,0,0,0,0.08287292577692171,0.9171270742230784,0,1,0,0,0,0,0,0,0,0,0,0,0.9999999999998557,0,1.4442264529255115E-13,0,0,0,0,0,0,0,0,1,0,0,0,0,0,0,0,0,0,0,0,0,0,0,0,0,0,0,0,0,0,1,0,1,0,0,0,0,0,0,0,0,0,0,0,0,0,0,0,0,0,0,0,0,0,0,9.328066509663604E-15,0.9999999999999907,1,0,0,0,0,0,0,0,0,0,0,0,0,0,0,0,0,0,0,0,0,0
Changed to original form:
2.7371922455367076E-16,0.9999999999999998,0.13345067847612901,0.8665493215238711,0,0,0,0,0,0,0,0,0,0,0,0,0,0,0,0,0,0,0,0,0,1,0,0,1,0,0,0,0,0,0,0,0,0,1,0,0,0,0,0,0,0,0,0,0.6484032839304674,0.3515967160695326,0.9999999999999997,3.0554886089488984E-16,1,0,0,0,0,0,0,0,0,0,0,0,0,0,0,0,0,0,0,0,1,0,0,1,0,0,0,0,0,0,0,0,0,0,0,0,0,0,0,0,0,1,0,0,1,0,0,1,0,0,0,0,0,0,0,0,0,0,0,0,0,0,0,0,0,1,0,0,1,0,0,1,0,0,0,0,0,0,0,0,0,0,0,0,0,0,0,0,0,1,0,0,1,0,0,1,0,0,0,0,0,0,0,0,0,0,0,0,0,0,0,0,0,0.9038881697826299,0.09611183021737014,0,1,0,0,1,0,0,0,0,0,0,0,0,0,0,0,0,0,0,0,0,0,0,0.7044709669734293,0.2955290330265708,1,0,0,1,0,0,0,0,0,0,0,0,0,0,0,0,0,0,0,0,0,0,0,1,1,0,0,1,0,0,0,0,0,0,0,0,0,0,0,0,0,0,0,0,0,0,0,1,1,0,0,1,0,0,0,0,0,0,0,0,0,0,1,0,0,0,0,0,0,0,0,0,1,0,0,1,0,0,0,0,0,0,0,0,0,0,1,0,0,0,0,0,0,0,0,0,1,0,0,1,0,0,0,0,0,0,0,0,0,0,1,0,0,0,0,0,0,0,0,0,1,0,0,1,0,0,0,0,0,0,0,0,0,0,1,0,0,0,0,0,0,0,0,0,1,0,0,1,0,0,0,0,0,0,0,0,0,0,1,0,0,0,0,0,0,0,0,0,1,0,0,1,0,0,0,0,0,0,0,0,0,0,1,0,0,0,0,0,0,0,0,0,0.13121457574037973,0.8687854242596204,0.3751898174990679,0.6248101825009322,0,0,0,0,0,0,0,1,0,0,0,0,0,0,0,0,0,1,0,0,3.3073044875359895E-16,0.9999999999999997,0,0,0,0,0,0,0,0,0,0.9613765259599013,0.03862347404009866,0,0,0,0,0,0,0,0,0,0,0,1.02952712129752E-16,0.9999999999999999,1,0,0,0,0,0,0,0,0,0,0,0,0,0,0,0,0,0,0,0,0,0,0,1,1,0,0,0,0,0,0,0,0,0,0,1,0,0,0,0,0,0,0,0,0,0
Changed to original form:
0,1,0.9656148871025059,0.034385112897494165,1,0,0,0,0,0,0,0,0,0,0,0,0,0,0,0,0,0,0,0,5.860697966375932E-15,0.9999999999999941,0,0,1,0,0,0,0,0,0,0,0,0,1,0,0,0,0,0,0,0,0,0,3.037720077833233E-14,0.9999999999999696,0.9284340805945424,0.07156591940545763,0.9331781906596465,0,0,0,0.06682180934035353,0,0,0,0,0,0,0,0,0,0,0,0,0,0,0,1,0,0,1,0,0,0,0,0,0,0,0,0,0,0,0,0,0,0,0,1,0,0,0,1,0,0,1,0,0,0,0,0,0,0,0,0,0,0,0,0,0,0,0,1,0,0,0,1,0,0,1,0,0,0,0,0,0,0,0,0,0,0,0,0,0,0,0,1,0,0,0,1,0,0,1,0,0,0,0,0,0,0,0,0,0,0,0,0,0,0,0,0.8653535741874382,0,0,0.1346464258125619,1,0,0,1,0,0,0,0,0,0,0,0,0,0,0,0,0,0,0,0,0,0.283112246389331,0,0.716887753610669,1,0,0,1,0,0,0,0,0,0,0,0,0,0,0,0,0,0,0,0,0,0,0.23353328544951188,0.7664667145504882,1,0,0,1,0,0,0,0,0,0,0,0,0,0,0,0,0,0,0,0,0,0,0,1,1,0,0,1,0,0,0,0,0,0,0,0,0,0,0.39252434618994786,0,0.2699708706559712,0,0.3375047831540809,0,0,0,0,0,1,0,0,1,0,0,0,0,0,0,0,0,0,0,1,0,0,0,0,0,0,0,0,0,1,0,0,1,0,0,0,0,0,0,0,0,0,0,1,0,0,0,0,0,0,0,0,0,1,0,0,1,0,0,0,0,0,0,0,0,0,0,1,0,0,0,0,0,0,0,0,0,1,0,0,1,0,0,0,0,0,0,0,0,0,0,1,0,0,0,0,0,0,0,0,0,1,0,0,1,0,0,0,0,0,0,0,0,0,0,0,0,0,0,0,0,1,0,0,0,1,0,0,1,0,0,0,0,0,0,0,0,0,0,0,0,0,0,0,0,1,0,0,0,0.4618099304872887,0.5381900695127114,0.9999999999999852,1.4815962069262156E-14,0,0,0,0,0,0,1,0,0,0,0,0,0,0,0,0,0,0,0,0,6.808824546781984E-16,0.9999999999999993,1,0,0,0,0,0,0,0,0,0,0,0,0,0,0,0,0,0,0,0,0,0,0,1,0,0,0,0,0,0,0,0,0.9616416049592104,0.001788450094172166,0,0.03656994494661745,0,0,0,0,0,0,0,0,0,0
Changed to original form:
0,1,0.5023080427955319,0.49769195720446824,0,0,0,0,0,0,0,0,0,0,0,0,0,0,0,0,0,0,0,0,4.2294044819457447E-16,0.9999999999999996,0,1,0,0,0,0,0,0,0,0,0,0,0,0,0,0,0,0,0,0,0,0,0.8772407533239936,0.12275924667600634,0,1,0,0,0,0,0,0,0,0,0,0,1,0,0,0,0,0,0,0,0,0,1,0,0,1,0,0,0,0,0,0,0,0,0,0,0,0,0,0,0,0,1,0,0,0,1,0,0,1,0,0,0,0,0,0,0,0,0,0,0,0,0,0,0,0,1,0,0,0,1,0,0,1,0,0,0,0,0,0,0,0,0,0,0,0,0,0,0,0,0.5930945449008096,0,0.4069054550991904,0,1,0,0,1,0,0,0,0,0,0,0,0,0,0,0,0,0,0,0,0,0,0,1,0,1,0,0,1,0,0,0,0,0,0,0,0,0,0,0,0,0,0,0,0,0,0,0,1,1,0,0,1,0,0,0,0,0,0,0,0,0,0,0,0,0,0,0,0,0,0,0,1,1,0,0,1,0,0,0,0,0,0,0,0,0,0,0,0,0,0,0,0,0,0,0,1,1,0,0,1,0,0,0,0,0,0,0,0,0,0,1,0,0,0,0,0,0,0,0,0,1,0,0,1,0,0,0,0,0,0,0,0,0,0,1,0,0,0,0,0,0,0,0,0,1,0,0,1,0,0,0,0,0,0,0,0,0,0,1,0,0,0,0,0,0,0,0,0,1,0,0,1,0,0,0,0,0,0,0,0,0,0,1,0,0,0,0,0,0,0,0,0,1,0,0,1,0,0,0,0,0,0,0,0,0,0,1,0,0,0,0,0,0,0,0,0,1,0,0,1,0,0,0,0,0,0,0,0,0,0,1,0,0,0,0,0,0,0,0,0,0.09625458522591626,0.9037454147740837,0.10222106312660444,0.8977789368733955,0,0,0,0,0,0,1,0,0,0,0.6798933290040625,0,0,0,0,0,0.3201066709959375,0,0,0,0,1,0,0,0,0,0,0,0,0,0,0,0,0,0,0,0,0,0,0,0,0,0,0,0,1,0,0,0,0,0,0,0,0,0,0,0,0,0,0,0,0,0,0,0,0,0,0,0,1,0,0,0,0,0,0,0,0,0,0,0,0,0,0,0,0,0,0,0,0,0,0
Changed to original form:
0,1,1,0,1,0,0,0,0,0,0,0,0,0,0,0,0,0,0,0,0,0,0,0,0.003903789108891551,0.9960962108911084,0,0,0,0,0,0,0,0,0,0,0,0,1,0,0,0,0,0,0,0,0,0,0.12958406898709732,0.8704159310129027,1.3364154009044665E-14,0.9999999999999867,0,0,0,0,0,0,0,0,0,0,1,0,0,0,0,0,0,0,0,0,1,0,0,1,0,0,0,0,0,0,0,0,0,0,0,0,0,0,0,1,0,0,0,0,1,0,0,1,0,0,0,0,0,0,0,0,0,0,0,0,0,0,0,1,0,0,0,0,1,0,0,1,0,0,0,0,0,0,0,0,0,0,0,0,0,0,0,1,0,0,0,0,1,0,0,1,0,0,0,0,0,0,0,0,0,0,0,0,0,0,0,0,0,0,0,1,1,0,0,1,0,0,0,0,0,0,0,0,0,0,0,0,0,0,0,0,0,0,0,1,1,0,0,1,0,0,0,0,0,0,0,0,0,0,0,0,0,0,0,0,0,0,0,1,1,0,0,1,0,0,0,0,0,0,0,0,0,0,0,0,0,0,0,0,0,0,0,1,1,0,0,1,0,0,0,0,0,0,0,0,0,0,0,0.6935695615846548,0.3064304384153452,0,0,0,0,0,0,0,1,0,0,1,0,0,0,0,0,0,0,0,0,0,1,0,0,0,0,0,0,0,0,0,1,0,0,1,0,0,0,0,0,0,0,0,0,0,1,0,0,0,0,0,0,0,0,0,1,0,0,1,0,0,0,0,0,0,0,0,0,0,1,0,0,0,0,0,0,0,0,0,1,0,0,1,0,0,0,0,0,0,0,0,0,0,0.9286610173969732,0,0,0,0,0.07133898260302692,0,0,0,0,1,0,0,1,0,0,0,0,0,0,0,0,0,0,0,0,0,0,0,1,0,0,0,0,1,0,0,1,0,0,0,0,0,0,0,0,0,0,0,0,0,0,0,1,0,0,0,0,1.945979714381301E-16,0.9999999999999998,0,0,0,0,0,0,0,1,0,0,0,0,0,0,0,0,0,1,0,0,0,0,0,1,0,0,0,0,0,0,0,0,0,0,0,0,0,0,0,0,0,0,0,0,0,0,0,1,0,0,0,0,0,0,0,0,0,0,0,0,0,0,0,0,0,0,0,0,0,0
Changed to original form:
0,1,0.05315326018716226,0.9468467398128378,1,0,0,0,0,0,0,0,0,0,1,0,0,0,0,0,0,0,0,0,6.490288445740119E-16,0.9999999999999993,0,1,0,0,0,0,0,0,0,0,0,0,0,0,0,0,0,0,0,0,0,0,0.8782938743410437,0.12170612565895625,0,1,0,0,0,0,0,0,0,0,0,0,1,0,0,0,0,0,0,0,0,0,1,0,0,1,0,0,0,0,0,0,0,0,0,0,0,0,0,0,0,0,0,0,0,1,1,0,0,1,0,0,0,0,0,0,0,0,0,0,0,0,0,0,0,0,0,0,0,1,1,0,0,1,0,0,0,0,0,0,0,0,0,0,0,0,0.05909995253899899,0,0,0,0,0,0,0.940900047461001,1,0,0,1,0,0,0,0,0,0,0,0,0,0,0,0,0,0,0,0,0,0,0,1,1,0,0,1,0,0,0,0,0,0,0,0,0,0,0,0,0,0,0,0,0,0,0,1,1,0,0,1,0,0,0,0,0,0,0,0,0,0,0,0,0,0,0,0,0,0,0,1,1,0,0,1,0,0,0,0,0,0,0,0,0,0,0,0,0,0,0,0,0,0,0,1,1,0,0,1,0,0,0,0,0,0,0,0,0,0,1,0,0,0,0,0,0,0,0,0,1,0,0,1,0,0,0,0,0,0,0,0,0,0,1,0,0,0,0,0,0,0,0,0,1,0,0,1,0,0,0,0,0,0,0,0,0,0,1,0,0,0,0,0,0,0,0,0,1,0,0,1,0,0,0,0,0,0,0,0,0,0,1,0,0,0,0,0,0,0,0,0,1,0,0,1,0,0,0,0,0,0,0,0,0,0,1,0,0,0,0,0,0,0,0,0,1,0,0,1,0,0,0,0,0,0,0,0,0,0,1,0,0,0,0,0,0,0,0,0,0.08287292577689571,0.9171270742231044,0,1,0,0,0,0,0,0,0,0,0,0,0.9999999999993794,0,6.206289061277478E-13,0,0,0,0,0,0,0,0,1,0,0,0,0,0,0,0,0,0,0,0,0,0,0,0,0,0,0,0,0,0,1,2.802607754854051E-17,1,1,0,0,0,0,0,0,0,0,0,0,0,0,0,0,0,0,0,0,0,0,0,0,1,0,1,0,0,0,0,0,0,0,0,0,1,0,0,0,0,0,0,0,0,0,1
Changed to original form:
8.169506417562115E-16,0.9999999999999992,1,0,0,0,0,0,0,0,0,0,0,0,1,0,0,0,0,0,0,0,0,0,1.0464195361542986E-14,0.9999999999999896,0,1,1,0,0,0,0,0,0,0,0,0,0,0,0,0,0,0,0,0,0,0,0.6484032839304861,0.35159671606951404,0,1,0,0,0,0,0,0,0,0,0,0,1,0,0,0,0,0,0,0,0,0,1,0,0,1,0,0,0,0,0,0,0,0,0,0,0,0,0,0,0,0,0,1,0,0,1,0,0,1,0,0,0,0,0,0,0,0,0,0,0,0,0,0,0,0,0,1,0,0,1,0,0,1,0,0,0,0,0,0,0,0,0,0,0,0,0,0,0,0,0,1,0,0,1,0,0,1,0,0,0,0,0,0,0,0,0,0,0,0,0,0,0,0,0,0.9038881697826185,0.09611183021738141,0,1,0,0,1,0,0,0,0,0,0,0,0,0,0,0,0,0,0,0,0,0,0,0,1,1,0,0,1,0,0,0,0,0,0,0,0,0,0,0,0,0,0,0,0,0,0,0,1,1,0,0,1,0,0,0,0,0,0,0,0,0,0,0,0,0,0,0,0,0,0,0,1,1,0,0,1,0,0,0,0,0,0,0,0,0,0,1,0,0,0,0,0,0,0,0,0,1,0,0,1,0,0,0,0,0,0,0,0,0,0,1,0,0,0,0,0,0,0,0,0,1,0,0,1,0,0,0,0,0,0,0,0,0,0,1,0,0,0,0,0,0,0,0,0,1,0,0,1,0,0,0,0,0,0,0,0,0,0,1,0,0,0,0,0,0,0,0,0,1,0,0,1,0,0,0,0,0,0,0,0,0,0,1,0,0,0,0,0,0,0,0,0,1,0,0,1,0,0,0,0,0,0,0,0,0,0,1,0,0,0,0,0,0,0,0,0,0.13121457574038373,0.8687854242596164,0.37518981749909736,0.6248101825009025,0,0,0,0,0,0,0,1,0,0,0,0,0,0,0,0,0,1,0,0,2.2993196606352493E-15,0.9999999999999978,1,0,0,0,0,0,0,0,0,0,0,0,0,0,0,0,0,0,0,0,0,0,0,1,0,0,0,0,0,0,0,0,0,0,0,0,0,0,0,0,0,0,0,0,0,0,0,1,0,0,0,0,0,0,0,0,0,0,0,0,0,0,0,0,0,0,0,0,0,0
Changed to original form:
0.021798274948151085,0.978201725051849,5.008921143450124E-12,0.999999999994991,0,0,0,0,0,0,0,0,0,0,0,0,0,0,0,0,0,0,0,0,0,1,0.9858682715833703,0.01413172841662959,1,0,0,0,0,0,0,0,0,0,0,0,0,0,0,0,0,0,0,0,1,0,0,1,1,0,0,0,0,0,0,0,0,0,1,0,0,0,0,0,0,0,0,0,1,0,0,1,0,0,0,0,0,0,0,0,0,0,0,0,0,0,0,1,0,0,0,0,1,0,0,1,0,0,0,0,0,0,0,0,0,0,0,0,0,0,0,0.24552881413383887,0,0.7544711858661611,0,0,1,0,0,1,0,0,0,0,0,0,0,0,0,0,0,0,0,0,0,0,0,0.7075689838667603,0,0.2924310161332398,1,0,0,1,0,0,0,0,0,0,0,0,0,0,0,0,0,0,0,0,0,0,0,1,1,0,0,1,0,0,0,0,0,0,0,0,0,0,0,0,0,0,0,0,0,0,0,1,1,0,0,1,0,0,0,0,0,0,0,0,0,0,0,0,0,0,0,0,0,0,0,1,1,0,0,1,0,0,0,0,0,0,0,0,0,0,0,0,0,0,0,0,0,0,0,1,1,0,0,1,0,0,0,0,0,0,0,0,0,0,1,0,0,0,0,0,0,0,0,0,1,0,0,1,0,0,0,0,0,0,0,0,0,0,1,0,0,0,0,0,0,0,0,0,1,0,0,1,0,0,0,0,0,0,0,0,0,0,1,0,0,0,0,0,0,0,0,0,1,0,0,1,0,0,0,0,0,0,0,0,0,0,0.9793274614392619,0,0,0,0,0,0,0.020672538560738214,0,0,1,0,0,1,0,0,0,0,0,0,0,0,0,0,1,0,0,0,0,0,0,0,0,0,1,0,0,1,0,0,0,0,0,0,0,0,0,0,1,0,0,0,0,0,0,0,0,0,0.20933950335675752,0.7906604966432426,1,0,0,0,0,0,0,0,0,0,1,0,0,0.7301423308914146,0,0,0,0.2698576691085854,0,0,0,0,0.00024564234490098827,0.9997543576550991,1,0,0,0,0,0,0,0,1,0,0,0,0,0,0,0,0,0,0,0,0,0,0.001748841400317397,0.9982511585996826,1,0,0,0,0,1,0,0,0,0,0,0,0,0,0,0,0,0,0,0,0,0,0.04140175493009292,0.9585982450699072,0,1,0,1,0,0,0,0,0,0,0,0,0,0,0,0,0,0,0,0,1,0
Changed to original form:
0.20721366500025903,0.7927863349997409,0,0,0,0,0,0,0,0,0,0,0,0,0,0,0,0,0,0,0,0,0,0,0.012138076554067317,0.9878619234459326,1,0,0,0,0,0,0,0,0,0,0,0,1,0,0,0,0,0,0,0,0,0,0.07989128409749949,0.9201087159025005,0.9845170390026434,0.01548296099735664,1,0,0,0,0,0,0,0,0,0,0,0,0,0,0,0,0,0,0,0,1,0,0,1,0,0,0,0,0,0,0,0,0,0,0,0.013439665102064131,0,0,0,0,0.22366673515476346,0.7628935997431725,0,0,1,0,0,1,0,0,0,0,0,0,0,0,0,0,0,0,0,0,0,0,0,1,0,0,1,0,0,1,0,0,0,0,0,0,0,0,0,0,0,0,0,0,0,0,0,1,0,0,1,0,0,1,0,0,0,0,0,0,0,0,0,0,0,0,0,0,0,0,0,1,0,0,1,0,0,1,0,0,0,0,0,0,0,0,0,0,0,0,0,0,0,0,0,0.24407120406439214,0.7559287959356078,0,1,0,0,1,0,0,0,0,0,0,0,0,0,0,0,0,0,0,0,0,0,0,0,1,1,0,0,1,0,0,0,0,0,0,0,0,0,0,0,0,0,0,0,0,0,0,0,1,1,0,0,1,0,0,0,0,0,0,0,0,0,0,0,1,0,0,0,0,0,0,0,0,1,0,0,1,0,0,0,0,0,0,0,0,0,0,0.9450585678347192,0,0,0,0,0,0.05494143216528082,0,0,0,1,0,0,1,0,0,0,0,0,0,0,0,0,0,0.993857803611882,0,0,0,0,0.006142196388117891,0,0,0,0,1,0,0,1,0,0,0,0,0,0,0,0,0,0,1,0,0,0,0,0,0,0,0,0,1,0,0,1,0,0,0,0,0,0,0,0,0,0,0,0,1,0,0,0,0,0,0,0,1,0,0,1,0,0,0,0,0,0,0,0,0,0,0.3978634138609951,0.6021365861390049,0,0,0,0,0,0,0,0,1,0,0.28195650713743137,0.7180434928625686,0,0,0,0,0,0,0,1,0,0,0,0,0,0,0,0,0,1,0,0,1.3103874911737911E-15,0.9999999999999987,1,0,0,0,0,0,0,0,0,0,0,0,0,0,0,0,0,0,0,0,0,0,0,1,0,0,0,0,0,0,0,0,0,0,0,0,0,0,0,0,0,0,0,0,0,0,0,1,0,0,0,0,0,0,0,0,0,0,0,0,0,0,0,0,0,0,0,0,0,0
Changed to original form:
7.077211760914586E-16,0.9999999999999993,0,0,0,0,0,0,0,0,0,0,0,0,1,0,0,0,0,0,0,0,0,0,0.00041305679921650236,0.9995869432007835,0,1,0,0,0,0,0,0,0,0,0,0,0,0,0,0,0,0,0,0,0,0,0.35394780960592787,0.6460521903940721,1,0,0.0007136530540661879,0,0,0,0.9992863469459338,0,0,0,0,0,1,0,0,0,0,0,0,0,0,0,1,0,0,1,0,0,0,0,0,0,0,0,0,0,0,0,0,0,1,0,0,0,0,0,1,0,0,1,0,0,0,0,0,0,0,0,0,0,0,0,0,0,1,0,0,0,0,0,1,0,0,1,0,0,0,0,0,0,0,0,0,0,0,0,0,0,0,0,0,0,0,1,1,0,0,1,0,0,0,0,0,0,0,0,0,0,0,0,0,0,0,0,0,0,1,0,1,0,0,1,0,0,0,0,0,0,0,0,0,0,0,0,0,0,0,0,0,0,1,0,1,0,0,1,0,0,0,0,0,0,0,0,0,0,0,0,0,0,0,0,0,0,0,1,1,0,0,1,0,0,0,0,0,0,0,0,0,0,0,0,0,0,0,0,0,0,0,1,1,0,0,1,0,0,0,0,0,0,0,0,0,0,1,0,0,0,0,0,0,0,0,0,1,0,0,1,0,0,0,0,0,0,0,0,0,0,0.6974209885096115,0,0.3025790114903884,0,0,0,0,0,0,0,1,0,0,1,0,0,0,0,0,0,0,0,0,0,1,0,0,0,0,0,0,0,0,0,1,0,0,1,0,0,0,0,0,0,0,0,0,0,1,0,0,0,0,0,0,0,0,0,1,0,0,1,0,0,0,0,0,0,0,0,0,0,0.4439654806487951,0,0,0,0.556034519351205,0,0,0,0,0,1,0,0,1,0,0,0,0,0,0,0,0,0,0,0,0,0,0,1,0,0,0,0,0,1,0,0,1,0,0,0,0,0,0,0,0,0,0,0,0,0,0,1,0,0,0,0,0,0,1,1,0,0,0,0,0,0,0,0,0,1,0,0,0,0,0,0,0,0,0,0,1,9.485881439408912E-17,0.9999999999999999,0,0,0,0,0,0,0,0,0,0,0,1,0,0,0,0,0,0,0,0,0,0,0,1,0,1,0,0,0,0,0,0,0,0,0,1,0,0,0,0,0,0,0,0,0,1
Changed to original form:
0,1,0,1,0,0,0,0,0,0,0,0,0,0,1,0,0,0,0,0,0,0,0,0,0,1,0,0,0,0,0,0,0,0,0,0,0,0,1,0,0,0,0,0,0,0,0,0,0.8782938743410371,0.12170612565896284,0,1,0,0,0,0,0,0,0,0,0,0,1,0,0,0,0,0,0,0,0,0,1,0,0,1,0,0,0,0,0,0,0,0,0,0,0,0,0,0,0,0,0,1,0,0,1,0,0,1,0,0,0,0,0,0,0,0,0,0,0,0,0,0,0,0,0,0,1,0,1,0,0,1,0,0,0,0,0,0,0,0,0,0,0,0,0,0,0,0,0,1,0,0,1,0,0,1,0,0,0,0,0,0,0,0,0,0,0,0,0,0,0,0,0,0,1,0,1,0,0,1,0,0,0,0,0,0,0,0,0,0,0,0,0,0,0,0,0,0,0,1,1,0,0,1,0,0,0,0,0,0,0,0,0,0,0,0,0,0,0,0,0,0,0,1,1,0,0,1,0,0,0,0,0,0,0,0,0,0,0,0,0,0,0,0,0,0,0,1,1,0,0,1,0,0,0,0,0,0,0,0,0,0,1,0,0,0,0,0,0,0,0,0,1,0,0,1,0,0,0,0,0,0,0,0,0,0,1,0,0,0,0,0,0,0,0,0,1,0,0,1,0,0,0,0,0,0,0,0,0,0,1,0,0,0,0,0,0,0,0,0,1,0,0,1,0,0,0,0,0,0,0,0,0,0,1,0,0,0,0,0,0,0,0,0,1,0,0,1,0,0,0,0,0,0,0,0,0,0,1,0,0,0,0,0,0,0,0,0,1,0,0,1,0,0,0,0,0,0,0,0,0,0,1,0,0,0,0,0,0,0,0,0,0.08287292577692407,0.9171270742230759,0,1,0,0,0,0,0,0,0,0,0,0,1,0,0,0,0,0,0,0,0,0,1.9958827137314924E-16,0.9999999999999998,0,1,0,0,0,0,0,0,0,0,0,0,0,0,0,0,0,0,0,0,0,0,0,1,0,0,0,0,0,0,0,0,0,0,0,0,0,0,0,0,0,0,0,0,0,0,0,1,0,0,0,0,0,0,0,0,0,0,0,1,0,0,0,0,0,0,0,0,0,0
Changed to original form:
9.03288286571509E-16,0.9999999999999991,1,0,0,0,0,0,0,0,0,0,0,0,1,0,0,0,0,0,0,0,0,0,0,1,1,0,0,0,0,0,0,0,0,0,0,0,1,0,0,0,0,0,0,0,0,0,0.06566202449684945,0.9343379755031506,0.5341149030246823,0.4658850969753176,0,0,0,1,0,0,0,0,0,0,0,0,0,0,0,0,0,0,0,0,1,0,0,1,0,0,0,0,0,0,0,0,0,0,0,0,0,0,0,0,1,0,0,0,1,0,0,1,0,0,0,0,0,0,0,0,0,0,0,0,0,0,0,0,1,0,0,0,1,0,0,1,0,0,0,0,0,0,0,0,0,0,0,0,0,0,0,0,1,0,0,0,1,0,0,1,0,0,0,0,0,0,0,0,0,0,0,0,0,0,0,0,0.4884504602883117,0,0.5115495397116884,0,1,0,0,1,0,0,0,0,0,0,0,0,0,0,0,0,0,0,0,0,0,0.5570508775909307,0,0.44294912240906925,1,0,0,1,0,0,0,0,0,0,0,0,0,0,0,0,0,0,0,0,0,0,0,1,1,0,0,1,0,0,0,0,0,0,0,0,0,0,0,0,0,0,0,0,0,0,0,1,1,0,0,1,0,0,0,0,0,0,0,0,0,0,1,0,0,0,0,0,0,0,0,0,1,0,0,1,0,0,0,0,0,0,0,0,0,0,0.5110064135867693,0,0,0.48899358641323065,0,0,0,0,0,0,1,0,0,1,0,0,0,0,0,0,0,0,0,0,1,0,0,0,0,0,0,0,0,0,1,0,0,1,0,0,0,0,0,0,0,0,0,0,1,0,0,0,0,0,0,0,0,0,1,0,0,1,0,0,0,0,0,0,0,0,0,0,1,0,0,0,0,0,0,0,0,0,1,0,0,1,0,0,0,0,0,0,0,0,0,0,0,0,0,0,0,0,1,0,0,0,1,0,1.4887043572098801E-05,0.9999851129564279,0,0,0,0,0,0,0,1,0,0,0,0,0,0,0,0,1,0,0,0,0.4608286178307832,0.5391713821692168,0.9999999999999992,7.00058510057209E-16,0,0,0,0,0,0,1,0,0,0,0,0,0,0,0,0,0,0,0,0,0,1,0,0,0,0,0,0,0,0,0,0,0,0,0,0,0,0,0,0,0,0,0,0,7.104951635223538E-16,0.9999999999999993,0,0,0,0,0,0,0,0,0,0,0,1,0,0,0,0,0,0,0,0,0,0
Changed to original form:
1.34802136980866E-15,0.9999999999999987,0,0,0,0,0,0,0,0,0,0,0,0,1,0,0,0,0,0,0,0,0,0,1.146062200292339E-16,0.9999999999999998,1,0,0,0,0,0,0,0,0,0,0,0,1,0,0,0,0,0,0,0,0,0,3.223491979096628E-14,0.9999999999999678,1,0,1,0,0,0,0,0,0,0,0,0,1,0,0,0,0,0,0,0,0,0,1,0,0,1,0,0,0,0,0,0,0,0,0,0,0,0,0,0,0,0,1,0,0,0,1,0,0,1,0,0,0,0,0,0,0,0,0,0,0,0,0,0,0,0,1,0,0,0,1,0,0,1,0,0,0,0,0,0,0,0,0,0,0,0,0,0,0,0,1,0,0,0,1,0,0,1,0,0,0,0,0,0,0,0,0,0,0,0,0,0,0,0,0.8653535741874517,0,0.1346464258125483,0,1,0,0,1,0,0,0,0,0,0,0,0,0,0,0,0,0,0,0,0,0,0,0,1,1,0,0,1,0,0,0,0,0,0,0,0,0,0,0,0,0,0,0,0,0,0,0,1,1,0,0,1,0,0,0,0,0,0,0,0,0,0,0,0,0,0,0,0,0,0,1,0,1,0,0,1,0,0,0,0,0,0,0,0,0,0,1,0,0,0,0,0,0,0,0,0,1,0,0,1,0,0,0,0,0,0,0,0,0,0,0.19393825035723536,0,0.8060617496427646,0,0,0,0,0,0,0,1,0,0,1,0,0,0,0,0,0,0,0,0,0,1,0,0,0,0,0,0,0,0,0,1,0,0,1,0,0,0,0,0,0,0,0,0,0,1,0,0,0,0,0,0,0,0,0,1,0,0,1,0,0,0,0,0,0,0,0,0,0,1,0,0,0,0,0,0,0,0,0,1,0,0,1,0,0,0,0,0,0,0,0,0,0,0,0,0,0,0,0,1,0,0,0,1,0,0,1,0,0,0,0,0,0,0,0,0,0,0,0,0,0,0,0,1,0,0,0,0.4618099304872912,0.5381900695127089,0.9999999999999986,1.3823677626016414E-15,0,0,0,0,0,0,1,0,0,0,0,0,0,0,0,0,0,0,0,0,5.326075384978295E-17,1,1,0,0,0,0,0,0,0,0,0,0,0,0,0,0,0,0,0,0,0,0,0,1.435906153859219E-15,0.9999999999999986,1,0,0,0,0,0,0,0,0,0,0,0,0,0,0,0,0,0,0,0,0,0
Changed to original form:
4.709515871586294E-15,0.9999999999999952,0.2353793599605887,0.7646206400394113,0,0,0,0,0,0,0,0,0,0,0,0,0,0,0,0,0,0,0,0,0,1,0,0,0,0,0,0,0,0,0,0,0,0,1,0,0,0,0,0,0,0,0,0,0.878293874341066,0.12170612565893389,0,1,0,0,0,0,0,0,0,0,0,0,1,0,0,0,0,0,0,0,0,0,1,0,0,1,0,0,0,0,0,0,0,0,0,0,0,0,0,0,0,0,0,1,0,0,1,0,0,1,0,0,0,0,0,0,0,0,0,0,0,0.03574207302112005,0,0,0,0,0,0,0,0.9642579269788799,1,0,0,1,0,0,0,0,0,0,0,0,0,0,0,0,0,0,0,0,0,0,0,1,1,0,0,1,0,0,0,0,0,0,0,0,0,0,0,0,0,0,0,0,0,0,0,1,1,0,0,1,0,0,0,0,0,0,0,0,0,0,0,0,0,0,0,0,0,0,0,1,1,0,0,1,0,0,0,0,0,0,0,0,0,0,0,0,0.024003766176652928,0,0,0,0,0,0,0.975996233823347,1,0,0,1,0,0,0,0,0,0,0,0,0,0,0,0,0,0.03582302981449398,0,0,0,0,0,0.9641769701855061,1,0,0,1,0,0,0,0,0,0,0,0,0,0,1,0,0,0,0,0,0,0,0,0,1,0,0,1,0,0,0,0,0,0,0,0,0,0,1,0,0,0,0,0,0,0,0,0,1,0,0,1,0,0,0,0,0,0,0,0,0,0,1,0,0,0,0,0,0,0,0,0,1,0,0,1,0,0,0,0,0,0,0,0,0,0,1,0,0,0,0,0,0,0,0,0,1,0,0,1,0,0,0,0,0,0,0,0,0,0,1,0,0,0,0,0,0,0,0,0,1,0,0,1,0,0,0,0,0,0,0,0,0,0,1,0,0,0,0,0,0,0,0,0,0.08287292577691671,0.9171270742230834,0,1,0,0,0,0,0,0,0,0,0,0,0.9999999999990552,5.4586440490671106E-14,4.558599981373835E-13,4.343457783990812E-13,0,0,0,0,0,0,0,1,0.007776841653763186,0.9922231583462369,0,0,0,0,0,0,0,0,0,0,0,0,0,0,0,0,0,0,0,1,1.253871267670887E-14,0.9999999999999876,0,0,0,0,0,0,0,0,0,0,0,0,0,0,0,0,0,0,0,0,0,1,9.536875259847823E-17,0.9999999999999999,1,0,0,0,0,0,0,0,0,0,0,0,0,0,0,0,0,0,0,0,0,0
Changed to original form:
2.1546470112844416E-15,0.9999999999999978,0,0,1,0,0,0,0,0,0,0,0,0,1,0,0,0,0,0,0,0,0,0,0,1,0,1,1,0,0,0,0,0,0,0,0,0,0,0,0,0,0,0,0,0,0,0,0.8782938743410427,0.1217061256589573,2.39881244956759E-15,0.9999999999999976,0,0,0,0,0,0,0,0,0,0,1,0,0,0,0,0,0,0,0,0,1,0,0,1,0,0,0,0,0,0,0,0,0,0,0,0,0,0,0.5193111662974687,0,0,0,0.48068883370253146,0,1,0,0,1,0,0,0,0,0,0,0,0,0,0,0,0,0,0,0,0,0,0,0.19662741279884868,0.8033725872011513,1,0,0,1,0,0,0,0,0,0,0,0,0,0,0,0,0,0,0,0,0,0,1,0,1,0,0,1,0,0,0,0,0,0,0,0,0,0,0,0,0,0,0,0,0,0,0,1,1,0,0,1,0,0,0,0,0,0,0,0,0,0,0,0,0,0,0,0,0,0,0,1,1,0,0,1,0,0,0,0,0,0,0,0,0,0,0,0.012674950308600793,0,0,0,0,0,0,0,0.9873250496913991,1,0,0,1,0,0,0,0,0,0,0,0,0,0,0,0,0,0,0,0,0,0,0,1,1,0,0,1,0,0,0,0,0,0,0,0,0,0,1,0,0,0,0,0,0,0,0,0,1,0,0,1,0,0,0,0,0,0,0,0,0,0,1,0,0,0,0,0,0,0,0,0,1,0,0,1,0,0,0,0,0,0,0,0,0,0,1,0,0,0,0,0,0,0,0,0,1,0,0,1,0,0,0,0,0,0,0,0,0,0,1,0,0,0,0,0,0,0,0,0,1,0,0,1,0,0,0,0,0,0,0,0,0,0,1,0,0,0,0,0,0,0,0,0,1,0,0,1,0,0,0,0,0,0,0,0,0,0,0.9999999999999923,0,0,0,0,0,0,0,7.64024903008603E-15,0,0.08287292577698496,0.9171270742230151,3.1963264874781873E-13,0.9999999999996804,0,0,0,0,0,0,0,0,1,0,0.9999999999990085,0,0,0,9.915323516405868E-13,0,0,0,0,0,1.0582306248314809E-29,1,0,0,0,0,0,0,0,0,0,0,0,0,0,0,0,0,0,0,0,0,0,1,0,1,0,0,0,0,0,0,0,0,0,0,0,0,0,0,0,0,0,0,0,0,0,0,1.2171616984174996E-15,0.9999999999999988,1,0,0,0,0,0,0,0,0,0,0,0,0,0,0,0,0,0,0,0,0,0
Changed to original form:
9.314879464587011E-17,0.9999999999999999,0,1,0,0,0,0,0,0,0,0,0,0,0,0,0,0,0,0,0,0,0,0,0.37684155874500674,0.6231584412549932,1,0,0,0,0,0,0,0,0,0,0,0,1,0,0,0,0,0,0,0,0,0,0.5384528390884552,0.4615471609115448,0.7324285561319535,0.2675714438680466,0,0,0,1,0,0,0,0,0,0,1,0,0,0,0,0,0,0,0,0,1,0,0,1,0,0,0,0,0,0,0,0,0,0,0,0,0,1,0,0,0,0,0,0,1,0,0,1,0,0,0,0,0,0,0,0,0,0,0,0,0,0,0,1,0,0,0,0,1,0,0,1,0,0,0,0,0,0,0,0,0,0,0,0,0,0,0,0.7807033547248986,0,0,0,0.21929664527510145,1,0,0,1,0,0,0,0,0,0,0,0,0,0,0,0,0,0,0,0,0,1,0,0,1,0,0,1,0,0,0,0,0,0,0,0,0,0,0,0,0,0,0,0,0,0,0,1,1,0,0,1,0,0,0,0,0,0,0,0,0,0,0,0,0,0,0,0,0,0,1,0,1,0,0,1,0,0,0,0,0,0,0,0,0,0,0,0,0,0,0,0,0,0,0,1,1,0,0,1,0,0,0,0,0,0,0,0,0,0,1,0,0,0,0,0,0,0,0,0,1,0,0,1,0,0,0,0,0,0,0,0,0,0,0.5517612053042352,0.4482387946957649,0,0,0,0,0,0,0,0,1,0,0,1,0,0,0,0,0,0,0,0,0,0,1,0,0,0,0,0,0,0,0,0,1,0,0,1,0,0,0,0,0,0,0,0,0,0,0.2748893440502999,0,0,0.7251106559497001,0,0,0,0,0,0,1,0,0,1,0,0,0,0,0,0,0,0,0,0,1,0,0,0,0,0,0,0,0,0,1,0,0,1,0,0,0,0,0,0,0,0,0,0,0,0,0,0,0,1,0,0,0,0,1,0,0,1,0,0,0,0,0,0,0,0,0,0,0,0,0,0,0,1,0,0,0,0,0.33351381191882457,0.6664861880811754,1,0,0,0,0,0,0,0,1,0,0,0,0,0,0,0,0,0,0,0,0,1,0,1,0,0,0,0,0,0,0,0,0,0,0,0,0,0,0,0,0,0,0,0,0,0,0,1,0,0,0,0,0,0,0,0,0,0,0,0,0,0,0,0,0,0,0,0,0,0
Changed to original form:
1.1844343691241394E-15,0.9999999999999988,0,0,0,0,0,0,0,0,0,0,0,0,1,0,0,0,0,0,0,0,0,0,5.678591933240223E-16,0.9999999999999994,0,1,0,0,0,0,0,0,0,0,0,0,0,0,0,0,0,0,0,0,0,0,0.8782938743410418,0.12170612565895811,0,1,0,0,0,0,0,0,0,0,0,0,1,0,0,0,0,0,0,0,0,0,1,0,0,1,0,0,0,0,0,0,0,0,0,0,0,0,0,0,0,0,0,1,0,0,1,0,0,1,0,0,0,0,0,0,0,0,0,0,0,0,0,0,0,0,0,1,0,0,1,0,0,1,0,0,0,0,0,0,0,0,0,0,0,0,0,0,0,0,0,0,1,0,1,0,0,1,0,0,0,0,0,0,0,0,0,0,0,0,0,0,0,0,0,0,0,1,1,0,0,1,0,0,0,0,0,0,0,0,0,0,0,0,0.042224227164105066,0,0,0,0,0,0.957775772835895,0,1,0,0,1,0,0,0,0,0,0,0,0,0,0,0,0,0,0,0,0.0890862087731288,0,0,0,0.9109137912268712,1,0,0,1,0,0,0,0,0,0,0,0,0,0,0,0,0,0.035335156641253904,0,0,0,0,0,0.9646648433587461,1,0,0,1,0,0,0,0,0,0,0,0,0,0,1,0,0,0,0,0,0,0,0,0,1,0,0,1,0,0,0,0,0,0,0,0,0,0,1,0,0,0,0,0,0,0,0,0,1,0,0,1,0,0,0,0,0,0,0,0,0,0,1,0,0,0,0,0,0,0,0,0,1,0,0,1,0,0,0,0,0,0,0,0,0,0,1,0,0,0,0,0,0,0,0,0,1,0,0,1,0,0,0,0,0,0,0,0,0,0,1,0,0,0,0,0,0,0,0,0,1,0,0,1,0,0,0,0,0,0,0,0,0,0,1,0,0,0,0,0,0,0,0,0,0.08287292577693228,0.9171270742230677,0,1,0,0,0,0,0,0,0,0,0,0,0.9999999999994749,0,2.2606610747000367E-13,2.9782543056423793E-13,0,1.1456217470238695E-15,0,0,0,0,0,1,0,0,0,0,0,0,0,0,0,0,0,0,0,0,0,0,0,0,0,0,0,0,0,1,0,0,0,0,0,0,0,0,0,0,0,0,0,0,0,0,0,0,0,0,0,0,0,1,0,0,0,0,0,0,0,0,0,0,0,0,0,0,0,0,0,0,0,0,0,0
Changed to original form:
0.05211902307098842,0.9478809769290115,1,0,0,0,0,0,0,0,0,0,0,0,0,0,0,0,0,0,0,0,0,0,0.5971352610848027,0.4028647389151973,0.37492906311765944,0.6250709368823405,0,0,0,0,0,0,0,0,0,0,0,0,0,0,0,0,0,0,0,0,1,0,0,1,1,0,0,0,0,0,0,0,0,0,1,0,0,0,0,0,0,0,0,0,1,0,0,1,0,0,0,0,0,0,0,0,0,0,0,0,0,0,0,0,0,0,1,0,1,0,0,1,0,0,0,0,0,0,0,0,0,0,0,0,0,0,0,0,0,1,0,0,1,0,0,1,0,0,0,0,0,0,0,0,0,0,0,0,0,0,0,0,0,0,0,1,1,0,0,1,0,0,0,0,0,0,0,0,0,0,0,0,0,0,0,0,0,0,0,1,1,0,0,1,0,0,0,0,0,0,0,0,0,0,0,0,0,0,0,0,0,0,0,1,1,0,0,1,0,0,0,0,0,0,0,0,0,0,0,0,0,0.13682011285616602,0,0,0,0,0,0.863179887143834,1,0,0,1,0,0,0,0,0,0,0,0,0,0,0,0,0,0,0,0,0,0,0,1,1,0,0,1,0,0,0,0,0,0,0,0,0,0,1,0,0,0,0,0,0,0,0,0,1,0,0,1,0,0,0,0,0,0,0,0,0,0,1,0,0,0,0,0,0,0,0,0,1,0,0,1,0,0,0,0,0,0,0,0,0,0,1,0,0,0,0,0,0,0,0,0,1,0,0,1,0,0,0,0,0,0,0,0,0,0,1,0,0,0,0,0,0,0,0,0,1,0,0,1,0,0,0,0,0,0,0,0,0,0,1,0,0,0,0,0,0,0,0,0,1,0,0,1,0,0,0,0,0,0,0,0,0,0,0.6169754081438693,0,0,0.38302459185613075,0,0,0,0,0,0,1,0,0,1,0,0,0,0,0,0,0,0,0,0,0,0,0,0,0,0,0,0,0,0,2.834902554079548E-16,0.9999999999999998,0,1,0,0,0,0,0,0,0,0,0,0,0,0,0,0,0,0,0,0,0,0,0,1,0,0,0,0,0,0,0,0,0,0,0,0,0,0,0,0,0,0,0,0,0,0,3.322628662215283E-17,1,1,0,0,0,0,0,0,0,0,0,0,0,0,0,0,0,0,0,0,0,0,0
Verification of equal utilities failed. 10.0000029847 != 9.92149642739323 (i.e., 10.0000029847 != 9.92149642739323) at Information set 0 (alt 111) P Files (PF): DecisionByteCode 9 (index 2) PlayerIndex 0 Probabilities 3.26E-15, 1 BestResponse 1 Average 3.26E-15, 1 Regrets 0.00, 0.00 Strategies 0.00, 1.00 InformationSetContents (index 0, info 1)
Perfect equilibrium not confirmed 134 ms
Best response improvement average was 0.30906635011215045; equilibrium rejected
Verification of equal utilities failed. 9.10668287618367 != 9.106637892287269 (i.e., 9.10668287618367 != 9.106637892287269) at Information set 27 (alt 174) D Offer (DO1): DecisionByteCode 15 (index 8) PlayerIndex 1 Probabilities 0.918, 0, 0, 0, 0, 0.0822, 0, 0, 0, 0 BestResponse 1 Average 0.918, 0, 0, 0, 0, 0.0822, 0, 0, 0, 0 Regrets 0.00, 0.00, 0.00, 0.00, 0.00, 0.00, 0.00, 0.00, 0.00, 0.00 Strategies 0.92, 0.00, 0.00, 0.00, 0.00, 0.08, 0.00, 0.00, 0.00, 0.00 InformationSetContents (index 1, info 6);(index 2, info 1);(index 3, info 1);(index 6, info 2)
Perfect equilibrium not confirmed 110 ms
Verification of equal utilities failed. 10.0000029847 != 9.88206360076975 (i.e., 10.0000029847 != 9.88206360076975) at Information set 0 (alt 111) P Files (PF): DecisionByteCode 9 (index 2) PlayerIndex 0 Probabilities 3.3300000000000004E-16, 1 BestResponse 1 Average 3.3300000000000004E-16, 1 Regrets 0.00, 0.00 Strategies 0.00, 1.00 InformationSetContents (index 0, info 1)
Perfect equilibrium not confirmed 111 ms
Verification of equal utilities failed. 10.0000029847 != 9.891191518725826 (i.e., 10.0000029847 != 9.891191518725826) at Information set 0 (alt 111) P Files (PF): DecisionByteCode 9 (index 2) PlayerIndex 0 Probabilities 1.11E-15, 1 BestResponse 1 Average 1.11E-15, 1 Regrets 0.00, 0.00 Strategies 0.00, 1.00 InformationSetContents (index 0, info 1)
Perfect equilibrium not confirmed 89 ms
Verification of equal utilities failed. 10.0000029847 != 9.891191518725826 (i.e., 10.0000029847 != 9.891191518725826) at Information set 0 (alt 111) P Files (PF): DecisionByteCode 9 (index 2) PlayerIndex 0 Probabilities 8.33E-16, 1 BestResponse 1 Average 8.33E-16, 1 Regrets 0.00, 0.00 Strategies 0.00, 1.00 InformationSetContents (index 0, info 1)
Perfect equilibrium not confirmed 84 ms
Verification of equal utilities failed. 9.000008677099999 != 8.866194403703558 (i.e., 9.000008677099999 != 8.866194403703558) at Information set 40 (alt 187) D Answers (DA): DecisionByteCode 10 (index 3) PlayerIndex 1 Probabilities 9.33E-15, 1 BestResponse 1 Average 9.33E-15, 1 Regrets 0.00, 0.00 Strategies 0.00, 1.00 InformationSetContents (index 1, info 10);(index 2, info 1)
Perfect equilibrium not confirmed 73 ms
Verification of equal utilities failed. 10.000002984700002 != 9.83816111458798 (i.e., 10.000002984700002 != 9.83816111458798) at Information set 0 (alt 111) P Files (PF): DecisionByteCode 9 (index 2) PlayerIndex 0 Probabilities 2.7400000000000006E-16, 1 BestResponse 1 Average 2.7400000000000006E-16, 1 Regrets 0.00, 0.00 Strategies 0.00, 1.00 InformationSetContents (index 0, info 1)
Perfect equilibrium not confirmed 71 ms
Verification of equal utilities failed. 9.000008677099997 != 8.91300941514551 (i.e., 9.000008677099997 != 8.91300941514551) at Information set 33 (alt 180) D Defaults (DD1): DecisionByteCode 21 (index 6) PlayerIndex 1 Probabilities 1, 1.48E-14 BestResponse 1 Average 1, 1.48E-14 Regrets 0.00, 0.00 Strategies 1.00, 0.00 InformationSetContents (index 1, info 8);(index 2, info 1);(index 3, info 1)
Perfect equilibrium not confirmed 73 ms
Verification of equal utilities failed. 9.000160213948096 != 9.001583010912142 (i.e., 9.000160213948096 != 9.001583010912142) at Information set 28 (alt 175) D Answers (DA): DecisionByteCode 10 (index 3) PlayerIndex 1 Probabilities 0.0963, 0.904 BestResponse 1 Average 0.0963, 0.904 Regrets 0.00, 0.00 Strategies 0.10, 0.90 InformationSetContents (index 1, info 7);(index 2, info 1)
Verification of equal utilities failed. 9.000160213948096 != 9.0000086771 (i.e., 9.000160213948096 != 9.0000086771) at Information set 28 (alt 175) D Answers (DA): DecisionByteCode 10 (index 3) PlayerIndex 1 Probabilities 0.0963, 0.904 BestResponse 1 Average 0.0963, 0.904 Regrets 0.00, 0.00 Strategies 0.10, 0.90 InformationSetContents (index 1, info 7);(index 2, info 1)
Perfect equilibrium not confirmed 74 ms
Verification of equal utilities failed. 9.567804473585044 != 9.568993169455313 (i.e., 9.567804473585044 != 9.568993169455313) at Information set 6 (alt 154) D Offer (DO1): DecisionByteCode 15 (index 8) PlayerIndex 1 Probabilities 0, 0.694, 0.306, 0, 0, 0, 0, 0, 0, 0 BestResponse 1 Average 0, 0.694, 0.306, 0, 0, 0, 0, 0, 0, 0 Regrets 0.00, 0.00, 0.00, 0.00, 0.00, 0.00, 0.00, 0.00, 0.00, 0.00 Strategies 0.00, 0.69, 0.31, 0.00, 0.00, 0.00, 0.00, 0.00, 0.00, 0.00 InformationSetContents (index 1, info 1);(index 2, info 1);(index 3, info 1);(index 6, info 2)
Verification of equal utilities failed. 9.567804473585044 != 9.565113999107826 (i.e., 9.567804473585044 != 9.565113999107826) at Information set 6 (alt 154) D Offer (DO1): DecisionByteCode 15 (index 8) PlayerIndex 1 Probabilities 0, 0.694, 0.306, 0, 0, 0, 0, 0, 0, 0 BestResponse 1 Average 0, 0.694, 0.306, 0, 0, 0, 0, 0, 0, 0 Regrets 0.00, 0.00, 0.00, 0.00, 0.00, 0.00, 0.00, 0.00, 0.00, 0.00 Strategies 0.00, 0.69, 0.31, 0.00, 0.00, 0.00, 0.00, 0.00, 0.00, 0.00 InformationSetContents (index 1, info 1);(index 2, info 1);(index 3, info 1);(index 6, info 2)
Perfect equilibrium not confirmed 72 ms
Verification of equal utilities failed. 9.000008677099999 != 8.86914812252427 (i.e., 9.000008677099999 != 8.86914812252427) at Information set 36 (alt 183) D Answers (DA): DecisionByteCode 10 (index 3) PlayerIndex 1 Probabilities 2.8000000000000005E-17, 1 BestResponse 1 Average 2.8000000000000005E-17, 1 Regrets 0.00, 0.00 Strategies 0.00, 1.00 InformationSetContents (index 1, info 9);(index 2, info 1)
Perfect equilibrium not confirmed 89 ms
Verification of equal utilities failed. 10.000002984700002 != 9.89157474508231 (i.e., 10.000002984700002 != 9.89157474508231) at Information set 0 (alt 111) P Files (PF): DecisionByteCode 9 (index 2) PlayerIndex 0 Probabilities 8.17E-16, 1 BestResponse 1 Average 8.17E-16, 1 Regrets 0.00, 0.00 Strategies 0.00, 1.00 InformationSetContents (index 0, info 1)
Perfect equilibrium not confirmed 72 ms
Best response improvement average was 0.0019908357581472913; equilibrium rejected
Best response improvement average was 0.001509744754963016; equilibrium rejected
Verification of equal utilities failed. 10.0000029847 != 9.920376249856005 (i.e., 10.0000029847 != 9.920376249856005) at Information set 0 (alt 111) P Files (PF): DecisionByteCode 9 (index 2) PlayerIndex 0 Probabilities 7.080000000000001E-16, 1 BestResponse 1 Average 7.080000000000001E-16, 1 Regrets 0.00, 0.00 Strategies 0.00, 1.00 InformationSetContents (index 0, info 1)
Perfect equilibrium not confirmed 71 ms
Verification of equal utilities failed. 9.0000086771 != 8.905931501301804 (i.e., 9.0000086771 != 8.905931501301804) at Information set 32 (alt 179) D Answers (DA): DecisionByteCode 10 (index 3) PlayerIndex 1 Probabilities 2.0000000000000002E-16, 1 BestResponse 1 Average 2.0000000000000002E-16, 1 Regrets 0.00, 0.00 Strategies 0.00, 1.00 InformationSetContents (index 1, info 8);(index 2, info 1)
Perfect equilibrium not confirmed 72 ms
Verification of equal utilities failed. 10.0000029847 != 9.904797068512622 (i.e., 10.0000029847 != 9.904797068512622) at Information set 0 (alt 111) P Files (PF): DecisionByteCode 9 (index 2) PlayerIndex 0 Probabilities 9.03E-16, 1 BestResponse 1 Average 9.03E-16, 1 Regrets 0.00, 0.00 Strategies 0.00, 1.00 InformationSetContents (index 0, info 1)
Perfect equilibrium not confirmed 72 ms
Verification of equal utilities failed. 10.0000029847 != 9.927656158923313 (i.e., 10.0000029847 != 9.927656158923313) at Information set 0 (alt 111) P Files (PF): DecisionByteCode 9 (index 2) PlayerIndex 0 Probabilities 1.35E-15, 1 BestResponse 1 Average 1.35E-15, 1 Regrets 0.00, 0.00 Strategies 0.00, 1.00 InformationSetContents (index 0, info 1)
Perfect equilibrium not confirmed 73 ms
Verification of equal utilities failed. 10.0000029847 != 9.844076701972941 (i.e., 10.0000029847 != 9.844076701972941) at Information set 0 (alt 111) P Files (PF): DecisionByteCode 9 (index 2) PlayerIndex 0 Probabilities 4.71E-15, 1 BestResponse 1 Average 4.71E-15, 1 Regrets 0.00, 0.00 Strategies 0.00, 1.00 InformationSetContents (index 0, info 1)
Perfect equilibrium not confirmed 71 ms
Verification of equal utilities failed. 10.000002984700002 != 9.934554234923986 (i.e., 10.000002984700002 != 9.934554234923986) at Information set 0 (alt 111) P Files (PF): DecisionByteCode 9 (index 2) PlayerIndex 0 Probabilities 2.15E-15, 1 BestResponse 1 Average 2.15E-15, 1 Regrets 0.00, 0.00 Strategies 0.00, 1.00 InformationSetContents (index 0, info 1)
Perfect equilibrium not confirmed 71 ms
Best response improvement average was 0.003212671900697295; equilibrium rejected
Verification of equal utilities failed. 10.0000029847 != 9.912872876824906 (i.e., 10.0000029847 != 9.912872876824906) at Information set 0 (alt 111) P Files (PF): DecisionByteCode 9 (index 2) PlayerIndex 0 Probabilities 1.1799999999999998E-15, 1 BestResponse 1 Average 1.1799999999999998E-15, 1 Regrets 0.00, 0.00 Strategies 0.00, 1.00 InformationSetContents (index 0, info 1)
Perfect equilibrium not confirmed 72 ms
Best response improvement average was 0.007831324473206003; equilibrium rejected
Resorting to exact arithmetic for up to 49 random priors

Game tree has 45211 nodes, of which 40200 are terminal nodes.
    Player 0 has 111 information sets, 210 moves in total
    Player 1 has  40 information sets, 240 moves in total
    Player 2 has  40 information sets, 240 moves in total
Sequence form LCP dimension is 564
    Player 1 has 241 sequences, subject to  41 constraints
    Player 2 has 241 sequences, subject to  41 constraints
Prior 1 of 49
... 100 steps (35032 ms) ...... 200 steps (155665 ms) ...Complete after 209 pivoting steps
Equilibrium 1
Equilibrium behavior strategies player 1, 2:
0,1,0,0,0,0,0,0,0,0,0,0,0,0,0,0,0,0,0,0,0,0,0,0,0,1,0,0,0,0,0,0,0,0,0,0,0,0,0,0,0,0,0,0,0,0,0,0,1087719513327/1238445974752,150726461425/1238445974752,0,1,0,0,0,0,0,0,0,0,0,0,1,0,0,0,0,0,0,0,0,0,1,0,0,1,0,0,0,0,0,0,0,0,0,0,0,0,0,0,0,0,0,1,0,0,1,0,0,1,0,0,0,0,0,0,0,0,0,0,0,0,0,0,0,0,0,1,0,0,1,0,0,1,0,0,0,0,0,0,0,0,0,0,0,0,0,0,0,0,0,0,1,0,1,0,0,1,0,0,0,0,0,0,0,0,0,0,0,0,0,0,0,0,0,0,1,0,1,0,0,1,0,0,0,0,0,0,0,0,0,0,0,0,0,0,0,0,0,0,0,1,1,0,0,1,0,0,0,0,0,0,0,0,0,0,0,0,0,0,0,0,0,0,0,1,1,0,0,1,0,0,0,0,0,0,0,0,0,0,0,0,0,0,0,0,0,0,0,1
1,0,0,1,0,0,0,0,0,0,0,0,0,0,1,0,0,0,0,0,0,0,0,0,1,0,0,1,0,0,0,0,0,0,0,0,0,0,1,0,0,0,0,0,0,0,0,0,1,0,0,1,0,0,0,0,0,0,0,0,0,0,1,0,0,0,0,0,0,0,0,0,1,0,0,1,0,0,0,0,0,0,0,0,0,0,1,0,0,0,0,0,0,0,0,0,1,0,0,1,0,0,0,0,0,0,0,0,0,0,1,0,0,0,0,0,0,0,0,0,1,0,0,1,0,0,0,0,0,0,0,0,0,0,1,0,0,0,0,0,0,0,0,0,7822219/94388112,86565893/94388112,0,1,0,0,0,0,0,0,0,0,0,0,1,0,0,0,0,0,0,0,0,0,0,1,0,0,0,0,0,0,0,0,0,0,0,0,0,0,0,0,0,0,0,0,0,0,0,1,0,0,0,0,0,0,0,0,0,0,0,0,0,0,0,0,0,0,0,0,0,0,0,1,0,0,0,0,0,0,0,0,0,0,0,0,0,0,0,0,0,0,0,0,0,0
Elapsed milliseconds prior 1: 176653
Prior 2 of 49
... 100 steps (40912 ms) ...... 200 steps (178046 ms) ...Complete after 203 pivoting steps
Same as equilibrium 1
Elapsed milliseconds prior 2: 187054
Prior 3 of 49
... 100 steps (42673 ms) ...... 200 steps (183319 ms) ...Complete after 213 pivoting steps
Equilibrium 2
Equilibrium behavior strategies player 1, 2:
0,1,0,0,0,0,0,0,0,0,0,0,0,0,0,0,0,0,0,0,0,0,0,0,0,1,0,0,0,0,0,0,0,0,0,0,0,0,0,0,0,0,0,0,0,0,0,0,1087719513327/1238445974752,150726461425/1238445974752,0,1,0,0,0,0,0,0,0,0,0,0,1,0,0,0,0,0,0,0,0,0,1,0,0,1,0,0,0,0,0,0,0,0,0,0,0,0,0,0,0,0,0,0,1,0,1,0,0,1,0,0,0,0,0,0,0,0,0,0,0,0,0,0,0,0,0,0,1,0,1,0,0,1,0,0,0,0,0,0,0,0,0,0,0,0,0,0,0,0,0,0,1,0,1,0,0,1,0,0,0,0,0,0,0,0,0,0,0,0,0,0,0,0,0,0,1,0,1,0,0,1,0,0,0,0,0,0,0,0,0,0,0,0,0,0,0,0,0,0,0,1,1,0,0,1,0,0,0,0,0,0,0,0,0,0,0,0,0,0,0,0,0,0,0,1,1,0,0,1,0,0,0,0,0,0,0,0,0,0,0,0,0,0,0,0,0,0,0,1
1,0,0,1,0,0,0,0,0,0,0,0,0,0,1,0,0,0,0,0,0,0,0,0,1,0,0,1,0,0,0,0,0,0,0,0,0,0,1,0,0,0,0,0,0,0,0,0,1,0,0,1,0,0,0,0,0,0,0,0,0,0,1,0,0,0,0,0,0,0,0,0,1,0,0,1,0,0,0,0,0,0,0,0,0,0,1,0,0,0,0,0,0,0,0,0,1,0,0,1,0,0,0,0,0,0,0,0,0,0,1,0,0,0,0,0,0,0,0,0,1,0,0,1,0,0,0,0,0,0,0,0,0,0,1,0,0,0,0,0,0,0,0,0,7822219/94388112,86565893/94388112,0,1,0,0,0,0,0,0,0,0,0,0,1,0,0,0,0,0,0,0,0,0,0,1,0,0,0,0,0,0,0,0,0,0,0,0,0,0,0,0,0,0,0,0,0,0,0,1,0,0,0,0,0,0,0,0,0,0,0,0,0,0,0,0,0,0,0,0,0,0,0,1,0,0,0,0,0,0,0,0,0,0,0,0,0,0,0,0,0,0,0,0,0,0
Elapsed milliseconds prior 3: 215599
Prior 4 of 49
... 100 steps (42722 ms) ...... 200 steps (204258 ms) ...Complete after 257 pivoting steps
Equilibrium 3
Equilibrium behavior strategies player 1, 2:
0,1,0,0,0,0,0,0,0,0,0,0,0,0,0,0,0,0,0,0,0,0,0,0,0,1,0,0,0,0,0,0,0,0,0,0,0,0,0,0,0,0,0,0,0,0,0,0,1087719513327/1238445974752,150726461425/1238445974752,0,1,0,0,0,0,0,0,0,0,0,0,1,0,0,0,0,0,0,0,0,0,1,0,0,1,0,0,0,0,0,0,0,0,0,0,0,0,0,0,0,0,0,1,0,0,1,0,0,1,0,0,0,0,0,0,0,0,0,0,0,0,0,0,0,0,0,1,0,0,1,0,0,1,0,0,0,0,0,0,0,0,0,0,0,0,0,0,0,0,0,0,1,0,1,0,0,1,0,0,0,0,0,0,0,0,0,0,0,0,0,0,0,0,0,0,1,0,1,0,0,1,0,0,0,0,0,0,0,0,0,0,0,0,0,0,0,0,0,0,1,0,1,0,0,1,0,0,0,0,0,0,0,0,0,0,0,0,0,0,0,0,0,0,4009217140697743/9627094906082280,5617877765384537/9627094906082280,1,0,0,1,0,0,0,0,0,0,0,0,0,0,0,0,0,0,0,0,0,0,0,1
1,0,0,1,0,0,0,0,0,0,0,0,0,0,1,0,0,0,0,0,0,0,0,0,1,0,0,1,0,0,0,0,0,0,0,0,0,0,1,0,0,0,0,0,0,0,0,0,1,0,0,1,0,0,0,0,0,0,0,0,0,0,1,0,0,0,0,0,0,0,0,0,1,0,0,1,0,0,0,0,0,0,0,0,0,0,1,0,0,0,0,0,0,0,0,0,1,0,0,1,0,0,0,0,0,0,0,0,0,0,1,0,0,0,0,0,0,0,0,0,1,0,0,1,0,0,0,0,0,0,0,0,0,0,1,0,0,0,0,0,0,0,0,0,7822219/94388112,86565893/94388112,0,1,0,0,0,0,0,0,0,0,0,0,1,0,0,0,0,0,0,0,0,0,0,1,0,0,0,0,0,0,0,0,0,0,0,0,0,0,0,0,0,0,0,0,0,0,0,1,0,0,0,0,0,0,0,0,0,0,0,0,0,0,0,0,0,0,0,0,0,0,0,1,0,0,0,0,0,0,0,0,0,0,0,0,0,0,0,0,0,0,0,0,0,0
Elapsed milliseconds prior 4: 363447
Prior 5 of 49
... 100 steps (47537 ms) ...Complete after 199 pivoting steps
Equilibrium 4
Equilibrium behavior strategies player 1, 2:
0,1,0,0,0,0,0,0,0,0,0,0,0,0,0,0,0,0,0,0,0,0,0,0,0,1,0,0,0,0,0,0,0,0,0,0,0,0,0,0,0,0,0,0,0,0,0,0,1087719513327/1238445974752,150726461425/1238445974752,0,1,0,0,0,0,0,0,0,0,0,0,1,0,0,0,0,0,0,0,0,0,1,0,0,1,0,0,0,0,0,0,0,0,0,0,0,0,0,0,0,0,0,0,1,0,1,0,0,1,0,0,0,0,0,0,0,0,0,0,0,0,0,0,0,0,0,0,1,0,1,0,0,1,0,0,0,0,0,0,0,0,0,0,0,0,0,0,0,0,0,0,1,0,1,0,0,1,0,0,0,0,0,0,0,0,0,0,0,0,0,0,0,0,0,0,1,0,1,0,0,1,0,0,0,0,0,0,0,0,0,0,0,0,0,0,0,0,0,0,1,0,1,0,0,1,0,0,0,0,0,0,0,0,0,0,0,0,0,0,0,0,0,0,0,1,1,0,0,1,0,0,0,0,0,0,0,0,0,0,0,0,0,0,0,0,0,0,0,1
1,0,0,1,0,0,0,0,0,0,0,0,0,0,1,0,0,0,0,0,0,0,0,0,1,0,0,1,0,0,0,0,0,0,0,0,0,0,1,0,0,0,0,0,0,0,0,0,1,0,0,1,0,0,0,0,0,0,0,0,0,0,1,0,0,0,0,0,0,0,0,0,1,0,0,1,0,0,0,0,0,0,0,0,0,0,1,0,0,0,0,0,0,0,0,0,1,0,0,1,0,0,0,0,0,0,0,0,0,0,1,0,0,0,0,0,0,0,0,0,1,0,0,1,0,0,0,0,0,0,0,0,0,0,1,0,0,0,0,0,0,0,0,0,7822219/94388112,86565893/94388112,0,1,0,0,0,0,0,0,0,0,0,0,1,0,0,0,0,0,0,0,0,0,0,1,0,0,0,0,0,0,0,0,0,0,0,0,0,0,0,0,0,0,0,0,0,0,0,1,0,0,0,0,0,0,0,0,0,0,0,0,0,0,0,0,0,0,0,0,0,0,0,1,0,0,0,0,0,0,0,0,0,0,0,0,0,0,0,0,0,0,0,0,0,0
Elapsed milliseconds prior 5: 190334
Prior 6 of 49
... 100 steps (42528 ms) ...... 200 steps (182524 ms) ...Complete after 207 pivoting steps
Same as equilibrium 2
Elapsed milliseconds prior 6: 201432
Prior 7 of 49
... 100 steps (42055 ms) ...... 200 steps (200722 ms) ...Complete after 237 pivoting steps
Equilibrium 5
Equilibrium behavior strategies player 1, 2:
0,1,0,0,0,0,0,0,0,0,0,0,0,0,0,0,0,0,0,0,0,0,0,0,0,1,0,0,0,0,0,0,0,0,0,0,0,0,0,0,0,0,0,0,0,0,0,0,1087719513327/1238445974752,150726461425/1238445974752,0,1,0,0,0,0,0,0,0,0,0,0,1,0,0,0,0,0,0,0,0,0,1,0,0,1,0,0,0,0,0,0,0,0,0,0,0,0,0,0,0,0,0,1,0,0,1,0,0,1,0,0,0,0,0,0,0,0,0,0,0,0,0,0,0,0,0,1,0,0,1,0,0,1,0,0,0,0,0,0,0,0,0,0,0,0,0,0,0,0,0,0,0,1,1,0,0,1,0,0,0,0,0,0,0,0,0,0,0,0,0,0,0,0,0,0,0,1,1,0,0,1,0,0,0,0,0,0,0,0,0,0,0,0,0,0,0,0,0,0,0,1,1,0,0,1,0,0,0,0,0,0,0,0,0,0,0,0,0,0,0,0,0,0,0,1,1,0,0,1,0,0,0,0,0,0,0,0,0,0,0,0,0,0,0,0,0,0,0,1
1,0,0,1,0,0,0,0,0,0,0,0,0,0,1,0,0,0,0,0,0,0,0,0,1,0,0,1,0,0,0,0,0,0,0,0,0,0,1,0,0,0,0,0,0,0,0,0,1,0,0,1,0,0,0,0,0,0,0,0,0,0,1,0,0,0,0,0,0,0,0,0,1,0,0,1,0,0,0,0,0,0,0,0,0,0,1,0,0,0,0,0,0,0,0,0,1,0,0,1,0,0,0,0,0,0,0,0,0,0,1,0,0,0,0,0,0,0,0,0,1,0,0,1,0,0,0,0,0,0,0,0,0,0,1,0,0,0,0,0,0,0,0,0,7822219/94388112,86565893/94388112,0,1,0,0,0,0,0,0,0,0,0,0,1,0,0,0,0,0,0,0,0,0,0,1,0,0,0,0,0,0,0,0,0,0,0,0,0,0,0,0,0,0,0,0,0,0,0,1,0,0,0,0,0,0,0,0,0,0,0,0,0,0,0,0,0,0,0,0,0,0,0,1,0,0,0,0,0,0,0,0,0,0,0,0,0,0,0,0,0,0,0,0,0,0
Elapsed milliseconds prior 7: 288762
Prior 8 of 49
... 100 steps (43632 ms) ...... 200 steps (189628 ms) ...Complete after 213 pivoting steps
Same as equilibrium 1
Elapsed milliseconds prior 8: 220977
Prior 9 of 49
... 100 steps (43063 ms) ...... 200 steps (182096 ms) ...Complete after 203 pivoting steps
Equilibrium 6
Equilibrium behavior strategies player 1, 2:
0,1,0,0,0,0,0,0,0,0,0,0,0,0,0,0,0,0,0,0,0,0,0,0,0,1,0,0,0,0,0,0,0,0,0,0,0,0,0,0,0,0,0,0,0,0,0,0,1087719513327/1238445974752,150726461425/1238445974752,0,1,0,0,0,0,0,0,0,0,0,0,1,0,0,0,0,0,0,0,0,0,1,0,0,1,0,0,0,0,0,0,0,0,0,0,0,0,0,0,0,0,1,0,0,0,1,0,0,1,0,0,0,0,0,0,0,0,0,0,0,0,0,0,0,0,0,1,0,0,1,0,0,1,0,0,0,0,0,0,0,0,0,0,0,0,0,0,0,0,0,0,1,0,1,0,0,1,0,0,0,0,0,0,0,0,0,0,0,0,0,0,0,0,0,0,1,0,1,0,0,1,0,0,0,0,0,0,0,0,0,0,0,0,0,0,0,0,0,0,0,1,1,0,0,1,0,0,0,0,0,0,0,0,0,0,0,0,0,0,0,0,0,0,0,1,1,0,0,1,0,0,0,0,0,0,0,0,0,0,0,0,0,0,0,0,0,0,0,1
1,0,0,1,0,0,0,0,0,0,0,0,0,0,1,0,0,0,0,0,0,0,0,0,1,0,0,1,0,0,0,0,0,0,0,0,0,0,1,0,0,0,0,0,0,0,0,0,1,0,0,1,0,0,0,0,0,0,0,0,0,0,1,0,0,0,0,0,0,0,0,0,1,0,0,1,0,0,0,0,0,0,0,0,0,0,1,0,0,0,0,0,0,0,0,0,1,0,0,1,0,0,0,0,0,0,0,0,0,0,1,0,0,0,0,0,0,0,0,0,1,0,0,1,0,0,0,0,0,0,0,0,0,0,1,0,0,0,0,0,0,0,0,0,7822219/94388112,86565893/94388112,0,1,0,0,0,0,0,0,0,0,0,0,1,0,0,0,0,0,0,0,0,0,0,1,0,0,0,0,0,0,0,0,0,0,0,0,0,0,0,0,0,0,0,0,0,0,0,1,0,0,0,0,0,0,0,0,0,0,0,0,0,0,0,0,0,0,0,0,0,0,0,1,0,0,0,0,0,0,0,0,0,0,0,0,0,0,0,0,0,0,0,0,0,0
Elapsed milliseconds prior 9: 191515
Prior 10 of 49
... 100 steps (42241 ms) ...Complete after 193 pivoting steps
Equilibrium 7
Equilibrium behavior strategies player 1, 2:
0,1,0,0,0,0,0,0,0,0,0,0,0,0,0,0,0,0,0,0,0,0,0,0,0,1,0,0,0,0,0,0,0,0,0,0,0,0,0,0,0,0,0,0,0,0,0,0,1087719513327/1238445974752,150726461425/1238445974752,0,1,0,0,0,0,0,0,0,0,0,0,1,0,0,0,0,0,0,0,0,0,1,0,0,1,0,0,0,0,0,0,0,0,0,0,0,0,0,0,0,0,0,0,1,0,1,0,0,1,0,0,0,0,0,0,0,0,0,0,0,0,0,0,0,0,0,0,1,0,1,0,0,1,0,0,0,0,0,0,0,0,0,0,0,0,0,0,0,0,0,0,0,1,1,0,0,1,0,0,0,0,0,0,0,0,0,0,0,0,0,0,0,0,0,0,0,1,1,0,0,1,0,0,0,0,0,0,0,0,0,0,0,0,0,0,0,0,0,0,0,1,1,0,0,1,0,0,0,0,0,0,0,0,0,0,0,0,0,0,0,0,0,0,0,1,1,0,0,1,0,0,0,0,0,0,0,0,0,0,0,0,0,0,0,0,0,0,0,1
1,0,0,1,0,0,0,0,0,0,0,0,0,0,1,0,0,0,0,0,0,0,0,0,1,0,0,1,0,0,0,0,0,0,0,0,0,0,1,0,0,0,0,0,0,0,0,0,1,0,0,1,0,0,0,0,0,0,0,0,0,0,1,0,0,0,0,0,0,0,0,0,1,0,0,1,0,0,0,0,0,0,0,0,0,0,1,0,0,0,0,0,0,0,0,0,1,0,0,1,0,0,0,0,0,0,0,0,0,0,1,0,0,0,0,0,0,0,0,0,1,0,0,1,0,0,0,0,0,0,0,0,0,0,1,0,0,0,0,0,0,0,0,0,7822219/94388112,86565893/94388112,0,1,0,0,0,0,0,0,0,0,0,0,1,0,0,0,0,0,0,0,0,0,0,1,0,0,0,0,0,0,0,0,0,0,0,0,0,0,0,0,0,0,0,0,0,0,0,1,0,0,0,0,0,0,0,0,0,0,0,0,0,0,0,0,0,0,0,0,0,0,0,1,0,0,0,0,0,0,0,0,0,0,0,0,0,0,0,0,0,0,0,0,0,0
Elapsed milliseconds prior 10: 165318
Prior 11 of 49
... 100 steps (43680 ms) ...... 200 steps (207601 ms) ...Complete after 233 pivoting steps
Equilibrium 8
Equilibrium behavior strategies player 1, 2:
0,1,0,0,0,0,0,0,0,0,0,0,0,0,0,0,0,0,0,0,0,0,0,0,0,1,0,0,0,0,0,0,0,0,0,0,0,0,0,0,0,0,0,0,0,0,0,0,1087719513327/1238445974752,150726461425/1238445974752,0,1,0,0,0,0,0,0,0,0,0,0,1,0,0,0,0,0,0,0,0,0,1,0,0,1,0,0,0,0,0,0,0,0,0,0,0,0,0,0,0,0,1,0,0,0,1,0,0,1,0,0,0,0,0,0,0,0,0,0,0,0,0,0,0,0,0,1,0,0,1,0,0,1,0,0,0,0,0,0,0,0,0,0,0,0,0,0,0,0,0,0,1,0,1,0,0,1,0,0,0,0,0,0,0,0,0,0,0,0,0,0,0,0,0,0,1,0,1,0,0,1,0,0,0,0,0,0,0,0,0,0,0,0,0,0,0,0,0,0,1,0,1,0,0,1,0,0,0,0,0,0,0,0,0,0,0,0,0,0,0,0,0,0,0,1,1,0,0,1,0,0,0,0,0,0,0,0,0,0,0,0,0,0,0,0,0,0,0,1
1,0,0,1,0,0,0,0,0,0,0,0,0,0,1,0,0,0,0,0,0,0,0,0,1,0,0,1,0,0,0,0,0,0,0,0,0,0,1,0,0,0,0,0,0,0,0,0,1,0,0,1,0,0,0,0,0,0,0,0,0,0,1,0,0,0,0,0,0,0,0,0,1,0,0,1,0,0,0,0,0,0,0,0,0,0,1,0,0,0,0,0,0,0,0,0,1,0,0,1,0,0,0,0,0,0,0,0,0,0,1,0,0,0,0,0,0,0,0,0,1,0,0,1,0,0,0,0,0,0,0,0,0,0,1,0,0,0,0,0,0,0,0,0,7822219/94388112,86565893/94388112,0,1,0,0,0,0,0,0,0,0,0,0,1,0,0,0,0,0,0,0,0,0,0,1,0,0,0,0,0,0,0,0,0,0,0,0,0,0,0,0,0,0,0,0,0,0,0,1,0,0,0,0,0,0,0,0,0,0,0,0,0,0,0,0,0,0,0,0,0,0,0,1,0,0,0,0,0,0,0,0,0,0,0,0,0,0,0,0,0,0,0,0,0,0
Elapsed milliseconds prior 11: 291244
Prior 12 of 49
... 100 steps (43242 ms) ...... 200 steps (182108 ms) ...Complete after 207 pivoting steps
Equilibrium 9
Equilibrium behavior strategies player 1, 2:
0,1,0,0,0,0,0,0,0,0,0,0,0,0,0,0,0,0,0,0,0,0,0,0,0,1,0,0,0,0,0,0,0,0,0,0,0,0,0,0,0,0,0,0,0,0,0,0,1087719513327/1238445974752,150726461425/1238445974752,0,1,0,0,0,0,0,0,0,0,0,0,1,0,0,0,0,0,0,0,0,0,1,0,0,1,0,0,0,0,0,0,0,0,0,0,0,0,0,0,0,0,0,0,1,0,1,0,0,1,0,0,0,0,0,0,0,0,0,0,0,0,0,0,0,0,0,0,1,0,1,0,0,1,0,0,0,0,0,0,0,0,0,0,0,0,0,0,0,0,0,0,1,0,1,0,0,1,0,0,0,0,0,0,0,0,0,0,0,0,0,0,0,0,0,0,0,1,1,0,0,1,0,0,0,0,0,0,0,0,0,0,0,0,0,0,0,0,0,0,0,1,1,0,0,1,0,0,0,0,0,0,0,0,0,0,0,0,0,0,0,0,0,0,0,1,1,0,0,1,0,0,0,0,0,0,0,0,0,0,0,0,0,0,0,0,0,0,0,1
1,0,0,1,0,0,0,0,0,0,0,0,0,0,1,0,0,0,0,0,0,0,0,0,1,0,0,1,0,0,0,0,0,0,0,0,0,0,1,0,0,0,0,0,0,0,0,0,1,0,0,1,0,0,0,0,0,0,0,0,0,0,1,0,0,0,0,0,0,0,0,0,1,0,0,1,0,0,0,0,0,0,0,0,0,0,1,0,0,0,0,0,0,0,0,0,1,0,0,1,0,0,0,0,0,0,0,0,0,0,1,0,0,0,0,0,0,0,0,0,1,0,0,1,0,0,0,0,0,0,0,0,0,0,1,0,0,0,0,0,0,0,0,0,7822219/94388112,86565893/94388112,0,1,0,0,0,0,0,0,0,0,0,0,1,0,0,0,0,0,0,0,0,0,0,1,0,0,0,0,0,0,0,0,0,0,0,0,0,0,0,0,0,0,0,0,0,0,0,1,0,0,0,0,0,0,0,0,0,0,0,0,0,0,0,0,0,0,0,0,0,0,0,1,0,0,0,0,0,0,0,0,0,0,0,0,0,0,0,0,0,0,0,0,0,0
Elapsed milliseconds prior 12: 201274
Prior 13 of 49
... 100 steps (43774 ms) ...... 200 steps (180460 ms) ...Complete after 205 pivoting steps
Same as equilibrium 2
Elapsed milliseconds prior 13: 194091
Prior 14 of 49
... 100 steps (43512 ms) ...Complete after 197 pivoting steps
Equilibrium 10
Equilibrium behavior strategies player 1, 2:
0,1,0,0,0,0,0,0,0,0,0,0,0,0,0,0,0,0,0,0,0,0,0,0,0,1,0,0,0,0,0,0,0,0,0,0,0,0,0,0,0,0,0,0,0,0,0,0,1087719513327/1238445974752,150726461425/1238445974752,0,1,0,0,0,0,0,0,0,0,0,0,1,0,0,0,0,0,0,0,0,0,1,0,0,1,0,0,0,0,0,0,0,0,0,0,0,0,0,0,0,0,0,1,0,0,1,0,0,1,0,0,0,0,0,0,0,0,0,0,0,0,0,0,0,0,0,0,1,0,1,0,0,1,0,0,0,0,0,0,0,0,0,0,0,0,0,0,0,0,0,0,1,0,1,0,0,1,0,0,0,0,0,0,0,0,0,0,0,0,0,0,0,0,0,0,0,1,1,0,0,1,0,0,0,0,0,0,0,0,0,0,0,0,0,0,0,0,0,0,0,1,1,0,0,1,0,0,0,0,0,0,0,0,0,0,0,0,0,0,0,0,0,0,0,1,1,0,0,1,0,0,0,0,0,0,0,0,0,0,0,0,0,0,0,0,0,0,0,1
1,0,0,1,0,0,0,0,0,0,0,0,0,0,1,0,0,0,0,0,0,0,0,0,1,0,0,1,0,0,0,0,0,0,0,0,0,0,1,0,0,0,0,0,0,0,0,0,1,0,0,1,0,0,0,0,0,0,0,0,0,0,1,0,0,0,0,0,0,0,0,0,1,0,0,1,0,0,0,0,0,0,0,0,0,0,1,0,0,0,0,0,0,0,0,0,1,0,0,1,0,0,0,0,0,0,0,0,0,0,1,0,0,0,0,0,0,0,0,0,1,0,0,1,0,0,0,0,0,0,0,0,0,0,1,0,0,0,0,0,0,0,0,0,7822219/94388112,86565893/94388112,0,1,0,0,0,0,0,0,0,0,0,0,1,0,0,0,0,0,0,0,0,0,0,1,0,0,0,0,0,0,0,0,0,0,0,0,0,0,0,0,0,0,0,0,0,0,0,1,0,0,0,0,0,0,0,0,0,0,0,0,0,0,0,0,0,0,0,0,0,0,0,1,0,0,0,0,0,0,0,0,0,0,0,0,0,0,0,0,0,0,0,0,0,0
Elapsed milliseconds prior 14: 182566
Prior 15 of 49
... 100 steps (44814 ms) ...... 200 steps (202656 ms) ...Complete after 213 pivoting steps
Equilibrium 11
Equilibrium behavior strategies player 1, 2:
0,1,0,0,0,0,0,0,0,0,0,0,0,0,0,0,0,0,0,0,0,0,0,0,0,1,0,0,0,0,0,0,0,0,0,0,0,0,0,0,0,0,0,0,0,0,0,0,1087719513327/1238445974752,150726461425/1238445974752,0,1,0,0,0,0,0,0,0,0,0,0,1,0,0,0,0,0,0,0,0,0,1,0,0,1,0,0,0,0,0,0,0,0,0,0,0,0,0,0,0,0,0,1,0,0,1,0,0,1,0,0,0,0,0,0,0,0,0,0,0,0,0,0,0,0,0,1,0,0,1,0,0,1,0,0,0,0,0,0,0,0,0,0,0,0,0,0,0,0,0,0,1,0,1,0,0,1,0,0,0,0,0,0,0,0,0,0,0,0,0,0,0,0,0,0,0,1,1,0,0,1,0,0,0,0,0,0,0,0,0,0,0,0,0,0,0,0,0,0,0,1,1,0,0,1,0,0,0,0,0,0,0,0,0,0,0,0,0,0,0,0,0,0,0,1,1,0,0,1,0,0,0,0,0,0,0,0,0,0,0,0,0,0,0,0,0,0,0,1
1,0,0,1,0,0,0,0,0,0,0,0,0,0,1,0,0,0,0,0,0,0,0,0,1,0,0,1,0,0,0,0,0,0,0,0,0,0,1,0,0,0,0,0,0,0,0,0,1,0,0,1,0,0,0,0,0,0,0,0,0,0,1,0,0,0,0,0,0,0,0,0,1,0,0,1,0,0,0,0,0,0,0,0,0,0,1,0,0,0,0,0,0,0,0,0,1,0,0,1,0,0,0,0,0,0,0,0,0,0,1,0,0,0,0,0,0,0,0,0,1,0,0,1,0,0,0,0,0,0,0,0,0,0,1,0,0,0,0,0,0,0,0,0,7822219/94388112,86565893/94388112,0,1,0,0,0,0,0,0,0,0,0,0,1,0,0,0,0,0,0,0,0,0,0,1,0,0,0,0,0,0,0,0,0,0,0,0,0,0,0,0,0,0,0,0,0,0,0,1,0,0,0,0,0,0,0,0,0,0,0,0,0,0,0,0,0,0,0,0,0,0,0,1,0,0,0,0,0,0,0,0,0,0,0,0,0,0,0,0,0,0,0,0,0,0
Elapsed milliseconds prior 15: 236319
Prior 16 of 49
... 100 steps (44501 ms) ...... 200 steps (200674 ms) ...Complete after 225 pivoting steps
Same as equilibrium 2
Elapsed milliseconds prior 16: 261189
Prior 17 of 49
... 100 steps (43229 ms) ...Complete after 193 pivoting steps
Equilibrium 12
Equilibrium behavior strategies player 1, 2:
0,1,0,0,0,0,0,0,0,0,0,0,0,0,0,0,0,0,0,0,0,0,0,0,0,1,0,0,0,0,0,0,0,0,0,0,0,0,0,0,0,0,0,0,0,0,0,0,1087719513327/1238445974752,150726461425/1238445974752,0,1,0,0,0,0,0,0,0,0,0,0,1,0,0,0,0,0,0,0,0,0,1,0,0,1,0,0,0,0,0,0,0,0,0,0,0,0,0,0,0,0,0,1,0,0,1,0,0,1,0,0,0,0,0,0,0,0,0,0,0,0,0,0,0,0,0,0,1,0,1,0,0,1,0,0,0,0,0,0,0,0,0,0,0,0,0,0,0,0,0,0,1,0,1,0,0,1,0,0,0,0,0,0,0,0,0,0,0,0,0,0,0,0,0,0,1,0,1,0,0,1,0,0,0,0,0,0,0,0,0,0,0,0,0,0,0,0,0,0,0,1,1,0,0,1,0,0,0,0,0,0,0,0,0,0,0,0,0,0,0,0,0,0,0,1,1,0,0,1,0,0,0,0,0,0,0,0,0,0,0,0,0,0,0,0,0,0,0,1
1,0,0,1,0,0,0,0,0,0,0,0,0,0,1,0,0,0,0,0,0,0,0,0,1,0,0,1,0,0,0,0,0,0,0,0,0,0,1,0,0,0,0,0,0,0,0,0,1,0,0,1,0,0,0,0,0,0,0,0,0,0,1,0,0,0,0,0,0,0,0,0,1,0,0,1,0,0,0,0,0,0,0,0,0,0,1,0,0,0,0,0,0,0,0,0,1,0,0,1,0,0,0,0,0,0,0,0,0,0,1,0,0,0,0,0,0,0,0,0,1,0,0,1,0,0,0,0,0,0,0,0,0,0,1,0,0,0,0,0,0,0,0,0,7822219/94388112,86565893/94388112,0,1,0,0,0,0,0,0,0,0,0,0,1,0,0,0,0,0,0,0,0,0,0,1,0,0,0,0,0,0,0,0,0,0,0,0,0,0,0,0,0,0,0,0,0,0,0,1,0,0,0,0,0,0,0,0,0,0,0,0,0,0,0,0,0,0,0,0,0,0,0,1,0,0,0,0,0,0,0,0,0,0,0,0,0,0,0,0,0,0,0,0,0,0
Elapsed milliseconds prior 17: 167128
Prior 18 of 49
... 100 steps (42840 ms) ...... 200 steps (196204 ms) ...Complete after 245 pivoting steps
Equilibrium 13
Equilibrium behavior strategies player 1, 2:
0,1,0,0,0,0,0,0,0,0,0,0,0,0,0,0,0,0,0,0,0,0,0,0,0,1,0,0,0,0,0,0,0,0,0,0,0,0,0,0,0,0,0,0,0,0,0,0,1087719513327/1238445974752,150726461425/1238445974752,0,1,0,0,0,0,0,0,0,0,0,0,1,0,0,0,0,0,0,0,0,0,1,0,0,1,0,0,0,0,0,0,0,0,0,0,0,0,0,0,0,0,1,0,0,0,1,0,0,1,0,0,0,0,0,0,0,0,0,0,0,0,0,0,0,0,0,0,1,0,1,0,0,1,0,0,0,0,0,0,0,0,0,0,0,0,0,0,0,0,0,0,1,0,1,0,0,1,0,0,0,0,0,0,0,0,0,0,0,0,0,0,0,0,0,0,1,0,1,0,0,1,0,0,0,0,0,0,0,0,0,0,0,0,0,0,0,0,0,0,1,0,1,0,0,1,0,0,0,0,0,0,0,0,0,0,0,0,0,0,0,0,0,0,1569392203549981/3209031635360760,1639639431810779/3209031635360760,1,0,0,1,0,0,0,0,0,0,0,0,0,0,0,0,0,0,0,0,0,0,0,1
1,0,0,1,0,0,0,0,0,0,0,0,0,0,1,0,0,0,0,0,0,0,0,0,1,0,0,1,0,0,0,0,0,0,0,0,0,0,1,0,0,0,0,0,0,0,0,0,1,0,0,1,0,0,0,0,0,0,0,0,0,0,1,0,0,0,0,0,0,0,0,0,1,0,0,1,0,0,0,0,0,0,0,0,0,0,1,0,0,0,0,0,0,0,0,0,1,0,0,1,0,0,0,0,0,0,0,0,0,0,1,0,0,0,0,0,0,0,0,0,1,0,0,1,0,0,0,0,0,0,0,0,0,0,1,0,0,0,0,0,0,0,0,0,7822219/94388112,86565893/94388112,0,1,0,0,0,0,0,0,0,0,0,0,1,0,0,0,0,0,0,0,0,0,0,1,0,0,0,0,0,0,0,0,0,0,0,0,0,0,0,0,0,0,0,0,0,0,0,1,0,0,0,0,0,0,0,0,0,0,0,0,0,0,0,0,0,0,0,0,0,0,0,1,0,0,0,0,0,0,0,0,0,0,0,0,0,0,0,0,0,0,0,0,0,0
Elapsed milliseconds prior 18: 320711
Prior 19 of 49
... 100 steps (44533 ms) ...... 200 steps (184288 ms) ...Complete after 205 pivoting steps
Same as equilibrium 11
Elapsed milliseconds prior 19: 198977
Prior 20 of 49
... 100 steps (42605 ms) ...... 200 steps (193146 ms) ...Complete after 225 pivoting steps
Same as equilibrium 11
Elapsed milliseconds prior 20: 252856
Prior 21 of 49
... 100 steps (45830 ms) ...... 200 steps (216597 ms) ...Complete after 255 pivoting steps
Equilibrium 14
Equilibrium behavior strategies player 1, 2:
0,1,0,0,0,0,0,0,0,0,0,0,0,0,0,0,0,0,0,0,0,0,0,0,0,1,0,0,0,0,0,0,0,0,0,0,0,0,0,0,0,0,0,0,0,0,0,0,1087719513327/1238445974752,150726461425/1238445974752,0,1,0,0,0,0,0,0,0,0,0,0,1,0,0,0,0,0,0,0,0,0,1,0,0,1,0,0,0,0,0,0,0,0,0,0,0,0,0,0,0,0,0,1,0,0,1,0,0,1,0,0,0,0,0,0,0,0,0,0,0,0,0,0,0,0,0,1,0,0,1,0,0,1,0,0,0,0,0,0,0,0,0,0,0,0,0,0,0,0,0,0,1,0,1,0,0,1,0,0,0,0,0,0,0,0,0,0,0,0,0,0,0,0,0,0,1,0,1,0,0,1,0,0,0,0,0,0,0,0,0,0,0,0,0,0,0,0,0,0,1,0,1,0,0,1,0,0,0,0,0,0,0,0,0,0,0,0,0,0,0,0,0,0,0,1,1,0,0,1,0,0,0,0,0,0,0,0,0,0,0,0,0,0,0,0,0,0,0,1
1,0,0,1,0,0,0,0,0,0,0,0,0,0,1,0,0,0,0,0,0,0,0,0,1,0,0,1,0,0,0,0,0,0,0,0,0,0,1,0,0,0,0,0,0,0,0,0,1,0,0,1,0,0,0,0,0,0,0,0,0,0,1,0,0,0,0,0,0,0,0,0,1,0,0,1,0,0,0,0,0,0,0,0,0,0,1,0,0,0,0,0,0,0,0,0,1,0,0,1,0,0,0,0,0,0,0,0,0,0,1,0,0,0,0,0,0,0,0,0,1,0,0,1,0,0,0,0,0,0,0,0,0,0,1,0,0,0,0,0,0,0,0,0,7822219/94388112,86565893/94388112,0,1,0,0,0,0,0,0,0,0,0,0,1,0,0,0,0,0,0,0,0,0,0,1,0,0,0,0,0,0,0,0,0,0,0,0,0,0,0,0,0,0,0,0,0,0,0,1,0,0,0,0,0,0,0,0,0,0,0,0,0,0,0,0,0,0,0,0,0,0,0,1,0,0,0,0,0,0,0,0,0,0,0,0,0,0,0,0,0,0,0,0,0,0
Elapsed milliseconds prior 21: 365810
Prior 22 of 49
... 100 steps (44427 ms) ...... 200 steps (188669 ms) ...Complete after 209 pivoting steps
Equilibrium 15
Equilibrium behavior strategies player 1, 2:
0,1,0,0,0,0,0,0,0,0,0,0,0,0,0,0,0,0,0,0,0,0,0,0,0,1,0,0,0,0,0,0,0,0,0,0,0,0,0,0,0,0,0,0,0,0,0,0,1087719513327/1238445974752,150726461425/1238445974752,0,1,0,0,0,0,0,0,0,0,0,0,1,0,0,0,0,0,0,0,0,0,1,0,0,1,0,0,0,0,0,0,0,0,0,0,0,0,0,0,0,0,0,1,0,0,1,0,0,1,0,0,0,0,0,0,0,0,0,0,0,0,0,0,0,0,0,1,0,0,1,0,0,1,0,0,0,0,0,0,0,0,0,0,0,0,0,0,0,0,0,1,0,0,1,0,0,1,0,0,0,0,0,0,0,0,0,0,0,0,0,0,0,0,0,0,0,1,1,0,0,1,0,0,0,0,0,0,0,0,0,0,0,0,0,0,0,0,0,0,0,1,1,0,0,1,0,0,0,0,0,0,0,0,0,0,0,0,0,0,0,0,0,0,0,1,1,0,0,1,0,0,0,0,0,0,0,0,0,0,0,0,0,0,0,0,0,0,0,1
1,0,0,1,0,0,0,0,0,0,0,0,0,0,1,0,0,0,0,0,0,0,0,0,1,0,0,1,0,0,0,0,0,0,0,0,0,0,1,0,0,0,0,0,0,0,0,0,1,0,0,1,0,0,0,0,0,0,0,0,0,0,1,0,0,0,0,0,0,0,0,0,1,0,0,1,0,0,0,0,0,0,0,0,0,0,1,0,0,0,0,0,0,0,0,0,1,0,0,1,0,0,0,0,0,0,0,0,0,0,1,0,0,0,0,0,0,0,0,0,1,0,0,1,0,0,0,0,0,0,0,0,0,0,1,0,0,0,0,0,0,0,0,0,7822219/94388112,86565893/94388112,0,1,0,0,0,0,0,0,0,0,0,0,1,0,0,0,0,0,0,0,0,0,0,1,0,0,0,0,0,0,0,0,0,0,0,0,0,0,0,0,0,0,0,0,0,0,0,1,0,0,0,0,0,0,0,0,0,0,0,0,0,0,0,0,0,0,0,0,0,0,0,1,0,0,0,0,0,0,0,0,0,0,0,0,0,0,0,0,0,0,0,0,0,0
Elapsed milliseconds prior 22: 213384
Prior 23 of 49
... 100 steps (42800 ms) ...... 200 steps (186751 ms) ...Complete after 227 pivoting steps
Same as equilibrium 10
Elapsed milliseconds prior 23: 251411
Prior 24 of 49
... 100 steps (41778 ms) ...Complete after 197 pivoting steps
Same as equilibrium 11
Elapsed milliseconds prior 24: 176577
Prior 25 of 49
... 100 steps (43509 ms) ...... 200 steps (184595 ms) ...Complete after 211 pivoting steps
Same as equilibrium 2
Elapsed milliseconds prior 25: 213167
Prior 26 of 49
... 100 steps (42188 ms) ...... 200 steps (224023 ms) ...Complete after 245 pivoting steps
Same as equilibrium 6
Elapsed milliseconds prior 26: 353697
Prior 27 of 49
... 100 steps (43676 ms) ...... 200 steps (183055 ms) ...Complete after 211 pivoting steps
Same as equilibrium 9
Elapsed milliseconds prior 27: 211964
Prior 28 of 49
... 100 steps (45026 ms) ...... 200 steps (208264 ms) ...Complete after 225 pivoting steps
Same as equilibrium 13
Elapsed milliseconds prior 28: 277995
Prior 29 of 49
... 100 steps (43193 ms) ...... 200 steps (184914 ms) ...Complete after 205 pivoting steps
Equilibrium 16
Equilibrium behavior strategies player 1, 2:
0,1,0,0,0,0,0,0,0,0,0,0,0,0,0,0,0,0,0,0,0,0,0,0,0,1,0,0,0,0,0,0,0,0,0,0,0,0,0,0,0,0,0,0,0,0,0,0,1087719513327/1238445974752,150726461425/1238445974752,0,1,0,0,0,0,0,0,0,0,0,0,1,0,0,0,0,0,0,0,0,0,1,0,0,1,0,0,0,0,0,0,0,0,0,0,0,0,0,0,0,0,0,1,0,0,1,0,0,1,0,0,0,0,0,0,0,0,0,0,0,0,0,0,0,0,0,0,1,0,1,0,0,1,0,0,0,0,0,0,0,0,0,0,0,0,0,0,0,0,0,0,1,0,1,0,0,1,0,0,0,0,0,0,0,0,0,0,0,0,0,0,0,0,0,0,1,0,1,0,0,1,0,0,0,0,0,0,0,0,0,0,0,0,0,0,0,0,0,0,1,0,1,0,0,1,0,0,0,0,0,0,0,0,0,0,0,0,0,0,0,0,0,0,0,1,1,0,0,1,0,0,0,0,0,0,0,0,0,0,0,0,0,0,0,0,0,0,0,1
1,0,0,1,0,0,0,0,0,0,0,0,0,0,1,0,0,0,0,0,0,0,0,0,1,0,0,1,0,0,0,0,0,0,0,0,0,0,1,0,0,0,0,0,0,0,0,0,1,0,0,1,0,0,0,0,0,0,0,0,0,0,1,0,0,0,0,0,0,0,0,0,1,0,0,1,0,0,0,0,0,0,0,0,0,0,1,0,0,0,0,0,0,0,0,0,1,0,0,1,0,0,0,0,0,0,0,0,0,0,1,0,0,0,0,0,0,0,0,0,1,0,0,1,0,0,0,0,0,0,0,0,0,0,1,0,0,0,0,0,0,0,0,0,7822219/94388112,86565893/94388112,0,1,0,0,0,0,0,0,0,0,0,0,1,0,0,0,0,0,0,0,0,0,0,1,0,0,0,0,0,0,0,0,0,0,0,0,0,0,0,0,0,0,0,0,0,0,0,1,0,0,0,0,0,0,0,0,0,0,0,0,0,0,0,0,0,0,0,0,0,0,0,1,0,0,0,0,0,0,0,0,0,0,0,0,0,0,0,0,0,0,0,0,0,0
Elapsed milliseconds prior 29: 198678
Prior 30 of 49
... 100 steps (41536 ms) ...... 200 steps (183612 ms) ...Complete after 211 pivoting steps
Same as equilibrium 1
Elapsed milliseconds prior 30: 211535
Prior 31 of 49
... 100 steps (43218 ms) ...... 200 steps (188042 ms) ...Complete after 211 pivoting steps
Same as equilibrium 1
Elapsed milliseconds prior 31: 214904
Prior 32 of 49
... 100 steps (43154 ms) ...... 200 steps (182395 ms) ...Complete after 205 pivoting steps
Same as equilibrium 11
Elapsed milliseconds prior 32: 196128
Prior 33 of 49
... 100 steps (42476 ms) ...Complete after 199 pivoting steps
Same as equilibrium 9
Elapsed milliseconds prior 33: 177808
Prior 34 of 49
... 100 steps (43067 ms) ...... 200 steps (192839 ms) ...Complete after 227 pivoting steps
Same as equilibrium 10
Elapsed milliseconds prior 34: 256157
Prior 35 of 49
... 100 steps (45721 ms) ...... 200 steps (194983 ms) ...Complete after 221 pivoting steps
Equilibrium 17
Equilibrium behavior strategies player 1, 2:
0,1,0,0,0,0,0,0,0,0,0,0,0,0,0,0,0,0,0,0,0,0,0,0,0,1,0,0,0,0,0,0,0,0,0,0,0,0,0,0,0,0,0,0,0,0,0,0,1087719513327/1238445974752,150726461425/1238445974752,0,1,0,0,0,0,0,0,0,0,0,0,1,0,0,0,0,0,0,0,0,0,1,0,0,1,0,0,0,0,0,0,0,0,0,0,0,0,0,0,0,0,1,0,0,0,1,0,0,1,0,0,0,0,0,0,0,0,0,0,0,0,0,0,0,0,0,1,0,0,1,0,0,1,0,0,0,0,0,0,0,0,0,0,0,0,0,0,0,0,0,0,1,0,1,0,0,1,0,0,0,0,0,0,0,0,0,0,0,0,0,0,0,0,0,0,0,1,1,0,0,1,0,0,0,0,0,0,0,0,0,0,0,0,0,0,0,0,0,0,0,1,1,0,0,1,0,0,0,0,0,0,0,0,0,0,0,0,0,0,0,0,0,0,0,1,1,0,0,1,0,0,0,0,0,0,0,0,0,0,0,0,0,0,0,0,0,0,0,1
1,0,0,1,0,0,0,0,0,0,0,0,0,0,1,0,0,0,0,0,0,0,0,0,1,0,0,1,0,0,0,0,0,0,0,0,0,0,1,0,0,0,0,0,0,0,0,0,1,0,0,1,0,0,0,0,0,0,0,0,0,0,1,0,0,0,0,0,0,0,0,0,1,0,0,1,0,0,0,0,0,0,0,0,0,0,1,0,0,0,0,0,0,0,0,0,1,0,0,1,0,0,0,0,0,0,0,0,0,0,1,0,0,0,0,0,0,0,0,0,1,0,0,1,0,0,0,0,0,0,0,0,0,0,1,0,0,0,0,0,0,0,0,0,7822219/94388112,86565893/94388112,0,1,0,0,0,0,0,0,0,0,0,0,1,0,0,0,0,0,0,0,0,0,0,1,0,0,0,0,0,0,0,0,0,0,0,0,0,0,0,0,0,0,0,0,0,0,0,1,0,0,0,0,0,0,0,0,0,0,0,0,0,0,0,0,0,0,0,0,0,0,0,1,0,0,0,0,0,0,0,0,0,0,0,0,0,0,0,0,0,0,0,0,0,0
Elapsed milliseconds prior 35: 246244
Prior 36 of 49
... 100 steps (42240 ms) ...... 200 steps (185946 ms) ...Complete after 213 pivoting steps
Same as equilibrium 14
Elapsed milliseconds prior 36: 219271
Prior 37 of 49
... 100 steps (42418 ms) ...... 200 steps (214112 ms) ...Complete after 251 pivoting steps
Equilibrium 18
Equilibrium behavior strategies player 1, 2:
0,1,0,0,0,0,0,0,0,0,0,0,0,0,0,0,0,0,0,0,0,0,0,0,0,1,0,0,0,0,0,0,0,0,0,0,0,0,0,0,0,0,0,0,0,0,0,0,1087719513327/1238445974752,150726461425/1238445974752,0,1,0,0,0,0,0,0,0,0,0,0,1,0,0,0,0,0,0,0,0,0,1,0,0,1,0,0,0,0,0,0,0,0,0,0,0,0,0,0,0,0,0,1,0,0,1,0,0,1,0,0,0,0,0,0,0,0,0,0,0,0,0,0,0,0,0,1,0,0,1,0,0,1,0,0,0,0,0,0,0,0,0,0,0,0,0,0,0,0,0,1,0,0,1,0,0,1,0,0,0,0,0,0,0,0,0,0,0,0,0,0,0,0,0,0,1,0,1,0,0,1,0,0,0,0,0,0,0,0,0,0,0,0,0,0,0,0,0,0,0,1,1,0,0,1,0,0,0,0,0,0,0,0,0,0,0,0,0,0,0,0,0,0,0,1,1,0,0,1,0,0,0,0,0,0,0,0,0,0,0,0,0,0,0,0,0,0,0,1
1,0,0,1,0,0,0,0,0,0,0,0,0,0,1,0,0,0,0,0,0,0,0,0,1,0,0,1,0,0,0,0,0,0,0,0,0,0,1,0,0,0,0,0,0,0,0,0,1,0,0,1,0,0,0,0,0,0,0,0,0,0,1,0,0,0,0,0,0,0,0,0,1,0,0,1,0,0,0,0,0,0,0,0,0,0,1,0,0,0,0,0,0,0,0,0,1,0,0,1,0,0,0,0,0,0,0,0,0,0,1,0,0,0,0,0,0,0,0,0,1,0,0,1,0,0,0,0,0,0,0,0,0,0,1,0,0,0,0,0,0,0,0,0,7822219/94388112,86565893/94388112,0,1,0,0,0,0,0,0,0,0,0,0,1,0,0,0,0,0,0,0,0,0,0,1,0,0,0,0,0,0,0,0,0,0,0,0,0,0,0,0,0,0,0,0,0,0,0,1,0,0,0,0,0,0,0,0,0,0,0,0,0,0,0,0,0,0,0,0,0,0,0,1,0,0,0,0,0,0,0,0,0,0,0,0,0,0,0,0,0,0,0,0,0,0
Elapsed milliseconds prior 37: 353520
Prior 38 of 49
... 100 steps (43828 ms) ...... 200 steps (205165 ms) ...Complete after 227 pivoting steps
Equilibrium 19
Equilibrium behavior strategies player 1, 2:
0,1,0,0,0,0,0,0,0,0,0,0,0,0,0,0,0,0,0,0,0,0,0,0,0,1,0,0,0,0,0,0,0,0,0,0,0,0,0,0,0,0,0,0,0,0,0,0,1087719513327/1238445974752,150726461425/1238445974752,0,1,0,0,0,0,0,0,0,0,0,0,1,0,0,0,0,0,0,0,0,0,1,0,0,1,0,0,0,0,0,0,0,0,0,0,0,0,0,0,0,0,0,1,0,0,1,0,0,1,0,0,0,0,0,0,0,0,0,0,0,0,0,0,0,0,0,1,0,0,1,0,0,1,0,0,0,0,0,0,0,0,0,0,0,0,0,0,0,0,0,1,0,0,1,0,0,1,0,0,0,0,0,0,0,0,0,0,0,0,0,0,0,0,0,0,1,0,1,0,0,1,0,0,0,0,0,0,0,0,0,0,0,0,0,0,0,0,0,0,1,0,1,0,0,1,0,0,0,0,0,0,0,0,0,0,0,0,0,0,0,0,0,0,0,1,1,0,0,1,0,0,0,0,0,0,0,0,0,0,0,0,0,0,0,0,0,0,0,1
1,0,0,1,0,0,0,0,0,0,0,0,0,0,1,0,0,0,0,0,0,0,0,0,1,0,0,1,0,0,0,0,0,0,0,0,0,0,1,0,0,0,0,0,0,0,0,0,1,0,0,1,0,0,0,0,0,0,0,0,0,0,1,0,0,0,0,0,0,0,0,0,1,0,0,1,0,0,0,0,0,0,0,0,0,0,1,0,0,0,0,0,0,0,0,0,1,0,0,1,0,0,0,0,0,0,0,0,0,0,1,0,0,0,0,0,0,0,0,0,1,0,0,1,0,0,0,0,0,0,0,0,0,0,1,0,0,0,0,0,0,0,0,0,7822219/94388112,86565893/94388112,0,1,0,0,0,0,0,0,0,0,0,0,1,0,0,0,0,0,0,0,0,0,0,1,0,0,0,0,0,0,0,0,0,0,0,0,0,0,0,0,0,0,0,0,0,0,0,1,0,0,0,0,0,0,0,0,0,0,0,0,0,0,0,0,0,0,0,0,0,0,0,1,0,0,0,0,0,0,0,0,0,0,0,0,0,0,0,0,0,0,0,0,0,0
Elapsed milliseconds prior 38: 274992
Prior 39 of 49
... 100 steps (44254 ms) ...... 200 steps (189382 ms) ...Complete after 219 pivoting steps
Same as equilibrium 1
Elapsed milliseconds prior 39: 235219
Prior 40 of 49
... 100 steps (42048 ms) ...... 200 steps (202919 ms) ...Complete after 231 pivoting steps
Equilibrium 20
Equilibrium behavior strategies player 1, 2:
0,1,0,0,0,0,0,0,0,0,0,0,0,0,0,0,0,0,0,0,0,0,0,0,0,1,0,0,0,0,0,0,0,0,0,0,0,0,0,0,0,0,0,0,0,0,0,0,1087719513327/1238445974752,150726461425/1238445974752,0,1,0,0,0,0,0,0,0,0,0,0,1,0,0,0,0,0,0,0,0,0,1,0,0,1,0,0,0,0,0,0,0,0,0,0,0,0,0,0,0,0,1,0,0,0,1,0,0,1,0,0,0,0,0,0,0,0,0,0,0,0,0,0,0,0,0,0,1,0,1,0,0,1,0,0,0,0,0,0,0,0,0,0,0,0,0,0,0,0,0,0,1,0,1,0,0,1,0,0,0,0,0,0,0,0,0,0,0,0,0,0,0,0,0,0,1,0,1,0,0,1,0,0,0,0,0,0,0,0,0,0,0,0,0,0,0,0,0,0,1,0,1,0,0,1,0,0,0,0,0,0,0,0,0,0,0,0,0,0,0,0,0,0,0,1,1,0,0,1,0,0,0,0,0,0,0,0,0,0,0,0,0,0,0,0,0,0,0,1
1,0,0,1,0,0,0,0,0,0,0,0,0,0,1,0,0,0,0,0,0,0,0,0,1,0,0,1,0,0,0,0,0,0,0,0,0,0,1,0,0,0,0,0,0,0,0,0,1,0,0,1,0,0,0,0,0,0,0,0,0,0,1,0,0,0,0,0,0,0,0,0,1,0,0,1,0,0,0,0,0,0,0,0,0,0,1,0,0,0,0,0,0,0,0,0,1,0,0,1,0,0,0,0,0,0,0,0,0,0,1,0,0,0,0,0,0,0,0,0,1,0,0,1,0,0,0,0,0,0,0,0,0,0,1,0,0,0,0,0,0,0,0,0,7822219/94388112,86565893/94388112,0,1,0,0,0,0,0,0,0,0,0,0,1,0,0,0,0,0,0,0,0,0,0,1,0,0,0,0,0,0,0,0,0,0,0,0,0,0,0,0,0,0,0,0,0,0,0,1,0,0,0,0,0,0,0,0,0,0,0,0,0,0,0,0,0,0,0,0,0,0,0,1,0,0,0,0,0,0,0,0,0,0,0,0,0,0,0,0,0,0,0,0,0,0
Elapsed milliseconds prior 40: 278163
Prior 41 of 49
... 100 steps (45654 ms) ...... 200 steps (192001 ms) ...Complete after 207 pivoting steps
Same as equilibrium 12
Elapsed milliseconds prior 41: 211072
Prior 42 of 49
... 100 steps (42018 ms) ...... 200 steps (183668 ms) ...Complete after 207 pivoting steps
Same as equilibrium 18
Elapsed milliseconds prior 42: 202454
Prior 43 of 49
... 100 steps (43177 ms) ...... 200 steps (195578 ms) ...Complete after 219 pivoting steps
Same as equilibrium 11
Elapsed milliseconds prior 43: 237850
Prior 44 of 49
... 100 steps (45828 ms) ...... 200 steps (184309 ms) ...Complete after 201 pivoting steps
Same as equilibrium 12
Elapsed milliseconds prior 44: 189030
Prior 45 of 49
... 100 steps (43127 ms) ...... 200 steps (185661 ms) ...Complete after 205 pivoting steps
Same as equilibrium 10
Elapsed milliseconds prior 45: 199866
Prior 46 of 49
... 100 steps (43634 ms) ...... 200 steps (187790 ms) ...Complete after 201 pivoting steps
Same as equilibrium 11
Elapsed milliseconds prior 46: 192702
Prior 47 of 49
... 100 steps (43752 ms) ...... 200 steps (184401 ms) ...Complete after 201 pivoting steps
Same as equilibrium 10
Elapsed milliseconds prior 47: 189214
Prior 48 of 49
... 100 steps (42206 ms) ...... 200 steps (179135 ms) ...Complete after 205 pivoting steps
Same as equilibrium 10
Elapsed milliseconds prior 48: 194632
Prior 49 of 49
... 100 steps (44419 ms) ...... 200 steps (185343 ms) ...Complete after 215 pivoting steps
Equilibrium 21
Equilibrium behavior strategies player 1, 2:
0,1,0,0,0,0,0,0,0,0,0,0,0,0,0,0,0,0,0,0,0,0,0,0,0,1,0,0,0,0,0,0,0,0,0,0,0,0,0,0,0,0,0,0,0,0,0,0,1087719513327/1238445974752,150726461425/1238445974752,0,1,0,0,0,0,0,0,0,0,0,0,1,0,0,0,0,0,0,0,0,0,1,0,0,1,0,0,0,0,0,0,0,0,0,0,0,0,0,0,0,0,0,1,0,0,1,0,0,1,0,0,0,0,0,0,0,0,0,0,0,0,0,0,0,0,0,0,1,0,1,0,0,1,0,0,0,0,0,0,0,0,0,0,0,0,0,0,0,0,0,0,0,1,1,0,0,1,0,0,0,0,0,0,0,0,0,0,0,0,0,0,0,0,0,0,0,1,1,0,0,1,0,0,0,0,0,0,0,0,0,0,0,0,0,0,0,0,0,0,0,1,1,0,0,1,0,0,0,0,0,0,0,0,0,0,0,0,0,0,0,0,0,0,0,1,1,0,0,1,0,0,0,0,0,0,0,0,0,0,0,0,0,0,0,0,0,0,0,1
1,0,0,1,0,0,0,0,0,0,0,0,0,0,1,0,0,0,0,0,0,0,0,0,1,0,0,1,0,0,0,0,0,0,0,0,0,0,1,0,0,0,0,0,0,0,0,0,1,0,0,1,0,0,0,0,0,0,0,0,0,0,1,0,0,0,0,0,0,0,0,0,1,0,0,1,0,0,0,0,0,0,0,0,0,0,1,0,0,0,0,0,0,0,0,0,1,0,0,1,0,0,0,0,0,0,0,0,0,0,1,0,0,0,0,0,0,0,0,0,1,0,0,1,0,0,0,0,0,0,0,0,0,0,1,0,0,0,0,0,0,0,0,0,7822219/94388112,86565893/94388112,0,1,0,0,0,0,0,0,0,0,0,0,1,0,0,0,0,0,0,0,0,0,0,1,0,0,0,0,0,0,0,0,0,0,0,0,0,0,0,0,0,0,0,0,0,0,0,1,0,0,0,0,0,0,0,0,0,0,0,0,0,0,0,0,0,0,0,0,0,0,0,1,0,0,0,0,0,0,0,0,0,0,0,0,0,0,0,0,0,0,0,0,0,0
Elapsed milliseconds prior 49: 226383
Changed to original form:
0,1,0,0,0,0,0,0,0,0,0,0,0,0,0,0,0,0,0,0,0,0,0,0,0,1,0,0,0,0,0,0,0,0,0,0,0,0,0,0,0,0,0,0,0,0,0,0,1087719513327/1238445974752,150726461425/1238445974752,0,1,0,0,0,0,0,0,0,0,0,0,1,0,0,0,0,0,0,0,0,0,1,0,0,1,0,0,0,0,0,0,0,0,0,0,0,0,0,0,0,0,0,1,0,0,1,0,0,1,0,0,0,0,0,0,0,0,0,0,0,0,0,0,0,0,0,1,0,0,1,0,0,1,0,0,0,0,0,0,0,0,0,0,0,0,0,0,0,0,0,0,1,0,1,0,0,1,0,0,0,0,0,0,0,0,0,0,0,0,0,0,0,0,0,0,1,0,1,0,0,1,0,0,0,0,0,0,0,0,0,0,0,0,0,0,0,0,0,0,0,1,1,0,0,1,0,0,0,0,0,0,0,0,0,0,0,0,0,0,0,0,0,0,0,1,1,0,0,1,0,0,0,0,0,0,0,0,0,0,0,0,0,0,0,0,0,0,0,1,1,0,0,1,0,0,0,0,0,0,0,0,0,0,1,0,0,0,0,0,0,0,0,0,1,0,0,1,0,0,0,0,0,0,0,0,0,0,1,0,0,0,0,0,0,0,0,0,1,0,0,1,0,0,0,0,0,0,0,0,0,0,1,0,0,0,0,0,0,0,0,0,1,0,0,1,0,0,0,0,0,0,0,0,0,0,1,0,0,0,0,0,0,0,0,0,1,0,0,1,0,0,0,0,0,0,0,0,0,0,1,0,0,0,0,0,0,0,0,0,1,0,0,1,0,0,0,0,0,0,0,0,0,0,1,0,0,0,0,0,0,0,0,0,7822219/94388112,86565893/94388112,0,1,0,0,0,0,0,0,0,0,0,0,1,0,0,0,0,0,0,0,0,0,0,1,0,0,0,0,0,0,0,0,0,0,0,0,0,0,0,0,0,0,0,0,0,0,0,1,0,0,0,0,0,0,0,0,0,0,0,0,0,0,0,0,0,0,0,0,0,0,0,1,0,0,0,0,0,0,0,0,0,0,0,0,0,0,0,0,0,0,0,0,0,0
Changed to original form:
0,1,0,0,0,0,0,0,0,0,0,0,0,0,0,0,0,0,0,0,0,0,0,0,0,1,0,0,0,0,0,0,0,0,0,0,0,0,0,0,0,0,0,0,0,0,0,0,1087719513327/1238445974752,150726461425/1238445974752,0,1,0,0,0,0,0,0,0,0,0,0,1,0,0,0,0,0,0,0,0,0,1,0,0,1,0,0,0,0,0,0,0,0,0,0,0,0,0,0,0,0,0,0,1,0,1,0,0,1,0,0,0,0,0,0,0,0,0,0,0,0,0,0,0,0,0,0,1,0,1,0,0,1,0,0,0,0,0,0,0,0,0,0,0,0,0,0,0,0,0,0,1,0,1,0,0,1,0,0,0,0,0,0,0,0,0,0,0,0,0,0,0,0,0,0,1,0,1,0,0,1,0,0,0,0,0,0,0,0,0,0,0,0,0,0,0,0,0,0,0,1,1,0,0,1,0,0,0,0,0,0,0,0,0,0,0,0,0,0,0,0,0,0,0,1,1,0,0,1,0,0,0,0,0,0,0,0,0,0,0,0,0,0,0,0,0,0,0,1,1,0,0,1,0,0,0,0,0,0,0,0,0,0,1,0,0,0,0,0,0,0,0,0,1,0,0,1,0,0,0,0,0,0,0,0,0,0,1,0,0,0,0,0,0,0,0,0,1,0,0,1,0,0,0,0,0,0,0,0,0,0,1,0,0,0,0,0,0,0,0,0,1,0,0,1,0,0,0,0,0,0,0,0,0,0,1,0,0,0,0,0,0,0,0,0,1,0,0,1,0,0,0,0,0,0,0,0,0,0,1,0,0,0,0,0,0,0,0,0,1,0,0,1,0,0,0,0,0,0,0,0,0,0,1,0,0,0,0,0,0,0,0,0,7822219/94388112,86565893/94388112,0,1,0,0,0,0,0,0,0,0,0,0,1,0,0,0,0,0,0,0,0,0,0,1,0,0,0,0,0,0,0,0,0,0,0,0,0,0,0,0,0,0,0,0,0,0,0,1,0,0,0,0,0,0,0,0,0,0,0,0,0,0,0,0,0,0,0,0,0,0,0,1,0,0,0,0,0,0,0,0,0,0,0,0,0,0,0,0,0,0,0,0,0,0
Changed to original form:
0,1,0,0,0,0,0,0,0,0,0,0,0,0,0,0,0,0,0,0,0,0,0,0,0,1,0,0,0,0,0,0,0,0,0,0,0,0,0,0,0,0,0,0,0,0,0,0,1087719513327/1238445974752,150726461425/1238445974752,0,1,0,0,0,0,0,0,0,0,0,0,1,0,0,0,0,0,0,0,0,0,1,0,0,1,0,0,0,0,0,0,0,0,0,0,0,0,0,0,0,0,0,1,0,0,1,0,0,1,0,0,0,0,0,0,0,0,0,0,0,0,0,0,0,0,0,1,0,0,1,0,0,1,0,0,0,0,0,0,0,0,0,0,0,0,0,0,0,0,0,0,1,0,1,0,0,1,0,0,0,0,0,0,0,0,0,0,0,0,0,0,0,0,0,0,1,0,1,0,0,1,0,0,0,0,0,0,0,0,0,0,0,0,0,0,0,0,0,0,1,0,1,0,0,1,0,0,0,0,0,0,0,0,0,0,0,0,0,0,0,0,0,0,4009217140697743/9627094906082280,5617877765384537/9627094906082280,1,0,0,1,0,0,0,0,0,0,0,0,0,0,0,0,0,0,0,0,0,0,0,1,1,0,0,1,0,0,0,0,0,0,0,0,0,0,1,0,0,0,0,0,0,0,0,0,1,0,0,1,0,0,0,0,0,0,0,0,0,0,1,0,0,0,0,0,0,0,0,0,1,0,0,1,0,0,0,0,0,0,0,0,0,0,1,0,0,0,0,0,0,0,0,0,1,0,0,1,0,0,0,0,0,0,0,0,0,0,1,0,0,0,0,0,0,0,0,0,1,0,0,1,0,0,0,0,0,0,0,0,0,0,1,0,0,0,0,0,0,0,0,0,1,0,0,1,0,0,0,0,0,0,0,0,0,0,1,0,0,0,0,0,0,0,0,0,7822219/94388112,86565893/94388112,0,1,0,0,0,0,0,0,0,0,0,0,1,0,0,0,0,0,0,0,0,0,0,1,0,0,0,0,0,0,0,0,0,0,0,0,0,0,0,0,0,0,0,0,0,0,0,1,0,0,0,0,0,0,0,0,0,0,0,0,0,0,0,0,0,0,0,0,0,0,0,1,0,0,0,0,0,0,0,0,0,0,0,0,0,0,0,0,0,0,0,0,0,0
Changed to original form:
0,1,0,0,0,0,0,0,0,0,0,0,0,0,0,0,0,0,0,0,0,0,0,0,0,1,0,0,0,0,0,0,0,0,0,0,0,0,0,0,0,0,0,0,0,0,0,0,1087719513327/1238445974752,150726461425/1238445974752,0,1,0,0,0,0,0,0,0,0,0,0,1,0,0,0,0,0,0,0,0,0,1,0,0,1,0,0,0,0,0,0,0,0,0,0,0,0,0,0,0,0,0,0,1,0,1,0,0,1,0,0,0,0,0,0,0,0,0,0,0,0,0,0,0,0,0,0,1,0,1,0,0,1,0,0,0,0,0,0,0,0,0,0,0,0,0,0,0,0,0,0,1,0,1,0,0,1,0,0,0,0,0,0,0,0,0,0,0,0,0,0,0,0,0,0,1,0,1,0,0,1,0,0,0,0,0,0,0,0,0,0,0,0,0,0,0,0,0,0,1,0,1,0,0,1,0,0,0,0,0,0,0,0,0,0,0,0,0,0,0,0,0,0,0,1,1,0,0,1,0,0,0,0,0,0,0,0,0,0,0,0,0,0,0,0,0,0,0,1,1,0,0,1,0,0,0,0,0,0,0,0,0,0,1,0,0,0,0,0,0,0,0,0,1,0,0,1,0,0,0,0,0,0,0,0,0,0,1,0,0,0,0,0,0,0,0,0,1,0,0,1,0,0,0,0,0,0,0,0,0,0,1,0,0,0,0,0,0,0,0,0,1,0,0,1,0,0,0,0,0,0,0,0,0,0,1,0,0,0,0,0,0,0,0,0,1,0,0,1,0,0,0,0,0,0,0,0,0,0,1,0,0,0,0,0,0,0,0,0,1,0,0,1,0,0,0,0,0,0,0,0,0,0,1,0,0,0,0,0,0,0,0,0,7822219/94388112,86565893/94388112,0,1,0,0,0,0,0,0,0,0,0,0,1,0,0,0,0,0,0,0,0,0,0,1,0,0,0,0,0,0,0,0,0,0,0,0,0,0,0,0,0,0,0,0,0,0,0,1,0,0,0,0,0,0,0,0,0,0,0,0,0,0,0,0,0,0,0,0,0,0,0,1,0,0,0,0,0,0,0,0,0,0,0,0,0,0,0,0,0,0,0,0,0,0
Changed to original form:
0,1,0,0,0,0,0,0,0,0,0,0,0,0,0,0,0,0,0,0,0,0,0,0,0,1,0,0,0,0,0,0,0,0,0,0,0,0,0,0,0,0,0,0,0,0,0,0,1087719513327/1238445974752,150726461425/1238445974752,0,1,0,0,0,0,0,0,0,0,0,0,1,0,0,0,0,0,0,0,0,0,1,0,0,1,0,0,0,0,0,0,0,0,0,0,0,0,0,0,0,0,0,1,0,0,1,0,0,1,0,0,0,0,0,0,0,0,0,0,0,0,0,0,0,0,0,1,0,0,1,0,0,1,0,0,0,0,0,0,0,0,0,0,0,0,0,0,0,0,0,0,0,1,1,0,0,1,0,0,0,0,0,0,0,0,0,0,0,0,0,0,0,0,0,0,0,1,1,0,0,1,0,0,0,0,0,0,0,0,0,0,0,0,0,0,0,0,0,0,0,1,1,0,0,1,0,0,0,0,0,0,0,0,0,0,0,0,0,0,0,0,0,0,0,1,1,0,0,1,0,0,0,0,0,0,0,0,0,0,0,0,0,0,0,0,0,0,0,1,1,0,0,1,0,0,0,0,0,0,0,0,0,0,1,0,0,0,0,0,0,0,0,0,1,0,0,1,0,0,0,0,0,0,0,0,0,0,1,0,0,0,0,0,0,0,0,0,1,0,0,1,0,0,0,0,0,0,0,0,0,0,1,0,0,0,0,0,0,0,0,0,1,0,0,1,0,0,0,0,0,0,0,0,0,0,1,0,0,0,0,0,0,0,0,0,1,0,0,1,0,0,0,0,0,0,0,0,0,0,1,0,0,0,0,0,0,0,0,0,1,0,0,1,0,0,0,0,0,0,0,0,0,0,1,0,0,0,0,0,0,0,0,0,7822219/94388112,86565893/94388112,0,1,0,0,0,0,0,0,0,0,0,0,1,0,0,0,0,0,0,0,0,0,0,1,0,0,0,0,0,0,0,0,0,0,0,0,0,0,0,0,0,0,0,0,0,0,0,1,0,0,0,0,0,0,0,0,0,0,0,0,0,0,0,0,0,0,0,0,0,0,0,1,0,0,0,0,0,0,0,0,0,0,0,0,0,0,0,0,0,0,0,0,0,0
Changed to original form:
0,1,0,0,0,0,0,0,0,0,0,0,0,0,0,0,0,0,0,0,0,0,0,0,0,1,0,0,0,0,0,0,0,0,0,0,0,0,0,0,0,0,0,0,0,0,0,0,1087719513327/1238445974752,150726461425/1238445974752,0,1,0,0,0,0,0,0,0,0,0,0,1,0,0,0,0,0,0,0,0,0,1,0,0,1,0,0,0,0,0,0,0,0,0,0,0,0,0,0,0,0,1,0,0,0,1,0,0,1,0,0,0,0,0,0,0,0,0,0,0,0,0,0,0,0,0,1,0,0,1,0,0,1,0,0,0,0,0,0,0,0,0,0,0,0,0,0,0,0,0,0,1,0,1,0,0,1,0,0,0,0,0,0,0,0,0,0,0,0,0,0,0,0,0,0,1,0,1,0,0,1,0,0,0,0,0,0,0,0,0,0,0,0,0,0,0,0,0,0,0,1,1,0,0,1,0,0,0,0,0,0,0,0,0,0,0,0,0,0,0,0,0,0,0,1,1,0,0,1,0,0,0,0,0,0,0,0,0,0,0,0,0,0,0,0,0,0,0,1,1,0,0,1,0,0,0,0,0,0,0,0,0,0,1,0,0,0,0,0,0,0,0,0,1,0,0,1,0,0,0,0,0,0,0,0,0,0,1,0,0,0,0,0,0,0,0,0,1,0,0,1,0,0,0,0,0,0,0,0,0,0,1,0,0,0,0,0,0,0,0,0,1,0,0,1,0,0,0,0,0,0,0,0,0,0,1,0,0,0,0,0,0,0,0,0,1,0,0,1,0,0,0,0,0,0,0,0,0,0,1,0,0,0,0,0,0,0,0,0,1,0,0,1,0,0,0,0,0,0,0,0,0,0,1,0,0,0,0,0,0,0,0,0,7822219/94388112,86565893/94388112,0,1,0,0,0,0,0,0,0,0,0,0,1,0,0,0,0,0,0,0,0,0,0,1,0,0,0,0,0,0,0,0,0,0,0,0,0,0,0,0,0,0,0,0,0,0,0,1,0,0,0,0,0,0,0,0,0,0,0,0,0,0,0,0,0,0,0,0,0,0,0,1,0,0,0,0,0,0,0,0,0,0,0,0,0,0,0,0,0,0,0,0,0,0
Changed to original form:
0,1,0,0,0,0,0,0,0,0,0,0,0,0,0,0,0,0,0,0,0,0,0,0,0,1,0,0,0,0,0,0,0,0,0,0,0,0,0,0,0,0,0,0,0,0,0,0,1087719513327/1238445974752,150726461425/1238445974752,0,1,0,0,0,0,0,0,0,0,0,0,1,0,0,0,0,0,0,0,0,0,1,0,0,1,0,0,0,0,0,0,0,0,0,0,0,0,0,0,0,0,0,0,1,0,1,0,0,1,0,0,0,0,0,0,0,0,0,0,0,0,0,0,0,0,0,0,1,0,1,0,0,1,0,0,0,0,0,0,0,0,0,0,0,0,0,0,0,0,0,0,0,1,1,0,0,1,0,0,0,0,0,0,0,0,0,0,0,0,0,0,0,0,0,0,0,1,1,0,0,1,0,0,0,0,0,0,0,0,0,0,0,0,0,0,0,0,0,0,0,1,1,0,0,1,0,0,0,0,0,0,0,0,0,0,0,0,0,0,0,0,0,0,0,1,1,0,0,1,0,0,0,0,0,0,0,0,0,0,0,0,0,0,0,0,0,0,0,1,1,0,0,1,0,0,0,0,0,0,0,0,0,0,1,0,0,0,0,0,0,0,0,0,1,0,0,1,0,0,0,0,0,0,0,0,0,0,1,0,0,0,0,0,0,0,0,0,1,0,0,1,0,0,0,0,0,0,0,0,0,0,1,0,0,0,0,0,0,0,0,0,1,0,0,1,0,0,0,0,0,0,0,0,0,0,1,0,0,0,0,0,0,0,0,0,1,0,0,1,0,0,0,0,0,0,0,0,0,0,1,0,0,0,0,0,0,0,0,0,1,0,0,1,0,0,0,0,0,0,0,0,0,0,1,0,0,0,0,0,0,0,0,0,7822219/94388112,86565893/94388112,0,1,0,0,0,0,0,0,0,0,0,0,1,0,0,0,0,0,0,0,0,0,0,1,0,0,0,0,0,0,0,0,0,0,0,0,0,0,0,0,0,0,0,0,0,0,0,1,0,0,0,0,0,0,0,0,0,0,0,0,0,0,0,0,0,0,0,0,0,0,0,1,0,0,0,0,0,0,0,0,0,0,0,0,0,0,0,0,0,0,0,0,0,0
Changed to original form:
0,1,0,0,0,0,0,0,0,0,0,0,0,0,0,0,0,0,0,0,0,0,0,0,0,1,0,0,0,0,0,0,0,0,0,0,0,0,0,0,0,0,0,0,0,0,0,0,1087719513327/1238445974752,150726461425/1238445974752,0,1,0,0,0,0,0,0,0,0,0,0,1,0,0,0,0,0,0,0,0,0,1,0,0,1,0,0,0,0,0,0,0,0,0,0,0,0,0,0,0,0,1,0,0,0,1,0,0,1,0,0,0,0,0,0,0,0,0,0,0,0,0,0,0,0,0,1,0,0,1,0,0,1,0,0,0,0,0,0,0,0,0,0,0,0,0,0,0,0,0,0,1,0,1,0,0,1,0,0,0,0,0,0,0,0,0,0,0,0,0,0,0,0,0,0,1,0,1,0,0,1,0,0,0,0,0,0,0,0,0,0,0,0,0,0,0,0,0,0,1,0,1,0,0,1,0,0,0,0,0,0,0,0,0,0,0,0,0,0,0,0,0,0,0,1,1,0,0,1,0,0,0,0,0,0,0,0,0,0,0,0,0,0,0,0,0,0,0,1,1,0,0,1,0,0,0,0,0,0,0,0,0,0,1,0,0,0,0,0,0,0,0,0,1,0,0,1,0,0,0,0,0,0,0,0,0,0,1,0,0,0,0,0,0,0,0,0,1,0,0,1,0,0,0,0,0,0,0,0,0,0,1,0,0,0,0,0,0,0,0,0,1,0,0,1,0,0,0,0,0,0,0,0,0,0,1,0,0,0,0,0,0,0,0,0,1,0,0,1,0,0,0,0,0,0,0,0,0,0,1,0,0,0,0,0,0,0,0,0,1,0,0,1,0,0,0,0,0,0,0,0,0,0,1,0,0,0,0,0,0,0,0,0,7822219/94388112,86565893/94388112,0,1,0,0,0,0,0,0,0,0,0,0,1,0,0,0,0,0,0,0,0,0,0,1,0,0,0,0,0,0,0,0,0,0,0,0,0,0,0,0,0,0,0,0,0,0,0,1,0,0,0,0,0,0,0,0,0,0,0,0,0,0,0,0,0,0,0,0,0,0,0,1,0,0,0,0,0,0,0,0,0,0,0,0,0,0,0,0,0,0,0,0,0,0
Changed to original form:
0,1,0,0,0,0,0,0,0,0,0,0,0,0,0,0,0,0,0,0,0,0,0,0,0,1,0,0,0,0,0,0,0,0,0,0,0,0,0,0,0,0,0,0,0,0,0,0,1087719513327/1238445974752,150726461425/1238445974752,0,1,0,0,0,0,0,0,0,0,0,0,1,0,0,0,0,0,0,0,0,0,1,0,0,1,0,0,0,0,0,0,0,0,0,0,0,0,0,0,0,0,0,0,1,0,1,0,0,1,0,0,0,0,0,0,0,0,0,0,0,0,0,0,0,0,0,0,1,0,1,0,0,1,0,0,0,0,0,0,0,0,0,0,0,0,0,0,0,0,0,0,1,0,1,0,0,1,0,0,0,0,0,0,0,0,0,0,0,0,0,0,0,0,0,0,0,1,1,0,0,1,0,0,0,0,0,0,0,0,0,0,0,0,0,0,0,0,0,0,0,1,1,0,0,1,0,0,0,0,0,0,0,0,0,0,0,0,0,0,0,0,0,0,0,1,1,0,0,1,0,0,0,0,0,0,0,0,0,0,0,0,0,0,0,0,0,0,0,1,1,0,0,1,0,0,0,0,0,0,0,0,0,0,1,0,0,0,0,0,0,0,0,0,1,0,0,1,0,0,0,0,0,0,0,0,0,0,1,0,0,0,0,0,0,0,0,0,1,0,0,1,0,0,0,0,0,0,0,0,0,0,1,0,0,0,0,0,0,0,0,0,1,0,0,1,0,0,0,0,0,0,0,0,0,0,1,0,0,0,0,0,0,0,0,0,1,0,0,1,0,0,0,0,0,0,0,0,0,0,1,0,0,0,0,0,0,0,0,0,1,0,0,1,0,0,0,0,0,0,0,0,0,0,1,0,0,0,0,0,0,0,0,0,7822219/94388112,86565893/94388112,0,1,0,0,0,0,0,0,0,0,0,0,1,0,0,0,0,0,0,0,0,0,0,1,0,0,0,0,0,0,0,0,0,0,0,0,0,0,0,0,0,0,0,0,0,0,0,1,0,0,0,0,0,0,0,0,0,0,0,0,0,0,0,0,0,0,0,0,0,0,0,1,0,0,0,0,0,0,0,0,0,0,0,0,0,0,0,0,0,0,0,0,0,0
Changed to original form:
0,1,0,0,0,0,0,0,0,0,0,0,0,0,0,0,0,0,0,0,0,0,0,0,0,1,0,0,0,0,0,0,0,0,0,0,0,0,0,0,0,0,0,0,0,0,0,0,1087719513327/1238445974752,150726461425/1238445974752,0,1,0,0,0,0,0,0,0,0,0,0,1,0,0,0,0,0,0,0,0,0,1,0,0,1,0,0,0,0,0,0,0,0,0,0,0,0,0,0,0,0,0,1,0,0,1,0,0,1,0,0,0,0,0,0,0,0,0,0,0,0,0,0,0,0,0,0,1,0,1,0,0,1,0,0,0,0,0,0,0,0,0,0,0,0,0,0,0,0,0,0,1,0,1,0,0,1,0,0,0,0,0,0,0,0,0,0,0,0,0,0,0,0,0,0,0,1,1,0,0,1,0,0,0,0,0,0,0,0,0,0,0,0,0,0,0,0,0,0,0,1,1,0,0,1,0,0,0,0,0,0,0,0,0,0,0,0,0,0,0,0,0,0,0,1,1,0,0,1,0,0,0,0,0,0,0,0,0,0,0,0,0,0,0,0,0,0,0,1,1,0,0,1,0,0,0,0,0,0,0,0,0,0,1,0,0,0,0,0,0,0,0,0,1,0,0,1,0,0,0,0,0,0,0,0,0,0,1,0,0,0,0,0,0,0,0,0,1,0,0,1,0,0,0,0,0,0,0,0,0,0,1,0,0,0,0,0,0,0,0,0,1,0,0,1,0,0,0,0,0,0,0,0,0,0,1,0,0,0,0,0,0,0,0,0,1,0,0,1,0,0,0,0,0,0,0,0,0,0,1,0,0,0,0,0,0,0,0,0,1,0,0,1,0,0,0,0,0,0,0,0,0,0,1,0,0,0,0,0,0,0,0,0,7822219/94388112,86565893/94388112,0,1,0,0,0,0,0,0,0,0,0,0,1,0,0,0,0,0,0,0,0,0,0,1,0,0,0,0,0,0,0,0,0,0,0,0,0,0,0,0,0,0,0,0,0,0,0,1,0,0,0,0,0,0,0,0,0,0,0,0,0,0,0,0,0,0,0,0,0,0,0,1,0,0,0,0,0,0,0,0,0,0,0,0,0,0,0,0,0,0,0,0,0,0
Changed to original form:
0,1,0,0,0,0,0,0,0,0,0,0,0,0,0,0,0,0,0,0,0,0,0,0,0,1,0,0,0,0,0,0,0,0,0,0,0,0,0,0,0,0,0,0,0,0,0,0,1087719513327/1238445974752,150726461425/1238445974752,0,1,0,0,0,0,0,0,0,0,0,0,1,0,0,0,0,0,0,0,0,0,1,0,0,1,0,0,0,0,0,0,0,0,0,0,0,0,0,0,0,0,0,1,0,0,1,0,0,1,0,0,0,0,0,0,0,0,0,0,0,0,0,0,0,0,0,1,0,0,1,0,0,1,0,0,0,0,0,0,0,0,0,0,0,0,0,0,0,0,0,0,1,0,1,0,0,1,0,0,0,0,0,0,0,0,0,0,0,0,0,0,0,0,0,0,0,1,1,0,0,1,0,0,0,0,0,0,0,0,0,0,0,0,0,0,0,0,0,0,0,1,1,0,0,1,0,0,0,0,0,0,0,0,0,0,0,0,0,0,0,0,0,0,0,1,1,0,0,1,0,0,0,0,0,0,0,0,0,0,0,0,0,0,0,0,0,0,0,1,1,0,0,1,0,0,0,0,0,0,0,0,0,0,1,0,0,0,0,0,0,0,0,0,1,0,0,1,0,0,0,0,0,0,0,0,0,0,1,0,0,0,0,0,0,0,0,0,1,0,0,1,0,0,0,0,0,0,0,0,0,0,1,0,0,0,0,0,0,0,0,0,1,0,0,1,0,0,0,0,0,0,0,0,0,0,1,0,0,0,0,0,0,0,0,0,1,0,0,1,0,0,0,0,0,0,0,0,0,0,1,0,0,0,0,0,0,0,0,0,1,0,0,1,0,0,0,0,0,0,0,0,0,0,1,0,0,0,0,0,0,0,0,0,7822219/94388112,86565893/94388112,0,1,0,0,0,0,0,0,0,0,0,0,1,0,0,0,0,0,0,0,0,0,0,1,0,0,0,0,0,0,0,0,0,0,0,0,0,0,0,0,0,0,0,0,0,0,0,1,0,0,0,0,0,0,0,0,0,0,0,0,0,0,0,0,0,0,0,0,0,0,0,1,0,0,0,0,0,0,0,0,0,0,0,0,0,0,0,0,0,0,0,0,0,0
Changed to original form:
0,1,0,0,0,0,0,0,0,0,0,0,0,0,0,0,0,0,0,0,0,0,0,0,0,1,0,0,0,0,0,0,0,0,0,0,0,0,0,0,0,0,0,0,0,0,0,0,1087719513327/1238445974752,150726461425/1238445974752,0,1,0,0,0,0,0,0,0,0,0,0,1,0,0,0,0,0,0,0,0,0,1,0,0,1,0,0,0,0,0,0,0,0,0,0,0,0,0,0,0,0,0,1,0,0,1,0,0,1,0,0,0,0,0,0,0,0,0,0,0,0,0,0,0,0,0,0,1,0,1,0,0,1,0,0,0,0,0,0,0,0,0,0,0,0,0,0,0,0,0,0,1,0,1,0,0,1,0,0,0,0,0,0,0,0,0,0,0,0,0,0,0,0,0,0,1,0,1,0,0,1,0,0,0,0,0,0,0,0,0,0,0,0,0,0,0,0,0,0,0,1,1,0,0,1,0,0,0,0,0,0,0,0,0,0,0,0,0,0,0,0,0,0,0,1,1,0,0,1,0,0,0,0,0,0,0,0,0,0,0,0,0,0,0,0,0,0,0,1,1,0,0,1,0,0,0,0,0,0,0,0,0,0,1,0,0,0,0,0,0,0,0,0,1,0,0,1,0,0,0,0,0,0,0,0,0,0,1,0,0,0,0,0,0,0,0,0,1,0,0,1,0,0,0,0,0,0,0,0,0,0,1,0,0,0,0,0,0,0,0,0,1,0,0,1,0,0,0,0,0,0,0,0,0,0,1,0,0,0,0,0,0,0,0,0,1,0,0,1,0,0,0,0,0,0,0,0,0,0,1,0,0,0,0,0,0,0,0,0,1,0,0,1,0,0,0,0,0,0,0,0,0,0,1,0,0,0,0,0,0,0,0,0,7822219/94388112,86565893/94388112,0,1,0,0,0,0,0,0,0,0,0,0,1,0,0,0,0,0,0,0,0,0,0,1,0,0,0,0,0,0,0,0,0,0,0,0,0,0,0,0,0,0,0,0,0,0,0,1,0,0,0,0,0,0,0,0,0,0,0,0,0,0,0,0,0,0,0,0,0,0,0,1,0,0,0,0,0,0,0,0,0,0,0,0,0,0,0,0,0,0,0,0,0,0
Changed to original form:
0,1,0,0,0,0,0,0,0,0,0,0,0,0,0,0,0,0,0,0,0,0,0,0,0,1,0,0,0,0,0,0,0,0,0,0,0,0,0,0,0,0,0,0,0,0,0,0,1087719513327/1238445974752,150726461425/1238445974752,0,1,0,0,0,0,0,0,0,0,0,0,1,0,0,0,0,0,0,0,0,0,1,0,0,1,0,0,0,0,0,0,0,0,0,0,0,0,0,0,0,0,1,0,0,0,1,0,0,1,0,0,0,0,0,0,0,0,0,0,0,0,0,0,0,0,0,0,1,0,1,0,0,1,0,0,0,0,0,0,0,0,0,0,0,0,0,0,0,0,0,0,1,0,1,0,0,1,0,0,0,0,0,0,0,0,0,0,0,0,0,0,0,0,0,0,1,0,1,0,0,1,0,0,0,0,0,0,0,0,0,0,0,0,0,0,0,0,0,0,1,0,1,0,0,1,0,0,0,0,0,0,0,0,0,0,0,0,0,0,0,0,0,0,1569392203549981/3209031635360760,1639639431810779/3209031635360760,1,0,0,1,0,0,0,0,0,0,0,0,0,0,0,0,0,0,0,0,0,0,0,1,1,0,0,1,0,0,0,0,0,0,0,0,0,0,1,0,0,0,0,0,0,0,0,0,1,0,0,1,0,0,0,0,0,0,0,0,0,0,1,0,0,0,0,0,0,0,0,0,1,0,0,1,0,0,0,0,0,0,0,0,0,0,1,0,0,0,0,0,0,0,0,0,1,0,0,1,0,0,0,0,0,0,0,0,0,0,1,0,0,0,0,0,0,0,0,0,1,0,0,1,0,0,0,0,0,0,0,0,0,0,1,0,0,0,0,0,0,0,0,0,1,0,0,1,0,0,0,0,0,0,0,0,0,0,1,0,0,0,0,0,0,0,0,0,7822219/94388112,86565893/94388112,0,1,0,0,0,0,0,0,0,0,0,0,1,0,0,0,0,0,0,0,0,0,0,1,0,0,0,0,0,0,0,0,0,0,0,0,0,0,0,0,0,0,0,0,0,0,0,1,0,0,0,0,0,0,0,0,0,0,0,0,0,0,0,0,0,0,0,0,0,0,0,1,0,0,0,0,0,0,0,0,0,0,0,0,0,0,0,0,0,0,0,0,0,0
Changed to original form:
0,1,0,0,0,0,0,0,0,0,0,0,0,0,0,0,0,0,0,0,0,0,0,0,0,1,0,0,0,0,0,0,0,0,0,0,0,0,0,0,0,0,0,0,0,0,0,0,1087719513327/1238445974752,150726461425/1238445974752,0,1,0,0,0,0,0,0,0,0,0,0,1,0,0,0,0,0,0,0,0,0,1,0,0,1,0,0,0,0,0,0,0,0,0,0,0,0,0,0,0,0,0,1,0,0,1,0,0,1,0,0,0,0,0,0,0,0,0,0,0,0,0,0,0,0,0,1,0,0,1,0,0,1,0,0,0,0,0,0,0,0,0,0,0,0,0,0,0,0,0,0,1,0,1,0,0,1,0,0,0,0,0,0,0,0,0,0,0,0,0,0,0,0,0,0,1,0,1,0,0,1,0,0,0,0,0,0,0,0,0,0,0,0,0,0,0,0,0,0,1,0,1,0,0,1,0,0,0,0,0,0,0,0,0,0,0,0,0,0,0,0,0,0,0,1,1,0,0,1,0,0,0,0,0,0,0,0,0,0,0,0,0,0,0,0,0,0,0,1,1,0,0,1,0,0,0,0,0,0,0,0,0,0,1,0,0,0,0,0,0,0,0,0,1,0,0,1,0,0,0,0,0,0,0,0,0,0,1,0,0,0,0,0,0,0,0,0,1,0,0,1,0,0,0,0,0,0,0,0,0,0,1,0,0,0,0,0,0,0,0,0,1,0,0,1,0,0,0,0,0,0,0,0,0,0,1,0,0,0,0,0,0,0,0,0,1,0,0,1,0,0,0,0,0,0,0,0,0,0,1,0,0,0,0,0,0,0,0,0,1,0,0,1,0,0,0,0,0,0,0,0,0,0,1,0,0,0,0,0,0,0,0,0,7822219/94388112,86565893/94388112,0,1,0,0,0,0,0,0,0,0,0,0,1,0,0,0,0,0,0,0,0,0,0,1,0,0,0,0,0,0,0,0,0,0,0,0,0,0,0,0,0,0,0,0,0,0,0,1,0,0,0,0,0,0,0,0,0,0,0,0,0,0,0,0,0,0,0,0,0,0,0,1,0,0,0,0,0,0,0,0,0,0,0,0,0,0,0,0,0,0,0,0,0,0
Changed to original form:
0,1,0,0,0,0,0,0,0,0,0,0,0,0,0,0,0,0,0,0,0,0,0,0,0,1,0,0,0,0,0,0,0,0,0,0,0,0,0,0,0,0,0,0,0,0,0,0,1087719513327/1238445974752,150726461425/1238445974752,0,1,0,0,0,0,0,0,0,0,0,0,1,0,0,0,0,0,0,0,0,0,1,0,0,1,0,0,0,0,0,0,0,0,0,0,0,0,0,0,0,0,0,1,0,0,1,0,0,1,0,0,0,0,0,0,0,0,0,0,0,0,0,0,0,0,0,1,0,0,1,0,0,1,0,0,0,0,0,0,0,0,0,0,0,0,0,0,0,0,0,1,0,0,1,0,0,1,0,0,0,0,0,0,0,0,0,0,0,0,0,0,0,0,0,0,0,1,1,0,0,1,0,0,0,0,0,0,0,0,0,0,0,0,0,0,0,0,0,0,0,1,1,0,0,1,0,0,0,0,0,0,0,0,0,0,0,0,0,0,0,0,0,0,0,1,1,0,0,1,0,0,0,0,0,0,0,0,0,0,0,0,0,0,0,0,0,0,0,1,1,0,0,1,0,0,0,0,0,0,0,0,0,0,1,0,0,0,0,0,0,0,0,0,1,0,0,1,0,0,0,0,0,0,0,0,0,0,1,0,0,0,0,0,0,0,0,0,1,0,0,1,0,0,0,0,0,0,0,0,0,0,1,0,0,0,0,0,0,0,0,0,1,0,0,1,0,0,0,0,0,0,0,0,0,0,1,0,0,0,0,0,0,0,0,0,1,0,0,1,0,0,0,0,0,0,0,0,0,0,1,0,0,0,0,0,0,0,0,0,1,0,0,1,0,0,0,0,0,0,0,0,0,0,1,0,0,0,0,0,0,0,0,0,7822219/94388112,86565893/94388112,0,1,0,0,0,0,0,0,0,0,0,0,1,0,0,0,0,0,0,0,0,0,0,1,0,0,0,0,0,0,0,0,0,0,0,0,0,0,0,0,0,0,0,0,0,0,0,1,0,0,0,0,0,0,0,0,0,0,0,0,0,0,0,0,0,0,0,0,0,0,0,1,0,0,0,0,0,0,0,0,0,0,0,0,0,0,0,0,0,0,0,0,0,0
Changed to original form:
0,1,0,0,0,0,0,0,0,0,0,0,0,0,0,0,0,0,0,0,0,0,0,0,0,1,0,0,0,0,0,0,0,0,0,0,0,0,0,0,0,0,0,0,0,0,0,0,1087719513327/1238445974752,150726461425/1238445974752,0,1,0,0,0,0,0,0,0,0,0,0,1,0,0,0,0,0,0,0,0,0,1,0,0,1,0,0,0,0,0,0,0,0,0,0,0,0,0,0,0,0,0,1,0,0,1,0,0,1,0,0,0,0,0,0,0,0,0,0,0,0,0,0,0,0,0,0,1,0,1,0,0,1,0,0,0,0,0,0,0,0,0,0,0,0,0,0,0,0,0,0,1,0,1,0,0,1,0,0,0,0,0,0,0,0,0,0,0,0,0,0,0,0,0,0,1,0,1,0,0,1,0,0,0,0,0,0,0,0,0,0,0,0,0,0,0,0,0,0,1,0,1,0,0,1,0,0,0,0,0,0,0,0,0,0,0,0,0,0,0,0,0,0,0,1,1,0,0,1,0,0,0,0,0,0,0,0,0,0,0,0,0,0,0,0,0,0,0,1,1,0,0,1,0,0,0,0,0,0,0,0,0,0,1,0,0,0,0,0,0,0,0,0,1,0,0,1,0,0,0,0,0,0,0,0,0,0,1,0,0,0,0,0,0,0,0,0,1,0,0,1,0,0,0,0,0,0,0,0,0,0,1,0,0,0,0,0,0,0,0,0,1,0,0,1,0,0,0,0,0,0,0,0,0,0,1,0,0,0,0,0,0,0,0,0,1,0,0,1,0,0,0,0,0,0,0,0,0,0,1,0,0,0,0,0,0,0,0,0,1,0,0,1,0,0,0,0,0,0,0,0,0,0,1,0,0,0,0,0,0,0,0,0,7822219/94388112,86565893/94388112,0,1,0,0,0,0,0,0,0,0,0,0,1,0,0,0,0,0,0,0,0,0,0,1,0,0,0,0,0,0,0,0,0,0,0,0,0,0,0,0,0,0,0,0,0,0,0,1,0,0,0,0,0,0,0,0,0,0,0,0,0,0,0,0,0,0,0,0,0,0,0,1,0,0,0,0,0,0,0,0,0,0,0,0,0,0,0,0,0,0,0,0,0,0
Changed to original form:
0,1,0,0,0,0,0,0,0,0,0,0,0,0,0,0,0,0,0,0,0,0,0,0,0,1,0,0,0,0,0,0,0,0,0,0,0,0,0,0,0,0,0,0,0,0,0,0,1087719513327/1238445974752,150726461425/1238445974752,0,1,0,0,0,0,0,0,0,0,0,0,1,0,0,0,0,0,0,0,0,0,1,0,0,1,0,0,0,0,0,0,0,0,0,0,0,0,0,0,0,0,1,0,0,0,1,0,0,1,0,0,0,0,0,0,0,0,0,0,0,0,0,0,0,0,0,1,0,0,1,0,0,1,0,0,0,0,0,0,0,0,0,0,0,0,0,0,0,0,0,0,1,0,1,0,0,1,0,0,0,0,0,0,0,0,0,0,0,0,0,0,0,0,0,0,0,1,1,0,0,1,0,0,0,0,0,0,0,0,0,0,0,0,0,0,0,0,0,0,0,1,1,0,0,1,0,0,0,0,0,0,0,0,0,0,0,0,0,0,0,0,0,0,0,1,1,0,0,1,0,0,0,0,0,0,0,0,0,0,0,0,0,0,0,0,0,0,0,1,1,0,0,1,0,0,0,0,0,0,0,0,0,0,1,0,0,0,0,0,0,0,0,0,1,0,0,1,0,0,0,0,0,0,0,0,0,0,1,0,0,0,0,0,0,0,0,0,1,0,0,1,0,0,0,0,0,0,0,0,0,0,1,0,0,0,0,0,0,0,0,0,1,0,0,1,0,0,0,0,0,0,0,0,0,0,1,0,0,0,0,0,0,0,0,0,1,0,0,1,0,0,0,0,0,0,0,0,0,0,1,0,0,0,0,0,0,0,0,0,1,0,0,1,0,0,0,0,0,0,0,0,0,0,1,0,0,0,0,0,0,0,0,0,7822219/94388112,86565893/94388112,0,1,0,0,0,0,0,0,0,0,0,0,1,0,0,0,0,0,0,0,0,0,0,1,0,0,0,0,0,0,0,0,0,0,0,0,0,0,0,0,0,0,0,0,0,0,0,1,0,0,0,0,0,0,0,0,0,0,0,0,0,0,0,0,0,0,0,0,0,0,0,1,0,0,0,0,0,0,0,0,0,0,0,0,0,0,0,0,0,0,0,0,0,0
Changed to original form:
0,1,0,0,0,0,0,0,0,0,0,0,0,0,0,0,0,0,0,0,0,0,0,0,0,1,0,0,0,0,0,0,0,0,0,0,0,0,0,0,0,0,0,0,0,0,0,0,1087719513327/1238445974752,150726461425/1238445974752,0,1,0,0,0,0,0,0,0,0,0,0,1,0,0,0,0,0,0,0,0,0,1,0,0,1,0,0,0,0,0,0,0,0,0,0,0,0,0,0,0,0,0,1,0,0,1,0,0,1,0,0,0,0,0,0,0,0,0,0,0,0,0,0,0,0,0,1,0,0,1,0,0,1,0,0,0,0,0,0,0,0,0,0,0,0,0,0,0,0,0,1,0,0,1,0,0,1,0,0,0,0,0,0,0,0,0,0,0,0,0,0,0,0,0,0,1,0,1,0,0,1,0,0,0,0,0,0,0,0,0,0,0,0,0,0,0,0,0,0,0,1,1,0,0,1,0,0,0,0,0,0,0,0,0,0,0,0,0,0,0,0,0,0,0,1,1,0,0,1,0,0,0,0,0,0,0,0,0,0,0,0,0,0,0,0,0,0,0,1,1,0,0,1,0,0,0,0,0,0,0,0,0,0,1,0,0,0,0,0,0,0,0,0,1,0,0,1,0,0,0,0,0,0,0,0,0,0,1,0,0,0,0,0,0,0,0,0,1,0,0,1,0,0,0,0,0,0,0,0,0,0,1,0,0,0,0,0,0,0,0,0,1,0,0,1,0,0,0,0,0,0,0,0,0,0,1,0,0,0,0,0,0,0,0,0,1,0,0,1,0,0,0,0,0,0,0,0,0,0,1,0,0,0,0,0,0,0,0,0,1,0,0,1,0,0,0,0,0,0,0,0,0,0,1,0,0,0,0,0,0,0,0,0,7822219/94388112,86565893/94388112,0,1,0,0,0,0,0,0,0,0,0,0,1,0,0,0,0,0,0,0,0,0,0,1,0,0,0,0,0,0,0,0,0,0,0,0,0,0,0,0,0,0,0,0,0,0,0,1,0,0,0,0,0,0,0,0,0,0,0,0,0,0,0,0,0,0,0,0,0,0,0,1,0,0,0,0,0,0,0,0,0,0,0,0,0,0,0,0,0,0,0,0,0,0
Changed to original form:
0,1,0,0,0,0,0,0,0,0,0,0,0,0,0,0,0,0,0,0,0,0,0,0,0,1,0,0,0,0,0,0,0,0,0,0,0,0,0,0,0,0,0,0,0,0,0,0,1087719513327/1238445974752,150726461425/1238445974752,0,1,0,0,0,0,0,0,0,0,0,0,1,0,0,0,0,0,0,0,0,0,1,0,0,1,0,0,0,0,0,0,0,0,0,0,0,0,0,0,0,0,0,1,0,0,1,0,0,1,0,0,0,0,0,0,0,0,0,0,0,0,0,0,0,0,0,1,0,0,1,0,0,1,0,0,0,0,0,0,0,0,0,0,0,0,0,0,0,0,0,1,0,0,1,0,0,1,0,0,0,0,0,0,0,0,0,0,0,0,0,0,0,0,0,0,1,0,1,0,0,1,0,0,0,0,0,0,0,0,0,0,0,0,0,0,0,0,0,0,1,0,1,0,0,1,0,0,0,0,0,0,0,0,0,0,0,0,0,0,0,0,0,0,0,1,1,0,0,1,0,0,0,0,0,0,0,0,0,0,0,0,0,0,0,0,0,0,0,1,1,0,0,1,0,0,0,0,0,0,0,0,0,0,1,0,0,0,0,0,0,0,0,0,1,0,0,1,0,0,0,0,0,0,0,0,0,0,1,0,0,0,0,0,0,0,0,0,1,0,0,1,0,0,0,0,0,0,0,0,0,0,1,0,0,0,0,0,0,0,0,0,1,0,0,1,0,0,0,0,0,0,0,0,0,0,1,0,0,0,0,0,0,0,0,0,1,0,0,1,0,0,0,0,0,0,0,0,0,0,1,0,0,0,0,0,0,0,0,0,1,0,0,1,0,0,0,0,0,0,0,0,0,0,1,0,0,0,0,0,0,0,0,0,7822219/94388112,86565893/94388112,0,1,0,0,0,0,0,0,0,0,0,0,1,0,0,0,0,0,0,0,0,0,0,1,0,0,0,0,0,0,0,0,0,0,0,0,0,0,0,0,0,0,0,0,0,0,0,1,0,0,0,0,0,0,0,0,0,0,0,0,0,0,0,0,0,0,0,0,0,0,0,1,0,0,0,0,0,0,0,0,0,0,0,0,0,0,0,0,0,0,0,0,0,0
Changed to original form:
0,1,0,0,0,0,0,0,0,0,0,0,0,0,0,0,0,0,0,0,0,0,0,0,0,1,0,0,0,0,0,0,0,0,0,0,0,0,0,0,0,0,0,0,0,0,0,0,1087719513327/1238445974752,150726461425/1238445974752,0,1,0,0,0,0,0,0,0,0,0,0,1,0,0,0,0,0,0,0,0,0,1,0,0,1,0,0,0,0,0,0,0,0,0,0,0,0,0,0,0,0,1,0,0,0,1,0,0,1,0,0,0,0,0,0,0,0,0,0,0,0,0,0,0,0,0,0,1,0,1,0,0,1,0,0,0,0,0,0,0,0,0,0,0,0,0,0,0,0,0,0,1,0,1,0,0,1,0,0,0,0,0,0,0,0,0,0,0,0,0,0,0,0,0,0,1,0,1,0,0,1,0,0,0,0,0,0,0,0,0,0,0,0,0,0,0,0,0,0,1,0,1,0,0,1,0,0,0,0,0,0,0,0,0,0,0,0,0,0,0,0,0,0,0,1,1,0,0,1,0,0,0,0,0,0,0,0,0,0,0,0,0,0,0,0,0,0,0,1,1,0,0,1,0,0,0,0,0,0,0,0,0,0,1,0,0,0,0,0,0,0,0,0,1,0,0,1,0,0,0,0,0,0,0,0,0,0,1,0,0,0,0,0,0,0,0,0,1,0,0,1,0,0,0,0,0,0,0,0,0,0,1,0,0,0,0,0,0,0,0,0,1,0,0,1,0,0,0,0,0,0,0,0,0,0,1,0,0,0,0,0,0,0,0,0,1,0,0,1,0,0,0,0,0,0,0,0,0,0,1,0,0,0,0,0,0,0,0,0,1,0,0,1,0,0,0,0,0,0,0,0,0,0,1,0,0,0,0,0,0,0,0,0,7822219/94388112,86565893/94388112,0,1,0,0,0,0,0,0,0,0,0,0,1,0,0,0,0,0,0,0,0,0,0,1,0,0,0,0,0,0,0,0,0,0,0,0,0,0,0,0,0,0,0,0,0,0,0,1,0,0,0,0,0,0,0,0,0,0,0,0,0,0,0,0,0,0,0,0,0,0,0,1,0,0,0,0,0,0,0,0,0,0,0,0,0,0,0,0,0,0,0,0,0,0
Changed to original form:
0,1,0,0,0,0,0,0,0,0,0,0,0,0,0,0,0,0,0,0,0,0,0,0,0,1,0,0,0,0,0,0,0,0,0,0,0,0,0,0,0,0,0,0,0,0,0,0,1087719513327/1238445974752,150726461425/1238445974752,0,1,0,0,0,0,0,0,0,0,0,0,1,0,0,0,0,0,0,0,0,0,1,0,0,1,0,0,0,0,0,0,0,0,0,0,0,0,0,0,0,0,0,1,0,0,1,0,0,1,0,0,0,0,0,0,0,0,0,0,0,0,0,0,0,0,0,0,1,0,1,0,0,1,0,0,0,0,0,0,0,0,0,0,0,0,0,0,0,0,0,0,0,1,1,0,0,1,0,0,0,0,0,0,0,0,0,0,0,0,0,0,0,0,0,0,0,1,1,0,0,1,0,0,0,0,0,0,0,0,0,0,0,0,0,0,0,0,0,0,0,1,1,0,0,1,0,0,0,0,0,0,0,0,0,0,0,0,0,0,0,0,0,0,0,1,1,0,0,1,0,0,0,0,0,0,0,0,0,0,0,0,0,0,0,0,0,0,0,1,1,0,0,1,0,0,0,0,0,0,0,0,0,0,1,0,0,0,0,0,0,0,0,0,1,0,0,1,0,0,0,0,0,0,0,0,0,0,1,0,0,0,0,0,0,0,0,0,1,0,0,1,0,0,0,0,0,0,0,0,0,0,1,0,0,0,0,0,0,0,0,0,1,0,0,1,0,0,0,0,0,0,0,0,0,0,1,0,0,0,0,0,0,0,0,0,1,0,0,1,0,0,0,0,0,0,0,0,0,0,1,0,0,0,0,0,0,0,0,0,1,0,0,1,0,0,0,0,0,0,0,0,0,0,1,0,0,0,0,0,0,0,0,0,7822219/94388112,86565893/94388112,0,1,0,0,0,0,0,0,0,0,0,0,1,0,0,0,0,0,0,0,0,0,0,1,0,0,0,0,0,0,0,0,0,0,0,0,0,0,0,0,0,0,0,0,0,0,0,1,0,0,0,0,0,0,0,0,0,0,0,0,0,0,0,0,0,0,0,0,0,0,0,1,0,0,0,0,0,0,0,0,0,0,0,0,0,0,0,0,0,0,0,0,0,0
Perfect equilibrium confirmed 183 ms
Perfect equilibrium confirmed 156 ms
Perfect equilibrium confirmed 155 ms
Perfect equilibrium confirmed 153 ms
Perfect equilibrium confirmed 157 ms
Perfect equilibrium confirmed 157 ms
Perfect equilibrium confirmed 164 ms
Perfect equilibrium confirmed 155 ms
Perfect equilibrium confirmed 154 ms
Perfect equilibrium confirmed 157 ms
Perfect equilibrium confirmed 153 ms
Perfect equilibrium confirmed 155 ms
Perfect equilibrium confirmed 160 ms
Perfect equilibrium confirmed 155 ms
Perfect equilibrium confirmed 160 ms
Perfect equilibrium confirmed 170 ms
Perfect equilibrium confirmed 161 ms
Perfect equilibrium confirmed 152 ms
Perfect equilibrium confirmed 156 ms
Perfect equilibrium confirmed 153 ms
Perfect equilibrium confirmed 153 ms

Specification-Baseline__Cost-1__Fee-American__Starts-50-Eq1
Result using all paths playing CurrentProbability
Best iteration 1000 best exploitability 8.881784197001252E-16
Scenario index 0 Name: Option set Specification-Baseline__Cost-1__Fee-American__Starts-50
Avg BR: 8.881784197001252E-16 Perturbed refinement: 4.09E-10 Custom: 0.809, 0.436, 0.352, 0
U(P0): 10.35775193017015 BR score 10.35778895657722 BRimp: 8.88E-15
U(P1): 9.349833326540017 BR score 9.349810497671927 BRimp: -7.109999999999999E-15
Total best response calculation time: 14 milliseconds


Elapsed milliseconds report for eq 1 of 21: 317

Specification-Baseline__Cost-1__Fee-American__Starts-50-Eq2
Result using all paths playing CurrentProbability
Exploitability over time:
8.882000000000001E-16
Best iteration 1000 best exploitability 8.881784197001252E-16
Scenario index 0 Name: Option set Specification-Baseline__Cost-1__Fee-American__Starts-50
Avg BR: 8.881784197001252E-16 Perturbed refinement: 4.09E-10 Custom: 0.809, 0.436, 0.352, 0
U(P0): 10.35775193017015 BR score 10.35778895657722 BRimp: 8.88E-15
U(P1): 9.349833326540017 BR score 9.349810497671927 BRimp: -7.109999999999999E-15
Total best response calculation time: 15 milliseconds


Elapsed milliseconds report for eq 2 of 21: 217

Specification-Baseline__Cost-1__Fee-American__Starts-50-Eq3
Result using all paths playing CurrentProbability
Exploitability over time:
8.882000000000001E-16,8.882000000000001E-16
Best iteration 1000 best exploitability 0
Scenario index 0 Name: Option set Specification-Baseline__Cost-1__Fee-American__Starts-50
Avg BR: 0 Custom: 0.809, 0.436, 0.352, 0
U(P0): 10.35775193017015 BR score 10.35778895657722 BRimp: 8.88E-15
U(P1): 9.349833326540015 BR score 9.349810497671927 BRimp: -8.88E-15
Total best response calculation time: 15 milliseconds


Elapsed milliseconds report for eq 3 of 21: 248

Specification-Baseline__Cost-1__Fee-American__Starts-50-Eq4
Result using all paths playing CurrentProbability
Exploitability over time:
8.882000000000001E-16,8.882000000000001E-16,0
Best iteration 1000 best exploitability 0
Scenario index 0 Name: Option set Specification-Baseline__Cost-1__Fee-American__Starts-50
Avg BR: 0 Custom: 0.809, 0.436, 0.352, 0
U(P0): 10.35775193017015 BR score 10.35778895657722 BRimp: 8.88E-15
U(P1): 9.349833326540015 BR score 9.349810497671927 BRimp: -8.88E-15
Total best response calculation time: 14 milliseconds


Elapsed milliseconds report for eq 4 of 21: 170

Specification-Baseline__Cost-1__Fee-American__Starts-50-Eq5
Result using all paths playing CurrentProbability
Exploitability over time:
8.882000000000001E-16,8.882000000000001E-16,0,0
Best iteration 1000 best exploitability 0
Scenario index 0 Name: Option set Specification-Baseline__Cost-1__Fee-American__Starts-50
Avg BR: 0 Custom: 0.809, 0.436, 0.352, 0
U(P0): 10.35775193017015 BR score 10.35778895657722 BRimp: 8.88E-15
U(P1): 9.349833326540015 BR score 9.349810497671927 BRimp: -8.88E-15
Total best response calculation time: 14 milliseconds


Elapsed milliseconds report for eq 5 of 21: 182

Specification-Baseline__Cost-1__Fee-American__Starts-50-Eq6
Result using all paths playing CurrentProbability
Exploitability over time:
8.882000000000001E-16,8.882000000000001E-16,0,0,0
Best iteration 1000 best exploitability 0
Scenario index 0 Name: Option set Specification-Baseline__Cost-1__Fee-American__Starts-50
Avg BR: 0 Perturbed refinement: 4.09E-10 Custom: 0.809, 0.436, 0.352, 0
U(P0): 10.35775193017015 BR score 10.35778895657722 BRimp: 8.88E-15
U(P1): 9.349833326540015 BR score 9.349810497671927 BRimp: -8.88E-15
Total best response calculation time: 14 milliseconds


Elapsed milliseconds report for eq 6 of 21: 156

Specification-Baseline__Cost-1__Fee-American__Starts-50-Eq7
Result using all paths playing CurrentProbability
Exploitability over time:
8.882000000000001E-16,8.882000000000001E-16,0,0,0,8.882000000000001E-16
Best iteration 1000 best exploitability 0
Scenario index 0 Name: Option set Specification-Baseline__Cost-1__Fee-American__Starts-50
Avg BR: 0 Perturbed refinement: 4.09E-10 Custom: 0.809, 0.436, 0.352, 0
U(P0): 10.35775193017015 BR score 10.35778895657722 BRimp: 8.88E-15
U(P1): 9.349833326540015 BR score 9.349810497671927 BRimp: -8.88E-15
Total best response calculation time: 15 milliseconds


Elapsed milliseconds report for eq 7 of 21: 158

Specification-Baseline__Cost-1__Fee-American__Starts-50-Eq8
Result using all paths playing CurrentProbability
Exploitability over time:
8.882000000000001E-16,8.882000000000001E-16,0,0,0,8.882000000000001E-16,8.882000000000001E-16
Best iteration 1000 best exploitability 0
Scenario index 0 Name: Option set Specification-Baseline__Cost-1__Fee-American__Starts-50
Avg BR: 0 Perturbed refinement: 8.17E-10 Custom: 0.809, 0.436, 0.352, 0
U(P0): 10.35775193017015 BR score 10.35778895657722 BRimp: 8.88E-15
U(P1): 9.349833326540017 BR score 9.349810497671928 BRimp: -8.88E-15
Total best response calculation time: 14 milliseconds


Elapsed milliseconds report for eq 8 of 21: 136

Specification-Baseline__Cost-1__Fee-American__Starts-50-Eq9
Result using all paths playing CurrentProbability
Exploitability over time:
8.882000000000001E-16,8.882000000000001E-16,0,0,0,8.882000000000001E-16,8.882000000000001E-16,1.776E-15
Best iteration 1000 best exploitability 0
Scenario index 0 Name: Option set Specification-Baseline__Cost-1__Fee-American__Starts-50
Avg BR: 0 Perturbed refinement: 4.09E-10 Custom: 0.809, 0.436, 0.352, 0
U(P0): 10.35775193017015 BR score 10.35778895657722 BRimp: 8.88E-15
U(P1): 9.349833326540017 BR score 9.349810497671927 BRimp: -8.88E-15
Total best response calculation time: 15 milliseconds


Elapsed milliseconds report for eq 9 of 21: 144

Specification-Baseline__Cost-1__Fee-American__Starts-50-Eq10
Result using all paths playing CurrentProbability
Exploitability over time:
8.882000000000001E-16,8.882000000000001E-16,0,0,0,8.882000000000001E-16,8.882000000000001E-16,1.776E-15,8.882000000000001E-16
Best iteration 1000 best exploitability 0
Scenario index 0 Name: Option set Specification-Baseline__Cost-1__Fee-American__Starts-50
Avg BR: 0 Perturbed refinement: 1.23E-09 Custom: 0.809, 0.436, 0.352, 0
U(P0): 10.35775193017015 BR score 10.35778895657722 BRimp: 8.88E-15
U(P1): 9.349833326540017 BR score 9.34981049767193 BRimp: -8.88E-15
Total best response calculation time: 16 milliseconds


Elapsed milliseconds report for eq 10 of 21: 154

Specification-Baseline__Cost-1__Fee-American__Starts-50-Eq11
Result using all paths playing CurrentProbability
Exploitability over time:
8.882000000000001E-16,8.882000000000001E-16,0,0,0,8.882000000000001E-16,8.882000000000001E-16,1.776E-15,8.882000000000001E-16,2.665E-15
Best iteration 1000 best exploitability 0
Scenario index 0 Name: Option set Specification-Baseline__Cost-1__Fee-American__Starts-50
Avg BR: 0 Perturbed refinement: 4.09E-10 Custom: 0.809, 0.436, 0.352, 0
U(P0): 10.35775193017015 BR score 10.35778895657722 BRimp: 8.88E-15
U(P1): 9.349833326540017 BR score 9.349810497671927 BRimp: -8.88E-15
Total best response calculation time: 14 milliseconds


Elapsed milliseconds report for eq 11 of 21: 149

Specification-Baseline__Cost-1__Fee-American__Starts-50-Eq12
Result using all paths playing CurrentProbability
Exploitability over time:
8.882000000000001E-16,8.882000000000001E-16,0,0,0,8.882000000000001E-16,8.882000000000001E-16,1.776E-15,8.882000000000001E-16,2.665E-15,8.882000000000001E-16
Best iteration 1000 best exploitability 0
Scenario index 0 Name: Option set Specification-Baseline__Cost-1__Fee-American__Starts-50
Avg BR: 0 Perturbed refinement: 4.09E-10 Custom: 0.809, 0.436, 0.352, 0
U(P0): 10.35775193017015 BR score 10.35778895657722 BRimp: 8.88E-15
U(P1): 9.349833326540017 BR score 9.349810497671927 BRimp: -8.88E-15
Total best response calculation time: 14 milliseconds


Elapsed milliseconds report for eq 12 of 21: 157

Specification-Baseline__Cost-1__Fee-American__Starts-50-Eq13
Result using all paths playing CurrentProbability
Exploitability over time:
8.882000000000001E-16,8.882000000000001E-16,0,0,0,8.882000000000001E-16,8.882000000000001E-16,1.776E-15,8.882000000000001E-16,2.665E-15,8.882000000000001E-16,8.882000000000001E-16
Best iteration 1000 best exploitability 0
Scenario index 0 Name: Option set Specification-Baseline__Cost-1__Fee-American__Starts-50
Avg BR: 0 Perturbed refinement: 8.17E-10 Custom: 0.809, 0.436, 0.352, 0
U(P0): 10.35775193017015 BR score 10.35778895657722 BRimp: 8.88E-15
U(P1): 9.349833326540017 BR score 9.349810497671928 BRimp: -8.88E-15
Total best response calculation time: 14 milliseconds


Elapsed milliseconds report for eq 13 of 21: 162

Specification-Baseline__Cost-1__Fee-American__Starts-50-Eq14
Result using all paths playing CurrentProbability
Exploitability over time:
8.882000000000001E-16,8.882000000000001E-16,0,0,0,8.882000000000001E-16,8.882000000000001E-16,1.776E-15,8.882000000000001E-16,2.665E-15,8.882000000000001E-16,8.882000000000001E-16,1.776E-15
Best iteration 1000 best exploitability 0
Scenario index 0 Name: Option set Specification-Baseline__Cost-1__Fee-American__Starts-50
Avg BR: 0 Perturbed refinement: 4.09E-10 Custom: 0.809, 0.436, 0.352, 0
U(P0): 10.357751930170151 BR score 10.35778895657722 BRimp: 8.88E-15
U(P1): 9.349833326540017 BR score 9.349810497671927 BRimp: -8.88E-15
Total best response calculation time: 14 milliseconds


Elapsed milliseconds report for eq 14 of 21: 160

Specification-Baseline__Cost-1__Fee-American__Starts-50-Eq15
Result using all paths playing CurrentProbability
Exploitability over time:
8.882000000000001E-16,8.882000000000001E-16,0,0,0,8.882000000000001E-16,8.882000000000001E-16,1.776E-15,8.882000000000001E-16,2.665E-15,8.882000000000001E-16,8.882000000000001E-16,1.776E-15,8.882000000000001E-16
Best iteration 1000 best exploitability 0
Scenario index 0 Name: Option set Specification-Baseline__Cost-1__Fee-American__Starts-50
Avg BR: 0 Perturbed refinement: 4.09E-10 Custom: 0.809, 0.436, 0.352, 0
U(P0): 10.35775193017015 BR score 10.35778895657722 BRimp: 8.88E-15
U(P1): 9.349833326540017 BR score 9.349810497671927 BRimp: -8.88E-15
Total best response calculation time: 15 milliseconds


Elapsed milliseconds report for eq 15 of 21: 174

Specification-Baseline__Cost-1__Fee-American__Starts-50-Eq16
Result using all paths playing CurrentProbability
Exploitability over time:
8.882000000000001E-16,8.882000000000001E-16,0,0,0,8.882000000000001E-16,8.882000000000001E-16,1.776E-15,8.882000000000001E-16,2.665E-15,8.882000000000001E-16,8.882000000000001E-16,1.776E-15,8.882000000000001E-16,8.882000000000001E-16
Best iteration 1000 best exploitability 0
Scenario index 0 Name: Option set Specification-Baseline__Cost-1__Fee-American__Starts-50
Avg BR: 0 Perturbed refinement: 4.09E-10 Custom: 0.809, 0.436, 0.352, 0
U(P0): 10.35775193017015 BR score 10.35778895657722 BRimp: 8.88E-15
U(P1): 9.349833326540017 BR score 9.349810497671927 BRimp: -8.88E-15
Total best response calculation time: 14 milliseconds


Elapsed milliseconds report for eq 16 of 21: 171

Specification-Baseline__Cost-1__Fee-American__Starts-50-Eq17
Result using all paths playing CurrentProbability
Exploitability over time:
8.882000000000001E-16,8.882000000000001E-16,0,0,0,8.882000000000001E-16,8.882000000000001E-16,1.776E-15,8.882000000000001E-16,2.665E-15,8.882000000000001E-16,8.882000000000001E-16,1.776E-15,8.882000000000001E-16,8.882000000000001E-16,8.882000000000001E-16
Best iteration 1000 best exploitability 0
Scenario index 0 Name: Option set Specification-Baseline__Cost-1__Fee-American__Starts-50
Avg BR: 0 Perturbed refinement: 4.09E-10 Custom: 0.809, 0.436, 0.352, 0
U(P0): 10.35775193017015 BR score 10.35778895657722 BRimp: 8.88E-15
U(P1): 9.349833326540017 BR score 9.349810497671927 BRimp: -8.88E-15
Total best response calculation time: 14 milliseconds


Elapsed milliseconds report for eq 17 of 21: 180

Specification-Baseline__Cost-1__Fee-American__Starts-50-Eq18
Result using all paths playing CurrentProbability
Exploitability over time:
8.882000000000001E-16,8.882000000000001E-16,0,0,0,8.882000000000001E-16,8.882000000000001E-16,1.776E-15,8.882000000000001E-16,2.665E-15,8.882000000000001E-16,8.882000000000001E-16,1.776E-15,8.882000000000001E-16,8.882000000000001E-16,8.882000000000001E-16,8.882000000000001E-16
Best iteration 1000 best exploitability 0
Scenario index 0 Name: Option set Specification-Baseline__Cost-1__Fee-American__Starts-50
Avg BR: 0 Perturbed refinement: 4.09E-10 Custom: 0.809, 0.436, 0.352, 0
U(P0): 10.35775193017015 BR score 10.35778895657722 BRimp: 8.88E-15
U(P1): 9.349833326540017 BR score 9.349810497671927 BRimp: -8.88E-15
Total best response calculation time: 14 milliseconds


Elapsed milliseconds report for eq 18 of 21: 243

Specification-Baseline__Cost-1__Fee-American__Starts-50-Eq19
Result using all paths playing CurrentProbability
Exploitability over time:
8.882000000000001E-16,8.882000000000001E-16,0,0,0,8.882000000000001E-16,8.882000000000001E-16,1.776E-15,8.882000000000001E-16,2.665E-15,8.882000000000001E-16,8.882000000000001E-16,1.776E-15,8.882000000000001E-16,8.882000000000001E-16,8.882000000000001E-16,8.882000000000001E-16,8.882000000000001E-16
Best iteration 1000 best exploitability 0
Scenario index 0 Name: Option set Specification-Baseline__Cost-1__Fee-American__Starts-50
Avg BR: 0 Perturbed refinement: 8.17E-10 Custom: 0.809, 0.436, 0.352, 0
U(P0): 10.35775193017015 BR score 10.35778895657722 BRimp: 8.88E-15
U(P1): 9.349833326540017 BR score 9.349810497671928 BRimp: -8.88E-15
Total best response calculation time: 14 milliseconds


Elapsed milliseconds report for eq 19 of 21: 184

Specification-Baseline__Cost-1__Fee-American__Starts-50-Eq20
Result using all paths playing CurrentProbability
Exploitability over time:
8.882000000000001E-16,8.882000000000001E-16,0,0,0,8.882000000000001E-16,8.882000000000001E-16,1.776E-15,8.882000000000001E-16,2.665E-15,8.882000000000001E-16,8.882000000000001E-16,1.776E-15,8.882000000000001E-16,8.882000000000001E-16,8.882000000000001E-16,8.882000000000001E-16,8.882000000000001E-16,1.776E-15
Best iteration 1000 best exploitability 0
Scenario index 0 Name: Option set Specification-Baseline__Cost-1__Fee-American__Starts-50
Avg BR: 0 Perturbed refinement: 8.17E-10 Custom: 0.809, 0.436, 0.352, 0
U(P0): 10.35775193017015 BR score 10.35778895657722 BRimp: 8.88E-15
U(P1): 9.349833326540017 BR score 9.349810497671928 BRimp: -8.88E-15
Total best response calculation time: 14 milliseconds


Elapsed milliseconds report for eq 20 of 21: 203

Specification-Baseline__Cost-1__Fee-American__Starts-50-Eq21
Result using all paths playing CurrentProbability
Exploitability over time:
8.882000000000001E-16,8.882000000000001E-16,0,0,0,8.882000000000001E-16,8.882000000000001E-16,1.776E-15,8.882000000000001E-16,2.665E-15,8.882000000000001E-16,8.882000000000001E-16,1.776E-15,8.882000000000001E-16,8.882000000000001E-16,8.882000000000001E-16,8.882000000000001E-16,8.882000000000001E-16,1.776E-15,1.776E-15
Best iteration 1000 best exploitability 0
Scenario index 0 Name: Option set Specification-Baseline__Cost-1__Fee-American__Starts-50
Avg BR: 0 Perturbed refinement: 4.09E-10 Custom: 0.809, 0.436, 0.352, 0
U(P0): 10.35775193017015 BR score 10.35778895657722 BRimp: 8.88E-15
U(P1): 9.349833326540017 BR score 9.349810497671927 BRimp: -8.88E-15
Total best response calculation time: 14 milliseconds


Elapsed milliseconds report for eq 21 of 21: 196
Elapsed milliseconds generating correlated equilibrium report: 1324

Specification-Baseline__Cost-1__Fee-American__Starts-50-Avg
Result using all paths playing AverageStrategy
Exploitability over time:
8.882000000000001E-16,8.882000000000001E-16,0,0,0,8.882000000000001E-16,8.882000000000001E-16,1.776E-15,8.882000000000001E-16,2.665E-15,8.882000000000001E-16,8.882000000000001E-16,1.776E-15,8.882000000000001E-16,8.882000000000001E-16,8.882000000000001E-16,8.882000000000001E-16,8.882000000000001E-16,1.776E-15,1.776E-15,8.882000000000001E-16
Best iteration 1000 best exploitability 0
Scenario index 0 Name: Option set Specification-Baseline__Cost-1__Fee-American__Starts-50
Avg BR: 0 Perturbed refinement: 0.501 Custom: 0.809, 0.436, 0.352, 0
U(P0): 10.357714984783163 BR score 10.357755982849689 BRimp: 8.88E-15
U(P1): 9.349856103883239 BR score 9.349833621772195 BRimp: -8.88E-15
Total best response calculation time: 14 milliseconds


Elapsed milliseconds generating average equilibrium report: 157
Writing report to blob
Report written to blob
