"OptionSetName","Equilibrium Number","Information Set Number","Player Index","Player","Decision Index","Decision Code","Decision","Information Set Labels","Information Set Contents","Equilibrium Reach Probability","Off Path","Conditional Information-Set Utility","Best Action Utility","Action","Action Label","Equilibrium Action Probability","Conditional Action Utility","Utility Loss from Best Action","Is Best Action"
"Specification-DirectBinaryStateSignalsModerateRiskAversion__Cost-4__Fee-British__ExitFees-AllUnilateralExits","1","0","0","P","2","9","P Files","P Liability Signal: 1","1","0.11591999999999998","false","1000.0000362501003","1000.0000362501003","1","Yes","0","999.01408014933736","0.98595610076290541","false"
"Specification-DirectBinaryStateSignalsModerateRiskAversion__Cost-4__Fee-British__ExitFees-AllUnilateralExits","1","0","0","P","2","9","P Files","P Liability Signal: 1","1","0.11591999999999998","false","1000.0000362501003","1000.0000362501003","2","No","1","1000.0000362501003","0","true"
"Specification-DirectBinaryStateSignalsModerateRiskAversion__Cost-4__Fee-British__ExitFees-AllUnilateralExits","1","2","0","P","5","20","P Abandons","P Liability Signal: 1;P Files: 1;D Answers: 1","1,1,1","0","true","","","1","Yes","0.5","","",""
"Specification-DirectBinaryStateSignalsModerateRiskAversion__Cost-4__Fee-British__ExitFees-AllUnilateralExits","1","2","0","P","5","20","P Abandons","P Liability Signal: 1;P Files: 1;D Answers: 1","1,1,1","0","true","","","2","No","0.5","","",""
"Specification-DirectBinaryStateSignalsModerateRiskAversion__Cost-4__Fee-British__ExitFees-AllUnilateralExits","1","4","0","P","7","14","P Offer","P Liability Signal: 1;P Files: 1;D Answers: 1;P Abandons: 1","1,1,1,1","0","true","","","1","0.05","0.10000000000000001","","",""
"Specification-DirectBinaryStateSignalsModerateRiskAversion__Cost-4__Fee-British__ExitFees-AllUnilateralExits","1","4","0","P","7","14","P Offer","P Liability Signal: 1;P Files: 1;D Answers: 1;P Abandons: 1","1,1,1,1","0","true","","","2","0.15","0.10000000000000001","","",""
"Specification-DirectBinaryStateSignalsModerateRiskAversion__Cost-4__Fee-British__ExitFees-AllUnilateralExits","1","4","0","P","7","14","P Offer","P Liability Signal: 1;P Files: 1;D Answers: 1;P Abandons: 1","1,1,1,1","0","true","","","3","0.25","0.10000000000000001","","",""
"Specification-DirectBinaryStateSignalsModerateRiskAversion__Cost-4__Fee-British__ExitFees-AllUnilateralExits","1","4","0","P","7","14","P Offer","P Liability Signal: 1;P Files: 1;D Answers: 1;P Abandons: 1","1,1,1,1","0","true","","","4","0.35","0.10000000000000001","","",""
"Specification-DirectBinaryStateSignalsModerateRiskAversion__Cost-4__Fee-British__ExitFees-AllUnilateralExits","1","4","0","P","7","14","P Offer","P Liability Signal: 1;P Files: 1;D Answers: 1;P Abandons: 1","1,1,1,1","0","true","","","5","0.45","0.10000000000000001","","",""
"Specification-DirectBinaryStateSignalsModerateRiskAversion__Cost-4__Fee-British__ExitFees-AllUnilateralExits","1","4","0","P","7","14","P Offer","P Liability Signal: 1;P Files: 1;D Answers: 1;P Abandons: 1","1,1,1,1","0","true","","","6","0.55","0.10000000000000001","","",""
"Specification-DirectBinaryStateSignalsModerateRiskAversion__Cost-4__Fee-British__ExitFees-AllUnilateralExits","1","4","0","P","7","14","P Offer","P Liability Signal: 1;P Files: 1;D Answers: 1;P Abandons: 1","1,1,1,1","0","true","","","7","0.65","0.10000000000000001","","",""
"Specification-DirectBinaryStateSignalsModerateRiskAversion__Cost-4__Fee-British__ExitFees-AllUnilateralExits","1","4","0","P","7","14","P Offer","P Liability Signal: 1;P Files: 1;D Answers: 1;P Abandons: 1","1,1,1,1","0","true","","","8","0.75","0.10000000000000001","","",""
"Specification-DirectBinaryStateSignalsModerateRiskAversion__Cost-4__Fee-British__ExitFees-AllUnilateralExits","1","4","0","P","7","14","P Offer","P Liability Signal: 1;P Files: 1;D Answers: 1;P Abandons: 1","1,1,1,1","0","true","","","9","0.85","0.10000000000000001","","",""
"Specification-DirectBinaryStateSignalsModerateRiskAversion__Cost-4__Fee-British__ExitFees-AllUnilateralExits","1","4","0","P","7","14","P Offer","P Liability Signal: 1;P Files: 1;D Answers: 1;P Abandons: 1","1,1,1,1","0","true","","","10","0.95","0.10000000000000001","","",""
"Specification-DirectBinaryStateSignalsModerateRiskAversion__Cost-4__Fee-British__ExitFees-AllUnilateralExits","1","7","0","P","7","14","P Offer","P Liability Signal: 1;P Files: 1;D Answers: 1;P Abandons: 2","1,1,1,2","0","true","","","1","0.05","0.10000000000000001","","",""
"Specification-DirectBinaryStateSignalsModerateRiskAversion__Cost-4__Fee-British__ExitFees-AllUnilateralExits","1","7","0","P","7","14","P Offer","P Liability Signal: 1;P Files: 1;D Answers: 1;P Abandons: 2","1,1,1,2","0","true","","","2","0.15","0.10000000000000001","","",""
"Specification-DirectBinaryStateSignalsModerateRiskAversion__Cost-4__Fee-British__ExitFees-AllUnilateralExits","1","7","0","P","7","14","P Offer","P Liability Signal: 1;P Files: 1;D Answers: 1;P Abandons: 2","1,1,1,2","0","true","","","3","0.25","0.10000000000000001","","",""
"Specification-DirectBinaryStateSignalsModerateRiskAversion__Cost-4__Fee-British__ExitFees-AllUnilateralExits","1","7","0","P","7","14","P Offer","P Liability Signal: 1;P Files: 1;D Answers: 1;P Abandons: 2","1,1,1,2","0","true","","","4","0.35","0.10000000000000001","","",""
"Specification-DirectBinaryStateSignalsModerateRiskAversion__Cost-4__Fee-British__ExitFees-AllUnilateralExits","1","7","0","P","7","14","P Offer","P Liability Signal: 1;P Files: 1;D Answers: 1;P Abandons: 2","1,1,1,2","0","true","","","5","0.45","0.10000000000000001","","",""
"Specification-DirectBinaryStateSignalsModerateRiskAversion__Cost-4__Fee-British__ExitFees-AllUnilateralExits","1","7","0","P","7","14","P Offer","P Liability Signal: 1;P Files: 1;D Answers: 1;P Abandons: 2","1,1,1,2","0","true","","","6","0.55","0.10000000000000001","","",""
"Specification-DirectBinaryStateSignalsModerateRiskAversion__Cost-4__Fee-British__ExitFees-AllUnilateralExits","1","7","0","P","7","14","P Offer","P Liability Signal: 1;P Files: 1;D Answers: 1;P Abandons: 2","1,1,1,2","0","true","","","7","0.65","0.10000000000000001","","",""
"Specification-DirectBinaryStateSignalsModerateRiskAversion__Cost-4__Fee-British__ExitFees-AllUnilateralExits","1","7","0","P","7","14","P Offer","P Liability Signal: 1;P Files: 1;D Answers: 1;P Abandons: 2","1,1,1,2","0","true","","","8","0.75","0.10000000000000001","","",""
"Specification-DirectBinaryStateSignalsModerateRiskAversion__Cost-4__Fee-British__ExitFees-AllUnilateralExits","1","7","0","P","7","14","P Offer","P Liability Signal: 1;P Files: 1;D Answers: 1;P Abandons: 2","1,1,1,2","0","true","","","9","0.85","0.10000000000000001","","",""
"Specification-DirectBinaryStateSignalsModerateRiskAversion__Cost-4__Fee-British__ExitFees-AllUnilateralExits","1","7","0","P","7","14","P Offer","P Liability Signal: 1;P Files: 1;D Answers: 1;P Abandons: 2","1,1,1,2","0","true","","","10","0.95","0.10000000000000001","","",""
"Specification-DirectBinaryStateSignalsModerateRiskAversion__Cost-4__Fee-British__ExitFees-AllUnilateralExits","1","44","0","P","2","9","P Files","P Liability Signal: 2","2","0.11026000000000001","false","1000.0000362500998","1000.0000362500998","1","Yes","0","999.04243835191414","0.95759789818566787","false"
"Specification-DirectBinaryStateSignalsModerateRiskAversion__Cost-4__Fee-British__ExitFees-AllUnilateralExits","1","44","0","P","2","9","P Files","P Liability Signal: 2","2","0.11026000000000001","false","1000.0000362500998","1000.0000362500998","2","No","1","1000.0000362500998","0","true"
"Specification-DirectBinaryStateSignalsModerateRiskAversion__Cost-4__Fee-British__ExitFees-AllUnilateralExits","1","45","0","P","5","20","P Abandons","P Liability Signal: 2;P Files: 1;D Answers: 1","2,1,1","0","true","","","1","Yes","0.5","","",""
"Specification-DirectBinaryStateSignalsModerateRiskAversion__Cost-4__Fee-British__ExitFees-AllUnilateralExits","1","45","0","P","5","20","P Abandons","P Liability Signal: 2;P Files: 1;D Answers: 1","2,1,1","0","true","","","2","No","0.5","","",""
"Specification-DirectBinaryStateSignalsModerateRiskAversion__Cost-4__Fee-British__ExitFees-AllUnilateralExits","1","46","0","P","7","14","P Offer","P Liability Signal: 2;P Files: 1;D Answers: 1;P Abandons: 1","2,1,1,1","0","true","","","1","0.05","0.10000000000000001","","",""
"Specification-DirectBinaryStateSignalsModerateRiskAversion__Cost-4__Fee-British__ExitFees-AllUnilateralExits","1","46","0","P","7","14","P Offer","P Liability Signal: 2;P Files: 1;D Answers: 1;P Abandons: 1","2,1,1,1","0","true","","","2","0.15","0.10000000000000001","","",""
"Specification-DirectBinaryStateSignalsModerateRiskAversion__Cost-4__Fee-British__ExitFees-AllUnilateralExits","1","46","0","P","7","14","P Offer","P Liability Signal: 2;P Files: 1;D Answers: 1;P Abandons: 1","2,1,1,1","0","true","","","3","0.25","0.10000000000000001","","",""
"Specification-DirectBinaryStateSignalsModerateRiskAversion__Cost-4__Fee-British__ExitFees-AllUnilateralExits","1","46","0","P","7","14","P Offer","P Liability Signal: 2;P Files: 1;D Answers: 1;P Abandons: 1","2,1,1,1","0","true","","","4","0.35","0.10000000000000001","","",""
"Specification-DirectBinaryStateSignalsModerateRiskAversion__Cost-4__Fee-British__ExitFees-AllUnilateralExits","1","46","0","P","7","14","P Offer","P Liability Signal: 2;P Files: 1;D Answers: 1;P Abandons: 1","2,1,1,1","0","true","","","5","0.45","0.10000000000000001","","",""
"Specification-DirectBinaryStateSignalsModerateRiskAversion__Cost-4__Fee-British__ExitFees-AllUnilateralExits","1","46","0","P","7","14","P Offer","P Liability Signal: 2;P Files: 1;D Answers: 1;P Abandons: 1","2,1,1,1","0","true","","","6","0.55","0.10000000000000001","","",""
"Specification-DirectBinaryStateSignalsModerateRiskAversion__Cost-4__Fee-British__ExitFees-AllUnilateralExits","1","46","0","P","7","14","P Offer","P Liability Signal: 2;P Files: 1;D Answers: 1;P Abandons: 1","2,1,1,1","0","true","","","7","0.65","0.10000000000000001","","",""
"Specification-DirectBinaryStateSignalsModerateRiskAversion__Cost-4__Fee-British__ExitFees-AllUnilateralExits","1","46","0","P","7","14","P Offer","P Liability Signal: 2;P Files: 1;D Answers: 1;P Abandons: 1","2,1,1,1","0","true","","","8","0.75","0.10000000000000001","","",""
"Specification-DirectBinaryStateSignalsModerateRiskAversion__Cost-4__Fee-British__ExitFees-AllUnilateralExits","1","46","0","P","7","14","P Offer","P Liability Signal: 2;P Files: 1;D Answers: 1;P Abandons: 1","2,1,1,1","0","true","","","9","0.85","0.10000000000000001","","",""
"Specification-DirectBinaryStateSignalsModerateRiskAversion__Cost-4__Fee-British__ExitFees-AllUnilateralExits","1","46","0","P","7","14","P Offer","P Liability Signal: 2;P Files: 1;D Answers: 1;P Abandons: 1","2,1,1,1","0","true","","","10","0.95","0.10000000000000001","","",""
"Specification-DirectBinaryStateSignalsModerateRiskAversion__Cost-4__Fee-British__ExitFees-AllUnilateralExits","1","47","0","P","7","14","P Offer","P Liability Signal: 2;P Files: 1;D Answers: 1;P Abandons: 2","2,1,1,2","0","true","","","1","0.05","0.10000000000000001","","",""
"Specification-DirectBinaryStateSignalsModerateRiskAversion__Cost-4__Fee-British__ExitFees-AllUnilateralExits","1","47","0","P","7","14","P Offer","P Liability Signal: 2;P Files: 1;D Answers: 1;P Abandons: 2","2,1,1,2","0","true","","","2","0.15","0.10000000000000001","","",""
"Specification-DirectBinaryStateSignalsModerateRiskAversion__Cost-4__Fee-British__ExitFees-AllUnilateralExits","1","47","0","P","7","14","P Offer","P Liability Signal: 2;P Files: 1;D Answers: 1;P Abandons: 2","2,1,1,2","0","true","","","3","0.25","0.10000000000000001","","",""
"Specification-DirectBinaryStateSignalsModerateRiskAversion__Cost-4__Fee-British__ExitFees-AllUnilateralExits","1","47","0","P","7","14","P Offer","P Liability Signal: 2;P Files: 1;D Answers: 1;P Abandons: 2","2,1,1,2","0","true","","","4","0.35","0.10000000000000001","","",""
"Specification-DirectBinaryStateSignalsModerateRiskAversion__Cost-4__Fee-British__ExitFees-AllUnilateralExits","1","47","0","P","7","14","P Offer","P Liability Signal: 2;P Files: 1;D Answers: 1;P Abandons: 2","2,1,1,2","0","true","","","5","0.45","0.10000000000000001","","",""
"Specification-DirectBinaryStateSignalsModerateRiskAversion__Cost-4__Fee-British__ExitFees-AllUnilateralExits","1","47","0","P","7","14","P Offer","P Liability Signal: 2;P Files: 1;D Answers: 1;P Abandons: 2","2,1,1,2","0","true","","","6","0.55","0.10000000000000001","","",""
"Specification-DirectBinaryStateSignalsModerateRiskAversion__Cost-4__Fee-British__ExitFees-AllUnilateralExits","1","47","0","P","7","14","P Offer","P Liability Signal: 2;P Files: 1;D Answers: 1;P Abandons: 2","2,1,1,2","0","true","","","7","0.65","0.10000000000000001","","",""
"Specification-DirectBinaryStateSignalsModerateRiskAversion__Cost-4__Fee-British__ExitFees-AllUnilateralExits","1","47","0","P","7","14","P Offer","P Liability Signal: 2;P Files: 1;D Answers: 1;P Abandons: 2","2,1,1,2","0","true","","","8","0.75","0.10000000000000001","","",""
"Specification-DirectBinaryStateSignalsModerateRiskAversion__Cost-4__Fee-British__ExitFees-AllUnilateralExits","1","47","0","P","7","14","P Offer","P Liability Signal: 2;P Files: 1;D Answers: 1;P Abandons: 2","2,1,1,2","0","true","","","9","0.85","0.10000000000000001","","",""
"Specification-DirectBinaryStateSignalsModerateRiskAversion__Cost-4__Fee-British__ExitFees-AllUnilateralExits","1","47","0","P","7","14","P Offer","P Liability Signal: 2;P Files: 1;D Answers: 1;P Abandons: 2","2,1,1,2","0","true","","","10","0.95","0.10000000000000001","","",""
"Specification-DirectBinaryStateSignalsModerateRiskAversion__Cost-4__Fee-British__ExitFees-AllUnilateralExits","1","48","0","P","2","9","P Files","P Liability Signal: 3","3","0.10020999999999999","false","1000.0000362501","1000.0000362501","1","Yes","0","999.10031009320107","0.89972615689896429","false"
"Specification-DirectBinaryStateSignalsModerateRiskAversion__Cost-4__Fee-British__ExitFees-AllUnilateralExits","1","48","0","P","2","9","P Files","P Liability Signal: 3","3","0.10020999999999999","false","1000.0000362501","1000.0000362501","2","No","1","1000.0000362501","0","true"
"Specification-DirectBinaryStateSignalsModerateRiskAversion__Cost-4__Fee-British__ExitFees-AllUnilateralExits","1","49","0","P","5","20","P Abandons","P Liability Signal: 3;P Files: 1;D Answers: 1","3,1,1","0","true","","","1","Yes","0.5","","",""
"Specification-DirectBinaryStateSignalsModerateRiskAversion__Cost-4__Fee-British__ExitFees-AllUnilateralExits","1","49","0","P","5","20","P Abandons","P Liability Signal: 3;P Files: 1;D Answers: 1","3,1,1","0","true","","","2","No","0.5","","",""
"Specification-DirectBinaryStateSignalsModerateRiskAversion__Cost-4__Fee-British__ExitFees-AllUnilateralExits","1","50","0","P","7","14","P Offer","P Liability Signal: 3;P Files: 1;D Answers: 1;P Abandons: 1","3,1,1,1","0","true","","","1","0.05","0.10000000000000001","","",""
"Specification-DirectBinaryStateSignalsModerateRiskAversion__Cost-4__Fee-British__ExitFees-AllUnilateralExits","1","50","0","P","7","14","P Offer","P Liability Signal: 3;P Files: 1;D Answers: 1;P Abandons: 1","3,1,1,1","0","true","","","2","0.15","0.10000000000000001","","",""
"Specification-DirectBinaryStateSignalsModerateRiskAversion__Cost-4__Fee-British__ExitFees-AllUnilateralExits","1","50","0","P","7","14","P Offer","P Liability Signal: 3;P Files: 1;D Answers: 1;P Abandons: 1","3,1,1,1","0","true","","","3","0.25","0.10000000000000001","","",""
"Specification-DirectBinaryStateSignalsModerateRiskAversion__Cost-4__Fee-British__ExitFees-AllUnilateralExits","1","50","0","P","7","14","P Offer","P Liability Signal: 3;P Files: 1;D Answers: 1;P Abandons: 1","3,1,1,1","0","true","","","4","0.35","0.10000000000000001","","",""
"Specification-DirectBinaryStateSignalsModerateRiskAversion__Cost-4__Fee-British__ExitFees-AllUnilateralExits","1","50","0","P","7","14","P Offer","P Liability Signal: 3;P Files: 1;D Answers: 1;P Abandons: 1","3,1,1,1","0","true","","","5","0.45","0.10000000000000001","","",""
"Specification-DirectBinaryStateSignalsModerateRiskAversion__Cost-4__Fee-British__ExitFees-AllUnilateralExits","1","50","0","P","7","14","P Offer","P Liability Signal: 3;P Files: 1;D Answers: 1;P Abandons: 1","3,1,1,1","0","true","","","6","0.55","0.10000000000000001","","",""
"Specification-DirectBinaryStateSignalsModerateRiskAversion__Cost-4__Fee-British__ExitFees-AllUnilateralExits","1","50","0","P","7","14","P Offer","P Liability Signal: 3;P Files: 1;D Answers: 1;P Abandons: 1","3,1,1,1","0","true","","","7","0.65","0.10000000000000001","","",""
"Specification-DirectBinaryStateSignalsModerateRiskAversion__Cost-4__Fee-British__ExitFees-AllUnilateralExits","1","50","0","P","7","14","P Offer","P Liability Signal: 3;P Files: 1;D Answers: 1;P Abandons: 1","3,1,1,1","0","true","","","8","0.75","0.10000000000000001","","",""
"Specification-DirectBinaryStateSignalsModerateRiskAversion__Cost-4__Fee-British__ExitFees-AllUnilateralExits","1","50","0","P","7","14","P Offer","P Liability Signal: 3;P Files: 1;D Answers: 1;P Abandons: 1","3,1,1,1","0","true","","","9","0.85","0.10000000000000001","","",""
"Specification-DirectBinaryStateSignalsModerateRiskAversion__Cost-4__Fee-British__ExitFees-AllUnilateralExits","1","50","0","P","7","14","P Offer","P Liability Signal: 3;P Files: 1;D Answers: 1;P Abandons: 1","3,1,1,1","0","true","","","10","0.95","0.10000000000000001","","",""
"Specification-DirectBinaryStateSignalsModerateRiskAversion__Cost-4__Fee-British__ExitFees-AllUnilateralExits","1","51","0","P","7","14","P Offer","P Liability Signal: 3;P Files: 1;D Answers: 1;P Abandons: 2","3,1,1,2","0","true","","","1","0.05","0.10000000000000001","","",""
"Specification-DirectBinaryStateSignalsModerateRiskAversion__Cost-4__Fee-British__ExitFees-AllUnilateralExits","1","51","0","P","7","14","P Offer","P Liability Signal: 3;P Files: 1;D Answers: 1;P Abandons: 2","3,1,1,2","0","true","","","2","0.15","0.10000000000000001","","",""
"Specification-DirectBinaryStateSignalsModerateRiskAversion__Cost-4__Fee-British__ExitFees-AllUnilateralExits","1","51","0","P","7","14","P Offer","P Liability Signal: 3;P Files: 1;D Answers: 1;P Abandons: 2","3,1,1,2","0","true","","","3","0.25","0.10000000000000001","","",""
"Specification-DirectBinaryStateSignalsModerateRiskAversion__Cost-4__Fee-British__ExitFees-AllUnilateralExits","1","51","0","P","7","14","P Offer","P Liability Signal: 3;P Files: 1;D Answers: 1;P Abandons: 2","3,1,1,2","0","true","","","4","0.35","0.10000000000000001","","",""
"Specification-DirectBinaryStateSignalsModerateRiskAversion__Cost-4__Fee-British__ExitFees-AllUnilateralExits","1","51","0","P","7","14","P Offer","P Liability Signal: 3;P Files: 1;D Answers: 1;P Abandons: 2","3,1,1,2","0","true","","","5","0.45","0.10000000000000001","","",""
"Specification-DirectBinaryStateSignalsModerateRiskAversion__Cost-4__Fee-British__ExitFees-AllUnilateralExits","1","51","0","P","7","14","P Offer","P Liability Signal: 3;P Files: 1;D Answers: 1;P Abandons: 2","3,1,1,2","0","true","","","6","0.55","0.10000000000000001","","",""
"Specification-DirectBinaryStateSignalsModerateRiskAversion__Cost-4__Fee-British__ExitFees-AllUnilateralExits","1","51","0","P","7","14","P Offer","P Liability Signal: 3;P Files: 1;D Answers: 1;P Abandons: 2","3,1,1,2","0","true","","","7","0.65","0.10000000000000001","","",""
"Specification-DirectBinaryStateSignalsModerateRiskAversion__Cost-4__Fee-British__ExitFees-AllUnilateralExits","1","51","0","P","7","14","P Offer","P Liability Signal: 3;P Files: 1;D Answers: 1;P Abandons: 2","3,1,1,2","0","true","","","8","0.75","0.10000000000000001","","",""
"Specification-DirectBinaryStateSignalsModerateRiskAversion__Cost-4__Fee-British__ExitFees-AllUnilateralExits","1","51","0","P","7","14","P Offer","P Liability Signal: 3;P Files: 1;D Answers: 1;P Abandons: 2","3,1,1,2","0","true","","","9","0.85","0.10000000000000001","","",""
"Specification-DirectBinaryStateSignalsModerateRiskAversion__Cost-4__Fee-British__ExitFees-AllUnilateralExits","1","51","0","P","7","14","P Offer","P Liability Signal: 3;P Files: 1;D Answers: 1;P Abandons: 2","3,1,1,2","0","true","","","10","0.95","0.10000000000000001","","",""
"Specification-DirectBinaryStateSignalsModerateRiskAversion__Cost-4__Fee-British__ExitFees-AllUnilateralExits","1","52","0","P","2","9","P Files","P Liability Signal: 4","4","0.089980000000000004","false","1000.0000362501","1000.0000362501","1","Yes","0","999.20674894873764","0.79328730136239756","false"
"Specification-DirectBinaryStateSignalsModerateRiskAversion__Cost-4__Fee-British__ExitFees-AllUnilateralExits","1","52","0","P","2","9","P Files","P Liability Signal: 4","4","0.089980000000000004","false","1000.0000362501","1000.0000362501","2","No","1","1000.0000362501","0","true"
"Specification-DirectBinaryStateSignalsModerateRiskAversion__Cost-4__Fee-British__ExitFees-AllUnilateralExits","1","53","0","P","5","20","P Abandons","P Liability Signal: 4;P Files: 1;D Answers: 1","4,1,1","0","true","","","1","Yes","0.5","","",""
"Specification-DirectBinaryStateSignalsModerateRiskAversion__Cost-4__Fee-British__ExitFees-AllUnilateralExits","1","53","0","P","5","20","P Abandons","P Liability Signal: 4;P Files: 1;D Answers: 1","4,1,1","0","true","","","2","No","0.5","","",""
"Specification-DirectBinaryStateSignalsModerateRiskAversion__Cost-4__Fee-British__ExitFees-AllUnilateralExits","1","54","0","P","7","14","P Offer","P Liability Signal: 4;P Files: 1;D Answers: 1;P Abandons: 1","4,1,1,1","0","true","","","1","0.05","0.10000000000000001","","",""
"Specification-DirectBinaryStateSignalsModerateRiskAversion__Cost-4__Fee-British__ExitFees-AllUnilateralExits","1","54","0","P","7","14","P Offer","P Liability Signal: 4;P Files: 1;D Answers: 1;P Abandons: 1","4,1,1,1","0","true","","","2","0.15","0.10000000000000001","","",""
"Specification-DirectBinaryStateSignalsModerateRiskAversion__Cost-4__Fee-British__ExitFees-AllUnilateralExits","1","54","0","P","7","14","P Offer","P Liability Signal: 4;P Files: 1;D Answers: 1;P Abandons: 1","4,1,1,1","0","true","","","3","0.25","0.10000000000000001","","",""
"Specification-DirectBinaryStateSignalsModerateRiskAversion__Cost-4__Fee-British__ExitFees-AllUnilateralExits","1","54","0","P","7","14","P Offer","P Liability Signal: 4;P Files: 1;D Answers: 1;P Abandons: 1","4,1,1,1","0","true","","","4","0.35","0.10000000000000001","","",""
"Specification-DirectBinaryStateSignalsModerateRiskAversion__Cost-4__Fee-British__ExitFees-AllUnilateralExits","1","54","0","P","7","14","P Offer","P Liability Signal: 4;P Files: 1;D Answers: 1;P Abandons: 1","4,1,1,1","0","true","","","5","0.45","0.10000000000000001","","",""
"Specification-DirectBinaryStateSignalsModerateRiskAversion__Cost-4__Fee-British__ExitFees-AllUnilateralExits","1","54","0","P","7","14","P Offer","P Liability Signal: 4;P Files: 1;D Answers: 1;P Abandons: 1","4,1,1,1","0","true","","","6","0.55","0.10000000000000001","","",""
"Specification-DirectBinaryStateSignalsModerateRiskAversion__Cost-4__Fee-British__ExitFees-AllUnilateralExits","1","54","0","P","7","14","P Offer","P Liability Signal: 4;P Files: 1;D Answers: 1;P Abandons: 1","4,1,1,1","0","true","","","7","0.65","0.10000000000000001","","",""
"Specification-DirectBinaryStateSignalsModerateRiskAversion__Cost-4__Fee-British__ExitFees-AllUnilateralExits","1","54","0","P","7","14","P Offer","P Liability Signal: 4;P Files: 1;D Answers: 1;P Abandons: 1","4,1,1,1","0","true","","","8","0.75","0.10000000000000001","","",""
"Specification-DirectBinaryStateSignalsModerateRiskAversion__Cost-4__Fee-British__ExitFees-AllUnilateralExits","1","54","0","P","7","14","P Offer","P Liability Signal: 4;P Files: 1;D Answers: 1;P Abandons: 1","4,1,1,1","0","true","","","9","0.85","0.10000000000000001","","",""
"Specification-DirectBinaryStateSignalsModerateRiskAversion__Cost-4__Fee-British__ExitFees-AllUnilateralExits","1","54","0","P","7","14","P Offer","P Liability Signal: 4;P Files: 1;D Answers: 1;P Abandons: 1","4,1,1,1","0","true","","","10","0.95","0.10000000000000001","","",""
"Specification-DirectBinaryStateSignalsModerateRiskAversion__Cost-4__Fee-British__ExitFees-AllUnilateralExits","1","55","0","P","7","14","P Offer","P Liability Signal: 4;P Files: 1;D Answers: 1;P Abandons: 2","4,1,1,2","0","true","","","1","0.05","0.10000000000000001","","",""
"Specification-DirectBinaryStateSignalsModerateRiskAversion__Cost-4__Fee-British__ExitFees-AllUnilateralExits","1","55","0","P","7","14","P Offer","P Liability Signal: 4;P Files: 1;D Answers: 1;P Abandons: 2","4,1,1,2","0","true","","","2","0.15","0.10000000000000001","","",""
"Specification-DirectBinaryStateSignalsModerateRiskAversion__Cost-4__Fee-British__ExitFees-AllUnilateralExits","1","55","0","P","7","14","P Offer","P Liability Signal: 4;P Files: 1;D Answers: 1;P Abandons: 2","4,1,1,2","0","true","","","3","0.25","0.10000000000000001","","",""
"Specification-DirectBinaryStateSignalsModerateRiskAversion__Cost-4__Fee-British__ExitFees-AllUnilateralExits","1","55","0","P","7","14","P Offer","P Liability Signal: 4;P Files: 1;D Answers: 1;P Abandons: 2","4,1,1,2","0","true","","","4","0.35","0.10000000000000001","","",""
"Specification-DirectBinaryStateSignalsModerateRiskAversion__Cost-4__Fee-British__ExitFees-AllUnilateralExits","1","55","0","P","7","14","P Offer","P Liability Signal: 4;P Files: 1;D Answers: 1;P Abandons: 2","4,1,1,2","0","true","","","5","0.45","0.10000000000000001","","",""
"Specification-DirectBinaryStateSignalsModerateRiskAversion__Cost-4__Fee-British__ExitFees-AllUnilateralExits","1","55","0","P","7","14","P Offer","P Liability Signal: 4;P Files: 1;D Answers: 1;P Abandons: 2","4,1,1,2","0","true","","","6","0.55","0.10000000000000001","","",""
"Specification-DirectBinaryStateSignalsModerateRiskAversion__Cost-4__Fee-British__ExitFees-AllUnilateralExits","1","55","0","P","7","14","P Offer","P Liability Signal: 4;P Files: 1;D Answers: 1;P Abandons: 2","4,1,1,2","0","true","","","7","0.65","0.10000000000000001","","",""
"Specification-DirectBinaryStateSignalsModerateRiskAversion__Cost-4__Fee-British__ExitFees-AllUnilateralExits","1","55","0","P","7","14","P Offer","P Liability Signal: 4;P Files: 1;D Answers: 1;P Abandons: 2","4,1,1,2","0","true","","","8","0.75","0.10000000000000001","","",""
"Specification-DirectBinaryStateSignalsModerateRiskAversion__Cost-4__Fee-British__ExitFees-AllUnilateralExits","1","55","0","P","7","14","P Offer","P Liability Signal: 4;P Files: 1;D Answers: 1;P Abandons: 2","4,1,1,2","0","true","","","9","0.85","0.10000000000000001","","",""
"Specification-DirectBinaryStateSignalsModerateRiskAversion__Cost-4__Fee-British__ExitFees-AllUnilateralExits","1","55","0","P","7","14","P Offer","P Liability Signal: 4;P Files: 1;D Answers: 1;P Abandons: 2","4,1,1,2","0","true","","","10","0.95","0.10000000000000001","","",""
"Specification-DirectBinaryStateSignalsModerateRiskAversion__Cost-4__Fee-British__ExitFees-AllUnilateralExits","1","56","0","P","2","9","P Files","P Liability Signal: 5","5","0.083629999999999996","false","1000.0000362501","1000.0000362501","1","Yes","0","999.36946282576855","0.63057342433148733","false"
"Specification-DirectBinaryStateSignalsModerateRiskAversion__Cost-4__Fee-British__ExitFees-AllUnilateralExits","1","56","0","P","2","9","P Files","P Liability Signal: 5","5","0.083629999999999996","false","1000.0000362501","1000.0000362501","2","No","1","1000.0000362501","0","true"
"Specification-DirectBinaryStateSignalsModerateRiskAversion__Cost-4__Fee-British__ExitFees-AllUnilateralExits","1","57","0","P","5","20","P Abandons","P Liability Signal: 5;P Files: 1;D Answers: 1","5,1,1","0","true","","","1","Yes","0.5","","",""
"Specification-DirectBinaryStateSignalsModerateRiskAversion__Cost-4__Fee-British__ExitFees-AllUnilateralExits","1","57","0","P","5","20","P Abandons","P Liability Signal: 5;P Files: 1;D Answers: 1","5,1,1","0","true","","","2","No","0.5","","",""
"Specification-DirectBinaryStateSignalsModerateRiskAversion__Cost-4__Fee-British__ExitFees-AllUnilateralExits","1","58","0","P","7","14","P Offer","P Liability Signal: 5;P Files: 1;D Answers: 1;P Abandons: 1","5,1,1,1","0","true","","","1","0.05","0.10000000000000001","","",""
"Specification-DirectBinaryStateSignalsModerateRiskAversion__Cost-4__Fee-British__ExitFees-AllUnilateralExits","1","58","0","P","7","14","P Offer","P Liability Signal: 5;P Files: 1;D Answers: 1;P Abandons: 1","5,1,1,1","0","true","","","2","0.15","0.10000000000000001","","",""
"Specification-DirectBinaryStateSignalsModerateRiskAversion__Cost-4__Fee-British__ExitFees-AllUnilateralExits","1","58","0","P","7","14","P Offer","P Liability Signal: 5;P Files: 1;D Answers: 1;P Abandons: 1","5,1,1,1","0","true","","","3","0.25","0.10000000000000001","","",""
"Specification-DirectBinaryStateSignalsModerateRiskAversion__Cost-4__Fee-British__ExitFees-AllUnilateralExits","1","58","0","P","7","14","P Offer","P Liability Signal: 5;P Files: 1;D Answers: 1;P Abandons: 1","5,1,1,1","0","true","","","4","0.35","0.10000000000000001","","",""
"Specification-DirectBinaryStateSignalsModerateRiskAversion__Cost-4__Fee-British__ExitFees-AllUnilateralExits","1","58","0","P","7","14","P Offer","P Liability Signal: 5;P Files: 1;D Answers: 1;P Abandons: 1","5,1,1,1","0","true","","","5","0.45","0.10000000000000001","","",""
"Specification-DirectBinaryStateSignalsModerateRiskAversion__Cost-4__Fee-British__ExitFees-AllUnilateralExits","1","58","0","P","7","14","P Offer","P Liability Signal: 5;P Files: 1;D Answers: 1;P Abandons: 1","5,1,1,1","0","true","","","6","0.55","0.10000000000000001","","",""
"Specification-DirectBinaryStateSignalsModerateRiskAversion__Cost-4__Fee-British__ExitFees-AllUnilateralExits","1","58","0","P","7","14","P Offer","P Liability Signal: 5;P Files: 1;D Answers: 1;P Abandons: 1","5,1,1,1","0","true","","","7","0.65","0.10000000000000001","","",""
"Specification-DirectBinaryStateSignalsModerateRiskAversion__Cost-4__Fee-British__ExitFees-AllUnilateralExits","1","58","0","P","7","14","P Offer","P Liability Signal: 5;P Files: 1;D Answers: 1;P Abandons: 1","5,1,1,1","0","true","","","8","0.75","0.10000000000000001","","",""
"Specification-DirectBinaryStateSignalsModerateRiskAversion__Cost-4__Fee-British__ExitFees-AllUnilateralExits","1","58","0","P","7","14","P Offer","P Liability Signal: 5;P Files: 1;D Answers: 1;P Abandons: 1","5,1,1,1","0","true","","","9","0.85","0.10000000000000001","","",""
"Specification-DirectBinaryStateSignalsModerateRiskAversion__Cost-4__Fee-British__ExitFees-AllUnilateralExits","1","58","0","P","7","14","P Offer","P Liability Signal: 5;P Files: 1;D Answers: 1;P Abandons: 1","5,1,1,1","0","true","","","10","0.95","0.10000000000000001","","",""
"Specification-DirectBinaryStateSignalsModerateRiskAversion__Cost-4__Fee-British__ExitFees-AllUnilateralExits","1","59","0","P","7","14","P Offer","P Liability Signal: 5;P Files: 1;D Answers: 1;P Abandons: 2","5,1,1,2","0","true","","","1","0.05","0.10000000000000001","","",""
"Specification-DirectBinaryStateSignalsModerateRiskAversion__Cost-4__Fee-British__ExitFees-AllUnilateralExits","1","59","0","P","7","14","P Offer","P Liability Signal: 5;P Files: 1;D Answers: 1;P Abandons: 2","5,1,1,2","0","true","","","2","0.15","0.10000000000000001","","",""
"Specification-DirectBinaryStateSignalsModerateRiskAversion__Cost-4__Fee-British__ExitFees-AllUnilateralExits","1","59","0","P","7","14","P Offer","P Liability Signal: 5;P Files: 1;D Answers: 1;P Abandons: 2","5,1,1,2","0","true","","","3","0.25","0.10000000000000001","","",""
"Specification-DirectBinaryStateSignalsModerateRiskAversion__Cost-4__Fee-British__ExitFees-AllUnilateralExits","1","59","0","P","7","14","P Offer","P Liability Signal: 5;P Files: 1;D Answers: 1;P Abandons: 2","5,1,1,2","0","true","","","4","0.35","0.10000000000000001","","",""
"Specification-DirectBinaryStateSignalsModerateRiskAversion__Cost-4__Fee-British__ExitFees-AllUnilateralExits","1","59","0","P","7","14","P Offer","P Liability Signal: 5;P Files: 1;D Answers: 1;P Abandons: 2","5,1,1,2","0","true","","","5","0.45","0.10000000000000001","","",""
"Specification-DirectBinaryStateSignalsModerateRiskAversion__Cost-4__Fee-British__ExitFees-AllUnilateralExits","1","59","0","P","7","14","P Offer","P Liability Signal: 5;P Files: 1;D Answers: 1;P Abandons: 2","5,1,1,2","0","true","","","6","0.55","0.10000000000000001","","",""
"Specification-DirectBinaryStateSignalsModerateRiskAversion__Cost-4__Fee-British__ExitFees-AllUnilateralExits","1","59","0","P","7","14","P Offer","P Liability Signal: 5;P Files: 1;D Answers: 1;P Abandons: 2","5,1,1,2","0","true","","","7","0.65","0.10000000000000001","","",""
"Specification-DirectBinaryStateSignalsModerateRiskAversion__Cost-4__Fee-British__ExitFees-AllUnilateralExits","1","59","0","P","7","14","P Offer","P Liability Signal: 5;P Files: 1;D Answers: 1;P Abandons: 2","5,1,1,2","0","true","","","8","0.75","0.10000000000000001","","",""
"Specification-DirectBinaryStateSignalsModerateRiskAversion__Cost-4__Fee-British__ExitFees-AllUnilateralExits","1","59","0","P","7","14","P Offer","P Liability Signal: 5;P Files: 1;D Answers: 1;P Abandons: 2","5,1,1,2","0","true","","","9","0.85","0.10000000000000001","","",""
"Specification-DirectBinaryStateSignalsModerateRiskAversion__Cost-4__Fee-British__ExitFees-AllUnilateralExits","1","59","0","P","7","14","P Offer","P Liability Signal: 5;P Files: 1;D Answers: 1;P Abandons: 2","5,1,1,2","0","true","","","10","0.95","0.10000000000000001","","",""
"Specification-DirectBinaryStateSignalsModerateRiskAversion__Cost-4__Fee-British__ExitFees-AllUnilateralExits","1","60","0","P","2","9","P Files","P Liability Signal: 6","6","0.083629999999999982","false","1000.0000362501002","1000.0000362501002","1","Yes","0","999.5592814493059","0.44075480079425233","false"
"Specification-DirectBinaryStateSignalsModerateRiskAversion__Cost-4__Fee-British__ExitFees-AllUnilateralExits","1","60","0","P","2","9","P Files","P Liability Signal: 6","6","0.083629999999999982","false","1000.0000362501002","1000.0000362501002","2","No","1","1000.0000362501002","0","true"
"Specification-DirectBinaryStateSignalsModerateRiskAversion__Cost-4__Fee-British__ExitFees-AllUnilateralExits","1","61","0","P","5","20","P Abandons","P Liability Signal: 6;P Files: 1;D Answers: 1","6,1,1","0","true","","","1","Yes","0.5","","",""
"Specification-DirectBinaryStateSignalsModerateRiskAversion__Cost-4__Fee-British__ExitFees-AllUnilateralExits","1","61","0","P","5","20","P Abandons","P Liability Signal: 6;P Files: 1;D Answers: 1","6,1,1","0","true","","","2","No","0.5","","",""
"Specification-DirectBinaryStateSignalsModerateRiskAversion__Cost-4__Fee-British__ExitFees-AllUnilateralExits","1","62","0","P","7","14","P Offer","P Liability Signal: 6;P Files: 1;D Answers: 1;P Abandons: 1","6,1,1,1","0","true","","","1","0.05","0.10000000000000001","","",""
"Specification-DirectBinaryStateSignalsModerateRiskAversion__Cost-4__Fee-British__ExitFees-AllUnilateralExits","1","62","0","P","7","14","P Offer","P Liability Signal: 6;P Files: 1;D Answers: 1;P Abandons: 1","6,1,1,1","0","true","","","2","0.15","0.10000000000000001","","",""
"Specification-DirectBinaryStateSignalsModerateRiskAversion__Cost-4__Fee-British__ExitFees-AllUnilateralExits","1","62","0","P","7","14","P Offer","P Liability Signal: 6;P Files: 1;D Answers: 1;P Abandons: 1","6,1,1,1","0","true","","","3","0.25","0.10000000000000001","","",""
"Specification-DirectBinaryStateSignalsModerateRiskAversion__Cost-4__Fee-British__ExitFees-AllUnilateralExits","1","62","0","P","7","14","P Offer","P Liability Signal: 6;P Files: 1;D Answers: 1;P Abandons: 1","6,1,1,1","0","true","","","4","0.35","0.10000000000000001","","",""
"Specification-DirectBinaryStateSignalsModerateRiskAversion__Cost-4__Fee-British__ExitFees-AllUnilateralExits","1","62","0","P","7","14","P Offer","P Liability Signal: 6;P Files: 1;D Answers: 1;P Abandons: 1","6,1,1,1","0","true","","","5","0.45","0.10000000000000001","","",""
"Specification-DirectBinaryStateSignalsModerateRiskAversion__Cost-4__Fee-British__ExitFees-AllUnilateralExits","1","62","0","P","7","14","P Offer","P Liability Signal: 6;P Files: 1;D Answers: 1;P Abandons: 1","6,1,1,1","0","true","","","6","0.55","0.10000000000000001","","",""
"Specification-DirectBinaryStateSignalsModerateRiskAversion__Cost-4__Fee-British__ExitFees-AllUnilateralExits","1","62","0","P","7","14","P Offer","P Liability Signal: 6;P Files: 1;D Answers: 1;P Abandons: 1","6,1,1,1","0","true","","","7","0.65","0.10000000000000001","","",""
"Specification-DirectBinaryStateSignalsModerateRiskAversion__Cost-4__Fee-British__ExitFees-AllUnilateralExits","1","62","0","P","7","14","P Offer","P Liability Signal: 6;P Files: 1;D Answers: 1;P Abandons: 1","6,1,1,1","0","true","","","8","0.75","0.10000000000000001","","",""
"Specification-DirectBinaryStateSignalsModerateRiskAversion__Cost-4__Fee-British__ExitFees-AllUnilateralExits","1","62","0","P","7","14","P Offer","P Liability Signal: 6;P Files: 1;D Answers: 1;P Abandons: 1","6,1,1,1","0","true","","","9","0.85","0.10000000000000001","","",""
"Specification-DirectBinaryStateSignalsModerateRiskAversion__Cost-4__Fee-British__ExitFees-AllUnilateralExits","1","62","0","P","7","14","P Offer","P Liability Signal: 6;P Files: 1;D Answers: 1;P Abandons: 1","6,1,1,1","0","true","","","10","0.95","0.10000000000000001","","",""
"Specification-DirectBinaryStateSignalsModerateRiskAversion__Cost-4__Fee-British__ExitFees-AllUnilateralExits","1","63","0","P","7","14","P Offer","P Liability Signal: 6;P Files: 1;D Answers: 1;P Abandons: 2","6,1,1,2","0","true","","","1","0.05","0.10000000000000001","","",""
"Specification-DirectBinaryStateSignalsModerateRiskAversion__Cost-4__Fee-British__ExitFees-AllUnilateralExits","1","63","0","P","7","14","P Offer","P Liability Signal: 6;P Files: 1;D Answers: 1;P Abandons: 2","6,1,1,2","0","true","","","2","0.15","0.10000000000000001","","",""
"Specification-DirectBinaryStateSignalsModerateRiskAversion__Cost-4__Fee-British__ExitFees-AllUnilateralExits","1","63","0","P","7","14","P Offer","P Liability Signal: 6;P Files: 1;D Answers: 1;P Abandons: 2","6,1,1,2","0","true","","","3","0.25","0.10000000000000001","","",""
"Specification-DirectBinaryStateSignalsModerateRiskAversion__Cost-4__Fee-British__ExitFees-AllUnilateralExits","1","63","0","P","7","14","P Offer","P Liability Signal: 6;P Files: 1;D Answers: 1;P Abandons: 2","6,1,1,2","0","true","","","4","0.35","0.10000000000000001","","",""
"Specification-DirectBinaryStateSignalsModerateRiskAversion__Cost-4__Fee-British__ExitFees-AllUnilateralExits","1","63","0","P","7","14","P Offer","P Liability Signal: 6;P Files: 1;D Answers: 1;P Abandons: 2","6,1,1,2","0","true","","","5","0.45","0.10000000000000001","","",""
"Specification-DirectBinaryStateSignalsModerateRiskAversion__Cost-4__Fee-British__ExitFees-AllUnilateralExits","1","63","0","P","7","14","P Offer","P Liability Signal: 6;P Files: 1;D Answers: 1;P Abandons: 2","6,1,1,2","0","true","","","6","0.55","0.10000000000000001","","",""
"Specification-DirectBinaryStateSignalsModerateRiskAversion__Cost-4__Fee-British__ExitFees-AllUnilateralExits","1","63","0","P","7","14","P Offer","P Liability Signal: 6;P Files: 1;D Answers: 1;P Abandons: 2","6,1,1,2","0","true","","","7","0.65","0.10000000000000001","","",""
"Specification-DirectBinaryStateSignalsModerateRiskAversion__Cost-4__Fee-British__ExitFees-AllUnilateralExits","1","63","0","P","7","14","P Offer","P Liability Signal: 6;P Files: 1;D Answers: 1;P Abandons: 2","6,1,1,2","0","true","","","8","0.75","0.10000000000000001","","",""
"Specification-DirectBinaryStateSignalsModerateRiskAversion__Cost-4__Fee-British__ExitFees-AllUnilateralExits","1","63","0","P","7","14","P Offer","P Liability Signal: 6;P Files: 1;D Answers: 1;P Abandons: 2","6,1,1,2","0","true","","","9","0.85","0.10000000000000001","","",""
"Specification-DirectBinaryStateSignalsModerateRiskAversion__Cost-4__Fee-British__ExitFees-AllUnilateralExits","1","63","0","P","7","14","P Offer","P Liability Signal: 6;P Files: 1;D Answers: 1;P Abandons: 2","6,1,1,2","0","true","","","10","0.95","0.10000000000000001","","",""
"Specification-DirectBinaryStateSignalsModerateRiskAversion__Cost-4__Fee-British__ExitFees-AllUnilateralExits","1","64","0","P","2","9","P Files","P Liability Signal: 7","7","0.089979999999999991","false","1000.0000362501002","1000.0000362501002","1","Yes","0","999.72199954456551","0.27803670553464599","false"
"Specification-DirectBinaryStateSignalsModerateRiskAversion__Cost-4__Fee-British__ExitFees-AllUnilateralExits","1","64","0","P","2","9","P Files","P Liability Signal: 7","7","0.089979999999999991","false","1000.0000362501002","1000.0000362501002","2","No","1","1000.0000362501002","0","true"
"Specification-DirectBinaryStateSignalsModerateRiskAversion__Cost-4__Fee-British__ExitFees-AllUnilateralExits","1","65","0","P","5","20","P Abandons","P Liability Signal: 7;P Files: 1;D Answers: 1","7,1,1","0","true","","","1","Yes","0.5","","",""
"Specification-DirectBinaryStateSignalsModerateRiskAversion__Cost-4__Fee-British__ExitFees-AllUnilateralExits","1","65","0","P","5","20","P Abandons","P Liability Signal: 7;P Files: 1;D Answers: 1","7,1,1","0","true","","","2","No","0.5","","",""
"Specification-DirectBinaryStateSignalsModerateRiskAversion__Cost-4__Fee-British__ExitFees-AllUnilateralExits","1","66","0","P","7","14","P Offer","P Liability Signal: 7;P Files: 1;D Answers: 1;P Abandons: 1","7,1,1,1","0","true","","","1","0.05","0.10000000000000001","","",""
"Specification-DirectBinaryStateSignalsModerateRiskAversion__Cost-4__Fee-British__ExitFees-AllUnilateralExits","1","66","0","P","7","14","P Offer","P Liability Signal: 7;P Files: 1;D Answers: 1;P Abandons: 1","7,1,1,1","0","true","","","2","0.15","0.10000000000000001","","",""
"Specification-DirectBinaryStateSignalsModerateRiskAversion__Cost-4__Fee-British__ExitFees-AllUnilateralExits","1","66","0","P","7","14","P Offer","P Liability Signal: 7;P Files: 1;D Answers: 1;P Abandons: 1","7,1,1,1","0","true","","","3","0.25","0.10000000000000001","","",""
"Specification-DirectBinaryStateSignalsModerateRiskAversion__Cost-4__Fee-British__ExitFees-AllUnilateralExits","1","66","0","P","7","14","P Offer","P Liability Signal: 7;P Files: 1;D Answers: 1;P Abandons: 1","7,1,1,1","0","true","","","4","0.35","0.10000000000000001","","",""
"Specification-DirectBinaryStateSignalsModerateRiskAversion__Cost-4__Fee-British__ExitFees-AllUnilateralExits","1","66","0","P","7","14","P Offer","P Liability Signal: 7;P Files: 1;D Answers: 1;P Abandons: 1","7,1,1,1","0","true","","","5","0.45","0.10000000000000001","","",""
"Specification-DirectBinaryStateSignalsModerateRiskAversion__Cost-4__Fee-British__ExitFees-AllUnilateralExits","1","66","0","P","7","14","P Offer","P Liability Signal: 7;P Files: 1;D Answers: 1;P Abandons: 1","7,1,1,1","0","true","","","6","0.55","0.10000000000000001","","",""
"Specification-DirectBinaryStateSignalsModerateRiskAversion__Cost-4__Fee-British__ExitFees-AllUnilateralExits","1","66","0","P","7","14","P Offer","P Liability Signal: 7;P Files: 1;D Answers: 1;P Abandons: 1","7,1,1,1","0","true","","","7","0.65","0.10000000000000001","","",""
"Specification-DirectBinaryStateSignalsModerateRiskAversion__Cost-4__Fee-British__ExitFees-AllUnilateralExits","1","66","0","P","7","14","P Offer","P Liability Signal: 7;P Files: 1;D Answers: 1;P Abandons: 1","7,1,1,1","0","true","","","8","0.75","0.10000000000000001","","",""
"Specification-DirectBinaryStateSignalsModerateRiskAversion__Cost-4__Fee-British__ExitFees-AllUnilateralExits","1","66","0","P","7","14","P Offer","P Liability Signal: 7;P Files: 1;D Answers: 1;P Abandons: 1","7,1,1,1","0","true","","","9","0.85","0.10000000000000001","","",""
"Specification-DirectBinaryStateSignalsModerateRiskAversion__Cost-4__Fee-British__ExitFees-AllUnilateralExits","1","66","0","P","7","14","P Offer","P Liability Signal: 7;P Files: 1;D Answers: 1;P Abandons: 1","7,1,1,1","0","true","","","10","0.95","0.10000000000000001","","",""
"Specification-DirectBinaryStateSignalsModerateRiskAversion__Cost-4__Fee-British__ExitFees-AllUnilateralExits","1","67","0","P","7","14","P Offer","P Liability Signal: 7;P Files: 1;D Answers: 1;P Abandons: 2","7,1,1,2","0","true","","","1","0.05","0.10000000000000001","","",""
"Specification-DirectBinaryStateSignalsModerateRiskAversion__Cost-4__Fee-British__ExitFees-AllUnilateralExits","1","67","0","P","7","14","P Offer","P Liability Signal: 7;P Files: 1;D Answers: 1;P Abandons: 2","7,1,1,2","0","true","","","2","0.15","0.10000000000000001","","",""
"Specification-DirectBinaryStateSignalsModerateRiskAversion__Cost-4__Fee-British__ExitFees-AllUnilateralExits","1","67","0","P","7","14","P Offer","P Liability Signal: 7;P Files: 1;D Answers: 1;P Abandons: 2","7,1,1,2","0","true","","","3","0.25","0.10000000000000001","","",""
"Specification-DirectBinaryStateSignalsModerateRiskAversion__Cost-4__Fee-British__ExitFees-AllUnilateralExits","1","67","0","P","7","14","P Offer","P Liability Signal: 7;P Files: 1;D Answers: 1;P Abandons: 2","7,1,1,2","0","true","","","4","0.35","0.10000000000000001","","",""
"Specification-DirectBinaryStateSignalsModerateRiskAversion__Cost-4__Fee-British__ExitFees-AllUnilateralExits","1","67","0","P","7","14","P Offer","P Liability Signal: 7;P Files: 1;D Answers: 1;P Abandons: 2","7,1,1,2","0","true","","","5","0.45","0.10000000000000001","","",""
"Specification-DirectBinaryStateSignalsModerateRiskAversion__Cost-4__Fee-British__ExitFees-AllUnilateralExits","1","67","0","P","7","14","P Offer","P Liability Signal: 7;P Files: 1;D Answers: 1;P Abandons: 2","7,1,1,2","0","true","","","6","0.55","0.10000000000000001","","",""
"Specification-DirectBinaryStateSignalsModerateRiskAversion__Cost-4__Fee-British__ExitFees-AllUnilateralExits","1","67","0","P","7","14","P Offer","P Liability Signal: 7;P Files: 1;D Answers: 1;P Abandons: 2","7,1,1,2","0","true","","","7","0.65","0.10000000000000001","","",""
"Specification-DirectBinaryStateSignalsModerateRiskAversion__Cost-4__Fee-British__ExitFees-AllUnilateralExits","1","67","0","P","7","14","P Offer","P Liability Signal: 7;P Files: 1;D Answers: 1;P Abandons: 2","7,1,1,2","0","true","","","8","0.75","0.10000000000000001","","",""
"Specification-DirectBinaryStateSignalsModerateRiskAversion__Cost-4__Fee-British__ExitFees-AllUnilateralExits","1","67","0","P","7","14","P Offer","P Liability Signal: 7;P Files: 1;D Answers: 1;P Abandons: 2","7,1,1,2","0","true","","","9","0.85","0.10000000000000001","","",""
"Specification-DirectBinaryStateSignalsModerateRiskAversion__Cost-4__Fee-British__ExitFees-AllUnilateralExits","1","67","0","P","7","14","P Offer","P Liability Signal: 7;P Files: 1;D Answers: 1;P Abandons: 2","7,1,1,2","0","true","","","10","0.95","0.10000000000000001","","",""
"Specification-DirectBinaryStateSignalsModerateRiskAversion__Cost-4__Fee-British__ExitFees-AllUnilateralExits","1","68","0","P","2","9","P Files","P Liability Signal: 8","8","0.10020999999999999","false","1000.0000362501","1000.0000362501","1","Yes","0.23151664965849381","1000.0000362501","0","true"
"Specification-DirectBinaryStateSignalsModerateRiskAversion__Cost-4__Fee-British__ExitFees-AllUnilateralExits","1","68","0","P","2","9","P Files","P Liability Signal: 8","8","0.10020999999999999","false","1000.0000362501","1000.0000362501","2","No","0.76848335034150617","1000.0000362501","0","true"
"Specification-DirectBinaryStateSignalsModerateRiskAversion__Cost-4__Fee-British__ExitFees-AllUnilateralExits","1","69","0","P","5","20","P Abandons","P Liability Signal: 8;P Files: 1;D Answers: 1","8,1,1","0.023200283462277663","false","1000.0000362500999","1000.0000362500999","1","Yes","1","1000.0000362500999","0","true"
"Specification-DirectBinaryStateSignalsModerateRiskAversion__Cost-4__Fee-British__ExitFees-AllUnilateralExits","1","69","0","P","5","20","P Abandons","P Liability Signal: 8;P Files: 1;D Answers: 1","8,1,1","0.023200283462277663","false","1000.0000362500999","1000.0000362500999","2","No","0","999.81807910090311","0.18195714919681905","false"
"Specification-DirectBinaryStateSignalsModerateRiskAversion__Cost-4__Fee-British__ExitFees-AllUnilateralExits","1","70","0","P","7","14","P Offer","P Liability Signal: 8;P Files: 1;D Answers: 1;P Abandons: 1","8,1,1,1","0.023200283462277663","false","1000.0000362500998","1000.0000362501","1","0.05","0","999.91551958410048","0.084516665999558427","false"
"Specification-DirectBinaryStateSignalsModerateRiskAversion__Cost-4__Fee-British__ExitFees-AllUnilateralExits","1","70","0","P","7","14","P Offer","P Liability Signal: 8;P Files: 1;D Answers: 1;P Abandons: 1","8,1,1,1","0.023200283462277663","false","1000.0000362500998","1000.0000362501","2","0.15","0","999.94126009020727","0.058776159892772739","false"
"Specification-DirectBinaryStateSignalsModerateRiskAversion__Cost-4__Fee-British__ExitFees-AllUnilateralExits","1","70","0","P","7","14","P Offer","P Liability Signal: 8;P Files: 1;D Answers: 1;P Abandons: 1","8,1,1,1","0.023200283462277663","false","1000.0000362500998","1000.0000362501","3","0.25","0","999.96465062714049","0.035385622959552165","false"
"Specification-DirectBinaryStateSignalsModerateRiskAversion__Cost-4__Fee-British__ExitFees-AllUnilateralExits","1","70","0","P","7","14","P Offer","P Liability Signal: 8;P Files: 1;D Answers: 1;P Abandons: 1","8,1,1,1","0.023200283462277663","false","1000.0000362500998","1000.0000362501","4","0.35","0","999.98566304256462","0.014373207535413712","false"
"Specification-DirectBinaryStateSignalsModerateRiskAversion__Cost-4__Fee-British__ExitFees-AllUnilateralExits","1","70","0","P","7","14","P Offer","P Liability Signal: 8;P Files: 1;D Answers: 1;P Abandons: 1","8,1,1,1","0.023200283462277663","false","1000.0000362500998","1000.0000362501","5","0.45","0","1000.0000362500999","1.1368683772161603E-13","true"
"Specification-DirectBinaryStateSignalsModerateRiskAversion__Cost-4__Fee-British__ExitFees-AllUnilateralExits","1","70","0","P","7","14","P Offer","P Liability Signal: 8;P Files: 1;D Answers: 1;P Abandons: 1","8,1,1,1","0.023200283462277663","false","1000.0000362500998","1000.0000362501","6","0.55","0","1000.0000362501","0","true"
"Specification-DirectBinaryStateSignalsModerateRiskAversion__Cost-4__Fee-British__ExitFees-AllUnilateralExits","1","70","0","P","7","14","P Offer","P Liability Signal: 8;P Files: 1;D Answers: 1;P Abandons: 1","8,1,1,1","0.023200283462277663","false","1000.0000362500998","1000.0000362501","7","0.65","0","1000.0000362500999","1.1368683772161603E-13","true"
"Specification-DirectBinaryStateSignalsModerateRiskAversion__Cost-4__Fee-British__ExitFees-AllUnilateralExits","1","70","0","P","7","14","P Offer","P Liability Signal: 8;P Files: 1;D Answers: 1;P Abandons: 1","8,1,1,1","0.023200283462277663","false","1000.0000362500998","1000.0000362501","8","0.75","1","1000.0000362500998","2.2737367544323206E-13","true"
"Specification-DirectBinaryStateSignalsModerateRiskAversion__Cost-4__Fee-British__ExitFees-AllUnilateralExits","1","70","0","P","7","14","P Offer","P Liability Signal: 8;P Files: 1;D Answers: 1;P Abandons: 1","8,1,1,1","0.023200283462277663","false","1000.0000362500998","1000.0000362501","9","0.85","0","999.28907788044273","0.71095836965730541","false"
"Specification-DirectBinaryStateSignalsModerateRiskAversion__Cost-4__Fee-British__ExitFees-AllUnilateralExits","1","70","0","P","7","14","P Offer","P Liability Signal: 8;P Files: 1;D Answers: 1;P Abandons: 1","8,1,1,1","0.023200283462277663","false","1000.0000362500998","1000.0000362501","10","0.95","0","999.2908616891342","0.70917456096583464","false"
"Specification-DirectBinaryStateSignalsModerateRiskAversion__Cost-4__Fee-British__ExitFees-AllUnilateralExits","1","71","0","P","7","14","P Offer","P Liability Signal: 8;P Files: 1;D Answers: 1;P Abandons: 2","8,1,1,2","0","true","","","1","0.05","0.10000000000000001","","",""
"Specification-DirectBinaryStateSignalsModerateRiskAversion__Cost-4__Fee-British__ExitFees-AllUnilateralExits","1","71","0","P","7","14","P Offer","P Liability Signal: 8;P Files: 1;D Answers: 1;P Abandons: 2","8,1,1,2","0","true","","","2","0.15","0.10000000000000001","","",""
"Specification-DirectBinaryStateSignalsModerateRiskAversion__Cost-4__Fee-British__ExitFees-AllUnilateralExits","1","71","0","P","7","14","P Offer","P Liability Signal: 8;P Files: 1;D Answers: 1;P Abandons: 2","8,1,1,2","0","true","","","3","0.25","0.10000000000000001","","",""
"Specification-DirectBinaryStateSignalsModerateRiskAversion__Cost-4__Fee-British__ExitFees-AllUnilateralExits","1","71","0","P","7","14","P Offer","P Liability Signal: 8;P Files: 1;D Answers: 1;P Abandons: 2","8,1,1,2","0","true","","","4","0.35","0.10000000000000001","","",""
"Specification-DirectBinaryStateSignalsModerateRiskAversion__Cost-4__Fee-British__ExitFees-AllUnilateralExits","1","71","0","P","7","14","P Offer","P Liability Signal: 8;P Files: 1;D Answers: 1;P Abandons: 2","8,1,1,2","0","true","","","5","0.45","0.10000000000000001","","",""
"Specification-DirectBinaryStateSignalsModerateRiskAversion__Cost-4__Fee-British__ExitFees-AllUnilateralExits","1","71","0","P","7","14","P Offer","P Liability Signal: 8;P Files: 1;D Answers: 1;P Abandons: 2","8,1,1,2","0","true","","","6","0.55","0.10000000000000001","","",""
"Specification-DirectBinaryStateSignalsModerateRiskAversion__Cost-4__Fee-British__ExitFees-AllUnilateralExits","1","71","0","P","7","14","P Offer","P Liability Signal: 8;P Files: 1;D Answers: 1;P Abandons: 2","8,1,1,2","0","true","","","7","0.65","0.10000000000000001","","",""
"Specification-DirectBinaryStateSignalsModerateRiskAversion__Cost-4__Fee-British__ExitFees-AllUnilateralExits","1","71","0","P","7","14","P Offer","P Liability Signal: 8;P Files: 1;D Answers: 1;P Abandons: 2","8,1,1,2","0","true","","","8","0.75","0.10000000000000001","","",""
"Specification-DirectBinaryStateSignalsModerateRiskAversion__Cost-4__Fee-British__ExitFees-AllUnilateralExits","1","71","0","P","7","14","P Offer","P Liability Signal: 8;P Files: 1;D Answers: 1;P Abandons: 2","8,1,1,2","0","true","","","9","0.85","0.10000000000000001","","",""
"Specification-DirectBinaryStateSignalsModerateRiskAversion__Cost-4__Fee-British__ExitFees-AllUnilateralExits","1","71","0","P","7","14","P Offer","P Liability Signal: 8;P Files: 1;D Answers: 1;P Abandons: 2","8,1,1,2","0","true","","","10","0.95","0.10000000000000001","","",""
"Specification-DirectBinaryStateSignalsModerateRiskAversion__Cost-4__Fee-British__ExitFees-AllUnilateralExits","1","72","0","P","2","9","P Files","P Liability Signal: 9","9","0.11026","false","1000.0229887839301","1000.0229887839301","1","Yes","1","1000.0229887839301","0","true"
"Specification-DirectBinaryStateSignalsModerateRiskAversion__Cost-4__Fee-British__ExitFees-AllUnilateralExits","1","72","0","P","2","9","P Files","P Liability Signal: 9","9","0.11026","false","1000.0229887839301","1000.0229887839301","2","No","0","1000.0000362501003","0.02295253382987994","false"
"Specification-DirectBinaryStateSignalsModerateRiskAversion__Cost-4__Fee-British__ExitFees-AllUnilateralExits","1","73","0","P","5","20","P Abandons","P Liability Signal: 9;P Files: 1;D Answers: 1","9,1,1","0.11026","false","1000.0229887839301","1000.0229887839301","1","Yes","1","1000.0229887839301","0","true"
"Specification-DirectBinaryStateSignalsModerateRiskAversion__Cost-4__Fee-British__ExitFees-AllUnilateralExits","1","73","0","P","5","20","P Abandons","P Liability Signal: 9;P Files: 1;D Answers: 1","9,1,1","0.11026","false","1000.0229887839301","1000.0229887839301","2","No","0","999.92334807535485","0.099640708575293502","false"
"Specification-DirectBinaryStateSignalsModerateRiskAversion__Cost-4__Fee-British__ExitFees-AllUnilateralExits","1","74","0","P","7","14","P Offer","P Liability Signal: 9;P Files: 1;D Answers: 1;P Abandons: 1","9,1,1,1","0.11026","false","1000.0229887839301","1000.0229887839301","1","0.05","0","999.91699458884489","0.10599419508525898","false"
"Specification-DirectBinaryStateSignalsModerateRiskAversion__Cost-4__Fee-British__ExitFees-AllUnilateralExits","1","74","0","P","7","14","P Offer","P Liability Signal: 9;P Files: 1;D Answers: 1;P Abandons: 1","9,1,1,1","0.11026","false","1000.0229887839301","1000.0229887839301","2","0.15","0","999.94259309830113","0.080395685629014224","false"
"Specification-DirectBinaryStateSignalsModerateRiskAversion__Cost-4__Fee-British__ExitFees-AllUnilateralExits","1","74","0","P","7","14","P Offer","P Liability Signal: 9;P Files: 1;D Answers: 1;P Abandons: 1","9,1,1,1","0.11026","false","1000.0229887839301","1000.0229887839301","3","0.25","0","999.96585801560354","0.057130768326601356","false"
"Specification-DirectBinaryStateSignalsModerateRiskAversion__Cost-4__Fee-British__ExitFees-AllUnilateralExits","1","74","0","P","7","14","P Offer","P Liability Signal: 9;P Files: 1;D Answers: 1;P Abandons: 1","9,1,1,1","0.11026","false","1000.0229887839301","1000.0229887839301","4","0.35","0","999.98675484802641","0.036233935903737802","false"
"Specification-DirectBinaryStateSignalsModerateRiskAversion__Cost-4__Fee-British__ExitFees-AllUnilateralExits","1","74","0","P","7","14","P Offer","P Liability Signal: 9;P Files: 1;D Answers: 1;P Abandons: 1","9,1,1,1","0.11026","false","1000.0229887839301","1000.0229887839301","5","0.45","0","1000.0030864960446","0.019902287885543046","false"
"Specification-DirectBinaryStateSignalsModerateRiskAversion__Cost-4__Fee-British__ExitFees-AllUnilateralExits","1","74","0","P","7","14","P Offer","P Liability Signal: 9;P Files: 1;D Answers: 1;P Abandons: 1","9,1,1,1","0.11026","false","1000.0229887839301","1000.0229887839301","6","0.55","0","1000.0103749043089","0.012613879621198976","false"
"Specification-DirectBinaryStateSignalsModerateRiskAversion__Cost-4__Fee-British__ExitFees-AllUnilateralExits","1","74","0","P","7","14","P Offer","P Liability Signal: 9;P Files: 1;D Answers: 1;P Abandons: 1","9,1,1,1","0.11026","false","1000.0229887839301","1000.0229887839301","7","0.65","0","1000.0169677693181","0.0060210146120880381","false"
"Specification-DirectBinaryStateSignalsModerateRiskAversion__Cost-4__Fee-British__ExitFees-AllUnilateralExits","1","74","0","P","7","14","P Offer","P Liability Signal: 9;P Files: 1;D Answers: 1;P Abandons: 1","9,1,1,1","0.11026","false","1000.0229887839301","1000.0229887839301","8","0.75","1","1000.0229887839301","0","true"
"Specification-DirectBinaryStateSignalsModerateRiskAversion__Cost-4__Fee-British__ExitFees-AllUnilateralExits","1","74","0","P","7","14","P Offer","P Liability Signal: 9;P Files: 1;D Answers: 1;P Abandons: 1","9,1,1,1","0.11026","false","1000.0229887839301","1000.0229887839301","9","0.85","0","999.31255237605615","0.71043640787399909","false"
"Specification-DirectBinaryStateSignalsModerateRiskAversion__Cost-4__Fee-British__ExitFees-AllUnilateralExits","1","74","0","P","7","14","P Offer","P Liability Signal: 9;P Files: 1;D Answers: 1;P Abandons: 1","9,1,1,1","0.11026","false","1000.0229887839301","1000.0229887839301","10","0.95","0","999.31445563940144","0.70853314452870109","false"
"Specification-DirectBinaryStateSignalsModerateRiskAversion__Cost-4__Fee-British__ExitFees-AllUnilateralExits","1","75","0","P","7","14","P Offer","P Liability Signal: 9;P Files: 1;D Answers: 1;P Abandons: 2","9,1,1,2","0","true","","","1","0.05","0.10000000000000001","","",""
"Specification-DirectBinaryStateSignalsModerateRiskAversion__Cost-4__Fee-British__ExitFees-AllUnilateralExits","1","75","0","P","7","14","P Offer","P Liability Signal: 9;P Files: 1;D Answers: 1;P Abandons: 2","9,1,1,2","0","true","","","2","0.15","0.10000000000000001","","",""
"Specification-DirectBinaryStateSignalsModerateRiskAversion__Cost-4__Fee-British__ExitFees-AllUnilateralExits","1","75","0","P","7","14","P Offer","P Liability Signal: 9;P Files: 1;D Answers: 1;P Abandons: 2","9,1,1,2","0","true","","","3","0.25","0.10000000000000001","","",""
"Specification-DirectBinaryStateSignalsModerateRiskAversion__Cost-4__Fee-British__ExitFees-AllUnilateralExits","1","75","0","P","7","14","P Offer","P Liability Signal: 9;P Files: 1;D Answers: 1;P Abandons: 2","9,1,1,2","0","true","","","4","0.35","0.10000000000000001","","",""
"Specification-DirectBinaryStateSignalsModerateRiskAversion__Cost-4__Fee-British__ExitFees-AllUnilateralExits","1","75","0","P","7","14","P Offer","P Liability Signal: 9;P Files: 1;D Answers: 1;P Abandons: 2","9,1,1,2","0","true","","","5","0.45","0.10000000000000001","","",""
"Specification-DirectBinaryStateSignalsModerateRiskAversion__Cost-4__Fee-British__ExitFees-AllUnilateralExits","1","75","0","P","7","14","P Offer","P Liability Signal: 9;P Files: 1;D Answers: 1;P Abandons: 2","9,1,1,2","0","true","","","6","0.55","0.10000000000000001","","",""
"Specification-DirectBinaryStateSignalsModerateRiskAversion__Cost-4__Fee-British__ExitFees-AllUnilateralExits","1","75","0","P","7","14","P Offer","P Liability Signal: 9;P Files: 1;D Answers: 1;P Abandons: 2","9,1,1,2","0","true","","","7","0.65","0.10000000000000001","","",""
"Specification-DirectBinaryStateSignalsModerateRiskAversion__Cost-4__Fee-British__ExitFees-AllUnilateralExits","1","75","0","P","7","14","P Offer","P Liability Signal: 9;P Files: 1;D Answers: 1;P Abandons: 2","9,1,1,2","0","true","","","8","0.75","0.10000000000000001","","",""
"Specification-DirectBinaryStateSignalsModerateRiskAversion__Cost-4__Fee-British__ExitFees-AllUnilateralExits","1","75","0","P","7","14","P Offer","P Liability Signal: 9;P Files: 1;D Answers: 1;P Abandons: 2","9,1,1,2","0","true","","","9","0.85","0.10000000000000001","","",""
"Specification-DirectBinaryStateSignalsModerateRiskAversion__Cost-4__Fee-British__ExitFees-AllUnilateralExits","1","75","0","P","7","14","P Offer","P Liability Signal: 9;P Files: 1;D Answers: 1;P Abandons: 2","9,1,1,2","0","true","","","10","0.95","0.10000000000000001","","",""
"Specification-DirectBinaryStateSignalsModerateRiskAversion__Cost-4__Fee-British__ExitFees-AllUnilateralExits","1","76","0","P","2","9","P Files","P Liability Signal: 10","10","0.11592","false","1000.0342261852936","1000.0342261852936","1","Yes","1","1000.0342261852936","0","true"
"Specification-DirectBinaryStateSignalsModerateRiskAversion__Cost-4__Fee-British__ExitFees-AllUnilateralExits","1","76","0","P","2","9","P Files","P Liability Signal: 10","10","0.11592","false","1000.0342261852936","1000.0342261852936","2","No","0","1000.0000362501002","0.034189935193467136","false"
"Specification-DirectBinaryStateSignalsModerateRiskAversion__Cost-4__Fee-British__ExitFees-AllUnilateralExits","1","77","0","P","5","20","P Abandons","P Liability Signal: 10;P Files: 1;D Answers: 1","10,1,1","0.11592","false","1000.0342261852936","1000.0342261852936","1","Yes","0.88913782253303186","1000.0342261852936","0","true"
"Specification-DirectBinaryStateSignalsModerateRiskAversion__Cost-4__Fee-British__ExitFees-AllUnilateralExits","1","77","0","P","5","20","P Abandons","P Liability Signal: 10;P Files: 1;D Answers: 1","10,1,1","0.11592","false","1000.0342261852936","1000.0342261852936","2","No","0.1108621774669681","1000.0342261852936","0","true"
"Specification-DirectBinaryStateSignalsModerateRiskAversion__Cost-4__Fee-British__ExitFees-AllUnilateralExits","1","78","0","P","7","14","P Offer","P Liability Signal: 10;P Files: 1;D Answers: 1;P Abandons: 1","10,1,1,1","0.10306885638802907","false","1000.0342261852936","1000.0342261852936","1","0.05","0","999.91771717690017","0.11650900839345013","false"
"Specification-DirectBinaryStateSignalsModerateRiskAversion__Cost-4__Fee-British__ExitFees-AllUnilateralExits","1","78","0","P","7","14","P Offer","P Liability Signal: 10;P Files: 1;D Answers: 1;P Abandons: 1","10,1,1,1","0.10306885638802907","false","1000.0342261852936","1000.0342261852936","2","0.15","0","999.94324612358423","0.090980061709387883","false"
"Specification-DirectBinaryStateSignalsModerateRiskAversion__Cost-4__Fee-British__ExitFees-AllUnilateralExits","1","78","0","P","7","14","P Offer","P Liability Signal: 10;P Files: 1;D Answers: 1;P Abandons: 1","10,1,1,1","0.10306885638802907","false","1000.0342261852936","1000.0342261852936","3","0.25","0","999.96644950147731","0.067776683816305194","false"
"Specification-DirectBinaryStateSignalsModerateRiskAversion__Cost-4__Fee-British__ExitFees-AllUnilateralExits","1","78","0","P","7","14","P Offer","P Liability Signal: 10;P Files: 1;D Answers: 1;P Abandons: 1","10,1,1,1","0.10306885638802907","false","1000.0342261852936","1000.0342261852936","4","0.35","0","999.98728971188939","0.046936473404230128","false"
"Specification-DirectBinaryStateSignalsModerateRiskAversion__Cost-4__Fee-British__ExitFees-AllUnilateralExits","1","78","0","P","7","14","P Offer","P Liability Signal: 10;P Files: 1;D Answers: 1;P Abandons: 1","10,1,1,1","0.10306885638802907","false","1000.0342261852936","1000.0342261852936","5","0.45","0","1000.0045801470428","0.029646038250803031","false"
"Specification-DirectBinaryStateSignalsModerateRiskAversion__Cost-4__Fee-British__ExitFees-AllUnilateralExits","1","78","0","P","7","14","P Offer","P Liability Signal: 10;P Files: 1;D Answers: 1;P Abandons: 1","10,1,1,1","0.10306885638802907","false","1000.0342261852936","1000.0342261852936","6","0.55","0","1000.0154368112829","0.018789374010680149","false"
"Specification-DirectBinaryStateSignalsModerateRiskAversion__Cost-4__Fee-British__ExitFees-AllUnilateralExits","1","78","0","P","7","14","P Offer","P Liability Signal: 10;P Files: 1;D Answers: 1;P Abandons: 1","10,1,1,1","0.10306885638802907","false","1000.0342261852936","1000.0342261852936","7","0.65","0","1000.0252574058825","0.0089687794111341645","false"
"Specification-DirectBinaryStateSignalsModerateRiskAversion__Cost-4__Fee-British__ExitFees-AllUnilateralExits","1","78","0","P","7","14","P Offer","P Liability Signal: 10;P Files: 1;D Answers: 1;P Abandons: 1","10,1,1,1","0.10306885638802907","false","1000.0342261852936","1000.0342261852936","8","0.75","1","1000.0342261852936","0","true"
"Specification-DirectBinaryStateSignalsModerateRiskAversion__Cost-4__Fee-British__ExitFees-AllUnilateralExits","1","78","0","P","7","14","P Offer","P Liability Signal: 10;P Files: 1;D Answers: 1;P Abandons: 1","10,1,1,1","0.10306885638802907","false","1000.0342261852936","1000.0342261852936","9","0.85","0","999.32405347774375","0.71017270754987294","false"
"Specification-DirectBinaryStateSignalsModerateRiskAversion__Cost-4__Fee-British__ExitFees-AllUnilateralExits","1","78","0","P","7","14","P Offer","P Liability Signal: 10;P Files: 1;D Answers: 1;P Abandons: 1","10,1,1,1","0.10306885638802907","false","1000.0342261852936","1000.0342261852936","10","0.95","0","999.32601531125488","0.70821087403874117","false"
"Specification-DirectBinaryStateSignalsModerateRiskAversion__Cost-4__Fee-British__ExitFees-AllUnilateralExits","1","79","0","P","7","14","P Offer","P Liability Signal: 10;P Files: 1;D Answers: 1;P Abandons: 2","10,1,1,2","0.01285114361197094","false","1000.0342261852937","1000.0342261852937","1","0.05","0","999.91771717690062","0.11650900839310907","false"
"Specification-DirectBinaryStateSignalsModerateRiskAversion__Cost-4__Fee-British__ExitFees-AllUnilateralExits","1","79","0","P","7","14","P Offer","P Liability Signal: 10;P Files: 1;D Answers: 1;P Abandons: 2","10,1,1,2","0.01285114361197094","false","1000.0342261852937","1000.0342261852937","2","0.15","0","999.94324612358446","0.090980061709274196","false"
"Specification-DirectBinaryStateSignalsModerateRiskAversion__Cost-4__Fee-British__ExitFees-AllUnilateralExits","1","79","0","P","7","14","P Offer","P Liability Signal: 10;P Files: 1;D Answers: 1;P Abandons: 2","10,1,1,2","0.01285114361197094","false","1000.0342261852937","1000.0342261852937","3","0.25","0","999.96644950147754","0.067776683816191508","false"
"Specification-DirectBinaryStateSignalsModerateRiskAversion__Cost-4__Fee-British__ExitFees-AllUnilateralExits","1","79","0","P","7","14","P Offer","P Liability Signal: 10;P Files: 1;D Answers: 1;P Abandons: 2","10,1,1,2","0.01285114361197094","false","1000.0342261852937","1000.0342261852937","4","0.35","0","999.98728971188973","0.046936473404002754","false"
"Specification-DirectBinaryStateSignalsModerateRiskAversion__Cost-4__Fee-British__ExitFees-AllUnilateralExits","1","79","0","P","7","14","P Offer","P Liability Signal: 10;P Files: 1;D Answers: 1;P Abandons: 2","10,1,1,2","0.01285114361197094","false","1000.0342261852937","1000.0342261852937","5","0.45","0","999.99542642122231","0.038799764071427489","false"
"Specification-DirectBinaryStateSignalsModerateRiskAversion__Cost-4__Fee-British__ExitFees-AllUnilateralExits","1","79","0","P","7","14","P Offer","P Liability Signal: 10;P Files: 1;D Answers: 1;P Abandons: 2","10,1,1,2","0.01285114361197094","false","1000.0342261852937","1000.0342261852937","6","0.55","0","999.97455237021973","0.059673815074006598","false"
"Specification-DirectBinaryStateSignalsModerateRiskAversion__Cost-4__Fee-British__ExitFees-AllUnilateralExits","1","79","0","P","7","14","P Offer","P Liability Signal: 10;P Files: 1;D Answers: 1;P Abandons: 2","10,1,1,2","0.01285114361197094","false","1000.0342261852937","1000.0342261852937","7","0.65","0","999.95665902527855","0.07756716001517816","false"
"Specification-DirectBinaryStateSignalsModerateRiskAversion__Cost-4__Fee-British__ExitFees-AllUnilateralExits","1","79","0","P","7","14","P Offer","P Liability Signal: 10;P Files: 1;D Answers: 1;P Abandons: 2","10,1,1,2","0.01285114361197094","false","1000.0342261852937","1000.0342261852937","8","0.75","0","999.94103573917062","0.093190446123116999","false"
"Specification-DirectBinaryStateSignalsModerateRiskAversion__Cost-4__Fee-British__ExitFees-AllUnilateralExits","1","79","0","P","7","14","P Offer","P Liability Signal: 10;P Files: 1;D Answers: 1;P Abandons: 2","10,1,1,2","0.01285114361197094","false","1000.0342261852937","1000.0342261852937","9","0.85","0","1000.0322643517828","0.0019618335109043983","false"
"Specification-DirectBinaryStateSignalsModerateRiskAversion__Cost-4__Fee-British__ExitFees-AllUnilateralExits","1","79","0","P","7","14","P Offer","P Liability Signal: 10;P Files: 1;D Answers: 1;P Abandons: 2","10,1,1,2","0.01285114361197094","false","1000.0342261852937","1000.0342261852937","10","0.95","1","1000.0342261852937","0","true"
"Specification-DirectBinaryStateSignalsModerateRiskAversion__Cost-4__Fee-British__ExitFees-AllUnilateralExits","1","1","1","D","3","10","D Answers","D Liability Signal: 1;P Files: 1","1,1","0.00403790331205401","false","996.95920336554877","996.95920336554877","1","Yes","1","996.95920336554877","0","true"
"Specification-DirectBinaryStateSignalsModerateRiskAversion__Cost-4__Fee-British__ExitFees-AllUnilateralExits","1","1","1","D","3","10","D Answers","D Liability Signal: 1;P Files: 1","1,1","0.00403790331205401","false","996.95920336554877","996.95920336554877","2","No","0","995.60876580399986","1.3504375615489153","false"
"Specification-DirectBinaryStateSignalsModerateRiskAversion__Cost-4__Fee-British__ExitFees-AllUnilateralExits","1","3","1","D","6","21","D Defaults","D Liability Signal: 1;P Files: 1;D Answers: 1","1,1,1","0.0040379033120540092","false","996.959203365549","996.95920336554923","1","Yes","0.12171948964169146","996.95920336554877","4.5474735088646412E-13","true"
"Specification-DirectBinaryStateSignalsModerateRiskAversion__Cost-4__Fee-British__ExitFees-AllUnilateralExits","1","3","1","D","6","21","D Defaults","D Liability Signal: 1;P Files: 1;D Answers: 1","1,1,1","0.0040379033120540092","false","996.959203365549","996.95920336554923","2","No","0.87828051035830856","996.95920336554923","0","true"
"Specification-DirectBinaryStateSignalsModerateRiskAversion__Cost-4__Fee-British__ExitFees-AllUnilateralExits","1","5","1","D","8","15","D Offer","D Liability Signal: 1;P Files: 1;D Answers: 1;D Defaults: 1","1,1,1,1","0.00049149153036570962","false","996.95920336554889","996.95920336554889","1","0.05","0","992.22215044642326","4.737052919125631","false"
"Specification-DirectBinaryStateSignalsModerateRiskAversion__Cost-4__Fee-British__ExitFees-AllUnilateralExits","1","5","1","D","8","15","D Offer","D Liability Signal: 1;P Files: 1;D Answers: 1;D Defaults: 1","1,1,1,1","0.00049149153036570962","false","996.95920336554889","996.95920336554889","2","0.15","0","992.22215044642326","4.737052919125631","false"
"Specification-DirectBinaryStateSignalsModerateRiskAversion__Cost-4__Fee-British__ExitFees-AllUnilateralExits","1","5","1","D","8","15","D Offer","D Liability Signal: 1;P Files: 1;D Answers: 1;D Defaults: 1","1,1,1,1","0.00049149153036570962","false","996.95920336554889","996.95920336554889","3","0.25","0","992.22215044642326","4.737052919125631","false"
"Specification-DirectBinaryStateSignalsModerateRiskAversion__Cost-4__Fee-British__ExitFees-AllUnilateralExits","1","5","1","D","8","15","D Offer","D Liability Signal: 1;P Files: 1;D Answers: 1;D Defaults: 1","1,1,1,1","0.00049149153036570962","false","996.95920336554889","996.95920336554889","4","0.35","0","992.22215044642326","4.737052919125631","false"
"Specification-DirectBinaryStateSignalsModerateRiskAversion__Cost-4__Fee-British__ExitFees-AllUnilateralExits","1","5","1","D","8","15","D Offer","D Liability Signal: 1;P Files: 1;D Answers: 1;D Defaults: 1","1,1,1,1","0.00049149153036570962","false","996.95920336554889","996.95920336554889","5","0.45","0","992.22215044642326","4.737052919125631","false"
"Specification-DirectBinaryStateSignalsModerateRiskAversion__Cost-4__Fee-British__ExitFees-AllUnilateralExits","1","5","1","D","8","15","D Offer","D Liability Signal: 1;P Files: 1;D Answers: 1;D Defaults: 1","1,1,1,1","0.00049149153036570962","false","996.95920336554889","996.95920336554889","6","0.55","0","992.22215044642326","4.737052919125631","false"
"Specification-DirectBinaryStateSignalsModerateRiskAversion__Cost-4__Fee-British__ExitFees-AllUnilateralExits","1","5","1","D","8","15","D Offer","D Liability Signal: 1;P Files: 1;D Answers: 1;D Defaults: 1","1,1,1,1","0.00049149153036570962","false","996.95920336554889","996.95920336554889","7","0.65","0","992.22215044642326","4.737052919125631","false"
"Specification-DirectBinaryStateSignalsModerateRiskAversion__Cost-4__Fee-British__ExitFees-AllUnilateralExits","1","5","1","D","8","15","D Offer","D Liability Signal: 1;P Files: 1;D Answers: 1;D Defaults: 1","1,1,1,1","0.00049149153036570962","false","996.95920336554889","996.95920336554889","8","0.75","1","996.95920336554889","0","true"
"Specification-DirectBinaryStateSignalsModerateRiskAversion__Cost-4__Fee-British__ExitFees-AllUnilateralExits","1","5","1","D","8","15","D Offer","D Liability Signal: 1;P Files: 1;D Answers: 1;D Defaults: 1","1,1,1,1","0.00049149153036570962","false","996.95920336554889","996.95920336554889","9","0.85","0","996.67825311598904","0.28095024955985082","false"
"Specification-DirectBinaryStateSignalsModerateRiskAversion__Cost-4__Fee-British__ExitFees-AllUnilateralExits","1","5","1","D","8","15","D Offer","D Liability Signal: 1;P Files: 1;D Answers: 1;D Defaults: 1","1,1,1,1","0.00049149153036570962","false","996.95920336554889","996.95920336554889","10","0.95","0","996.76868160534013","0.19052176020875322","false"
"Specification-DirectBinaryStateSignalsModerateRiskAversion__Cost-4__Fee-British__ExitFees-AllUnilateralExits","1","6","1","D","8","15","D Offer","D Liability Signal: 1;P Files: 1;D Answers: 1;D Defaults: 2","1,1,1,2","0.0035464117816882998","false","996.95920336554912","996.95920336554889","1","0.05","0","996.95920336554889","0","true"
"Specification-DirectBinaryStateSignalsModerateRiskAversion__Cost-4__Fee-British__ExitFees-AllUnilateralExits","1","6","1","D","8","15","D Offer","D Liability Signal: 1;P Files: 1;D Answers: 1;D Defaults: 2","1,1,1,2","0.0035464117816882998","false","996.95920336554912","996.95920336554889","2","0.15","0","996.95920336554889","0","true"
"Specification-DirectBinaryStateSignalsModerateRiskAversion__Cost-4__Fee-British__ExitFees-AllUnilateralExits","1","6","1","D","8","15","D Offer","D Liability Signal: 1;P Files: 1;D Answers: 1;D Defaults: 2","1,1,1,2","0.0035464117816882998","false","996.95920336554912","996.95920336554889","3","0.25","0","996.95920336554889","0","true"
"Specification-DirectBinaryStateSignalsModerateRiskAversion__Cost-4__Fee-British__ExitFees-AllUnilateralExits","1","6","1","D","8","15","D Offer","D Liability Signal: 1;P Files: 1;D Answers: 1;D Defaults: 2","1,1,1,2","0.0035464117816882998","false","996.95920336554912","996.95920336554889","4","0.35","0.098226011374689615","996.95920336554889","0","true"
"Specification-DirectBinaryStateSignalsModerateRiskAversion__Cost-4__Fee-British__ExitFees-AllUnilateralExits","1","6","1","D","8","15","D Offer","D Liability Signal: 1;P Files: 1;D Answers: 1;D Defaults: 2","1,1,1,2","0.0035464117816882998","false","996.95920336554912","996.95920336554889","5","0.45","0.34049322181159025","996.95920336554889","0","true"
"Specification-DirectBinaryStateSignalsModerateRiskAversion__Cost-4__Fee-British__ExitFees-AllUnilateralExits","1","6","1","D","8","15","D Offer","D Liability Signal: 1;P Files: 1;D Answers: 1;D Defaults: 2","1,1,1,2","0.0035464117816882998","false","996.95920336554912","996.95920336554889","6","0.55","0.29739035162736654","996.95920336554889","0","true"
"Specification-DirectBinaryStateSignalsModerateRiskAversion__Cost-4__Fee-British__ExitFees-AllUnilateralExits","1","6","1","D","8","15","D Offer","D Liability Signal: 1;P Files: 1;D Answers: 1;D Defaults: 2","1,1,1,2","0.0035464117816882998","false","996.95920336554912","996.95920336554889","7","0.65","0.26389041518635364","996.95920336554889","0","true"
"Specification-DirectBinaryStateSignalsModerateRiskAversion__Cost-4__Fee-British__ExitFees-AllUnilateralExits","1","6","1","D","8","15","D Offer","D Liability Signal: 1;P Files: 1;D Answers: 1;D Defaults: 2","1,1,1,2","0.0035464117816882998","false","996.95920336554912","996.95920336554889","8","0.75","0","994.46395965425154","2.4952437112973485","false"
"Specification-DirectBinaryStateSignalsModerateRiskAversion__Cost-4__Fee-British__ExitFees-AllUnilateralExits","1","6","1","D","8","15","D Offer","D Liability Signal: 1;P Files: 1;D Answers: 1;D Defaults: 2","1,1,1,2","0.0035464117816882998","false","996.95920336554912","996.95920336554889","9","0.85","0","994.18300940469169","2.7761939608571993","false"
"Specification-DirectBinaryStateSignalsModerateRiskAversion__Cost-4__Fee-British__ExitFees-AllUnilateralExits","1","6","1","D","8","15","D Offer","D Liability Signal: 1;P Files: 1;D Answers: 1;D Defaults: 2","1,1,1,2","0.0035464117816882998","false","996.95920336554912","996.95920336554889","10","0.95","0","996.76868160534002","0.19052176020886691","false"
"Specification-DirectBinaryStateSignalsModerateRiskAversion__Cost-4__Fee-British__ExitFees-AllUnilateralExits","1","8","1","D","3","10","D Answers","D Liability Signal: 2;P Files: 1","2,1","0.0053316689098412261","false","996.89780066318281","996.89780066318281","1","Yes","1","996.89780066318281","0","true"
"Specification-DirectBinaryStateSignalsModerateRiskAversion__Cost-4__Fee-British__ExitFees-AllUnilateralExits","1","8","1","D","3","10","D Answers","D Liability Signal: 2;P Files: 1","2,1","0.0053316689098412261","false","996.89780066318281","996.89780066318281","2","No","0","995.60876580399997","1.2890348591828342","false"
"Specification-DirectBinaryStateSignalsModerateRiskAversion__Cost-4__Fee-British__ExitFees-AllUnilateralExits","1","9","1","D","6","21","D Defaults","D Liability Signal: 2;P Files: 1;D Answers: 1","2,1,1","0.005331668909841227","false","996.89780066318247","996.89780066318247","1","Yes","1","996.89780066318247","0","true"
"Specification-DirectBinaryStateSignalsModerateRiskAversion__Cost-4__Fee-British__ExitFees-AllUnilateralExits","1","9","1","D","6","21","D Defaults","D Liability Signal: 2;P Files: 1;D Answers: 1","2,1,1","0.005331668909841227","false","996.89780066318247","996.89780066318247","2","No","0","995.08893718041611","1.8088634827663554","false"
"Specification-DirectBinaryStateSignalsModerateRiskAversion__Cost-4__Fee-British__ExitFees-AllUnilateralExits","1","10","1","D","8","15","D Offer","D Liability Signal: 2;P Files: 1;D Answers: 1;D Defaults: 1","2,1,1,1","0.005331668909841227","false","996.89780066318247","996.89780066318247","1","0.05","0","992.18504880146031","4.712751861722154","false"
"Specification-DirectBinaryStateSignalsModerateRiskAversion__Cost-4__Fee-British__ExitFees-AllUnilateralExits","1","10","1","D","8","15","D Offer","D Liability Signal: 2;P Files: 1;D Answers: 1;D Defaults: 1","2,1,1,1","0.005331668909841227","false","996.89780066318247","996.89780066318247","2","0.15","0","992.18504880146031","4.712751861722154","false"
"Specification-DirectBinaryStateSignalsModerateRiskAversion__Cost-4__Fee-British__ExitFees-AllUnilateralExits","1","10","1","D","8","15","D Offer","D Liability Signal: 2;P Files: 1;D Answers: 1;D Defaults: 1","2,1,1,1","0.005331668909841227","false","996.89780066318247","996.89780066318247","3","0.25","0","992.18504880146031","4.712751861722154","false"
"Specification-DirectBinaryStateSignalsModerateRiskAversion__Cost-4__Fee-British__ExitFees-AllUnilateralExits","1","10","1","D","8","15","D Offer","D Liability Signal: 2;P Files: 1;D Answers: 1;D Defaults: 1","2,1,1,1","0.005331668909841227","false","996.89780066318247","996.89780066318247","4","0.35","0","992.18504880146031","4.712751861722154","false"
"Specification-DirectBinaryStateSignalsModerateRiskAversion__Cost-4__Fee-British__ExitFees-AllUnilateralExits","1","10","1","D","8","15","D Offer","D Liability Signal: 2;P Files: 1;D Answers: 1;D Defaults: 1","2,1,1,1","0.005331668909841227","false","996.89780066318247","996.89780066318247","5","0.45","0","992.18504880146031","4.712751861722154","false"
"Specification-DirectBinaryStateSignalsModerateRiskAversion__Cost-4__Fee-British__ExitFees-AllUnilateralExits","1","10","1","D","8","15","D Offer","D Liability Signal: 2;P Files: 1;D Answers: 1;D Defaults: 1","2,1,1,1","0.005331668909841227","false","996.89780066318247","996.89780066318247","6","0.55","0","992.18504880146031","4.712751861722154","false"
"Specification-DirectBinaryStateSignalsModerateRiskAversion__Cost-4__Fee-British__ExitFees-AllUnilateralExits","1","10","1","D","8","15","D Offer","D Liability Signal: 2;P Files: 1;D Answers: 1;D Defaults: 1","2,1,1,1","0.005331668909841227","false","996.89780066318247","996.89780066318247","7","0.65","0","992.18504880146031","4.712751861722154","false"
"Specification-DirectBinaryStateSignalsModerateRiskAversion__Cost-4__Fee-British__ExitFees-AllUnilateralExits","1","10","1","D","8","15","D Offer","D Liability Signal: 2;P Files: 1;D Answers: 1;D Defaults: 1","2,1,1,1","0.005331668909841227","false","996.89780066318247","996.89780066318247","8","0.75","1","996.89780066318247","0","true"
"Specification-DirectBinaryStateSignalsModerateRiskAversion__Cost-4__Fee-British__ExitFees-AllUnilateralExits","1","10","1","D","8","15","D Offer","D Liability Signal: 2;P Files: 1;D Answers: 1;D Defaults: 1","2,1,1,1","0.005331668909841227","false","996.89780066318247","996.89780066318247","9","0.85","0","996.61829168697523","0.27950897620723936","false"
"Specification-DirectBinaryStateSignalsModerateRiskAversion__Cost-4__Fee-British__ExitFees-AllUnilateralExits","1","10","1","D","8","15","D Offer","D Liability Signal: 2;P Files: 1;D Answers: 1;D Defaults: 1","2,1,1,1","0.005331668909841227","false","996.89780066318247","996.89780066318247","10","0.95","0","996.7649669832972","0.13283367988526606","false"
"Specification-DirectBinaryStateSignalsModerateRiskAversion__Cost-4__Fee-British__ExitFees-AllUnilateralExits","1","11","1","D","8","15","D Offer","D Liability Signal: 2;P Files: 1;D Answers: 1;D Defaults: 2","2,1,1,2","0","true","","","1","0.05","0.10000000000000001","","",""
"Specification-DirectBinaryStateSignalsModerateRiskAversion__Cost-4__Fee-British__ExitFees-AllUnilateralExits","1","11","1","D","8","15","D Offer","D Liability Signal: 2;P Files: 1;D Answers: 1;D Defaults: 2","2,1,1,2","0","true","","","2","0.15","0.10000000000000001","","",""
"Specification-DirectBinaryStateSignalsModerateRiskAversion__Cost-4__Fee-British__ExitFees-AllUnilateralExits","1","11","1","D","8","15","D Offer","D Liability Signal: 2;P Files: 1;D Answers: 1;D Defaults: 2","2,1,1,2","0","true","","","3","0.25","0.10000000000000001","","",""
"Specification-DirectBinaryStateSignalsModerateRiskAversion__Cost-4__Fee-British__ExitFees-AllUnilateralExits","1","11","1","D","8","15","D Offer","D Liability Signal: 2;P Files: 1;D Answers: 1;D Defaults: 2","2,1,1,2","0","true","","","4","0.35","0.10000000000000001","","",""
"Specification-DirectBinaryStateSignalsModerateRiskAversion__Cost-4__Fee-British__ExitFees-AllUnilateralExits","1","11","1","D","8","15","D Offer","D Liability Signal: 2;P Files: 1;D Answers: 1;D Defaults: 2","2,1,1,2","0","true","","","5","0.45","0.10000000000000001","","",""
"Specification-DirectBinaryStateSignalsModerateRiskAversion__Cost-4__Fee-British__ExitFees-AllUnilateralExits","1","11","1","D","8","15","D Offer","D Liability Signal: 2;P Files: 1;D Answers: 1;D Defaults: 2","2,1,1,2","0","true","","","6","0.55","0.10000000000000001","","",""
"Specification-DirectBinaryStateSignalsModerateRiskAversion__Cost-4__Fee-British__ExitFees-AllUnilateralExits","1","11","1","D","8","15","D Offer","D Liability Signal: 2;P Files: 1;D Answers: 1;D Defaults: 2","2,1,1,2","0","true","","","7","0.65","0.10000000000000001","","",""
"Specification-DirectBinaryStateSignalsModerateRiskAversion__Cost-4__Fee-British__ExitFees-AllUnilateralExits","1","11","1","D","8","15","D Offer","D Liability Signal: 2;P Files: 1;D Answers: 1;D Defaults: 2","2,1,1,2","0","true","","","8","0.75","0.10000000000000001","","",""
"Specification-DirectBinaryStateSignalsModerateRiskAversion__Cost-4__Fee-British__ExitFees-AllUnilateralExits","1","11","1","D","8","15","D Offer","D Liability Signal: 2;P Files: 1;D Answers: 1;D Defaults: 2","2,1,1,2","0","true","","","9","0.85","0.10000000000000001","","",""
"Specification-DirectBinaryStateSignalsModerateRiskAversion__Cost-4__Fee-British__ExitFees-AllUnilateralExits","1","11","1","D","8","15","D Offer","D Liability Signal: 2;P Files: 1;D Answers: 1;D Defaults: 2","2,1,1,2","0","true","","","10","0.95","0.10000000000000001","","",""
"Specification-DirectBinaryStateSignalsModerateRiskAversion__Cost-4__Fee-British__ExitFees-AllUnilateralExits","1","12","1","D","3","10","D Answers","D Liability Signal: 3;P Files: 1","3,1","0.0076096920673073484","false","996.84051524457527","996.84051524457527","1","Yes","1","996.84051524457527","0","true"
"Specification-DirectBinaryStateSignalsModerateRiskAversion__Cost-4__Fee-British__ExitFees-AllUnilateralExits","1","12","1","D","3","10","D Answers","D Liability Signal: 3;P Files: 1","3,1","0.0076096920673073484","false","996.84051524457527","996.84051524457527","2","No","0","995.60876580400009","1.2317494405751859","false"
"Specification-DirectBinaryStateSignalsModerateRiskAversion__Cost-4__Fee-British__ExitFees-AllUnilateralExits","1","13","1","D","6","21","D Defaults","D Liability Signal: 3;P Files: 1;D Answers: 1","3,1,1","0.0076096920673073484","false","996.84051524457527","996.84051524457527","1","Yes","1","996.84051524457527","0","true"
"Specification-DirectBinaryStateSignalsModerateRiskAversion__Cost-4__Fee-British__ExitFees-AllUnilateralExits","1","13","1","D","6","21","D Defaults","D Liability Signal: 3;P Files: 1;D Answers: 1","3,1,1","0.0076096920673073484","false","996.84051524457527","996.84051524457527","2","No","0","993.85029233604507","2.9902229085301997","false"
"Specification-DirectBinaryStateSignalsModerateRiskAversion__Cost-4__Fee-British__ExitFees-AllUnilateralExits","1","14","1","D","8","15","D Offer","D Liability Signal: 3;P Files: 1;D Answers: 1;D Defaults: 1","3,1,1,1","0.0076096920673073484","false","996.84051524457527","996.84051524457527","1","0.05","0","992.15043496231635","4.6900802822589185","false"
"Specification-DirectBinaryStateSignalsModerateRiskAversion__Cost-4__Fee-British__ExitFees-AllUnilateralExits","1","14","1","D","8","15","D Offer","D Liability Signal: 3;P Files: 1;D Answers: 1;D Defaults: 1","3,1,1,1","0.0076096920673073484","false","996.84051524457527","996.84051524457527","2","0.15","0","992.15043496231635","4.6900802822589185","false"
"Specification-DirectBinaryStateSignalsModerateRiskAversion__Cost-4__Fee-British__ExitFees-AllUnilateralExits","1","14","1","D","8","15","D Offer","D Liability Signal: 3;P Files: 1;D Answers: 1;D Defaults: 1","3,1,1,1","0.0076096920673073484","false","996.84051524457527","996.84051524457527","3","0.25","0","992.15043496231635","4.6900802822589185","false"
"Specification-DirectBinaryStateSignalsModerateRiskAversion__Cost-4__Fee-British__ExitFees-AllUnilateralExits","1","14","1","D","8","15","D Offer","D Liability Signal: 3;P Files: 1;D Answers: 1;D Defaults: 1","3,1,1,1","0.0076096920673073484","false","996.84051524457527","996.84051524457527","4","0.35","0","992.15043496231635","4.6900802822589185","false"
"Specification-DirectBinaryStateSignalsModerateRiskAversion__Cost-4__Fee-British__ExitFees-AllUnilateralExits","1","14","1","D","8","15","D Offer","D Liability Signal: 3;P Files: 1;D Answers: 1;D Defaults: 1","3,1,1,1","0.0076096920673073484","false","996.84051524457527","996.84051524457527","5","0.45","0","992.15043496231635","4.6900802822589185","false"
"Specification-DirectBinaryStateSignalsModerateRiskAversion__Cost-4__Fee-British__ExitFees-AllUnilateralExits","1","14","1","D","8","15","D Offer","D Liability Signal: 3;P Files: 1;D Answers: 1;D Defaults: 1","3,1,1,1","0.0076096920673073484","false","996.84051524457527","996.84051524457527","6","0.55","0","992.15043496231635","4.6900802822589185","false"
"Specification-DirectBinaryStateSignalsModerateRiskAversion__Cost-4__Fee-British__ExitFees-AllUnilateralExits","1","14","1","D","8","15","D Offer","D Liability Signal: 3;P Files: 1;D Answers: 1;D Defaults: 1","3,1,1,1","0.0076096920673073484","false","996.84051524457527","996.84051524457527","7","0.65","0","992.15043496231635","4.6900802822589185","false"
"Specification-DirectBinaryStateSignalsModerateRiskAversion__Cost-4__Fee-British__ExitFees-AllUnilateralExits","1","14","1","D","8","15","D Offer","D Liability Signal: 3;P Files: 1;D Answers: 1;D Defaults: 1","3,1,1,1","0.0076096920673073484","false","996.84051524457527","996.84051524457527","8","0.75","1","996.84051524457527","0","true"
"Specification-DirectBinaryStateSignalsModerateRiskAversion__Cost-4__Fee-British__ExitFees-AllUnilateralExits","1","14","1","D","8","15","D Offer","D Liability Signal: 3;P Files: 1;D Answers: 1;D Defaults: 1","3,1,1,1","0.0076096920673073484","false","996.84051524457527","996.84051524457527","9","0.85","0","996.56235089888321","0.27816434569206194","false"
"Specification-DirectBinaryStateSignalsModerateRiskAversion__Cost-4__Fee-British__ExitFees-AllUnilateralExits","1","14","1","D","8","15","D Offer","D Liability Signal: 3;P Files: 1;D Answers: 1;D Defaults: 1","3,1,1,1","0.0076096920673073484","false","996.84051524457527","996.84051524457527","10","0.95","0","996.76150144073176","0.079013803843508867","false"
"Specification-DirectBinaryStateSignalsModerateRiskAversion__Cost-4__Fee-British__ExitFees-AllUnilateralExits","1","15","1","D","8","15","D Offer","D Liability Signal: 3;P Files: 1;D Answers: 1;D Defaults: 2","3,1,1,2","0","true","","","1","0.05","0.10000000000000001","","",""
"Specification-DirectBinaryStateSignalsModerateRiskAversion__Cost-4__Fee-British__ExitFees-AllUnilateralExits","1","15","1","D","8","15","D Offer","D Liability Signal: 3;P Files: 1;D Answers: 1;D Defaults: 2","3,1,1,2","0","true","","","2","0.15","0.10000000000000001","","",""
"Specification-DirectBinaryStateSignalsModerateRiskAversion__Cost-4__Fee-British__ExitFees-AllUnilateralExits","1","15","1","D","8","15","D Offer","D Liability Signal: 3;P Files: 1;D Answers: 1;D Defaults: 2","3,1,1,2","0","true","","","3","0.25","0.10000000000000001","","",""
"Specification-DirectBinaryStateSignalsModerateRiskAversion__Cost-4__Fee-British__ExitFees-AllUnilateralExits","1","15","1","D","8","15","D Offer","D Liability Signal: 3;P Files: 1;D Answers: 1;D Defaults: 2","3,1,1,2","0","true","","","4","0.35","0.10000000000000001","","",""
"Specification-DirectBinaryStateSignalsModerateRiskAversion__Cost-4__Fee-British__ExitFees-AllUnilateralExits","1","15","1","D","8","15","D Offer","D Liability Signal: 3;P Files: 1;D Answers: 1;D Defaults: 2","3,1,1,2","0","true","","","5","0.45","0.10000000000000001","","",""
"Specification-DirectBinaryStateSignalsModerateRiskAversion__Cost-4__Fee-British__ExitFees-AllUnilateralExits","1","15","1","D","8","15","D Offer","D Liability Signal: 3;P Files: 1;D Answers: 1;D Defaults: 2","3,1,1,2","0","true","","","6","0.55","0.10000000000000001","","",""
"Specification-DirectBinaryStateSignalsModerateRiskAversion__Cost-4__Fee-British__ExitFees-AllUnilateralExits","1","15","1","D","8","15","D Offer","D Liability Signal: 3;P Files: 1;D Answers: 1;D Defaults: 2","3,1,1,2","0","true","","","7","0.65","0.10000000000000001","","",""
"Specification-DirectBinaryStateSignalsModerateRiskAversion__Cost-4__Fee-British__ExitFees-AllUnilateralExits","1","15","1","D","8","15","D Offer","D Liability Signal: 3;P Files: 1;D Answers: 1;D Defaults: 2","3,1,1,2","0","true","","","8","0.75","0.10000000000000001","","",""
"Specification-DirectBinaryStateSignalsModerateRiskAversion__Cost-4__Fee-British__ExitFees-AllUnilateralExits","1","15","1","D","8","15","D Offer","D Liability Signal: 3;P Files: 1;D Answers: 1;D Defaults: 2","3,1,1,2","0","true","","","9","0.85","0.10000000000000001","","",""
"Specification-DirectBinaryStateSignalsModerateRiskAversion__Cost-4__Fee-British__ExitFees-AllUnilateralExits","1","15","1","D","8","15","D Offer","D Liability Signal: 3;P Files: 1;D Answers: 1;D Defaults: 2","3,1,1,2","0","true","","","10","0.95","0.10000000000000001","","",""
"Specification-DirectBinaryStateSignalsModerateRiskAversion__Cost-4__Fee-British__ExitFees-AllUnilateralExits","1","16","1","D","3","10","D Answers","D Liability Signal: 4;P Files: 1","4,1","0.011394811270431085","false","996.80030512975111","996.80030512975111","1","Yes","1","996.80030512975111","0","true"
"Specification-DirectBinaryStateSignalsModerateRiskAversion__Cost-4__Fee-British__ExitFees-AllUnilateralExits","1","16","1","D","3","10","D Answers","D Liability Signal: 4;P Files: 1","4,1","0.011394811270431085","false","996.80030512975111","996.80030512975111","2","No","0","995.60876580399997","1.1915393257511369","false"
"Specification-DirectBinaryStateSignalsModerateRiskAversion__Cost-4__Fee-British__ExitFees-AllUnilateralExits","1","17","1","D","6","21","D Defaults","D Liability Signal: 4;P Files: 1;D Answers: 1","4,1,1","0.011394811270431087","false","996.80030512975077","996.80030512975077","1","Yes","1","996.80030512975077","0","true"
"Specification-DirectBinaryStateSignalsModerateRiskAversion__Cost-4__Fee-British__ExitFees-AllUnilateralExits","1","17","1","D","6","21","D Defaults","D Liability Signal: 4;P Files: 1;D Answers: 1","4,1,1","0.011394811270431087","false","996.80030512975077","996.80030512975077","2","No","0","992.98094250160261","3.8193626281481556","false"
"Specification-DirectBinaryStateSignalsModerateRiskAversion__Cost-4__Fee-British__ExitFees-AllUnilateralExits","1","18","1","D","8","15","D Offer","D Liability Signal: 4;P Files: 1;D Answers: 1;D Defaults: 1","4,1,1,1","0.011394811270431087","false","996.80030512975077","996.80030512975077","1","0.05","0","992.12613861465354","4.6741665150972267","false"
"Specification-DirectBinaryStateSignalsModerateRiskAversion__Cost-4__Fee-British__ExitFees-AllUnilateralExits","1","18","1","D","8","15","D Offer","D Liability Signal: 4;P Files: 1;D Answers: 1;D Defaults: 1","4,1,1,1","0.011394811270431087","false","996.80030512975077","996.80030512975077","2","0.15","0","992.12613861465354","4.6741665150972267","false"
"Specification-DirectBinaryStateSignalsModerateRiskAversion__Cost-4__Fee-British__ExitFees-AllUnilateralExits","1","18","1","D","8","15","D Offer","D Liability Signal: 4;P Files: 1;D Answers: 1;D Defaults: 1","4,1,1,1","0.011394811270431087","false","996.80030512975077","996.80030512975077","3","0.25","0","992.12613861465354","4.6741665150972267","false"
"Specification-DirectBinaryStateSignalsModerateRiskAversion__Cost-4__Fee-British__ExitFees-AllUnilateralExits","1","18","1","D","8","15","D Offer","D Liability Signal: 4;P Files: 1;D Answers: 1;D Defaults: 1","4,1,1,1","0.011394811270431087","false","996.80030512975077","996.80030512975077","4","0.35","0","992.12613861465354","4.6741665150972267","false"
"Specification-DirectBinaryStateSignalsModerateRiskAversion__Cost-4__Fee-British__ExitFees-AllUnilateralExits","1","18","1","D","8","15","D Offer","D Liability Signal: 4;P Files: 1;D Answers: 1;D Defaults: 1","4,1,1,1","0.011394811270431087","false","996.80030512975077","996.80030512975077","5","0.45","0","992.12613861465354","4.6741665150972267","false"
"Specification-DirectBinaryStateSignalsModerateRiskAversion__Cost-4__Fee-British__ExitFees-AllUnilateralExits","1","18","1","D","8","15","D Offer","D Liability Signal: 4;P Files: 1;D Answers: 1;D Defaults: 1","4,1,1,1","0.011394811270431087","false","996.80030512975077","996.80030512975077","6","0.55","0","992.12613861465354","4.6741665150972267","false"
"Specification-DirectBinaryStateSignalsModerateRiskAversion__Cost-4__Fee-British__ExitFees-AllUnilateralExits","1","18","1","D","8","15","D Offer","D Liability Signal: 4;P Files: 1;D Answers: 1;D Defaults: 1","4,1,1,1","0.011394811270431087","false","996.80030512975077","996.80030512975077","7","0.65","0","992.12613861465354","4.6741665150972267","false"
"Specification-DirectBinaryStateSignalsModerateRiskAversion__Cost-4__Fee-British__ExitFees-AllUnilateralExits","1","18","1","D","8","15","D Offer","D Liability Signal: 4;P Files: 1;D Answers: 1;D Defaults: 1","4,1,1,1","0.011394811270431087","false","996.80030512975077","996.80030512975077","8","0.75","1","996.80030512975077","0","true"
"Specification-DirectBinaryStateSignalsModerateRiskAversion__Cost-4__Fee-British__ExitFees-AllUnilateralExits","1","18","1","D","8","15","D Offer","D Liability Signal: 4;P Files: 1;D Answers: 1;D Defaults: 1","4,1,1,1","0.011394811270431087","false","996.80030512975077","996.80030512975077","9","0.85","0","996.52308461494533","0.27722051480543541","false"
"Specification-DirectBinaryStateSignalsModerateRiskAversion__Cost-4__Fee-British__ExitFees-AllUnilateralExits","1","18","1","D","8","15","D Offer","D Liability Signal: 4;P Files: 1;D Answers: 1;D Defaults: 1","4,1,1,1","0.011394811270431087","false","996.80030512975077","996.80030512975077","10","0.95","0","996.75906888690065","0.041236242850118288","false"
"Specification-DirectBinaryStateSignalsModerateRiskAversion__Cost-4__Fee-British__ExitFees-AllUnilateralExits","1","19","1","D","8","15","D Offer","D Liability Signal: 4;P Files: 1;D Answers: 1;D Defaults: 2","4,1,1,2","0","true","","","1","0.05","0.10000000000000001","","",""
"Specification-DirectBinaryStateSignalsModerateRiskAversion__Cost-4__Fee-British__ExitFees-AllUnilateralExits","1","19","1","D","8","15","D Offer","D Liability Signal: 4;P Files: 1;D Answers: 1;D Defaults: 2","4,1,1,2","0","true","","","2","0.15","0.10000000000000001","","",""
"Specification-DirectBinaryStateSignalsModerateRiskAversion__Cost-4__Fee-British__ExitFees-AllUnilateralExits","1","19","1","D","8","15","D Offer","D Liability Signal: 4;P Files: 1;D Answers: 1;D Defaults: 2","4,1,1,2","0","true","","","3","0.25","0.10000000000000001","","",""
"Specification-DirectBinaryStateSignalsModerateRiskAversion__Cost-4__Fee-British__ExitFees-AllUnilateralExits","1","19","1","D","8","15","D Offer","D Liability Signal: 4;P Files: 1;D Answers: 1;D Defaults: 2","4,1,1,2","0","true","","","4","0.35","0.10000000000000001","","",""
"Specification-DirectBinaryStateSignalsModerateRiskAversion__Cost-4__Fee-British__ExitFees-AllUnilateralExits","1","19","1","D","8","15","D Offer","D Liability Signal: 4;P Files: 1;D Answers: 1;D Defaults: 2","4,1,1,2","0","true","","","5","0.45","0.10000000000000001","","",""
"Specification-DirectBinaryStateSignalsModerateRiskAversion__Cost-4__Fee-British__ExitFees-AllUnilateralExits","1","19","1","D","8","15","D Offer","D Liability Signal: 4;P Files: 1;D Answers: 1;D Defaults: 2","4,1,1,2","0","true","","","6","0.55","0.10000000000000001","","",""
"Specification-DirectBinaryStateSignalsModerateRiskAversion__Cost-4__Fee-British__ExitFees-AllUnilateralExits","1","19","1","D","8","15","D Offer","D Liability Signal: 4;P Files: 1;D Answers: 1;D Defaults: 2","4,1,1,2","0","true","","","7","0.65","0.10000000000000001","","",""
"Specification-DirectBinaryStateSignalsModerateRiskAversion__Cost-4__Fee-British__ExitFees-AllUnilateralExits","1","19","1","D","8","15","D Offer","D Liability Signal: 4;P Files: 1;D Answers: 1;D Defaults: 2","4,1,1,2","0","true","","","8","0.75","0.10000000000000001","","",""
"Specification-DirectBinaryStateSignalsModerateRiskAversion__Cost-4__Fee-British__ExitFees-AllUnilateralExits","1","19","1","D","8","15","D Offer","D Liability Signal: 4;P Files: 1;D Answers: 1;D Defaults: 2","4,1,1,2","0","true","","","9","0.85","0.10000000000000001","","",""
"Specification-DirectBinaryStateSignalsModerateRiskAversion__Cost-4__Fee-British__ExitFees-AllUnilateralExits","1","19","1","D","8","15","D Offer","D Liability Signal: 4;P Files: 1;D Answers: 1;D Defaults: 2","4,1,1,2","0","true","","","10","0.95","0.10000000000000001","","",""
"Specification-DirectBinaryStateSignalsModerateRiskAversion__Cost-4__Fee-British__ExitFees-AllUnilateralExits","1","20","1","D","3","10","D Answers","D Liability Signal: 5;P Files: 1","5,1","0.017073809263460013","false","996.7773499788475","996.7773499788475","1","Yes","1","996.7773499788475","0","true"
"Specification-DirectBinaryStateSignalsModerateRiskAversion__Cost-4__Fee-British__ExitFees-AllUnilateralExits","1","20","1","D","3","10","D Answers","D Liability Signal: 5;P Files: 1","5,1","0.017073809263460013","false","996.7773499788475","996.7773499788475","2","No","0","995.60876580399975","1.1685841748477515","false"
"Specification-DirectBinaryStateSignalsModerateRiskAversion__Cost-4__Fee-British__ExitFees-AllUnilateralExits","1","21","1","D","6","21","D Defaults","D Liability Signal: 5;P Files: 1;D Answers: 1","5,1,1","0.01707380926346001","false","996.77734997884772","996.77734997884772","1","Yes","1","996.77734997884772","0","true"
"Specification-DirectBinaryStateSignalsModerateRiskAversion__Cost-4__Fee-British__ExitFees-AllUnilateralExits","1","21","1","D","6","21","D Defaults","D Liability Signal: 5;P Files: 1;D Answers: 1","5,1,1","0.01707380926346001","false","996.77734997884772","996.77734997884772","2","No","0","992.48566190364272","4.291688075205002","false"
"Specification-DirectBinaryStateSignalsModerateRiskAversion__Cost-4__Fee-British__ExitFees-AllUnilateralExits","1","22","1","D","8","15","D Offer","D Liability Signal: 5;P Files: 1;D Answers: 1;D Defaults: 1","5,1,1,1","0.01707380926346001","false","996.77734997884772","996.77734997884772","1","0.05","0","992.11226831536635","4.6650816634813737","false"
"Specification-DirectBinaryStateSignalsModerateRiskAversion__Cost-4__Fee-British__ExitFees-AllUnilateralExits","1","22","1","D","8","15","D Offer","D Liability Signal: 5;P Files: 1;D Answers: 1;D Defaults: 1","5,1,1,1","0.01707380926346001","false","996.77734997884772","996.77734997884772","2","0.15","0","992.11226831536635","4.6650816634813737","false"
"Specification-DirectBinaryStateSignalsModerateRiskAversion__Cost-4__Fee-British__ExitFees-AllUnilateralExits","1","22","1","D","8","15","D Offer","D Liability Signal: 5;P Files: 1;D Answers: 1;D Defaults: 1","5,1,1,1","0.01707380926346001","false","996.77734997884772","996.77734997884772","3","0.25","0","992.11226831536635","4.6650816634813737","false"
"Specification-DirectBinaryStateSignalsModerateRiskAversion__Cost-4__Fee-British__ExitFees-AllUnilateralExits","1","22","1","D","8","15","D Offer","D Liability Signal: 5;P Files: 1;D Answers: 1;D Defaults: 1","5,1,1,1","0.01707380926346001","false","996.77734997884772","996.77734997884772","4","0.35","0","992.11226831536635","4.6650816634813737","false"
"Specification-DirectBinaryStateSignalsModerateRiskAversion__Cost-4__Fee-British__ExitFees-AllUnilateralExits","1","22","1","D","8","15","D Offer","D Liability Signal: 5;P Files: 1;D Answers: 1;D Defaults: 1","5,1,1,1","0.01707380926346001","false","996.77734997884772","996.77734997884772","5","0.45","0","992.11226831536635","4.6650816634813737","false"
"Specification-DirectBinaryStateSignalsModerateRiskAversion__Cost-4__Fee-British__ExitFees-AllUnilateralExits","1","22","1","D","8","15","D Offer","D Liability Signal: 5;P Files: 1;D Answers: 1;D Defaults: 1","5,1,1,1","0.01707380926346001","false","996.77734997884772","996.77734997884772","6","0.55","0","992.11226831536635","4.6650816634813737","false"
"Specification-DirectBinaryStateSignalsModerateRiskAversion__Cost-4__Fee-British__ExitFees-AllUnilateralExits","1","22","1","D","8","15","D Offer","D Liability Signal: 5;P Files: 1;D Answers: 1;D Defaults: 1","5,1,1,1","0.01707380926346001","false","996.77734997884772","996.77734997884772","7","0.65","0","992.11226831536635","4.6650816634813737","false"
"Specification-DirectBinaryStateSignalsModerateRiskAversion__Cost-4__Fee-British__ExitFees-AllUnilateralExits","1","22","1","D","8","15","D Offer","D Liability Signal: 5;P Files: 1;D Answers: 1;D Defaults: 1","5,1,1,1","0.01707380926346001","false","996.77734997884772","996.77734997884772","8","0.75","1","996.77734997884772","0","true"
"Specification-DirectBinaryStateSignalsModerateRiskAversion__Cost-4__Fee-British__ExitFees-AllUnilateralExits","1","22","1","D","8","15","D Offer","D Liability Signal: 5;P Files: 1;D Answers: 1;D Defaults: 1","5,1,1,1","0.01707380926346001","false","996.77734997884772","996.77734997884772","9","0.85","0","996.5006682782315","0.27668170061622277","false"
"Specification-DirectBinaryStateSignalsModerateRiskAversion__Cost-4__Fee-British__ExitFees-AllUnilateralExits","1","22","1","D","8","15","D Offer","D Liability Signal: 5;P Files: 1;D Answers: 1;D Defaults: 1","5,1,1,1","0.01707380926346001","false","996.77734997884772","996.77734997884772","10","0.95","0","996.75768019053669","0.019669788311034608","false"
"Specification-DirectBinaryStateSignalsModerateRiskAversion__Cost-4__Fee-British__ExitFees-AllUnilateralExits","1","23","1","D","8","15","D Offer","D Liability Signal: 5;P Files: 1;D Answers: 1;D Defaults: 2","5,1,1,2","0","true","","","1","0.05","0.10000000000000001","","",""
"Specification-DirectBinaryStateSignalsModerateRiskAversion__Cost-4__Fee-British__ExitFees-AllUnilateralExits","1","23","1","D","8","15","D Offer","D Liability Signal: 5;P Files: 1;D Answers: 1;D Defaults: 2","5,1,1,2","0","true","","","2","0.15","0.10000000000000001","","",""
"Specification-DirectBinaryStateSignalsModerateRiskAversion__Cost-4__Fee-British__ExitFees-AllUnilateralExits","1","23","1","D","8","15","D Offer","D Liability Signal: 5;P Files: 1;D Answers: 1;D Defaults: 2","5,1,1,2","0","true","","","3","0.25","0.10000000000000001","","",""
"Specification-DirectBinaryStateSignalsModerateRiskAversion__Cost-4__Fee-British__ExitFees-AllUnilateralExits","1","23","1","D","8","15","D Offer","D Liability Signal: 5;P Files: 1;D Answers: 1;D Defaults: 2","5,1,1,2","0","true","","","4","0.35","0.10000000000000001","","",""
"Specification-DirectBinaryStateSignalsModerateRiskAversion__Cost-4__Fee-British__ExitFees-AllUnilateralExits","1","23","1","D","8","15","D Offer","D Liability Signal: 5;P Files: 1;D Answers: 1;D Defaults: 2","5,1,1,2","0","true","","","5","0.45","0.10000000000000001","","",""
"Specification-DirectBinaryStateSignalsModerateRiskAversion__Cost-4__Fee-British__ExitFees-AllUnilateralExits","1","23","1","D","8","15","D Offer","D Liability Signal: 5;P Files: 1;D Answers: 1;D Defaults: 2","5,1,1,2","0","true","","","6","0.55","0.10000000000000001","","",""
"Specification-DirectBinaryStateSignalsModerateRiskAversion__Cost-4__Fee-British__ExitFees-AllUnilateralExits","1","23","1","D","8","15","D Offer","D Liability Signal: 5;P Files: 1;D Answers: 1;D Defaults: 2","5,1,1,2","0","true","","","7","0.65","0.10000000000000001","","",""
"Specification-DirectBinaryStateSignalsModerateRiskAversion__Cost-4__Fee-British__ExitFees-AllUnilateralExits","1","23","1","D","8","15","D Offer","D Liability Signal: 5;P Files: 1;D Answers: 1;D Defaults: 2","5,1,1,2","0","true","","","8","0.75","0.10000000000000001","","",""
"Specification-DirectBinaryStateSignalsModerateRiskAversion__Cost-4__Fee-British__ExitFees-AllUnilateralExits","1","23","1","D","8","15","D Offer","D Liability Signal: 5;P Files: 1;D Answers: 1;D Defaults: 2","5,1,1,2","0","true","","","9","0.85","0.10000000000000001","","",""
"Specification-DirectBinaryStateSignalsModerateRiskAversion__Cost-4__Fee-British__ExitFees-AllUnilateralExits","1","23","1","D","8","15","D Offer","D Liability Signal: 5;P Files: 1;D Answers: 1;D Defaults: 2","5,1,1,2","0","true","","","10","0.95","0.10000000000000001","","",""
"Specification-DirectBinaryStateSignalsModerateRiskAversion__Cost-4__Fee-British__ExitFees-AllUnilateralExits","1","24","1","D","3","10","D Answers","D Liability Signal: 6;P Files: 1","6,1","0.024637536948440546","false","996.76587565582918","996.76587565582918","1","Yes","1","996.76587565582918","0","true"
"Specification-DirectBinaryStateSignalsModerateRiskAversion__Cost-4__Fee-British__ExitFees-AllUnilateralExits","1","24","1","D","3","10","D Answers","D Liability Signal: 6;P Files: 1","6,1","0.024637536948440546","false","996.76587565582918","996.76587565582918","2","No","0","995.60876580399997","1.1571098518292047","false"
"Specification-DirectBinaryStateSignalsModerateRiskAversion__Cost-4__Fee-British__ExitFees-AllUnilateralExits","1","25","1","D","6","21","D Defaults","D Liability Signal: 6;P Files: 1;D Answers: 1","6,1,1","0.024637536948440546","false","996.76587565582929","996.76587565582929","1","Yes","1","996.76587565582929","0","true"
"Specification-DirectBinaryStateSignalsModerateRiskAversion__Cost-4__Fee-British__ExitFees-AllUnilateralExits","1","25","1","D","6","21","D Defaults","D Liability Signal: 6;P Files: 1;D Answers: 1","6,1,1","0.024637536948440546","false","996.76587565582929","996.76587565582929","2","No","0","992.23772733915177","4.528148316677516","false"
"Specification-DirectBinaryStateSignalsModerateRiskAversion__Cost-4__Fee-British__ExitFees-AllUnilateralExits","1","26","1","D","8","15","D Offer","D Liability Signal: 6;P Files: 1;D Answers: 1;D Defaults: 1","6,1,1,1","0.024637536948440546","false","996.76587565582929","996.76587565582929","1","0.05","0","992.10533513095538","4.6605405248739089","false"
"Specification-DirectBinaryStateSignalsModerateRiskAversion__Cost-4__Fee-British__ExitFees-AllUnilateralExits","1","26","1","D","8","15","D Offer","D Liability Signal: 6;P Files: 1;D Answers: 1;D Defaults: 1","6,1,1,1","0.024637536948440546","false","996.76587565582929","996.76587565582929","2","0.15","0","992.10533513095538","4.6605405248739089","false"
"Specification-DirectBinaryStateSignalsModerateRiskAversion__Cost-4__Fee-British__ExitFees-AllUnilateralExits","1","26","1","D","8","15","D Offer","D Liability Signal: 6;P Files: 1;D Answers: 1;D Defaults: 1","6,1,1,1","0.024637536948440546","false","996.76587565582929","996.76587565582929","3","0.25","0","992.10533513095538","4.6605405248739089","false"
"Specification-DirectBinaryStateSignalsModerateRiskAversion__Cost-4__Fee-British__ExitFees-AllUnilateralExits","1","26","1","D","8","15","D Offer","D Liability Signal: 6;P Files: 1;D Answers: 1;D Defaults: 1","6,1,1,1","0.024637536948440546","false","996.76587565582929","996.76587565582929","4","0.35","0","992.10533513095538","4.6605405248739089","false"
"Specification-DirectBinaryStateSignalsModerateRiskAversion__Cost-4__Fee-British__ExitFees-AllUnilateralExits","1","26","1","D","8","15","D Offer","D Liability Signal: 6;P Files: 1;D Answers: 1;D Defaults: 1","6,1,1,1","0.024637536948440546","false","996.76587565582929","996.76587565582929","5","0.45","0","992.10533513095538","4.6605405248739089","false"
"Specification-DirectBinaryStateSignalsModerateRiskAversion__Cost-4__Fee-British__ExitFees-AllUnilateralExits","1","26","1","D","8","15","D Offer","D Liability Signal: 6;P Files: 1;D Answers: 1;D Defaults: 1","6,1,1,1","0.024637536948440546","false","996.76587565582929","996.76587565582929","6","0.55","0","992.10533513095538","4.6605405248739089","false"
"Specification-DirectBinaryStateSignalsModerateRiskAversion__Cost-4__Fee-British__ExitFees-AllUnilateralExits","1","26","1","D","8","15","D Offer","D Liability Signal: 6;P Files: 1;D Answers: 1;D Defaults: 1","6,1,1,1","0.024637536948440546","false","996.76587565582929","996.76587565582929","7","0.65","0","992.10533513095538","4.6605405248739089","false"
"Specification-DirectBinaryStateSignalsModerateRiskAversion__Cost-4__Fee-British__ExitFees-AllUnilateralExits","1","26","1","D","8","15","D Offer","D Liability Signal: 6;P Files: 1;D Answers: 1;D Defaults: 1","6,1,1,1","0.024637536948440546","false","996.76587565582929","996.76587565582929","8","0.75","1","996.76587565582929","0","true"
"Specification-DirectBinaryStateSignalsModerateRiskAversion__Cost-4__Fee-British__ExitFees-AllUnilateralExits","1","26","1","D","8","15","D Offer","D Liability Signal: 6;P Files: 1;D Answers: 1;D Defaults: 1","6,1,1,1","0.024637536948440546","false","996.76587565582929","996.76587565582929","9","0.85","0","996.48946328596514","0.27641236986414697","false"
"Specification-DirectBinaryStateSignalsModerateRiskAversion__Cost-4__Fee-British__ExitFees-AllUnilateralExits","1","26","1","D","8","15","D Offer","D Liability Signal: 6;P Files: 1;D Answers: 1;D Defaults: 1","6,1,1,1","0.024637536948440546","false","996.76587565582929","996.76587565582929","10","0.95","0","996.7569860391136","0.0088896167156917727","false"
"Specification-DirectBinaryStateSignalsModerateRiskAversion__Cost-4__Fee-British__ExitFees-AllUnilateralExits","1","27","1","D","8","15","D Offer","D Liability Signal: 6;P Files: 1;D Answers: 1;D Defaults: 2","6,1,1,2","0","true","","","1","0.05","0.10000000000000001","","",""
"Specification-DirectBinaryStateSignalsModerateRiskAversion__Cost-4__Fee-British__ExitFees-AllUnilateralExits","1","27","1","D","8","15","D Offer","D Liability Signal: 6;P Files: 1;D Answers: 1;D Defaults: 2","6,1,1,2","0","true","","","2","0.15","0.10000000000000001","","",""
"Specification-DirectBinaryStateSignalsModerateRiskAversion__Cost-4__Fee-British__ExitFees-AllUnilateralExits","1","27","1","D","8","15","D Offer","D Liability Signal: 6;P Files: 1;D Answers: 1;D Defaults: 2","6,1,1,2","0","true","","","3","0.25","0.10000000000000001","","",""
"Specification-DirectBinaryStateSignalsModerateRiskAversion__Cost-4__Fee-British__ExitFees-AllUnilateralExits","1","27","1","D","8","15","D Offer","D Liability Signal: 6;P Files: 1;D Answers: 1;D Defaults: 2","6,1,1,2","0","true","","","4","0.35","0.10000000000000001","","",""
"Specification-DirectBinaryStateSignalsModerateRiskAversion__Cost-4__Fee-British__ExitFees-AllUnilateralExits","1","27","1","D","8","15","D Offer","D Liability Signal: 6;P Files: 1;D Answers: 1;D Defaults: 2","6,1,1,2","0","true","","","5","0.45","0.10000000000000001","","",""
"Specification-DirectBinaryStateSignalsModerateRiskAversion__Cost-4__Fee-British__ExitFees-AllUnilateralExits","1","27","1","D","8","15","D Offer","D Liability Signal: 6;P Files: 1;D Answers: 1;D Defaults: 2","6,1,1,2","0","true","","","6","0.55","0.10000000000000001","","",""
"Specification-DirectBinaryStateSignalsModerateRiskAversion__Cost-4__Fee-British__ExitFees-AllUnilateralExits","1","27","1","D","8","15","D Offer","D Liability Signal: 6;P Files: 1;D Answers: 1;D Defaults: 2","6,1,1,2","0","true","","","7","0.65","0.10000000000000001","","",""
"Specification-DirectBinaryStateSignalsModerateRiskAversion__Cost-4__Fee-British__ExitFees-AllUnilateralExits","1","27","1","D","8","15","D Offer","D Liability Signal: 6;P Files: 1;D Answers: 1;D Defaults: 2","6,1,1,2","0","true","","","8","0.75","0.10000000000000001","","",""
"Specification-DirectBinaryStateSignalsModerateRiskAversion__Cost-4__Fee-British__ExitFees-AllUnilateralExits","1","27","1","D","8","15","D Offer","D Liability Signal: 6;P Files: 1;D Answers: 1;D Defaults: 2","6,1,1,2","0","true","","","9","0.85","0.10000000000000001","","",""
"Specification-DirectBinaryStateSignalsModerateRiskAversion__Cost-4__Fee-British__ExitFees-AllUnilateralExits","1","27","1","D","8","15","D Offer","D Liability Signal: 6;P Files: 1;D Answers: 1;D Defaults: 2","6,1,1,2","0","true","","","10","0.95","0.10000000000000001","","",""
"Specification-DirectBinaryStateSignalsModerateRiskAversion__Cost-4__Fee-British__ExitFees-AllUnilateralExits","1","28","1","D","3","10","D Answers","D Liability Signal: 7;P Files: 1","7,1","0.033484767141440407","false","996.76047557000345","996.76047557000345","1","Yes","1","996.76047557000345","0","true"
"Specification-DirectBinaryStateSignalsModerateRiskAversion__Cost-4__Fee-British__ExitFees-AllUnilateralExits","1","28","1","D","3","10","D Answers","D Liability Signal: 7;P Files: 1","7,1","0.033484767141440407","false","996.76047557000345","996.76047557000345","2","No","0","995.60876580399986","1.1517097660035915","false"
"Specification-DirectBinaryStateSignalsModerateRiskAversion__Cost-4__Fee-British__ExitFees-AllUnilateralExits","1","29","1","D","6","21","D Defaults","D Liability Signal: 7;P Files: 1;D Answers: 1","7,1,1","0.033484767141440407","false","996.76047557000345","996.76047557000345","1","Yes","1","996.76047557000345","0","true"
"Specification-DirectBinaryStateSignalsModerateRiskAversion__Cost-4__Fee-British__ExitFees-AllUnilateralExits","1","29","1","D","6","21","D Defaults","D Liability Signal: 7;P Files: 1;D Answers: 1","7,1,1","0.033484767141440407","false","996.76047557000345","996.76047557000345","2","No","0","992.12107683647753","4.6393987335259226","false"
"Specification-DirectBinaryStateSignalsModerateRiskAversion__Cost-4__Fee-British__ExitFees-AllUnilateralExits","1","30","1","D","8","15","D Offer","D Liability Signal: 7;P Files: 1;D Answers: 1;D Defaults: 1","7,1,1,1","0.033484767141440407","false","996.76047557000345","996.76047557000345","1","0.05","0","992.10207221158294","4.6584033584205145","false"
"Specification-DirectBinaryStateSignalsModerateRiskAversion__Cost-4__Fee-British__ExitFees-AllUnilateralExits","1","30","1","D","8","15","D Offer","D Liability Signal: 7;P Files: 1;D Answers: 1;D Defaults: 1","7,1,1,1","0.033484767141440407","false","996.76047557000345","996.76047557000345","2","0.15","0","992.10207221158294","4.6584033584205145","false"
"Specification-DirectBinaryStateSignalsModerateRiskAversion__Cost-4__Fee-British__ExitFees-AllUnilateralExits","1","30","1","D","8","15","D Offer","D Liability Signal: 7;P Files: 1;D Answers: 1;D Defaults: 1","7,1,1,1","0.033484767141440407","false","996.76047557000345","996.76047557000345","3","0.25","0","992.10207221158294","4.6584033584205145","false"
"Specification-DirectBinaryStateSignalsModerateRiskAversion__Cost-4__Fee-British__ExitFees-AllUnilateralExits","1","30","1","D","8","15","D Offer","D Liability Signal: 7;P Files: 1;D Answers: 1;D Defaults: 1","7,1,1,1","0.033484767141440407","false","996.76047557000345","996.76047557000345","4","0.35","0","992.10207221158294","4.6584033584205145","false"
"Specification-DirectBinaryStateSignalsModerateRiskAversion__Cost-4__Fee-British__ExitFees-AllUnilateralExits","1","30","1","D","8","15","D Offer","D Liability Signal: 7;P Files: 1;D Answers: 1;D Defaults: 1","7,1,1,1","0.033484767141440407","false","996.76047557000345","996.76047557000345","5","0.45","0","992.10207221158294","4.6584033584205145","false"
"Specification-DirectBinaryStateSignalsModerateRiskAversion__Cost-4__Fee-British__ExitFees-AllUnilateralExits","1","30","1","D","8","15","D Offer","D Liability Signal: 7;P Files: 1;D Answers: 1;D Defaults: 1","7,1,1,1","0.033484767141440407","false","996.76047557000345","996.76047557000345","6","0.55","0","992.10207221158294","4.6584033584205145","false"
"Specification-DirectBinaryStateSignalsModerateRiskAversion__Cost-4__Fee-British__ExitFees-AllUnilateralExits","1","30","1","D","8","15","D Offer","D Liability Signal: 7;P Files: 1;D Answers: 1;D Defaults: 1","7,1,1,1","0.033484767141440407","false","996.76047557000345","996.76047557000345","7","0.65","0","992.10207221158294","4.6584033584205145","false"
"Specification-DirectBinaryStateSignalsModerateRiskAversion__Cost-4__Fee-British__ExitFees-AllUnilateralExits","1","30","1","D","8","15","D Offer","D Liability Signal: 7;P Files: 1;D Answers: 1;D Defaults: 1","7,1,1,1","0.033484767141440407","false","996.76047557000345","996.76047557000345","8","0.75","1","996.76047557000345","0","true"
"Specification-DirectBinaryStateSignalsModerateRiskAversion__Cost-4__Fee-British__ExitFees-AllUnilateralExits","1","30","1","D","8","15","D Offer","D Liability Signal: 7;P Files: 1;D Answers: 1;D Defaults: 1","7,1,1,1","0.033484767141440407","false","996.76047557000345","996.76047557000345","9","0.85","0","996.48418995351494","0.27628561648850791","false"
"Specification-DirectBinaryStateSignalsModerateRiskAversion__Cost-4__Fee-British__ExitFees-AllUnilateralExits","1","30","1","D","8","15","D Offer","D Liability Signal: 7;P Files: 1;D Answers: 1;D Defaults: 1","7,1,1,1","0.033484767141440407","false","996.76047557000345","996.76047557000345","10","0.95","0","996.75665935515553","0.0038162148479159441","false"
"Specification-DirectBinaryStateSignalsModerateRiskAversion__Cost-4__Fee-British__ExitFees-AllUnilateralExits","1","31","1","D","8","15","D Offer","D Liability Signal: 7;P Files: 1;D Answers: 1;D Defaults: 2","7,1,1,2","0","true","","","1","0.05","0.10000000000000001","","",""
"Specification-DirectBinaryStateSignalsModerateRiskAversion__Cost-4__Fee-British__ExitFees-AllUnilateralExits","1","31","1","D","8","15","D Offer","D Liability Signal: 7;P Files: 1;D Answers: 1;D Defaults: 2","7,1,1,2","0","true","","","2","0.15","0.10000000000000001","","",""
"Specification-DirectBinaryStateSignalsModerateRiskAversion__Cost-4__Fee-British__ExitFees-AllUnilateralExits","1","31","1","D","8","15","D Offer","D Liability Signal: 7;P Files: 1;D Answers: 1;D Defaults: 2","7,1,1,2","0","true","","","3","0.25","0.10000000000000001","","",""
"Specification-DirectBinaryStateSignalsModerateRiskAversion__Cost-4__Fee-British__ExitFees-AllUnilateralExits","1","31","1","D","8","15","D Offer","D Liability Signal: 7;P Files: 1;D Answers: 1;D Defaults: 2","7,1,1,2","0","true","","","4","0.35","0.10000000000000001","","",""
"Specification-DirectBinaryStateSignalsModerateRiskAversion__Cost-4__Fee-British__ExitFees-AllUnilateralExits","1","31","1","D","8","15","D Offer","D Liability Signal: 7;P Files: 1;D Answers: 1;D Defaults: 2","7,1,1,2","0","true","","","5","0.45","0.10000000000000001","","",""
"Specification-DirectBinaryStateSignalsModerateRiskAversion__Cost-4__Fee-British__ExitFees-AllUnilateralExits","1","31","1","D","8","15","D Offer","D Liability Signal: 7;P Files: 1;D Answers: 1;D Defaults: 2","7,1,1,2","0","true","","","6","0.55","0.10000000000000001","","",""
"Specification-DirectBinaryStateSignalsModerateRiskAversion__Cost-4__Fee-British__ExitFees-AllUnilateralExits","1","31","1","D","8","15","D Offer","D Liability Signal: 7;P Files: 1;D Answers: 1;D Defaults: 2","7,1,1,2","0","true","","","7","0.65","0.10000000000000001","","",""
"Specification-DirectBinaryStateSignalsModerateRiskAversion__Cost-4__Fee-British__ExitFees-AllUnilateralExits","1","31","1","D","8","15","D Offer","D Liability Signal: 7;P Files: 1;D Answers: 1;D Defaults: 2","7,1,1,2","0","true","","","8","0.75","0.10000000000000001","","",""
"Specification-DirectBinaryStateSignalsModerateRiskAversion__Cost-4__Fee-British__ExitFees-AllUnilateralExits","1","31","1","D","8","15","D Offer","D Liability Signal: 7;P Files: 1;D Answers: 1;D Defaults: 2","7,1,1,2","0","true","","","9","0.85","0.10000000000000001","","",""
"Specification-DirectBinaryStateSignalsModerateRiskAversion__Cost-4__Fee-British__ExitFees-AllUnilateralExits","1","31","1","D","8","15","D Offer","D Liability Signal: 7;P Files: 1;D Answers: 1;D Defaults: 2","7,1,1,2","0","true","","","10","0.95","0.10000000000000001","","",""
"Specification-DirectBinaryStateSignalsModerateRiskAversion__Cost-4__Fee-British__ExitFees-AllUnilateralExits","1","32","1","D","3","10","D Answers","D Liability Signal: 8;P Files: 1","8,1","0.04237336614420234","false","996.75800817381662","996.75800817381662","1","Yes","1","996.75800817381662","0","true"
"Specification-DirectBinaryStateSignalsModerateRiskAversion__Cost-4__Fee-British__ExitFees-AllUnilateralExits","1","32","1","D","3","10","D Answers","D Liability Signal: 8;P Files: 1","8,1","0.04237336614420234","false","996.75800817381662","996.75800817381662","2","No","0","995.60876580399986","1.1492423698167613","false"
"Specification-DirectBinaryStateSignalsModerateRiskAversion__Cost-4__Fee-British__ExitFees-AllUnilateralExits","1","33","1","D","6","21","D Defaults","D Liability Signal: 8;P Files: 1;D Answers: 1","8,1,1","0.042373366144202333","false","996.75800817381685","996.75800817381685","1","Yes","1","996.75800817381685","0","true"
"Specification-DirectBinaryStateSignalsModerateRiskAversion__Cost-4__Fee-British__ExitFees-AllUnilateralExits","1","33","1","D","6","21","D Defaults","D Liability Signal: 8;P Files: 1;D Answers: 1","8,1,1","0.042373366144202333","false","996.75800817381685","996.75800817381685","2","No","0","992.06781784816098","4.6901903256558626","false"
"Specification-DirectBinaryStateSignalsModerateRiskAversion__Cost-4__Fee-British__ExitFees-AllUnilateralExits","1","34","1","D","8","15","D Offer","D Liability Signal: 8;P Files: 1;D Answers: 1;D Defaults: 1","8,1,1,1","0.042373366144202333","false","996.75800817381685","996.75800817381685","1","0.05","0","992.10058132512734","4.6574268486895107","false"
"Specification-DirectBinaryStateSignalsModerateRiskAversion__Cost-4__Fee-British__ExitFees-AllUnilateralExits","1","34","1","D","8","15","D Offer","D Liability Signal: 8;P Files: 1;D Answers: 1;D Defaults: 1","8,1,1,1","0.042373366144202333","false","996.75800817381685","996.75800817381685","2","0.15","0","992.10058132512734","4.6574268486895107","false"
"Specification-DirectBinaryStateSignalsModerateRiskAversion__Cost-4__Fee-British__ExitFees-AllUnilateralExits","1","34","1","D","8","15","D Offer","D Liability Signal: 8;P Files: 1;D Answers: 1;D Defaults: 1","8,1,1,1","0.042373366144202333","false","996.75800817381685","996.75800817381685","3","0.25","0","992.10058132512734","4.6574268486895107","false"
"Specification-DirectBinaryStateSignalsModerateRiskAversion__Cost-4__Fee-British__ExitFees-AllUnilateralExits","1","34","1","D","8","15","D Offer","D Liability Signal: 8;P Files: 1;D Answers: 1;D Defaults: 1","8,1,1,1","0.042373366144202333","false","996.75800817381685","996.75800817381685","4","0.35","0","992.10058132512734","4.6574268486895107","false"
"Specification-DirectBinaryStateSignalsModerateRiskAversion__Cost-4__Fee-British__ExitFees-AllUnilateralExits","1","34","1","D","8","15","D Offer","D Liability Signal: 8;P Files: 1;D Answers: 1;D Defaults: 1","8,1,1,1","0.042373366144202333","false","996.75800817381685","996.75800817381685","5","0.45","0","992.10058132512734","4.6574268486895107","false"
"Specification-DirectBinaryStateSignalsModerateRiskAversion__Cost-4__Fee-British__ExitFees-AllUnilateralExits","1","34","1","D","8","15","D Offer","D Liability Signal: 8;P Files: 1;D Answers: 1;D Defaults: 1","8,1,1,1","0.042373366144202333","false","996.75800817381685","996.75800817381685","6","0.55","0","992.10058132512734","4.6574268486895107","false"
"Specification-DirectBinaryStateSignalsModerateRiskAversion__Cost-4__Fee-British__ExitFees-AllUnilateralExits","1","34","1","D","8","15","D Offer","D Liability Signal: 8;P Files: 1;D Answers: 1;D Defaults: 1","8,1,1,1","0.042373366144202333","false","996.75800817381685","996.75800817381685","7","0.65","0","992.10058132512734","4.6574268486895107","false"
"Specification-DirectBinaryStateSignalsModerateRiskAversion__Cost-4__Fee-British__ExitFees-AllUnilateralExits","1","34","1","D","8","15","D Offer","D Liability Signal: 8;P Files: 1;D Answers: 1;D Defaults: 1","8,1,1,1","0.042373366144202333","false","996.75800817381685","996.75800817381685","8","0.75","1","996.75800817381685","0","true"
"Specification-DirectBinaryStateSignalsModerateRiskAversion__Cost-4__Fee-British__ExitFees-AllUnilateralExits","1","34","1","D","8","15","D Offer","D Liability Signal: 8;P Files: 1;D Answers: 1;D Defaults: 1","8,1,1,1","0.042373366144202333","false","996.75800817381685","996.75800817381685","9","0.85","0","996.48178047322199","0.27622770059485902","false"
"Specification-DirectBinaryStateSignalsModerateRiskAversion__Cost-4__Fee-British__ExitFees-AllUnilateralExits","1","34","1","D","8","15","D Offer","D Liability Signal: 8;P Files: 1;D Answers: 1;D Defaults: 1","8,1,1,1","0.042373366144202333","false","996.75800817381685","996.75800817381685","10","0.95","0","996.75651008738885","0.0014980864280005335","false"
"Specification-DirectBinaryStateSignalsModerateRiskAversion__Cost-4__Fee-British__ExitFees-AllUnilateralExits","1","35","1","D","8","15","D Offer","D Liability Signal: 8;P Files: 1;D Answers: 1;D Defaults: 2","8,1,1,2","0","true","","","1","0.05","0.10000000000000001","","",""
"Specification-DirectBinaryStateSignalsModerateRiskAversion__Cost-4__Fee-British__ExitFees-AllUnilateralExits","1","35","1","D","8","15","D Offer","D Liability Signal: 8;P Files: 1;D Answers: 1;D Defaults: 2","8,1,1,2","0","true","","","2","0.15","0.10000000000000001","","",""
"Specification-DirectBinaryStateSignalsModerateRiskAversion__Cost-4__Fee-British__ExitFees-AllUnilateralExits","1","35","1","D","8","15","D Offer","D Liability Signal: 8;P Files: 1;D Answers: 1;D Defaults: 2","8,1,1,2","0","true","","","3","0.25","0.10000000000000001","","",""
"Specification-DirectBinaryStateSignalsModerateRiskAversion__Cost-4__Fee-British__ExitFees-AllUnilateralExits","1","35","1","D","8","15","D Offer","D Liability Signal: 8;P Files: 1;D Answers: 1;D Defaults: 2","8,1,1,2","0","true","","","4","0.35","0.10000000000000001","","",""
"Specification-DirectBinaryStateSignalsModerateRiskAversion__Cost-4__Fee-British__ExitFees-AllUnilateralExits","1","35","1","D","8","15","D Offer","D Liability Signal: 8;P Files: 1;D Answers: 1;D Defaults: 2","8,1,1,2","0","true","","","5","0.45","0.10000000000000001","","",""
"Specification-DirectBinaryStateSignalsModerateRiskAversion__Cost-4__Fee-British__ExitFees-AllUnilateralExits","1","35","1","D","8","15","D Offer","D Liability Signal: 8;P Files: 1;D Answers: 1;D Defaults: 2","8,1,1,2","0","true","","","6","0.55","0.10000000000000001","","",""
"Specification-DirectBinaryStateSignalsModerateRiskAversion__Cost-4__Fee-British__ExitFees-AllUnilateralExits","1","35","1","D","8","15","D Offer","D Liability Signal: 8;P Files: 1;D Answers: 1;D Defaults: 2","8,1,1,2","0","true","","","7","0.65","0.10000000000000001","","",""
"Specification-DirectBinaryStateSignalsModerateRiskAversion__Cost-4__Fee-British__ExitFees-AllUnilateralExits","1","35","1","D","8","15","D Offer","D Liability Signal: 8;P Files: 1;D Answers: 1;D Defaults: 2","8,1,1,2","0","true","","","8","0.75","0.10000000000000001","","",""
"Specification-DirectBinaryStateSignalsModerateRiskAversion__Cost-4__Fee-British__ExitFees-AllUnilateralExits","1","35","1","D","8","15","D Offer","D Liability Signal: 8;P Files: 1;D Answers: 1;D Defaults: 2","8,1,1,2","0","true","","","9","0.85","0.10000000000000001","","",""
"Specification-DirectBinaryStateSignalsModerateRiskAversion__Cost-4__Fee-British__ExitFees-AllUnilateralExits","1","35","1","D","8","15","D Offer","D Liability Signal: 8;P Files: 1;D Answers: 1;D Defaults: 2","8,1,1,2","0","true","","","10","0.95","0.10000000000000001","","",""
"Specification-DirectBinaryStateSignalsModerateRiskAversion__Cost-4__Fee-British__ExitFees-AllUnilateralExits","1","36","1","D","3","10","D Answers","D Liability Signal: 9;P Files: 1","9,1","0.049662830399260241","false","996.75689638890481","996.75689638890481","1","Yes","1","996.75689638890481","0","true"
"Specification-DirectBinaryStateSignalsModerateRiskAversion__Cost-4__Fee-British__ExitFees-AllUnilateralExits","1","36","1","D","3","10","D Answers","D Liability Signal: 9;P Files: 1","9,1","0.049662830399260241","false","996.75689638890481","996.75689638890481","2","No","0","995.60876580399997","1.148130584904834","false"
"Specification-DirectBinaryStateSignalsModerateRiskAversion__Cost-4__Fee-British__ExitFees-AllUnilateralExits","1","37","1","D","6","21","D Defaults","D Liability Signal: 9;P Files: 1;D Answers: 1","9,1,1","0.049662830399260241","false","996.75689638890481","996.75689638890481","1","Yes","1","996.75689638890481","0","true"
"Specification-DirectBinaryStateSignalsModerateRiskAversion__Cost-4__Fee-British__ExitFees-AllUnilateralExits","1","37","1","D","6","21","D Defaults","D Liability Signal: 9;P Files: 1;D Answers: 1","9,1,1","0.049662830399260241","false","996.75689638890481","996.75689638890481","2","No","0","992.04389434557447","4.7130020433303343","false"
"Specification-DirectBinaryStateSignalsModerateRiskAversion__Cost-4__Fee-British__ExitFees-AllUnilateralExits","1","38","1","D","8","15","D Offer","D Liability Signal: 9;P Files: 1;D Answers: 1;D Defaults: 1","9,1,1,1","0.049662830399260241","false","996.75689638890481","996.75689638890481","1","0.05","0","992.0999095460769","4.6569868428279051","false"
"Specification-DirectBinaryStateSignalsModerateRiskAversion__Cost-4__Fee-British__ExitFees-AllUnilateralExits","1","38","1","D","8","15","D Offer","D Liability Signal: 9;P Files: 1;D Answers: 1;D Defaults: 1","9,1,1,1","0.049662830399260241","false","996.75689638890481","996.75689638890481","2","0.15","0","992.0999095460769","4.6569868428279051","false"
"Specification-DirectBinaryStateSignalsModerateRiskAversion__Cost-4__Fee-British__ExitFees-AllUnilateralExits","1","38","1","D","8","15","D Offer","D Liability Signal: 9;P Files: 1;D Answers: 1;D Defaults: 1","9,1,1,1","0.049662830399260241","false","996.75689638890481","996.75689638890481","3","0.25","0","992.0999095460769","4.6569868428279051","false"
"Specification-DirectBinaryStateSignalsModerateRiskAversion__Cost-4__Fee-British__ExitFees-AllUnilateralExits","1","38","1","D","8","15","D Offer","D Liability Signal: 9;P Files: 1;D Answers: 1;D Defaults: 1","9,1,1,1","0.049662830399260241","false","996.75689638890481","996.75689638890481","4","0.35","0","992.0999095460769","4.6569868428279051","false"
"Specification-DirectBinaryStateSignalsModerateRiskAversion__Cost-4__Fee-British__ExitFees-AllUnilateralExits","1","38","1","D","8","15","D Offer","D Liability Signal: 9;P Files: 1;D Answers: 1;D Defaults: 1","9,1,1,1","0.049662830399260241","false","996.75689638890481","996.75689638890481","5","0.45","0","992.0999095460769","4.6569868428279051","false"
"Specification-DirectBinaryStateSignalsModerateRiskAversion__Cost-4__Fee-British__ExitFees-AllUnilateralExits","1","38","1","D","8","15","D Offer","D Liability Signal: 9;P Files: 1;D Answers: 1;D Defaults: 1","9,1,1,1","0.049662830399260241","false","996.75689638890481","996.75689638890481","6","0.55","0","992.0999095460769","4.6569868428279051","false"
"Specification-DirectBinaryStateSignalsModerateRiskAversion__Cost-4__Fee-British__ExitFees-AllUnilateralExits","1","38","1","D","8","15","D Offer","D Liability Signal: 9;P Files: 1;D Answers: 1;D Defaults: 1","9,1,1,1","0.049662830399260241","false","996.75689638890481","996.75689638890481","7","0.65","0","992.0999095460769","4.6569868428279051","false"
"Specification-DirectBinaryStateSignalsModerateRiskAversion__Cost-4__Fee-British__ExitFees-AllUnilateralExits","1","38","1","D","8","15","D Offer","D Liability Signal: 9;P Files: 1;D Answers: 1;D Defaults: 1","9,1,1,1","0.049662830399260241","false","996.75689638890481","996.75689638890481","8","0.75","1","996.75689638890481","0","true"
"Specification-DirectBinaryStateSignalsModerateRiskAversion__Cost-4__Fee-British__ExitFees-AllUnilateralExits","1","38","1","D","8","15","D Offer","D Liability Signal: 9;P Files: 1;D Answers: 1;D Defaults: 1","9,1,1,1","0.049662830399260241","false","996.75689638890481","996.75689638890481","9","0.85","0","996.48069478465277","0.27620160425203721","false"
"Specification-DirectBinaryStateSignalsModerateRiskAversion__Cost-4__Fee-British__ExitFees-AllUnilateralExits","1","38","1","D","8","15","D Offer","D Liability Signal: 9;P Files: 1;D Answers: 1;D Defaults: 1","9,1,1,1","0.049662830399260241","false","996.75689638890481","996.75689638890481","10","0.95","0","996.7564428287734","0.00045356013140462892","false"
"Specification-DirectBinaryStateSignalsModerateRiskAversion__Cost-4__Fee-British__ExitFees-AllUnilateralExits","1","39","1","D","8","15","D Offer","D Liability Signal: 9;P Files: 1;D Answers: 1;D Defaults: 2","9,1,1,2","0","true","","","1","0.05","0.10000000000000001","","",""
"Specification-DirectBinaryStateSignalsModerateRiskAversion__Cost-4__Fee-British__ExitFees-AllUnilateralExits","1","39","1","D","8","15","D Offer","D Liability Signal: 9;P Files: 1;D Answers: 1;D Defaults: 2","9,1,1,2","0","true","","","2","0.15","0.10000000000000001","","",""
"Specification-DirectBinaryStateSignalsModerateRiskAversion__Cost-4__Fee-British__ExitFees-AllUnilateralExits","1","39","1","D","8","15","D Offer","D Liability Signal: 9;P Files: 1;D Answers: 1;D Defaults: 2","9,1,1,2","0","true","","","3","0.25","0.10000000000000001","","",""
"Specification-DirectBinaryStateSignalsModerateRiskAversion__Cost-4__Fee-British__ExitFees-AllUnilateralExits","1","39","1","D","8","15","D Offer","D Liability Signal: 9;P Files: 1;D Answers: 1;D Defaults: 2","9,1,1,2","0","true","","","4","0.35","0.10000000000000001","","",""
"Specification-DirectBinaryStateSignalsModerateRiskAversion__Cost-4__Fee-British__ExitFees-AllUnilateralExits","1","39","1","D","8","15","D Offer","D Liability Signal: 9;P Files: 1;D Answers: 1;D Defaults: 2","9,1,1,2","0","true","","","5","0.45","0.10000000000000001","","",""
"Specification-DirectBinaryStateSignalsModerateRiskAversion__Cost-4__Fee-British__ExitFees-AllUnilateralExits","1","39","1","D","8","15","D Offer","D Liability Signal: 9;P Files: 1;D Answers: 1;D Defaults: 2","9,1,1,2","0","true","","","6","0.55","0.10000000000000001","","",""
"Specification-DirectBinaryStateSignalsModerateRiskAversion__Cost-4__Fee-British__ExitFees-AllUnilateralExits","1","39","1","D","8","15","D Offer","D Liability Signal: 9;P Files: 1;D Answers: 1;D Defaults: 2","9,1,1,2","0","true","","","7","0.65","0.10000000000000001","","",""
"Specification-DirectBinaryStateSignalsModerateRiskAversion__Cost-4__Fee-British__ExitFees-AllUnilateralExits","1","39","1","D","8","15","D Offer","D Liability Signal: 9;P Files: 1;D Answers: 1;D Defaults: 2","9,1,1,2","0","true","","","8","0.75","0.10000000000000001","","",""
"Specification-DirectBinaryStateSignalsModerateRiskAversion__Cost-4__Fee-British__ExitFees-AllUnilateralExits","1","39","1","D","8","15","D Offer","D Liability Signal: 9;P Files: 1;D Answers: 1;D Defaults: 2","9,1,1,2","0","true","","","9","0.85","0.10000000000000001","","",""
"Specification-DirectBinaryStateSignalsModerateRiskAversion__Cost-4__Fee-British__ExitFees-AllUnilateralExits","1","39","1","D","8","15","D Offer","D Liability Signal: 9;P Files: 1;D Answers: 1;D Defaults: 2","9,1,1,2","0","true","","","10","0.95","0.10000000000000001","","",""
"Specification-DirectBinaryStateSignalsModerateRiskAversion__Cost-4__Fee-British__ExitFees-AllUnilateralExits","1","40","1","D","3","10","D Answers","D Liability Signal: 10;P Files: 1","10,1","0.05377389800584044","false","996.75641362335637","996.75641362335637","1","Yes","1","996.75641362335637","0","true"
"Specification-DirectBinaryStateSignalsModerateRiskAversion__Cost-4__Fee-British__ExitFees-AllUnilateralExits","1","40","1","D","3","10","D Answers","D Liability Signal: 10;P Files: 1","10,1","0.05377389800584044","false","996.75641362335637","996.75641362335637","2","No","0","995.60876580400009","1.1476478193562798","false"
"Specification-DirectBinaryStateSignalsModerateRiskAversion__Cost-4__Fee-British__ExitFees-AllUnilateralExits","1","41","1","D","6","21","D Defaults","D Liability Signal: 10;P Files: 1;D Answers: 1","10,1,1","0.05377389800584044","false","996.75641362335602","996.75641362335602","1","Yes","0.088216148825924351","996.75641362335602","0","true"
"Specification-DirectBinaryStateSignalsModerateRiskAversion__Cost-4__Fee-British__ExitFees-AllUnilateralExits","1","41","1","D","6","21","D Defaults","D Liability Signal: 10;P Files: 1;D Answers: 1","10,1,1","0.05377389800584044","false","996.75641362335602","996.75641362335602","2","No","0.91178385117407568","996.75641362335602","0","true"
"Specification-DirectBinaryStateSignalsModerateRiskAversion__Cost-4__Fee-British__ExitFees-AllUnilateralExits","1","42","1","D","8","15","D Offer","D Liability Signal: 10;P Files: 1;D Answers: 1;D Defaults: 1","10,1,1,1","0.0047437261894332974","false","996.75641362335602","996.75641362335602","1","0.05","0","992.09961784236862","4.6567957809874088","false"
"Specification-DirectBinaryStateSignalsModerateRiskAversion__Cost-4__Fee-British__ExitFees-AllUnilateralExits","1","42","1","D","8","15","D Offer","D Liability Signal: 10;P Files: 1;D Answers: 1;D Defaults: 1","10,1,1,1","0.0047437261894332974","false","996.75641362335602","996.75641362335602","2","0.15","0","992.09961784236862","4.6567957809874088","false"
"Specification-DirectBinaryStateSignalsModerateRiskAversion__Cost-4__Fee-British__ExitFees-AllUnilateralExits","1","42","1","D","8","15","D Offer","D Liability Signal: 10;P Files: 1;D Answers: 1;D Defaults: 1","10,1,1,1","0.0047437261894332974","false","996.75641362335602","996.75641362335602","3","0.25","0","992.09961784236862","4.6567957809874088","false"
"Specification-DirectBinaryStateSignalsModerateRiskAversion__Cost-4__Fee-British__ExitFees-AllUnilateralExits","1","42","1","D","8","15","D Offer","D Liability Signal: 10;P Files: 1;D Answers: 1;D Defaults: 1","10,1,1,1","0.0047437261894332974","false","996.75641362335602","996.75641362335602","4","0.35","0","992.09961784236862","4.6567957809874088","false"
"Specification-DirectBinaryStateSignalsModerateRiskAversion__Cost-4__Fee-British__ExitFees-AllUnilateralExits","1","42","1","D","8","15","D Offer","D Liability Signal: 10;P Files: 1;D Answers: 1;D Defaults: 1","10,1,1,1","0.0047437261894332974","false","996.75641362335602","996.75641362335602","5","0.45","0","992.09961784236862","4.6567957809874088","false"
"Specification-DirectBinaryStateSignalsModerateRiskAversion__Cost-4__Fee-British__ExitFees-AllUnilateralExits","1","42","1","D","8","15","D Offer","D Liability Signal: 10;P Files: 1;D Answers: 1;D Defaults: 1","10,1,1,1","0.0047437261894332974","false","996.75641362335602","996.75641362335602","6","0.55","0","992.09961784236862","4.6567957809874088","false"
"Specification-DirectBinaryStateSignalsModerateRiskAversion__Cost-4__Fee-British__ExitFees-AllUnilateralExits","1","42","1","D","8","15","D Offer","D Liability Signal: 10;P Files: 1;D Answers: 1;D Defaults: 1","10,1,1,1","0.0047437261894332974","false","996.75641362335602","996.75641362335602","7","0.65","0","992.09961784236862","4.6567957809874088","false"
"Specification-DirectBinaryStateSignalsModerateRiskAversion__Cost-4__Fee-British__ExitFees-AllUnilateralExits","1","42","1","D","8","15","D Offer","D Liability Signal: 10;P Files: 1;D Answers: 1;D Defaults: 1","10,1,1,1","0.0047437261894332974","false","996.75641362335602","996.75641362335602","8","0.75","1","996.75641362335602","0","true"
"Specification-DirectBinaryStateSignalsModerateRiskAversion__Cost-4__Fee-British__ExitFees-AllUnilateralExits","1","42","1","D","8","15","D Offer","D Liability Signal: 10;P Files: 1;D Answers: 1;D Defaults: 1","10,1,1,1","0.0047437261894332974","false","996.75641362335602","996.75641362335602","9","0.85","0","996.48022335080589","0.27619027255013862","false"
"Specification-DirectBinaryStateSignalsModerateRiskAversion__Cost-4__Fee-British__ExitFees-AllUnilateralExits","1","42","1","D","8","15","D Offer","D Liability Signal: 10;P Files: 1;D Answers: 1;D Defaults: 1","10,1,1,1","0.0047437261894332974","false","996.75641362335602","996.75641362335602","10","0.95","0","996.75641362335602","0","true"
"Specification-DirectBinaryStateSignalsModerateRiskAversion__Cost-4__Fee-British__ExitFees-AllUnilateralExits","1","43","1","D","8","15","D Offer","D Liability Signal: 10;P Files: 1;D Answers: 1;D Defaults: 2","10,1,1,2","0.049030171816407155","false","996.75641362335602","996.75641362335602","1","0.05","0","992.08431987121674","4.6720937521392898","false"
"Specification-DirectBinaryStateSignalsModerateRiskAversion__Cost-4__Fee-British__ExitFees-AllUnilateralExits","1","43","1","D","8","15","D Offer","D Liability Signal: 10;P Files: 1;D Answers: 1;D Defaults: 2","10,1,1,2","0.049030171816407155","false","996.75641362335602","996.75641362335602","2","0.15","0","992.08431987121674","4.6720937521392898","false"
"Specification-DirectBinaryStateSignalsModerateRiskAversion__Cost-4__Fee-British__ExitFees-AllUnilateralExits","1","43","1","D","8","15","D Offer","D Liability Signal: 10;P Files: 1;D Answers: 1;D Defaults: 2","10,1,1,2","0.049030171816407155","false","996.75641362335602","996.75641362335602","3","0.25","0","992.08431987121674","4.6720937521392898","false"
"Specification-DirectBinaryStateSignalsModerateRiskAversion__Cost-4__Fee-British__ExitFees-AllUnilateralExits","1","43","1","D","8","15","D Offer","D Liability Signal: 10;P Files: 1;D Answers: 1;D Defaults: 2","10,1,1,2","0.049030171816407155","false","996.75641362335602","996.75641362335602","4","0.35","0","992.08431987121674","4.6720937521392898","false"
"Specification-DirectBinaryStateSignalsModerateRiskAversion__Cost-4__Fee-British__ExitFees-AllUnilateralExits","1","43","1","D","8","15","D Offer","D Liability Signal: 10;P Files: 1;D Answers: 1;D Defaults: 2","10,1,1,2","0.049030171816407155","false","996.75641362335602","996.75641362335602","5","0.45","0","992.08431987121674","4.6720937521392898","false"
"Specification-DirectBinaryStateSignalsModerateRiskAversion__Cost-4__Fee-British__ExitFees-AllUnilateralExits","1","43","1","D","8","15","D Offer","D Liability Signal: 10;P Files: 1;D Answers: 1;D Defaults: 2","10,1,1,2","0.049030171816407155","false","996.75641362335602","996.75641362335602","6","0.55","0","992.08431987121674","4.6720937521392898","false"
"Specification-DirectBinaryStateSignalsModerateRiskAversion__Cost-4__Fee-British__ExitFees-AllUnilateralExits","1","43","1","D","8","15","D Offer","D Liability Signal: 10;P Files: 1;D Answers: 1;D Defaults: 2","10,1,1,2","0.049030171816407155","false","996.75641362335602","996.75641362335602","7","0.65","0","992.08431987121674","4.6720937521392898","false"
"Specification-DirectBinaryStateSignalsModerateRiskAversion__Cost-4__Fee-British__ExitFees-AllUnilateralExits","1","43","1","D","8","15","D Offer","D Liability Signal: 10;P Files: 1;D Answers: 1;D Defaults: 2","10,1,1,2","0.049030171816407155","false","996.75641362335602","996.75641362335602","8","0.75","0","989.63135162583569","7.1250619975203335","false"
"Specification-DirectBinaryStateSignalsModerateRiskAversion__Cost-4__Fee-British__ExitFees-AllUnilateralExits","1","43","1","D","8","15","D Offer","D Liability Signal: 10;P Files: 1;D Answers: 1;D Defaults: 2","10,1,1,2","0.049030171816407155","false","996.75641362335602","996.75641362335602","9","0.85","0","989.35516135328567","7.4012522700703585","false"
"Specification-DirectBinaryStateSignalsModerateRiskAversion__Cost-4__Fee-British__ExitFees-AllUnilateralExits","1","43","1","D","8","15","D Offer","D Liability Signal: 10;P Files: 1;D Answers: 1;D Defaults: 2","10,1,1,2","0.049030171816407155","false","996.75641362335602","996.75641362335602","10","0.95","1","996.75641362335602","0","true"
