"OptionSetName","Equilibrium Number","Information Set Number","Player Index","Player","Decision Index","Decision Code","Decision","Information Set Labels","Information Set Contents","Equilibrium Reach Probability","Off Path","Conditional Information-Set Utility","Best Action Utility","Action","Action Label","Equilibrium Action Probability","Conditional Action Utility","Utility Loss from Best Action","Is Best Action"
"Specification-HighNoise__Cost-1__Fee-British","1","0","0","P","2","9","P Files","P Liability Signal: 1","1","0.080790000000000001","false","10.004549770400001","10.004549770400001","1","Yes","1","10.004549770400001","0","true"
"Specification-HighNoise__Cost-1__Fee-British","1","0","0","P","2","9","P Files","P Liability Signal: 1","1","0.080790000000000001","false","10.004549770400001","10.004549770400001","2","No","0","10","0.0045497704000005967","false"
"Specification-HighNoise__Cost-1__Fee-British","1","2","0","P","5","20","P Abandons","P Liability Signal: 1;P Files: 1;D Answers: 1","1,1,1","0.080790000000000001","false","10.004549770400001","10.004549770400001","1","Yes","0","9.8781848392799958","0.1263649311200048","false"
"Specification-HighNoise__Cost-1__Fee-British","1","2","0","P","5","20","P Abandons","P Liability Signal: 1;P Files: 1;D Answers: 1","1,1,1","0.080790000000000001","false","10.004549770400001","10.004549770400001","2","No","1","10.004549770400001","0","true"
"Specification-HighNoise__Cost-1__Fee-British","1","4","0","P","7","14","P Offer","P Liability Signal: 1;P Files: 1;D Answers: 1;P Abandons: 1","1,1,1,1","0","true","","","1","0.05","0.099999999999999964","","",""
"Specification-HighNoise__Cost-1__Fee-British","1","4","0","P","7","14","P Offer","P Liability Signal: 1;P Files: 1;D Answers: 1;P Abandons: 1","1,1,1,1","0","true","","","2","0.15","0.099999999999999964","","",""
"Specification-HighNoise__Cost-1__Fee-British","1","4","0","P","7","14","P Offer","P Liability Signal: 1;P Files: 1;D Answers: 1;P Abandons: 1","1,1,1,1","0","true","","","3","0.25","0.099999999999999964","","",""
"Specification-HighNoise__Cost-1__Fee-British","1","4","0","P","7","14","P Offer","P Liability Signal: 1;P Files: 1;D Answers: 1;P Abandons: 1","1,1,1,1","0","true","","","4","0.35","0.099999999999999964","","",""
"Specification-HighNoise__Cost-1__Fee-British","1","4","0","P","7","14","P Offer","P Liability Signal: 1;P Files: 1;D Answers: 1;P Abandons: 1","1,1,1,1","0","true","","","5","0.45","0.099999999999999964","","",""
"Specification-HighNoise__Cost-1__Fee-British","1","4","0","P","7","14","P Offer","P Liability Signal: 1;P Files: 1;D Answers: 1;P Abandons: 1","1,1,1,1","0","true","","","6","0.55","0.099999999999999964","","",""
"Specification-HighNoise__Cost-1__Fee-British","1","4","0","P","7","14","P Offer","P Liability Signal: 1;P Files: 1;D Answers: 1;P Abandons: 1","1,1,1,1","0","true","","","7","0.65","0.099999999999999964","","",""
"Specification-HighNoise__Cost-1__Fee-British","1","4","0","P","7","14","P Offer","P Liability Signal: 1;P Files: 1;D Answers: 1;P Abandons: 1","1,1,1,1","0","true","","","8","0.75","0.099999999999999964","","",""
"Specification-HighNoise__Cost-1__Fee-British","1","4","0","P","7","14","P Offer","P Liability Signal: 1;P Files: 1;D Answers: 1;P Abandons: 1","1,1,1,1","0","true","","","9","0.85","0.099999999999999964","","",""
"Specification-HighNoise__Cost-1__Fee-British","1","4","0","P","7","14","P Offer","P Liability Signal: 1;P Files: 1;D Answers: 1;P Abandons: 1","1,1,1,1","0","true","","","10","0.95","0.099999999999999964","","",""
"Specification-HighNoise__Cost-1__Fee-British","1","7","0","P","7","14","P Offer","P Liability Signal: 1;P Files: 1;D Answers: 1;P Abandons: 2","1,1,1,2","0.080790000000000001","false","10.004549770400001","10.004549770400001","1","0.05","0","9.9545497703999999","0.050000000000000711","false"
"Specification-HighNoise__Cost-1__Fee-British","1","7","0","P","7","14","P Offer","P Liability Signal: 1;P Files: 1;D Answers: 1;P Abandons: 2","1,1,1,2","0.080790000000000001","false","10.004549770400001","10.004549770400001","2","0.15","0","10.004549770399999","1.7763568394002505E-15","true"
"Specification-HighNoise__Cost-1__Fee-British","1","7","0","P","7","14","P Offer","P Liability Signal: 1;P Files: 1;D Answers: 1;P Abandons: 2","1,1,1,2","0.080790000000000001","false","10.004549770400001","10.004549770400001","3","0.25","0","9.9974341356172793","0.0071156347827212585","false"
"Specification-HighNoise__Cost-1__Fee-British","1","7","0","P","7","14","P Offer","P Liability Signal: 1;P Files: 1;D Answers: 1;P Abandons: 2","1,1,1,2","0.080790000000000001","false","10.004549770400001","10.004549770400001","4","0.35","0","10.004549770400001","0","true"
"Specification-HighNoise__Cost-1__Fee-British","1","7","0","P","7","14","P Offer","P Liability Signal: 1;P Files: 1;D Answers: 1;P Abandons: 2","1,1,1,2","0.080790000000000001","false","10.004549770400001","10.004549770400001","5","0.45","0","10.004549770400001","0","true"
"Specification-HighNoise__Cost-1__Fee-British","1","7","0","P","7","14","P Offer","P Liability Signal: 1;P Files: 1;D Answers: 1;P Abandons: 2","1,1,1,2","0.080790000000000001","false","10.004549770400001","10.004549770400001","6","0.55","0","10.004549770400001","0","true"
"Specification-HighNoise__Cost-1__Fee-British","1","7","0","P","7","14","P Offer","P Liability Signal: 1;P Files: 1;D Answers: 1;P Abandons: 2","1,1,1,2","0.080790000000000001","false","10.004549770400001","10.004549770400001","7","0.65","0","10.004549770400001","0","true"
"Specification-HighNoise__Cost-1__Fee-British","1","7","0","P","7","14","P Offer","P Liability Signal: 1;P Files: 1;D Answers: 1;P Abandons: 2","1,1,1,2","0.080790000000000001","false","10.004549770400001","10.004549770400001","8","0.75","1","10.004549770400001","0","true"
"Specification-HighNoise__Cost-1__Fee-British","1","7","0","P","7","14","P Offer","P Liability Signal: 1;P Files: 1;D Answers: 1;P Abandons: 2","1,1,1,2","0.080790000000000001","false","10.004549770400001","10.004549770400001","9","0.85","0","10.004549770400001","0","true"
"Specification-HighNoise__Cost-1__Fee-British","1","7","0","P","7","14","P Offer","P Liability Signal: 1;P Files: 1;D Answers: 1;P Abandons: 2","1,1,1,2","0.080790000000000001","false","10.004549770400001","10.004549770400001","10","0.95","0","10.004549770400001","0","true"
"Specification-HighNoise__Cost-1__Fee-British","1","44","0","P","2","9","P Files","P Liability Signal: 2","2","0.092890000000000014","false","10.042003942999999","10.042003942999999","1","Yes","1","10.042003942999999","0","true"
"Specification-HighNoise__Cost-1__Fee-British","1","44","0","P","2","9","P Files","P Liability Signal: 2","2","0.092890000000000014","false","10.042003942999999","10.042003942999999","2","No","0","9.9999999999999982","0.042003943000000987","false"
"Specification-HighNoise__Cost-1__Fee-British","1","45","0","P","5","20","P Abandons","P Liability Signal: 2;P Files: 1;D Answers: 1","2,1,1","0.092890000000000014","false","10.042003942999999","10.042003942999999","1","Yes","0","9.8785530670088288","0.16345087599117036","false"
"Specification-HighNoise__Cost-1__Fee-British","1","45","0","P","5","20","P Abandons","P Liability Signal: 2;P Files: 1;D Answers: 1","2,1,1","0.092890000000000014","false","10.042003942999999","10.042003942999999","2","No","1","10.042003942999999","0","true"
"Specification-HighNoise__Cost-1__Fee-British","1","46","0","P","7","14","P Offer","P Liability Signal: 2;P Files: 1;D Answers: 1;P Abandons: 1","2,1,1,1","0","true","","","1","0.05","0.099999999999999964","","",""
"Specification-HighNoise__Cost-1__Fee-British","1","46","0","P","7","14","P Offer","P Liability Signal: 2;P Files: 1;D Answers: 1;P Abandons: 1","2,1,1,1","0","true","","","2","0.15","0.099999999999999964","","",""
"Specification-HighNoise__Cost-1__Fee-British","1","46","0","P","7","14","P Offer","P Liability Signal: 2;P Files: 1;D Answers: 1;P Abandons: 1","2,1,1,1","0","true","","","3","0.25","0.099999999999999964","","",""
"Specification-HighNoise__Cost-1__Fee-British","1","46","0","P","7","14","P Offer","P Liability Signal: 2;P Files: 1;D Answers: 1;P Abandons: 1","2,1,1,1","0","true","","","4","0.35","0.099999999999999964","","",""
"Specification-HighNoise__Cost-1__Fee-British","1","46","0","P","7","14","P Offer","P Liability Signal: 2;P Files: 1;D Answers: 1;P Abandons: 1","2,1,1,1","0","true","","","5","0.45","0.099999999999999964","","",""
"Specification-HighNoise__Cost-1__Fee-British","1","46","0","P","7","14","P Offer","P Liability Signal: 2;P Files: 1;D Answers: 1;P Abandons: 1","2,1,1,1","0","true","","","6","0.55","0.099999999999999964","","",""
"Specification-HighNoise__Cost-1__Fee-British","1","46","0","P","7","14","P Offer","P Liability Signal: 2;P Files: 1;D Answers: 1;P Abandons: 1","2,1,1,1","0","true","","","7","0.65","0.099999999999999964","","",""
"Specification-HighNoise__Cost-1__Fee-British","1","46","0","P","7","14","P Offer","P Liability Signal: 2;P Files: 1;D Answers: 1;P Abandons: 1","2,1,1,1","0","true","","","8","0.75","0.099999999999999964","","",""
"Specification-HighNoise__Cost-1__Fee-British","1","46","0","P","7","14","P Offer","P Liability Signal: 2;P Files: 1;D Answers: 1;P Abandons: 1","2,1,1,1","0","true","","","9","0.85","0.099999999999999964","","",""
"Specification-HighNoise__Cost-1__Fee-British","1","46","0","P","7","14","P Offer","P Liability Signal: 2;P Files: 1;D Answers: 1;P Abandons: 1","2,1,1,1","0","true","","","10","0.95","0.099999999999999964","","",""
"Specification-HighNoise__Cost-1__Fee-British","1","47","0","P","7","14","P Offer","P Liability Signal: 2;P Files: 1;D Answers: 1;P Abandons: 2","2,1,1,2","0.092890000000000014","false","10.042003942999999","10.042003942999999","1","0.05","0","9.9550758100126195","0.086928132987379669","false"
"Specification-HighNoise__Cost-1__Fee-British","1","47","0","P","7","14","P Offer","P Liability Signal: 2;P Files: 1;D Answers: 1;P Abandons: 2","2,1,1,2","0.092890000000000014","false","10.042003942999999","10.042003942999999","2","0.15","0","10.005075810012622","0.036928132987377182","false"
"Specification-HighNoise__Cost-1__Fee-British","1","47","0","P","7","14","P Offer","P Liability Signal: 2;P Files: 1;D Answers: 1;P Abandons: 2","2,1,1,2","0.092890000000000014","false","10.042003942999999","10.042003942999999","3","0.25","0","10.029552028574752","0.012451914425247068","false"
"Specification-HighNoise__Cost-1__Fee-British","1","47","0","P","7","14","P Offer","P Liability Signal: 2;P Files: 1;D Answers: 1;P Abandons: 2","2,1,1,2","0.092890000000000014","false","10.042003942999999","10.042003942999999","4","0.35","0","10.042003942999999","0","true"
"Specification-HighNoise__Cost-1__Fee-British","1","47","0","P","7","14","P Offer","P Liability Signal: 2;P Files: 1;D Answers: 1;P Abandons: 2","2,1,1,2","0.092890000000000014","false","10.042003942999999","10.042003942999999","5","0.45","0","10.042003942999999","0","true"
"Specification-HighNoise__Cost-1__Fee-British","1","47","0","P","7","14","P Offer","P Liability Signal: 2;P Files: 1;D Answers: 1;P Abandons: 2","2,1,1,2","0.092890000000000014","false","10.042003942999999","10.042003942999999","6","0.55","0","10.042003942999999","0","true"
"Specification-HighNoise__Cost-1__Fee-British","1","47","0","P","7","14","P Offer","P Liability Signal: 2;P Files: 1;D Answers: 1;P Abandons: 2","2,1,1,2","0.092890000000000014","false","10.042003942999999","10.042003942999999","7","0.65","0","10.042003942999999","0","true"
"Specification-HighNoise__Cost-1__Fee-British","1","47","0","P","7","14","P Offer","P Liability Signal: 2;P Files: 1;D Answers: 1;P Abandons: 2","2,1,1,2","0.092890000000000014","false","10.042003942999999","10.042003942999999","8","0.75","0.75343058863577195","10.042003942999999","0","true"
"Specification-HighNoise__Cost-1__Fee-British","1","47","0","P","7","14","P Offer","P Liability Signal: 2;P Files: 1;D Answers: 1;P Abandons: 2","2,1,1,2","0.092890000000000014","false","10.042003942999999","10.042003942999999","9","0.85","0.24656941136422805","10.042003942999999","0","true"
"Specification-HighNoise__Cost-1__Fee-British","1","47","0","P","7","14","P Offer","P Liability Signal: 2;P Files: 1;D Answers: 1;P Abandons: 2","2,1,1,2","0.092890000000000014","false","10.042003942999999","10.042003942999999","10","0.95","0","10.042003942999999","0","true"
"Specification-HighNoise__Cost-1__Fee-British","1","48","0","P","2","9","P Files","P Liability Signal: 3","3","0.10285","false","10.083604858299999","10.083604858299999","1","Yes","1","10.083604858299999","0","true"
"Specification-HighNoise__Cost-1__Fee-British","1","48","0","P","2","9","P Files","P Liability Signal: 3","3","0.10285","false","10.083604858299999","10.083604858299999","2","No","0","10","0.083604858299999307","false"
"Specification-HighNoise__Cost-1__Fee-British","1","49","0","P","5","20","P Abandons","P Liability Signal: 3;P Files: 1;D Answers: 1","3,1,1","0.10285","false","10.083604858299999","10.083604858299999","1","Yes","0","9.8789744109810602","0.20463044731893909","false"
"Specification-HighNoise__Cost-1__Fee-British","1","49","0","P","5","20","P Abandons","P Liability Signal: 3;P Files: 1;D Answers: 1","3,1,1","0.10285","false","10.083604858299999","10.083604858299999","2","No","1","10.083604858299999","0","true"
"Specification-HighNoise__Cost-1__Fee-British","1","50","0","P","7","14","P Offer","P Liability Signal: 3;P Files: 1;D Answers: 1;P Abandons: 1","3,1,1,1","0","true","","","1","0.05","0.099999999999999964","","",""
"Specification-HighNoise__Cost-1__Fee-British","1","50","0","P","7","14","P Offer","P Liability Signal: 3;P Files: 1;D Answers: 1;P Abandons: 1","3,1,1,1","0","true","","","2","0.15","0.099999999999999964","","",""
"Specification-HighNoise__Cost-1__Fee-British","1","50","0","P","7","14","P Offer","P Liability Signal: 3;P Files: 1;D Answers: 1;P Abandons: 1","3,1,1,1","0","true","","","3","0.25","0.099999999999999964","","",""
"Specification-HighNoise__Cost-1__Fee-British","1","50","0","P","7","14","P Offer","P Liability Signal: 3;P Files: 1;D Answers: 1;P Abandons: 1","3,1,1,1","0","true","","","4","0.35","0.099999999999999964","","",""
"Specification-HighNoise__Cost-1__Fee-British","1","50","0","P","7","14","P Offer","P Liability Signal: 3;P Files: 1;D Answers: 1;P Abandons: 1","3,1,1,1","0","true","","","5","0.45","0.099999999999999964","","",""
"Specification-HighNoise__Cost-1__Fee-British","1","50","0","P","7","14","P Offer","P Liability Signal: 3;P Files: 1;D Answers: 1;P Abandons: 1","3,1,1,1","0","true","","","6","0.55","0.099999999999999964","","",""
"Specification-HighNoise__Cost-1__Fee-British","1","50","0","P","7","14","P Offer","P Liability Signal: 3;P Files: 1;D Answers: 1;P Abandons: 1","3,1,1,1","0","true","","","7","0.65","0.099999999999999964","","",""
"Specification-HighNoise__Cost-1__Fee-British","1","50","0","P","7","14","P Offer","P Liability Signal: 3;P Files: 1;D Answers: 1;P Abandons: 1","3,1,1,1","0","true","","","8","0.75","0.099999999999999964","","",""
"Specification-HighNoise__Cost-1__Fee-British","1","50","0","P","7","14","P Offer","P Liability Signal: 3;P Files: 1;D Answers: 1;P Abandons: 1","3,1,1,1","0","true","","","9","0.85","0.099999999999999964","","",""
"Specification-HighNoise__Cost-1__Fee-British","1","50","0","P","7","14","P Offer","P Liability Signal: 3;P Files: 1;D Answers: 1;P Abandons: 1","3,1,1,1","0","true","","","10","0.95","0.099999999999999964","","",""
"Specification-HighNoise__Cost-1__Fee-British","1","51","0","P","7","14","P Offer","P Liability Signal: 3;P Files: 1;D Answers: 1;P Abandons: 2","3,1,1,2","0.10285","false","10.083604858299999","10.083604858299999","1","0.05","0","9.9556777299729511","0.12792712832704822","false"
"Specification-HighNoise__Cost-1__Fee-British","1","51","0","P","7","14","P Offer","P Liability Signal: 3;P Files: 1;D Answers: 1;P Abandons: 2","3,1,1,2","0.10285","false","10.083604858299999","10.083604858299999","2","0.15","0","10.00567772997295","0.077927128327049289","false"
"Specification-HighNoise__Cost-1__Fee-British","1","51","0","P","7","14","P Offer","P Liability Signal: 3;P Files: 1;D Answers: 1;P Abandons: 2","3,1,1,2","0.10285","false","10.083604858299999","10.083604858299999","3","0.25","0","10.064701098641988","0.018903759658011055","false"
"Specification-HighNoise__Cost-1__Fee-British","1","51","0","P","7","14","P Offer","P Liability Signal: 3;P Files: 1;D Answers: 1;P Abandons: 2","3,1,1,2","0.10285","false","10.083604858299999","10.083604858299999","4","0.35","0","10.083604858299999","0","true"
"Specification-HighNoise__Cost-1__Fee-British","1","51","0","P","7","14","P Offer","P Liability Signal: 3;P Files: 1;D Answers: 1;P Abandons: 2","3,1,1,2","0.10285","false","10.083604858299999","10.083604858299999","5","0.45","0","10.083604858299999","0","true"
"Specification-HighNoise__Cost-1__Fee-British","1","51","0","P","7","14","P Offer","P Liability Signal: 3;P Files: 1;D Answers: 1;P Abandons: 2","3,1,1,2","0.10285","false","10.083604858299999","10.083604858299999","6","0.55","0","10.083604858299999","0","true"
"Specification-HighNoise__Cost-1__Fee-British","1","51","0","P","7","14","P Offer","P Liability Signal: 3;P Files: 1;D Answers: 1;P Abandons: 2","3,1,1,2","0.10285","false","10.083604858299999","10.083604858299999","7","0.65","0","10.083604858299999","0","true"
"Specification-HighNoise__Cost-1__Fee-British","1","51","0","P","7","14","P Offer","P Liability Signal: 3;P Files: 1;D Answers: 1;P Abandons: 2","3,1,1,2","0.10285","false","10.083604858299999","10.083604858299999","8","0.75","0","10.083604858299999","0","true"
"Specification-HighNoise__Cost-1__Fee-British","1","51","0","P","7","14","P Offer","P Liability Signal: 3;P Files: 1;D Answers: 1;P Abandons: 2","3,1,1,2","0.10285","false","10.083604858299999","10.083604858299999","9","0.85","1","10.083604858299999","0","true"
"Specification-HighNoise__Cost-1__Fee-British","1","51","0","P","7","14","P Offer","P Liability Signal: 3;P Files: 1;D Answers: 1;P Abandons: 2","3,1,1,2","0.10285","false","10.083604858299999","10.083604858299999","10","0.95","0","10.083604858299999","0","true"
"Specification-HighNoise__Cost-1__Fee-British","1","52","0","P","2","9","P Files","P Liability Signal: 4","4","0.10990999999999999","false","10.1286362958","10.1286362958","1","Yes","1","10.1286362958","0","true"
"Specification-HighNoise__Cost-1__Fee-British","1","52","0","P","2","9","P Files","P Liability Signal: 4","4","0.10990999999999999","false","10.1286362958","10.1286362958","2","No","0","10","0.1286362957999998","false"
"Specification-HighNoise__Cost-1__Fee-British","1","53","0","P","5","20","P Abandons","P Liability Signal: 4;P Files: 1;D Answers: 1","4,1,1","0.10990999999999999","false","10.1286362958","10.1286362958","1","Yes","0","9.8794439706421038","0.24919232515789602","false"
"Specification-HighNoise__Cost-1__Fee-British","1","53","0","P","5","20","P Abandons","P Liability Signal: 4;P Files: 1;D Answers: 1","4,1,1","0.10990999999999999","false","10.1286362958","10.1286362958","2","No","1","10.1286362958","0","true"
"Specification-HighNoise__Cost-1__Fee-British","1","54","0","P","7","14","P Offer","P Liability Signal: 4;P Files: 1;D Answers: 1;P Abandons: 1","4,1,1,1","0","true","","","1","0.05","0.099999999999999964","","",""
"Specification-HighNoise__Cost-1__Fee-British","1","54","0","P","7","14","P Offer","P Liability Signal: 4;P Files: 1;D Answers: 1;P Abandons: 1","4,1,1,1","0","true","","","2","0.15","0.099999999999999964","","",""
"Specification-HighNoise__Cost-1__Fee-British","1","54","0","P","7","14","P Offer","P Liability Signal: 4;P Files: 1;D Answers: 1;P Abandons: 1","4,1,1,1","0","true","","","3","0.25","0.099999999999999964","","",""
"Specification-HighNoise__Cost-1__Fee-British","1","54","0","P","7","14","P Offer","P Liability Signal: 4;P Files: 1;D Answers: 1;P Abandons: 1","4,1,1,1","0","true","","","4","0.35","0.099999999999999964","","",""
"Specification-HighNoise__Cost-1__Fee-British","1","54","0","P","7","14","P Offer","P Liability Signal: 4;P Files: 1;D Answers: 1;P Abandons: 1","4,1,1,1","0","true","","","5","0.45","0.099999999999999964","","",""
"Specification-HighNoise__Cost-1__Fee-British","1","54","0","P","7","14","P Offer","P Liability Signal: 4;P Files: 1;D Answers: 1;P Abandons: 1","4,1,1,1","0","true","","","6","0.55","0.099999999999999964","","",""
"Specification-HighNoise__Cost-1__Fee-British","1","54","0","P","7","14","P Offer","P Liability Signal: 4;P Files: 1;D Answers: 1;P Abandons: 1","4,1,1,1","0","true","","","7","0.65","0.099999999999999964","","",""
"Specification-HighNoise__Cost-1__Fee-British","1","54","0","P","7","14","P Offer","P Liability Signal: 4;P Files: 1;D Answers: 1;P Abandons: 1","4,1,1,1","0","true","","","8","0.75","0.099999999999999964","","",""
"Specification-HighNoise__Cost-1__Fee-British","1","54","0","P","7","14","P Offer","P Liability Signal: 4;P Files: 1;D Answers: 1;P Abandons: 1","4,1,1,1","0","true","","","9","0.85","0.099999999999999964","","",""
"Specification-HighNoise__Cost-1__Fee-British","1","54","0","P","7","14","P Offer","P Liability Signal: 4;P Files: 1;D Answers: 1;P Abandons: 1","4,1,1,1","0","true","","","10","0.95","0.099999999999999964","","",""
"Specification-HighNoise__Cost-1__Fee-British","1","55","0","P","7","14","P Offer","P Liability Signal: 4;P Files: 1;D Answers: 1;P Abandons: 2","4,1,1,2","0.10990999999999999","false","10.1286362958","10.1286362958","1","0.05","0","9.9563485294887304","0.17228776631126941","false"
"Specification-HighNoise__Cost-1__Fee-British","1","55","0","P","7","14","P Offer","P Liability Signal: 4;P Files: 1;D Answers: 1;P Abandons: 2","4,1,1,2","0.10990999999999999","false","10.1286362958","10.1286362958","2","0.15","0","10.006348529488729","0.12228776631127047","false"
"Specification-HighNoise__Cost-1__Fee-British","1","55","0","P","7","14","P Offer","P Liability Signal: 4;P Files: 1;D Answers: 1;P Abandons: 2","4,1,1,2","0.10990999999999999","false","10.1286362958","10.1286362958","3","0.25","0","10.102168147564971","0.026468148235029076","false"
"Specification-HighNoise__Cost-1__Fee-British","1","55","0","P","7","14","P Offer","P Liability Signal: 4;P Files: 1;D Answers: 1;P Abandons: 2","4,1,1,2","0.10990999999999999","false","10.1286362958","10.1286362958","4","0.35","0","10.1286362958","0","true"
"Specification-HighNoise__Cost-1__Fee-British","1","55","0","P","7","14","P Offer","P Liability Signal: 4;P Files: 1;D Answers: 1;P Abandons: 2","4,1,1,2","0.10990999999999999","false","10.1286362958","10.1286362958","5","0.45","0","10.1286362958","0","true"
"Specification-HighNoise__Cost-1__Fee-British","1","55","0","P","7","14","P Offer","P Liability Signal: 4;P Files: 1;D Answers: 1;P Abandons: 2","4,1,1,2","0.10990999999999999","false","10.1286362958","10.1286362958","6","0.55","0","10.1286362958","0","true"
"Specification-HighNoise__Cost-1__Fee-British","1","55","0","P","7","14","P Offer","P Liability Signal: 4;P Files: 1;D Answers: 1;P Abandons: 2","4,1,1,2","0.10990999999999999","false","10.1286362958","10.1286362958","7","0.65","0","10.1286362958","0","true"
"Specification-HighNoise__Cost-1__Fee-British","1","55","0","P","7","14","P Offer","P Liability Signal: 4;P Files: 1;D Answers: 1;P Abandons: 2","4,1,1,2","0.10990999999999999","false","10.1286362958","10.1286362958","8","0.75","0","10.1286362958","0","true"
"Specification-HighNoise__Cost-1__Fee-British","1","55","0","P","7","14","P Offer","P Liability Signal: 4;P Files: 1;D Answers: 1;P Abandons: 2","4,1,1,2","0.10990999999999999","false","10.1286362958","10.1286362958","9","0.85","1","10.1286362958","0","true"
"Specification-HighNoise__Cost-1__Fee-British","1","55","0","P","7","14","P Offer","P Liability Signal: 4;P Files: 1;D Answers: 1;P Abandons: 2","4,1,1,2","0.10990999999999999","false","10.1286362958","10.1286362958","10","0.95","0","10.1286362958","0","true"
"Specification-HighNoise__Cost-1__Fee-British","1","56","0","P","2","9","P Files","P Liability Signal: 5","5","0.11357","false","10.175942796399999","10.175942796399999","1","Yes","1","10.175942796399999","0","true"
"Specification-HighNoise__Cost-1__Fee-British","1","56","0","P","2","9","P Files","P Liability Signal: 5","5","0.11357","false","10.175942796399999","10.175942796399999","2","No","0","10.000000000000002","0.17594279639999755","false"
"Specification-HighNoise__Cost-1__Fee-British","1","57","0","P","5","20","P Abandons","P Liability Signal: 5;P Files: 1;D Answers: 1","5,1,1","0.11357","false","10.175942796399999","10.175942796399999","1","Yes","0","9.8799515952525319","0.29599120114746746","false"
"Specification-HighNoise__Cost-1__Fee-British","1","57","0","P","5","20","P Abandons","P Liability Signal: 5;P Files: 1;D Answers: 1","5,1,1","0.11357","false","10.175942796399999","10.175942796399999","2","No","1","10.175942796399999","0","true"
"Specification-HighNoise__Cost-1__Fee-British","1","58","0","P","7","14","P Offer","P Liability Signal: 5;P Files: 1;D Answers: 1;P Abandons: 1","5,1,1,1","0","true","","","1","0.05","0.099999999999999964","","",""
"Specification-HighNoise__Cost-1__Fee-British","1","58","0","P","7","14","P Offer","P Liability Signal: 5;P Files: 1;D Answers: 1;P Abandons: 1","5,1,1,1","0","true","","","2","0.15","0.099999999999999964","","",""
"Specification-HighNoise__Cost-1__Fee-British","1","58","0","P","7","14","P Offer","P Liability Signal: 5;P Files: 1;D Answers: 1;P Abandons: 1","5,1,1,1","0","true","","","3","0.25","0.099999999999999964","","",""
"Specification-HighNoise__Cost-1__Fee-British","1","58","0","P","7","14","P Offer","P Liability Signal: 5;P Files: 1;D Answers: 1;P Abandons: 1","5,1,1,1","0","true","","","4","0.35","0.099999999999999964","","",""
"Specification-HighNoise__Cost-1__Fee-British","1","58","0","P","7","14","P Offer","P Liability Signal: 5;P Files: 1;D Answers: 1;P Abandons: 1","5,1,1,1","0","true","","","5","0.45","0.099999999999999964","","",""
"Specification-HighNoise__Cost-1__Fee-British","1","58","0","P","7","14","P Offer","P Liability Signal: 5;P Files: 1;D Answers: 1;P Abandons: 1","5,1,1,1","0","true","","","6","0.55","0.099999999999999964","","",""
"Specification-HighNoise__Cost-1__Fee-British","1","58","0","P","7","14","P Offer","P Liability Signal: 5;P Files: 1;D Answers: 1;P Abandons: 1","5,1,1,1","0","true","","","7","0.65","0.099999999999999964","","",""
"Specification-HighNoise__Cost-1__Fee-British","1","58","0","P","7","14","P Offer","P Liability Signal: 5;P Files: 1;D Answers: 1;P Abandons: 1","5,1,1,1","0","true","","","8","0.75","0.099999999999999964","","",""
"Specification-HighNoise__Cost-1__Fee-British","1","58","0","P","7","14","P Offer","P Liability Signal: 5;P Files: 1;D Answers: 1;P Abandons: 1","5,1,1,1","0","true","","","9","0.85","0.099999999999999964","","",""
"Specification-HighNoise__Cost-1__Fee-British","1","58","0","P","7","14","P Offer","P Liability Signal: 5;P Files: 1;D Answers: 1;P Abandons: 1","5,1,1,1","0","true","","","10","0.95","0.099999999999999964","","",""
"Specification-HighNoise__Cost-1__Fee-British","1","59","0","P","7","14","P Offer","P Liability Signal: 5;P Files: 1;D Answers: 1;P Abandons: 2","5,1,1,2","0.11357","false","10.175942796399999","10.175942796399999","1","0.05","0","9.9570737075036249","0.21886908889637446","false"
"Specification-HighNoise__Cost-1__Fee-British","1","59","0","P","7","14","P Offer","P Liability Signal: 5;P Files: 1;D Answers: 1;P Abandons: 2","5,1,1,2","0.11357","false","10.175942796399999","10.175942796399999","2","0.15","0","10.007073707503624","0.16886908889637553","false"
"Specification-HighNoise__Cost-1__Fee-British","1","59","0","P","7","14","P Offer","P Liability Signal: 5;P Files: 1;D Answers: 1;P Abandons: 2","5,1,1,2","0.11357","false","10.175942796399999","10.175942796399999","3","0.25","0","10.140903589786999","0.035039206612999863","false"
"Specification-HighNoise__Cost-1__Fee-British","1","59","0","P","7","14","P Offer","P Liability Signal: 5;P Files: 1;D Answers: 1;P Abandons: 2","5,1,1,2","0.11357","false","10.175942796399999","10.175942796399999","4","0.35","0","10.175942796399999","0","true"
"Specification-HighNoise__Cost-1__Fee-British","1","59","0","P","7","14","P Offer","P Liability Signal: 5;P Files: 1;D Answers: 1;P Abandons: 2","5,1,1,2","0.11357","false","10.175942796399999","10.175942796399999","5","0.45","0","10.175942796399999","0","true"
"Specification-HighNoise__Cost-1__Fee-British","1","59","0","P","7","14","P Offer","P Liability Signal: 5;P Files: 1;D Answers: 1;P Abandons: 2","5,1,1,2","0.11357","false","10.175942796399999","10.175942796399999","6","0.55","0","10.175942796399999","0","true"
"Specification-HighNoise__Cost-1__Fee-British","1","59","0","P","7","14","P Offer","P Liability Signal: 5;P Files: 1;D Answers: 1;P Abandons: 2","5,1,1,2","0.11357","false","10.175942796399999","10.175942796399999","7","0.65","0","10.175942796399999","0","true"
"Specification-HighNoise__Cost-1__Fee-British","1","59","0","P","7","14","P Offer","P Liability Signal: 5;P Files: 1;D Answers: 1;P Abandons: 2","5,1,1,2","0.11357","false","10.175942796399999","10.175942796399999","8","0.75","0","10.175942796399999","0","true"
"Specification-HighNoise__Cost-1__Fee-British","1","59","0","P","7","14","P Offer","P Liability Signal: 5;P Files: 1;D Answers: 1;P Abandons: 2","5,1,1,2","0.11357","false","10.175942796399999","10.175942796399999","9","0.85","1","10.175942796399999","0","true"
"Specification-HighNoise__Cost-1__Fee-British","1","59","0","P","7","14","P Offer","P Liability Signal: 5;P Files: 1;D Answers: 1;P Abandons: 2","5,1,1,2","0.11357","false","10.175942796399999","10.175942796399999","10","0.95","0","10.175942796399999","0","true"
"Specification-HighNoise__Cost-1__Fee-British","1","60","0","P","2","9","P Files","P Liability Signal: 6","6","0.11357","false","10.2240535598","10.2240535598","1","Yes","1","10.2240535598","0","true"
"Specification-HighNoise__Cost-1__Fee-British","1","60","0","P","2","9","P Files","P Liability Signal: 6","6","0.11357","false","10.2240535598","10.2240535598","2","No","0","10.000000000000002","0.22405355979999797","false"
"Specification-HighNoise__Cost-1__Fee-British","1","61","0","P","5","20","P Abandons","P Liability Signal: 6;P Files: 1;D Answers: 1","6,1,1","0.11357","false","10.2240535598","10.2240535598","1","Yes","0","9.8804831962494006","0.34357036355059911","false"
"Specification-HighNoise__Cost-1__Fee-British","1","61","0","P","5","20","P Abandons","P Liability Signal: 6;P Files: 1;D Answers: 1","6,1,1","0.11357","false","10.2240535598","10.2240535598","2","No","1","10.2240535598","0","true"
"Specification-HighNoise__Cost-1__Fee-British","1","62","0","P","7","14","P Offer","P Liability Signal: 6;P Files: 1;D Answers: 1;P Abandons: 1","6,1,1,1","0","true","","","1","0.05","0.099999999999999964","","",""
"Specification-HighNoise__Cost-1__Fee-British","1","62","0","P","7","14","P Offer","P Liability Signal: 6;P Files: 1;D Answers: 1;P Abandons: 1","6,1,1,1","0","true","","","2","0.15","0.099999999999999964","","",""
"Specification-HighNoise__Cost-1__Fee-British","1","62","0","P","7","14","P Offer","P Liability Signal: 6;P Files: 1;D Answers: 1;P Abandons: 1","6,1,1,1","0","true","","","3","0.25","0.099999999999999964","","",""
"Specification-HighNoise__Cost-1__Fee-British","1","62","0","P","7","14","P Offer","P Liability Signal: 6;P Files: 1;D Answers: 1;P Abandons: 1","6,1,1,1","0","true","","","4","0.35","0.099999999999999964","","",""
"Specification-HighNoise__Cost-1__Fee-British","1","62","0","P","7","14","P Offer","P Liability Signal: 6;P Files: 1;D Answers: 1;P Abandons: 1","6,1,1,1","0","true","","","5","0.45","0.099999999999999964","","",""
"Specification-HighNoise__Cost-1__Fee-British","1","62","0","P","7","14","P Offer","P Liability Signal: 6;P Files: 1;D Answers: 1;P Abandons: 1","6,1,1,1","0","true","","","6","0.55","0.099999999999999964","","",""
"Specification-HighNoise__Cost-1__Fee-British","1","62","0","P","7","14","P Offer","P Liability Signal: 6;P Files: 1;D Answers: 1;P Abandons: 1","6,1,1,1","0","true","","","7","0.65","0.099999999999999964","","",""
"Specification-HighNoise__Cost-1__Fee-British","1","62","0","P","7","14","P Offer","P Liability Signal: 6;P Files: 1;D Answers: 1;P Abandons: 1","6,1,1,1","0","true","","","8","0.75","0.099999999999999964","","",""
"Specification-HighNoise__Cost-1__Fee-British","1","62","0","P","7","14","P Offer","P Liability Signal: 6;P Files: 1;D Answers: 1;P Abandons: 1","6,1,1,1","0","true","","","9","0.85","0.099999999999999964","","",""
"Specification-HighNoise__Cost-1__Fee-British","1","62","0","P","7","14","P Offer","P Liability Signal: 6;P Files: 1;D Answers: 1;P Abandons: 1","6,1,1,1","0","true","","","10","0.95","0.099999999999999964","","",""
"Specification-HighNoise__Cost-1__Fee-British","1","63","0","P","7","14","P Offer","P Liability Signal: 6;P Files: 1;D Answers: 1;P Abandons: 2","6,1,1,2","0.11357","false","10.2240535598","10.2240535598","1","0.05","0","9.9578331374991489","0.26622042230085086","false"
"Specification-HighNoise__Cost-1__Fee-British","1","63","0","P","7","14","P Offer","P Liability Signal: 6;P Files: 1;D Answers: 1;P Abandons: 2","6,1,1,2","0.11357","false","10.2240535598","10.2240535598","2","0.15","0","10.007833137499148","0.21622042230085192","false"
"Specification-HighNoise__Cost-1__Fee-British","1","63","0","P","7","14","P Offer","P Liability Signal: 6;P Files: 1;D Answers: 1;P Abandons: 2","6,1,1,2","0.11357","false","10.2240535598","10.2240535598","3","0.25","0","10.179644699049517","0.044408860750483115","false"
"Specification-HighNoise__Cost-1__Fee-British","1","63","0","P","7","14","P Offer","P Liability Signal: 6;P Files: 1;D Answers: 1;P Abandons: 2","6,1,1,2","0.11357","false","10.2240535598","10.2240535598","4","0.35","0","10.2240535598","0","true"
"Specification-HighNoise__Cost-1__Fee-British","1","63","0","P","7","14","P Offer","P Liability Signal: 6;P Files: 1;D Answers: 1;P Abandons: 2","6,1,1,2","0.11357","false","10.2240535598","10.2240535598","5","0.45","0","10.2240535598","0","true"
"Specification-HighNoise__Cost-1__Fee-British","1","63","0","P","7","14","P Offer","P Liability Signal: 6;P Files: 1;D Answers: 1;P Abandons: 2","6,1,1,2","0.11357","false","10.2240535598","10.2240535598","6","0.55","0","10.2240535598","0","true"
"Specification-HighNoise__Cost-1__Fee-British","1","63","0","P","7","14","P Offer","P Liability Signal: 6;P Files: 1;D Answers: 1;P Abandons: 2","6,1,1,2","0.11357","false","10.2240535598","10.2240535598","7","0.65","0","10.2240535598","0","true"
"Specification-HighNoise__Cost-1__Fee-British","1","63","0","P","7","14","P Offer","P Liability Signal: 6;P Files: 1;D Answers: 1;P Abandons: 2","6,1,1,2","0.11357","false","10.2240535598","10.2240535598","8","0.75","0","10.2240535598","0","true"
"Specification-HighNoise__Cost-1__Fee-British","1","63","0","P","7","14","P Offer","P Liability Signal: 6;P Files: 1;D Answers: 1;P Abandons: 2","6,1,1,2","0.11357","false","10.2240535598","10.2240535598","9","0.85","1","10.2240535598","0","true"
"Specification-HighNoise__Cost-1__Fee-British","1","63","0","P","7","14","P Offer","P Liability Signal: 6;P Files: 1;D Answers: 1;P Abandons: 2","6,1,1,2","0.11357","false","10.2240535598","10.2240535598","10","0.95","0","10.2240535598","0","true"
"Specification-HighNoise__Cost-1__Fee-British","1","64","0","P","2","9","P Files","P Liability Signal: 7","7","0.10990999999999997","false","10.271363704200002","10.271363704200002","1","Yes","1","10.271363704200002","0","true"
"Specification-HighNoise__Cost-1__Fee-British","1","64","0","P","2","9","P Files","P Liability Signal: 7","7","0.10990999999999997","false","10.271363704200002","10.271363704200002","2","No","0","10.000000000000004","0.27136370419999878","false"
"Specification-HighNoise__Cost-1__Fee-British","1","65","0","P","5","20","P Abandons","P Liability Signal: 7;P Files: 1;D Answers: 1","7,1,1","0.10990999999999997","false","10.271363704200002","10.271363704200002","1","Yes","0","9.8810210972462684","0.39034260695373391","false"
"Specification-HighNoise__Cost-1__Fee-British","1","65","0","P","5","20","P Abandons","P Liability Signal: 7;P Files: 1;D Answers: 1","7,1,1","0.10990999999999997","false","10.271363704200002","10.271363704200002","2","No","1","10.271363704200002","0","true"
"Specification-HighNoise__Cost-1__Fee-British","1","66","0","P","7","14","P Offer","P Liability Signal: 7;P Files: 1;D Answers: 1;P Abandons: 1","7,1,1,1","0","true","","","1","0.05","0.099999999999999964","","",""
"Specification-HighNoise__Cost-1__Fee-British","1","66","0","P","7","14","P Offer","P Liability Signal: 7;P Files: 1;D Answers: 1;P Abandons: 1","7,1,1,1","0","true","","","2","0.15","0.099999999999999964","","",""
"Specification-HighNoise__Cost-1__Fee-British","1","66","0","P","7","14","P Offer","P Liability Signal: 7;P Files: 1;D Answers: 1;P Abandons: 1","7,1,1,1","0","true","","","3","0.25","0.099999999999999964","","",""
"Specification-HighNoise__Cost-1__Fee-British","1","66","0","P","7","14","P Offer","P Liability Signal: 7;P Files: 1;D Answers: 1;P Abandons: 1","7,1,1,1","0","true","","","4","0.35","0.099999999999999964","","",""
"Specification-HighNoise__Cost-1__Fee-British","1","66","0","P","7","14","P Offer","P Liability Signal: 7;P Files: 1;D Answers: 1;P Abandons: 1","7,1,1,1","0","true","","","5","0.45","0.099999999999999964","","",""
"Specification-HighNoise__Cost-1__Fee-British","1","66","0","P","7","14","P Offer","P Liability Signal: 7;P Files: 1;D Answers: 1;P Abandons: 1","7,1,1,1","0","true","","","6","0.55","0.099999999999999964","","",""
"Specification-HighNoise__Cost-1__Fee-British","1","66","0","P","7","14","P Offer","P Liability Signal: 7;P Files: 1;D Answers: 1;P Abandons: 1","7,1,1,1","0","true","","","7","0.65","0.099999999999999964","","",""
"Specification-HighNoise__Cost-1__Fee-British","1","66","0","P","7","14","P Offer","P Liability Signal: 7;P Files: 1;D Answers: 1;P Abandons: 1","7,1,1,1","0","true","","","8","0.75","0.099999999999999964","","",""
"Specification-HighNoise__Cost-1__Fee-British","1","66","0","P","7","14","P Offer","P Liability Signal: 7;P Files: 1;D Answers: 1;P Abandons: 1","7,1,1,1","0","true","","","9","0.85","0.099999999999999964","","",""
"Specification-HighNoise__Cost-1__Fee-British","1","66","0","P","7","14","P Offer","P Liability Signal: 7;P Files: 1;D Answers: 1;P Abandons: 1","7,1,1,1","0","true","","","10","0.95","0.099999999999999964","","",""
"Specification-HighNoise__Cost-1__Fee-British","1","67","0","P","7","14","P Offer","P Liability Signal: 7;P Files: 1;D Answers: 1;P Abandons: 2","7,1,1,2","0.10990999999999997","false","10.271363704200002","10.271363704200002","1","0.05","0","9.9586015674946751","0.31276213670532726","false"
"Specification-HighNoise__Cost-1__Fee-British","1","67","0","P","7","14","P Offer","P Liability Signal: 7;P Files: 1;D Answers: 1;P Abandons: 2","7,1,1,2","0.10990999999999997","false","10.271363704200002","10.271363704200002","2","0.15","0","10.008601567494678","0.26276213670532478","false"
"Specification-HighNoise__Cost-1__Fee-British","1","67","0","P","7","14","P Offer","P Liability Signal: 7;P Files: 1;D Answers: 1;P Abandons: 2","7,1,1,2","0.10990999999999997","false","10.271363704200002","10.271363704200002","3","0.25","0","10.217080569065871","0.0542831351341313","false"
"Specification-HighNoise__Cost-1__Fee-British","1","67","0","P","7","14","P Offer","P Liability Signal: 7;P Files: 1;D Answers: 1;P Abandons: 2","7,1,1,2","0.10990999999999997","false","10.271363704200002","10.271363704200002","4","0.35","0","10.271363704200002","0","true"
"Specification-HighNoise__Cost-1__Fee-British","1","67","0","P","7","14","P Offer","P Liability Signal: 7;P Files: 1;D Answers: 1;P Abandons: 2","7,1,1,2","0.10990999999999997","false","10.271363704200002","10.271363704200002","5","0.45","0","10.271363704200002","0","true"
"Specification-HighNoise__Cost-1__Fee-British","1","67","0","P","7","14","P Offer","P Liability Signal: 7;P Files: 1;D Answers: 1;P Abandons: 2","7,1,1,2","0.10990999999999997","false","10.271363704200002","10.271363704200002","6","0.55","0","10.271363704200002","0","true"
"Specification-HighNoise__Cost-1__Fee-British","1","67","0","P","7","14","P Offer","P Liability Signal: 7;P Files: 1;D Answers: 1;P Abandons: 2","7,1,1,2","0.10990999999999997","false","10.271363704200002","10.271363704200002","7","0.65","0","10.271363704200002","0","true"
"Specification-HighNoise__Cost-1__Fee-British","1","67","0","P","7","14","P Offer","P Liability Signal: 7;P Files: 1;D Answers: 1;P Abandons: 2","7,1,1,2","0.10990999999999997","false","10.271363704200002","10.271363704200002","8","0.75","0","10.271363704200002","0","true"
"Specification-HighNoise__Cost-1__Fee-British","1","67","0","P","7","14","P Offer","P Liability Signal: 7;P Files: 1;D Answers: 1;P Abandons: 2","7,1,1,2","0.10990999999999997","false","10.271363704200002","10.271363704200002","9","0.85","1","10.271363704200002","0","true"
"Specification-HighNoise__Cost-1__Fee-British","1","67","0","P","7","14","P Offer","P Liability Signal: 7;P Files: 1;D Answers: 1;P Abandons: 2","7,1,1,2","0.10990999999999997","false","10.271363704200002","10.271363704200002","10","0.95","0","10.271363704200002","0","true"
"Specification-HighNoise__Cost-1__Fee-British","1","68","0","P","2","9","P Files","P Liability Signal: 8","8","0.10285","false","10.316395141699999","10.316395141699999","1","Yes","1","10.316395141699999","0","true"
"Specification-HighNoise__Cost-1__Fee-British","1","68","0","P","2","9","P Files","P Liability Signal: 8","8","0.10285","false","10.316395141699999","10.316395141699999","2","No","0","10","0.31639514169999927","false"
"Specification-HighNoise__Cost-1__Fee-British","1","69","0","P","5","20","P Abandons","P Liability Signal: 8;P Files: 1;D Answers: 1","8,1,1","0.10285","false","10.316395141699999","10.316395141699999","1","Yes","0","9.8815475345877655","0.4348476071122338","false"
"Specification-HighNoise__Cost-1__Fee-British","1","69","0","P","5","20","P Abandons","P Liability Signal: 8;P Files: 1;D Answers: 1","8,1,1","0.10285","false","10.316395141699999","10.316395141699999","2","No","1","10.316395141699999","0","true"
"Specification-HighNoise__Cost-1__Fee-British","1","70","0","P","7","14","P Offer","P Liability Signal: 8;P Files: 1;D Answers: 1;P Abandons: 1","8,1,1,1","0","true","","","1","0.05","0.099999999999999964","","",""
"Specification-HighNoise__Cost-1__Fee-British","1","70","0","P","7","14","P Offer","P Liability Signal: 8;P Files: 1;D Answers: 1;P Abandons: 1","8,1,1,1","0","true","","","2","0.15","0.099999999999999964","","",""
"Specification-HighNoise__Cost-1__Fee-British","1","70","0","P","7","14","P Offer","P Liability Signal: 8;P Files: 1;D Answers: 1;P Abandons: 1","8,1,1,1","0","true","","","3","0.25","0.099999999999999964","","",""
"Specification-HighNoise__Cost-1__Fee-British","1","70","0","P","7","14","P Offer","P Liability Signal: 8;P Files: 1;D Answers: 1;P Abandons: 1","8,1,1,1","0","true","","","4","0.35","0.099999999999999964","","",""
"Specification-HighNoise__Cost-1__Fee-British","1","70","0","P","7","14","P Offer","P Liability Signal: 8;P Files: 1;D Answers: 1;P Abandons: 1","8,1,1,1","0","true","","","5","0.45","0.099999999999999964","","",""
"Specification-HighNoise__Cost-1__Fee-British","1","70","0","P","7","14","P Offer","P Liability Signal: 8;P Files: 1;D Answers: 1;P Abandons: 1","8,1,1,1","0","true","","","6","0.55","0.099999999999999964","","",""
"Specification-HighNoise__Cost-1__Fee-British","1","70","0","P","7","14","P Offer","P Liability Signal: 8;P Files: 1;D Answers: 1;P Abandons: 1","8,1,1,1","0","true","","","7","0.65","0.099999999999999964","","",""
"Specification-HighNoise__Cost-1__Fee-British","1","70","0","P","7","14","P Offer","P Liability Signal: 8;P Files: 1;D Answers: 1;P Abandons: 1","8,1,1,1","0","true","","","8","0.75","0.099999999999999964","","",""
"Specification-HighNoise__Cost-1__Fee-British","1","70","0","P","7","14","P Offer","P Liability Signal: 8;P Files: 1;D Answers: 1;P Abandons: 1","8,1,1,1","0","true","","","9","0.85","0.099999999999999964","","",""
"Specification-HighNoise__Cost-1__Fee-British","1","70","0","P","7","14","P Offer","P Liability Signal: 8;P Files: 1;D Answers: 1;P Abandons: 1","8,1,1,1","0","true","","","10","0.95","0.099999999999999964","","",""
"Specification-HighNoise__Cost-1__Fee-British","1","71","0","P","7","14","P Offer","P Liability Signal: 8;P Files: 1;D Answers: 1;P Abandons: 2","8,1,1,2","0.10285","false","10.316395141699999","10.316395141699999","1","0.05","0","9.9593536208396714","0.35704152086032792","false"
"Specification-HighNoise__Cost-1__Fee-British","1","71","0","P","7","14","P Offer","P Liability Signal: 8;P Files: 1;D Answers: 1;P Abandons: 2","8,1,1,2","0.10285","false","10.316395141699999","10.316395141699999","2","0.15","0","10.009353620839674","0.30704152086032543","false"
"Specification-HighNoise__Cost-1__Fee-British","1","71","0","P","7","14","P Offer","P Liability Signal: 8;P Files: 1;D Answers: 1;P Abandons: 2","8,1,1,2","0.10285","false","10.316395141699999","10.316395141699999","3","0.25","0","10.252070072929074","0.064325068770925142","false"
"Specification-HighNoise__Cost-1__Fee-British","1","71","0","P","7","14","P Offer","P Liability Signal: 8;P Files: 1;D Answers: 1;P Abandons: 2","8,1,1,2","0.10285","false","10.316395141699999","10.316395141699999","4","0.35","0","10.316395141699999","0","true"
"Specification-HighNoise__Cost-1__Fee-British","1","71","0","P","7","14","P Offer","P Liability Signal: 8;P Files: 1;D Answers: 1;P Abandons: 2","8,1,1,2","0.10285","false","10.316395141699999","10.316395141699999","5","0.45","0","10.316395141699999","0","true"
"Specification-HighNoise__Cost-1__Fee-British","1","71","0","P","7","14","P Offer","P Liability Signal: 8;P Files: 1;D Answers: 1;P Abandons: 2","8,1,1,2","0.10285","false","10.316395141699999","10.316395141699999","6","0.55","0","10.316395141699999","0","true"
"Specification-HighNoise__Cost-1__Fee-British","1","71","0","P","7","14","P Offer","P Liability Signal: 8;P Files: 1;D Answers: 1;P Abandons: 2","8,1,1,2","0.10285","false","10.316395141699999","10.316395141699999","7","0.65","0","10.316395141699999","0","true"
"Specification-HighNoise__Cost-1__Fee-British","1","71","0","P","7","14","P Offer","P Liability Signal: 8;P Files: 1;D Answers: 1;P Abandons: 2","8,1,1,2","0.10285","false","10.316395141699999","10.316395141699999","8","0.75","0","10.316395141699999","0","true"
"Specification-HighNoise__Cost-1__Fee-British","1","71","0","P","7","14","P Offer","P Liability Signal: 8;P Files: 1;D Answers: 1;P Abandons: 2","8,1,1,2","0.10285","false","10.316395141699999","10.316395141699999","9","0.85","1","10.316395141699999","0","true"
"Specification-HighNoise__Cost-1__Fee-British","1","71","0","P","7","14","P Offer","P Liability Signal: 8;P Files: 1;D Answers: 1;P Abandons: 2","8,1,1,2","0.10285","false","10.316395141699999","10.316395141699999","10","0.95","0","10.316395141699999","0","true"
"Specification-HighNoise__Cost-1__Fee-British","1","72","0","P","2","9","P Files","P Liability Signal: 9","9","0.09289","false","10.357996056999999","10.357996056999999","1","Yes","1","10.357996056999999","0","true"
"Specification-HighNoise__Cost-1__Fee-British","1","72","0","P","2","9","P Files","P Liability Signal: 9","9","0.09289","false","10.357996056999999","10.357996056999999","2","No","0","10","0.35799605699999937","false"
"Specification-HighNoise__Cost-1__Fee-British","1","73","0","P","5","20","P Abandons","P Liability Signal: 9;P Files: 1;D Answers: 1","9,1,1","0.09289","false","10.357996056999999","10.357996056999999","1","Yes","0","9.8820477197109593","0.47594833728904007","false"
"Specification-HighNoise__Cost-1__Fee-British","1","73","0","P","5","20","P Abandons","P Liability Signal: 9;P Files: 1;D Answers: 1","9,1,1","0.09289","false","10.357996056999999","10.357996056999999","2","No","1","10.357996056999999","0","true"
"Specification-HighNoise__Cost-1__Fee-British","1","74","0","P","7","14","P Offer","P Liability Signal: 9;P Files: 1;D Answers: 1;P Abandons: 1","9,1,1,1","0","true","","","1","0.05","0.099999999999999964","","",""
"Specification-HighNoise__Cost-1__Fee-British","1","74","0","P","7","14","P Offer","P Liability Signal: 9;P Files: 1;D Answers: 1;P Abandons: 1","9,1,1,1","0","true","","","2","0.15","0.099999999999999964","","",""
"Specification-HighNoise__Cost-1__Fee-British","1","74","0","P","7","14","P Offer","P Liability Signal: 9;P Files: 1;D Answers: 1;P Abandons: 1","9,1,1,1","0","true","","","3","0.25","0.099999999999999964","","",""
"Specification-HighNoise__Cost-1__Fee-British","1","74","0","P","7","14","P Offer","P Liability Signal: 9;P Files: 1;D Answers: 1;P Abandons: 1","9,1,1,1","0","true","","","4","0.35","0.099999999999999964","","",""
"Specification-HighNoise__Cost-1__Fee-British","1","74","0","P","7","14","P Offer","P Liability Signal: 9;P Files: 1;D Answers: 1;P Abandons: 1","9,1,1,1","0","true","","","5","0.45","0.099999999999999964","","",""
"Specification-HighNoise__Cost-1__Fee-British","1","74","0","P","7","14","P Offer","P Liability Signal: 9;P Files: 1;D Answers: 1;P Abandons: 1","9,1,1,1","0","true","","","6","0.55","0.099999999999999964","","",""
"Specification-HighNoise__Cost-1__Fee-British","1","74","0","P","7","14","P Offer","P Liability Signal: 9;P Files: 1;D Answers: 1;P Abandons: 1","9,1,1,1","0","true","","","7","0.65","0.099999999999999964","","",""
"Specification-HighNoise__Cost-1__Fee-British","1","74","0","P","7","14","P Offer","P Liability Signal: 9;P Files: 1;D Answers: 1;P Abandons: 1","9,1,1,1","0","true","","","8","0.75","0.099999999999999964","","",""
"Specification-HighNoise__Cost-1__Fee-British","1","74","0","P","7","14","P Offer","P Liability Signal: 9;P Files: 1;D Answers: 1;P Abandons: 1","9,1,1,1","0","true","","","9","0.85","0.099999999999999964","","",""
"Specification-HighNoise__Cost-1__Fee-British","1","74","0","P","7","14","P Offer","P Liability Signal: 9;P Files: 1;D Answers: 1;P Abandons: 1","9,1,1,1","0","true","","","10","0.95","0.099999999999999964","","",""
"Specification-HighNoise__Cost-1__Fee-British","1","75","0","P","7","14","P Offer","P Liability Signal: 9;P Files: 1;D Answers: 1;P Abandons: 2","9,1,1,2","0.09289","false","10.357996056999999","10.357996056999999","1","0.05","0","9.9600681710156618","0.39792788598433759","false"
"Specification-HighNoise__Cost-1__Fee-British","1","75","0","P","7","14","P Offer","P Liability Signal: 9;P Files: 1;D Answers: 1;P Abandons: 2","9,1,1,2","0.09289","false","10.357996056999999","10.357996056999999","2","0.15","0","10.010068171015662","0.34792788598433688","false"
"Specification-HighNoise__Cost-1__Fee-British","1","75","0","P","7","14","P Offer","P Liability Signal: 9;P Files: 1;D Answers: 1;P Abandons: 2","9,1,1,2","0.09289","false","10.357996056999999","10.357996056999999","3","0.25","0","10.283779945847328","0.074216111152670905","false"
"Specification-HighNoise__Cost-1__Fee-British","1","75","0","P","7","14","P Offer","P Liability Signal: 9;P Files: 1;D Answers: 1;P Abandons: 2","9,1,1,2","0.09289","false","10.357996056999999","10.357996056999999","4","0.35","0","10.357996056999999","0","true"
"Specification-HighNoise__Cost-1__Fee-British","1","75","0","P","7","14","P Offer","P Liability Signal: 9;P Files: 1;D Answers: 1;P Abandons: 2","9,1,1,2","0.09289","false","10.357996056999999","10.357996056999999","5","0.45","0","10.357996056999999","0","true"
"Specification-HighNoise__Cost-1__Fee-British","1","75","0","P","7","14","P Offer","P Liability Signal: 9;P Files: 1;D Answers: 1;P Abandons: 2","9,1,1,2","0.09289","false","10.357996056999999","10.357996056999999","6","0.55","0","10.357996056999999","0","true"
"Specification-HighNoise__Cost-1__Fee-British","1","75","0","P","7","14","P Offer","P Liability Signal: 9;P Files: 1;D Answers: 1;P Abandons: 2","9,1,1,2","0.09289","false","10.357996056999999","10.357996056999999","7","0.65","0","10.357996056999999","0","true"
"Specification-HighNoise__Cost-1__Fee-British","1","75","0","P","7","14","P Offer","P Liability Signal: 9;P Files: 1;D Answers: 1;P Abandons: 2","9,1,1,2","0.09289","false","10.357996056999999","10.357996056999999","8","0.75","0","10.357996056999999","0","true"
"Specification-HighNoise__Cost-1__Fee-British","1","75","0","P","7","14","P Offer","P Liability Signal: 9;P Files: 1;D Answers: 1;P Abandons: 2","9,1,1,2","0.09289","false","10.357996056999999","10.357996056999999","9","0.85","1","10.357996056999999","0","true"
"Specification-HighNoise__Cost-1__Fee-British","1","75","0","P","7","14","P Offer","P Liability Signal: 9;P Files: 1;D Answers: 1;P Abandons: 2","9,1,1,2","0.09289","false","10.357996056999999","10.357996056999999","10","0.95","0","10.357996056999999","0","true"
"Specification-HighNoise__Cost-1__Fee-British","1","76","0","P","2","9","P Files","P Liability Signal: 10","10","0.080769999999999995","false","10.3954502296","10.3954502296","1","Yes","1","10.3954502296","0","true"
"Specification-HighNoise__Cost-1__Fee-British","1","76","0","P","2","9","P Files","P Liability Signal: 10","10","0.080769999999999995","false","10.3954502296","10.3954502296","2","No","0","10","0.39545022959999976","false"
"Specification-HighNoise__Cost-1__Fee-British","1","77","0","P","5","20","P Abandons","P Liability Signal: 10;P Files: 1;D Answers: 1","10,1,1","0.080769999999999995","false","10.3954502296","10.3954502296","1","Yes","0","9.882510801876407","0.5129394277235928","false"
"Specification-HighNoise__Cost-1__Fee-British","1","77","0","P","5","20","P Abandons","P Liability Signal: 10;P Files: 1;D Answers: 1","10,1,1","0.080769999999999995","false","10.3954502296","10.3954502296","2","No","1","10.3954502296","0","true"
"Specification-HighNoise__Cost-1__Fee-British","1","78","0","P","7","14","P Offer","P Liability Signal: 10;P Files: 1;D Answers: 1;P Abandons: 1","10,1,1,1","0","true","","","1","0.05","0.099999999999999964","","",""
"Specification-HighNoise__Cost-1__Fee-British","1","78","0","P","7","14","P Offer","P Liability Signal: 10;P Files: 1;D Answers: 1;P Abandons: 1","10,1,1,1","0","true","","","2","0.15","0.099999999999999964","","",""
"Specification-HighNoise__Cost-1__Fee-British","1","78","0","P","7","14","P Offer","P Liability Signal: 10;P Files: 1;D Answers: 1;P Abandons: 1","10,1,1,1","0","true","","","3","0.25","0.099999999999999964","","",""
"Specification-HighNoise__Cost-1__Fee-British","1","78","0","P","7","14","P Offer","P Liability Signal: 10;P Files: 1;D Answers: 1;P Abandons: 1","10,1,1,1","0","true","","","4","0.35","0.099999999999999964","","",""
"Specification-HighNoise__Cost-1__Fee-British","1","78","0","P","7","14","P Offer","P Liability Signal: 10;P Files: 1;D Answers: 1;P Abandons: 1","10,1,1,1","0","true","","","5","0.45","0.099999999999999964","","",""
"Specification-HighNoise__Cost-1__Fee-British","1","78","0","P","7","14","P Offer","P Liability Signal: 10;P Files: 1;D Answers: 1;P Abandons: 1","10,1,1,1","0","true","","","6","0.55","0.099999999999999964","","",""
"Specification-HighNoise__Cost-1__Fee-British","1","78","0","P","7","14","P Offer","P Liability Signal: 10;P Files: 1;D Answers: 1;P Abandons: 1","10,1,1,1","0","true","","","7","0.65","0.099999999999999964","","",""
"Specification-HighNoise__Cost-1__Fee-British","1","78","0","P","7","14","P Offer","P Liability Signal: 10;P Files: 1;D Answers: 1;P Abandons: 1","10,1,1,1","0","true","","","8","0.75","0.099999999999999964","","",""
"Specification-HighNoise__Cost-1__Fee-British","1","78","0","P","7","14","P Offer","P Liability Signal: 10;P Files: 1;D Answers: 1;P Abandons: 1","10,1,1,1","0","true","","","9","0.85","0.099999999999999964","","",""
"Specification-HighNoise__Cost-1__Fee-British","1","78","0","P","7","14","P Offer","P Liability Signal: 10;P Files: 1;D Answers: 1;P Abandons: 1","10,1,1,1","0","true","","","10","0.95","0.099999999999999964","","",""
"Specification-HighNoise__Cost-1__Fee-British","1","79","0","P","7","14","P Offer","P Liability Signal: 10;P Files: 1;D Answers: 1;P Abandons: 2","10,1,1,2","0.080769999999999995","false","10.3954502296","10.3954502296","1","0.05","0","9.9607297169663056","0.43472051263369416","false"
"Specification-HighNoise__Cost-1__Fee-British","1","79","0","P","7","14","P Offer","P Liability Signal: 10;P Files: 1;D Answers: 1;P Abandons: 2","10,1,1,2","0.080769999999999995","false","10.3954502296","10.3954502296","2","0.15","0","10.010729716966305","0.38472051263369522","false"
"Specification-HighNoise__Cost-1__Fee-British","1","79","0","P","7","14","P Offer","P Liability Signal: 10;P Files: 1;D Answers: 1;P Abandons: 2","10,1,1,2","0.080769999999999995","false","10.3954502296","10.3954502296","3","0.25","0","10.311757775199162","0.083692454400837946","false"
"Specification-HighNoise__Cost-1__Fee-British","1","79","0","P","7","14","P Offer","P Liability Signal: 10;P Files: 1;D Answers: 1;P Abandons: 2","10,1,1,2","0.080769999999999995","false","10.3954502296","10.3954502296","4","0.35","0","10.3954502296","0","true"
"Specification-HighNoise__Cost-1__Fee-British","1","79","0","P","7","14","P Offer","P Liability Signal: 10;P Files: 1;D Answers: 1;P Abandons: 2","10,1,1,2","0.080769999999999995","false","10.3954502296","10.3954502296","5","0.45","0","10.3954502296","0","true"
"Specification-HighNoise__Cost-1__Fee-British","1","79","0","P","7","14","P Offer","P Liability Signal: 10;P Files: 1;D Answers: 1;P Abandons: 2","10,1,1,2","0.080769999999999995","false","10.3954502296","10.3954502296","6","0.55","0","10.3954502296","0","true"
"Specification-HighNoise__Cost-1__Fee-British","1","79","0","P","7","14","P Offer","P Liability Signal: 10;P Files: 1;D Answers: 1;P Abandons: 2","10,1,1,2","0.080769999999999995","false","10.3954502296","10.3954502296","7","0.65","0","10.3954502296","0","true"
"Specification-HighNoise__Cost-1__Fee-British","1","79","0","P","7","14","P Offer","P Liability Signal: 10;P Files: 1;D Answers: 1;P Abandons: 2","10,1,1,2","0.080769999999999995","false","10.3954502296","10.3954502296","8","0.75","0","10.3954502296","0","true"
"Specification-HighNoise__Cost-1__Fee-British","1","79","0","P","7","14","P Offer","P Liability Signal: 10;P Files: 1;D Answers: 1;P Abandons: 2","10,1,1,2","0.080769999999999995","false","10.3954502296","10.3954502296","9","0.85","1","10.3954502296","0","true"
"Specification-HighNoise__Cost-1__Fee-British","1","79","0","P","7","14","P Offer","P Liability Signal: 10;P Files: 1;D Answers: 1;P Abandons: 2","10,1,1,2","0.080769999999999995","false","10.3954502296","10.3954502296","10","0.95","0","10.3954502296","0","true"
"Specification-HighNoise__Cost-1__Fee-British","1","1","1","D","3","10","D Answers","D Liability Signal: 1;P Files: 1","1,1","0.080788418399999992","false","9.3954528509599751","9.3954528509599751","1","Yes","1","9.3954528509599751","0","true"
"Specification-HighNoise__Cost-1__Fee-British","1","1","1","D","3","10","D Answers","D Liability Signal: 1;P Files: 1","1,1","0.080788418399999992","false","9.3954528509599751","9.3954528509599751","2","No","0","8.9999945000000015","0.39545835095997361","false"
"Specification-HighNoise__Cost-1__Fee-British","1","3","1","D","6","21","D Defaults","D Liability Signal: 1;P Files: 1;D Answers: 1","1,1,1","0.080788418399999992","false","9.3954528509599751","9.3954528509599751","1","Yes","0","8.8825253974910723","0.51292745346890278","false"
"Specification-HighNoise__Cost-1__Fee-British","1","3","1","D","6","21","D Defaults","D Liability Signal: 1;P Files: 1;D Answers: 1","1,1,1","0.080788418399999992","false","9.3954528509599751","9.3954528509599751","2","No","1","9.3954528509599751","0","true"
"Specification-HighNoise__Cost-1__Fee-British","1","5","1","D","8","15","D Offer","D Liability Signal: 1;P Files: 1;D Answers: 1;D Defaults: 1","1,1,1,1","0","true","","","1","0.05","0.099999999999999964","","",""
"Specification-HighNoise__Cost-1__Fee-British","1","5","1","D","8","15","D Offer","D Liability Signal: 1;P Files: 1;D Answers: 1;D Defaults: 1","1,1,1,1","0","true","","","2","0.15","0.099999999999999964","","",""
"Specification-HighNoise__Cost-1__Fee-British","1","5","1","D","8","15","D Offer","D Liability Signal: 1;P Files: 1;D Answers: 1;D Defaults: 1","1,1,1,1","0","true","","","3","0.25","0.099999999999999964","","",""
"Specification-HighNoise__Cost-1__Fee-British","1","5","1","D","8","15","D Offer","D Liability Signal: 1;P Files: 1;D Answers: 1;D Defaults: 1","1,1,1,1","0","true","","","4","0.35","0.099999999999999964","","",""
"Specification-HighNoise__Cost-1__Fee-British","1","5","1","D","8","15","D Offer","D Liability Signal: 1;P Files: 1;D Answers: 1;D Defaults: 1","1,1,1,1","0","true","","","5","0.45","0.099999999999999964","","",""
"Specification-HighNoise__Cost-1__Fee-British","1","5","1","D","8","15","D Offer","D Liability Signal: 1;P Files: 1;D Answers: 1;D Defaults: 1","1,1,1,1","0","true","","","6","0.55","0.099999999999999964","","",""
"Specification-HighNoise__Cost-1__Fee-British","1","5","1","D","8","15","D Offer","D Liability Signal: 1;P Files: 1;D Answers: 1;D Defaults: 1","1,1,1,1","0","true","","","7","0.65","0.099999999999999964","","",""
"Specification-HighNoise__Cost-1__Fee-British","1","5","1","D","8","15","D Offer","D Liability Signal: 1;P Files: 1;D Answers: 1;D Defaults: 1","1,1,1,1","0","true","","","8","0.75","0.099999999999999964","","",""
"Specification-HighNoise__Cost-1__Fee-British","1","5","1","D","8","15","D Offer","D Liability Signal: 1;P Files: 1;D Answers: 1;D Defaults: 1","1,1,1,1","0","true","","","9","0.85","0.099999999999999964","","",""
"Specification-HighNoise__Cost-1__Fee-British","1","5","1","D","8","15","D Offer","D Liability Signal: 1;P Files: 1;D Answers: 1;D Defaults: 1","1,1,1,1","0","true","","","10","0.95","0.099999999999999964","","",""
"Specification-HighNoise__Cost-1__Fee-British","1","6","1","D","8","15","D Offer","D Liability Signal: 1;P Files: 1;D Answers: 1;D Defaults: 2","1,1,1,2","0.080788418399999992","false","9.3954528509599751","9.3954528509599751","1","0.05","0","9.3954528509599751","0","true"
"Specification-HighNoise__Cost-1__Fee-British","1","6","1","D","8","15","D Offer","D Liability Signal: 1;P Files: 1;D Answers: 1;D Defaults: 2","1,1,1,2","0.080788418399999992","false","9.3954528509599751","9.3954528509599751","2","0.15","1","9.3954528509599751","0","true"
"Specification-HighNoise__Cost-1__Fee-British","1","6","1","D","8","15","D Offer","D Liability Signal: 1;P Files: 1;D Answers: 1;D Defaults: 2","1,1,1,2","0.080788418399999992","false","9.3954528509599751","9.3954528509599751","3","0.25","0","9.3954528509599751","0","true"
"Specification-HighNoise__Cost-1__Fee-British","1","6","1","D","8","15","D Offer","D Liability Signal: 1;P Files: 1;D Answers: 1;D Defaults: 2","1,1,1,2","0.080788418399999992","false","9.3954528509599751","9.3954528509599751","4","0.35","0","9.3954528509599751","0","true"
"Specification-HighNoise__Cost-1__Fee-British","1","6","1","D","8","15","D Offer","D Liability Signal: 1;P Files: 1;D Answers: 1;D Defaults: 2","1,1,1,2","0.080788418399999992","false","9.3954528509599751","9.3954528509599751","5","0.45","0","9.3954528509599751","0","true"
"Specification-HighNoise__Cost-1__Fee-British","1","6","1","D","8","15","D Offer","D Liability Signal: 1;P Files: 1;D Answers: 1;D Defaults: 2","1,1,1,2","0.080788418399999992","false","9.3954528509599751","9.3954528509599751","6","0.55","0","9.3954528509599751","0","true"
"Specification-HighNoise__Cost-1__Fee-British","1","6","1","D","8","15","D Offer","D Liability Signal: 1;P Files: 1;D Answers: 1;D Defaults: 2","1,1,1,2","0.080788418399999992","false","9.3954528509599751","9.3954528509599751","7","0.65","0","9.3954528509599751","0","true"
"Specification-HighNoise__Cost-1__Fee-British","1","6","1","D","8","15","D Offer","D Liability Signal: 1;P Files: 1;D Answers: 1;D Defaults: 2","1,1,1,2","0.080788418399999992","false","9.3954528509599751","9.3954528509599751","8","0.75","0","9.3115977479993077","0.083855102960667338","false"
"Specification-HighNoise__Cost-1__Fee-British","1","6","1","D","8","15","D Offer","D Liability Signal: 1;P Files: 1;D Answers: 1;D Defaults: 2","1,1,1,2","0.080788418399999992","false","9.3954528509599751","9.3954528509599751","9","0.85","0","9.0107459886282424","0.38470686233173268","false"
"Specification-HighNoise__Cost-1__Fee-British","1","6","1","D","8","15","D Offer","D Liability Signal: 1;P Files: 1;D Answers: 1;D Defaults: 2","1,1,1,2","0.080788418399999992","false","9.3954528509599751","9.3954528509599751","10","0.95","0","8.9607530158847677","0.43469983507520737","false"
"Specification-HighNoise__Cost-1__Fee-British","1","8","1","D","3","10","D Answers","D Liability Signal: 2;P Files: 1","2,1","0.092886735100000006","false","9.3579987554582971","9.3579987554582971","1","Yes","1","9.3579987554582971","0","true"
"Specification-HighNoise__Cost-1__Fee-British","1","8","1","D","3","10","D Answers","D Liability Signal: 2;P Files: 1","2,1","0.092886735100000006","false","9.3579987554582971","9.3579987554582971","2","No","0","8.9999944999999997","0.35800425545829739","false"
"Specification-HighNoise__Cost-1__Fee-British","1","9","1","D","6","21","D Defaults","D Liability Signal: 2;P Files: 1;D Answers: 1","2,1,1","0.092886735100000006","false","9.3579987554582971","9.3579987554582971","1","Yes","0","8.8820614768682393","0.47593727859005774","false"
"Specification-HighNoise__Cost-1__Fee-British","1","9","1","D","6","21","D Defaults","D Liability Signal: 2;P Files: 1;D Answers: 1","2,1,1","0.092886735100000006","false","9.3579987554582971","9.3579987554582971","2","No","1","9.3579987554582971","0","true"
"Specification-HighNoise__Cost-1__Fee-British","1","10","1","D","8","15","D Offer","D Liability Signal: 2;P Files: 1;D Answers: 1;D Defaults: 1","2,1,1,1","0","true","","","1","0.05","0.099999999999999964","","",""
"Specification-HighNoise__Cost-1__Fee-British","1","10","1","D","8","15","D Offer","D Liability Signal: 2;P Files: 1;D Answers: 1;D Defaults: 1","2,1,1,1","0","true","","","2","0.15","0.099999999999999964","","",""
"Specification-HighNoise__Cost-1__Fee-British","1","10","1","D","8","15","D Offer","D Liability Signal: 2;P Files: 1;D Answers: 1;D Defaults: 1","2,1,1,1","0","true","","","3","0.25","0.099999999999999964","","",""
"Specification-HighNoise__Cost-1__Fee-British","1","10","1","D","8","15","D Offer","D Liability Signal: 2;P Files: 1;D Answers: 1;D Defaults: 1","2,1,1,1","0","true","","","4","0.35","0.099999999999999964","","",""
"Specification-HighNoise__Cost-1__Fee-British","1","10","1","D","8","15","D Offer","D Liability Signal: 2;P Files: 1;D Answers: 1;D Defaults: 1","2,1,1,1","0","true","","","5","0.45","0.099999999999999964","","",""
"Specification-HighNoise__Cost-1__Fee-British","1","10","1","D","8","15","D Offer","D Liability Signal: 2;P Files: 1;D Answers: 1;D Defaults: 1","2,1,1,1","0","true","","","6","0.55","0.099999999999999964","","",""
"Specification-HighNoise__Cost-1__Fee-British","1","10","1","D","8","15","D Offer","D Liability Signal: 2;P Files: 1;D Answers: 1;D Defaults: 1","2,1,1,1","0","true","","","7","0.65","0.099999999999999964","","",""
"Specification-HighNoise__Cost-1__Fee-British","1","10","1","D","8","15","D Offer","D Liability Signal: 2;P Files: 1;D Answers: 1;D Defaults: 1","2,1,1,1","0","true","","","8","0.75","0.099999999999999964","","",""
"Specification-HighNoise__Cost-1__Fee-British","1","10","1","D","8","15","D Offer","D Liability Signal: 2;P Files: 1;D Answers: 1;D Defaults: 1","2,1,1,1","0","true","","","9","0.85","0.099999999999999964","","",""
"Specification-HighNoise__Cost-1__Fee-British","1","10","1","D","8","15","D Offer","D Liability Signal: 2;P Files: 1;D Answers: 1;D Defaults: 1","2,1,1,1","0","true","","","10","0.95","0.099999999999999964","","",""
"Specification-HighNoise__Cost-1__Fee-British","1","11","1","D","8","15","D Offer","D Liability Signal: 2;P Files: 1;D Answers: 1;D Defaults: 2","2,1,1,2","0.092886735100000006","false","9.3579987554582935","9.3579987554582935","1","0.05","0","9.3579987554582935","0","true"
"Specification-HighNoise__Cost-1__Fee-British","1","11","1","D","8","15","D Offer","D Liability Signal: 2;P Files: 1;D Answers: 1;D Defaults: 2","2,1,1,2","0.092886735100000006","false","9.3579987554582935","9.3579987554582935","2","0.15","1","9.3579987554582935","0","true"
"Specification-HighNoise__Cost-1__Fee-British","1","11","1","D","8","15","D Offer","D Liability Signal: 2;P Files: 1;D Answers: 1;D Defaults: 2","2,1,1,2","0.092886735100000006","false","9.3579987554582935","9.3579987554582935","3","0.25","0","9.3579987554582935","0","true"
"Specification-HighNoise__Cost-1__Fee-British","1","11","1","D","8","15","D Offer","D Liability Signal: 2;P Files: 1;D Answers: 1;D Defaults: 2","2,1,1,2","0.092886735100000006","false","9.3579987554582935","9.3579987554582935","4","0.35","0","9.3579987554582935","0","true"
"Specification-HighNoise__Cost-1__Fee-British","1","11","1","D","8","15","D Offer","D Liability Signal: 2;P Files: 1;D Answers: 1;D Defaults: 2","2,1,1,2","0.092886735100000006","false","9.3579987554582935","9.3579987554582935","5","0.45","0","9.3579987554582935","0","true"
"Specification-HighNoise__Cost-1__Fee-British","1","11","1","D","8","15","D Offer","D Liability Signal: 2;P Files: 1;D Answers: 1;D Defaults: 2","2,1,1,2","0.092886735100000006","false","9.3579987554582935","9.3579987554582935","6","0.55","0","9.3579987554582935","0","true"
"Specification-HighNoise__Cost-1__Fee-British","1","11","1","D","8","15","D Offer","D Liability Signal: 2;P Files: 1;D Answers: 1;D Defaults: 2","2,1,1,2","0.092886735100000006","false","9.3579987554582935","9.3579987554582935","7","0.65","0","9.3579987554582935","0","true"
"Specification-HighNoise__Cost-1__Fee-British","1","11","1","D","8","15","D Offer","D Liability Signal: 2;P Files: 1;D Answers: 1;D Defaults: 2","2,1,1,2","0.092886735100000006","false","9.3579987554582935","9.3579987554582935","8","0.75","0","9.283639002604744","0.074359752853549566","false"
"Specification-HighNoise__Cost-1__Fee-British","1","11","1","D","8","15","D Offer","D Liability Signal: 2;P Files: 1;D Answers: 1;D Defaults: 2","2,1,1,2","0.092886735100000006","false","9.3579987554582935","9.3579987554582935","9","0.85","0","9.0100832013284897","0.34791555412980379","false"
"Specification-HighNoise__Cost-1__Fee-British","1","11","1","D","8","15","D Offer","D Liability Signal: 2;P Files: 1;D Answers: 1;D Defaults: 2","2,1,1,2","0.092886735100000006","false","9.3579987554582935","9.3579987554582935","10","0.95","0","8.9600903810199952","0.3979083744382983","false"
"Specification-HighNoise__Cost-1__Fee-British","1","12","1","D","3","10","D Answers","D Liability Signal: 3;P Files: 1","3,1","0.1028463392","false","9.3163976679959823","9.3163976679959823","1","Yes","1","9.3163976679959823","0","true"
"Specification-HighNoise__Cost-1__Fee-British","1","12","1","D","3","10","D Answers","D Liability Signal: 3;P Files: 1","3,1","0.1028463392","false","9.3163976679959823","9.3163976679959823","2","No","0","8.9999945000000015","0.31640316799598089","false"
"Specification-HighNoise__Cost-1__Fee-British","1","13","1","D","6","21","D Defaults","D Liability Signal: 3;P Files: 1;D Answers: 1","3,1,1","0.1028463392","false","9.3163976679959823","9.3163976679959823","1","Yes","0","8.8815603757683661","0.43483729222761625","false"
"Specification-HighNoise__Cost-1__Fee-British","1","13","1","D","6","21","D Defaults","D Liability Signal: 3;P Files: 1;D Answers: 1","3,1,1","0.1028463392","false","9.3163976679959823","9.3163976679959823","2","No","1","9.3163976679959823","0","true"
"Specification-HighNoise__Cost-1__Fee-British","1","14","1","D","8","15","D Offer","D Liability Signal: 3;P Files: 1;D Answers: 1;D Defaults: 1","3,1,1,1","0","true","","","1","0.05","0.099999999999999964","","",""
"Specification-HighNoise__Cost-1__Fee-British","1","14","1","D","8","15","D Offer","D Liability Signal: 3;P Files: 1;D Answers: 1;D Defaults: 1","3,1,1,1","0","true","","","2","0.15","0.099999999999999964","","",""
"Specification-HighNoise__Cost-1__Fee-British","1","14","1","D","8","15","D Offer","D Liability Signal: 3;P Files: 1;D Answers: 1;D Defaults: 1","3,1,1,1","0","true","","","3","0.25","0.099999999999999964","","",""
"Specification-HighNoise__Cost-1__Fee-British","1","14","1","D","8","15","D Offer","D Liability Signal: 3;P Files: 1;D Answers: 1;D Defaults: 1","3,1,1,1","0","true","","","4","0.35","0.099999999999999964","","",""
"Specification-HighNoise__Cost-1__Fee-British","1","14","1","D","8","15","D Offer","D Liability Signal: 3;P Files: 1;D Answers: 1;D Defaults: 1","3,1,1,1","0","true","","","5","0.45","0.099999999999999964","","",""
"Specification-HighNoise__Cost-1__Fee-British","1","14","1","D","8","15","D Offer","D Liability Signal: 3;P Files: 1;D Answers: 1;D Defaults: 1","3,1,1,1","0","true","","","6","0.55","0.099999999999999964","","",""
"Specification-HighNoise__Cost-1__Fee-British","1","14","1","D","8","15","D Offer","D Liability Signal: 3;P Files: 1;D Answers: 1;D Defaults: 1","3,1,1,1","0","true","","","7","0.65","0.099999999999999964","","",""
"Specification-HighNoise__Cost-1__Fee-British","1","14","1","D","8","15","D Offer","D Liability Signal: 3;P Files: 1;D Answers: 1;D Defaults: 1","3,1,1,1","0","true","","","8","0.75","0.099999999999999964","","",""
"Specification-HighNoise__Cost-1__Fee-British","1","14","1","D","8","15","D Offer","D Liability Signal: 3;P Files: 1;D Answers: 1;D Defaults: 1","3,1,1,1","0","true","","","9","0.85","0.099999999999999964","","",""
"Specification-HighNoise__Cost-1__Fee-British","1","14","1","D","8","15","D Offer","D Liability Signal: 3;P Files: 1;D Answers: 1;D Defaults: 1","3,1,1,1","0","true","","","10","0.95","0.099999999999999964","","",""
"Specification-HighNoise__Cost-1__Fee-British","1","15","1","D","8","15","D Offer","D Liability Signal: 3;P Files: 1;D Answers: 1;D Defaults: 2","3,1,1,2","0.1028463392","false","9.3163976679959823","9.3163976679959823","1","0.05","0","9.3163976679959823","0","true"
"Specification-HighNoise__Cost-1__Fee-British","1","15","1","D","8","15","D Offer","D Liability Signal: 3;P Files: 1;D Answers: 1;D Defaults: 2","3,1,1,2","0.1028463392","false","9.3163976679959823","9.3163976679959823","2","0.15","1","9.3163976679959823","0","true"
"Specification-HighNoise__Cost-1__Fee-British","1","15","1","D","8","15","D Offer","D Liability Signal: 3;P Files: 1;D Answers: 1;D Defaults: 2","3,1,1,2","0.1028463392","false","9.3163976679959823","9.3163976679959823","3","0.25","0","9.3163976679959823","0","true"
"Specification-HighNoise__Cost-1__Fee-British","1","15","1","D","8","15","D Offer","D Liability Signal: 3;P Files: 1;D Answers: 1;D Defaults: 2","3,1,1,2","0.1028463392","false","9.3163976679959823","9.3163976679959823","4","0.35","0","9.3163976679959823","0","true"
"Specification-HighNoise__Cost-1__Fee-British","1","15","1","D","8","15","D Offer","D Liability Signal: 3;P Files: 1;D Answers: 1;D Defaults: 2","3,1,1,2","0.1028463392","false","9.3163976679959823","9.3163976679959823","5","0.45","0","9.3163976679959823","0","true"
"Specification-HighNoise__Cost-1__Fee-British","1","15","1","D","8","15","D Offer","D Liability Signal: 3;P Files: 1;D Answers: 1;D Defaults: 2","3,1,1,2","0.1028463392","false","9.3163976679959823","9.3163976679959823","6","0.55","0","9.3163976679959823","0","true"
"Specification-HighNoise__Cost-1__Fee-British","1","15","1","D","8","15","D Offer","D Liability Signal: 3;P Files: 1;D Answers: 1;D Defaults: 2","3,1,1,2","0.1028463392","false","9.3163976679959823","9.3163976679959823","7","0.65","0","9.3163976679959823","0","true"
"Specification-HighNoise__Cost-1__Fee-British","1","15","1","D","8","15","D Offer","D Liability Signal: 3;P Files: 1;D Answers: 1;D Defaults: 2","3,1,1,2","0.1028463392","false","9.3163976679959823","9.3163976679959823","8","0.75","0","9.2519492379455261","0.064448430050456196","false"
"Specification-HighNoise__Cost-1__Fee-British","1","15","1","D","8","15","D Offer","D Liability Signal: 3;P Files: 1;D Answers: 1;D Defaults: 2","3,1,1,2","0.1028463392","false","9.3163976679959823","9.3163976679959823","9","0.85","0","9.0093672955710336","0.30703037242494879","false"
"Specification-HighNoise__Cost-1__Fee-British","1","15","1","D","8","15","D Offer","D Liability Signal: 3;P Files: 1;D Answers: 1;D Defaults: 2","3,1,1,2","0.1028463392","false","9.3163976679959823","9.3163976679959823","10","0.95","0","8.9593746399142766","0.35702302808170572","false"
"Specification-HighNoise__Cost-1__Fee-British","1","16","1","D","3","10","D Answers","D Liability Signal: 4;P Files: 1","4,1","0.10991182690000001","false","9.2713677112695212","9.2713677112695212","1","Yes","1","9.2713677112695212","0","true"
"Specification-HighNoise__Cost-1__Fee-British","1","16","1","D","3","10","D Answers","D Liability Signal: 4;P Files: 1","4,1","0.10991182690000001","false","9.2713677112695212","9.2713677112695212","2","No","0","8.9999944999999997","0.27137321126952152","false"
"Specification-HighNoise__Cost-1__Fee-British","1","17","1","D","6","21","D Defaults","D Liability Signal: 4;P Files: 1;D Answers: 1","4,1,1","0.10991182690000001","false","9.2713677112695212","9.2713677112695212","1","Yes","0","8.8810331261697826","0.39033458509973862","false"
"Specification-HighNoise__Cost-1__Fee-British","1","17","1","D","6","21","D Defaults","D Liability Signal: 4;P Files: 1;D Answers: 1","4,1,1","0.10991182690000001","false","9.2713677112695212","9.2713677112695212","2","No","1","9.2713677112695212","0","true"
"Specification-HighNoise__Cost-1__Fee-British","1","18","1","D","8","15","D Offer","D Liability Signal: 4;P Files: 1;D Answers: 1;D Defaults: 1","4,1,1,1","0","true","","","1","0.05","0.099999999999999964","","",""
"Specification-HighNoise__Cost-1__Fee-British","1","18","1","D","8","15","D Offer","D Liability Signal: 4;P Files: 1;D Answers: 1;D Defaults: 1","4,1,1,1","0","true","","","2","0.15","0.099999999999999964","","",""
"Specification-HighNoise__Cost-1__Fee-British","1","18","1","D","8","15","D Offer","D Liability Signal: 4;P Files: 1;D Answers: 1;D Defaults: 1","4,1,1,1","0","true","","","3","0.25","0.099999999999999964","","",""
"Specification-HighNoise__Cost-1__Fee-British","1","18","1","D","8","15","D Offer","D Liability Signal: 4;P Files: 1;D Answers: 1;D Defaults: 1","4,1,1,1","0","true","","","4","0.35","0.099999999999999964","","",""
"Specification-HighNoise__Cost-1__Fee-British","1","18","1","D","8","15","D Offer","D Liability Signal: 4;P Files: 1;D Answers: 1;D Defaults: 1","4,1,1,1","0","true","","","5","0.45","0.099999999999999964","","",""
"Specification-HighNoise__Cost-1__Fee-British","1","18","1","D","8","15","D Offer","D Liability Signal: 4;P Files: 1;D Answers: 1;D Defaults: 1","4,1,1,1","0","true","","","6","0.55","0.099999999999999964","","",""
"Specification-HighNoise__Cost-1__Fee-British","1","18","1","D","8","15","D Offer","D Liability Signal: 4;P Files: 1;D Answers: 1;D Defaults: 1","4,1,1,1","0","true","","","7","0.65","0.099999999999999964","","",""
"Specification-HighNoise__Cost-1__Fee-British","1","18","1","D","8","15","D Offer","D Liability Signal: 4;P Files: 1;D Answers: 1;D Defaults: 1","4,1,1,1","0","true","","","8","0.75","0.099999999999999964","","",""
"Specification-HighNoise__Cost-1__Fee-British","1","18","1","D","8","15","D Offer","D Liability Signal: 4;P Files: 1;D Answers: 1;D Defaults: 1","4,1,1,1","0","true","","","9","0.85","0.099999999999999964","","",""
"Specification-HighNoise__Cost-1__Fee-British","1","18","1","D","8","15","D Offer","D Liability Signal: 4;P Files: 1;D Answers: 1;D Defaults: 1","4,1,1,1","0","true","","","10","0.95","0.099999999999999964","","",""
"Specification-HighNoise__Cost-1__Fee-British","1","19","1","D","8","15","D Offer","D Liability Signal: 4;P Files: 1;D Answers: 1;D Defaults: 2","4,1,1,2","0.10991182690000001","false","9.2713677112695212","9.2713677112695212","1","0.05","0","9.2713677112695212","0","true"
"Specification-HighNoise__Cost-1__Fee-British","1","19","1","D","8","15","D Offer","D Liability Signal: 4;P Files: 1;D Answers: 1;D Defaults: 2","4,1,1,2","0.10991182690000001","false","9.2713677112695212","9.2713677112695212","2","0.15","1","9.2713677112695212","0","true"
"Specification-HighNoise__Cost-1__Fee-British","1","19","1","D","8","15","D Offer","D Liability Signal: 4;P Files: 1;D Answers: 1;D Defaults: 2","4,1,1,2","0.10991182690000001","false","9.2713677112695212","9.2713677112695212","3","0.25","0","9.2713677112695212","0","true"
"Specification-HighNoise__Cost-1__Fee-British","1","19","1","D","8","15","D Offer","D Liability Signal: 4;P Files: 1;D Answers: 1;D Defaults: 2","4,1,1,2","0.10991182690000001","false","9.2713677112695212","9.2713677112695212","4","0.35","0","9.2713677112695212","0","true"
"Specification-HighNoise__Cost-1__Fee-British","1","19","1","D","8","15","D Offer","D Liability Signal: 4;P Files: 1;D Answers: 1;D Defaults: 2","4,1,1,2","0.10991182690000001","false","9.2713677112695212","9.2713677112695212","5","0.45","0","9.2713677112695212","0","true"
"Specification-HighNoise__Cost-1__Fee-British","1","19","1","D","8","15","D Offer","D Liability Signal: 4;P Files: 1;D Answers: 1;D Defaults: 2","4,1,1,2","0.10991182690000001","false","9.2713677112695212","9.2713677112695212","6","0.55","0","9.2713677112695212","0","true"
"Specification-HighNoise__Cost-1__Fee-British","1","19","1","D","8","15","D Offer","D Liability Signal: 4;P Files: 1;D Answers: 1;D Defaults: 2","4,1,1,2","0.10991182690000001","false","9.2713677112695212","9.2713677112695212","7","0.65","0","9.2713677112695212","0","true"
"Specification-HighNoise__Cost-1__Fee-British","1","19","1","D","8","15","D Offer","D Liability Signal: 4;P Files: 1;D Answers: 1;D Defaults: 2","4,1,1,2","0.10991182690000001","false","9.2713677112695212","9.2713677112695212","8","0.75","0","9.216979195811323","0.054388515458198228","false"
"Specification-HighNoise__Cost-1__Fee-British","1","19","1","D","8","15","D Offer","D Liability Signal: 4;P Files: 1;D Answers: 1;D Defaults: 2","4,1,1,2","0.10991182690000001","false","9.2713677112695212","9.2713677112695212","9","0.85","0","9.0086140323605921","0.26275367890892909","false"
"Specification-HighNoise__Cost-1__Fee-British","1","19","1","D","8","15","D Offer","D Liability Signal: 4;P Files: 1;D Answers: 1;D Defaults: 2","4,1,1,2","0.10991182690000001","false","9.2713677112695212","9.2713677112695212","10","0.95","0","8.9586215499474449","0.31274616132207633","false"
"Specification-HighNoise__Cost-1__Fee-British","1","20","1","D","3","10","D Answers","D Liability Signal: 5;P Files: 1","5,1","0.11357025910000002","false","9.2240598638105755","9.2240598638105755","1","Yes","1","9.2240598638105755","0","true"
"Specification-HighNoise__Cost-1__Fee-British","1","20","1","D","3","10","D Answers","D Liability Signal: 5;P Files: 1","5,1","0.11357025910000002","false","9.2240598638105755","9.2240598638105755","2","No","0","8.9999944999999979","0.22406536381057762","false"
"Specification-HighNoise__Cost-1__Fee-British","1","21","1","D","6","21","D Defaults","D Liability Signal: 5;P Files: 1;D Answers: 1","5,1,1","0.11357025910000002","false","9.2240598638105755","9.2240598638105755","1","Yes","0","8.8804944584778021","0.34356540533277347","false"
"Specification-HighNoise__Cost-1__Fee-British","1","21","1","D","6","21","D Defaults","D Liability Signal: 5;P Files: 1;D Answers: 1","5,1,1","0.11357025910000002","false","9.2240598638105755","9.2240598638105755","2","No","1","9.2240598638105755","0","true"
"Specification-HighNoise__Cost-1__Fee-British","1","22","1","D","8","15","D Offer","D Liability Signal: 5;P Files: 1;D Answers: 1;D Defaults: 1","5,1,1,1","0","true","","","1","0.05","0.099999999999999964","","",""
"Specification-HighNoise__Cost-1__Fee-British","1","22","1","D","8","15","D Offer","D Liability Signal: 5;P Files: 1;D Answers: 1;D Defaults: 1","5,1,1,1","0","true","","","2","0.15","0.099999999999999964","","",""
"Specification-HighNoise__Cost-1__Fee-British","1","22","1","D","8","15","D Offer","D Liability Signal: 5;P Files: 1;D Answers: 1;D Defaults: 1","5,1,1,1","0","true","","","3","0.25","0.099999999999999964","","",""
"Specification-HighNoise__Cost-1__Fee-British","1","22","1","D","8","15","D Offer","D Liability Signal: 5;P Files: 1;D Answers: 1;D Defaults: 1","5,1,1,1","0","true","","","4","0.35","0.099999999999999964","","",""
"Specification-HighNoise__Cost-1__Fee-British","1","22","1","D","8","15","D Offer","D Liability Signal: 5;P Files: 1;D Answers: 1;D Defaults: 1","5,1,1,1","0","true","","","5","0.45","0.099999999999999964","","",""
"Specification-HighNoise__Cost-1__Fee-British","1","22","1","D","8","15","D Offer","D Liability Signal: 5;P Files: 1;D Answers: 1;D Defaults: 1","5,1,1,1","0","true","","","6","0.55","0.099999999999999964","","",""
"Specification-HighNoise__Cost-1__Fee-British","1","22","1","D","8","15","D Offer","D Liability Signal: 5;P Files: 1;D Answers: 1;D Defaults: 1","5,1,1,1","0","true","","","7","0.65","0.099999999999999964","","",""
"Specification-HighNoise__Cost-1__Fee-British","1","22","1","D","8","15","D Offer","D Liability Signal: 5;P Files: 1;D Answers: 1;D Defaults: 1","5,1,1,1","0","true","","","8","0.75","0.099999999999999964","","",""
"Specification-HighNoise__Cost-1__Fee-British","1","22","1","D","8","15","D Offer","D Liability Signal: 5;P Files: 1;D Answers: 1;D Defaults: 1","5,1,1,1","0","true","","","9","0.85","0.099999999999999964","","",""
"Specification-HighNoise__Cost-1__Fee-British","1","22","1","D","8","15","D Offer","D Liability Signal: 5;P Files: 1;D Answers: 1;D Defaults: 1","5,1,1,1","0","true","","","10","0.95","0.099999999999999964","","",""
"Specification-HighNoise__Cost-1__Fee-British","1","23","1","D","8","15","D Offer","D Liability Signal: 5;P Files: 1;D Answers: 1;D Defaults: 2","5,1,1,2","0.11357025910000002","false","9.2240598638105755","9.2240598638105755","1","0.05","0","9.2240598638105755","0","true"
"Specification-HighNoise__Cost-1__Fee-British","1","23","1","D","8","15","D Offer","D Liability Signal: 5;P Files: 1;D Answers: 1;D Defaults: 2","5,1,1,2","0.11357025910000002","false","9.2240598638105755","9.2240598638105755","2","0.15","1","9.2240598638105755","0","true"
"Specification-HighNoise__Cost-1__Fee-British","1","23","1","D","8","15","D Offer","D Liability Signal: 5;P Files: 1;D Answers: 1;D Defaults: 2","5,1,1,2","0.11357025910000002","false","9.2240598638105755","9.2240598638105755","3","0.25","0","9.2240598638105755","0","true"
"Specification-HighNoise__Cost-1__Fee-British","1","23","1","D","8","15","D Offer","D Liability Signal: 5;P Files: 1;D Answers: 1;D Defaults: 2","5,1,1,2","0.11357025910000002","false","9.2240598638105755","9.2240598638105755","4","0.35","0","9.2240598638105755","0","true"
"Specification-HighNoise__Cost-1__Fee-British","1","23","1","D","8","15","D Offer","D Liability Signal: 5;P Files: 1;D Answers: 1;D Defaults: 2","5,1,1,2","0.11357025910000002","false","9.2240598638105755","9.2240598638105755","5","0.45","0","9.2240598638105755","0","true"
"Specification-HighNoise__Cost-1__Fee-British","1","23","1","D","8","15","D Offer","D Liability Signal: 5;P Files: 1;D Answers: 1;D Defaults: 2","5,1,1,2","0.11357025910000002","false","9.2240598638105755","9.2240598638105755","6","0.55","0","9.2240598638105755","0","true"
"Specification-HighNoise__Cost-1__Fee-British","1","23","1","D","8","15","D Offer","D Liability Signal: 5;P Files: 1;D Answers: 1;D Defaults: 2","5,1,1,2","0.11357025910000002","false","9.2240598638105755","9.2240598638105755","7","0.65","0","9.2240598638105755","0","true"
"Specification-HighNoise__Cost-1__Fee-British","1","23","1","D","8","15","D Offer","D Liability Signal: 5;P Files: 1;D Answers: 1;D Defaults: 2","5,1,1,2","0.11357025910000002","false","9.2240598638105755","9.2240598638105755","8","0.75","0","9.1795627047836934","0.044497159026882116","false"
"Specification-HighNoise__Cost-1__Fee-British","1","23","1","D","8","15","D Offer","D Liability Signal: 5;P Files: 1;D Answers: 1;D Defaults: 2","5,1,1,2","0.11357025910000002","false","9.2240598638105755","9.2240598638105755","9","0.85","0","9.0078444565162279","0.21621540729434763","false"
"Specification-HighNoise__Cost-1__Fee-British","1","23","1","D","8","15","D Offer","D Liability Signal: 5;P Files: 1;D Answers: 1;D Defaults: 2","5,1,1,2","0.11357025910000002","false","9.2240598638105755","9.2240598638105755","10","0.95","0","8.9578521510984466","0.26620771271212895","false"
"Specification-HighNoise__Cost-1__Fee-British","1","24","1","D","3","10","D Answers","D Liability Signal: 6;P Files: 1","6,1","0.11357000769999999","false","9.1759498751787287","9.1759498751787287","1","Yes","1","9.1759498751787287","0","true"
"Specification-HighNoise__Cost-1__Fee-British","1","24","1","D","3","10","D Answers","D Liability Signal: 6;P Files: 1","6,1","0.11357000769999999","false","9.1759498751787287","9.1759498751787287","2","No","0","8.9999944999999997","0.17595537517872906","false"
"Specification-HighNoise__Cost-1__Fee-British","1","25","1","D","6","21","D Defaults","D Liability Signal: 6;P Files: 1;D Answers: 1","6,1,1","0.11357000769999999","false","9.1759498751787287","9.1759498751787287","1","Yes","0","8.8799619526109215","0.29598792256780726","false"
"Specification-HighNoise__Cost-1__Fee-British","1","25","1","D","6","21","D Defaults","D Liability Signal: 6;P Files: 1;D Answers: 1","6,1,1","0.11357000769999999","false","9.1759498751787287","9.1759498751787287","2","No","1","9.1759498751787287","0","true"
"Specification-HighNoise__Cost-1__Fee-British","1","26","1","D","8","15","D Offer","D Liability Signal: 6;P Files: 1;D Answers: 1;D Defaults: 1","6,1,1,1","0","true","","","1","0.05","0.099999999999999964","","",""
"Specification-HighNoise__Cost-1__Fee-British","1","26","1","D","8","15","D Offer","D Liability Signal: 6;P Files: 1;D Answers: 1;D Defaults: 1","6,1,1,1","0","true","","","2","0.15","0.099999999999999964","","",""
"Specification-HighNoise__Cost-1__Fee-British","1","26","1","D","8","15","D Offer","D Liability Signal: 6;P Files: 1;D Answers: 1;D Defaults: 1","6,1,1,1","0","true","","","3","0.25","0.099999999999999964","","",""
"Specification-HighNoise__Cost-1__Fee-British","1","26","1","D","8","15","D Offer","D Liability Signal: 6;P Files: 1;D Answers: 1;D Defaults: 1","6,1,1,1","0","true","","","4","0.35","0.099999999999999964","","",""
"Specification-HighNoise__Cost-1__Fee-British","1","26","1","D","8","15","D Offer","D Liability Signal: 6;P Files: 1;D Answers: 1;D Defaults: 1","6,1,1,1","0","true","","","5","0.45","0.099999999999999964","","",""
"Specification-HighNoise__Cost-1__Fee-British","1","26","1","D","8","15","D Offer","D Liability Signal: 6;P Files: 1;D Answers: 1;D Defaults: 1","6,1,1,1","0","true","","","6","0.55","0.099999999999999964","","",""
"Specification-HighNoise__Cost-1__Fee-British","1","26","1","D","8","15","D Offer","D Liability Signal: 6;P Files: 1;D Answers: 1;D Defaults: 1","6,1,1,1","0","true","","","7","0.65","0.099999999999999964","","",""
"Specification-HighNoise__Cost-1__Fee-British","1","26","1","D","8","15","D Offer","D Liability Signal: 6;P Files: 1;D Answers: 1;D Defaults: 1","6,1,1,1","0","true","","","8","0.75","0.099999999999999964","","",""
"Specification-HighNoise__Cost-1__Fee-British","1","26","1","D","8","15","D Offer","D Liability Signal: 6;P Files: 1;D Answers: 1;D Defaults: 1","6,1,1,1","0","true","","","9","0.85","0.099999999999999964","","",""
"Specification-HighNoise__Cost-1__Fee-British","1","26","1","D","8","15","D Offer","D Liability Signal: 6;P Files: 1;D Answers: 1;D Defaults: 1","6,1,1,1","0","true","","","10","0.95","0.099999999999999964","","",""
"Specification-HighNoise__Cost-1__Fee-British","1","27","1","D","8","15","D Offer","D Liability Signal: 6;P Files: 1;D Answers: 1;D Defaults: 2","6,1,1,2","0.11357000769999999","false","9.1759498751787287","9.1759498751787287","1","0.05","0","9.1759498751787287","0","true"
"Specification-HighNoise__Cost-1__Fee-British","1","27","1","D","8","15","D Offer","D Liability Signal: 6;P Files: 1;D Answers: 1;D Defaults: 2","6,1,1,2","0.11357000769999999","false","9.1759498751787287","9.1759498751787287","2","0.15","1","9.1759498751787287","0","true"
"Specification-HighNoise__Cost-1__Fee-British","1","27","1","D","8","15","D Offer","D Liability Signal: 6;P Files: 1;D Answers: 1;D Defaults: 2","6,1,1,2","0.11357000769999999","false","9.1759498751787287","9.1759498751787287","3","0.25","0","9.1759498751787287","0","true"
"Specification-HighNoise__Cost-1__Fee-British","1","27","1","D","8","15","D Offer","D Liability Signal: 6;P Files: 1;D Answers: 1;D Defaults: 2","6,1,1,2","0.11357000769999999","false","9.1759498751787287","9.1759498751787287","4","0.35","0","9.1759498751787287","0","true"
"Specification-HighNoise__Cost-1__Fee-British","1","27","1","D","8","15","D Offer","D Liability Signal: 6;P Files: 1;D Answers: 1;D Defaults: 2","6,1,1,2","0.11357000769999999","false","9.1759498751787287","9.1759498751787287","5","0.45","0","9.1759498751787287","0","true"
"Specification-HighNoise__Cost-1__Fee-British","1","27","1","D","8","15","D Offer","D Liability Signal: 6;P Files: 1;D Answers: 1;D Defaults: 2","6,1,1,2","0.11357000769999999","false","9.1759498751787287","9.1759498751787287","6","0.55","0","9.1759498751787287","0","true"
"Specification-HighNoise__Cost-1__Fee-British","1","27","1","D","8","15","D Offer","D Liability Signal: 6;P Files: 1;D Answers: 1;D Defaults: 2","6,1,1,2","0.11357000769999999","false","9.1759498751787287","9.1759498751787287","7","0.65","0","9.1759498751787287","0","true"
"Specification-HighNoise__Cost-1__Fee-British","1","27","1","D","8","15","D Offer","D Liability Signal: 6;P Files: 1;D Answers: 1;D Defaults: 2","6,1,1,2","0.11357000769999999","false","9.1759498751787287","9.1759498751787287","8","0.75","0","9.1408407299459213","0.035109145232807393","false"
"Specification-HighNoise__Cost-1__Fee-British","1","27","1","D","8","15","D Offer","D Liability Signal: 6;P Files: 1;D Answers: 1;D Defaults: 2","6,1,1,2","0.11357000769999999","false","9.1759498751787287","9.1759498751787287","9","0.85","0","9.007083683857628","0.1688661913211007","false"
"Specification-HighNoise__Cost-1__Fee-British","1","27","1","D","8","15","D Offer","D Liability Signal: 6;P Files: 1;D Answers: 1;D Defaults: 2","6,1,1,2","0.11357000769999999","false","9.1759498751787287","9.1759498751787287","10","0.95","0","8.9570915534105584","0.21885832176817033","false"
"Specification-HighNoise__Cost-1__Fee-British","1","28","1","D","3","10","D Answers","D Liability Signal: 7;P Files: 1","7,1","0.10991110489999999","false","9.1286419707016258","9.1286419707016258","1","Yes","1","9.1286419707016258","0","true"
"Specification-HighNoise__Cost-1__Fee-British","1","28","1","D","3","10","D Answers","D Liability Signal: 7;P Files: 1","7,1","0.10991110489999999","false","9.1286419707016258","9.1286419707016258","2","No","0","8.9999945000000015","0.1286474707016243","false"
"Specification-HighNoise__Cost-1__Fee-British","1","29","1","D","6","21","D Defaults","D Liability Signal: 7;P Files: 1;D Answers: 1","7,1,1","0.10991110489999999","false","9.1286419707016258","9.1286419707016258","1","Yes","0","8.8794532658167533","0.24918870488487244","false"
"Specification-HighNoise__Cost-1__Fee-British","1","29","1","D","6","21","D Defaults","D Liability Signal: 7;P Files: 1;D Answers: 1","7,1,1","0.10991110489999999","false","9.1286419707016258","9.1286419707016258","2","No","1","9.1286419707016258","0","true"
"Specification-HighNoise__Cost-1__Fee-British","1","30","1","D","8","15","D Offer","D Liability Signal: 7;P Files: 1;D Answers: 1;D Defaults: 1","7,1,1,1","0","true","","","1","0.05","0.099999999999999964","","",""
"Specification-HighNoise__Cost-1__Fee-British","1","30","1","D","8","15","D Offer","D Liability Signal: 7;P Files: 1;D Answers: 1;D Defaults: 1","7,1,1,1","0","true","","","2","0.15","0.099999999999999964","","",""
"Specification-HighNoise__Cost-1__Fee-British","1","30","1","D","8","15","D Offer","D Liability Signal: 7;P Files: 1;D Answers: 1;D Defaults: 1","7,1,1,1","0","true","","","3","0.25","0.099999999999999964","","",""
"Specification-HighNoise__Cost-1__Fee-British","1","30","1","D","8","15","D Offer","D Liability Signal: 7;P Files: 1;D Answers: 1;D Defaults: 1","7,1,1,1","0","true","","","4","0.35","0.099999999999999964","","",""
"Specification-HighNoise__Cost-1__Fee-British","1","30","1","D","8","15","D Offer","D Liability Signal: 7;P Files: 1;D Answers: 1;D Defaults: 1","7,1,1,1","0","true","","","5","0.45","0.099999999999999964","","",""
"Specification-HighNoise__Cost-1__Fee-British","1","30","1","D","8","15","D Offer","D Liability Signal: 7;P Files: 1;D Answers: 1;D Defaults: 1","7,1,1,1","0","true","","","6","0.55","0.099999999999999964","","",""
"Specification-HighNoise__Cost-1__Fee-British","1","30","1","D","8","15","D Offer","D Liability Signal: 7;P Files: 1;D Answers: 1;D Defaults: 1","7,1,1,1","0","true","","","7","0.65","0.099999999999999964","","",""
"Specification-HighNoise__Cost-1__Fee-British","1","30","1","D","8","15","D Offer","D Liability Signal: 7;P Files: 1;D Answers: 1;D Defaults: 1","7,1,1,1","0","true","","","8","0.75","0.099999999999999964","","",""
"Specification-HighNoise__Cost-1__Fee-British","1","30","1","D","8","15","D Offer","D Liability Signal: 7;P Files: 1;D Answers: 1;D Defaults: 1","7,1,1,1","0","true","","","9","0.85","0.099999999999999964","","",""
"Specification-HighNoise__Cost-1__Fee-British","1","30","1","D","8","15","D Offer","D Liability Signal: 7;P Files: 1;D Answers: 1;D Defaults: 1","7,1,1,1","0","true","","","10","0.95","0.099999999999999964","","",""
"Specification-HighNoise__Cost-1__Fee-British","1","31","1","D","8","15","D Offer","D Liability Signal: 7;P Files: 1;D Answers: 1;D Defaults: 2","7,1,1,2","0.10991110489999999","false","9.1286419707016258","9.1286419707016258","1","0.05","0","9.1286419707016258","0","true"
"Specification-HighNoise__Cost-1__Fee-British","1","31","1","D","8","15","D Offer","D Liability Signal: 7;P Files: 1;D Answers: 1;D Defaults: 2","7,1,1,2","0.10991110489999999","false","9.1286419707016258","9.1286419707016258","2","0.15","1","9.1286419707016258","0","true"
"Specification-HighNoise__Cost-1__Fee-British","1","31","1","D","8","15","D Offer","D Liability Signal: 7;P Files: 1;D Answers: 1;D Defaults: 2","7,1,1,2","0.10991110489999999","false","9.1286419707016258","9.1286419707016258","3","0.25","0","9.1286419707016258","0","true"
"Specification-HighNoise__Cost-1__Fee-British","1","31","1","D","8","15","D Offer","D Liability Signal: 7;P Files: 1;D Answers: 1;D Defaults: 2","7,1,1,2","0.10991110489999999","false","9.1286419707016258","9.1286419707016258","4","0.35","0","9.1286419707016258","0","true"
"Specification-HighNoise__Cost-1__Fee-British","1","31","1","D","8","15","D Offer","D Liability Signal: 7;P Files: 1;D Answers: 1;D Defaults: 2","7,1,1,2","0.10991110489999999","false","9.1286419707016258","9.1286419707016258","5","0.45","0","9.1286419707016258","0","true"
"Specification-HighNoise__Cost-1__Fee-British","1","31","1","D","8","15","D Offer","D Liability Signal: 7;P Files: 1;D Answers: 1;D Defaults: 2","7,1,1,2","0.10991110489999999","false","9.1286419707016258","9.1286419707016258","6","0.55","0","9.1286419707016258","0","true"
"Specification-HighNoise__Cost-1__Fee-British","1","31","1","D","8","15","D Offer","D Liability Signal: 7;P Files: 1;D Answers: 1;D Defaults: 2","7,1,1,2","0.10991110489999999","false","9.1286419707016258","9.1286419707016258","7","0.65","0","9.1286419707016258","0","true"
"Specification-HighNoise__Cost-1__Fee-British","1","31","1","D","8","15","D Offer","D Liability Signal: 7;P Files: 1;D Answers: 1;D Defaults: 2","7,1,1,2","0.10991110489999999","false","9.1286419707016258","9.1286419707016258","8","0.75","0","9.1021222631463008","0.026519707555324956","false"
"Specification-HighNoise__Cost-1__Fee-British","1","31","1","D","8","15","D Offer","D Liability Signal: 7;P Files: 1;D Answers: 1;D Defaults: 2","7,1,1,2","0.10991110489999999","false","9.1286419707016258","9.1286419707016258","9","0.85","0","9.0063569406818882","0.12228503001973756","false"
"Specification-HighNoise__Cost-1__Fee-British","1","31","1","D","8","15","D Offer","D Liability Signal: 7;P Files: 1;D Answers: 1;D Defaults: 2","7,1,1,2","0.10991110489999999","false","9.1286419707016258","9.1286419707016258","10","0.95","0","8.9563649773790637","0.17227699332256208","false"
"Specification-HighNoise__Cost-1__Fee-British","1","32","1","D","3","10","D Answers","D Liability Signal: 8;P Files: 1","8,1","0.1028452366","false","9.0836107189625057","9.0836107189625057","1","Yes","1","9.0836107189625057","0","true"
"Specification-HighNoise__Cost-1__Fee-British","1","32","1","D","3","10","D Answers","D Liability Signal: 8;P Files: 1","8,1","0.1028452366","false","9.0836107189625057","9.0836107189625057","2","No","0","8.9999944999999997","0.083616218962506039","false"
"Specification-HighNoise__Cost-1__Fee-British","1","33","1","D","6","21","D Defaults","D Liability Signal: 8;P Files: 1;D Answers: 1","8,1,1","0.1028452366","false","9.0836107189625057","9.0836107189625057","1","Yes","0","8.8789827337250902","0.20462798523741554","false"
"Specification-HighNoise__Cost-1__Fee-British","1","33","1","D","6","21","D Defaults","D Liability Signal: 8;P Files: 1;D Answers: 1","8,1,1","0.1028452366","false","9.0836107189625057","9.0836107189625057","2","No","1","9.0836107189625057","0","true"
"Specification-HighNoise__Cost-1__Fee-British","1","34","1","D","8","15","D Offer","D Liability Signal: 8;P Files: 1;D Answers: 1;D Defaults: 1","8,1,1,1","0","true","","","1","0.05","0.099999999999999964","","",""
"Specification-HighNoise__Cost-1__Fee-British","1","34","1","D","8","15","D Offer","D Liability Signal: 8;P Files: 1;D Answers: 1;D Defaults: 1","8,1,1,1","0","true","","","2","0.15","0.099999999999999964","","",""
"Specification-HighNoise__Cost-1__Fee-British","1","34","1","D","8","15","D Offer","D Liability Signal: 8;P Files: 1;D Answers: 1;D Defaults: 1","8,1,1,1","0","true","","","3","0.25","0.099999999999999964","","",""
"Specification-HighNoise__Cost-1__Fee-British","1","34","1","D","8","15","D Offer","D Liability Signal: 8;P Files: 1;D Answers: 1;D Defaults: 1","8,1,1,1","0","true","","","4","0.35","0.099999999999999964","","",""
"Specification-HighNoise__Cost-1__Fee-British","1","34","1","D","8","15","D Offer","D Liability Signal: 8;P Files: 1;D Answers: 1;D Defaults: 1","8,1,1,1","0","true","","","5","0.45","0.099999999999999964","","",""
"Specification-HighNoise__Cost-1__Fee-British","1","34","1","D","8","15","D Offer","D Liability Signal: 8;P Files: 1;D Answers: 1;D Defaults: 1","8,1,1,1","0","true","","","6","0.55","0.099999999999999964","","",""
"Specification-HighNoise__Cost-1__Fee-British","1","34","1","D","8","15","D Offer","D Liability Signal: 8;P Files: 1;D Answers: 1;D Defaults: 1","8,1,1,1","0","true","","","7","0.65","0.099999999999999964","","",""
"Specification-HighNoise__Cost-1__Fee-British","1","34","1","D","8","15","D Offer","D Liability Signal: 8;P Files: 1;D Answers: 1;D Defaults: 1","8,1,1,1","0","true","","","8","0.75","0.099999999999999964","","",""
"Specification-HighNoise__Cost-1__Fee-British","1","34","1","D","8","15","D Offer","D Liability Signal: 8;P Files: 1;D Answers: 1;D Defaults: 1","8,1,1,1","0","true","","","9","0.85","0.099999999999999964","","",""
"Specification-HighNoise__Cost-1__Fee-British","1","34","1","D","8","15","D Offer","D Liability Signal: 8;P Files: 1;D Answers: 1;D Defaults: 1","8,1,1,1","0","true","","","10","0.95","0.099999999999999964","","",""
"Specification-HighNoise__Cost-1__Fee-British","1","35","1","D","8","15","D Offer","D Liability Signal: 8;P Files: 1;D Answers: 1;D Defaults: 2","8,1,1,2","0.1028452366","false","9.0836107189625057","9.0836107189625057","1","0.05","0","9.0836107189625057","0","true"
"Specification-HighNoise__Cost-1__Fee-British","1","35","1","D","8","15","D Offer","D Liability Signal: 8;P Files: 1;D Answers: 1;D Defaults: 2","8,1,1,2","0.1028452366","false","9.0836107189625057","9.0836107189625057","2","0.15","1","9.0836107189625057","0","true"
"Specification-HighNoise__Cost-1__Fee-British","1","35","1","D","8","15","D Offer","D Liability Signal: 8;P Files: 1;D Answers: 1;D Defaults: 2","8,1,1,2","0.1028452366","false","9.0836107189625057","9.0836107189625057","3","0.25","0","9.0836107189625057","0","true"
"Specification-HighNoise__Cost-1__Fee-British","1","35","1","D","8","15","D Offer","D Liability Signal: 8;P Files: 1;D Answers: 1;D Defaults: 2","8,1,1,2","0.1028452366","false","9.0836107189625057","9.0836107189625057","4","0.35","0","9.0836107189625057","0","true"
"Specification-HighNoise__Cost-1__Fee-British","1","35","1","D","8","15","D Offer","D Liability Signal: 8;P Files: 1;D Answers: 1;D Defaults: 2","8,1,1,2","0.1028452366","false","9.0836107189625057","9.0836107189625057","5","0.45","0","9.0836107189625057","0","true"
"Specification-HighNoise__Cost-1__Fee-British","1","35","1","D","8","15","D Offer","D Liability Signal: 8;P Files: 1;D Answers: 1;D Defaults: 2","8,1,1,2","0.1028452366","false","9.0836107189625057","9.0836107189625057","6","0.55","0","9.0836107189625057","0","true"
"Specification-HighNoise__Cost-1__Fee-British","1","35","1","D","8","15","D Offer","D Liability Signal: 8;P Files: 1;D Answers: 1;D Defaults: 2","8,1,1,2","0.1028452366","false","9.0836107189625057","9.0836107189625057","7","0.65","0","9.0836107189625057","0","true"
"Specification-HighNoise__Cost-1__Fee-British","1","35","1","D","8","15","D Offer","D Liability Signal: 8;P Files: 1;D Answers: 1;D Defaults: 2","8,1,1,2","0.1028452366","false","9.0836107189625057","9.0836107189625057","8","0.75","0","9.0646716275924479","0.018939091370057781","false"
"Specification-HighNoise__Cost-1__Fee-British","1","35","1","D","8","15","D Offer","D Liability Signal: 8;P Files: 1;D Answers: 1;D Defaults: 2","8,1,1,2","0.1028452366","false","9.0836107189625057","9.0836107189625057","9","0.85","0","9.0056847078059761","0.07792601115652964","false"
"Specification-HighNoise__Cost-1__Fee-British","1","35","1","D","8","15","D Offer","D Liability Signal: 8;P Files: 1;D Answers: 1;D Defaults: 2","8,1,1,2","0.1028452366","false","9.0836107189625057","9.0836107189625057","10","0.95","0","8.9556928991105256","0.12791781985198014","false"
"Specification-HighNoise__Cost-1__Fee-British","1","36","1","D","3","10","D Answers","D Liability Signal: 9;P Files: 1","9,1","0.092885382299999986","false","9.0420096943381463","9.0420096943381463","1","Yes","1","9.0420096943381463","0","true"
"Specification-HighNoise__Cost-1__Fee-British","1","36","1","D","3","10","D Answers","D Liability Signal: 9;P Files: 1","9,1","0.092885382299999986","false","9.0420096943381463","9.0420096943381463","2","No","0","8.9999945000000015","0.042015194338144823","false"
"Specification-HighNoise__Cost-1__Fee-British","1","37","1","D","6","21","D Defaults","D Liability Signal: 9;P Files: 1;D Answers: 1","9,1,1","0.092885382299999986","false","9.0420096943381463","9.0420096943381463","1","Yes","0","8.8785605615489889","0.1634491327891574","false"
"Specification-HighNoise__Cost-1__Fee-British","1","37","1","D","6","21","D Defaults","D Liability Signal: 9;P Files: 1;D Answers: 1","9,1,1","0.092885382299999986","false","9.0420096943381463","9.0420096943381463","2","No","1","9.0420096943381463","0","true"
"Specification-HighNoise__Cost-1__Fee-British","1","38","1","D","8","15","D Offer","D Liability Signal: 9;P Files: 1;D Answers: 1;D Defaults: 1","9,1,1,1","0","true","","","1","0.05","0.099999999999999964","","",""
"Specification-HighNoise__Cost-1__Fee-British","1","38","1","D","8","15","D Offer","D Liability Signal: 9;P Files: 1;D Answers: 1;D Defaults: 1","9,1,1,1","0","true","","","2","0.15","0.099999999999999964","","",""
"Specification-HighNoise__Cost-1__Fee-British","1","38","1","D","8","15","D Offer","D Liability Signal: 9;P Files: 1;D Answers: 1;D Defaults: 1","9,1,1,1","0","true","","","3","0.25","0.099999999999999964","","",""
"Specification-HighNoise__Cost-1__Fee-British","1","38","1","D","8","15","D Offer","D Liability Signal: 9;P Files: 1;D Answers: 1;D Defaults: 1","9,1,1,1","0","true","","","4","0.35","0.099999999999999964","","",""
"Specification-HighNoise__Cost-1__Fee-British","1","38","1","D","8","15","D Offer","D Liability Signal: 9;P Files: 1;D Answers: 1;D Defaults: 1","9,1,1,1","0","true","","","5","0.45","0.099999999999999964","","",""
"Specification-HighNoise__Cost-1__Fee-British","1","38","1","D","8","15","D Offer","D Liability Signal: 9;P Files: 1;D Answers: 1;D Defaults: 1","9,1,1,1","0","true","","","6","0.55","0.099999999999999964","","",""
"Specification-HighNoise__Cost-1__Fee-British","1","38","1","D","8","15","D Offer","D Liability Signal: 9;P Files: 1;D Answers: 1;D Defaults: 1","9,1,1,1","0","true","","","7","0.65","0.099999999999999964","","",""
"Specification-HighNoise__Cost-1__Fee-British","1","38","1","D","8","15","D Offer","D Liability Signal: 9;P Files: 1;D Answers: 1;D Defaults: 1","9,1,1,1","0","true","","","8","0.75","0.099999999999999964","","",""
"Specification-HighNoise__Cost-1__Fee-British","1","38","1","D","8","15","D Offer","D Liability Signal: 9;P Files: 1;D Answers: 1;D Defaults: 1","9,1,1,1","0","true","","","9","0.85","0.099999999999999964","","",""
"Specification-HighNoise__Cost-1__Fee-British","1","38","1","D","8","15","D Offer","D Liability Signal: 9;P Files: 1;D Answers: 1;D Defaults: 1","9,1,1,1","0","true","","","10","0.95","0.099999999999999964","","",""
"Specification-HighNoise__Cost-1__Fee-British","1","39","1","D","8","15","D Offer","D Liability Signal: 9;P Files: 1;D Answers: 1;D Defaults: 2","9,1,1,2","0.092885382299999986","false","9.0420096943381463","9.0420096943381463","1","0.05","0","9.0420096943381463","0","true"
"Specification-HighNoise__Cost-1__Fee-British","1","39","1","D","8","15","D Offer","D Liability Signal: 9;P Files: 1;D Answers: 1;D Defaults: 2","9,1,1,2","0.092885382299999986","false","9.0420096943381463","9.0420096943381463","2","0.15","0.2498679579228586","9.0420096943381463","0","true"
"Specification-HighNoise__Cost-1__Fee-British","1","39","1","D","8","15","D Offer","D Liability Signal: 9;P Files: 1;D Answers: 1;D Defaults: 2","9,1,1,2","0.092885382299999986","false","9.0420096943381463","9.0420096943381463","3","0.25","0.75013204207714146","9.0420096943381463","0","true"
"Specification-HighNoise__Cost-1__Fee-British","1","39","1","D","8","15","D Offer","D Liability Signal: 9;P Files: 1;D Answers: 1;D Defaults: 2","9,1,1,2","0.092885382299999986","false","9.0420096943381463","9.0420096943381463","4","0.35","0","9.0420096943381463","0","true"
"Specification-HighNoise__Cost-1__Fee-British","1","39","1","D","8","15","D Offer","D Liability Signal: 9;P Files: 1;D Answers: 1;D Defaults: 2","9,1,1,2","0.092885382299999986","false","9.0420096943381463","9.0420096943381463","5","0.45","0","9.0420096943381463","0","true"
"Specification-HighNoise__Cost-1__Fee-British","1","39","1","D","8","15","D Offer","D Liability Signal: 9;P Files: 1;D Answers: 1;D Defaults: 2","9,1,1,2","0.092885382299999986","false","9.0420096943381463","9.0420096943381463","6","0.55","0","9.0420096943381463","0","true"
"Specification-HighNoise__Cost-1__Fee-British","1","39","1","D","8","15","D Offer","D Liability Signal: 9;P Files: 1;D Answers: 1;D Defaults: 2","9,1,1,2","0.092885382299999986","false","9.0420096943381463","9.0420096943381463","7","0.65","0","9.0420096943381463","0","true"
"Specification-HighNoise__Cost-1__Fee-British","1","39","1","D","8","15","D Offer","D Liability Signal: 9;P Files: 1;D Answers: 1;D Defaults: 2","9,1,1,2","0.092885382299999986","false","9.0420096943381463","9.0420096943381463","8","0.75","0","9.0295352158328352","0.012474478505311026","false"
"Specification-HighNoise__Cost-1__Fee-British","1","39","1","D","8","15","D Offer","D Liability Signal: 9;P Files: 1;D Answers: 1;D Defaults: 2","9,1,1,2","0.092885382299999986","false","9.0420096943381463","9.0420096943381463","9","0.85","0","9.005081565063751","0.03692812927439526","false"
"Specification-HighNoise__Cost-1__Fee-British","1","39","1","D","8","15","D Offer","D Liability Signal: 9;P Files: 1;D Answers: 1;D Defaults: 2","9,1,1,2","0.092885382299999986","false","9.0420096943381463","9.0420096943381463","10","0.95","0","8.9550898950855853","0.086919799252560992","false"
"Specification-HighNoise__Cost-1__Fee-British","1","40","1","D","3","10","D Answers","D Liability Signal: 10;P Files: 1","10,1","0.080784689800000004","false","9.0045546892388089","9.0045546892388089","1","Yes","1","9.0045546892388089","0","true"
"Specification-HighNoise__Cost-1__Fee-British","1","40","1","D","3","10","D Answers","D Liability Signal: 10;P Files: 1","10,1","0.080784689800000004","false","9.0045546892388089","9.0045546892388089","2","No","0","8.9999944999999997","0.0045601892388091869","false"
"Specification-HighNoise__Cost-1__Fee-British","1","41","1","D","6","21","D Defaults","D Liability Signal: 10;P Files: 1;D Answers: 1","10,1,1","0.080784689800000004","false","9.0045546892388089","9.0045546892388089","1","Yes","0","8.8781917727068489","0.12636291653195997","false"
"Specification-HighNoise__Cost-1__Fee-British","1","41","1","D","6","21","D Defaults","D Liability Signal: 10;P Files: 1;D Answers: 1","10,1,1","0.080784689800000004","false","9.0045546892388089","9.0045546892388089","2","No","1","9.0045546892388089","0","true"
"Specification-HighNoise__Cost-1__Fee-British","1","42","1","D","8","15","D Offer","D Liability Signal: 10;P Files: 1;D Answers: 1;D Defaults: 1","10,1,1,1","0","true","","","1","0.05","0.099999999999999964","","",""
"Specification-HighNoise__Cost-1__Fee-British","1","42","1","D","8","15","D Offer","D Liability Signal: 10;P Files: 1;D Answers: 1;D Defaults: 1","10,1,1,1","0","true","","","2","0.15","0.099999999999999964","","",""
"Specification-HighNoise__Cost-1__Fee-British","1","42","1","D","8","15","D Offer","D Liability Signal: 10;P Files: 1;D Answers: 1;D Defaults: 1","10,1,1,1","0","true","","","3","0.25","0.099999999999999964","","",""
"Specification-HighNoise__Cost-1__Fee-British","1","42","1","D","8","15","D Offer","D Liability Signal: 10;P Files: 1;D Answers: 1;D Defaults: 1","10,1,1,1","0","true","","","4","0.35","0.099999999999999964","","",""
"Specification-HighNoise__Cost-1__Fee-British","1","42","1","D","8","15","D Offer","D Liability Signal: 10;P Files: 1;D Answers: 1;D Defaults: 1","10,1,1,1","0","true","","","5","0.45","0.099999999999999964","","",""
"Specification-HighNoise__Cost-1__Fee-British","1","42","1","D","8","15","D Offer","D Liability Signal: 10;P Files: 1;D Answers: 1;D Defaults: 1","10,1,1,1","0","true","","","6","0.55","0.099999999999999964","","",""
"Specification-HighNoise__Cost-1__Fee-British","1","42","1","D","8","15","D Offer","D Liability Signal: 10;P Files: 1;D Answers: 1;D Defaults: 1","10,1,1,1","0","true","","","7","0.65","0.099999999999999964","","",""
"Specification-HighNoise__Cost-1__Fee-British","1","42","1","D","8","15","D Offer","D Liability Signal: 10;P Files: 1;D Answers: 1;D Defaults: 1","10,1,1,1","0","true","","","8","0.75","0.099999999999999964","","",""
"Specification-HighNoise__Cost-1__Fee-British","1","42","1","D","8","15","D Offer","D Liability Signal: 10;P Files: 1;D Answers: 1;D Defaults: 1","10,1,1,1","0","true","","","9","0.85","0.099999999999999964","","",""
"Specification-HighNoise__Cost-1__Fee-British","1","42","1","D","8","15","D Offer","D Liability Signal: 10;P Files: 1;D Answers: 1;D Defaults: 1","10,1,1,1","0","true","","","10","0.95","0.099999999999999964","","",""
"Specification-HighNoise__Cost-1__Fee-British","1","43","1","D","8","15","D Offer","D Liability Signal: 10;P Files: 1;D Answers: 1;D Defaults: 2","10,1,1,2","0.080784689800000004","false","9.0045546892388089","9.0045546892388089","1","0.05","0","9.0045546892388089","0","true"
"Specification-HighNoise__Cost-1__Fee-British","1","43","1","D","8","15","D Offer","D Liability Signal: 10;P Files: 1;D Answers: 1;D Defaults: 2","10,1,1,2","0.080784689800000004","false","9.0045546892388089","9.0045546892388089","2","0.15","0","9.0045546892388089","0","true"
"Specification-HighNoise__Cost-1__Fee-British","1","43","1","D","8","15","D Offer","D Liability Signal: 10;P Files: 1;D Answers: 1;D Defaults: 2","10,1,1,2","0.080784689800000004","false","9.0045546892388089","9.0045546892388089","3","0.25","1","9.0045546892388089","0","true"
"Specification-HighNoise__Cost-1__Fee-British","1","43","1","D","8","15","D Offer","D Liability Signal: 10;P Files: 1;D Answers: 1;D Defaults: 2","10,1,1,2","0.080784689800000004","false","9.0045546892388089","9.0045546892388089","4","0.35","0","9.0045546892388089","0","true"
"Specification-HighNoise__Cost-1__Fee-British","1","43","1","D","8","15","D Offer","D Liability Signal: 10;P Files: 1;D Answers: 1;D Defaults: 2","10,1,1,2","0.080784689800000004","false","9.0045546892388089","9.0045546892388089","5","0.45","0","9.0045546892388089","0","true"
"Specification-HighNoise__Cost-1__Fee-British","1","43","1","D","8","15","D Offer","D Liability Signal: 10;P Files: 1;D Answers: 1;D Defaults: 2","10,1,1,2","0.080784689800000004","false","9.0045546892388089","9.0045546892388089","6","0.55","0","9.0045546892388089","0","true"
"Specification-HighNoise__Cost-1__Fee-British","1","43","1","D","8","15","D Offer","D Liability Signal: 10;P Files: 1;D Answers: 1;D Defaults: 2","10,1,1,2","0.080784689800000004","false","9.0045546892388089","9.0045546892388089","7","0.65","0","9.0045546892388089","0","true"
"Specification-HighNoise__Cost-1__Fee-British","1","43","1","D","8","15","D Offer","D Liability Signal: 10;P Files: 1;D Answers: 1;D Defaults: 2","10,1,1,2","0.080784689800000004","false","9.0045546892388089","9.0045546892388089","8","0.75","0","8.9974271238709065","0.0071275653679023776","false"
"Specification-HighNoise__Cost-1__Fee-British","1","43","1","D","8","15","D Offer","D Liability Signal: 10;P Files: 1;D Answers: 1;D Defaults: 2","10,1,1,2","0.080784689800000004","false","9.0045546892388089","9.0045546892388089","9","0.85","0","9.0045546892388089","0","true"
"Specification-HighNoise__Cost-1__Fee-British","1","43","1","D","8","15","D Offer","D Liability Signal: 10;P Files: 1;D Answers: 1;D Defaults: 2","10,1,1,2","0.080784689800000004","false","9.0045546892388089","9.0045546892388089","10","0.95","0","8.9545631404372372","0.049991548801571639","false"
