"OptionSetName","Equilibrium Number","Information Set Number","Player Index","Player","Decision Index","Decision Code","Decision","Information Set Labels","Information Set Contents","Equilibrium Reach Probability","Off Path","Conditional Information-Set Utility","Best Action Utility","Action","Action Label","Equilibrium Action Probability","Conditional Action Utility","Utility Loss from Best Action","Is Best Action"
"Specification-ModerateRiskAversion__Cost-1__Fee-British__ExitFees-AllUnilateralExits","1","0","0","P","2","9","P Files","P Liability Signal: 1","1","0.080450000000000008","false","999.99999691359983","999.99999691359983","1","Yes","0","999.80717925685803","0.19281765674179496","false"
"Specification-ModerateRiskAversion__Cost-1__Fee-British__ExitFees-AllUnilateralExits","1","0","0","P","2","9","P Files","P Liability Signal: 1","1","0.080450000000000008","false","999.99999691359983","999.99999691359983","2","No","1","999.99999691359983","0","true"
"Specification-ModerateRiskAversion__Cost-1__Fee-British__ExitFees-AllUnilateralExits","1","2","0","P","5","20","P Abandons","P Liability Signal: 1;P Files: 1;D Answers: 1","1,1,1","0","true","","","1","Yes","0.5","","",""
"Specification-ModerateRiskAversion__Cost-1__Fee-British__ExitFees-AllUnilateralExits","1","2","0","P","5","20","P Abandons","P Liability Signal: 1;P Files: 1;D Answers: 1","1,1,1","0","true","","","2","No","0.5","","",""
"Specification-ModerateRiskAversion__Cost-1__Fee-British__ExitFees-AllUnilateralExits","1","4","0","P","7","14","P Offer","P Liability Signal: 1;P Files: 1;D Answers: 1;P Abandons: 1","1,1,1,1","0","true","","","1","0.05","0.10000000000000001","","",""
"Specification-ModerateRiskAversion__Cost-1__Fee-British__ExitFees-AllUnilateralExits","1","4","0","P","7","14","P Offer","P Liability Signal: 1;P Files: 1;D Answers: 1;P Abandons: 1","1,1,1,1","0","true","","","2","0.15","0.10000000000000001","","",""
"Specification-ModerateRiskAversion__Cost-1__Fee-British__ExitFees-AllUnilateralExits","1","4","0","P","7","14","P Offer","P Liability Signal: 1;P Files: 1;D Answers: 1;P Abandons: 1","1,1,1,1","0","true","","","3","0.25","0.10000000000000001","","",""
"Specification-ModerateRiskAversion__Cost-1__Fee-British__ExitFees-AllUnilateralExits","1","4","0","P","7","14","P Offer","P Liability Signal: 1;P Files: 1;D Answers: 1;P Abandons: 1","1,1,1,1","0","true","","","4","0.35","0.10000000000000001","","",""
"Specification-ModerateRiskAversion__Cost-1__Fee-British__ExitFees-AllUnilateralExits","1","4","0","P","7","14","P Offer","P Liability Signal: 1;P Files: 1;D Answers: 1;P Abandons: 1","1,1,1,1","0","true","","","5","0.45","0.10000000000000001","","",""
"Specification-ModerateRiskAversion__Cost-1__Fee-British__ExitFees-AllUnilateralExits","1","4","0","P","7","14","P Offer","P Liability Signal: 1;P Files: 1;D Answers: 1;P Abandons: 1","1,1,1,1","0","true","","","6","0.55","0.10000000000000001","","",""
"Specification-ModerateRiskAversion__Cost-1__Fee-British__ExitFees-AllUnilateralExits","1","4","0","P","7","14","P Offer","P Liability Signal: 1;P Files: 1;D Answers: 1;P Abandons: 1","1,1,1,1","0","true","","","7","0.65","0.10000000000000001","","",""
"Specification-ModerateRiskAversion__Cost-1__Fee-British__ExitFees-AllUnilateralExits","1","4","0","P","7","14","P Offer","P Liability Signal: 1;P Files: 1;D Answers: 1;P Abandons: 1","1,1,1,1","0","true","","","8","0.75","0.10000000000000001","","",""
"Specification-ModerateRiskAversion__Cost-1__Fee-British__ExitFees-AllUnilateralExits","1","4","0","P","7","14","P Offer","P Liability Signal: 1;P Files: 1;D Answers: 1;P Abandons: 1","1,1,1,1","0","true","","","9","0.85","0.10000000000000001","","",""
"Specification-ModerateRiskAversion__Cost-1__Fee-British__ExitFees-AllUnilateralExits","1","4","0","P","7","14","P Offer","P Liability Signal: 1;P Files: 1;D Answers: 1;P Abandons: 1","1,1,1,1","0","true","","","10","0.95","0.10000000000000001","","",""
"Specification-ModerateRiskAversion__Cost-1__Fee-British__ExitFees-AllUnilateralExits","1","7","0","P","7","14","P Offer","P Liability Signal: 1;P Files: 1;D Answers: 1;P Abandons: 2","1,1,1,2","0","true","","","1","0.05","0.10000000000000001","","",""
"Specification-ModerateRiskAversion__Cost-1__Fee-British__ExitFees-AllUnilateralExits","1","7","0","P","7","14","P Offer","P Liability Signal: 1;P Files: 1;D Answers: 1;P Abandons: 2","1,1,1,2","0","true","","","2","0.15","0.10000000000000001","","",""
"Specification-ModerateRiskAversion__Cost-1__Fee-British__ExitFees-AllUnilateralExits","1","7","0","P","7","14","P Offer","P Liability Signal: 1;P Files: 1;D Answers: 1;P Abandons: 2","1,1,1,2","0","true","","","3","0.25","0.10000000000000001","","",""
"Specification-ModerateRiskAversion__Cost-1__Fee-British__ExitFees-AllUnilateralExits","1","7","0","P","7","14","P Offer","P Liability Signal: 1;P Files: 1;D Answers: 1;P Abandons: 2","1,1,1,2","0","true","","","4","0.35","0.10000000000000001","","",""
"Specification-ModerateRiskAversion__Cost-1__Fee-British__ExitFees-AllUnilateralExits","1","7","0","P","7","14","P Offer","P Liability Signal: 1;P Files: 1;D Answers: 1;P Abandons: 2","1,1,1,2","0","true","","","5","0.45","0.10000000000000001","","",""
"Specification-ModerateRiskAversion__Cost-1__Fee-British__ExitFees-AllUnilateralExits","1","7","0","P","7","14","P Offer","P Liability Signal: 1;P Files: 1;D Answers: 1;P Abandons: 2","1,1,1,2","0","true","","","6","0.55","0.10000000000000001","","",""
"Specification-ModerateRiskAversion__Cost-1__Fee-British__ExitFees-AllUnilateralExits","1","7","0","P","7","14","P Offer","P Liability Signal: 1;P Files: 1;D Answers: 1;P Abandons: 2","1,1,1,2","0","true","","","7","0.65","0.10000000000000001","","",""
"Specification-ModerateRiskAversion__Cost-1__Fee-British__ExitFees-AllUnilateralExits","1","7","0","P","7","14","P Offer","P Liability Signal: 1;P Files: 1;D Answers: 1;P Abandons: 2","1,1,1,2","0","true","","","8","0.75","0.10000000000000001","","",""
"Specification-ModerateRiskAversion__Cost-1__Fee-British__ExitFees-AllUnilateralExits","1","7","0","P","7","14","P Offer","P Liability Signal: 1;P Files: 1;D Answers: 1;P Abandons: 2","1,1,1,2","0","true","","","9","0.85","0.10000000000000001","","",""
"Specification-ModerateRiskAversion__Cost-1__Fee-British__ExitFees-AllUnilateralExits","1","7","0","P","7","14","P Offer","P Liability Signal: 1;P Files: 1;D Answers: 1;P Abandons: 2","1,1,1,2","0","true","","","10","0.95","0.10000000000000001","","",""
"Specification-ModerateRiskAversion__Cost-1__Fee-British__ExitFees-AllUnilateralExits","1","44","0","P","2","9","P Files","P Liability Signal: 2","2","0.097680000000000017","false","999.99999691359983","999.99999691359983","1","Yes","0","999.83263994077652","0.1673569728233133","false"
"Specification-ModerateRiskAversion__Cost-1__Fee-British__ExitFees-AllUnilateralExits","1","44","0","P","2","9","P Files","P Liability Signal: 2","2","0.097680000000000017","false","999.99999691359983","999.99999691359983","2","No","1","999.99999691359983","0","true"
"Specification-ModerateRiskAversion__Cost-1__Fee-British__ExitFees-AllUnilateralExits","1","45","0","P","5","20","P Abandons","P Liability Signal: 2;P Files: 1;D Answers: 1","2,1,1","0","true","","","1","Yes","0.5","","",""
"Specification-ModerateRiskAversion__Cost-1__Fee-British__ExitFees-AllUnilateralExits","1","45","0","P","5","20","P Abandons","P Liability Signal: 2;P Files: 1;D Answers: 1","2,1,1","0","true","","","2","No","0.5","","",""
"Specification-ModerateRiskAversion__Cost-1__Fee-British__ExitFees-AllUnilateralExits","1","46","0","P","7","14","P Offer","P Liability Signal: 2;P Files: 1;D Answers: 1;P Abandons: 1","2,1,1,1","0","true","","","1","0.05","0.10000000000000001","","",""
"Specification-ModerateRiskAversion__Cost-1__Fee-British__ExitFees-AllUnilateralExits","1","46","0","P","7","14","P Offer","P Liability Signal: 2;P Files: 1;D Answers: 1;P Abandons: 1","2,1,1,1","0","true","","","2","0.15","0.10000000000000001","","",""
"Specification-ModerateRiskAversion__Cost-1__Fee-British__ExitFees-AllUnilateralExits","1","46","0","P","7","14","P Offer","P Liability Signal: 2;P Files: 1;D Answers: 1;P Abandons: 1","2,1,1,1","0","true","","","3","0.25","0.10000000000000001","","",""
"Specification-ModerateRiskAversion__Cost-1__Fee-British__ExitFees-AllUnilateralExits","1","46","0","P","7","14","P Offer","P Liability Signal: 2;P Files: 1;D Answers: 1;P Abandons: 1","2,1,1,1","0","true","","","4","0.35","0.10000000000000001","","",""
"Specification-ModerateRiskAversion__Cost-1__Fee-British__ExitFees-AllUnilateralExits","1","46","0","P","7","14","P Offer","P Liability Signal: 2;P Files: 1;D Answers: 1;P Abandons: 1","2,1,1,1","0","true","","","5","0.45","0.10000000000000001","","",""
"Specification-ModerateRiskAversion__Cost-1__Fee-British__ExitFees-AllUnilateralExits","1","46","0","P","7","14","P Offer","P Liability Signal: 2;P Files: 1;D Answers: 1;P Abandons: 1","2,1,1,1","0","true","","","6","0.55","0.10000000000000001","","",""
"Specification-ModerateRiskAversion__Cost-1__Fee-British__ExitFees-AllUnilateralExits","1","46","0","P","7","14","P Offer","P Liability Signal: 2;P Files: 1;D Answers: 1;P Abandons: 1","2,1,1,1","0","true","","","7","0.65","0.10000000000000001","","",""
"Specification-ModerateRiskAversion__Cost-1__Fee-British__ExitFees-AllUnilateralExits","1","46","0","P","7","14","P Offer","P Liability Signal: 2;P Files: 1;D Answers: 1;P Abandons: 1","2,1,1,1","0","true","","","8","0.75","0.10000000000000001","","",""
"Specification-ModerateRiskAversion__Cost-1__Fee-British__ExitFees-AllUnilateralExits","1","46","0","P","7","14","P Offer","P Liability Signal: 2;P Files: 1;D Answers: 1;P Abandons: 1","2,1,1,1","0","true","","","9","0.85","0.10000000000000001","","",""
"Specification-ModerateRiskAversion__Cost-1__Fee-British__ExitFees-AllUnilateralExits","1","46","0","P","7","14","P Offer","P Liability Signal: 2;P Files: 1;D Answers: 1;P Abandons: 1","2,1,1,1","0","true","","","10","0.95","0.10000000000000001","","",""
"Specification-ModerateRiskAversion__Cost-1__Fee-British__ExitFees-AllUnilateralExits","1","47","0","P","7","14","P Offer","P Liability Signal: 2;P Files: 1;D Answers: 1;P Abandons: 2","2,1,1,2","0","true","","","1","0.05","0.10000000000000001","","",""
"Specification-ModerateRiskAversion__Cost-1__Fee-British__ExitFees-AllUnilateralExits","1","47","0","P","7","14","P Offer","P Liability Signal: 2;P Files: 1;D Answers: 1;P Abandons: 2","2,1,1,2","0","true","","","2","0.15","0.10000000000000001","","",""
"Specification-ModerateRiskAversion__Cost-1__Fee-British__ExitFees-AllUnilateralExits","1","47","0","P","7","14","P Offer","P Liability Signal: 2;P Files: 1;D Answers: 1;P Abandons: 2","2,1,1,2","0","true","","","3","0.25","0.10000000000000001","","",""
"Specification-ModerateRiskAversion__Cost-1__Fee-British__ExitFees-AllUnilateralExits","1","47","0","P","7","14","P Offer","P Liability Signal: 2;P Files: 1;D Answers: 1;P Abandons: 2","2,1,1,2","0","true","","","4","0.35","0.10000000000000001","","",""
"Specification-ModerateRiskAversion__Cost-1__Fee-British__ExitFees-AllUnilateralExits","1","47","0","P","7","14","P Offer","P Liability Signal: 2;P Files: 1;D Answers: 1;P Abandons: 2","2,1,1,2","0","true","","","5","0.45","0.10000000000000001","","",""
"Specification-ModerateRiskAversion__Cost-1__Fee-British__ExitFees-AllUnilateralExits","1","47","0","P","7","14","P Offer","P Liability Signal: 2;P Files: 1;D Answers: 1;P Abandons: 2","2,1,1,2","0","true","","","6","0.55","0.10000000000000001","","",""
"Specification-ModerateRiskAversion__Cost-1__Fee-British__ExitFees-AllUnilateralExits","1","47","0","P","7","14","P Offer","P Liability Signal: 2;P Files: 1;D Answers: 1;P Abandons: 2","2,1,1,2","0","true","","","7","0.65","0.10000000000000001","","",""
"Specification-ModerateRiskAversion__Cost-1__Fee-British__ExitFees-AllUnilateralExits","1","47","0","P","7","14","P Offer","P Liability Signal: 2;P Files: 1;D Answers: 1;P Abandons: 2","2,1,1,2","0","true","","","8","0.75","0.10000000000000001","","",""
"Specification-ModerateRiskAversion__Cost-1__Fee-British__ExitFees-AllUnilateralExits","1","47","0","P","7","14","P Offer","P Liability Signal: 2;P Files: 1;D Answers: 1;P Abandons: 2","2,1,1,2","0","true","","","9","0.85","0.10000000000000001","","",""
"Specification-ModerateRiskAversion__Cost-1__Fee-British__ExitFees-AllUnilateralExits","1","47","0","P","7","14","P Offer","P Liability Signal: 2;P Files: 1;D Answers: 1;P Abandons: 2","2,1,1,2","0","true","","","10","0.95","0.10000000000000001","","",""
"Specification-ModerateRiskAversion__Cost-1__Fee-British__ExitFees-AllUnilateralExits","1","48","0","P","2","9","P Files","P Liability Signal: 3","3","0.10618","false","999.99999691359983","999.99999691359983","1","Yes","0","999.86952040744825","0.13047650615158091","false"
"Specification-ModerateRiskAversion__Cost-1__Fee-British__ExitFees-AllUnilateralExits","1","48","0","P","2","9","P Files","P Liability Signal: 3","3","0.10618","false","999.99999691359983","999.99999691359983","2","No","1","999.99999691359983","0","true"
"Specification-ModerateRiskAversion__Cost-1__Fee-British__ExitFees-AllUnilateralExits","1","49","0","P","5","20","P Abandons","P Liability Signal: 3;P Files: 1;D Answers: 1","3,1,1","0","true","","","1","Yes","0.5","","",""
"Specification-ModerateRiskAversion__Cost-1__Fee-British__ExitFees-AllUnilateralExits","1","49","0","P","5","20","P Abandons","P Liability Signal: 3;P Files: 1;D Answers: 1","3,1,1","0","true","","","2","No","0.5","","",""
"Specification-ModerateRiskAversion__Cost-1__Fee-British__ExitFees-AllUnilateralExits","1","50","0","P","7","14","P Offer","P Liability Signal: 3;P Files: 1;D Answers: 1;P Abandons: 1","3,1,1,1","0","true","","","1","0.05","0.10000000000000001","","",""
"Specification-ModerateRiskAversion__Cost-1__Fee-British__ExitFees-AllUnilateralExits","1","50","0","P","7","14","P Offer","P Liability Signal: 3;P Files: 1;D Answers: 1;P Abandons: 1","3,1,1,1","0","true","","","2","0.15","0.10000000000000001","","",""
"Specification-ModerateRiskAversion__Cost-1__Fee-British__ExitFees-AllUnilateralExits","1","50","0","P","7","14","P Offer","P Liability Signal: 3;P Files: 1;D Answers: 1;P Abandons: 1","3,1,1,1","0","true","","","3","0.25","0.10000000000000001","","",""
"Specification-ModerateRiskAversion__Cost-1__Fee-British__ExitFees-AllUnilateralExits","1","50","0","P","7","14","P Offer","P Liability Signal: 3;P Files: 1;D Answers: 1;P Abandons: 1","3,1,1,1","0","true","","","4","0.35","0.10000000000000001","","",""
"Specification-ModerateRiskAversion__Cost-1__Fee-British__ExitFees-AllUnilateralExits","1","50","0","P","7","14","P Offer","P Liability Signal: 3;P Files: 1;D Answers: 1;P Abandons: 1","3,1,1,1","0","true","","","5","0.45","0.10000000000000001","","",""
"Specification-ModerateRiskAversion__Cost-1__Fee-British__ExitFees-AllUnilateralExits","1","50","0","P","7","14","P Offer","P Liability Signal: 3;P Files: 1;D Answers: 1;P Abandons: 1","3,1,1,1","0","true","","","6","0.55","0.10000000000000001","","",""
"Specification-ModerateRiskAversion__Cost-1__Fee-British__ExitFees-AllUnilateralExits","1","50","0","P","7","14","P Offer","P Liability Signal: 3;P Files: 1;D Answers: 1;P Abandons: 1","3,1,1,1","0","true","","","7","0.65","0.10000000000000001","","",""
"Specification-ModerateRiskAversion__Cost-1__Fee-British__ExitFees-AllUnilateralExits","1","50","0","P","7","14","P Offer","P Liability Signal: 3;P Files: 1;D Answers: 1;P Abandons: 1","3,1,1,1","0","true","","","8","0.75","0.10000000000000001","","",""
"Specification-ModerateRiskAversion__Cost-1__Fee-British__ExitFees-AllUnilateralExits","1","50","0","P","7","14","P Offer","P Liability Signal: 3;P Files: 1;D Answers: 1;P Abandons: 1","3,1,1,1","0","true","","","9","0.85","0.10000000000000001","","",""
"Specification-ModerateRiskAversion__Cost-1__Fee-British__ExitFees-AllUnilateralExits","1","50","0","P","7","14","P Offer","P Liability Signal: 3;P Files: 1;D Answers: 1;P Abandons: 1","3,1,1,1","0","true","","","10","0.95","0.10000000000000001","","",""
"Specification-ModerateRiskAversion__Cost-1__Fee-British__ExitFees-AllUnilateralExits","1","51","0","P","7","14","P Offer","P Liability Signal: 3;P Files: 1;D Answers: 1;P Abandons: 2","3,1,1,2","0","true","","","1","0.05","0.10000000000000001","","",""
"Specification-ModerateRiskAversion__Cost-1__Fee-British__ExitFees-AllUnilateralExits","1","51","0","P","7","14","P Offer","P Liability Signal: 3;P Files: 1;D Answers: 1;P Abandons: 2","3,1,1,2","0","true","","","2","0.15","0.10000000000000001","","",""
"Specification-ModerateRiskAversion__Cost-1__Fee-British__ExitFees-AllUnilateralExits","1","51","0","P","7","14","P Offer","P Liability Signal: 3;P Files: 1;D Answers: 1;P Abandons: 2","3,1,1,2","0","true","","","3","0.25","0.10000000000000001","","",""
"Specification-ModerateRiskAversion__Cost-1__Fee-British__ExitFees-AllUnilateralExits","1","51","0","P","7","14","P Offer","P Liability Signal: 3;P Files: 1;D Answers: 1;P Abandons: 2","3,1,1,2","0","true","","","4","0.35","0.10000000000000001","","",""
"Specification-ModerateRiskAversion__Cost-1__Fee-British__ExitFees-AllUnilateralExits","1","51","0","P","7","14","P Offer","P Liability Signal: 3;P Files: 1;D Answers: 1;P Abandons: 2","3,1,1,2","0","true","","","5","0.45","0.10000000000000001","","",""
"Specification-ModerateRiskAversion__Cost-1__Fee-British__ExitFees-AllUnilateralExits","1","51","0","P","7","14","P Offer","P Liability Signal: 3;P Files: 1;D Answers: 1;P Abandons: 2","3,1,1,2","0","true","","","6","0.55","0.10000000000000001","","",""
"Specification-ModerateRiskAversion__Cost-1__Fee-British__ExitFees-AllUnilateralExits","1","51","0","P","7","14","P Offer","P Liability Signal: 3;P Files: 1;D Answers: 1;P Abandons: 2","3,1,1,2","0","true","","","7","0.65","0.10000000000000001","","",""
"Specification-ModerateRiskAversion__Cost-1__Fee-British__ExitFees-AllUnilateralExits","1","51","0","P","7","14","P Offer","P Liability Signal: 3;P Files: 1;D Answers: 1;P Abandons: 2","3,1,1,2","0","true","","","8","0.75","0.10000000000000001","","",""
"Specification-ModerateRiskAversion__Cost-1__Fee-British__ExitFees-AllUnilateralExits","1","51","0","P","7","14","P Offer","P Liability Signal: 3;P Files: 1;D Answers: 1;P Abandons: 2","3,1,1,2","0","true","","","9","0.85","0.10000000000000001","","",""
"Specification-ModerateRiskAversion__Cost-1__Fee-British__ExitFees-AllUnilateralExits","1","51","0","P","7","14","P Offer","P Liability Signal: 3;P Files: 1;D Answers: 1;P Abandons: 2","3,1,1,2","0","true","","","10","0.95","0.10000000000000001","","",""
"Specification-ModerateRiskAversion__Cost-1__Fee-British__ExitFees-AllUnilateralExits","1","52","0","P","2","9","P Files","P Liability Signal: 4","4","0.1081","false","1000.0093488589455","1000.0093488589455","1","Yes","1","1000.0093488589455","0","true"
"Specification-ModerateRiskAversion__Cost-1__Fee-British__ExitFees-AllUnilateralExits","1","52","0","P","2","9","P Files","P Liability Signal: 4","4","0.1081","false","1000.0093488589455","1000.0093488589455","2","No","0","999.99999691359983","0.0093519453456565316","false"
"Specification-ModerateRiskAversion__Cost-1__Fee-British__ExitFees-AllUnilateralExits","1","53","0","P","5","20","P Abandons","P Liability Signal: 4;P Files: 1;D Answers: 1","4,1,1","0.1081","false","1000.0093488589455","1000.0093488589455","1","Yes","0","999.96183494364004","0.047513915305444243","false"
"Specification-ModerateRiskAversion__Cost-1__Fee-British__ExitFees-AllUnilateralExits","1","53","0","P","5","20","P Abandons","P Liability Signal: 4;P Files: 1;D Answers: 1","4,1,1","0.1081","false","1000.0093488589455","1000.0093488589455","2","No","1","1000.0093488589455","0","true"
"Specification-ModerateRiskAversion__Cost-1__Fee-British__ExitFees-AllUnilateralExits","1","54","0","P","7","14","P Offer","P Liability Signal: 4;P Files: 1;D Answers: 1;P Abandons: 1","4,1,1,1","0","true","","","1","0.05","0.10000000000000001","","",""
"Specification-ModerateRiskAversion__Cost-1__Fee-British__ExitFees-AllUnilateralExits","1","54","0","P","7","14","P Offer","P Liability Signal: 4;P Files: 1;D Answers: 1;P Abandons: 1","4,1,1,1","0","true","","","2","0.15","0.10000000000000001","","",""
"Specification-ModerateRiskAversion__Cost-1__Fee-British__ExitFees-AllUnilateralExits","1","54","0","P","7","14","P Offer","P Liability Signal: 4;P Files: 1;D Answers: 1;P Abandons: 1","4,1,1,1","0","true","","","3","0.25","0.10000000000000001","","",""
"Specification-ModerateRiskAversion__Cost-1__Fee-British__ExitFees-AllUnilateralExits","1","54","0","P","7","14","P Offer","P Liability Signal: 4;P Files: 1;D Answers: 1;P Abandons: 1","4,1,1,1","0","true","","","4","0.35","0.10000000000000001","","",""
"Specification-ModerateRiskAversion__Cost-1__Fee-British__ExitFees-AllUnilateralExits","1","54","0","P","7","14","P Offer","P Liability Signal: 4;P Files: 1;D Answers: 1;P Abandons: 1","4,1,1,1","0","true","","","5","0.45","0.10000000000000001","","",""
"Specification-ModerateRiskAversion__Cost-1__Fee-British__ExitFees-AllUnilateralExits","1","54","0","P","7","14","P Offer","P Liability Signal: 4;P Files: 1;D Answers: 1;P Abandons: 1","4,1,1,1","0","true","","","6","0.55","0.10000000000000001","","",""
"Specification-ModerateRiskAversion__Cost-1__Fee-British__ExitFees-AllUnilateralExits","1","54","0","P","7","14","P Offer","P Liability Signal: 4;P Files: 1;D Answers: 1;P Abandons: 1","4,1,1,1","0","true","","","7","0.65","0.10000000000000001","","",""
"Specification-ModerateRiskAversion__Cost-1__Fee-British__ExitFees-AllUnilateralExits","1","54","0","P","7","14","P Offer","P Liability Signal: 4;P Files: 1;D Answers: 1;P Abandons: 1","4,1,1,1","0","true","","","8","0.75","0.10000000000000001","","",""
"Specification-ModerateRiskAversion__Cost-1__Fee-British__ExitFees-AllUnilateralExits","1","54","0","P","7","14","P Offer","P Liability Signal: 4;P Files: 1;D Answers: 1;P Abandons: 1","4,1,1,1","0","true","","","9","0.85","0.10000000000000001","","",""
"Specification-ModerateRiskAversion__Cost-1__Fee-British__ExitFees-AllUnilateralExits","1","54","0","P","7","14","P Offer","P Liability Signal: 4;P Files: 1;D Answers: 1;P Abandons: 1","4,1,1,1","0","true","","","10","0.95","0.10000000000000001","","",""
"Specification-ModerateRiskAversion__Cost-1__Fee-British__ExitFees-AllUnilateralExits","1","55","0","P","7","14","P Offer","P Liability Signal: 4;P Files: 1;D Answers: 1;P Abandons: 2","4,1,1,2","0.10809999999999999","false","1000.0093488589457","1000.0093488589457","1","0.05","1","1000.0093488589457","0","true"
"Specification-ModerateRiskAversion__Cost-1__Fee-British__ExitFees-AllUnilateralExits","1","55","0","P","7","14","P Offer","P Liability Signal: 4;P Files: 1;D Answers: 1;P Abandons: 2","4,1,1,2","0.10809999999999999","false","1000.0093488589457","1000.0093488589457","2","0.15","0","999.84952652572497","0.15982233322074535","false"
"Specification-ModerateRiskAversion__Cost-1__Fee-British__ExitFees-AllUnilateralExits","1","55","0","P","7","14","P Offer","P Liability Signal: 4;P Files: 1;D Answers: 1;P Abandons: 2","4,1,1,2","0.10809999999999999","false","1000.0093488589457","1000.0093488589457","3","0.25","0","999.85251426700427","0.15683459194144689","false"
"Specification-ModerateRiskAversion__Cost-1__Fee-British__ExitFees-AllUnilateralExits","1","55","0","P","7","14","P Offer","P Liability Signal: 4;P Files: 1;D Answers: 1;P Abandons: 2","4,1,1,2","0.10809999999999999","false","1000.0093488589457","1000.0093488589457","4","0.35","0","999.85521938410864","0.1541294748370774","false"
"Specification-ModerateRiskAversion__Cost-1__Fee-British__ExitFees-AllUnilateralExits","1","55","0","P","7","14","P Offer","P Liability Signal: 4;P Files: 1;D Answers: 1;P Abandons: 2","4,1,1,2","0.10809999999999999","false","1000.0093488589457","1000.0093488589457","5","0.45","0","999.85766525196959","0.15168360697612115","false"
"Specification-ModerateRiskAversion__Cost-1__Fee-British__ExitFees-AllUnilateralExits","1","55","0","P","7","14","P Offer","P Liability Signal: 4;P Files: 1;D Answers: 1;P Abandons: 2","4,1,1,2","0.10809999999999999","false","1000.0093488589457","1000.0093488589457","6","0.55","0","999.85987949550668","0.14946936343903872","false"
"Specification-ModerateRiskAversion__Cost-1__Fee-British__ExitFees-AllUnilateralExits","1","55","0","P","7","14","P Offer","P Liability Signal: 4;P Files: 1;D Answers: 1;P Abandons: 2","4,1,1,2","0.10809999999999999","false","1000.0093488589457","1000.0093488589457","7","0.65","0","999.86188336465773","0.14746549428798517","false"
"Specification-ModerateRiskAversion__Cost-1__Fee-British__ExitFees-AllUnilateralExits","1","55","0","P","7","14","P Offer","P Liability Signal: 4;P Files: 1;D Answers: 1;P Abandons: 2","4,1,1,2","0.10809999999999999","false","1000.0093488589457","1000.0093488589457","8","0.75","0","999.86369598436693","0.1456528745787864","false"
"Specification-ModerateRiskAversion__Cost-1__Fee-British__ExitFees-AllUnilateralExits","1","55","0","P","7","14","P Offer","P Liability Signal: 4;P Files: 1;D Answers: 1;P Abandons: 2","4,1,1,2","0.10809999999999999","false","1000.0093488589457","1000.0093488589457","9","0.85","0","999.86533647957856","0.14401237936715461","false"
"Specification-ModerateRiskAversion__Cost-1__Fee-British__ExitFees-AllUnilateralExits","1","55","0","P","7","14","P Offer","P Liability Signal: 4;P Files: 1;D Answers: 1;P Abandons: 2","4,1,1,2","0.10809999999999999","false","1000.0093488589457","1000.0093488589457","10","0.95","0","999.86681972524923","0.14252913369648468","false"
"Specification-ModerateRiskAversion__Cost-1__Fee-British__ExitFees-AllUnilateralExits","1","56","0","P","2","9","P Files","P Liability Signal: 5","5","0.1076","false","1000.0273863320351","1000.0273863320351","1","Yes","1","1000.0273863320351","0","true"
"Specification-ModerateRiskAversion__Cost-1__Fee-British__ExitFees-AllUnilateralExits","1","56","0","P","2","9","P Files","P Liability Signal: 5","5","0.1076","false","1000.0273863320351","1000.0273863320351","2","No","0","999.99999691360006","0.027389418435063817","false"
"Specification-ModerateRiskAversion__Cost-1__Fee-British__ExitFees-AllUnilateralExits","1","57","0","P","5","20","P Abandons","P Liability Signal: 5;P Files: 1;D Answers: 1","5,1,1","0.1076","false","1000.0273863320351","1000.0273863320351","1","Yes","0","999.99760750380051","0.029778828234611865","false"
"Specification-ModerateRiskAversion__Cost-1__Fee-British__ExitFees-AllUnilateralExits","1","57","0","P","5","20","P Abandons","P Liability Signal: 5;P Files: 1;D Answers: 1","5,1,1","0.1076","false","1000.0273863320351","1000.0273863320351","2","No","1","1000.0273863320351","0","true"
"Specification-ModerateRiskAversion__Cost-1__Fee-British__ExitFees-AllUnilateralExits","1","58","0","P","7","14","P Offer","P Liability Signal: 5;P Files: 1;D Answers: 1;P Abandons: 1","5,1,1,1","0","true","","","1","0.05","0.10000000000000001","","",""
"Specification-ModerateRiskAversion__Cost-1__Fee-British__ExitFees-AllUnilateralExits","1","58","0","P","7","14","P Offer","P Liability Signal: 5;P Files: 1;D Answers: 1;P Abandons: 1","5,1,1,1","0","true","","","2","0.15","0.10000000000000001","","",""
"Specification-ModerateRiskAversion__Cost-1__Fee-British__ExitFees-AllUnilateralExits","1","58","0","P","7","14","P Offer","P Liability Signal: 5;P Files: 1;D Answers: 1;P Abandons: 1","5,1,1,1","0","true","","","3","0.25","0.10000000000000001","","",""
"Specification-ModerateRiskAversion__Cost-1__Fee-British__ExitFees-AllUnilateralExits","1","58","0","P","7","14","P Offer","P Liability Signal: 5;P Files: 1;D Answers: 1;P Abandons: 1","5,1,1,1","0","true","","","4","0.35","0.10000000000000001","","",""
"Specification-ModerateRiskAversion__Cost-1__Fee-British__ExitFees-AllUnilateralExits","1","58","0","P","7","14","P Offer","P Liability Signal: 5;P Files: 1;D Answers: 1;P Abandons: 1","5,1,1,1","0","true","","","5","0.45","0.10000000000000001","","",""
"Specification-ModerateRiskAversion__Cost-1__Fee-British__ExitFees-AllUnilateralExits","1","58","0","P","7","14","P Offer","P Liability Signal: 5;P Files: 1;D Answers: 1;P Abandons: 1","5,1,1,1","0","true","","","6","0.55","0.10000000000000001","","",""
"Specification-ModerateRiskAversion__Cost-1__Fee-British__ExitFees-AllUnilateralExits","1","58","0","P","7","14","P Offer","P Liability Signal: 5;P Files: 1;D Answers: 1;P Abandons: 1","5,1,1,1","0","true","","","7","0.65","0.10000000000000001","","",""
"Specification-ModerateRiskAversion__Cost-1__Fee-British__ExitFees-AllUnilateralExits","1","58","0","P","7","14","P Offer","P Liability Signal: 5;P Files: 1;D Answers: 1;P Abandons: 1","5,1,1,1","0","true","","","8","0.75","0.10000000000000001","","",""
"Specification-ModerateRiskAversion__Cost-1__Fee-British__ExitFees-AllUnilateralExits","1","58","0","P","7","14","P Offer","P Liability Signal: 5;P Files: 1;D Answers: 1;P Abandons: 1","5,1,1,1","0","true","","","9","0.85","0.10000000000000001","","",""
"Specification-ModerateRiskAversion__Cost-1__Fee-British__ExitFees-AllUnilateralExits","1","58","0","P","7","14","P Offer","P Liability Signal: 5;P Files: 1;D Answers: 1;P Abandons: 1","5,1,1,1","0","true","","","10","0.95","0.10000000000000001","","",""
"Specification-ModerateRiskAversion__Cost-1__Fee-British__ExitFees-AllUnilateralExits","1","59","0","P","7","14","P Offer","P Liability Signal: 5;P Files: 1;D Answers: 1;P Abandons: 2","5,1,1,2","0.1076","false","1000.0273863320351","1000.0273863320351","1","0.05","1","1000.0273863320351","0","true"
"Specification-ModerateRiskAversion__Cost-1__Fee-British__ExitFees-AllUnilateralExits","1","59","0","P","7","14","P Offer","P Liability Signal: 5;P Files: 1;D Answers: 1;P Abandons: 2","5,1,1,2","0.1076","false","1000.0273863320351","1000.0273863320351","2","0.15","0","999.92661856897757","0.1007677630575472","false"
"Specification-ModerateRiskAversion__Cost-1__Fee-British__ExitFees-AllUnilateralExits","1","59","0","P","7","14","P Offer","P Liability Signal: 5;P Files: 1;D Answers: 1;P Abandons: 2","5,1,1,2","0.1076","false","1000.0273863320351","1000.0273863320351","3","0.25","0","999.93067018672173","0.096716145313394009","false"
"Specification-ModerateRiskAversion__Cost-1__Fee-British__ExitFees-AllUnilateralExits","1","59","0","P","7","14","P Offer","P Liability Signal: 5;P Files: 1;D Answers: 1;P Abandons: 2","5,1,1,2","0.1076","false","1000.0273863320351","1000.0273863320351","4","0.35","0","999.93433854332761","0.093047788707508516","false"
"Specification-ModerateRiskAversion__Cost-1__Fee-British__ExitFees-AllUnilateralExits","1","59","0","P","7","14","P Offer","P Liability Signal: 5;P Files: 1;D Answers: 1;P Abandons: 2","5,1,1,2","0.1076","false","1000.0273863320351","1000.0273863320351","5","0.45","0","999.93765533708529","0.089730994949832166","false"
"Specification-ModerateRiskAversion__Cost-1__Fee-British__ExitFees-AllUnilateralExits","1","59","0","P","7","14","P Offer","P Liability Signal: 5;P Files: 1;D Answers: 1;P Abandons: 2","5,1,1,2","0.1076","false","1000.0273863320351","1000.0273863320351","6","0.55","0","999.94065802960961","0.086728302425512993","false"
"Specification-ModerateRiskAversion__Cost-1__Fee-British__ExitFees-AllUnilateralExits","1","59","0","P","7","14","P Offer","P Liability Signal: 5;P Files: 1;D Answers: 1;P Abandons: 2","5,1,1,2","0.1076","false","1000.0273863320351","1000.0273863320351","7","0.65","0","999.94337543752761","0.084010894507514422","false"
"Specification-ModerateRiskAversion__Cost-1__Fee-British__ExitFees-AllUnilateralExits","1","59","0","P","7","14","P Offer","P Liability Signal: 5;P Files: 1;D Answers: 1;P Abandons: 2","5,1,1,2","0.1076","false","1000.0273863320351","1000.0273863320351","8","0.75","0","999.9458334958033","0.081552836231821857","false"
"Specification-ModerateRiskAversion__Cost-1__Fee-British__ExitFees-AllUnilateralExits","1","59","0","P","7","14","P Offer","P Liability Signal: 5;P Files: 1;D Answers: 1;P Abandons: 2","5,1,1,2","0.1076","false","1000.0273863320351","1000.0273863320351","9","0.85","0","999.94805813940104","0.079328192634079642","false"
"Specification-ModerateRiskAversion__Cost-1__Fee-British__ExitFees-AllUnilateralExits","1","59","0","P","7","14","P Offer","P Liability Signal: 5;P Files: 1;D Answers: 1;P Abandons: 2","5,1,1,2","0.1076","false","1000.0273863320351","1000.0273863320351","10","0.95","0","999.95006953995937","0.077316792075748708","false"
"Specification-ModerateRiskAversion__Cost-1__Fee-British__ExitFees-AllUnilateralExits","1","60","0","P","2","9","P Files","P Liability Signal: 6","6","0.10759999999999999","false","1000.0460278675882","1000.0460278675882","1","Yes","1","1000.0460278675882","0","true"
"Specification-ModerateRiskAversion__Cost-1__Fee-British__ExitFees-AllUnilateralExits","1","60","0","P","2","9","P Files","P Liability Signal: 6","6","0.10759999999999999","false","1000.0460278675882","1000.0460278675882","2","No","0","999.99999691360017","0.046030953988065448","false"
"Specification-ModerateRiskAversion__Cost-1__Fee-British__ExitFees-AllUnilateralExits","1","61","0","P","5","20","P Abandons","P Liability Signal: 6;P Files: 1;D Answers: 1","6,1,1","0.10759999999999999","false","1000.0460278675882","1000.0460278675882","1","Yes","0.57382547039391618","1000.0460278675882","0","true"
"Specification-ModerateRiskAversion__Cost-1__Fee-British__ExitFees-AllUnilateralExits","1","61","0","P","5","20","P Abandons","P Liability Signal: 6;P Files: 1;D Answers: 1","6,1,1","0.10759999999999999","false","1000.0460278675882","1000.0460278675882","2","No","0.42617452960608393","1000.0460278675882","0","true"
"Specification-ModerateRiskAversion__Cost-1__Fee-British__ExitFees-AllUnilateralExits","1","62","0","P","7","14","P Offer","P Liability Signal: 6;P Files: 1;D Answers: 1;P Abandons: 1","6,1,1,1","0.061743620614385382","false","1000.0460278675881","1000.0460278675881","1","0.05","0","1000.0460278675881","0","true"
"Specification-ModerateRiskAversion__Cost-1__Fee-British__ExitFees-AllUnilateralExits","1","62","0","P","7","14","P Offer","P Liability Signal: 6;P Files: 1;D Answers: 1;P Abandons: 1","6,1,1,1","0.061743620614385382","false","1000.0460278675881","1000.0460278675881","2","0.15","0","1000.0162129056536","0.029814961934562234","false"
"Specification-ModerateRiskAversion__Cost-1__Fee-British__ExitFees-AllUnilateralExits","1","62","0","P","7","14","P Offer","P Liability Signal: 6;P Files: 1;D Answers: 1;P Abandons: 1","6,1,1,1","0.061743620614385382","false","1000.0460278675881","1000.0460278675881","3","0.25","0","1000.0213640283472","0.024663839240929519","false"
"Specification-ModerateRiskAversion__Cost-1__Fee-British__ExitFees-AllUnilateralExits","1","62","0","P","7","14","P Offer","P Liability Signal: 6;P Files: 1;D Answers: 1;P Abandons: 1","6,1,1,1","0.061743620614385382","false","1000.0460278675881","1000.0460278675881","4","0.35","0","1000.0260278826777","0.019999984910441526","false"
"Specification-ModerateRiskAversion__Cost-1__Fee-British__ExitFees-AllUnilateralExits","1","62","0","P","7","14","P Offer","P Liability Signal: 6;P Files: 1;D Answers: 1;P Abandons: 1","6,1,1,1","0.061743620614385382","false","1000.0460278675881","1000.0460278675881","5","0.45","0","1000.0302447690364","0.015783098551764851","false"
"Specification-ModerateRiskAversion__Cost-1__Fee-British__ExitFees-AllUnilateralExits","1","62","0","P","7","14","P Offer","P Liability Signal: 6;P Files: 1;D Answers: 1;P Abandons: 1","6,1,1,1","0.061743620614385382","false","1000.0460278675881","1000.0460278675881","6","0.55","0","1000.0340623151577","0.011965552430410753","false"
"Specification-ModerateRiskAversion__Cost-1__Fee-British__ExitFees-AllUnilateralExits","1","62","0","P","7","14","P Offer","P Liability Signal: 6;P Files: 1;D Answers: 1;P Abandons: 1","6,1,1,1","0.061743620614385382","false","1000.0460278675881","1000.0460278675881","7","0.65","0","1000.0375171577609","0.0085107098271919313","false"
"Specification-ModerateRiskAversion__Cost-1__Fee-British__ExitFees-AllUnilateralExits","1","62","0","P","7","14","P Offer","P Liability Signal: 6;P Files: 1;D Answers: 1;P Abandons: 1","6,1,1,1","0.061743620614385382","false","1000.0460278675881","1000.0460278675881","8","0.75","0","1000.0406422698928","0.0053855976952945639","false"
"Specification-ModerateRiskAversion__Cost-1__Fee-British__ExitFees-AllUnilateralExits","1","62","0","P","7","14","P Offer","P Liability Signal: 6;P Files: 1;D Answers: 1;P Abandons: 1","6,1,1,1","0.061743620614385382","false","1000.0460278675881","1000.0460278675881","9","0.85","0","1000.0434706246009","0.0025572429872227076","false"
"Specification-ModerateRiskAversion__Cost-1__Fee-British__ExitFees-AllUnilateralExits","1","62","0","P","7","14","P Offer","P Liability Signal: 6;P Files: 1;D Answers: 1;P Abandons: 1","6,1,1,1","0.061743620614385382","false","1000.0460278675881","1000.0460278675881","10","0.95","1","1000.0460278675881","0","true"
"Specification-ModerateRiskAversion__Cost-1__Fee-British__ExitFees-AllUnilateralExits","1","63","0","P","7","14","P Offer","P Liability Signal: 6;P Files: 1;D Answers: 1;P Abandons: 2","6,1,1,2","0.045856379385614633","false","1000.0460278675882","1000.0460278675882","1","0.05","1","1000.0460278675882","0","true"
"Specification-ModerateRiskAversion__Cost-1__Fee-British__ExitFees-AllUnilateralExits","1","63","0","P","7","14","P Offer","P Liability Signal: 6;P Files: 1;D Answers: 1;P Abandons: 2","6,1,1,2","0.045856379385614633","false","1000.0460278675882","1000.0460278675882","2","0.15","0","999.99576248386245","0.050265383725786705","false"
"Specification-ModerateRiskAversion__Cost-1__Fee-British__ExitFees-AllUnilateralExits","1","63","0","P","7","14","P Offer","P Liability Signal: 6;P Files: 1;D Answers: 1;P Abandons: 2","6,1,1,2","0.045856379385614633","false","1000.0460278675882","1000.0460278675882","3","0.25","0","1000.0009136065557","0.045114261032495051","false"
"Specification-ModerateRiskAversion__Cost-1__Fee-British__ExitFees-AllUnilateralExits","1","63","0","P","7","14","P Offer","P Liability Signal: 6;P Files: 1;D Answers: 1;P Abandons: 2","6,1,1,2","0.045856379385614633","false","1000.0460278675882","1000.0460278675882","4","0.35","0","1000.0055774608862","0.040450406702007058","false"
"Specification-ModerateRiskAversion__Cost-1__Fee-British__ExitFees-AllUnilateralExits","1","63","0","P","7","14","P Offer","P Liability Signal: 6;P Files: 1;D Answers: 1;P Abandons: 2","6,1,1,2","0.045856379385614633","false","1000.0460278675882","1000.0460278675882","5","0.45","0","1000.0097943472452","0.036233520342989323","false"
"Specification-ModerateRiskAversion__Cost-1__Fee-British__ExitFees-AllUnilateralExits","1","63","0","P","7","14","P Offer","P Liability Signal: 6;P Files: 1;D Answers: 1;P Abandons: 2","6,1,1,2","0.045856379385614633","false","1000.0460278675882","1000.0460278675882","6","0.55","0","1000.0136118933665","0.032415974221748911","false"
"Specification-ModerateRiskAversion__Cost-1__Fee-British__ExitFees-AllUnilateralExits","1","63","0","P","7","14","P Offer","P Liability Signal: 6;P Files: 1;D Answers: 1;P Abandons: 2","6,1,1,2","0.045856379385614633","false","1000.0460278675882","1000.0460278675882","7","0.65","0","1000.0170667359697","0.028961131618530089","false"
"Specification-ModerateRiskAversion__Cost-1__Fee-British__ExitFees-AllUnilateralExits","1","63","0","P","7","14","P Offer","P Liability Signal: 6;P Files: 1;D Answers: 1;P Abandons: 2","6,1,1,2","0.045856379385614633","false","1000.0460278675882","1000.0460278675882","8","0.75","0","1000.0201918481017","0.025836019486519035","false"
"Specification-ModerateRiskAversion__Cost-1__Fee-British__ExitFees-AllUnilateralExits","1","63","0","P","7","14","P Offer","P Liability Signal: 6;P Files: 1;D Answers: 1;P Abandons: 2","6,1,1,2","0.045856379385614633","false","1000.0460278675882","1000.0460278675882","9","0.85","0","1000.0230202028094","0.023007664778788239","false"
"Specification-ModerateRiskAversion__Cost-1__Fee-British__ExitFees-AllUnilateralExits","1","63","0","P","7","14","P Offer","P Liability Signal: 6;P Files: 1;D Answers: 1;P Abandons: 2","6,1,1,2","0.045856379385614633","false","1000.0460278675882","1000.0460278675882","10","0.95","0","1000.0255774457968","0.020450421791451845","false"
"Specification-ModerateRiskAversion__Cost-1__Fee-British__ExitFees-AllUnilateralExits","1","64","0","P","2","9","P Files","P Liability Signal: 7","7","0.10809999999999999","false","1000.0812441941637","1000.0812441941637","1","Yes","1","1000.0812441941637","0","true"
"Specification-ModerateRiskAversion__Cost-1__Fee-British__ExitFees-AllUnilateralExits","1","64","0","P","2","9","P Files","P Liability Signal: 7","7","0.10809999999999999","false","1000.0812441941637","1000.0812441941637","2","No","0","999.99999691360006","0.081247280563616187","false"
"Specification-ModerateRiskAversion__Cost-1__Fee-British__ExitFees-AllUnilateralExits","1","65","0","P","5","20","P Abandons","P Liability Signal: 7;P Files: 1;D Answers: 1","7,1,1","0.10809999999999999","false","1000.0812441941637","1000.0812441941637","1","Yes","0.60213504829301689","1000.0812441941637","0","true"
"Specification-ModerateRiskAversion__Cost-1__Fee-British__ExitFees-AllUnilateralExits","1","65","0","P","5","20","P Abandons","P Liability Signal: 7;P Files: 1;D Answers: 1","7,1,1","0.10809999999999999","false","1000.0812441941637","1000.0812441941637","2","No","0.39786495170698311","1000.0812441941637","0","true"
"Specification-ModerateRiskAversion__Cost-1__Fee-British__ExitFees-AllUnilateralExits","1","66","0","P","7","14","P Offer","P Liability Signal: 7;P Files: 1;D Answers: 1;P Abandons: 1","7,1,1,1","0.065090798720475129","false","1000.0812441941634","1000.0812441941634","1","0.05","0","1000.0620859175449","0.019158276618554737","false"
"Specification-ModerateRiskAversion__Cost-1__Fee-British__ExitFees-AllUnilateralExits","1","66","0","P","7","14","P Offer","P Liability Signal: 7;P Files: 1;D Answers: 1;P Abandons: 1","7,1,1,1","0.065090798720475129","false","1000.0812441941634","1000.0812441941634","2","0.15","0","1000.0459472114828","0.035296982680620204","false"
"Specification-ModerateRiskAversion__Cost-1__Fee-British__ExitFees-AllUnilateralExits","1","66","0","P","7","14","P Offer","P Liability Signal: 7;P Files: 1;D Answers: 1;P Abandons: 1","7,1,1,1","0.065090798720475129","false","1000.0812441941634","1000.0812441941634","3","0.25","0","1000.0520454613782","0.029198732785289394","false"
"Specification-ModerateRiskAversion__Cost-1__Fee-British__ExitFees-AllUnilateralExits","1","66","0","P","7","14","P Offer","P Liability Signal: 7;P Files: 1;D Answers: 1;P Abandons: 1","7,1,1,1","0.065090798720475129","false","1000.0812441941634","1000.0812441941634","4","0.35","0","1000.0575668497971","0.02367734436631963","false"
"Specification-ModerateRiskAversion__Cost-1__Fee-British__ExitFees-AllUnilateralExits","1","66","0","P","7","14","P Offer","P Liability Signal: 7;P Files: 1;D Answers: 1;P Abandons: 1","7,1,1,1","0.065090798720475129","false","1000.0812441941634","1000.0812441941634","5","0.45","0","1000.062559087087","0.018685107076407803","false"
"Specification-ModerateRiskAversion__Cost-1__Fee-British__ExitFees-AllUnilateralExits","1","66","0","P","7","14","P Offer","P Liability Signal: 7;P Files: 1;D Answers: 1;P Abandons: 1","7,1,1,1","0.065090798720475129","false","1000.0812441941634","1000.0812441941634","6","0.55","0","1000.0670785582043","0.014165635959102474","false"
"Specification-ModerateRiskAversion__Cost-1__Fee-British__ExitFees-AllUnilateralExits","1","66","0","P","7","14","P Offer","P Liability Signal: 7;P Files: 1;D Answers: 1;P Abandons: 1","7,1,1,1","0.065090798720475129","false","1000.0812441941634","1000.0812441941634","7","0.65","0","1000.0711686361924","0.01007555797104942","false"
"Specification-ModerateRiskAversion__Cost-1__Fee-British__ExitFees-AllUnilateralExits","1","66","0","P","7","14","P Offer","P Liability Signal: 7;P Files: 1;D Answers: 1;P Abandons: 1","7,1,1,1","0.065090798720475129","false","1000.0812441941634","1000.0812441941634","8","0.75","0","1000.0748683567905","0.0063758373729569939","false"
"Specification-ModerateRiskAversion__Cost-1__Fee-British__ExitFees-AllUnilateralExits","1","66","0","P","7","14","P Offer","P Liability Signal: 7;P Files: 1;D Answers: 1;P Abandons: 1","7,1,1,1","0.065090798720475129","false","1000.0812441941634","1000.0812441941634","9","0.85","0","1000.0782167557375","0.0030274384259882936","false"
"Specification-ModerateRiskAversion__Cost-1__Fee-British__ExitFees-AllUnilateralExits","1","66","0","P","7","14","P Offer","P Liability Signal: 7;P Files: 1;D Answers: 1;P Abandons: 1","7,1,1,1","0.065090798720475129","false","1000.0812441941634","1000.0812441941634","10","0.95","1","1000.0812441941634","0","true"
"Specification-ModerateRiskAversion__Cost-1__Fee-British__ExitFees-AllUnilateralExits","1","67","0","P","7","14","P Offer","P Liability Signal: 7;P Files: 1;D Answers: 1;P Abandons: 2","7,1,1,2","0.043009201279524879","false","1000.0812441941634","1000.0812441941634","1","0.05","0","1000.0620859175448","0.019158276618668424","false"
"Specification-ModerateRiskAversion__Cost-1__Fee-British__ExitFees-AllUnilateralExits","1","67","0","P","7","14","P Offer","P Liability Signal: 7;P Files: 1;D Answers: 1;P Abandons: 2","7,1,1,2","0.043009201279524879","false","1000.0812441941634","1000.0812441941634","2","0.15","0","1000.0459472114825","0.035296982680961264","false"
"Specification-ModerateRiskAversion__Cost-1__Fee-British__ExitFees-AllUnilateralExits","1","67","0","P","7","14","P Offer","P Liability Signal: 7;P Files: 1;D Answers: 1;P Abandons: 2","7,1,1,2","0.043009201279524879","false","1000.0812441941634","1000.0812441941634","3","0.25","0","1000.052045461378","0.029198732785403081","false"
"Specification-ModerateRiskAversion__Cost-1__Fee-British__ExitFees-AllUnilateralExits","1","67","0","P","7","14","P Offer","P Liability Signal: 7;P Files: 1;D Answers: 1;P Abandons: 2","7,1,1,2","0.043009201279524879","false","1000.0812441941634","1000.0812441941634","4","0.35","0","1000.0575668497969","0.023677344366547004","false"
"Specification-ModerateRiskAversion__Cost-1__Fee-British__ExitFees-AllUnilateralExits","1","67","0","P","7","14","P Offer","P Liability Signal: 7;P Files: 1;D Answers: 1;P Abandons: 2","7,1,1,2","0.043009201279524879","false","1000.0812441941634","1000.0812441941634","5","0.45","0","1000.062559087087","0.018685107076407803","false"
"Specification-ModerateRiskAversion__Cost-1__Fee-British__ExitFees-AllUnilateralExits","1","67","0","P","7","14","P Offer","P Liability Signal: 7;P Files: 1;D Answers: 1;P Abandons: 2","7,1,1,2","0.043009201279524879","false","1000.0812441941634","1000.0812441941634","6","0.55","0","1000.0670785582042","0.014165635959216161","false"
"Specification-ModerateRiskAversion__Cost-1__Fee-British__ExitFees-AllUnilateralExits","1","67","0","P","7","14","P Offer","P Liability Signal: 7;P Files: 1;D Answers: 1;P Abandons: 2","7,1,1,2","0.043009201279524879","false","1000.0812441941634","1000.0812441941634","7","0.65","0","1000.0711686361925","0.010075557970935733","false"
"Specification-ModerateRiskAversion__Cost-1__Fee-British__ExitFees-AllUnilateralExits","1","67","0","P","7","14","P Offer","P Liability Signal: 7;P Files: 1;D Answers: 1;P Abandons: 2","7,1,1,2","0.043009201279524879","false","1000.0812441941634","1000.0812441941634","8","0.75","0","1000.0748683567904","0.0063758373730706808","false"
"Specification-ModerateRiskAversion__Cost-1__Fee-British__ExitFees-AllUnilateralExits","1","67","0","P","7","14","P Offer","P Liability Signal: 7;P Files: 1;D Answers: 1;P Abandons: 2","7,1,1,2","0.043009201279524879","false","1000.0812441941634","1000.0812441941634","9","0.85","0","1000.0782167557373","0.0030274384261019804","false"
"Specification-ModerateRiskAversion__Cost-1__Fee-British__ExitFees-AllUnilateralExits","1","67","0","P","7","14","P Offer","P Liability Signal: 7;P Files: 1;D Answers: 1;P Abandons: 2","7,1,1,2","0.043009201279524879","false","1000.0812441941634","1000.0812441941634","10","0.95","1","1000.0812441941634","0","true"
"Specification-ModerateRiskAversion__Cost-1__Fee-British__ExitFees-AllUnilateralExits","1","68","0","P","2","9","P Files","P Liability Signal: 8","8","0.10618","false","1000.1152026148065","1000.1152026148065","1","Yes","1","1000.1152026148065","0","true"
"Specification-ModerateRiskAversion__Cost-1__Fee-British__ExitFees-AllUnilateralExits","1","68","0","P","2","9","P Files","P Liability Signal: 8","8","0.10618","false","1000.1152026148065","1000.1152026148065","2","No","0","999.99999691359983","0.11520570120671891","false"
"Specification-ModerateRiskAversion__Cost-1__Fee-British__ExitFees-AllUnilateralExits","1","69","0","P","5","20","P Abandons","P Liability Signal: 8;P Files: 1;D Answers: 1","8,1,1","0.10618","false","1000.1152026148065","1000.1152026148065","1","Yes","0","1000.0877191861349","0.027483428671644106","false"
"Specification-ModerateRiskAversion__Cost-1__Fee-British__ExitFees-AllUnilateralExits","1","69","0","P","5","20","P Abandons","P Liability Signal: 8;P Files: 1;D Answers: 1","8,1,1","0.10618","false","1000.1152026148065","1000.1152026148065","2","No","1","1000.1152026148065","0","true"
"Specification-ModerateRiskAversion__Cost-1__Fee-British__ExitFees-AllUnilateralExits","1","70","0","P","7","14","P Offer","P Liability Signal: 8;P Files: 1;D Answers: 1;P Abandons: 1","8,1,1,1","0","true","","","1","0.05","0.10000000000000001","","",""
"Specification-ModerateRiskAversion__Cost-1__Fee-British__ExitFees-AllUnilateralExits","1","70","0","P","7","14","P Offer","P Liability Signal: 8;P Files: 1;D Answers: 1;P Abandons: 1","8,1,1,1","0","true","","","2","0.15","0.10000000000000001","","",""
"Specification-ModerateRiskAversion__Cost-1__Fee-British__ExitFees-AllUnilateralExits","1","70","0","P","7","14","P Offer","P Liability Signal: 8;P Files: 1;D Answers: 1;P Abandons: 1","8,1,1,1","0","true","","","3","0.25","0.10000000000000001","","",""
"Specification-ModerateRiskAversion__Cost-1__Fee-British__ExitFees-AllUnilateralExits","1","70","0","P","7","14","P Offer","P Liability Signal: 8;P Files: 1;D Answers: 1;P Abandons: 1","8,1,1,1","0","true","","","4","0.35","0.10000000000000001","","",""
"Specification-ModerateRiskAversion__Cost-1__Fee-British__ExitFees-AllUnilateralExits","1","70","0","P","7","14","P Offer","P Liability Signal: 8;P Files: 1;D Answers: 1;P Abandons: 1","8,1,1,1","0","true","","","5","0.45","0.10000000000000001","","",""
"Specification-ModerateRiskAversion__Cost-1__Fee-British__ExitFees-AllUnilateralExits","1","70","0","P","7","14","P Offer","P Liability Signal: 8;P Files: 1;D Answers: 1;P Abandons: 1","8,1,1,1","0","true","","","6","0.55","0.10000000000000001","","",""
"Specification-ModerateRiskAversion__Cost-1__Fee-British__ExitFees-AllUnilateralExits","1","70","0","P","7","14","P Offer","P Liability Signal: 8;P Files: 1;D Answers: 1;P Abandons: 1","8,1,1,1","0","true","","","7","0.65","0.10000000000000001","","",""
"Specification-ModerateRiskAversion__Cost-1__Fee-British__ExitFees-AllUnilateralExits","1","70","0","P","7","14","P Offer","P Liability Signal: 8;P Files: 1;D Answers: 1;P Abandons: 1","8,1,1,1","0","true","","","8","0.75","0.10000000000000001","","",""
"Specification-ModerateRiskAversion__Cost-1__Fee-British__ExitFees-AllUnilateralExits","1","70","0","P","7","14","P Offer","P Liability Signal: 8;P Files: 1;D Answers: 1;P Abandons: 1","8,1,1,1","0","true","","","9","0.85","0.10000000000000001","","",""
"Specification-ModerateRiskAversion__Cost-1__Fee-British__ExitFees-AllUnilateralExits","1","70","0","P","7","14","P Offer","P Liability Signal: 8;P Files: 1;D Answers: 1;P Abandons: 1","8,1,1,1","0","true","","","10","0.95","0.10000000000000001","","",""
"Specification-ModerateRiskAversion__Cost-1__Fee-British__ExitFees-AllUnilateralExits","1","71","0","P","7","14","P Offer","P Liability Signal: 8;P Files: 1;D Answers: 1;P Abandons: 2","8,1,1,2","0.10618","false","1000.1152026148065","1000.1152026148065","1","0.05","0","1000.0738029833551","0.041399631451440655","false"
"Specification-ModerateRiskAversion__Cost-1__Fee-British__ExitFees-AllUnilateralExits","1","71","0","P","7","14","P Offer","P Liability Signal: 8;P Files: 1;D Answers: 1;P Abandons: 2","8,1,1,2","0.10618","false","1000.1152026148065","1000.1152026148065","2","0.15","0","1000.0759055699745","0.039297044832096617","false"
"Specification-ModerateRiskAversion__Cost-1__Fee-British__ExitFees-AllUnilateralExits","1","71","0","P","7","14","P Offer","P Liability Signal: 8;P Files: 1;D Answers: 1;P Abandons: 2","8,1,1,2","0.10618","false","1000.1152026148065","1000.1152026148065","3","0.25","0","1000.082694909497","0.032507705309512858","false"
"Specification-ModerateRiskAversion__Cost-1__Fee-British__ExitFees-AllUnilateralExits","1","71","0","P","7","14","P Offer","P Liability Signal: 8;P Files: 1;D Answers: 1;P Abandons: 2","8,1,1,2","0.10618","false","1000.1152026148065","1000.1152026148065","4","0.35","0","1000.0888420141996","0.026360600606949447","false"
"Specification-ModerateRiskAversion__Cost-1__Fee-British__ExitFees-AllUnilateralExits","1","71","0","P","7","14","P Offer","P Liability Signal: 8;P Files: 1;D Answers: 1;P Abandons: 2","8,1,1,2","0.10618","false","1000.1152026148065","1000.1152026148065","5","0.45","0","1000.0944000012485","0.020802613558089433","false"
"Specification-ModerateRiskAversion__Cost-1__Fee-British__ExitFees-AllUnilateralExits","1","71","0","P","7","14","P Offer","P Liability Signal: 8;P Files: 1;D Answers: 1;P Abandons: 2","8,1,1,2","0.10618","false","1000.1152026148065","1000.1152026148065","6","0.55","0","1000.0994316454746","0.015770969331924789","false"
"Specification-ModerateRiskAversion__Cost-1__Fee-British__ExitFees-AllUnilateralExits","1","71","0","P","7","14","P Offer","P Liability Signal: 8;P Files: 1;D Answers: 1;P Abandons: 2","8,1,1,2","0.10618","false","1000.1152026148065","1000.1152026148065","7","0.65","0","1000.1039852352113","0.011217379595223065","false"
"Specification-ModerateRiskAversion__Cost-1__Fee-British__ExitFees-AllUnilateralExits","1","71","0","P","7","14","P Offer","P Liability Signal: 8;P Files: 1;D Answers: 1;P Abandons: 2","8,1,1,2","0.10618","false","1000.1152026148065","1000.1152026148065","8","0.75","0","1000.1081042299573","0.0070983848492005563","false"
"Specification-ModerateRiskAversion__Cost-1__Fee-British__ExitFees-AllUnilateralExits","1","71","0","P","7","14","P Offer","P Liability Signal: 8;P Files: 1;D Answers: 1;P Abandons: 2","8,1,1,2","0.10618","false","1000.1152026148065","1000.1152026148065","9","0.85","0","1000.1118320892114","0.0033705255951872459","false"
"Specification-ModerateRiskAversion__Cost-1__Fee-British__ExitFees-AllUnilateralExits","1","71","0","P","7","14","P Offer","P Liability Signal: 8;P Files: 1;D Answers: 1;P Abandons: 2","8,1,1,2","0.10618","false","1000.1152026148065","1000.1152026148065","10","0.95","1","1000.1152026148065","0","true"
"Specification-ModerateRiskAversion__Cost-1__Fee-British__ExitFees-AllUnilateralExits","1","72","0","P","2","9","P Files","P Liability Signal: 9","9","0.097680000000000003","false","1000.1330639412183","1000.1330639412183","1","Yes","1","1000.1330639412183","0","true"
"Specification-ModerateRiskAversion__Cost-1__Fee-British__ExitFees-AllUnilateralExits","1","72","0","P","2","9","P Files","P Liability Signal: 9","9","0.097680000000000003","false","1000.1330639412183","1000.1330639412183","2","No","0","999.99999691359994","0.13306702761838096","false"
"Specification-ModerateRiskAversion__Cost-1__Fee-British__ExitFees-AllUnilateralExits","1","73","0","P","5","20","P Abandons","P Liability Signal: 9;P Files: 1;D Answers: 1","9,1,1","0.097680000000000003","false","1000.1330639412183","1000.1330639412183","1","Yes","0","1000.1019696516395","0.031094289578845746","false"
"Specification-ModerateRiskAversion__Cost-1__Fee-British__ExitFees-AllUnilateralExits","1","73","0","P","5","20","P Abandons","P Liability Signal: 9;P Files: 1;D Answers: 1","9,1,1","0.097680000000000003","false","1000.1330639412183","1000.1330639412183","2","No","1","1000.1330639412183","0","true"
"Specification-ModerateRiskAversion__Cost-1__Fee-British__ExitFees-AllUnilateralExits","1","74","0","P","7","14","P Offer","P Liability Signal: 9;P Files: 1;D Answers: 1;P Abandons: 1","9,1,1,1","0","true","","","1","0.05","0.10000000000000001","","",""
"Specification-ModerateRiskAversion__Cost-1__Fee-British__ExitFees-AllUnilateralExits","1","74","0","P","7","14","P Offer","P Liability Signal: 9;P Files: 1;D Answers: 1;P Abandons: 1","9,1,1,1","0","true","","","2","0.15","0.10000000000000001","","",""
"Specification-ModerateRiskAversion__Cost-1__Fee-British__ExitFees-AllUnilateralExits","1","74","0","P","7","14","P Offer","P Liability Signal: 9;P Files: 1;D Answers: 1;P Abandons: 1","9,1,1,1","0","true","","","3","0.25","0.10000000000000001","","",""
"Specification-ModerateRiskAversion__Cost-1__Fee-British__ExitFees-AllUnilateralExits","1","74","0","P","7","14","P Offer","P Liability Signal: 9;P Files: 1;D Answers: 1;P Abandons: 1","9,1,1,1","0","true","","","4","0.35","0.10000000000000001","","",""
"Specification-ModerateRiskAversion__Cost-1__Fee-British__ExitFees-AllUnilateralExits","1","74","0","P","7","14","P Offer","P Liability Signal: 9;P Files: 1;D Answers: 1;P Abandons: 1","9,1,1,1","0","true","","","5","0.45","0.10000000000000001","","",""
"Specification-ModerateRiskAversion__Cost-1__Fee-British__ExitFees-AllUnilateralExits","1","74","0","P","7","14","P Offer","P Liability Signal: 9;P Files: 1;D Answers: 1;P Abandons: 1","9,1,1,1","0","true","","","6","0.55","0.10000000000000001","","",""
"Specification-ModerateRiskAversion__Cost-1__Fee-British__ExitFees-AllUnilateralExits","1","74","0","P","7","14","P Offer","P Liability Signal: 9;P Files: 1;D Answers: 1;P Abandons: 1","9,1,1,1","0","true","","","7","0.65","0.10000000000000001","","",""
"Specification-ModerateRiskAversion__Cost-1__Fee-British__ExitFees-AllUnilateralExits","1","74","0","P","7","14","P Offer","P Liability Signal: 9;P Files: 1;D Answers: 1;P Abandons: 1","9,1,1,1","0","true","","","8","0.75","0.10000000000000001","","",""
"Specification-ModerateRiskAversion__Cost-1__Fee-British__ExitFees-AllUnilateralExits","1","74","0","P","7","14","P Offer","P Liability Signal: 9;P Files: 1;D Answers: 1;P Abandons: 1","9,1,1,1","0","true","","","9","0.85","0.10000000000000001","","",""
"Specification-ModerateRiskAversion__Cost-1__Fee-British__ExitFees-AllUnilateralExits","1","74","0","P","7","14","P Offer","P Liability Signal: 9;P Files: 1;D Answers: 1;P Abandons: 1","9,1,1,1","0","true","","","10","0.95","0.10000000000000001","","",""
"Specification-ModerateRiskAversion__Cost-1__Fee-British__ExitFees-AllUnilateralExits","1","75","0","P","7","14","P Offer","P Liability Signal: 9;P Files: 1;D Answers: 1;P Abandons: 2","9,1,1,2","0.097680000000000003","false","1000.1330639412183","1000.1330639412183","1","0.05","0","1000.081328710508","0.051735230710278302","false"
"Specification-ModerateRiskAversion__Cost-1__Fee-British__ExitFees-AllUnilateralExits","1","75","0","P","7","14","P Offer","P Liability Signal: 9;P Files: 1;D Answers: 1;P Abandons: 2","9,1,1,2","0.097680000000000003","false","1000.1330639412183","1000.1330639412183","2","0.15","0","1000.0911977057001","0.041866235518227768","false"
"Specification-ModerateRiskAversion__Cost-1__Fee-British__ExitFees-AllUnilateralExits","1","75","0","P","7","14","P Offer","P Liability Signal: 9;P Files: 1;D Answers: 1;P Abandons: 2","9,1,1,2","0.097680000000000003","false","1000.1330639412183","1000.1330639412183","3","0.25","0","1000.0984309235839","0.034633017634405405","false"
"Specification-ModerateRiskAversion__Cost-1__Fee-British__ExitFees-AllUnilateralExits","1","75","0","P","7","14","P Offer","P Liability Signal: 9;P Files: 1;D Answers: 1;P Abandons: 2","9,1,1,2","0.097680000000000003","false","1000.1330639412183","1000.1330639412183","4","0.35","0","1000.1049799181543","0.028084023064025132","false"
"Specification-ModerateRiskAversion__Cost-1__Fee-British__ExitFees-AllUnilateralExits","1","75","0","P","7","14","P Offer","P Liability Signal: 9;P Files: 1;D Answers: 1;P Abandons: 2","9,1,1,2","0.097680000000000003","false","1000.1330639412183","1000.1330639412183","5","0.45","0","1000.1109012793098","0.022162661908510017","false"
"Specification-ModerateRiskAversion__Cost-1__Fee-British__ExitFees-AllUnilateralExits","1","75","0","P","7","14","P Offer","P Liability Signal: 9;P Files: 1;D Answers: 1;P Abandons: 2","9,1,1,2","0.097680000000000003","false","1000.1330639412183","1000.1330639412183","6","0.55","0","1000.1162618860202","0.016802055198127164","false"
"Specification-ModerateRiskAversion__Cost-1__Fee-British__ExitFees-AllUnilateralExits","1","75","0","P","7","14","P Offer","P Liability Signal: 9;P Files: 1;D Answers: 1;P Abandons: 2","9,1,1,2","0.097680000000000003","false","1000.1330639412183","1000.1330639412183","7","0.65","0","1000.1211131836478","0.011950757570502901","false"
"Specification-ModerateRiskAversion__Cost-1__Fee-British__ExitFees-AllUnilateralExits","1","75","0","P","7","14","P Offer","P Liability Signal: 9;P Files: 1;D Answers: 1;P Abandons: 2","9,1,1,2","0.097680000000000003","false","1000.1330639412183","1000.1330639412183","8","0.75","0","1000.1255014730182","0.0075624682001489418","false"
"Specification-ModerateRiskAversion__Cost-1__Fee-British__ExitFees-AllUnilateralExits","1","75","0","P","7","14","P Offer","P Liability Signal: 9;P Files: 1;D Answers: 1;P Abandons: 2","9,1,1,2","0.097680000000000003","false","1000.1330639412183","1000.1330639412183","9","0.85","0","1000.1294730549573","0.0035908862610085635","false"
"Specification-ModerateRiskAversion__Cost-1__Fee-British__ExitFees-AllUnilateralExits","1","75","0","P","7","14","P Offer","P Liability Signal: 9;P Files: 1;D Answers: 1;P Abandons: 2","9,1,1,2","0.097680000000000003","false","1000.1330639412183","1000.1330639412183","10","0.95","1","1000.1330639412183","0","true"
"Specification-ModerateRiskAversion__Cost-1__Fee-British__ExitFees-AllUnilateralExits","1","76","0","P","2","9","P Files","P Liability Signal: 10","10","0.080430000000000001","false","1000.1416047890468","1000.1416047890468","1","Yes","1","1000.1416047890468","0","true"
"Specification-ModerateRiskAversion__Cost-1__Fee-British__ExitFees-AllUnilateralExits","1","76","0","P","2","9","P Files","P Liability Signal: 10","10","0.080430000000000001","false","1000.1416047890468","1000.1416047890468","2","No","0","999.99999691359994","0.14160787544687992","false"
"Specification-ModerateRiskAversion__Cost-1__Fee-British__ExitFees-AllUnilateralExits","1","77","0","P","5","20","P Abandons","P Liability Signal: 10;P Files: 1;D Answers: 1","10,1,1","0.080430000000000001","false","1000.1416047890468","1000.1416047890468","1","Yes","0","1000.1103526722014","0.031252116845394085","false"
"Specification-ModerateRiskAversion__Cost-1__Fee-British__ExitFees-AllUnilateralExits","1","77","0","P","5","20","P Abandons","P Liability Signal: 10;P Files: 1;D Answers: 1","10,1,1","0.080430000000000001","false","1000.1416047890468","1000.1416047890468","2","No","1","1000.1416047890468","0","true"
"Specification-ModerateRiskAversion__Cost-1__Fee-British__ExitFees-AllUnilateralExits","1","78","0","P","7","14","P Offer","P Liability Signal: 10;P Files: 1;D Answers: 1;P Abandons: 1","10,1,1,1","0","true","","","1","0.05","0.10000000000000001","","",""
"Specification-ModerateRiskAversion__Cost-1__Fee-British__ExitFees-AllUnilateralExits","1","78","0","P","7","14","P Offer","P Liability Signal: 10;P Files: 1;D Answers: 1;P Abandons: 1","10,1,1,1","0","true","","","2","0.15","0.10000000000000001","","",""
"Specification-ModerateRiskAversion__Cost-1__Fee-British__ExitFees-AllUnilateralExits","1","78","0","P","7","14","P Offer","P Liability Signal: 10;P Files: 1;D Answers: 1;P Abandons: 1","10,1,1,1","0","true","","","3","0.25","0.10000000000000001","","",""
"Specification-ModerateRiskAversion__Cost-1__Fee-British__ExitFees-AllUnilateralExits","1","78","0","P","7","14","P Offer","P Liability Signal: 10;P Files: 1;D Answers: 1;P Abandons: 1","10,1,1,1","0","true","","","4","0.35","0.10000000000000001","","",""
"Specification-ModerateRiskAversion__Cost-1__Fee-British__ExitFees-AllUnilateralExits","1","78","0","P","7","14","P Offer","P Liability Signal: 10;P Files: 1;D Answers: 1;P Abandons: 1","10,1,1,1","0","true","","","5","0.45","0.10000000000000001","","",""
"Specification-ModerateRiskAversion__Cost-1__Fee-British__ExitFees-AllUnilateralExits","1","78","0","P","7","14","P Offer","P Liability Signal: 10;P Files: 1;D Answers: 1;P Abandons: 1","10,1,1,1","0","true","","","6","0.55","0.10000000000000001","","",""
"Specification-ModerateRiskAversion__Cost-1__Fee-British__ExitFees-AllUnilateralExits","1","78","0","P","7","14","P Offer","P Liability Signal: 10;P Files: 1;D Answers: 1;P Abandons: 1","10,1,1,1","0","true","","","7","0.65","0.10000000000000001","","",""
"Specification-ModerateRiskAversion__Cost-1__Fee-British__ExitFees-AllUnilateralExits","1","78","0","P","7","14","P Offer","P Liability Signal: 10;P Files: 1;D Answers: 1;P Abandons: 1","10,1,1,1","0","true","","","8","0.75","0.10000000000000001","","",""
"Specification-ModerateRiskAversion__Cost-1__Fee-British__ExitFees-AllUnilateralExits","1","78","0","P","7","14","P Offer","P Liability Signal: 10;P Files: 1;D Answers: 1;P Abandons: 1","10,1,1,1","0","true","","","9","0.85","0.10000000000000001","","",""
"Specification-ModerateRiskAversion__Cost-1__Fee-British__ExitFees-AllUnilateralExits","1","78","0","P","7","14","P Offer","P Liability Signal: 10;P Files: 1;D Answers: 1;P Abandons: 1","10,1,1,1","0","true","","","10","0.95","0.10000000000000001","","",""
"Specification-ModerateRiskAversion__Cost-1__Fee-British__ExitFees-AllUnilateralExits","1","79","0","P","7","14","P Offer","P Liability Signal: 10;P Files: 1;D Answers: 1;P Abandons: 2","10,1,1,2","0.080430000000000001","false","1000.1416047890468","1000.1416047890468","1","0.05","0","1000.0858041494256","0.055800639621224946","false"
"Specification-ModerateRiskAversion__Cost-1__Fee-British__ExitFees-AllUnilateralExits","1","79","0","P","7","14","P Offer","P Liability Signal: 10;P Files: 1;D Answers: 1;P Abandons: 2","10,1,1,2","0.080430000000000001","false","1000.1416047890468","1000.1416047890468","2","0.15","0","1000.0982106937289","0.04339409531792171","false"
"Specification-ModerateRiskAversion__Cost-1__Fee-British__ExitFees-AllUnilateralExits","1","79","0","P","7","14","P Offer","P Liability Signal: 10;P Files: 1;D Answers: 1;P Abandons: 2","10,1,1,2","0.080430000000000001","false","1000.1416047890468","1000.1416047890468","3","0.25","0","1000.1057078795261","0.035896909520715781","false"
"Specification-ModerateRiskAversion__Cost-1__Fee-British__ExitFees-AllUnilateralExits","1","79","0","P","7","14","P Offer","P Liability Signal: 10;P Files: 1;D Answers: 1;P Abandons: 2","10,1,1,2","0.080430000000000001","false","1000.1416047890468","1000.1416047890468","4","0.35","0","1000.1124958720721","0.029108916974678323","false"
"Specification-ModerateRiskAversion__Cost-1__Fee-British__ExitFees-AllUnilateralExits","1","79","0","P","7","14","P Offer","P Liability Signal: 10;P Files: 1;D Answers: 1;P Abandons: 2","10,1,1,2","0.080430000000000001","false","1000.1416047890468","1000.1416047890468","5","0.45","0","1000.118633326448","0.022971462598775361","false"
"Specification-ModerateRiskAversion__Cost-1__Fee-British__ExitFees-AllUnilateralExits","1","79","0","P","7","14","P Offer","P Liability Signal: 10;P Files: 1;D Answers: 1;P Abandons: 2","10,1,1,2","0.080430000000000001","false","1000.1416047890468","1000.1416047890468","6","0.55","0","1000.1241895622948","0.017415226752063973","false"
"Specification-ModerateRiskAversion__Cost-1__Fee-British__ExitFees-AllUnilateralExits","1","79","0","P","7","14","P Offer","P Liability Signal: 10;P Files: 1;D Answers: 1;P Abandons: 2","10,1,1,2","0.080430000000000001","false","1000.1416047890468","1000.1416047890468","7","0.65","0","1000.1292179024133","0.012386886633521499","false"
"Specification-ModerateRiskAversion__Cost-1__Fee-British__ExitFees-AllUnilateralExits","1","79","0","P","7","14","P Offer","P Liability Signal: 10;P Files: 1;D Answers: 1;P Abandons: 2","10,1,1,2","0.080430000000000001","false","1000.1416047890468","1000.1416047890468","8","0.75","0","1000.1337663373243","0.0078384517224776573","false"
"Specification-ModerateRiskAversion__Cost-1__Fee-British__ExitFees-AllUnilateralExits","1","79","0","P","7","14","P Offer","P Liability Signal: 10;P Files: 1;D Answers: 1;P Abandons: 2","10,1,1,2","0.080430000000000001","false","1000.1416047890468","1000.1416047890468","9","0.85","0","1000.1378828575488","0.0037219314980347917","false"
"Specification-ModerateRiskAversion__Cost-1__Fee-British__ExitFees-AllUnilateralExits","1","79","0","P","7","14","P Offer","P Liability Signal: 10;P Files: 1;D Answers: 1;P Abandons: 2","10,1,1,2","0.080430000000000001","false","1000.1416047890468","1000.1416047890468","10","0.95","1","1000.1416047890468","0","true"
"Specification-ModerateRiskAversion__Cost-1__Fee-British__ExitFees-AllUnilateralExits","1","1","1","D","3","10","D Answers","D Liability Signal: 1;P Files: 1","1,1","0.026063808599999998","false","999.82144597350396","999.82144597350396","1","Yes","1","999.82144597350396","0","true"
"Specification-ModerateRiskAversion__Cost-1__Fee-British__ExitFees-AllUnilateralExits","1","1","1","D","3","10","D Answers","D Liability Signal: 1;P Files: 1","1,1","0.026063808599999998","false","999.82144597350396","999.82144597350396","2","No","0","998.32565936319997","1.4957866103039805","false"
"Specification-ModerateRiskAversion__Cost-1__Fee-British__ExitFees-AllUnilateralExits","1","3","1","D","6","21","D Defaults","D Liability Signal: 1;P Files: 1;D Answers: 1","1,1,1","0.026063808599999998","false","999.82144597350418","999.82144597350418","1","Yes","0","999.46369634839289","0.35774962511129615","false"
"Specification-ModerateRiskAversion__Cost-1__Fee-British__ExitFees-AllUnilateralExits","1","3","1","D","6","21","D Defaults","D Liability Signal: 1;P Files: 1;D Answers: 1","1,1,1","0.026063808599999998","false","999.82144597350418","999.82144597350418","2","No","1","999.82144597350418","0","true"
"Specification-ModerateRiskAversion__Cost-1__Fee-British__ExitFees-AllUnilateralExits","1","5","1","D","8","15","D Offer","D Liability Signal: 1;P Files: 1;D Answers: 1;D Defaults: 1","1,1,1,1","0","true","","","1","0.05","0.10000000000000001","","",""
"Specification-ModerateRiskAversion__Cost-1__Fee-British__ExitFees-AllUnilateralExits","1","5","1","D","8","15","D Offer","D Liability Signal: 1;P Files: 1;D Answers: 1;D Defaults: 1","1,1,1,1","0","true","","","2","0.15","0.10000000000000001","","",""
"Specification-ModerateRiskAversion__Cost-1__Fee-British__ExitFees-AllUnilateralExits","1","5","1","D","8","15","D Offer","D Liability Signal: 1;P Files: 1;D Answers: 1;D Defaults: 1","1,1,1,1","0","true","","","3","0.25","0.10000000000000001","","",""
"Specification-ModerateRiskAversion__Cost-1__Fee-British__ExitFees-AllUnilateralExits","1","5","1","D","8","15","D Offer","D Liability Signal: 1;P Files: 1;D Answers: 1;D Defaults: 1","1,1,1,1","0","true","","","4","0.35","0.10000000000000001","","",""
"Specification-ModerateRiskAversion__Cost-1__Fee-British__ExitFees-AllUnilateralExits","1","5","1","D","8","15","D Offer","D Liability Signal: 1;P Files: 1;D Answers: 1;D Defaults: 1","1,1,1,1","0","true","","","5","0.45","0.10000000000000001","","",""
"Specification-ModerateRiskAversion__Cost-1__Fee-British__ExitFees-AllUnilateralExits","1","5","1","D","8","15","D Offer","D Liability Signal: 1;P Files: 1;D Answers: 1;D Defaults: 1","1,1,1,1","0","true","","","6","0.55","0.10000000000000001","","",""
"Specification-ModerateRiskAversion__Cost-1__Fee-British__ExitFees-AllUnilateralExits","1","5","1","D","8","15","D Offer","D Liability Signal: 1;P Files: 1;D Answers: 1;D Defaults: 1","1,1,1,1","0","true","","","7","0.65","0.10000000000000001","","",""
"Specification-ModerateRiskAversion__Cost-1__Fee-British__ExitFees-AllUnilateralExits","1","5","1","D","8","15","D Offer","D Liability Signal: 1;P Files: 1;D Answers: 1;D Defaults: 1","1,1,1,1","0","true","","","8","0.75","0.10000000000000001","","",""
"Specification-ModerateRiskAversion__Cost-1__Fee-British__ExitFees-AllUnilateralExits","1","5","1","D","8","15","D Offer","D Liability Signal: 1;P Files: 1;D Answers: 1;D Defaults: 1","1,1,1,1","0","true","","","9","0.85","0.10000000000000001","","",""
"Specification-ModerateRiskAversion__Cost-1__Fee-British__ExitFees-AllUnilateralExits","1","5","1","D","8","15","D Offer","D Liability Signal: 1;P Files: 1;D Answers: 1;D Defaults: 1","1,1,1,1","0","true","","","10","0.95","0.10000000000000001","","",""
"Specification-ModerateRiskAversion__Cost-1__Fee-British__ExitFees-AllUnilateralExits","1","6","1","D","8","15","D Offer","D Liability Signal: 1;P Files: 1;D Answers: 1;D Defaults: 2","1,1,1,2","0.026063808599999998","false","999.82144597350418","999.82144597350418","1","0.05","1","999.82144597350418","0","true"
"Specification-ModerateRiskAversion__Cost-1__Fee-British__ExitFees-AllUnilateralExits","1","6","1","D","8","15","D Offer","D Liability Signal: 1;P Files: 1;D Answers: 1;D Defaults: 2","1,1,1,2","0.026063808599999998","false","999.82144597350418","999.82144597350418","2","0.15","0","999.79816413518404","0.023281838320144743","false"
"Specification-ModerateRiskAversion__Cost-1__Fee-British__ExitFees-AllUnilateralExits","1","6","1","D","8","15","D Offer","D Liability Signal: 1;P Files: 1;D Answers: 1;D Defaults: 2","1,1,1,2","0.026063808599999998","false","999.82144597350418","999.82144597350418","3","0.25","0","999.77241402174104","0.049031951763140569","false"
"Specification-ModerateRiskAversion__Cost-1__Fee-British__ExitFees-AllUnilateralExits","1","6","1","D","8","15","D Offer","D Liability Signal: 1;P Files: 1;D Answers: 1;D Defaults: 2","1,1,1,2","0.026063808599999998","false","999.82144597350418","999.82144597350418","4","0.35","0","999.74396214769081","0.077483825813374096","false"
"Specification-ModerateRiskAversion__Cost-1__Fee-British__ExitFees-AllUnilateralExits","1","6","1","D","8","15","D Offer","D Liability Signal: 1;P Files: 1;D Answers: 1;D Defaults: 2","1,1,1,2","0.026063808599999998","false","999.82144597350418","999.82144597350418","5","0.45","0","999.7125083174102","0.10893765609398542","false"
"Specification-ModerateRiskAversion__Cost-1__Fee-British__ExitFees-AllUnilateralExits","1","6","1","D","8","15","D Offer","D Liability Signal: 1;P Files: 1;D Answers: 1;D Defaults: 2","1,1,1,2","0.026063808599999998","false","999.82144597350418","999.82144597350418","6","0.55","0","999.67775233527607","0.14369363822811465","false"
"Specification-ModerateRiskAversion__Cost-1__Fee-British__ExitFees-AllUnilateralExits","1","6","1","D","8","15","D Offer","D Liability Signal: 1;P Files: 1;D Answers: 1;D Defaults: 2","1,1,1,2","0.026063808599999998","false","999.82144597350418","999.82144597350418","7","0.65","0","999.63936065059636","0.18208532290782387","false"
"Specification-ModerateRiskAversion__Cost-1__Fee-British__ExitFees-AllUnilateralExits","1","6","1","D","8","15","D Offer","D Liability Signal: 1;P Files: 1;D Answers: 1;D Defaults: 2","1,1,1,2","0.026063808599999998","false","999.82144597350418","999.82144597350418","8","0.75","0","999.59689964747099","0.22454632603319169","false"
"Specification-ModerateRiskAversion__Cost-1__Fee-British__ExitFees-AllUnilateralExits","1","6","1","D","8","15","D Offer","D Liability Signal: 1;P Files: 1;D Answers: 1;D Defaults: 2","1,1,1,2","0.026063808599999998","false","999.82144597350418","999.82144597350418","9","0.85","0","999.55000242013818","0.27144355336599801","false"
"Specification-ModerateRiskAversion__Cost-1__Fee-British__ExitFees-AllUnilateralExits","1","6","1","D","8","15","D Offer","D Liability Signal: 1;P Files: 1;D Answers: 1;D Defaults: 2","1,1,1,2","0.026063808599999998","false","999.82144597350418","999.82144597350418","10","0.95","0","999.29787767342327","0.52356830008091038","false"
"Specification-ModerateRiskAversion__Cost-1__Fee-British__ExitFees-AllUnilateralExits","1","8","1","D","3","10","D Answers","D Liability Signal: 2;P Files: 1","2,1","0.038168922899999999","false","999.73454663098539","999.73454663098539","1","Yes","1","999.73454663098539","0","true"
"Specification-ModerateRiskAversion__Cost-1__Fee-British__ExitFees-AllUnilateralExits","1","8","1","D","3","10","D Answers","D Liability Signal: 2;P Files: 1","2,1","0.038168922899999999","false","999.73454663098539","999.73454663098539","2","No","0","998.32565936319986","1.4088872677855306","false"
"Specification-ModerateRiskAversion__Cost-1__Fee-British__ExitFees-AllUnilateralExits","1","9","1","D","6","21","D Defaults","D Liability Signal: 2;P Files: 1;D Answers: 1","2,1,1","0.038168922899999992","false","999.73454663098562","999.73454663098562","1","Yes","0","999.37699808564707","0.35754854533854541","false"
"Specification-ModerateRiskAversion__Cost-1__Fee-British__ExitFees-AllUnilateralExits","1","9","1","D","6","21","D Defaults","D Liability Signal: 2;P Files: 1;D Answers: 1","2,1,1","0.038168922899999992","false","999.73454663098562","999.73454663098562","2","No","1","999.73454663098562","0","true"
"Specification-ModerateRiskAversion__Cost-1__Fee-British__ExitFees-AllUnilateralExits","1","10","1","D","8","15","D Offer","D Liability Signal: 2;P Files: 1;D Answers: 1;D Defaults: 1","2,1,1,1","0","true","","","1","0.05","0.10000000000000001","","",""
"Specification-ModerateRiskAversion__Cost-1__Fee-British__ExitFees-AllUnilateralExits","1","10","1","D","8","15","D Offer","D Liability Signal: 2;P Files: 1;D Answers: 1;D Defaults: 1","2,1,1,1","0","true","","","2","0.15","0.10000000000000001","","",""
"Specification-ModerateRiskAversion__Cost-1__Fee-British__ExitFees-AllUnilateralExits","1","10","1","D","8","15","D Offer","D Liability Signal: 2;P Files: 1;D Answers: 1;D Defaults: 1","2,1,1,1","0","true","","","3","0.25","0.10000000000000001","","",""
"Specification-ModerateRiskAversion__Cost-1__Fee-British__ExitFees-AllUnilateralExits","1","10","1","D","8","15","D Offer","D Liability Signal: 2;P Files: 1;D Answers: 1;D Defaults: 1","2,1,1,1","0","true","","","4","0.35","0.10000000000000001","","",""
"Specification-ModerateRiskAversion__Cost-1__Fee-British__ExitFees-AllUnilateralExits","1","10","1","D","8","15","D Offer","D Liability Signal: 2;P Files: 1;D Answers: 1;D Defaults: 1","2,1,1,1","0","true","","","5","0.45","0.10000000000000001","","",""
"Specification-ModerateRiskAversion__Cost-1__Fee-British__ExitFees-AllUnilateralExits","1","10","1","D","8","15","D Offer","D Liability Signal: 2;P Files: 1;D Answers: 1;D Defaults: 1","2,1,1,1","0","true","","","6","0.55","0.10000000000000001","","",""
"Specification-ModerateRiskAversion__Cost-1__Fee-British__ExitFees-AllUnilateralExits","1","10","1","D","8","15","D Offer","D Liability Signal: 2;P Files: 1;D Answers: 1;D Defaults: 1","2,1,1,1","0","true","","","7","0.65","0.10000000000000001","","",""
"Specification-ModerateRiskAversion__Cost-1__Fee-British__ExitFees-AllUnilateralExits","1","10","1","D","8","15","D Offer","D Liability Signal: 2;P Files: 1;D Answers: 1;D Defaults: 1","2,1,1,1","0","true","","","8","0.75","0.10000000000000001","","",""
"Specification-ModerateRiskAversion__Cost-1__Fee-British__ExitFees-AllUnilateralExits","1","10","1","D","8","15","D Offer","D Liability Signal: 2;P Files: 1;D Answers: 1;D Defaults: 1","2,1,1,1","0","true","","","9","0.85","0.10000000000000001","","",""
"Specification-ModerateRiskAversion__Cost-1__Fee-British__ExitFees-AllUnilateralExits","1","10","1","D","8","15","D Offer","D Liability Signal: 2;P Files: 1;D Answers: 1;D Defaults: 1","2,1,1,1","0","true","","","10","0.95","0.10000000000000001","","",""
"Specification-ModerateRiskAversion__Cost-1__Fee-British__ExitFees-AllUnilateralExits","1","11","1","D","8","15","D Offer","D Liability Signal: 2;P Files: 1;D Answers: 1;D Defaults: 2","2,1,1,2","0.038168922899999992","false","999.73454663098562","999.73454663098562","1","0.05","1","999.73454663098562","0","true"
"Specification-ModerateRiskAversion__Cost-1__Fee-British__ExitFees-AllUnilateralExits","1","11","1","D","8","15","D Offer","D Liability Signal: 2;P Files: 1;D Answers: 1;D Defaults: 2","2,1,1,2","0.038168922899999992","false","999.73454663098562","999.73454663098562","2","0.15","0","999.71287516696771","0.021671464017913422","false"
"Specification-ModerateRiskAversion__Cost-1__Fee-British__ExitFees-AllUnilateralExits","1","11","1","D","8","15","D Offer","D Liability Signal: 2;P Files: 1;D Answers: 1;D Defaults: 2","2,1,1,2","0.038168922899999992","false","999.73454663098562","999.73454663098562","3","0.25","0","999.68890615518865","0.045640475796972169","false"
"Specification-ModerateRiskAversion__Cost-1__Fee-British__ExitFees-AllUnilateralExits","1","11","1","D","8","15","D Offer","D Liability Signal: 2;P Files: 1;D Answers: 1;D Defaults: 2","2,1,1,2","0.038168922899999992","false","999.73454663098562","999.73454663098562","4","0.35","0","999.66242226004942","0.072124370936194282","false"
"Specification-ModerateRiskAversion__Cost-1__Fee-British__ExitFees-AllUnilateralExits","1","11","1","D","8","15","D Offer","D Liability Signal: 2;P Files: 1;D Answers: 1;D Defaults: 2","2,1,1,2","0.038168922899999992","false","999.73454663098562","999.73454663098562","5","0.45","0","999.63314405006543","0.10140258092019394","false"
"Specification-ModerateRiskAversion__Cost-1__Fee-British__ExitFees-AllUnilateralExits","1","11","1","D","8","15","D Offer","D Liability Signal: 2;P Files: 1;D Answers: 1;D Defaults: 2","2,1,1,2","0.038168922899999992","false","999.73454663098562","999.73454663098562","6","0.55","0","999.60079209375226","0.13375453723335795","false"
"Specification-ModerateRiskAversion__Cost-1__Fee-British__ExitFees-AllUnilateralExits","1","11","1","D","8","15","D Offer","D Liability Signal: 2;P Files: 1;D Answers: 1;D Defaults: 2","2,1,1,2","0.038168922899999992","false","999.73454663098562","999.73454663098562","7","0.65","0","999.56505591168275","0.16949071930287118","false"
"Specification-ModerateRiskAversion__Cost-1__Fee-British__ExitFees-AllUnilateralExits","1","11","1","D","8","15","D Offer","D Liability Signal: 2;P Files: 1;D Answers: 1;D Defaults: 2","2,1,1,2","0.038168922899999992","false","999.73454663098562","999.73454663098562","8","0.75","0","999.52553188060153","0.20901475038408535","false"
"Specification-ModerateRiskAversion__Cost-1__Fee-British__ExitFees-AllUnilateralExits","1","11","1","D","8","15","D Offer","D Liability Signal: 2;P Files: 1;D Answers: 1;D Defaults: 2","2,1,1,2","0.038168922899999992","false","999.73454663098562","999.73454663098562","9","0.85","0","999.48187847313852","0.25266815784709706","false"
"Specification-ModerateRiskAversion__Cost-1__Fee-British__ExitFees-AllUnilateralExits","1","11","1","D","8","15","D Offer","D Liability Signal: 2;P Files: 1;D Answers: 1;D Defaults: 2","2,1,1,2","0.038168922899999992","false","999.73454663098562","999.73454663098562","10","0.95","0","999.24288039173507","0.49166623925054864","false"
"Specification-ModerateRiskAversion__Cost-1__Fee-British__ExitFees-AllUnilateralExits","1","12","1","D","3","10","D Answers","D Liability Signal: 3;P Files: 1","3,1","0.051125828400000004","false","999.58145391374228","999.58145391374228","1","Yes","1","999.58145391374228","0","true"
"Specification-ModerateRiskAversion__Cost-1__Fee-British__ExitFees-AllUnilateralExits","1","12","1","D","3","10","D Answers","D Liability Signal: 3;P Files: 1","3,1","0.051125828400000004","false","999.58145391374228","999.58145391374228","2","No","0","998.32565936319975","1.2557945505425323","false"
"Specification-ModerateRiskAversion__Cost-1__Fee-British__ExitFees-AllUnilateralExits","1","13","1","D","6","21","D Defaults","D Liability Signal: 3;P Files: 1;D Answers: 1","3,1,1","0.051125828400000004","false","999.58145391374228","999.58145391374228","1","Yes","0","999.25711038910879","0.32434352463349114","false"
"Specification-ModerateRiskAversion__Cost-1__Fee-British__ExitFees-AllUnilateralExits","1","13","1","D","6","21","D Defaults","D Liability Signal: 3;P Files: 1;D Answers: 1","3,1,1","0.051125828400000004","false","999.58145391374228","999.58145391374228","2","No","1","999.58145391374228","0","true"
"Specification-ModerateRiskAversion__Cost-1__Fee-British__ExitFees-AllUnilateralExits","1","14","1","D","8","15","D Offer","D Liability Signal: 3;P Files: 1;D Answers: 1;D Defaults: 1","3,1,1,1","0","true","","","1","0.05","0.10000000000000001","","",""
"Specification-ModerateRiskAversion__Cost-1__Fee-British__ExitFees-AllUnilateralExits","1","14","1","D","8","15","D Offer","D Liability Signal: 3;P Files: 1;D Answers: 1;D Defaults: 1","3,1,1,1","0","true","","","2","0.15","0.10000000000000001","","",""
"Specification-ModerateRiskAversion__Cost-1__Fee-British__ExitFees-AllUnilateralExits","1","14","1","D","8","15","D Offer","D Liability Signal: 3;P Files: 1;D Answers: 1;D Defaults: 1","3,1,1,1","0","true","","","3","0.25","0.10000000000000001","","",""
"Specification-ModerateRiskAversion__Cost-1__Fee-British__ExitFees-AllUnilateralExits","1","14","1","D","8","15","D Offer","D Liability Signal: 3;P Files: 1;D Answers: 1;D Defaults: 1","3,1,1,1","0","true","","","4","0.35","0.10000000000000001","","",""
"Specification-ModerateRiskAversion__Cost-1__Fee-British__ExitFees-AllUnilateralExits","1","14","1","D","8","15","D Offer","D Liability Signal: 3;P Files: 1;D Answers: 1;D Defaults: 1","3,1,1,1","0","true","","","5","0.45","0.10000000000000001","","",""
"Specification-ModerateRiskAversion__Cost-1__Fee-British__ExitFees-AllUnilateralExits","1","14","1","D","8","15","D Offer","D Liability Signal: 3;P Files: 1;D Answers: 1;D Defaults: 1","3,1,1,1","0","true","","","6","0.55","0.10000000000000001","","",""
"Specification-ModerateRiskAversion__Cost-1__Fee-British__ExitFees-AllUnilateralExits","1","14","1","D","8","15","D Offer","D Liability Signal: 3;P Files: 1;D Answers: 1;D Defaults: 1","3,1,1,1","0","true","","","7","0.65","0.10000000000000001","","",""
"Specification-ModerateRiskAversion__Cost-1__Fee-British__ExitFees-AllUnilateralExits","1","14","1","D","8","15","D Offer","D Liability Signal: 3;P Files: 1;D Answers: 1;D Defaults: 1","3,1,1,1","0","true","","","8","0.75","0.10000000000000001","","",""
"Specification-ModerateRiskAversion__Cost-1__Fee-British__ExitFees-AllUnilateralExits","1","14","1","D","8","15","D Offer","D Liability Signal: 3;P Files: 1;D Answers: 1;D Defaults: 1","3,1,1,1","0","true","","","9","0.85","0.10000000000000001","","",""
"Specification-ModerateRiskAversion__Cost-1__Fee-British__ExitFees-AllUnilateralExits","1","14","1","D","8","15","D Offer","D Liability Signal: 3;P Files: 1;D Answers: 1;D Defaults: 1","3,1,1,1","0","true","","","10","0.95","0.10000000000000001","","",""
"Specification-ModerateRiskAversion__Cost-1__Fee-British__ExitFees-AllUnilateralExits","1","15","1","D","8","15","D Offer","D Liability Signal: 3;P Files: 1;D Answers: 1;D Defaults: 2","3,1,1,2","0.051125828400000004","false","999.58145391374228","999.58145391374228","1","0.05","1","999.58145391374228","0","true"
"Specification-ModerateRiskAversion__Cost-1__Fee-British__ExitFees-AllUnilateralExits","1","15","1","D","8","15","D Offer","D Liability Signal: 3;P Files: 1;D Answers: 1;D Defaults: 2","3,1,1,2","0.051125828400000004","false","999.58145391374228","999.58145391374228","2","0.15","0","999.56190359334107","0.01955032040120841","false"
"Specification-ModerateRiskAversion__Cost-1__Fee-British__ExitFees-AllUnilateralExits","1","15","1","D","8","15","D Offer","D Liability Signal: 3;P Files: 1;D Answers: 1;D Defaults: 2","3,1,1,2","0.051125828400000004","false","999.58145391374228","999.58145391374228","3","0.25","0","999.54028060286896","0.041173310873318769","false"
"Specification-ModerateRiskAversion__Cost-1__Fee-British__ExitFees-AllUnilateralExits","1","15","1","D","8","15","D Offer","D Liability Signal: 3;P Files: 1;D Answers: 1;D Defaults: 2","3,1,1,2","0.051125828400000004","false","999.58145391374228","999.58145391374228","4","0.35","0","999.51638887894046","0.065065034801818911","false"
"Specification-ModerateRiskAversion__Cost-1__Fee-British__ExitFees-AllUnilateralExits","1","15","1","D","8","15","D Offer","D Liability Signal: 3;P Files: 1;D Answers: 1;D Defaults: 2","3,1,1,2","0.051125828400000004","false","999.58145391374228","999.58145391374228","5","0.45","0","999.48997634006048","0.091477573681800095","false"
"Specification-ModerateRiskAversion__Cost-1__Fee-British__ExitFees-AllUnilateralExits","1","15","1","D","8","15","D Offer","D Liability Signal: 3;P Files: 1;D Answers: 1;D Defaults: 2","3,1,1,2","0.051125828400000004","false","999.58145391374228","999.58145391374228","6","0.55","0","999.46079090473415","0.12066300900812621","false"
"Specification-ModerateRiskAversion__Cost-1__Fee-British__ExitFees-AllUnilateralExits","1","15","1","D","8","15","D Offer","D Liability Signal: 3;P Files: 1;D Answers: 1;D Defaults: 2","3,1,1,2","0.051125828400000004","false","999.58145391374228","999.58145391374228","7","0.65","0","999.42855248241085","0.15290143133142919","false"
"Specification-ModerateRiskAversion__Cost-1__Fee-British__ExitFees-AllUnilateralExits","1","15","1","D","8","15","D Offer","D Liability Signal: 3;P Files: 1;D Answers: 1;D Defaults: 2","3,1,1,2","0.051125828400000004","false","999.58145391374228","999.58145391374228","8","0.75","0","999.39289695537582","0.18855695836646191","false"
"Specification-ModerateRiskAversion__Cost-1__Fee-British__ExitFees-AllUnilateralExits","1","15","1","D","8","15","D Offer","D Liability Signal: 3;P Files: 1;D Answers: 1;D Defaults: 2","3,1,1,2","0.051125828400000004","false","999.58145391374228","999.58145391374228","9","0.85","0","999.35351622402356","0.22793768971871486","false"
"Specification-ModerateRiskAversion__Cost-1__Fee-British__ExitFees-AllUnilateralExits","1","15","1","D","8","15","D Offer","D Liability Signal: 3;P Files: 1;D Answers: 1;D Defaults: 2","3,1,1,2","0.051125828400000004","false","999.58145391374228","999.58145391374228","10","0.95","0","999.17043938666677","0.41101452707550834","false"
"Specification-ModerateRiskAversion__Cost-1__Fee-British__ExitFees-AllUnilateralExits","1","16","1","D","3","10","D Answers","D Liability Signal: 4;P Files: 1","4,1","0.064144804499999986","false","999.33543216932105","999.33543216932105","1","Yes","1","999.33543216932105","0","true"
"Specification-ModerateRiskAversion__Cost-1__Fee-British__ExitFees-AllUnilateralExits","1","16","1","D","3","10","D Answers","D Liability Signal: 4;P Files: 1","4,1","0.064144804499999986","false","999.33543216932105","999.33543216932105","2","No","0","998.3256593632002","1.00977280612085","false"
"Specification-ModerateRiskAversion__Cost-1__Fee-British__ExitFees-AllUnilateralExits","1","17","1","D","6","21","D Defaults","D Liability Signal: 4;P Files: 1;D Answers: 1","4,1,1","0.064144804499999999","false","999.33543216932082","999.33543216932082","1","Yes","0","999.10197274919199","0.23345942012883825","false"
"Specification-ModerateRiskAversion__Cost-1__Fee-British__ExitFees-AllUnilateralExits","1","17","1","D","6","21","D Defaults","D Liability Signal: 4;P Files: 1;D Answers: 1","4,1,1","0.064144804499999999","false","999.33543216932082","999.33543216932082","2","No","1","999.33543216932082","0","true"
"Specification-ModerateRiskAversion__Cost-1__Fee-British__ExitFees-AllUnilateralExits","1","18","1","D","8","15","D Offer","D Liability Signal: 4;P Files: 1;D Answers: 1;D Defaults: 1","4,1,1,1","0","true","","","1","0.05","0.10000000000000001","","",""
"Specification-ModerateRiskAversion__Cost-1__Fee-British__ExitFees-AllUnilateralExits","1","18","1","D","8","15","D Offer","D Liability Signal: 4;P Files: 1;D Answers: 1;D Defaults: 1","4,1,1,1","0","true","","","2","0.15","0.10000000000000001","","",""
"Specification-ModerateRiskAversion__Cost-1__Fee-British__ExitFees-AllUnilateralExits","1","18","1","D","8","15","D Offer","D Liability Signal: 4;P Files: 1;D Answers: 1;D Defaults: 1","4,1,1,1","0","true","","","3","0.25","0.10000000000000001","","",""
"Specification-ModerateRiskAversion__Cost-1__Fee-British__ExitFees-AllUnilateralExits","1","18","1","D","8","15","D Offer","D Liability Signal: 4;P Files: 1;D Answers: 1;D Defaults: 1","4,1,1,1","0","true","","","4","0.35","0.10000000000000001","","",""
"Specification-ModerateRiskAversion__Cost-1__Fee-British__ExitFees-AllUnilateralExits","1","18","1","D","8","15","D Offer","D Liability Signal: 4;P Files: 1;D Answers: 1;D Defaults: 1","4,1,1,1","0","true","","","5","0.45","0.10000000000000001","","",""
"Specification-ModerateRiskAversion__Cost-1__Fee-British__ExitFees-AllUnilateralExits","1","18","1","D","8","15","D Offer","D Liability Signal: 4;P Files: 1;D Answers: 1;D Defaults: 1","4,1,1,1","0","true","","","6","0.55","0.10000000000000001","","",""
"Specification-ModerateRiskAversion__Cost-1__Fee-British__ExitFees-AllUnilateralExits","1","18","1","D","8","15","D Offer","D Liability Signal: 4;P Files: 1;D Answers: 1;D Defaults: 1","4,1,1,1","0","true","","","7","0.65","0.10000000000000001","","",""
"Specification-ModerateRiskAversion__Cost-1__Fee-British__ExitFees-AllUnilateralExits","1","18","1","D","8","15","D Offer","D Liability Signal: 4;P Files: 1;D Answers: 1;D Defaults: 1","4,1,1,1","0","true","","","8","0.75","0.10000000000000001","","",""
"Specification-ModerateRiskAversion__Cost-1__Fee-British__ExitFees-AllUnilateralExits","1","18","1","D","8","15","D Offer","D Liability Signal: 4;P Files: 1;D Answers: 1;D Defaults: 1","4,1,1,1","0","true","","","9","0.85","0.10000000000000001","","",""
"Specification-ModerateRiskAversion__Cost-1__Fee-British__ExitFees-AllUnilateralExits","1","18","1","D","8","15","D Offer","D Liability Signal: 4;P Files: 1;D Answers: 1;D Defaults: 1","4,1,1,1","0","true","","","10","0.95","0.10000000000000001","","",""
"Specification-ModerateRiskAversion__Cost-1__Fee-British__ExitFees-AllUnilateralExits","1","19","1","D","8","15","D Offer","D Liability Signal: 4;P Files: 1;D Answers: 1;D Defaults: 2","4,1,1,2","0.064144804499999999","false","999.33543216932082","999.33543216932082","1","0.05","1","999.33543216932082","0","true"
"Specification-ModerateRiskAversion__Cost-1__Fee-British__ExitFees-AllUnilateralExits","1","19","1","D","8","15","D Offer","D Liability Signal: 4;P Files: 1;D Answers: 1;D Defaults: 2","4,1,1,2","0.064144804499999999","false","999.33543216932082","999.33543216932082","2","0.15","0","999.31848058281844","0.016951586502386817","false"
"Specification-ModerateRiskAversion__Cost-1__Fee-British__ExitFees-AllUnilateralExits","1","19","1","D","8","15","D Offer","D Liability Signal: 4;P Files: 1;D Answers: 1;D Defaults: 2","4,1,1,2","0.064144804499999999","false","999.33543216932082","999.33543216932082","3","0.25","0","999.29973183671541","0.035700332605415497","false"
"Specification-ModerateRiskAversion__Cost-1__Fee-British__ExitFees-AllUnilateralExits","1","19","1","D","8","15","D Offer","D Liability Signal: 4;P Files: 1;D Answers: 1;D Defaults: 2","4,1,1,2","0.064144804499999999","false","999.33543216932082","999.33543216932082","4","0.35","0","999.27901592942794","0.056416239892882913","false"
"Specification-ModerateRiskAversion__Cost-1__Fee-British__ExitFees-AllUnilateralExits","1","19","1","D","8","15","D Offer","D Liability Signal: 4;P Files: 1;D Answers: 1;D Defaults: 2","4,1,1,2","0.064144804499999999","false","999.33543216932082","999.33543216932082","5","0.45","0","999.25611428749141","0.079317881829410908","false"
"Specification-ModerateRiskAversion__Cost-1__Fee-British__ExitFees-AllUnilateralExits","1","19","1","D","8","15","D Offer","D Liability Signal: 4;P Files: 1;D Answers: 1;D Defaults: 2","4,1,1,2","0.064144804499999999","false","999.33543216932082","999.33543216932082","6","0.55","0","999.23080833744018","0.1046238318806445","false"
"Specification-ModerateRiskAversion__Cost-1__Fee-British__ExitFees-AllUnilateralExits","1","19","1","D","8","15","D Offer","D Liability Signal: 4;P Files: 1;D Answers: 1;D Defaults: 2","4,1,1,2","0.064144804499999999","false","999.33543216932082","999.33543216932082","7","0.65","0","999.20285521986966","0.13257694945116327","false"
"Specification-ModerateRiskAversion__Cost-1__Fee-British__ExitFees-AllUnilateralExits","1","19","1","D","8","15","D Offer","D Liability Signal: 4;P Files: 1;D Answers: 1;D Defaults: 2","4,1,1,2","0.064144804499999999","false","999.33543216932082","999.33543216932082","8","0.75","0","999.17193921755222","0.16349295176860323","false"
"Specification-ModerateRiskAversion__Cost-1__Fee-British__ExitFees-AllUnilateralExits","1","19","1","D","8","15","D Offer","D Liability Signal: 4;P Files: 1;D Answers: 1;D Defaults: 2","4,1,1,2","0.064144804499999999","false","999.33543216932082","999.33543216932082","9","0.85","0","999.13779318514185","0.19763898417897963","false"
"Specification-ModerateRiskAversion__Cost-1__Fee-British__ExitFees-AllUnilateralExits","1","19","1","D","8","15","D Offer","D Liability Signal: 4;P Files: 1;D Answers: 1;D Defaults: 2","4,1,1,2","0.064144804499999999","false","999.33543216932082","999.33543216932082","10","0.95","0","999.08168778398135","0.25374438533947341","false"
"Specification-ModerateRiskAversion__Cost-1__Fee-British__ExitFees-AllUnilateralExits","1","20","1","D","3","10","D Answers","D Liability Signal: 5;P Files: 1","5,1","0.076689924900000012","false","998.98168116904446","998.98168116904446","1","Yes","1","998.98168116904446","0","true"
"Specification-ModerateRiskAversion__Cost-1__Fee-British__ExitFees-AllUnilateralExits","1","20","1","D","3","10","D Answers","D Liability Signal: 5;P Files: 1","5,1","0.076689924900000012","false","998.98168116904446","998.98168116904446","2","No","0","998.32565936319986","0.65602180584460257","false"
"Specification-ModerateRiskAversion__Cost-1__Fee-British__ExitFees-AllUnilateralExits","1","21","1","D","6","21","D Defaults","D Liability Signal: 5;P Files: 1;D Answers: 1","5,1,1","0.076689924900000012","false","998.98168116904446","998.98168116904458","1","Yes","0.19827816883259941","998.98168116904446","1.1368683772161603E-13","true"
"Specification-ModerateRiskAversion__Cost-1__Fee-British__ExitFees-AllUnilateralExits","1","21","1","D","6","21","D Defaults","D Liability Signal: 5;P Files: 1;D Answers: 1","5,1,1","0.076689924900000012","false","998.98168116904446","998.98168116904458","2","No","0.80172183116740059","998.98168116904458","0","true"
"Specification-ModerateRiskAversion__Cost-1__Fee-British__ExitFees-AllUnilateralExits","1","22","1","D","8","15","D Offer","D Liability Signal: 5;P Files: 1;D Answers: 1;D Defaults: 1","5,1,1,1","0.015205937877081572","false","998.98168116904446","998.9816811690448","1","0.05","1","998.98168116904446","3.4106051316484809E-13","true"
"Specification-ModerateRiskAversion__Cost-1__Fee-British__ExitFees-AllUnilateralExits","1","22","1","D","8","15","D Offer","D Liability Signal: 5;P Files: 1;D Answers: 1;D Defaults: 1","5,1,1,1","0.015205937877081572","false","998.98168116904446","998.9816811690448","2","0.15","0","998.96765787422873","0.01402329481607012","false"
"Specification-ModerateRiskAversion__Cost-1__Fee-British__ExitFees-AllUnilateralExits","1","22","1","D","8","15","D Offer","D Liability Signal: 5;P Files: 1;D Answers: 1;D Defaults: 1","5,1,1,1","0.015205937877081572","false","998.98168116904446","998.9816811690448","3","0.25","0","998.95214786907422","0.029533299970580629","false"
"Specification-ModerateRiskAversion__Cost-1__Fee-British__ExitFees-AllUnilateralExits","1","22","1","D","8","15","D Offer","D Liability Signal: 5;P Files: 1;D Answers: 1;D Defaults: 1","5,1,1,1","0.015205937877081572","false","998.98168116904446","998.9816811690448","4","0.35","0","998.93501051881935","0.046670650225451027","false"
"Specification-ModerateRiskAversion__Cost-1__Fee-British__ExitFees-AllUnilateralExits","1","22","1","D","8","15","D Offer","D Liability Signal: 5;P Files: 1;D Answers: 1;D Defaults: 1","5,1,1,1","0.015205937877081572","false","998.98168116904446","998.9816811690448","5","0.45","0","998.9160650073419","0.065616161702905629","false"
"Specification-ModerateRiskAversion__Cost-1__Fee-British__ExitFees-AllUnilateralExits","1","22","1","D","8","15","D Offer","D Liability Signal: 5;P Files: 1;D Answers: 1;D Defaults: 1","5,1,1,1","0.015205937877081572","false","998.98168116904446","998.9816811690448","6","0.55","0","998.89513051851918","0.086550650525623496","false"
"Specification-ModerateRiskAversion__Cost-1__Fee-British__ExitFees-AllUnilateralExits","1","22","1","D","8","15","D Offer","D Liability Signal: 5;P Files: 1;D Answers: 1;D Defaults: 1","5,1,1,1","0.015205937877081572","false","998.98168116904446","998.9816811690448","7","0.65","0","998.87200614554956","0.10967502349524239","false"
"Specification-ModerateRiskAversion__Cost-1__Fee-British__ExitFees-AllUnilateralExits","1","22","1","D","8","15","D Offer","D Liability Signal: 5;P Files: 1;D Answers: 1;D Defaults: 1","5,1,1,1","0.015205937877081572","false","998.98168116904446","998.9816811690448","8","0.75","0","998.84643070958873","0.13525045945607417","false"
"Specification-ModerateRiskAversion__Cost-1__Fee-British__ExitFees-AllUnilateralExits","1","22","1","D","8","15","D Offer","D Liability Signal: 5;P Files: 1;D Answers: 1;D Defaults: 1","5,1,1,1","0.015205937877081572","false","998.98168116904446","998.9816811690448","9","0.85","0","998.8181832131545","0.16349795589030691","false"
"Specification-ModerateRiskAversion__Cost-1__Fee-British__ExitFees-AllUnilateralExits","1","22","1","D","8","15","D Offer","D Liability Signal: 5;P Files: 1;D Answers: 1;D Defaults: 1","5,1,1,1","0.015205937877081572","false","998.98168116904446","998.9816811690448","10","0.95","0","998.9816811690448","0","true"
"Specification-ModerateRiskAversion__Cost-1__Fee-British__ExitFees-AllUnilateralExits","1","23","1","D","8","15","D Offer","D Liability Signal: 5;P Files: 1;D Answers: 1;D Defaults: 2","5,1,1,2","0.061483987022918435","false","998.98168116904446","998.98168116904469","1","0.05","0.31092894967875645","998.98168116904469","0","true"
"Specification-ModerateRiskAversion__Cost-1__Fee-British__ExitFees-AllUnilateralExits","1","23","1","D","8","15","D Offer","D Liability Signal: 5;P Files: 1;D Answers: 1;D Defaults: 2","5,1,1,2","0.061483987022918435","false","998.98168116904446","998.98168116904469","2","0.15","0","998.96765787422896","0.014023294815729059","false"
"Specification-ModerateRiskAversion__Cost-1__Fee-British__ExitFees-AllUnilateralExits","1","23","1","D","8","15","D Offer","D Liability Signal: 5;P Files: 1;D Answers: 1;D Defaults: 2","5,1,1,2","0.061483987022918435","false","998.98168116904446","998.98168116904469","3","0.25","0","998.95214786907445","0.029533299970239568","false"
"Specification-ModerateRiskAversion__Cost-1__Fee-British__ExitFees-AllUnilateralExits","1","23","1","D","8","15","D Offer","D Liability Signal: 5;P Files: 1;D Answers: 1;D Defaults: 2","5,1,1,2","0.061483987022918435","false","998.98168116904446","998.98168116904469","4","0.35","0","998.93501051881947","0.046670650225223653","false"
"Specification-ModerateRiskAversion__Cost-1__Fee-British__ExitFees-AllUnilateralExits","1","23","1","D","8","15","D Offer","D Liability Signal: 5;P Files: 1;D Answers: 1;D Defaults: 2","5,1,1,2","0.061483987022918435","false","998.98168116904446","998.98168116904469","5","0.45","0","998.91606500734224","0.065616161702450881","false"
"Specification-ModerateRiskAversion__Cost-1__Fee-British__ExitFees-AllUnilateralExits","1","23","1","D","8","15","D Offer","D Liability Signal: 5;P Files: 1;D Answers: 1;D Defaults: 2","5,1,1,2","0.061483987022918435","false","998.98168116904446","998.98168116904469","6","0.55","0","998.89513051851952","0.086550650525168749","false"
"Specification-ModerateRiskAversion__Cost-1__Fee-British__ExitFees-AllUnilateralExits","1","23","1","D","8","15","D Offer","D Liability Signal: 5;P Files: 1;D Answers: 1;D Defaults: 2","5,1,1,2","0.061483987022918435","false","998.98168116904446","998.98168116904469","7","0.65","0","998.87200614554979","0.10967502349490132","false"
"Specification-ModerateRiskAversion__Cost-1__Fee-British__ExitFees-AllUnilateralExits","1","23","1","D","8","15","D Offer","D Liability Signal: 5;P Files: 1;D Answers: 1;D Defaults: 2","5,1,1,2","0.061483987022918435","false","998.98168116904446","998.98168116904469","8","0.75","0","998.84643070958896","0.13525045945573311","false"
"Specification-ModerateRiskAversion__Cost-1__Fee-British__ExitFees-AllUnilateralExits","1","23","1","D","8","15","D Offer","D Liability Signal: 5;P Files: 1;D Answers: 1;D Defaults: 2","5,1,1,2","0.061483987022918435","false","998.98168116904446","998.98168116904469","9","0.85","0","998.81818321315484","0.16349795588985216","false"
"Specification-ModerateRiskAversion__Cost-1__Fee-British__ExitFees-AllUnilateralExits","1","23","1","D","8","15","D Offer","D Liability Signal: 5;P Files: 1;D Answers: 1;D Defaults: 2","5,1,1,2","0.061483987022918435","false","998.98168116904446","998.98168116904469","10","0.95","0.68907105032124349","998.98168116904458","1.1368683772161603E-13","true"
"Specification-ModerateRiskAversion__Cost-1__Fee-British__ExitFees-AllUnilateralExits","1","24","1","D","3","10","D Answers","D Liability Signal: 6;P Files: 1","6,1","0.088101009800000005","false","998.8793056616779","998.8793056616779","1","Yes","1","998.8793056616779","0","true"
"Specification-ModerateRiskAversion__Cost-1__Fee-British__ExitFees-AllUnilateralExits","1","24","1","D","3","10","D Answers","D Liability Signal: 6;P Files: 1","6,1","0.088101009800000005","false","998.8793056616779","998.8793056616779","2","No","0","998.32565936320009","0.55364629847781544","false"
"Specification-ModerateRiskAversion__Cost-1__Fee-British__ExitFees-AllUnilateralExits","1","25","1","D","6","21","D Defaults","D Liability Signal: 6;P Files: 1;D Answers: 1","6,1,1","0.088101009800000005","false","998.8793056616779","998.8793056616779","1","Yes","0","998.7151163975077","0.1641892641702043","false"
"Specification-ModerateRiskAversion__Cost-1__Fee-British__ExitFees-AllUnilateralExits","1","25","1","D","6","21","D Defaults","D Liability Signal: 6;P Files: 1;D Answers: 1","6,1,1","0.088101009800000005","false","998.8793056616779","998.8793056616779","2","No","1","998.8793056616779","0","true"
"Specification-ModerateRiskAversion__Cost-1__Fee-British__ExitFees-AllUnilateralExits","1","26","1","D","8","15","D Offer","D Liability Signal: 6;P Files: 1;D Answers: 1;D Defaults: 1","6,1,1,1","0","true","","","1","0.05","0.10000000000000001","","",""
"Specification-ModerateRiskAversion__Cost-1__Fee-British__ExitFees-AllUnilateralExits","1","26","1","D","8","15","D Offer","D Liability Signal: 6;P Files: 1;D Answers: 1;D Defaults: 1","6,1,1,1","0","true","","","2","0.15","0.10000000000000001","","",""
"Specification-ModerateRiskAversion__Cost-1__Fee-British__ExitFees-AllUnilateralExits","1","26","1","D","8","15","D Offer","D Liability Signal: 6;P Files: 1;D Answers: 1;D Defaults: 1","6,1,1,1","0","true","","","3","0.25","0.10000000000000001","","",""
"Specification-ModerateRiskAversion__Cost-1__Fee-British__ExitFees-AllUnilateralExits","1","26","1","D","8","15","D Offer","D Liability Signal: 6;P Files: 1;D Answers: 1;D Defaults: 1","6,1,1,1","0","true","","","4","0.35","0.10000000000000001","","",""
"Specification-ModerateRiskAversion__Cost-1__Fee-British__ExitFees-AllUnilateralExits","1","26","1","D","8","15","D Offer","D Liability Signal: 6;P Files: 1;D Answers: 1;D Defaults: 1","6,1,1,1","0","true","","","5","0.45","0.10000000000000001","","",""
"Specification-ModerateRiskAversion__Cost-1__Fee-British__ExitFees-AllUnilateralExits","1","26","1","D","8","15","D Offer","D Liability Signal: 6;P Files: 1;D Answers: 1;D Defaults: 1","6,1,1,1","0","true","","","6","0.55","0.10000000000000001","","",""
"Specification-ModerateRiskAversion__Cost-1__Fee-British__ExitFees-AllUnilateralExits","1","26","1","D","8","15","D Offer","D Liability Signal: 6;P Files: 1;D Answers: 1;D Defaults: 1","6,1,1,1","0","true","","","7","0.65","0.10000000000000001","","",""
"Specification-ModerateRiskAversion__Cost-1__Fee-British__ExitFees-AllUnilateralExits","1","26","1","D","8","15","D Offer","D Liability Signal: 6;P Files: 1;D Answers: 1;D Defaults: 1","6,1,1,1","0","true","","","8","0.75","0.10000000000000001","","",""
"Specification-ModerateRiskAversion__Cost-1__Fee-British__ExitFees-AllUnilateralExits","1","26","1","D","8","15","D Offer","D Liability Signal: 6;P Files: 1;D Answers: 1;D Defaults: 1","6,1,1,1","0","true","","","9","0.85","0.10000000000000001","","",""
"Specification-ModerateRiskAversion__Cost-1__Fee-British__ExitFees-AllUnilateralExits","1","26","1","D","8","15","D Offer","D Liability Signal: 6;P Files: 1;D Answers: 1;D Defaults: 1","6,1,1,1","0","true","","","10","0.95","0.10000000000000001","","",""
"Specification-ModerateRiskAversion__Cost-1__Fee-British__ExitFees-AllUnilateralExits","1","27","1","D","8","15","D Offer","D Liability Signal: 6;P Files: 1;D Answers: 1;D Defaults: 2","6,1,1,2","0.088101009800000005","false","998.8793056616779","998.8793056616779","1","0.05","0","998.53469316000235","0.3446125016755559","false"
"Specification-ModerateRiskAversion__Cost-1__Fee-British__ExitFees-AllUnilateralExits","1","27","1","D","8","15","D Offer","D Liability Signal: 6;P Files: 1;D Answers: 1;D Defaults: 2","6,1,1,2","0.088101009800000005","false","998.8793056616779","998.8793056616779","2","0.15","0","998.52366752036471","0.35563814131319305","false"
"Specification-ModerateRiskAversion__Cost-1__Fee-British__ExitFees-AllUnilateralExits","1","27","1","D","8","15","D Offer","D Liability Signal: 6;P Files: 1;D Answers: 1;D Defaults: 2","6,1,1,2","0.088101009800000005","false","998.8793056616779","998.8793056616779","3","0.25","0","998.5114729733732","0.36783268830470206","false"
"Specification-ModerateRiskAversion__Cost-1__Fee-British__ExitFees-AllUnilateralExits","1","27","1","D","8","15","D Offer","D Liability Signal: 6;P Files: 1;D Answers: 1;D Defaults: 2","6,1,1,2","0.088101009800000005","false","998.8793056616779","998.8793056616779","4","0.35","0","998.49799894671037","0.38130671496753621","false"
"Specification-ModerateRiskAversion__Cost-1__Fee-British__ExitFees-AllUnilateralExits","1","27","1","D","8","15","D Offer","D Liability Signal: 6;P Files: 1;D Answers: 1;D Defaults: 2","6,1,1,2","0.088101009800000005","false","998.8793056616779","998.8793056616779","5","0.45","0","998.48310327596778","0.39620238571012578","false"
"Specification-ModerateRiskAversion__Cost-1__Fee-British__ExitFees-AllUnilateralExits","1","27","1","D","8","15","D Offer","D Liability Signal: 6;P Files: 1;D Answers: 1;D Defaults: 2","6,1,1,2","0.088101009800000005","false","998.8793056616779","998.8793056616779","6","0.55","0","998.46664379673859","0.41266186493930945","false"
"Specification-ModerateRiskAversion__Cost-1__Fee-British__ExitFees-AllUnilateralExits","1","27","1","D","8","15","D Offer","D Liability Signal: 6;P Files: 1;D Answers: 1;D Defaults: 2","6,1,1,2","0.088101009800000005","false","998.8793056616779","998.8793056616779","7","0.65","0","998.44846254856839","0.43084311310951762","false"
"Specification-ModerateRiskAversion__Cost-1__Fee-British__ExitFees-AllUnilateralExits","1","27","1","D","8","15","D Offer","D Liability Signal: 6;P Files: 1;D Answers: 1;D Defaults: 2","6,1,1,2","0.088101009800000005","false","998.8793056616779","998.8793056616779","8","0.75","0","998.42835418286859","0.45095147880931563","false"
"Specification-ModerateRiskAversion__Cost-1__Fee-British__ExitFees-AllUnilateralExits","1","27","1","D","8","15","D Offer","D Liability Signal: 6;P Files: 1;D Answers: 1;D Defaults: 2","6,1,1,2","0.088101009800000005","false","998.8793056616779","998.8793056616779","9","0.85","0","998.40614494314025","0.47316071853765607","false"
"Specification-ModerateRiskAversion__Cost-1__Fee-British__ExitFees-AllUnilateralExits","1","27","1","D","8","15","D Offer","D Liability Signal: 6;P Files: 1;D Answers: 1;D Defaults: 2","6,1,1,2","0.088101009800000005","false","998.8793056616779","998.8793056616779","10","0.95","1","998.8793056616779","0","true"
"Specification-ModerateRiskAversion__Cost-1__Fee-British__ExitFees-AllUnilateralExits","1","28","1","D","3","10","D Answers","D Liability Signal: 7;P Files: 1","7,1","0.096930350300000009","false","998.78545963773024","998.78545963773024","1","Yes","1","998.78545963773024","0","true"
"Specification-ModerateRiskAversion__Cost-1__Fee-British__ExitFees-AllUnilateralExits","1","28","1","D","3","10","D Answers","D Liability Signal: 7;P Files: 1","7,1","0.096930350300000009","false","998.78545963773024","998.78545963773024","2","No","0","998.32565936319963","0.45980027453060757","false"
"Specification-ModerateRiskAversion__Cost-1__Fee-British__ExitFees-AllUnilateralExits","1","29","1","D","6","21","D Defaults","D Liability Signal: 7;P Files: 1;D Answers: 1","7,1,1","0.096930350300000009","false","998.78545963773024","998.78545963773024","1","Yes","0","998.51933834738213","0.26612129034811005","false"
"Specification-ModerateRiskAversion__Cost-1__Fee-British__ExitFees-AllUnilateralExits","1","29","1","D","6","21","D Defaults","D Liability Signal: 7;P Files: 1;D Answers: 1","7,1,1","0.096930350300000009","false","998.78545963773024","998.78545963773024","2","No","1","998.78545963773024","0","true"
"Specification-ModerateRiskAversion__Cost-1__Fee-British__ExitFees-AllUnilateralExits","1","30","1","D","8","15","D Offer","D Liability Signal: 7;P Files: 1;D Answers: 1;D Defaults: 1","7,1,1,1","0","true","","","1","0.05","0.10000000000000001","","",""
"Specification-ModerateRiskAversion__Cost-1__Fee-British__ExitFees-AllUnilateralExits","1","30","1","D","8","15","D Offer","D Liability Signal: 7;P Files: 1;D Answers: 1;D Defaults: 1","7,1,1,1","0","true","","","2","0.15","0.10000000000000001","","",""
"Specification-ModerateRiskAversion__Cost-1__Fee-British__ExitFees-AllUnilateralExits","1","30","1","D","8","15","D Offer","D Liability Signal: 7;P Files: 1;D Answers: 1;D Defaults: 1","7,1,1,1","0","true","","","3","0.25","0.10000000000000001","","",""
"Specification-ModerateRiskAversion__Cost-1__Fee-British__ExitFees-AllUnilateralExits","1","30","1","D","8","15","D Offer","D Liability Signal: 7;P Files: 1;D Answers: 1;D Defaults: 1","7,1,1,1","0","true","","","4","0.35","0.10000000000000001","","",""
"Specification-ModerateRiskAversion__Cost-1__Fee-British__ExitFees-AllUnilateralExits","1","30","1","D","8","15","D Offer","D Liability Signal: 7;P Files: 1;D Answers: 1;D Defaults: 1","7,1,1,1","0","true","","","5","0.45","0.10000000000000001","","",""
"Specification-ModerateRiskAversion__Cost-1__Fee-British__ExitFees-AllUnilateralExits","1","30","1","D","8","15","D Offer","D Liability Signal: 7;P Files: 1;D Answers: 1;D Defaults: 1","7,1,1,1","0","true","","","6","0.55","0.10000000000000001","","",""
"Specification-ModerateRiskAversion__Cost-1__Fee-British__ExitFees-AllUnilateralExits","1","30","1","D","8","15","D Offer","D Liability Signal: 7;P Files: 1;D Answers: 1;D Defaults: 1","7,1,1,1","0","true","","","7","0.65","0.10000000000000001","","",""
"Specification-ModerateRiskAversion__Cost-1__Fee-British__ExitFees-AllUnilateralExits","1","30","1","D","8","15","D Offer","D Liability Signal: 7;P Files: 1;D Answers: 1;D Defaults: 1","7,1,1,1","0","true","","","8","0.75","0.10000000000000001","","",""
"Specification-ModerateRiskAversion__Cost-1__Fee-British__ExitFees-AllUnilateralExits","1","30","1","D","8","15","D Offer","D Liability Signal: 7;P Files: 1;D Answers: 1;D Defaults: 1","7,1,1,1","0","true","","","9","0.85","0.10000000000000001","","",""
"Specification-ModerateRiskAversion__Cost-1__Fee-British__ExitFees-AllUnilateralExits","1","30","1","D","8","15","D Offer","D Liability Signal: 7;P Files: 1;D Answers: 1;D Defaults: 1","7,1,1,1","0","true","","","10","0.95","0.10000000000000001","","",""
"Specification-ModerateRiskAversion__Cost-1__Fee-British__ExitFees-AllUnilateralExits","1","31","1","D","8","15","D Offer","D Liability Signal: 7;P Files: 1;D Answers: 1;D Defaults: 2","7,1,1,2","0.096930350300000009","false","998.78545963773024","998.78545963773024","1","0.05","0","998.04618317274992","0.73927646498032118","false"
"Specification-ModerateRiskAversion__Cost-1__Fee-British__ExitFees-AllUnilateralExits","1","31","1","D","8","15","D Offer","D Liability Signal: 7;P Files: 1;D Answers: 1;D Defaults: 2","7,1,1,2","0.096930350300000009","false","998.78545963773024","998.78545963773024","2","0.15","0","998.03790543665787","0.74755420107237569","false"
"Specification-ModerateRiskAversion__Cost-1__Fee-British__ExitFees-AllUnilateralExits","1","31","1","D","8","15","D Offer","D Liability Signal: 7;P Files: 1;D Answers: 1;D Defaults: 2","7,1,1,2","0.096930350300000009","false","998.78545963773024","998.78545963773024","3","0.25","0","998.02875011822925","0.75670951950098697","false"
"Specification-ModerateRiskAversion__Cost-1__Fee-British__ExitFees-AllUnilateralExits","1","31","1","D","8","15","D Offer","D Liability Signal: 7;P Files: 1;D Answers: 1;D Defaults: 2","7,1,1,2","0.096930350300000009","false","998.78545963773024","998.78545963773024","4","0.35","0","998.01863420291909","0.76682543481115317","false"
"Specification-ModerateRiskAversion__Cost-1__Fee-British__ExitFees-AllUnilateralExits","1","31","1","D","8","15","D Offer","D Liability Signal: 7;P Files: 1;D Answers: 1;D Defaults: 2","7,1,1,2","0.096930350300000009","false","998.78545963773024","998.78545963773024","5","0.45","0","998.00745095774039","0.77800867998985268","false"
"Specification-ModerateRiskAversion__Cost-1__Fee-British__ExitFees-AllUnilateralExits","1","31","1","D","8","15","D Offer","D Liability Signal: 7;P Files: 1;D Answers: 1;D Defaults: 2","7,1,1,2","0.096930350300000009","false","998.78545963773024","998.78545963773024","6","0.55","0","997.99509364970606","0.79036598802417757","false"
"Specification-ModerateRiskAversion__Cost-1__Fee-British__ExitFees-AllUnilateralExits","1","31","1","D","8","15","D Offer","D Liability Signal: 7;P Files: 1;D Answers: 1;D Defaults: 2","7,1,1,2","0.096930350300000009","false","998.78545963773024","998.78545963773024","7","0.65","0","997.98144368660871","0.80401595112152791","false"
"Specification-ModerateRiskAversion__Cost-1__Fee-British__ExitFees-AllUnilateralExits","1","31","1","D","8","15","D Offer","D Liability Signal: 7;P Files: 1;D Answers: 1;D Defaults: 2","7,1,1,2","0.096930350300000009","false","998.78545963773024","998.78545963773024","8","0.75","0","997.96634689857842","0.81911273915181937","false"
"Specification-ModerateRiskAversion__Cost-1__Fee-British__ExitFees-AllUnilateralExits","1","31","1","D","8","15","D Offer","D Liability Signal: 7;P Files: 1;D Answers: 1;D Defaults: 2","7,1,1,2","0.096930350300000009","false","998.78545963773024","998.78545963773024","9","0.85","0","997.94967283418657","0.83578680354366952","false"
"Specification-ModerateRiskAversion__Cost-1__Fee-British__ExitFees-AllUnilateralExits","1","31","1","D","8","15","D Offer","D Liability Signal: 7;P Files: 1;D Answers: 1;D Defaults: 2","7,1,1,2","0.096930350300000009","false","998.78545963773024","998.78545963773024","10","0.95","1","998.78545963773024","0","true"
"Specification-ModerateRiskAversion__Cost-1__Fee-British__ExitFees-AllUnilateralExits","1","32","1","D","3","10","D Answers","D Liability Signal: 8;P Files: 1","8,1","0.1003446174","false","998.70898862571266","998.70898862571266","1","Yes","1","998.70898862571266","0","true"
"Specification-ModerateRiskAversion__Cost-1__Fee-British__ExitFees-AllUnilateralExits","1","32","1","D","3","10","D Answers","D Liability Signal: 8;P Files: 1","8,1","0.1003446174","false","998.70898862571266","998.70898862571266","2","No","0","998.32565936319997","0.38332926251268873","false"
"Specification-ModerateRiskAversion__Cost-1__Fee-British__ExitFees-AllUnilateralExits","1","33","1","D","6","21","D Defaults","D Liability Signal: 8;P Files: 1;D Answers: 1","8,1,1","0.1003446174","false","998.70898862571266","998.70898862571266","1","Yes","0","998.3507866650657","0.35820196064696574","false"
"Specification-ModerateRiskAversion__Cost-1__Fee-British__ExitFees-AllUnilateralExits","1","33","1","D","6","21","D Defaults","D Liability Signal: 8;P Files: 1;D Answers: 1","8,1,1","0.1003446174","false","998.70898862571266","998.70898862571266","2","No","1","998.70898862571266","0","true"
"Specification-ModerateRiskAversion__Cost-1__Fee-British__ExitFees-AllUnilateralExits","1","34","1","D","8","15","D Offer","D Liability Signal: 8;P Files: 1;D Answers: 1;D Defaults: 1","8,1,1,1","0","true","","","1","0.05","0.10000000000000001","","",""
"Specification-ModerateRiskAversion__Cost-1__Fee-British__ExitFees-AllUnilateralExits","1","34","1","D","8","15","D Offer","D Liability Signal: 8;P Files: 1;D Answers: 1;D Defaults: 1","8,1,1,1","0","true","","","2","0.15","0.10000000000000001","","",""
"Specification-ModerateRiskAversion__Cost-1__Fee-British__ExitFees-AllUnilateralExits","1","34","1","D","8","15","D Offer","D Liability Signal: 8;P Files: 1;D Answers: 1;D Defaults: 1","8,1,1,1","0","true","","","3","0.25","0.10000000000000001","","",""
"Specification-ModerateRiskAversion__Cost-1__Fee-British__ExitFees-AllUnilateralExits","1","34","1","D","8","15","D Offer","D Liability Signal: 8;P Files: 1;D Answers: 1;D Defaults: 1","8,1,1,1","0","true","","","4","0.35","0.10000000000000001","","",""
"Specification-ModerateRiskAversion__Cost-1__Fee-British__ExitFees-AllUnilateralExits","1","34","1","D","8","15","D Offer","D Liability Signal: 8;P Files: 1;D Answers: 1;D Defaults: 1","8,1,1,1","0","true","","","5","0.45","0.10000000000000001","","",""
"Specification-ModerateRiskAversion__Cost-1__Fee-British__ExitFees-AllUnilateralExits","1","34","1","D","8","15","D Offer","D Liability Signal: 8;P Files: 1;D Answers: 1;D Defaults: 1","8,1,1,1","0","true","","","6","0.55","0.10000000000000001","","",""
"Specification-ModerateRiskAversion__Cost-1__Fee-British__ExitFees-AllUnilateralExits","1","34","1","D","8","15","D Offer","D Liability Signal: 8;P Files: 1;D Answers: 1;D Defaults: 1","8,1,1,1","0","true","","","7","0.65","0.10000000000000001","","",""
"Specification-ModerateRiskAversion__Cost-1__Fee-British__ExitFees-AllUnilateralExits","1","34","1","D","8","15","D Offer","D Liability Signal: 8;P Files: 1;D Answers: 1;D Defaults: 1","8,1,1,1","0","true","","","8","0.75","0.10000000000000001","","",""
"Specification-ModerateRiskAversion__Cost-1__Fee-British__ExitFees-AllUnilateralExits","1","34","1","D","8","15","D Offer","D Liability Signal: 8;P Files: 1;D Answers: 1;D Defaults: 1","8,1,1,1","0","true","","","9","0.85","0.10000000000000001","","",""
"Specification-ModerateRiskAversion__Cost-1__Fee-British__ExitFees-AllUnilateralExits","1","34","1","D","8","15","D Offer","D Liability Signal: 8;P Files: 1;D Answers: 1;D Defaults: 1","8,1,1,1","0","true","","","10","0.95","0.10000000000000001","","",""
"Specification-ModerateRiskAversion__Cost-1__Fee-British__ExitFees-AllUnilateralExits","1","35","1","D","8","15","D Offer","D Liability Signal: 8;P Files: 1;D Answers: 1;D Defaults: 2","8,1,1,2","0.1003446174","false","998.70898862571266","998.70898862571266","1","0.05","0","997.58593459329791","1.1230540324147569","false"
"Specification-ModerateRiskAversion__Cost-1__Fee-British__ExitFees-AllUnilateralExits","1","35","1","D","8","15","D Offer","D Liability Signal: 8;P Files: 1;D Answers: 1;D Defaults: 2","8,1,1,2","0.1003446174","false","998.70898862571266","998.70898862571266","2","0.15","0","997.57989600337544","1.1290926223372253","false"
"Specification-ModerateRiskAversion__Cost-1__Fee-British__ExitFees-AllUnilateralExits","1","35","1","D","8","15","D Offer","D Liability Signal: 8;P Files: 1;D Answers: 1;D Defaults: 2","8,1,1,2","0.1003446174","false","998.70898862571266","998.70898862571266","3","0.25","0","997.57321721910591","1.1357714066067501","false"
"Specification-ModerateRiskAversion__Cost-1__Fee-British__ExitFees-AllUnilateralExits","1","35","1","D","8","15","D Offer","D Liability Signal: 8;P Files: 1;D Answers: 1;D Defaults: 2","8,1,1,2","0.1003446174","false","998.70898862571266","998.70898862571266","4","0.35","0","997.56583768156429","1.143150944148374","false"
"Specification-ModerateRiskAversion__Cost-1__Fee-British__ExitFees-AllUnilateralExits","1","35","1","D","8","15","D Offer","D Liability Signal: 8;P Files: 1;D Answers: 1;D Defaults: 2","8,1,1,2","0.1003446174","false","998.70898862571266","998.70898862571266","5","0.45","0","997.55767952927647","1.1513090964361936","false"
"Specification-ModerateRiskAversion__Cost-1__Fee-British__ExitFees-AllUnilateralExits","1","35","1","D","8","15","D Offer","D Liability Signal: 8;P Files: 1;D Answers: 1;D Defaults: 2","8,1,1,2","0.1003446174","false","998.70898862571266","998.70898862571266","6","0.55","0","997.54866490076756","1.1603237249451013","false"
"Specification-ModerateRiskAversion__Cost-1__Fee-British__ExitFees-AllUnilateralExits","1","35","1","D","8","15","D Offer","D Liability Signal: 8;P Files: 1;D Answers: 1;D Defaults: 2","8,1,1,2","0.1003446174","false","998.70898862571266","998.70898862571266","7","0.65","0","997.53870728328764","1.170281342425028","false"
"Specification-ModerateRiskAversion__Cost-1__Fee-British__ExitFees-AllUnilateralExits","1","35","1","D","8","15","D Offer","D Liability Signal: 8;P Files: 1;D Answers: 1;D Defaults: 2","8,1,1,2","0.1003446174","false","998.70898862571266","998.70898862571266","8","0.75","0","997.52769421026278","1.1812944154498837","false"
"Specification-ModerateRiskAversion__Cost-1__Fee-British__ExitFees-AllUnilateralExits","1","35","1","D","8","15","D Offer","D Liability Signal: 8;P Files: 1;D Answers: 1;D Defaults: 2","8,1,1,2","0.1003446174","false","998.70898862571266","998.70898862571266","9","0.85","0","997.51553051766803","1.1934581080446378","false"
"Specification-ModerateRiskAversion__Cost-1__Fee-British__ExitFees-AllUnilateralExits","1","35","1","D","8","15","D Offer","D Liability Signal: 8;P Files: 1;D Answers: 1;D Defaults: 2","8,1,1,2","0.1003446174","false","998.70898862571266","998.70898862571266","10","0.95","1","998.70898862571266","0","true"
"Specification-ModerateRiskAversion__Cost-1__Fee-British__ExitFees-AllUnilateralExits","1","36","1","D","3","10","D Answers","D Liability Signal: 9;P Files: 1","9,1","0.094888886300000017","false","998.65286473460446","998.65286473460446","1","Yes","1","998.65286473460446","0","true"
"Specification-ModerateRiskAversion__Cost-1__Fee-British__ExitFees-AllUnilateralExits","1","36","1","D","3","10","D Answers","D Liability Signal: 9;P Files: 1","9,1","0.094888886300000017","false","998.65286473460446","998.65286473460446","2","No","0","998.32565936319986","0.32720537140460237","false"
"Specification-ModerateRiskAversion__Cost-1__Fee-British__ExitFees-AllUnilateralExits","1","37","1","D","6","21","D Defaults","D Liability Signal: 9;P Files: 1;D Answers: 1","9,1,1","0.094888886300000017","false","998.65286473460446","998.65286473460446","1","Yes","0","998.22054005388043","0.43232468072403663","false"
"Specification-ModerateRiskAversion__Cost-1__Fee-British__ExitFees-AllUnilateralExits","1","37","1","D","6","21","D Defaults","D Liability Signal: 9;P Files: 1;D Answers: 1","9,1,1","0.094888886300000017","false","998.65286473460446","998.65286473460446","2","No","1","998.65286473460446","0","true"
"Specification-ModerateRiskAversion__Cost-1__Fee-British__ExitFees-AllUnilateralExits","1","38","1","D","8","15","D Offer","D Liability Signal: 9;P Files: 1;D Answers: 1;D Defaults: 1","9,1,1,1","0","true","","","1","0.05","0.10000000000000001","","",""
"Specification-ModerateRiskAversion__Cost-1__Fee-British__ExitFees-AllUnilateralExits","1","38","1","D","8","15","D Offer","D Liability Signal: 9;P Files: 1;D Answers: 1;D Defaults: 1","9,1,1,1","0","true","","","2","0.15","0.10000000000000001","","",""
"Specification-ModerateRiskAversion__Cost-1__Fee-British__ExitFees-AllUnilateralExits","1","38","1","D","8","15","D Offer","D Liability Signal: 9;P Files: 1;D Answers: 1;D Defaults: 1","9,1,1,1","0","true","","","3","0.25","0.10000000000000001","","",""
"Specification-ModerateRiskAversion__Cost-1__Fee-British__ExitFees-AllUnilateralExits","1","38","1","D","8","15","D Offer","D Liability Signal: 9;P Files: 1;D Answers: 1;D Defaults: 1","9,1,1,1","0","true","","","4","0.35","0.10000000000000001","","",""
"Specification-ModerateRiskAversion__Cost-1__Fee-British__ExitFees-AllUnilateralExits","1","38","1","D","8","15","D Offer","D Liability Signal: 9;P Files: 1;D Answers: 1;D Defaults: 1","9,1,1,1","0","true","","","5","0.45","0.10000000000000001","","",""
"Specification-ModerateRiskAversion__Cost-1__Fee-British__ExitFees-AllUnilateralExits","1","38","1","D","8","15","D Offer","D Liability Signal: 9;P Files: 1;D Answers: 1;D Defaults: 1","9,1,1,1","0","true","","","6","0.55","0.10000000000000001","","",""
"Specification-ModerateRiskAversion__Cost-1__Fee-British__ExitFees-AllUnilateralExits","1","38","1","D","8","15","D Offer","D Liability Signal: 9;P Files: 1;D Answers: 1;D Defaults: 1","9,1,1,1","0","true","","","7","0.65","0.10000000000000001","","",""
"Specification-ModerateRiskAversion__Cost-1__Fee-British__ExitFees-AllUnilateralExits","1","38","1","D","8","15","D Offer","D Liability Signal: 9;P Files: 1;D Answers: 1;D Defaults: 1","9,1,1,1","0","true","","","8","0.75","0.10000000000000001","","",""
"Specification-ModerateRiskAversion__Cost-1__Fee-British__ExitFees-AllUnilateralExits","1","38","1","D","8","15","D Offer","D Liability Signal: 9;P Files: 1;D Answers: 1;D Defaults: 1","9,1,1,1","0","true","","","9","0.85","0.10000000000000001","","",""
"Specification-ModerateRiskAversion__Cost-1__Fee-British__ExitFees-AllUnilateralExits","1","38","1","D","8","15","D Offer","D Liability Signal: 9;P Files: 1;D Answers: 1;D Defaults: 1","9,1,1,1","0","true","","","10","0.95","0.10000000000000001","","",""
"Specification-ModerateRiskAversion__Cost-1__Fee-British__ExitFees-AllUnilateralExits","1","39","1","D","8","15","D Offer","D Liability Signal: 9;P Files: 1;D Answers: 1;D Defaults: 2","9,1,1,2","0.094888886300000017","false","998.65286473460446","998.65286473460446","1","0.05","0","997.20489376423791","1.4479709703665549","false"
"Specification-ModerateRiskAversion__Cost-1__Fee-British__ExitFees-AllUnilateralExits","1","39","1","D","8","15","D Offer","D Liability Signal: 9;P Files: 1;D Answers: 1;D Defaults: 2","9,1,1,2","0.094888886300000017","false","998.65286473460446","998.65286473460446","2","0.15","0","997.20049853684554","1.45236619775892","false"
"Specification-ModerateRiskAversion__Cost-1__Fee-British__ExitFees-AllUnilateralExits","1","39","1","D","8","15","D Offer","D Liability Signal: 9;P Files: 1;D Answers: 1;D Defaults: 2","9,1,1,2","0.094888886300000017","false","998.65286473460446","998.65286473460446","3","0.25","0","997.1956373397868","1.4572273948176644","false"
"Specification-ModerateRiskAversion__Cost-1__Fee-British__ExitFees-AllUnilateralExits","1","39","1","D","8","15","D Offer","D Liability Signal: 9;P Files: 1;D Answers: 1;D Defaults: 2","9,1,1,2","0.094888886300000017","false","998.65286473460446","998.65286473460446","4","0.35","0","997.19026609485036","1.4625986397541055","false"
"Specification-ModerateRiskAversion__Cost-1__Fee-British__ExitFees-AllUnilateralExits","1","39","1","D","8","15","D Offer","D Liability Signal: 9;P Files: 1;D Answers: 1;D Defaults: 2","9,1,1,2","0.094888886300000017","false","998.65286473460446","998.65286473460446","5","0.45","0","997.18432813004938","1.4685366045550836","false"
"Specification-ModerateRiskAversion__Cost-1__Fee-British__ExitFees-AllUnilateralExits","1","39","1","D","8","15","D Offer","D Liability Signal: 9;P Files: 1;D Answers: 1;D Defaults: 2","9,1,1,2","0.094888886300000017","false","998.65286473460446","998.65286473460446","6","0.55","0","997.17776677339748","1.4750979612069841","false"
"Specification-ModerateRiskAversion__Cost-1__Fee-British__ExitFees-AllUnilateralExits","1","39","1","D","8","15","D Offer","D Liability Signal: 9;P Files: 1;D Answers: 1;D Defaults: 2","9,1,1,2","0.094888886300000017","false","998.65286473460446","998.65286473460446","7","0.65","0","997.17051905602136","1.4823456785831013","false"
"Specification-ModerateRiskAversion__Cost-1__Fee-British__ExitFees-AllUnilateralExits","1","39","1","D","8","15","D Offer","D Liability Signal: 9;P Files: 1;D Answers: 1;D Defaults: 2","9,1,1,2","0.094888886300000017","false","998.65286473460446","998.65286473460446","8","0.75","0","997.16250311838439","1.4903616162200706","false"
"Specification-ModerateRiskAversion__Cost-1__Fee-British__ExitFees-AllUnilateralExits","1","39","1","D","8","15","D Offer","D Liability Signal: 9;P Files: 1;D Answers: 1;D Defaults: 2","9,1,1,2","0.094888886300000017","false","998.65286473460446","998.65286473460446","9","0.85","0","997.15364969472557","1.4992150398788908","false"
"Specification-ModerateRiskAversion__Cost-1__Fee-British__ExitFees-AllUnilateralExits","1","39","1","D","8","15","D Offer","D Liability Signal: 9;P Files: 1;D Answers: 1;D Defaults: 2","9,1,1,2","0.094888886300000017","false","998.65286473460446","998.65286473460446","10","0.95","1","998.65286473460446","0","true"
"Specification-ModerateRiskAversion__Cost-1__Fee-British__ExitFees-AllUnilateralExits","1","40","1","D","3","10","D Answers","D Liability Signal: 10;P Files: 1","10,1","0.0792318469","false","998.61466558200561","998.61466558200561","1","Yes","1","998.61466558200561","0","true"
"Specification-ModerateRiskAversion__Cost-1__Fee-British__ExitFees-AllUnilateralExits","1","40","1","D","3","10","D Answers","D Liability Signal: 10;P Files: 1","10,1","0.0792318469","false","998.61466558200561","998.61466558200561","2","No","0","998.32565936320009","0.28900621880552535","false"
"Specification-ModerateRiskAversion__Cost-1__Fee-British__ExitFees-AllUnilateralExits","1","41","1","D","6","21","D Defaults","D Liability Signal: 10;P Files: 1;D Answers: 1","10,1,1","0.0792318469","false","998.61466558200561","998.61466558200561","1","Yes","0","998.12750550582359","0.48716007618202184","false"
"Specification-ModerateRiskAversion__Cost-1__Fee-British__ExitFees-AllUnilateralExits","1","41","1","D","6","21","D Defaults","D Liability Signal: 10;P Files: 1;D Answers: 1","10,1,1","0.0792318469","false","998.61466558200561","998.61466558200561","2","No","1","998.61466558200561","0","true"
"Specification-ModerateRiskAversion__Cost-1__Fee-British__ExitFees-AllUnilateralExits","1","42","1","D","8","15","D Offer","D Liability Signal: 10;P Files: 1;D Answers: 1;D Defaults: 1","10,1,1,1","0","true","","","1","0.05","0.10000000000000001","","",""
"Specification-ModerateRiskAversion__Cost-1__Fee-British__ExitFees-AllUnilateralExits","1","42","1","D","8","15","D Offer","D Liability Signal: 10;P Files: 1;D Answers: 1;D Defaults: 1","10,1,1,1","0","true","","","2","0.15","0.10000000000000001","","",""
"Specification-ModerateRiskAversion__Cost-1__Fee-British__ExitFees-AllUnilateralExits","1","42","1","D","8","15","D Offer","D Liability Signal: 10;P Files: 1;D Answers: 1;D Defaults: 1","10,1,1,1","0","true","","","3","0.25","0.10000000000000001","","",""
"Specification-ModerateRiskAversion__Cost-1__Fee-British__ExitFees-AllUnilateralExits","1","42","1","D","8","15","D Offer","D Liability Signal: 10;P Files: 1;D Answers: 1;D Defaults: 1","10,1,1,1","0","true","","","4","0.35","0.10000000000000001","","",""
"Specification-ModerateRiskAversion__Cost-1__Fee-British__ExitFees-AllUnilateralExits","1","42","1","D","8","15","D Offer","D Liability Signal: 10;P Files: 1;D Answers: 1;D Defaults: 1","10,1,1,1","0","true","","","5","0.45","0.10000000000000001","","",""
"Specification-ModerateRiskAversion__Cost-1__Fee-British__ExitFees-AllUnilateralExits","1","42","1","D","8","15","D Offer","D Liability Signal: 10;P Files: 1;D Answers: 1;D Defaults: 1","10,1,1,1","0","true","","","6","0.55","0.10000000000000001","","",""
"Specification-ModerateRiskAversion__Cost-1__Fee-British__ExitFees-AllUnilateralExits","1","42","1","D","8","15","D Offer","D Liability Signal: 10;P Files: 1;D Answers: 1;D Defaults: 1","10,1,1,1","0","true","","","7","0.65","0.10000000000000001","","",""
"Specification-ModerateRiskAversion__Cost-1__Fee-British__ExitFees-AllUnilateralExits","1","42","1","D","8","15","D Offer","D Liability Signal: 10;P Files: 1;D Answers: 1;D Defaults: 1","10,1,1,1","0","true","","","8","0.75","0.10000000000000001","","",""
"Specification-ModerateRiskAversion__Cost-1__Fee-British__ExitFees-AllUnilateralExits","1","42","1","D","8","15","D Offer","D Liability Signal: 10;P Files: 1;D Answers: 1;D Defaults: 1","10,1,1,1","0","true","","","9","0.85","0.10000000000000001","","",""
"Specification-ModerateRiskAversion__Cost-1__Fee-British__ExitFees-AllUnilateralExits","1","42","1","D","8","15","D Offer","D Liability Signal: 10;P Files: 1;D Answers: 1;D Defaults: 1","10,1,1,1","0","true","","","10","0.95","0.10000000000000001","","",""
"Specification-ModerateRiskAversion__Cost-1__Fee-British__ExitFees-AllUnilateralExits","1","43","1","D","8","15","D Offer","D Liability Signal: 10;P Files: 1;D Answers: 1;D Defaults: 2","10,1,1,2","0.0792318469","false","998.61466558200561","998.61466558200561","1","0.05","0","996.91783929370729","1.6968262882983254","false"
"Specification-ModerateRiskAversion__Cost-1__Fee-British__ExitFees-AllUnilateralExits","1","43","1","D","8","15","D Offer","D Liability Signal: 10;P Files: 1;D Answers: 1;D Defaults: 2","10,1,1,2","0.0792318469","false","998.61466558200561","998.61466558200561","2","0.15","0","996.91456257493621","1.7001030070694014","false"
"Specification-ModerateRiskAversion__Cost-1__Fee-British__ExitFees-AllUnilateralExits","1","43","1","D","8","15","D Offer","D Liability Signal: 10;P Files: 1;D Answers: 1;D Defaults: 2","10,1,1,2","0.0792318469","false","998.61466558200561","998.61466558200561","3","0.25","0","996.91093846764193","1.7037271143636872","false"
"Specification-ModerateRiskAversion__Cost-1__Fee-British__ExitFees-AllUnilateralExits","1","43","1","D","8","15","D Offer","D Liability Signal: 10;P Files: 1;D Answers: 1;D Defaults: 2","10,1,1,2","0.0792318469","false","998.61466558200561","998.61466558200561","4","0.35","0","996.90693411074824","1.7077314712573752","false"
"Specification-ModerateRiskAversion__Cost-1__Fee-British__ExitFees-AllUnilateralExits","1","43","1","D","8","15","D Offer","D Liability Signal: 10;P Files: 1;D Answers: 1;D Defaults: 2","10,1,1,2","0.0792318469","false","998.61466558200561","998.61466558200561","5","0.45","0","996.90250725429973","1.7121583277058789","false"
"Specification-ModerateRiskAversion__Cost-1__Fee-British__ExitFees-AllUnilateralExits","1","43","1","D","8","15","D Offer","D Liability Signal: 10;P Files: 1;D Answers: 1;D Defaults: 2","10,1,1,2","0.0792318469","false","998.61466558200561","998.61466558200561","6","0.55","0","996.89761564834055","1.7170499336650664","false"
"Specification-ModerateRiskAversion__Cost-1__Fee-British__ExitFees-AllUnilateralExits","1","43","1","D","8","15","D Offer","D Liability Signal: 10;P Files: 1;D Answers: 1;D Defaults: 2","10,1,1,2","0.0792318469","false","998.61466558200561","998.61466558200561","7","0.65","0","996.89221234847571","1.7224532335299045","false"
"Specification-ModerateRiskAversion__Cost-1__Fee-British__ExitFees-AllUnilateralExits","1","43","1","D","8","15","D Offer","D Liability Signal: 10;P Files: 1;D Answers: 1;D Defaults: 2","10,1,1,2","0.0792318469","false","998.61466558200561","998.61466558200561","8","0.75","0","996.88623632699205","1.728429255013566","false"
"Specification-ModerateRiskAversion__Cost-1__Fee-British__ExitFees-AllUnilateralExits","1","43","1","D","8","15","D Offer","D Liability Signal: 10;P Files: 1;D Answers: 1;D Defaults: 2","10,1,1,2","0.0792318469","false","998.61466558200561","998.61466558200561","9","0.85","0","996.8796359450547","1.7350296369509124","false"
"Specification-ModerateRiskAversion__Cost-1__Fee-British__ExitFees-AllUnilateralExits","1","43","1","D","8","15","D Offer","D Liability Signal: 10;P Files: 1;D Answers: 1;D Defaults: 2","10,1,1,2","0.0792318469","false","998.61466558200561","998.61466558200561","10","0.95","1","998.61466558200561","0","true"
