"OptionSetName","Equilibrium Number","Information Set Number","Player Index","Player","Decision Index","Decision Code","Decision","Information Set Labels","Information Set Contents","Equilibrium Reach Probability","Off Path","Conditional Information-Set Utility","Best Action Utility","Action","Action Label","Equilibrium Action Probability","Conditional Action Utility","Utility Loss from Best Action","Is Best Action"
"Specification-PolarizedContinuousMerits__Cost-0.25__Fee-British__ExitFees-AllUnilateralExits","1","0","0","P","2","9","P Files","P Liability Signal: 1","1","0.10928","false","10.016081233587235","10.016081233587235","1","Yes","1","10.016081233587235","0","true"
"Specification-PolarizedContinuousMerits__Cost-0.25__Fee-British__ExitFees-AllUnilateralExits","1","0","0","P","2","9","P Files","P Liability Signal: 1","1","0.10928","false","10.016081233587235","10.016081233587235","2","No","0","10.0000004088","0.016080824787234604","false"
"Specification-PolarizedContinuousMerits__Cost-0.25__Fee-British__ExitFees-AllUnilateralExits","1","2","0","P","5","20","P Abandons","P Liability Signal: 1;P Files: 1;D Answers: 1","1,1,1","0.10928","false","10.016081233587235","10.016081233587235","1","Yes","0","9.9397450805476879","0.076336153039546772","false"
"Specification-PolarizedContinuousMerits__Cost-0.25__Fee-British__ExitFees-AllUnilateralExits","1","2","0","P","5","20","P Abandons","P Liability Signal: 1;P Files: 1;D Answers: 1","1,1,1","0.10928","false","10.016081233587235","10.016081233587235","2","No","1","10.016081233587235","0","true"
"Specification-PolarizedContinuousMerits__Cost-0.25__Fee-British__ExitFees-AllUnilateralExits","1","4","0","P","7","14","P Offer","P Liability Signal: 1;P Files: 1;D Answers: 1;P Abandons: 1","1,1,1,1","0","true","","","1","0.05","0.10000000000000001","","",""
"Specification-PolarizedContinuousMerits__Cost-0.25__Fee-British__ExitFees-AllUnilateralExits","1","4","0","P","7","14","P Offer","P Liability Signal: 1;P Files: 1;D Answers: 1;P Abandons: 1","1,1,1,1","0","true","","","2","0.15","0.10000000000000001","","",""
"Specification-PolarizedContinuousMerits__Cost-0.25__Fee-British__ExitFees-AllUnilateralExits","1","4","0","P","7","14","P Offer","P Liability Signal: 1;P Files: 1;D Answers: 1;P Abandons: 1","1,1,1,1","0","true","","","3","0.25","0.10000000000000001","","",""
"Specification-PolarizedContinuousMerits__Cost-0.25__Fee-British__ExitFees-AllUnilateralExits","1","4","0","P","7","14","P Offer","P Liability Signal: 1;P Files: 1;D Answers: 1;P Abandons: 1","1,1,1,1","0","true","","","4","0.35","0.10000000000000001","","",""
"Specification-PolarizedContinuousMerits__Cost-0.25__Fee-British__ExitFees-AllUnilateralExits","1","4","0","P","7","14","P Offer","P Liability Signal: 1;P Files: 1;D Answers: 1;P Abandons: 1","1,1,1,1","0","true","","","5","0.45","0.10000000000000001","","",""
"Specification-PolarizedContinuousMerits__Cost-0.25__Fee-British__ExitFees-AllUnilateralExits","1","4","0","P","7","14","P Offer","P Liability Signal: 1;P Files: 1;D Answers: 1;P Abandons: 1","1,1,1,1","0","true","","","6","0.55","0.10000000000000001","","",""
"Specification-PolarizedContinuousMerits__Cost-0.25__Fee-British__ExitFees-AllUnilateralExits","1","4","0","P","7","14","P Offer","P Liability Signal: 1;P Files: 1;D Answers: 1;P Abandons: 1","1,1,1,1","0","true","","","7","0.65","0.10000000000000001","","",""
"Specification-PolarizedContinuousMerits__Cost-0.25__Fee-British__ExitFees-AllUnilateralExits","1","4","0","P","7","14","P Offer","P Liability Signal: 1;P Files: 1;D Answers: 1;P Abandons: 1","1,1,1,1","0","true","","","8","0.75","0.10000000000000001","","",""
"Specification-PolarizedContinuousMerits__Cost-0.25__Fee-British__ExitFees-AllUnilateralExits","1","4","0","P","7","14","P Offer","P Liability Signal: 1;P Files: 1;D Answers: 1;P Abandons: 1","1,1,1,1","0","true","","","9","0.85","0.10000000000000001","","",""
"Specification-PolarizedContinuousMerits__Cost-0.25__Fee-British__ExitFees-AllUnilateralExits","1","4","0","P","7","14","P Offer","P Liability Signal: 1;P Files: 1;D Answers: 1;P Abandons: 1","1,1,1,1","0","true","","","10","0.95","0.10000000000000001","","",""
"Specification-PolarizedContinuousMerits__Cost-0.25__Fee-British__ExitFees-AllUnilateralExits","1","7","0","P","7","14","P Offer","P Liability Signal: 1;P Files: 1;D Answers: 1;P Abandons: 2","1,1,1,2","0.10928","false","10.016081233587235","10.016081233587235","1","0.05","1","10.016081233587235","0","true"
"Specification-PolarizedContinuousMerits__Cost-0.25__Fee-British__ExitFees-AllUnilateralExits","1","7","0","P","7","14","P Offer","P Liability Signal: 1;P Files: 1;D Answers: 1;P Abandons: 2","1,1,1,2","0.10928","false","10.016081233587235","10.016081233587235","2","0.15","0","9.9132295180193868","0.10285171556784789","false"
"Specification-PolarizedContinuousMerits__Cost-0.25__Fee-British__ExitFees-AllUnilateralExits","1","7","0","P","7","14","P Offer","P Liability Signal: 1;P Files: 1;D Answers: 1;P Abandons: 2","1,1,1,2","0.10928","false","10.016081233587235","10.016081233587235","3","0.25","0","9.9136270356071705","0.10245419798006417","false"
"Specification-PolarizedContinuousMerits__Cost-0.25__Fee-British__ExitFees-AllUnilateralExits","1","7","0","P","7","14","P Offer","P Liability Signal: 1;P Files: 1;D Answers: 1;P Abandons: 2","1,1,1,2","0.10928","false","10.016081233587235","10.016081233587235","4","0.35","0","9.9140244644435427","0.10205676914369199","false"
"Specification-PolarizedContinuousMerits__Cost-0.25__Fee-British__ExitFees-AllUnilateralExits","1","7","0","P","7","14","P Offer","P Liability Signal: 1;P Files: 1;D Answers: 1;P Abandons: 2","1,1,1,2","0.10928","false","10.016081233587235","10.016081233587235","5","0.45","0","9.9144219820313246","0.10165925155591005","false"
"Specification-PolarizedContinuousMerits__Cost-0.25__Fee-British__ExitFees-AllUnilateralExits","1","7","0","P","7","14","P Offer","P Liability Signal: 1;P Files: 1;D Answers: 1;P Abandons: 2","1,1,1,2","0.10928","false","10.016081233587235","10.016081233587235","6","0.55","0","9.9148194996191119","0.10126173396812277","false"
"Specification-PolarizedContinuousMerits__Cost-0.25__Fee-British__ExitFees-AllUnilateralExits","1","7","0","P","7","14","P Offer","P Liability Signal: 1;P Files: 1;D Answers: 1;P Abandons: 2","1,1,1,2","0.10928","false","10.016081233587235","10.016081233587235","7","0.65","0","9.9152170172068956","0.10086421638033904","false"
"Specification-PolarizedContinuousMerits__Cost-0.25__Fee-British__ExitFees-AllUnilateralExits","1","7","0","P","7","14","P Offer","P Liability Signal: 1;P Files: 1;D Answers: 1;P Abandons: 2","1,1,1,2","0.10928","false","10.016081233587235","10.016081233587235","8","0.75","0","9.9156145347946829","0.10046669879255177","false"
"Specification-PolarizedContinuousMerits__Cost-0.25__Fee-British__ExitFees-AllUnilateralExits","1","7","0","P","7","14","P Offer","P Liability Signal: 1;P Files: 1;D Answers: 1;P Abandons: 2","1,1,1,2","0.10928","false","10.016081233587235","10.016081233587235","9","0.85","0","9.9160119636310498","0.10006926995618493","false"
"Specification-PolarizedContinuousMerits__Cost-0.25__Fee-British__ExitFees-AllUnilateralExits","1","7","0","P","7","14","P Offer","P Liability Signal: 1;P Files: 1;D Answers: 1;P Abandons: 2","1,1,1,2","0.10928","false","10.016081233587235","10.016081233587235","10","0.95","0","9.916409481218837","0.099671752368397648","false"
"Specification-PolarizedContinuousMerits__Cost-0.25__Fee-British__ExitFees-AllUnilateralExits","1","44","0","P","2","9","P Files","P Liability Signal: 2","2","0.11336000000000002","false","10.02013571181277","10.02013571181277","1","Yes","1","10.02013571181277","0","true"
"Specification-PolarizedContinuousMerits__Cost-0.25__Fee-British__ExitFees-AllUnilateralExits","1","44","0","P","2","9","P Files","P Liability Signal: 2","2","0.11336000000000002","false","10.02013571181277","10.02013571181277","2","No","0","10.000000408799997","0.020135303012773775","false"
"Specification-PolarizedContinuousMerits__Cost-0.25__Fee-British__ExitFees-AllUnilateralExits","1","45","0","P","5","20","P Abandons","P Liability Signal: 2;P Files: 1;D Answers: 1","2,1,1","0.11336000000000002","false","10.02013571181277","10.02013571181277","1","Yes","0","9.9465363542070691","0.073599357605701243","false"
"Specification-PolarizedContinuousMerits__Cost-0.25__Fee-British__ExitFees-AllUnilateralExits","1","45","0","P","5","20","P Abandons","P Liability Signal: 2;P Files: 1;D Answers: 1","2,1,1","0.11336000000000002","false","10.02013571181277","10.02013571181277","2","No","1","10.02013571181277","0","true"
"Specification-PolarizedContinuousMerits__Cost-0.25__Fee-British__ExitFees-AllUnilateralExits","1","46","0","P","7","14","P Offer","P Liability Signal: 2;P Files: 1;D Answers: 1;P Abandons: 1","2,1,1,1","0","true","","","1","0.05","0.10000000000000001","","",""
"Specification-PolarizedContinuousMerits__Cost-0.25__Fee-British__ExitFees-AllUnilateralExits","1","46","0","P","7","14","P Offer","P Liability Signal: 2;P Files: 1;D Answers: 1;P Abandons: 1","2,1,1,1","0","true","","","2","0.15","0.10000000000000001","","",""
"Specification-PolarizedContinuousMerits__Cost-0.25__Fee-British__ExitFees-AllUnilateralExits","1","46","0","P","7","14","P Offer","P Liability Signal: 2;P Files: 1;D Answers: 1;P Abandons: 1","2,1,1,1","0","true","","","3","0.25","0.10000000000000001","","",""
"Specification-PolarizedContinuousMerits__Cost-0.25__Fee-British__ExitFees-AllUnilateralExits","1","46","0","P","7","14","P Offer","P Liability Signal: 2;P Files: 1;D Answers: 1;P Abandons: 1","2,1,1,1","0","true","","","4","0.35","0.10000000000000001","","",""
"Specification-PolarizedContinuousMerits__Cost-0.25__Fee-British__ExitFees-AllUnilateralExits","1","46","0","P","7","14","P Offer","P Liability Signal: 2;P Files: 1;D Answers: 1;P Abandons: 1","2,1,1,1","0","true","","","5","0.45","0.10000000000000001","","",""
"Specification-PolarizedContinuousMerits__Cost-0.25__Fee-British__ExitFees-AllUnilateralExits","1","46","0","P","7","14","P Offer","P Liability Signal: 2;P Files: 1;D Answers: 1;P Abandons: 1","2,1,1,1","0","true","","","6","0.55","0.10000000000000001","","",""
"Specification-PolarizedContinuousMerits__Cost-0.25__Fee-British__ExitFees-AllUnilateralExits","1","46","0","P","7","14","P Offer","P Liability Signal: 2;P Files: 1;D Answers: 1;P Abandons: 1","2,1,1,1","0","true","","","7","0.65","0.10000000000000001","","",""
"Specification-PolarizedContinuousMerits__Cost-0.25__Fee-British__ExitFees-AllUnilateralExits","1","46","0","P","7","14","P Offer","P Liability Signal: 2;P Files: 1;D Answers: 1;P Abandons: 1","2,1,1,1","0","true","","","8","0.75","0.10000000000000001","","",""
"Specification-PolarizedContinuousMerits__Cost-0.25__Fee-British__ExitFees-AllUnilateralExits","1","46","0","P","7","14","P Offer","P Liability Signal: 2;P Files: 1;D Answers: 1;P Abandons: 1","2,1,1,1","0","true","","","9","0.85","0.10000000000000001","","",""
"Specification-PolarizedContinuousMerits__Cost-0.25__Fee-British__ExitFees-AllUnilateralExits","1","46","0","P","7","14","P Offer","P Liability Signal: 2;P Files: 1;D Answers: 1;P Abandons: 1","2,1,1,1","0","true","","","10","0.95","0.10000000000000001","","",""
"Specification-PolarizedContinuousMerits__Cost-0.25__Fee-British__ExitFees-AllUnilateralExits","1","47","0","P","7","14","P Offer","P Liability Signal: 2;P Files: 1;D Answers: 1;P Abandons: 2","2,1,1,2","0.11336000000000002","false","10.02013571181277","10.02013571181277","1","0.05","1","10.02013571181277","0","true"
"Specification-PolarizedContinuousMerits__Cost-0.25__Fee-British__ExitFees-AllUnilateralExits","1","47","0","P","7","14","P Offer","P Liability Signal: 2;P Files: 1;D Answers: 1;P Abandons: 2","2,1,1,2","0.11336000000000002","false","10.02013571181277","10.02013571181277","2","0.15","0","9.9485516253533905","0.071584086459379748","false"
"Specification-PolarizedContinuousMerits__Cost-0.25__Fee-British__ExitFees-AllUnilateralExits","1","47","0","P","7","14","P Offer","P Liability Signal: 2;P Files: 1;D Answers: 1;P Abandons: 2","2,1,1,2","0.11336000000000002","false","10.02013571181277","10.02013571181277","3","0.25","0","9.9493996628739989","0.07073604893877139","false"
"Specification-PolarizedContinuousMerits__Cost-0.25__Fee-British__ExitFees-AllUnilateralExits","1","47","0","P","7","14","P Offer","P Liability Signal: 2;P Files: 1;D Answers: 1;P Abandons: 2","2,1,1,2","0.11336000000000002","false","10.02013571181277","10.02013571181277","4","0.35","0","9.9502475110582544","0.06988820075451585","false"
"Specification-PolarizedContinuousMerits__Cost-0.25__Fee-British__ExitFees-AllUnilateralExits","1","47","0","P","7","14","P Offer","P Liability Signal: 2;P Files: 1;D Answers: 1;P Abandons: 2","2,1,1,2","0.11336000000000002","false","10.02013571181277","10.02013571181277","5","0.45","0","9.9510955485788628","0.069040163233907492","false"
"Specification-PolarizedContinuousMerits__Cost-0.25__Fee-British__ExitFees-AllUnilateralExits","1","47","0","P","7","14","P Offer","P Liability Signal: 2;P Files: 1;D Answers: 1;P Abandons: 2","2,1,1,2","0.11336000000000002","false","10.02013571181277","10.02013571181277","6","0.55","0","9.9519435860994694","0.068192125713300911","false"
"Specification-PolarizedContinuousMerits__Cost-0.25__Fee-British__ExitFees-AllUnilateralExits","1","47","0","P","7","14","P Offer","P Liability Signal: 2;P Files: 1;D Answers: 1;P Abandons: 2","2,1,1,2","0.11336000000000002","false","10.02013571181277","10.02013571181277","7","0.65","0","9.9527916236200795","0.067344088192690776","false"
"Specification-PolarizedContinuousMerits__Cost-0.25__Fee-British__ExitFees-AllUnilateralExits","1","47","0","P","7","14","P Offer","P Liability Signal: 2;P Files: 1;D Answers: 1;P Abandons: 2","2,1,1,2","0.11336000000000002","false","10.02013571181277","10.02013571181277","8","0.75","0","9.9536396611406861","0.066496050672084195","false"
"Specification-PolarizedContinuousMerits__Cost-0.25__Fee-British__ExitFees-AllUnilateralExits","1","47","0","P","7","14","P Offer","P Liability Signal: 2;P Files: 1;D Answers: 1;P Abandons: 2","2,1,1,2","0.11336000000000002","false","10.02013571181277","10.02013571181277","9","0.85","0","9.9544875093249416","0.065648202487828655","false"
"Specification-PolarizedContinuousMerits__Cost-0.25__Fee-British__ExitFees-AllUnilateralExits","1","47","0","P","7","14","P Offer","P Liability Signal: 2;P Files: 1;D Answers: 1;P Abandons: 2","2,1,1,2","0.11336000000000002","false","10.02013571181277","10.02013571181277","10","0.95","0","9.9553355468455518","0.064800164967218521","false"
"Specification-PolarizedContinuousMerits__Cost-0.25__Fee-British__ExitFees-AllUnilateralExits","1","48","0","P","2","9","P Files","P Liability Signal: 3","3","0.10415000000000002","false","10.029950159104542","10.029950159104542","1","Yes","1","10.029950159104542","0","true"
"Specification-PolarizedContinuousMerits__Cost-0.25__Fee-British__ExitFees-AllUnilateralExits","1","48","0","P","2","9","P Files","P Liability Signal: 3","3","0.10415000000000002","false","10.029950159104542","10.029950159104542","2","No","0","10.000000408799998","0.029949750304544054","false"
"Specification-PolarizedContinuousMerits__Cost-0.25__Fee-British__ExitFees-AllUnilateralExits","1","49","0","P","5","20","P Abandons","P Liability Signal: 3;P Files: 1;D Answers: 1","3,1,1","0.10415000000000002","false","10.029950159104542","10.029950159104542","1","Yes","0","9.9629756082038519","0.066974550900690488","false"
"Specification-PolarizedContinuousMerits__Cost-0.25__Fee-British__ExitFees-AllUnilateralExits","1","49","0","P","5","20","P Abandons","P Liability Signal: 3;P Files: 1;D Answers: 1","3,1,1","0.10415000000000002","false","10.029950159104542","10.029950159104542","2","No","1","10.029950159104542","0","true"
"Specification-PolarizedContinuousMerits__Cost-0.25__Fee-British__ExitFees-AllUnilateralExits","1","50","0","P","7","14","P Offer","P Liability Signal: 3;P Files: 1;D Answers: 1;P Abandons: 1","3,1,1,1","0","true","","","1","0.05","0.10000000000000001","","",""
"Specification-PolarizedContinuousMerits__Cost-0.25__Fee-British__ExitFees-AllUnilateralExits","1","50","0","P","7","14","P Offer","P Liability Signal: 3;P Files: 1;D Answers: 1;P Abandons: 1","3,1,1,1","0","true","","","2","0.15","0.10000000000000001","","",""
"Specification-PolarizedContinuousMerits__Cost-0.25__Fee-British__ExitFees-AllUnilateralExits","1","50","0","P","7","14","P Offer","P Liability Signal: 3;P Files: 1;D Answers: 1;P Abandons: 1","3,1,1,1","0","true","","","3","0.25","0.10000000000000001","","",""
"Specification-PolarizedContinuousMerits__Cost-0.25__Fee-British__ExitFees-AllUnilateralExits","1","50","0","P","7","14","P Offer","P Liability Signal: 3;P Files: 1;D Answers: 1;P Abandons: 1","3,1,1,1","0","true","","","4","0.35","0.10000000000000001","","",""
"Specification-PolarizedContinuousMerits__Cost-0.25__Fee-British__ExitFees-AllUnilateralExits","1","50","0","P","7","14","P Offer","P Liability Signal: 3;P Files: 1;D Answers: 1;P Abandons: 1","3,1,1,1","0","true","","","5","0.45","0.10000000000000001","","",""
"Specification-PolarizedContinuousMerits__Cost-0.25__Fee-British__ExitFees-AllUnilateralExits","1","50","0","P","7","14","P Offer","P Liability Signal: 3;P Files: 1;D Answers: 1;P Abandons: 1","3,1,1,1","0","true","","","6","0.55","0.10000000000000001","","",""
"Specification-PolarizedContinuousMerits__Cost-0.25__Fee-British__ExitFees-AllUnilateralExits","1","50","0","P","7","14","P Offer","P Liability Signal: 3;P Files: 1;D Answers: 1;P Abandons: 1","3,1,1,1","0","true","","","7","0.65","0.10000000000000001","","",""
"Specification-PolarizedContinuousMerits__Cost-0.25__Fee-British__ExitFees-AllUnilateralExits","1","50","0","P","7","14","P Offer","P Liability Signal: 3;P Files: 1;D Answers: 1;P Abandons: 1","3,1,1,1","0","true","","","8","0.75","0.10000000000000001","","",""
"Specification-PolarizedContinuousMerits__Cost-0.25__Fee-British__ExitFees-AllUnilateralExits","1","50","0","P","7","14","P Offer","P Liability Signal: 3;P Files: 1;D Answers: 1;P Abandons: 1","3,1,1,1","0","true","","","9","0.85","0.10000000000000001","","",""
"Specification-PolarizedContinuousMerits__Cost-0.25__Fee-British__ExitFees-AllUnilateralExits","1","50","0","P","7","14","P Offer","P Liability Signal: 3;P Files: 1;D Answers: 1;P Abandons: 1","3,1,1,1","0","true","","","10","0.95","0.10000000000000001","","",""
"Specification-PolarizedContinuousMerits__Cost-0.25__Fee-British__ExitFees-AllUnilateralExits","1","51","0","P","7","14","P Offer","P Liability Signal: 3;P Files: 1;D Answers: 1;P Abandons: 2","3,1,1,2","0.10415000000000002","false","10.029950159104542","10.029950159104542","1","0.05","1","10.029950159104542","0","true"
"Specification-PolarizedContinuousMerits__Cost-0.25__Fee-British__ExitFees-AllUnilateralExits","1","51","0","P","7","14","P Offer","P Liability Signal: 3;P Files: 1;D Answers: 1;P Abandons: 2","3,1,1,2","0.10415000000000002","false","10.029950159104542","10.029950159104542","2","0.15","0","10.014268379657434","0.015681779447108468","false"
"Specification-PolarizedContinuousMerits__Cost-0.25__Fee-British__ExitFees-AllUnilateralExits","1","51","0","P","7","14","P Offer","P Liability Signal: 3;P Files: 1;D Answers: 1;P Abandons: 2","3,1,1,2","0.10415000000000002","false","10.029950159104542","10.029950159104542","3","0.25","0","10.016206965428305","0.013743193676237553","false"
"Specification-PolarizedContinuousMerits__Cost-0.25__Fee-British__ExitFees-AllUnilateralExits","1","51","0","P","7","14","P Offer","P Liability Signal: 3;P Files: 1;D Answers: 1;P Abandons: 2","3,1,1,2","0.10415000000000002","false","10.029950159104542","10.029950159104542","4","0.35","0","10.018145118382527","0.011805040722014937","false"
"Specification-PolarizedContinuousMerits__Cost-0.25__Fee-British__ExitFees-AllUnilateralExits","1","51","0","P","7","14","P Offer","P Liability Signal: 3;P Files: 1;D Answers: 1;P Abandons: 2","3,1,1,2","0.10415000000000002","false","10.029950159104542","10.029950159104542","5","0.45","0","10.020083704153398","0.0098664549511440214","false"
"Specification-PolarizedContinuousMerits__Cost-0.25__Fee-British__ExitFees-AllUnilateralExits","1","51","0","P","7","14","P Offer","P Liability Signal: 3;P Files: 1;D Answers: 1;P Abandons: 2","3,1,1,2","0.10415000000000002","false","10.029950159104542","10.029950159104542","6","0.55","0","10.022022289924271","0.0079278691802713297","false"
"Specification-PolarizedContinuousMerits__Cost-0.25__Fee-British__ExitFees-AllUnilateralExits","1","51","0","P","7","14","P Offer","P Liability Signal: 3;P Files: 1;D Answers: 1;P Abandons: 2","3,1,1,2","0.10415000000000002","false","10.029950159104542","10.029950159104542","7","0.65","0","10.02396087569514","0.0059892834094021907","false"
"Specification-PolarizedContinuousMerits__Cost-0.25__Fee-British__ExitFees-AllUnilateralExits","1","51","0","P","7","14","P Offer","P Liability Signal: 3;P Files: 1;D Answers: 1;P Abandons: 2","3,1,1,2","0.10415000000000002","false","10.029950159104542","10.029950159104542","8","0.75","0","10.025899461466009","0.0040506976385330518","false"
"Specification-PolarizedContinuousMerits__Cost-0.25__Fee-British__ExitFees-AllUnilateralExits","1","51","0","P","7","14","P Offer","P Liability Signal: 3;P Files: 1;D Answers: 1;P Abandons: 2","3,1,1,2","0.10415000000000002","false","10.029950159104542","10.029950159104542","9","0.85","0","10.027837614420235","0.0021125446843068829","false"
"Specification-PolarizedContinuousMerits__Cost-0.25__Fee-British__ExitFees-AllUnilateralExits","1","51","0","P","7","14","P Offer","P Liability Signal: 3;P Files: 1;D Answers: 1;P Abandons: 2","3,1,1,2","0.10415000000000002","false","10.029950159104542","10.029950159104542","10","0.95","0","10.029776200191103","0.0001739589134395203","false"
"Specification-PolarizedContinuousMerits__Cost-0.25__Fee-British__ExitFees-AllUnilateralExits","1","52","0","P","2","9","P Files","P Liability Signal: 4","4","0.090939999999999993","false","10.1607165312523","10.1607165312523","1","Yes","1","10.1607165312523","0","true"
"Specification-PolarizedContinuousMerits__Cost-0.25__Fee-British__ExitFees-AllUnilateralExits","1","52","0","P","2","9","P Files","P Liability Signal: 4","4","0.090939999999999993","false","10.1607165312523","10.1607165312523","2","No","0","10.000000408800002","0.16071612245229794","false"
"Specification-PolarizedContinuousMerits__Cost-0.25__Fee-British__ExitFees-AllUnilateralExits","1","53","0","P","5","20","P Abandons","P Liability Signal: 4;P Files: 1;D Answers: 1","4,1,1","0.090939999999999993","false","10.1607165312523","10.1607165312523","1","Yes","0","10.000421831888419","0.16029469936388097","false"
"Specification-PolarizedContinuousMerits__Cost-0.25__Fee-British__ExitFees-AllUnilateralExits","1","53","0","P","5","20","P Abandons","P Liability Signal: 4;P Files: 1;D Answers: 1","4,1,1","0.090939999999999993","false","10.1607165312523","10.1607165312523","2","No","1","10.1607165312523","0","true"
"Specification-PolarizedContinuousMerits__Cost-0.25__Fee-British__ExitFees-AllUnilateralExits","1","54","0","P","7","14","P Offer","P Liability Signal: 4;P Files: 1;D Answers: 1;P Abandons: 1","4,1,1,1","0","true","","","1","0.05","0.10000000000000001","","",""
"Specification-PolarizedContinuousMerits__Cost-0.25__Fee-British__ExitFees-AllUnilateralExits","1","54","0","P","7","14","P Offer","P Liability Signal: 4;P Files: 1;D Answers: 1;P Abandons: 1","4,1,1,1","0","true","","","2","0.15","0.10000000000000001","","",""
"Specification-PolarizedContinuousMerits__Cost-0.25__Fee-British__ExitFees-AllUnilateralExits","1","54","0","P","7","14","P Offer","P Liability Signal: 4;P Files: 1;D Answers: 1;P Abandons: 1","4,1,1,1","0","true","","","3","0.25","0.10000000000000001","","",""
"Specification-PolarizedContinuousMerits__Cost-0.25__Fee-British__ExitFees-AllUnilateralExits","1","54","0","P","7","14","P Offer","P Liability Signal: 4;P Files: 1;D Answers: 1;P Abandons: 1","4,1,1,1","0","true","","","4","0.35","0.10000000000000001","","",""
"Specification-PolarizedContinuousMerits__Cost-0.25__Fee-British__ExitFees-AllUnilateralExits","1","54","0","P","7","14","P Offer","P Liability Signal: 4;P Files: 1;D Answers: 1;P Abandons: 1","4,1,1,1","0","true","","","5","0.45","0.10000000000000001","","",""
"Specification-PolarizedContinuousMerits__Cost-0.25__Fee-British__ExitFees-AllUnilateralExits","1","54","0","P","7","14","P Offer","P Liability Signal: 4;P Files: 1;D Answers: 1;P Abandons: 1","4,1,1,1","0","true","","","6","0.55","0.10000000000000001","","",""
"Specification-PolarizedContinuousMerits__Cost-0.25__Fee-British__ExitFees-AllUnilateralExits","1","54","0","P","7","14","P Offer","P Liability Signal: 4;P Files: 1;D Answers: 1;P Abandons: 1","4,1,1,1","0","true","","","7","0.65","0.10000000000000001","","",""
"Specification-PolarizedContinuousMerits__Cost-0.25__Fee-British__ExitFees-AllUnilateralExits","1","54","0","P","7","14","P Offer","P Liability Signal: 4;P Files: 1;D Answers: 1;P Abandons: 1","4,1,1,1","0","true","","","8","0.75","0.10000000000000001","","",""
"Specification-PolarizedContinuousMerits__Cost-0.25__Fee-British__ExitFees-AllUnilateralExits","1","54","0","P","7","14","P Offer","P Liability Signal: 4;P Files: 1;D Answers: 1;P Abandons: 1","4,1,1,1","0","true","","","9","0.85","0.10000000000000001","","",""
"Specification-PolarizedContinuousMerits__Cost-0.25__Fee-British__ExitFees-AllUnilateralExits","1","54","0","P","7","14","P Offer","P Liability Signal: 4;P Files: 1;D Answers: 1;P Abandons: 1","4,1,1,1","0","true","","","10","0.95","0.10000000000000001","","",""
"Specification-PolarizedContinuousMerits__Cost-0.25__Fee-British__ExitFees-AllUnilateralExits","1","55","0","P","7","14","P Offer","P Liability Signal: 4;P Files: 1;D Answers: 1;P Abandons: 2","4,1,1,2","0.090939999999999993","false","10.1607165312523","10.1607165312523","1","0.05","0","10.052306039042888","0.10841049220941201","false"
"Specification-PolarizedContinuousMerits__Cost-0.25__Fee-British__ExitFees-AllUnilateralExits","1","55","0","P","7","14","P Offer","P Liability Signal: 4;P Files: 1;D Answers: 1;P Abandons: 2","4,1,1,2","0.090939999999999993","false","10.1607165312523","10.1607165312523","2","0.15","0","10.125336940687351","0.035379590564948771","false"
"Specification-PolarizedContinuousMerits__Cost-0.25__Fee-British__ExitFees-AllUnilateralExits","1","55","0","P","7","14","P Offer","P Liability Signal: 4;P Files: 1;D Answers: 1;P Abandons: 2","4,1,1,2","0.090939999999999993","false","10.1607165312523","10.1607165312523","3","0.25","0","10.129759636365282","0.030956894887017583","false"
"Specification-PolarizedContinuousMerits__Cost-0.25__Fee-British__ExitFees-AllUnilateralExits","1","55","0","P","7","14","P Offer","P Liability Signal: 4;P Files: 1;D Answers: 1;P Abandons: 2","4,1,1,2","0.090939999999999993","false","10.1607165312523","10.1607165312523","4","0.35","0","10.134181344613953","0.026535186638346531","false"
"Specification-PolarizedContinuousMerits__Cost-0.25__Fee-British__ExitFees-AllUnilateralExits","1","55","0","P","7","14","P Offer","P Liability Signal: 4;P Files: 1;D Answers: 1;P Abandons: 2","4,1,1,2","0.090939999999999993","false","10.1607165312523","10.1607165312523","5","0.45","0","10.13860404029189","0.022112490960410014","false"
"Specification-PolarizedContinuousMerits__Cost-0.25__Fee-British__ExitFees-AllUnilateralExits","1","55","0","P","7","14","P Offer","P Liability Signal: 4;P Files: 1;D Answers: 1;P Abandons: 2","4,1,1,2","0.090939999999999993","false","10.1607165312523","10.1607165312523","6","0.55","0","10.143026735969825","0.017689795282475274","false"
"Specification-PolarizedContinuousMerits__Cost-0.25__Fee-British__ExitFees-AllUnilateralExits","1","55","0","P","7","14","P Offer","P Liability Signal: 4;P Files: 1;D Answers: 1;P Abandons: 2","4,1,1,2","0.090939999999999993","false","10.1607165312523","10.1607165312523","7","0.65","0","10.147449431647759","0.013267099604540533","false"
"Specification-PolarizedContinuousMerits__Cost-0.25__Fee-British__ExitFees-AllUnilateralExits","1","55","0","P","7","14","P Offer","P Liability Signal: 4;P Files: 1;D Answers: 1;P Abandons: 2","4,1,1,2","0.090939999999999993","false","10.1607165312523","10.1607165312523","8","0.75","0","10.151872127325694","0.0088444039266057928","false"
"Specification-PolarizedContinuousMerits__Cost-0.25__Fee-British__ExitFees-AllUnilateralExits","1","55","0","P","7","14","P Offer","P Liability Signal: 4;P Files: 1;D Answers: 1;P Abandons: 2","4,1,1,2","0.090939999999999993","false","10.1607165312523","10.1607165312523","9","0.85","0","10.156293835574363","0.0044226956779365167","false"
"Specification-PolarizedContinuousMerits__Cost-0.25__Fee-British__ExitFees-AllUnilateralExits","1","55","0","P","7","14","P Offer","P Liability Signal: 4;P Files: 1;D Answers: 1;P Abandons: 2","4,1,1,2","0.090939999999999993","false","10.1607165312523","10.1607165312523","10","0.95","1","10.1607165312523","0","true"
"Specification-PolarizedContinuousMerits__Cost-0.25__Fee-British__ExitFees-AllUnilateralExits","1","56","0","P","2","9","P Files","P Liability Signal: 5","5","0.082269999999999996","false","10.352193915354627","10.352193915354627","1","Yes","1","10.352193915354627","0","true"
"Specification-PolarizedContinuousMerits__Cost-0.25__Fee-British__ExitFees-AllUnilateralExits","1","56","0","P","2","9","P Files","P Liability Signal: 5","5","0.082269999999999996","false","10.352193915354627","10.352193915354627","2","No","0","10.0000004088","0.35219350655462733","false"
"Specification-PolarizedContinuousMerits__Cost-0.25__Fee-British__ExitFees-AllUnilateralExits","1","57","0","P","5","20","P Abandons","P Liability Signal: 5;P Files: 1;D Answers: 1","5,1,1","0.082269999999999996","false","10.352193915354627","10.352193915354627","1","Yes","0","10.073090721289162","0.27910319406546513","false"
"Specification-PolarizedContinuousMerits__Cost-0.25__Fee-British__ExitFees-AllUnilateralExits","1","57","0","P","5","20","P Abandons","P Liability Signal: 5;P Files: 1;D Answers: 1","5,1,1","0.082269999999999996","false","10.352193915354627","10.352193915354627","2","No","1","10.352193915354627","0","true"
"Specification-PolarizedContinuousMerits__Cost-0.25__Fee-British__ExitFees-AllUnilateralExits","1","58","0","P","7","14","P Offer","P Liability Signal: 5;P Files: 1;D Answers: 1;P Abandons: 1","5,1,1,1","0","true","","","1","0.05","0.10000000000000001","","",""
"Specification-PolarizedContinuousMerits__Cost-0.25__Fee-British__ExitFees-AllUnilateralExits","1","58","0","P","7","14","P Offer","P Liability Signal: 5;P Files: 1;D Answers: 1;P Abandons: 1","5,1,1,1","0","true","","","2","0.15","0.10000000000000001","","",""
"Specification-PolarizedContinuousMerits__Cost-0.25__Fee-British__ExitFees-AllUnilateralExits","1","58","0","P","7","14","P Offer","P Liability Signal: 5;P Files: 1;D Answers: 1;P Abandons: 1","5,1,1,1","0","true","","","3","0.25","0.10000000000000001","","",""
"Specification-PolarizedContinuousMerits__Cost-0.25__Fee-British__ExitFees-AllUnilateralExits","1","58","0","P","7","14","P Offer","P Liability Signal: 5;P Files: 1;D Answers: 1;P Abandons: 1","5,1,1,1","0","true","","","4","0.35","0.10000000000000001","","",""
"Specification-PolarizedContinuousMerits__Cost-0.25__Fee-British__ExitFees-AllUnilateralExits","1","58","0","P","7","14","P Offer","P Liability Signal: 5;P Files: 1;D Answers: 1;P Abandons: 1","5,1,1,1","0","true","","","5","0.45","0.10000000000000001","","",""
"Specification-PolarizedContinuousMerits__Cost-0.25__Fee-British__ExitFees-AllUnilateralExits","1","58","0","P","7","14","P Offer","P Liability Signal: 5;P Files: 1;D Answers: 1;P Abandons: 1","5,1,1,1","0","true","","","6","0.55","0.10000000000000001","","",""
"Specification-PolarizedContinuousMerits__Cost-0.25__Fee-British__ExitFees-AllUnilateralExits","1","58","0","P","7","14","P Offer","P Liability Signal: 5;P Files: 1;D Answers: 1;P Abandons: 1","5,1,1,1","0","true","","","7","0.65","0.10000000000000001","","",""
"Specification-PolarizedContinuousMerits__Cost-0.25__Fee-British__ExitFees-AllUnilateralExits","1","58","0","P","7","14","P Offer","P Liability Signal: 5;P Files: 1;D Answers: 1;P Abandons: 1","5,1,1,1","0","true","","","8","0.75","0.10000000000000001","","",""
"Specification-PolarizedContinuousMerits__Cost-0.25__Fee-British__ExitFees-AllUnilateralExits","1","58","0","P","7","14","P Offer","P Liability Signal: 5;P Files: 1;D Answers: 1;P Abandons: 1","5,1,1,1","0","true","","","9","0.85","0.10000000000000001","","",""
"Specification-PolarizedContinuousMerits__Cost-0.25__Fee-British__ExitFees-AllUnilateralExits","1","58","0","P","7","14","P Offer","P Liability Signal: 5;P Files: 1;D Answers: 1;P Abandons: 1","5,1,1,1","0","true","","","10","0.95","0.10000000000000001","","",""
"Specification-PolarizedContinuousMerits__Cost-0.25__Fee-British__ExitFees-AllUnilateralExits","1","59","0","P","7","14","P Offer","P Liability Signal: 5;P Files: 1;D Answers: 1;P Abandons: 2","5,1,1,2","0.082269999999999996","false","10.352193915354627","10.352193915354627","1","0.05","0","10.095690306048837","0.25650360930579019","false"
"Specification-PolarizedContinuousMerits__Cost-0.25__Fee-British__ExitFees-AllUnilateralExits","1","59","0","P","7","14","P Offer","P Liability Signal: 5;P Files: 1;D Answers: 1;P Abandons: 2","5,1,1,2","0.082269999999999996","false","10.352193915354627","10.352193915354627","2","0.15","0","10.278250771071567","0.073943144283060036","false"
"Specification-PolarizedContinuousMerits__Cost-0.25__Fee-British__ExitFees-AllUnilateralExits","1","59","0","P","7","14","P Offer","P Liability Signal: 5;P Files: 1;D Answers: 1;P Abandons: 2","5,1,1,2","0.082269999999999996","false","10.352193915354627","10.352193915354627","3","0.25","0","10.287494180037346","0.064699735317281792","false"
"Specification-PolarizedContinuousMerits__Cost-0.25__Fee-British__ExitFees-AllUnilateralExits","1","59","0","P","7","14","P Offer","P Liability Signal: 5;P Files: 1;D Answers: 1;P Abandons: 2","5,1,1,2","0.082269999999999996","false","10.352193915354627","10.352193915354627","4","0.35","0","10.296735525281539","0.055458390073088282","false"
"Specification-PolarizedContinuousMerits__Cost-0.25__Fee-British__ExitFees-AllUnilateralExits","1","59","0","P","7","14","P Offer","P Liability Signal: 5;P Files: 1;D Answers: 1;P Abandons: 2","5,1,1,2","0.082269999999999996","false","10.352193915354627","10.352193915354627","5","0.45","0","10.305978934247319","0.046214981107308262","false"
"Specification-PolarizedContinuousMerits__Cost-0.25__Fee-British__ExitFees-AllUnilateralExits","1","59","0","P","7","14","P Offer","P Liability Signal: 5;P Files: 1;D Answers: 1;P Abandons: 2","5,1,1,2","0.082269999999999996","false","10.352193915354627","10.352193915354627","6","0.55","0","10.315222343213097","0.036971572141530018","false"
"Specification-PolarizedContinuousMerits__Cost-0.25__Fee-British__ExitFees-AllUnilateralExits","1","59","0","P","7","14","P Offer","P Liability Signal: 5;P Files: 1;D Answers: 1;P Abandons: 2","5,1,1,2","0.082269999999999996","false","10.352193915354627","10.352193915354627","7","0.65","0","10.324465752178877","0.027728163175749998","false"
"Specification-PolarizedContinuousMerits__Cost-0.25__Fee-British__ExitFees-AllUnilateralExits","1","59","0","P","7","14","P Offer","P Liability Signal: 5;P Files: 1;D Answers: 1;P Abandons: 2","5,1,1,2","0.082269999999999996","false","10.352193915354627","10.352193915354627","8","0.75","0","10.333709161144652","0.018484754209975307","false"
"Specification-PolarizedContinuousMerits__Cost-0.25__Fee-British__ExitFees-AllUnilateralExits","1","59","0","P","7","14","P Offer","P Liability Signal: 5;P Files: 1;D Answers: 1;P Abandons: 2","5,1,1,2","0.082269999999999996","false","10.352193915354627","10.352193915354627","9","0.85","0","10.342950506388849","0.0092434089657782437","false"
"Specification-PolarizedContinuousMerits__Cost-0.25__Fee-British__ExitFees-AllUnilateralExits","1","59","0","P","7","14","P Offer","P Liability Signal: 5;P Files: 1;D Answers: 1;P Abandons: 2","5,1,1,2","0.082269999999999996","false","10.352193915354627","10.352193915354627","10","0.95","1","10.352193915354627","0","true"
"Specification-PolarizedContinuousMerits__Cost-0.25__Fee-British__ExitFees-AllUnilateralExits","1","60","0","P","2","9","P Files","P Liability Signal: 6","6","0.08227000000000001","false","10.563326807519841","10.563326807519841","1","Yes","1","10.563326807519841","0","true"
"Specification-PolarizedContinuousMerits__Cost-0.25__Fee-British__ExitFees-AllUnilateralExits","1","60","0","P","2","9","P Files","P Liability Signal: 6","6","0.08227000000000001","false","10.563326807519841","10.563326807519841","2","No","0","10.000000408799997","0.56332639871984469","false"
"Specification-PolarizedContinuousMerits__Cost-0.25__Fee-British__ExitFees-AllUnilateralExits","1","61","0","P","5","20","P Abandons","P Liability Signal: 6;P Files: 1;D Answers: 1","6,1,1","0.08227000000000001","false","10.563326807519841","10.563326807519841","1","Yes","0","10.181374225607289","0.38195258191255199","false"
"Specification-PolarizedContinuousMerits__Cost-0.25__Fee-British__ExitFees-AllUnilateralExits","1","61","0","P","5","20","P Abandons","P Liability Signal: 6;P Files: 1;D Answers: 1","6,1,1","0.08227000000000001","false","10.563326807519841","10.563326807519841","2","No","1","10.563326807519841","0","true"
"Specification-PolarizedContinuousMerits__Cost-0.25__Fee-British__ExitFees-AllUnilateralExits","1","62","0","P","7","14","P Offer","P Liability Signal: 6;P Files: 1;D Answers: 1;P Abandons: 1","6,1,1,1","0","true","","","1","0.05","0.10000000000000001","","",""
"Specification-PolarizedContinuousMerits__Cost-0.25__Fee-British__ExitFees-AllUnilateralExits","1","62","0","P","7","14","P Offer","P Liability Signal: 6;P Files: 1;D Answers: 1;P Abandons: 1","6,1,1,1","0","true","","","2","0.15","0.10000000000000001","","",""
"Specification-PolarizedContinuousMerits__Cost-0.25__Fee-British__ExitFees-AllUnilateralExits","1","62","0","P","7","14","P Offer","P Liability Signal: 6;P Files: 1;D Answers: 1;P Abandons: 1","6,1,1,1","0","true","","","3","0.25","0.10000000000000001","","",""
"Specification-PolarizedContinuousMerits__Cost-0.25__Fee-British__ExitFees-AllUnilateralExits","1","62","0","P","7","14","P Offer","P Liability Signal: 6;P Files: 1;D Answers: 1;P Abandons: 1","6,1,1,1","0","true","","","4","0.35","0.10000000000000001","","",""
"Specification-PolarizedContinuousMerits__Cost-0.25__Fee-British__ExitFees-AllUnilateralExits","1","62","0","P","7","14","P Offer","P Liability Signal: 6;P Files: 1;D Answers: 1;P Abandons: 1","6,1,1,1","0","true","","","5","0.45","0.10000000000000001","","",""
"Specification-PolarizedContinuousMerits__Cost-0.25__Fee-British__ExitFees-AllUnilateralExits","1","62","0","P","7","14","P Offer","P Liability Signal: 6;P Files: 1;D Answers: 1;P Abandons: 1","6,1,1,1","0","true","","","6","0.55","0.10000000000000001","","",""
"Specification-PolarizedContinuousMerits__Cost-0.25__Fee-British__ExitFees-AllUnilateralExits","1","62","0","P","7","14","P Offer","P Liability Signal: 6;P Files: 1;D Answers: 1;P Abandons: 1","6,1,1,1","0","true","","","7","0.65","0.10000000000000001","","",""
"Specification-PolarizedContinuousMerits__Cost-0.25__Fee-British__ExitFees-AllUnilateralExits","1","62","0","P","7","14","P Offer","P Liability Signal: 6;P Files: 1;D Answers: 1;P Abandons: 1","6,1,1,1","0","true","","","8","0.75","0.10000000000000001","","",""
"Specification-PolarizedContinuousMerits__Cost-0.25__Fee-British__ExitFees-AllUnilateralExits","1","62","0","P","7","14","P Offer","P Liability Signal: 6;P Files: 1;D Answers: 1;P Abandons: 1","6,1,1,1","0","true","","","9","0.85","0.10000000000000001","","",""
"Specification-PolarizedContinuousMerits__Cost-0.25__Fee-British__ExitFees-AllUnilateralExits","1","62","0","P","7","14","P Offer","P Liability Signal: 6;P Files: 1;D Answers: 1;P Abandons: 1","6,1,1,1","0","true","","","10","0.95","0.10000000000000001","","",""
"Specification-PolarizedContinuousMerits__Cost-0.25__Fee-British__ExitFees-AllUnilateralExits","1","63","0","P","7","14","P Offer","P Liability Signal: 6;P Files: 1;D Answers: 1;P Abandons: 2","6,1,1,2","0.08227000000000001","false","10.563326807519841","10.563326807519841","1","0.05","0","10.160336958865715","0.40298984865412635","false"
"Specification-PolarizedContinuousMerits__Cost-0.25__Fee-British__ExitFees-AllUnilateralExits","1","63","0","P","7","14","P Offer","P Liability Signal: 6;P Files: 1;D Answers: 1;P Abandons: 2","6,1,1,2","0.08227000000000001","false","10.563326807519841","10.563326807519841","2","0.15","0","10.431920328238922","0.13140647928091909","false"
"Specification-PolarizedContinuousMerits__Cost-0.25__Fee-British__ExitFees-AllUnilateralExits","1","63","0","P","7","14","P Offer","P Liability Signal: 6;P Files: 1;D Answers: 1;P Abandons: 2","6,1,1,2","0.08227000000000001","false","10.563326807519841","10.563326807519841","3","0.25","0","10.448347055023717","0.11497975249612402","false"
"Specification-PolarizedContinuousMerits__Cost-0.25__Fee-British__ExitFees-AllUnilateralExits","1","63","0","P","7","14","P Offer","P Liability Signal: 6;P Files: 1;D Answers: 1;P Abandons: 2","6,1,1,2","0.08227000000000001","false","10.563326807519841","10.563326807519841","4","0.35","0","10.46477011430979","0.098556693210051449","false"
"Specification-PolarizedContinuousMerits__Cost-0.25__Fee-British__ExitFees-AllUnilateralExits","1","63","0","P","7","14","P Offer","P Liability Signal: 6;P Files: 1;D Answers: 1;P Abandons: 2","6,1,1,2","0.08227000000000001","false","10.563326807519841","10.563326807519841","5","0.45","0","10.481196841094585","0.082129966425256384","false"
"Specification-PolarizedContinuousMerits__Cost-0.25__Fee-British__ExitFees-AllUnilateralExits","1","63","0","P","7","14","P Offer","P Liability Signal: 6;P Files: 1;D Answers: 1;P Abandons: 2","6,1,1,2","0.08227000000000001","false","10.563326807519841","10.563326807519841","6","0.55","0","10.49762356787938","0.065703239640461319","false"
"Specification-PolarizedContinuousMerits__Cost-0.25__Fee-British__ExitFees-AllUnilateralExits","1","63","0","P","7","14","P Offer","P Liability Signal: 6;P Files: 1;D Answers: 1;P Abandons: 2","6,1,1,2","0.08227000000000001","false","10.563326807519841","10.563326807519841","7","0.65","0","10.514050294664177","0.049276512855664478","false"
"Specification-PolarizedContinuousMerits__Cost-0.25__Fee-British__ExitFees-AllUnilateralExits","1","63","0","P","7","14","P Offer","P Liability Signal: 6;P Files: 1;D Answers: 1;P Abandons: 2","6,1,1,2","0.08227000000000001","false","10.563326807519841","10.563326807519841","8","0.75","0","10.530477021448974","0.032849786070867637","false"
"Specification-PolarizedContinuousMerits__Cost-0.25__Fee-British__ExitFees-AllUnilateralExits","1","63","0","P","7","14","P Offer","P Liability Signal: 6;P Files: 1;D Answers: 1;P Abandons: 2","6,1,1,2","0.08227000000000001","false","10.563326807519841","10.563326807519841","9","0.85","0","10.546900080735046","0.016426726784795065","false"
"Specification-PolarizedContinuousMerits__Cost-0.25__Fee-British__ExitFees-AllUnilateralExits","1","63","0","P","7","14","P Offer","P Liability Signal: 6;P Files: 1;D Answers: 1;P Abandons: 2","6,1,1,2","0.08227000000000001","false","10.563326807519841","10.563326807519841","10","0.95","1","10.563326807519841","0","true"
"Specification-PolarizedContinuousMerits__Cost-0.25__Fee-British__ExitFees-AllUnilateralExits","1","64","0","P","2","9","P Files","P Liability Signal: 7","7","0.090939999999999993","false","10.731645561833375","10.731645561833375","1","Yes","1","10.731645561833375","0","true"
"Specification-PolarizedContinuousMerits__Cost-0.25__Fee-British__ExitFees-AllUnilateralExits","1","64","0","P","2","9","P Files","P Liability Signal: 7","7","0.090939999999999993","false","10.731645561833375","10.731645561833375","2","No","0","10.000000408799998","0.73164515303337652","false"
"Specification-PolarizedContinuousMerits__Cost-0.25__Fee-British__ExitFees-AllUnilateralExits","1","65","0","P","5","20","P Abandons","P Liability Signal: 7;P Files: 1;D Answers: 1","7,1,1","0.090939999999999993","false","10.731645561833375","10.731645561833375","1","Yes","0","10.299139885600777","0.43250567623259784","false"
"Specification-PolarizedContinuousMerits__Cost-0.25__Fee-British__ExitFees-AllUnilateralExits","1","65","0","P","5","20","P Abandons","P Liability Signal: 7;P Files: 1;D Answers: 1","7,1,1","0.090939999999999993","false","10.731645561833375","10.731645561833375","2","No","1","10.731645561833375","0","true"
"Specification-PolarizedContinuousMerits__Cost-0.25__Fee-British__ExitFees-AllUnilateralExits","1","66","0","P","7","14","P Offer","P Liability Signal: 7;P Files: 1;D Answers: 1;P Abandons: 1","7,1,1,1","0","true","","","1","0.05","0.10000000000000001","","",""
"Specification-PolarizedContinuousMerits__Cost-0.25__Fee-British__ExitFees-AllUnilateralExits","1","66","0","P","7","14","P Offer","P Liability Signal: 7;P Files: 1;D Answers: 1;P Abandons: 1","7,1,1,1","0","true","","","2","0.15","0.10000000000000001","","",""
"Specification-PolarizedContinuousMerits__Cost-0.25__Fee-British__ExitFees-AllUnilateralExits","1","66","0","P","7","14","P Offer","P Liability Signal: 7;P Files: 1;D Answers: 1;P Abandons: 1","7,1,1,1","0","true","","","3","0.25","0.10000000000000001","","",""
"Specification-PolarizedContinuousMerits__Cost-0.25__Fee-British__ExitFees-AllUnilateralExits","1","66","0","P","7","14","P Offer","P Liability Signal: 7;P Files: 1;D Answers: 1;P Abandons: 1","7,1,1,1","0","true","","","4","0.35","0.10000000000000001","","",""
"Specification-PolarizedContinuousMerits__Cost-0.25__Fee-British__ExitFees-AllUnilateralExits","1","66","0","P","7","14","P Offer","P Liability Signal: 7;P Files: 1;D Answers: 1;P Abandons: 1","7,1,1,1","0","true","","","5","0.45","0.10000000000000001","","",""
"Specification-PolarizedContinuousMerits__Cost-0.25__Fee-British__ExitFees-AllUnilateralExits","1","66","0","P","7","14","P Offer","P Liability Signal: 7;P Files: 1;D Answers: 1;P Abandons: 1","7,1,1,1","0","true","","","6","0.55","0.10000000000000001","","",""
"Specification-PolarizedContinuousMerits__Cost-0.25__Fee-British__ExitFees-AllUnilateralExits","1","66","0","P","7","14","P Offer","P Liability Signal: 7;P Files: 1;D Answers: 1;P Abandons: 1","7,1,1,1","0","true","","","7","0.65","0.10000000000000001","","",""
"Specification-PolarizedContinuousMerits__Cost-0.25__Fee-British__ExitFees-AllUnilateralExits","1","66","0","P","7","14","P Offer","P Liability Signal: 7;P Files: 1;D Answers: 1;P Abandons: 1","7,1,1,1","0","true","","","8","0.75","0.10000000000000001","","",""
"Specification-PolarizedContinuousMerits__Cost-0.25__Fee-British__ExitFees-AllUnilateralExits","1","66","0","P","7","14","P Offer","P Liability Signal: 7;P Files: 1;D Answers: 1;P Abandons: 1","7,1,1,1","0","true","","","9","0.85","0.10000000000000001","","",""
"Specification-PolarizedContinuousMerits__Cost-0.25__Fee-British__ExitFees-AllUnilateralExits","1","66","0","P","7","14","P Offer","P Liability Signal: 7;P Files: 1;D Answers: 1;P Abandons: 1","7,1,1,1","0","true","","","10","0.95","0.10000000000000001","","",""
"Specification-PolarizedContinuousMerits__Cost-0.25__Fee-British__ExitFees-AllUnilateralExits","1","67","0","P","7","14","P Offer","P Liability Signal: 7;P Files: 1;D Answers: 1;P Abandons: 2","7,1,1,2","0.090939999999999993","false","10.731645561833375","10.731645561833375","1","0.05","0","10.230644581280508","0.50100098055286679","false"
"Specification-PolarizedContinuousMerits__Cost-0.25__Fee-British__ExitFees-AllUnilateralExits","1","67","0","P","7","14","P Offer","P Liability Signal: 7;P Files: 1;D Answers: 1;P Abandons: 2","7,1,1,2","0.090939999999999993","false","10.731645561833375","10.731645561833375","2","0.15","0","10.537743805787413","0.19390175604596216","false"
"Specification-PolarizedContinuousMerits__Cost-0.25__Fee-British__ExitFees-AllUnilateralExits","1","67","0","P","7","14","P Offer","P Liability Signal: 7;P Files: 1;D Answers: 1;P Abandons: 2","7,1,1,2","0.090939999999999993","false","10.731645561833375","10.731645561833375","3","0.25","0","10.561982878221963","0.16966268361141168","false"
"Specification-PolarizedContinuousMerits__Cost-0.25__Fee-British__ExitFees-AllUnilateralExits","1","67","0","P","7","14","P Offer","P Liability Signal: 7;P Files: 1;D Answers: 1;P Abandons: 2","7,1,1,2","0.090939999999999993","false","10.731645561833375","10.731645561833375","4","0.35","0","10.586216538941297","0.1454290228920776","false"
"Specification-PolarizedContinuousMerits__Cost-0.25__Fee-British__ExitFees-AllUnilateralExits","1","67","0","P","7","14","P Offer","P Liability Signal: 7;P Files: 1;D Answers: 1;P Abandons: 2","7,1,1,2","0.090939999999999993","false","10.731645561833375","10.731645561833375","5","0.45","0","10.610455611375848","0.12118995045752712","false"
"Specification-PolarizedContinuousMerits__Cost-0.25__Fee-British__ExitFees-AllUnilateralExits","1","67","0","P","7","14","P Offer","P Liability Signal: 7;P Files: 1;D Answers: 1;P Abandons: 2","7,1,1,2","0.090939999999999993","false","10.731645561833375","10.731645561833375","6","0.55","0","10.634694683810395","0.096950878022980191","false"
"Specification-PolarizedContinuousMerits__Cost-0.25__Fee-British__ExitFees-AllUnilateralExits","1","67","0","P","7","14","P Offer","P Liability Signal: 7;P Files: 1;D Answers: 1;P Abandons: 2","7,1,1,2","0.090939999999999993","false","10.731645561833375","10.731645561833375","7","0.65","0","10.658933756244942","0.072711805588433265","false"
"Specification-PolarizedContinuousMerits__Cost-0.25__Fee-British__ExitFees-AllUnilateralExits","1","67","0","P","7","14","P Offer","P Liability Signal: 7;P Files: 1;D Answers: 1;P Abandons: 2","7,1,1,2","0.090939999999999993","false","10.731645561833375","10.731645561833375","8","0.75","0","10.683172828679488","0.048472733153886338","false"
"Specification-PolarizedContinuousMerits__Cost-0.25__Fee-British__ExitFees-AllUnilateralExits","1","67","0","P","7","14","P Offer","P Liability Signal: 7;P Files: 1;D Answers: 1;P Abandons: 2","7,1,1,2","0.090939999999999993","false","10.731645561833375","10.731645561833375","9","0.85","0","10.707406489398828","0.024239072434546927","false"
"Specification-PolarizedContinuousMerits__Cost-0.25__Fee-British__ExitFees-AllUnilateralExits","1","67","0","P","7","14","P Offer","P Liability Signal: 7;P Files: 1;D Answers: 1;P Abandons: 2","7,1,1,2","0.090939999999999993","false","10.731645561833375","10.731645561833375","10","0.95","1","10.731645561833375","0","true"
"Specification-PolarizedContinuousMerits__Cost-0.25__Fee-British__ExitFees-AllUnilateralExits","1","68","0","P","2","9","P Files","P Liability Signal: 8","8","0.10414999999999999","false","10.832523535464498","10.832523535464498","1","Yes","1","10.832523535464498","0","true"
"Specification-PolarizedContinuousMerits__Cost-0.25__Fee-British__ExitFees-AllUnilateralExits","1","68","0","P","2","9","P Files","P Liability Signal: 8","8","0.10414999999999999","false","10.832523535464498","10.832523535464498","2","No","0","10.000000408800002","0.8325231266644959","false"
"Specification-PolarizedContinuousMerits__Cost-0.25__Fee-British__ExitFees-AllUnilateralExits","1","69","0","P","5","20","P Abandons","P Liability Signal: 8;P Files: 1;D Answers: 1","8,1,1","0.10414999999999999","false","10.832523535464498","10.832523535464498","1","Yes","0","10.395770438667629","0.43675309679686869","false"
"Specification-PolarizedContinuousMerits__Cost-0.25__Fee-British__ExitFees-AllUnilateralExits","1","69","0","P","5","20","P Abandons","P Liability Signal: 8;P Files: 1;D Answers: 1","8,1,1","0.10414999999999999","false","10.832523535464498","10.832523535464498","2","No","1","10.832523535464498","0","true"
"Specification-PolarizedContinuousMerits__Cost-0.25__Fee-British__ExitFees-AllUnilateralExits","1","70","0","P","7","14","P Offer","P Liability Signal: 8;P Files: 1;D Answers: 1;P Abandons: 1","8,1,1,1","0","true","","","1","0.05","0.10000000000000001","","",""
"Specification-PolarizedContinuousMerits__Cost-0.25__Fee-British__ExitFees-AllUnilateralExits","1","70","0","P","7","14","P Offer","P Liability Signal: 8;P Files: 1;D Answers: 1;P Abandons: 1","8,1,1,1","0","true","","","2","0.15","0.10000000000000001","","",""
"Specification-PolarizedContinuousMerits__Cost-0.25__Fee-British__ExitFees-AllUnilateralExits","1","70","0","P","7","14","P Offer","P Liability Signal: 8;P Files: 1;D Answers: 1;P Abandons: 1","8,1,1,1","0","true","","","3","0.25","0.10000000000000001","","",""
"Specification-PolarizedContinuousMerits__Cost-0.25__Fee-British__ExitFees-AllUnilateralExits","1","70","0","P","7","14","P Offer","P Liability Signal: 8;P Files: 1;D Answers: 1;P Abandons: 1","8,1,1,1","0","true","","","4","0.35","0.10000000000000001","","",""
"Specification-PolarizedContinuousMerits__Cost-0.25__Fee-British__ExitFees-AllUnilateralExits","1","70","0","P","7","14","P Offer","P Liability Signal: 8;P Files: 1;D Answers: 1;P Abandons: 1","8,1,1,1","0","true","","","5","0.45","0.10000000000000001","","",""
"Specification-PolarizedContinuousMerits__Cost-0.25__Fee-British__ExitFees-AllUnilateralExits","1","70","0","P","7","14","P Offer","P Liability Signal: 8;P Files: 1;D Answers: 1;P Abandons: 1","8,1,1,1","0","true","","","6","0.55","0.10000000000000001","","",""
"Specification-PolarizedContinuousMerits__Cost-0.25__Fee-British__ExitFees-AllUnilateralExits","1","70","0","P","7","14","P Offer","P Liability Signal: 8;P Files: 1;D Answers: 1;P Abandons: 1","8,1,1,1","0","true","","","7","0.65","0.10000000000000001","","",""
"Specification-PolarizedContinuousMerits__Cost-0.25__Fee-British__ExitFees-AllUnilateralExits","1","70","0","P","7","14","P Offer","P Liability Signal: 8;P Files: 1;D Answers: 1;P Abandons: 1","8,1,1,1","0","true","","","8","0.75","0.10000000000000001","","",""
"Specification-PolarizedContinuousMerits__Cost-0.25__Fee-British__ExitFees-AllUnilateralExits","1","70","0","P","7","14","P Offer","P Liability Signal: 8;P Files: 1;D Answers: 1;P Abandons: 1","8,1,1,1","0","true","","","9","0.85","0.10000000000000001","","",""
"Specification-PolarizedContinuousMerits__Cost-0.25__Fee-British__ExitFees-AllUnilateralExits","1","70","0","P","7","14","P Offer","P Liability Signal: 8;P Files: 1;D Answers: 1;P Abandons: 1","8,1,1,1","0","true","","","10","0.95","0.10000000000000001","","",""
"Specification-PolarizedContinuousMerits__Cost-0.25__Fee-British__ExitFees-AllUnilateralExits","1","71","0","P","7","14","P Offer","P Liability Signal: 8;P Files: 1;D Answers: 1;P Abandons: 2","8,1,1,2","0.10414999999999999","false","10.832523535464498","10.832523535464498","1","0.05","0","10.28833427145957","0.54418926400492751","false"
"Specification-PolarizedContinuousMerits__Cost-0.25__Fee-British__ExitFees-AllUnilateralExits","1","71","0","P","7","14","P Offer","P Liability Signal: 8;P Files: 1;D Answers: 1;P Abandons: 2","8,1,1,2","0.10414999999999999","false","10.832523535464498","10.832523535464498","2","0.15","0","10.587342372856337","0.24518116260816036","false"
"Specification-PolarizedContinuousMerits__Cost-0.25__Fee-British__ExitFees-AllUnilateralExits","1","71","0","P","7","14","P Offer","P Liability Signal: 8;P Files: 1;D Answers: 1;P Abandons: 2","8,1,1,2","0.10414999999999999","false","10.832523535464498","10.832523535464498","3","0.25","0","10.617991728907747","0.21453180655675119","false"
"Specification-PolarizedContinuousMerits__Cost-0.25__Fee-British__ExitFees-AllUnilateralExits","1","71","0","P","7","14","P Offer","P Liability Signal: 8;P Files: 1;D Answers: 1;P Abandons: 2","8,1,1,2","0.10414999999999999","false","10.832523535464498","10.832523535464498","4","0.35","0","10.648634242057602","0.18388929340689586","false"
"Specification-PolarizedContinuousMerits__Cost-0.25__Fee-British__ExitFees-AllUnilateralExits","1","71","0","P","7","14","P Offer","P Liability Signal: 8;P Files: 1;D Answers: 1;P Abandons: 2","8,1,1,2","0.10414999999999999","false","10.832523535464498","10.832523535464498","5","0.45","0","10.679283598109008","0.15323993735549024","false"
"Specification-PolarizedContinuousMerits__Cost-0.25__Fee-British__ExitFees-AllUnilateralExits","1","71","0","P","7","14","P Offer","P Liability Signal: 8;P Files: 1;D Answers: 1;P Abandons: 2","8,1,1,2","0.10414999999999999","false","10.832523535464498","10.832523535464498","6","0.55","0","10.709932954160417","0.12259058130408107","false"
"Specification-PolarizedContinuousMerits__Cost-0.25__Fee-British__ExitFees-AllUnilateralExits","1","71","0","P","7","14","P Offer","P Liability Signal: 8;P Files: 1;D Answers: 1;P Abandons: 2","8,1,1,2","0.10414999999999999","false","10.832523535464498","10.832523535464498","7","0.65","0","10.740582310211826","0.091941225252671899","false"
"Specification-PolarizedContinuousMerits__Cost-0.25__Fee-British__ExitFees-AllUnilateralExits","1","71","0","P","7","14","P Offer","P Liability Signal: 8;P Files: 1;D Answers: 1;P Abandons: 2","8,1,1,2","0.10414999999999999","false","10.832523535464498","10.832523535464498","8","0.75","0","10.771231666263233","0.061291869201264504","false"
"Specification-PolarizedContinuousMerits__Cost-0.25__Fee-British__ExitFees-AllUnilateralExits","1","71","0","P","7","14","P Offer","P Liability Signal: 8;P Files: 1;D Answers: 1;P Abandons: 2","8,1,1,2","0.10414999999999999","false","10.832523535464498","10.832523535464498","9","0.85","0","10.801874179413089","0.030649356051409171","false"
"Specification-PolarizedContinuousMerits__Cost-0.25__Fee-British__ExitFees-AllUnilateralExits","1","71","0","P","7","14","P Offer","P Liability Signal: 8;P Files: 1;D Answers: 1;P Abandons: 2","8,1,1,2","0.10414999999999999","false","10.832523535464498","10.832523535464498","10","0.95","1","10.832523535464498","0","true"
"Specification-PolarizedContinuousMerits__Cost-0.25__Fee-British__ExitFees-AllUnilateralExits","1","72","0","P","2","9","P Files","P Liability Signal: 9","9","0.11336","false","10.882435078537473","10.882435078537473","1","Yes","1","10.882435078537473","0","true"
"Specification-PolarizedContinuousMerits__Cost-0.25__Fee-British__ExitFees-AllUnilateralExits","1","72","0","P","2","9","P Files","P Liability Signal: 9","9","0.11336","false","10.882435078537473","10.882435078537473","2","No","0","10.000000408799998","0.88243466973747431","false"
"Specification-PolarizedContinuousMerits__Cost-0.25__Fee-British__ExitFees-AllUnilateralExits","1","73","0","P","5","20","P Abandons","P Liability Signal: 9;P Files: 1;D Answers: 1","9,1,1","0.11336","false","10.882435078537473","10.882435078537473","1","Yes","0","10.461399317415918","0.42103576112155494","false"
"Specification-PolarizedContinuousMerits__Cost-0.25__Fee-British__ExitFees-AllUnilateralExits","1","73","0","P","5","20","P Abandons","P Liability Signal: 9;P Files: 1;D Answers: 1","9,1,1","0.11336","false","10.882435078537473","10.882435078537473","2","No","1","10.882435078537473","0","true"
"Specification-PolarizedContinuousMerits__Cost-0.25__Fee-British__ExitFees-AllUnilateralExits","1","74","0","P","7","14","P Offer","P Liability Signal: 9;P Files: 1;D Answers: 1;P Abandons: 1","9,1,1,1","0","true","","","1","0.05","0.10000000000000001","","",""
"Specification-PolarizedContinuousMerits__Cost-0.25__Fee-British__ExitFees-AllUnilateralExits","1","74","0","P","7","14","P Offer","P Liability Signal: 9;P Files: 1;D Answers: 1;P Abandons: 1","9,1,1,1","0","true","","","2","0.15","0.10000000000000001","","",""
"Specification-PolarizedContinuousMerits__Cost-0.25__Fee-British__ExitFees-AllUnilateralExits","1","74","0","P","7","14","P Offer","P Liability Signal: 9;P Files: 1;D Answers: 1;P Abandons: 1","9,1,1,1","0","true","","","3","0.25","0.10000000000000001","","",""
"Specification-PolarizedContinuousMerits__Cost-0.25__Fee-British__ExitFees-AllUnilateralExits","1","74","0","P","7","14","P Offer","P Liability Signal: 9;P Files: 1;D Answers: 1;P Abandons: 1","9,1,1,1","0","true","","","4","0.35","0.10000000000000001","","",""
"Specification-PolarizedContinuousMerits__Cost-0.25__Fee-British__ExitFees-AllUnilateralExits","1","74","0","P","7","14","P Offer","P Liability Signal: 9;P Files: 1;D Answers: 1;P Abandons: 1","9,1,1,1","0","true","","","5","0.45","0.10000000000000001","","",""
"Specification-PolarizedContinuousMerits__Cost-0.25__Fee-British__ExitFees-AllUnilateralExits","1","74","0","P","7","14","P Offer","P Liability Signal: 9;P Files: 1;D Answers: 1;P Abandons: 1","9,1,1,1","0","true","","","6","0.55","0.10000000000000001","","",""
"Specification-PolarizedContinuousMerits__Cost-0.25__Fee-British__ExitFees-AllUnilateralExits","1","74","0","P","7","14","P Offer","P Liability Signal: 9;P Files: 1;D Answers: 1;P Abandons: 1","9,1,1,1","0","true","","","7","0.65","0.10000000000000001","","",""
"Specification-PolarizedContinuousMerits__Cost-0.25__Fee-British__ExitFees-AllUnilateralExits","1","74","0","P","7","14","P Offer","P Liability Signal: 9;P Files: 1;D Answers: 1;P Abandons: 1","9,1,1,1","0","true","","","8","0.75","0.10000000000000001","","",""
"Specification-PolarizedContinuousMerits__Cost-0.25__Fee-British__ExitFees-AllUnilateralExits","1","74","0","P","7","14","P Offer","P Liability Signal: 9;P Files: 1;D Answers: 1;P Abandons: 1","9,1,1,1","0","true","","","9","0.85","0.10000000000000001","","",""
"Specification-PolarizedContinuousMerits__Cost-0.25__Fee-British__ExitFees-AllUnilateralExits","1","74","0","P","7","14","P Offer","P Liability Signal: 9;P Files: 1;D Answers: 1;P Abandons: 1","9,1,1,1","0","true","","","10","0.95","0.10000000000000001","","",""
"Specification-PolarizedContinuousMerits__Cost-0.25__Fee-British__ExitFees-AllUnilateralExits","1","75","0","P","7","14","P Offer","P Liability Signal: 9;P Files: 1;D Answers: 1;P Abandons: 2","9,1,1,2","0.11336","false","10.882435078537473","10.882435078537473","1","0.05","0","10.327515561037499","0.55491951749997348","false"
"Specification-PolarizedContinuousMerits__Cost-0.25__Fee-British__ExitFees-AllUnilateralExits","1","75","0","P","7","14","P Offer","P Liability Signal: 9;P Files: 1;D Answers: 1;P Abandons: 2","9,1,1,2","0.11336","false","10.882435078537473","10.882435078537473","2","0.15","0","10.602426318976342","0.28000875956113092","false"
"Specification-PolarizedContinuousMerits__Cost-0.25__Fee-British__ExitFees-AllUnilateralExits","1","75","0","P","7","14","P Offer","P Liability Signal: 9;P Files: 1;D Answers: 1;P Abandons: 2","9,1,1,2","0.11336","false","10.882435078537473","10.882435078537473","3","0.25","0","10.637429367652713","0.24500571088475986","false"
"Specification-PolarizedContinuousMerits__Cost-0.25__Fee-British__ExitFees-AllUnilateralExits","1","75","0","P","7","14","P Offer","P Liability Signal: 9;P Files: 1;D Answers: 1;P Abandons: 2","9,1,1,2","0.11336","false","10.882435078537473","10.882435078537473","4","0.35","0","10.672424601404169","0.21001047713330401","false"
"Specification-PolarizedContinuousMerits__Cost-0.25__Fee-British__ExitFees-AllUnilateralExits","1","75","0","P","7","14","P Offer","P Liability Signal: 9;P Files: 1;D Answers: 1;P Abandons: 2","9,1,1,2","0.11336","false","10.882435078537473","10.882435078537473","5","0.45","0","10.707427650080538","0.17500742845693473","false"
"Specification-PolarizedContinuousMerits__Cost-0.25__Fee-British__ExitFees-AllUnilateralExits","1","75","0","P","7","14","P Offer","P Liability Signal: 9;P Files: 1;D Answers: 1;P Abandons: 2","9,1,1,2","0.11336","false","10.882435078537473","10.882435078537473","6","0.55","0","10.742430698756907","0.14000437978056546","false"
"Specification-PolarizedContinuousMerits__Cost-0.25__Fee-British__ExitFees-AllUnilateralExits","1","75","0","P","7","14","P Offer","P Liability Signal: 9;P Files: 1;D Answers: 1;P Abandons: 2","9,1,1,2","0.11336","false","10.882435078537473","10.882435078537473","7","0.65","0","10.777433747433276","0.10500133110419618","false"
"Specification-PolarizedContinuousMerits__Cost-0.25__Fee-British__ExitFees-AllUnilateralExits","1","75","0","P","7","14","P Offer","P Liability Signal: 9;P Files: 1;D Answers: 1;P Abandons: 2","9,1,1,2","0.11336","false","10.882435078537473","10.882435078537473","8","0.75","0","10.812436796109646","0.069998282427826908","false"
"Specification-PolarizedContinuousMerits__Cost-0.25__Fee-British__ExitFees-AllUnilateralExits","1","75","0","P","7","14","P Offer","P Liability Signal: 9;P Files: 1;D Answers: 1;P Abandons: 2","9,1,1,2","0.11336","false","10.882435078537473","10.882435078537473","9","0.85","0","10.847432029861102","0.035003048676371051","false"
"Specification-PolarizedContinuousMerits__Cost-0.25__Fee-British__ExitFees-AllUnilateralExits","1","75","0","P","7","14","P Offer","P Liability Signal: 9;P Files: 1;D Answers: 1;P Abandons: 2","9,1,1,2","0.11336","false","10.882435078537473","10.882435078537473","10","0.95","1","10.882435078537473","0","true"
"Specification-PolarizedContinuousMerits__Cost-0.25__Fee-British__ExitFees-AllUnilateralExits","1","76","0","P","2","9","P Files","P Liability Signal: 10","10","0.10928","false","10.904872423567102","10.904872423567102","1","Yes","1","10.904872423567102","0","true"
"Specification-PolarizedContinuousMerits__Cost-0.25__Fee-British__ExitFees-AllUnilateralExits","1","76","0","P","2","9","P Files","P Liability Signal: 10","10","0.10928","false","10.904872423567102","10.904872423567102","2","No","0","10.0000004088","0.90487201476710233","false"
"Specification-PolarizedContinuousMerits__Cost-0.25__Fee-British__ExitFees-AllUnilateralExits","1","77","0","P","5","20","P Abandons","P Liability Signal: 10;P Files: 1;D Answers: 1","10,1,1","0.10928","false","10.904872423567102","10.904872423567102","1","Yes","0","10.50213942188755","0.40273300167955206","false"
"Specification-PolarizedContinuousMerits__Cost-0.25__Fee-British__ExitFees-AllUnilateralExits","1","77","0","P","5","20","P Abandons","P Liability Signal: 10;P Files: 1;D Answers: 1","10,1,1","0.10928","false","10.904872423567102","10.904872423567102","2","No","1","10.904872423567102","0","true"
"Specification-PolarizedContinuousMerits__Cost-0.25__Fee-British__ExitFees-AllUnilateralExits","1","78","0","P","7","14","P Offer","P Liability Signal: 10;P Files: 1;D Answers: 1;P Abandons: 1","10,1,1,1","0","true","","","1","0.05","0.10000000000000001","","",""
"Specification-PolarizedContinuousMerits__Cost-0.25__Fee-British__ExitFees-AllUnilateralExits","1","78","0","P","7","14","P Offer","P Liability Signal: 10;P Files: 1;D Answers: 1;P Abandons: 1","10,1,1,1","0","true","","","2","0.15","0.10000000000000001","","",""
"Specification-PolarizedContinuousMerits__Cost-0.25__Fee-British__ExitFees-AllUnilateralExits","1","78","0","P","7","14","P Offer","P Liability Signal: 10;P Files: 1;D Answers: 1;P Abandons: 1","10,1,1,1","0","true","","","3","0.25","0.10000000000000001","","",""
"Specification-PolarizedContinuousMerits__Cost-0.25__Fee-British__ExitFees-AllUnilateralExits","1","78","0","P","7","14","P Offer","P Liability Signal: 10;P Files: 1;D Answers: 1;P Abandons: 1","10,1,1,1","0","true","","","4","0.35","0.10000000000000001","","",""
"Specification-PolarizedContinuousMerits__Cost-0.25__Fee-British__ExitFees-AllUnilateralExits","1","78","0","P","7","14","P Offer","P Liability Signal: 10;P Files: 1;D Answers: 1;P Abandons: 1","10,1,1,1","0","true","","","5","0.45","0.10000000000000001","","",""
"Specification-PolarizedContinuousMerits__Cost-0.25__Fee-British__ExitFees-AllUnilateralExits","1","78","0","P","7","14","P Offer","P Liability Signal: 10;P Files: 1;D Answers: 1;P Abandons: 1","10,1,1,1","0","true","","","6","0.55","0.10000000000000001","","",""
"Specification-PolarizedContinuousMerits__Cost-0.25__Fee-British__ExitFees-AllUnilateralExits","1","78","0","P","7","14","P Offer","P Liability Signal: 10;P Files: 1;D Answers: 1;P Abandons: 1","10,1,1,1","0","true","","","7","0.65","0.10000000000000001","","",""
"Specification-PolarizedContinuousMerits__Cost-0.25__Fee-British__ExitFees-AllUnilateralExits","1","78","0","P","7","14","P Offer","P Liability Signal: 10;P Files: 1;D Answers: 1;P Abandons: 1","10,1,1,1","0","true","","","8","0.75","0.10000000000000001","","",""
"Specification-PolarizedContinuousMerits__Cost-0.25__Fee-British__ExitFees-AllUnilateralExits","1","78","0","P","7","14","P Offer","P Liability Signal: 10;P Files: 1;D Answers: 1;P Abandons: 1","10,1,1,1","0","true","","","9","0.85","0.10000000000000001","","",""
"Specification-PolarizedContinuousMerits__Cost-0.25__Fee-British__ExitFees-AllUnilateralExits","1","78","0","P","7","14","P Offer","P Liability Signal: 10;P Files: 1;D Answers: 1;P Abandons: 1","10,1,1,1","0","true","","","10","0.95","0.10000000000000001","","",""
"Specification-PolarizedContinuousMerits__Cost-0.25__Fee-British__ExitFees-AllUnilateralExits","1","79","0","P","7","14","P Offer","P Liability Signal: 10;P Files: 1;D Answers: 1;P Abandons: 2","10,1,1,2","0.10928","false","10.904872423567102","10.904872423567102","1","0.05","0","10.351837930414865","0.55303449315223752","false"
"Specification-PolarizedContinuousMerits__Cost-0.25__Fee-British__ExitFees-AllUnilateralExits","1","79","0","P","7","14","P Offer","P Liability Signal: 10;P Files: 1;D Answers: 1;P Abandons: 2","10,1,1,2","0.10928","false","10.904872423567102","10.904872423567102","2","0.15","0","10.603243914203421","0.30162850936368102","false"
"Specification-PolarizedContinuousMerits__Cost-0.25__Fee-British__ExitFees-AllUnilateralExits","1","79","0","P","7","14","P Offer","P Liability Signal: 10;P Files: 1;D Answers: 1;P Abandons: 2","10,1,1,2","0.10928","false","10.904872423567102","10.904872423567102","3","0.25","0","10.640949582454606","0.26392284111249609","false"
"Specification-PolarizedContinuousMerits__Cost-0.25__Fee-British__ExitFees-AllUnilateralExits","1","79","0","P","7","14","P Offer","P Liability Signal: 10;P Files: 1;D Answers: 1;P Abandons: 2","10,1,1,2","0.10928","false","10.904872423567102","10.904872423567102","4","0.35","0","10.678646832382892","0.22622559118421037","false"
"Specification-PolarizedContinuousMerits__Cost-0.25__Fee-British__ExitFees-AllUnilateralExits","1","79","0","P","7","14","P Offer","P Liability Signal: 10;P Files: 1;D Answers: 1;P Abandons: 2","10,1,1,2","0.10928","false","10.904872423567102","10.904872423567102","5","0.45","0","10.716352500634079","0.18851992293302366","false"
"Specification-PolarizedContinuousMerits__Cost-0.25__Fee-British__ExitFees-AllUnilateralExits","1","79","0","P","7","14","P Offer","P Liability Signal: 10;P Files: 1;D Answers: 1;P Abandons: 2","10,1,1,2","0.10928","false","10.904872423567102","10.904872423567102","6","0.55","0","10.75405816888526","0.15081425468184229","false"
"Specification-PolarizedContinuousMerits__Cost-0.25__Fee-British__ExitFees-AllUnilateralExits","1","79","0","P","7","14","P Offer","P Liability Signal: 10;P Files: 1;D Answers: 1;P Abandons: 2","10,1,1,2","0.10928","false","10.904872423567102","10.904872423567102","7","0.65","0","10.791763837136447","0.11310858643065558","false"
"Specification-PolarizedContinuousMerits__Cost-0.25__Fee-British__ExitFees-AllUnilateralExits","1","79","0","P","7","14","P Offer","P Liability Signal: 10;P Files: 1;D Answers: 1;P Abandons: 2","10,1,1,2","0.10928","false","10.904872423567102","10.904872423567102","8","0.75","0","10.829469505387628","0.075402918179474199","false"
"Specification-PolarizedContinuousMerits__Cost-0.25__Fee-British__ExitFees-AllUnilateralExits","1","79","0","P","7","14","P Offer","P Liability Signal: 10;P Files: 1;D Answers: 1;P Abandons: 2","10,1,1,2","0.10928","false","10.904872423567102","10.904872423567102","9","0.85","0","10.867166755315917","0.037705668251184932","false"
"Specification-PolarizedContinuousMerits__Cost-0.25__Fee-British__ExitFees-AllUnilateralExits","1","79","0","P","7","14","P Offer","P Liability Signal: 10;P Files: 1;D Answers: 1;P Abandons: 2","10,1,1,2","0.10928","false","10.904872423567102","10.904872423567102","10","0.95","1","10.904872423567102","0","true"
"Specification-PolarizedContinuousMerits__Cost-0.25__Fee-British__ExitFees-AllUnilateralExits","1","1","1","D","3","10","D Answers","D Liability Signal: 1;P Files: 1","1,1","0.10928306090000002","false","9.9048724807067607","9.9048724807067607","1","Yes","1","9.9048724807067607","0","true"
"Specification-PolarizedContinuousMerits__Cost-0.25__Fee-British__ExitFees-AllUnilateralExits","1","1","1","D","3","10","D Answers","D Liability Signal: 1;P Files: 1","1,1","0.10928306090000002","false","9.9048724807067607","9.9048724807067607","2","No","0","8.9625015404999981","0.9423709402067626","false"
"Specification-PolarizedContinuousMerits__Cost-0.25__Fee-British__ExitFees-AllUnilateralExits","1","3","1","D","6","21","D Defaults","D Liability Signal: 1;P Files: 1;D Answers: 1","1,1,1","0.10928306090000002","false","9.9048724807067607","9.9048724807067607","1","Yes","0","9.5021325518263904","0.40273992888037036","false"
"Specification-PolarizedContinuousMerits__Cost-0.25__Fee-British__ExitFees-AllUnilateralExits","1","3","1","D","6","21","D Defaults","D Liability Signal: 1;P Files: 1;D Answers: 1","1,1,1","0.10928306090000002","false","9.9048724807067607","9.9048724807067607","2","No","1","9.9048724807067607","0","true"
"Specification-PolarizedContinuousMerits__Cost-0.25__Fee-British__ExitFees-AllUnilateralExits","1","5","1","D","8","15","D Offer","D Liability Signal: 1;P Files: 1;D Answers: 1;D Defaults: 1","1,1,1,1","0","true","","","1","0.05","0.10000000000000001","","",""
"Specification-PolarizedContinuousMerits__Cost-0.25__Fee-British__ExitFees-AllUnilateralExits","1","5","1","D","8","15","D Offer","D Liability Signal: 1;P Files: 1;D Answers: 1;D Defaults: 1","1,1,1,1","0","true","","","2","0.15","0.10000000000000001","","",""
"Specification-PolarizedContinuousMerits__Cost-0.25__Fee-British__ExitFees-AllUnilateralExits","1","5","1","D","8","15","D Offer","D Liability Signal: 1;P Files: 1;D Answers: 1;D Defaults: 1","1,1,1,1","0","true","","","3","0.25","0.10000000000000001","","",""
"Specification-PolarizedContinuousMerits__Cost-0.25__Fee-British__ExitFees-AllUnilateralExits","1","5","1","D","8","15","D Offer","D Liability Signal: 1;P Files: 1;D Answers: 1;D Defaults: 1","1,1,1,1","0","true","","","4","0.35","0.10000000000000001","","",""
"Specification-PolarizedContinuousMerits__Cost-0.25__Fee-British__ExitFees-AllUnilateralExits","1","5","1","D","8","15","D Offer","D Liability Signal: 1;P Files: 1;D Answers: 1;D Defaults: 1","1,1,1,1","0","true","","","5","0.45","0.10000000000000001","","",""
"Specification-PolarizedContinuousMerits__Cost-0.25__Fee-British__ExitFees-AllUnilateralExits","1","5","1","D","8","15","D Offer","D Liability Signal: 1;P Files: 1;D Answers: 1;D Defaults: 1","1,1,1,1","0","true","","","6","0.55","0.10000000000000001","","",""
"Specification-PolarizedContinuousMerits__Cost-0.25__Fee-British__ExitFees-AllUnilateralExits","1","5","1","D","8","15","D Offer","D Liability Signal: 1;P Files: 1;D Answers: 1;D Defaults: 1","1,1,1,1","0","true","","","7","0.65","0.10000000000000001","","",""
"Specification-PolarizedContinuousMerits__Cost-0.25__Fee-British__ExitFees-AllUnilateralExits","1","5","1","D","8","15","D Offer","D Liability Signal: 1;P Files: 1;D Answers: 1;D Defaults: 1","1,1,1,1","0","true","","","8","0.75","0.10000000000000001","","",""
"Specification-PolarizedContinuousMerits__Cost-0.25__Fee-British__ExitFees-AllUnilateralExits","1","5","1","D","8","15","D Offer","D Liability Signal: 1;P Files: 1;D Answers: 1;D Defaults: 1","1,1,1,1","0","true","","","9","0.85","0.10000000000000001","","",""
"Specification-PolarizedContinuousMerits__Cost-0.25__Fee-British__ExitFees-AllUnilateralExits","1","5","1","D","8","15","D Offer","D Liability Signal: 1;P Files: 1;D Answers: 1;D Defaults: 1","1,1,1,1","0","true","","","10","0.95","0.10000000000000001","","",""
"Specification-PolarizedContinuousMerits__Cost-0.25__Fee-British__ExitFees-AllUnilateralExits","1","6","1","D","8","15","D Offer","D Liability Signal: 1;P Files: 1;D Answers: 1;D Defaults: 2","1,1,1,2","0.10928306090000002","false","9.9048724807067607","9.9048724807067607","1","0.05","1","9.9048724807067607","0","true"
"Specification-PolarizedContinuousMerits__Cost-0.25__Fee-British__ExitFees-AllUnilateralExits","1","6","1","D","8","15","D Offer","D Liability Signal: 1;P Files: 1;D Answers: 1;D Defaults: 2","1,1,1,2","0.10928306090000002","false","9.9048724807067607","9.9048724807067607","2","0.15","0","9.8671672682021168","0.037705212504643981","false"
"Specification-PolarizedContinuousMerits__Cost-0.25__Fee-British__ExitFees-AllUnilateralExits","1","6","1","D","8","15","D Offer","D Liability Signal: 1;P Files: 1;D Answers: 1;D Defaults: 2","1,1,1,2","0.10928306090000002","false","9.9048724807067607","9.9048724807067607","3","0.25","0","9.8294704739186187","0.075402006788142018","false"
"Specification-PolarizedContinuousMerits__Cost-0.25__Fee-British__ExitFees-AllUnilateralExits","1","6","1","D","8","15","D Offer","D Liability Signal: 1;P Files: 1;D Answers: 1;D Defaults: 2","1,1,1,2","0.10928306090000002","false","9.9048724807067607","9.9048724807067607","4","0.35","0","9.7917652614139801","0.11310721929278067","false"
"Specification-PolarizedContinuousMerits__Cost-0.25__Fee-British__ExitFees-AllUnilateralExits","1","6","1","D","8","15","D Offer","D Liability Signal: 1;P Files: 1;D Answers: 1;D Defaults: 2","1,1,1,2","0.10928306090000002","false","9.9048724807067607","9.9048724807067607","5","0.45","0","9.7540600489093379","0.15081243179742287","false"
"Specification-PolarizedContinuousMerits__Cost-0.25__Fee-British__ExitFees-AllUnilateralExits","1","6","1","D","8","15","D Offer","D Liability Signal: 1;P Files: 1;D Answers: 1;D Defaults: 2","1,1,1,2","0.10928306090000002","false","9.9048724807067607","9.9048724807067607","6","0.55","0","9.7163548364046992","0.18851764430206153","false"
"Specification-PolarizedContinuousMerits__Cost-0.25__Fee-British__ExitFees-AllUnilateralExits","1","6","1","D","8","15","D Offer","D Liability Signal: 1;P Files: 1;D Answers: 1;D Defaults: 2","1,1,1,2","0.10928306090000002","false","9.9048724807067607","9.9048724807067607","7","0.65","0","9.678649623900057","0.22622285680670373","false"
"Specification-PolarizedContinuousMerits__Cost-0.25__Fee-British__ExitFees-AllUnilateralExits","1","6","1","D","8","15","D Offer","D Liability Signal: 1;P Files: 1;D Answers: 1;D Defaults: 2","1,1,1,2","0.10928306090000002","false","9.9048724807067607","9.9048724807067607","8","0.75","0","9.640952829616559","0.26391965109020177","false"
"Specification-PolarizedContinuousMerits__Cost-0.25__Fee-British__ExitFees-AllUnilateralExits","1","6","1","D","8","15","D Offer","D Liability Signal: 1;P Files: 1;D Answers: 1;D Defaults: 2","1,1,1,2","0.10928306090000002","false","9.9048724807067607","9.9048724807067607","9","0.85","0","9.6032476171119185","0.3016248635948422","false"
"Specification-PolarizedContinuousMerits__Cost-0.25__Fee-British__ExitFees-AllUnilateralExits","1","6","1","D","8","15","D Offer","D Liability Signal: 1;P Files: 1;D Answers: 1;D Defaults: 2","1,1,1,2","0.10928306090000002","false","9.9048724807067607","9.9048724807067607","10","0.95","0","9.3518338288994798","0.55303865180728096","false"
"Specification-PolarizedContinuousMerits__Cost-0.25__Fee-British__ExitFees-AllUnilateralExits","1","8","1","D","3","10","D Answers","D Liability Signal: 2;P Files: 1","2,1","0.1133630871","false","9.8824351778214812","9.8824351778214812","1","Yes","1","9.8824351778214812","0","true"
"Specification-PolarizedContinuousMerits__Cost-0.25__Fee-British__ExitFees-AllUnilateralExits","1","8","1","D","3","10","D Answers","D Liability Signal: 2;P Files: 1","2,1","0.1133630871","false","9.8824351778214812","9.8824351778214812","2","No","0","8.9625015404999999","0.91993363732148126","false"
"Specification-PolarizedContinuousMerits__Cost-0.25__Fee-British__ExitFees-AllUnilateralExits","1","9","1","D","6","21","D Defaults","D Liability Signal: 2;P Files: 1;D Answers: 1","2,1,1","0.1133630871","false","9.8824351778214812","9.8824351778214812","1","Yes","0","9.4614000610200364","0.42103511680144479","false"
"Specification-PolarizedContinuousMerits__Cost-0.25__Fee-British__ExitFees-AllUnilateralExits","1","9","1","D","6","21","D Defaults","D Liability Signal: 2;P Files: 1;D Answers: 1","2,1,1","0.1133630871","false","9.8824351778214812","9.8824351778214812","2","No","1","9.8824351778214812","0","true"
"Specification-PolarizedContinuousMerits__Cost-0.25__Fee-British__ExitFees-AllUnilateralExits","1","10","1","D","8","15","D Offer","D Liability Signal: 2;P Files: 1;D Answers: 1;D Defaults: 1","2,1,1,1","0","true","","","1","0.05","0.10000000000000001","","",""
"Specification-PolarizedContinuousMerits__Cost-0.25__Fee-British__ExitFees-AllUnilateralExits","1","10","1","D","8","15","D Offer","D Liability Signal: 2;P Files: 1;D Answers: 1;D Defaults: 1","2,1,1,1","0","true","","","2","0.15","0.10000000000000001","","",""
"Specification-PolarizedContinuousMerits__Cost-0.25__Fee-British__ExitFees-AllUnilateralExits","1","10","1","D","8","15","D Offer","D Liability Signal: 2;P Files: 1;D Answers: 1;D Defaults: 1","2,1,1,1","0","true","","","3","0.25","0.10000000000000001","","",""
"Specification-PolarizedContinuousMerits__Cost-0.25__Fee-British__ExitFees-AllUnilateralExits","1","10","1","D","8","15","D Offer","D Liability Signal: 2;P Files: 1;D Answers: 1;D Defaults: 1","2,1,1,1","0","true","","","4","0.35","0.10000000000000001","","",""
"Specification-PolarizedContinuousMerits__Cost-0.25__Fee-British__ExitFees-AllUnilateralExits","1","10","1","D","8","15","D Offer","D Liability Signal: 2;P Files: 1;D Answers: 1;D Defaults: 1","2,1,1,1","0","true","","","5","0.45","0.10000000000000001","","",""
"Specification-PolarizedContinuousMerits__Cost-0.25__Fee-British__ExitFees-AllUnilateralExits","1","10","1","D","8","15","D Offer","D Liability Signal: 2;P Files: 1;D Answers: 1;D Defaults: 1","2,1,1,1","0","true","","","6","0.55","0.10000000000000001","","",""
"Specification-PolarizedContinuousMerits__Cost-0.25__Fee-British__ExitFees-AllUnilateralExits","1","10","1","D","8","15","D Offer","D Liability Signal: 2;P Files: 1;D Answers: 1;D Defaults: 1","2,1,1,1","0","true","","","7","0.65","0.10000000000000001","","",""
"Specification-PolarizedContinuousMerits__Cost-0.25__Fee-British__ExitFees-AllUnilateralExits","1","10","1","D","8","15","D Offer","D Liability Signal: 2;P Files: 1;D Answers: 1;D Defaults: 1","2,1,1,1","0","true","","","8","0.75","0.10000000000000001","","",""
"Specification-PolarizedContinuousMerits__Cost-0.25__Fee-British__ExitFees-AllUnilateralExits","1","10","1","D","8","15","D Offer","D Liability Signal: 2;P Files: 1;D Answers: 1;D Defaults: 1","2,1,1,1","0","true","","","9","0.85","0.10000000000000001","","",""
"Specification-PolarizedContinuousMerits__Cost-0.25__Fee-British__ExitFees-AllUnilateralExits","1","10","1","D","8","15","D Offer","D Liability Signal: 2;P Files: 1;D Answers: 1;D Defaults: 1","2,1,1,1","0","true","","","10","0.95","0.10000000000000001","","",""
"Specification-PolarizedContinuousMerits__Cost-0.25__Fee-British__ExitFees-AllUnilateralExits","1","11","1","D","8","15","D Offer","D Liability Signal: 2;P Files: 1;D Answers: 1;D Defaults: 2","2,1,1,2","0.1133630871","false","9.8824351778214812","9.8824351778214812","1","0.05","1","9.8824351778214812","0","true"
"Specification-PolarizedContinuousMerits__Cost-0.25__Fee-British__ExitFees-AllUnilateralExits","1","11","1","D","8","15","D Offer","D Liability Signal: 2;P Files: 1;D Answers: 1;D Defaults: 2","2,1,1,2","0.1133630871","false","9.8824351778214812","9.8824351778214812","2","0.15","0","9.8474320798158566","0.035003098005624622","false"
"Specification-PolarizedContinuousMerits__Cost-0.25__Fee-British__ExitFees-AllUnilateralExits","1","11","1","D","8","15","D Offer","D Liability Signal: 2;P Files: 1;D Answers: 1;D Defaults: 2","2,1,1,2","0.1133630871","false","9.8824351778214812","9.8824351778214812","3","0.25","0","9.812436796746157","0.06999838107532419","false"
"Specification-PolarizedContinuousMerits__Cost-0.25__Fee-British__ExitFees-AllUnilateralExits","1","11","1","D","8","15","D Offer","D Liability Signal: 2;P Files: 1;D Answers: 1;D Defaults: 2","2,1,1,2","0.1133630871","false","9.8824351778214812","9.8824351778214812","4","0.35","0","9.7774336987405306","0.10500147908095059","false"
"Specification-PolarizedContinuousMerits__Cost-0.25__Fee-British__ExitFees-AllUnilateralExits","1","11","1","D","8","15","D Offer","D Liability Signal: 2;P Files: 1;D Answers: 1;D Defaults: 2","2,1,1,2","0.1133630871","false","9.8824351778214812","9.8824351778214812","5","0.45","0","9.7424306007349042","0.14000457708657699","false"
"Specification-PolarizedContinuousMerits__Cost-0.25__Fee-British__ExitFees-AllUnilateralExits","1","11","1","D","8","15","D Offer","D Liability Signal: 2;P Files: 1;D Answers: 1;D Defaults: 2","2,1,1,2","0.1133630871","false","9.8824351778214812","9.8824351778214812","6","0.55","0","9.7074275027292796","0.17500767509220161","false"
"Specification-PolarizedContinuousMerits__Cost-0.25__Fee-British__ExitFees-AllUnilateralExits","1","11","1","D","8","15","D Offer","D Liability Signal: 2;P Files: 1;D Answers: 1;D Defaults: 2","2,1,1,2","0.1133630871","false","9.8824351778214812","9.8824351778214812","7","0.65","0","9.6724244047236549","0.21001077309782623","false"
"Specification-PolarizedContinuousMerits__Cost-0.25__Fee-British__ExitFees-AllUnilateralExits","1","11","1","D","8","15","D Offer","D Liability Signal: 2;P Files: 1;D Answers: 1;D Defaults: 2","2,1,1,2","0.1133630871","false","9.8824351778214812","9.8824351778214812","8","0.75","0","9.6374291216539536","0.24500605616752757","false"
"Specification-PolarizedContinuousMerits__Cost-0.25__Fee-British__ExitFees-AllUnilateralExits","1","11","1","D","8","15","D Offer","D Liability Signal: 2;P Files: 1;D Answers: 1;D Defaults: 2","2,1,1,2","0.1133630871","false","9.8824351778214812","9.8824351778214812","9","0.85","0","9.602426023648329","0.2800091541731522","false"
"Specification-PolarizedContinuousMerits__Cost-0.25__Fee-British__ExitFees-AllUnilateralExits","1","11","1","D","8","15","D Offer","D Liability Signal: 2;P Files: 1;D Answers: 1;D Defaults: 2","2,1,1,2","0.1133630871","false","9.8824351778214812","9.8824351778214812","10","0.95","0","9.3275160049787811","0.55491917284270009","false"
"Specification-PolarizedContinuousMerits__Cost-0.25__Fee-British__ExitFees-AllUnilateralExits","1","12","1","D","3","10","D Answers","D Liability Signal: 3;P Files: 1","3,1","0.10414809469999999","false","9.8325204148048098","9.8325204148048098","1","Yes","1","9.8325204148048098","0","true"
"Specification-PolarizedContinuousMerits__Cost-0.25__Fee-British__ExitFees-AllUnilateralExits","1","12","1","D","3","10","D Answers","D Liability Signal: 3;P Files: 1","3,1","0.10414809469999999","false","9.8325204148048098","9.8325204148048098","2","No","0","8.9625015405000035","0.87001887430480629","false"
"Specification-PolarizedContinuousMerits__Cost-0.25__Fee-British__ExitFees-AllUnilateralExits","1","13","1","D","6","21","D Defaults","D Liability Signal: 3;P Files: 1;D Answers: 1","3,1,1","0.10414809469999999","false","9.8325204148048098","9.8325204148048098","1","Yes","0","9.3957611494267397","0.43675926537807008","false"
"Specification-PolarizedContinuousMerits__Cost-0.25__Fee-British__ExitFees-AllUnilateralExits","1","13","1","D","6","21","D Defaults","D Liability Signal: 3;P Files: 1;D Answers: 1","3,1,1","0.10414809469999999","false","9.8325204148048098","9.8325204148048098","2","No","1","9.8325204148048098","0","true"
"Specification-PolarizedContinuousMerits__Cost-0.25__Fee-British__ExitFees-AllUnilateralExits","1","14","1","D","8","15","D Offer","D Liability Signal: 3;P Files: 1;D Answers: 1;D Defaults: 1","3,1,1,1","0","true","","","1","0.05","0.10000000000000001","","",""
"Specification-PolarizedContinuousMerits__Cost-0.25__Fee-British__ExitFees-AllUnilateralExits","1","14","1","D","8","15","D Offer","D Liability Signal: 3;P Files: 1;D Answers: 1;D Defaults: 1","3,1,1,1","0","true","","","2","0.15","0.10000000000000001","","",""
"Specification-PolarizedContinuousMerits__Cost-0.25__Fee-British__ExitFees-AllUnilateralExits","1","14","1","D","8","15","D Offer","D Liability Signal: 3;P Files: 1;D Answers: 1;D Defaults: 1","3,1,1,1","0","true","","","3","0.25","0.10000000000000001","","",""
"Specification-PolarizedContinuousMerits__Cost-0.25__Fee-British__ExitFees-AllUnilateralExits","1","14","1","D","8","15","D Offer","D Liability Signal: 3;P Files: 1;D Answers: 1;D Defaults: 1","3,1,1,1","0","true","","","4","0.35","0.10000000000000001","","",""
"Specification-PolarizedContinuousMerits__Cost-0.25__Fee-British__ExitFees-AllUnilateralExits","1","14","1","D","8","15","D Offer","D Liability Signal: 3;P Files: 1;D Answers: 1;D Defaults: 1","3,1,1,1","0","true","","","5","0.45","0.10000000000000001","","",""
"Specification-PolarizedContinuousMerits__Cost-0.25__Fee-British__ExitFees-AllUnilateralExits","1","14","1","D","8","15","D Offer","D Liability Signal: 3;P Files: 1;D Answers: 1;D Defaults: 1","3,1,1,1","0","true","","","6","0.55","0.10000000000000001","","",""
"Specification-PolarizedContinuousMerits__Cost-0.25__Fee-British__ExitFees-AllUnilateralExits","1","14","1","D","8","15","D Offer","D Liability Signal: 3;P Files: 1;D Answers: 1;D Defaults: 1","3,1,1,1","0","true","","","7","0.65","0.10000000000000001","","",""
"Specification-PolarizedContinuousMerits__Cost-0.25__Fee-British__ExitFees-AllUnilateralExits","1","14","1","D","8","15","D Offer","D Liability Signal: 3;P Files: 1;D Answers: 1;D Defaults: 1","3,1,1,1","0","true","","","8","0.75","0.10000000000000001","","",""
"Specification-PolarizedContinuousMerits__Cost-0.25__Fee-British__ExitFees-AllUnilateralExits","1","14","1","D","8","15","D Offer","D Liability Signal: 3;P Files: 1;D Answers: 1;D Defaults: 1","3,1,1,1","0","true","","","9","0.85","0.10000000000000001","","",""
"Specification-PolarizedContinuousMerits__Cost-0.25__Fee-British__ExitFees-AllUnilateralExits","1","14","1","D","8","15","D Offer","D Liability Signal: 3;P Files: 1;D Answers: 1;D Defaults: 1","3,1,1,1","0","true","","","10","0.95","0.10000000000000001","","",""
"Specification-PolarizedContinuousMerits__Cost-0.25__Fee-British__ExitFees-AllUnilateralExits","1","15","1","D","8","15","D Offer","D Liability Signal: 3;P Files: 1;D Answers: 1;D Defaults: 2","3,1,1,2","0.10414809469999999","false","9.8325204148048098","9.8325204148048098","1","0.05","1","9.8325204148048098","0","true"
"Specification-PolarizedContinuousMerits__Cost-0.25__Fee-British__ExitFees-AllUnilateralExits","1","15","1","D","8","15","D Offer","D Liability Signal: 3;P Files: 1;D Answers: 1;D Defaults: 2","3,1,1,2","0.10414809469999999","false","9.8325204148048098","9.8325204148048098","2","0.15","0","9.801871674983639","0.030648739821170778","false"
"Specification-PolarizedContinuousMerits__Cost-0.25__Fee-British__ExitFees-AllUnilateralExits","1","15","1","D","8","15","D Offer","D Liability Signal: 3;P Files: 1;D Answers: 1;D Defaults: 2","3,1,1,2","0.10414809469999999","false","9.8325204148048098","9.8325204148048098","3","0.25","0","9.7712297779264361","0.061290636878373661","false"
"Specification-PolarizedContinuousMerits__Cost-0.25__Fee-British__ExitFees-AllUnilateralExits","1","15","1","D","8","15","D Offer","D Liability Signal: 3;P Files: 1;D Answers: 1;D Defaults: 2","3,1,1,2","0.10414809469999999","false","9.8325204148048098","9.8325204148048098","4","0.35","0","9.7405810381052671","0.091939376699542663","false"
"Specification-PolarizedContinuousMerits__Cost-0.25__Fee-British__ExitFees-AllUnilateralExits","1","15","1","D","8","15","D Offer","D Liability Signal: 3;P Files: 1;D Answers: 1;D Defaults: 2","3,1,1,2","0.10414809469999999","false","9.8325204148048098","9.8325204148048098","5","0.45","0","9.7099322982840963","0.12258811652071344","false"
"Specification-PolarizedContinuousMerits__Cost-0.25__Fee-British__ExitFees-AllUnilateralExits","1","15","1","D","8","15","D Offer","D Liability Signal: 3;P Files: 1;D Answers: 1;D Defaults: 2","3,1,1,2","0.10414809469999999","false","9.8325204148048098","9.8325204148048098","6","0.55","0","9.6792835584629273","0.15323685634188244","false"
"Specification-PolarizedContinuousMerits__Cost-0.25__Fee-British__ExitFees-AllUnilateralExits","1","15","1","D","8","15","D Offer","D Liability Signal: 3;P Files: 1;D Answers: 1;D Defaults: 2","3,1,1,2","0.10414809469999999","false","9.8325204148048098","9.8325204148048098","7","0.65","0","9.6486348186417565","0.18388559616305322","false"
"Specification-PolarizedContinuousMerits__Cost-0.25__Fee-British__ExitFees-AllUnilateralExits","1","15","1","D","8","15","D Offer","D Liability Signal: 3;P Files: 1;D Answers: 1;D Defaults: 2","3,1,1,2","0.10414809469999999","false","9.8325204148048098","9.8325204148048098","8","0.75","0","9.617992921584559","0.21452749322025078","false"
"Specification-PolarizedContinuousMerits__Cost-0.25__Fee-British__ExitFees-AllUnilateralExits","1","15","1","D","8","15","D Offer","D Liability Signal: 3;P Files: 1;D Answers: 1;D Defaults: 2","3,1,1,2","0.10414809469999999","false","9.8325204148048098","9.8325204148048098","9","0.85","0","9.5873441817633864","0.24517623304142333","false"
"Specification-PolarizedContinuousMerits__Cost-0.25__Fee-British__ExitFees-AllUnilateralExits","1","15","1","D","8","15","D Offer","D Liability Signal: 3;P Files: 1;D Answers: 1;D Defaults: 2","3,1,1,2","0.10414809469999999","false","9.8325204148048098","9.8325204148048098","10","0.95","0","9.2883287256625948","0.54419168914221494","false"
"Specification-PolarizedContinuousMerits__Cost-0.25__Fee-British__ExitFees-AllUnilateralExits","1","16","1","D","3","10","D Answers","D Liability Signal: 4;P Files: 1","4,1","0.090940159200000009","false","9.7316407981989297","9.7316407981989297","1","Yes","1","9.7316407981989297","0","true"
"Specification-PolarizedContinuousMerits__Cost-0.25__Fee-British__ExitFees-AllUnilateralExits","1","16","1","D","3","10","D Answers","D Liability Signal: 4;P Files: 1","4,1","0.090940159200000009","false","9.7316407981989297","9.7316407981989297","2","No","0","8.9625015404999999","0.76913925769892977","false"
"Specification-PolarizedContinuousMerits__Cost-0.25__Fee-British__ExitFees-AllUnilateralExits","1","17","1","D","6","21","D Defaults","D Liability Signal: 4;P Files: 1;D Answers: 1","4,1,1","0.090940159200000009","false","9.7316407981989297","9.7316407981989297","1","Yes","0","9.2991327213245754","0.43250807687435433","false"
"Specification-PolarizedContinuousMerits__Cost-0.25__Fee-British__ExitFees-AllUnilateralExits","1","17","1","D","6","21","D Defaults","D Liability Signal: 4;P Files: 1;D Answers: 1","4,1,1","0.090940159200000009","false","9.7316407981989297","9.7316407981989297","2","No","1","9.7316407981989297","0","true"
"Specification-PolarizedContinuousMerits__Cost-0.25__Fee-British__ExitFees-AllUnilateralExits","1","18","1","D","8","15","D Offer","D Liability Signal: 4;P Files: 1;D Answers: 1;D Defaults: 1","4,1,1,1","0","true","","","1","0.05","0.10000000000000001","","",""
"Specification-PolarizedContinuousMerits__Cost-0.25__Fee-British__ExitFees-AllUnilateralExits","1","18","1","D","8","15","D Offer","D Liability Signal: 4;P Files: 1;D Answers: 1;D Defaults: 1","4,1,1,1","0","true","","","2","0.15","0.10000000000000001","","",""
"Specification-PolarizedContinuousMerits__Cost-0.25__Fee-British__ExitFees-AllUnilateralExits","1","18","1","D","8","15","D Offer","D Liability Signal: 4;P Files: 1;D Answers: 1;D Defaults: 1","4,1,1,1","0","true","","","3","0.25","0.10000000000000001","","",""
"Specification-PolarizedContinuousMerits__Cost-0.25__Fee-British__ExitFees-AllUnilateralExits","1","18","1","D","8","15","D Offer","D Liability Signal: 4;P Files: 1;D Answers: 1;D Defaults: 1","4,1,1,1","0","true","","","4","0.35","0.10000000000000001","","",""
"Specification-PolarizedContinuousMerits__Cost-0.25__Fee-British__ExitFees-AllUnilateralExits","1","18","1","D","8","15","D Offer","D Liability Signal: 4;P Files: 1;D Answers: 1;D Defaults: 1","4,1,1,1","0","true","","","5","0.45","0.10000000000000001","","",""
"Specification-PolarizedContinuousMerits__Cost-0.25__Fee-British__ExitFees-AllUnilateralExits","1","18","1","D","8","15","D Offer","D Liability Signal: 4;P Files: 1;D Answers: 1;D Defaults: 1","4,1,1,1","0","true","","","6","0.55","0.10000000000000001","","",""
"Specification-PolarizedContinuousMerits__Cost-0.25__Fee-British__ExitFees-AllUnilateralExits","1","18","1","D","8","15","D Offer","D Liability Signal: 4;P Files: 1;D Answers: 1;D Defaults: 1","4,1,1,1","0","true","","","7","0.65","0.10000000000000001","","",""
"Specification-PolarizedContinuousMerits__Cost-0.25__Fee-British__ExitFees-AllUnilateralExits","1","18","1","D","8","15","D Offer","D Liability Signal: 4;P Files: 1;D Answers: 1;D Defaults: 1","4,1,1,1","0","true","","","8","0.75","0.10000000000000001","","",""
"Specification-PolarizedContinuousMerits__Cost-0.25__Fee-British__ExitFees-AllUnilateralExits","1","18","1","D","8","15","D Offer","D Liability Signal: 4;P Files: 1;D Answers: 1;D Defaults: 1","4,1,1,1","0","true","","","9","0.85","0.10000000000000001","","",""
"Specification-PolarizedContinuousMerits__Cost-0.25__Fee-British__ExitFees-AllUnilateralExits","1","18","1","D","8","15","D Offer","D Liability Signal: 4;P Files: 1;D Answers: 1;D Defaults: 1","4,1,1,1","0","true","","","10","0.95","0.10000000000000001","","",""
"Specification-PolarizedContinuousMerits__Cost-0.25__Fee-British__ExitFees-AllUnilateralExits","1","19","1","D","8","15","D Offer","D Liability Signal: 4;P Files: 1;D Answers: 1;D Defaults: 2","4,1,1,2","0.090940159200000009","false","9.7316407981989297","9.7316407981989297","1","0.05","1","9.7316407981989297","0","true"
"Specification-PolarizedContinuousMerits__Cost-0.25__Fee-British__ExitFees-AllUnilateralExits","1","19","1","D","8","15","D Offer","D Liability Signal: 4;P Files: 1;D Answers: 1;D Defaults: 2","4,1,1,2","0.090940159200000009","false","9.7316407981989297","9.7316407981989297","2","0.15","0","9.7074022010285788","0.024238597170350928","false"
"Specification-PolarizedContinuousMerits__Cost-0.25__Fee-British__ExitFees-AllUnilateralExits","1","19","1","D","8","15","D Offer","D Liability Signal: 4;P Files: 1;D Answers: 1;D Defaults: 2","4,1,1,2","0.090940159200000009","false","9.7316407981989297","9.7316407981989297","3","0.25","0","9.6831690154673318","0.048471782731597912","false"
"Specification-PolarizedContinuousMerits__Cost-0.25__Fee-British__ExitFees-AllUnilateralExits","1","19","1","D","8","15","D Offer","D Liability Signal: 4;P Files: 1;D Answers: 1;D Defaults: 2","4,1,1,2","0.090940159200000009","false","9.7316407981989297","9.7316407981989297","4","0.35","0","9.6589304182969826","0.072710379901947064","false"
"Specification-PolarizedContinuousMerits__Cost-0.25__Fee-British__ExitFees-AllUnilateralExits","1","19","1","D","8","15","D Offer","D Liability Signal: 4;P Files: 1;D Answers: 1;D Defaults: 2","4,1,1,2","0.090940159200000009","false","9.7316407981989297","9.7316407981989297","5","0.45","0","9.6346918211266317","0.096948977072297993","false"
"Specification-PolarizedContinuousMerits__Cost-0.25__Fee-British__ExitFees-AllUnilateralExits","1","19","1","D","8","15","D Offer","D Liability Signal: 4;P Files: 1;D Answers: 1;D Defaults: 2","4,1,1,2","0.090940159200000009","false","9.7316407981989297","9.7316407981989297","6","0.55","0","9.6104532239562825","0.12118757424264714","false"
"Specification-PolarizedContinuousMerits__Cost-0.25__Fee-British__ExitFees-AllUnilateralExits","1","19","1","D","8","15","D Offer","D Liability Signal: 4;P Files: 1;D Answers: 1;D Defaults: 2","4,1,1,2","0.090940159200000009","false","9.7316407981989297","9.7316407981989297","7","0.65","0","9.5862146267859316","0.14542617141299807","false"
"Specification-PolarizedContinuousMerits__Cost-0.25__Fee-British__ExitFees-AllUnilateralExits","1","19","1","D","8","15","D Offer","D Liability Signal: 4;P Files: 1;D Answers: 1;D Defaults: 2","4,1,1,2","0.090940159200000009","false","9.7316407981989297","9.7316407981989297","8","0.75","0","9.5619814412246864","0.16965935697424328","false"
"Specification-PolarizedContinuousMerits__Cost-0.25__Fee-British__ExitFees-AllUnilateralExits","1","19","1","D","8","15","D Offer","D Liability Signal: 4;P Files: 1;D Answers: 1;D Defaults: 2","4,1,1,2","0.090940159200000009","false","9.7316407981989297","9.7316407981989297","9","0.85","0","9.5377428440543373","0.19389795414459243","false"
"Specification-PolarizedContinuousMerits__Cost-0.25__Fee-British__ExitFees-AllUnilateralExits","1","19","1","D","8","15","D Offer","D Liability Signal: 4;P Files: 1;D Answers: 1;D Defaults: 2","4,1,1,2","0.090940159200000009","false","9.7316407981989297","9.7316407981989297","10","0.95","0","9.2306403041149405","0.50100049408398917","false"
"Specification-PolarizedContinuousMerits__Cost-0.25__Fee-British__ExitFees-AllUnilateralExits","1","20","1","D","3","10","D Answers","D Liability Signal: 5;P Files: 1","5,1","0.082265822299999999","false","9.5633241995152733","9.5633241995152733","1","Yes","1","9.5633241995152733","0","true"
"Specification-PolarizedContinuousMerits__Cost-0.25__Fee-British__ExitFees-AllUnilateralExits","1","20","1","D","3","10","D Answers","D Liability Signal: 5;P Files: 1","5,1","0.082265822299999999","false","9.5633241995152733","9.5633241995152733","2","No","0","8.9625015404999999","0.60082265901527343","false"
"Specification-PolarizedContinuousMerits__Cost-0.25__Fee-British__ExitFees-AllUnilateralExits","1","21","1","D","6","21","D Defaults","D Liability Signal: 5;P Files: 1;D Answers: 1","5,1,1","0.082265822299999999","false","9.5633241995152733","9.5633241995152733","1","Yes","0","9.181364810905297","0.38195938860997636","false"
"Specification-PolarizedContinuousMerits__Cost-0.25__Fee-British__ExitFees-AllUnilateralExits","1","21","1","D","6","21","D Defaults","D Liability Signal: 5;P Files: 1;D Answers: 1","5,1,1","0.082265822299999999","false","9.5633241995152733","9.5633241995152733","2","No","1","9.5633241995152733","0","true"
"Specification-PolarizedContinuousMerits__Cost-0.25__Fee-British__ExitFees-AllUnilateralExits","1","22","1","D","8","15","D Offer","D Liability Signal: 5;P Files: 1;D Answers: 1;D Defaults: 1","5,1,1,1","0","true","","","1","0.05","0.10000000000000001","","",""
"Specification-PolarizedContinuousMerits__Cost-0.25__Fee-British__ExitFees-AllUnilateralExits","1","22","1","D","8","15","D Offer","D Liability Signal: 5;P Files: 1;D Answers: 1;D Defaults: 1","5,1,1,1","0","true","","","2","0.15","0.10000000000000001","","",""
"Specification-PolarizedContinuousMerits__Cost-0.25__Fee-British__ExitFees-AllUnilateralExits","1","22","1","D","8","15","D Offer","D Liability Signal: 5;P Files: 1;D Answers: 1;D Defaults: 1","5,1,1,1","0","true","","","3","0.25","0.10000000000000001","","",""
"Specification-PolarizedContinuousMerits__Cost-0.25__Fee-British__ExitFees-AllUnilateralExits","1","22","1","D","8","15","D Offer","D Liability Signal: 5;P Files: 1;D Answers: 1;D Defaults: 1","5,1,1,1","0","true","","","4","0.35","0.10000000000000001","","",""
"Specification-PolarizedContinuousMerits__Cost-0.25__Fee-British__ExitFees-AllUnilateralExits","1","22","1","D","8","15","D Offer","D Liability Signal: 5;P Files: 1;D Answers: 1;D Defaults: 1","5,1,1,1","0","true","","","5","0.45","0.10000000000000001","","",""
"Specification-PolarizedContinuousMerits__Cost-0.25__Fee-British__ExitFees-AllUnilateralExits","1","22","1","D","8","15","D Offer","D Liability Signal: 5;P Files: 1;D Answers: 1;D Defaults: 1","5,1,1,1","0","true","","","6","0.55","0.10000000000000001","","",""
"Specification-PolarizedContinuousMerits__Cost-0.25__Fee-British__ExitFees-AllUnilateralExits","1","22","1","D","8","15","D Offer","D Liability Signal: 5;P Files: 1;D Answers: 1;D Defaults: 1","5,1,1,1","0","true","","","7","0.65","0.10000000000000001","","",""
"Specification-PolarizedContinuousMerits__Cost-0.25__Fee-British__ExitFees-AllUnilateralExits","1","22","1","D","8","15","D Offer","D Liability Signal: 5;P Files: 1;D Answers: 1;D Defaults: 1","5,1,1,1","0","true","","","8","0.75","0.10000000000000001","","",""
"Specification-PolarizedContinuousMerits__Cost-0.25__Fee-British__ExitFees-AllUnilateralExits","1","22","1","D","8","15","D Offer","D Liability Signal: 5;P Files: 1;D Answers: 1;D Defaults: 1","5,1,1,1","0","true","","","9","0.85","0.10000000000000001","","",""
"Specification-PolarizedContinuousMerits__Cost-0.25__Fee-British__ExitFees-AllUnilateralExits","1","22","1","D","8","15","D Offer","D Liability Signal: 5;P Files: 1;D Answers: 1;D Defaults: 1","5,1,1,1","0","true","","","10","0.95","0.10000000000000001","","",""
"Specification-PolarizedContinuousMerits__Cost-0.25__Fee-British__ExitFees-AllUnilateralExits","1","23","1","D","8","15","D Offer","D Liability Signal: 5;P Files: 1;D Answers: 1;D Defaults: 2","5,1,1,2","0.082265822299999999","false","9.5633241995152733","9.5633241995152733","1","0.05","1","9.5633241995152733","0","true"
"Specification-PolarizedContinuousMerits__Cost-0.25__Fee-British__ExitFees-AllUnilateralExits","1","23","1","D","8","15","D Offer","D Liability Signal: 5;P Files: 1;D Answers: 1;D Defaults: 2","5,1,1,2","0.082265822299999999","false","9.5633241995152733","9.5633241995152733","2","0.15","0","9.5468980972835613","0.016426102231712036","false"
"Specification-PolarizedContinuousMerits__Cost-0.25__Fee-British__ExitFees-AllUnilateralExits","1","23","1","D","8","15","D Offer","D Liability Signal: 5;P Files: 1;D Answers: 1;D Defaults: 2","5,1,1,2","0.082265822299999999","false","9.5633241995152733","9.5633241995152733","3","0.25","0","9.5304756624111331","0.032848537104140263","false"
"Specification-PolarizedContinuousMerits__Cost-0.25__Fee-British__ExitFees-AllUnilateralExits","1","23","1","D","8","15","D Offer","D Liability Signal: 5;P Files: 1;D Answers: 1;D Defaults: 2","5,1,1,2","0.082265822299999999","false","9.5633241995152733","9.5633241995152733","4","0.35","0","9.5140495601794193","0.049274639335854076","false"
"Specification-PolarizedContinuousMerits__Cost-0.25__Fee-British__ExitFees-AllUnilateralExits","1","23","1","D","8","15","D Offer","D Liability Signal: 5;P Files: 1;D Answers: 1;D Defaults: 2","5,1,1,2","0.082265822299999999","false","9.5633241995152733","9.5633241995152733","5","0.45","0","9.4976234579477072","0.065700741567566112","false"
"Specification-PolarizedContinuousMerits__Cost-0.25__Fee-British__ExitFees-AllUnilateralExits","1","23","1","D","8","15","D Offer","D Liability Signal: 5;P Files: 1;D Answers: 1;D Defaults: 2","5,1,1,2","0.082265822299999999","false","9.5633241995152733","9.5633241995152733","6","0.55","0","9.481197355715997","0.082126843799276372","false"
"Specification-PolarizedContinuousMerits__Cost-0.25__Fee-British__ExitFees-AllUnilateralExits","1","23","1","D","8","15","D Offer","D Liability Signal: 5;P Files: 1;D Answers: 1;D Defaults: 2","5,1,1,2","0.082265822299999999","false","9.5633241995152733","9.5633241995152733","7","0.65","0","9.4647712534842849","0.098552946030988409","false"
"Specification-PolarizedContinuousMerits__Cost-0.25__Fee-British__ExitFees-AllUnilateralExits","1","23","1","D","8","15","D Offer","D Liability Signal: 5;P Files: 1;D Answers: 1;D Defaults: 2","5,1,1,2","0.082265822299999999","false","9.5633241995152733","9.5633241995152733","8","0.75","0","9.4483488186118567","0.11497538090341664","false"
"Specification-PolarizedContinuousMerits__Cost-0.25__Fee-British__ExitFees-AllUnilateralExits","1","23","1","D","8","15","D Offer","D Liability Signal: 5;P Files: 1;D Answers: 1;D Defaults: 2","5,1,1,2","0.082265822299999999","false","9.5633241995152733","9.5633241995152733","9","0.85","0","9.4319227163801447","0.13140148313512867","false"
"Specification-PolarizedContinuousMerits__Cost-0.25__Fee-British__ExitFees-AllUnilateralExits","1","23","1","D","8","15","D Offer","D Liability Signal: 5;P Files: 1;D Answers: 1;D Defaults: 2","5,1,1,2","0.082265822299999999","false","9.5633241995152733","9.5633241995152733","10","0.95","0","9.1603313381668432","0.40299286134843015","false"
"Specification-PolarizedContinuousMerits__Cost-0.25__Fee-British__ExitFees-AllUnilateralExits","1","24","1","D","3","10","D Answers","D Liability Signal: 6;P Files: 1","6,1","0.082265822300000013","false","9.3521953640678532","9.3521953640678532","1","Yes","1","9.3521953640678532","0","true"
"Specification-PolarizedContinuousMerits__Cost-0.25__Fee-British__ExitFees-AllUnilateralExits","1","24","1","D","3","10","D Answers","D Liability Signal: 6;P Files: 1","6,1","0.082265822300000013","false","9.3521953640678532","9.3521953640678532","2","No","0","8.9625015404999981","0.38969382356785509","false"
"Specification-PolarizedContinuousMerits__Cost-0.25__Fee-British__ExitFees-AllUnilateralExits","1","25","1","D","6","21","D Defaults","D Liability Signal: 6;P Files: 1;D Answers: 1","6,1,1","0.082265822300000013","false","9.3521953640678532","9.3521953640678532","1","Yes","0","9.0730873448671705","0.27910801920068273","false"
"Specification-PolarizedContinuousMerits__Cost-0.25__Fee-British__ExitFees-AllUnilateralExits","1","25","1","D","6","21","D Defaults","D Liability Signal: 6;P Files: 1;D Answers: 1","6,1,1","0.082265822300000013","false","9.3521953640678532","9.3521953640678532","2","No","1","9.3521953640678532","0","true"
"Specification-PolarizedContinuousMerits__Cost-0.25__Fee-British__ExitFees-AllUnilateralExits","1","26","1","D","8","15","D Offer","D Liability Signal: 6;P Files: 1;D Answers: 1;D Defaults: 1","6,1,1,1","0","true","","","1","0.05","0.10000000000000001","","",""
"Specification-PolarizedContinuousMerits__Cost-0.25__Fee-British__ExitFees-AllUnilateralExits","1","26","1","D","8","15","D Offer","D Liability Signal: 6;P Files: 1;D Answers: 1;D Defaults: 1","6,1,1,1","0","true","","","2","0.15","0.10000000000000001","","",""
"Specification-PolarizedContinuousMerits__Cost-0.25__Fee-British__ExitFees-AllUnilateralExits","1","26","1","D","8","15","D Offer","D Liability Signal: 6;P Files: 1;D Answers: 1;D Defaults: 1","6,1,1,1","0","true","","","3","0.25","0.10000000000000001","","",""
"Specification-PolarizedContinuousMerits__Cost-0.25__Fee-British__ExitFees-AllUnilateralExits","1","26","1","D","8","15","D Offer","D Liability Signal: 6;P Files: 1;D Answers: 1;D Defaults: 1","6,1,1,1","0","true","","","4","0.35","0.10000000000000001","","",""
"Specification-PolarizedContinuousMerits__Cost-0.25__Fee-British__ExitFees-AllUnilateralExits","1","26","1","D","8","15","D Offer","D Liability Signal: 6;P Files: 1;D Answers: 1;D Defaults: 1","6,1,1,1","0","true","","","5","0.45","0.10000000000000001","","",""
"Specification-PolarizedContinuousMerits__Cost-0.25__Fee-British__ExitFees-AllUnilateralExits","1","26","1","D","8","15","D Offer","D Liability Signal: 6;P Files: 1;D Answers: 1;D Defaults: 1","6,1,1,1","0","true","","","6","0.55","0.10000000000000001","","",""
"Specification-PolarizedContinuousMerits__Cost-0.25__Fee-British__ExitFees-AllUnilateralExits","1","26","1","D","8","15","D Offer","D Liability Signal: 6;P Files: 1;D Answers: 1;D Defaults: 1","6,1,1,1","0","true","","","7","0.65","0.10000000000000001","","",""
"Specification-PolarizedContinuousMerits__Cost-0.25__Fee-British__ExitFees-AllUnilateralExits","1","26","1","D","8","15","D Offer","D Liability Signal: 6;P Files: 1;D Answers: 1;D Defaults: 1","6,1,1,1","0","true","","","8","0.75","0.10000000000000001","","",""
"Specification-PolarizedContinuousMerits__Cost-0.25__Fee-British__ExitFees-AllUnilateralExits","1","26","1","D","8","15","D Offer","D Liability Signal: 6;P Files: 1;D Answers: 1;D Defaults: 1","6,1,1,1","0","true","","","9","0.85","0.10000000000000001","","",""
"Specification-PolarizedContinuousMerits__Cost-0.25__Fee-British__ExitFees-AllUnilateralExits","1","26","1","D","8","15","D Offer","D Liability Signal: 6;P Files: 1;D Answers: 1;D Defaults: 1","6,1,1,1","0","true","","","10","0.95","0.10000000000000001","","",""
"Specification-PolarizedContinuousMerits__Cost-0.25__Fee-British__ExitFees-AllUnilateralExits","1","27","1","D","8","15","D Offer","D Liability Signal: 6;P Files: 1;D Answers: 1;D Defaults: 2","6,1,1,2","0.082265822300000013","false","9.3521953640678532","9.3521953640678532","1","0.05","1","9.3521953640678532","0","true"
"Specification-PolarizedContinuousMerits__Cost-0.25__Fee-British__ExitFees-AllUnilateralExits","1","27","1","D","8","15","D Offer","D Liability Signal: 6;P Files: 1;D Answers: 1;D Defaults: 2","6,1,1,2","0.082265822300000013","false","9.3521953640678532","9.3521953640678532","2","0.15","0","9.3429521790873657","0.0092431849804874844","false"
"Specification-PolarizedContinuousMerits__Cost-0.25__Fee-British__ExitFees-AllUnilateralExits","1","27","1","D","8","15","D Offer","D Liability Signal: 6;P Files: 1;D Answers: 1;D Defaults: 2","6,1,1,2","0.082265822300000013","false","9.3521953640678532","9.3521953640678532","3","0.25","0","9.3337110577784514","0.018484306289401786","false"
"Specification-PolarizedContinuousMerits__Cost-0.25__Fee-British__ExitFees-AllUnilateralExits","1","27","1","D","8","15","D Offer","D Liability Signal: 6;P Files: 1;D Answers: 1;D Defaults: 2","6,1,1,2","0.082265822300000013","false","9.3521953640678532","9.3521953640678532","4","0.35","0","9.3244678727979657","0.027727491269887494","false"
"Specification-PolarizedContinuousMerits__Cost-0.25__Fee-British__ExitFees-AllUnilateralExits","1","27","1","D","8","15","D Offer","D Liability Signal: 6;P Files: 1;D Answers: 1;D Defaults: 2","6,1,1,2","0.082265822300000013","false","9.3521953640678532","9.3521953640678532","5","0.45","0","9.3152246878174783","0.036970676250374979","false"
"Specification-PolarizedContinuousMerits__Cost-0.25__Fee-British__ExitFees-AllUnilateralExits","1","27","1","D","8","15","D Offer","D Liability Signal: 6;P Files: 1;D Answers: 1;D Defaults: 2","6,1,1,2","0.082265822300000013","false","9.3521953640678532","9.3521953640678532","6","0.55","0","9.3059815028369925","0.046213861230860687","false"
"Specification-PolarizedContinuousMerits__Cost-0.25__Fee-British__ExitFees-AllUnilateralExits","1","27","1","D","8","15","D Offer","D Liability Signal: 6;P Files: 1;D Answers: 1;D Defaults: 2","6,1,1,2","0.082265822300000013","false","9.3521953640678532","9.3521953640678532","7","0.65","0","9.2967383178565051","0.055457046211348171","false"
"Specification-PolarizedContinuousMerits__Cost-0.25__Fee-British__ExitFees-AllUnilateralExits","1","27","1","D","8","15","D Offer","D Liability Signal: 6;P Files: 1;D Answers: 1;D Defaults: 2","6,1,1,2","0.082265822300000013","false","9.3521953640678532","9.3521953640678532","8","0.75","0","9.2874971965475925","0.064698167520260697","false"
"Specification-PolarizedContinuousMerits__Cost-0.25__Fee-British__ExitFees-AllUnilateralExits","1","27","1","D","8","15","D Offer","D Liability Signal: 6;P Files: 1;D Answers: 1;D Defaults: 2","6,1,1,2","0.082265822300000013","false","9.3521953640678532","9.3521953640678532","9","0.85","0","9.2782540115671051","0.073941352500748181","false"
"Specification-PolarizedContinuousMerits__Cost-0.25__Fee-British__ExitFees-AllUnilateralExits","1","27","1","D","8","15","D Offer","D Liability Signal: 6;P Files: 1;D Answers: 1;D Defaults: 2","6,1,1,2","0.082265822300000013","false","9.3521953640678532","9.3521953640678532","10","0.95","0","9.0956882902812346","0.25650707378661863","false"
"Specification-PolarizedContinuousMerits__Cost-0.25__Fee-British__ExitFees-AllUnilateralExits","1","28","1","D","3","10","D Answers","D Liability Signal: 7;P Files: 1","7,1","0.090940159200000009","false","9.1607125791541808","9.1607125791541808","1","Yes","1","9.1607125791541808","0","true"
"Specification-PolarizedContinuousMerits__Cost-0.25__Fee-British__ExitFees-AllUnilateralExits","1","28","1","D","3","10","D Answers","D Liability Signal: 7;P Files: 1","7,1","0.090940159200000009","false","9.1607125791541808","9.1607125791541808","2","No","0","8.9625015404999981","0.19821103865418266","false"
"Specification-PolarizedContinuousMerits__Cost-0.25__Fee-British__ExitFees-AllUnilateralExits","1","29","1","D","6","21","D Defaults","D Liability Signal: 7;P Files: 1;D Answers: 1","7,1,1","0.090940159200000009","false","9.1607125791541808","9.1607125791541808","1","Yes","0","9.0004167429659816","0.1602958361881992","false"
"Specification-PolarizedContinuousMerits__Cost-0.25__Fee-British__ExitFees-AllUnilateralExits","1","29","1","D","6","21","D Defaults","D Liability Signal: 7;P Files: 1;D Answers: 1","7,1,1","0.090940159200000009","false","9.1607125791541808","9.1607125791541808","2","No","1","9.1607125791541808","0","true"
"Specification-PolarizedContinuousMerits__Cost-0.25__Fee-British__ExitFees-AllUnilateralExits","1","30","1","D","8","15","D Offer","D Liability Signal: 7;P Files: 1;D Answers: 1;D Defaults: 1","7,1,1,1","0","true","","","1","0.05","0.10000000000000001","","",""
"Specification-PolarizedContinuousMerits__Cost-0.25__Fee-British__ExitFees-AllUnilateralExits","1","30","1","D","8","15","D Offer","D Liability Signal: 7;P Files: 1;D Answers: 1;D Defaults: 1","7,1,1,1","0","true","","","2","0.15","0.10000000000000001","","",""
"Specification-PolarizedContinuousMerits__Cost-0.25__Fee-British__ExitFees-AllUnilateralExits","1","30","1","D","8","15","D Offer","D Liability Signal: 7;P Files: 1;D Answers: 1;D Defaults: 1","7,1,1,1","0","true","","","3","0.25","0.10000000000000001","","",""
"Specification-PolarizedContinuousMerits__Cost-0.25__Fee-British__ExitFees-AllUnilateralExits","1","30","1","D","8","15","D Offer","D Liability Signal: 7;P Files: 1;D Answers: 1;D Defaults: 1","7,1,1,1","0","true","","","4","0.35","0.10000000000000001","","",""
"Specification-PolarizedContinuousMerits__Cost-0.25__Fee-British__ExitFees-AllUnilateralExits","1","30","1","D","8","15","D Offer","D Liability Signal: 7;P Files: 1;D Answers: 1;D Defaults: 1","7,1,1,1","0","true","","","5","0.45","0.10000000000000001","","",""
"Specification-PolarizedContinuousMerits__Cost-0.25__Fee-British__ExitFees-AllUnilateralExits","1","30","1","D","8","15","D Offer","D Liability Signal: 7;P Files: 1;D Answers: 1;D Defaults: 1","7,1,1,1","0","true","","","6","0.55","0.10000000000000001","","",""
"Specification-PolarizedContinuousMerits__Cost-0.25__Fee-British__ExitFees-AllUnilateralExits","1","30","1","D","8","15","D Offer","D Liability Signal: 7;P Files: 1;D Answers: 1;D Defaults: 1","7,1,1,1","0","true","","","7","0.65","0.10000000000000001","","",""
"Specification-PolarizedContinuousMerits__Cost-0.25__Fee-British__ExitFees-AllUnilateralExits","1","30","1","D","8","15","D Offer","D Liability Signal: 7;P Files: 1;D Answers: 1;D Defaults: 1","7,1,1,1","0","true","","","8","0.75","0.10000000000000001","","",""
"Specification-PolarizedContinuousMerits__Cost-0.25__Fee-British__ExitFees-AllUnilateralExits","1","30","1","D","8","15","D Offer","D Liability Signal: 7;P Files: 1;D Answers: 1;D Defaults: 1","7,1,1,1","0","true","","","9","0.85","0.10000000000000001","","",""
"Specification-PolarizedContinuousMerits__Cost-0.25__Fee-British__ExitFees-AllUnilateralExits","1","30","1","D","8","15","D Offer","D Liability Signal: 7;P Files: 1;D Answers: 1;D Defaults: 1","7,1,1,1","0","true","","","10","0.95","0.10000000000000001","","",""
"Specification-PolarizedContinuousMerits__Cost-0.25__Fee-British__ExitFees-AllUnilateralExits","1","31","1","D","8","15","D Offer","D Liability Signal: 7;P Files: 1;D Answers: 1;D Defaults: 2","7,1,1,2","0.090940159200000009","false","9.1607125791541808","9.1607125791541808","1","0.05","1","9.1607125791541808","0","true"
"Specification-PolarizedContinuousMerits__Cost-0.25__Fee-British__ExitFees-AllUnilateralExits","1","31","1","D","8","15","D Offer","D Liability Signal: 7;P Files: 1;D Answers: 1;D Defaults: 2","7,1,1,2","0.090940159200000009","false","9.1607125791541808","9.1607125791541808","2","0.15","0","9.1562902210654968","0.0044223580886839642","false"
"Specification-PolarizedContinuousMerits__Cost-0.25__Fee-British__ExitFees-AllUnilateralExits","1","31","1","D","8","15","D Offer","D Liability Signal: 7;P Files: 1;D Answers: 1;D Defaults: 2","7,1,1,2","0.090940159200000009","false","9.1607125791541808","9.1607125791541808","3","0.25","0","9.1518688503307057","0.0088437288234750611","false"
"Specification-PolarizedContinuousMerits__Cost-0.25__Fee-British__ExitFees-AllUnilateralExits","1","31","1","D","8","15","D Offer","D Liability Signal: 7;P Files: 1;D Answers: 1;D Defaults: 2","7,1,1,2","0.090940159200000009","false","9.1607125791541808","9.1607125791541808","4","0.35","0","9.1474464922420218","0.013266086912159025","false"
"Specification-PolarizedContinuousMerits__Cost-0.25__Fee-British__ExitFees-AllUnilateralExits","1","31","1","D","8","15","D Offer","D Liability Signal: 7;P Files: 1;D Answers: 1;D Defaults: 2","7,1,1,2","0.090940159200000009","false","9.1607125791541808","9.1607125791541808","5","0.45","0","9.1430241341533414","0.017688445000839437","false"
"Specification-PolarizedContinuousMerits__Cost-0.25__Fee-British__ExitFees-AllUnilateralExits","1","31","1","D","8","15","D Offer","D Liability Signal: 7;P Files: 1;D Answers: 1;D Defaults: 2","7,1,1,2","0.090940159200000009","false","9.1607125791541808","9.1607125791541808","6","0.55","0","9.1386017760646574","0.022110803089523401","false"
"Specification-PolarizedContinuousMerits__Cost-0.25__Fee-British__ExitFees-AllUnilateralExits","1","31","1","D","8","15","D Offer","D Liability Signal: 7;P Files: 1;D Answers: 1;D Defaults: 2","7,1,1,2","0.090940159200000009","false","9.1607125791541808","9.1607125791541808","7","0.65","0","9.1341794179759734","0.026533161178207365","false"
"Specification-PolarizedContinuousMerits__Cost-0.25__Fee-British__ExitFees-AllUnilateralExits","1","31","1","D","8","15","D Offer","D Liability Signal: 7;P Files: 1;D Answers: 1;D Defaults: 2","7,1,1,2","0.090940159200000009","false","9.1607125791541808","9.1607125791541808","8","0.75","0","9.1297580472411841","0.030954531912996686","false"
"Specification-PolarizedContinuousMerits__Cost-0.25__Fee-British__ExitFees-AllUnilateralExits","1","31","1","D","8","15","D Offer","D Liability Signal: 7;P Files: 1;D Answers: 1;D Defaults: 2","7,1,1,2","0.090940159200000009","false","9.1607125791541808","9.1607125791541808","9","0.85","0","9.1253356891525019","0.035376890001678873","false"
"Specification-PolarizedContinuousMerits__Cost-0.25__Fee-British__ExitFees-AllUnilateralExits","1","31","1","D","8","15","D Offer","D Liability Signal: 7;P Files: 1;D Answers: 1;D Defaults: 2","7,1,1,2","0.090940159200000009","false","9.1607125791541808","9.1607125791541808","10","0.95","0","9.05230300089036","0.1084095782638208","false"
"Specification-PolarizedContinuousMerits__Cost-0.25__Fee-British__ExitFees-AllUnilateralExits","1","32","1","D","3","10","D Answers","D Liability Signal: 8;P Files: 1","8,1","0.1041480947","false","9.0299499334253532","9.0299499334253532","1","Yes","1","9.0299499334253532","0","true"
"Specification-PolarizedContinuousMerits__Cost-0.25__Fee-British__ExitFees-AllUnilateralExits","1","32","1","D","3","10","D Answers","D Liability Signal: 8;P Files: 1","8,1","0.1041480947","false","9.0299499334253532","9.0299499334253532","2","No","0","8.9625015404999999","0.067448392925353318","false"
"Specification-PolarizedContinuousMerits__Cost-0.25__Fee-British__ExitFees-AllUnilateralExits","1","33","1","D","6","21","D Defaults","D Liability Signal: 8;P Files: 1;D Answers: 1","8,1,1","0.1041480947","false","9.0299499334253532","9.0299499334253532","1","Yes","0","8.9629752301899543","0.066974703235398891","false"
"Specification-PolarizedContinuousMerits__Cost-0.25__Fee-British__ExitFees-AllUnilateralExits","1","33","1","D","6","21","D Defaults","D Liability Signal: 8;P Files: 1;D Answers: 1","8,1,1","0.1041480947","false","9.0299499334253532","9.0299499334253532","2","No","1","9.0299499334253532","0","true"
"Specification-PolarizedContinuousMerits__Cost-0.25__Fee-British__ExitFees-AllUnilateralExits","1","34","1","D","8","15","D Offer","D Liability Signal: 8;P Files: 1;D Answers: 1;D Defaults: 1","8,1,1,1","0","true","","","1","0.05","0.10000000000000001","","",""
"Specification-PolarizedContinuousMerits__Cost-0.25__Fee-British__ExitFees-AllUnilateralExits","1","34","1","D","8","15","D Offer","D Liability Signal: 8;P Files: 1;D Answers: 1;D Defaults: 1","8,1,1,1","0","true","","","2","0.15","0.10000000000000001","","",""
"Specification-PolarizedContinuousMerits__Cost-0.25__Fee-British__ExitFees-AllUnilateralExits","1","34","1","D","8","15","D Offer","D Liability Signal: 8;P Files: 1;D Answers: 1;D Defaults: 1","8,1,1,1","0","true","","","3","0.25","0.10000000000000001","","",""
"Specification-PolarizedContinuousMerits__Cost-0.25__Fee-British__ExitFees-AllUnilateralExits","1","34","1","D","8","15","D Offer","D Liability Signal: 8;P Files: 1;D Answers: 1;D Defaults: 1","8,1,1,1","0","true","","","4","0.35","0.10000000000000001","","",""
"Specification-PolarizedContinuousMerits__Cost-0.25__Fee-British__ExitFees-AllUnilateralExits","1","34","1","D","8","15","D Offer","D Liability Signal: 8;P Files: 1;D Answers: 1;D Defaults: 1","8,1,1,1","0","true","","","5","0.45","0.10000000000000001","","",""
"Specification-PolarizedContinuousMerits__Cost-0.25__Fee-British__ExitFees-AllUnilateralExits","1","34","1","D","8","15","D Offer","D Liability Signal: 8;P Files: 1;D Answers: 1;D Defaults: 1","8,1,1,1","0","true","","","6","0.55","0.10000000000000001","","",""
"Specification-PolarizedContinuousMerits__Cost-0.25__Fee-British__ExitFees-AllUnilateralExits","1","34","1","D","8","15","D Offer","D Liability Signal: 8;P Files: 1;D Answers: 1;D Defaults: 1","8,1,1,1","0","true","","","7","0.65","0.10000000000000001","","",""
"Specification-PolarizedContinuousMerits__Cost-0.25__Fee-British__ExitFees-AllUnilateralExits","1","34","1","D","8","15","D Offer","D Liability Signal: 8;P Files: 1;D Answers: 1;D Defaults: 1","8,1,1,1","0","true","","","8","0.75","0.10000000000000001","","",""
"Specification-PolarizedContinuousMerits__Cost-0.25__Fee-British__ExitFees-AllUnilateralExits","1","34","1","D","8","15","D Offer","D Liability Signal: 8;P Files: 1;D Answers: 1;D Defaults: 1","8,1,1,1","0","true","","","9","0.85","0.10000000000000001","","",""
"Specification-PolarizedContinuousMerits__Cost-0.25__Fee-British__ExitFees-AllUnilateralExits","1","34","1","D","8","15","D Offer","D Liability Signal: 8;P Files: 1;D Answers: 1;D Defaults: 1","8,1,1,1","0","true","","","10","0.95","0.10000000000000001","","",""
"Specification-PolarizedContinuousMerits__Cost-0.25__Fee-British__ExitFees-AllUnilateralExits","1","35","1","D","8","15","D Offer","D Liability Signal: 8;P Files: 1;D Answers: 1;D Defaults: 2","8,1,1,2","0.1041480947","false","9.0299499334253532","9.0299499334253532","1","0.05","0","9.0297793892645881","0.00017054416076511814","false"
"Specification-PolarizedContinuousMerits__Cost-0.25__Fee-British__ExitFees-AllUnilateralExits","1","35","1","D","8","15","D Offer","D Liability Signal: 8;P Files: 1;D Answers: 1;D Defaults: 2","8,1,1,2","0.1041480947","false","9.0299499334253532","9.0299499334253532","2","0.15","0","9.0278408285704259","0.0021091048549273239","false"
"Specification-PolarizedContinuousMerits__Cost-0.25__Fee-British__ExitFees-AllUnilateralExits","1","35","1","D","8","15","D Offer","D Liability Signal: 8;P Files: 1;D Answers: 1;D Defaults: 2","8,1,1,2","0.1041480947","false","9.0299499334253532","9.0299499334253532","3","0.25","0","9.0259027006873147","0.0040472327380385309","false"
"Specification-PolarizedContinuousMerits__Cost-0.25__Fee-British__ExitFees-AllUnilateralExits","1","35","1","D","8","15","D Offer","D Liability Signal: 8;P Files: 1;D Answers: 1;D Defaults: 2","8,1,1,2","0.1041480947","false","9.0299499334253532","9.0299499334253532","4","0.35","0","9.0239641399931543","0.0059857934321989603","false"
"Specification-PolarizedContinuousMerits__Cost-0.25__Fee-British__ExitFees-AllUnilateralExits","1","35","1","D","8","15","D Offer","D Liability Signal: 8;P Files: 1;D Answers: 1;D Defaults: 2","8,1,1,2","0.1041480947","false","9.0299499334253532","9.0299499334253532","5","0.45","0","9.0220255792989921","0.0079243541263611661","false"
"Specification-PolarizedContinuousMerits__Cost-0.25__Fee-British__ExitFees-AllUnilateralExits","1","35","1","D","8","15","D Offer","D Liability Signal: 8;P Files: 1;D Answers: 1;D Defaults: 2","8,1,1,2","0.1041480947","false","9.0299499334253532","9.0299499334253532","6","0.55","0","9.0200870186048316","0.0098629148205215955","false"
"Specification-PolarizedContinuousMerits__Cost-0.25__Fee-British__ExitFees-AllUnilateralExits","1","35","1","D","8","15","D Offer","D Liability Signal: 8;P Files: 1;D Answers: 1;D Defaults: 2","8,1,1,2","0.1041480947","false","9.0299499334253532","9.0299499334253532","7","0.65","0","9.0181484579106694","0.011801475514683801","false"
"Specification-PolarizedContinuousMerits__Cost-0.25__Fee-British__ExitFees-AllUnilateralExits","1","35","1","D","8","15","D Offer","D Liability Signal: 8;P Files: 1;D Answers: 1;D Defaults: 2","8,1,1,2","0.1041480947","false","9.0299499334253532","9.0299499334253532","8","0.75","0","9.0162103300275582","0.013739603397795008","false"
"Specification-PolarizedContinuousMerits__Cost-0.25__Fee-British__ExitFees-AllUnilateralExits","1","35","1","D","8","15","D Offer","D Liability Signal: 8;P Files: 1;D Answers: 1;D Defaults: 2","8,1,1,2","0.1041480947","false","9.0299499334253532","9.0299499334253532","9","0.85","0","9.014271769333396","0.015678164091957214","false"
"Specification-PolarizedContinuousMerits__Cost-0.25__Fee-British__ExitFees-AllUnilateralExits","1","35","1","D","8","15","D Offer","D Liability Signal: 8;P Files: 1;D Answers: 1;D Defaults: 2","8,1,1,2","0.1041480947","false","9.0299499334253532","9.0299499334253532","10","0.95","1","9.0299499334253532","0","true"
"Specification-PolarizedContinuousMerits__Cost-0.25__Fee-British__ExitFees-AllUnilateralExits","1","36","1","D","3","10","D Answers","D Liability Signal: 9;P Files: 1","9,1","0.1133630871","false","9.0201411037881094","9.0201411037881094","1","Yes","1","9.0201411037881094","0","true"
"Specification-PolarizedContinuousMerits__Cost-0.25__Fee-British__ExitFees-AllUnilateralExits","1","36","1","D","3","10","D Answers","D Liability Signal: 9;P Files: 1","9,1","0.1133630871","false","9.0201411037881094","9.0201411037881094","2","No","0","8.9625015404999999","0.057639563288109485","false"
"Specification-PolarizedContinuousMerits__Cost-0.25__Fee-British__ExitFees-AllUnilateralExits","1","37","1","D","6","21","D Defaults","D Liability Signal: 9;P Files: 1;D Answers: 1","9,1,1","0.1133630871","false","9.0201411037881094","9.0201411037881094","1","Yes","0","8.9465453857958597","0.073595717992249732","false"
"Specification-PolarizedContinuousMerits__Cost-0.25__Fee-British__ExitFees-AllUnilateralExits","1","37","1","D","6","21","D Defaults","D Liability Signal: 9;P Files: 1;D Answers: 1","9,1,1","0.1133630871","false","9.0201411037881094","9.0201411037881094","2","No","1","9.0201411037881094","0","true"
"Specification-PolarizedContinuousMerits__Cost-0.25__Fee-British__ExitFees-AllUnilateralExits","1","38","1","D","8","15","D Offer","D Liability Signal: 9;P Files: 1;D Answers: 1;D Defaults: 1","9,1,1,1","0","true","","","1","0.05","0.10000000000000001","","",""
"Specification-PolarizedContinuousMerits__Cost-0.25__Fee-British__ExitFees-AllUnilateralExits","1","38","1","D","8","15","D Offer","D Liability Signal: 9;P Files: 1;D Answers: 1;D Defaults: 1","9,1,1,1","0","true","","","2","0.15","0.10000000000000001","","",""
"Specification-PolarizedContinuousMerits__Cost-0.25__Fee-British__ExitFees-AllUnilateralExits","1","38","1","D","8","15","D Offer","D Liability Signal: 9;P Files: 1;D Answers: 1;D Defaults: 1","9,1,1,1","0","true","","","3","0.25","0.10000000000000001","","",""
"Specification-PolarizedContinuousMerits__Cost-0.25__Fee-British__ExitFees-AllUnilateralExits","1","38","1","D","8","15","D Offer","D Liability Signal: 9;P Files: 1;D Answers: 1;D Defaults: 1","9,1,1,1","0","true","","","4","0.35","0.10000000000000001","","",""
"Specification-PolarizedContinuousMerits__Cost-0.25__Fee-British__ExitFees-AllUnilateralExits","1","38","1","D","8","15","D Offer","D Liability Signal: 9;P Files: 1;D Answers: 1;D Defaults: 1","9,1,1,1","0","true","","","5","0.45","0.10000000000000001","","",""
"Specification-PolarizedContinuousMerits__Cost-0.25__Fee-British__ExitFees-AllUnilateralExits","1","38","1","D","8","15","D Offer","D Liability Signal: 9;P Files: 1;D Answers: 1;D Defaults: 1","9,1,1,1","0","true","","","6","0.55","0.10000000000000001","","",""
"Specification-PolarizedContinuousMerits__Cost-0.25__Fee-British__ExitFees-AllUnilateralExits","1","38","1","D","8","15","D Offer","D Liability Signal: 9;P Files: 1;D Answers: 1;D Defaults: 1","9,1,1,1","0","true","","","7","0.65","0.10000000000000001","","",""
"Specification-PolarizedContinuousMerits__Cost-0.25__Fee-British__ExitFees-AllUnilateralExits","1","38","1","D","8","15","D Offer","D Liability Signal: 9;P Files: 1;D Answers: 1;D Defaults: 1","9,1,1,1","0","true","","","8","0.75","0.10000000000000001","","",""
"Specification-PolarizedContinuousMerits__Cost-0.25__Fee-British__ExitFees-AllUnilateralExits","1","38","1","D","8","15","D Offer","D Liability Signal: 9;P Files: 1;D Answers: 1;D Defaults: 1","9,1,1,1","0","true","","","9","0.85","0.10000000000000001","","",""
"Specification-PolarizedContinuousMerits__Cost-0.25__Fee-British__ExitFees-AllUnilateralExits","1","38","1","D","8","15","D Offer","D Liability Signal: 9;P Files: 1;D Answers: 1;D Defaults: 1","9,1,1,1","0","true","","","10","0.95","0.10000000000000001","","",""
"Specification-PolarizedContinuousMerits__Cost-0.25__Fee-British__ExitFees-AllUnilateralExits","1","39","1","D","8","15","D Offer","D Liability Signal: 9;P Files: 1;D Answers: 1;D Defaults: 2","9,1,1,2","0.1133630871","false","9.0201411037881094","9.0201411037881094","1","0.05","0","8.9553470336292733","0.064794070158836092","false"
"Specification-PolarizedContinuousMerits__Cost-0.25__Fee-British__ExitFees-AllUnilateralExits","1","39","1","D","8","15","D Offer","D Liability Signal: 9;P Files: 1;D Answers: 1;D Defaults: 2","9,1,1,2","0.1133630871","false","9.0201411037881094","9.0201411037881094","2","0.15","0","8.9544983969705676","0.065642706817541807","false"
"Specification-PolarizedContinuousMerits__Cost-0.25__Fee-British__ExitFees-AllUnilateralExits","1","39","1","D","8","15","D Offer","D Liability Signal: 9;P Files: 1;D Answers: 1;D Defaults: 2","9,1,1,2","0.1133630871","false","9.0201411037881094","9.0201411037881094","3","0.25","0","8.9536499497819815","0.066491154006127928","false"
"Specification-PolarizedContinuousMerits__Cost-0.25__Fee-British__ExitFees-AllUnilateralExits","1","39","1","D","8","15","D Offer","D Liability Signal: 9;P Files: 1;D Answers: 1;D Defaults: 2","9,1,1,2","0.1133630871","false","9.0201411037881094","9.0201411037881094","4","0.35","0","8.9528013131232775","0.067339790664831867","false"
"Specification-PolarizedContinuousMerits__Cost-0.25__Fee-British__ExitFees-AllUnilateralExits","1","39","1","D","8","15","D Offer","D Liability Signal: 9;P Files: 1;D Answers: 1;D Defaults: 2","9,1,1,2","0.1133630871","false","9.0201411037881094","9.0201411037881094","5","0.45","0","8.9519526764645718","0.068188427323537582","false"
"Specification-PolarizedContinuousMerits__Cost-0.25__Fee-British__ExitFees-AllUnilateralExits","1","39","1","D","8","15","D Offer","D Liability Signal: 9;P Files: 1;D Answers: 1;D Defaults: 2","9,1,1,2","0.1133630871","false","9.0201411037881094","9.0201411037881094","6","0.55","0","8.9511040398058679","0.06903706398224152","false"
"Specification-PolarizedContinuousMerits__Cost-0.25__Fee-British__ExitFees-AllUnilateralExits","1","39","1","D","8","15","D Offer","D Liability Signal: 9;P Files: 1;D Answers: 1;D Defaults: 2","9,1,1,2","0.1133630871","false","9.0201411037881094","9.0201411037881094","7","0.65","0","8.9502554031471622","0.069885700640947235","false"
"Specification-PolarizedContinuousMerits__Cost-0.25__Fee-British__ExitFees-AllUnilateralExits","1","39","1","D","8","15","D Offer","D Liability Signal: 9;P Files: 1;D Answers: 1;D Defaults: 2","9,1,1,2","0.1133630871","false","9.0201411037881094","9.0201411037881094","8","0.75","0","8.949406955958576","0.070734147829533356","false"
"Specification-PolarizedContinuousMerits__Cost-0.25__Fee-British__ExitFees-AllUnilateralExits","1","39","1","D","8","15","D Offer","D Liability Signal: 9;P Files: 1;D Answers: 1;D Defaults: 2","9,1,1,2","0.1133630871","false","9.0201411037881094","9.0201411037881094","9","0.85","0","8.9485583192998703","0.071582784488239071","false"
"Specification-PolarizedContinuousMerits__Cost-0.25__Fee-British__ExitFees-AllUnilateralExits","1","39","1","D","8","15","D Offer","D Liability Signal: 9;P Files: 1;D Answers: 1;D Defaults: 2","9,1,1,2","0.1133630871","false","9.0201411037881094","9.0201411037881094","10","0.95","1","9.0201411037881094","0","true"
"Specification-PolarizedContinuousMerits__Cost-0.25__Fee-British__ExitFees-AllUnilateralExits","1","40","1","D","3","10","D Answers","D Liability Signal: 10;P Files: 1","10,1","0.1092826125","false","9.0160758584131742","9.0160758584131742","1","Yes","1","9.0160758584131742","0","true"
"Specification-PolarizedContinuousMerits__Cost-0.25__Fee-British__ExitFees-AllUnilateralExits","1","40","1","D","3","10","D Answers","D Liability Signal: 10;P Files: 1","10,1","0.1092826125","false","9.0160758584131742","9.0160758584131742","2","No","0","8.9625015404999999","0.053574317913174241","false"
"Specification-PolarizedContinuousMerits__Cost-0.25__Fee-British__ExitFees-AllUnilateralExits","1","41","1","D","6","21","D Defaults","D Liability Signal: 10;P Files: 1;D Answers: 1","10,1,1","0.1092826125","false","9.0160758584131742","9.0160758584131742","1","Yes","0","8.9397360771011307","0.076339781312043442","false"
"Specification-PolarizedContinuousMerits__Cost-0.25__Fee-British__ExitFees-AllUnilateralExits","1","41","1","D","6","21","D Defaults","D Liability Signal: 10;P Files: 1;D Answers: 1","10,1,1","0.1092826125","false","9.0160758584131742","9.0160758584131742","2","No","1","9.0160758584131742","0","true"
"Specification-PolarizedContinuousMerits__Cost-0.25__Fee-British__ExitFees-AllUnilateralExits","1","42","1","D","8","15","D Offer","D Liability Signal: 10;P Files: 1;D Answers: 1;D Defaults: 1","10,1,1,1","0","true","","","1","0.05","0.10000000000000001","","",""
"Specification-PolarizedContinuousMerits__Cost-0.25__Fee-British__ExitFees-AllUnilateralExits","1","42","1","D","8","15","D Offer","D Liability Signal: 10;P Files: 1;D Answers: 1;D Defaults: 1","10,1,1,1","0","true","","","2","0.15","0.10000000000000001","","",""
"Specification-PolarizedContinuousMerits__Cost-0.25__Fee-British__ExitFees-AllUnilateralExits","1","42","1","D","8","15","D Offer","D Liability Signal: 10;P Files: 1;D Answers: 1;D Defaults: 1","10,1,1,1","0","true","","","3","0.25","0.10000000000000001","","",""
"Specification-PolarizedContinuousMerits__Cost-0.25__Fee-British__ExitFees-AllUnilateralExits","1","42","1","D","8","15","D Offer","D Liability Signal: 10;P Files: 1;D Answers: 1;D Defaults: 1","10,1,1,1","0","true","","","4","0.35","0.10000000000000001","","",""
"Specification-PolarizedContinuousMerits__Cost-0.25__Fee-British__ExitFees-AllUnilateralExits","1","42","1","D","8","15","D Offer","D Liability Signal: 10;P Files: 1;D Answers: 1;D Defaults: 1","10,1,1,1","0","true","","","5","0.45","0.10000000000000001","","",""
"Specification-PolarizedContinuousMerits__Cost-0.25__Fee-British__ExitFees-AllUnilateralExits","1","42","1","D","8","15","D Offer","D Liability Signal: 10;P Files: 1;D Answers: 1;D Defaults: 1","10,1,1,1","0","true","","","6","0.55","0.10000000000000001","","",""
"Specification-PolarizedContinuousMerits__Cost-0.25__Fee-British__ExitFees-AllUnilateralExits","1","42","1","D","8","15","D Offer","D Liability Signal: 10;P Files: 1;D Answers: 1;D Defaults: 1","10,1,1,1","0","true","","","7","0.65","0.10000000000000001","","",""
"Specification-PolarizedContinuousMerits__Cost-0.25__Fee-British__ExitFees-AllUnilateralExits","1","42","1","D","8","15","D Offer","D Liability Signal: 10;P Files: 1;D Answers: 1;D Defaults: 1","10,1,1,1","0","true","","","8","0.75","0.10000000000000001","","",""
"Specification-PolarizedContinuousMerits__Cost-0.25__Fee-British__ExitFees-AllUnilateralExits","1","42","1","D","8","15","D Offer","D Liability Signal: 10;P Files: 1;D Answers: 1;D Defaults: 1","10,1,1,1","0","true","","","9","0.85","0.10000000000000001","","",""
"Specification-PolarizedContinuousMerits__Cost-0.25__Fee-British__ExitFees-AllUnilateralExits","1","42","1","D","8","15","D Offer","D Liability Signal: 10;P Files: 1;D Answers: 1;D Defaults: 1","10,1,1,1","0","true","","","10","0.95","0.10000000000000001","","",""
"Specification-PolarizedContinuousMerits__Cost-0.25__Fee-British__ExitFees-AllUnilateralExits","1","43","1","D","8","15","D Offer","D Liability Signal: 10;P Files: 1;D Answers: 1;D Defaults: 2","10,1,1,2","0.1092826125","false","9.0160758584131742","9.0160758584131742","1","0.05","0","8.9164002982715154","0.099675560141658792","false"
"Specification-PolarizedContinuousMerits__Cost-0.25__Fee-British__ExitFees-AllUnilateralExits","1","43","1","D","8","15","D Offer","D Liability Signal: 10;P Files: 1;D Answers: 1;D Defaults: 2","10,1,1,2","0.1092826125","false","9.0160758584131742","9.0160758584131742","2","0.15","0","8.9160033779549241","0.10007248045825001","false"
"Specification-PolarizedContinuousMerits__Cost-0.25__Fee-British__ExitFees-AllUnilateralExits","1","43","1","D","8","15","D Offer","D Liability Signal: 10;P Files: 1;D Answers: 1;D Defaults: 2","10,1,1,2","0.1092826125","false","9.0160758584131742","9.0160758584131742","3","0.25","0","8.9156065462564005","0.10046931215677368","false"
"Specification-PolarizedContinuousMerits__Cost-0.25__Fee-British__ExitFees-AllUnilateralExits","1","43","1","D","8","15","D Offer","D Liability Signal: 10;P Files: 1;D Answers: 1;D Defaults: 2","10,1,1,2","0.1092826125","false","9.0160758584131742","9.0160758584131742","4","0.35","0","8.915209625939811","0.10086623247336313","false"
"Specification-PolarizedContinuousMerits__Cost-0.25__Fee-British__ExitFees-AllUnilateralExits","1","43","1","D","8","15","D Offer","D Liability Signal: 10;P Files: 1;D Answers: 1;D Defaults: 2","10,1,1,2","0.1092826125","false","9.0160758584131742","9.0160758584131742","5","0.45","0","8.9148127056232216","0.10126315278995257","false"
"Specification-PolarizedContinuousMerits__Cost-0.25__Fee-British__ExitFees-AllUnilateralExits","1","43","1","D","8","15","D Offer","D Liability Signal: 10;P Files: 1;D Answers: 1;D Defaults: 2","10,1,1,2","0.1092826125","false","9.0160758584131742","9.0160758584131742","6","0.55","0","8.9144157853066321","0.10166007310654201","false"
"Specification-PolarizedContinuousMerits__Cost-0.25__Fee-British__ExitFees-AllUnilateralExits","1","43","1","D","8","15","D Offer","D Liability Signal: 10;P Files: 1;D Answers: 1;D Defaults: 2","10,1,1,2","0.1092826125","false","9.0160758584131742","9.0160758584131742","7","0.65","0","8.9140188649900427","0.10205699342313146","false"
"Specification-PolarizedContinuousMerits__Cost-0.25__Fee-British__ExitFees-AllUnilateralExits","1","43","1","D","8","15","D Offer","D Liability Signal: 10;P Files: 1;D Answers: 1;D Defaults: 2","10,1,1,2","0.1092826125","false","9.0160758584131742","9.0160758584131742","8","0.75","0","8.913622033291519","0.10245382512165513","false"
"Specification-PolarizedContinuousMerits__Cost-0.25__Fee-British__ExitFees-AllUnilateralExits","1","43","1","D","8","15","D Offer","D Liability Signal: 10;P Files: 1;D Answers: 1;D Defaults: 2","10,1,1,2","0.1092826125","false","9.0160758584131742","9.0160758584131742","9","0.85","0","8.9132251129749314","0.1028507454382428","false"
"Specification-PolarizedContinuousMerits__Cost-0.25__Fee-British__ExitFees-AllUnilateralExits","1","43","1","D","8","15","D Offer","D Liability Signal: 10;P Files: 1;D Answers: 1;D Defaults: 2","10,1,1,2","0.1092826125","false","9.0160758584131742","9.0160758584131742","10","0.95","1","9.0160758584131742","0","true"
