"OptionSetName","Equilibrium Number","Information Set Number","Player Index","Player","Decision Index","Decision Code","Decision","Information Set Labels","Information Set Contents","Equilibrium Reach Probability","Off Path","Conditional Information-Set Utility","Best Action Utility","Action","Action Label","Equilibrium Action Probability","Conditional Action Utility","Utility Loss from Best Action","Is Best Action"
"Specification-LowNoiseModerateRiskAversion__Cost-1__Fee-British__ExitFees-AllUnilateralExits","1","0","0","P","2","9","P Files","P Liability Signal: 1","1","0.088960000000000011","false","999.99999588109972","999.99999588109972","1","Yes","0","999.73317824954393","0.26681763155579574","false"
"Specification-LowNoiseModerateRiskAversion__Cost-1__Fee-British__ExitFees-AllUnilateralExits","1","0","0","P","2","9","P Files","P Liability Signal: 1","1","0.088960000000000011","false","999.99999588109972","999.99999588109972","2","No","1","999.99999588109972","0","true"
"Specification-LowNoiseModerateRiskAversion__Cost-1__Fee-British__ExitFees-AllUnilateralExits","1","2","0","P","5","20","P Abandons","P Liability Signal: 1;P Files: 1;D Answers: 1","1,1,1","0","true","","","1","Yes","0.5","","",""
"Specification-LowNoiseModerateRiskAversion__Cost-1__Fee-British__ExitFees-AllUnilateralExits","1","2","0","P","5","20","P Abandons","P Liability Signal: 1;P Files: 1;D Answers: 1","1,1,1","0","true","","","2","No","0.5","","",""
"Specification-LowNoiseModerateRiskAversion__Cost-1__Fee-British__ExitFees-AllUnilateralExits","1","4","0","P","7","14","P Offer","P Liability Signal: 1;P Files: 1;D Answers: 1;P Abandons: 1","1,1,1,1","0","true","","","1","0.05","0.10000000000000001","","",""
"Specification-LowNoiseModerateRiskAversion__Cost-1__Fee-British__ExitFees-AllUnilateralExits","1","4","0","P","7","14","P Offer","P Liability Signal: 1;P Files: 1;D Answers: 1;P Abandons: 1","1,1,1,1","0","true","","","2","0.15","0.10000000000000001","","",""
"Specification-LowNoiseModerateRiskAversion__Cost-1__Fee-British__ExitFees-AllUnilateralExits","1","4","0","P","7","14","P Offer","P Liability Signal: 1;P Files: 1;D Answers: 1;P Abandons: 1","1,1,1,1","0","true","","","3","0.25","0.10000000000000001","","",""
"Specification-LowNoiseModerateRiskAversion__Cost-1__Fee-British__ExitFees-AllUnilateralExits","1","4","0","P","7","14","P Offer","P Liability Signal: 1;P Files: 1;D Answers: 1;P Abandons: 1","1,1,1,1","0","true","","","4","0.35","0.10000000000000001","","",""
"Specification-LowNoiseModerateRiskAversion__Cost-1__Fee-British__ExitFees-AllUnilateralExits","1","4","0","P","7","14","P Offer","P Liability Signal: 1;P Files: 1;D Answers: 1;P Abandons: 1","1,1,1,1","0","true","","","5","0.45","0.10000000000000001","","",""
"Specification-LowNoiseModerateRiskAversion__Cost-1__Fee-British__ExitFees-AllUnilateralExits","1","4","0","P","7","14","P Offer","P Liability Signal: 1;P Files: 1;D Answers: 1;P Abandons: 1","1,1,1,1","0","true","","","6","0.55","0.10000000000000001","","",""
"Specification-LowNoiseModerateRiskAversion__Cost-1__Fee-British__ExitFees-AllUnilateralExits","1","4","0","P","7","14","P Offer","P Liability Signal: 1;P Files: 1;D Answers: 1;P Abandons: 1","1,1,1,1","0","true","","","7","0.65","0.10000000000000001","","",""
"Specification-LowNoiseModerateRiskAversion__Cost-1__Fee-British__ExitFees-AllUnilateralExits","1","4","0","P","7","14","P Offer","P Liability Signal: 1;P Files: 1;D Answers: 1;P Abandons: 1","1,1,1,1","0","true","","","8","0.75","0.10000000000000001","","",""
"Specification-LowNoiseModerateRiskAversion__Cost-1__Fee-British__ExitFees-AllUnilateralExits","1","4","0","P","7","14","P Offer","P Liability Signal: 1;P Files: 1;D Answers: 1;P Abandons: 1","1,1,1,1","0","true","","","9","0.85","0.10000000000000001","","",""
"Specification-LowNoiseModerateRiskAversion__Cost-1__Fee-British__ExitFees-AllUnilateralExits","1","4","0","P","7","14","P Offer","P Liability Signal: 1;P Files: 1;D Answers: 1;P Abandons: 1","1,1,1,1","0","true","","","10","0.95","0.10000000000000001","","",""
"Specification-LowNoiseModerateRiskAversion__Cost-1__Fee-British__ExitFees-AllUnilateralExits","1","7","0","P","7","14","P Offer","P Liability Signal: 1;P Files: 1;D Answers: 1;P Abandons: 2","1,1,1,2","0","true","","","1","0.05","0.10000000000000001","","",""
"Specification-LowNoiseModerateRiskAversion__Cost-1__Fee-British__ExitFees-AllUnilateralExits","1","7","0","P","7","14","P Offer","P Liability Signal: 1;P Files: 1;D Answers: 1;P Abandons: 2","1,1,1,2","0","true","","","2","0.15","0.10000000000000001","","",""
"Specification-LowNoiseModerateRiskAversion__Cost-1__Fee-British__ExitFees-AllUnilateralExits","1","7","0","P","7","14","P Offer","P Liability Signal: 1;P Files: 1;D Answers: 1;P Abandons: 2","1,1,1,2","0","true","","","3","0.25","0.10000000000000001","","",""
"Specification-LowNoiseModerateRiskAversion__Cost-1__Fee-British__ExitFees-AllUnilateralExits","1","7","0","P","7","14","P Offer","P Liability Signal: 1;P Files: 1;D Answers: 1;P Abandons: 2","1,1,1,2","0","true","","","4","0.35","0.10000000000000001","","",""
"Specification-LowNoiseModerateRiskAversion__Cost-1__Fee-British__ExitFees-AllUnilateralExits","1","7","0","P","7","14","P Offer","P Liability Signal: 1;P Files: 1;D Answers: 1;P Abandons: 2","1,1,1,2","0","true","","","5","0.45","0.10000000000000001","","",""
"Specification-LowNoiseModerateRiskAversion__Cost-1__Fee-British__ExitFees-AllUnilateralExits","1","7","0","P","7","14","P Offer","P Liability Signal: 1;P Files: 1;D Answers: 1;P Abandons: 2","1,1,1,2","0","true","","","6","0.55","0.10000000000000001","","",""
"Specification-LowNoiseModerateRiskAversion__Cost-1__Fee-British__ExitFees-AllUnilateralExits","1","7","0","P","7","14","P Offer","P Liability Signal: 1;P Files: 1;D Answers: 1;P Abandons: 2","1,1,1,2","0","true","","","7","0.65","0.10000000000000001","","",""
"Specification-LowNoiseModerateRiskAversion__Cost-1__Fee-British__ExitFees-AllUnilateralExits","1","7","0","P","7","14","P Offer","P Liability Signal: 1;P Files: 1;D Answers: 1;P Abandons: 2","1,1,1,2","0","true","","","8","0.75","0.10000000000000001","","",""
"Specification-LowNoiseModerateRiskAversion__Cost-1__Fee-British__ExitFees-AllUnilateralExits","1","7","0","P","7","14","P Offer","P Liability Signal: 1;P Files: 1;D Answers: 1;P Abandons: 2","1,1,1,2","0","true","","","9","0.85","0.10000000000000001","","",""
"Specification-LowNoiseModerateRiskAversion__Cost-1__Fee-British__ExitFees-AllUnilateralExits","1","7","0","P","7","14","P Offer","P Liability Signal: 1;P Files: 1;D Answers: 1;P Abandons: 2","1,1,1,2","0","true","","","10","0.95","0.10000000000000001","","",""
"Specification-LowNoiseModerateRiskAversion__Cost-1__Fee-British__ExitFees-AllUnilateralExits","1","44","0","P","2","9","P Files","P Liability Signal: 2","2","0.10632","false","999.99999588109995","999.99999588109995","1","Yes","0","999.73840929037453","0.26158659072541468","false"
"Specification-LowNoiseModerateRiskAversion__Cost-1__Fee-British__ExitFees-AllUnilateralExits","1","44","0","P","2","9","P Files","P Liability Signal: 2","2","0.10632","false","999.99999588109995","999.99999588109995","2","No","1","999.99999588109995","0","true"
"Specification-LowNoiseModerateRiskAversion__Cost-1__Fee-British__ExitFees-AllUnilateralExits","1","45","0","P","5","20","P Abandons","P Liability Signal: 2;P Files: 1;D Answers: 1","2,1,1","0","true","","","1","Yes","0.5","","",""
"Specification-LowNoiseModerateRiskAversion__Cost-1__Fee-British__ExitFees-AllUnilateralExits","1","45","0","P","5","20","P Abandons","P Liability Signal: 2;P Files: 1;D Answers: 1","2,1,1","0","true","","","2","No","0.5","","",""
"Specification-LowNoiseModerateRiskAversion__Cost-1__Fee-British__ExitFees-AllUnilateralExits","1","46","0","P","7","14","P Offer","P Liability Signal: 2;P Files: 1;D Answers: 1;P Abandons: 1","2,1,1,1","0","true","","","1","0.05","0.10000000000000001","","",""
"Specification-LowNoiseModerateRiskAversion__Cost-1__Fee-British__ExitFees-AllUnilateralExits","1","46","0","P","7","14","P Offer","P Liability Signal: 2;P Files: 1;D Answers: 1;P Abandons: 1","2,1,1,1","0","true","","","2","0.15","0.10000000000000001","","",""
"Specification-LowNoiseModerateRiskAversion__Cost-1__Fee-British__ExitFees-AllUnilateralExits","1","46","0","P","7","14","P Offer","P Liability Signal: 2;P Files: 1;D Answers: 1;P Abandons: 1","2,1,1,1","0","true","","","3","0.25","0.10000000000000001","","",""
"Specification-LowNoiseModerateRiskAversion__Cost-1__Fee-British__ExitFees-AllUnilateralExits","1","46","0","P","7","14","P Offer","P Liability Signal: 2;P Files: 1;D Answers: 1;P Abandons: 1","2,1,1,1","0","true","","","4","0.35","0.10000000000000001","","",""
"Specification-LowNoiseModerateRiskAversion__Cost-1__Fee-British__ExitFees-AllUnilateralExits","1","46","0","P","7","14","P Offer","P Liability Signal: 2;P Files: 1;D Answers: 1;P Abandons: 1","2,1,1,1","0","true","","","5","0.45","0.10000000000000001","","",""
"Specification-LowNoiseModerateRiskAversion__Cost-1__Fee-British__ExitFees-AllUnilateralExits","1","46","0","P","7","14","P Offer","P Liability Signal: 2;P Files: 1;D Answers: 1;P Abandons: 1","2,1,1,1","0","true","","","6","0.55","0.10000000000000001","","",""
"Specification-LowNoiseModerateRiskAversion__Cost-1__Fee-British__ExitFees-AllUnilateralExits","1","46","0","P","7","14","P Offer","P Liability Signal: 2;P Files: 1;D Answers: 1;P Abandons: 1","2,1,1,1","0","true","","","7","0.65","0.10000000000000001","","",""
"Specification-LowNoiseModerateRiskAversion__Cost-1__Fee-British__ExitFees-AllUnilateralExits","1","46","0","P","7","14","P Offer","P Liability Signal: 2;P Files: 1;D Answers: 1;P Abandons: 1","2,1,1,1","0","true","","","8","0.75","0.10000000000000001","","",""
"Specification-LowNoiseModerateRiskAversion__Cost-1__Fee-British__ExitFees-AllUnilateralExits","1","46","0","P","7","14","P Offer","P Liability Signal: 2;P Files: 1;D Answers: 1;P Abandons: 1","2,1,1,1","0","true","","","9","0.85","0.10000000000000001","","",""
"Specification-LowNoiseModerateRiskAversion__Cost-1__Fee-British__ExitFees-AllUnilateralExits","1","46","0","P","7","14","P Offer","P Liability Signal: 2;P Files: 1;D Answers: 1;P Abandons: 1","2,1,1,1","0","true","","","10","0.95","0.10000000000000001","","",""
"Specification-LowNoiseModerateRiskAversion__Cost-1__Fee-British__ExitFees-AllUnilateralExits","1","47","0","P","7","14","P Offer","P Liability Signal: 2;P Files: 1;D Answers: 1;P Abandons: 2","2,1,1,2","0","true","","","1","0.05","0.10000000000000001","","",""
"Specification-LowNoiseModerateRiskAversion__Cost-1__Fee-British__ExitFees-AllUnilateralExits","1","47","0","P","7","14","P Offer","P Liability Signal: 2;P Files: 1;D Answers: 1;P Abandons: 2","2,1,1,2","0","true","","","2","0.15","0.10000000000000001","","",""
"Specification-LowNoiseModerateRiskAversion__Cost-1__Fee-British__ExitFees-AllUnilateralExits","1","47","0","P","7","14","P Offer","P Liability Signal: 2;P Files: 1;D Answers: 1;P Abandons: 2","2,1,1,2","0","true","","","3","0.25","0.10000000000000001","","",""
"Specification-LowNoiseModerateRiskAversion__Cost-1__Fee-British__ExitFees-AllUnilateralExits","1","47","0","P","7","14","P Offer","P Liability Signal: 2;P Files: 1;D Answers: 1;P Abandons: 2","2,1,1,2","0","true","","","4","0.35","0.10000000000000001","","",""
"Specification-LowNoiseModerateRiskAversion__Cost-1__Fee-British__ExitFees-AllUnilateralExits","1","47","0","P","7","14","P Offer","P Liability Signal: 2;P Files: 1;D Answers: 1;P Abandons: 2","2,1,1,2","0","true","","","5","0.45","0.10000000000000001","","",""
"Specification-LowNoiseModerateRiskAversion__Cost-1__Fee-British__ExitFees-AllUnilateralExits","1","47","0","P","7","14","P Offer","P Liability Signal: 2;P Files: 1;D Answers: 1;P Abandons: 2","2,1,1,2","0","true","","","6","0.55","0.10000000000000001","","",""
"Specification-LowNoiseModerateRiskAversion__Cost-1__Fee-British__ExitFees-AllUnilateralExits","1","47","0","P","7","14","P Offer","P Liability Signal: 2;P Files: 1;D Answers: 1;P Abandons: 2","2,1,1,2","0","true","","","7","0.65","0.10000000000000001","","",""
"Specification-LowNoiseModerateRiskAversion__Cost-1__Fee-British__ExitFees-AllUnilateralExits","1","47","0","P","7","14","P Offer","P Liability Signal: 2;P Files: 1;D Answers: 1;P Abandons: 2","2,1,1,2","0","true","","","8","0.75","0.10000000000000001","","",""
"Specification-LowNoiseModerateRiskAversion__Cost-1__Fee-British__ExitFees-AllUnilateralExits","1","47","0","P","7","14","P Offer","P Liability Signal: 2;P Files: 1;D Answers: 1;P Abandons: 2","2,1,1,2","0","true","","","9","0.85","0.10000000000000001","","",""
"Specification-LowNoiseModerateRiskAversion__Cost-1__Fee-British__ExitFees-AllUnilateralExits","1","47","0","P","7","14","P Offer","P Liability Signal: 2;P Files: 1;D Answers: 1;P Abandons: 2","2,1,1,2","0","true","","","10","0.95","0.10000000000000001","","",""
"Specification-LowNoiseModerateRiskAversion__Cost-1__Fee-British__ExitFees-AllUnilateralExits","1","48","0","P","2","9","P Files","P Liability Signal: 3","3","0.1038","false","999.99999588109984","999.99999588109984","1","Yes","0","999.76158788124235","0.23840799985748617","false"
"Specification-LowNoiseModerateRiskAversion__Cost-1__Fee-British__ExitFees-AllUnilateralExits","1","48","0","P","2","9","P Files","P Liability Signal: 3","3","0.1038","false","999.99999588109984","999.99999588109984","2","No","1","999.99999588109984","0","true"
"Specification-LowNoiseModerateRiskAversion__Cost-1__Fee-British__ExitFees-AllUnilateralExits","1","49","0","P","5","20","P Abandons","P Liability Signal: 3;P Files: 1;D Answers: 1","3,1,1","0","true","","","1","Yes","0.5","","",""
"Specification-LowNoiseModerateRiskAversion__Cost-1__Fee-British__ExitFees-AllUnilateralExits","1","49","0","P","5","20","P Abandons","P Liability Signal: 3;P Files: 1;D Answers: 1","3,1,1","0","true","","","2","No","0.5","","",""
"Specification-LowNoiseModerateRiskAversion__Cost-1__Fee-British__ExitFees-AllUnilateralExits","1","50","0","P","7","14","P Offer","P Liability Signal: 3;P Files: 1;D Answers: 1;P Abandons: 1","3,1,1,1","0","true","","","1","0.05","0.10000000000000001","","",""
"Specification-LowNoiseModerateRiskAversion__Cost-1__Fee-British__ExitFees-AllUnilateralExits","1","50","0","P","7","14","P Offer","P Liability Signal: 3;P Files: 1;D Answers: 1;P Abandons: 1","3,1,1,1","0","true","","","2","0.15","0.10000000000000001","","",""
"Specification-LowNoiseModerateRiskAversion__Cost-1__Fee-British__ExitFees-AllUnilateralExits","1","50","0","P","7","14","P Offer","P Liability Signal: 3;P Files: 1;D Answers: 1;P Abandons: 1","3,1,1,1","0","true","","","3","0.25","0.10000000000000001","","",""
"Specification-LowNoiseModerateRiskAversion__Cost-1__Fee-British__ExitFees-AllUnilateralExits","1","50","0","P","7","14","P Offer","P Liability Signal: 3;P Files: 1;D Answers: 1;P Abandons: 1","3,1,1,1","0","true","","","4","0.35","0.10000000000000001","","",""
"Specification-LowNoiseModerateRiskAversion__Cost-1__Fee-British__ExitFees-AllUnilateralExits","1","50","0","P","7","14","P Offer","P Liability Signal: 3;P Files: 1;D Answers: 1;P Abandons: 1","3,1,1,1","0","true","","","5","0.45","0.10000000000000001","","",""
"Specification-LowNoiseModerateRiskAversion__Cost-1__Fee-British__ExitFees-AllUnilateralExits","1","50","0","P","7","14","P Offer","P Liability Signal: 3;P Files: 1;D Answers: 1;P Abandons: 1","3,1,1,1","0","true","","","6","0.55","0.10000000000000001","","",""
"Specification-LowNoiseModerateRiskAversion__Cost-1__Fee-British__ExitFees-AllUnilateralExits","1","50","0","P","7","14","P Offer","P Liability Signal: 3;P Files: 1;D Answers: 1;P Abandons: 1","3,1,1,1","0","true","","","7","0.65","0.10000000000000001","","",""
"Specification-LowNoiseModerateRiskAversion__Cost-1__Fee-British__ExitFees-AllUnilateralExits","1","50","0","P","7","14","P Offer","P Liability Signal: 3;P Files: 1;D Answers: 1;P Abandons: 1","3,1,1,1","0","true","","","8","0.75","0.10000000000000001","","",""
"Specification-LowNoiseModerateRiskAversion__Cost-1__Fee-British__ExitFees-AllUnilateralExits","1","50","0","P","7","14","P Offer","P Liability Signal: 3;P Files: 1;D Answers: 1;P Abandons: 1","3,1,1,1","0","true","","","9","0.85","0.10000000000000001","","",""
"Specification-LowNoiseModerateRiskAversion__Cost-1__Fee-British__ExitFees-AllUnilateralExits","1","50","0","P","7","14","P Offer","P Liability Signal: 3;P Files: 1;D Answers: 1;P Abandons: 1","3,1,1,1","0","true","","","10","0.95","0.10000000000000001","","",""
"Specification-LowNoiseModerateRiskAversion__Cost-1__Fee-British__ExitFees-AllUnilateralExits","1","51","0","P","7","14","P Offer","P Liability Signal: 3;P Files: 1;D Answers: 1;P Abandons: 2","3,1,1,2","0","true","","","1","0.05","0.10000000000000001","","",""
"Specification-LowNoiseModerateRiskAversion__Cost-1__Fee-British__ExitFees-AllUnilateralExits","1","51","0","P","7","14","P Offer","P Liability Signal: 3;P Files: 1;D Answers: 1;P Abandons: 2","3,1,1,2","0","true","","","2","0.15","0.10000000000000001","","",""
"Specification-LowNoiseModerateRiskAversion__Cost-1__Fee-British__ExitFees-AllUnilateralExits","1","51","0","P","7","14","P Offer","P Liability Signal: 3;P Files: 1;D Answers: 1;P Abandons: 2","3,1,1,2","0","true","","","3","0.25","0.10000000000000001","","",""
"Specification-LowNoiseModerateRiskAversion__Cost-1__Fee-British__ExitFees-AllUnilateralExits","1","51","0","P","7","14","P Offer","P Liability Signal: 3;P Files: 1;D Answers: 1;P Abandons: 2","3,1,1,2","0","true","","","4","0.35","0.10000000000000001","","",""
"Specification-LowNoiseModerateRiskAversion__Cost-1__Fee-British__ExitFees-AllUnilateralExits","1","51","0","P","7","14","P Offer","P Liability Signal: 3;P Files: 1;D Answers: 1;P Abandons: 2","3,1,1,2","0","true","","","5","0.45","0.10000000000000001","","",""
"Specification-LowNoiseModerateRiskAversion__Cost-1__Fee-British__ExitFees-AllUnilateralExits","1","51","0","P","7","14","P Offer","P Liability Signal: 3;P Files: 1;D Answers: 1;P Abandons: 2","3,1,1,2","0","true","","","6","0.55","0.10000000000000001","","",""
"Specification-LowNoiseModerateRiskAversion__Cost-1__Fee-British__ExitFees-AllUnilateralExits","1","51","0","P","7","14","P Offer","P Liability Signal: 3;P Files: 1;D Answers: 1;P Abandons: 2","3,1,1,2","0","true","","","7","0.65","0.10000000000000001","","",""
"Specification-LowNoiseModerateRiskAversion__Cost-1__Fee-British__ExitFees-AllUnilateralExits","1","51","0","P","7","14","P Offer","P Liability Signal: 3;P Files: 1;D Answers: 1;P Abandons: 2","3,1,1,2","0","true","","","8","0.75","0.10000000000000001","","",""
"Specification-LowNoiseModerateRiskAversion__Cost-1__Fee-British__ExitFees-AllUnilateralExits","1","51","0","P","7","14","P Offer","P Liability Signal: 3;P Files: 1;D Answers: 1;P Abandons: 2","3,1,1,2","0","true","","","9","0.85","0.10000000000000001","","",""
"Specification-LowNoiseModerateRiskAversion__Cost-1__Fee-British__ExitFees-AllUnilateralExits","1","51","0","P","7","14","P Offer","P Liability Signal: 3;P Files: 1;D Answers: 1;P Abandons: 2","3,1,1,2","0","true","","","10","0.95","0.10000000000000001","","",""
"Specification-LowNoiseModerateRiskAversion__Cost-1__Fee-British__ExitFees-AllUnilateralExits","1","52","0","P","2","9","P Files","P Liability Signal: 4","4","0.10081000000000001","false","999.99999588109972","999.99999588109972","1","Yes","0","999.8246984421686","0.17529743893112482","false"
"Specification-LowNoiseModerateRiskAversion__Cost-1__Fee-British__ExitFees-AllUnilateralExits","1","52","0","P","2","9","P Files","P Liability Signal: 4","4","0.10081000000000001","false","999.99999588109972","999.99999588109972","2","No","1","999.99999588109972","0","true"
"Specification-LowNoiseModerateRiskAversion__Cost-1__Fee-British__ExitFees-AllUnilateralExits","1","53","0","P","5","20","P Abandons","P Liability Signal: 4;P Files: 1;D Answers: 1","4,1,1","0","true","","","1","Yes","0.5","","",""
"Specification-LowNoiseModerateRiskAversion__Cost-1__Fee-British__ExitFees-AllUnilateralExits","1","53","0","P","5","20","P Abandons","P Liability Signal: 4;P Files: 1;D Answers: 1","4,1,1","0","true","","","2","No","0.5","","",""
"Specification-LowNoiseModerateRiskAversion__Cost-1__Fee-British__ExitFees-AllUnilateralExits","1","54","0","P","7","14","P Offer","P Liability Signal: 4;P Files: 1;D Answers: 1;P Abandons: 1","4,1,1,1","0","true","","","1","0.05","0.10000000000000001","","",""
"Specification-LowNoiseModerateRiskAversion__Cost-1__Fee-British__ExitFees-AllUnilateralExits","1","54","0","P","7","14","P Offer","P Liability Signal: 4;P Files: 1;D Answers: 1;P Abandons: 1","4,1,1,1","0","true","","","2","0.15","0.10000000000000001","","",""
"Specification-LowNoiseModerateRiskAversion__Cost-1__Fee-British__ExitFees-AllUnilateralExits","1","54","0","P","7","14","P Offer","P Liability Signal: 4;P Files: 1;D Answers: 1;P Abandons: 1","4,1,1,1","0","true","","","3","0.25","0.10000000000000001","","",""
"Specification-LowNoiseModerateRiskAversion__Cost-1__Fee-British__ExitFees-AllUnilateralExits","1","54","0","P","7","14","P Offer","P Liability Signal: 4;P Files: 1;D Answers: 1;P Abandons: 1","4,1,1,1","0","true","","","4","0.35","0.10000000000000001","","",""
"Specification-LowNoiseModerateRiskAversion__Cost-1__Fee-British__ExitFees-AllUnilateralExits","1","54","0","P","7","14","P Offer","P Liability Signal: 4;P Files: 1;D Answers: 1;P Abandons: 1","4,1,1,1","0","true","","","5","0.45","0.10000000000000001","","",""
"Specification-LowNoiseModerateRiskAversion__Cost-1__Fee-British__ExitFees-AllUnilateralExits","1","54","0","P","7","14","P Offer","P Liability Signal: 4;P Files: 1;D Answers: 1;P Abandons: 1","4,1,1,1","0","true","","","6","0.55","0.10000000000000001","","",""
"Specification-LowNoiseModerateRiskAversion__Cost-1__Fee-British__ExitFees-AllUnilateralExits","1","54","0","P","7","14","P Offer","P Liability Signal: 4;P Files: 1;D Answers: 1;P Abandons: 1","4,1,1,1","0","true","","","7","0.65","0.10000000000000001","","",""
"Specification-LowNoiseModerateRiskAversion__Cost-1__Fee-British__ExitFees-AllUnilateralExits","1","54","0","P","7","14","P Offer","P Liability Signal: 4;P Files: 1;D Answers: 1;P Abandons: 1","4,1,1,1","0","true","","","8","0.75","0.10000000000000001","","",""
"Specification-LowNoiseModerateRiskAversion__Cost-1__Fee-British__ExitFees-AllUnilateralExits","1","54","0","P","7","14","P Offer","P Liability Signal: 4;P Files: 1;D Answers: 1;P Abandons: 1","4,1,1,1","0","true","","","9","0.85","0.10000000000000001","","",""
"Specification-LowNoiseModerateRiskAversion__Cost-1__Fee-British__ExitFees-AllUnilateralExits","1","54","0","P","7","14","P Offer","P Liability Signal: 4;P Files: 1;D Answers: 1;P Abandons: 1","4,1,1,1","0","true","","","10","0.95","0.10000000000000001","","",""
"Specification-LowNoiseModerateRiskAversion__Cost-1__Fee-British__ExitFees-AllUnilateralExits","1","55","0","P","7","14","P Offer","P Liability Signal: 4;P Files: 1;D Answers: 1;P Abandons: 2","4,1,1,2","0","true","","","1","0.05","0.10000000000000001","","",""
"Specification-LowNoiseModerateRiskAversion__Cost-1__Fee-British__ExitFees-AllUnilateralExits","1","55","0","P","7","14","P Offer","P Liability Signal: 4;P Files: 1;D Answers: 1;P Abandons: 2","4,1,1,2","0","true","","","2","0.15","0.10000000000000001","","",""
"Specification-LowNoiseModerateRiskAversion__Cost-1__Fee-British__ExitFees-AllUnilateralExits","1","55","0","P","7","14","P Offer","P Liability Signal: 4;P Files: 1;D Answers: 1;P Abandons: 2","4,1,1,2","0","true","","","3","0.25","0.10000000000000001","","",""
"Specification-LowNoiseModerateRiskAversion__Cost-1__Fee-British__ExitFees-AllUnilateralExits","1","55","0","P","7","14","P Offer","P Liability Signal: 4;P Files: 1;D Answers: 1;P Abandons: 2","4,1,1,2","0","true","","","4","0.35","0.10000000000000001","","",""
"Specification-LowNoiseModerateRiskAversion__Cost-1__Fee-British__ExitFees-AllUnilateralExits","1","55","0","P","7","14","P Offer","P Liability Signal: 4;P Files: 1;D Answers: 1;P Abandons: 2","4,1,1,2","0","true","","","5","0.45","0.10000000000000001","","",""
"Specification-LowNoiseModerateRiskAversion__Cost-1__Fee-British__ExitFees-AllUnilateralExits","1","55","0","P","7","14","P Offer","P Liability Signal: 4;P Files: 1;D Answers: 1;P Abandons: 2","4,1,1,2","0","true","","","6","0.55","0.10000000000000001","","",""
"Specification-LowNoiseModerateRiskAversion__Cost-1__Fee-British__ExitFees-AllUnilateralExits","1","55","0","P","7","14","P Offer","P Liability Signal: 4;P Files: 1;D Answers: 1;P Abandons: 2","4,1,1,2","0","true","","","7","0.65","0.10000000000000001","","",""
"Specification-LowNoiseModerateRiskAversion__Cost-1__Fee-British__ExitFees-AllUnilateralExits","1","55","0","P","7","14","P Offer","P Liability Signal: 4;P Files: 1;D Answers: 1;P Abandons: 2","4,1,1,2","0","true","","","8","0.75","0.10000000000000001","","",""
"Specification-LowNoiseModerateRiskAversion__Cost-1__Fee-British__ExitFees-AllUnilateralExits","1","55","0","P","7","14","P Offer","P Liability Signal: 4;P Files: 1;D Answers: 1;P Abandons: 2","4,1,1,2","0","true","","","9","0.85","0.10000000000000001","","",""
"Specification-LowNoiseModerateRiskAversion__Cost-1__Fee-British__ExitFees-AllUnilateralExits","1","55","0","P","7","14","P Offer","P Liability Signal: 4;P Files: 1;D Answers: 1;P Abandons: 2","4,1,1,2","0","true","","","10","0.95","0.10000000000000001","","",""
"Specification-LowNoiseModerateRiskAversion__Cost-1__Fee-British__ExitFees-AllUnilateralExits","1","56","0","P","2","9","P Files","P Liability Signal: 5","5","0.10009999999999999","false","1000.0079470404247","1000.0079470404247","1","Yes","1","1000.0079470404247","0","true"
"Specification-LowNoiseModerateRiskAversion__Cost-1__Fee-British__ExitFees-AllUnilateralExits","1","56","0","P","2","9","P Files","P Liability Signal: 5","5","0.10009999999999999","false","1000.0079470404247","1000.0079470404247","2","No","0","999.99999588110006","0.0079511593246479606","false"
"Specification-LowNoiseModerateRiskAversion__Cost-1__Fee-British__ExitFees-AllUnilateralExits","1","57","0","P","5","20","P Abandons","P Liability Signal: 5;P Files: 1;D Answers: 1","5,1,1","0.10009999999999999","false","1000.0079470404247","1000.0079470404247","1","Yes","0","999.96180763325378","0.046139407170926461","false"
"Specification-LowNoiseModerateRiskAversion__Cost-1__Fee-British__ExitFees-AllUnilateralExits","1","57","0","P","5","20","P Abandons","P Liability Signal: 5;P Files: 1;D Answers: 1","5,1,1","0.10009999999999999","false","1000.0079470404247","1000.0079470404247","2","No","1","1000.0079470404247","0","true"
"Specification-LowNoiseModerateRiskAversion__Cost-1__Fee-British__ExitFees-AllUnilateralExits","1","58","0","P","7","14","P Offer","P Liability Signal: 5;P Files: 1;D Answers: 1;P Abandons: 1","5,1,1,1","0","true","","","1","0.05","0.10000000000000001","","",""
"Specification-LowNoiseModerateRiskAversion__Cost-1__Fee-British__ExitFees-AllUnilateralExits","1","58","0","P","7","14","P Offer","P Liability Signal: 5;P Files: 1;D Answers: 1;P Abandons: 1","5,1,1,1","0","true","","","2","0.15","0.10000000000000001","","",""
"Specification-LowNoiseModerateRiskAversion__Cost-1__Fee-British__ExitFees-AllUnilateralExits","1","58","0","P","7","14","P Offer","P Liability Signal: 5;P Files: 1;D Answers: 1;P Abandons: 1","5,1,1,1","0","true","","","3","0.25","0.10000000000000001","","",""
"Specification-LowNoiseModerateRiskAversion__Cost-1__Fee-British__ExitFees-AllUnilateralExits","1","58","0","P","7","14","P Offer","P Liability Signal: 5;P Files: 1;D Answers: 1;P Abandons: 1","5,1,1,1","0","true","","","4","0.35","0.10000000000000001","","",""
"Specification-LowNoiseModerateRiskAversion__Cost-1__Fee-British__ExitFees-AllUnilateralExits","1","58","0","P","7","14","P Offer","P Liability Signal: 5;P Files: 1;D Answers: 1;P Abandons: 1","5,1,1,1","0","true","","","5","0.45","0.10000000000000001","","",""
"Specification-LowNoiseModerateRiskAversion__Cost-1__Fee-British__ExitFees-AllUnilateralExits","1","58","0","P","7","14","P Offer","P Liability Signal: 5;P Files: 1;D Answers: 1;P Abandons: 1","5,1,1,1","0","true","","","6","0.55","0.10000000000000001","","",""
"Specification-LowNoiseModerateRiskAversion__Cost-1__Fee-British__ExitFees-AllUnilateralExits","1","58","0","P","7","14","P Offer","P Liability Signal: 5;P Files: 1;D Answers: 1;P Abandons: 1","5,1,1,1","0","true","","","7","0.65","0.10000000000000001","","",""
"Specification-LowNoiseModerateRiskAversion__Cost-1__Fee-British__ExitFees-AllUnilateralExits","1","58","0","P","7","14","P Offer","P Liability Signal: 5;P Files: 1;D Answers: 1;P Abandons: 1","5,1,1,1","0","true","","","8","0.75","0.10000000000000001","","",""
"Specification-LowNoiseModerateRiskAversion__Cost-1__Fee-British__ExitFees-AllUnilateralExits","1","58","0","P","7","14","P Offer","P Liability Signal: 5;P Files: 1;D Answers: 1;P Abandons: 1","5,1,1,1","0","true","","","9","0.85","0.10000000000000001","","",""
"Specification-LowNoiseModerateRiskAversion__Cost-1__Fee-British__ExitFees-AllUnilateralExits","1","58","0","P","7","14","P Offer","P Liability Signal: 5;P Files: 1;D Answers: 1;P Abandons: 1","5,1,1,1","0","true","","","10","0.95","0.10000000000000001","","",""
"Specification-LowNoiseModerateRiskAversion__Cost-1__Fee-British__ExitFees-AllUnilateralExits","1","59","0","P","7","14","P Offer","P Liability Signal: 5;P Files: 1;D Answers: 1;P Abandons: 2","5,1,1,2","0.10009999999999999","false","1000.0079470404247","1000.0079470404247","1","0.05","1","1000.0079470404247","0","true"
"Specification-LowNoiseModerateRiskAversion__Cost-1__Fee-British__ExitFees-AllUnilateralExits","1","59","0","P","7","14","P Offer","P Liability Signal: 5;P Files: 1;D Answers: 1;P Abandons: 2","5,1,1,2","0.10009999999999999","false","1000.0079470404247","1000.0079470404247","2","0.15","0","999.87111918215282","0.13682785827188582","false"
"Specification-LowNoiseModerateRiskAversion__Cost-1__Fee-British__ExitFees-AllUnilateralExits","1","59","0","P","7","14","P Offer","P Liability Signal: 5;P Files: 1;D Answers: 1;P Abandons: 2","5,1,1,2","0.10009999999999999","false","1000.0079470404247","1000.0079470404247","3","0.25","0","999.8740235089457","0.13392353147901304","false"
"Specification-LowNoiseModerateRiskAversion__Cost-1__Fee-British__ExitFees-AllUnilateralExits","1","59","0","P","7","14","P Offer","P Liability Signal: 5;P Files: 1;D Answers: 1;P Abandons: 2","5,1,1,2","0.10009999999999999","false","1000.0079470404247","1000.0079470404247","4","0.35","0","999.87665298514003","0.13129405528468396","false"
"Specification-LowNoiseModerateRiskAversion__Cost-1__Fee-British__ExitFees-AllUnilateralExits","1","59","0","P","7","14","P Offer","P Liability Signal: 5;P Files: 1;D Answers: 1;P Abandons: 2","5,1,1,2","0.10009999999999999","false","1000.0079470404247","1000.0079470404247","5","0.45","0","999.87903358087181","0.1289134595529049","false"
"Specification-LowNoiseModerateRiskAversion__Cost-1__Fee-British__ExitFees-AllUnilateralExits","1","59","0","P","7","14","P Offer","P Liability Signal: 5;P Files: 1;D Answers: 1;P Abandons: 2","5,1,1,2","0.10009999999999999","false","1000.0079470404247","1000.0079470404247","6","0.55","0","999.88118693792001","0.12676010250470426","false"
"Specification-LowNoiseModerateRiskAversion__Cost-1__Fee-British__ExitFees-AllUnilateralExits","1","59","0","P","7","14","P Offer","P Liability Signal: 5;P Files: 1;D Answers: 1;P Abandons: 2","5,1,1,2","0.10009999999999999","false","1000.0079470404247","1000.0079470404247","7","0.65","0","999.88313469806451","0.124812342360201","false"
"Specification-LowNoiseModerateRiskAversion__Cost-1__Fee-British__ExitFees-AllUnilateralExits","1","59","0","P","7","14","P Offer","P Liability Signal: 5;P Files: 1;D Answers: 1;P Abandons: 2","5,1,1,2","0.10009999999999999","false","1000.0079470404247","1000.0079470404247","8","0.75","0","999.88489633890595","0.12305070151876407","false"
"Specification-LowNoiseModerateRiskAversion__Cost-1__Fee-British__ExitFees-AllUnilateralExits","1","59","0","P","7","14","P Offer","P Liability Signal: 5;P Files: 1;D Answers: 1;P Abandons: 2","5,1,1,2","0.10009999999999999","false","1000.0079470404247","1000.0079470404247","9","0.85","0","999.88649133804631","0.1214557023783982","false"
"Specification-LowNoiseModerateRiskAversion__Cost-1__Fee-British__ExitFees-AllUnilateralExits","1","59","0","P","7","14","P Offer","P Liability Signal: 5;P Files: 1;D Answers: 1;P Abandons: 2","5,1,1,2","0.10009999999999999","false","1000.0079470404247","1000.0079470404247","10","0.95","0","999.88793484473092","0.12001219569378918","false"
"Specification-LowNoiseModerateRiskAversion__Cost-1__Fee-British__ExitFees-AllUnilateralExits","1","60","0","P","2","9","P Files","P Liability Signal: 6","6","0.10009999999999999","false","1000.0446595222168","1000.0446595222168","1","Yes","1","1000.0446595222168","0","true"
"Specification-LowNoiseModerateRiskAversion__Cost-1__Fee-British__ExitFees-AllUnilateralExits","1","60","0","P","2","9","P Files","P Liability Signal: 6","6","0.10009999999999999","false","1000.0446595222168","1000.0446595222168","2","No","0","999.99999588109984","0.044663641116926556","false"
"Specification-LowNoiseModerateRiskAversion__Cost-1__Fee-British__ExitFees-AllUnilateralExits","1","61","0","P","5","20","P Abandons","P Liability Signal: 6;P Files: 1;D Answers: 1","6,1,1","0.10009999999999999","false","1000.0446595222168","1000.0446595222164","1","Yes","0.4444190762930465","1000.0446595222164","0","true"
"Specification-LowNoiseModerateRiskAversion__Cost-1__Fee-British__ExitFees-AllUnilateralExits","1","61","0","P","5","20","P Abandons","P Liability Signal: 6;P Files: 1;D Answers: 1","6,1,1","0.10009999999999999","false","1000.0446595222168","1000.0446595222164","2","No","0.55558092370695356","1000.0446595222164","0","true"
"Specification-LowNoiseModerateRiskAversion__Cost-1__Fee-British__ExitFees-AllUnilateralExits","1","62","0","P","7","14","P Offer","P Liability Signal: 6;P Files: 1;D Answers: 1;P Abandons: 1","6,1,1,1","0.044486349536933957","false","1000.0446595222163","1000.0446595222166","1","0.05","0","1000.0446595222166","0","true"
"Specification-LowNoiseModerateRiskAversion__Cost-1__Fee-British__ExitFees-AllUnilateralExits","1","62","0","P","7","14","P Offer","P Liability Signal: 6;P Files: 1;D Answers: 1;P Abandons: 1","6,1,1,1","0.044486349536933957","false","1000.0446595222163","1000.0446595222166","2","0.15","0","1000.0153117454338","0.029347776782856272","false"
"Specification-LowNoiseModerateRiskAversion__Cost-1__Fee-British__ExitFees-AllUnilateralExits","1","62","0","P","7","14","P Offer","P Liability Signal: 6;P Files: 1;D Answers: 1;P Abandons: 1","6,1,1,1","0.044486349536933957","false","1000.0446595222163","1000.0446595222166","3","0.25","0","1000.0203805635086","0.024278958708009668","false"
"Specification-LowNoiseModerateRiskAversion__Cost-1__Fee-British__ExitFees-AllUnilateralExits","1","62","0","P","7","14","P Offer","P Liability Signal: 6;P Files: 1;D Answers: 1;P Abandons: 1","6,1,1,1","0.044486349536933957","false","1000.0446595222163","1000.0446595222166","4","0.35","0","1000.0249696946273","0.019689827589331799","false"
"Specification-LowNoiseModerateRiskAversion__Cost-1__Fee-British__ExitFees-AllUnilateralExits","1","62","0","P","7","14","P Offer","P Liability Signal: 6;P Files: 1;D Answers: 1;P Abandons: 1","6,1,1,1","0.044486349536933957","false","1000.0446595222163","1000.0446595222166","5","0.45","0","1000.0291244635411","0.015535058675595792","false"
"Specification-LowNoiseModerateRiskAversion__Cost-1__Fee-British__ExitFees-AllUnilateralExits","1","62","0","P","7","14","P Offer","P Liability Signal: 6;P Files: 1;D Answers: 1;P Abandons: 1","6,1,1,1","0.044486349536933957","false","1000.0446595222163","1000.0446595222166","6","0.55","0","1000.0328826408768","0.01177688133986976","false"
"Specification-LowNoiseModerateRiskAversion__Cost-1__Fee-British__ExitFees-AllUnilateralExits","1","62","0","P","7","14","P Offer","P Liability Signal: 6;P Files: 1;D Answers: 1;P Abandons: 1","6,1,1,1","0.044486349536933957","false","1000.0446595222163","1000.0446595222166","7","0.65","0","1000.0362819972612","0.0083775249554491893","false"
"Specification-LowNoiseModerateRiskAversion__Cost-1__Fee-British__ExitFees-AllUnilateralExits","1","62","0","P","7","14","P Offer","P Liability Signal: 6;P Files: 1;D Answers: 1;P Abandons: 1","6,1,1,1","0.044486349536933957","false","1000.0446595222163","1000.0446595222166","8","0.75","0","1000.0393565262573","0.0053029959593686726","false"
"Specification-LowNoiseModerateRiskAversion__Cost-1__Fee-British__ExitFees-AllUnilateralExits","1","62","0","P","7","14","P Offer","P Liability Signal: 6;P Files: 1;D Answers: 1;P Abandons: 1","6,1,1,1","0.044486349536933957","false","1000.0446595222163","1000.0446595222166","9","0.85","0","1000.0421402214295","0.0025193007871848749","false"
"Specification-LowNoiseModerateRiskAversion__Cost-1__Fee-British__ExitFees-AllUnilateralExits","1","62","0","P","7","14","P Offer","P Liability Signal: 6;P Files: 1;D Answers: 1;P Abandons: 1","6,1,1,1","0.044486349536933957","false","1000.0446595222163","1000.0446595222166","10","0.95","1","1000.0446595222163","3.4106051316484809E-13","true"
"Specification-LowNoiseModerateRiskAversion__Cost-1__Fee-British__ExitFees-AllUnilateralExits","1","63","0","P","7","14","P Offer","P Liability Signal: 6;P Files: 1;D Answers: 1;P Abandons: 2","6,1,1,2","0.055613650463066051","false","1000.0446595222164","1000.0446595222164","1","0.05","1","1000.0446595222164","0","true"
"Specification-LowNoiseModerateRiskAversion__Cost-1__Fee-British__ExitFees-AllUnilateralExits","1","63","0","P","7","14","P Offer","P Liability Signal: 6;P Files: 1;D Answers: 1;P Abandons: 2","6,1,1,2","0.055613650463066051","false","1000.0446595222164","1000.0446595222164","2","0.15","0","1000.009280231908","0.035379290308469535","false"
"Specification-LowNoiseModerateRiskAversion__Cost-1__Fee-British__ExitFees-AllUnilateralExits","1","63","0","P","7","14","P Offer","P Liability Signal: 6;P Files: 1;D Answers: 1;P Abandons: 2","6,1,1,2","0.055613650463066051","false","1000.0446595222164","1000.0446595222164","3","0.25","0","1000.014349049983","0.030310472233395558","false"
"Specification-LowNoiseModerateRiskAversion__Cost-1__Fee-British__ExitFees-AllUnilateralExits","1","63","0","P","7","14","P Offer","P Liability Signal: 6;P Files: 1;D Answers: 1;P Abandons: 2","6,1,1,2","0.055613650463066051","false","1000.0446595222164","1000.0446595222164","4","0.35","0","1000.0189381811017","0.025721341114717688","false"
"Specification-LowNoiseModerateRiskAversion__Cost-1__Fee-British__ExitFees-AllUnilateralExits","1","63","0","P","7","14","P Offer","P Liability Signal: 6;P Files: 1;D Answers: 1;P Abandons: 2","6,1,1,2","0.055613650463066051","false","1000.0446595222164","1000.0446595222164","5","0.45","0","1000.0230929500156","0.021566572200867995","false"
"Specification-LowNoiseModerateRiskAversion__Cost-1__Fee-British__ExitFees-AllUnilateralExits","1","63","0","P","7","14","P Offer","P Liability Signal: 6;P Files: 1;D Answers: 1;P Abandons: 2","6,1,1,2","0.055613650463066051","false","1000.0446595222164","1000.0446595222164","6","0.55","0","1000.0268511273513","0.017808394865141963","false"
"Specification-LowNoiseModerateRiskAversion__Cost-1__Fee-British__ExitFees-AllUnilateralExits","1","63","0","P","7","14","P Offer","P Liability Signal: 6;P Files: 1;D Answers: 1;P Abandons: 2","6,1,1,2","0.055613650463066051","false","1000.0446595222164","1000.0446595222164","7","0.65","0","1000.0302504837355","0.014409038480948766","false"
"Specification-LowNoiseModerateRiskAversion__Cost-1__Fee-British__ExitFees-AllUnilateralExits","1","63","0","P","7","14","P Offer","P Liability Signal: 6;P Files: 1;D Answers: 1;P Abandons: 2","6,1,1,2","0.055613650463066051","false","1000.0446595222164","1000.0446595222164","8","0.75","0","1000.0333250127316","0.011334509484868249","false"
"Specification-LowNoiseModerateRiskAversion__Cost-1__Fee-British__ExitFees-AllUnilateralExits","1","63","0","P","7","14","P Offer","P Liability Signal: 6;P Files: 1;D Answers: 1;P Abandons: 2","6,1,1,2","0.055613650463066051","false","1000.0446595222164","1000.0446595222164","9","0.85","0","1000.0361087079041","0.0085508143123433911","false"
"Specification-LowNoiseModerateRiskAversion__Cost-1__Fee-British__ExitFees-AllUnilateralExits","1","63","0","P","7","14","P Offer","P Liability Signal: 6;P Files: 1;D Answers: 1;P Abandons: 2","6,1,1,2","0.055613650463066051","false","1000.0446595222164","1000.0446595222164","10","0.95","0","1000.0386280086909","0.0060315135254995766","false"
"Specification-LowNoiseModerateRiskAversion__Cost-1__Fee-British__ExitFees-AllUnilateralExits","1","64","0","P","2","9","P Files","P Liability Signal: 7","7","0.10081","false","1000.1196600784523","1000.1196600784523","1","Yes","1","1000.1196600784523","0","true"
"Specification-LowNoiseModerateRiskAversion__Cost-1__Fee-British__ExitFees-AllUnilateralExits","1","64","0","P","2","9","P Files","P Liability Signal: 7","7","0.10081","false","1000.1196600784523","1000.1196600784523","2","No","0","999.99999588110006","0.11966419735222189","false"
"Specification-LowNoiseModerateRiskAversion__Cost-1__Fee-British__ExitFees-AllUnilateralExits","1","65","0","P","5","20","P Abandons","P Liability Signal: 7;P Files: 1;D Answers: 1","7,1,1","0.10081","false","1000.1196600784523","1000.1196600784523","1","Yes","0","1000.0880506827175","0.031609395734790269","false"
"Specification-LowNoiseModerateRiskAversion__Cost-1__Fee-British__ExitFees-AllUnilateralExits","1","65","0","P","5","20","P Abandons","P Liability Signal: 7;P Files: 1;D Answers: 1","7,1,1","0.10081","false","1000.1196600784523","1000.1196600784523","2","No","1","1000.1196600784523","0","true"
"Specification-LowNoiseModerateRiskAversion__Cost-1__Fee-British__ExitFees-AllUnilateralExits","1","66","0","P","7","14","P Offer","P Liability Signal: 7;P Files: 1;D Answers: 1;P Abandons: 1","7,1,1,1","0","true","","","1","0.05","0.10000000000000001","","",""
"Specification-LowNoiseModerateRiskAversion__Cost-1__Fee-British__ExitFees-AllUnilateralExits","1","66","0","P","7","14","P Offer","P Liability Signal: 7;P Files: 1;D Answers: 1;P Abandons: 1","7,1,1,1","0","true","","","2","0.15","0.10000000000000001","","",""
"Specification-LowNoiseModerateRiskAversion__Cost-1__Fee-British__ExitFees-AllUnilateralExits","1","66","0","P","7","14","P Offer","P Liability Signal: 7;P Files: 1;D Answers: 1;P Abandons: 1","7,1,1,1","0","true","","","3","0.25","0.10000000000000001","","",""
"Specification-LowNoiseModerateRiskAversion__Cost-1__Fee-British__ExitFees-AllUnilateralExits","1","66","0","P","7","14","P Offer","P Liability Signal: 7;P Files: 1;D Answers: 1;P Abandons: 1","7,1,1,1","0","true","","","4","0.35","0.10000000000000001","","",""
"Specification-LowNoiseModerateRiskAversion__Cost-1__Fee-British__ExitFees-AllUnilateralExits","1","66","0","P","7","14","P Offer","P Liability Signal: 7;P Files: 1;D Answers: 1;P Abandons: 1","7,1,1,1","0","true","","","5","0.45","0.10000000000000001","","",""
"Specification-LowNoiseModerateRiskAversion__Cost-1__Fee-British__ExitFees-AllUnilateralExits","1","66","0","P","7","14","P Offer","P Liability Signal: 7;P Files: 1;D Answers: 1;P Abandons: 1","7,1,1,1","0","true","","","6","0.55","0.10000000000000001","","",""
"Specification-LowNoiseModerateRiskAversion__Cost-1__Fee-British__ExitFees-AllUnilateralExits","1","66","0","P","7","14","P Offer","P Liability Signal: 7;P Files: 1;D Answers: 1;P Abandons: 1","7,1,1,1","0","true","","","7","0.65","0.10000000000000001","","",""
"Specification-LowNoiseModerateRiskAversion__Cost-1__Fee-British__ExitFees-AllUnilateralExits","1","66","0","P","7","14","P Offer","P Liability Signal: 7;P Files: 1;D Answers: 1;P Abandons: 1","7,1,1,1","0","true","","","8","0.75","0.10000000000000001","","",""
"Specification-LowNoiseModerateRiskAversion__Cost-1__Fee-British__ExitFees-AllUnilateralExits","1","66","0","P","7","14","P Offer","P Liability Signal: 7;P Files: 1;D Answers: 1;P Abandons: 1","7,1,1,1","0","true","","","9","0.85","0.10000000000000001","","",""
"Specification-LowNoiseModerateRiskAversion__Cost-1__Fee-British__ExitFees-AllUnilateralExits","1","66","0","P","7","14","P Offer","P Liability Signal: 7;P Files: 1;D Answers: 1;P Abandons: 1","7,1,1,1","0","true","","","10","0.95","0.10000000000000001","","",""
"Specification-LowNoiseModerateRiskAversion__Cost-1__Fee-British__ExitFees-AllUnilateralExits","1","67","0","P","7","14","P Offer","P Liability Signal: 7;P Files: 1;D Answers: 1;P Abandons: 2","7,1,1,2","0.10081","false","1000.1196600784523","1000.1196600784523","1","0.05","0","1000.0738772320597","0.045782846392626197","false"
"Specification-LowNoiseModerateRiskAversion__Cost-1__Fee-British__ExitFees-AllUnilateralExits","1","67","0","P","7","14","P Offer","P Liability Signal: 7;P Files: 1;D Answers: 1;P Abandons: 2","7,1,1,2","0.10081","false","1000.1196600784523","1000.1196600784523","2","0.15","0","1000.0803385908586","0.039321487593724669","false"
"Specification-LowNoiseModerateRiskAversion__Cost-1__Fee-British__ExitFees-AllUnilateralExits","1","67","0","P","7","14","P Offer","P Liability Signal: 7;P Files: 1;D Answers: 1;P Abandons: 2","7,1,1,2","0.10081","false","1000.1196600784523","1000.1196600784523","3","0.25","0","1000.0871300241082","0.032530054344078962","false"
"Specification-LowNoiseModerateRiskAversion__Cost-1__Fee-British__ExitFees-AllUnilateralExits","1","67","0","P","7","14","P Offer","P Liability Signal: 7;P Files: 1;D Answers: 1;P Abandons: 2","7,1,1,2","0.10081","false","1000.1196600784523","1000.1196600784523","4","0.35","0","1000.0932787509329","0.026381327519402475","false"
"Specification-LowNoiseModerateRiskAversion__Cost-1__Fee-British__ExitFees-AllUnilateralExits","1","67","0","P","7","14","P Offer","P Liability Signal: 7;P Files: 1;D Answers: 1;P Abandons: 2","7,1,1,2","0.10081","false","1000.1196600784523","1000.1196600784523","5","0.45","0","1000.0988454994981","0.020814578954173157","false"
"Specification-LowNoiseModerateRiskAversion__Cost-1__Fee-British__ExitFees-AllUnilateralExits","1","67","0","P","7","14","P Offer","P Liability Signal: 7;P Files: 1;D Answers: 1;P Abandons: 2","7,1,1,2","0.10081","false","1000.1196600784523","1000.1196600784523","6","0.55","0","1000.1038808766095","0.01577920184274717","false"
"Specification-LowNoiseModerateRiskAversion__Cost-1__Fee-British__ExitFees-AllUnilateralExits","1","67","0","P","7","14","P Offer","P Liability Signal: 7;P Files: 1;D Answers: 1;P Abandons: 2","7,1,1,2","0.10081","false","1000.1196600784523","1000.1196600784523","7","0.65","0","1000.1084354890723","0.011224589379935423","false"
"Specification-LowNoiseModerateRiskAversion__Cost-1__Fee-British__ExitFees-AllUnilateralExits","1","67","0","P","7","14","P Offer","P Liability Signal: 7;P Files: 1;D Answers: 1;P Abandons: 2","7,1,1,2","0.10081","false","1000.1196600784523","1000.1196600784523","8","0.75","0","1000.1125548830107","0.0071051954415679575","false"
"Specification-LowNoiseModerateRiskAversion__Cost-1__Fee-British__ExitFees-AllUnilateralExits","1","67","0","P","7","14","P Offer","P Liability Signal: 7;P Files: 1;D Answers: 1;P Abandons: 2","7,1,1,2","0.10081","false","1000.1196600784523","1000.1196600784523","9","0.85","0","1000.1162846045496","0.0033754739026790048","false"
"Specification-LowNoiseModerateRiskAversion__Cost-1__Fee-British__ExitFees-AllUnilateralExits","1","67","0","P","7","14","P Offer","P Liability Signal: 7;P Files: 1;D Answers: 1;P Abandons: 2","7,1,1,2","0.10081","false","1000.1196600784523","1000.1196600784523","10","0.95","1","1000.1196600784523","0","true"
"Specification-LowNoiseModerateRiskAversion__Cost-1__Fee-British__ExitFees-AllUnilateralExits","1","68","0","P","2","9","P Files","P Liability Signal: 8","8","0.10379999999999999","false","1000.1444352086182","1000.1444352086182","1","Yes","1","1000.1444352086182","0","true"
"Specification-LowNoiseModerateRiskAversion__Cost-1__Fee-British__ExitFees-AllUnilateralExits","1","68","0","P","2","9","P Files","P Liability Signal: 8","8","0.10379999999999999","false","1000.1444352086182","1000.1444352086182","2","No","0","999.99999588110006","0.14443932751817101","false"
"Specification-LowNoiseModerateRiskAversion__Cost-1__Fee-British__ExitFees-AllUnilateralExits","1","69","0","P","5","20","P Abandons","P Liability Signal: 8;P Files: 1;D Answers: 1","8,1,1","0.10379999999999999","false","1000.1444352086182","1000.1444352086182","1","Yes","0","1000.1151053404592","0.029329868159038597","false"
"Specification-LowNoiseModerateRiskAversion__Cost-1__Fee-British__ExitFees-AllUnilateralExits","1","69","0","P","5","20","P Abandons","P Liability Signal: 8;P Files: 1;D Answers: 1","8,1,1","0.10379999999999999","false","1000.1444352086182","1000.1444352086182","2","No","1","1000.1444352086182","0","true"
"Specification-LowNoiseModerateRiskAversion__Cost-1__Fee-British__ExitFees-AllUnilateralExits","1","70","0","P","7","14","P Offer","P Liability Signal: 8;P Files: 1;D Answers: 1;P Abandons: 1","8,1,1,1","0","true","","","1","0.05","0.10000000000000001","","",""
"Specification-LowNoiseModerateRiskAversion__Cost-1__Fee-British__ExitFees-AllUnilateralExits","1","70","0","P","7","14","P Offer","P Liability Signal: 8;P Files: 1;D Answers: 1;P Abandons: 1","8,1,1,1","0","true","","","2","0.15","0.10000000000000001","","",""
"Specification-LowNoiseModerateRiskAversion__Cost-1__Fee-British__ExitFees-AllUnilateralExits","1","70","0","P","7","14","P Offer","P Liability Signal: 8;P Files: 1;D Answers: 1;P Abandons: 1","8,1,1,1","0","true","","","3","0.25","0.10000000000000001","","",""
"Specification-LowNoiseModerateRiskAversion__Cost-1__Fee-British__ExitFees-AllUnilateralExits","1","70","0","P","7","14","P Offer","P Liability Signal: 8;P Files: 1;D Answers: 1;P Abandons: 1","8,1,1,1","0","true","","","4","0.35","0.10000000000000001","","",""
"Specification-LowNoiseModerateRiskAversion__Cost-1__Fee-British__ExitFees-AllUnilateralExits","1","70","0","P","7","14","P Offer","P Liability Signal: 8;P Files: 1;D Answers: 1;P Abandons: 1","8,1,1,1","0","true","","","5","0.45","0.10000000000000001","","",""
"Specification-LowNoiseModerateRiskAversion__Cost-1__Fee-British__ExitFees-AllUnilateralExits","1","70","0","P","7","14","P Offer","P Liability Signal: 8;P Files: 1;D Answers: 1;P Abandons: 1","8,1,1,1","0","true","","","6","0.55","0.10000000000000001","","",""
"Specification-LowNoiseModerateRiskAversion__Cost-1__Fee-British__ExitFees-AllUnilateralExits","1","70","0","P","7","14","P Offer","P Liability Signal: 8;P Files: 1;D Answers: 1;P Abandons: 1","8,1,1,1","0","true","","","7","0.65","0.10000000000000001","","",""
"Specification-LowNoiseModerateRiskAversion__Cost-1__Fee-British__ExitFees-AllUnilateralExits","1","70","0","P","7","14","P Offer","P Liability Signal: 8;P Files: 1;D Answers: 1;P Abandons: 1","8,1,1,1","0","true","","","8","0.75","0.10000000000000001","","",""
"Specification-LowNoiseModerateRiskAversion__Cost-1__Fee-British__ExitFees-AllUnilateralExits","1","70","0","P","7","14","P Offer","P Liability Signal: 8;P Files: 1;D Answers: 1;P Abandons: 1","8,1,1,1","0","true","","","9","0.85","0.10000000000000001","","",""
"Specification-LowNoiseModerateRiskAversion__Cost-1__Fee-British__ExitFees-AllUnilateralExits","1","70","0","P","7","14","P Offer","P Liability Signal: 8;P Files: 1;D Answers: 1;P Abandons: 1","8,1,1,1","0","true","","","10","0.95","0.10000000000000001","","",""
"Specification-LowNoiseModerateRiskAversion__Cost-1__Fee-British__ExitFees-AllUnilateralExits","1","71","0","P","7","14","P Offer","P Liability Signal: 8;P Files: 1;D Answers: 1;P Abandons: 2","8,1,1,2","0.10379999999999999","false","1000.1444352086182","1000.1444352086182","1","0.05","0","1000.0884921725957","0.055943036022540582","false"
"Specification-LowNoiseModerateRiskAversion__Cost-1__Fee-British__ExitFees-AllUnilateralExits","1","71","0","P","7","14","P Offer","P Liability Signal: 8;P Files: 1;D Answers: 1;P Abandons: 2","8,1,1,2","0.10379999999999999","false","1000.1444352086182","1000.1444352086182","2","0.15","0","1000.1001247882433","0.044310420374927162","false"
"Specification-LowNoiseModerateRiskAversion__Cost-1__Fee-British__ExitFees-AllUnilateralExits","1","71","0","P","7","14","P Offer","P Liability Signal: 8;P Files: 1;D Answers: 1;P Abandons: 2","8,1,1,2","0.10379999999999999","false","1000.1444352086182","1000.1444352086182","3","0.25","0","1000.1077778878757","0.036657320742506272","false"
"Specification-LowNoiseModerateRiskAversion__Cost-1__Fee-British__ExitFees-AllUnilateralExits","1","71","0","P","7","14","P Offer","P Liability Signal: 8;P Files: 1;D Answers: 1;P Abandons: 2","8,1,1,2","0.10379999999999999","false","1000.1444352086182","1000.1444352086182","4","0.35","0","1000.1147067373938","0.029728471224416353","false"
"Specification-LowNoiseModerateRiskAversion__Cost-1__Fee-British__ExitFees-AllUnilateralExits","1","71","0","P","7","14","P Offer","P Liability Signal: 8;P Files: 1;D Answers: 1;P Abandons: 2","8,1,1,2","0.10379999999999999","false","1000.1444352086182","1000.1444352086182","5","0.45","0","1000.1209797698795","0.023455438738778867","false"
"Specification-LowNoiseModerateRiskAversion__Cost-1__Fee-British__ExitFees-AllUnilateralExits","1","71","0","P","7","14","P Offer","P Liability Signal: 8;P Files: 1;D Answers: 1;P Abandons: 2","8,1,1,2","0.10379999999999999","false","1000.1444352086182","1000.1444352086182","6","0.55","0","1000.1266540129002","0.017781195718043818","false"
"Specification-LowNoiseModerateRiskAversion__Cost-1__Fee-British__ExitFees-AllUnilateralExits","1","71","0","P","7","14","P Offer","P Liability Signal: 8;P Files: 1;D Answers: 1;P Abandons: 2","8,1,1,2","0.10379999999999999","false","1000.1444352086182","1000.1444352086182","7","0.65","0","1000.1317864940251","0.012648714593183286","false"
"Specification-LowNoiseModerateRiskAversion__Cost-1__Fee-British__ExitFees-AllUnilateralExits","1","71","0","P","7","14","P Offer","P Liability Signal: 8;P Files: 1;D Answers: 1;P Abandons: 2","8,1,1,2","0.10379999999999999","false","1000.1444352086182","1000.1444352086182","8","0.75","0","1000.136428538064","0.0080066705542094496","false"
"Specification-LowNoiseModerateRiskAversion__Cost-1__Fee-British__ExitFees-AllUnilateralExits","1","71","0","P","7","14","P Offer","P Liability Signal: 8;P Files: 1;D Answers: 1;P Abandons: 2","8,1,1,2","0.10379999999999999","false","1000.1444352086182","1000.1444352086182","9","0.85","0","1000.1406314698294","0.0038037387888607554","false"
"Specification-LowNoiseModerateRiskAversion__Cost-1__Fee-British__ExitFees-AllUnilateralExits","1","71","0","P","7","14","P Offer","P Liability Signal: 8;P Files: 1;D Answers: 1;P Abandons: 2","8,1,1,2","0.10379999999999999","false","1000.1444352086182","1000.1444352086182","10","0.95","1","1000.1444352086182","0","true"
"Specification-LowNoiseModerateRiskAversion__Cost-1__Fee-British__ExitFees-AllUnilateralExits","1","72","0","P","2","9","P Files","P Liability Signal: 9","9","0.10632","false","1000.1485297587163","1000.1485297587163","1","Yes","1","1000.1485297587163","0","true"
"Specification-LowNoiseModerateRiskAversion__Cost-1__Fee-British__ExitFees-AllUnilateralExits","1","72","0","P","2","9","P Files","P Liability Signal: 9","9","0.10632","false","1000.1485297587163","1000.1485297587163","2","No","0","999.99999588109984","0.14853387761650083","false"
"Specification-LowNoiseModerateRiskAversion__Cost-1__Fee-British__ExitFees-AllUnilateralExits","1","73","0","P","5","20","P Abandons","P Liability Signal: 9;P Files: 1;D Answers: 1","9,1,1","0.10632","false","1000.1485297587163","1000.1485297587163","1","Yes","0","1000.1232549410619","0.025274817654462822","false"
"Specification-LowNoiseModerateRiskAversion__Cost-1__Fee-British__ExitFees-AllUnilateralExits","1","73","0","P","5","20","P Abandons","P Liability Signal: 9;P Files: 1;D Answers: 1","9,1,1","0.10632","false","1000.1485297587163","1000.1485297587163","2","No","1","1000.1485297587163","0","true"
"Specification-LowNoiseModerateRiskAversion__Cost-1__Fee-British__ExitFees-AllUnilateralExits","1","74","0","P","7","14","P Offer","P Liability Signal: 9;P Files: 1;D Answers: 1;P Abandons: 1","9,1,1,1","0","true","","","1","0.05","0.10000000000000001","","",""
"Specification-LowNoiseModerateRiskAversion__Cost-1__Fee-British__ExitFees-AllUnilateralExits","1","74","0","P","7","14","P Offer","P Liability Signal: 9;P Files: 1;D Answers: 1;P Abandons: 1","9,1,1,1","0","true","","","2","0.15","0.10000000000000001","","",""
"Specification-LowNoiseModerateRiskAversion__Cost-1__Fee-British__ExitFees-AllUnilateralExits","1","74","0","P","7","14","P Offer","P Liability Signal: 9;P Files: 1;D Answers: 1;P Abandons: 1","9,1,1,1","0","true","","","3","0.25","0.10000000000000001","","",""
"Specification-LowNoiseModerateRiskAversion__Cost-1__Fee-British__ExitFees-AllUnilateralExits","1","74","0","P","7","14","P Offer","P Liability Signal: 9;P Files: 1;D Answers: 1;P Abandons: 1","9,1,1,1","0","true","","","4","0.35","0.10000000000000001","","",""
"Specification-LowNoiseModerateRiskAversion__Cost-1__Fee-British__ExitFees-AllUnilateralExits","1","74","0","P","7","14","P Offer","P Liability Signal: 9;P Files: 1;D Answers: 1;P Abandons: 1","9,1,1,1","0","true","","","5","0.45","0.10000000000000001","","",""
"Specification-LowNoiseModerateRiskAversion__Cost-1__Fee-British__ExitFees-AllUnilateralExits","1","74","0","P","7","14","P Offer","P Liability Signal: 9;P Files: 1;D Answers: 1;P Abandons: 1","9,1,1,1","0","true","","","6","0.55","0.10000000000000001","","",""
"Specification-LowNoiseModerateRiskAversion__Cost-1__Fee-British__ExitFees-AllUnilateralExits","1","74","0","P","7","14","P Offer","P Liability Signal: 9;P Files: 1;D Answers: 1;P Abandons: 1","9,1,1,1","0","true","","","7","0.65","0.10000000000000001","","",""
"Specification-LowNoiseModerateRiskAversion__Cost-1__Fee-British__ExitFees-AllUnilateralExits","1","74","0","P","7","14","P Offer","P Liability Signal: 9;P Files: 1;D Answers: 1;P Abandons: 1","9,1,1,1","0","true","","","8","0.75","0.10000000000000001","","",""
"Specification-LowNoiseModerateRiskAversion__Cost-1__Fee-British__ExitFees-AllUnilateralExits","1","74","0","P","7","14","P Offer","P Liability Signal: 9;P Files: 1;D Answers: 1;P Abandons: 1","9,1,1,1","0","true","","","9","0.85","0.10000000000000001","","",""
"Specification-LowNoiseModerateRiskAversion__Cost-1__Fee-British__ExitFees-AllUnilateralExits","1","74","0","P","7","14","P Offer","P Liability Signal: 9;P Files: 1;D Answers: 1;P Abandons: 1","9,1,1,1","0","true","","","10","0.95","0.10000000000000001","","",""
"Specification-LowNoiseModerateRiskAversion__Cost-1__Fee-British__ExitFees-AllUnilateralExits","1","75","0","P","7","14","P Offer","P Liability Signal: 9;P Files: 1;D Answers: 1;P Abandons: 2","9,1,1,2","0.10632","false","1000.1485297587163","1000.1485297587163","1","0.05","0","1000.0929454898143","0.055584268902066469","false"
"Specification-LowNoiseModerateRiskAversion__Cost-1__Fee-British__ExitFees-AllUnilateralExits","1","75","0","P","7","14","P Offer","P Liability Signal: 9;P Files: 1;D Answers: 1;P Abandons: 2","9,1,1,2","0.10632","false","1000.1485297587163","1000.1485297587163","2","0.15","0","1000.1026991610817","0.045830597634676451","false"
"Specification-LowNoiseModerateRiskAversion__Cost-1__Fee-British__ExitFees-AllUnilateralExits","1","75","0","P","7","14","P Offer","P Liability Signal: 9;P Files: 1;D Answers: 1;P Abandons: 2","9,1,1,2","0.10632","false","1000.1485297587163","1000.1485297587163","3","0.25","0","1000.1106148190003","0.037914939716074514","false"
"Specification-LowNoiseModerateRiskAversion__Cost-1__Fee-British__ExitFees-AllUnilateralExits","1","75","0","P","7","14","P Offer","P Liability Signal: 9;P Files: 1;D Answers: 1;P Abandons: 2","9,1,1,2","0.10632","false","1000.1485297587163","1000.1485297587163","4","0.35","0","1000.117781379634","0.030748379082297106","false"
"Specification-LowNoiseModerateRiskAversion__Cost-1__Fee-British__ExitFees-AllUnilateralExits","1","75","0","P","7","14","P Offer","P Liability Signal: 9;P Files: 1;D Answers: 1;P Abandons: 2","9,1,1,2","0.10632","false","1000.1485297587163","1000.1485297587163","5","0.45","0","1000.1242696238296","0.024260134886731066","false"
"Specification-LowNoiseModerateRiskAversion__Cost-1__Fee-British__ExitFees-AllUnilateralExits","1","75","0","P","7","14","P Offer","P Liability Signal: 9;P Files: 1;D Answers: 1;P Abandons: 2","9,1,1,2","0.10632","false","1000.1485297587163","1000.1485297587163","6","0.55","0","1000.1301385356245","0.018391223091839493","false"
"Specification-LowNoiseModerateRiskAversion__Cost-1__Fee-British__ExitFees-AllUnilateralExits","1","75","0","P","7","14","P Offer","P Liability Signal: 9;P Files: 1;D Answers: 1;P Abandons: 2","9,1,1,2","0.10632","false","1000.1485297587163","1000.1485297587163","7","0.65","0","1000.1354470990569","0.013082659659403362","false"
"Specification-LowNoiseModerateRiskAversion__Cost-1__Fee-British__ExitFees-AllUnilateralExits","1","75","0","P","7","14","P Offer","P Liability Signal: 9;P Files: 1;D Answers: 1;P Abandons: 2","9,1,1,2","0.10632","false","1000.1485297587163","1000.1485297587163","8","0.75","0","1000.1402483997615","0.0082813589548322852","false"
"Specification-LowNoiseModerateRiskAversion__Cost-1__Fee-British__ExitFees-AllUnilateralExits","1","75","0","P","7","14","P Offer","P Liability Signal: 9;P Files: 1;D Answers: 1;P Abandons: 2","9,1,1,2","0.10632","false","1000.1485297587163","1000.1485297587163","9","0.85","0","1000.1445955233726","0.0039342353437632482","false"
"Specification-LowNoiseModerateRiskAversion__Cost-1__Fee-British__ExitFees-AllUnilateralExits","1","75","0","P","7","14","P Offer","P Liability Signal: 9;P Files: 1;D Answers: 1;P Abandons: 2","9,1,1,2","0.10632","false","1000.1485297587163","1000.1485297587163","10","0.95","1","1000.1485297587163","0","true"
"Specification-LowNoiseModerateRiskAversion__Cost-1__Fee-British__ExitFees-AllUnilateralExits","1","76","0","P","2","9","P Files","P Liability Signal: 10","10","0.088980000000000004","false","1000.1488861646499","1000.1488861646499","1","Yes","1","1000.1488861646499","0","true"
"Specification-LowNoiseModerateRiskAversion__Cost-1__Fee-British__ExitFees-AllUnilateralExits","1","76","0","P","2","9","P Files","P Liability Signal: 10","10","0.088980000000000004","false","1000.1488861646499","1000.1488861646499","2","No","0","999.99999588110006","0.14889028354980383","false"
"Specification-LowNoiseModerateRiskAversion__Cost-1__Fee-British__ExitFees-AllUnilateralExits","1","77","0","P","5","20","P Abandons","P Liability Signal: 10;P Files: 1;D Answers: 1","10,1,1","0.088980000000000004","false","1000.1488861646499","1000.1488861646499","1","Yes","0","1000.1247759475773","0.024110217072575324","false"
"Specification-LowNoiseModerateRiskAversion__Cost-1__Fee-British__ExitFees-AllUnilateralExits","1","77","0","P","5","20","P Abandons","P Liability Signal: 10;P Files: 1;D Answers: 1","10,1,1","0.088980000000000004","false","1000.1488861646499","1000.1488861646499","2","No","1","1000.1488861646499","0","true"
"Specification-LowNoiseModerateRiskAversion__Cost-1__Fee-British__ExitFees-AllUnilateralExits","1","78","0","P","7","14","P Offer","P Liability Signal: 10;P Files: 1;D Answers: 1;P Abandons: 1","10,1,1,1","0","true","","","1","0.05","0.10000000000000001","","",""
"Specification-LowNoiseModerateRiskAversion__Cost-1__Fee-British__ExitFees-AllUnilateralExits","1","78","0","P","7","14","P Offer","P Liability Signal: 10;P Files: 1;D Answers: 1;P Abandons: 1","10,1,1,1","0","true","","","2","0.15","0.10000000000000001","","",""
"Specification-LowNoiseModerateRiskAversion__Cost-1__Fee-British__ExitFees-AllUnilateralExits","1","78","0","P","7","14","P Offer","P Liability Signal: 10;P Files: 1;D Answers: 1;P Abandons: 1","10,1,1,1","0","true","","","3","0.25","0.10000000000000001","","",""
"Specification-LowNoiseModerateRiskAversion__Cost-1__Fee-British__ExitFees-AllUnilateralExits","1","78","0","P","7","14","P Offer","P Liability Signal: 10;P Files: 1;D Answers: 1;P Abandons: 1","10,1,1,1","0","true","","","4","0.35","0.10000000000000001","","",""
"Specification-LowNoiseModerateRiskAversion__Cost-1__Fee-British__ExitFees-AllUnilateralExits","1","78","0","P","7","14","P Offer","P Liability Signal: 10;P Files: 1;D Answers: 1;P Abandons: 1","10,1,1,1","0","true","","","5","0.45","0.10000000000000001","","",""
"Specification-LowNoiseModerateRiskAversion__Cost-1__Fee-British__ExitFees-AllUnilateralExits","1","78","0","P","7","14","P Offer","P Liability Signal: 10;P Files: 1;D Answers: 1;P Abandons: 1","10,1,1,1","0","true","","","6","0.55","0.10000000000000001","","",""
"Specification-LowNoiseModerateRiskAversion__Cost-1__Fee-British__ExitFees-AllUnilateralExits","1","78","0","P","7","14","P Offer","P Liability Signal: 10;P Files: 1;D Answers: 1;P Abandons: 1","10,1,1,1","0","true","","","7","0.65","0.10000000000000001","","",""
"Specification-LowNoiseModerateRiskAversion__Cost-1__Fee-British__ExitFees-AllUnilateralExits","1","78","0","P","7","14","P Offer","P Liability Signal: 10;P Files: 1;D Answers: 1;P Abandons: 1","10,1,1,1","0","true","","","8","0.75","0.10000000000000001","","",""
"Specification-LowNoiseModerateRiskAversion__Cost-1__Fee-British__ExitFees-AllUnilateralExits","1","78","0","P","7","14","P Offer","P Liability Signal: 10;P Files: 1;D Answers: 1;P Abandons: 1","10,1,1,1","0","true","","","9","0.85","0.10000000000000001","","",""
"Specification-LowNoiseModerateRiskAversion__Cost-1__Fee-British__ExitFees-AllUnilateralExits","1","78","0","P","7","14","P Offer","P Liability Signal: 10;P Files: 1;D Answers: 1;P Abandons: 1","10,1,1,1","0","true","","","10","0.95","0.10000000000000001","","",""
"Specification-LowNoiseModerateRiskAversion__Cost-1__Fee-British__ExitFees-AllUnilateralExits","1","79","0","P","7","14","P Offer","P Liability Signal: 10;P Files: 1;D Answers: 1;P Abandons: 2","10,1,1,2","0.088980000000000004","false","1000.1488861646499","1000.1488861646499","1","0.05","0","1000.0937825998534","0.055103564796468163","false"
"Specification-LowNoiseModerateRiskAversion__Cost-1__Fee-British__ExitFees-AllUnilateralExits","1","79","0","P","7","14","P Offer","P Liability Signal: 10;P Files: 1;D Answers: 1;P Abandons: 2","10,1,1,2","0.088980000000000004","false","1000.1488861646499","1000.1488861646499","2","0.15","0","1000.102769812468","0.04611635218191168","false"
"Specification-LowNoiseModerateRiskAversion__Cost-1__Fee-British__ExitFees-AllUnilateralExits","1","79","0","P","7","14","P Offer","P Liability Signal: 10;P Files: 1;D Answers: 1;P Abandons: 2","10,1,1,2","0.088980000000000004","false","1000.1488861646499","1000.1488861646499","3","0.25","0","1000.1107348246467","0.03815134000319631","false"
"Specification-LowNoiseModerateRiskAversion__Cost-1__Fee-British__ExitFees-AllUnilateralExits","1","79","0","P","7","14","P Offer","P Liability Signal: 10;P Files: 1;D Answers: 1;P Abandons: 2","10,1,1,2","0.088980000000000004","false","1000.1488861646499","1000.1488861646499","4","0.35","0","1000.1179460689068","0.030940095743062557","false"
"Specification-LowNoiseModerateRiskAversion__Cost-1__Fee-British__ExitFees-AllUnilateralExits","1","79","0","P","7","14","P Offer","P Liability Signal: 10;P Files: 1;D Answers: 1;P Abandons: 2","10,1,1,2","0.088980000000000004","false","1000.1488861646499","1000.1488861646499","5","0.45","0","1000.1244747674139","0.02441139723600827","false"
"Specification-LowNoiseModerateRiskAversion__Cost-1__Fee-British__ExitFees-AllUnilateralExits","1","79","0","P","7","14","P Offer","P Liability Signal: 10;P Files: 1;D Answers: 1;P Abandons: 2","10,1,1,2","0.088980000000000004","false","1000.1488861646499","1000.1488861646499","6","0.55","0","1000.1303802719725","0.018505892677353586","false"
"Specification-LowNoiseModerateRiskAversion__Cost-1__Fee-British__ExitFees-AllUnilateralExits","1","79","0","P","7","14","P Offer","P Liability Signal: 10;P Files: 1;D Answers: 1;P Abandons: 2","10,1,1,2","0.088980000000000004","false","1000.1488861646499","1000.1488861646499","7","0.65","0","1000.1357219343874","0.013164230262418641","false"
"Specification-LowNoiseModerateRiskAversion__Cost-1__Fee-British__ExitFees-AllUnilateralExits","1","79","0","P","7","14","P Offer","P Liability Signal: 10;P Files: 1;D Answers: 1;P Abandons: 2","10,1,1,2","0.088980000000000004","false","1000.1488861646499","1000.1488861646499","8","0.75","0","1000.1405531712827","0.0083329933671620893","false"
"Specification-LowNoiseModerateRiskAversion__Cost-1__Fee-British__ExitFees-AllUnilateralExits","1","79","0","P","7","14","P Offer","P Liability Signal: 10;P Files: 1;D Answers: 1;P Abandons: 2","10,1,1,2","0.088980000000000004","false","1000.1488861646499","1000.1488861646499","9","0.85","0","1000.1449273992823","0.0039587653675425827","false"
"Specification-LowNoiseModerateRiskAversion__Cost-1__Fee-British__ExitFees-AllUnilateralExits","1","79","0","P","7","14","P Offer","P Liability Signal: 10;P Files: 1;D Answers: 1;P Abandons: 2","10,1,1,2","0.088980000000000004","false","1000.1488861646499","1000.1488861646499","10","0.95","1","1000.1488861646499","0","true"
"Specification-LowNoiseModerateRiskAversion__Cost-1__Fee-British__ExitFees-AllUnilateralExits","1","1","1","D","3","10","D Answers","D Liability Signal: 1;P Files: 1","1,1","0.00079984159999999991","false","999.90955771216488","999.90955771216488","1","Yes","1","999.90955771216488","0","true"
"Specification-LowNoiseModerateRiskAversion__Cost-1__Fee-British__ExitFees-AllUnilateralExits","1","1","1","D","3","10","D Answers","D Liability Signal: 1;P Files: 1","1,1","0.00079984159999999991","false","999.90955771216488","999.90955771216488","2","No","0","998.32567501660003","1.5838826955648528","false"
"Specification-LowNoiseModerateRiskAversion__Cost-1__Fee-British__ExitFees-AllUnilateralExits","1","3","1","D","6","21","D Defaults","D Liability Signal: 1;P Files: 1;D Answers: 1","1,1,1","0.00079984159999999991","false","999.90955771216488","999.90955771216488","1","Yes","0","999.67302993154362","0.2365277806212589","false"
"Specification-LowNoiseModerateRiskAversion__Cost-1__Fee-British__ExitFees-AllUnilateralExits","1","3","1","D","6","21","D Defaults","D Liability Signal: 1;P Files: 1;D Answers: 1","1,1,1","0.00079984159999999991","false","999.90955771216488","999.90955771216488","2","No","1","999.90955771216488","0","true"
"Specification-LowNoiseModerateRiskAversion__Cost-1__Fee-British__ExitFees-AllUnilateralExits","1","5","1","D","8","15","D Offer","D Liability Signal: 1;P Files: 1;D Answers: 1;D Defaults: 1","1,1,1,1","0","true","","","1","0.05","0.10000000000000001","","",""
"Specification-LowNoiseModerateRiskAversion__Cost-1__Fee-British__ExitFees-AllUnilateralExits","1","5","1","D","8","15","D Offer","D Liability Signal: 1;P Files: 1;D Answers: 1;D Defaults: 1","1,1,1,1","0","true","","","2","0.15","0.10000000000000001","","",""
"Specification-LowNoiseModerateRiskAversion__Cost-1__Fee-British__ExitFees-AllUnilateralExits","1","5","1","D","8","15","D Offer","D Liability Signal: 1;P Files: 1;D Answers: 1;D Defaults: 1","1,1,1,1","0","true","","","3","0.25","0.10000000000000001","","",""
"Specification-LowNoiseModerateRiskAversion__Cost-1__Fee-British__ExitFees-AllUnilateralExits","1","5","1","D","8","15","D Offer","D Liability Signal: 1;P Files: 1;D Answers: 1;D Defaults: 1","1,1,1,1","0","true","","","4","0.35","0.10000000000000001","","",""
"Specification-LowNoiseModerateRiskAversion__Cost-1__Fee-British__ExitFees-AllUnilateralExits","1","5","1","D","8","15","D Offer","D Liability Signal: 1;P Files: 1;D Answers: 1;D Defaults: 1","1,1,1,1","0","true","","","5","0.45","0.10000000000000001","","",""
"Specification-LowNoiseModerateRiskAversion__Cost-1__Fee-British__ExitFees-AllUnilateralExits","1","5","1","D","8","15","D Offer","D Liability Signal: 1;P Files: 1;D Answers: 1;D Defaults: 1","1,1,1,1","0","true","","","6","0.55","0.10000000000000001","","",""
"Specification-LowNoiseModerateRiskAversion__Cost-1__Fee-British__ExitFees-AllUnilateralExits","1","5","1","D","8","15","D Offer","D Liability Signal: 1;P Files: 1;D Answers: 1;D Defaults: 1","1,1,1,1","0","true","","","7","0.65","0.10000000000000001","","",""
"Specification-LowNoiseModerateRiskAversion__Cost-1__Fee-British__ExitFees-AllUnilateralExits","1","5","1","D","8","15","D Offer","D Liability Signal: 1;P Files: 1;D Answers: 1;D Defaults: 1","1,1,1,1","0","true","","","8","0.75","0.10000000000000001","","",""
"Specification-LowNoiseModerateRiskAversion__Cost-1__Fee-British__ExitFees-AllUnilateralExits","1","5","1","D","8","15","D Offer","D Liability Signal: 1;P Files: 1;D Answers: 1;D Defaults: 1","1,1,1,1","0","true","","","9","0.85","0.10000000000000001","","",""
"Specification-LowNoiseModerateRiskAversion__Cost-1__Fee-British__ExitFees-AllUnilateralExits","1","5","1","D","8","15","D Offer","D Liability Signal: 1;P Files: 1;D Answers: 1;D Defaults: 1","1,1,1,1","0","true","","","10","0.95","0.10000000000000001","","",""
"Specification-LowNoiseModerateRiskAversion__Cost-1__Fee-British__ExitFees-AllUnilateralExits","1","6","1","D","8","15","D Offer","D Liability Signal: 1;P Files: 1;D Answers: 1;D Defaults: 2","1,1,1,2","0.00079984159999999991","false","999.90955771216488","999.90955771216488","1","0.05","1","999.90955771216488","0","true"
"Specification-LowNoiseModerateRiskAversion__Cost-1__Fee-British__ExitFees-AllUnilateralExits","1","6","1","D","8","15","D Offer","D Liability Signal: 1;P Files: 1;D Answers: 1;D Defaults: 2","1,1,1,2","0.00079984159999999991","false","999.90955771216488","999.90955771216488","2","0.15","0","999.88188177221707","0.027675939947812367","false"
"Specification-LowNoiseModerateRiskAversion__Cost-1__Fee-British__ExitFees-AllUnilateralExits","1","6","1","D","8","15","D Offer","D Liability Signal: 1;P Files: 1;D Answers: 1;D Defaults: 2","1,1,1,2","0.00079984159999999991","false","999.90955771216488","999.90955771216488","3","0.25","0","999.85130131083554","0.058256401329344953","false"
"Specification-LowNoiseModerateRiskAversion__Cost-1__Fee-British__ExitFees-AllUnilateralExits","1","6","1","D","8","15","D Offer","D Liability Signal: 1;P Files: 1;D Answers: 1;D Defaults: 2","1,1,1,2","0.00079984159999999991","false","999.90955771216488","999.90955771216488","4","0.35","0","999.8175258758771","0.092031836287787883","false"
"Specification-LowNoiseModerateRiskAversion__Cost-1__Fee-British__ExitFees-AllUnilateralExits","1","6","1","D","8","15","D Offer","D Liability Signal: 1;P Files: 1;D Answers: 1;D Defaults: 2","1,1,1,2","0.00079984159999999991","false","999.90955771216488","999.90955771216488","5","0.45","0","999.78018202887131","0.12937568329357418","false"
"Specification-LowNoiseModerateRiskAversion__Cost-1__Fee-British__ExitFees-AllUnilateralExits","1","6","1","D","8","15","D Offer","D Liability Signal: 1;P Files: 1;D Answers: 1;D Defaults: 2","1,1,1,2","0.00079984159999999991","false","999.90955771216488","999.90955771216488","6","0.55","0","999.73889633134809","0.17066138081679583","false"
"Specification-LowNoiseModerateRiskAversion__Cost-1__Fee-British__ExitFees-AllUnilateralExits","1","6","1","D","8","15","D Offer","D Liability Signal: 1;P Files: 1;D Answers: 1;D Defaults: 2","1,1,1,2","0.00079984159999999991","false","999.90955771216488","999.90955771216488","7","0.65","0","999.6932538516744","0.21630386049048411","false"
"Specification-LowNoiseModerateRiskAversion__Cost-1__Fee-British__ExitFees-AllUnilateralExits","1","6","1","D","8","15","D Offer","D Liability Signal: 1;P Files: 1;D Answers: 1;D Defaults: 2","1,1,1,2","0.00079984159999999991","false","999.90955771216488","999.90955771216488","8","0.75","0","999.64283965821642","0.26671805394846615","false"
"Specification-LowNoiseModerateRiskAversion__Cost-1__Fee-British__ExitFees-AllUnilateralExits","1","6","1","D","8","15","D Offer","D Liability Signal: 1;P Files: 1;D Answers: 1;D Defaults: 2","1,1,1,2","0.00079984159999999991","false","999.90955771216488","999.90955771216488","9","0.85","0","999.58715583301432","0.3224018791505614","false"
"Specification-LowNoiseModerateRiskAversion__Cost-1__Fee-British__ExitFees-AllUnilateralExits","1","6","1","D","8","15","D Offer","D Liability Signal: 1;P Files: 1;D Answers: 1;D Defaults: 2","1,1,1,2","0.00079984159999999991","false","999.90955771216488","999.90955771216488","10","0.95","0","999.44719352034122","0.46236419182366717","false"
"Specification-LowNoiseModerateRiskAversion__Cost-1__Fee-British__ExitFees-AllUnilateralExits","1","8","1","D","3","10","D Answers","D Liability Signal: 2;P Files: 1","2,1","0.0042250312999999994","false","999.89631482225286","999.89631482225286","1","Yes","1","999.89631482225286","0","true"
"Specification-LowNoiseModerateRiskAversion__Cost-1__Fee-British__ExitFees-AllUnilateralExits","1","8","1","D","3","10","D Answers","D Liability Signal: 2;P Files: 1","2,1","0.0042250312999999994","false","999.89631482225286","999.89631482225286","2","No","0","998.32567501660026","1.5706398056526041","false"
"Specification-LowNoiseModerateRiskAversion__Cost-1__Fee-British__ExitFees-AllUnilateralExits","1","9","1","D","6","21","D Defaults","D Liability Signal: 2;P Files: 1;D Answers: 1","2,1,1","0.0042250312999999994","false","999.89631482225286","999.89631482225286","1","Yes","0","999.62367078583395","0.27264403641891022","false"
"Specification-LowNoiseModerateRiskAversion__Cost-1__Fee-British__ExitFees-AllUnilateralExits","1","9","1","D","6","21","D Defaults","D Liability Signal: 2;P Files: 1;D Answers: 1","2,1,1","0.0042250312999999994","false","999.89631482225286","999.89631482225286","2","No","1","999.89631482225286","0","true"
"Specification-LowNoiseModerateRiskAversion__Cost-1__Fee-British__ExitFees-AllUnilateralExits","1","10","1","D","8","15","D Offer","D Liability Signal: 2;P Files: 1;D Answers: 1;D Defaults: 1","2,1,1,1","0","true","","","1","0.05","0.10000000000000001","","",""
"Specification-LowNoiseModerateRiskAversion__Cost-1__Fee-British__ExitFees-AllUnilateralExits","1","10","1","D","8","15","D Offer","D Liability Signal: 2;P Files: 1;D Answers: 1;D Defaults: 1","2,1,1,1","0","true","","","2","0.15","0.10000000000000001","","",""
"Specification-LowNoiseModerateRiskAversion__Cost-1__Fee-British__ExitFees-AllUnilateralExits","1","10","1","D","8","15","D Offer","D Liability Signal: 2;P Files: 1;D Answers: 1;D Defaults: 1","2,1,1,1","0","true","","","3","0.25","0.10000000000000001","","",""
"Specification-LowNoiseModerateRiskAversion__Cost-1__Fee-British__ExitFees-AllUnilateralExits","1","10","1","D","8","15","D Offer","D Liability Signal: 2;P Files: 1;D Answers: 1;D Defaults: 1","2,1,1,1","0","true","","","4","0.35","0.10000000000000001","","",""
"Specification-LowNoiseModerateRiskAversion__Cost-1__Fee-British__ExitFees-AllUnilateralExits","1","10","1","D","8","15","D Offer","D Liability Signal: 2;P Files: 1;D Answers: 1;D Defaults: 1","2,1,1,1","0","true","","","5","0.45","0.10000000000000001","","",""
"Specification-LowNoiseModerateRiskAversion__Cost-1__Fee-British__ExitFees-AllUnilateralExits","1","10","1","D","8","15","D Offer","D Liability Signal: 2;P Files: 1;D Answers: 1;D Defaults: 1","2,1,1,1","0","true","","","6","0.55","0.10000000000000001","","",""
"Specification-LowNoiseModerateRiskAversion__Cost-1__Fee-British__ExitFees-AllUnilateralExits","1","10","1","D","8","15","D Offer","D Liability Signal: 2;P Files: 1;D Answers: 1;D Defaults: 1","2,1,1,1","0","true","","","7","0.65","0.10000000000000001","","",""
"Specification-LowNoiseModerateRiskAversion__Cost-1__Fee-British__ExitFees-AllUnilateralExits","1","10","1","D","8","15","D Offer","D Liability Signal: 2;P Files: 1;D Answers: 1;D Defaults: 1","2,1,1,1","0","true","","","8","0.75","0.10000000000000001","","",""
"Specification-LowNoiseModerateRiskAversion__Cost-1__Fee-British__ExitFees-AllUnilateralExits","1","10","1","D","8","15","D Offer","D Liability Signal: 2;P Files: 1;D Answers: 1;D Defaults: 1","2,1,1,1","0","true","","","9","0.85","0.10000000000000001","","",""
"Specification-LowNoiseModerateRiskAversion__Cost-1__Fee-British__ExitFees-AllUnilateralExits","1","10","1","D","8","15","D Offer","D Liability Signal: 2;P Files: 1;D Answers: 1;D Defaults: 1","2,1,1,1","0","true","","","10","0.95","0.10000000000000001","","",""
"Specification-LowNoiseModerateRiskAversion__Cost-1__Fee-British__ExitFees-AllUnilateralExits","1","11","1","D","8","15","D Offer","D Liability Signal: 2;P Files: 1;D Answers: 1;D Defaults: 2","2,1,1,2","0.0042250312999999994","false","999.89631482225286","999.89631482225286","1","0.05","1","999.89631482225286","0","true"
"Specification-LowNoiseModerateRiskAversion__Cost-1__Fee-British__ExitFees-AllUnilateralExits","1","11","1","D","8","15","D Offer","D Liability Signal: 2;P Files: 1;D Answers: 1;D Defaults: 2","2,1,1,2","0.0042250312999999994","false","999.89631482225286","999.89631482225286","2","0.15","0","999.86974346387115","0.026571358381715982","false"
"Specification-LowNoiseModerateRiskAversion__Cost-1__Fee-British__ExitFees-AllUnilateralExits","1","11","1","D","8","15","D Offer","D Liability Signal: 2;P Files: 1;D Answers: 1;D Defaults: 2","2,1,1,2","0.0042250312999999994","false","999.89631482225286","999.89631482225286","3","0.25","0","999.84038350715798","0.055931315094881029","false"
"Specification-LowNoiseModerateRiskAversion__Cost-1__Fee-British__ExitFees-AllUnilateralExits","1","11","1","D","8","15","D Offer","D Liability Signal: 2;P Files: 1;D Answers: 1;D Defaults: 2","2,1,1,2","0.0042250312999999994","false","999.89631482225286","999.89631482225286","4","0.35","0","999.80795609228119","0.088358729971673711","false"
"Specification-LowNoiseModerateRiskAversion__Cost-1__Fee-British__ExitFees-AllUnilateralExits","1","11","1","D","8","15","D Offer","D Liability Signal: 2;P Files: 1;D Answers: 1;D Defaults: 2","2,1,1,2","0.0042250312999999994","false","999.89631482225286","999.89631482225286","5","0.45","0","999.77210268516899","0.12421213708387313","false"
"Specification-LowNoiseModerateRiskAversion__Cost-1__Fee-British__ExitFees-AllUnilateralExits","1","11","1","D","8","15","D Offer","D Liability Signal: 2;P Files: 1;D Answers: 1;D Defaults: 2","2,1,1,2","0.0042250312999999994","false","999.89631482225286","999.89631482225286","6","0.55","0","999.73246475175074","0.16385007050212153","false"
"Specification-LowNoiseModerateRiskAversion__Cost-1__Fee-British__ExitFees-AllUnilateralExits","1","11","1","D","8","15","D Offer","D Liability Signal: 2;P Files: 1;D Answers: 1;D Defaults: 2","2,1,1,2","0.0042250312999999994","false","999.89631482225286","999.89631482225286","7","0.65","0","999.68864392083594","0.20767090141691824","false"
"Specification-LowNoiseModerateRiskAversion__Cost-1__Fee-British__ExitFees-AllUnilateralExits","1","11","1","D","8","15","D Offer","D Liability Signal: 2;P Files: 1;D Answers: 1;D Defaults: 2","2,1,1,2","0.0042250312999999994","false","999.89631482225286","999.89631482225286","8","0.75","0","999.64024182123467","0.25607300101819419","false"
"Specification-LowNoiseModerateRiskAversion__Cost-1__Fee-British__ExitFees-AllUnilateralExits","1","11","1","D","8","15","D Offer","D Liability Signal: 2;P Files: 1;D Answers: 1;D Defaults: 2","2,1,1,2","0.0042250312999999994","false","999.89631482225286","999.89631482225286","9","0.85","0","999.58678040751852","0.30953441473434395","false"
"Specification-LowNoiseModerateRiskAversion__Cost-1__Fee-British__ExitFees-AllUnilateralExits","1","11","1","D","8","15","D Offer","D Liability Signal: 2;P Files: 1;D Answers: 1;D Defaults: 2","2,1,1,2","0.0042250312999999994","false","999.89631482225286","999.89631482225286","10","0.95","0","999.40949863938431","0.48681618286855155","false"
"Specification-LowNoiseModerateRiskAversion__Cost-1__Fee-British__ExitFees-AllUnilateralExits","1","12","1","D","3","10","D Answers","D Liability Signal: 3;P Files: 1","3,1","0.014998095099999997","false","999.84088418147405","999.84088418147405","1","Yes","1","999.84088418147405","0","true"
"Specification-LowNoiseModerateRiskAversion__Cost-1__Fee-British__ExitFees-AllUnilateralExits","1","12","1","D","3","10","D Answers","D Liability Signal: 3;P Files: 1","3,1","0.014998095099999997","false","999.84088418147405","999.84088418147405","2","No","0","998.32567501660037","1.5152091648736814","false"
"Specification-LowNoiseModerateRiskAversion__Cost-1__Fee-British__ExitFees-AllUnilateralExits","1","13","1","D","6","21","D Defaults","D Liability Signal: 3;P Files: 1;D Answers: 1","3,1,1","0.014998095099999997","false","999.84088418147405","999.84088418147405","1","Yes","0","999.53755342049305","0.30333076098099809","false"
"Specification-LowNoiseModerateRiskAversion__Cost-1__Fee-British__ExitFees-AllUnilateralExits","1","13","1","D","6","21","D Defaults","D Liability Signal: 3;P Files: 1;D Answers: 1","3,1,1","0.014998095099999997","false","999.84088418147405","999.84088418147405","2","No","1","999.84088418147405","0","true"
"Specification-LowNoiseModerateRiskAversion__Cost-1__Fee-British__ExitFees-AllUnilateralExits","1","14","1","D","8","15","D Offer","D Liability Signal: 3;P Files: 1;D Answers: 1;D Defaults: 1","3,1,1,1","0","true","","","1","0.05","0.10000000000000001","","",""
"Specification-LowNoiseModerateRiskAversion__Cost-1__Fee-British__ExitFees-AllUnilateralExits","1","14","1","D","8","15","D Offer","D Liability Signal: 3;P Files: 1;D Answers: 1;D Defaults: 1","3,1,1,1","0","true","","","2","0.15","0.10000000000000001","","",""
"Specification-LowNoiseModerateRiskAversion__Cost-1__Fee-British__ExitFees-AllUnilateralExits","1","14","1","D","8","15","D Offer","D Liability Signal: 3;P Files: 1;D Answers: 1;D Defaults: 1","3,1,1,1","0","true","","","3","0.25","0.10000000000000001","","",""
"Specification-LowNoiseModerateRiskAversion__Cost-1__Fee-British__ExitFees-AllUnilateralExits","1","14","1","D","8","15","D Offer","D Liability Signal: 3;P Files: 1;D Answers: 1;D Defaults: 1","3,1,1,1","0","true","","","4","0.35","0.10000000000000001","","",""
"Specification-LowNoiseModerateRiskAversion__Cost-1__Fee-British__ExitFees-AllUnilateralExits","1","14","1","D","8","15","D Offer","D Liability Signal: 3;P Files: 1;D Answers: 1;D Defaults: 1","3,1,1,1","0","true","","","5","0.45","0.10000000000000001","","",""
"Specification-LowNoiseModerateRiskAversion__Cost-1__Fee-British__ExitFees-AllUnilateralExits","1","14","1","D","8","15","D Offer","D Liability Signal: 3;P Files: 1;D Answers: 1;D Defaults: 1","3,1,1,1","0","true","","","6","0.55","0.10000000000000001","","",""
"Specification-LowNoiseModerateRiskAversion__Cost-1__Fee-British__ExitFees-AllUnilateralExits","1","14","1","D","8","15","D Offer","D Liability Signal: 3;P Files: 1;D Answers: 1;D Defaults: 1","3,1,1,1","0","true","","","7","0.65","0.10000000000000001","","",""
"Specification-LowNoiseModerateRiskAversion__Cost-1__Fee-British__ExitFees-AllUnilateralExits","1","14","1","D","8","15","D Offer","D Liability Signal: 3;P Files: 1;D Answers: 1;D Defaults: 1","3,1,1,1","0","true","","","8","0.75","0.10000000000000001","","",""
"Specification-LowNoiseModerateRiskAversion__Cost-1__Fee-British__ExitFees-AllUnilateralExits","1","14","1","D","8","15","D Offer","D Liability Signal: 3;P Files: 1;D Answers: 1;D Defaults: 1","3,1,1,1","0","true","","","9","0.85","0.10000000000000001","","",""
"Specification-LowNoiseModerateRiskAversion__Cost-1__Fee-British__ExitFees-AllUnilateralExits","1","14","1","D","8","15","D Offer","D Liability Signal: 3;P Files: 1;D Answers: 1;D Defaults: 1","3,1,1,1","0","true","","","10","0.95","0.10000000000000001","","",""
"Specification-LowNoiseModerateRiskAversion__Cost-1__Fee-British__ExitFees-AllUnilateralExits","1","15","1","D","8","15","D Offer","D Liability Signal: 3;P Files: 1;D Answers: 1;D Defaults: 2","3,1,1,2","0.014998095099999997","false","999.84088418147405","999.84088418147405","1","0.05","1","999.84088418147405","0","true"
"Specification-LowNoiseModerateRiskAversion__Cost-1__Fee-British__ExitFees-AllUnilateralExits","1","15","1","D","8","15","D Offer","D Liability Signal: 3;P Files: 1;D Answers: 1;D Defaults: 2","3,1,1,2","0.014998095099999997","false","999.84088418147405","999.84088418147405","2","0.15","0","999.8160488122586","0.024835369215452374","false"
"Specification-LowNoiseModerateRiskAversion__Cost-1__Fee-British__ExitFees-AllUnilateralExits","1","15","1","D","8","15","D Offer","D Liability Signal: 3;P Files: 1;D Answers: 1;D Defaults: 2","3,1,1,2","0.014998095099999997","false","999.84088418147405","999.84088418147405","3","0.25","0","999.78860703248108","0.052277148992970979","false"
"Specification-LowNoiseModerateRiskAversion__Cost-1__Fee-British__ExitFees-AllUnilateralExits","1","15","1","D","8","15","D Offer","D Liability Signal: 3;P Files: 1;D Answers: 1;D Defaults: 2","3,1,1,2","0.014998095099999997","false","999.84088418147405","999.84088418147405","4","0.35","0","999.75829820108481","0.082585980389239921","false"
"Specification-LowNoiseModerateRiskAversion__Cost-1__Fee-British__ExitFees-AllUnilateralExits","1","15","1","D","8","15","D Offer","D Liability Signal: 3;P Files: 1;D Answers: 1;D Defaults: 2","3,1,1,2","0.014998095099999997","false","999.84088418147405","999.84088418147405","5","0.45","0","999.7247872081407","0.11609697333335589","false"
"Specification-LowNoiseModerateRiskAversion__Cost-1__Fee-British__ExitFees-AllUnilateralExits","1","15","1","D","8","15","D Offer","D Liability Signal: 3;P Files: 1;D Answers: 1;D Defaults: 2","3,1,1,2","0.014998095099999997","false","999.84088418147405","999.84088418147405","6","0.55","0","999.68773894371907","0.15314523775498401","false"
"Specification-LowNoiseModerateRiskAversion__Cost-1__Fee-British__ExitFees-AllUnilateralExits","1","15","1","D","8","15","D Offer","D Liability Signal: 3;P Files: 1;D Answers: 1;D Defaults: 2","3,1,1,2","0.014998095099999997","false","999.84088418147405","999.84088418147405","7","0.65","0","999.64678106345411","0.19410311801993885","false"
"Specification-LowNoiseModerateRiskAversion__Cost-1__Fee-British__ExitFees-AllUnilateralExits","1","15","1","D","8","15","D Offer","D Liability Signal: 3;P Files: 1;D Answers: 1;D Defaults: 2","3,1,1,2","0.014998095099999997","false","999.84088418147405","999.84088418147405","8","0.75","0","999.60154122297956","0.23934295849448972","false"
"Specification-LowNoiseModerateRiskAversion__Cost-1__Fee-British__ExitFees-AllUnilateralExits","1","15","1","D","8","15","D Offer","D Liability Signal: 3;P Files: 1;D Answers: 1;D Defaults: 2","3,1,1,2","0.014998095099999997","false","999.84088418147405","999.84088418147405","9","0.85","0","999.55157260905605","0.28931157241800065","false"
"Specification-LowNoiseModerateRiskAversion__Cost-1__Fee-British__ExitFees-AllUnilateralExits","1","15","1","D","8","15","D Offer","D Liability Signal: 3;P Files: 1;D Answers: 1;D Defaults: 2","3,1,1,2","0.014998095099999997","false","999.84088418147405","999.84088418147405","10","0.95","0","999.3502563823946","0.49062779907944787","false"
"Specification-LowNoiseModerateRiskAversion__Cost-1__Fee-British__ExitFees-AllUnilateralExits","1","16","1","D","3","10","D Answers","D Liability Signal: 4;P Files: 1","4,1","0.036485486599999992","false","999.66433142788003","999.66433142788003","1","Yes","1","999.66433142788003","0","true"
"Specification-LowNoiseModerateRiskAversion__Cost-1__Fee-British__ExitFees-AllUnilateralExits","1","16","1","D","3","10","D Answers","D Liability Signal: 4;P Files: 1","4,1","0.036485486599999992","false","999.66433142788003","999.66433142788003","2","No","0","998.32567501660014","1.3386564112798851","false"
"Specification-LowNoiseModerateRiskAversion__Cost-1__Fee-British__ExitFees-AllUnilateralExits","1","17","1","D","6","21","D Defaults","D Liability Signal: 4;P Files: 1;D Answers: 1","4,1,1","0.036485486599999992","false","999.66433142788003","999.66433142788003","1","Yes","0","999.38469974901659","0.27963167886343854","false"
"Specification-LowNoiseModerateRiskAversion__Cost-1__Fee-British__ExitFees-AllUnilateralExits","1","17","1","D","6","21","D Defaults","D Liability Signal: 4;P Files: 1;D Answers: 1","4,1,1","0.036485486599999992","false","999.66433142788003","999.66433142788003","2","No","1","999.66433142788003","0","true"
"Specification-LowNoiseModerateRiskAversion__Cost-1__Fee-British__ExitFees-AllUnilateralExits","1","18","1","D","8","15","D Offer","D Liability Signal: 4;P Files: 1;D Answers: 1;D Defaults: 1","4,1,1,1","0","true","","","1","0.05","0.10000000000000001","","",""
"Specification-LowNoiseModerateRiskAversion__Cost-1__Fee-British__ExitFees-AllUnilateralExits","1","18","1","D","8","15","D Offer","D Liability Signal: 4;P Files: 1;D Answers: 1;D Defaults: 1","4,1,1,1","0","true","","","2","0.15","0.10000000000000001","","",""
"Specification-LowNoiseModerateRiskAversion__Cost-1__Fee-British__ExitFees-AllUnilateralExits","1","18","1","D","8","15","D Offer","D Liability Signal: 4;P Files: 1;D Answers: 1;D Defaults: 1","4,1,1,1","0","true","","","3","0.25","0.10000000000000001","","",""
"Specification-LowNoiseModerateRiskAversion__Cost-1__Fee-British__ExitFees-AllUnilateralExits","1","18","1","D","8","15","D Offer","D Liability Signal: 4;P Files: 1;D Answers: 1;D Defaults: 1","4,1,1,1","0","true","","","4","0.35","0.10000000000000001","","",""
"Specification-LowNoiseModerateRiskAversion__Cost-1__Fee-British__ExitFees-AllUnilateralExits","1","18","1","D","8","15","D Offer","D Liability Signal: 4;P Files: 1;D Answers: 1;D Defaults: 1","4,1,1,1","0","true","","","5","0.45","0.10000000000000001","","",""
"Specification-LowNoiseModerateRiskAversion__Cost-1__Fee-British__ExitFees-AllUnilateralExits","1","18","1","D","8","15","D Offer","D Liability Signal: 4;P Files: 1;D Answers: 1;D Defaults: 1","4,1,1,1","0","true","","","6","0.55","0.10000000000000001","","",""
"Specification-LowNoiseModerateRiskAversion__Cost-1__Fee-British__ExitFees-AllUnilateralExits","1","18","1","D","8","15","D Offer","D Liability Signal: 4;P Files: 1;D Answers: 1;D Defaults: 1","4,1,1,1","0","true","","","7","0.65","0.10000000000000001","","",""
"Specification-LowNoiseModerateRiskAversion__Cost-1__Fee-British__ExitFees-AllUnilateralExits","1","18","1","D","8","15","D Offer","D Liability Signal: 4;P Files: 1;D Answers: 1;D Defaults: 1","4,1,1,1","0","true","","","8","0.75","0.10000000000000001","","",""
"Specification-LowNoiseModerateRiskAversion__Cost-1__Fee-British__ExitFees-AllUnilateralExits","1","18","1","D","8","15","D Offer","D Liability Signal: 4;P Files: 1;D Answers: 1;D Defaults: 1","4,1,1,1","0","true","","","9","0.85","0.10000000000000001","","",""
"Specification-LowNoiseModerateRiskAversion__Cost-1__Fee-British__ExitFees-AllUnilateralExits","1","18","1","D","8","15","D Offer","D Liability Signal: 4;P Files: 1;D Answers: 1;D Defaults: 1","4,1,1,1","0","true","","","10","0.95","0.10000000000000001","","",""
"Specification-LowNoiseModerateRiskAversion__Cost-1__Fee-British__ExitFees-AllUnilateralExits","1","19","1","D","8","15","D Offer","D Liability Signal: 4;P Files: 1;D Answers: 1;D Defaults: 2","4,1,1,2","0.036485486599999992","false","999.66433142788003","999.66433142788003","1","0.05","1","999.66433142788003","0","true"
"Specification-LowNoiseModerateRiskAversion__Cost-1__Fee-British__ExitFees-AllUnilateralExits","1","19","1","D","8","15","D Offer","D Liability Signal: 4;P Files: 1;D Answers: 1;D Defaults: 2","4,1,1,2","0.036485486599999992","false","999.66433142788003","999.66433142788003","2","0.15","0","999.64223541542196","0.022096012458064251","false"
"Specification-LowNoiseModerateRiskAversion__Cost-1__Fee-British__ExitFees-AllUnilateralExits","1","19","1","D","8","15","D Offer","D Liability Signal: 4;P Files: 1;D Answers: 1;D Defaults: 2","4,1,1,2","0.036485486599999992","false","999.66433142788003","999.66433142788003","3","0.25","0","999.61782048111695","0.046510946763078209","false"
"Specification-LowNoiseModerateRiskAversion__Cost-1__Fee-British__ExitFees-AllUnilateralExits","1","19","1","D","8","15","D Offer","D Liability Signal: 4;P Files: 1;D Answers: 1;D Defaults: 2","4,1,1,2","0.036485486599999992","false","999.66433142788003","999.66433142788003","4","0.35","0","999.59085473278003","0.073476695099998324","false"
"Specification-LowNoiseModerateRiskAversion__Cost-1__Fee-British__ExitFees-AllUnilateralExits","1","19","1","D","8","15","D Offer","D Liability Signal: 4;P Files: 1;D Answers: 1;D Defaults: 2","4,1,1,2","0.036485486599999992","false","999.66433142788003","999.66433142788003","5","0.45","0","999.56104002331654","0.10329140456349251","false"
"Specification-LowNoiseModerateRiskAversion__Cost-1__Fee-British__ExitFees-AllUnilateralExits","1","19","1","D","8","15","D Offer","D Liability Signal: 4;P Files: 1;D Answers: 1;D Defaults: 2","4,1,1,2","0.036485486599999992","false","999.66433142788003","999.66433142788003","6","0.55","0","999.52807820563191","0.13625322224811498","false"
"Specification-LowNoiseModerateRiskAversion__Cost-1__Fee-British__ExitFees-AllUnilateralExits","1","19","1","D","8","15","D Offer","D Liability Signal: 4;P Files: 1;D Answers: 1;D Defaults: 2","4,1,1,2","0.036485486599999992","false","999.66433142788003","999.66433142788003","7","0.65","0","999.49163800517658","0.17269342270344623","false"
"Specification-LowNoiseModerateRiskAversion__Cost-1__Fee-British__ExitFees-AllUnilateralExits","1","19","1","D","8","15","D Offer","D Liability Signal: 4;P Files: 1;D Answers: 1;D Defaults: 2","4,1,1,2","0.036485486599999992","false","999.66433142788003","999.66433142788003","8","0.75","0","999.45138814740096","0.21294328047906674","false"
"Specification-LowNoiseModerateRiskAversion__Cost-1__Fee-British__ExitFees-AllUnilateralExits","1","19","1","D","8","15","D Offer","D Liability Signal: 4;P Files: 1;D Answers: 1;D Defaults: 2","4,1,1,2","0.036485486599999992","false","999.66433142788003","999.66433142788003","9","0.85","0","999.40693110284553","0.25740032503449584","false"
"Specification-LowNoiseModerateRiskAversion__Cost-1__Fee-British__ExitFees-AllUnilateralExits","1","19","1","D","8","15","D Offer","D Liability Signal: 4;P Files: 1;D Answers: 1;D Defaults: 2","4,1,1,2","0.036485486599999992","false","999.66433142788003","999.66433142788003","10","0.95","0","999.25677326618631","0.40755816169371428","false"
"Specification-LowNoiseModerateRiskAversion__Cost-1__Fee-British__ExitFees-AllUnilateralExits","1","20","1","D","3","10","D Answers","D Liability Signal: 5;P Files: 1","5,1","0.063561454400000009","false","999.22192575977112","999.22192575977112","1","Yes","1","999.22192575977112","0","true"
"Specification-LowNoiseModerateRiskAversion__Cost-1__Fee-British__ExitFees-AllUnilateralExits","1","20","1","D","3","10","D Answers","D Liability Signal: 5;P Files: 1","5,1","0.063561454400000009","false","999.22192575977112","999.22192575977112","2","No","0","998.32567501659992","0.89625074317120834","false"
"Specification-LowNoiseModerateRiskAversion__Cost-1__Fee-British__ExitFees-AllUnilateralExits","1","21","1","D","6","21","D Defaults","D Liability Signal: 5;P Files: 1;D Answers: 1","5,1,1","0.063561454400000009","false","999.22192575977112","999.22192575977112","1","Yes","0.17362733896802965","999.22192575977112","0","true"
"Specification-LowNoiseModerateRiskAversion__Cost-1__Fee-British__ExitFees-AllUnilateralExits","1","21","1","D","6","21","D Defaults","D Liability Signal: 5;P Files: 1;D Answers: 1","5,1,1","0.063561454400000009","false","999.22192575977112","999.22192575977112","2","No","0.82637266103197038","999.22192575977112","0","true"
"Specification-LowNoiseModerateRiskAversion__Cost-1__Fee-British__ExitFees-AllUnilateralExits","1","22","1","D","8","15","D Offer","D Liability Signal: 5;P Files: 1;D Answers: 1;D Defaults: 1","5,1,1,1","0.011036006188409759","false","999.22192575977112","999.22192575977112","1","0.05","1","999.22192575977112","0","true"
"Specification-LowNoiseModerateRiskAversion__Cost-1__Fee-British__ExitFees-AllUnilateralExits","1","22","1","D","8","15","D Offer","D Liability Signal: 5;P Files: 1;D Answers: 1;D Defaults: 1","5,1,1,1","0.011036006188409759","false","999.22192575977112","999.22192575977112","2","0.15","0","999.20393453962799","0.017991220143130704","false"
"Specification-LowNoiseModerateRiskAversion__Cost-1__Fee-British__ExitFees-AllUnilateralExits","1","22","1","D","8","15","D Offer","D Liability Signal: 5;P Files: 1;D Answers: 1;D Defaults: 1","5,1,1,1","0.011036006188409759","false","999.22192575977112","999.22192575977112","3","0.25","0","999.18405518543693","0.037870574334192497","false"
"Specification-LowNoiseModerateRiskAversion__Cost-1__Fee-British__ExitFees-AllUnilateralExits","1","22","1","D","8","15","D Offer","D Liability Signal: 5;P Files: 1;D Answers: 1;D Defaults: 1","5,1,1,1","0.011036006188409759","false","999.22192575977112","999.22192575977112","4","0.35","0","999.16209888379285","0.059826875978274074","false"
"Specification-LowNoiseModerateRiskAversion__Cost-1__Fee-British__ExitFees-AllUnilateralExits","1","22","1","D","8","15","D Offer","D Liability Signal: 5;P Files: 1;D Answers: 1;D Defaults: 1","5,1,1,1","0.011036006188409759","false","999.22192575977112","999.22192575977112","5","0.45","0","999.13782287460435","0.084102885166771557","false"
"Specification-LowNoiseModerateRiskAversion__Cost-1__Fee-British__ExitFees-AllUnilateralExits","1","22","1","D","8","15","D Offer","D Liability Signal: 5;P Files: 1;D Answers: 1;D Defaults: 1","5,1,1,1","0.011036006188409759","false","999.22192575977112","999.22192575977112","6","0.55","0","999.11098439777902","0.11094136199210425","false"
"Specification-LowNoiseModerateRiskAversion__Cost-1__Fee-British__ExitFees-AllUnilateralExits","1","22","1","D","8","15","D Offer","D Liability Signal: 5;P Files: 1;D Answers: 1;D Defaults: 1","5,1,1,1","0.011036006188409759","false","999.22192575977112","999.22192575977112","7","0.65","0","999.0813137198819","0.14061203988921989","false"
"Specification-LowNoiseModerateRiskAversion__Cost-1__Fee-British__ExitFees-AllUnilateralExits","1","22","1","D","8","15","D Offer","D Liability Signal: 5;P Files: 1;D Answers: 1;D Defaults: 1","5,1,1,1","0.011036006188409759","false","999.22192575977112","999.22192575977112","8","0.75","0","999.04854110747715","0.17338465229397571","false"
"Specification-LowNoiseModerateRiskAversion__Cost-1__Fee-British__ExitFees-AllUnilateralExits","1","22","1","D","8","15","D Offer","D Liability Signal: 5;P Files: 1;D Answers: 1;D Defaults: 1","5,1,1,1","0.011036006188409759","false","999.22192575977112","999.22192575977112","9","0.85","0","999.01234288044247","0.20958287932865005","false"
"Specification-LowNoiseModerateRiskAversion__Cost-1__Fee-British__ExitFees-AllUnilateralExits","1","22","1","D","8","15","D Offer","D Liability Signal: 5;P Files: 1;D Answers: 1;D Defaults: 1","5,1,1,1","0.011036006188409759","false","999.22192575977112","999.22192575977112","10","0.95","0","999.11669338212448","0.10523237764664373","false"
"Specification-LowNoiseModerateRiskAversion__Cost-1__Fee-British__ExitFees-AllUnilateralExits","1","23","1","D","8","15","D Offer","D Liability Signal: 5;P Files: 1;D Answers: 1;D Defaults: 2","5,1,1,2","0.052525448211590241","false","999.22192575977112","999.22192575977112","1","0.05","1","999.22192575977112","0","true"
"Specification-LowNoiseModerateRiskAversion__Cost-1__Fee-British__ExitFees-AllUnilateralExits","1","23","1","D","8","15","D Offer","D Liability Signal: 5;P Files: 1;D Answers: 1;D Defaults: 2","5,1,1,2","0.052525448211590241","false","999.22192575977112","999.22192575977112","2","0.15","0","999.20393453962788","0.017991220143244391","false"
"Specification-LowNoiseModerateRiskAversion__Cost-1__Fee-British__ExitFees-AllUnilateralExits","1","23","1","D","8","15","D Offer","D Liability Signal: 5;P Files: 1;D Answers: 1;D Defaults: 2","5,1,1,2","0.052525448211590241","false","999.22192575977112","999.22192575977112","3","0.25","0","999.18405518543682","0.037870574334306184","false"
"Specification-LowNoiseModerateRiskAversion__Cost-1__Fee-British__ExitFees-AllUnilateralExits","1","23","1","D","8","15","D Offer","D Liability Signal: 5;P Files: 1;D Answers: 1;D Defaults: 2","5,1,1,2","0.052525448211590241","false","999.22192575977112","999.22192575977112","4","0.35","0","999.16209888379285","0.059826875978274074","false"
"Specification-LowNoiseModerateRiskAversion__Cost-1__Fee-British__ExitFees-AllUnilateralExits","1","23","1","D","8","15","D Offer","D Liability Signal: 5;P Files: 1;D Answers: 1;D Defaults: 2","5,1,1,2","0.052525448211590241","false","999.22192575977112","999.22192575977112","5","0.45","0","999.13782287460424","0.084102885166885244","false"
"Specification-LowNoiseModerateRiskAversion__Cost-1__Fee-British__ExitFees-AllUnilateralExits","1","23","1","D","8","15","D Offer","D Liability Signal: 5;P Files: 1;D Answers: 1;D Defaults: 2","5,1,1,2","0.052525448211590241","false","999.22192575977112","999.22192575977112","6","0.55","0","999.11098439777891","0.11094136199221794","false"
"Specification-LowNoiseModerateRiskAversion__Cost-1__Fee-British__ExitFees-AllUnilateralExits","1","23","1","D","8","15","D Offer","D Liability Signal: 5;P Files: 1;D Answers: 1;D Defaults: 2","5,1,1,2","0.052525448211590241","false","999.22192575977112","999.22192575977112","7","0.65","0","999.08131371988168","0.14061203988944726","false"
"Specification-LowNoiseModerateRiskAversion__Cost-1__Fee-British__ExitFees-AllUnilateralExits","1","23","1","D","8","15","D Offer","D Liability Signal: 5;P Files: 1;D Answers: 1;D Defaults: 2","5,1,1,2","0.052525448211590241","false","999.22192575977112","999.22192575977112","8","0.75","0","999.04854110747715","0.17338465229397571","false"
"Specification-LowNoiseModerateRiskAversion__Cost-1__Fee-British__ExitFees-AllUnilateralExits","1","23","1","D","8","15","D Offer","D Liability Signal: 5;P Files: 1;D Answers: 1;D Defaults: 2","5,1,1,2","0.052525448211590241","false","999.22192575977112","999.22192575977112","9","0.85","0","999.01234288044247","0.20958287932865005","false"
"Specification-LowNoiseModerateRiskAversion__Cost-1__Fee-British__ExitFees-AllUnilateralExits","1","23","1","D","8","15","D Offer","D Liability Signal: 5;P Files: 1;D Answers: 1;D Defaults: 2","5,1,1,2","0.052525448211590241","false","999.22192575977112","999.22192575977112","10","0.95","0","999.11669338212448","0.10523237764664373","false"
"Specification-LowNoiseModerateRiskAversion__Cost-1__Fee-British__ExitFees-AllUnilateralExits","1","24","1","D","3","10","D Answers","D Liability Signal: 6;P Files: 1","6,1","0.08515685399999999","false","998.93189656338802","998.93189656338802","1","Yes","1","998.93189656338802","0","true"
"Specification-LowNoiseModerateRiskAversion__Cost-1__Fee-British__ExitFees-AllUnilateralExits","1","24","1","D","3","10","D Answers","D Liability Signal: 6;P Files: 1","6,1","0.08515685399999999","false","998.93189656338802","998.93189656338802","2","No","0","998.32567501660026","0.60622154678776496","false"
"Specification-LowNoiseModerateRiskAversion__Cost-1__Fee-British__ExitFees-AllUnilateralExits","1","25","1","D","6","21","D Defaults","D Liability Signal: 6;P Files: 1;D Answers: 1","6,1,1","0.08515685399999999","false","998.93189656338802","998.93189656338802","1","Yes","0","998.75337811013264","0.17851845325537852","false"
"Specification-LowNoiseModerateRiskAversion__Cost-1__Fee-British__ExitFees-AllUnilateralExits","1","25","1","D","6","21","D Defaults","D Liability Signal: 6;P Files: 1;D Answers: 1","6,1,1","0.08515685399999999","false","998.93189656338802","998.93189656338802","2","No","1","998.93189656338802","0","true"
"Specification-LowNoiseModerateRiskAversion__Cost-1__Fee-British__ExitFees-AllUnilateralExits","1","26","1","D","8","15","D Offer","D Liability Signal: 6;P Files: 1;D Answers: 1;D Defaults: 1","6,1,1,1","0","true","","","1","0.05","0.10000000000000001","","",""
"Specification-LowNoiseModerateRiskAversion__Cost-1__Fee-British__ExitFees-AllUnilateralExits","1","26","1","D","8","15","D Offer","D Liability Signal: 6;P Files: 1;D Answers: 1;D Defaults: 1","6,1,1,1","0","true","","","2","0.15","0.10000000000000001","","",""
"Specification-LowNoiseModerateRiskAversion__Cost-1__Fee-British__ExitFees-AllUnilateralExits","1","26","1","D","8","15","D Offer","D Liability Signal: 6;P Files: 1;D Answers: 1;D Defaults: 1","6,1,1,1","0","true","","","3","0.25","0.10000000000000001","","",""
"Specification-LowNoiseModerateRiskAversion__Cost-1__Fee-British__ExitFees-AllUnilateralExits","1","26","1","D","8","15","D Offer","D Liability Signal: 6;P Files: 1;D Answers: 1;D Defaults: 1","6,1,1,1","0","true","","","4","0.35","0.10000000000000001","","",""
"Specification-LowNoiseModerateRiskAversion__Cost-1__Fee-British__ExitFees-AllUnilateralExits","1","26","1","D","8","15","D Offer","D Liability Signal: 6;P Files: 1;D Answers: 1;D Defaults: 1","6,1,1,1","0","true","","","5","0.45","0.10000000000000001","","",""
"Specification-LowNoiseModerateRiskAversion__Cost-1__Fee-British__ExitFees-AllUnilateralExits","1","26","1","D","8","15","D Offer","D Liability Signal: 6;P Files: 1;D Answers: 1;D Defaults: 1","6,1,1,1","0","true","","","6","0.55","0.10000000000000001","","",""
"Specification-LowNoiseModerateRiskAversion__Cost-1__Fee-British__ExitFees-AllUnilateralExits","1","26","1","D","8","15","D Offer","D Liability Signal: 6;P Files: 1;D Answers: 1;D Defaults: 1","6,1,1,1","0","true","","","7","0.65","0.10000000000000001","","",""
"Specification-LowNoiseModerateRiskAversion__Cost-1__Fee-British__ExitFees-AllUnilateralExits","1","26","1","D","8","15","D Offer","D Liability Signal: 6;P Files: 1;D Answers: 1;D Defaults: 1","6,1,1,1","0","true","","","8","0.75","0.10000000000000001","","",""
"Specification-LowNoiseModerateRiskAversion__Cost-1__Fee-British__ExitFees-AllUnilateralExits","1","26","1","D","8","15","D Offer","D Liability Signal: 6;P Files: 1;D Answers: 1;D Defaults: 1","6,1,1,1","0","true","","","9","0.85","0.10000000000000001","","",""
"Specification-LowNoiseModerateRiskAversion__Cost-1__Fee-British__ExitFees-AllUnilateralExits","1","26","1","D","8","15","D Offer","D Liability Signal: 6;P Files: 1;D Answers: 1;D Defaults: 1","6,1,1,1","0","true","","","10","0.95","0.10000000000000001","","",""
"Specification-LowNoiseModerateRiskAversion__Cost-1__Fee-British__ExitFees-AllUnilateralExits","1","27","1","D","8","15","D Offer","D Liability Signal: 6;P Files: 1;D Answers: 1;D Defaults: 2","6,1,1,2","0.08515685399999999","false","998.93189656338802","998.93189656338802","1","0.05","0","998.38319647700291","0.54870008638511081","false"
"Specification-LowNoiseModerateRiskAversion__Cost-1__Fee-British__ExitFees-AllUnilateralExits","1","27","1","D","8","15","D Offer","D Liability Signal: 6;P Files: 1;D Answers: 1;D Defaults: 2","6,1,1,2","0.08515685399999999","false","998.93189656338802","998.93189656338802","2","0.15","0","998.37062039955799","0.56127616383002987","false"
"Specification-LowNoiseModerateRiskAversion__Cost-1__Fee-British__ExitFees-AllUnilateralExits","1","27","1","D","8","15","D Offer","D Liability Signal: 6;P Files: 1;D Answers: 1;D Defaults: 2","6,1,1,2","0.08515685399999999","false","998.93189656338802","998.93189656338802","3","0.25","0","998.35672449389551","0.57517206949250976","false"
"Specification-LowNoiseModerateRiskAversion__Cost-1__Fee-British__ExitFees-AllUnilateralExits","1","27","1","D","8","15","D Offer","D Liability Signal: 6;P Files: 1;D Answers: 1;D Defaults: 2","6,1,1,2","0.08515685399999999","false","998.93189656338802","998.93189656338802","4","0.35","0","998.34137677719366","0.59051978619436341","false"
"Specification-LowNoiseModerateRiskAversion__Cost-1__Fee-British__ExitFees-AllUnilateralExits","1","27","1","D","8","15","D Offer","D Liability Signal: 6;P Files: 1;D Answers: 1;D Defaults: 2","6,1,1,2","0.08515685399999999","false","998.93189656338802","998.93189656338802","5","0.45","0","998.32440755725304","0.60748900613498336","false"
"Specification-LowNoiseModerateRiskAversion__Cost-1__Fee-British__ExitFees-AllUnilateralExits","1","27","1","D","8","15","D Offer","D Liability Signal: 6;P Files: 1;D Answers: 1;D Defaults: 2","6,1,1,2","0.08515685399999999","false","998.93189656338802","998.93189656338802","6","0.55","0","998.30564714187403","0.62624942151398955","false"
"Specification-LowNoiseModerateRiskAversion__Cost-1__Fee-British__ExitFees-AllUnilateralExits","1","27","1","D","8","15","D Offer","D Liability Signal: 6;P Files: 1;D Answers: 1;D Defaults: 2","6,1,1,2","0.08515685399999999","false","998.93189656338802","998.93189656338802","7","0.65","0","998.28490698416874","0.64698957921928013","false"
"Specification-LowNoiseModerateRiskAversion__Cost-1__Fee-British__ExitFees-AllUnilateralExits","1","27","1","D","8","15","D Offer","D Liability Signal: 6;P Files: 1;D Answers: 1;D Defaults: 2","6,1,1,2","0.08515685399999999","false","998.93189656338802","998.93189656338802","8","0.75","0","998.26199853724893","0.66989802613909433","false"
"Specification-LowNoiseModerateRiskAversion__Cost-1__Fee-British__ExitFees-AllUnilateralExits","1","27","1","D","8","15","D Offer","D Liability Signal: 6;P Files: 1;D Answers: 1;D Defaults: 2","6,1,1,2","0.08515685399999999","false","998.93189656338802","998.93189656338802","9","0.85","0","998.23669554484866","0.69520101853936467","false"
"Specification-LowNoiseModerateRiskAversion__Cost-1__Fee-British__ExitFees-AllUnilateralExits","1","27","1","D","8","15","D Offer","D Liability Signal: 6;P Files: 1;D Answers: 1;D Defaults: 2","6,1,1,2","0.08515685399999999","false","998.93189656338802","998.93189656338802","10","0.95","1","998.93189656338802","0","true"
"Specification-LowNoiseModerateRiskAversion__Cost-1__Fee-British__ExitFees-AllUnilateralExits","1","28","1","D","3","10","D Answers","D Liability Signal: 7;P Files: 1","7,1","0.096649139899999986","false","998.7379194194674","998.7379194194674","1","Yes","1","998.7379194194674","0","true"
"Specification-LowNoiseModerateRiskAversion__Cost-1__Fee-British__ExitFees-AllUnilateralExits","1","28","1","D","3","10","D Answers","D Liability Signal: 7;P Files: 1","7,1","0.096649139899999986","false","998.7379194194674","998.7379194194674","2","No","0","998.32567501660014","0.41224440286725894","false"
"Specification-LowNoiseModerateRiskAversion__Cost-1__Fee-British__ExitFees-AllUnilateralExits","1","29","1","D","6","21","D Defaults","D Liability Signal: 7;P Files: 1;D Answers: 1","7,1,1","0.0966491399","false","998.73791941946706","998.73791941946706","1","Yes","0","998.32577738486543","0.41214203460162935","false"
"Specification-LowNoiseModerateRiskAversion__Cost-1__Fee-British__ExitFees-AllUnilateralExits","1","29","1","D","6","21","D Defaults","D Liability Signal: 7;P Files: 1;D Answers: 1","7,1,1","0.0966491399","false","998.73791941946706","998.73791941946706","2","No","1","998.73791941946706","0","true"
"Specification-LowNoiseModerateRiskAversion__Cost-1__Fee-British__ExitFees-AllUnilateralExits","1","30","1","D","8","15","D Offer","D Liability Signal: 7;P Files: 1;D Answers: 1;D Defaults: 1","7,1,1,1","0","true","","","1","0.05","0.10000000000000001","","",""
"Specification-LowNoiseModerateRiskAversion__Cost-1__Fee-British__ExitFees-AllUnilateralExits","1","30","1","D","8","15","D Offer","D Liability Signal: 7;P Files: 1;D Answers: 1;D Defaults: 1","7,1,1,1","0","true","","","2","0.15","0.10000000000000001","","",""
"Specification-LowNoiseModerateRiskAversion__Cost-1__Fee-British__ExitFees-AllUnilateralExits","1","30","1","D","8","15","D Offer","D Liability Signal: 7;P Files: 1;D Answers: 1;D Defaults: 1","7,1,1,1","0","true","","","3","0.25","0.10000000000000001","","",""
"Specification-LowNoiseModerateRiskAversion__Cost-1__Fee-British__ExitFees-AllUnilateralExits","1","30","1","D","8","15","D Offer","D Liability Signal: 7;P Files: 1;D Answers: 1;D Defaults: 1","7,1,1,1","0","true","","","4","0.35","0.10000000000000001","","",""
"Specification-LowNoiseModerateRiskAversion__Cost-1__Fee-British__ExitFees-AllUnilateralExits","1","30","1","D","8","15","D Offer","D Liability Signal: 7;P Files: 1;D Answers: 1;D Defaults: 1","7,1,1,1","0","true","","","5","0.45","0.10000000000000001","","",""
"Specification-LowNoiseModerateRiskAversion__Cost-1__Fee-British__ExitFees-AllUnilateralExits","1","30","1","D","8","15","D Offer","D Liability Signal: 7;P Files: 1;D Answers: 1;D Defaults: 1","7,1,1,1","0","true","","","6","0.55","0.10000000000000001","","",""
"Specification-LowNoiseModerateRiskAversion__Cost-1__Fee-British__ExitFees-AllUnilateralExits","1","30","1","D","8","15","D Offer","D Liability Signal: 7;P Files: 1;D Answers: 1;D Defaults: 1","7,1,1,1","0","true","","","7","0.65","0.10000000000000001","","",""
"Specification-LowNoiseModerateRiskAversion__Cost-1__Fee-British__ExitFees-AllUnilateralExits","1","30","1","D","8","15","D Offer","D Liability Signal: 7;P Files: 1;D Answers: 1;D Defaults: 1","7,1,1,1","0","true","","","8","0.75","0.10000000000000001","","",""
"Specification-LowNoiseModerateRiskAversion__Cost-1__Fee-British__ExitFees-AllUnilateralExits","1","30","1","D","8","15","D Offer","D Liability Signal: 7;P Files: 1;D Answers: 1;D Defaults: 1","7,1,1,1","0","true","","","9","0.85","0.10000000000000001","","",""
"Specification-LowNoiseModerateRiskAversion__Cost-1__Fee-British__ExitFees-AllUnilateralExits","1","30","1","D","8","15","D Offer","D Liability Signal: 7;P Files: 1;D Answers: 1;D Defaults: 1","7,1,1,1","0","true","","","10","0.95","0.10000000000000001","","",""
"Specification-LowNoiseModerateRiskAversion__Cost-1__Fee-British__ExitFees-AllUnilateralExits","1","31","1","D","8","15","D Offer","D Liability Signal: 7;P Files: 1;D Answers: 1;D Defaults: 2","7,1,1,2","0.0966491399","false","998.73791941946706","998.73791941946706","1","0.05","0","997.26056827806678","1.4773511414002769","false"
"Specification-LowNoiseModerateRiskAversion__Cost-1__Fee-British__ExitFees-AllUnilateralExits","1","31","1","D","8","15","D Offer","D Liability Signal: 7;P Files: 1;D Answers: 1;D Defaults: 2","7,1,1,2","0.0966491399","false","998.73791941946706","998.73791941946706","2","0.15","0","997.25367635645125","1.4842430630158105","false"
"Specification-LowNoiseModerateRiskAversion__Cost-1__Fee-British__ExitFees-AllUnilateralExits","1","31","1","D","8","15","D Offer","D Liability Signal: 7;P Files: 1;D Answers: 1;D Defaults: 2","7,1,1,2","0.0966491399","false","998.73791941946706","998.73791941946706","3","0.25","0","997.24606114471158","1.4918582747554865","false"
"Specification-LowNoiseModerateRiskAversion__Cost-1__Fee-British__ExitFees-AllUnilateralExits","1","31","1","D","8","15","D Offer","D Liability Signal: 7;P Files: 1;D Answers: 1;D Defaults: 2","7,1,1,2","0.0966491399","false","998.73791941946706","998.73791941946706","4","0.35","0","997.23765031383505","1.5002691056320145","false"
"Specification-LowNoiseModerateRiskAversion__Cost-1__Fee-British__ExitFees-AllUnilateralExits","1","31","1","D","8","15","D Offer","D Liability Signal: 7;P Files: 1;D Answers: 1;D Defaults: 2","7,1,1,2","0.0966491399","false","998.73791941946706","998.73791941946706","5","0.45","0","997.22835086937653","1.5095685500905347","false"
"Specification-LowNoiseModerateRiskAversion__Cost-1__Fee-British__ExitFees-AllUnilateralExits","1","31","1","D","8","15","D Offer","D Liability Signal: 7;P Files: 1;D Answers: 1;D Defaults: 2","7,1,1,2","0.0966491399","false","998.73791941946706","998.73791941946706","6","0.55","0","997.21806981689213","1.5198496025749364","false"
"Specification-LowNoiseModerateRiskAversion__Cost-1__Fee-British__ExitFees-AllUnilateralExits","1","31","1","D","8","15","D Offer","D Liability Signal: 7;P Files: 1;D Answers: 1;D Defaults: 2","7,1,1,2","0.0966491399","false","998.73791941946706","998.73791941946706","7","0.65","0","997.20670382922083","1.5312155902462337","false"
"Specification-LowNoiseModerateRiskAversion__Cost-1__Fee-British__ExitFees-AllUnilateralExits","1","31","1","D","8","15","D Offer","D Liability Signal: 7;P Files: 1;D Answers: 1;D Defaults: 2","7,1,1,2","0.0966491399","false","998.73791941946706","998.73791941946706","8","0.75","0","997.19414957920196","1.5437698402650994","false"
"Specification-LowNoiseModerateRiskAversion__Cost-1__Fee-British__ExitFees-AllUnilateralExits","1","31","1","D","8","15","D Offer","D Liability Signal: 7;P Files: 1;D Answers: 1;D Defaults: 2","7,1,1,2","0.0966491399","false","998.73791941946706","998.73791941946706","9","0.85","0","997.18028307424322","1.5576363452238411","false"
"Specification-LowNoiseModerateRiskAversion__Cost-1__Fee-British__ExitFees-AllUnilateralExits","1","31","1","D","8","15","D Offer","D Liability Signal: 7;P Files: 1;D Answers: 1;D Defaults: 2","7,1,1,2","0.0966491399","false","998.73791941946706","998.73791941946706","10","0.95","1","998.73791941946706","0","true"
"Specification-LowNoiseModerateRiskAversion__Cost-1__Fee-British__ExitFees-AllUnilateralExits","1","32","1","D","3","10","D Answers","D Liability Signal: 8;P Files: 1","8,1","0.10303479290000001","false","998.59408674390511","998.59408674390511","1","Yes","1","998.59408674390511","0","true"
"Specification-LowNoiseModerateRiskAversion__Cost-1__Fee-British__ExitFees-AllUnilateralExits","1","32","1","D","3","10","D Answers","D Liability Signal: 8;P Files: 1","8,1","0.10303479290000001","false","998.59408674390511","998.59408674390511","2","No","0","998.32567501660003","0.26841172730507878","false"
"Specification-LowNoiseModerateRiskAversion__Cost-1__Fee-British__ExitFees-AllUnilateralExits","1","33","1","D","6","21","D Defaults","D Liability Signal: 8;P Files: 1;D Answers: 1","8,1,1","0.10303479290000001","false","998.59408674390522","998.59408674390522","1","Yes","0","997.9867987070262","0.60728803687902655","false"
"Specification-LowNoiseModerateRiskAversion__Cost-1__Fee-British__ExitFees-AllUnilateralExits","1","33","1","D","6","21","D Defaults","D Liability Signal: 8;P Files: 1;D Answers: 1","8,1,1","0.10303479290000001","false","998.59408674390522","998.59408674390522","2","No","1","998.59408674390522","0","true"
"Specification-LowNoiseModerateRiskAversion__Cost-1__Fee-British__ExitFees-AllUnilateralExits","1","34","1","D","8","15","D Offer","D Liability Signal: 8;P Files: 1;D Answers: 1;D Defaults: 1","8,1,1,1","0","true","","","1","0.05","0.10000000000000001","","",""
"Specification-LowNoiseModerateRiskAversion__Cost-1__Fee-British__ExitFees-AllUnilateralExits","1","34","1","D","8","15","D Offer","D Liability Signal: 8;P Files: 1;D Answers: 1;D Defaults: 1","8,1,1,1","0","true","","","2","0.15","0.10000000000000001","","",""
"Specification-LowNoiseModerateRiskAversion__Cost-1__Fee-British__ExitFees-AllUnilateralExits","1","34","1","D","8","15","D Offer","D Liability Signal: 8;P Files: 1;D Answers: 1;D Defaults: 1","8,1,1,1","0","true","","","3","0.25","0.10000000000000001","","",""
"Specification-LowNoiseModerateRiskAversion__Cost-1__Fee-British__ExitFees-AllUnilateralExits","1","34","1","D","8","15","D Offer","D Liability Signal: 8;P Files: 1;D Answers: 1;D Defaults: 1","8,1,1,1","0","true","","","4","0.35","0.10000000000000001","","",""
"Specification-LowNoiseModerateRiskAversion__Cost-1__Fee-British__ExitFees-AllUnilateralExits","1","34","1","D","8","15","D Offer","D Liability Signal: 8;P Files: 1;D Answers: 1;D Defaults: 1","8,1,1,1","0","true","","","5","0.45","0.10000000000000001","","",""
"Specification-LowNoiseModerateRiskAversion__Cost-1__Fee-British__ExitFees-AllUnilateralExits","1","34","1","D","8","15","D Offer","D Liability Signal: 8;P Files: 1;D Answers: 1;D Defaults: 1","8,1,1,1","0","true","","","6","0.55","0.10000000000000001","","",""
"Specification-LowNoiseModerateRiskAversion__Cost-1__Fee-British__ExitFees-AllUnilateralExits","1","34","1","D","8","15","D Offer","D Liability Signal: 8;P Files: 1;D Answers: 1;D Defaults: 1","8,1,1,1","0","true","","","7","0.65","0.10000000000000001","","",""
"Specification-LowNoiseModerateRiskAversion__Cost-1__Fee-British__ExitFees-AllUnilateralExits","1","34","1","D","8","15","D Offer","D Liability Signal: 8;P Files: 1;D Answers: 1;D Defaults: 1","8,1,1,1","0","true","","","8","0.75","0.10000000000000001","","",""
"Specification-LowNoiseModerateRiskAversion__Cost-1__Fee-British__ExitFees-AllUnilateralExits","1","34","1","D","8","15","D Offer","D Liability Signal: 8;P Files: 1;D Answers: 1;D Defaults: 1","8,1,1,1","0","true","","","9","0.85","0.10000000000000001","","",""
"Specification-LowNoiseModerateRiskAversion__Cost-1__Fee-British__ExitFees-AllUnilateralExits","1","34","1","D","8","15","D Offer","D Liability Signal: 8;P Files: 1;D Answers: 1;D Defaults: 1","8,1,1,1","0","true","","","10","0.95","0.10000000000000001","","",""
"Specification-LowNoiseModerateRiskAversion__Cost-1__Fee-British__ExitFees-AllUnilateralExits","1","35","1","D","8","15","D Offer","D Liability Signal: 8;P Files: 1;D Answers: 1;D Defaults: 2","8,1,1,2","0.10303479290000001","false","998.59408674390522","998.59408674390522","1","0.05","0","996.29078814389061","2.3032986000146138","false"
"Specification-LowNoiseModerateRiskAversion__Cost-1__Fee-British__ExitFees-AllUnilateralExits","1","35","1","D","8","15","D Offer","D Liability Signal: 8;P Files: 1;D Answers: 1;D Defaults: 2","8,1,1,2","0.10303479290000001","false","998.59408674390522","998.59408674390522","2","0.15","0","996.28811098348274","2.3059757604224842","false"
"Specification-LowNoiseModerateRiskAversion__Cost-1__Fee-British__ExitFees-AllUnilateralExits","1","35","1","D","8","15","D Offer","D Liability Signal: 8;P Files: 1;D Answers: 1;D Defaults: 2","8,1,1,2","0.10303479290000001","false","998.59408674390522","998.59408674390522","3","0.25","0","996.28515286171262","2.3089338821926049","false"
"Specification-LowNoiseModerateRiskAversion__Cost-1__Fee-British__ExitFees-AllUnilateralExits","1","35","1","D","8","15","D Offer","D Liability Signal: 8;P Files: 1;D Answers: 1;D Defaults: 2","8,1,1,2","0.10303479290000001","false","998.59408674390522","998.59408674390522","4","0.35","0","996.28188568244411","2.3122010614611099","false"
"Specification-LowNoiseModerateRiskAversion__Cost-1__Fee-British__ExitFees-AllUnilateralExits","1","35","1","D","8","15","D Offer","D Liability Signal: 8;P Files: 1;D Answers: 1;D Defaults: 2","8,1,1,2","0.10303479290000001","false","998.59408674390522","998.59408674390522","5","0.45","0","996.27827332207357","2.3158134218316491","false"
"Specification-LowNoiseModerateRiskAversion__Cost-1__Fee-British__ExitFees-AllUnilateralExits","1","35","1","D","8","15","D Offer","D Liability Signal: 8;P Files: 1;D Answers: 1;D Defaults: 2","8,1,1,2","0.10303479290000001","false","998.59408674390522","998.59408674390522","6","0.55","0","996.27427965699724","2.3198070869079856","false"
"Specification-LowNoiseModerateRiskAversion__Cost-1__Fee-British__ExitFees-AllUnilateralExits","1","35","1","D","8","15","D Offer","D Liability Signal: 8;P Files: 1;D Answers: 1;D Defaults: 2","8,1,1,2","0.10303479290000001","false","998.59408674390522","998.59408674390522","7","0.65","0","996.26986454987764","2.324222194027584","false"
"Specification-LowNoiseModerateRiskAversion__Cost-1__Fee-British__ExitFees-AllUnilateralExits","1","35","1","D","8","15","D Offer","D Liability Signal: 8;P Files: 1;D Answers: 1;D Defaults: 2","8,1,1,2","0.10303479290000001","false","998.59408674390522","998.59408674390522","8","0.75","0","996.26498786337743","2.3290988805277948","false"
"Specification-LowNoiseModerateRiskAversion__Cost-1__Fee-British__ExitFees-AllUnilateralExits","1","35","1","D","8","15","D Offer","D Liability Signal: 8;P Files: 1;D Answers: 1;D Defaults: 2","8,1,1,2","0.10303479290000001","false","998.59408674390522","998.59408674390522","9","0.85","0","996.25960143269151","2.3344853112137116","false"
"Specification-LowNoiseModerateRiskAversion__Cost-1__Fee-British__ExitFees-AllUnilateralExits","1","35","1","D","8","15","D Offer","D Liability Signal: 8;P Files: 1;D Answers: 1;D Defaults: 2","8,1,1,2","0.10303479290000001","false","998.59408674390522","998.59408674390522","10","0.95","1","998.59408674390522","0","true"
"Specification-LowNoiseModerateRiskAversion__Cost-1__Fee-British__ExitFees-AllUnilateralExits","1","36","1","D","3","10","D Answers","D Liability Signal: 9;P Files: 1","9,1","0.10623488350000002","false","998.52716880192304","998.52716880192304","1","Yes","1","998.52716880192304","0","true"
"Specification-LowNoiseModerateRiskAversion__Cost-1__Fee-British__ExitFees-AllUnilateralExits","1","36","1","D","3","10","D Answers","D Liability Signal: 9;P Files: 1","9,1","0.10623488350000002","false","998.52716880192304","998.52716880192304","2","No","0","998.32567501659992","0.20149378532312312","false"
"Specification-LowNoiseModerateRiskAversion__Cost-1__Fee-British__ExitFees-AllUnilateralExits","1","37","1","D","6","21","D Defaults","D Liability Signal: 9;P Files: 1;D Answers: 1","9,1,1","0.10623488350000002","false","998.52716880192304","998.52716880192304","1","Yes","0","997.82083064678784","0.70633815513519949","false"
"Specification-LowNoiseModerateRiskAversion__Cost-1__Fee-British__ExitFees-AllUnilateralExits","1","37","1","D","6","21","D Defaults","D Liability Signal: 9;P Files: 1;D Answers: 1","9,1,1","0.10623488350000002","false","998.52716880192304","998.52716880192304","2","No","1","998.52716880192304","0","true"
"Specification-LowNoiseModerateRiskAversion__Cost-1__Fee-British__ExitFees-AllUnilateralExits","1","38","1","D","8","15","D Offer","D Liability Signal: 9;P Files: 1;D Answers: 1;D Defaults: 1","9,1,1,1","0","true","","","1","0.05","0.10000000000000001","","",""
"Specification-LowNoiseModerateRiskAversion__Cost-1__Fee-British__ExitFees-AllUnilateralExits","1","38","1","D","8","15","D Offer","D Liability Signal: 9;P Files: 1;D Answers: 1;D Defaults: 1","9,1,1,1","0","true","","","2","0.15","0.10000000000000001","","",""
"Specification-LowNoiseModerateRiskAversion__Cost-1__Fee-British__ExitFees-AllUnilateralExits","1","38","1","D","8","15","D Offer","D Liability Signal: 9;P Files: 1;D Answers: 1;D Defaults: 1","9,1,1,1","0","true","","","3","0.25","0.10000000000000001","","",""
"Specification-LowNoiseModerateRiskAversion__Cost-1__Fee-British__ExitFees-AllUnilateralExits","1","38","1","D","8","15","D Offer","D Liability Signal: 9;P Files: 1;D Answers: 1;D Defaults: 1","9,1,1,1","0","true","","","4","0.35","0.10000000000000001","","",""
"Specification-LowNoiseModerateRiskAversion__Cost-1__Fee-British__ExitFees-AllUnilateralExits","1","38","1","D","8","15","D Offer","D Liability Signal: 9;P Files: 1;D Answers: 1;D Defaults: 1","9,1,1,1","0","true","","","5","0.45","0.10000000000000001","","",""
"Specification-LowNoiseModerateRiskAversion__Cost-1__Fee-British__ExitFees-AllUnilateralExits","1","38","1","D","8","15","D Offer","D Liability Signal: 9;P Files: 1;D Answers: 1;D Defaults: 1","9,1,1,1","0","true","","","6","0.55","0.10000000000000001","","",""
"Specification-LowNoiseModerateRiskAversion__Cost-1__Fee-British__ExitFees-AllUnilateralExits","1","38","1","D","8","15","D Offer","D Liability Signal: 9;P Files: 1;D Answers: 1;D Defaults: 1","9,1,1,1","0","true","","","7","0.65","0.10000000000000001","","",""
"Specification-LowNoiseModerateRiskAversion__Cost-1__Fee-British__ExitFees-AllUnilateralExits","1","38","1","D","8","15","D Offer","D Liability Signal: 9;P Files: 1;D Answers: 1;D Defaults: 1","9,1,1,1","0","true","","","8","0.75","0.10000000000000001","","",""
"Specification-LowNoiseModerateRiskAversion__Cost-1__Fee-British__ExitFees-AllUnilateralExits","1","38","1","D","8","15","D Offer","D Liability Signal: 9;P Files: 1;D Answers: 1;D Defaults: 1","9,1,1,1","0","true","","","9","0.85","0.10000000000000001","","",""
"Specification-LowNoiseModerateRiskAversion__Cost-1__Fee-British__ExitFees-AllUnilateralExits","1","38","1","D","8","15","D Offer","D Liability Signal: 9;P Files: 1;D Answers: 1;D Defaults: 1","9,1,1,1","0","true","","","10","0.95","0.10000000000000001","","",""
"Specification-LowNoiseModerateRiskAversion__Cost-1__Fee-British__ExitFees-AllUnilateralExits","1","39","1","D","8","15","D Offer","D Liability Signal: 9;P Files: 1;D Answers: 1;D Defaults: 2","9,1,1,2","0.10623488350000002","false","998.52716880192304","998.52716880192304","1","0.05","0","995.79835099791262","2.7288178040104185","false"
"Specification-LowNoiseModerateRiskAversion__Cost-1__Fee-British__ExitFees-AllUnilateralExits","1","39","1","D","8","15","D Offer","D Liability Signal: 9;P Files: 1;D Answers: 1;D Defaults: 2","9,1,1,2","0.10623488350000002","false","998.52716880192304","998.52716880192304","2","0.15","0","995.79763474899323","2.7295340529298073","false"
"Specification-LowNoiseModerateRiskAversion__Cost-1__Fee-British__ExitFees-AllUnilateralExits","1","39","1","D","8","15","D Offer","D Liability Signal: 9;P Files: 1;D Answers: 1;D Defaults: 2","9,1,1,2","0.10623488350000002","false","998.52716880192304","998.52716880192304","3","0.25","0","995.79684333152159","2.7303254704014535","false"
"Specification-LowNoiseModerateRiskAversion__Cost-1__Fee-British__ExitFees-AllUnilateralExits","1","39","1","D","8","15","D Offer","D Liability Signal: 9;P Files: 1;D Answers: 1;D Defaults: 2","9,1,1,2","0.10623488350000002","false","998.52716880192304","998.52716880192304","4","0.35","0","995.79596922864232","2.7311995732807191","false"
"Specification-LowNoiseModerateRiskAversion__Cost-1__Fee-British__ExitFees-AllUnilateralExits","1","39","1","D","8","15","D Offer","D Liability Signal: 9;P Files: 1;D Answers: 1;D Defaults: 2","9,1,1,2","0.10623488350000002","false","998.52716880192304","998.52716880192304","5","0.45","0","995.79500277582758","2.7321660260954559","false"
"Specification-LowNoiseModerateRiskAversion__Cost-1__Fee-British__ExitFees-AllUnilateralExits","1","39","1","D","8","15","D Offer","D Liability Signal: 9;P Files: 1;D Answers: 1;D Defaults: 2","9,1,1,2","0.10623488350000002","false","998.52716880192304","998.52716880192304","6","0.55","0","995.79393430854896","2.7332344933740842","false"
"Specification-LowNoiseModerateRiskAversion__Cost-1__Fee-British__ExitFees-AllUnilateralExits","1","39","1","D","8","15","D Offer","D Liability Signal: 9;P Files: 1;D Answers: 1;D Defaults: 2","9,1,1,2","0.10623488350000002","false","998.52716880192304","998.52716880192304","7","0.65","0","995.79275308844194","2.7344157134810985","false"
"Specification-LowNoiseModerateRiskAversion__Cost-1__Fee-British__ExitFees-AllUnilateralExits","1","39","1","D","8","15","D Offer","D Liability Signal: 9;P Files: 1;D Answers: 1;D Defaults: 2","9,1,1,2","0.10623488350000002","false","998.52716880192304","998.52716880192304","8","0.75","0","995.79144837714193","2.7357204247811069","false"
"Specification-LowNoiseModerateRiskAversion__Cost-1__Fee-British__ExitFees-AllUnilateralExits","1","39","1","D","8","15","D Offer","D Liability Signal: 9;P Files: 1;D Answers: 1;D Defaults: 2","9,1,1,2","0.10623488350000002","false","998.52716880192304","998.52716880192304","9","0.85","0","995.79000728861138","2.737161513311662","false"
"Specification-LowNoiseModerateRiskAversion__Cost-1__Fee-British__ExitFees-AllUnilateralExits","1","39","1","D","8","15","D Offer","D Liability Signal: 9;P Files: 1;D Answers: 1;D Defaults: 2","9,1,1,2","0.10623488350000002","false","998.52716880192304","998.52716880192304","10","0.95","1","998.52716880192304","0","true"
"Specification-LowNoiseModerateRiskAversion__Cost-1__Fee-British__ExitFees-AllUnilateralExits","1","40","1","D","3","10","D Answers","D Liability Signal: 10;P Files: 1","10,1","0.088964420699999991","false","998.50808695286969","998.50808695286969","1","Yes","1","998.50808695286969","0","true"
"Specification-LowNoiseModerateRiskAversion__Cost-1__Fee-British__ExitFees-AllUnilateralExits","1","40","1","D","3","10","D Answers","D Liability Signal: 10;P Files: 1","10,1","0.088964420699999991","false","998.50808695286969","998.50808695286969","2","No","0","998.32567501660014","0.18241193626954555","false"
"Specification-LowNoiseModerateRiskAversion__Cost-1__Fee-British__ExitFees-AllUnilateralExits","1","41","1","D","6","21","D Defaults","D Liability Signal: 10;P Files: 1;D Answers: 1","10,1,1","0.088964420699999991","false","998.50808695286969","998.50808695286969","1","Yes","0","997.77169116579626","0.73639578707343389","false"
"Specification-LowNoiseModerateRiskAversion__Cost-1__Fee-British__ExitFees-AllUnilateralExits","1","41","1","D","6","21","D Defaults","D Liability Signal: 10;P Files: 1;D Answers: 1","10,1,1","0.088964420699999991","false","998.50808695286969","998.50808695286969","2","No","1","998.50808695286969","0","true"
"Specification-LowNoiseModerateRiskAversion__Cost-1__Fee-British__ExitFees-AllUnilateralExits","1","42","1","D","8","15","D Offer","D Liability Signal: 10;P Files: 1;D Answers: 1;D Defaults: 1","10,1,1,1","0","true","","","1","0.05","0.10000000000000001","","",""
"Specification-LowNoiseModerateRiskAversion__Cost-1__Fee-British__ExitFees-AllUnilateralExits","1","42","1","D","8","15","D Offer","D Liability Signal: 10;P Files: 1;D Answers: 1;D Defaults: 1","10,1,1,1","0","true","","","2","0.15","0.10000000000000001","","",""
"Specification-LowNoiseModerateRiskAversion__Cost-1__Fee-British__ExitFees-AllUnilateralExits","1","42","1","D","8","15","D Offer","D Liability Signal: 10;P Files: 1;D Answers: 1;D Defaults: 1","10,1,1,1","0","true","","","3","0.25","0.10000000000000001","","",""
"Specification-LowNoiseModerateRiskAversion__Cost-1__Fee-British__ExitFees-AllUnilateralExits","1","42","1","D","8","15","D Offer","D Liability Signal: 10;P Files: 1;D Answers: 1;D Defaults: 1","10,1,1,1","0","true","","","4","0.35","0.10000000000000001","","",""
"Specification-LowNoiseModerateRiskAversion__Cost-1__Fee-British__ExitFees-AllUnilateralExits","1","42","1","D","8","15","D Offer","D Liability Signal: 10;P Files: 1;D Answers: 1;D Defaults: 1","10,1,1,1","0","true","","","5","0.45","0.10000000000000001","","",""
"Specification-LowNoiseModerateRiskAversion__Cost-1__Fee-British__ExitFees-AllUnilateralExits","1","42","1","D","8","15","D Offer","D Liability Signal: 10;P Files: 1;D Answers: 1;D Defaults: 1","10,1,1,1","0","true","","","6","0.55","0.10000000000000001","","",""
"Specification-LowNoiseModerateRiskAversion__Cost-1__Fee-British__ExitFees-AllUnilateralExits","1","42","1","D","8","15","D Offer","D Liability Signal: 10;P Files: 1;D Answers: 1;D Defaults: 1","10,1,1,1","0","true","","","7","0.65","0.10000000000000001","","",""
"Specification-LowNoiseModerateRiskAversion__Cost-1__Fee-British__ExitFees-AllUnilateralExits","1","42","1","D","8","15","D Offer","D Liability Signal: 10;P Files: 1;D Answers: 1;D Defaults: 1","10,1,1,1","0","true","","","8","0.75","0.10000000000000001","","",""
"Specification-LowNoiseModerateRiskAversion__Cost-1__Fee-British__ExitFees-AllUnilateralExits","1","42","1","D","8","15","D Offer","D Liability Signal: 10;P Files: 1;D Answers: 1;D Defaults: 1","10,1,1,1","0","true","","","9","0.85","0.10000000000000001","","",""
"Specification-LowNoiseModerateRiskAversion__Cost-1__Fee-British__ExitFees-AllUnilateralExits","1","42","1","D","8","15","D Offer","D Liability Signal: 10;P Files: 1;D Answers: 1;D Defaults: 1","10,1,1,1","0","true","","","10","0.95","0.10000000000000001","","",""
"Specification-LowNoiseModerateRiskAversion__Cost-1__Fee-British__ExitFees-AllUnilateralExits","1","43","1","D","8","15","D Offer","D Liability Signal: 10;P Files: 1;D Answers: 1;D Defaults: 2","10,1,1,2","0.088964420699999991","false","998.50808695286969","998.50808695286969","1","0.05","0","995.65158769507468","2.8564992577950079","false"
"Specification-LowNoiseModerateRiskAversion__Cost-1__Fee-British__ExitFees-AllUnilateralExits","1","43","1","D","8","15","D Offer","D Liability Signal: 10;P Files: 1;D Answers: 1;D Defaults: 2","10,1,1,2","0.088964420699999991","false","998.50808695286969","998.50808695286969","2","0.15","0","995.65143060586536","2.856656347004332","false"
"Specification-LowNoiseModerateRiskAversion__Cost-1__Fee-British__ExitFees-AllUnilateralExits","1","43","1","D","8","15","D Offer","D Liability Signal: 10;P Files: 1;D Answers: 1;D Defaults: 2","10,1,1,2","0.088964420699999991","false","998.50808695286969","998.50808695286969","3","0.25","0","995.65125703053195","2.856829922337738","false"
"Specification-LowNoiseModerateRiskAversion__Cost-1__Fee-British__ExitFees-AllUnilateralExits","1","43","1","D","8","15","D Offer","D Liability Signal: 10;P Files: 1;D Answers: 1;D Defaults: 2","10,1,1,2","0.088964420699999991","false","998.50808695286969","998.50808695286969","4","0.35","0","995.65106532046218","2.8570216324075091","false"
"Specification-LowNoiseModerateRiskAversion__Cost-1__Fee-British__ExitFees-AllUnilateralExits","1","43","1","D","8","15","D Offer","D Liability Signal: 10;P Files: 1;D Answers: 1;D Defaults: 2","10,1,1,2","0.088964420699999991","false","998.50808695286969","998.50808695286969","5","0.45","0","995.65085335601168","2.8572335968580092","false"
"Specification-LowNoiseModerateRiskAversion__Cost-1__Fee-British__ExitFees-AllUnilateralExits","1","43","1","D","8","15","D Offer","D Liability Signal: 10;P Files: 1;D Answers: 1;D Defaults: 2","10,1,1,2","0.088964420699999991","false","998.50808695286969","998.50808695286969","6","0.55","0","995.65061901753575","2.8574679353339434","false"
"Specification-LowNoiseModerateRiskAversion__Cost-1__Fee-British__ExitFees-AllUnilateralExits","1","43","1","D","8","15","D Offer","D Liability Signal: 10;P Files: 1;D Answers: 1;D Defaults: 2","10,1,1,2","0.088964420699999991","false","998.50808695286969","998.50808695286969","7","0.65","0","995.65035994987409","2.8577270029956026","false"
"Specification-LowNoiseModerateRiskAversion__Cost-1__Fee-British__ExitFees-AllUnilateralExits","1","43","1","D","8","15","D Offer","D Liability Signal: 10;P Files: 1;D Answers: 1;D Defaults: 2","10,1,1,2","0.088964420699999991","false","998.50808695286969","998.50808695286969","8","0.75","0","995.65007379786596","2.8580131550037322","false"
"Specification-LowNoiseModerateRiskAversion__Cost-1__Fee-British__ExitFees-AllUnilateralExits","1","43","1","D","8","15","D Offer","D Liability Signal: 10;P Files: 1;D Answers: 1;D Defaults: 2","10,1,1,2","0.088964420699999991","false","998.50808695286969","998.50808695286969","9","0.85","0","995.64975773531864","2.8583292175510451","false"
"Specification-LowNoiseModerateRiskAversion__Cost-1__Fee-British__ExitFees-AllUnilateralExits","1","43","1","D","8","15","D Offer","D Liability Signal: 10;P Files: 1;D Answers: 1;D Defaults: 2","10,1,1,2","0.088964420699999991","false","998.50808695286969","998.50808695286969","10","0.95","1","998.50808695286969","0","true"
