"OptionSetName","Equilibrium Number","Information Set Number","Player Index","Player","Decision Index","Decision Code","Decision","Information Set Labels","Information Set Contents","Equilibrium Reach Probability","Off Path","Conditional Information-Set Utility","Best Action Utility","Action","Action Label","Equilibrium Action Probability","Conditional Action Utility","Utility Loss from Best Action","Is Best Action"
"Specification-AllCostsSunk__Cost-2__Fee-American","1","0","0","P","2","9","P Files","P Liability Signal: 1","1","0.080450000000000008","false","9.9999999999999982","9.9999999999999982","1","Yes","0","9.7450985818649993","0.25490141813499889","false"
"Specification-AllCostsSunk__Cost-2__Fee-American","1","0","0","P","2","9","P Files","P Liability Signal: 1","1","0.080450000000000008","false","9.9999999999999982","9.9999999999999982","2","No","1","9.9999999999999982","0","true"
"Specification-AllCostsSunk__Cost-2__Fee-American","1","2","0","P","5","20","P Abandons","P Liability Signal: 1;P Files: 1;D Answers: 1","1,1,1","0","true","","","1","Yes","0.5","","",""
"Specification-AllCostsSunk__Cost-2__Fee-American","1","2","0","P","5","20","P Abandons","P Liability Signal: 1;P Files: 1;D Answers: 1","1,1,1","0","true","","","2","No","0.5","","",""
"Specification-AllCostsSunk__Cost-2__Fee-American","1","4","0","P","7","14","P Offer","P Liability Signal: 1;P Files: 1;D Answers: 1;P Abandons: 1","1,1,1,1","0","true","","","1","0.05","0.10000000000000001","","",""
"Specification-AllCostsSunk__Cost-2__Fee-American","1","4","0","P","7","14","P Offer","P Liability Signal: 1;P Files: 1;D Answers: 1;P Abandons: 1","1,1,1,1","0","true","","","2","0.15","0.10000000000000001","","",""
"Specification-AllCostsSunk__Cost-2__Fee-American","1","4","0","P","7","14","P Offer","P Liability Signal: 1;P Files: 1;D Answers: 1;P Abandons: 1","1,1,1,1","0","true","","","3","0.25","0.10000000000000001","","",""
"Specification-AllCostsSunk__Cost-2__Fee-American","1","4","0","P","7","14","P Offer","P Liability Signal: 1;P Files: 1;D Answers: 1;P Abandons: 1","1,1,1,1","0","true","","","4","0.35","0.10000000000000001","","",""
"Specification-AllCostsSunk__Cost-2__Fee-American","1","4","0","P","7","14","P Offer","P Liability Signal: 1;P Files: 1;D Answers: 1;P Abandons: 1","1,1,1,1","0","true","","","5","0.45","0.10000000000000001","","",""
"Specification-AllCostsSunk__Cost-2__Fee-American","1","4","0","P","7","14","P Offer","P Liability Signal: 1;P Files: 1;D Answers: 1;P Abandons: 1","1,1,1,1","0","true","","","6","0.55","0.10000000000000001","","",""
"Specification-AllCostsSunk__Cost-2__Fee-American","1","4","0","P","7","14","P Offer","P Liability Signal: 1;P Files: 1;D Answers: 1;P Abandons: 1","1,1,1,1","0","true","","","7","0.65","0.10000000000000001","","",""
"Specification-AllCostsSunk__Cost-2__Fee-American","1","4","0","P","7","14","P Offer","P Liability Signal: 1;P Files: 1;D Answers: 1;P Abandons: 1","1,1,1,1","0","true","","","8","0.75","0.10000000000000001","","",""
"Specification-AllCostsSunk__Cost-2__Fee-American","1","4","0","P","7","14","P Offer","P Liability Signal: 1;P Files: 1;D Answers: 1;P Abandons: 1","1,1,1,1","0","true","","","9","0.85","0.10000000000000001","","",""
"Specification-AllCostsSunk__Cost-2__Fee-American","1","4","0","P","7","14","P Offer","P Liability Signal: 1;P Files: 1;D Answers: 1;P Abandons: 1","1,1,1,1","0","true","","","10","0.95","0.10000000000000001","","",""
"Specification-AllCostsSunk__Cost-2__Fee-American","1","7","0","P","7","14","P Offer","P Liability Signal: 1;P Files: 1;D Answers: 1;P Abandons: 2","1,1,1,2","0","true","","","1","0.05","0.10000000000000001","","",""
"Specification-AllCostsSunk__Cost-2__Fee-American","1","7","0","P","7","14","P Offer","P Liability Signal: 1;P Files: 1;D Answers: 1;P Abandons: 2","1,1,1,2","0","true","","","2","0.15","0.10000000000000001","","",""
"Specification-AllCostsSunk__Cost-2__Fee-American","1","7","0","P","7","14","P Offer","P Liability Signal: 1;P Files: 1;D Answers: 1;P Abandons: 2","1,1,1,2","0","true","","","3","0.25","0.10000000000000001","","",""
"Specification-AllCostsSunk__Cost-2__Fee-American","1","7","0","P","7","14","P Offer","P Liability Signal: 1;P Files: 1;D Answers: 1;P Abandons: 2","1,1,1,2","0","true","","","4","0.35","0.10000000000000001","","",""
"Specification-AllCostsSunk__Cost-2__Fee-American","1","7","0","P","7","14","P Offer","P Liability Signal: 1;P Files: 1;D Answers: 1;P Abandons: 2","1,1,1,2","0","true","","","5","0.45","0.10000000000000001","","",""
"Specification-AllCostsSunk__Cost-2__Fee-American","1","7","0","P","7","14","P Offer","P Liability Signal: 1;P Files: 1;D Answers: 1;P Abandons: 2","1,1,1,2","0","true","","","6","0.55","0.10000000000000001","","",""
"Specification-AllCostsSunk__Cost-2__Fee-American","1","7","0","P","7","14","P Offer","P Liability Signal: 1;P Files: 1;D Answers: 1;P Abandons: 2","1,1,1,2","0","true","","","7","0.65","0.10000000000000001","","",""
"Specification-AllCostsSunk__Cost-2__Fee-American","1","7","0","P","7","14","P Offer","P Liability Signal: 1;P Files: 1;D Answers: 1;P Abandons: 2","1,1,1,2","0","true","","","8","0.75","0.10000000000000001","","",""
"Specification-AllCostsSunk__Cost-2__Fee-American","1","7","0","P","7","14","P Offer","P Liability Signal: 1;P Files: 1;D Answers: 1;P Abandons: 2","1,1,1,2","0","true","","","9","0.85","0.10000000000000001","","",""
"Specification-AllCostsSunk__Cost-2__Fee-American","1","7","0","P","7","14","P Offer","P Liability Signal: 1;P Files: 1;D Answers: 1;P Abandons: 2","1,1,1,2","0","true","","","10","0.95","0.10000000000000001","","",""
"Specification-AllCostsSunk__Cost-2__Fee-American","1","44","0","P","2","9","P Files","P Liability Signal: 2","2","0.097680000000000017","false","9.9999999999999982","9.9999999999999982","1","Yes","0","9.815003753440001","0.18499624655999725","false"
"Specification-AllCostsSunk__Cost-2__Fee-American","1","44","0","P","2","9","P Files","P Liability Signal: 2","2","0.097680000000000017","false","9.9999999999999982","9.9999999999999982","2","No","1","9.9999999999999982","0","true"
"Specification-AllCostsSunk__Cost-2__Fee-American","1","45","0","P","5","20","P Abandons","P Liability Signal: 2;P Files: 1;D Answers: 1","2,1,1","0","true","","","1","Yes","0.5","","",""
"Specification-AllCostsSunk__Cost-2__Fee-American","1","45","0","P","5","20","P Abandons","P Liability Signal: 2;P Files: 1;D Answers: 1","2,1,1","0","true","","","2","No","0.5","","",""
"Specification-AllCostsSunk__Cost-2__Fee-American","1","46","0","P","7","14","P Offer","P Liability Signal: 2;P Files: 1;D Answers: 1;P Abandons: 1","2,1,1,1","0","true","","","1","0.05","0.10000000000000001","","",""
"Specification-AllCostsSunk__Cost-2__Fee-American","1","46","0","P","7","14","P Offer","P Liability Signal: 2;P Files: 1;D Answers: 1;P Abandons: 1","2,1,1,1","0","true","","","2","0.15","0.10000000000000001","","",""
"Specification-AllCostsSunk__Cost-2__Fee-American","1","46","0","P","7","14","P Offer","P Liability Signal: 2;P Files: 1;D Answers: 1;P Abandons: 1","2,1,1,1","0","true","","","3","0.25","0.10000000000000001","","",""
"Specification-AllCostsSunk__Cost-2__Fee-American","1","46","0","P","7","14","P Offer","P Liability Signal: 2;P Files: 1;D Answers: 1;P Abandons: 1","2,1,1,1","0","true","","","4","0.35","0.10000000000000001","","",""
"Specification-AllCostsSunk__Cost-2__Fee-American","1","46","0","P","7","14","P Offer","P Liability Signal: 2;P Files: 1;D Answers: 1;P Abandons: 1","2,1,1,1","0","true","","","5","0.45","0.10000000000000001","","",""
"Specification-AllCostsSunk__Cost-2__Fee-American","1","46","0","P","7","14","P Offer","P Liability Signal: 2;P Files: 1;D Answers: 1;P Abandons: 1","2,1,1,1","0","true","","","6","0.55","0.10000000000000001","","",""
"Specification-AllCostsSunk__Cost-2__Fee-American","1","46","0","P","7","14","P Offer","P Liability Signal: 2;P Files: 1;D Answers: 1;P Abandons: 1","2,1,1,1","0","true","","","7","0.65","0.10000000000000001","","",""
"Specification-AllCostsSunk__Cost-2__Fee-American","1","46","0","P","7","14","P Offer","P Liability Signal: 2;P Files: 1;D Answers: 1;P Abandons: 1","2,1,1,1","0","true","","","8","0.75","0.10000000000000001","","",""
"Specification-AllCostsSunk__Cost-2__Fee-American","1","46","0","P","7","14","P Offer","P Liability Signal: 2;P Files: 1;D Answers: 1;P Abandons: 1","2,1,1,1","0","true","","","9","0.85","0.10000000000000001","","",""
"Specification-AllCostsSunk__Cost-2__Fee-American","1","46","0","P","7","14","P Offer","P Liability Signal: 2;P Files: 1;D Answers: 1;P Abandons: 1","2,1,1,1","0","true","","","10","0.95","0.10000000000000001","","",""
"Specification-AllCostsSunk__Cost-2__Fee-American","1","47","0","P","7","14","P Offer","P Liability Signal: 2;P Files: 1;D Answers: 1;P Abandons: 2","2,1,1,2","0","true","","","1","0.05","0.10000000000000001","","",""
"Specification-AllCostsSunk__Cost-2__Fee-American","1","47","0","P","7","14","P Offer","P Liability Signal: 2;P Files: 1;D Answers: 1;P Abandons: 2","2,1,1,2","0","true","","","2","0.15","0.10000000000000001","","",""
"Specification-AllCostsSunk__Cost-2__Fee-American","1","47","0","P","7","14","P Offer","P Liability Signal: 2;P Files: 1;D Answers: 1;P Abandons: 2","2,1,1,2","0","true","","","3","0.25","0.10000000000000001","","",""
"Specification-AllCostsSunk__Cost-2__Fee-American","1","47","0","P","7","14","P Offer","P Liability Signal: 2;P Files: 1;D Answers: 1;P Abandons: 2","2,1,1,2","0","true","","","4","0.35","0.10000000000000001","","",""
"Specification-AllCostsSunk__Cost-2__Fee-American","1","47","0","P","7","14","P Offer","P Liability Signal: 2;P Files: 1;D Answers: 1;P Abandons: 2","2,1,1,2","0","true","","","5","0.45","0.10000000000000001","","",""
"Specification-AllCostsSunk__Cost-2__Fee-American","1","47","0","P","7","14","P Offer","P Liability Signal: 2;P Files: 1;D Answers: 1;P Abandons: 2","2,1,1,2","0","true","","","6","0.55","0.10000000000000001","","",""
"Specification-AllCostsSunk__Cost-2__Fee-American","1","47","0","P","7","14","P Offer","P Liability Signal: 2;P Files: 1;D Answers: 1;P Abandons: 2","2,1,1,2","0","true","","","7","0.65","0.10000000000000001","","",""
"Specification-AllCostsSunk__Cost-2__Fee-American","1","47","0","P","7","14","P Offer","P Liability Signal: 2;P Files: 1;D Answers: 1;P Abandons: 2","2,1,1,2","0","true","","","8","0.75","0.10000000000000001","","",""
"Specification-AllCostsSunk__Cost-2__Fee-American","1","47","0","P","7","14","P Offer","P Liability Signal: 2;P Files: 1;D Answers: 1;P Abandons: 2","2,1,1,2","0","true","","","9","0.85","0.10000000000000001","","",""
"Specification-AllCostsSunk__Cost-2__Fee-American","1","47","0","P","7","14","P Offer","P Liability Signal: 2;P Files: 1;D Answers: 1;P Abandons: 2","2,1,1,2","0","true","","","10","0.95","0.10000000000000001","","",""
"Specification-AllCostsSunk__Cost-2__Fee-American","1","48","0","P","2","9","P Files","P Liability Signal: 3","3","0.10618","false","10.000000000000002","10.000000000000002","1","Yes","0","9.9087151644900029","0.091284835509998885","false"
"Specification-AllCostsSunk__Cost-2__Fee-American","1","48","0","P","2","9","P Files","P Liability Signal: 3","3","0.10618","false","10.000000000000002","10.000000000000002","2","No","1","10.000000000000002","0","true"
"Specification-AllCostsSunk__Cost-2__Fee-American","1","49","0","P","5","20","P Abandons","P Liability Signal: 3;P Files: 1;D Answers: 1","3,1,1","0","true","","","1","Yes","0.5","","",""
"Specification-AllCostsSunk__Cost-2__Fee-American","1","49","0","P","5","20","P Abandons","P Liability Signal: 3;P Files: 1;D Answers: 1","3,1,1","0","true","","","2","No","0.5","","",""
"Specification-AllCostsSunk__Cost-2__Fee-American","1","50","0","P","7","14","P Offer","P Liability Signal: 3;P Files: 1;D Answers: 1;P Abandons: 1","3,1,1,1","0","true","","","1","0.05","0.10000000000000001","","",""
"Specification-AllCostsSunk__Cost-2__Fee-American","1","50","0","P","7","14","P Offer","P Liability Signal: 3;P Files: 1;D Answers: 1;P Abandons: 1","3,1,1,1","0","true","","","2","0.15","0.10000000000000001","","",""
"Specification-AllCostsSunk__Cost-2__Fee-American","1","50","0","P","7","14","P Offer","P Liability Signal: 3;P Files: 1;D Answers: 1;P Abandons: 1","3,1,1,1","0","true","","","3","0.25","0.10000000000000001","","",""
"Specification-AllCostsSunk__Cost-2__Fee-American","1","50","0","P","7","14","P Offer","P Liability Signal: 3;P Files: 1;D Answers: 1;P Abandons: 1","3,1,1,1","0","true","","","4","0.35","0.10000000000000001","","",""
"Specification-AllCostsSunk__Cost-2__Fee-American","1","50","0","P","7","14","P Offer","P Liability Signal: 3;P Files: 1;D Answers: 1;P Abandons: 1","3,1,1,1","0","true","","","5","0.45","0.10000000000000001","","",""
"Specification-AllCostsSunk__Cost-2__Fee-American","1","50","0","P","7","14","P Offer","P Liability Signal: 3;P Files: 1;D Answers: 1;P Abandons: 1","3,1,1,1","0","true","","","6","0.55","0.10000000000000001","","",""
"Specification-AllCostsSunk__Cost-2__Fee-American","1","50","0","P","7","14","P Offer","P Liability Signal: 3;P Files: 1;D Answers: 1;P Abandons: 1","3,1,1,1","0","true","","","7","0.65","0.10000000000000001","","",""
"Specification-AllCostsSunk__Cost-2__Fee-American","1","50","0","P","7","14","P Offer","P Liability Signal: 3;P Files: 1;D Answers: 1;P Abandons: 1","3,1,1,1","0","true","","","8","0.75","0.10000000000000001","","",""
"Specification-AllCostsSunk__Cost-2__Fee-American","1","50","0","P","7","14","P Offer","P Liability Signal: 3;P Files: 1;D Answers: 1;P Abandons: 1","3,1,1,1","0","true","","","9","0.85","0.10000000000000001","","",""
"Specification-AllCostsSunk__Cost-2__Fee-American","1","50","0","P","7","14","P Offer","P Liability Signal: 3;P Files: 1;D Answers: 1;P Abandons: 1","3,1,1,1","0","true","","","10","0.95","0.10000000000000001","","",""
"Specification-AllCostsSunk__Cost-2__Fee-American","1","51","0","P","7","14","P Offer","P Liability Signal: 3;P Files: 1;D Answers: 1;P Abandons: 2","3,1,1,2","0","true","","","1","0.05","0.10000000000000001","","",""
"Specification-AllCostsSunk__Cost-2__Fee-American","1","51","0","P","7","14","P Offer","P Liability Signal: 3;P Files: 1;D Answers: 1;P Abandons: 2","3,1,1,2","0","true","","","2","0.15","0.10000000000000001","","",""
"Specification-AllCostsSunk__Cost-2__Fee-American","1","51","0","P","7","14","P Offer","P Liability Signal: 3;P Files: 1;D Answers: 1;P Abandons: 2","3,1,1,2","0","true","","","3","0.25","0.10000000000000001","","",""
"Specification-AllCostsSunk__Cost-2__Fee-American","1","51","0","P","7","14","P Offer","P Liability Signal: 3;P Files: 1;D Answers: 1;P Abandons: 2","3,1,1,2","0","true","","","4","0.35","0.10000000000000001","","",""
"Specification-AllCostsSunk__Cost-2__Fee-American","1","51","0","P","7","14","P Offer","P Liability Signal: 3;P Files: 1;D Answers: 1;P Abandons: 2","3,1,1,2","0","true","","","5","0.45","0.10000000000000001","","",""
"Specification-AllCostsSunk__Cost-2__Fee-American","1","51","0","P","7","14","P Offer","P Liability Signal: 3;P Files: 1;D Answers: 1;P Abandons: 2","3,1,1,2","0","true","","","6","0.55","0.10000000000000001","","",""
"Specification-AllCostsSunk__Cost-2__Fee-American","1","51","0","P","7","14","P Offer","P Liability Signal: 3;P Files: 1;D Answers: 1;P Abandons: 2","3,1,1,2","0","true","","","7","0.65","0.10000000000000001","","",""
"Specification-AllCostsSunk__Cost-2__Fee-American","1","51","0","P","7","14","P Offer","P Liability Signal: 3;P Files: 1;D Answers: 1;P Abandons: 2","3,1,1,2","0","true","","","8","0.75","0.10000000000000001","","",""
"Specification-AllCostsSunk__Cost-2__Fee-American","1","51","0","P","7","14","P Offer","P Liability Signal: 3;P Files: 1;D Answers: 1;P Abandons: 2","3,1,1,2","0","true","","","9","0.85","0.10000000000000001","","",""
"Specification-AllCostsSunk__Cost-2__Fee-American","1","51","0","P","7","14","P Offer","P Liability Signal: 3;P Files: 1;D Answers: 1;P Abandons: 2","3,1,1,2","0","true","","","10","0.95","0.10000000000000001","","",""
"Specification-AllCostsSunk__Cost-2__Fee-American","1","52","0","P","2","9","P Files","P Liability Signal: 4","4","0.1081","false","10.052895925799998","10.052895925799998","1","Yes","1","10.052895925799998","0","true"
"Specification-AllCostsSunk__Cost-2__Fee-American","1","52","0","P","2","9","P Files","P Liability Signal: 4","4","0.1081","false","10.052895925799998","10.052895925799998","2","No","0","10","0.052895925799997912","false"
"Specification-AllCostsSunk__Cost-2__Fee-American","1","53","0","P","5","20","P Abandons","P Liability Signal: 4;P Files: 1;D Answers: 1","4,1,1","0.043952379","false","9.5463044487075432","9.5463044487075432","1","Yes","0","9.4050000000000011","0.14130444870754211","false"
"Specification-AllCostsSunk__Cost-2__Fee-American","1","53","0","P","5","20","P Abandons","P Liability Signal: 4;P Files: 1;D Answers: 1","4,1,1","0.043952379","false","9.5463044487075432","9.5463044487075432","2","No","1","9.5463044487075432","0","true"
"Specification-AllCostsSunk__Cost-2__Fee-American","1","54","0","P","7","14","P Offer","P Liability Signal: 4;P Files: 1;D Answers: 1;P Abandons: 1","4,1,1,1","0","true","","","1","0.05","0.10000000000000001","","",""
"Specification-AllCostsSunk__Cost-2__Fee-American","1","54","0","P","7","14","P Offer","P Liability Signal: 4;P Files: 1;D Answers: 1;P Abandons: 1","4,1,1,1","0","true","","","2","0.15","0.10000000000000001","","",""
"Specification-AllCostsSunk__Cost-2__Fee-American","1","54","0","P","7","14","P Offer","P Liability Signal: 4;P Files: 1;D Answers: 1;P Abandons: 1","4,1,1,1","0","true","","","3","0.25","0.10000000000000001","","",""
"Specification-AllCostsSunk__Cost-2__Fee-American","1","54","0","P","7","14","P Offer","P Liability Signal: 4;P Files: 1;D Answers: 1;P Abandons: 1","4,1,1,1","0","true","","","4","0.35","0.10000000000000001","","",""
"Specification-AllCostsSunk__Cost-2__Fee-American","1","54","0","P","7","14","P Offer","P Liability Signal: 4;P Files: 1;D Answers: 1;P Abandons: 1","4,1,1,1","0","true","","","5","0.45","0.10000000000000001","","",""
"Specification-AllCostsSunk__Cost-2__Fee-American","1","54","0","P","7","14","P Offer","P Liability Signal: 4;P Files: 1;D Answers: 1;P Abandons: 1","4,1,1,1","0","true","","","6","0.55","0.10000000000000001","","",""
"Specification-AllCostsSunk__Cost-2__Fee-American","1","54","0","P","7","14","P Offer","P Liability Signal: 4;P Files: 1;D Answers: 1;P Abandons: 1","4,1,1,1","0","true","","","7","0.65","0.10000000000000001","","",""
"Specification-AllCostsSunk__Cost-2__Fee-American","1","54","0","P","7","14","P Offer","P Liability Signal: 4;P Files: 1;D Answers: 1;P Abandons: 1","4,1,1,1","0","true","","","8","0.75","0.10000000000000001","","",""
"Specification-AllCostsSunk__Cost-2__Fee-American","1","54","0","P","7","14","P Offer","P Liability Signal: 4;P Files: 1;D Answers: 1;P Abandons: 1","4,1,1,1","0","true","","","9","0.85","0.10000000000000001","","",""
"Specification-AllCostsSunk__Cost-2__Fee-American","1","54","0","P","7","14","P Offer","P Liability Signal: 4;P Files: 1;D Answers: 1;P Abandons: 1","4,1,1,1","0","true","","","10","0.95","0.10000000000000001","","",""
"Specification-AllCostsSunk__Cost-2__Fee-American","1","55","0","P","7","14","P Offer","P Liability Signal: 4;P Files: 1;D Answers: 1;P Abandons: 2","4,1,1,2","0.043952379","false","9.5463044487075432","9.5463044487075432","1","0.05","0","9.4499999999999993","0.096304448707543955","false"
"Specification-AllCostsSunk__Cost-2__Fee-American","1","55","0","P","7","14","P Offer","P Liability Signal: 4;P Files: 1;D Answers: 1;P Abandons: 2","4,1,1,2","0.043952379","false","9.5463044487075432","9.5463044487075432","2","0.15","0","9.5463044487075432","0","true"
"Specification-AllCostsSunk__Cost-2__Fee-American","1","55","0","P","7","14","P Offer","P Liability Signal: 4;P Files: 1;D Answers: 1;P Abandons: 2","4,1,1,2","0.043952379","false","9.5463044487075432","9.5463044487075432","3","0.25","0","9.5463044487075432","0","true"
"Specification-AllCostsSunk__Cost-2__Fee-American","1","55","0","P","7","14","P Offer","P Liability Signal: 4;P Files: 1;D Answers: 1;P Abandons: 2","4,1,1,2","0.043952379","false","9.5463044487075432","9.5463044487075432","4","0.35","0","9.5463044487075432","0","true"
"Specification-AllCostsSunk__Cost-2__Fee-American","1","55","0","P","7","14","P Offer","P Liability Signal: 4;P Files: 1;D Answers: 1;P Abandons: 2","4,1,1,2","0.043952379","false","9.5463044487075432","9.5463044487075432","5","0.45","0","9.5463044487075432","0","true"
"Specification-AllCostsSunk__Cost-2__Fee-American","1","55","0","P","7","14","P Offer","P Liability Signal: 4;P Files: 1;D Answers: 1;P Abandons: 2","4,1,1,2","0.043952379","false","9.5463044487075432","9.5463044487075432","6","0.55","0","9.5463044487075432","0","true"
"Specification-AllCostsSunk__Cost-2__Fee-American","1","55","0","P","7","14","P Offer","P Liability Signal: 4;P Files: 1;D Answers: 1;P Abandons: 2","4,1,1,2","0.043952379","false","9.5463044487075432","9.5463044487075432","7","0.65","0","9.5463044487075432","0","true"
"Specification-AllCostsSunk__Cost-2__Fee-American","1","55","0","P","7","14","P Offer","P Liability Signal: 4;P Files: 1;D Answers: 1;P Abandons: 2","4,1,1,2","0.043952379","false","9.5463044487075432","9.5463044487075432","8","0.75","1","9.5463044487075432","0","true"
"Specification-AllCostsSunk__Cost-2__Fee-American","1","55","0","P","7","14","P Offer","P Liability Signal: 4;P Files: 1;D Answers: 1;P Abandons: 2","4,1,1,2","0.043952379","false","9.5463044487075432","9.5463044487075432","9","0.85","0","9.5463044487075432","0","true"
"Specification-AllCostsSunk__Cost-2__Fee-American","1","55","0","P","7","14","P Offer","P Liability Signal: 4;P Files: 1;D Answers: 1;P Abandons: 2","4,1,1,2","0.043952379","false","9.5463044487075432","9.5463044487075432","10","0.95","0","9.5463044487075432","0","true"
"Specification-AllCostsSunk__Cost-2__Fee-American","1","56","0","P","2","9","P Files","P Liability Signal: 5","5","0.1076","false","10.170780516400001","10.170780516400001","1","Yes","1","10.170780516400001","0","true"
"Specification-AllCostsSunk__Cost-2__Fee-American","1","56","0","P","2","9","P Files","P Liability Signal: 5","5","0.1076","false","10.170780516400001","10.170780516400001","2","No","0","10","0.17078051640000069","false"
"Specification-AllCostsSunk__Cost-2__Fee-American","1","57","0","P","5","20","P Abandons","P Liability Signal: 5;P Files: 1;D Answers: 1","5,1,1","0.030911328000000002","false","9.6021042759676956","9.6021042759676956","1","Yes","0","9.4050000000000011","0.19710427596769442","false"
"Specification-AllCostsSunk__Cost-2__Fee-American","1","57","0","P","5","20","P Abandons","P Liability Signal: 5;P Files: 1;D Answers: 1","5,1,1","0.030911328000000002","false","9.6021042759676956","9.6021042759676956","2","No","1","9.6021042759676956","0","true"
"Specification-AllCostsSunk__Cost-2__Fee-American","1","58","0","P","7","14","P Offer","P Liability Signal: 5;P Files: 1;D Answers: 1;P Abandons: 1","5,1,1,1","0","true","","","1","0.05","0.10000000000000001","","",""
"Specification-AllCostsSunk__Cost-2__Fee-American","1","58","0","P","7","14","P Offer","P Liability Signal: 5;P Files: 1;D Answers: 1;P Abandons: 1","5,1,1,1","0","true","","","2","0.15","0.10000000000000001","","",""
"Specification-AllCostsSunk__Cost-2__Fee-American","1","58","0","P","7","14","P Offer","P Liability Signal: 5;P Files: 1;D Answers: 1;P Abandons: 1","5,1,1,1","0","true","","","3","0.25","0.10000000000000001","","",""
"Specification-AllCostsSunk__Cost-2__Fee-American","1","58","0","P","7","14","P Offer","P Liability Signal: 5;P Files: 1;D Answers: 1;P Abandons: 1","5,1,1,1","0","true","","","4","0.35","0.10000000000000001","","",""
"Specification-AllCostsSunk__Cost-2__Fee-American","1","58","0","P","7","14","P Offer","P Liability Signal: 5;P Files: 1;D Answers: 1;P Abandons: 1","5,1,1,1","0","true","","","5","0.45","0.10000000000000001","","",""
"Specification-AllCostsSunk__Cost-2__Fee-American","1","58","0","P","7","14","P Offer","P Liability Signal: 5;P Files: 1;D Answers: 1;P Abandons: 1","5,1,1,1","0","true","","","6","0.55","0.10000000000000001","","",""
"Specification-AllCostsSunk__Cost-2__Fee-American","1","58","0","P","7","14","P Offer","P Liability Signal: 5;P Files: 1;D Answers: 1;P Abandons: 1","5,1,1,1","0","true","","","7","0.65","0.10000000000000001","","",""
"Specification-AllCostsSunk__Cost-2__Fee-American","1","58","0","P","7","14","P Offer","P Liability Signal: 5;P Files: 1;D Answers: 1;P Abandons: 1","5,1,1,1","0","true","","","8","0.75","0.10000000000000001","","",""
"Specification-AllCostsSunk__Cost-2__Fee-American","1","58","0","P","7","14","P Offer","P Liability Signal: 5;P Files: 1;D Answers: 1;P Abandons: 1","5,1,1,1","0","true","","","9","0.85","0.10000000000000001","","",""
"Specification-AllCostsSunk__Cost-2__Fee-American","1","58","0","P","7","14","P Offer","P Liability Signal: 5;P Files: 1;D Answers: 1;P Abandons: 1","5,1,1,1","0","true","","","10","0.95","0.10000000000000001","","",""
"Specification-AllCostsSunk__Cost-2__Fee-American","1","59","0","P","7","14","P Offer","P Liability Signal: 5;P Files: 1;D Answers: 1;P Abandons: 2","5,1,1,2","0.030911328000000002","false","9.6021042759676956","9.6021042759676956","1","0.05","0","9.4499999999999975","0.15210427596769804","false"
"Specification-AllCostsSunk__Cost-2__Fee-American","1","59","0","P","7","14","P Offer","P Liability Signal: 5;P Files: 1;D Answers: 1;P Abandons: 2","5,1,1,2","0.030911328000000002","false","9.6021042759676956","9.6021042759676956","2","0.15","0","9.6021042759676956","0","true"
"Specification-AllCostsSunk__Cost-2__Fee-American","1","59","0","P","7","14","P Offer","P Liability Signal: 5;P Files: 1;D Answers: 1;P Abandons: 2","5,1,1,2","0.030911328000000002","false","9.6021042759676956","9.6021042759676956","3","0.25","0","9.6021042759676956","0","true"
"Specification-AllCostsSunk__Cost-2__Fee-American","1","59","0","P","7","14","P Offer","P Liability Signal: 5;P Files: 1;D Answers: 1;P Abandons: 2","5,1,1,2","0.030911328000000002","false","9.6021042759676956","9.6021042759676956","4","0.35","0","9.6021042759676956","0","true"
"Specification-AllCostsSunk__Cost-2__Fee-American","1","59","0","P","7","14","P Offer","P Liability Signal: 5;P Files: 1;D Answers: 1;P Abandons: 2","5,1,1,2","0.030911328000000002","false","9.6021042759676956","9.6021042759676956","5","0.45","0","9.6021042759676956","0","true"
"Specification-AllCostsSunk__Cost-2__Fee-American","1","59","0","P","7","14","P Offer","P Liability Signal: 5;P Files: 1;D Answers: 1;P Abandons: 2","5,1,1,2","0.030911328000000002","false","9.6021042759676956","9.6021042759676956","6","0.55","0","9.6021042759676956","0","true"
"Specification-AllCostsSunk__Cost-2__Fee-American","1","59","0","P","7","14","P Offer","P Liability Signal: 5;P Files: 1;D Answers: 1;P Abandons: 2","5,1,1,2","0.030911328000000002","false","9.6021042759676956","9.6021042759676956","7","0.65","0","9.6021042759676956","0","true"
"Specification-AllCostsSunk__Cost-2__Fee-American","1","59","0","P","7","14","P Offer","P Liability Signal: 5;P Files: 1;D Answers: 1;P Abandons: 2","5,1,1,2","0.030911328000000002","false","9.6021042759676956","9.6021042759676956","8","0.75","0","9.6021042759676956","0","true"
"Specification-AllCostsSunk__Cost-2__Fee-American","1","59","0","P","7","14","P Offer","P Liability Signal: 5;P Files: 1;D Answers: 1;P Abandons: 2","5,1,1,2","0.030911328000000002","false","9.6021042759676956","9.6021042759676956","9","0.85","1","9.6021042759676956","0","true"
"Specification-AllCostsSunk__Cost-2__Fee-American","1","59","0","P","7","14","P Offer","P Liability Signal: 5;P Files: 1;D Answers: 1;P Abandons: 2","5,1,1,2","0.030911328000000002","false","9.6021042759676956","9.6021042759676956","10","0.95","0","9.6021042759676956","0","true"
"Specification-AllCostsSunk__Cost-2__Fee-American","1","60","0","P","2","9","P Files","P Liability Signal: 6","6","0.10759999999999999","false","10.268309098100001","10.268309098100001","1","Yes","1","10.268309098100001","0","true"
"Specification-AllCostsSunk__Cost-2__Fee-American","1","60","0","P","2","9","P Files","P Liability Signal: 6","6","0.10759999999999999","false","10.268309098100001","10.268309098100001","2","No","0","10.000000000000002","0.26830909809999959","false"
"Specification-AllCostsSunk__Cost-2__Fee-American","1","61","0","P","5","20","P Abandons","P Liability Signal: 6;P Files: 1;D Answers: 1","6,1,1","0.019499271999999998","false","9.6733092269065235","9.6733092269065235","1","Yes","0","9.4050000000000029","0.26830922690652059","false"
"Specification-AllCostsSunk__Cost-2__Fee-American","1","61","0","P","5","20","P Abandons","P Liability Signal: 6;P Files: 1;D Answers: 1","6,1,1","0.019499271999999998","false","9.6733092269065235","9.6733092269065235","2","No","1","9.6733092269065235","0","true"
"Specification-AllCostsSunk__Cost-2__Fee-American","1","62","0","P","7","14","P Offer","P Liability Signal: 6;P Files: 1;D Answers: 1;P Abandons: 1","6,1,1,1","0","true","","","1","0.05","0.10000000000000001","","",""
"Specification-AllCostsSunk__Cost-2__Fee-American","1","62","0","P","7","14","P Offer","P Liability Signal: 6;P Files: 1;D Answers: 1;P Abandons: 1","6,1,1,1","0","true","","","2","0.15","0.10000000000000001","","",""
"Specification-AllCostsSunk__Cost-2__Fee-American","1","62","0","P","7","14","P Offer","P Liability Signal: 6;P Files: 1;D Answers: 1;P Abandons: 1","6,1,1,1","0","true","","","3","0.25","0.10000000000000001","","",""
"Specification-AllCostsSunk__Cost-2__Fee-American","1","62","0","P","7","14","P Offer","P Liability Signal: 6;P Files: 1;D Answers: 1;P Abandons: 1","6,1,1,1","0","true","","","4","0.35","0.10000000000000001","","",""
"Specification-AllCostsSunk__Cost-2__Fee-American","1","62","0","P","7","14","P Offer","P Liability Signal: 6;P Files: 1;D Answers: 1;P Abandons: 1","6,1,1,1","0","true","","","5","0.45","0.10000000000000001","","",""
"Specification-AllCostsSunk__Cost-2__Fee-American","1","62","0","P","7","14","P Offer","P Liability Signal: 6;P Files: 1;D Answers: 1;P Abandons: 1","6,1,1,1","0","true","","","6","0.55","0.10000000000000001","","",""
"Specification-AllCostsSunk__Cost-2__Fee-American","1","62","0","P","7","14","P Offer","P Liability Signal: 6;P Files: 1;D Answers: 1;P Abandons: 1","6,1,1,1","0","true","","","7","0.65","0.10000000000000001","","",""
"Specification-AllCostsSunk__Cost-2__Fee-American","1","62","0","P","7","14","P Offer","P Liability Signal: 6;P Files: 1;D Answers: 1;P Abandons: 1","6,1,1,1","0","true","","","8","0.75","0.10000000000000001","","",""
"Specification-AllCostsSunk__Cost-2__Fee-American","1","62","0","P","7","14","P Offer","P Liability Signal: 6;P Files: 1;D Answers: 1;P Abandons: 1","6,1,1,1","0","true","","","9","0.85","0.10000000000000001","","",""
"Specification-AllCostsSunk__Cost-2__Fee-American","1","62","0","P","7","14","P Offer","P Liability Signal: 6;P Files: 1;D Answers: 1;P Abandons: 1","6,1,1,1","0","true","","","10","0.95","0.10000000000000001","","",""
"Specification-AllCostsSunk__Cost-2__Fee-American","1","63","0","P","7","14","P Offer","P Liability Signal: 6;P Files: 1;D Answers: 1;P Abandons: 2","6,1,1,2","0.019499271999999998","false","9.6733092269065235","9.6733092269065235","1","0.05","0","9.4499999999999993","0.22330922690652422","false"
"Specification-AllCostsSunk__Cost-2__Fee-American","1","63","0","P","7","14","P Offer","P Liability Signal: 6;P Files: 1;D Answers: 1;P Abandons: 2","6,1,1,2","0.019499271999999998","false","9.6733092269065235","9.6733092269065235","2","0.15","0","9.6733092269065235","0","true"
"Specification-AllCostsSunk__Cost-2__Fee-American","1","63","0","P","7","14","P Offer","P Liability Signal: 6;P Files: 1;D Answers: 1;P Abandons: 2","6,1,1,2","0.019499271999999998","false","9.6733092269065235","9.6733092269065235","3","0.25","0","9.6733092269065235","0","true"
"Specification-AllCostsSunk__Cost-2__Fee-American","1","63","0","P","7","14","P Offer","P Liability Signal: 6;P Files: 1;D Answers: 1;P Abandons: 2","6,1,1,2","0.019499271999999998","false","9.6733092269065235","9.6733092269065235","4","0.35","0","9.6733092269065235","0","true"
"Specification-AllCostsSunk__Cost-2__Fee-American","1","63","0","P","7","14","P Offer","P Liability Signal: 6;P Files: 1;D Answers: 1;P Abandons: 2","6,1,1,2","0.019499271999999998","false","9.6733092269065235","9.6733092269065235","5","0.45","0","9.6733092269065235","0","true"
"Specification-AllCostsSunk__Cost-2__Fee-American","1","63","0","P","7","14","P Offer","P Liability Signal: 6;P Files: 1;D Answers: 1;P Abandons: 2","6,1,1,2","0.019499271999999998","false","9.6733092269065235","9.6733092269065235","6","0.55","0","9.6733092269065235","0","true"
"Specification-AllCostsSunk__Cost-2__Fee-American","1","63","0","P","7","14","P Offer","P Liability Signal: 6;P Files: 1;D Answers: 1;P Abandons: 2","6,1,1,2","0.019499271999999998","false","9.6733092269065235","9.6733092269065235","7","0.65","0","9.6733092269065235","0","true"
"Specification-AllCostsSunk__Cost-2__Fee-American","1","63","0","P","7","14","P Offer","P Liability Signal: 6;P Files: 1;D Answers: 1;P Abandons: 2","6,1,1,2","0.019499271999999998","false","9.6733092269065235","9.6733092269065235","8","0.75","0","9.6733092269065235","0","true"
"Specification-AllCostsSunk__Cost-2__Fee-American","1","63","0","P","7","14","P Offer","P Liability Signal: 6;P Files: 1;D Answers: 1;P Abandons: 2","6,1,1,2","0.019499271999999998","false","9.6733092269065235","9.6733092269065235","9","0.85","1","9.6733092269065235","0","true"
"Specification-AllCostsSunk__Cost-2__Fee-American","1","63","0","P","7","14","P Offer","P Liability Signal: 6;P Files: 1;D Answers: 1;P Abandons: 2","6,1,1,2","0.019499271999999998","false","9.6733092269065235","9.6733092269065235","10","0.95","0","9.6733092269065235","0","true"
"Specification-AllCostsSunk__Cost-2__Fee-American","1","64","0","P","2","9","P Files","P Liability Signal: 7","7","0.10809999999999999","false","10.3336389774","10.3336389774","1","Yes","1","10.3336389774","0","true"
"Specification-AllCostsSunk__Cost-2__Fee-American","1","64","0","P","2","9","P Files","P Liability Signal: 7","7","0.10809999999999999","false","10.3336389774","10.3336389774","2","No","0","10","0.3336389773999997","false"
"Specification-AllCostsSunk__Cost-2__Fee-American","1","65","0","P","5","20","P Abandons","P Liability Signal: 7;P Files: 1;D Answers: 1","7,1,1","0.011164568","false","9.7574649244771496","9.7574649244771496","1","Yes","0","9.4050000000000011","0.3524649244771485","false"
"Specification-AllCostsSunk__Cost-2__Fee-American","1","65","0","P","5","20","P Abandons","P Liability Signal: 7;P Files: 1;D Answers: 1","7,1,1","0.011164568","false","9.7574649244771496","9.7574649244771496","2","No","1","9.7574649244771496","0","true"
"Specification-AllCostsSunk__Cost-2__Fee-American","1","66","0","P","7","14","P Offer","P Liability Signal: 7;P Files: 1;D Answers: 1;P Abandons: 1","7,1,1,1","0","true","","","1","0.05","0.10000000000000001","","",""
"Specification-AllCostsSunk__Cost-2__Fee-American","1","66","0","P","7","14","P Offer","P Liability Signal: 7;P Files: 1;D Answers: 1;P Abandons: 1","7,1,1,1","0","true","","","2","0.15","0.10000000000000001","","",""
"Specification-AllCostsSunk__Cost-2__Fee-American","1","66","0","P","7","14","P Offer","P Liability Signal: 7;P Files: 1;D Answers: 1;P Abandons: 1","7,1,1,1","0","true","","","3","0.25","0.10000000000000001","","",""
"Specification-AllCostsSunk__Cost-2__Fee-American","1","66","0","P","7","14","P Offer","P Liability Signal: 7;P Files: 1;D Answers: 1;P Abandons: 1","7,1,1,1","0","true","","","4","0.35","0.10000000000000001","","",""
"Specification-AllCostsSunk__Cost-2__Fee-American","1","66","0","P","7","14","P Offer","P Liability Signal: 7;P Files: 1;D Answers: 1;P Abandons: 1","7,1,1,1","0","true","","","5","0.45","0.10000000000000001","","",""
"Specification-AllCostsSunk__Cost-2__Fee-American","1","66","0","P","7","14","P Offer","P Liability Signal: 7;P Files: 1;D Answers: 1;P Abandons: 1","7,1,1,1","0","true","","","6","0.55","0.10000000000000001","","",""
"Specification-AllCostsSunk__Cost-2__Fee-American","1","66","0","P","7","14","P Offer","P Liability Signal: 7;P Files: 1;D Answers: 1;P Abandons: 1","7,1,1,1","0","true","","","7","0.65","0.10000000000000001","","",""
"Specification-AllCostsSunk__Cost-2__Fee-American","1","66","0","P","7","14","P Offer","P Liability Signal: 7;P Files: 1;D Answers: 1;P Abandons: 1","7,1,1,1","0","true","","","8","0.75","0.10000000000000001","","",""
"Specification-AllCostsSunk__Cost-2__Fee-American","1","66","0","P","7","14","P Offer","P Liability Signal: 7;P Files: 1;D Answers: 1;P Abandons: 1","7,1,1,1","0","true","","","9","0.85","0.10000000000000001","","",""
"Specification-AllCostsSunk__Cost-2__Fee-American","1","66","0","P","7","14","P Offer","P Liability Signal: 7;P Files: 1;D Answers: 1;P Abandons: 1","7,1,1,1","0","true","","","10","0.95","0.10000000000000001","","",""
"Specification-AllCostsSunk__Cost-2__Fee-American","1","67","0","P","7","14","P Offer","P Liability Signal: 7;P Files: 1;D Answers: 1;P Abandons: 2","7,1,1,2","0.011164568","false","9.7574649244771496","9.7574649244771496","1","0.05","0","9.4500000000000011","0.30746492447714857","false"
"Specification-AllCostsSunk__Cost-2__Fee-American","1","67","0","P","7","14","P Offer","P Liability Signal: 7;P Files: 1;D Answers: 1;P Abandons: 2","7,1,1,2","0.011164568","false","9.7574649244771496","9.7574649244771496","2","0.15","0","9.7574649244771496","0","true"
"Specification-AllCostsSunk__Cost-2__Fee-American","1","67","0","P","7","14","P Offer","P Liability Signal: 7;P Files: 1;D Answers: 1;P Abandons: 2","7,1,1,2","0.011164568","false","9.7574649244771496","9.7574649244771496","3","0.25","0","9.7574649244771496","0","true"
"Specification-AllCostsSunk__Cost-2__Fee-American","1","67","0","P","7","14","P Offer","P Liability Signal: 7;P Files: 1;D Answers: 1;P Abandons: 2","7,1,1,2","0.011164568","false","9.7574649244771496","9.7574649244771496","4","0.35","0","9.7574649244771496","0","true"
"Specification-AllCostsSunk__Cost-2__Fee-American","1","67","0","P","7","14","P Offer","P Liability Signal: 7;P Files: 1;D Answers: 1;P Abandons: 2","7,1,1,2","0.011164568","false","9.7574649244771496","9.7574649244771496","5","0.45","0","9.7574649244771496","0","true"
"Specification-AllCostsSunk__Cost-2__Fee-American","1","67","0","P","7","14","P Offer","P Liability Signal: 7;P Files: 1;D Answers: 1;P Abandons: 2","7,1,1,2","0.011164568","false","9.7574649244771496","9.7574649244771496","6","0.55","0","9.7574649244771496","0","true"
"Specification-AllCostsSunk__Cost-2__Fee-American","1","67","0","P","7","14","P Offer","P Liability Signal: 7;P Files: 1;D Answers: 1;P Abandons: 2","7,1,1,2","0.011164568","false","9.7574649244771496","9.7574649244771496","7","0.65","0","9.7574649244771496","0","true"
"Specification-AllCostsSunk__Cost-2__Fee-American","1","67","0","P","7","14","P Offer","P Liability Signal: 7;P Files: 1;D Answers: 1;P Abandons: 2","7,1,1,2","0.011164568","false","9.7574649244771496","9.7574649244771496","8","0.75","0","9.7574649244771496","0","true"
"Specification-AllCostsSunk__Cost-2__Fee-American","1","67","0","P","7","14","P Offer","P Liability Signal: 7;P Files: 1;D Answers: 1;P Abandons: 2","7,1,1,2","0.011164568","false","9.7574649244771496","9.7574649244771496","9","0.85","0","9.7574649244771496","0","true"
"Specification-AllCostsSunk__Cost-2__Fee-American","1","67","0","P","7","14","P Offer","P Liability Signal: 7;P Files: 1;D Answers: 1;P Abandons: 2","7,1,1,2","0.011164568","false","9.7574649244771496","9.7574649244771496","10","0.95","1","9.7574649244771496","0","true"
"Specification-AllCostsSunk__Cost-2__Fee-American","1","68","0","P","2","9","P Files","P Liability Signal: 8","8","0.10618","false","10.369784315999999","10.369784315999999","1","Yes","1","10.369784315999999","0","true"
"Specification-AllCostsSunk__Cost-2__Fee-American","1","68","0","P","2","9","P Files","P Liability Signal: 8","8","0.10618","false","10.369784315999999","10.369784315999999","2","No","0","9.9999999999999982","0.3697843160000005","false"
"Specification-AllCostsSunk__Cost-2__Fee-American","1","69","0","P","5","20","P Abandons","P Liability Signal: 8;P Files: 1;D Answers: 1","8,1,1","0.0058324673999999993","false","9.8499238303295122","9.8499238303295122","1","Yes","0","9.4050000000000029","0.44492383032950933","false"
"Specification-AllCostsSunk__Cost-2__Fee-American","1","69","0","P","5","20","P Abandons","P Liability Signal: 8;P Files: 1;D Answers: 1","8,1,1","0.0058324673999999993","false","9.8499238303295122","9.8499238303295122","2","No","1","9.8499238303295122","0","true"
"Specification-AllCostsSunk__Cost-2__Fee-American","1","70","0","P","7","14","P Offer","P Liability Signal: 8;P Files: 1;D Answers: 1;P Abandons: 1","8,1,1,1","0","true","","","1","0.05","0.10000000000000001","","",""
"Specification-AllCostsSunk__Cost-2__Fee-American","1","70","0","P","7","14","P Offer","P Liability Signal: 8;P Files: 1;D Answers: 1;P Abandons: 1","8,1,1,1","0","true","","","2","0.15","0.10000000000000001","","",""
"Specification-AllCostsSunk__Cost-2__Fee-American","1","70","0","P","7","14","P Offer","P Liability Signal: 8;P Files: 1;D Answers: 1;P Abandons: 1","8,1,1,1","0","true","","","3","0.25","0.10000000000000001","","",""
"Specification-AllCostsSunk__Cost-2__Fee-American","1","70","0","P","7","14","P Offer","P Liability Signal: 8;P Files: 1;D Answers: 1;P Abandons: 1","8,1,1,1","0","true","","","4","0.35","0.10000000000000001","","",""
"Specification-AllCostsSunk__Cost-2__Fee-American","1","70","0","P","7","14","P Offer","P Liability Signal: 8;P Files: 1;D Answers: 1;P Abandons: 1","8,1,1,1","0","true","","","5","0.45","0.10000000000000001","","",""
"Specification-AllCostsSunk__Cost-2__Fee-American","1","70","0","P","7","14","P Offer","P Liability Signal: 8;P Files: 1;D Answers: 1;P Abandons: 1","8,1,1,1","0","true","","","6","0.55","0.10000000000000001","","",""
"Specification-AllCostsSunk__Cost-2__Fee-American","1","70","0","P","7","14","P Offer","P Liability Signal: 8;P Files: 1;D Answers: 1;P Abandons: 1","8,1,1,1","0","true","","","7","0.65","0.10000000000000001","","",""
"Specification-AllCostsSunk__Cost-2__Fee-American","1","70","0","P","7","14","P Offer","P Liability Signal: 8;P Files: 1;D Answers: 1;P Abandons: 1","8,1,1,1","0","true","","","8","0.75","0.10000000000000001","","",""
"Specification-AllCostsSunk__Cost-2__Fee-American","1","70","0","P","7","14","P Offer","P Liability Signal: 8;P Files: 1;D Answers: 1;P Abandons: 1","8,1,1,1","0","true","","","9","0.85","0.10000000000000001","","",""
"Specification-AllCostsSunk__Cost-2__Fee-American","1","70","0","P","7","14","P Offer","P Liability Signal: 8;P Files: 1;D Answers: 1;P Abandons: 1","8,1,1,1","0","true","","","10","0.95","0.10000000000000001","","",""
"Specification-AllCostsSunk__Cost-2__Fee-American","1","71","0","P","7","14","P Offer","P Liability Signal: 8;P Files: 1;D Answers: 1;P Abandons: 2","8,1,1,2","0.0058324673999999993","false","9.8499238303295122","9.8499238303295122","1","0.05","0","9.4499999999999993","0.39992383032951295","false"
"Specification-AllCostsSunk__Cost-2__Fee-American","1","71","0","P","7","14","P Offer","P Liability Signal: 8;P Files: 1;D Answers: 1;P Abandons: 2","8,1,1,2","0.0058324673999999993","false","9.8499238303295122","9.8499238303295122","2","0.15","0","9.8499238303295122","0","true"
"Specification-AllCostsSunk__Cost-2__Fee-American","1","71","0","P","7","14","P Offer","P Liability Signal: 8;P Files: 1;D Answers: 1;P Abandons: 2","8,1,1,2","0.0058324673999999993","false","9.8499238303295122","9.8499238303295122","3","0.25","0","9.8499238303295122","0","true"
"Specification-AllCostsSunk__Cost-2__Fee-American","1","71","0","P","7","14","P Offer","P Liability Signal: 8;P Files: 1;D Answers: 1;P Abandons: 2","8,1,1,2","0.0058324673999999993","false","9.8499238303295122","9.8499238303295122","4","0.35","0","9.8499238303295122","0","true"
"Specification-AllCostsSunk__Cost-2__Fee-American","1","71","0","P","7","14","P Offer","P Liability Signal: 8;P Files: 1;D Answers: 1;P Abandons: 2","8,1,1,2","0.0058324673999999993","false","9.8499238303295122","9.8499238303295122","5","0.45","0","9.8499238303295122","0","true"
"Specification-AllCostsSunk__Cost-2__Fee-American","1","71","0","P","7","14","P Offer","P Liability Signal: 8;P Files: 1;D Answers: 1;P Abandons: 2","8,1,1,2","0.0058324673999999993","false","9.8499238303295122","9.8499238303295122","6","0.55","0","9.8499238303295122","0","true"
"Specification-AllCostsSunk__Cost-2__Fee-American","1","71","0","P","7","14","P Offer","P Liability Signal: 8;P Files: 1;D Answers: 1;P Abandons: 2","8,1,1,2","0.0058324673999999993","false","9.8499238303295122","9.8499238303295122","7","0.65","0","9.8499238303295122","0","true"
"Specification-AllCostsSunk__Cost-2__Fee-American","1","71","0","P","7","14","P Offer","P Liability Signal: 8;P Files: 1;D Answers: 1;P Abandons: 2","8,1,1,2","0.0058324673999999993","false","9.8499238303295122","9.8499238303295122","8","0.75","0","9.8499238303295122","0","true"
"Specification-AllCostsSunk__Cost-2__Fee-American","1","71","0","P","7","14","P Offer","P Liability Signal: 8;P Files: 1;D Answers: 1;P Abandons: 2","8,1,1,2","0.0058324673999999993","false","9.8499238303295122","9.8499238303295122","9","0.85","0","9.8499238303295122","0","true"
"Specification-AllCostsSunk__Cost-2__Fee-American","1","71","0","P","7","14","P Offer","P Liability Signal: 8;P Files: 1;D Answers: 1;P Abandons: 2","8,1,1,2","0.0058324673999999993","false","9.8499238303295122","9.8499238303295122","10","0.95","1","9.8499238303295122","0","true"
"Specification-AllCostsSunk__Cost-2__Fee-American","1","72","0","P","2","9","P Files","P Liability Signal: 9","9","0.097680000000000003","false","10.3870291032","10.3870291032","1","Yes","1","10.3870291032","0","true"
"Specification-AllCostsSunk__Cost-2__Fee-American","1","72","0","P","2","9","P Files","P Liability Signal: 9","9","0.097680000000000003","false","10.3870291032","10.3870291032","2","No","0","10","0.38702910319999972","false"
"Specification-AllCostsSunk__Cost-2__Fee-American","1","73","0","P","5","20","P Abandons","P Liability Signal: 9;P Files: 1;D Answers: 1","9,1,1","0.0027848567999999999","false","9.9450404489652762","9.9450404489652762","1","Yes","0","9.4050000000000011","0.54004044896527503","false"
"Specification-AllCostsSunk__Cost-2__Fee-American","1","73","0","P","5","20","P Abandons","P Liability Signal: 9;P Files: 1;D Answers: 1","9,1,1","0.0027848567999999999","false","9.9450404489652762","9.9450404489652762","2","No","1","9.9450404489652762","0","true"
"Specification-AllCostsSunk__Cost-2__Fee-American","1","74","0","P","7","14","P Offer","P Liability Signal: 9;P Files: 1;D Answers: 1;P Abandons: 1","9,1,1,1","0","true","","","1","0.05","0.10000000000000001","","",""
"Specification-AllCostsSunk__Cost-2__Fee-American","1","74","0","P","7","14","P Offer","P Liability Signal: 9;P Files: 1;D Answers: 1;P Abandons: 1","9,1,1,1","0","true","","","2","0.15","0.10000000000000001","","",""
"Specification-AllCostsSunk__Cost-2__Fee-American","1","74","0","P","7","14","P Offer","P Liability Signal: 9;P Files: 1;D Answers: 1;P Abandons: 1","9,1,1,1","0","true","","","3","0.25","0.10000000000000001","","",""
"Specification-AllCostsSunk__Cost-2__Fee-American","1","74","0","P","7","14","P Offer","P Liability Signal: 9;P Files: 1;D Answers: 1;P Abandons: 1","9,1,1,1","0","true","","","4","0.35","0.10000000000000001","","",""
"Specification-AllCostsSunk__Cost-2__Fee-American","1","74","0","P","7","14","P Offer","P Liability Signal: 9;P Files: 1;D Answers: 1;P Abandons: 1","9,1,1,1","0","true","","","5","0.45","0.10000000000000001","","",""
"Specification-AllCostsSunk__Cost-2__Fee-American","1","74","0","P","7","14","P Offer","P Liability Signal: 9;P Files: 1;D Answers: 1;P Abandons: 1","9,1,1,1","0","true","","","6","0.55","0.10000000000000001","","",""
"Specification-AllCostsSunk__Cost-2__Fee-American","1","74","0","P","7","14","P Offer","P Liability Signal: 9;P Files: 1;D Answers: 1;P Abandons: 1","9,1,1,1","0","true","","","7","0.65","0.10000000000000001","","",""
"Specification-AllCostsSunk__Cost-2__Fee-American","1","74","0","P","7","14","P Offer","P Liability Signal: 9;P Files: 1;D Answers: 1;P Abandons: 1","9,1,1,1","0","true","","","8","0.75","0.10000000000000001","","",""
"Specification-AllCostsSunk__Cost-2__Fee-American","1","74","0","P","7","14","P Offer","P Liability Signal: 9;P Files: 1;D Answers: 1;P Abandons: 1","9,1,1,1","0","true","","","9","0.85","0.10000000000000001","","",""
"Specification-AllCostsSunk__Cost-2__Fee-American","1","74","0","P","7","14","P Offer","P Liability Signal: 9;P Files: 1;D Answers: 1;P Abandons: 1","9,1,1,1","0","true","","","10","0.95","0.10000000000000001","","",""
"Specification-AllCostsSunk__Cost-2__Fee-American","1","75","0","P","7","14","P Offer","P Liability Signal: 9;P Files: 1;D Answers: 1;P Abandons: 2","9,1,1,2","0.0027848567999999999","false","9.9450404489652762","9.9450404489652762","1","0.05","0","9.4500000000000011","0.4950404489652751","false"
"Specification-AllCostsSunk__Cost-2__Fee-American","1","75","0","P","7","14","P Offer","P Liability Signal: 9;P Files: 1;D Answers: 1;P Abandons: 2","9,1,1,2","0.0027848567999999999","false","9.9450404489652762","9.9450404489652762","2","0.15","0","9.9450404489652762","0","true"
"Specification-AllCostsSunk__Cost-2__Fee-American","1","75","0","P","7","14","P Offer","P Liability Signal: 9;P Files: 1;D Answers: 1;P Abandons: 2","9,1,1,2","0.0027848567999999999","false","9.9450404489652762","9.9450404489652762","3","0.25","0","9.9450404489652762","0","true"
"Specification-AllCostsSunk__Cost-2__Fee-American","1","75","0","P","7","14","P Offer","P Liability Signal: 9;P Files: 1;D Answers: 1;P Abandons: 2","9,1,1,2","0.0027848567999999999","false","9.9450404489652762","9.9450404489652762","4","0.35","0","9.9450404489652762","0","true"
"Specification-AllCostsSunk__Cost-2__Fee-American","1","75","0","P","7","14","P Offer","P Liability Signal: 9;P Files: 1;D Answers: 1;P Abandons: 2","9,1,1,2","0.0027848567999999999","false","9.9450404489652762","9.9450404489652762","5","0.45","0","9.9450404489652762","0","true"
"Specification-AllCostsSunk__Cost-2__Fee-American","1","75","0","P","7","14","P Offer","P Liability Signal: 9;P Files: 1;D Answers: 1;P Abandons: 2","9,1,1,2","0.0027848567999999999","false","9.9450404489652762","9.9450404489652762","6","0.55","0","9.9450404489652762","0","true"
"Specification-AllCostsSunk__Cost-2__Fee-American","1","75","0","P","7","14","P Offer","P Liability Signal: 9;P Files: 1;D Answers: 1;P Abandons: 2","9,1,1,2","0.0027848567999999999","false","9.9450404489652762","9.9450404489652762","7","0.65","0","9.9450404489652762","0","true"
"Specification-AllCostsSunk__Cost-2__Fee-American","1","75","0","P","7","14","P Offer","P Liability Signal: 9;P Files: 1;D Answers: 1;P Abandons: 2","9,1,1,2","0.0027848567999999999","false","9.9450404489652762","9.9450404489652762","8","0.75","0","9.9450404489652762","0","true"
"Specification-AllCostsSunk__Cost-2__Fee-American","1","75","0","P","7","14","P Offer","P Liability Signal: 9;P Files: 1;D Answers: 1;P Abandons: 2","9,1,1,2","0.0027848567999999999","false","9.9450404489652762","9.9450404489652762","9","0.85","0","9.9450404489652762","0","true"
"Specification-AllCostsSunk__Cost-2__Fee-American","1","75","0","P","7","14","P Offer","P Liability Signal: 9;P Files: 1;D Answers: 1;P Abandons: 2","9,1,1,2","0.0027848567999999999","false","9.9450404489652762","9.9450404489652762","10","0.95","1","9.9450404489652762","0","true"
"Specification-AllCostsSunk__Cost-2__Fee-American","1","76","0","P","2","9","P Files","P Liability Signal: 10","10","0.080430000000000001","false","10.39452442","10.39452442","1","Yes","1","10.39452442","0","true"
"Specification-AllCostsSunk__Cost-2__Fee-American","1","76","0","P","2","9","P Files","P Liability Signal: 10","10","0.080430000000000001","false","10.39452442","10.39452442","2","No","0","10","0.39452441999999976","false"
"Specification-AllCostsSunk__Cost-2__Fee-American","1","77","0","P","5","20","P Abandons","P Liability Signal: 10;P Files: 1;D Answers: 1","10,1,1","0.0012136886999999999","false","10.037138502319417","10.037138502319417","1","Yes","0","9.4050000000000029","0.63213850231941393","false"
"Specification-AllCostsSunk__Cost-2__Fee-American","1","77","0","P","5","20","P Abandons","P Liability Signal: 10;P Files: 1;D Answers: 1","10,1,1","0.0012136886999999999","false","10.037138502319417","10.037138502319417","2","No","1","10.037138502319417","0","true"
"Specification-AllCostsSunk__Cost-2__Fee-American","1","78","0","P","7","14","P Offer","P Liability Signal: 10;P Files: 1;D Answers: 1;P Abandons: 1","10,1,1,1","0","true","","","1","0.05","0.10000000000000001","","",""
"Specification-AllCostsSunk__Cost-2__Fee-American","1","78","0","P","7","14","P Offer","P Liability Signal: 10;P Files: 1;D Answers: 1;P Abandons: 1","10,1,1,1","0","true","","","2","0.15","0.10000000000000001","","",""
"Specification-AllCostsSunk__Cost-2__Fee-American","1","78","0","P","7","14","P Offer","P Liability Signal: 10;P Files: 1;D Answers: 1;P Abandons: 1","10,1,1,1","0","true","","","3","0.25","0.10000000000000001","","",""
"Specification-AllCostsSunk__Cost-2__Fee-American","1","78","0","P","7","14","P Offer","P Liability Signal: 10;P Files: 1;D Answers: 1;P Abandons: 1","10,1,1,1","0","true","","","4","0.35","0.10000000000000001","","",""
"Specification-AllCostsSunk__Cost-2__Fee-American","1","78","0","P","7","14","P Offer","P Liability Signal: 10;P Files: 1;D Answers: 1;P Abandons: 1","10,1,1,1","0","true","","","5","0.45","0.10000000000000001","","",""
"Specification-AllCostsSunk__Cost-2__Fee-American","1","78","0","P","7","14","P Offer","P Liability Signal: 10;P Files: 1;D Answers: 1;P Abandons: 1","10,1,1,1","0","true","","","6","0.55","0.10000000000000001","","",""
"Specification-AllCostsSunk__Cost-2__Fee-American","1","78","0","P","7","14","P Offer","P Liability Signal: 10;P Files: 1;D Answers: 1;P Abandons: 1","10,1,1,1","0","true","","","7","0.65","0.10000000000000001","","",""
"Specification-AllCostsSunk__Cost-2__Fee-American","1","78","0","P","7","14","P Offer","P Liability Signal: 10;P Files: 1;D Answers: 1;P Abandons: 1","10,1,1,1","0","true","","","8","0.75","0.10000000000000001","","",""
"Specification-AllCostsSunk__Cost-2__Fee-American","1","78","0","P","7","14","P Offer","P Liability Signal: 10;P Files: 1;D Answers: 1;P Abandons: 1","10,1,1,1","0","true","","","9","0.85","0.10000000000000001","","",""
"Specification-AllCostsSunk__Cost-2__Fee-American","1","78","0","P","7","14","P Offer","P Liability Signal: 10;P Files: 1;D Answers: 1;P Abandons: 1","10,1,1,1","0","true","","","10","0.95","0.10000000000000001","","",""
"Specification-AllCostsSunk__Cost-2__Fee-American","1","79","0","P","7","14","P Offer","P Liability Signal: 10;P Files: 1;D Answers: 1;P Abandons: 2","10,1,1,2","0.0012136886999999999","false","10.037138502319417","10.037138502319417","1","0.05","0","9.4500000000000011","0.58713850231941578","false"
"Specification-AllCostsSunk__Cost-2__Fee-American","1","79","0","P","7","14","P Offer","P Liability Signal: 10;P Files: 1;D Answers: 1;P Abandons: 2","10,1,1,2","0.0012136886999999999","false","10.037138502319417","10.037138502319417","2","0.15","0","10.037138502319417","0","true"
"Specification-AllCostsSunk__Cost-2__Fee-American","1","79","0","P","7","14","P Offer","P Liability Signal: 10;P Files: 1;D Answers: 1;P Abandons: 2","10,1,1,2","0.0012136886999999999","false","10.037138502319417","10.037138502319417","3","0.25","0","10.037138502319417","0","true"
"Specification-AllCostsSunk__Cost-2__Fee-American","1","79","0","P","7","14","P Offer","P Liability Signal: 10;P Files: 1;D Answers: 1;P Abandons: 2","10,1,1,2","0.0012136886999999999","false","10.037138502319417","10.037138502319417","4","0.35","0","10.037138502319417","0","true"
"Specification-AllCostsSunk__Cost-2__Fee-American","1","79","0","P","7","14","P Offer","P Liability Signal: 10;P Files: 1;D Answers: 1;P Abandons: 2","10,1,1,2","0.0012136886999999999","false","10.037138502319417","10.037138502319417","5","0.45","0","10.037138502319417","0","true"
"Specification-AllCostsSunk__Cost-2__Fee-American","1","79","0","P","7","14","P Offer","P Liability Signal: 10;P Files: 1;D Answers: 1;P Abandons: 2","10,1,1,2","0.0012136886999999999","false","10.037138502319417","10.037138502319417","6","0.55","0","10.037138502319417","0","true"
"Specification-AllCostsSunk__Cost-2__Fee-American","1","79","0","P","7","14","P Offer","P Liability Signal: 10;P Files: 1;D Answers: 1;P Abandons: 2","10,1,1,2","0.0012136886999999999","false","10.037138502319417","10.037138502319417","7","0.65","0","10.037138502319417","0","true"
"Specification-AllCostsSunk__Cost-2__Fee-American","1","79","0","P","7","14","P Offer","P Liability Signal: 10;P Files: 1;D Answers: 1;P Abandons: 2","10,1,1,2","0.0012136886999999999","false","10.037138502319417","10.037138502319417","8","0.75","0","10.037138502319417","0","true"
"Specification-AllCostsSunk__Cost-2__Fee-American","1","79","0","P","7","14","P Offer","P Liability Signal: 10;P Files: 1;D Answers: 1;P Abandons: 2","10,1,1,2","0.0012136886999999999","false","10.037138502319417","10.037138502319417","9","0.85","0","10.037138502319417","0","true"
"Specification-AllCostsSunk__Cost-2__Fee-American","1","79","0","P","7","14","P Offer","P Liability Signal: 10;P Files: 1;D Answers: 1;P Abandons: 2","10,1,1,2","0.0012136886999999999","false","10.037138502319417","10.037138502319417","10","0.95","1","10.037138502319417","0","true"
"Specification-AllCostsSunk__Cost-2__Fee-American","1","1","1","D","3","10","D Answers","D Liability Signal: 1;P Files: 1","1,1","0.026063808599999998","false","9.2535713110325428","9.2535713110325428","1","Yes","1","9.2535713110325428","0","true"
"Specification-AllCostsSunk__Cost-2__Fee-American","1","1","1","D","3","10","D Answers","D Liability Signal: 1;P Files: 1","1,1","0.026063808599999998","false","9.2535713110325428","9.2535713110325428","2","No","0","9","0.25357131103254282","false"
"Specification-AllCostsSunk__Cost-2__Fee-American","1","3","1","D","6","21","D Defaults","D Liability Signal: 1;P Files: 1;D Answers: 1","1,1,1","0.026063808599999998","false","9.2535713110325428","9.2535713110325428","1","Yes","0","8.4384878103731946","0.8150835006593482","false"
"Specification-AllCostsSunk__Cost-2__Fee-American","1","3","1","D","6","21","D Defaults","D Liability Signal: 1;P Files: 1;D Answers: 1","1,1,1","0.026063808599999998","false","9.2535713110325428","9.2535713110325428","2","No","1","9.2535713110325428","0","true"
"Specification-AllCostsSunk__Cost-2__Fee-American","1","5","1","D","8","15","D Offer","D Liability Signal: 1;P Files: 1;D Answers: 1;D Defaults: 1","1,1,1,1","0","true","","","1","0.05","0.10000000000000001","","",""
"Specification-AllCostsSunk__Cost-2__Fee-American","1","5","1","D","8","15","D Offer","D Liability Signal: 1;P Files: 1;D Answers: 1;D Defaults: 1","1,1,1,1","0","true","","","2","0.15","0.10000000000000001","","",""
"Specification-AllCostsSunk__Cost-2__Fee-American","1","5","1","D","8","15","D Offer","D Liability Signal: 1;P Files: 1;D Answers: 1;D Defaults: 1","1,1,1,1","0","true","","","3","0.25","0.10000000000000001","","",""
"Specification-AllCostsSunk__Cost-2__Fee-American","1","5","1","D","8","15","D Offer","D Liability Signal: 1;P Files: 1;D Answers: 1;D Defaults: 1","1,1,1,1","0","true","","","4","0.35","0.10000000000000001","","",""
"Specification-AllCostsSunk__Cost-2__Fee-American","1","5","1","D","8","15","D Offer","D Liability Signal: 1;P Files: 1;D Answers: 1;D Defaults: 1","1,1,1,1","0","true","","","5","0.45","0.10000000000000001","","",""
"Specification-AllCostsSunk__Cost-2__Fee-American","1","5","1","D","8","15","D Offer","D Liability Signal: 1;P Files: 1;D Answers: 1;D Defaults: 1","1,1,1,1","0","true","","","6","0.55","0.10000000000000001","","",""
"Specification-AllCostsSunk__Cost-2__Fee-American","1","5","1","D","8","15","D Offer","D Liability Signal: 1;P Files: 1;D Answers: 1;D Defaults: 1","1,1,1,1","0","true","","","7","0.65","0.10000000000000001","","",""
"Specification-AllCostsSunk__Cost-2__Fee-American","1","5","1","D","8","15","D Offer","D Liability Signal: 1;P Files: 1;D Answers: 1;D Defaults: 1","1,1,1,1","0","true","","","8","0.75","0.10000000000000001","","",""
"Specification-AllCostsSunk__Cost-2__Fee-American","1","5","1","D","8","15","D Offer","D Liability Signal: 1;P Files: 1;D Answers: 1;D Defaults: 1","1,1,1,1","0","true","","","9","0.85","0.10000000000000001","","",""
"Specification-AllCostsSunk__Cost-2__Fee-American","1","5","1","D","8","15","D Offer","D Liability Signal: 1;P Files: 1;D Answers: 1;D Defaults: 1","1,1,1,1","0","true","","","10","0.95","0.10000000000000001","","",""
"Specification-AllCostsSunk__Cost-2__Fee-American","1","6","1","D","8","15","D Offer","D Liability Signal: 1;P Files: 1;D Answers: 1;D Defaults: 2","1,1,1,2","0.026063808599999998","false","9.2535713110325428","9.2535713110325428","1","0.05","1","9.2535713110325428","0","true"
"Specification-AllCostsSunk__Cost-2__Fee-American","1","6","1","D","8","15","D Offer","D Liability Signal: 1;P Files: 1;D Answers: 1;D Defaults: 2","1,1,1,2","0.026063808599999998","false","9.2535713110325428","9.2535713110325428","2","0.15","0","9.2535713110325428","0","true"
"Specification-AllCostsSunk__Cost-2__Fee-American","1","6","1","D","8","15","D Offer","D Liability Signal: 1;P Files: 1;D Answers: 1;D Defaults: 2","1,1,1,2","0.026063808599999998","false","9.2535713110325428","9.2535713110325428","3","0.25","0","9.2535713110325428","0","true"
"Specification-AllCostsSunk__Cost-2__Fee-American","1","6","1","D","8","15","D Offer","D Liability Signal: 1;P Files: 1;D Answers: 1;D Defaults: 2","1,1,1,2","0.026063808599999998","false","9.2535713110325428","9.2535713110325428","4","0.35","0","9.2535713110325428","0","true"
"Specification-AllCostsSunk__Cost-2__Fee-American","1","6","1","D","8","15","D Offer","D Liability Signal: 1;P Files: 1;D Answers: 1;D Defaults: 2","1,1,1,2","0.026063808599999998","false","9.2535713110325428","9.2535713110325428","5","0.45","0","9.2535713110325428","0","true"
"Specification-AllCostsSunk__Cost-2__Fee-American","1","6","1","D","8","15","D Offer","D Liability Signal: 1;P Files: 1;D Answers: 1;D Defaults: 2","1,1,1,2","0.026063808599999998","false","9.2535713110325428","9.2535713110325428","6","0.55","0","9.2535713110325428","0","true"
"Specification-AllCostsSunk__Cost-2__Fee-American","1","6","1","D","8","15","D Offer","D Liability Signal: 1;P Files: 1;D Answers: 1;D Defaults: 2","1,1,1,2","0.026063808599999998","false","9.2535713110325428","9.2535713110325428","7","0.65","0","9.2535713110325428","0","true"
"Specification-AllCostsSunk__Cost-2__Fee-American","1","6","1","D","8","15","D Offer","D Liability Signal: 1;P Files: 1;D Answers: 1;D Defaults: 2","1,1,1,2","0.026063808599999998","false","9.2535713110325428","9.2535713110325428","8","0.75","0","8.9593257281517662","0.29424558288077662","false"
"Specification-AllCostsSunk__Cost-2__Fee-American","1","6","1","D","8","15","D Offer","D Liability Signal: 1;P Files: 1;D Answers: 1;D Defaults: 2","1,1,1,2","0.026063808599999998","false","9.2535713110325428","9.2535713110325428","9","0.85","0","8.6382959453262416","0.61527536570630126","false"
"Specification-AllCostsSunk__Cost-2__Fee-American","1","6","1","D","8","15","D Offer","D Liability Signal: 1;P Files: 1;D Answers: 1;D Defaults: 2","1,1,1,2","0.026063808599999998","false","9.2535713110325428","9.2535713110325428","10","0.95","0","8.5167354578409551","0.73683585319158773","false"
"Specification-AllCostsSunk__Cost-2__Fee-American","1","8","1","D","3","10","D Answers","D Liability Signal: 2;P Files: 1","2,1","0.038168922899999999","false","9.1903192145496995","9.1903192145496995","1","Yes","1","9.1903192145496995","0","true"
"Specification-AllCostsSunk__Cost-2__Fee-American","1","8","1","D","3","10","D Answers","D Liability Signal: 2;P Files: 1","2,1","0.038168922899999999","false","9.1903192145496995","9.1903192145496995","2","No","0","9","0.19031921454969947","false"
"Specification-AllCostsSunk__Cost-2__Fee-American","1","9","1","D","6","21","D Defaults","D Liability Signal: 2;P Files: 1;D Answers: 1","2,1,1","0.038168922899999999","false","9.1903192145496995","9.1903192145496995","1","Yes","0","8.4356194540270888","0.75469976052261067","false"
"Specification-AllCostsSunk__Cost-2__Fee-American","1","9","1","D","6","21","D Defaults","D Liability Signal: 2;P Files: 1;D Answers: 1","2,1,1","0.038168922899999999","false","9.1903192145496995","9.1903192145496995","2","No","1","9.1903192145496995","0","true"
"Specification-AllCostsSunk__Cost-2__Fee-American","1","10","1","D","8","15","D Offer","D Liability Signal: 2;P Files: 1;D Answers: 1;D Defaults: 1","2,1,1,1","0","true","","","1","0.05","0.10000000000000001","","",""
"Specification-AllCostsSunk__Cost-2__Fee-American","1","10","1","D","8","15","D Offer","D Liability Signal: 2;P Files: 1;D Answers: 1;D Defaults: 1","2,1,1,1","0","true","","","2","0.15","0.10000000000000001","","",""
"Specification-AllCostsSunk__Cost-2__Fee-American","1","10","1","D","8","15","D Offer","D Liability Signal: 2;P Files: 1;D Answers: 1;D Defaults: 1","2,1,1,1","0","true","","","3","0.25","0.10000000000000001","","",""
"Specification-AllCostsSunk__Cost-2__Fee-American","1","10","1","D","8","15","D Offer","D Liability Signal: 2;P Files: 1;D Answers: 1;D Defaults: 1","2,1,1,1","0","true","","","4","0.35","0.10000000000000001","","",""
"Specification-AllCostsSunk__Cost-2__Fee-American","1","10","1","D","8","15","D Offer","D Liability Signal: 2;P Files: 1;D Answers: 1;D Defaults: 1","2,1,1,1","0","true","","","5","0.45","0.10000000000000001","","",""
"Specification-AllCostsSunk__Cost-2__Fee-American","1","10","1","D","8","15","D Offer","D Liability Signal: 2;P Files: 1;D Answers: 1;D Defaults: 1","2,1,1,1","0","true","","","6","0.55","0.10000000000000001","","",""
"Specification-AllCostsSunk__Cost-2__Fee-American","1","10","1","D","8","15","D Offer","D Liability Signal: 2;P Files: 1;D Answers: 1;D Defaults: 1","2,1,1,1","0","true","","","7","0.65","0.10000000000000001","","",""
"Specification-AllCostsSunk__Cost-2__Fee-American","1","10","1","D","8","15","D Offer","D Liability Signal: 2;P Files: 1;D Answers: 1;D Defaults: 1","2,1,1,1","0","true","","","8","0.75","0.10000000000000001","","",""
"Specification-AllCostsSunk__Cost-2__Fee-American","1","10","1","D","8","15","D Offer","D Liability Signal: 2;P Files: 1;D Answers: 1;D Defaults: 1","2,1,1,1","0","true","","","9","0.85","0.10000000000000001","","",""
"Specification-AllCostsSunk__Cost-2__Fee-American","1","10","1","D","8","15","D Offer","D Liability Signal: 2;P Files: 1;D Answers: 1;D Defaults: 1","2,1,1,1","0","true","","","10","0.95","0.10000000000000001","","",""
"Specification-AllCostsSunk__Cost-2__Fee-American","1","11","1","D","8","15","D Offer","D Liability Signal: 2;P Files: 1;D Answers: 1;D Defaults: 2","2,1,1,2","0.038168922899999999","false","9.1903192145496995","9.1903192145496995","1","0.05","1","9.1903192145496995","0","true"
"Specification-AllCostsSunk__Cost-2__Fee-American","1","11","1","D","8","15","D Offer","D Liability Signal: 2;P Files: 1;D Answers: 1;D Defaults: 2","2,1,1,2","0.038168922899999999","false","9.1903192145496995","9.1903192145496995","2","0.15","0","9.1903192145496995","0","true"
"Specification-AllCostsSunk__Cost-2__Fee-American","1","11","1","D","8","15","D Offer","D Liability Signal: 2;P Files: 1;D Answers: 1;D Defaults: 2","2,1,1,2","0.038168922899999999","false","9.1903192145496995","9.1903192145496995","3","0.25","0","9.1903192145496995","0","true"
"Specification-AllCostsSunk__Cost-2__Fee-American","1","11","1","D","8","15","D Offer","D Liability Signal: 2;P Files: 1;D Answers: 1;D Defaults: 2","2,1,1,2","0.038168922899999999","false","9.1903192145496995","9.1903192145496995","4","0.35","0","9.1903192145496995","0","true"
"Specification-AllCostsSunk__Cost-2__Fee-American","1","11","1","D","8","15","D Offer","D Liability Signal: 2;P Files: 1;D Answers: 1;D Defaults: 2","2,1,1,2","0.038168922899999999","false","9.1903192145496995","9.1903192145496995","5","0.45","0","9.1903192145496995","0","true"
"Specification-AllCostsSunk__Cost-2__Fee-American","1","11","1","D","8","15","D Offer","D Liability Signal: 2;P Files: 1;D Answers: 1;D Defaults: 2","2,1,1,2","0.038168922899999999","false","9.1903192145496995","9.1903192145496995","6","0.55","0","9.1903192145496995","0","true"
"Specification-AllCostsSunk__Cost-2__Fee-American","1","11","1","D","8","15","D Offer","D Liability Signal: 2;P Files: 1;D Answers: 1;D Defaults: 2","2,1,1,2","0.038168922899999999","false","9.1903192145496995","9.1903192145496995","7","0.65","0","9.1903192145496995","0","true"
"Specification-AllCostsSunk__Cost-2__Fee-American","1","11","1","D","8","15","D Offer","D Liability Signal: 2;P Files: 1;D Answers: 1;D Defaults: 2","2,1,1,2","0.038168922899999999","false","9.1903192145496995","9.1903192145496995","8","0.75","0","8.9468821969816723","0.24343701756802716","false"
"Specification-AllCostsSunk__Cost-2__Fee-American","1","11","1","D","8","15","D Offer","D Liability Signal: 2;P Files: 1;D Answers: 1;D Defaults: 2","2,1,1,2","0.038168922899999999","false","9.1903192145496995","9.1903192145496995","9","0.85","0","8.6463372742010502","0.54398194034864922","false"
"Specification-AllCostsSunk__Cost-2__Fee-American","1","11","1","D","8","15","D Offer","D Liability Signal: 2;P Files: 1;D Answers: 1;D Defaults: 2","2,1,1,2","0.038168922899999999","false","9.1903192145496995","9.1903192145496995","10","0.95","0","8.511658622281951","0.67866059226774844","false"
"Specification-AllCostsSunk__Cost-2__Fee-American","1","12","1","D","3","10","D Answers","D Liability Signal: 3;P Files: 1","3,1","0.051125828400000004","false","9.1047743784610589","9.1047743784610589","1","Yes","1","9.1047743784610589","0","true"
"Specification-AllCostsSunk__Cost-2__Fee-American","1","12","1","D","3","10","D Answers","D Liability Signal: 3;P Files: 1","3,1","0.051125828400000004","false","9.1047743784610589","9.1047743784610589","2","No","0","8.9999999999999982","0.10477437846106064","false"
"Specification-AllCostsSunk__Cost-2__Fee-American","1","13","1","D","6","21","D Defaults","D Liability Signal: 3;P Files: 1;D Answers: 1","3,1,1","0.051125828400000004","false","9.1047743784610589","9.1047743784610589","1","Yes","0","8.4320716666764053","0.67270271178465357","false"
"Specification-AllCostsSunk__Cost-2__Fee-American","1","13","1","D","6","21","D Defaults","D Liability Signal: 3;P Files: 1;D Answers: 1","3,1,1","0.051125828400000004","false","9.1047743784610589","9.1047743784610589","2","No","1","9.1047743784610589","0","true"
"Specification-AllCostsSunk__Cost-2__Fee-American","1","14","1","D","8","15","D Offer","D Liability Signal: 3;P Files: 1;D Answers: 1;D Defaults: 1","3,1,1,1","0","true","","","1","0.05","0.10000000000000001","","",""
"Specification-AllCostsSunk__Cost-2__Fee-American","1","14","1","D","8","15","D Offer","D Liability Signal: 3;P Files: 1;D Answers: 1;D Defaults: 1","3,1,1,1","0","true","","","2","0.15","0.10000000000000001","","",""
"Specification-AllCostsSunk__Cost-2__Fee-American","1","14","1","D","8","15","D Offer","D Liability Signal: 3;P Files: 1;D Answers: 1;D Defaults: 1","3,1,1,1","0","true","","","3","0.25","0.10000000000000001","","",""
"Specification-AllCostsSunk__Cost-2__Fee-American","1","14","1","D","8","15","D Offer","D Liability Signal: 3;P Files: 1;D Answers: 1;D Defaults: 1","3,1,1,1","0","true","","","4","0.35","0.10000000000000001","","",""
"Specification-AllCostsSunk__Cost-2__Fee-American","1","14","1","D","8","15","D Offer","D Liability Signal: 3;P Files: 1;D Answers: 1;D Defaults: 1","3,1,1,1","0","true","","","5","0.45","0.10000000000000001","","",""
"Specification-AllCostsSunk__Cost-2__Fee-American","1","14","1","D","8","15","D Offer","D Liability Signal: 3;P Files: 1;D Answers: 1;D Defaults: 1","3,1,1,1","0","true","","","6","0.55","0.10000000000000001","","",""
"Specification-AllCostsSunk__Cost-2__Fee-American","1","14","1","D","8","15","D Offer","D Liability Signal: 3;P Files: 1;D Answers: 1;D Defaults: 1","3,1,1,1","0","true","","","7","0.65","0.10000000000000001","","",""
"Specification-AllCostsSunk__Cost-2__Fee-American","1","14","1","D","8","15","D Offer","D Liability Signal: 3;P Files: 1;D Answers: 1;D Defaults: 1","3,1,1,1","0","true","","","8","0.75","0.10000000000000001","","",""
"Specification-AllCostsSunk__Cost-2__Fee-American","1","14","1","D","8","15","D Offer","D Liability Signal: 3;P Files: 1;D Answers: 1;D Defaults: 1","3,1,1,1","0","true","","","9","0.85","0.10000000000000001","","",""
"Specification-AllCostsSunk__Cost-2__Fee-American","1","14","1","D","8","15","D Offer","D Liability Signal: 3;P Files: 1;D Answers: 1;D Defaults: 1","3,1,1,1","0","true","","","10","0.95","0.10000000000000001","","",""
"Specification-AllCostsSunk__Cost-2__Fee-American","1","15","1","D","8","15","D Offer","D Liability Signal: 3;P Files: 1;D Answers: 1;D Defaults: 2","3,1,1,2","0.051125828400000004","false","9.1047743784610589","9.1047743784610589","1","0.05","1","9.1047743784610589","0","true"
"Specification-AllCostsSunk__Cost-2__Fee-American","1","15","1","D","8","15","D Offer","D Liability Signal: 3;P Files: 1;D Answers: 1;D Defaults: 2","3,1,1,2","0.051125828400000004","false","9.1047743784610589","9.1047743784610589","2","0.15","0","9.1047743784610589","0","true"
"Specification-AllCostsSunk__Cost-2__Fee-American","1","15","1","D","8","15","D Offer","D Liability Signal: 3;P Files: 1;D Answers: 1;D Defaults: 2","3,1,1,2","0.051125828400000004","false","9.1047743784610589","9.1047743784610589","3","0.25","0","9.1047743784610589","0","true"
"Specification-AllCostsSunk__Cost-2__Fee-American","1","15","1","D","8","15","D Offer","D Liability Signal: 3;P Files: 1;D Answers: 1;D Defaults: 2","3,1,1,2","0.051125828400000004","false","9.1047743784610589","9.1047743784610589","4","0.35","0","9.1047743784610589","0","true"
"Specification-AllCostsSunk__Cost-2__Fee-American","1","15","1","D","8","15","D Offer","D Liability Signal: 3;P Files: 1;D Answers: 1;D Defaults: 2","3,1,1,2","0.051125828400000004","false","9.1047743784610589","9.1047743784610589","5","0.45","0","9.1047743784610589","0","true"
"Specification-AllCostsSunk__Cost-2__Fee-American","1","15","1","D","8","15","D Offer","D Liability Signal: 3;P Files: 1;D Answers: 1;D Defaults: 2","3,1,1,2","0.051125828400000004","false","9.1047743784610589","9.1047743784610589","6","0.55","0","9.1047743784610589","0","true"
"Specification-AllCostsSunk__Cost-2__Fee-American","1","15","1","D","8","15","D Offer","D Liability Signal: 3;P Files: 1;D Answers: 1;D Defaults: 2","3,1,1,2","0.051125828400000004","false","9.1047743784610589","9.1047743784610589","7","0.65","0","9.1047743784610589","0","true"
"Specification-AllCostsSunk__Cost-2__Fee-American","1","15","1","D","8","15","D Offer","D Liability Signal: 3;P Files: 1;D Answers: 1;D Defaults: 2","3,1,1,2","0.051125828400000004","false","9.1047743784610589","9.1047743784610589","8","0.75","0","8.9175300845600134","0.18724429390104547","false"
"Specification-AllCostsSunk__Cost-2__Fee-American","1","15","1","D","8","15","D Offer","D Liability Signal: 3;P Files: 1;D Answers: 1;D Defaults: 2","3,1,1,2","0.051125828400000004","false","9.1047743784610589","9.1047743784610589","9","0.85","0","8.6509108910725985","0.45386348738846038","false"
"Specification-AllCostsSunk__Cost-2__Fee-American","1","15","1","D","8","15","D Offer","D Liability Signal: 3;P Files: 1;D Answers: 1;D Defaults: 2","3,1,1,2","0.051125828400000004","false","9.1047743784610589","9.1047743784610589","10","0.95","0","8.5052156236553014","0.59955875480575749","false"
"Specification-AllCostsSunk__Cost-2__Fee-American","1","16","1","D","3","10","D Answers","D Liability Signal: 4;P Files: 1","4,1","0.064144804499999986","false","9","9","1","Yes","0","8.6642253552591963","0.33577464474080365","false"
"Specification-AllCostsSunk__Cost-2__Fee-American","1","16","1","D","3","10","D Answers","D Liability Signal: 4;P Files: 1","4,1","0.064144804499999986","false","9","9","2","No","1","9","0","true"
"Specification-AllCostsSunk__Cost-2__Fee-American","1","17","1","D","6","21","D Defaults","D Liability Signal: 4;P Files: 1;D Answers: 1","4,1,1","0","true","","","1","Yes","0.5","","",""
"Specification-AllCostsSunk__Cost-2__Fee-American","1","17","1","D","6","21","D Defaults","D Liability Signal: 4;P Files: 1;D Answers: 1","4,1,1","0","true","","","2","No","0.5","","",""
"Specification-AllCostsSunk__Cost-2__Fee-American","1","18","1","D","8","15","D Offer","D Liability Signal: 4;P Files: 1;D Answers: 1;D Defaults: 1","4,1,1,1","0","true","","","1","0.05","0.10000000000000001","","",""
"Specification-AllCostsSunk__Cost-2__Fee-American","1","18","1","D","8","15","D Offer","D Liability Signal: 4;P Files: 1;D Answers: 1;D Defaults: 1","4,1,1,1","0","true","","","2","0.15","0.10000000000000001","","",""
"Specification-AllCostsSunk__Cost-2__Fee-American","1","18","1","D","8","15","D Offer","D Liability Signal: 4;P Files: 1;D Answers: 1;D Defaults: 1","4,1,1,1","0","true","","","3","0.25","0.10000000000000001","","",""
"Specification-AllCostsSunk__Cost-2__Fee-American","1","18","1","D","8","15","D Offer","D Liability Signal: 4;P Files: 1;D Answers: 1;D Defaults: 1","4,1,1,1","0","true","","","4","0.35","0.10000000000000001","","",""
"Specification-AllCostsSunk__Cost-2__Fee-American","1","18","1","D","8","15","D Offer","D Liability Signal: 4;P Files: 1;D Answers: 1;D Defaults: 1","4,1,1,1","0","true","","","5","0.45","0.10000000000000001","","",""
"Specification-AllCostsSunk__Cost-2__Fee-American","1","18","1","D","8","15","D Offer","D Liability Signal: 4;P Files: 1;D Answers: 1;D Defaults: 1","4,1,1,1","0","true","","","6","0.55","0.10000000000000001","","",""
"Specification-AllCostsSunk__Cost-2__Fee-American","1","18","1","D","8","15","D Offer","D Liability Signal: 4;P Files: 1;D Answers: 1;D Defaults: 1","4,1,1,1","0","true","","","7","0.65","0.10000000000000001","","",""
"Specification-AllCostsSunk__Cost-2__Fee-American","1","18","1","D","8","15","D Offer","D Liability Signal: 4;P Files: 1;D Answers: 1;D Defaults: 1","4,1,1,1","0","true","","","8","0.75","0.10000000000000001","","",""
"Specification-AllCostsSunk__Cost-2__Fee-American","1","18","1","D","8","15","D Offer","D Liability Signal: 4;P Files: 1;D Answers: 1;D Defaults: 1","4,1,1,1","0","true","","","9","0.85","0.10000000000000001","","",""
"Specification-AllCostsSunk__Cost-2__Fee-American","1","18","1","D","8","15","D Offer","D Liability Signal: 4;P Files: 1;D Answers: 1;D Defaults: 1","4,1,1,1","0","true","","","10","0.95","0.10000000000000001","","",""
"Specification-AllCostsSunk__Cost-2__Fee-American","1","19","1","D","8","15","D Offer","D Liability Signal: 4;P Files: 1;D Answers: 1;D Defaults: 2","4,1,1,2","0","true","","","1","0.05","0.10000000000000001","","",""
"Specification-AllCostsSunk__Cost-2__Fee-American","1","19","1","D","8","15","D Offer","D Liability Signal: 4;P Files: 1;D Answers: 1;D Defaults: 2","4,1,1,2","0","true","","","2","0.15","0.10000000000000001","","",""
"Specification-AllCostsSunk__Cost-2__Fee-American","1","19","1","D","8","15","D Offer","D Liability Signal: 4;P Files: 1;D Answers: 1;D Defaults: 2","4,1,1,2","0","true","","","3","0.25","0.10000000000000001","","",""
"Specification-AllCostsSunk__Cost-2__Fee-American","1","19","1","D","8","15","D Offer","D Liability Signal: 4;P Files: 1;D Answers: 1;D Defaults: 2","4,1,1,2","0","true","","","4","0.35","0.10000000000000001","","",""
"Specification-AllCostsSunk__Cost-2__Fee-American","1","19","1","D","8","15","D Offer","D Liability Signal: 4;P Files: 1;D Answers: 1;D Defaults: 2","4,1,1,2","0","true","","","5","0.45","0.10000000000000001","","",""
"Specification-AllCostsSunk__Cost-2__Fee-American","1","19","1","D","8","15","D Offer","D Liability Signal: 4;P Files: 1;D Answers: 1;D Defaults: 2","4,1,1,2","0","true","","","6","0.55","0.10000000000000001","","",""
"Specification-AllCostsSunk__Cost-2__Fee-American","1","19","1","D","8","15","D Offer","D Liability Signal: 4;P Files: 1;D Answers: 1;D Defaults: 2","4,1,1,2","0","true","","","7","0.65","0.10000000000000001","","",""
"Specification-AllCostsSunk__Cost-2__Fee-American","1","19","1","D","8","15","D Offer","D Liability Signal: 4;P Files: 1;D Answers: 1;D Defaults: 2","4,1,1,2","0","true","","","8","0.75","0.10000000000000001","","",""
"Specification-AllCostsSunk__Cost-2__Fee-American","1","19","1","D","8","15","D Offer","D Liability Signal: 4;P Files: 1;D Answers: 1;D Defaults: 2","4,1,1,2","0","true","","","9","0.85","0.10000000000000001","","",""
"Specification-AllCostsSunk__Cost-2__Fee-American","1","19","1","D","8","15","D Offer","D Liability Signal: 4;P Files: 1;D Answers: 1;D Defaults: 2","4,1,1,2","0","true","","","10","0.95","0.10000000000000001","","",""
"Specification-AllCostsSunk__Cost-2__Fee-American","1","20","1","D","3","10","D Answers","D Liability Signal: 5;P Files: 1","5,1","0.076689924900000012","false","8.9999999999999982","8.9999999999999982","1","Yes","0","8.6159423816766072","0.38405761832339103","false"
"Specification-AllCostsSunk__Cost-2__Fee-American","1","20","1","D","3","10","D Answers","D Liability Signal: 5;P Files: 1","5,1","0.076689924900000012","false","8.9999999999999982","8.9999999999999982","2","No","1","8.9999999999999982","0","true"
"Specification-AllCostsSunk__Cost-2__Fee-American","1","21","1","D","6","21","D Defaults","D Liability Signal: 5;P Files: 1;D Answers: 1","5,1,1","0","true","","","1","Yes","0.5","","",""
"Specification-AllCostsSunk__Cost-2__Fee-American","1","21","1","D","6","21","D Defaults","D Liability Signal: 5;P Files: 1;D Answers: 1","5,1,1","0","true","","","2","No","0.5","","",""
"Specification-AllCostsSunk__Cost-2__Fee-American","1","22","1","D","8","15","D Offer","D Liability Signal: 5;P Files: 1;D Answers: 1;D Defaults: 1","5,1,1,1","0","true","","","1","0.05","0.10000000000000001","","",""
"Specification-AllCostsSunk__Cost-2__Fee-American","1","22","1","D","8","15","D Offer","D Liability Signal: 5;P Files: 1;D Answers: 1;D Defaults: 1","5,1,1,1","0","true","","","2","0.15","0.10000000000000001","","",""
"Specification-AllCostsSunk__Cost-2__Fee-American","1","22","1","D","8","15","D Offer","D Liability Signal: 5;P Files: 1;D Answers: 1;D Defaults: 1","5,1,1,1","0","true","","","3","0.25","0.10000000000000001","","",""
"Specification-AllCostsSunk__Cost-2__Fee-American","1","22","1","D","8","15","D Offer","D Liability Signal: 5;P Files: 1;D Answers: 1;D Defaults: 1","5,1,1,1","0","true","","","4","0.35","0.10000000000000001","","",""
"Specification-AllCostsSunk__Cost-2__Fee-American","1","22","1","D","8","15","D Offer","D Liability Signal: 5;P Files: 1;D Answers: 1;D Defaults: 1","5,1,1,1","0","true","","","5","0.45","0.10000000000000001","","",""
"Specification-AllCostsSunk__Cost-2__Fee-American","1","22","1","D","8","15","D Offer","D Liability Signal: 5;P Files: 1;D Answers: 1;D Defaults: 1","5,1,1,1","0","true","","","6","0.55","0.10000000000000001","","",""
"Specification-AllCostsSunk__Cost-2__Fee-American","1","22","1","D","8","15","D Offer","D Liability Signal: 5;P Files: 1;D Answers: 1;D Defaults: 1","5,1,1,1","0","true","","","7","0.65","0.10000000000000001","","",""
"Specification-AllCostsSunk__Cost-2__Fee-American","1","22","1","D","8","15","D Offer","D Liability Signal: 5;P Files: 1;D Answers: 1;D Defaults: 1","5,1,1,1","0","true","","","8","0.75","0.10000000000000001","","",""
"Specification-AllCostsSunk__Cost-2__Fee-American","1","22","1","D","8","15","D Offer","D Liability Signal: 5;P Files: 1;D Answers: 1;D Defaults: 1","5,1,1,1","0","true","","","9","0.85","0.10000000000000001","","",""
"Specification-AllCostsSunk__Cost-2__Fee-American","1","22","1","D","8","15","D Offer","D Liability Signal: 5;P Files: 1;D Answers: 1;D Defaults: 1","5,1,1,1","0","true","","","10","0.95","0.10000000000000001","","",""
"Specification-AllCostsSunk__Cost-2__Fee-American","1","23","1","D","8","15","D Offer","D Liability Signal: 5;P Files: 1;D Answers: 1;D Defaults: 2","5,1,1,2","0","true","","","1","0.05","0.10000000000000001","","",""
"Specification-AllCostsSunk__Cost-2__Fee-American","1","23","1","D","8","15","D Offer","D Liability Signal: 5;P Files: 1;D Answers: 1;D Defaults: 2","5,1,1,2","0","true","","","2","0.15","0.10000000000000001","","",""
"Specification-AllCostsSunk__Cost-2__Fee-American","1","23","1","D","8","15","D Offer","D Liability Signal: 5;P Files: 1;D Answers: 1;D Defaults: 2","5,1,1,2","0","true","","","3","0.25","0.10000000000000001","","",""
"Specification-AllCostsSunk__Cost-2__Fee-American","1","23","1","D","8","15","D Offer","D Liability Signal: 5;P Files: 1;D Answers: 1;D Defaults: 2","5,1,1,2","0","true","","","4","0.35","0.10000000000000001","","",""
"Specification-AllCostsSunk__Cost-2__Fee-American","1","23","1","D","8","15","D Offer","D Liability Signal: 5;P Files: 1;D Answers: 1;D Defaults: 2","5,1,1,2","0","true","","","5","0.45","0.10000000000000001","","",""
"Specification-AllCostsSunk__Cost-2__Fee-American","1","23","1","D","8","15","D Offer","D Liability Signal: 5;P Files: 1;D Answers: 1;D Defaults: 2","5,1,1,2","0","true","","","6","0.55","0.10000000000000001","","",""
"Specification-AllCostsSunk__Cost-2__Fee-American","1","23","1","D","8","15","D Offer","D Liability Signal: 5;P Files: 1;D Answers: 1;D Defaults: 2","5,1,1,2","0","true","","","7","0.65","0.10000000000000001","","",""
"Specification-AllCostsSunk__Cost-2__Fee-American","1","23","1","D","8","15","D Offer","D Liability Signal: 5;P Files: 1;D Answers: 1;D Defaults: 2","5,1,1,2","0","true","","","8","0.75","0.10000000000000001","","",""
"Specification-AllCostsSunk__Cost-2__Fee-American","1","23","1","D","8","15","D Offer","D Liability Signal: 5;P Files: 1;D Answers: 1;D Defaults: 2","5,1,1,2","0","true","","","9","0.85","0.10000000000000001","","",""
"Specification-AllCostsSunk__Cost-2__Fee-American","1","23","1","D","8","15","D Offer","D Liability Signal: 5;P Files: 1;D Answers: 1;D Defaults: 2","5,1,1,2","0","true","","","10","0.95","0.10000000000000001","","",""
"Specification-AllCostsSunk__Cost-2__Fee-American","1","24","1","D","3","10","D Answers","D Liability Signal: 6;P Files: 1","6,1","0.088101009800000005","false","8.9999999999999982","8.9999999999999982","1","Yes","0","8.56655984618234","0.43344015381765821","false"
"Specification-AllCostsSunk__Cost-2__Fee-American","1","24","1","D","3","10","D Answers","D Liability Signal: 6;P Files: 1","6,1","0.088101009800000005","false","8.9999999999999982","8.9999999999999982","2","No","1","8.9999999999999982","0","true"
"Specification-AllCostsSunk__Cost-2__Fee-American","1","25","1","D","6","21","D Defaults","D Liability Signal: 6;P Files: 1;D Answers: 1","6,1,1","0","true","","","1","Yes","0.5","","",""
"Specification-AllCostsSunk__Cost-2__Fee-American","1","25","1","D","6","21","D Defaults","D Liability Signal: 6;P Files: 1;D Answers: 1","6,1,1","0","true","","","2","No","0.5","","",""
"Specification-AllCostsSunk__Cost-2__Fee-American","1","26","1","D","8","15","D Offer","D Liability Signal: 6;P Files: 1;D Answers: 1;D Defaults: 1","6,1,1,1","0","true","","","1","0.05","0.10000000000000001","","",""
"Specification-AllCostsSunk__Cost-2__Fee-American","1","26","1","D","8","15","D Offer","D Liability Signal: 6;P Files: 1;D Answers: 1;D Defaults: 1","6,1,1,1","0","true","","","2","0.15","0.10000000000000001","","",""
"Specification-AllCostsSunk__Cost-2__Fee-American","1","26","1","D","8","15","D Offer","D Liability Signal: 6;P Files: 1;D Answers: 1;D Defaults: 1","6,1,1,1","0","true","","","3","0.25","0.10000000000000001","","",""
"Specification-AllCostsSunk__Cost-2__Fee-American","1","26","1","D","8","15","D Offer","D Liability Signal: 6;P Files: 1;D Answers: 1;D Defaults: 1","6,1,1,1","0","true","","","4","0.35","0.10000000000000001","","",""
"Specification-AllCostsSunk__Cost-2__Fee-American","1","26","1","D","8","15","D Offer","D Liability Signal: 6;P Files: 1;D Answers: 1;D Defaults: 1","6,1,1,1","0","true","","","5","0.45","0.10000000000000001","","",""
"Specification-AllCostsSunk__Cost-2__Fee-American","1","26","1","D","8","15","D Offer","D Liability Signal: 6;P Files: 1;D Answers: 1;D Defaults: 1","6,1,1,1","0","true","","","6","0.55","0.10000000000000001","","",""
"Specification-AllCostsSunk__Cost-2__Fee-American","1","26","1","D","8","15","D Offer","D Liability Signal: 6;P Files: 1;D Answers: 1;D Defaults: 1","6,1,1,1","0","true","","","7","0.65","0.10000000000000001","","",""
"Specification-AllCostsSunk__Cost-2__Fee-American","1","26","1","D","8","15","D Offer","D Liability Signal: 6;P Files: 1;D Answers: 1;D Defaults: 1","6,1,1,1","0","true","","","8","0.75","0.10000000000000001","","",""
"Specification-AllCostsSunk__Cost-2__Fee-American","1","26","1","D","8","15","D Offer","D Liability Signal: 6;P Files: 1;D Answers: 1;D Defaults: 1","6,1,1,1","0","true","","","9","0.85","0.10000000000000001","","",""
"Specification-AllCostsSunk__Cost-2__Fee-American","1","26","1","D","8","15","D Offer","D Liability Signal: 6;P Files: 1;D Answers: 1;D Defaults: 1","6,1,1,1","0","true","","","10","0.95","0.10000000000000001","","",""
"Specification-AllCostsSunk__Cost-2__Fee-American","1","27","1","D","8","15","D Offer","D Liability Signal: 6;P Files: 1;D Answers: 1;D Defaults: 2","6,1,1,2","0","true","","","1","0.05","0.10000000000000001","","",""
"Specification-AllCostsSunk__Cost-2__Fee-American","1","27","1","D","8","15","D Offer","D Liability Signal: 6;P Files: 1;D Answers: 1;D Defaults: 2","6,1,1,2","0","true","","","2","0.15","0.10000000000000001","","",""
"Specification-AllCostsSunk__Cost-2__Fee-American","1","27","1","D","8","15","D Offer","D Liability Signal: 6;P Files: 1;D Answers: 1;D Defaults: 2","6,1,1,2","0","true","","","3","0.25","0.10000000000000001","","",""
"Specification-AllCostsSunk__Cost-2__Fee-American","1","27","1","D","8","15","D Offer","D Liability Signal: 6;P Files: 1;D Answers: 1;D Defaults: 2","6,1,1,2","0","true","","","4","0.35","0.10000000000000001","","",""
"Specification-AllCostsSunk__Cost-2__Fee-American","1","27","1","D","8","15","D Offer","D Liability Signal: 6;P Files: 1;D Answers: 1;D Defaults: 2","6,1,1,2","0","true","","","5","0.45","0.10000000000000001","","",""
"Specification-AllCostsSunk__Cost-2__Fee-American","1","27","1","D","8","15","D Offer","D Liability Signal: 6;P Files: 1;D Answers: 1;D Defaults: 2","6,1,1,2","0","true","","","6","0.55","0.10000000000000001","","",""
"Specification-AllCostsSunk__Cost-2__Fee-American","1","27","1","D","8","15","D Offer","D Liability Signal: 6;P Files: 1;D Answers: 1;D Defaults: 2","6,1,1,2","0","true","","","7","0.65","0.10000000000000001","","",""
"Specification-AllCostsSunk__Cost-2__Fee-American","1","27","1","D","8","15","D Offer","D Liability Signal: 6;P Files: 1;D Answers: 1;D Defaults: 2","6,1,1,2","0","true","","","8","0.75","0.10000000000000001","","",""
"Specification-AllCostsSunk__Cost-2__Fee-American","1","27","1","D","8","15","D Offer","D Liability Signal: 6;P Files: 1;D Answers: 1;D Defaults: 2","6,1,1,2","0","true","","","9","0.85","0.10000000000000001","","",""
"Specification-AllCostsSunk__Cost-2__Fee-American","1","27","1","D","8","15","D Offer","D Liability Signal: 6;P Files: 1;D Answers: 1;D Defaults: 2","6,1,1,2","0","true","","","10","0.95","0.10000000000000001","","",""
"Specification-AllCostsSunk__Cost-2__Fee-American","1","28","1","D","3","10","D Answers","D Liability Signal: 7;P Files: 1","7,1","0.096930350300000009","false","8.9999999999999982","8.9999999999999982","1","Yes","0","8.5219612016151434","0.47803879838485486","false"
"Specification-AllCostsSunk__Cost-2__Fee-American","1","28","1","D","3","10","D Answers","D Liability Signal: 7;P Files: 1","7,1","0.096930350300000009","false","8.9999999999999982","8.9999999999999982","2","No","1","8.9999999999999982","0","true"
"Specification-AllCostsSunk__Cost-2__Fee-American","1","29","1","D","6","21","D Defaults","D Liability Signal: 7;P Files: 1;D Answers: 1","7,1,1","0","true","","","1","Yes","0.5","","",""
"Specification-AllCostsSunk__Cost-2__Fee-American","1","29","1","D","6","21","D Defaults","D Liability Signal: 7;P Files: 1;D Answers: 1","7,1,1","0","true","","","2","No","0.5","","",""
"Specification-AllCostsSunk__Cost-2__Fee-American","1","30","1","D","8","15","D Offer","D Liability Signal: 7;P Files: 1;D Answers: 1;D Defaults: 1","7,1,1,1","0","true","","","1","0.05","0.10000000000000001","","",""
"Specification-AllCostsSunk__Cost-2__Fee-American","1","30","1","D","8","15","D Offer","D Liability Signal: 7;P Files: 1;D Answers: 1;D Defaults: 1","7,1,1,1","0","true","","","2","0.15","0.10000000000000001","","",""
"Specification-AllCostsSunk__Cost-2__Fee-American","1","30","1","D","8","15","D Offer","D Liability Signal: 7;P Files: 1;D Answers: 1;D Defaults: 1","7,1,1,1","0","true","","","3","0.25","0.10000000000000001","","",""
"Specification-AllCostsSunk__Cost-2__Fee-American","1","30","1","D","8","15","D Offer","D Liability Signal: 7;P Files: 1;D Answers: 1;D Defaults: 1","7,1,1,1","0","true","","","4","0.35","0.10000000000000001","","",""
"Specification-AllCostsSunk__Cost-2__Fee-American","1","30","1","D","8","15","D Offer","D Liability Signal: 7;P Files: 1;D Answers: 1;D Defaults: 1","7,1,1,1","0","true","","","5","0.45","0.10000000000000001","","",""
"Specification-AllCostsSunk__Cost-2__Fee-American","1","30","1","D","8","15","D Offer","D Liability Signal: 7;P Files: 1;D Answers: 1;D Defaults: 1","7,1,1,1","0","true","","","6","0.55","0.10000000000000001","","",""
"Specification-AllCostsSunk__Cost-2__Fee-American","1","30","1","D","8","15","D Offer","D Liability Signal: 7;P Files: 1;D Answers: 1;D Defaults: 1","7,1,1,1","0","true","","","7","0.65","0.10000000000000001","","",""
"Specification-AllCostsSunk__Cost-2__Fee-American","1","30","1","D","8","15","D Offer","D Liability Signal: 7;P Files: 1;D Answers: 1;D Defaults: 1","7,1,1,1","0","true","","","8","0.75","0.10000000000000001","","",""
"Specification-AllCostsSunk__Cost-2__Fee-American","1","30","1","D","8","15","D Offer","D Liability Signal: 7;P Files: 1;D Answers: 1;D Defaults: 1","7,1,1,1","0","true","","","9","0.85","0.10000000000000001","","",""
"Specification-AllCostsSunk__Cost-2__Fee-American","1","30","1","D","8","15","D Offer","D Liability Signal: 7;P Files: 1;D Answers: 1;D Defaults: 1","7,1,1,1","0","true","","","10","0.95","0.10000000000000001","","",""
"Specification-AllCostsSunk__Cost-2__Fee-American","1","31","1","D","8","15","D Offer","D Liability Signal: 7;P Files: 1;D Answers: 1;D Defaults: 2","7,1,1,2","0","true","","","1","0.05","0.10000000000000001","","",""
"Specification-AllCostsSunk__Cost-2__Fee-American","1","31","1","D","8","15","D Offer","D Liability Signal: 7;P Files: 1;D Answers: 1;D Defaults: 2","7,1,1,2","0","true","","","2","0.15","0.10000000000000001","","",""
"Specification-AllCostsSunk__Cost-2__Fee-American","1","31","1","D","8","15","D Offer","D Liability Signal: 7;P Files: 1;D Answers: 1;D Defaults: 2","7,1,1,2","0","true","","","3","0.25","0.10000000000000001","","",""
"Specification-AllCostsSunk__Cost-2__Fee-American","1","31","1","D","8","15","D Offer","D Liability Signal: 7;P Files: 1;D Answers: 1;D Defaults: 2","7,1,1,2","0","true","","","4","0.35","0.10000000000000001","","",""
"Specification-AllCostsSunk__Cost-2__Fee-American","1","31","1","D","8","15","D Offer","D Liability Signal: 7;P Files: 1;D Answers: 1;D Defaults: 2","7,1,1,2","0","true","","","5","0.45","0.10000000000000001","","",""
"Specification-AllCostsSunk__Cost-2__Fee-American","1","31","1","D","8","15","D Offer","D Liability Signal: 7;P Files: 1;D Answers: 1;D Defaults: 2","7,1,1,2","0","true","","","6","0.55","0.10000000000000001","","",""
"Specification-AllCostsSunk__Cost-2__Fee-American","1","31","1","D","8","15","D Offer","D Liability Signal: 7;P Files: 1;D Answers: 1;D Defaults: 2","7,1,1,2","0","true","","","7","0.65","0.10000000000000001","","",""
"Specification-AllCostsSunk__Cost-2__Fee-American","1","31","1","D","8","15","D Offer","D Liability Signal: 7;P Files: 1;D Answers: 1;D Defaults: 2","7,1,1,2","0","true","","","8","0.75","0.10000000000000001","","",""
"Specification-AllCostsSunk__Cost-2__Fee-American","1","31","1","D","8","15","D Offer","D Liability Signal: 7;P Files: 1;D Answers: 1;D Defaults: 2","7,1,1,2","0","true","","","9","0.85","0.10000000000000001","","",""
"Specification-AllCostsSunk__Cost-2__Fee-American","1","31","1","D","8","15","D Offer","D Liability Signal: 7;P Files: 1;D Answers: 1;D Defaults: 2","7,1,1,2","0","true","","","10","0.95","0.10000000000000001","","",""
"Specification-AllCostsSunk__Cost-2__Fee-American","1","32","1","D","3","10","D Answers","D Liability Signal: 8;P Files: 1","8,1","0.1003446174","false","8.9999999999999982","8.9999999999999982","1","Yes","0","8.4864936409268736","0.51350635907312459","false"
"Specification-AllCostsSunk__Cost-2__Fee-American","1","32","1","D","3","10","D Answers","D Liability Signal: 8;P Files: 1","8,1","0.1003446174","false","8.9999999999999982","8.9999999999999982","2","No","1","8.9999999999999982","0","true"
"Specification-AllCostsSunk__Cost-2__Fee-American","1","33","1","D","6","21","D Defaults","D Liability Signal: 8;P Files: 1;D Answers: 1","8,1,1","0","true","","","1","Yes","0.5","","",""
"Specification-AllCostsSunk__Cost-2__Fee-American","1","33","1","D","6","21","D Defaults","D Liability Signal: 8;P Files: 1;D Answers: 1","8,1,1","0","true","","","2","No","0.5","","",""
"Specification-AllCostsSunk__Cost-2__Fee-American","1","34","1","D","8","15","D Offer","D Liability Signal: 8;P Files: 1;D Answers: 1;D Defaults: 1","8,1,1,1","0","true","","","1","0.05","0.10000000000000001","","",""
"Specification-AllCostsSunk__Cost-2__Fee-American","1","34","1","D","8","15","D Offer","D Liability Signal: 8;P Files: 1;D Answers: 1;D Defaults: 1","8,1,1,1","0","true","","","2","0.15","0.10000000000000001","","",""
"Specification-AllCostsSunk__Cost-2__Fee-American","1","34","1","D","8","15","D Offer","D Liability Signal: 8;P Files: 1;D Answers: 1;D Defaults: 1","8,1,1,1","0","true","","","3","0.25","0.10000000000000001","","",""
"Specification-AllCostsSunk__Cost-2__Fee-American","1","34","1","D","8","15","D Offer","D Liability Signal: 8;P Files: 1;D Answers: 1;D Defaults: 1","8,1,1,1","0","true","","","4","0.35","0.10000000000000001","","",""
"Specification-AllCostsSunk__Cost-2__Fee-American","1","34","1","D","8","15","D Offer","D Liability Signal: 8;P Files: 1;D Answers: 1;D Defaults: 1","8,1,1,1","0","true","","","5","0.45","0.10000000000000001","","",""
"Specification-AllCostsSunk__Cost-2__Fee-American","1","34","1","D","8","15","D Offer","D Liability Signal: 8;P Files: 1;D Answers: 1;D Defaults: 1","8,1,1,1","0","true","","","6","0.55","0.10000000000000001","","",""
"Specification-AllCostsSunk__Cost-2__Fee-American","1","34","1","D","8","15","D Offer","D Liability Signal: 8;P Files: 1;D Answers: 1;D Defaults: 1","8,1,1,1","0","true","","","7","0.65","0.10000000000000001","","",""
"Specification-AllCostsSunk__Cost-2__Fee-American","1","34","1","D","8","15","D Offer","D Liability Signal: 8;P Files: 1;D Answers: 1;D Defaults: 1","8,1,1,1","0","true","","","8","0.75","0.10000000000000001","","",""
"Specification-AllCostsSunk__Cost-2__Fee-American","1","34","1","D","8","15","D Offer","D Liability Signal: 8;P Files: 1;D Answers: 1;D Defaults: 1","8,1,1,1","0","true","","","9","0.85","0.10000000000000001","","",""
"Specification-AllCostsSunk__Cost-2__Fee-American","1","34","1","D","8","15","D Offer","D Liability Signal: 8;P Files: 1;D Answers: 1;D Defaults: 1","8,1,1,1","0","true","","","10","0.95","0.10000000000000001","","",""
"Specification-AllCostsSunk__Cost-2__Fee-American","1","35","1","D","8","15","D Offer","D Liability Signal: 8;P Files: 1;D Answers: 1;D Defaults: 2","8,1,1,2","0","true","","","1","0.05","0.10000000000000001","","",""
"Specification-AllCostsSunk__Cost-2__Fee-American","1","35","1","D","8","15","D Offer","D Liability Signal: 8;P Files: 1;D Answers: 1;D Defaults: 2","8,1,1,2","0","true","","","2","0.15","0.10000000000000001","","",""
"Specification-AllCostsSunk__Cost-2__Fee-American","1","35","1","D","8","15","D Offer","D Liability Signal: 8;P Files: 1;D Answers: 1;D Defaults: 2","8,1,1,2","0","true","","","3","0.25","0.10000000000000001","","",""
"Specification-AllCostsSunk__Cost-2__Fee-American","1","35","1","D","8","15","D Offer","D Liability Signal: 8;P Files: 1;D Answers: 1;D Defaults: 2","8,1,1,2","0","true","","","4","0.35","0.10000000000000001","","",""
"Specification-AllCostsSunk__Cost-2__Fee-American","1","35","1","D","8","15","D Offer","D Liability Signal: 8;P Files: 1;D Answers: 1;D Defaults: 2","8,1,1,2","0","true","","","5","0.45","0.10000000000000001","","",""
"Specification-AllCostsSunk__Cost-2__Fee-American","1","35","1","D","8","15","D Offer","D Liability Signal: 8;P Files: 1;D Answers: 1;D Defaults: 2","8,1,1,2","0","true","","","6","0.55","0.10000000000000001","","",""
"Specification-AllCostsSunk__Cost-2__Fee-American","1","35","1","D","8","15","D Offer","D Liability Signal: 8;P Files: 1;D Answers: 1;D Defaults: 2","8,1,1,2","0","true","","","7","0.65","0.10000000000000001","","",""
"Specification-AllCostsSunk__Cost-2__Fee-American","1","35","1","D","8","15","D Offer","D Liability Signal: 8;P Files: 1;D Answers: 1;D Defaults: 2","8,1,1,2","0","true","","","8","0.75","0.10000000000000001","","",""
"Specification-AllCostsSunk__Cost-2__Fee-American","1","35","1","D","8","15","D Offer","D Liability Signal: 8;P Files: 1;D Answers: 1;D Defaults: 2","8,1,1,2","0","true","","","9","0.85","0.10000000000000001","","",""
"Specification-AllCostsSunk__Cost-2__Fee-American","1","35","1","D","8","15","D Offer","D Liability Signal: 8;P Files: 1;D Answers: 1;D Defaults: 2","8,1,1,2","0","true","","","10","0.95","0.10000000000000001","","",""
"Specification-AllCostsSunk__Cost-2__Fee-American","1","36","1","D","3","10","D Answers","D Liability Signal: 9;P Files: 1","9,1","0.094888886300000017","false","8.9999999999999982","8.9999999999999982","1","Yes","0","8.4612481592191084","0.53875184078088978","false"
"Specification-AllCostsSunk__Cost-2__Fee-American","1","36","1","D","3","10","D Answers","D Liability Signal: 9;P Files: 1","9,1","0.094888886300000017","false","8.9999999999999982","8.9999999999999982","2","No","1","8.9999999999999982","0","true"
"Specification-AllCostsSunk__Cost-2__Fee-American","1","37","1","D","6","21","D Defaults","D Liability Signal: 9;P Files: 1;D Answers: 1","9,1,1","0","true","","","1","Yes","0.5","","",""
"Specification-AllCostsSunk__Cost-2__Fee-American","1","37","1","D","6","21","D Defaults","D Liability Signal: 9;P Files: 1;D Answers: 1","9,1,1","0","true","","","2","No","0.5","","",""
"Specification-AllCostsSunk__Cost-2__Fee-American","1","38","1","D","8","15","D Offer","D Liability Signal: 9;P Files: 1;D Answers: 1;D Defaults: 1","9,1,1,1","0","true","","","1","0.05","0.10000000000000001","","",""
"Specification-AllCostsSunk__Cost-2__Fee-American","1","38","1","D","8","15","D Offer","D Liability Signal: 9;P Files: 1;D Answers: 1;D Defaults: 1","9,1,1,1","0","true","","","2","0.15","0.10000000000000001","","",""
"Specification-AllCostsSunk__Cost-2__Fee-American","1","38","1","D","8","15","D Offer","D Liability Signal: 9;P Files: 1;D Answers: 1;D Defaults: 1","9,1,1,1","0","true","","","3","0.25","0.10000000000000001","","",""
"Specification-AllCostsSunk__Cost-2__Fee-American","1","38","1","D","8","15","D Offer","D Liability Signal: 9;P Files: 1;D Answers: 1;D Defaults: 1","9,1,1,1","0","true","","","4","0.35","0.10000000000000001","","",""
"Specification-AllCostsSunk__Cost-2__Fee-American","1","38","1","D","8","15","D Offer","D Liability Signal: 9;P Files: 1;D Answers: 1;D Defaults: 1","9,1,1,1","0","true","","","5","0.45","0.10000000000000001","","",""
"Specification-AllCostsSunk__Cost-2__Fee-American","1","38","1","D","8","15","D Offer","D Liability Signal: 9;P Files: 1;D Answers: 1;D Defaults: 1","9,1,1,1","0","true","","","6","0.55","0.10000000000000001","","",""
"Specification-AllCostsSunk__Cost-2__Fee-American","1","38","1","D","8","15","D Offer","D Liability Signal: 9;P Files: 1;D Answers: 1;D Defaults: 1","9,1,1,1","0","true","","","7","0.65","0.10000000000000001","","",""
"Specification-AllCostsSunk__Cost-2__Fee-American","1","38","1","D","8","15","D Offer","D Liability Signal: 9;P Files: 1;D Answers: 1;D Defaults: 1","9,1,1,1","0","true","","","8","0.75","0.10000000000000001","","",""
"Specification-AllCostsSunk__Cost-2__Fee-American","1","38","1","D","8","15","D Offer","D Liability Signal: 9;P Files: 1;D Answers: 1;D Defaults: 1","9,1,1,1","0","true","","","9","0.85","0.10000000000000001","","",""
"Specification-AllCostsSunk__Cost-2__Fee-American","1","38","1","D","8","15","D Offer","D Liability Signal: 9;P Files: 1;D Answers: 1;D Defaults: 1","9,1,1,1","0","true","","","10","0.95","0.10000000000000001","","",""
"Specification-AllCostsSunk__Cost-2__Fee-American","1","39","1","D","8","15","D Offer","D Liability Signal: 9;P Files: 1;D Answers: 1;D Defaults: 2","9,1,1,2","0","true","","","1","0.05","0.10000000000000001","","",""
"Specification-AllCostsSunk__Cost-2__Fee-American","1","39","1","D","8","15","D Offer","D Liability Signal: 9;P Files: 1;D Answers: 1;D Defaults: 2","9,1,1,2","0","true","","","2","0.15","0.10000000000000001","","",""
"Specification-AllCostsSunk__Cost-2__Fee-American","1","39","1","D","8","15","D Offer","D Liability Signal: 9;P Files: 1;D Answers: 1;D Defaults: 2","9,1,1,2","0","true","","","3","0.25","0.10000000000000001","","",""
"Specification-AllCostsSunk__Cost-2__Fee-American","1","39","1","D","8","15","D Offer","D Liability Signal: 9;P Files: 1;D Answers: 1;D Defaults: 2","9,1,1,2","0","true","","","4","0.35","0.10000000000000001","","",""
"Specification-AllCostsSunk__Cost-2__Fee-American","1","39","1","D","8","15","D Offer","D Liability Signal: 9;P Files: 1;D Answers: 1;D Defaults: 2","9,1,1,2","0","true","","","5","0.45","0.10000000000000001","","",""
"Specification-AllCostsSunk__Cost-2__Fee-American","1","39","1","D","8","15","D Offer","D Liability Signal: 9;P Files: 1;D Answers: 1;D Defaults: 2","9,1,1,2","0","true","","","6","0.55","0.10000000000000001","","",""
"Specification-AllCostsSunk__Cost-2__Fee-American","1","39","1","D","8","15","D Offer","D Liability Signal: 9;P Files: 1;D Answers: 1;D Defaults: 2","9,1,1,2","0","true","","","7","0.65","0.10000000000000001","","",""
"Specification-AllCostsSunk__Cost-2__Fee-American","1","39","1","D","8","15","D Offer","D Liability Signal: 9;P Files: 1;D Answers: 1;D Defaults: 2","9,1,1,2","0","true","","","8","0.75","0.10000000000000001","","",""
"Specification-AllCostsSunk__Cost-2__Fee-American","1","39","1","D","8","15","D Offer","D Liability Signal: 9;P Files: 1;D Answers: 1;D Defaults: 2","9,1,1,2","0","true","","","9","0.85","0.10000000000000001","","",""
"Specification-AllCostsSunk__Cost-2__Fee-American","1","39","1","D","8","15","D Offer","D Liability Signal: 9;P Files: 1;D Answers: 1;D Defaults: 2","9,1,1,2","0","true","","","10","0.95","0.10000000000000001","","",""
"Specification-AllCostsSunk__Cost-2__Fee-American","1","40","1","D","3","10","D Answers","D Liability Signal: 10;P Files: 1","10,1","0.0792318469","false","9","9","1","Yes","0","8.444631735517806","0.55536826448219401","false"
"Specification-AllCostsSunk__Cost-2__Fee-American","1","40","1","D","3","10","D Answers","D Liability Signal: 10;P Files: 1","10,1","0.0792318469","false","9","9","2","No","1","9","0","true"
"Specification-AllCostsSunk__Cost-2__Fee-American","1","41","1","D","6","21","D Defaults","D Liability Signal: 10;P Files: 1;D Answers: 1","10,1,1","0","true","","","1","Yes","0.5","","",""
"Specification-AllCostsSunk__Cost-2__Fee-American","1","41","1","D","6","21","D Defaults","D Liability Signal: 10;P Files: 1;D Answers: 1","10,1,1","0","true","","","2","No","0.5","","",""
"Specification-AllCostsSunk__Cost-2__Fee-American","1","42","1","D","8","15","D Offer","D Liability Signal: 10;P Files: 1;D Answers: 1;D Defaults: 1","10,1,1,1","0","true","","","1","0.05","0.10000000000000001","","",""
"Specification-AllCostsSunk__Cost-2__Fee-American","1","42","1","D","8","15","D Offer","D Liability Signal: 10;P Files: 1;D Answers: 1;D Defaults: 1","10,1,1,1","0","true","","","2","0.15","0.10000000000000001","","",""
"Specification-AllCostsSunk__Cost-2__Fee-American","1","42","1","D","8","15","D Offer","D Liability Signal: 10;P Files: 1;D Answers: 1;D Defaults: 1","10,1,1,1","0","true","","","3","0.25","0.10000000000000001","","",""
"Specification-AllCostsSunk__Cost-2__Fee-American","1","42","1","D","8","15","D Offer","D Liability Signal: 10;P Files: 1;D Answers: 1;D Defaults: 1","10,1,1,1","0","true","","","4","0.35","0.10000000000000001","","",""
"Specification-AllCostsSunk__Cost-2__Fee-American","1","42","1","D","8","15","D Offer","D Liability Signal: 10;P Files: 1;D Answers: 1;D Defaults: 1","10,1,1,1","0","true","","","5","0.45","0.10000000000000001","","",""
"Specification-AllCostsSunk__Cost-2__Fee-American","1","42","1","D","8","15","D Offer","D Liability Signal: 10;P Files: 1;D Answers: 1;D Defaults: 1","10,1,1,1","0","true","","","6","0.55","0.10000000000000001","","",""
"Specification-AllCostsSunk__Cost-2__Fee-American","1","42","1","D","8","15","D Offer","D Liability Signal: 10;P Files: 1;D Answers: 1;D Defaults: 1","10,1,1,1","0","true","","","7","0.65","0.10000000000000001","","",""
"Specification-AllCostsSunk__Cost-2__Fee-American","1","42","1","D","8","15","D Offer","D Liability Signal: 10;P Files: 1;D Answers: 1;D Defaults: 1","10,1,1,1","0","true","","","8","0.75","0.10000000000000001","","",""
"Specification-AllCostsSunk__Cost-2__Fee-American","1","42","1","D","8","15","D Offer","D Liability Signal: 10;P Files: 1;D Answers: 1;D Defaults: 1","10,1,1,1","0","true","","","9","0.85","0.10000000000000001","","",""
"Specification-AllCostsSunk__Cost-2__Fee-American","1","42","1","D","8","15","D Offer","D Liability Signal: 10;P Files: 1;D Answers: 1;D Defaults: 1","10,1,1,1","0","true","","","10","0.95","0.10000000000000001","","",""
"Specification-AllCostsSunk__Cost-2__Fee-American","1","43","1","D","8","15","D Offer","D Liability Signal: 10;P Files: 1;D Answers: 1;D Defaults: 2","10,1,1,2","0","true","","","1","0.05","0.10000000000000001","","",""
"Specification-AllCostsSunk__Cost-2__Fee-American","1","43","1","D","8","15","D Offer","D Liability Signal: 10;P Files: 1;D Answers: 1;D Defaults: 2","10,1,1,2","0","true","","","2","0.15","0.10000000000000001","","",""
"Specification-AllCostsSunk__Cost-2__Fee-American","1","43","1","D","8","15","D Offer","D Liability Signal: 10;P Files: 1;D Answers: 1;D Defaults: 2","10,1,1,2","0","true","","","3","0.25","0.10000000000000001","","",""
"Specification-AllCostsSunk__Cost-2__Fee-American","1","43","1","D","8","15","D Offer","D Liability Signal: 10;P Files: 1;D Answers: 1;D Defaults: 2","10,1,1,2","0","true","","","4","0.35","0.10000000000000001","","",""
"Specification-AllCostsSunk__Cost-2__Fee-American","1","43","1","D","8","15","D Offer","D Liability Signal: 10;P Files: 1;D Answers: 1;D Defaults: 2","10,1,1,2","0","true","","","5","0.45","0.10000000000000001","","",""
"Specification-AllCostsSunk__Cost-2__Fee-American","1","43","1","D","8","15","D Offer","D Liability Signal: 10;P Files: 1;D Answers: 1;D Defaults: 2","10,1,1,2","0","true","","","6","0.55","0.10000000000000001","","",""
"Specification-AllCostsSunk__Cost-2__Fee-American","1","43","1","D","8","15","D Offer","D Liability Signal: 10;P Files: 1;D Answers: 1;D Defaults: 2","10,1,1,2","0","true","","","7","0.65","0.10000000000000001","","",""
"Specification-AllCostsSunk__Cost-2__Fee-American","1","43","1","D","8","15","D Offer","D Liability Signal: 10;P Files: 1;D Answers: 1;D Defaults: 2","10,1,1,2","0","true","","","8","0.75","0.10000000000000001","","",""
"Specification-AllCostsSunk__Cost-2__Fee-American","1","43","1","D","8","15","D Offer","D Liability Signal: 10;P Files: 1;D Answers: 1;D Defaults: 2","10,1,1,2","0","true","","","9","0.85","0.10000000000000001","","",""
"Specification-AllCostsSunk__Cost-2__Fee-American","1","43","1","D","8","15","D Offer","D Liability Signal: 10;P Files: 1;D Answers: 1;D Defaults: 2","10,1,1,2","0","true","","","10","0.95","0.10000000000000001","","",""
