"OptionSetName","Equilibrium Number","Information Set Number","Player Index","Player","Decision Index","Decision Code","Decision","Information Set Labels","Information Set Contents","Equilibrium Reach Probability","Off Path","Conditional Information-Set Utility","Best Action Utility","Action","Action Label","Equilibrium Action Probability","Conditional Action Utility","Utility Loss from Best Action","Is Best Action"
"Specification-AllCostsSunkModerateRiskAversion__Cost-0.25__Fee-British","1","0","0","P","2","9","P Files","P Liability Signal: 1","1","0.080450000000000008","false","1000.0025980560798","1000.0025980560798","1","Yes","1","1000.0025980560798","0","true"
"Specification-AllCostsSunkModerateRiskAversion__Cost-0.25__Fee-British","1","0","0","P","2","9","P Files","P Liability Signal: 1","1","0.080450000000000008","false","1000.0025980560798","1000.0025980560798","2","No","0","1000.0000030775002","0.0025949785796228753","false"
"Specification-AllCostsSunkModerateRiskAversion__Cost-0.25__Fee-British","1","2","0","P","5","20","P Abandons","P Liability Signal: 1;P Files: 1;D Answers: 1","1,1,1","0.080450000000000008","false","1000.0025980560798","1000.0025980560798","1","Yes","0","999.98246117859844","0.020136877481377269","false"
"Specification-AllCostsSunkModerateRiskAversion__Cost-0.25__Fee-British","1","2","0","P","5","20","P Abandons","P Liability Signal: 1;P Files: 1;D Answers: 1","1,1,1","0.080450000000000008","false","1000.0025980560798","1000.0025980560798","2","No","1","1000.0025980560798","0","true"
"Specification-AllCostsSunkModerateRiskAversion__Cost-0.25__Fee-British","1","4","0","P","7","14","P Offer","P Liability Signal: 1;P Files: 1;D Answers: 1;P Abandons: 1","1,1,1,1","0","true","","","1","0.05","0.10000000000000001","","",""
"Specification-AllCostsSunkModerateRiskAversion__Cost-0.25__Fee-British","1","4","0","P","7","14","P Offer","P Liability Signal: 1;P Files: 1;D Answers: 1;P Abandons: 1","1,1,1,1","0","true","","","2","0.15","0.10000000000000001","","",""
"Specification-AllCostsSunkModerateRiskAversion__Cost-0.25__Fee-British","1","4","0","P","7","14","P Offer","P Liability Signal: 1;P Files: 1;D Answers: 1;P Abandons: 1","1,1,1,1","0","true","","","3","0.25","0.10000000000000001","","",""
"Specification-AllCostsSunkModerateRiskAversion__Cost-0.25__Fee-British","1","4","0","P","7","14","P Offer","P Liability Signal: 1;P Files: 1;D Answers: 1;P Abandons: 1","1,1,1,1","0","true","","","4","0.35","0.10000000000000001","","",""
"Specification-AllCostsSunkModerateRiskAversion__Cost-0.25__Fee-British","1","4","0","P","7","14","P Offer","P Liability Signal: 1;P Files: 1;D Answers: 1;P Abandons: 1","1,1,1,1","0","true","","","5","0.45","0.10000000000000001","","",""
"Specification-AllCostsSunkModerateRiskAversion__Cost-0.25__Fee-British","1","4","0","P","7","14","P Offer","P Liability Signal: 1;P Files: 1;D Answers: 1;P Abandons: 1","1,1,1,1","0","true","","","6","0.55","0.10000000000000001","","",""
"Specification-AllCostsSunkModerateRiskAversion__Cost-0.25__Fee-British","1","4","0","P","7","14","P Offer","P Liability Signal: 1;P Files: 1;D Answers: 1;P Abandons: 1","1,1,1,1","0","true","","","7","0.65","0.10000000000000001","","",""
"Specification-AllCostsSunkModerateRiskAversion__Cost-0.25__Fee-British","1","4","0","P","7","14","P Offer","P Liability Signal: 1;P Files: 1;D Answers: 1;P Abandons: 1","1,1,1,1","0","true","","","8","0.75","0.10000000000000001","","",""
"Specification-AllCostsSunkModerateRiskAversion__Cost-0.25__Fee-British","1","4","0","P","7","14","P Offer","P Liability Signal: 1;P Files: 1;D Answers: 1;P Abandons: 1","1,1,1,1","0","true","","","9","0.85","0.10000000000000001","","",""
"Specification-AllCostsSunkModerateRiskAversion__Cost-0.25__Fee-British","1","4","0","P","7","14","P Offer","P Liability Signal: 1;P Files: 1;D Answers: 1;P Abandons: 1","1,1,1,1","0","true","","","10","0.95","0.10000000000000001","","",""
"Specification-AllCostsSunkModerateRiskAversion__Cost-0.25__Fee-British","1","7","0","P","7","14","P Offer","P Liability Signal: 1;P Files: 1;D Answers: 1;P Abandons: 2","1,1,1,2","0.080450000000000008","false","1000.0025980560798","1000.0025980560798","1","0.05","1","1000.0025980560798","0","true"
"Specification-AllCostsSunkModerateRiskAversion__Cost-0.25__Fee-British","1","7","0","P","7","14","P Offer","P Liability Signal: 1;P Files: 1;D Answers: 1;P Abandons: 2","1,1,1,2","0.080450000000000008","false","1000.0025980560798","1000.0025980560798","2","0.15","0","999.97153156725562","0.031066488824194494","false"
"Specification-AllCostsSunkModerateRiskAversion__Cost-0.25__Fee-British","1","7","0","P","7","14","P Offer","P Liability Signal: 1;P Files: 1;D Answers: 1;P Abandons: 2","1,1,1,2","0.080450000000000008","false","1000.0025980560798","1000.0025980560798","3","0.25","0","999.97359074139445","0.029007314685372876","false"
"Specification-AllCostsSunkModerateRiskAversion__Cost-0.25__Fee-British","1","7","0","P","7","14","P Offer","P Liability Signal: 1;P Files: 1;D Answers: 1;P Abandons: 2","1,1,1,2","0.080450000000000008","false","1000.0025980560798","1000.0025980560798","4","0.35","0","999.9754538047581","0.027144251321715274","false"
"Specification-AllCostsSunkModerateRiskAversion__Cost-0.25__Fee-British","1","7","0","P","7","14","P Offer","P Liability Signal: 1;P Files: 1;D Answers: 1;P Abandons: 2","1,1,1,2","0.080450000000000008","false","1000.0025980560798","1000.0025980560798","5","0.45","0","999.97713967674588","0.025458379333940684","false"
"Specification-AllCostsSunkModerateRiskAversion__Cost-0.25__Fee-British","1","7","0","P","7","14","P Offer","P Liability Signal: 1;P Files: 1;D Answers: 1;P Abandons: 2","1,1,1,2","0.080450000000000008","false","1000.0025980560798","1000.0025980560798","6","0.55","0","999.95643457210736","0.046163483972463837","false"
"Specification-AllCostsSunkModerateRiskAversion__Cost-0.25__Fee-British","1","7","0","P","7","14","P Offer","P Liability Signal: 1;P Files: 1;D Answers: 1;P Abandons: 2","1,1,1,2","0.080450000000000008","false","1000.0025980560798","1000.0025980560798","7","0.65","0","999.95645840829184","0.04613964778798163","false"
"Specification-AllCostsSunkModerateRiskAversion__Cost-0.25__Fee-British","1","7","0","P","7","14","P Offer","P Liability Signal: 1;P Files: 1;D Answers: 1;P Abandons: 2","1,1,1,2","0.080450000000000008","false","1000.0025980560798","1000.0025980560798","8","0.75","0","999.95647997959884","0.046118076480979653","false"
"Specification-AllCostsSunkModerateRiskAversion__Cost-0.25__Fee-British","1","7","0","P","7","14","P Offer","P Liability Signal: 1;P Files: 1;D Answers: 1;P Abandons: 2","1,1,1,2","0.080450000000000008","false","1000.0025980560798","1000.0025980560798","9","0.85","0","999.95649950591962","0.046098550160195373","false"
"Specification-AllCostsSunkModerateRiskAversion__Cost-0.25__Fee-British","1","7","0","P","7","14","P Offer","P Liability Signal: 1;P Files: 1;D Answers: 1;P Abandons: 2","1,1,1,2","0.080450000000000008","false","1000.0025980560798","1000.0025980560798","10","0.95","0","999.95651716316695","0.046080892912868876","false"
"Specification-AllCostsSunkModerateRiskAversion__Cost-0.25__Fee-British","1","44","0","P","2","9","P Files","P Liability Signal: 2","2","0.097680000000000017","false","1000.0066973650751","1000.0066973650751","1","Yes","1","1000.0066973650751","0","true"
"Specification-AllCostsSunkModerateRiskAversion__Cost-0.25__Fee-British","1","44","0","P","2","9","P Files","P Liability Signal: 2","2","0.097680000000000017","false","1000.0066973650751","1000.0066973650751","2","No","0","1000.0000030774997","0.006694287575328417","false"
"Specification-AllCostsSunkModerateRiskAversion__Cost-0.25__Fee-British","1","45","0","P","5","20","P Abandons","P Liability Signal: 2;P Files: 1;D Answers: 1","2,1,1","0.097680000000000017","false","1000.0066973650751","1000.0066973650751","1","Yes","0","999.98650728457642","0.020190080498650786","false"
"Specification-AllCostsSunkModerateRiskAversion__Cost-0.25__Fee-British","1","45","0","P","5","20","P Abandons","P Liability Signal: 2;P Files: 1;D Answers: 1","2,1,1","0.097680000000000017","false","1000.0066973650751","1000.0066973650751","2","No","1","1000.0066973650751","0","true"
"Specification-AllCostsSunkModerateRiskAversion__Cost-0.25__Fee-British","1","46","0","P","7","14","P Offer","P Liability Signal: 2;P Files: 1;D Answers: 1;P Abandons: 1","2,1,1,1","0","true","","","1","0.05","0.10000000000000001","","",""
"Specification-AllCostsSunkModerateRiskAversion__Cost-0.25__Fee-British","1","46","0","P","7","14","P Offer","P Liability Signal: 2;P Files: 1;D Answers: 1;P Abandons: 1","2,1,1,1","0","true","","","2","0.15","0.10000000000000001","","",""
"Specification-AllCostsSunkModerateRiskAversion__Cost-0.25__Fee-British","1","46","0","P","7","14","P Offer","P Liability Signal: 2;P Files: 1;D Answers: 1;P Abandons: 1","2,1,1,1","0","true","","","3","0.25","0.10000000000000001","","",""
"Specification-AllCostsSunkModerateRiskAversion__Cost-0.25__Fee-British","1","46","0","P","7","14","P Offer","P Liability Signal: 2;P Files: 1;D Answers: 1;P Abandons: 1","2,1,1,1","0","true","","","4","0.35","0.10000000000000001","","",""
"Specification-AllCostsSunkModerateRiskAversion__Cost-0.25__Fee-British","1","46","0","P","7","14","P Offer","P Liability Signal: 2;P Files: 1;D Answers: 1;P Abandons: 1","2,1,1,1","0","true","","","5","0.45","0.10000000000000001","","",""
"Specification-AllCostsSunkModerateRiskAversion__Cost-0.25__Fee-British","1","46","0","P","7","14","P Offer","P Liability Signal: 2;P Files: 1;D Answers: 1;P Abandons: 1","2,1,1,1","0","true","","","6","0.55","0.10000000000000001","","",""
"Specification-AllCostsSunkModerateRiskAversion__Cost-0.25__Fee-British","1","46","0","P","7","14","P Offer","P Liability Signal: 2;P Files: 1;D Answers: 1;P Abandons: 1","2,1,1,1","0","true","","","7","0.65","0.10000000000000001","","",""
"Specification-AllCostsSunkModerateRiskAversion__Cost-0.25__Fee-British","1","46","0","P","7","14","P Offer","P Liability Signal: 2;P Files: 1;D Answers: 1;P Abandons: 1","2,1,1,1","0","true","","","8","0.75","0.10000000000000001","","",""
"Specification-AllCostsSunkModerateRiskAversion__Cost-0.25__Fee-British","1","46","0","P","7","14","P Offer","P Liability Signal: 2;P Files: 1;D Answers: 1;P Abandons: 1","2,1,1,1","0","true","","","9","0.85","0.10000000000000001","","",""
"Specification-AllCostsSunkModerateRiskAversion__Cost-0.25__Fee-British","1","46","0","P","7","14","P Offer","P Liability Signal: 2;P Files: 1;D Answers: 1;P Abandons: 1","2,1,1,1","0","true","","","10","0.95","0.10000000000000001","","",""
"Specification-AllCostsSunkModerateRiskAversion__Cost-0.25__Fee-British","1","47","0","P","7","14","P Offer","P Liability Signal: 2;P Files: 1;D Answers: 1;P Abandons: 2","2,1,1,2","0.097680000000000017","false","1000.0066973650751","1000.0066973650751","1","0.05","1","1000.0066973650751","0","true"
"Specification-AllCostsSunkModerateRiskAversion__Cost-0.25__Fee-British","1","47","0","P","7","14","P Offer","P Liability Signal: 2;P Files: 1;D Answers: 1;P Abandons: 2","2,1,1,2","0.097680000000000017","false","1000.0066973650751","1000.0066973650751","2","0.15","0","999.98275331353886","0.023944051536204825","false"
"Specification-AllCostsSunkModerateRiskAversion__Cost-0.25__Fee-British","1","47","0","P","7","14","P Offer","P Liability Signal: 2;P Files: 1;D Answers: 1;P Abandons: 2","2,1,1,2","0.097680000000000017","false","1000.0066973650751","1000.0066973650751","3","0.25","0","999.98545182487237","0.021245540202698976","false"
"Specification-AllCostsSunkModerateRiskAversion__Cost-0.25__Fee-British","1","47","0","P","7","14","P Offer","P Liability Signal: 2;P Files: 1;D Answers: 1;P Abandons: 2","2,1,1,2","0.097680000000000017","false","1000.0066973650751","1000.0066973650751","4","0.35","0","999.98789333734578","0.018804027729288464","false"
"Specification-AllCostsSunkModerateRiskAversion__Cost-0.25__Fee-British","1","47","0","P","7","14","P Offer","P Liability Signal: 2;P Files: 1;D Answers: 1;P Abandons: 2","2,1,1,2","0.097680000000000017","false","1000.0066973650751","1000.0066973650751","5","0.45","0","999.99010264700928","0.016594718065789493","false"
"Specification-AllCostsSunkModerateRiskAversion__Cost-0.25__Fee-British","1","47","0","P","7","14","P Offer","P Liability Signal: 2;P Files: 1;D Answers: 1;P Abandons: 2","2,1,1,2","0.097680000000000017","false","1000.0066973650751","1000.0066973650751","6","0.55","0","999.96716001502273","0.039537350052341935","false"
"Specification-AllCostsSunkModerateRiskAversion__Cost-0.25__Fee-British","1","47","0","P","7","14","P Offer","P Liability Signal: 2;P Files: 1;D Answers: 1;P Abandons: 2","2,1,1,2","0.097680000000000017","false","1000.0066973650751","1000.0066973650751","7","0.65","0","999.96721054037118","0.039486824703885759","false"
"Specification-AllCostsSunkModerateRiskAversion__Cost-0.25__Fee-British","1","47","0","P","7","14","P Offer","P Liability Signal: 2;P Files: 1;D Answers: 1;P Abandons: 2","2,1,1,2","0.097680000000000017","false","1000.0066973650751","1000.0066973650751","8","0.75","0","999.96725626487944","0.039441100195631407","false"
"Specification-AllCostsSunkModerateRiskAversion__Cost-0.25__Fee-British","1","47","0","P","7","14","P Offer","P Liability Signal: 2;P Files: 1;D Answers: 1;P Abandons: 2","2,1,1,2","0.097680000000000017","false","1000.0066973650751","1000.0066973650751","9","0.85","0","999.96729765464818","0.039399710426891943","false"
"Specification-AllCostsSunkModerateRiskAversion__Cost-0.25__Fee-British","1","47","0","P","7","14","P Offer","P Liability Signal: 2;P Files: 1;D Answers: 1;P Abandons: 2","2,1,1,2","0.097680000000000017","false","1000.0066973650751","1000.0066973650751","10","0.95","0","999.96733508255829","0.039362282516776759","false"
"Specification-AllCostsSunkModerateRiskAversion__Cost-0.25__Fee-British","1","48","0","P","2","9","P Files","P Liability Signal: 3","3","0.10618","false","1000.0129198211","1000.0129198211","1","Yes","1","1000.0129198211","0","true"
"Specification-AllCostsSunkModerateRiskAversion__Cost-0.25__Fee-British","1","48","0","P","2","9","P Files","P Liability Signal: 3","3","0.10618","false","1000.0129198211","1000.0129198211","2","No","0","1000.0000030774999","0.012916743600158043","false"
"Specification-AllCostsSunkModerateRiskAversion__Cost-0.25__Fee-British","1","49","0","P","5","20","P Abandons","P Liability Signal: 3;P Files: 1;D Answers: 1","3,1,1","0.10618","false","1000.0129198211","1000.0129198211001","1","Yes","0.94449118264561449","1000.0129198210998","3.4106051316484809E-13","true"
"Specification-AllCostsSunkModerateRiskAversion__Cost-0.25__Fee-British","1","49","0","P","5","20","P Abandons","P Liability Signal: 3;P Files: 1;D Answers: 1","3,1,1","0.10618","false","1000.0129198211","1000.0129198211001","2","No","0.055508817354385558","1000.0129198211001","0","true"
"Specification-AllCostsSunkModerateRiskAversion__Cost-0.25__Fee-British","1","50","0","P","7","14","P Offer","P Liability Signal: 3;P Files: 1;D Answers: 1;P Abandons: 1","3,1,1,1","0.10028607377331133","false","1000.0129198211001","1000.0129198211004","1","0.05","0","1000.0129198211004","0","true"
"Specification-AllCostsSunkModerateRiskAversion__Cost-0.25__Fee-British","1","50","0","P","7","14","P Offer","P Liability Signal: 3;P Files: 1;D Answers: 1;P Abandons: 1","3,1,1,1","0.10028607377331133","false","1000.0129198211001","1000.0129198211004","2","0.15","0","1000.0030697015195","0.0098501195808466946","false"
"Specification-AllCostsSunkModerateRiskAversion__Cost-0.25__Fee-British","1","50","0","P","7","14","P Offer","P Liability Signal: 3;P Files: 1;D Answers: 1;P Abandons: 1","3,1,1,1","0.10028607377331133","false","1000.0129198211001","1000.0129198211004","3","0.25","0","1000.0066864417822","0.0062333793181323927","false"
"Specification-AllCostsSunkModerateRiskAversion__Cost-0.25__Fee-British","1","50","0","P","7","14","P Offer","P Liability Signal: 3;P Files: 1;D Answers: 1;P Abandons: 1","3,1,1,1","0.10028607377331133","false","1000.0129198211001","1000.0129198211004","4","0.35","0","1000.0099587353718","0.0029610857285433667","false"
"Specification-AllCostsSunkModerateRiskAversion__Cost-0.25__Fee-British","1","50","0","P","7","14","P Offer","P Liability Signal: 3;P Files: 1;D Answers: 1;P Abandons: 1","3,1,1,1","0.10028607377331133","false","1000.0129198211001","1000.0129198211004","5","0.45","1","1000.0129198211001","2.2737367544323206E-13","true"
"Specification-AllCostsSunkModerateRiskAversion__Cost-0.25__Fee-British","1","50","0","P","7","14","P Offer","P Liability Signal: 3;P Files: 1;D Answers: 1;P Abandons: 1","3,1,1,1","0.10028607377331133","false","1000.0129198211001","1000.0129198211004","6","0.55","0","999.9767225461319","0.03619727496845826","false"
"Specification-AllCostsSunkModerateRiskAversion__Cost-0.25__Fee-British","1","50","0","P","7","14","P Offer","P Liability Signal: 3;P Files: 1;D Answers: 1;P Abandons: 1","3,1,1,1","0.10028607377331133","false","1000.0129198211001","1000.0129198211004","7","0.65","0","999.97683137349895","0.03608844760140073","false"
"Specification-AllCostsSunkModerateRiskAversion__Cost-0.25__Fee-British","1","50","0","P","7","14","P Offer","P Liability Signal: 3;P Files: 1;D Answers: 1;P Abandons: 1","3,1,1,1","0.10028607377331133","false","1000.0129198211001","1000.0129198211004","8","0.75","0","999.97692986025811","0.035989960842243818","false"
"Specification-AllCostsSunkModerateRiskAversion__Cost-0.25__Fee-British","1","50","0","P","7","14","P Offer","P Liability Signal: 3;P Files: 1;D Answers: 1;P Abandons: 1","3,1,1,1","0.10028607377331133","false","1000.0129198211001","1000.0129198211004","9","0.85","0","999.97701901035225","0.03590081074810314","false"
"Specification-AllCostsSunkModerateRiskAversion__Cost-0.25__Fee-British","1","50","0","P","7","14","P Offer","P Liability Signal: 3;P Files: 1;D Answers: 1;P Abandons: 1","3,1,1,1","0.10028607377331133","false","1000.0129198211001","1000.0129198211004","10","0.95","0","999.977099626935","0.035820194165353314","false"
"Specification-AllCostsSunkModerateRiskAversion__Cost-0.25__Fee-British","1","51","0","P","7","14","P Offer","P Liability Signal: 3;P Files: 1;D Answers: 1;P Abandons: 2","3,1,1,2","0.0058939262266886573","false","1000.0129198211004","1000.0129198211004","1","0.05","1","1000.0129198211004","0","true"
"Specification-AllCostsSunkModerateRiskAversion__Cost-0.25__Fee-British","1","51","0","P","7","14","P Offer","P Liability Signal: 3;P Files: 1;D Answers: 1;P Abandons: 2","3,1,1,2","0.0058939262266886573","false","1000.0129198211004","1000.0129198211004","2","0.15","0","999.99837993570532","0.014539885395038255","false"
"Specification-AllCostsSunkModerateRiskAversion__Cost-0.25__Fee-British","1","51","0","P","7","14","P Offer","P Liability Signal: 3;P Files: 1;D Answers: 1;P Abandons: 2","3,1,1,2","0.0058939262266886573","false","1000.0129198211004","1000.0129198211004","3","0.25","0","1000.0019966759677","0.010923145132665013","false"
"Specification-AllCostsSunkModerateRiskAversion__Cost-0.25__Fee-British","1","51","0","P","7","14","P Offer","P Liability Signal: 3;P Files: 1;D Answers: 1;P Abandons: 2","3,1,1,2","0.0058939262266886573","false","1000.0129198211004","1000.0129198211004","4","0.35","0","1000.0052689695575","0.0076508515428486135","false"
"Specification-AllCostsSunkModerateRiskAversion__Cost-0.25__Fee-British","1","51","0","P","7","14","P Offer","P Liability Signal: 3;P Files: 1;D Answers: 1;P Abandons: 2","3,1,1,2","0.0058939262266886573","false","1000.0129198211004","1000.0129198211004","5","0.45","0","1000.0082300552857","0.0046897658146463073","false"
"Specification-AllCostsSunkModerateRiskAversion__Cost-0.25__Fee-British","1","51","0","P","7","14","P Offer","P Liability Signal: 3;P Files: 1;D Answers: 1;P Abandons: 2","3,1,1,2","0.0058939262266886573","false","1000.0129198211004","1000.0129198211004","6","0.55","0","999.98426404103986","0.028655780060489633","false"
"Specification-AllCostsSunkModerateRiskAversion__Cost-0.25__Fee-British","1","51","0","P","7","14","P Offer","P Liability Signal: 3;P Files: 1;D Answers: 1;P Abandons: 2","3,1,1,2","0.0058939262266886573","false","1000.0129198211004","1000.0129198211004","7","0.65","0","999.98437286840681","0.028546952693545791","false"
"Specification-AllCostsSunkModerateRiskAversion__Cost-0.25__Fee-British","1","51","0","P","7","14","P Offer","P Liability Signal: 3;P Files: 1;D Answers: 1;P Abandons: 2","3,1,1,2","0.0058939262266886573","false","1000.0129198211004","1000.0129198211004","8","0.75","0","999.98447135516597","0.028448465934388878","false"
"Specification-AllCostsSunkModerateRiskAversion__Cost-0.25__Fee-British","1","51","0","P","7","14","P Offer","P Liability Signal: 3;P Files: 1;D Answers: 1;P Abandons: 2","3,1,1,2","0.0058939262266886573","false","1000.0129198211004","1000.0129198211004","9","0.85","0","999.98456050526011","0.0283593158402482","false"
"Specification-AllCostsSunkModerateRiskAversion__Cost-0.25__Fee-British","1","51","0","P","7","14","P Offer","P Liability Signal: 3;P Files: 1;D Answers: 1;P Abandons: 2","3,1,1,2","0.0058939262266886573","false","1000.0129198211004","1000.0129198211004","10","0.95","0","999.98464112184274","0.028278699257612061","false"
"Specification-AllCostsSunkModerateRiskAversion__Cost-0.25__Fee-British","1","52","0","P","2","9","P Files","P Liability Signal: 4","4","0.1081","false","1000.0310952786758","1000.0310952786758","1","Yes","1","1000.0310952786758","0","true"
"Specification-AllCostsSunkModerateRiskAversion__Cost-0.25__Fee-British","1","52","0","P","2","9","P Files","P Liability Signal: 4","4","0.1081","false","1000.0310952786758","1000.0310952786758","2","No","0","1000.0000030775","0.031092201175852097","false"
"Specification-AllCostsSunkModerateRiskAversion__Cost-0.25__Fee-British","1","53","0","P","5","20","P Abandons","P Liability Signal: 4;P Files: 1;D Answers: 1","4,1,1","0.1081","false","1000.0310952786758","1000.0310952786758","1","Yes","0","1000.0028947094511","0.028200569224736682","false"
"Specification-AllCostsSunkModerateRiskAversion__Cost-0.25__Fee-British","1","53","0","P","5","20","P Abandons","P Liability Signal: 4;P Files: 1;D Answers: 1","4,1,1","0.1081","false","1000.0310952786758","1000.0310952786758","2","No","1","1000.0310952786758","0","true"
"Specification-AllCostsSunkModerateRiskAversion__Cost-0.25__Fee-British","1","54","0","P","7","14","P Offer","P Liability Signal: 4;P Files: 1;D Answers: 1;P Abandons: 1","4,1,1,1","0","true","","","1","0.05","0.10000000000000001","","",""
"Specification-AllCostsSunkModerateRiskAversion__Cost-0.25__Fee-British","1","54","0","P","7","14","P Offer","P Liability Signal: 4;P Files: 1;D Answers: 1;P Abandons: 1","4,1,1,1","0","true","","","2","0.15","0.10000000000000001","","",""
"Specification-AllCostsSunkModerateRiskAversion__Cost-0.25__Fee-British","1","54","0","P","7","14","P Offer","P Liability Signal: 4;P Files: 1;D Answers: 1;P Abandons: 1","4,1,1,1","0","true","","","3","0.25","0.10000000000000001","","",""
"Specification-AllCostsSunkModerateRiskAversion__Cost-0.25__Fee-British","1","54","0","P","7","14","P Offer","P Liability Signal: 4;P Files: 1;D Answers: 1;P Abandons: 1","4,1,1,1","0","true","","","4","0.35","0.10000000000000001","","",""
"Specification-AllCostsSunkModerateRiskAversion__Cost-0.25__Fee-British","1","54","0","P","7","14","P Offer","P Liability Signal: 4;P Files: 1;D Answers: 1;P Abandons: 1","4,1,1,1","0","true","","","5","0.45","0.10000000000000001","","",""
"Specification-AllCostsSunkModerateRiskAversion__Cost-0.25__Fee-British","1","54","0","P","7","14","P Offer","P Liability Signal: 4;P Files: 1;D Answers: 1;P Abandons: 1","4,1,1,1","0","true","","","6","0.55","0.10000000000000001","","",""
"Specification-AllCostsSunkModerateRiskAversion__Cost-0.25__Fee-British","1","54","0","P","7","14","P Offer","P Liability Signal: 4;P Files: 1;D Answers: 1;P Abandons: 1","4,1,1,1","0","true","","","7","0.65","0.10000000000000001","","",""
"Specification-AllCostsSunkModerateRiskAversion__Cost-0.25__Fee-British","1","54","0","P","7","14","P Offer","P Liability Signal: 4;P Files: 1;D Answers: 1;P Abandons: 1","4,1,1,1","0","true","","","8","0.75","0.10000000000000001","","",""
"Specification-AllCostsSunkModerateRiskAversion__Cost-0.25__Fee-British","1","54","0","P","7","14","P Offer","P Liability Signal: 4;P Files: 1;D Answers: 1;P Abandons: 1","4,1,1,1","0","true","","","9","0.85","0.10000000000000001","","",""
"Specification-AllCostsSunkModerateRiskAversion__Cost-0.25__Fee-British","1","54","0","P","7","14","P Offer","P Liability Signal: 4;P Files: 1;D Answers: 1;P Abandons: 1","4,1,1,1","0","true","","","10","0.95","0.10000000000000001","","",""
"Specification-AllCostsSunkModerateRiskAversion__Cost-0.25__Fee-British","1","55","0","P","7","14","P Offer","P Liability Signal: 4;P Files: 1;D Answers: 1;P Abandons: 2","4,1,1,2","0.1081","false","1000.0310952786758","1000.0310952786758","1","0.05","0","1000.021712294173","0.0093829845028494674","false"
"Specification-AllCostsSunkModerateRiskAversion__Cost-0.25__Fee-British","1","55","0","P","7","14","P Offer","P Liability Signal: 4;P Files: 1;D Answers: 1;P Abandons: 2","4,1,1,2","0.1081","false","1000.0310952786758","1000.0310952786758","2","0.15","0","1000.017998782756","0.013096495919853623","false"
"Specification-AllCostsSunkModerateRiskAversion__Cost-0.25__Fee-British","1","55","0","P","7","14","P Offer","P Liability Signal: 4;P Files: 1;D Answers: 1;P Abandons: 2","4,1,1,2","0.1081","false","1000.0310952786758","1000.0310952786758","3","0.25","0","1000.0228075107725","0.0082877679033117602","false"
"Specification-AllCostsSunkModerateRiskAversion__Cost-0.25__Fee-British","1","55","0","P","7","14","P Offer","P Liability Signal: 4;P Files: 1;D Answers: 1;P Abandons: 2","4,1,1,2","0.1081","false","1000.0310952786758","1000.0310952786758","4","0.35","0","1000.0271582746703","0.0039370040054791389","false"
"Specification-AllCostsSunkModerateRiskAversion__Cost-0.25__Fee-British","1","55","0","P","7","14","P Offer","P Liability Signal: 4;P Files: 1;D Answers: 1;P Abandons: 2","4,1,1,2","0.1081","false","1000.0310952786758","1000.0310952786758","5","0.45","1","1000.0310952786758","0","true"
"Specification-AllCostsSunkModerateRiskAversion__Cost-0.25__Fee-British","1","55","0","P","7","14","P Offer","P Liability Signal: 4;P Files: 1;D Answers: 1;P Abandons: 2","4,1,1,2","0.1081","false","1000.0310952786758","1000.0310952786758","6","0.55","0","1000.0091443274011","0.02195095127467539","false"
"Specification-AllCostsSunkModerateRiskAversion__Cost-0.25__Fee-British","1","55","0","P","7","14","P Offer","P Liability Signal: 4;P Files: 1;D Answers: 1;P Abandons: 2","4,1,1,2","0.1081","false","1000.0310952786758","1000.0310952786758","7","0.65","0","1000.0093714613901","0.02172381728576056","false"
"Specification-AllCostsSunkModerateRiskAversion__Cost-0.25__Fee-British","1","55","0","P","7","14","P Offer","P Liability Signal: 4;P Files: 1;D Answers: 1;P Abandons: 2","4,1,1,2","0.1081","false","1000.0310952786758","1000.0310952786758","8","0.75","0","1000.0095770134592","0.021518265216627697","false"
"Specification-AllCostsSunkModerateRiskAversion__Cost-0.25__Fee-British","1","55","0","P","7","14","P Offer","P Liability Signal: 4;P Files: 1;D Answers: 1;P Abandons: 2","4,1,1,2","0.1081","false","1000.0310952786758","1000.0310952786758","9","0.85","0","1000.0097630789408","0.02133219973507039","false"
"Specification-AllCostsSunkModerateRiskAversion__Cost-0.25__Fee-British","1","55","0","P","7","14","P Offer","P Liability Signal: 4;P Files: 1;D Answers: 1;P Abandons: 2","4,1,1,2","0.1081","false","1000.0310952786758","1000.0310952786758","10","0.95","0","1000.0099313341004","0.021163944575391724","false"
"Specification-AllCostsSunkModerateRiskAversion__Cost-0.25__Fee-British","1","56","0","P","2","9","P Files","P Liability Signal: 5","5","0.1076","false","1000.0558491063291","1000.0558491063291","1","Yes","1","1000.0558491063291","0","true"
"Specification-AllCostsSunkModerateRiskAversion__Cost-0.25__Fee-British","1","56","0","P","2","9","P Files","P Liability Signal: 5","5","0.1076","false","1000.0558491063291","1000.0558491063291","2","No","0","1000.0000030775001","0.055846028829023453","false"
"Specification-AllCostsSunkModerateRiskAversion__Cost-0.25__Fee-British","1","57","0","P","5","20","P Abandons","P Liability Signal: 5;P Files: 1;D Answers: 1","5,1,1","0.1076","false","1000.0558491063291","1000.0558491063291","1","Yes","0","1000.0164406470147","0.039408459314358879","false"
"Specification-AllCostsSunkModerateRiskAversion__Cost-0.25__Fee-British","1","57","0","P","5","20","P Abandons","P Liability Signal: 5;P Files: 1;D Answers: 1","5,1,1","0.1076","false","1000.0558491063291","1000.0558491063291","2","No","1","1000.0558491063291","0","true"
"Specification-AllCostsSunkModerateRiskAversion__Cost-0.25__Fee-British","1","58","0","P","7","14","P Offer","P Liability Signal: 5;P Files: 1;D Answers: 1;P Abandons: 1","5,1,1,1","0","true","","","1","0.05","0.10000000000000001","","",""
"Specification-AllCostsSunkModerateRiskAversion__Cost-0.25__Fee-British","1","58","0","P","7","14","P Offer","P Liability Signal: 5;P Files: 1;D Answers: 1;P Abandons: 1","5,1,1,1","0","true","","","2","0.15","0.10000000000000001","","",""
"Specification-AllCostsSunkModerateRiskAversion__Cost-0.25__Fee-British","1","58","0","P","7","14","P Offer","P Liability Signal: 5;P Files: 1;D Answers: 1;P Abandons: 1","5,1,1,1","0","true","","","3","0.25","0.10000000000000001","","",""
"Specification-AllCostsSunkModerateRiskAversion__Cost-0.25__Fee-British","1","58","0","P","7","14","P Offer","P Liability Signal: 5;P Files: 1;D Answers: 1;P Abandons: 1","5,1,1,1","0","true","","","4","0.35","0.10000000000000001","","",""
"Specification-AllCostsSunkModerateRiskAversion__Cost-0.25__Fee-British","1","58","0","P","7","14","P Offer","P Liability Signal: 5;P Files: 1;D Answers: 1;P Abandons: 1","5,1,1,1","0","true","","","5","0.45","0.10000000000000001","","",""
"Specification-AllCostsSunkModerateRiskAversion__Cost-0.25__Fee-British","1","58","0","P","7","14","P Offer","P Liability Signal: 5;P Files: 1;D Answers: 1;P Abandons: 1","5,1,1,1","0","true","","","6","0.55","0.10000000000000001","","",""
"Specification-AllCostsSunkModerateRiskAversion__Cost-0.25__Fee-British","1","58","0","P","7","14","P Offer","P Liability Signal: 5;P Files: 1;D Answers: 1;P Abandons: 1","5,1,1,1","0","true","","","7","0.65","0.10000000000000001","","",""
"Specification-AllCostsSunkModerateRiskAversion__Cost-0.25__Fee-British","1","58","0","P","7","14","P Offer","P Liability Signal: 5;P Files: 1;D Answers: 1;P Abandons: 1","5,1,1,1","0","true","","","8","0.75","0.10000000000000001","","",""
"Specification-AllCostsSunkModerateRiskAversion__Cost-0.25__Fee-British","1","58","0","P","7","14","P Offer","P Liability Signal: 5;P Files: 1;D Answers: 1;P Abandons: 1","5,1,1,1","0","true","","","9","0.85","0.10000000000000001","","",""
"Specification-AllCostsSunkModerateRiskAversion__Cost-0.25__Fee-British","1","58","0","P","7","14","P Offer","P Liability Signal: 5;P Files: 1;D Answers: 1;P Abandons: 1","5,1,1,1","0","true","","","10","0.95","0.10000000000000001","","",""
"Specification-AllCostsSunkModerateRiskAversion__Cost-0.25__Fee-British","1","59","0","P","7","14","P Offer","P Liability Signal: 5;P Files: 1;D Answers: 1;P Abandons: 2","5,1,1,2","0.1076","false","1000.0558491063291","1000.0558491063291","1","0.05","0","1000.0328029596596","0.023046146669457812","false"
"Specification-AllCostsSunkModerateRiskAversion__Cost-0.25__Fee-British","1","59","0","P","7","14","P Offer","P Liability Signal: 5;P Files: 1;D Answers: 1;P Abandons: 2","5,1,1,2","0.1076","false","1000.0558491063291","1000.0558491063291","2","0.15","0","1000.0391555797173","0.016693526611788911","false"
"Specification-AllCostsSunkModerateRiskAversion__Cost-0.25__Fee-British","1","59","0","P","7","14","P Offer","P Liability Signal: 5;P Files: 1;D Answers: 1;P Abandons: 2","5,1,1,2","0.1076","false","1000.0558491063291","1000.0558491063291","3","0.25","0","1000.0452850392154","0.010564067113705278","false"
"Specification-AllCostsSunkModerateRiskAversion__Cost-0.25__Fee-British","1","59","0","P","7","14","P Offer","P Liability Signal: 5;P Files: 1;D Answers: 1;P Abandons: 2","5,1,1,2","0.1076","false","1000.0558491063291","1000.0558491063291","4","0.35","0","1000.0508307599342","0.0050183463948769713","false"
"Specification-AllCostsSunkModerateRiskAversion__Cost-0.25__Fee-British","1","59","0","P","7","14","P Offer","P Liability Signal: 5;P Files: 1;D Answers: 1;P Abandons: 2","5,1,1,2","0.1076","false","1000.0558491063291","1000.0558491063291","5","0.45","1","1000.0558491063291","0","true"
"Specification-AllCostsSunkModerateRiskAversion__Cost-0.25__Fee-British","1","59","0","P","7","14","P Offer","P Liability Signal: 5;P Files: 1;D Answers: 1;P Abandons: 2","5,1,1,2","0.1076","false","1000.0558491063291","1000.0558491063291","6","0.55","0","1000.0404485738123","0.015400532516764542","false"
"Specification-AllCostsSunkModerateRiskAversion__Cost-0.25__Fee-British","1","59","0","P","7","14","P Offer","P Liability Signal: 5;P Files: 1;D Answers: 1;P Abandons: 2","5,1,1,2","0.1076","false","1000.0558491063291","1000.0558491063291","7","0.65","0","1000.0408871964178","0.014961909911335169","false"
"Specification-AllCostsSunkModerateRiskAversion__Cost-0.25__Fee-British","1","59","0","P","7","14","P Offer","P Liability Signal: 5;P Files: 1;D Answers: 1;P Abandons: 2","5,1,1,2","0.1076","false","1000.0558491063291","1000.0558491063291","8","0.75","0","1000.0412841417833","0.01456496454579792","false"
"Specification-AllCostsSunkModerateRiskAversion__Cost-0.25__Fee-British","1","59","0","P","7","14","P Offer","P Liability Signal: 5;P Files: 1;D Answers: 1;P Abandons: 2","5,1,1,2","0.1076","false","1000.0558491063291","1000.0558491063291","9","0.85","0","1000.0416434562424","0.01420565008675112","false"
"Specification-AllCostsSunkModerateRiskAversion__Cost-0.25__Fee-British","1","59","0","P","7","14","P Offer","P Liability Signal: 5;P Files: 1;D Answers: 1;P Abandons: 2","5,1,1,2","0.1076","false","1000.0558491063291","1000.0558491063291","10","0.95","0","1000.0419683768628","0.013880729466336561","false"
"Specification-AllCostsSunkModerateRiskAversion__Cost-0.25__Fee-British","1","60","0","P","2","9","P Files","P Liability Signal: 6","6","0.10759999999999999","false","1000.0780826907669","1000.0780826907669","1","Yes","1","1000.0780826907669","0","true"
"Specification-AllCostsSunkModerateRiskAversion__Cost-0.25__Fee-British","1","60","0","P","2","9","P Files","P Liability Signal: 6","6","0.10759999999999999","false","1000.0780826907669","1000.0780826907669","2","No","0","1000.0000030775","0.078079613266936576","false"
"Specification-AllCostsSunkModerateRiskAversion__Cost-0.25__Fee-British","1","61","0","P","5","20","P Abandons","P Liability Signal: 6;P Files: 1;D Answers: 1","6,1,1","0.10759999999999999","false","1000.0780826907669","1000.0780826907669","1","Yes","0","1000.032616551038","0.045466139728887356","false"
"Specification-AllCostsSunkModerateRiskAversion__Cost-0.25__Fee-British","1","61","0","P","5","20","P Abandons","P Liability Signal: 6;P Files: 1;D Answers: 1","6,1,1","0.10759999999999999","false","1000.0780826907669","1000.0780826907669","2","No","1","1000.0780826907669","0","true"
"Specification-AllCostsSunkModerateRiskAversion__Cost-0.25__Fee-British","1","62","0","P","7","14","P Offer","P Liability Signal: 6;P Files: 1;D Answers: 1;P Abandons: 1","6,1,1,1","0","true","","","1","0.05","0.10000000000000001","","",""
"Specification-AllCostsSunkModerateRiskAversion__Cost-0.25__Fee-British","1","62","0","P","7","14","P Offer","P Liability Signal: 6;P Files: 1;D Answers: 1;P Abandons: 1","6,1,1,1","0","true","","","2","0.15","0.10000000000000001","","",""
"Specification-AllCostsSunkModerateRiskAversion__Cost-0.25__Fee-British","1","62","0","P","7","14","P Offer","P Liability Signal: 6;P Files: 1;D Answers: 1;P Abandons: 1","6,1,1,1","0","true","","","3","0.25","0.10000000000000001","","",""
"Specification-AllCostsSunkModerateRiskAversion__Cost-0.25__Fee-British","1","62","0","P","7","14","P Offer","P Liability Signal: 6;P Files: 1;D Answers: 1;P Abandons: 1","6,1,1,1","0","true","","","4","0.35","0.10000000000000001","","",""
"Specification-AllCostsSunkModerateRiskAversion__Cost-0.25__Fee-British","1","62","0","P","7","14","P Offer","P Liability Signal: 6;P Files: 1;D Answers: 1;P Abandons: 1","6,1,1,1","0","true","","","5","0.45","0.10000000000000001","","",""
"Specification-AllCostsSunkModerateRiskAversion__Cost-0.25__Fee-British","1","62","0","P","7","14","P Offer","P Liability Signal: 6;P Files: 1;D Answers: 1;P Abandons: 1","6,1,1,1","0","true","","","6","0.55","0.10000000000000001","","",""
"Specification-AllCostsSunkModerateRiskAversion__Cost-0.25__Fee-British","1","62","0","P","7","14","P Offer","P Liability Signal: 6;P Files: 1;D Answers: 1;P Abandons: 1","6,1,1,1","0","true","","","7","0.65","0.10000000000000001","","",""
"Specification-AllCostsSunkModerateRiskAversion__Cost-0.25__Fee-British","1","62","0","P","7","14","P Offer","P Liability Signal: 6;P Files: 1;D Answers: 1;P Abandons: 1","6,1,1,1","0","true","","","8","0.75","0.10000000000000001","","",""
"Specification-AllCostsSunkModerateRiskAversion__Cost-0.25__Fee-British","1","62","0","P","7","14","P Offer","P Liability Signal: 6;P Files: 1;D Answers: 1;P Abandons: 1","6,1,1,1","0","true","","","9","0.85","0.10000000000000001","","",""
"Specification-AllCostsSunkModerateRiskAversion__Cost-0.25__Fee-British","1","62","0","P","7","14","P Offer","P Liability Signal: 6;P Files: 1;D Answers: 1;P Abandons: 1","6,1,1,1","0","true","","","10","0.95","0.10000000000000001","","",""
"Specification-AllCostsSunkModerateRiskAversion__Cost-0.25__Fee-British","1","63","0","P","7","14","P Offer","P Liability Signal: 6;P Files: 1;D Answers: 1;P Abandons: 2","6,1,1,2","0.10759999999999999","false","1000.0780826907669","1000.0780826907669","1","0.05","0","1000.0449155627865","0.033167127980391342","false"
"Specification-AllCostsSunkModerateRiskAversion__Cost-0.25__Fee-British","1","63","0","P","7","14","P Offer","P Liability Signal: 6;P Files: 1;D Answers: 1;P Abandons: 2","6,1,1,2","0.10759999999999999","false","1000.0780826907669","1000.0780826907669","2","0.15","0","1000.0581530692925","0.019929621474375381","false"
"Specification-AllCostsSunkModerateRiskAversion__Cost-0.25__Fee-British","1","63","0","P","7","14","P Offer","P Liability Signal: 6;P Files: 1;D Answers: 1;P Abandons: 2","6,1,1,2","0.10759999999999999","false","1000.0780826907669","1000.0780826907669","3","0.25","0","1000.0654707222462","0.012611968520673145","false"
"Specification-AllCostsSunkModerateRiskAversion__Cost-0.25__Fee-British","1","63","0","P","7","14","P Offer","P Liability Signal: 6;P Files: 1;D Answers: 1;P Abandons: 2","6,1,1,2","0.10759999999999999","false","1000.0780826907669","1000.0780826907669","4","0.35","0","1000.0720914890891","0.0059912016778298494","false"
"Specification-AllCostsSunkModerateRiskAversion__Cost-0.25__Fee-British","1","63","0","P","7","14","P Offer","P Liability Signal: 6;P Files: 1;D Answers: 1;P Abandons: 2","6,1,1,2","0.10759999999999999","false","1000.0780826907669","1000.0780826907669","5","0.45","1","1000.0780826907669","0","true"
"Specification-AllCostsSunkModerateRiskAversion__Cost-0.25__Fee-British","1","63","0","P","7","14","P Offer","P Liability Signal: 6;P Files: 1;D Answers: 1;P Abandons: 2","6,1,1,2","0.10759999999999999","false","1000.0780826907669","1000.0780826907669","6","0.55","0","1000.0731315937613","0.0049510970055735015","false"
"Specification-AllCostsSunkModerateRiskAversion__Cost-0.25__Fee-British","1","63","0","P","7","14","P Offer","P Liability Signal: 6;P Files: 1;D Answers: 1;P Abandons: 2","6,1,1,2","0.10759999999999999","false","1000.0780826907669","1000.0780826907669","7","0.65","0","1000.0738877714028","0.004194919364067573","false"
"Specification-AllCostsSunkModerateRiskAversion__Cost-0.25__Fee-British","1","63","0","P","7","14","P Offer","P Liability Signal: 6;P Files: 1;D Answers: 1;P Abandons: 2","6,1,1,2","0.10759999999999999","false","1000.0780826907669","1000.0780826907669","8","0.75","0","1000.0745720982168","0.0035105925501284219","false"
"Specification-AllCostsSunkModerateRiskAversion__Cost-0.25__Fee-British","1","63","0","P","7","14","P Offer","P Liability Signal: 6;P Files: 1;D Answers: 1;P Abandons: 2","6,1,1,2","0.10759999999999999","false","1000.0780826907669","1000.0780826907669","9","0.85","0","1000.0751915500116","0.0028911407553096069","false"
"Specification-AllCostsSunkModerateRiskAversion__Cost-0.25__Fee-British","1","63","0","P","7","14","P Offer","P Liability Signal: 6;P Files: 1;D Answers: 1;P Abandons: 2","6,1,1,2","0.10759999999999999","false","1000.0780826907669","1000.0780826907669","10","0.95","0","1000.0757517074341","0.0023309833328539753","false"
"Specification-AllCostsSunkModerateRiskAversion__Cost-0.25__Fee-British","1","64","0","P","2","9","P Files","P Liability Signal: 7","7","0.10809999999999999","false","1000.1049601503529","1000.1049601503529","1","Yes","1","1000.1049601503529","0","true"
"Specification-AllCostsSunkModerateRiskAversion__Cost-0.25__Fee-British","1","64","0","P","2","9","P Files","P Liability Signal: 7","7","0.10809999999999999","false","1000.1049601503529","1000.1049601503529","2","No","0","1000.0000030775","0.1049570728529261","false"
"Specification-AllCostsSunkModerateRiskAversion__Cost-0.25__Fee-British","1","65","0","P","5","20","P Abandons","P Liability Signal: 7;P Files: 1;D Answers: 1","7,1,1","0.10809999999999999","false","1000.1049601503529","1000.1049601503529","1","Yes","0","1000.0491480718362","0.055812078516737529","false"
"Specification-AllCostsSunkModerateRiskAversion__Cost-0.25__Fee-British","1","65","0","P","5","20","P Abandons","P Liability Signal: 7;P Files: 1;D Answers: 1","7,1,1","0.10809999999999999","false","1000.1049601503529","1000.1049601503529","2","No","1","1000.1049601503529","0","true"
"Specification-AllCostsSunkModerateRiskAversion__Cost-0.25__Fee-British","1","66","0","P","7","14","P Offer","P Liability Signal: 7;P Files: 1;D Answers: 1;P Abandons: 1","7,1,1,1","0","true","","","1","0.05","0.10000000000000001","","",""
"Specification-AllCostsSunkModerateRiskAversion__Cost-0.25__Fee-British","1","66","0","P","7","14","P Offer","P Liability Signal: 7;P Files: 1;D Answers: 1;P Abandons: 1","7,1,1,1","0","true","","","2","0.15","0.10000000000000001","","",""
"Specification-AllCostsSunkModerateRiskAversion__Cost-0.25__Fee-British","1","66","0","P","7","14","P Offer","P Liability Signal: 7;P Files: 1;D Answers: 1;P Abandons: 1","7,1,1,1","0","true","","","3","0.25","0.10000000000000001","","",""
"Specification-AllCostsSunkModerateRiskAversion__Cost-0.25__Fee-British","1","66","0","P","7","14","P Offer","P Liability Signal: 7;P Files: 1;D Answers: 1;P Abandons: 1","7,1,1,1","0","true","","","4","0.35","0.10000000000000001","","",""
"Specification-AllCostsSunkModerateRiskAversion__Cost-0.25__Fee-British","1","66","0","P","7","14","P Offer","P Liability Signal: 7;P Files: 1;D Answers: 1;P Abandons: 1","7,1,1,1","0","true","","","5","0.45","0.10000000000000001","","",""
"Specification-AllCostsSunkModerateRiskAversion__Cost-0.25__Fee-British","1","66","0","P","7","14","P Offer","P Liability Signal: 7;P Files: 1;D Answers: 1;P Abandons: 1","7,1,1,1","0","true","","","6","0.55","0.10000000000000001","","",""
"Specification-AllCostsSunkModerateRiskAversion__Cost-0.25__Fee-British","1","66","0","P","7","14","P Offer","P Liability Signal: 7;P Files: 1;D Answers: 1;P Abandons: 1","7,1,1,1","0","true","","","7","0.65","0.10000000000000001","","",""
"Specification-AllCostsSunkModerateRiskAversion__Cost-0.25__Fee-British","1","66","0","P","7","14","P Offer","P Liability Signal: 7;P Files: 1;D Answers: 1;P Abandons: 1","7,1,1,1","0","true","","","8","0.75","0.10000000000000001","","",""
"Specification-AllCostsSunkModerateRiskAversion__Cost-0.25__Fee-British","1","66","0","P","7","14","P Offer","P Liability Signal: 7;P Files: 1;D Answers: 1;P Abandons: 1","7,1,1,1","0","true","","","9","0.85","0.10000000000000001","","",""
"Specification-AllCostsSunkModerateRiskAversion__Cost-0.25__Fee-British","1","66","0","P","7","14","P Offer","P Liability Signal: 7;P Files: 1;D Answers: 1;P Abandons: 1","7,1,1,1","0","true","","","10","0.95","0.10000000000000001","","",""
"Specification-AllCostsSunkModerateRiskAversion__Cost-0.25__Fee-British","1","67","0","P","7","14","P Offer","P Liability Signal: 7;P Files: 1;D Answers: 1;P Abandons: 2","7,1,1,2","0.10809999999999999","false","1000.1049601503529","1000.1049601503529","1","0.05","0","1000.0562727881631","0.048687362189753003","false"
"Specification-AllCostsSunkModerateRiskAversion__Cost-0.25__Fee-British","1","67","0","P","7","14","P Offer","P Liability Signal: 7;P Files: 1;D Answers: 1;P Abandons: 2","7,1,1,2","0.10809999999999999","false","1000.1049601503529","1000.1049601503529","2","0.15","0","1000.072396715971","0.032563434381927436","false"
"Specification-AllCostsSunkModerateRiskAversion__Cost-0.25__Fee-British","1","67","0","P","7","14","P Offer","P Liability Signal: 7;P Files: 1;D Answers: 1;P Abandons: 2","7,1,1,2","0.10809999999999999","false","1000.1049601503529","1000.1049601503529","3","0.25","0","1000.0805534375708","0.024406712782138129","false"
"Specification-AllCostsSunkModerateRiskAversion__Cost-0.25__Fee-British","1","67","0","P","7","14","P Offer","P Liability Signal: 7;P Files: 1;D Answers: 1;P Abandons: 2","7,1,1,2","0.10809999999999999","false","1000.1049601503529","1000.1049601503529","4","0.35","0","1000.0879333789542","0.017026771398718665","false"
"Specification-AllCostsSunkModerateRiskAversion__Cost-0.25__Fee-British","1","67","0","P","7","14","P Offer","P Liability Signal: 7;P Files: 1;D Answers: 1;P Abandons: 2","7,1,1,2","0.10809999999999999","false","1000.1049601503529","1000.1049601503529","5","0.45","0","1000.0946116199866","0.010348530366286468","false"
"Specification-AllCostsSunkModerateRiskAversion__Cost-0.25__Fee-British","1","67","0","P","7","14","P Offer","P Liability Signal: 7;P Files: 1;D Answers: 1;P Abandons: 2","7,1,1,2","0.10809999999999999","false","1000.1049601503529","1000.1049601503529","6","0.55","0","1000.1009838213271","0.003976329025817904","false"
"Specification-AllCostsSunkModerateRiskAversion__Cost-0.25__Fee-British","1","67","0","P","7","14","P Offer","P Liability Signal: 7;P Files: 1;D Answers: 1;P Abandons: 2","7,1,1,2","0.10809999999999999","false","1000.1049601503529","1000.1049601503529","7","0.65","0","1000.1021314093634","0.0028287409894574012","false"
"Specification-AllCostsSunkModerateRiskAversion__Cost-0.25__Fee-British","1","67","0","P","7","14","P Offer","P Liability Signal: 7;P Files: 1;D Answers: 1;P Abandons: 2","7,1,1,2","0.10809999999999999","false","1000.1049601503529","1000.1049601503529","8","0.75","0","1000.1031699553629","0.0017901949900078762","false"
"Specification-AllCostsSunkModerateRiskAversion__Cost-0.25__Fee-British","1","67","0","P","7","14","P Offer","P Liability Signal: 7;P Files: 1;D Answers: 1;P Abandons: 2","7,1,1,2","0.10809999999999999","false","1000.1049601503529","1000.1049601503529","9","0.85","0","1000.1041100459314","0.00085010442148814036","false"
"Specification-AllCostsSunkModerateRiskAversion__Cost-0.25__Fee-British","1","67","0","P","7","14","P Offer","P Liability Signal: 7;P Files: 1;D Answers: 1;P Abandons: 2","7,1,1,2","0.10809999999999999","false","1000.1049601503529","1000.1049601503529","10","0.95","1","1000.1049601503529","0","true"
"Specification-AllCostsSunkModerateRiskAversion__Cost-0.25__Fee-British","1","68","0","P","2","9","P Files","P Liability Signal: 8","8","0.10618","false","1000.1259579285351","1000.1259579285351","1","Yes","1","1000.1259579285351","0","true"
"Specification-AllCostsSunkModerateRiskAversion__Cost-0.25__Fee-British","1","68","0","P","2","9","P Files","P Liability Signal: 8","8","0.10618","false","1000.1259579285351","1000.1259579285351","2","No","0","1000.0000030774999","0.12595485103520332","false"
"Specification-AllCostsSunkModerateRiskAversion__Cost-0.25__Fee-British","1","69","0","P","5","20","P Abandons","P Liability Signal: 8;P Files: 1;D Answers: 1","8,1,1","0.10618","false","1000.1259579285351","1000.1259579285351","1","Yes","0","1000.0637016498823","0.062256278652739638","false"
"Specification-AllCostsSunkModerateRiskAversion__Cost-0.25__Fee-British","1","69","0","P","5","20","P Abandons","P Liability Signal: 8;P Files: 1;D Answers: 1","8,1,1","0.10618","false","1000.1259579285351","1000.1259579285351","2","No","1","1000.1259579285351","0","true"
"Specification-AllCostsSunkModerateRiskAversion__Cost-0.25__Fee-British","1","70","0","P","7","14","P Offer","P Liability Signal: 8;P Files: 1;D Answers: 1;P Abandons: 1","8,1,1,1","0","true","","","1","0.05","0.10000000000000001","","",""
"Specification-AllCostsSunkModerateRiskAversion__Cost-0.25__Fee-British","1","70","0","P","7","14","P Offer","P Liability Signal: 8;P Files: 1;D Answers: 1;P Abandons: 1","8,1,1,1","0","true","","","2","0.15","0.10000000000000001","","",""
"Specification-AllCostsSunkModerateRiskAversion__Cost-0.25__Fee-British","1","70","0","P","7","14","P Offer","P Liability Signal: 8;P Files: 1;D Answers: 1;P Abandons: 1","8,1,1,1","0","true","","","3","0.25","0.10000000000000001","","",""
"Specification-AllCostsSunkModerateRiskAversion__Cost-0.25__Fee-British","1","70","0","P","7","14","P Offer","P Liability Signal: 8;P Files: 1;D Answers: 1;P Abandons: 1","8,1,1,1","0","true","","","4","0.35","0.10000000000000001","","",""
"Specification-AllCostsSunkModerateRiskAversion__Cost-0.25__Fee-British","1","70","0","P","7","14","P Offer","P Liability Signal: 8;P Files: 1;D Answers: 1;P Abandons: 1","8,1,1,1","0","true","","","5","0.45","0.10000000000000001","","",""
"Specification-AllCostsSunkModerateRiskAversion__Cost-0.25__Fee-British","1","70","0","P","7","14","P Offer","P Liability Signal: 8;P Files: 1;D Answers: 1;P Abandons: 1","8,1,1,1","0","true","","","6","0.55","0.10000000000000001","","",""
"Specification-AllCostsSunkModerateRiskAversion__Cost-0.25__Fee-British","1","70","0","P","7","14","P Offer","P Liability Signal: 8;P Files: 1;D Answers: 1;P Abandons: 1","8,1,1,1","0","true","","","7","0.65","0.10000000000000001","","",""
"Specification-AllCostsSunkModerateRiskAversion__Cost-0.25__Fee-British","1","70","0","P","7","14","P Offer","P Liability Signal: 8;P Files: 1;D Answers: 1;P Abandons: 1","8,1,1,1","0","true","","","8","0.75","0.10000000000000001","","",""
"Specification-AllCostsSunkModerateRiskAversion__Cost-0.25__Fee-British","1","70","0","P","7","14","P Offer","P Liability Signal: 8;P Files: 1;D Answers: 1;P Abandons: 1","8,1,1,1","0","true","","","9","0.85","0.10000000000000001","","",""
"Specification-AllCostsSunkModerateRiskAversion__Cost-0.25__Fee-British","1","70","0","P","7","14","P Offer","P Liability Signal: 8;P Files: 1;D Answers: 1;P Abandons: 1","8,1,1,1","0","true","","","10","0.95","0.10000000000000001","","",""
"Specification-AllCostsSunkModerateRiskAversion__Cost-0.25__Fee-British","1","71","0","P","7","14","P Offer","P Liability Signal: 8;P Files: 1;D Answers: 1;P Abandons: 2","8,1,1,2","0.10618","false","1000.1259579285351","1000.1259579285351","1","0.05","0","1000.0655525316729","0.060405396862165617","false"
"Specification-AllCostsSunkModerateRiskAversion__Cost-0.25__Fee-British","1","71","0","P","7","14","P Offer","P Liability Signal: 8;P Files: 1;D Answers: 1;P Abandons: 2","8,1,1,2","0.10618","false","1000.1259579285351","1000.1259579285351","2","0.15","0","1000.0816828096266","0.044275118908444711","false"
"Specification-AllCostsSunkModerateRiskAversion__Cost-0.25__Fee-British","1","71","0","P","7","14","P Offer","P Liability Signal: 8;P Files: 1;D Answers: 1;P Abandons: 2","8,1,1,2","0.10618","false","1000.1259579285351","1000.1259579285351","3","0.25","0","1000.090291632265","0.035666296270051134","false"
"Specification-AllCostsSunkModerateRiskAversion__Cost-0.25__Fee-British","1","71","0","P","7","14","P Offer","P Liability Signal: 8;P Files: 1;D Answers: 1;P Abandons: 2","8,1,1,2","0.10618","false","1000.1259579285351","1000.1259579285351","4","0.35","0","1000.098080634988","0.027877293547021509","false"
"Specification-AllCostsSunkModerateRiskAversion__Cost-0.25__Fee-British","1","71","0","P","7","14","P Offer","P Liability Signal: 8;P Files: 1;D Answers: 1;P Abandons: 2","8,1,1,2","0.10618","false","1000.1259579285351","1000.1259579285351","5","0.45","0","1000.1051291027887","0.020828825746320945","false"
"Specification-AllCostsSunkModerateRiskAversion__Cost-0.25__Fee-British","1","71","0","P","7","14","P Offer","P Liability Signal: 8;P Files: 1;D Answers: 1;P Abandons: 2","8,1,1,2","0.10618","false","1000.1259579285351","1000.1259579285351","6","0.55","0","1000.1205979600977","0.0053599684373466516","false"
"Specification-AllCostsSunkModerateRiskAversion__Cost-0.25__Fee-British","1","71","0","P","7","14","P Offer","P Liability Signal: 8;P Files: 1;D Answers: 1;P Abandons: 2","8,1,1,2","0.10618","false","1000.1259579285351","1000.1259579285351","7","0.65","0","1000.1221448732463","0.0038130552887878366","false"
"Specification-AllCostsSunkModerateRiskAversion__Cost-0.25__Fee-British","1","71","0","P","7","14","P Offer","P Liability Signal: 8;P Files: 1;D Answers: 1;P Abandons: 2","8,1,1,2","0.10618","false","1000.1259579285351","1000.1259579285351","8","0.75","0","1000.1235448011049","0.0024131274301453232","false"
"Specification-AllCostsSunkModerateRiskAversion__Cost-0.25__Fee-British","1","71","0","P","7","14","P Offer","P Liability Signal: 8;P Files: 1;D Answers: 1;P Abandons: 2","8,1,1,2","0.10618","false","1000.1259579285351","1000.1259579285351","9","0.85","0","1000.1248120140901","0.0011459144449190717","false"
"Specification-AllCostsSunkModerateRiskAversion__Cost-0.25__Fee-British","1","71","0","P","7","14","P Offer","P Liability Signal: 8;P Files: 1;D Answers: 1;P Abandons: 2","8,1,1,2","0.10618","false","1000.1259579285351","1000.1259579285351","10","0.95","1","1000.1259579285351","0","true"
"Specification-AllCostsSunkModerateRiskAversion__Cost-0.25__Fee-British","1","72","0","P","2","9","P Files","P Liability Signal: 9","9","0.097680000000000003","false","1000.1389983990322","1000.1389983990322","1","Yes","1","1000.1389983990322","0","true"
"Specification-AllCostsSunkModerateRiskAversion__Cost-0.25__Fee-British","1","72","0","P","2","9","P Files","P Liability Signal: 9","9","0.097680000000000003","false","1000.1389983990322","1000.1389983990322","2","No","0","1000.0000030775","0.13899532153220662","false"
"Specification-AllCostsSunkModerateRiskAversion__Cost-0.25__Fee-British","1","73","0","P","5","20","P Abandons","P Liability Signal: 9;P Files: 1;D Answers: 1","9,1,1","0.097680000000000003","false","1000.1389983990322","1000.1389983990322","1","Yes","0","1000.0750577426819","0.06394065635026891","false"
"Specification-AllCostsSunkModerateRiskAversion__Cost-0.25__Fee-British","1","73","0","P","5","20","P Abandons","P Liability Signal: 9;P Files: 1;D Answers: 1","9,1,1","0.097680000000000003","false","1000.1389983990322","1000.1389983990322","2","No","1","1000.1389983990322","0","true"
"Specification-AllCostsSunkModerateRiskAversion__Cost-0.25__Fee-British","1","74","0","P","7","14","P Offer","P Liability Signal: 9;P Files: 1;D Answers: 1;P Abandons: 1","9,1,1,1","0","true","","","1","0.05","0.10000000000000001","","",""
"Specification-AllCostsSunkModerateRiskAversion__Cost-0.25__Fee-British","1","74","0","P","7","14","P Offer","P Liability Signal: 9;P Files: 1;D Answers: 1;P Abandons: 1","9,1,1,1","0","true","","","2","0.15","0.10000000000000001","","",""
"Specification-AllCostsSunkModerateRiskAversion__Cost-0.25__Fee-British","1","74","0","P","7","14","P Offer","P Liability Signal: 9;P Files: 1;D Answers: 1;P Abandons: 1","9,1,1,1","0","true","","","3","0.25","0.10000000000000001","","",""
"Specification-AllCostsSunkModerateRiskAversion__Cost-0.25__Fee-British","1","74","0","P","7","14","P Offer","P Liability Signal: 9;P Files: 1;D Answers: 1;P Abandons: 1","9,1,1,1","0","true","","","4","0.35","0.10000000000000001","","",""
"Specification-AllCostsSunkModerateRiskAversion__Cost-0.25__Fee-British","1","74","0","P","7","14","P Offer","P Liability Signal: 9;P Files: 1;D Answers: 1;P Abandons: 1","9,1,1,1","0","true","","","5","0.45","0.10000000000000001","","",""
"Specification-AllCostsSunkModerateRiskAversion__Cost-0.25__Fee-British","1","74","0","P","7","14","P Offer","P Liability Signal: 9;P Files: 1;D Answers: 1;P Abandons: 1","9,1,1,1","0","true","","","6","0.55","0.10000000000000001","","",""
"Specification-AllCostsSunkModerateRiskAversion__Cost-0.25__Fee-British","1","74","0","P","7","14","P Offer","P Liability Signal: 9;P Files: 1;D Answers: 1;P Abandons: 1","9,1,1,1","0","true","","","7","0.65","0.10000000000000001","","",""
"Specification-AllCostsSunkModerateRiskAversion__Cost-0.25__Fee-British","1","74","0","P","7","14","P Offer","P Liability Signal: 9;P Files: 1;D Answers: 1;P Abandons: 1","9,1,1,1","0","true","","","8","0.75","0.10000000000000001","","",""
"Specification-AllCostsSunkModerateRiskAversion__Cost-0.25__Fee-British","1","74","0","P","7","14","P Offer","P Liability Signal: 9;P Files: 1;D Answers: 1;P Abandons: 1","9,1,1,1","0","true","","","9","0.85","0.10000000000000001","","",""
"Specification-AllCostsSunkModerateRiskAversion__Cost-0.25__Fee-British","1","74","0","P","7","14","P Offer","P Liability Signal: 9;P Files: 1;D Answers: 1;P Abandons: 1","9,1,1,1","0","true","","","10","0.95","0.10000000000000001","","",""
"Specification-AllCostsSunkModerateRiskAversion__Cost-0.25__Fee-British","1","75","0","P","7","14","P Offer","P Liability Signal: 9;P Files: 1;D Answers: 1;P Abandons: 2","9,1,1,2","0.097680000000000003","false","1000.1389983990322","1000.1389983990322","1","0.05","0","1000.0723790787209","0.066619320311247066","false"
"Specification-AllCostsSunkModerateRiskAversion__Cost-0.25__Fee-British","1","75","0","P","7","14","P Offer","P Liability Signal: 9;P Files: 1;D Answers: 1;P Abandons: 2","9,1,1,2","0.097680000000000003","false","1000.1389983990322","1000.1389983990322","2","0.15","0","1000.0873039474739","0.051694451558319088","false"
"Specification-AllCostsSunkModerateRiskAversion__Cost-0.25__Fee-British","1","75","0","P","7","14","P Offer","P Liability Signal: 9;P Files: 1;D Answers: 1;P Abandons: 2","9,1,1,2","0.097680000000000003","false","1000.1389983990322","1000.1389983990322","3","0.25","0","1000.0960830542996","0.04291534473259162","false"
"Specification-AllCostsSunkModerateRiskAversion__Cost-0.25__Fee-British","1","75","0","P","7","14","P Offer","P Liability Signal: 9;P Files: 1;D Answers: 1;P Abandons: 2","9,1,1,2","0.097680000000000003","false","1000.1389983990322","1000.1389983990322","4","0.35","0","1000.1040261390002","0.034972260031963742","false"
"Specification-AllCostsSunkModerateRiskAversion__Cost-0.25__Fee-British","1","75","0","P","7","14","P Offer","P Liability Signal: 9;P Files: 1;D Answers: 1;P Abandons: 2","9,1,1,2","0.097680000000000003","false","1000.1389983990322","1000.1389983990322","5","0.45","0","1000.1112140962842","0.027784302747932088","false"
"Specification-AllCostsSunkModerateRiskAversion__Cost-0.25__Fee-British","1","75","0","P","7","14","P Offer","P Liability Signal: 9;P Files: 1;D Answers: 1;P Abandons: 2","9,1,1,2","0.097680000000000003","false","1000.1389983990322","1000.1389983990322","6","0.55","0","1000.1324290615078","0.006569337524410912","false"
"Specification-AllCostsSunkModerateRiskAversion__Cost-0.25__Fee-British","1","75","0","P","7","14","P Offer","P Liability Signal: 9;P Files: 1;D Answers: 1;P Abandons: 2","9,1,1,2","0.097680000000000003","false","1000.1389983990322","1000.1389983990322","7","0.65","0","1000.1343250044994","0.004673394532801467","false"
"Specification-AllCostsSunkModerateRiskAversion__Cost-0.25__Fee-British","1","75","0","P","7","14","P Offer","P Liability Signal: 9;P Files: 1;D Answers: 1;P Abandons: 2","9,1,1,2","0.097680000000000003","false","1000.1389983990322","1000.1389983990322","8","0.75","0","1000.1360407979262","0.0029576011060044038","false"
"Specification-AllCostsSunkModerateRiskAversion__Cost-0.25__Fee-British","1","75","0","P","7","14","P Offer","P Liability Signal: 9;P Files: 1;D Answers: 1;P Abandons: 2","9,1,1,2","0.097680000000000003","false","1000.1389983990322","1000.1389983990322","9","0.85","0","1000.1375939320375","0.0014044669946997601","false"
"Specification-AllCostsSunkModerateRiskAversion__Cost-0.25__Fee-British","1","75","0","P","7","14","P Offer","P Liability Signal: 9;P Files: 1;D Answers: 1;P Abandons: 2","9,1,1,2","0.097680000000000003","false","1000.1389983990322","1000.1389983990322","10","0.95","1","1000.1389983990322","0","true"
"Specification-AllCostsSunkModerateRiskAversion__Cost-0.25__Fee-British","1","76","0","P","2","9","P Files","P Liability Signal: 10","10","0.080430000000000001","false","1000.1463592622069","1000.1463592622069","1","Yes","1","1000.1463592622069","0","true"
"Specification-AllCostsSunkModerateRiskAversion__Cost-0.25__Fee-British","1","76","0","P","2","9","P Files","P Liability Signal: 10","10","0.080430000000000001","false","1000.1463592622069","1000.1463592622069","2","No","0","1000.0000030775","0.14635618470697409","false"
"Specification-AllCostsSunkModerateRiskAversion__Cost-0.25__Fee-British","1","77","0","P","5","20","P Abandons","P Liability Signal: 10;P Files: 1;D Answers: 1","10,1,1","0.080430000000000001","false","1000.1463592622069","1000.1463592622069","1","Yes","0","1000.0832587890478","0.063100473159124704","false"
"Specification-AllCostsSunkModerateRiskAversion__Cost-0.25__Fee-British","1","77","0","P","5","20","P Abandons","P Liability Signal: 10;P Files: 1;D Answers: 1","10,1,1","0.080430000000000001","false","1000.1463592622069","1000.1463592622069","2","No","1","1000.1463592622069","0","true"
"Specification-AllCostsSunkModerateRiskAversion__Cost-0.25__Fee-British","1","78","0","P","7","14","P Offer","P Liability Signal: 10;P Files: 1;D Answers: 1;P Abandons: 1","10,1,1,1","0","true","","","1","0.05","0.10000000000000001","","",""
"Specification-AllCostsSunkModerateRiskAversion__Cost-0.25__Fee-British","1","78","0","P","7","14","P Offer","P Liability Signal: 10;P Files: 1;D Answers: 1;P Abandons: 1","10,1,1,1","0","true","","","2","0.15","0.10000000000000001","","",""
"Specification-AllCostsSunkModerateRiskAversion__Cost-0.25__Fee-British","1","78","0","P","7","14","P Offer","P Liability Signal: 10;P Files: 1;D Answers: 1;P Abandons: 1","10,1,1,1","0","true","","","3","0.25","0.10000000000000001","","",""
"Specification-AllCostsSunkModerateRiskAversion__Cost-0.25__Fee-British","1","78","0","P","7","14","P Offer","P Liability Signal: 10;P Files: 1;D Answers: 1;P Abandons: 1","10,1,1,1","0","true","","","4","0.35","0.10000000000000001","","",""
"Specification-AllCostsSunkModerateRiskAversion__Cost-0.25__Fee-British","1","78","0","P","7","14","P Offer","P Liability Signal: 10;P Files: 1;D Answers: 1;P Abandons: 1","10,1,1,1","0","true","","","5","0.45","0.10000000000000001","","",""
"Specification-AllCostsSunkModerateRiskAversion__Cost-0.25__Fee-British","1","78","0","P","7","14","P Offer","P Liability Signal: 10;P Files: 1;D Answers: 1;P Abandons: 1","10,1,1,1","0","true","","","6","0.55","0.10000000000000001","","",""
"Specification-AllCostsSunkModerateRiskAversion__Cost-0.25__Fee-British","1","78","0","P","7","14","P Offer","P Liability Signal: 10;P Files: 1;D Answers: 1;P Abandons: 1","10,1,1,1","0","true","","","7","0.65","0.10000000000000001","","",""
"Specification-AllCostsSunkModerateRiskAversion__Cost-0.25__Fee-British","1","78","0","P","7","14","P Offer","P Liability Signal: 10;P Files: 1;D Answers: 1;P Abandons: 1","10,1,1,1","0","true","","","8","0.75","0.10000000000000001","","",""
"Specification-AllCostsSunkModerateRiskAversion__Cost-0.25__Fee-British","1","78","0","P","7","14","P Offer","P Liability Signal: 10;P Files: 1;D Answers: 1;P Abandons: 1","10,1,1,1","0","true","","","9","0.85","0.10000000000000001","","",""
"Specification-AllCostsSunkModerateRiskAversion__Cost-0.25__Fee-British","1","78","0","P","7","14","P Offer","P Liability Signal: 10;P Files: 1;D Answers: 1;P Abandons: 1","10,1,1,1","0","true","","","10","0.95","0.10000000000000001","","",""
"Specification-AllCostsSunkModerateRiskAversion__Cost-0.25__Fee-British","1","79","0","P","7","14","P Offer","P Liability Signal: 10;P Files: 1;D Answers: 1;P Abandons: 2","10,1,1,2","0.080430000000000001","false","1000.1463592622069","1000.1463592622069","1","0.05","0","1000.0771010104094","0.069258251797577941","false"
"Specification-AllCostsSunkModerateRiskAversion__Cost-0.25__Fee-British","1","79","0","P","7","14","P Offer","P Liability Signal: 10;P Files: 1;D Answers: 1;P Abandons: 2","10,1,1,2","0.080430000000000001","false","1000.1463592622069","1000.1463592622069","2","0.15","0","1000.090689139118","0.055670123088930268","false"
"Specification-AllCostsSunkModerateRiskAversion__Cost-0.25__Fee-British","1","79","0","P","7","14","P Offer","P Liability Signal: 10;P Files: 1;D Answers: 1;P Abandons: 2","10,1,1,2","0.080430000000000001","false","1000.1463592622069","1000.1463592622069","3","0.25","0","1000.0994871963993","0.046872065807633589","false"
"Specification-AllCostsSunkModerateRiskAversion__Cost-0.25__Fee-British","1","79","0","P","7","14","P Offer","P Liability Signal: 10;P Files: 1;D Answers: 1;P Abandons: 2","10,1,1,2","0.080430000000000001","false","1000.1463592622069","1000.1463592622069","4","0.35","0","1000.1074474388345","0.038911823372473009","false"
"Specification-AllCostsSunkModerateRiskAversion__Cost-0.25__Fee-British","1","79","0","P","7","14","P Offer","P Liability Signal: 10;P Files: 1;D Answers: 1;P Abandons: 2","10,1,1,2","0.080430000000000001","false","1000.1463592622069","1000.1463592622069","5","0.45","0","1000.1146509710177","0.031708291189261217","false"
"Specification-AllCostsSunkModerateRiskAversion__Cost-0.25__Fee-British","1","79","0","P","7","14","P Offer","P Liability Signal: 10;P Files: 1;D Answers: 1;P Abandons: 2","10,1,1,2","0.080430000000000001","false","1000.1463592622069","1000.1463592622069","6","0.55","0","1000.1388367792108","0.0075224829961371142","false"
"Specification-AllCostsSunkModerateRiskAversion__Cost-0.25__Fee-British","1","79","0","P","7","14","P Offer","P Liability Signal: 10;P Files: 1;D Answers: 1;P Abandons: 2","10,1,1,2","0.080430000000000001","false","1000.1463592622069","1000.1463592622069","7","0.65","0","1000.1410078046549","0.0053514575520239305","false"
"Specification-AllCostsSunkModerateRiskAversion__Cost-0.25__Fee-British","1","79","0","P","7","14","P Offer","P Liability Signal: 10;P Files: 1;D Answers: 1;P Abandons: 2","10,1,1,2","0.080430000000000001","false","1000.1463592622069","1000.1463592622069","8","0.75","0","1000.1429725426259","0.0033867195810444173","false"
"Specification-AllCostsSunkModerateRiskAversion__Cost-0.25__Fee-British","1","79","0","P","7","14","P Offer","P Liability Signal: 10;P Files: 1;D Answers: 1;P Abandons: 2","10,1,1,2","0.080430000000000001","false","1000.1463592622069","1000.1463592622069","9","0.85","0","1000.1447510210338","0.0016082411731304092","false"
"Specification-AllCostsSunkModerateRiskAversion__Cost-0.25__Fee-British","1","79","0","P","7","14","P Offer","P Liability Signal: 10;P Files: 1;D Answers: 1;P Abandons: 2","10,1,1,2","0.080430000000000001","false","1000.1463592622069","1000.1463592622069","10","0.95","1","1000.1463592622069","0","true"
"Specification-AllCostsSunkModerateRiskAversion__Cost-0.25__Fee-British","1","1","1","D","3","10","D Answers","D Liability Signal: 1;P Files: 1","1,1","0.080450619999999987","false","999.88914553795576","999.88914553795576","1","Yes","1","999.88914553795576","0","true"
"Specification-AllCostsSunkModerateRiskAversion__Cost-0.25__Fee-British","1","1","1","D","3","10","D Answers","D Liability Signal: 1;P Files: 1","1,1","0.080450619999999987","false","999.88914553795576","999.88914553795576","2","No","0","998.80796765080038","1.081177887155377","false"
"Specification-AllCostsSunkModerateRiskAversion__Cost-0.25__Fee-British","1","3","1","D","6","21","D Defaults","D Liability Signal: 1;P Files: 1;D Answers: 1","1,1,1","0.080450619999999987","false","999.88914553795576","999.88914553795576","1","Yes","0","999.48407858178928","0.40506695616647903","false"
"Specification-AllCostsSunkModerateRiskAversion__Cost-0.25__Fee-British","1","3","1","D","6","21","D Defaults","D Liability Signal: 1;P Files: 1;D Answers: 1","1,1,1","0.080450619999999987","false","999.88914553795576","999.88914553795576","2","No","1","999.88914553795576","0","true"
"Specification-AllCostsSunkModerateRiskAversion__Cost-0.25__Fee-British","1","5","1","D","8","15","D Offer","D Liability Signal: 1;P Files: 1;D Answers: 1;D Defaults: 1","1,1,1,1","0","true","","","1","0.05","0.10000000000000001","","",""
"Specification-AllCostsSunkModerateRiskAversion__Cost-0.25__Fee-British","1","5","1","D","8","15","D Offer","D Liability Signal: 1;P Files: 1;D Answers: 1;D Defaults: 1","1,1,1,1","0","true","","","2","0.15","0.10000000000000001","","",""
"Specification-AllCostsSunkModerateRiskAversion__Cost-0.25__Fee-British","1","5","1","D","8","15","D Offer","D Liability Signal: 1;P Files: 1;D Answers: 1;D Defaults: 1","1,1,1,1","0","true","","","3","0.25","0.10000000000000001","","",""
"Specification-AllCostsSunkModerateRiskAversion__Cost-0.25__Fee-British","1","5","1","D","8","15","D Offer","D Liability Signal: 1;P Files: 1;D Answers: 1;D Defaults: 1","1,1,1,1","0","true","","","4","0.35","0.10000000000000001","","",""
"Specification-AllCostsSunkModerateRiskAversion__Cost-0.25__Fee-British","1","5","1","D","8","15","D Offer","D Liability Signal: 1;P Files: 1;D Answers: 1;D Defaults: 1","1,1,1,1","0","true","","","5","0.45","0.10000000000000001","","",""
"Specification-AllCostsSunkModerateRiskAversion__Cost-0.25__Fee-British","1","5","1","D","8","15","D Offer","D Liability Signal: 1;P Files: 1;D Answers: 1;D Defaults: 1","1,1,1,1","0","true","","","6","0.55","0.10000000000000001","","",""
"Specification-AllCostsSunkModerateRiskAversion__Cost-0.25__Fee-British","1","5","1","D","8","15","D Offer","D Liability Signal: 1;P Files: 1;D Answers: 1;D Defaults: 1","1,1,1,1","0","true","","","7","0.65","0.10000000000000001","","",""
"Specification-AllCostsSunkModerateRiskAversion__Cost-0.25__Fee-British","1","5","1","D","8","15","D Offer","D Liability Signal: 1;P Files: 1;D Answers: 1;D Defaults: 1","1,1,1,1","0","true","","","8","0.75","0.10000000000000001","","",""
"Specification-AllCostsSunkModerateRiskAversion__Cost-0.25__Fee-British","1","5","1","D","8","15","D Offer","D Liability Signal: 1;P Files: 1;D Answers: 1;D Defaults: 1","1,1,1,1","0","true","","","9","0.85","0.10000000000000001","","",""
"Specification-AllCostsSunkModerateRiskAversion__Cost-0.25__Fee-British","1","5","1","D","8","15","D Offer","D Liability Signal: 1;P Files: 1;D Answers: 1;D Defaults: 1","1,1,1,1","0","true","","","10","0.95","0.10000000000000001","","",""
"Specification-AllCostsSunkModerateRiskAversion__Cost-0.25__Fee-British","1","6","1","D","8","15","D Offer","D Liability Signal: 1;P Files: 1;D Answers: 1;D Defaults: 2","1,1,1,2","0.080450619999999987","false","999.88914553795576","999.88914553795576","1","0.05","1","999.88914553795576","0","true"
"Specification-AllCostsSunkModerateRiskAversion__Cost-0.25__Fee-British","1","6","1","D","8","15","D Offer","D Liability Signal: 1;P Files: 1;D Answers: 1;D Defaults: 2","1,1,1,2","0.080450619999999987","false","999.88914553795576","999.88914553795576","2","0.15","0","999.87697437820054","0.012171159755212102","false"
"Specification-AllCostsSunkModerateRiskAversion__Cost-0.25__Fee-British","1","6","1","D","8","15","D Offer","D Liability Signal: 1;P Files: 1;D Answers: 1;D Defaults: 2","1,1,1,2","0.080450619999999987","false","999.88914553795576","999.88914553795576","3","0.25","0","999.86352123080621","0.025624307149541892","false"
"Specification-AllCostsSunkModerateRiskAversion__Cost-0.25__Fee-British","1","6","1","D","8","15","D Offer","D Liability Signal: 1;P Files: 1;D Answers: 1;D Defaults: 2","1,1,1,2","0.080450619999999987","false","999.88914553795576","999.88914553795576","4","0.35","0","999.8486548078821","0.040490730073656778","false"
"Specification-AllCostsSunkModerateRiskAversion__Cost-0.25__Fee-British","1","6","1","D","8","15","D Offer","D Liability Signal: 1;P Files: 1;D Answers: 1;D Defaults: 2","1,1,1,2","0.080450619999999987","false","999.88914553795576","999.88914553795576","5","0.45","0","999.73271403346325","0.15643150449250243","false"
"Specification-AllCostsSunkModerateRiskAversion__Cost-0.25__Fee-British","1","6","1","D","8","15","D Offer","D Liability Signal: 1;P Files: 1;D Answers: 1;D Defaults: 2","1,1,1,2","0.080450619999999987","false","999.88914553795576","999.88914553795576","6","0.55","0","999.68772059286459","0.20142494509116204","false"
"Specification-AllCostsSunkModerateRiskAversion__Cost-0.25__Fee-British","1","6","1","D","8","15","D Offer","D Liability Signal: 1;P Files: 1;D Answers: 1;D Defaults: 2","1,1,1,2","0.080450619999999987","false","999.88914553795576","999.88914553795576","7","0.65","0","999.63799659946415","0.25114893849161035","false"
"Specification-AllCostsSunkModerateRiskAversion__Cost-0.25__Fee-British","1","6","1","D","8","15","D Offer","D Liability Signal: 1;P Files: 1;D Answers: 1;D Defaults: 2","1,1,1,2","0.080450619999999987","false","999.88914553795576","999.88914553795576","8","0.75","0","999.58303532234379","0.30611021561196594","false"
"Specification-AllCostsSunkModerateRiskAversion__Cost-0.25__Fee-British","1","6","1","D","8","15","D Offer","D Liability Signal: 1;P Files: 1;D Answers: 1;D Defaults: 2","1,1,1,2","0.080450619999999987","false","999.88914553795576","999.88914553795576","9","0.85","0","999.52229913931751","0.36684639863824486","false"
"Specification-AllCostsSunkModerateRiskAversion__Cost-0.25__Fee-British","1","6","1","D","8","15","D Offer","D Liability Signal: 1;P Files: 1;D Answers: 1;D Defaults: 2","1,1,1,2","0.080450619999999987","false","999.88914553795576","999.88914553795576","10","0.95","0","999.4257076650199","0.46343787293585592","false"
"Specification-AllCostsSunkModerateRiskAversion__Cost-0.25__Fee-British","1","8","1","D","3","10","D Answers","D Liability Signal: 2;P Files: 1","2,1","0.097678261199999991","false","999.83477480896784","999.83477480896784","1","Yes","1","999.83477480896784","0","true"
"Specification-AllCostsSunkModerateRiskAversion__Cost-0.25__Fee-British","1","8","1","D","3","10","D Answers","D Liability Signal: 2;P Files: 1","2,1","0.097678261199999991","false","999.83477480896784","999.83477480896784","2","No","0","998.80796765080015","1.026807158167685","false"
"Specification-AllCostsSunkModerateRiskAversion__Cost-0.25__Fee-British","1","9","1","D","6","21","D Defaults","D Liability Signal: 2;P Files: 1;D Answers: 1","2,1,1","0.097678261199999991","false","999.83477480896784","999.83477480896784","1","Yes","0","999.42855490020986","0.40621990875797565","false"
"Specification-AllCostsSunkModerateRiskAversion__Cost-0.25__Fee-British","1","9","1","D","6","21","D Defaults","D Liability Signal: 2;P Files: 1;D Answers: 1","2,1,1","0.097678261199999991","false","999.83477480896784","999.83477480896784","2","No","1","999.83477480896784","0","true"
"Specification-AllCostsSunkModerateRiskAversion__Cost-0.25__Fee-British","1","10","1","D","8","15","D Offer","D Liability Signal: 2;P Files: 1;D Answers: 1;D Defaults: 1","2,1,1,1","0","true","","","1","0.05","0.10000000000000001","","",""
"Specification-AllCostsSunkModerateRiskAversion__Cost-0.25__Fee-British","1","10","1","D","8","15","D Offer","D Liability Signal: 2;P Files: 1;D Answers: 1;D Defaults: 1","2,1,1,1","0","true","","","2","0.15","0.10000000000000001","","",""
"Specification-AllCostsSunkModerateRiskAversion__Cost-0.25__Fee-British","1","10","1","D","8","15","D Offer","D Liability Signal: 2;P Files: 1;D Answers: 1;D Defaults: 1","2,1,1,1","0","true","","","3","0.25","0.10000000000000001","","",""
"Specification-AllCostsSunkModerateRiskAversion__Cost-0.25__Fee-British","1","10","1","D","8","15","D Offer","D Liability Signal: 2;P Files: 1;D Answers: 1;D Defaults: 1","2,1,1,1","0","true","","","4","0.35","0.10000000000000001","","",""
"Specification-AllCostsSunkModerateRiskAversion__Cost-0.25__Fee-British","1","10","1","D","8","15","D Offer","D Liability Signal: 2;P Files: 1;D Answers: 1;D Defaults: 1","2,1,1,1","0","true","","","5","0.45","0.10000000000000001","","",""
"Specification-AllCostsSunkModerateRiskAversion__Cost-0.25__Fee-British","1","10","1","D","8","15","D Offer","D Liability Signal: 2;P Files: 1;D Answers: 1;D Defaults: 1","2,1,1,1","0","true","","","6","0.55","0.10000000000000001","","",""
"Specification-AllCostsSunkModerateRiskAversion__Cost-0.25__Fee-British","1","10","1","D","8","15","D Offer","D Liability Signal: 2;P Files: 1;D Answers: 1;D Defaults: 1","2,1,1,1","0","true","","","7","0.65","0.10000000000000001","","",""
"Specification-AllCostsSunkModerateRiskAversion__Cost-0.25__Fee-British","1","10","1","D","8","15","D Offer","D Liability Signal: 2;P Files: 1;D Answers: 1;D Defaults: 1","2,1,1,1","0","true","","","8","0.75","0.10000000000000001","","",""
"Specification-AllCostsSunkModerateRiskAversion__Cost-0.25__Fee-British","1","10","1","D","8","15","D Offer","D Liability Signal: 2;P Files: 1;D Answers: 1;D Defaults: 1","2,1,1,1","0","true","","","9","0.85","0.10000000000000001","","",""
"Specification-AllCostsSunkModerateRiskAversion__Cost-0.25__Fee-British","1","10","1","D","8","15","D Offer","D Liability Signal: 2;P Files: 1;D Answers: 1;D Defaults: 1","2,1,1,1","0","true","","","10","0.95","0.10000000000000001","","",""
"Specification-AllCostsSunkModerateRiskAversion__Cost-0.25__Fee-British","1","11","1","D","8","15","D Offer","D Liability Signal: 2;P Files: 1;D Answers: 1;D Defaults: 2","2,1,1,2","0.097678261199999991","false","999.83477480896784","999.83477480896784","1","0.05","1","999.83477480896784","0","true"
"Specification-AllCostsSunkModerateRiskAversion__Cost-0.25__Fee-British","1","11","1","D","8","15","D Offer","D Liability Signal: 2;P Files: 1;D Answers: 1;D Defaults: 2","2,1,1,2","0.097678261199999991","false","999.83477480896784","999.83477480896784","2","0.15","0","999.82411894329687","0.010655865670969433","false"
"Specification-AllCostsSunkModerateRiskAversion__Cost-0.25__Fee-British","1","11","1","D","8","15","D Offer","D Liability Signal: 2;P Files: 1;D Answers: 1;D Defaults: 2","2,1,1,2","0.097678261199999991","false","999.83477480896784","999.83477480896784","3","0.25","0","999.81234069583559","0.022434113132248967","false"
"Specification-AllCostsSunkModerateRiskAversion__Cost-0.25__Fee-British","1","11","1","D","8","15","D Offer","D Liability Signal: 2;P Files: 1;D Answers: 1;D Defaults: 2","2,1,1,2","0.097678261199999991","false","999.83477480896784","999.83477480896784","4","0.35","0","999.7993251238704","0.035449685097432848","false"
"Specification-AllCostsSunkModerateRiskAversion__Cost-0.25__Fee-British","1","11","1","D","8","15","D Offer","D Liability Signal: 2;P Files: 1;D Answers: 1;D Defaults: 2","2,1,1,2","0.097678261199999991","false","999.83477480896784","999.83477480896784","5","0.45","0","999.70884815008549","0.12592665888234933","false"
"Specification-AllCostsSunkModerateRiskAversion__Cost-0.25__Fee-British","1","11","1","D","8","15","D Offer","D Liability Signal: 2;P Files: 1;D Answers: 1;D Defaults: 2","2,1,1,2","0.097678261199999991","false","999.83477480896784","999.83477480896784","6","0.55","0","999.66418625502718","0.17058855394066086","false"
"Specification-AllCostsSunkModerateRiskAversion__Cost-0.25__Fee-British","1","11","1","D","8","15","D Offer","D Liability Signal: 2;P Files: 1;D Answers: 1;D Defaults: 2","2,1,1,2","0.097678261199999991","false","999.83477480896784","999.83477480896784","7","0.65","0","999.6148299072961","0.21994490167173808","false"
"Specification-AllCostsSunkModerateRiskAversion__Cost-0.25__Fee-British","1","11","1","D","8","15","D Offer","D Liability Signal: 2;P Files: 1;D Answers: 1;D Defaults: 2","2,1,1,2","0.097678261199999991","false","999.83477480896784","999.83477480896784","8","0.75","0","999.56027386888604","0.27450094008179349","false"
"Specification-AllCostsSunkModerateRiskAversion__Cost-0.25__Fee-British","1","11","1","D","8","15","D Offer","D Liability Signal: 2;P Files: 1;D Answers: 1;D Defaults: 2","2,1,1,2","0.097678261199999991","false","999.83477480896784","999.83477480896784","9","0.85","0","999.49998585644687","0.33478895252096663","false"
"Specification-AllCostsSunkModerateRiskAversion__Cost-0.25__Fee-British","1","11","1","D","8","15","D Offer","D Liability Signal: 2;P Files: 1;D Answers: 1;D Defaults: 2","2,1,1,2","0.097678261199999991","false","999.83477480896784","999.83477480896784","10","0.95","0","999.39359309148131","0.44118171748652912","false"
"Specification-AllCostsSunkModerateRiskAversion__Cost-0.25__Fee-British","1","12","1","D","3","10","D Answers","D Liability Signal: 3;P Files: 1","3,1","0.10618020860000001","false","999.73844038197149","999.73844038197149","1","Yes","1","999.73844038197149","0","true"
"Specification-AllCostsSunkModerateRiskAversion__Cost-0.25__Fee-British","1","12","1","D","3","10","D Answers","D Liability Signal: 3;P Files: 1","3,1","0.10618020860000001","false","999.73844038197149","999.73844038197149","2","No","0","998.80796765079981","0.93047273117167606","false"
"Specification-AllCostsSunkModerateRiskAversion__Cost-0.25__Fee-British","1","13","1","D","6","21","D Defaults","D Liability Signal: 3;P Files: 1;D Answers: 1","3,1,1","0.10618020860000001","false","999.73844038197149","999.73844038197149","1","Yes","0","999.34937750259473","0.38906287937675188","false"
"Specification-AllCostsSunkModerateRiskAversion__Cost-0.25__Fee-British","1","13","1","D","6","21","D Defaults","D Liability Signal: 3;P Files: 1;D Answers: 1","3,1,1","0.10618020860000001","false","999.73844038197149","999.73844038197149","2","No","1","999.73844038197149","0","true"
"Specification-AllCostsSunkModerateRiskAversion__Cost-0.25__Fee-British","1","14","1","D","8","15","D Offer","D Liability Signal: 3;P Files: 1;D Answers: 1;D Defaults: 1","3,1,1,1","0","true","","","1","0.05","0.10000000000000001","","",""
"Specification-AllCostsSunkModerateRiskAversion__Cost-0.25__Fee-British","1","14","1","D","8","15","D Offer","D Liability Signal: 3;P Files: 1;D Answers: 1;D Defaults: 1","3,1,1,1","0","true","","","2","0.15","0.10000000000000001","","",""
"Specification-AllCostsSunkModerateRiskAversion__Cost-0.25__Fee-British","1","14","1","D","8","15","D Offer","D Liability Signal: 3;P Files: 1;D Answers: 1;D Defaults: 1","3,1,1,1","0","true","","","3","0.25","0.10000000000000001","","",""
"Specification-AllCostsSunkModerateRiskAversion__Cost-0.25__Fee-British","1","14","1","D","8","15","D Offer","D Liability Signal: 3;P Files: 1;D Answers: 1;D Defaults: 1","3,1,1,1","0","true","","","4","0.35","0.10000000000000001","","",""
"Specification-AllCostsSunkModerateRiskAversion__Cost-0.25__Fee-British","1","14","1","D","8","15","D Offer","D Liability Signal: 3;P Files: 1;D Answers: 1;D Defaults: 1","3,1,1,1","0","true","","","5","0.45","0.10000000000000001","","",""
"Specification-AllCostsSunkModerateRiskAversion__Cost-0.25__Fee-British","1","14","1","D","8","15","D Offer","D Liability Signal: 3;P Files: 1;D Answers: 1;D Defaults: 1","3,1,1,1","0","true","","","6","0.55","0.10000000000000001","","",""
"Specification-AllCostsSunkModerateRiskAversion__Cost-0.25__Fee-British","1","14","1","D","8","15","D Offer","D Liability Signal: 3;P Files: 1;D Answers: 1;D Defaults: 1","3,1,1,1","0","true","","","7","0.65","0.10000000000000001","","",""
"Specification-AllCostsSunkModerateRiskAversion__Cost-0.25__Fee-British","1","14","1","D","8","15","D Offer","D Liability Signal: 3;P Files: 1;D Answers: 1;D Defaults: 1","3,1,1,1","0","true","","","8","0.75","0.10000000000000001","","",""
"Specification-AllCostsSunkModerateRiskAversion__Cost-0.25__Fee-British","1","14","1","D","8","15","D Offer","D Liability Signal: 3;P Files: 1;D Answers: 1;D Defaults: 1","3,1,1,1","0","true","","","9","0.85","0.10000000000000001","","",""
"Specification-AllCostsSunkModerateRiskAversion__Cost-0.25__Fee-British","1","14","1","D","8","15","D Offer","D Liability Signal: 3;P Files: 1;D Answers: 1;D Defaults: 1","3,1,1,1","0","true","","","10","0.95","0.10000000000000001","","",""
"Specification-AllCostsSunkModerateRiskAversion__Cost-0.25__Fee-British","1","15","1","D","8","15","D Offer","D Liability Signal: 3;P Files: 1;D Answers: 1;D Defaults: 2","3,1,1,2","0.10618020860000001","false","999.73844038197149","999.73844038197149","1","0.05","1","999.73844038197149","0","true"
"Specification-AllCostsSunkModerateRiskAversion__Cost-0.25__Fee-British","1","15","1","D","8","15","D Offer","D Liability Signal: 3;P Files: 1;D Answers: 1;D Defaults: 2","3,1,1,2","0.10618020860000001","false","999.73844038197149","999.73844038197149","2","0.15","0","999.72971639246043","0.008723989511054242","false"
"Specification-AllCostsSunkModerateRiskAversion__Cost-0.25__Fee-British","1","15","1","D","8","15","D Offer","D Liability Signal: 3;P Files: 1;D Answers: 1;D Defaults: 2","3,1,1,2","0.10618020860000001","false","999.73844038197149","999.73844038197149","3","0.25","0","999.72007350557703","0.018366876394452447","false"
"Specification-AllCostsSunkModerateRiskAversion__Cost-0.25__Fee-British","1","15","1","D","8","15","D Offer","D Liability Signal: 3;P Files: 1;D Answers: 1;D Defaults: 2","3,1,1,2","0.10618020860000001","false","999.73844038197149","999.73844038197149","4","0.35","0","999.70941761737345","0.02902276459803943","false"
"Specification-AllCostsSunkModerateRiskAversion__Cost-0.25__Fee-British","1","15","1","D","8","15","D Offer","D Liability Signal: 3;P Files: 1;D Answers: 1;D Defaults: 2","3,1,1,2","0.10618020860000001","false","999.73844038197149","999.73844038197149","5","0.45","0","999.66401708140017","0.074423300571311302","false"
"Specification-AllCostsSunkModerateRiskAversion__Cost-0.25__Fee-British","1","15","1","D","8","15","D Offer","D Liability Signal: 3;P Files: 1;D Answers: 1;D Defaults: 2","3,1,1,2","0.10618020860000001","false","999.73844038197149","999.73844038197149","6","0.55","0","999.62050306938829","0.1179373125831944","false"
"Specification-AllCostsSunkModerateRiskAversion__Cost-0.25__Fee-British","1","15","1","D","8","15","D Offer","D Liability Signal: 3;P Files: 1;D Answers: 1;D Defaults: 2","3,1,1,2","0.10618020860000001","false","999.73844038197149","999.73844038197149","7","0.65","0","999.57241670403698","0.16602367793450412","false"
"Specification-AllCostsSunkModerateRiskAversion__Cost-0.25__Fee-British","1","15","1","D","8","15","D Offer","D Liability Signal: 3;P Files: 1;D Answers: 1;D Defaults: 2","3,1,1,2","0.10618020860000001","false","999.73844038197149","999.73844038197149","8","0.75","0","999.51926312638568","0.21917725558580514","false"
"Specification-AllCostsSunkModerateRiskAversion__Cost-0.25__Fee-British","1","15","1","D","8","15","D Offer","D Liability Signal: 3;P Files: 1;D Answers: 1;D Defaults: 2","3,1,1,2","0.10618020860000001","false","999.73844038197149","999.73844038197149","9","0.85","0","999.46052533536863","0.27791504660285682","false"
"Specification-AllCostsSunkModerateRiskAversion__Cost-0.25__Fee-British","1","15","1","D","8","15","D Offer","D Liability Signal: 3;P Files: 1;D Answers: 1;D Defaults: 2","3,1,1,2","0.10618020860000001","false","999.73844038197149","999.73844038197149","10","0.95","0","999.3452751506079","0.39316523136358228","false"
"Specification-AllCostsSunkModerateRiskAversion__Cost-0.25__Fee-British","1","16","1","D","3","10","D Answers","D Liability Signal: 4;P Files: 1","4,1","0.1080961854","false","999.5833251046555","999.5833251046555","1","Yes","1","999.5833251046555","0","true"
"Specification-AllCostsSunkModerateRiskAversion__Cost-0.25__Fee-British","1","16","1","D","3","10","D Answers","D Liability Signal: 4;P Files: 1","4,1","0.1080961854","false","999.5833251046555","999.5833251046555","2","No","0","998.80796765079981","0.77535745385569044","false"
"Specification-AllCostsSunkModerateRiskAversion__Cost-0.25__Fee-British","1","17","1","D","6","21","D Defaults","D Liability Signal: 4;P Files: 1;D Answers: 1","4,1,1","0.1080961854","false","999.5833251046555","999.5833251046555","1","Yes","0","999.24424598816188","0.33907911649362177","false"
"Specification-AllCostsSunkModerateRiskAversion__Cost-0.25__Fee-British","1","17","1","D","6","21","D Defaults","D Liability Signal: 4;P Files: 1;D Answers: 1","4,1,1","0.1080961854","false","999.5833251046555","999.5833251046555","2","No","1","999.5833251046555","0","true"
"Specification-AllCostsSunkModerateRiskAversion__Cost-0.25__Fee-British","1","18","1","D","8","15","D Offer","D Liability Signal: 4;P Files: 1;D Answers: 1;D Defaults: 1","4,1,1,1","0","true","","","1","0.05","0.10000000000000001","","",""
"Specification-AllCostsSunkModerateRiskAversion__Cost-0.25__Fee-British","1","18","1","D","8","15","D Offer","D Liability Signal: 4;P Files: 1;D Answers: 1;D Defaults: 1","4,1,1,1","0","true","","","2","0.15","0.10000000000000001","","",""
"Specification-AllCostsSunkModerateRiskAversion__Cost-0.25__Fee-British","1","18","1","D","8","15","D Offer","D Liability Signal: 4;P Files: 1;D Answers: 1;D Defaults: 1","4,1,1,1","0","true","","","3","0.25","0.10000000000000001","","",""
"Specification-AllCostsSunkModerateRiskAversion__Cost-0.25__Fee-British","1","18","1","D","8","15","D Offer","D Liability Signal: 4;P Files: 1;D Answers: 1;D Defaults: 1","4,1,1,1","0","true","","","4","0.35","0.10000000000000001","","",""
"Specification-AllCostsSunkModerateRiskAversion__Cost-0.25__Fee-British","1","18","1","D","8","15","D Offer","D Liability Signal: 4;P Files: 1;D Answers: 1;D Defaults: 1","4,1,1,1","0","true","","","5","0.45","0.10000000000000001","","",""
"Specification-AllCostsSunkModerateRiskAversion__Cost-0.25__Fee-British","1","18","1","D","8","15","D Offer","D Liability Signal: 4;P Files: 1;D Answers: 1;D Defaults: 1","4,1,1,1","0","true","","","6","0.55","0.10000000000000001","","",""
"Specification-AllCostsSunkModerateRiskAversion__Cost-0.25__Fee-British","1","18","1","D","8","15","D Offer","D Liability Signal: 4;P Files: 1;D Answers: 1;D Defaults: 1","4,1,1,1","0","true","","","7","0.65","0.10000000000000001","","",""
"Specification-AllCostsSunkModerateRiskAversion__Cost-0.25__Fee-British","1","18","1","D","8","15","D Offer","D Liability Signal: 4;P Files: 1;D Answers: 1;D Defaults: 1","4,1,1,1","0","true","","","8","0.75","0.10000000000000001","","",""
"Specification-AllCostsSunkModerateRiskAversion__Cost-0.25__Fee-British","1","18","1","D","8","15","D Offer","D Liability Signal: 4;P Files: 1;D Answers: 1;D Defaults: 1","4,1,1,1","0","true","","","9","0.85","0.10000000000000001","","",""
"Specification-AllCostsSunkModerateRiskAversion__Cost-0.25__Fee-British","1","18","1","D","8","15","D Offer","D Liability Signal: 4;P Files: 1;D Answers: 1;D Defaults: 1","4,1,1,1","0","true","","","10","0.95","0.10000000000000001","","",""
"Specification-AllCostsSunkModerateRiskAversion__Cost-0.25__Fee-British","1","19","1","D","8","15","D Offer","D Liability Signal: 4;P Files: 1;D Answers: 1;D Defaults: 2","4,1,1,2","0.1080961854","false","999.5833251046555","999.58332510465527","1","0.05","0.95446393893862147","999.58332510465516","1.1368683772161603E-13","true"
"Specification-AllCostsSunkModerateRiskAversion__Cost-0.25__Fee-British","1","19","1","D","8","15","D Offer","D Liability Signal: 4;P Files: 1;D Answers: 1;D Defaults: 2","4,1,1,2","0.1080961854","false","999.5833251046555","999.58332510465527","2","0.15","0","999.57682194809956","0.0065031565557092108","false"
"Specification-AllCostsSunkModerateRiskAversion__Cost-0.25__Fee-British","1","19","1","D","8","15","D Offer","D Liability Signal: 4;P Files: 1;D Answers: 1;D Defaults: 2","4,1,1,2","0.1080961854","false","999.5833251046555","999.58332510465527","3","0.25","0","999.56963381439391","0.013691290261363065","false"
"Specification-AllCostsSunkModerateRiskAversion__Cost-0.25__Fee-British","1","19","1","D","8","15","D Offer","D Liability Signal: 4;P Files: 1;D Answers: 1;D Defaults: 2","4,1,1,2","0.1080961854","false","999.5833251046555","999.58332510465527","4","0.35","0","999.56169055527607","0.021634549379200507","false"
"Specification-AllCostsSunkModerateRiskAversion__Cost-0.25__Fee-British","1","19","1","D","8","15","D Offer","D Liability Signal: 4;P Files: 1;D Answers: 1;D Defaults: 2","4,1,1,2","0.1080961854","false","999.5833251046555","999.58332510465527","5","0.45","0.045536061061378613","999.58332510465527","0","true"
"Specification-AllCostsSunkModerateRiskAversion__Cost-0.25__Fee-British","1","19","1","D","8","15","D Offer","D Liability Signal: 4;P Files: 1;D Answers: 1;D Defaults: 2","4,1,1,2","0.1080961854","false","999.5833251046555","999.58332510465527","6","0.55","0","999.54240353678222","0.040921567873056119","false"
"Specification-AllCostsSunkModerateRiskAversion__Cost-0.25__Fee-British","1","19","1","D","8","15","D Offer","D Liability Signal: 4;P Files: 1;D Answers: 1;D Defaults: 2","4,1,1,2","0.1080961854","false","999.5833251046555","999.58332510465527","7","0.65","0","999.49718350552052","0.086141599134748503","false"
"Specification-AllCostsSunkModerateRiskAversion__Cost-0.25__Fee-British","1","19","1","D","8","15","D Offer","D Liability Signal: 4;P Files: 1;D Answers: 1;D Defaults: 2","4,1,1,2","0.1080961854","false","999.5833251046555","999.58332510465527","8","0.75","0","999.44719696012464","0.13612814453063038","false"
"Specification-AllCostsSunkModerateRiskAversion__Cost-0.25__Fee-British","1","19","1","D","8","15","D Offer","D Liability Signal: 4;P Files: 1;D Answers: 1;D Defaults: 2","4,1,1,2","0.1080961854","false","999.5833251046555","999.58332510465527","9","0.85","0","999.39195934437566","0.19136576027960928","false"
"Specification-AllCostsSunkModerateRiskAversion__Cost-0.25__Fee-British","1","19","1","D","8","15","D Offer","D Liability Signal: 4;P Files: 1;D Answers: 1;D Defaults: 2","4,1,1,2","0.1080961854","false","999.5833251046555","999.58332510465527","10","0.95","0","999.27678628866727","0.30653881598800581","false"
"Specification-AllCostsSunkModerateRiskAversion__Cost-0.25__Fee-British","1","20","1","D","3","10","D Answers","D Liability Signal: 5;P Files: 1","5,1","0.10760218790000001","false","999.45352225663851","999.45352225663851","1","Yes","1","999.45352225663851","0","true"
"Specification-AllCostsSunkModerateRiskAversion__Cost-0.25__Fee-British","1","20","1","D","3","10","D Answers","D Liability Signal: 5;P Files: 1","5,1","0.10760218790000001","false","999.45352225663851","999.45352225663851","2","No","0","998.80796765080004","0.6455546058384698","false"
"Specification-AllCostsSunkModerateRiskAversion__Cost-0.25__Fee-British","1","21","1","D","6","21","D Defaults","D Liability Signal: 5;P Files: 1;D Answers: 1","5,1,1","0.10760218790000001","false","999.45352225663851","999.45352225663851","1","Yes","0","999.11968156876969","0.33384068786881471","false"
"Specification-AllCostsSunkModerateRiskAversion__Cost-0.25__Fee-British","1","21","1","D","6","21","D Defaults","D Liability Signal: 5;P Files: 1;D Answers: 1","5,1,1","0.10760218790000001","false","999.45352225663851","999.45352225663851","2","No","1","999.45352225663851","0","true"
"Specification-AllCostsSunkModerateRiskAversion__Cost-0.25__Fee-British","1","22","1","D","8","15","D Offer","D Liability Signal: 5;P Files: 1;D Answers: 1;D Defaults: 1","5,1,1,1","0","true","","","1","0.05","0.10000000000000001","","",""
"Specification-AllCostsSunkModerateRiskAversion__Cost-0.25__Fee-British","1","22","1","D","8","15","D Offer","D Liability Signal: 5;P Files: 1;D Answers: 1;D Defaults: 1","5,1,1,1","0","true","","","2","0.15","0.10000000000000001","","",""
"Specification-AllCostsSunkModerateRiskAversion__Cost-0.25__Fee-British","1","22","1","D","8","15","D Offer","D Liability Signal: 5;P Files: 1;D Answers: 1;D Defaults: 1","5,1,1,1","0","true","","","3","0.25","0.10000000000000001","","",""
"Specification-AllCostsSunkModerateRiskAversion__Cost-0.25__Fee-British","1","22","1","D","8","15","D Offer","D Liability Signal: 5;P Files: 1;D Answers: 1;D Defaults: 1","5,1,1,1","0","true","","","4","0.35","0.10000000000000001","","",""
"Specification-AllCostsSunkModerateRiskAversion__Cost-0.25__Fee-British","1","22","1","D","8","15","D Offer","D Liability Signal: 5;P Files: 1;D Answers: 1;D Defaults: 1","5,1,1,1","0","true","","","5","0.45","0.10000000000000001","","",""
"Specification-AllCostsSunkModerateRiskAversion__Cost-0.25__Fee-British","1","22","1","D","8","15","D Offer","D Liability Signal: 5;P Files: 1;D Answers: 1;D Defaults: 1","5,1,1,1","0","true","","","6","0.55","0.10000000000000001","","",""
"Specification-AllCostsSunkModerateRiskAversion__Cost-0.25__Fee-British","1","22","1","D","8","15","D Offer","D Liability Signal: 5;P Files: 1;D Answers: 1;D Defaults: 1","5,1,1,1","0","true","","","7","0.65","0.10000000000000001","","",""
"Specification-AllCostsSunkModerateRiskAversion__Cost-0.25__Fee-British","1","22","1","D","8","15","D Offer","D Liability Signal: 5;P Files: 1;D Answers: 1;D Defaults: 1","5,1,1,1","0","true","","","8","0.75","0.10000000000000001","","",""
"Specification-AllCostsSunkModerateRiskAversion__Cost-0.25__Fee-British","1","22","1","D","8","15","D Offer","D Liability Signal: 5;P Files: 1;D Answers: 1;D Defaults: 1","5,1,1,1","0","true","","","9","0.85","0.10000000000000001","","",""
"Specification-AllCostsSunkModerateRiskAversion__Cost-0.25__Fee-British","1","22","1","D","8","15","D Offer","D Liability Signal: 5;P Files: 1;D Answers: 1;D Defaults: 1","5,1,1,1","0","true","","","10","0.95","0.10000000000000001","","",""
"Specification-AllCostsSunkModerateRiskAversion__Cost-0.25__Fee-British","1","23","1","D","8","15","D Offer","D Liability Signal: 5;P Files: 1;D Answers: 1;D Defaults: 2","5,1,1,2","0.10760218790000001","false","999.45352225663851","999.45352225663851","1","0.05","0","999.36752617443881","0.085996082199699231","false"
"Specification-AllCostsSunkModerateRiskAversion__Cost-0.25__Fee-British","1","23","1","D","8","15","D Offer","D Liability Signal: 5;P Files: 1;D Answers: 1;D Defaults: 2","5,1,1,2","0.10760218790000001","false","999.45352225663851","999.45352225663851","2","0.15","0","999.36321456493442","0.090307691704083481","false"
"Specification-AllCostsSunkModerateRiskAversion__Cost-0.25__Fee-British","1","23","1","D","8","15","D Offer","D Liability Signal: 5;P Files: 1;D Answers: 1;D Defaults: 2","5,1,1,2","0.10760218790000001","false","999.45352225663851","999.45352225663851","3","0.25","0","999.35844881381968","0.09507344281882979","false"
"Specification-AllCostsSunkModerateRiskAversion__Cost-0.25__Fee-British","1","23","1","D","8","15","D Offer","D Liability Signal: 5;P Files: 1;D Answers: 1;D Defaults: 2","5,1,1,2","0.10760218790000001","false","999.45352225663851","999.45352225663851","4","0.35","0","999.35318241261677","0.10033984402173246","false"
"Specification-AllCostsSunkModerateRiskAversion__Cost-0.25__Fee-British","1","23","1","D","8","15","D Offer","D Liability Signal: 5;P Files: 1;D Answers: 1;D Defaults: 2","5,1,1,2","0.10760218790000001","false","999.45352225663851","999.45352225663851","5","0.45","1","999.45352225663851","0","true"
"Specification-AllCostsSunkModerateRiskAversion__Cost-0.25__Fee-British","1","23","1","D","8","15","D Offer","D Liability Signal: 5;P Files: 1;D Answers: 1;D Defaults: 2","5,1,1,2","0.10760218790000001","false","999.45352225663851","999.45352225663851","6","0.55","0","999.4171049880365","0.036417268602008335","false"
"Specification-AllCostsSunkModerateRiskAversion__Cost-0.25__Fee-British","1","23","1","D","8","15","D Offer","D Liability Signal: 5;P Files: 1;D Answers: 1;D Defaults: 2","5,1,1,2","0.10760218790000001","false","999.45352225663851","999.45352225663851","7","0.65","0","999.3768636799748","0.07665857666370357","false"
"Specification-AllCostsSunkModerateRiskAversion__Cost-0.25__Fee-British","1","23","1","D","8","15","D Offer","D Liability Signal: 5;P Files: 1;D Answers: 1;D Defaults: 2","5,1,1,2","0.10760218790000001","false","999.45352225663851","999.45352225663851","8","0.75","0","999.3323794809038","0.12114277573471099","false"
"Specification-AllCostsSunkModerateRiskAversion__Cost-0.25__Fee-British","1","23","1","D","8","15","D Offer","D Liability Signal: 5;P Files: 1;D Answers: 1;D Defaults: 2","5,1,1,2","0.10760218790000001","false","999.45352225663851","999.45352225663851","9","0.85","0","999.28322259610195","0.17029966053655698","false"
"Specification-AllCostsSunkModerateRiskAversion__Cost-0.25__Fee-British","1","23","1","D","8","15","D Offer","D Liability Signal: 5;P Files: 1;D Answers: 1;D Defaults: 2","5,1,1,2","0.10760218790000001","false","999.45352225663851","999.45352225663851","10","0.95","0","999.18941120509635","0.26411105154215875","false"
"Specification-AllCostsSunkModerateRiskAversion__Cost-0.25__Fee-British","1","24","1","D","3","10","D Answers","D Liability Signal: 6;P Files: 1","6,1","0.10760135250000001","false","999.2771451952608","999.2771451952608","1","Yes","1","999.2771451952608","0","true"
"Specification-AllCostsSunkModerateRiskAversion__Cost-0.25__Fee-British","1","24","1","D","3","10","D Answers","D Liability Signal: 6;P Files: 1","6,1","0.10760135250000001","false","999.2771451952608","999.2771451952608","2","No","0","998.80796765080004","0.46917754446076287","false"
"Specification-AllCostsSunkModerateRiskAversion__Cost-0.25__Fee-British","1","25","1","D","6","21","D Defaults","D Liability Signal: 6;P Files: 1;D Answers: 1","6,1,1","0.10760135250000001","false","999.2771451952608","999.2771451952608","1","Yes","0","998.99212157241129","0.28502362284950777","false"
"Specification-AllCostsSunkModerateRiskAversion__Cost-0.25__Fee-British","1","25","1","D","6","21","D Defaults","D Liability Signal: 6;P Files: 1;D Answers: 1","6,1,1","0.10760135250000001","false","999.2771451952608","999.2771451952608","2","No","1","999.2771451952608","0","true"
"Specification-AllCostsSunkModerateRiskAversion__Cost-0.25__Fee-British","1","26","1","D","8","15","D Offer","D Liability Signal: 6;P Files: 1;D Answers: 1;D Defaults: 1","6,1,1,1","0","true","","","1","0.05","0.10000000000000001","","",""
"Specification-AllCostsSunkModerateRiskAversion__Cost-0.25__Fee-British","1","26","1","D","8","15","D Offer","D Liability Signal: 6;P Files: 1;D Answers: 1;D Defaults: 1","6,1,1,1","0","true","","","2","0.15","0.10000000000000001","","",""
"Specification-AllCostsSunkModerateRiskAversion__Cost-0.25__Fee-British","1","26","1","D","8","15","D Offer","D Liability Signal: 6;P Files: 1;D Answers: 1;D Defaults: 1","6,1,1,1","0","true","","","3","0.25","0.10000000000000001","","",""
"Specification-AllCostsSunkModerateRiskAversion__Cost-0.25__Fee-British","1","26","1","D","8","15","D Offer","D Liability Signal: 6;P Files: 1;D Answers: 1;D Defaults: 1","6,1,1,1","0","true","","","4","0.35","0.10000000000000001","","",""
"Specification-AllCostsSunkModerateRiskAversion__Cost-0.25__Fee-British","1","26","1","D","8","15","D Offer","D Liability Signal: 6;P Files: 1;D Answers: 1;D Defaults: 1","6,1,1,1","0","true","","","5","0.45","0.10000000000000001","","",""
"Specification-AllCostsSunkModerateRiskAversion__Cost-0.25__Fee-British","1","26","1","D","8","15","D Offer","D Liability Signal: 6;P Files: 1;D Answers: 1;D Defaults: 1","6,1,1,1","0","true","","","6","0.55","0.10000000000000001","","",""
"Specification-AllCostsSunkModerateRiskAversion__Cost-0.25__Fee-British","1","26","1","D","8","15","D Offer","D Liability Signal: 6;P Files: 1;D Answers: 1;D Defaults: 1","6,1,1,1","0","true","","","7","0.65","0.10000000000000001","","",""
"Specification-AllCostsSunkModerateRiskAversion__Cost-0.25__Fee-British","1","26","1","D","8","15","D Offer","D Liability Signal: 6;P Files: 1;D Answers: 1;D Defaults: 1","6,1,1,1","0","true","","","8","0.75","0.10000000000000001","","",""
"Specification-AllCostsSunkModerateRiskAversion__Cost-0.25__Fee-British","1","26","1","D","8","15","D Offer","D Liability Signal: 6;P Files: 1;D Answers: 1;D Defaults: 1","6,1,1,1","0","true","","","9","0.85","0.10000000000000001","","",""
"Specification-AllCostsSunkModerateRiskAversion__Cost-0.25__Fee-British","1","26","1","D","8","15","D Offer","D Liability Signal: 6;P Files: 1;D Answers: 1;D Defaults: 1","6,1,1,1","0","true","","","10","0.95","0.10000000000000001","","",""
"Specification-AllCostsSunkModerateRiskAversion__Cost-0.25__Fee-British","1","27","1","D","8","15","D Offer","D Liability Signal: 6;P Files: 1;D Answers: 1;D Defaults: 2","6,1,1,2","0.10760135250000001","false","999.2771451952608","999.2771451952608","1","0.05","0","999.11795518782708","0.1591900074337218","false"
"Specification-AllCostsSunkModerateRiskAversion__Cost-0.25__Fee-British","1","27","1","D","8","15","D Offer","D Liability Signal: 6;P Files: 1;D Answers: 1;D Defaults: 2","6,1,1,2","0.10760135250000001","false","999.2771451952608","999.2771451952608","2","0.15","0","999.11543374246344","0.16171145279736265","false"
"Specification-AllCostsSunkModerateRiskAversion__Cost-0.25__Fee-British","1","27","1","D","8","15","D Offer","D Liability Signal: 6;P Files: 1;D Answers: 1;D Defaults: 2","6,1,1,2","0.10760135250000001","false","999.2771451952608","999.2771451952608","3","0.25","0","999.11264671338768","0.16449848187312455","false"
"Specification-AllCostsSunkModerateRiskAversion__Cost-0.25__Fee-British","1","27","1","D","8","15","D Offer","D Liability Signal: 6;P Files: 1;D Answers: 1;D Defaults: 2","6,1,1,2","0.10760135250000001","false","999.2771451952608","999.2771451952608","4","0.35","0","999.10956690226783","0.167578292992971","false"
"Specification-AllCostsSunkModerateRiskAversion__Cost-0.25__Fee-British","1","27","1","D","8","15","D Offer","D Liability Signal: 6;P Files: 1;D Answers: 1;D Defaults: 2","6,1,1,2","0.10760135250000001","false","999.2771451952608","999.2771451952608","5","0.45","1","999.2771451952608","0","true"
"Specification-AllCostsSunkModerateRiskAversion__Cost-0.25__Fee-British","1","27","1","D","8","15","D Offer","D Liability Signal: 6;P Files: 1;D Answers: 1;D Defaults: 2","6,1,1,2","0.10760135250000001","false","999.2771451952608","999.2771451952608","6","0.55","0","999.24689076165589","0.030254433604909536","false"
"Specification-AllCostsSunkModerateRiskAversion__Cost-0.25__Fee-British","1","27","1","D","8","15","D Offer","D Liability Signal: 6;P Files: 1;D Answers: 1;D Defaults: 2","6,1,1,2","0.10760135250000001","false","999.2771451952608","999.2771451952608","7","0.65","0","999.21346034837779","0.063684846883006685","false"
"Specification-AllCostsSunkModerateRiskAversion__Cost-0.25__Fee-British","1","27","1","D","8","15","D Offer","D Liability Signal: 6;P Files: 1;D Answers: 1;D Defaults: 2","6,1,1,2","0.10760135250000001","false","999.2771451952608","999.2771451952608","8","0.75","0","999.17650431830248","0.10064087695832313","false"
"Specification-AllCostsSunkModerateRiskAversion__Cost-0.25__Fee-British","1","27","1","D","8","15","D Offer","D Liability Signal: 6;P Files: 1;D Answers: 1;D Defaults: 2","6,1,1,2","0.10760135250000001","false","999.2771451952608","999.2771451952608","9","0.85","0","999.13566663469851","0.14147856056229102","false"
"Specification-AllCostsSunkModerateRiskAversion__Cost-0.25__Fee-British","1","27","1","D","8","15","D Offer","D Liability Signal: 6;P Files: 1;D Answers: 1;D Defaults: 2","6,1,1,2","0.10760135250000001","false","999.2771451952608","999.2771451952608","10","0.95","0","999.09278409099898","0.18436110426182495","false"
"Specification-AllCostsSunkModerateRiskAversion__Cost-0.25__Fee-British","1","28","1","D","3","10","D Answers","D Liability Signal: 7;P Files: 1","7,1","0.1080937146","false","999.08024054927444","999.08024054927444","1","Yes","1","999.08024054927444","0","true"
"Specification-AllCostsSunkModerateRiskAversion__Cost-0.25__Fee-British","1","28","1","D","3","10","D Answers","D Liability Signal: 7;P Files: 1","7,1","0.1080937146","false","999.08024054927444","999.08024054927444","2","No","0","998.80796765080004","0.27227289847439806","false"
"Specification-AllCostsSunkModerateRiskAversion__Cost-0.25__Fee-British","1","29","1","D","6","21","D Defaults","D Liability Signal: 7;P Files: 1;D Answers: 1","7,1,1","0.1080937146","false","999.08024054927444","999.08024054927444","1","Yes","0","998.88028909886589","0.19995145040854823","false"
"Specification-AllCostsSunkModerateRiskAversion__Cost-0.25__Fee-British","1","29","1","D","6","21","D Defaults","D Liability Signal: 7;P Files: 1;D Answers: 1","7,1,1","0.1080937146","false","999.08024054927444","999.08024054927444","2","No","1","999.08024054927444","0","true"
"Specification-AllCostsSunkModerateRiskAversion__Cost-0.25__Fee-British","1","30","1","D","8","15","D Offer","D Liability Signal: 7;P Files: 1;D Answers: 1;D Defaults: 1","7,1,1,1","0","true","","","1","0.05","0.10000000000000001","","",""
"Specification-AllCostsSunkModerateRiskAversion__Cost-0.25__Fee-British","1","30","1","D","8","15","D Offer","D Liability Signal: 7;P Files: 1;D Answers: 1;D Defaults: 1","7,1,1,1","0","true","","","2","0.15","0.10000000000000001","","",""
"Specification-AllCostsSunkModerateRiskAversion__Cost-0.25__Fee-British","1","30","1","D","8","15","D Offer","D Liability Signal: 7;P Files: 1;D Answers: 1;D Defaults: 1","7,1,1,1","0","true","","","3","0.25","0.10000000000000001","","",""
"Specification-AllCostsSunkModerateRiskAversion__Cost-0.25__Fee-British","1","30","1","D","8","15","D Offer","D Liability Signal: 7;P Files: 1;D Answers: 1;D Defaults: 1","7,1,1,1","0","true","","","4","0.35","0.10000000000000001","","",""
"Specification-AllCostsSunkModerateRiskAversion__Cost-0.25__Fee-British","1","30","1","D","8","15","D Offer","D Liability Signal: 7;P Files: 1;D Answers: 1;D Defaults: 1","7,1,1,1","0","true","","","5","0.45","0.10000000000000001","","",""
"Specification-AllCostsSunkModerateRiskAversion__Cost-0.25__Fee-British","1","30","1","D","8","15","D Offer","D Liability Signal: 7;P Files: 1;D Answers: 1;D Defaults: 1","7,1,1,1","0","true","","","6","0.55","0.10000000000000001","","",""
"Specification-AllCostsSunkModerateRiskAversion__Cost-0.25__Fee-British","1","30","1","D","8","15","D Offer","D Liability Signal: 7;P Files: 1;D Answers: 1;D Defaults: 1","7,1,1,1","0","true","","","7","0.65","0.10000000000000001","","",""
"Specification-AllCostsSunkModerateRiskAversion__Cost-0.25__Fee-British","1","30","1","D","8","15","D Offer","D Liability Signal: 7;P Files: 1;D Answers: 1;D Defaults: 1","7,1,1,1","0","true","","","8","0.75","0.10000000000000001","","",""
"Specification-AllCostsSunkModerateRiskAversion__Cost-0.25__Fee-British","1","30","1","D","8","15","D Offer","D Liability Signal: 7;P Files: 1;D Answers: 1;D Defaults: 1","7,1,1,1","0","true","","","9","0.85","0.10000000000000001","","",""
"Specification-AllCostsSunkModerateRiskAversion__Cost-0.25__Fee-British","1","30","1","D","8","15","D Offer","D Liability Signal: 7;P Files: 1;D Answers: 1;D Defaults: 1","7,1,1,1","0","true","","","10","0.95","0.10000000000000001","","",""
"Specification-AllCostsSunkModerateRiskAversion__Cost-0.25__Fee-British","1","31","1","D","8","15","D Offer","D Liability Signal: 7;P Files: 1;D Answers: 1;D Defaults: 2","7,1,1,2","0.1080937146","false","999.08024054927444","999.08024054927444","1","0.05","0","998.88127758422775","0.19896296504668953","false"
"Specification-AllCostsSunkModerateRiskAversion__Cost-0.25__Fee-British","1","31","1","D","8","15","D Offer","D Liability Signal: 7;P Files: 1;D Answers: 1;D Defaults: 2","7,1,1,2","0.1080937146","false","999.08024054927444","999.08024054927444","2","0.15","0","998.87995852426377","0.20028202501066517","false"
"Specification-AllCostsSunkModerateRiskAversion__Cost-0.25__Fee-British","1","31","1","D","8","15","D Offer","D Liability Signal: 7;P Files: 1;D Answers: 1;D Defaults: 2","7,1,1,2","0.1080937146","false","999.08024054927444","999.08024054927444","3","0.25","0","998.87850052778072","0.20174002149371972","false"
"Specification-AllCostsSunkModerateRiskAversion__Cost-0.25__Fee-British","1","31","1","D","8","15","D Offer","D Liability Signal: 7;P Files: 1;D Answers: 1;D Defaults: 2","7,1,1,2","0.1080937146","false","999.08024054927444","999.08024054927444","4","0.35","0","998.87688936634004","0.20335118293439791","false"
"Specification-AllCostsSunkModerateRiskAversion__Cost-0.25__Fee-British","1","31","1","D","8","15","D Offer","D Liability Signal: 7;P Files: 1;D Answers: 1;D Defaults: 2","7,1,1,2","0.1080937146","false","999.08024054927444","999.08024054927444","5","0.45","1","999.08024054927444","0","true"
"Specification-AllCostsSunkModerateRiskAversion__Cost-0.25__Fee-British","1","31","1","D","8","15","D Offer","D Liability Signal: 7;P Files: 1;D Answers: 1;D Defaults: 2","7,1,1,2","0.1080937146","false","999.08024054927444","999.08024054927444","6","0.55","0","999.05670066403979","0.023539885234640678","false"
"Specification-AllCostsSunkModerateRiskAversion__Cost-0.25__Fee-British","1","31","1","D","8","15","D Offer","D Liability Signal: 7;P Files: 1;D Answers: 1;D Defaults: 2","7,1,1,2","0.1080937146","false","999.08024054927444","999.08024054927444","7","0.65","0","999.03069022333216","0.049550325942277595","false"
"Specification-AllCostsSunkModerateRiskAversion__Cost-0.25__Fee-British","1","31","1","D","8","15","D Offer","D Liability Signal: 7;P Files: 1;D Answers: 1;D Defaults: 2","7,1,1,2","0.1080937146","false","999.08024054927444","999.08024054927444","8","0.75","0","999.00193617663422","0.078304372640218389","false"
"Specification-AllCostsSunkModerateRiskAversion__Cost-0.25__Fee-British","1","31","1","D","8","15","D Offer","D Liability Signal: 7;P Files: 1;D Answers: 1;D Defaults: 2","7,1,1,2","0.1080937146","false","999.08024054927444","999.08024054927444","9","0.85","0","998.97016212556071","0.11007842371373044","false"
"Specification-AllCostsSunkModerateRiskAversion__Cost-0.25__Fee-British","1","31","1","D","8","15","D Offer","D Liability Signal: 7;P Files: 1;D Answers: 1;D Defaults: 2","7,1,1,2","0.1080937146","false","999.08024054927444","999.08024054927444","10","0.95","0","999.0016959456068","0.078544603667637602","false"
"Specification-AllCostsSunkModerateRiskAversion__Cost-0.25__Fee-British","1","32","1","D","3","10","D Answers","D Liability Signal: 8;P Files: 1","8,1","0.10617632220000001","false","998.93284198007655","998.93284198007655","1","Yes","1","998.93284198007655","0","true"
"Specification-AllCostsSunkModerateRiskAversion__Cost-0.25__Fee-British","1","32","1","D","3","10","D Answers","D Liability Signal: 8;P Files: 1","8,1","0.10617632220000001","false","998.93284198007655","998.93284198007655","2","No","0","998.80796765079992","0.12487432927662212","false"
"Specification-AllCostsSunkModerateRiskAversion__Cost-0.25__Fee-British","1","33","1","D","6","21","D Defaults","D Liability Signal: 8;P Files: 1;D Answers: 1","8,1,1","0.10617632220000001","false","998.93284198007655","998.93284198007655","1","Yes","1","998.93284198007655","0","true"
"Specification-AllCostsSunkModerateRiskAversion__Cost-0.25__Fee-British","1","33","1","D","6","21","D Defaults","D Liability Signal: 8;P Files: 1;D Answers: 1","8,1,1","0.10617632220000001","false","998.93284198007655","998.93284198007655","2","No","0","998.7999449060153","0.13289707406124762","false"
"Specification-AllCostsSunkModerateRiskAversion__Cost-0.25__Fee-British","1","34","1","D","8","15","D Offer","D Liability Signal: 8;P Files: 1;D Answers: 1;D Defaults: 1","8,1,1,1","0.10617632220000001","false","998.93284198007655","998.93284198007655","1","0.05","0","998.63989260429275","0.29294937578379177","false"
"Specification-AllCostsSunkModerateRiskAversion__Cost-0.25__Fee-British","1","34","1","D","8","15","D Offer","D Liability Signal: 8;P Files: 1;D Answers: 1;D Defaults: 1","8,1,1,1","0.10617632220000001","false","998.93284198007655","998.93284198007655","2","0.15","0","998.63925321387478","0.29358876620176488","false"
"Specification-AllCostsSunkModerateRiskAversion__Cost-0.25__Fee-British","1","34","1","D","8","15","D Offer","D Liability Signal: 8;P Files: 1;D Answers: 1;D Defaults: 1","8,1,1,1","0.10617632220000001","false","998.93284198007655","998.93284198007655","3","0.25","0","998.63854647649634","0.29429550358020151","false"
"Specification-AllCostsSunkModerateRiskAversion__Cost-0.25__Fee-British","1","34","1","D","8","15","D Offer","D Liability Signal: 8;P Files: 1;D Answers: 1;D Defaults: 1","8,1,1,1","0.10617632220000001","false","998.93284198007655","998.93284198007655","4","0.35","0","998.63776549518002","0.29507648489652638","false"
"Specification-AllCostsSunkModerateRiskAversion__Cost-0.25__Fee-British","1","34","1","D","8","15","D Offer","D Liability Signal: 8;P Files: 1;D Answers: 1;D Defaults: 1","8,1,1,1","0.10617632220000001","false","998.93284198007655","998.93284198007655","5","0.45","1","998.93284198007655","0","true"
"Specification-AllCostsSunkModerateRiskAversion__Cost-0.25__Fee-British","1","34","1","D","8","15","D Offer","D Liability Signal: 8;P Files: 1;D Answers: 1;D Defaults: 1","8,1,1,1","0.10617632220000001","false","998.93284198007655","998.93284198007655","6","0.55","0","998.91528392339717","0.017558056679376932","false"
"Specification-AllCostsSunkModerateRiskAversion__Cost-0.25__Fee-British","1","34","1","D","8","15","D Offer","D Liability Signal: 8;P Files: 1;D Answers: 1;D Defaults: 1","8,1,1,1","0.10617632220000001","false","998.93284198007655","998.93284198007655","7","0.65","0","998.89588341553986","0.036958564536689664","false"
"Specification-AllCostsSunkModerateRiskAversion__Cost-0.25__Fee-British","1","34","1","D","8","15","D Offer","D Liability Signal: 8;P Files: 1;D Answers: 1;D Defaults: 1","8,1,1,1","0.10617632220000001","false","998.93284198007655","998.93284198007655","8","0.75","0","998.87443625059109","0.058405729485457414","false"
"Specification-AllCostsSunkModerateRiskAversion__Cost-0.25__Fee-British","1","34","1","D","8","15","D Offer","D Liability Signal: 8;P Files: 1;D Answers: 1;D Defaults: 1","8,1,1,1","0.10617632220000001","false","998.93284198007655","998.93284198007655","9","0.85","0","998.85073659981902","0.082105380257530669","false"
"Specification-AllCostsSunkModerateRiskAversion__Cost-0.25__Fee-British","1","34","1","D","8","15","D Offer","D Liability Signal: 8;P Files: 1;D Answers: 1;D Defaults: 1","8,1,1,1","0.10617632220000001","false","998.93284198007655","998.93284198007655","10","0.95","0","998.92797406949467","0.0048679105818791868","false"
"Specification-AllCostsSunkModerateRiskAversion__Cost-0.25__Fee-British","1","35","1","D","8","15","D Offer","D Liability Signal: 8;P Files: 1;D Answers: 1;D Defaults: 2","8,1,1,2","0","true","","","1","0.05","0.10000000000000001","","",""
"Specification-AllCostsSunkModerateRiskAversion__Cost-0.25__Fee-British","1","35","1","D","8","15","D Offer","D Liability Signal: 8;P Files: 1;D Answers: 1;D Defaults: 2","8,1,1,2","0","true","","","2","0.15","0.10000000000000001","","",""
"Specification-AllCostsSunkModerateRiskAversion__Cost-0.25__Fee-British","1","35","1","D","8","15","D Offer","D Liability Signal: 8;P Files: 1;D Answers: 1;D Defaults: 2","8,1,1,2","0","true","","","3","0.25","0.10000000000000001","","",""
"Specification-AllCostsSunkModerateRiskAversion__Cost-0.25__Fee-British","1","35","1","D","8","15","D Offer","D Liability Signal: 8;P Files: 1;D Answers: 1;D Defaults: 2","8,1,1,2","0","true","","","4","0.35","0.10000000000000001","","",""
"Specification-AllCostsSunkModerateRiskAversion__Cost-0.25__Fee-British","1","35","1","D","8","15","D Offer","D Liability Signal: 8;P Files: 1;D Answers: 1;D Defaults: 2","8,1,1,2","0","true","","","5","0.45","0.10000000000000001","","",""
"Specification-AllCostsSunkModerateRiskAversion__Cost-0.25__Fee-British","1","35","1","D","8","15","D Offer","D Liability Signal: 8;P Files: 1;D Answers: 1;D Defaults: 2","8,1,1,2","0","true","","","6","0.55","0.10000000000000001","","",""
"Specification-AllCostsSunkModerateRiskAversion__Cost-0.25__Fee-British","1","35","1","D","8","15","D Offer","D Liability Signal: 8;P Files: 1;D Answers: 1;D Defaults: 2","8,1,1,2","0","true","","","7","0.65","0.10000000000000001","","",""
"Specification-AllCostsSunkModerateRiskAversion__Cost-0.25__Fee-British","1","35","1","D","8","15","D Offer","D Liability Signal: 8;P Files: 1;D Answers: 1;D Defaults: 2","8,1,1,2","0","true","","","8","0.75","0.10000000000000001","","",""
"Specification-AllCostsSunkModerateRiskAversion__Cost-0.25__Fee-British","1","35","1","D","8","15","D Offer","D Liability Signal: 8;P Files: 1;D Answers: 1;D Defaults: 2","8,1,1,2","0","true","","","9","0.85","0.10000000000000001","","",""
"Specification-AllCostsSunkModerateRiskAversion__Cost-0.25__Fee-British","1","35","1","D","8","15","D Offer","D Liability Signal: 8;P Files: 1;D Answers: 1;D Defaults: 2","8,1,1,2","0","true","","","10","0.95","0.10000000000000001","","",""
"Specification-AllCostsSunkModerateRiskAversion__Cost-0.25__Fee-British","1","36","1","D","3","10","D Answers","D Liability Signal: 9;P Files: 1","9,1","0.097673550799999995","false","998.8751169563335","998.8751169563335","1","Yes","1","998.8751169563335","0","true"
"Specification-AllCostsSunkModerateRiskAversion__Cost-0.25__Fee-British","1","36","1","D","3","10","D Answers","D Liability Signal: 9;P Files: 1","9,1","0.097673550799999995","false","998.8751169563335","998.8751169563335","2","No","0","998.80796765080015","0.067149305533348524","false"
"Specification-AllCostsSunkModerateRiskAversion__Cost-0.25__Fee-British","1","37","1","D","6","21","D Defaults","D Liability Signal: 9;P Files: 1;D Answers: 1","9,1,1","0.097673550799999995","false","998.8751169563335","998.8751169563335","1","Yes","0","998.73729449507414","0.13782246125936126","false"
"Specification-AllCostsSunkModerateRiskAversion__Cost-0.25__Fee-British","1","37","1","D","6","21","D Defaults","D Liability Signal: 9;P Files: 1;D Answers: 1","9,1,1","0.097673550799999995","false","998.8751169563335","998.8751169563335","2","No","1","998.8751169563335","0","true"
"Specification-AllCostsSunkModerateRiskAversion__Cost-0.25__Fee-British","1","38","1","D","8","15","D Offer","D Liability Signal: 9;P Files: 1;D Answers: 1;D Defaults: 1","9,1,1,1","0","true","","","1","0.05","0.10000000000000001","","",""
"Specification-AllCostsSunkModerateRiskAversion__Cost-0.25__Fee-British","1","38","1","D","8","15","D Offer","D Liability Signal: 9;P Files: 1;D Answers: 1;D Defaults: 1","9,1,1,1","0","true","","","2","0.15","0.10000000000000001","","",""
"Specification-AllCostsSunkModerateRiskAversion__Cost-0.25__Fee-British","1","38","1","D","8","15","D Offer","D Liability Signal: 9;P Files: 1;D Answers: 1;D Defaults: 1","9,1,1,1","0","true","","","3","0.25","0.10000000000000001","","",""
"Specification-AllCostsSunkModerateRiskAversion__Cost-0.25__Fee-British","1","38","1","D","8","15","D Offer","D Liability Signal: 9;P Files: 1;D Answers: 1;D Defaults: 1","9,1,1,1","0","true","","","4","0.35","0.10000000000000001","","",""
"Specification-AllCostsSunkModerateRiskAversion__Cost-0.25__Fee-British","1","38","1","D","8","15","D Offer","D Liability Signal: 9;P Files: 1;D Answers: 1;D Defaults: 1","9,1,1,1","0","true","","","5","0.45","0.10000000000000001","","",""
"Specification-AllCostsSunkModerateRiskAversion__Cost-0.25__Fee-British","1","38","1","D","8","15","D Offer","D Liability Signal: 9;P Files: 1;D Answers: 1;D Defaults: 1","9,1,1,1","0","true","","","6","0.55","0.10000000000000001","","",""
"Specification-AllCostsSunkModerateRiskAversion__Cost-0.25__Fee-British","1","38","1","D","8","15","D Offer","D Liability Signal: 9;P Files: 1;D Answers: 1;D Defaults: 1","9,1,1,1","0","true","","","7","0.65","0.10000000000000001","","",""
"Specification-AllCostsSunkModerateRiskAversion__Cost-0.25__Fee-British","1","38","1","D","8","15","D Offer","D Liability Signal: 9;P Files: 1;D Answers: 1;D Defaults: 1","9,1,1,1","0","true","","","8","0.75","0.10000000000000001","","",""
"Specification-AllCostsSunkModerateRiskAversion__Cost-0.25__Fee-British","1","38","1","D","8","15","D Offer","D Liability Signal: 9;P Files: 1;D Answers: 1;D Defaults: 1","9,1,1,1","0","true","","","9","0.85","0.10000000000000001","","",""
"Specification-AllCostsSunkModerateRiskAversion__Cost-0.25__Fee-British","1","38","1","D","8","15","D Offer","D Liability Signal: 9;P Files: 1;D Answers: 1;D Defaults: 1","9,1,1,1","0","true","","","10","0.95","0.10000000000000001","","",""
"Specification-AllCostsSunkModerateRiskAversion__Cost-0.25__Fee-British","1","39","1","D","8","15","D Offer","D Liability Signal: 9;P Files: 1;D Answers: 1;D Defaults: 2","9,1,1,2","0.097673550799999995","false","998.8751169563335","998.8751169563335","1","0.05","0","998.56656969444032","0.30854726189318171","false"
"Specification-AllCostsSunkModerateRiskAversion__Cost-0.25__Fee-British","1","39","1","D","8","15","D Offer","D Liability Signal: 9;P Files: 1;D Answers: 1;D Defaults: 2","9,1,1,2","0.097673550799999995","false","998.8751169563335","998.8751169563335","2","0.15","0","998.56626868035187","0.30884827598163156","false"
"Specification-AllCostsSunkModerateRiskAversion__Cost-0.25__Fee-British","1","39","1","D","8","15","D Offer","D Liability Signal: 9;P Files: 1;D Answers: 1;D Defaults: 2","9,1,1,2","0.097673550799999995","false","998.8751169563335","998.8751169563335","3","0.25","0","998.56593596046469","0.30918099586881453","false"
"Specification-AllCostsSunkModerateRiskAversion__Cost-0.25__Fee-British","1","39","1","D","8","15","D Offer","D Liability Signal: 9;P Files: 1;D Answers: 1;D Defaults: 2","9,1,1,2","0.097673550799999995","false","998.8751169563335","998.8751169563335","4","0.35","0","998.56556828779946","0.30954866853403473","false"
"Specification-AllCostsSunkModerateRiskAversion__Cost-0.25__Fee-British","1","39","1","D","8","15","D Offer","D Liability Signal: 9;P Files: 1;D Answers: 1;D Defaults: 2","9,1,1,2","0.097673550799999995","false","998.8751169563335","998.8751169563335","5","0.45","0","998.75499868152838","0.12011827480512238","false"
"Specification-AllCostsSunkModerateRiskAversion__Cost-0.25__Fee-British","1","39","1","D","8","15","D Offer","D Liability Signal: 9;P Files: 1;D Answers: 1;D Defaults: 2","9,1,1,2","0.097673550799999995","false","998.8751169563335","998.8751169563335","6","0.55","0","998.74200728633048","0.13310967000302298","false"
"Specification-AllCostsSunkModerateRiskAversion__Cost-0.25__Fee-British","1","39","1","D","8","15","D Offer","D Liability Signal: 9;P Files: 1;D Answers: 1;D Defaults: 2","9,1,1,2","0.097673550799999995","false","998.8751169563335","998.8751169563335","7","0.65","0","998.72765279156499","0.14746416476850754","false"
"Specification-AllCostsSunkModerateRiskAversion__Cost-0.25__Fee-British","1","39","1","D","8","15","D Offer","D Liability Signal: 9;P Files: 1;D Answers: 1;D Defaults: 2","9,1,1,2","0.097673550799999995","false","998.8751169563335","998.8751169563335","8","0.75","0","998.7117838325704","0.1633331237630955","false"
"Specification-AllCostsSunkModerateRiskAversion__Cost-0.25__Fee-British","1","39","1","D","8","15","D Offer","D Liability Signal: 9;P Files: 1;D Answers: 1;D Defaults: 2","9,1,1,2","0.097673550799999995","false","998.8751169563335","998.8751169563335","9","0.85","0","998.69424828069009","0.18086867564340992","false"
"Specification-AllCostsSunkModerateRiskAversion__Cost-0.25__Fee-British","1","39","1","D","8","15","D Offer","D Liability Signal: 9;P Files: 1;D Answers: 1;D Defaults: 2","9,1,1,2","0.097673550799999995","false","998.8751169563335","998.8751169563335","10","0.95","1","998.8751169563335","0","true"
"Specification-AllCostsSunkModerateRiskAversion__Cost-0.25__Fee-British","1","40","1","D","3","10","D Answers","D Liability Signal: 10;P Files: 1","10,1","0.080447596799999993","false","998.84004808579186","998.84004808579186","1","Yes","1","998.84004808579186","0","true"
"Specification-AllCostsSunkModerateRiskAversion__Cost-0.25__Fee-British","1","40","1","D","3","10","D Answers","D Liability Signal: 10;P Files: 1","10,1","0.080447596799999993","false","998.84004808579186","998.84004808579186","2","No","0","998.80796765080004","0.032080434991826223","false"
"Specification-AllCostsSunkModerateRiskAversion__Cost-0.25__Fee-British","1","41","1","D","6","21","D Defaults","D Liability Signal: 10;P Files: 1;D Answers: 1","10,1,1","0.080447596799999993","false","998.84004808579186","998.84004808579186","1","Yes","0","998.70030348326247","0.13974460252939025","false"
"Specification-AllCostsSunkModerateRiskAversion__Cost-0.25__Fee-British","1","41","1","D","6","21","D Defaults","D Liability Signal: 10;P Files: 1;D Answers: 1","10,1,1","0.080447596799999993","false","998.84004808579186","998.84004808579186","2","No","1","998.84004808579186","0","true"
"Specification-AllCostsSunkModerateRiskAversion__Cost-0.25__Fee-British","1","42","1","D","8","15","D Offer","D Liability Signal: 10;P Files: 1;D Answers: 1;D Defaults: 1","10,1,1,1","0","true","","","1","0.05","0.10000000000000001","","",""
"Specification-AllCostsSunkModerateRiskAversion__Cost-0.25__Fee-British","1","42","1","D","8","15","D Offer","D Liability Signal: 10;P Files: 1;D Answers: 1;D Defaults: 1","10,1,1,1","0","true","","","2","0.15","0.10000000000000001","","",""
"Specification-AllCostsSunkModerateRiskAversion__Cost-0.25__Fee-British","1","42","1","D","8","15","D Offer","D Liability Signal: 10;P Files: 1;D Answers: 1;D Defaults: 1","10,1,1,1","0","true","","","3","0.25","0.10000000000000001","","",""
"Specification-AllCostsSunkModerateRiskAversion__Cost-0.25__Fee-British","1","42","1","D","8","15","D Offer","D Liability Signal: 10;P Files: 1;D Answers: 1;D Defaults: 1","10,1,1,1","0","true","","","4","0.35","0.10000000000000001","","",""
"Specification-AllCostsSunkModerateRiskAversion__Cost-0.25__Fee-British","1","42","1","D","8","15","D Offer","D Liability Signal: 10;P Files: 1;D Answers: 1;D Defaults: 1","10,1,1,1","0","true","","","5","0.45","0.10000000000000001","","",""
"Specification-AllCostsSunkModerateRiskAversion__Cost-0.25__Fee-British","1","42","1","D","8","15","D Offer","D Liability Signal: 10;P Files: 1;D Answers: 1;D Defaults: 1","10,1,1,1","0","true","","","6","0.55","0.10000000000000001","","",""
"Specification-AllCostsSunkModerateRiskAversion__Cost-0.25__Fee-British","1","42","1","D","8","15","D Offer","D Liability Signal: 10;P Files: 1;D Answers: 1;D Defaults: 1","10,1,1,1","0","true","","","7","0.65","0.10000000000000001","","",""
"Specification-AllCostsSunkModerateRiskAversion__Cost-0.25__Fee-British","1","42","1","D","8","15","D Offer","D Liability Signal: 10;P Files: 1;D Answers: 1;D Defaults: 1","10,1,1,1","0","true","","","8","0.75","0.10000000000000001","","",""
"Specification-AllCostsSunkModerateRiskAversion__Cost-0.25__Fee-British","1","42","1","D","8","15","D Offer","D Liability Signal: 10;P Files: 1;D Answers: 1;D Defaults: 1","10,1,1,1","0","true","","","9","0.85","0.10000000000000001","","",""
"Specification-AllCostsSunkModerateRiskAversion__Cost-0.25__Fee-British","1","42","1","D","8","15","D Offer","D Liability Signal: 10;P Files: 1;D Answers: 1;D Defaults: 1","10,1,1,1","0","true","","","10","0.95","0.10000000000000001","","",""
"Specification-AllCostsSunkModerateRiskAversion__Cost-0.25__Fee-British","1","43","1","D","8","15","D Offer","D Liability Signal: 10;P Files: 1;D Answers: 1;D Defaults: 2","10,1,1,2","0.080447596799999993","false","998.84004808579186","998.84004808579186","1","0.05","0","998.48666338660189","0.35338469918997362","false"
"Specification-AllCostsSunkModerateRiskAversion__Cost-0.25__Fee-British","1","43","1","D","8","15","D Offer","D Liability Signal: 10;P Files: 1;D Answers: 1;D Defaults: 2","10,1,1,2","0.080447596799999993","false","998.84004808579186","998.84004808579186","2","0.15","0","998.48651883406455","0.3535292517273092","false"
"Specification-AllCostsSunkModerateRiskAversion__Cost-0.25__Fee-British","1","43","1","D","8","15","D Offer","D Liability Signal: 10;P Files: 1;D Answers: 1;D Defaults: 2","10,1,1,2","0.080447596799999993","false","998.84004808579186","998.84004808579186","3","0.25","0","998.4863590558158","0.3536890299760671","false"
"Specification-AllCostsSunkModerateRiskAversion__Cost-0.25__Fee-British","1","43","1","D","8","15","D Offer","D Liability Signal: 10;P Files: 1;D Answers: 1;D Defaults: 2","10,1,1,2","0.080447596799999993","false","998.84004808579186","998.84004808579186","4","0.35","0","998.48618249259607","0.35386559319579192","false"
"Specification-AllCostsSunkModerateRiskAversion__Cost-0.25__Fee-British","1","43","1","D","8","15","D Offer","D Liability Signal: 10;P Files: 1;D Answers: 1;D Defaults: 2","10,1,1,2","0.080447596799999993","false","998.84004808579186","998.84004808579186","5","0.45","0","998.65272006008604","0.18732802570582407","false"
"Specification-AllCostsSunkModerateRiskAversion__Cost-0.25__Fee-British","1","43","1","D","8","15","D Offer","D Liability Signal: 10;P Files: 1;D Answers: 1;D Defaults: 2","10,1,1,2","0.080447596799999993","false","998.84004808579186","998.84004808579186","6","0.55","0","998.64288540340794","0.19716268238391876","false"
"Specification-AllCostsSunkModerateRiskAversion__Cost-0.25__Fee-British","1","43","1","D","8","15","D Offer","D Liability Signal: 10;P Files: 1;D Answers: 1;D Defaults: 2","10,1,1,2","0.080447596799999993","false","998.84004808579186","998.84004808579186","7","0.65","0","998.63201893504606","0.20802915074580142","false"
"Specification-AllCostsSunkModerateRiskAversion__Cost-0.25__Fee-British","1","43","1","D","8","15","D Offer","D Liability Signal: 10;P Files: 1;D Answers: 1;D Defaults: 2","10,1,1,2","0.080447596799999993","false","998.84004808579186","998.84004808579186","8","0.75","0","998.62000593898722","0.22004214680464429","false"
"Specification-AllCostsSunkModerateRiskAversion__Cost-0.25__Fee-British","1","43","1","D","8","15","D Offer","D Liability Signal: 10;P Files: 1;D Answers: 1;D Defaults: 2","10,1,1,2","0.080447596799999993","false","998.84004808579186","998.84004808579186","9","0.85","0","998.60673133233274","0.23331675345912117","false"
"Specification-AllCostsSunkModerateRiskAversion__Cost-0.25__Fee-British","1","43","1","D","8","15","D Offer","D Liability Signal: 10;P Files: 1;D Answers: 1;D Defaults: 2","10,1,1,2","0.080447596799999993","false","998.84004808579186","998.84004808579186","10","0.95","1","998.84004808579186","0","true"
